1094928 execve("/root/.gemini/antigravity-ide/bin/agentapi", ["/root/.gemini/antigravity-ide/bin/agentapi", "get-conversation-metadata", "1165f1f5-4da3-472b-991e-cff101da6b63"], 0x7fffbacc0208 /* 40 vars */) = 0
1094928 brk(NULL)                       = 0x5ec511619000
1094928 mmap(NULL, 8192, PROT_READ|PROT_WRITE, MAP_PRIVATE|MAP_ANONYMOUS, -1, 0) = 0x7c72c36c8000
1094928 access("/etc/ld.so.preload", R_OK) = -1 ENOENT (No such file or directory)
1094928 openat(AT_FDCWD, "/etc/ld.so.cache", O_RDONLY|O_CLOEXEC) = 3
1094928 fstat(3, {st_mode=S_IFREG|0644, st_size=23915, ...}) = 0
1094928 mmap(NULL, 23915, PROT_READ, MAP_PRIVATE, 3, 0) = 0x7c72c36c2000
1094928 close(3)                        = 0
1094928 openat(AT_FDCWD, "/lib/x86_64-linux-gnu/libc.so.6", O_RDONLY|O_CLOEXEC) = 3
1094928 read(3, "\177ELF\2\1\1\3\0\0\0\0\0\0\0\0\3\0>\0\1\0\0\0\220\243\2\0\0\0\0\0@\0\0\0\0\0\0\0\20^ \0\0\0\0\0\0\0\0\0@\08\0\16\0@\0@\0?\0\6\0\0\0\4\0\0\0@\0\0\0\0\0\0\0@\0\0\0\0\0\0\0@\0\0\0\0\0\0\0\20\3\0\0\0\0\0\0\20\3\0\0\0\0\0\0\10\0\0\0\0\0\0\0\3\0\0\0\4\0\0\0\240g\35\0\0\0\0\0\240g\35\0\0\0\0\0\240g\35\0\0\0\0\0\34\0\0\0\0\0\0\0\34\0\0\0\0\0\0\0\20\0\0\0\0\0\0\0\1\0\0\0\4\0\0\0\0\0\0\0\0\0\0\0\0\0\0\0\0\0\0\0\0\0\0\0\0\0\0\0\220s\2\0\0\0\0\0\220s\2\0\0\0\0\0\0\20\0\0\0\0\0\0\1\0\0\0\5\0\0\0\0\200\2\0\0\0\0\0\0\200\2\0\0\0\0\0\0\200\2\0\0\0\0\09}\30\0\0\0\0\09}\30\0\0\0\0\0\0\20\0\0\0\0\0\0\1\0\0\0\4\0\0\0\0\0\33\0\0\0\0\0\0\0\33\0\0\0\0\0\0\0\33\0\0\0\0\0\202\340\4\0\0\0\0\0\202\340\4\0\0\0\0\0\0\20\0\0\0\0\0\0\1\0\0\0\6\0\0\0`\354\37\0\0\0\0\0`\374\37\0\0\0\0\0`\374\37\0\0\0\0\0hJ\0\0\0\0\0\0000!\1\0\0\0\0\0\0\20\0\0\0\0\0\0\2\0\0\0\6\0\0\0@\31 \0\0\0\0\0@) \0\0\0\0\0@) \0\0\0\0\0@\2\0\0\0\0\0\0@\2\0\0\0\0\0\0\10\0\0\0\0\0\0\0\4\0\0\0\4\0\0\0P\3\0\0\0\0\0\0P\3\0\0\0\0\0\0P\3\0\0\0\0\0\0000\0\0\0\0\0\0\0000\0\0\0\0\0\0\0\10\0\0\0\0\0\0\0\4\0\0\0\4\0\0\0\200\3\0\0\0\0\0\0\200\3\0\0\0\0\0\0\200\3\0\0\0\0\0\0D\0\0\0\0\0\0\0D\0\0\0\0\0\0\0\4\0\0\0\0\0\0\0\7\0\0\0\4\0\0\0`\354\37\0\0\0\0\0`\374\37\0\0\0\0\0`\374\37\0\0\0\0\0\20\0\0\0\0\0\0\0\210\0\0\0\0\0\0\0\10\0\0\0\0\0\0\0S\345td\4\0\0\0P\3\0\0\0\0\0\0P\3\0\0\0\0\0\0P\3\0\0\0\0\0\0000\0\0\0\0\0\0\0000\0\0\0\0\0\0\0\10\0\0\0\0\0\0\0P\345td\4\0\0\0\274g\35\0\0\0\0\0\274g\35\0\0\0\0\0\274g\35\0\0\0\0\0lv\0\0\0\0\0\0lv\0\0\0\0\0\0\4\0\0\0\0\0\0\0Q\345td\6\0\0\0\0\0\0\0\0\0\0\0\0\0\0\0\0\0\0\0\0\0\0\0\0\0\0\0\0\0\0\0\0\0\0\0\0\0\0\0\0\0\0\0\20\0\0\0\0\0\0\0R\345td\4\0\0\0`\354\37\0\0\0\0\0`\374\37\0\0\0\0\0`\374\37\0\0\0\0\0\2403\0\0\0\0\0\0", 832) = 832
1094928 pread64(3, "\6\0\0\0\4\0\0\0@\0\0\0\0\0\0\0@\0\0\0\0\0\0\0@\0\0\0\0\0\0\0\20\3\0\0\0\0\0\0\20\3\0\0\0\0\0\0\10\0\0\0\0\0\0\0\3\0\0\0\4\0\0\0\240g\35\0\0\0\0\0\240g\35\0\0\0\0\0\240g\35\0\0\0\0\0\34\0\0\0\0\0\0\0\34\0\0\0\0\0\0\0\20\0\0\0\0\0\0\0\1\0\0\0\4\0\0\0\0\0\0\0\0\0\0\0\0\0\0\0\0\0\0\0\0\0\0\0\0\0\0\0\220s\2\0\0\0\0\0\220s\2\0\0\0\0\0\0\20\0\0\0\0\0\0\1\0\0\0\5\0\0\0\0\200\2\0\0\0\0\0\0\200\2\0\0\0\0\0\0\200\2\0\0\0\0\09}\30\0\0\0\0\09}\30\0\0\0\0\0\0\20\0\0\0\0\0\0\1\0\0\0\4\0\0\0\0\0\33\0\0\0\0\0\0\0\33\0\0\0\0\0\0\0\33\0\0\0\0\0\202\340\4\0\0\0\0\0\202\340\4\0\0\0\0\0\0\20\0\0\0\0\0\0\1\0\0\0\6\0\0\0`\354\37\0\0\0\0\0`\374\37\0\0\0\0\0`\374\37\0\0\0\0\0hJ\0\0\0\0\0\0000!\1\0\0\0\0\0\0\20\0\0\0\0\0\0\2\0\0\0\6\0\0\0@\31 \0\0\0\0\0@) \0\0\0\0\0@) \0\0\0\0\0@\2\0\0\0\0\0\0@\2\0\0\0\0\0\0\10\0\0\0\0\0\0\0\4\0\0\0\4\0\0\0P\3\0\0\0\0\0\0P\3\0\0\0\0\0\0P\3\0\0\0\0\0\0000\0\0\0\0\0\0\0000\0\0\0\0\0\0\0\10\0\0\0\0\0\0\0\4\0\0\0\4\0\0\0\200\3\0\0\0\0\0\0\200\3\0\0\0\0\0\0\200\3\0\0\0\0\0\0D\0\0\0\0\0\0\0D\0\0\0\0\0\0\0\4\0\0\0\0\0\0\0\7\0\0\0\4\0\0\0`\354\37\0\0\0\0\0`\374\37\0\0\0\0\0`\374\37\0\0\0\0\0\20\0\0\0\0\0\0\0\210\0\0\0\0\0\0\0\10\0\0\0\0\0\0\0S\345td\4\0\0\0P\3\0\0\0\0\0\0P\3\0\0\0\0\0\0P\3\0\0\0\0\0\0000\0\0\0\0\0\0\0000\0\0\0\0\0\0\0\10\0\0\0\0\0\0\0P\345td\4\0\0\0\274g\35\0\0\0\0\0\274g\35\0\0\0\0\0\274g\35\0\0\0\0\0lv\0\0\0\0\0\0lv\0\0\0\0\0\0\4\0\0\0\0\0\0\0Q\345td\6\0\0\0\0\0\0\0\0\0\0\0\0\0\0\0\0\0\0\0\0\0\0\0\0\0\0\0\0\0\0\0\0\0\0\0\0\0\0\0\0\0\0\0\20\0\0\0\0\0\0\0R\345td\4\0\0\0`\354\37\0\0\0\0\0`\374\37\0\0\0\0\0`\374\37\0\0\0\0\0\2403\0\0\0\0\0\0\2403\0\0\0\0\0\0\1\0\0\0\0\0\0\0", 784, 64) = 784
1094928 fstat(3, {st_mode=S_IFREG|0755, st_size=2125328, ...}) = 0
1094928 pread64(3, "\6\0\0\0\4\0\0\0@\0\0\0\0\0\0\0@\0\0\0\0\0\0\0@\0\0\0\0\0\0\0\20\3\0\0\0\0\0\0\20\3\0\0\0\0\0\0\10\0\0\0\0\0\0\0\3\0\0\0\4\0\0\0\240g\35\0\0\0\0\0\240g\35\0\0\0\0\0\240g\35\0\0\0\0\0\34\0\0\0\0\0\0\0\34\0\0\0\0\0\0\0\20\0\0\0\0\0\0\0\1\0\0\0\4\0\0\0\0\0\0\0\0\0\0\0\0\0\0\0\0\0\0\0\0\0\0\0\0\0\0\0\220s\2\0\0\0\0\0\220s\2\0\0\0\0\0\0\20\0\0\0\0\0\0\1\0\0\0\5\0\0\0\0\200\2\0\0\0\0\0\0\200\2\0\0\0\0\0\0\200\2\0\0\0\0\09}\30\0\0\0\0\09}\30\0\0\0\0\0\0\20\0\0\0\0\0\0\1\0\0\0\4\0\0\0\0\0\33\0\0\0\0\0\0\0\33\0\0\0\0\0\0\0\33\0\0\0\0\0\202\340\4\0\0\0\0\0\202\340\4\0\0\0\0\0\0\20\0\0\0\0\0\0\1\0\0\0\6\0\0\0`\354\37\0\0\0\0\0`\374\37\0\0\0\0\0`\374\37\0\0\0\0\0hJ\0\0\0\0\0\0000!\1\0\0\0\0\0\0\20\0\0\0\0\0\0\2\0\0\0\6\0\0\0@\31 \0\0\0\0\0@) \0\0\0\0\0@) \0\0\0\0\0@\2\0\0\0\0\0\0@\2\0\0\0\0\0\0\10\0\0\0\0\0\0\0\4\0\0\0\4\0\0\0P\3\0\0\0\0\0\0P\3\0\0\0\0\0\0P\3\0\0\0\0\0\0000\0\0\0\0\0\0\0000\0\0\0\0\0\0\0\10\0\0\0\0\0\0\0\4\0\0\0\4\0\0\0\200\3\0\0\0\0\0\0\200\3\0\0\0\0\0\0\200\3\0\0\0\0\0\0D\0\0\0\0\0\0\0D\0\0\0\0\0\0\0\4\0\0\0\0\0\0\0\7\0\0\0\4\0\0\0`\354\37\0\0\0\0\0`\374\37\0\0\0\0\0`\374\37\0\0\0\0\0\20\0\0\0\0\0\0\0\210\0\0\0\0\0\0\0\10\0\0\0\0\0\0\0S\345td\4\0\0\0P\3\0\0\0\0\0\0P\3\0\0\0\0\0\0P\3\0\0\0\0\0\0000\0\0\0\0\0\0\0000\0\0\0\0\0\0\0\10\0\0\0\0\0\0\0P\345td\4\0\0\0\274g\35\0\0\0\0\0\274g\35\0\0\0\0\0\274g\35\0\0\0\0\0lv\0\0\0\0\0\0lv\0\0\0\0\0\0\4\0\0\0\0\0\0\0Q\345td\6\0\0\0\0\0\0\0\0\0\0\0\0\0\0\0\0\0\0\0\0\0\0\0\0\0\0\0\0\0\0\0\0\0\0\0\0\0\0\0\0\0\0\0\20\0\0\0\0\0\0\0R\345td\4\0\0\0`\354\37\0\0\0\0\0`\374\37\0\0\0\0\0`\374\37\0\0\0\0\0\2403\0\0\0\0\0\0\2403\0\0\0\0\0\0\1\0\0\0\0\0\0\0", 784, 64) = 784
1094928 mmap(NULL, 2170256, PROT_READ, MAP_PRIVATE|MAP_DENYWRITE, 3, 0) = 0x7c72c3400000
1094928 mmap(0x7c72c3428000, 1605632, PROT_READ|PROT_EXEC, MAP_PRIVATE|MAP_FIXED|MAP_DENYWRITE, 3, 0x28000) = 0x7c72c3428000
1094928 mmap(0x7c72c35b0000, 323584, PROT_READ, MAP_PRIVATE|MAP_FIXED|MAP_DENYWRITE, 3, 0x1b0000) = 0x7c72c35b0000
1094928 mmap(0x7c72c35ff000, 24576, PROT_READ|PROT_WRITE, MAP_PRIVATE|MAP_FIXED|MAP_DENYWRITE, 3, 0x1fe000) = 0x7c72c35ff000
1094928 mmap(0x7c72c3605000, 52624, PROT_READ|PROT_WRITE, MAP_PRIVATE|MAP_FIXED|MAP_ANONYMOUS, -1, 0) = 0x7c72c3605000
1094928 close(3)                        = 0
1094928 mmap(NULL, 12288, PROT_READ|PROT_WRITE, MAP_PRIVATE|MAP_ANONYMOUS, -1, 0) = 0x7c72c36bf000
1094928 arch_prctl(ARCH_SET_FS, 0x7c72c36bf740) = 0
1094928 set_tid_address(0x7c72c36bfa10) = 1094928
1094928 set_robust_list(0x7c72c36bfa20, 24) = 0
1094928 rseq(0x7c72c36c0060, 0x20, 0, 0x53053053) = 0
1094928 mprotect(0x7c72c35ff000, 16384, PROT_READ) = 0
1094928 mprotect(0x5ec4fc61a000, 8192, PROT_READ) = 0
1094928 mprotect(0x7c72c3700000, 8192, PROT_READ) = 0
1094928 prlimit64(0, RLIMIT_STACK, NULL, {rlim_cur=8192*1024, rlim_max=RLIM64_INFINITY}) = 0
1094928 munmap(0x7c72c36c2000, 23915)   = 0
1094928 getuid()                        = 0
1094928 getgid()                        = 0
1094928 getpid()                        = 1094928
1094928 rt_sigaction(SIGCHLD, {sa_handler=0x5ec4fc60fcd0, sa_mask=~[RTMIN RT_1], sa_flags=SA_RESTORER, sa_restorer=0x7c72c3445330}, NULL, 8) = 0
1094928 geteuid()                       = 0
1094928 getrandom("\x95\xc7\xcd\xc5\xdd\x4b\x9b\x41", 8, GRND_NONBLOCK) = 8
1094928 brk(NULL)                       = 0x5ec511619000
1094928 brk(0x5ec51163a000)             = 0x5ec51163a000
1094928 getppid()                       = 1094925
1094928 newfstatat(AT_FDCWD, "/root/botero-trade", {st_mode=S_IFDIR|0755, st_size=4096, ...}, 0) = 0
1094928 newfstatat(AT_FDCWD, ".", {st_mode=S_IFDIR|0755, st_size=4096, ...}, 0) = 0
1094928 openat(AT_FDCWD, "/root/.gemini/antigravity-ide/bin/agentapi", O_RDONLY) = 3
1094928 fcntl(3, F_DUPFD, 10)           = 10
1094928 close(3)                        = 0
1094928 fcntl(10, F_SETFD, FD_CLOEXEC)  = 0
1094928 geteuid()                       = 0
1094928 getegid()                       = 0
1094928 rt_sigaction(SIGINT, NULL, {sa_handler=SIG_DFL, sa_mask=[], sa_flags=0}, 8) = 0
1094928 rt_sigaction(SIGINT, {sa_handler=0x5ec4fc60fcd0, sa_mask=~[RTMIN RT_1], sa_flags=SA_RESTORER, sa_restorer=0x7c72c3445330}, NULL, 8) = 0
1094928 rt_sigaction(SIGQUIT, NULL, {sa_handler=SIG_DFL, sa_mask=[], sa_flags=0}, 8) = 0
1094928 rt_sigaction(SIGQUIT, {sa_handler=SIG_DFL, sa_mask=~[RTMIN RT_1], sa_flags=SA_RESTORER, sa_restorer=0x7c72c3445330}, NULL, 8) = 0
1094928 rt_sigaction(SIGTERM, NULL, {sa_handler=SIG_DFL, sa_mask=[], sa_flags=0}, 8) = 0
1094928 rt_sigaction(SIGTERM, {sa_handler=SIG_DFL, sa_mask=~[RTMIN RT_1], sa_flags=SA_RESTORER, sa_restorer=0x7c72c3445330}, NULL, 8) = 0
1094928 read(10, "#!/bin/sh\nexec \"/root/.antigravity-ide-server/bin/2.0.1-bf9a033f33934fb4496d7eebed52486272437c3a/extensions/antigravity/bin/language_server_linux_x64\" agentapi \"$@\"\n", 8192) = 165
1094928 execve("/root/.antigravity-ide-server/bin/2.0.1-bf9a033f33934fb4496d7eebed52486272437c3a/extensions/antigravity/bin/language_server_linux_x64", ["/root/.antigravity-ide-server/bin/2.0.1-bf9a033f33934fb4496d7eebed52486272437c3a/extensions/antigravity/bin/language_server_linux_x64", "agentapi", "get-conversation-metadata", "1165f1f5-4da3-472b-991e-cff101da6b63"], 0x5ec511619ca8 /* 40 vars */) = 0
1094928 brk(NULL)                       = 0x6041179b4000
1094928 mmap(NULL, 8192, PROT_READ|PROT_WRITE, MAP_PRIVATE|MAP_ANONYMOUS, -1, 0) = 0x7c433dfcd000
1094928 access("/etc/ld.so.preload", R_OK) = -1 ENOENT (No such file or directory)
1094928 openat(AT_FDCWD, "/etc/ld.so.cache", O_RDONLY|O_CLOEXEC) = 3
1094928 fstat(3, {st_mode=S_IFREG|0644, st_size=23915, ...}) = 0
1094928 mmap(NULL, 23915, PROT_READ, MAP_PRIVATE, 3, 0) = 0x7c433dfc7000
1094928 close(3)                        = 0
1094928 openat(AT_FDCWD, "/lib/x86_64-linux-gnu/libresolv.so.2", O_RDONLY|O_CLOEXEC) = 3
1094928 read(3, "\177ELF\2\1\1\0\0\0\0\0\0\0\0\0\3\0>\0\1\0\0\0\0\0\0\0\0\0\0\0@\0\0\0\0\0\0\0\10\2\1\0\0\0\0\0\0\0\0\0@\08\0\v\0@\0 \0\37\0\1\0\0\0\4\0\0\0\0\0\0\0\0\0\0\0\0\0\0\0\0\0\0\0\0\0\0\0\0\0\0\0\30)\0\0\0\0\0\0\30)\0\0\0\0\0\0\0\20\0\0\0\0\0\0\1\0\0\0\5\0\0\0\0000\0\0\0\0\0\0\0000\0\0\0\0\0\0\0000\0\0\0\0\0\0\211\223\0\0\0\0\0\0\211\223\0\0\0\0\0\0\0\20\0\0\0\0\0\0\1\0\0\0\4\0\0\0\0\320\0\0\0\0\0\0\0\320\0\0\0\0\0\0\0\320\0\0\0\0\0\0\314\32\0\0\0\0\0\0\314\32\0\0\0\0\0\0\0\20\0\0\0\0\0\0\1\0\0\0\6\0\0\0\320\363\0\0\0\0\0\0\320\363\0\0\0\0\0\0\320\363\0\0\0\0\0\0\320\f\0\0\0\0\0\0\2704\0\0\0\0\0\0\0\20\0\0\0\0\0\0\2\0\0\0\6\0\0\0h\373\0\0\0\0\0\0h\373\0\0\0\0\0\0h\373\0\0\0\0\0\0\200\2\0\0\0\0\0\0\200\2\0\0\0\0\0\0\10\0\0\0\0\0\0\0\4\0\0\0\4\0\0\0\250\2\0\0\0\0\0\0\250\2\0\0\0\0\0\0\250\2\0\0\0\0\0\0000\0\0\0\0\0\0\0000\0\0\0\0\0\0\0\10\0\0\0\0\0\0\0\4\0\0\0\4\0\0\0\330\2\0\0\0\0\0\0\330\2\0\0\0\0\0\0\330\2\0\0\0\0\0\0D\0\0\0\0\0\0\0D\0\0\0\0\0\0\0\4\0\0\0\0\0\0\0S\345td\4\0\0\0\250\2\0\0\0\0\0\0\250\2\0\0\0\0\0\0\250\2\0\0\0\0\0\0000\0\0\0\0\0\0\0000\0\0\0\0\0\0\0\10\0\0\0\0\0\0\0P\345td\4\0\0\0(\334\0\0\0\0\0\0(\334\0\0\0\0\0\0(\334\0\0\0\0\0\0\214\2\0\0\0\0\0\0\214\2\0\0\0\0\0\0\4\0\0\0\0\0\0\0Q\345td\6\0\0\0\0\0\0\0\0\0\0\0\0\0\0\0\0\0\0\0\0\0\0\0\0\0\0\0\0\0\0\0\0\0\0\0\0\0\0\0\0\0\0\0\20\0\0\0\0\0\0\0R\345td\4\0\0\0\320\363\0\0\0\0\0\0\320\363\0\0\0\0\0\0\320\363\0\0\0\0\0\0000\f\0\0\0\0\0\0000\f\0\0\0\0\0\0\1\0\0\0\0\0\0\0\4\0\0\0 \0\0\0\5\0\0\0GNU\0\2\0\0\300\4\0\0\0\3\0\0\0\0\0\0\0\2\200\0\300\4\0\0\0\1\0\0\0\0\0\0\0\4\0\0\0\24\0\0\0\3\0\0\0GNU\0\22\370\1\213\347\"\345\244\356/\221\2470~\324'\3658\307\25\4\0\0\0\20\0\0\0\1\0\0\0GNU\0\0\0\0\0\3\0\0\0\2\0\0\0\0\0\0\0\0\0\0\0\3\1\0\0\211\0\0\0\0\0\0\0\0\0\0\0\0\0\0\0\0\0\0\0\1\0\0\0\0\0\0\0", 832) = 832
1094928 fstat(3, {st_mode=S_IFREG|0644, st_size=68104, ...}) = 0
1094928 mmap(NULL, 75912, PROT_READ, MAP_PRIVATE|MAP_DENYWRITE, 3, 0) = 0x7c433dfb4000
1094928 mmap(0x7c433dfb7000, 40960, PROT_READ|PROT_EXEC, MAP_PRIVATE|MAP_FIXED|MAP_DENYWRITE, 3, 0x3000) = 0x7c433dfb7000
1094928 mmap(0x7c433dfc1000, 8192, PROT_READ, MAP_PRIVATE|MAP_FIXED|MAP_DENYWRITE, 3, 0xd000) = 0x7c433dfc1000
1094928 mmap(0x7c433dfc3000, 8192, PROT_READ|PROT_WRITE, MAP_PRIVATE|MAP_FIXED|MAP_DENYWRITE, 3, 0xf000) = 0x7c433dfc3000
1094928 mmap(0x7c433dfc5000, 6280, PROT_READ|PROT_WRITE, MAP_PRIVATE|MAP_FIXED|MAP_ANONYMOUS, -1, 0) = 0x7c433dfc5000
1094928 close(3)                        = 0
1094928 openat(AT_FDCWD, "/lib/x86_64-linux-gnu/libpthread.so.0", O_RDONLY|O_CLOEXEC) = 3
1094928 read(3, "\177ELF\2\1\1\0\0\0\0\0\0\0\0\0\3\0>\0\1\0\0\0\0\0\0\0\0\0\0\0@\0\0\0\0\0\0\0H1\0\0\0\0\0\0\0\0\0\0@\08\0\v\0@\0\34\0\33\0\1\0\0\0\4\0\0\0\0\0\0\0\0\0\0\0\0\0\0\0\0\0\0\0\0\0\0\0\0\0\0\0\240\v\0\0\0\0\0\0\240\v\0\0\0\0\0\0\0\20\0\0\0\0\0\0\1\0\0\0\5\0\0\0\0\20\0\0\0\0\0\0\0\20\0\0\0\0\0\0\0\20\0\0\0\0\0\0\25\1\0\0\0\0\0\0\25\1\0\0\0\0\0\0\0\20\0\0\0\0\0\0\1\0\0\0\4\0\0\0\0 \0\0\0\0\0\0\0 \0\0\0\0\0\0\0 \0\0\0\0\0\0\230\0\0\0\0\0\0\0\230\0\0\0\0\0\0\0\0\20\0\0\0\0\0\0\1\0\0\0\6\0\0\0\230-\0\0\0\0\0\0\230=\0\0\0\0\0\0\230=\0\0\0\0\0\0p\2\0\0\0\0\0\0x\2\0\0\0\0\0\0\0\20\0\0\0\0\0\0\2\0\0\0\6\0\0\0\250-\0\0\0\0\0\0\250=\0\0\0\0\0\0\250=\0\0\0\0\0\0 \2\0\0\0\0\0\0 \2\0\0\0\0\0\0\10\0\0\0\0\0\0\0\4\0\0\0\4\0\0\0\250\2\0\0\0\0\0\0\250\2\0\0\0\0\0\0\250\2\0\0\0\0\0\0000\0\0\0\0\0\0\0000\0\0\0\0\0\0\0\10\0\0\0\0\0\0\0\4\0\0\0\4\0\0\0\330\2\0\0\0\0\0\0\330\2\0\0\0\0\0\0\330\2\0\0\0\0\0\0D\0\0\0\0\0\0\0D\0\0\0\0\0\0\0\4\0\0\0\0\0\0\0S\345td\4\0\0\0\250\2\0\0\0\0\0\0\250\2\0\0\0\0\0\0\250\2\0\0\0\0\0\0000\0\0\0\0\0\0\0000\0\0\0\0\0\0\0\10\0\0\0\0\0\0\0P\345td\4\0\0\0\0 \0\0\0\0\0\0\0 \0\0\0\0\0\0\0 \0\0\0\0\0\0$\0\0\0\0\0\0\0$\0\0\0\0\0\0\0\4\0\0\0\0\0\0\0Q\345td\6\0\0\0\0\0\0\0\0\0\0\0\0\0\0\0\0\0\0\0\0\0\0\0\0\0\0\0\0\0\0\0\0\0\0\0\0\0\0\0\0\0\0\0\20\0\0\0\0\0\0\0R\345td\4\0\0\0\230-\0\0\0\0\0\0\230=\0\0\0\0\0\0\230=\0\0\0\0\0\0h\2\0\0\0\0\0\0h\2\0\0\0\0\0\0\1\0\0\0\0\0\0\0\4\0\0\0 \0\0\0\5\0\0\0GNU\0\2\0\0\300\4\0\0\0\3\0\0\0\0\0\0\0\2\200\0\300\4\0\0\0\1\0\0\0\0\0\0\0\4\0\0\0\24\0\0\0\3\0\0\0GNU\0\276\21\200\353\241\v\375\361X\344\t\2728$\270\201\365S\223K\4\0\0\0\20\0\0\0\1\0\0\0GNU\0\0\0\0\0\3\0\0\0\2\0\0\0\0\0\0\0\0\0\0\0\35\0\0\0\35\0\0\0\0\0\0\0\0\0\0\0\34\0\0\0\2\0\0\0\5\0\0\0\0\0\0\0", 832) = 832
1094928 fstat(3, {st_mode=S_IFREG|0644, st_size=14408, ...}) = 0
1094928 mmap(NULL, 16400, PROT_READ, MAP_PRIVATE|MAP_DENYWRITE, 3, 0) = 0x7c433dfaf000
1094928 mmap(0x7c433dfb0000, 4096, PROT_READ|PROT_EXEC, MAP_PRIVATE|MAP_FIXED|MAP_DENYWRITE, 3, 0x1000) = 0x7c433dfb0000
1094928 mmap(0x7c433dfb1000, 4096, PROT_READ, MAP_PRIVATE|MAP_FIXED|MAP_DENYWRITE, 3, 0x2000) = 0x7c433dfb1000
1094928 mmap(0x7c433dfb2000, 8192, PROT_READ|PROT_WRITE, MAP_PRIVATE|MAP_FIXED|MAP_DENYWRITE, 3, 0x2000) = 0x7c433dfb2000
1094928 close(3)                        = 0
1094928 openat(AT_FDCWD, "/lib/x86_64-linux-gnu/libm.so.6", O_RDONLY|O_CLOEXEC) = 3
1094928 read(3, "\177ELF\2\1\1\3\0\0\0\0\0\0\0\0\3\0>\0\1\0\0\0\0\0\0\0\0\0\0\0@\0\0\0\0\0\0\0h\201\16\0\0\0\0\0\0\0\0\0@\08\0\v\0@\0\37\0\36\0\1\0\0\0\4\0\0\0\0\0\0\0\0\0\0\0\0\0\0\0\0\0\0\0\0\0\0\0\0\0\0\0\350\366\0\0\0\0\0\0\350\366\0\0\0\0\0\0\0\20\0\0\0\0\0\0\1\0\0\0\5\0\0\0\0\0\1\0\0\0\0\0\0\0\1\0\0\0\0\0\0\0\1\0\0\0\0\0\265\343\7\0\0\0\0\0\265\343\7\0\0\0\0\0\0\20\0\0\0\0\0\0\1\0\0\0\4\0\0\0\0\360\10\0\0\0\0\0\0\360\10\0\0\0\0\0\0\360\10\0\0\0\0\0P\177\5\0\0\0\0\0P\177\5\0\0\0\0\0\0\20\0\0\0\0\0\0\1\0\0\0\6\0\0\0\0|\16\0\0\0\0\0\0|\16\0\0\0\0\0\0|\16\0\0\0\0\0\f\4\0\0\0\0\0\0\30\4\0\0\0\0\0\0\0\20\0\0\0\0\0\0\2\0\0\0\6\0\0\0\20|\16\0\0\0\0\0\20|\16\0\0\0\0\0\20|\16\0\0\0\0\0\220\2\0\0\0\0\0\0\220\2\0\0\0\0\0\0\10\0\0\0\0\0\0\0\4\0\0\0\4\0\0\0\250\2\0\0\0\0\0\0\250\2\0\0\0\0\0\0\250\2\0\0\0\0\0\0000\0\0\0\0\0\0\0000\0\0\0\0\0\0\0\10\0\0\0\0\0\0\0\4\0\0\0\4\0\0\0\330\2\0\0\0\0\0\0\330\2\0\0\0\0\0\0\330\2\0\0\0\0\0\0D\0\0\0\0\0\0\0D\0\0\0\0\0\0\0\4\0\0\0\0\0\0\0S\345td\4\0\0\0\250\2\0\0\0\0\0\0\250\2\0\0\0\0\0\0\250\2\0\0\0\0\0\0000\0\0\0\0\0\0\0000\0\0\0\0\0\0\0\10\0\0\0\0\0\0\0P\345td\4\0\0\0\240\322\r\0\0\0\0\0\240\322\r\0\0\0\0\0\240\322\r\0\0\0\0\0|\33\0\0\0\0\0\0|\33\0\0\0\0\0\0\4\0\0\0\0\0\0\0Q\345td\6\0\0\0\0\0\0\0\0\0\0\0\0\0\0\0\0\0\0\0\0\0\0\0\0\0\0\0\0\0\0\0\0\0\0\0\0\0\0\0\0\0\0\0\20\0\0\0\0\0\0\0R\345td\4\0\0\0\0|\16\0\0\0\0\0\0|\16\0\0\0\0\0\0|\16\0\0\0\0\0\0\4\0\0\0\0\0\0\0\4\0\0\0\0\0\0\1\0\0\0\0\0\0\0\4\0\0\0 \0\0\0\5\0\0\0GNU\0\2\0\0\300\4\0\0\0\3\0\0\0\0\0\0\0\2\200\0\300\4\0\0\0\1\0\0\0\0\0\0\0\4\0\0\0\24\0\0\0\3\0\0\0GNU\0\5\3132\7\1g\230C\262\205:\317[b\332\243\6\352\223\17\4\0\0\0\20\0\0\0\1\0\0\0GNU\0\0\0\0\0\3\0\0\0\2\0\0\0\0\0\0\0\0\0\0\0\347\3\0\0\301\4\0\0\261\4\0\0\264\2\0\0k\1\0\0\214\4\0\0\0\0\0\0e\3\0\0", 832) = 832
1094928 fstat(3, {st_mode=S_IFREG|0644, st_size=952616, ...}) = 0
1094928 mmap(NULL, 950296, PROT_READ, MAP_PRIVATE|MAP_DENYWRITE, 3, 0) = 0x7c433dec6000
1094928 mmap(0x7c433ded6000, 520192, PROT_READ|PROT_EXEC, MAP_PRIVATE|MAP_FIXED|MAP_DENYWRITE, 3, 0x10000) = 0x7c433ded6000
1094928 mmap(0x7c433df55000, 360448, PROT_READ, MAP_PRIVATE|MAP_FIXED|MAP_DENYWRITE, 3, 0x8f000) = 0x7c433df55000
1094928 mmap(0x7c433dfad000, 8192, PROT_READ|PROT_WRITE, MAP_PRIVATE|MAP_FIXED|MAP_DENYWRITE, 3, 0xe7000) = 0x7c433dfad000
1094928 close(3)                        = 0
1094928 openat(AT_FDCWD, "/lib/x86_64-linux-gnu/libdl.so.2", O_RDONLY|O_CLOEXEC) = 3
1094928 read(3, "\177ELF\2\1\1\0\0\0\0\0\0\0\0\0\3\0>\0\1\0\0\0\0\0\0\0\0\0\0\0@\0\0\0\0\0\0\0H1\0\0\0\0\0\0\0\0\0\0@\08\0\v\0@\0\34\0\33\0\1\0\0\0\4\0\0\0\0\0\0\0\0\0\0\0\0\0\0\0\0\0\0\0\0\0\0\0\0\0\0\0\0\7\0\0\0\0\0\0\0\7\0\0\0\0\0\0\0\20\0\0\0\0\0\0\1\0\0\0\5\0\0\0\0\20\0\0\0\0\0\0\0\20\0\0\0\0\0\0\0\20\0\0\0\0\0\0\25\1\0\0\0\0\0\0\25\1\0\0\0\0\0\0\0\20\0\0\0\0\0\0\1\0\0\0\4\0\0\0\0 \0\0\0\0\0\0\0 \0\0\0\0\0\0\0 \0\0\0\0\0\0\230\0\0\0\0\0\0\0\230\0\0\0\0\0\0\0\0\20\0\0\0\0\0\0\1\0\0\0\6\0\0\0\230-\0\0\0\0\0\0\230=\0\0\0\0\0\0\230=\0\0\0\0\0\0p\2\0\0\0\0\0\0x\2\0\0\0\0\0\0\0\20\0\0\0\0\0\0\2\0\0\0\6\0\0\0\250-\0\0\0\0\0\0\250=\0\0\0\0\0\0\250=\0\0\0\0\0\0 \2\0\0\0\0\0\0 \2\0\0\0\0\0\0\10\0\0\0\0\0\0\0\4\0\0\0\4\0\0\0\250\2\0\0\0\0\0\0\250\2\0\0\0\0\0\0\250\2\0\0\0\0\0\0000\0\0\0\0\0\0\0000\0\0\0\0\0\0\0\10\0\0\0\0\0\0\0\4\0\0\0\4\0\0\0\330\2\0\0\0\0\0\0\330\2\0\0\0\0\0\0\330\2\0\0\0\0\0\0D\0\0\0\0\0\0\0D\0\0\0\0\0\0\0\4\0\0\0\0\0\0\0S\345td\4\0\0\0\250\2\0\0\0\0\0\0\250\2\0\0\0\0\0\0\250\2\0\0\0\0\0\0000\0\0\0\0\0\0\0000\0\0\0\0\0\0\0\10\0\0\0\0\0\0\0P\345td\4\0\0\0\0 \0\0\0\0\0\0\0 \0\0\0\0\0\0\0 \0\0\0\0\0\0$\0\0\0\0\0\0\0$\0\0\0\0\0\0\0\4\0\0\0\0\0\0\0Q\345td\6\0\0\0\0\0\0\0\0\0\0\0\0\0\0\0\0\0\0\0\0\0\0\0\0\0\0\0\0\0\0\0\0\0\0\0\0\0\0\0\0\0\0\0\20\0\0\0\0\0\0\0R\345td\4\0\0\0\230-\0\0\0\0\0\0\230=\0\0\0\0\0\0\230=\0\0\0\0\0\0h\2\0\0\0\0\0\0h\2\0\0\0\0\0\0\1\0\0\0\0\0\0\0\4\0\0\0 \0\0\0\5\0\0\0GNU\0\2\0\0\300\4\0\0\0\3\0\0\0\0\0\0\0\2\200\0\300\4\0\0\0\1\0\0\0\0\0\0\0\4\0\0\0\24\0\0\0\3\0\0\0GNU\0\33>\35\270\255F9[=A\37\271@\242\234\333R\323\230B\4\0\0\0\20\0\0\0\1\0\0\0GNU\0\0\0\0\0\3\0\0\0\2\0\0\0\0\0\0\0\0\0\0\0\21\0\0\0\v\0\0\0\6\0\0\0\4\0\0\0\n\0\0\0\3\0\0\0\0\0\0\0\0\0\0\0", 832) = 832
1094928 fstat(3, {st_mode=S_IFREG|0644, st_size=14408, ...}) = 0
1094928 mmap(NULL, 16400, PROT_READ, MAP_PRIVATE|MAP_DENYWRITE, 3, 0) = 0x7c433dec1000
1094928 mmap(0x7c433dec2000, 4096, PROT_READ|PROT_EXEC, MAP_PRIVATE|MAP_FIXED|MAP_DENYWRITE, 3, 0x1000) = 0x7c433dec2000
1094928 mmap(0x7c433dec3000, 4096, PROT_READ, MAP_PRIVATE|MAP_FIXED|MAP_DENYWRITE, 3, 0x2000) = 0x7c433dec3000
1094928 mmap(0x7c433dec4000, 8192, PROT_READ|PROT_WRITE, MAP_PRIVATE|MAP_FIXED|MAP_DENYWRITE, 3, 0x2000) = 0x7c433dec4000
1094928 close(3)                        = 0
1094928 openat(AT_FDCWD, "/lib/x86_64-linux-gnu/librt.so.1", O_RDONLY|O_CLOEXEC) = 3
1094928 read(3, "\177ELF\2\1\1\0\0\0\0\0\0\0\0\0\3\0>\0\1\0\0\0\0\0\0\0\0\0\0\0@\0\0\0\0\0\0\0`1\0\0\0\0\0\0\0\0\0\0@\08\0\v\0@\0\37\0\36\0\1\0\0\0\4\0\0\0\0\0\0\0\0\0\0\0\0\0\0\0\0\0\0\0\0\0\0\0\0\0\0\0\320\10\0\0\0\0\0\0\320\10\0\0\0\0\0\0\0\20\0\0\0\0\0\0\1\0\0\0\5\0\0\0\0\20\0\0\0\0\0\0\0\20\0\0\0\0\0\0\0\20\0\0\0\0\0\0\301\2\0\0\0\0\0\0\301\2\0\0\0\0\0\0\0\20\0\0\0\0\0\0\1\0\0\0\4\0\0\0\0 \0\0\0\0\0\0\0 \0\0\0\0\0\0\0 \0\0\0\0\0\0\270\1\0\0\0\0\0\0\270\1\0\0\0\0\0\0\0\20\0\0\0\0\0\0\1\0\0\0\6\0\0\0(-\0\0\0\0\0\0(=\0\0\0\0\0\0(=\0\0\0\0\0\0\340\2\0\0\0\0\0\0\350\2\0\0\0\0\0\0\0\20\0\0\0\0\0\0\2\0\0\0\6\0\0\08-\0\0\0\0\0\08=\0\0\0\0\0\08=\0\0\0\0\0\0\200\2\0\0\0\0\0\0\200\2\0\0\0\0\0\0\10\0\0\0\0\0\0\0\4\0\0\0\4\0\0\0\250\2\0\0\0\0\0\0\250\2\0\0\0\0\0\0\250\2\0\0\0\0\0\0000\0\0\0\0\0\0\0000\0\0\0\0\0\0\0\10\0\0\0\0\0\0\0\4\0\0\0\4\0\0\0\330\2\0\0\0\0\0\0\330\2\0\0\0\0\0\0\330\2\0\0\0\0\0\0D\0\0\0\0\0\0\0D\0\0\0\0\0\0\0\4\0\0\0\0\0\0\0S\345td\4\0\0\0\250\2\0\0\0\0\0\0\250\2\0\0\0\0\0\0\250\2\0\0\0\0\0\0000\0\0\0\0\0\0\0000\0\0\0\0\0\0\0\10\0\0\0\0\0\0\0P\345td\4\0\0\08 \0\0\0\0\0\08 \0\0\0\0\0\08 \0\0\0\0\0\0L\0\0\0\0\0\0\0L\0\0\0\0\0\0\0\4\0\0\0\0\0\0\0Q\345td\6\0\0\0\0\0\0\0\0\0\0\0\0\0\0\0\0\0\0\0\0\0\0\0\0\0\0\0\0\0\0\0\0\0\0\0\0\0\0\0\0\0\0\0\20\0\0\0\0\0\0\0R\345td\4\0\0\0(-\0\0\0\0\0\0(=\0\0\0\0\0\0(=\0\0\0\0\0\0\330\2\0\0\0\0\0\0\330\2\0\0\0\0\0\0\1\0\0\0\0\0\0\0\4\0\0\0 \0\0\0\5\0\0\0GNU\0\2\0\0\300\4\0\0\0\3\0\0\0\0\0\0\0\2\200\0\300\4\0\0\0\1\0\0\0\0\0\0\0\4\0\0\0\24\0\0\0\3\0\0\0GNU\0\342\247\374\271\10l/\tG\251_\3741o\345M6\256\306c\4\0\0\0\20\0\0\0\1\0\0\0GNU\0\0\0\0\0\3\0\0\0\2\0\0\0\0\0\0\0\0\0\0\0\34\0\0\0\21\0\0\0\0\0\0\0\5\0\0\0\0\0\0\0\0\0\0\0\4\0\0\0\0\0\0\0", 832) = 832
1094928 fstat(3, {st_mode=S_IFREG|0644, st_size=14624, ...}) = 0
1094928 mmap(NULL, 16400, PROT_READ, MAP_PRIVATE|MAP_DENYWRITE, 3, 0) = 0x7c433debc000
1094928 mmap(0x7c433debd000, 4096, PROT_READ|PROT_EXEC, MAP_PRIVATE|MAP_FIXED|MAP_DENYWRITE, 3, 0x1000) = 0x7c433debd000
1094928 mmap(0x7c433debe000, 4096, PROT_READ, MAP_PRIVATE|MAP_FIXED|MAP_DENYWRITE, 3, 0x2000) = 0x7c433debe000
1094928 mmap(0x7c433debf000, 8192, PROT_READ|PROT_WRITE, MAP_PRIVATE|MAP_FIXED|MAP_DENYWRITE, 3, 0x2000) = 0x7c433debf000
1094928 close(3)                        = 0
1094928 openat(AT_FDCWD, "/lib/x86_64-linux-gnu/libc.so.6", O_RDONLY|O_CLOEXEC) = 3
1094928 read(3, "\177ELF\2\1\1\3\0\0\0\0\0\0\0\0\3\0>\0\1\0\0\0\220\243\2\0\0\0\0\0@\0\0\0\0\0\0\0\20^ \0\0\0\0\0\0\0\0\0@\08\0\16\0@\0@\0?\0\6\0\0\0\4\0\0\0@\0\0\0\0\0\0\0@\0\0\0\0\0\0\0@\0\0\0\0\0\0\0\20\3\0\0\0\0\0\0\20\3\0\0\0\0\0\0\10\0\0\0\0\0\0\0\3\0\0\0\4\0\0\0\240g\35\0\0\0\0\0\240g\35\0\0\0\0\0\240g\35\0\0\0\0\0\34\0\0\0\0\0\0\0\34\0\0\0\0\0\0\0\20\0\0\0\0\0\0\0\1\0\0\0\4\0\0\0\0\0\0\0\0\0\0\0\0\0\0\0\0\0\0\0\0\0\0\0\0\0\0\0\220s\2\0\0\0\0\0\220s\2\0\0\0\0\0\0\20\0\0\0\0\0\0\1\0\0\0\5\0\0\0\0\200\2\0\0\0\0\0\0\200\2\0\0\0\0\0\0\200\2\0\0\0\0\09}\30\0\0\0\0\09}\30\0\0\0\0\0\0\20\0\0\0\0\0\0\1\0\0\0\4\0\0\0\0\0\33\0\0\0\0\0\0\0\33\0\0\0\0\0\0\0\33\0\0\0\0\0\202\340\4\0\0\0\0\0\202\340\4\0\0\0\0\0\0\20\0\0\0\0\0\0\1\0\0\0\6\0\0\0`\354\37\0\0\0\0\0`\374\37\0\0\0\0\0`\374\37\0\0\0\0\0hJ\0\0\0\0\0\0000!\1\0\0\0\0\0\0\20\0\0\0\0\0\0\2\0\0\0\6\0\0\0@\31 \0\0\0\0\0@) \0\0\0\0\0@) \0\0\0\0\0@\2\0\0\0\0\0\0@\2\0\0\0\0\0\0\10\0\0\0\0\0\0\0\4\0\0\0\4\0\0\0P\3\0\0\0\0\0\0P\3\0\0\0\0\0\0P\3\0\0\0\0\0\0000\0\0\0\0\0\0\0000\0\0\0\0\0\0\0\10\0\0\0\0\0\0\0\4\0\0\0\4\0\0\0\200\3\0\0\0\0\0\0\200\3\0\0\0\0\0\0\200\3\0\0\0\0\0\0D\0\0\0\0\0\0\0D\0\0\0\0\0\0\0\4\0\0\0\0\0\0\0\7\0\0\0\4\0\0\0`\354\37\0\0\0\0\0`\374\37\0\0\0\0\0`\374\37\0\0\0\0\0\20\0\0\0\0\0\0\0\210\0\0\0\0\0\0\0\10\0\0\0\0\0\0\0S\345td\4\0\0\0P\3\0\0\0\0\0\0P\3\0\0\0\0\0\0P\3\0\0\0\0\0\0000\0\0\0\0\0\0\0000\0\0\0\0\0\0\0\10\0\0\0\0\0\0\0P\345td\4\0\0\0\274g\35\0\0\0\0\0\274g\35\0\0\0\0\0\274g\35\0\0\0\0\0lv\0\0\0\0\0\0lv\0\0\0\0\0\0\4\0\0\0\0\0\0\0Q\345td\6\0\0\0\0\0\0\0\0\0\0\0\0\0\0\0\0\0\0\0\0\0\0\0\0\0\0\0\0\0\0\0\0\0\0\0\0\0\0\0\0\0\0\0\20\0\0\0\0\0\0\0R\345td\4\0\0\0`\354\37\0\0\0\0\0`\374\37\0\0\0\0\0`\374\37\0\0\0\0\0\2403\0\0\0\0\0\0", 832) = 832
1094928 pread64(3, "\6\0\0\0\4\0\0\0@\0\0\0\0\0\0\0@\0\0\0\0\0\0\0@\0\0\0\0\0\0\0\20\3\0\0\0\0\0\0\20\3\0\0\0\0\0\0\10\0\0\0\0\0\0\0\3\0\0\0\4\0\0\0\240g\35\0\0\0\0\0\240g\35\0\0\0\0\0\240g\35\0\0\0\0\0\34\0\0\0\0\0\0\0\34\0\0\0\0\0\0\0\20\0\0\0\0\0\0\0\1\0\0\0\4\0\0\0\0\0\0\0\0\0\0\0\0\0\0\0\0\0\0\0\0\0\0\0\0\0\0\0\220s\2\0\0\0\0\0\220s\2\0\0\0\0\0\0\20\0\0\0\0\0\0\1\0\0\0\5\0\0\0\0\200\2\0\0\0\0\0\0\200\2\0\0\0\0\0\0\200\2\0\0\0\0\09}\30\0\0\0\0\09}\30\0\0\0\0\0\0\20\0\0\0\0\0\0\1\0\0\0\4\0\0\0\0\0\33\0\0\0\0\0\0\0\33\0\0\0\0\0\0\0\33\0\0\0\0\0\202\340\4\0\0\0\0\0\202\340\4\0\0\0\0\0\0\20\0\0\0\0\0\0\1\0\0\0\6\0\0\0`\354\37\0\0\0\0\0`\374\37\0\0\0\0\0`\374\37\0\0\0\0\0hJ\0\0\0\0\0\0000!\1\0\0\0\0\0\0\20\0\0\0\0\0\0\2\0\0\0\6\0\0\0@\31 \0\0\0\0\0@) \0\0\0\0\0@) \0\0\0\0\0@\2\0\0\0\0\0\0@\2\0\0\0\0\0\0\10\0\0\0\0\0\0\0\4\0\0\0\4\0\0\0P\3\0\0\0\0\0\0P\3\0\0\0\0\0\0P\3\0\0\0\0\0\0000\0\0\0\0\0\0\0000\0\0\0\0\0\0\0\10\0\0\0\0\0\0\0\4\0\0\0\4\0\0\0\200\3\0\0\0\0\0\0\200\3\0\0\0\0\0\0\200\3\0\0\0\0\0\0D\0\0\0\0\0\0\0D\0\0\0\0\0\0\0\4\0\0\0\0\0\0\0\7\0\0\0\4\0\0\0`\354\37\0\0\0\0\0`\374\37\0\0\0\0\0`\374\37\0\0\0\0\0\20\0\0\0\0\0\0\0\210\0\0\0\0\0\0\0\10\0\0\0\0\0\0\0S\345td\4\0\0\0P\3\0\0\0\0\0\0P\3\0\0\0\0\0\0P\3\0\0\0\0\0\0000\0\0\0\0\0\0\0000\0\0\0\0\0\0\0\10\0\0\0\0\0\0\0P\345td\4\0\0\0\274g\35\0\0\0\0\0\274g\35\0\0\0\0\0\274g\35\0\0\0\0\0lv\0\0\0\0\0\0lv\0\0\0\0\0\0\4\0\0\0\0\0\0\0Q\345td\6\0\0\0\0\0\0\0\0\0\0\0\0\0\0\0\0\0\0\0\0\0\0\0\0\0\0\0\0\0\0\0\0\0\0\0\0\0\0\0\0\0\0\0\20\0\0\0\0\0\0\0R\345td\4\0\0\0`\354\37\0\0\0\0\0`\374\37\0\0\0\0\0`\374\37\0\0\0\0\0\2403\0\0\0\0\0\0\2403\0\0\0\0\0\0\1\0\0\0\0\0\0\0", 784, 64) = 784
1094928 fstat(3, {st_mode=S_IFREG|0755, st_size=2125328, ...}) = 0
1094928 mmap(NULL, 8192, PROT_READ|PROT_WRITE, MAP_PRIVATE|MAP_ANONYMOUS, -1, 0) = 0x7c433deba000
1094928 pread64(3, "\6\0\0\0\4\0\0\0@\0\0\0\0\0\0\0@\0\0\0\0\0\0\0@\0\0\0\0\0\0\0\20\3\0\0\0\0\0\0\20\3\0\0\0\0\0\0\10\0\0\0\0\0\0\0\3\0\0\0\4\0\0\0\240g\35\0\0\0\0\0\240g\35\0\0\0\0\0\240g\35\0\0\0\0\0\34\0\0\0\0\0\0\0\34\0\0\0\0\0\0\0\20\0\0\0\0\0\0\0\1\0\0\0\4\0\0\0\0\0\0\0\0\0\0\0\0\0\0\0\0\0\0\0\0\0\0\0\0\0\0\0\220s\2\0\0\0\0\0\220s\2\0\0\0\0\0\0\20\0\0\0\0\0\0\1\0\0\0\5\0\0\0\0\200\2\0\0\0\0\0\0\200\2\0\0\0\0\0\0\200\2\0\0\0\0\09}\30\0\0\0\0\09}\30\0\0\0\0\0\0\20\0\0\0\0\0\0\1\0\0\0\4\0\0\0\0\0\33\0\0\0\0\0\0\0\33\0\0\0\0\0\0\0\33\0\0\0\0\0\202\340\4\0\0\0\0\0\202\340\4\0\0\0\0\0\0\20\0\0\0\0\0\0\1\0\0\0\6\0\0\0`\354\37\0\0\0\0\0`\374\37\0\0\0\0\0`\374\37\0\0\0\0\0hJ\0\0\0\0\0\0000!\1\0\0\0\0\0\0\20\0\0\0\0\0\0\2\0\0\0\6\0\0\0@\31 \0\0\0\0\0@) \0\0\0\0\0@) \0\0\0\0\0@\2\0\0\0\0\0\0@\2\0\0\0\0\0\0\10\0\0\0\0\0\0\0\4\0\0\0\4\0\0\0P\3\0\0\0\0\0\0P\3\0\0\0\0\0\0P\3\0\0\0\0\0\0000\0\0\0\0\0\0\0000\0\0\0\0\0\0\0\10\0\0\0\0\0\0\0\4\0\0\0\4\0\0\0\200\3\0\0\0\0\0\0\200\3\0\0\0\0\0\0\200\3\0\0\0\0\0\0D\0\0\0\0\0\0\0D\0\0\0\0\0\0\0\4\0\0\0\0\0\0\0\7\0\0\0\4\0\0\0`\354\37\0\0\0\0\0`\374\37\0\0\0\0\0`\374\37\0\0\0\0\0\20\0\0\0\0\0\0\0\210\0\0\0\0\0\0\0\10\0\0\0\0\0\0\0S\345td\4\0\0\0P\3\0\0\0\0\0\0P\3\0\0\0\0\0\0P\3\0\0\0\0\0\0000\0\0\0\0\0\0\0000\0\0\0\0\0\0\0\10\0\0\0\0\0\0\0P\345td\4\0\0\0\274g\35\0\0\0\0\0\274g\35\0\0\0\0\0\274g\35\0\0\0\0\0lv\0\0\0\0\0\0lv\0\0\0\0\0\0\4\0\0\0\0\0\0\0Q\345td\6\0\0\0\0\0\0\0\0\0\0\0\0\0\0\0\0\0\0\0\0\0\0\0\0\0\0\0\0\0\0\0\0\0\0\0\0\0\0\0\0\0\0\0\20\0\0\0\0\0\0\0R\345td\4\0\0\0`\354\37\0\0\0\0\0`\374\37\0\0\0\0\0`\374\37\0\0\0\0\0\2403\0\0\0\0\0\0\2403\0\0\0\0\0\0\1\0\0\0\0\0\0\0", 784, 64) = 784
1094928 mmap(NULL, 2170256, PROT_READ, MAP_PRIVATE|MAP_DENYWRITE, 3, 0) = 0x7c433dc00000
1094928 mmap(0x7c433dc28000, 1605632, PROT_READ|PROT_EXEC, MAP_PRIVATE|MAP_FIXED|MAP_DENYWRITE, 3, 0x28000) = 0x7c433dc28000
1094928 mmap(0x7c433ddb0000, 323584, PROT_READ, MAP_PRIVATE|MAP_FIXED|MAP_DENYWRITE, 3, 0x1b0000) = 0x7c433ddb0000
1094928 mmap(0x7c433ddff000, 24576, PROT_READ|PROT_WRITE, MAP_PRIVATE|MAP_FIXED|MAP_DENYWRITE, 3, 0x1fe000) = 0x7c433ddff000
1094928 mmap(0x7c433de05000, 52624, PROT_READ|PROT_WRITE, MAP_PRIVATE|MAP_FIXED|MAP_ANONYMOUS, -1, 0) = 0x7c433de05000
1094928 close(3)                        = 0
1094928 mmap(NULL, 12288, PROT_READ|PROT_WRITE, MAP_PRIVATE|MAP_ANONYMOUS, -1, 0) = 0x7c433deb7000
1094928 arch_prctl(ARCH_SET_FS, 0x7c433deb7c00) = 0
1094928 set_tid_address(0x7c433deb7ed0) = 1094928
1094928 set_robust_list(0x7c433deb7ee0, 24) = 0
1094928 rseq(0x7c433deb8520, 0x20, 0, 0x53053053) = 0
1094928 mprotect(0x7c433ddff000, 16384, PROT_READ) = 0
1094928 mprotect(0x7c433debf000, 4096, PROT_READ) = 0
1094928 mprotect(0x7c433dec4000, 4096, PROT_READ) = 0
1094928 mprotect(0x7c433dfad000, 4096, PROT_READ) = 0
1094928 mprotect(0x7c433dfb2000, 4096, PROT_READ) = 0
1094928 mprotect(0x7c433dfc3000, 4096, PROT_READ) = 0
1094928 mprotect(0x6040d3e00000, 18649088, PROT_READ) = 0
1094928 mprotect(0x7c433e005000, 8192, PROT_READ) = 0
1094928 prlimit64(0, RLIMIT_STACK, NULL, {rlim_cur=8192*1024, rlim_max=RLIM64_INFINITY}) = 0
1094928 munmap(0x7c433dfc7000, 23915)   = 0
1094928 gettid()                        = 1094928
1094928 gettid()                        = 1094928
1094928 gettid()                        = 1094928
1094928 gettid()                        = 1094928
1094928 gettid()                        = 1094928
1094928 gettid()                        = 1094928
1094928 gettid()                        = 1094928
1094928 openat(AT_FDCWD, "/sys/devices/system/cpu/possible", O_RDONLY|O_CLOEXEC) = 3
1094928 read(3, "0-1\n", 16)            = 4
1094928 poll([{fd=3, events=POLLIN}], 1, 0) = 1 ([{fd=3, revents=POLLIN}])
1094928 read(3, "", 12)                 = 0
1094928 read(3, "", 14)                 = 0
1094928 read(3, "", 16)                 = 0
1094928 close(3)                        = 0
1094928 rt_sigprocmask(SIG_SETMASK, ~[RTMIN RT_1], [], 8) = 0
1094928 rt_sigprocmask(SIG_SETMASK, ~[RTMIN RT_1], ~[KILL STOP RTMIN RT_1], 8) = 0
1094928 uname({sysname="Linux", nodename="botero-trade-engine-00", ...}) = 0
1094928 membarrier(MEMBARRIER_CMD_REGISTER_PRIVATE_EXPEDITED_RSEQ, 0) = 0
1094928 rseq(0x7c433deb77a0, 0x20, 0x80000000, 0x53053053) = -1 EINVAL (Invalid argument)
1094928 rseq(0x7c433deb77a0, 0x20, 0, 0x53053053) = -1 EINVAL (Invalid argument)
1094928 rt_sigprocmask(SIG_SETMASK, ~[RTMIN RT_1], ~[KILL STOP RTMIN RT_1], 8) = 0
1094928 mmap(NULL, 8192, PROT_READ|PROT_WRITE, MAP_PRIVATE|MAP_ANONYMOUS, -1, 0) = 0x7c433dfcb000
1094928 prctl(PR_SET_VMA, PR_SET_VMA_ANON_NAME, 0x7c433dfcb000, 8192, "percpu_handle_region") = 0
1094928 rt_sigprocmask(SIG_SETMASK, ~[KILL STOP RTMIN RT_1], NULL, 8) = 0
1094928 rt_sigprocmask(SIG_SETMASK, ~[KILL STOP RTMIN RT_1], NULL, 8) = 0
1094928 rt_sigprocmask(SIG_SETMASK, [], NULL, 8) = 0
1094928 openat(AT_FDCWD, "/sys/devices/system/cpu/cpu0/cache/index3/shared_cpu_list", O_RDONLY|O_CLOEXEC) = -1 ENOENT (No such file or directory)
1094928 mmap(NULL, 4096, PROT_NONE, MAP_PRIVATE|MAP_ANONYMOUS, -1, 0) = 0x7c433dfca000
1094928 munmap(0x7c433dfca000, 4096)    = 0
1094928 mmap(NULL, 4096, PROT_NONE, MAP_PRIVATE|MAP_ANONYMOUS, -1, 0) = 0x7c433dfca000
1094928 mmap(0x7c433dfc9000, 8192, PROT_NONE, MAP_PRIVATE|MAP_ANONYMOUS|MAP_FIXED_NOREPLACE, -1, 0) = -1 EEXIST (File exists)
1094928 munmap(0x7c433dfca000, 4096)    = 0
1094928 mmap(0x2df5c0000000, 1073741824, PROT_NONE, MAP_PRIVATE|MAP_ANONYMOUS|MAP_FIXED_NOREPLACE, -1, 0) = 0x2df5c0000000
1094928 prctl(PR_SET_VMA, PR_SET_VMA_ANON_NAME, 0x2df5c0000000, 1073741824, "tcmalloc_region_METADATA") = 0
1094928 mmap(NULL, 65536, PROT_READ|PROT_WRITE, MAP_PRIVATE|MAP_ANONYMOUS, -1, 0) = 0x7c433dea7000
1094928 prctl(PR_SET_VMA, PR_SET_VMA_ANON_NAME, 0x7c433dea7000, 65536, "absl") = 0
1094928 mmap(NULL, 65536, PROT_READ|PROT_WRITE, MAP_PRIVATE|MAP_ANONYMOUS, -1, 0) = 0x7c433de97000
1094928 prctl(PR_SET_VMA, PR_SET_VMA_ANON_NAME, 0x7c433de97000, 65536, "absl") = 0
1094928 mprotect(0x2df5ffe00000, 2097152, PROT_READ|PROT_WRITE) = 0
1094928 openat(AT_FDCWD, "/sys/devices/system/cpu/cpu0/tsc_freq_khz", O_RDONLY|O_CLOEXEC) = -1 ENOENT (No such file or directory)
1094928 clock_nanosleep(CLOCK_REALTIME, 0, {tv_sec=0, tv_nsec=1000000}, 0x7fffee996360) = 0
1094928 clock_nanosleep(CLOCK_REALTIME, 0, {tv_sec=0, tv_nsec=2000000}, 0x7fffee996360) = 0
1094928 madvise(0x6040d5400000, 6291456, MADV_NOHUGEPAGE) = 0
1094928 mmap(0x637cdf000000, 2105344, PROT_NONE, MAP_PRIVATE|MAP_ANONYMOUS|MAP_FIXED_NOREPLACE, -1, 0) = 0x637cdf000000
1094928 prctl(PR_SET_VMA, PR_SET_VMA_ANON_NAME, 0x637cdf000000, 2105344, "tcmalloc_region_SAMPLED") = 0
1094928 mmap(0x53a6c0000000, 1073741824, PROT_NONE, MAP_PRIVATE|MAP_ANONYMOUS|MAP_FIXED_NOREPLACE, -1, 0) = 0x53a6c0000000
1094928 prctl(PR_SET_VMA, PR_SET_VMA_ANON_NAME, 0x53a6c0000000, 1073741824, "tcmalloc_region_NORMAL") = 0
1094928 mprotect(0x53a6ffe00000, 2097152, PROT_READ|PROT_WRITE) = 0
1094928 open("/proc/self/cmdline", O_RDONLY) = 3
1094928 read(3, "/root/.antigravity-ide-server/bin/2.0.1-bf9a033f33934fb4496d7eebed52486272437c3a/extensions/antigravity/bin/language_server_linux_x64\0agentapi\0get-conversation-metadata\0001165f1f5-4da3-472b-991e-cff101da6b63\0", 8191) = 206
1094928 read(3, "", 7985)               = 0
1094928 close(3)                        = 0
1094928 gettid()                        = 1094928
1094928 gettid()                        = 1094928
1094928 mprotect(0x53a6ffc00000, 2097152, PROT_READ|PROT_WRITE) = 0
1094928 gettid()                        = 1094928
1094928 gettid()                        = 1094928
1094928 gettid()                        = 1094928
1094928 gettid()                        = 1094928
1094928 prlimit64(0, RLIMIT_STACK, NULL, {rlim_cur=8192*1024, rlim_max=RLIM64_INFINITY}) = 0
1094928 mmap(0x437bc0000000, 1073741824, PROT_NONE, MAP_PRIVATE|MAP_ANONYMOUS|MAP_FIXED_NOREPLACE, -1, 0) = 0x437bc0000000
1094928 prctl(PR_SET_VMA, PR_SET_VMA_ANON_NAME, 0x437bc0000000, 1073741824, "tcmalloc_region_SAMPLED") = 0
1094928 mprotect(0x437bffe00000, 2097152, PROT_READ|PROT_WRITE) = 0
1094928 madvise(0x437bffe00000, 2097152, MADV_NOHUGEPAGE) = 0
1094928 mprotect(0x2df5ffc00000, 2097152, PROT_READ|PROT_WRITE) = 0
1094928 rt_sigaction(SIGSEGV, NULL, {sa_handler=SIG_DFL, sa_mask=[], sa_flags=0}, 8) = 0
1094928 rt_sigaction(SIGSEGV, {sa_handler=0x6040d36a45a0, sa_mask=[], sa_flags=SA_RESTORER|SA_ONSTACK|SA_RESTART|SA_NODEFER|SA_SIGINFO, sa_restorer=0x7c433dc45330}, {sa_handler=SIG_DFL, sa_mask=[], sa_flags=0}, 8) = 0
1094928 rt_sigaction(SIGILL, NULL, {sa_handler=SIG_DFL, sa_mask=[], sa_flags=0}, 8) = 0
1094928 rt_sigaction(SIGILL, {sa_handler=0x6040d36a45a0, sa_mask=[], sa_flags=SA_RESTORER|SA_ONSTACK|SA_RESTART|SA_NODEFER|SA_SIGINFO, sa_restorer=0x7c433dc45330}, {sa_handler=SIG_DFL, sa_mask=[], sa_flags=0}, 8) = 0
1094928 rt_sigaction(SIGFPE, NULL, {sa_handler=SIG_DFL, sa_mask=[], sa_flags=0}, 8) = 0
1094928 rt_sigaction(SIGFPE, {sa_handler=0x6040d36a45a0, sa_mask=[], sa_flags=SA_RESTORER|SA_ONSTACK|SA_RESTART|SA_NODEFER|SA_SIGINFO, sa_restorer=0x7c433dc45330}, {sa_handler=SIG_DFL, sa_mask=[], sa_flags=0}, 8) = 0
1094928 rt_sigaction(SIGABRT, NULL, {sa_handler=SIG_DFL, sa_mask=[], sa_flags=0}, 8) = 0
1094928 rt_sigaction(SIGABRT, {sa_handler=0x6040d36a45a0, sa_mask=[], sa_flags=SA_RESTORER|SA_ONSTACK|SA_RESTART|SA_NODEFER|SA_SIGINFO, sa_restorer=0x7c433dc45330}, {sa_handler=SIG_DFL, sa_mask=[], sa_flags=0}, 8) = 0
1094928 rt_sigaction(SIGBUS, NULL, {sa_handler=SIG_DFL, sa_mask=[], sa_flags=0}, 8) = 0
1094928 rt_sigaction(SIGBUS, {sa_handler=0x6040d36a45a0, sa_mask=[], sa_flags=SA_RESTORER|SA_ONSTACK|SA_RESTART|SA_NODEFER|SA_SIGINFO, sa_restorer=0x7c433dc45330}, {sa_handler=SIG_DFL, sa_mask=[], sa_flags=0}, 8) = 0
1094928 rt_sigaction(SIGTERM, NULL, {sa_handler=SIG_DFL, sa_mask=[], sa_flags=0}, 8) = 0
1094928 rt_sigaction(SIGTERM, {sa_handler=0x6040d36a45a0, sa_mask=[], sa_flags=SA_RESTORER|SA_ONSTACK|SA_RESTART|SA_NODEFER|SA_SIGINFO, sa_restorer=0x7c433dc45330}, {sa_handler=SIG_DFL, sa_mask=[], sa_flags=0}, 8) = 0
1094928 rt_sigaction(SIGTRAP, NULL, {sa_handler=SIG_DFL, sa_mask=[], sa_flags=0}, 8) = 0
1094928 rt_sigaction(SIGTRAP, {sa_handler=0x6040d36a45a0, sa_mask=[], sa_flags=SA_RESTORER|SA_ONSTACK|SA_RESTART|SA_NODEFER|SA_SIGINFO, sa_restorer=0x7c433dc45330}, {sa_handler=SIG_DFL, sa_mask=[], sa_flags=0}, 8) = 0
1094928 rt_sigaction(SIGHUP, NULL, {sa_handler=SIG_DFL, sa_mask=[], sa_flags=0}, 8) = 0
1094928 rt_sigaction(SIGHUP, {sa_handler=SIG_IGN, sa_mask=[], sa_flags=SA_RESTORER|SA_ONSTACK, sa_restorer=0x7c433dc45330}, {sa_handler=SIG_DFL, sa_mask=[], sa_flags=0}, 8) = 0
1094928 rt_sigaction(SIGPIPE, NULL, {sa_handler=SIG_DFL, sa_mask=[], sa_flags=0}, 8) = 0
1094928 rt_sigaction(SIGPIPE, {sa_handler=SIG_IGN, sa_mask=[], sa_flags=SA_RESTORER|SA_ONSTACK, sa_restorer=0x7c433dc45330}, {sa_handler=SIG_DFL, sa_mask=[], sa_flags=0}, 8) = 0
1094928 rt_sigaction(SIGSEGV, NULL, {sa_handler=0x6040d36a45a0, sa_mask=[], sa_flags=SA_RESTORER|SA_ONSTACK|SA_RESTART|SA_NODEFER|SA_SIGINFO, sa_restorer=0x7c433dc45330}, 8) = 0
1094928 rt_sigaction(SIGBUS, NULL, {sa_handler=0x6040d36a45a0, sa_mask=[], sa_flags=SA_RESTORER|SA_ONSTACK|SA_RESTART|SA_NODEFER|SA_SIGINFO, sa_restorer=0x7c433dc45330}, 8) = 0
1094928 rt_sigaction(SIGFPE, NULL, {sa_handler=0x6040d36a45a0, sa_mask=[], sa_flags=SA_RESTORER|SA_ONSTACK|SA_RESTART|SA_NODEFER|SA_SIGINFO, sa_restorer=0x7c433dc45330}, 8) = 0
1094928 rt_sigaction(SIGPIPE, NULL, {sa_handler=SIG_IGN, sa_mask=[], sa_flags=SA_RESTORER|SA_ONSTACK, sa_restorer=0x7c433dc45330}, 8) = 0
1094928 rt_sigaction(SIGILL, NULL, {sa_handler=0x6040d36a45a0, sa_mask=[], sa_flags=SA_RESTORER|SA_ONSTACK|SA_RESTART|SA_NODEFER|SA_SIGINFO, sa_restorer=0x7c433dc45330}, 8) = 0
1094928 rt_sigaction(SIGXFSZ, NULL, {sa_handler=SIG_DFL, sa_mask=[], sa_flags=0}, 8) = 0
1094928 rt_sigaction(SIGXFSZ, {sa_handler=SIG_DFL, sa_mask=[], sa_flags=SA_RESTORER|SA_ONSTACK, sa_restorer=0x7c433dc45330}, {sa_handler=SIG_DFL, sa_mask=[], sa_flags=0}, 8) = 0
1094928 rt_sigaction(SIGQUIT, NULL, {sa_handler=SIG_DFL, sa_mask=[], sa_flags=0}, 8) = 0
1094928 rt_sigaction(SIGQUIT, {sa_handler=SIG_DFL, sa_mask=[], sa_flags=SA_RESTORER|SA_ONSTACK, sa_restorer=0x7c433dc45330}, {sa_handler=SIG_DFL, sa_mask=[], sa_flags=0}, 8) = 0
1094928 rt_sigaction(SIGHUP, NULL, {sa_handler=SIG_IGN, sa_mask=[], sa_flags=SA_RESTORER|SA_ONSTACK, sa_restorer=0x7c433dc45330}, 8) = 0
1094928 rt_sigaction(SIGINT, NULL, {sa_handler=SIG_DFL, sa_mask=[], sa_flags=0}, 8) = 0
1094928 rt_sigaction(SIGINT, {sa_handler=SIG_DFL, sa_mask=[], sa_flags=SA_RESTORER|SA_ONSTACK, sa_restorer=0x7c433dc45330}, {sa_handler=SIG_DFL, sa_mask=[], sa_flags=0}, 8) = 0
1094928 rt_sigaction(SIGTERM, NULL, {sa_handler=0x6040d36a45a0, sa_mask=[], sa_flags=SA_RESTORER|SA_ONSTACK|SA_RESTART|SA_NODEFER|SA_SIGINFO, sa_restorer=0x7c433dc45330}, 8) = 0
1094928 rt_sigaction(SIGUSR1, NULL, {sa_handler=SIG_DFL, sa_mask=[], sa_flags=0}, 8) = 0
1094928 rt_sigaction(SIGUSR1, {sa_handler=SIG_DFL, sa_mask=[], sa_flags=SA_RESTORER|SA_ONSTACK, sa_restorer=0x7c433dc45330}, {sa_handler=SIG_DFL, sa_mask=[], sa_flags=0}, 8) = 0
1094928 rt_sigaction(SIGUSR2, NULL, {sa_handler=SIG_DFL, sa_mask=[], sa_flags=0}, 8) = 0
1094928 rt_sigaction(SIGUSR2, {sa_handler=SIG_DFL, sa_mask=[], sa_flags=SA_RESTORER|SA_ONSTACK, sa_restorer=0x7c433dc45330}, {sa_handler=SIG_DFL, sa_mask=[], sa_flags=0}, 8) = 0
1094928 rt_sigaction(SIGALRM, NULL, {sa_handler=SIG_DFL, sa_mask=[], sa_flags=0}, 8) = 0
1094928 rt_sigaction(SIGALRM, {sa_handler=SIG_DFL, sa_mask=[], sa_flags=SA_RESTORER|SA_ONSTACK, sa_restorer=0x7c433dc45330}, {sa_handler=SIG_DFL, sa_mask=[], sa_flags=0}, 8) = 0
1094928 futex(0x6040d5c347d0, FUTEX_WAKE_PRIVATE, 2147483647) = 0
1094928 futex(0x6040d5c33de0, FUTEX_WAKE_PRIVATE, 2147483647) = 0
1094928 futex(0x6040d5c349b0, FUTEX_WAKE_PRIVATE, 2147483647) = 0
1094928 futex(0x6040d5c339a8, FUTEX_WAKE_PRIVATE, 2147483647) = 0
1094928 futex(0x6040d5c33ec0, FUTEX_WAKE_PRIVATE, 2147483647) = 0
1094928 gettid()                        = 1094928
1094928 gettid()                        = 1094928
1094928 gettid()                        = 1094928
1094928 gettid()                        = 1094928
1094928 gettid()                        = 1094928
1094928 gettid()                        = 1094928
1094928 gettid()                        = 1094928
1094928 gettid()                        = 1094928
1094928 gettid()                        = 1094928
1094928 mmap(NULL, 65536, PROT_READ|PROT_WRITE, MAP_PRIVATE|MAP_ANONYMOUS, -1, 0) = 0x7c433de87000
1094928 prctl(PR_SET_VMA, PR_SET_VMA_ANON_NAME, 0x7c433de87000, 65536, "absl") = 0
1094928 gettid()                        = 1094928
1094928 gettid()                        = 1094928
1094928 sched_getaffinity(0, 8192, [0 1]) = 8
1094928 openat(AT_FDCWD, "/sys/kernel/mm/transparent_hugepage/hpage_pmd_size", O_RDONLY) = 3
1094928 read(3, "2097152\n", 20)        = 8
1094928 close(3)                        = 0
1094928 mmap(NULL, 262144, PROT_READ|PROT_WRITE, MAP_PRIVATE|MAP_ANONYMOUS, -1, 0) = 0x7c433de47000
1094928 prctl(PR_SET_VMA, PR_SET_VMA_ANON_NAME, 0x7c433de47000, 262144, " Go: immortal metadata") = 0
1094928 mmap(NULL, 131072, PROT_NONE, MAP_PRIVATE|MAP_ANONYMOUS, -1, 0) = 0x7c433de27000
1094928 prctl(PR_SET_VMA, PR_SET_VMA_ANON_NAME, 0x7c433de27000, 131072, " Go: page summary") = 0
1094928 mmap(NULL, 1048576, PROT_NONE, MAP_PRIVATE|MAP_ANONYMOUS, -1, 0) = 0x7c433db00000
1094928 prctl(PR_SET_VMA, PR_SET_VMA_ANON_NAME, 0x7c433db00000, 1048576, " Go: page summary") = 0
1094928 mmap(NULL, 8388608, PROT_NONE, MAP_PRIVATE|MAP_ANONYMOUS, -1, 0) = 0x7c433d200000
1094928 prctl(PR_SET_VMA, PR_SET_VMA_ANON_NAME, 0x7c433d200000, 8388608, " Go: page summary") = 0
1094928 mmap(NULL, 67108864, PROT_NONE, MAP_PRIVATE|MAP_ANONYMOUS, -1, 0) = 0x7c4339200000
1094928 prctl(PR_SET_VMA, PR_SET_VMA_ANON_NAME, 0x7c4339200000, 67108864, " Go: page summary") = 0
1094928 mmap(NULL, 536870912, PROT_NONE, MAP_PRIVATE|MAP_ANONYMOUS, -1, 0) = 0x7c4319200000
1094928 prctl(PR_SET_VMA, PR_SET_VMA_ANON_NAME, 0x7c4319200000, 536870912, " Go: page summary") = 0
1094928 mmap(NULL, 536870912, PROT_NONE, MAP_PRIVATE|MAP_ANONYMOUS, -1, 0) = 0x7c42f9200000
1094928 prctl(PR_SET_VMA, PR_SET_VMA_ANON_NAME, 0x7c42f9200000, 536870912, " Go: scavenge index") = 0
1094928 mmap(0x33aff0000000, 67108864, PROT_NONE, MAP_PRIVATE|MAP_ANONYMOUS, -1, 0) = 0x33aff0000000
1094928 prctl(PR_SET_VMA, PR_SET_VMA_ANON_NAME, 0x33aff0000000, 67108864, " Go: heap reservation") = 0
1094928 mmap(NULL, 33554432, PROT_READ|PROT_WRITE, MAP_PRIVATE|MAP_ANONYMOUS, -1, 0) = 0x7c42f7200000
1094928 prctl(PR_SET_VMA, PR_SET_VMA_ANON_NAME, 0x7c42f7200000, 33554432, " Go: heap index") = 0
1094928 madvise(0x7c42f7200000, 33554432, MADV_NOHUGEPAGE) = 0
1094928 mmap(NULL, 69648, PROT_READ|PROT_WRITE, MAP_PRIVATE|MAP_ANONYMOUS, -1, 0) = 0x7c433de15000
1094928 prctl(PR_SET_VMA, PR_SET_VMA_ANON_NAME, 0x7c433de15000, 69648, " Go: immortal metadata") = 0
1094928 mmap(0x33aff2c00000, 4194304, PROT_READ|PROT_WRITE, MAP_PRIVATE|MAP_FIXED|MAP_ANONYMOUS, -1, 0) = 0x33aff2c00000
1094928 prctl(PR_SET_VMA, PR_SET_VMA_ANON_NAME, 0x33aff2c00000, 4194304, " Go: heap") = 0
1094928 mmap(0x7c433de27000, 131072, PROT_READ|PROT_WRITE, MAP_PRIVATE|MAP_FIXED|MAP_ANONYMOUS, -1, 0) = 0x7c433de27000
1094928 prctl(PR_SET_VMA, PR_SET_VMA_ANON_NAME, 0x7c433de27000, 131072, " Go: page alloc") = 0
1094928 mmap(0x7c433dbb3000, 4096, PROT_READ|PROT_WRITE, MAP_PRIVATE|MAP_FIXED|MAP_ANONYMOUS, -1, 0) = 0x7c433dbb3000
1094928 prctl(PR_SET_VMA, PR_SET_VMA_ANON_NAME, 0x7c433dbb3000, 4096, " Go: page alloc") = 0
1094928 mmap(0x7c433d79d000, 4096, PROT_READ|PROT_WRITE, MAP_PRIVATE|MAP_FIXED|MAP_ANONYMOUS, -1, 0) = 0x7c433d79d000
1094928 prctl(PR_SET_VMA, PR_SET_VMA_ANON_NAME, 0x7c433d79d000, 4096, " Go: page alloc") = 0
1094928 mmap(0x7c433beeb000, 4096, PROT_READ|PROT_WRITE, MAP_PRIVATE|MAP_FIXED|MAP_ANONYMOUS, -1, 0) = 0x7c433beeb000
1094928 prctl(PR_SET_VMA, PR_SET_VMA_ANON_NAME, 0x7c433beeb000, 4096, " Go: page alloc") = 0
1094928 mmap(0x7c432f95f000, 4096, PROT_READ|PROT_WRITE, MAP_PRIVATE|MAP_FIXED|MAP_ANONYMOUS, -1, 0) = 0x7c432f95f000
1094928 prctl(PR_SET_VMA, PR_SET_VMA_ANON_NAME, 0x7c432f95f000, 4096, " Go: page alloc") = 0
1094928 mmap(0x7c430f95f000, 4096, PROT_READ|PROT_WRITE, MAP_PRIVATE|MAP_FIXED|MAP_ANONYMOUS, -1, 0) = 0x7c430f95f000
1094928 prctl(PR_SET_VMA, PR_SET_VMA_ANON_NAME, 0x7c430f95f000, 4096, " Go: scavenge index") = 0
1094928 mmap(NULL, 1048576, PROT_READ|PROT_WRITE, MAP_PRIVATE|MAP_ANONYMOUS, -1, 0) = 0x7c433da00000
1094928 prctl(PR_SET_VMA, PR_SET_VMA_ANON_NAME, 0x7c433da00000, 1048576, " Go: page alloc index") = 0
1094928 madvise(0x7c433da00000, 1048576, MADV_NOHUGEPAGE) = 0
1094928 mmap(NULL, 65536, PROT_READ|PROT_WRITE, MAP_PRIVATE|MAP_ANONYMOUS, -1, 0) = 0x7c42f71f0000
1094928 prctl(PR_SET_VMA, PR_SET_VMA_ANON_NAME, 0x7c42f71f0000, 65536, " Go: allspans array") = 0
1094928 mmap(NULL, 65536, PROT_READ|PROT_WRITE, MAP_PRIVATE|MAP_ANONYMOUS, -1, 0) = 0x7c42f71e0000
1094928 prctl(PR_SET_VMA, PR_SET_VMA_ANON_NAME, 0x7c42f71e0000, 65536, " Go: gc bits") = 0
1094928 rt_sigprocmask(SIG_SETMASK, NULL, [], 8) = 0
1094928 fcntl(0, F_GETFD)               = 0
1094928 fcntl(1, F_GETFD)               = 0
1094928 fcntl(2, F_GETFD)               = 0
1094928 openat(AT_FDCWD, "/proc/self/cgroup", O_RDONLY|O_CLOEXEC) = 3
1094928 read(3, "0::/user.slice/user-0.slice/session-1022.scope\n", 65536) = 47
1094928 read(3, "", 65536)              = 0
1094928 close(3)                        = 0
1094928 openat(AT_FDCWD, "/proc/self/mountinfo", O_RDONLY|O_CLOEXEC) = 3
1094928 read(3, "23 29 0:21 / /sys rw,nosuid,nodev,noexec,relatime shared:7 - sysfs sysfs rw\n24 29 0:22 / /proc rw,nosuid,nodev,noexec,relatime shared:12 - proc proc rw\n25 29 0:5 / /dev rw,nosuid,relatime shared:2 - devtmpfs udev rw,size=1985312k,nr_inodes=496328,mode=755,inode64\n26 25 0:23 / /dev/pts rw,nosuid,noexec,relatime shared:3 - devpts devpts rw,gid=5,mode=620,ptmxmode=000\n27 29 0:24 / /run rw,nosuid,nodev,noexec,relatime shared:5 - tmpfs tmpfs rw,size=400988k,mode=755,inode64\n29 1 253:1 / / rw,relatime shared:1 - ext4 /dev/vda1 rw,discard,errors=remount-ro,commit=30\n30 23 0:6 / /sys/kernel/security rw,nosuid,nodev,noexec,relatime shared:8 - securityfs securityfs rw\n31 25 0:26 / /dev/shm rw,nosuid,nodev shared:4 - tmpfs tmpfs rw,inode64\n32 27 0:27 / /run/lock rw,nosuid,nodev,noexec,relatime shared:6 - tmpfs tmpfs rw,size=5120k,inode64\n33 23 0:28 / /sys/fs/cgroup rw,nosuid,nodev,noexec,relatime shared:9 - cgroup2 cgroup2 rw,nsdelegate,memory_recursiveprot\n34 23 0:29 / /sys/fs/pstore rw,nosuid,nodev,noexec,relatime shared:10 - pstore pstore rw\n35 23 0:30 / /sys/fs/bpf rw,nosuid,nodev,noexec,relatime shared:11 - bpf bpf rw,mode=700\n36 24 0:31 / /proc/sys/fs/binfmt_misc rw,relatime shared:13 - autofs systemd-1 rw,fd=32,pgrp=1,timeout=0,minproto=5,maxproto=5,direct,pipe_ino=2689\n37 25 0:32 / /dev/hugepages rw,nosuid,nodev,relatime shared:14 - hugetlbfs hugetlbfs rw,pagesize=2M\n38 25 0:19 / /dev/mqueue rw,nosuid,nodev,noexec,relatime shared:15 - mqueue mqueue rw\n39 23 0:7 / /sys/kernel/debug rw,nosuid,nodev,noexec,relatime shared:16 - debugfs debugfs rw\n40 23 0:12 / /sys/kernel/tracing rw,nosuid,nodev,noexec,relatime shared:17 - tracefs tracefs rw\n41 23 0:33 / /sys/fs/fuse/connections rw,nosuid,nodev,noexec,relatime shared:18 - fusectl fusectl rw\n42 23 0:20 / /sys/kernel/config rw,nosuid,nodev,noexec,relatime shared:19 - configfs configfs rw\n44 29 259:0 / /boot rw,relatime shared:29 - ext4 /dev/vda16 rw\n46 44 253:15 / /boot/efi rw,relatime shared:44 - vfat /dev/vda15 rw,fmask=007"..., 65536) = 3592
1094928 close(3)                        = 0
1094928 openat(AT_FDCWD, "/sys/fs/cgroup/user.slice/user-0.slice/session-1022.scope/cpu.max", O_RDONLY|O_CLOEXEC) = 3
1094928 pread64(3, "max 100000\n", 64, 0) = 11
1094928 sigaltstack(NULL, {ss_sp=NULL, ss_flags=SS_DISABLE, ss_size=0}) = 0
1094928 sigaltstack({ss_sp=0x33aff2e98000, ss_flags=0, ss_size=32768}, NULL) = 0
1094928 rt_sigprocmask(SIG_SETMASK, [], NULL, 8) = 0
1094928 gettid()                        = 1094928
1094928 rt_sigaction(SIGHUP, NULL, {sa_handler=SIG_IGN, sa_mask=[], sa_flags=SA_RESTORER|SA_ONSTACK, sa_restorer=0x7c433dc45330}, 8) = 0
1094928 rt_sigaction(SIGINT, NULL, {sa_handler=SIG_DFL, sa_mask=[], sa_flags=SA_RESTORER|SA_ONSTACK, sa_restorer=0x7c433dc45330}, 8) = 0
1094928 rt_sigaction(SIGINT, {sa_handler=0x6040d1560260, sa_mask=~[RTMIN RT_1], sa_flags=SA_RESTORER|SA_ONSTACK|SA_RESTART|SA_SIGINFO, sa_restorer=0x7c433dc45330}, NULL, 8) = 0
1094928 rt_sigaction(SIGQUIT, NULL, {sa_handler=SIG_DFL, sa_mask=[], sa_flags=SA_RESTORER|SA_ONSTACK, sa_restorer=0x7c433dc45330}, 8) = 0
1094928 rt_sigaction(SIGQUIT, {sa_handler=0x6040d1560260, sa_mask=~[RTMIN RT_1], sa_flags=SA_RESTORER|SA_ONSTACK|SA_RESTART|SA_SIGINFO, sa_restorer=0x7c433dc45330}, NULL, 8) = 0
1094928 rt_sigaction(SIGILL, NULL, {sa_handler=0x6040d36a45a0, sa_mask=[], sa_flags=SA_RESTORER|SA_ONSTACK|SA_RESTART|SA_NODEFER|SA_SIGINFO, sa_restorer=0x7c433dc45330}, 8) = 0
1094928 rt_sigaction(SIGILL, {sa_handler=0x6040d1560260, sa_mask=~[RTMIN RT_1], sa_flags=SA_RESTORER|SA_ONSTACK|SA_RESTART|SA_SIGINFO, sa_restorer=0x7c433dc45330}, NULL, 8) = 0
1094928 rt_sigaction(SIGTRAP, NULL, {sa_handler=0x6040d36a45a0, sa_mask=[], sa_flags=SA_RESTORER|SA_ONSTACK|SA_RESTART|SA_NODEFER|SA_SIGINFO, sa_restorer=0x7c433dc45330}, 8) = 0
1094928 rt_sigaction(SIGTRAP, {sa_handler=0x6040d1560260, sa_mask=~[RTMIN RT_1], sa_flags=SA_RESTORER|SA_ONSTACK|SA_RESTART|SA_SIGINFO, sa_restorer=0x7c433dc45330}, NULL, 8) = 0
1094928 rt_sigaction(SIGABRT, NULL, {sa_handler=0x6040d36a45a0, sa_mask=[], sa_flags=SA_RESTORER|SA_ONSTACK|SA_RESTART|SA_NODEFER|SA_SIGINFO, sa_restorer=0x7c433dc45330}, 8) = 0
1094928 rt_sigaction(SIGABRT, {sa_handler=0x6040d1560260, sa_mask=~[RTMIN RT_1], sa_flags=SA_RESTORER|SA_ONSTACK|SA_RESTART|SA_SIGINFO, sa_restorer=0x7c433dc45330}, NULL, 8) = 0
1094928 rt_sigaction(SIGBUS, NULL, {sa_handler=0x6040d36a45a0, sa_mask=[], sa_flags=SA_RESTORER|SA_ONSTACK|SA_RESTART|SA_NODEFER|SA_SIGINFO, sa_restorer=0x7c433dc45330}, 8) = 0
1094928 rt_sigaction(SIGBUS, {sa_handler=0x6040d1560260, sa_mask=~[RTMIN RT_1], sa_flags=SA_RESTORER|SA_ONSTACK|SA_RESTART|SA_SIGINFO, sa_restorer=0x7c433dc45330}, NULL, 8) = 0
1094928 rt_sigaction(SIGFPE, NULL, {sa_handler=0x6040d36a45a0, sa_mask=[], sa_flags=SA_RESTORER|SA_ONSTACK|SA_RESTART|SA_NODEFER|SA_SIGINFO, sa_restorer=0x7c433dc45330}, 8) = 0
1094928 rt_sigaction(SIGFPE, {sa_handler=0x6040d1560260, sa_mask=~[RTMIN RT_1], sa_flags=SA_RESTORER|SA_ONSTACK|SA_RESTART|SA_SIGINFO, sa_restorer=0x7c433dc45330}, NULL, 8) = 0
1094928 rt_sigaction(SIGUSR1, NULL, {sa_handler=SIG_DFL, sa_mask=[], sa_flags=SA_RESTORER|SA_ONSTACK, sa_restorer=0x7c433dc45330}, 8) = 0
1094928 rt_sigaction(SIGUSR1, {sa_handler=0x6040d1560260, sa_mask=~[RTMIN RT_1], sa_flags=SA_RESTORER|SA_ONSTACK|SA_RESTART|SA_SIGINFO, sa_restorer=0x7c433dc45330}, NULL, 8) = 0
1094928 rt_sigaction(SIGSEGV, NULL, {sa_handler=0x6040d36a45a0, sa_mask=[], sa_flags=SA_RESTORER|SA_ONSTACK|SA_RESTART|SA_NODEFER|SA_SIGINFO, sa_restorer=0x7c433dc45330}, 8) = 0
1094928 rt_sigaction(SIGSEGV, {sa_handler=0x6040d1560260, sa_mask=~[RTMIN RT_1], sa_flags=SA_RESTORER|SA_ONSTACK|SA_RESTART|SA_SIGINFO, sa_restorer=0x7c433dc45330}, NULL, 8) = 0
1094928 rt_sigaction(SIGUSR2, NULL, {sa_handler=SIG_DFL, sa_mask=[], sa_flags=SA_RESTORER|SA_ONSTACK, sa_restorer=0x7c433dc45330}, 8) = 0
1094928 rt_sigaction(SIGUSR2, {sa_handler=0x6040d1560260, sa_mask=~[RTMIN RT_1], sa_flags=SA_RESTORER|SA_ONSTACK|SA_RESTART|SA_SIGINFO, sa_restorer=0x7c433dc45330}, NULL, 8) = 0
1094928 rt_sigaction(SIGPIPE, NULL, {sa_handler=SIG_IGN, sa_mask=[], sa_flags=SA_RESTORER|SA_ONSTACK, sa_restorer=0x7c433dc45330}, 8) = 0
1094928 rt_sigaction(SIGPIPE, {sa_handler=0x6040d1560260, sa_mask=~[RTMIN RT_1], sa_flags=SA_RESTORER|SA_ONSTACK|SA_RESTART|SA_SIGINFO, sa_restorer=0x7c433dc45330}, NULL, 8) = 0
1094928 rt_sigaction(SIGALRM, NULL, {sa_handler=SIG_DFL, sa_mask=[], sa_flags=SA_RESTORER|SA_ONSTACK, sa_restorer=0x7c433dc45330}, 8) = 0
1094928 rt_sigaction(SIGALRM, {sa_handler=0x6040d1560260, sa_mask=~[RTMIN RT_1], sa_flags=SA_RESTORER|SA_ONSTACK|SA_RESTART|SA_SIGINFO, sa_restorer=0x7c433dc45330}, NULL, 8) = 0
1094928 rt_sigaction(SIGTERM, NULL, {sa_handler=0x6040d36a45a0, sa_mask=[], sa_flags=SA_RESTORER|SA_ONSTACK|SA_RESTART|SA_NODEFER|SA_SIGINFO, sa_restorer=0x7c433dc45330}, 8) = 0
1094928 rt_sigaction(SIGTERM, {sa_handler=0x6040d1560260, sa_mask=~[RTMIN RT_1], sa_flags=SA_RESTORER|SA_ONSTACK|SA_RESTART|SA_SIGINFO, sa_restorer=0x7c433dc45330}, NULL, 8) = 0
1094928 rt_sigaction(SIGSTKFLT, NULL, {sa_handler=SIG_DFL, sa_mask=[], sa_flags=0}, 8) = 0
1094928 rt_sigaction(SIGSTKFLT, {sa_handler=0x6040d1560260, sa_mask=~[RTMIN RT_1], sa_flags=SA_RESTORER|SA_ONSTACK|SA_RESTART|SA_SIGINFO, sa_restorer=0x7c433dc45330}, NULL, 8) = 0
1094928 rt_sigaction(SIGCHLD, NULL, {sa_handler=SIG_DFL, sa_mask=[], sa_flags=0}, 8) = 0
1094928 rt_sigaction(SIGCHLD, {sa_handler=0x6040d1560260, sa_mask=~[RTMIN RT_1], sa_flags=SA_RESTORER|SA_ONSTACK|SA_RESTART|SA_SIGINFO, sa_restorer=0x7c433dc45330}, NULL, 8) = 0
1094928 rt_sigaction(SIGURG, NULL, {sa_handler=SIG_DFL, sa_mask=[], sa_flags=0}, 8) = 0
1094928 rt_sigaction(SIGURG, {sa_handler=0x6040d1560260, sa_mask=~[RTMIN RT_1], sa_flags=SA_RESTORER|SA_ONSTACK|SA_RESTART|SA_SIGINFO, sa_restorer=0x7c433dc45330}, NULL, 8) = 0
1094928 rt_sigaction(SIGXCPU, NULL, {sa_handler=SIG_DFL, sa_mask=[], sa_flags=0}, 8) = 0
1094928 rt_sigaction(SIGXCPU, {sa_handler=0x6040d1560260, sa_mask=~[RTMIN RT_1], sa_flags=SA_RESTORER|SA_ONSTACK|SA_RESTART|SA_SIGINFO, sa_restorer=0x7c433dc45330}, NULL, 8) = 0
1094928 rt_sigaction(SIGXFSZ, NULL, {sa_handler=SIG_DFL, sa_mask=[], sa_flags=SA_RESTORER|SA_ONSTACK, sa_restorer=0x7c433dc45330}, 8) = 0
1094928 rt_sigaction(SIGXFSZ, {sa_handler=0x6040d1560260, sa_mask=~[RTMIN RT_1], sa_flags=SA_RESTORER|SA_ONSTACK|SA_RESTART|SA_SIGINFO, sa_restorer=0x7c433dc45330}, NULL, 8) = 0
1094928 rt_sigaction(SIGVTALRM, NULL, {sa_handler=SIG_DFL, sa_mask=[], sa_flags=0}, 8) = 0
1094928 rt_sigaction(SIGVTALRM, {sa_handler=0x6040d1560260, sa_mask=~[RTMIN RT_1], sa_flags=SA_RESTORER|SA_ONSTACK|SA_RESTART|SA_SIGINFO, sa_restorer=0x7c433dc45330}, NULL, 8) = 0
1094928 rt_sigaction(SIGPROF, NULL, {sa_handler=SIG_DFL, sa_mask=[], sa_flags=0}, 8) = 0
1094928 rt_sigaction(SIGPROF, {sa_handler=0x6040d1560260, sa_mask=~[RTMIN RT_1], sa_flags=SA_RESTORER|SA_ONSTACK|SA_RESTART|SA_SIGINFO, sa_restorer=0x7c433dc45330}, NULL, 8) = 0
1094928 rt_sigaction(SIGWINCH, NULL, {sa_handler=SIG_DFL, sa_mask=[], sa_flags=0}, 8) = 0
1094928 rt_sigaction(SIGWINCH, {sa_handler=0x6040d1560260, sa_mask=~[RTMIN RT_1], sa_flags=SA_RESTORER|SA_ONSTACK|SA_RESTART|SA_SIGINFO, sa_restorer=0x7c433dc45330}, NULL, 8) = 0
1094928 rt_sigaction(SIGIO, NULL, {sa_handler=SIG_DFL, sa_mask=[], sa_flags=0}, 8) = 0
1094928 rt_sigaction(SIGIO, {sa_handler=0x6040d1560260, sa_mask=~[RTMIN RT_1], sa_flags=SA_RESTORER|SA_ONSTACK|SA_RESTART|SA_SIGINFO, sa_restorer=0x7c433dc45330}, NULL, 8) = 0
1094928 rt_sigaction(SIGPWR, NULL, {sa_handler=SIG_DFL, sa_mask=[], sa_flags=0}, 8) = 0
1094928 rt_sigaction(SIGPWR, {sa_handler=0x6040d1560260, sa_mask=~[RTMIN RT_1], sa_flags=SA_RESTORER|SA_ONSTACK|SA_RESTART|SA_SIGINFO, sa_restorer=0x7c433dc45330}, NULL, 8) = 0
1094928 rt_sigaction(SIGSYS, NULL, {sa_handler=SIG_DFL, sa_mask=[], sa_flags=0}, 8) = 0
1094928 rt_sigaction(SIGSYS, {sa_handler=0x6040d1560260, sa_mask=~[RTMIN RT_1], sa_flags=SA_RESTORER|SA_ONSTACK|SA_RESTART|SA_SIGINFO, sa_restorer=0x7c433dc45330}, NULL, 8) = 0
1094928 rt_sigaction(SIGRTMIN, NULL, {sa_handler=SIG_DFL, sa_mask=[], sa_flags=0}, 8) = 0
1094928 rt_sigaction(SIGRT_1, NULL, {sa_handler=SIG_DFL, sa_mask=[], sa_flags=0}, 8) = 0
1094928 rt_sigaction(SIGRT_2, NULL, {sa_handler=SIG_DFL, sa_mask=[], sa_flags=0}, 8) = 0
1094928 rt_sigaction(SIGRT_3, NULL, {sa_handler=SIG_DFL, sa_mask=[], sa_flags=0}, 8) = 0
1094928 rt_sigaction(SIGRT_3, {sa_handler=0x6040d1560260, sa_mask=~[RTMIN RT_1], sa_flags=SA_RESTORER|SA_ONSTACK|SA_RESTART|SA_SIGINFO, sa_restorer=0x7c433dc45330}, NULL, 8) = 0
1094928 rt_sigaction(SIGRT_4, NULL, {sa_handler=SIG_DFL, sa_mask=[], sa_flags=0}, 8) = 0
1094928 rt_sigaction(SIGRT_4, {sa_handler=0x6040d1560260, sa_mask=~[RTMIN RT_1], sa_flags=SA_RESTORER|SA_ONSTACK|SA_RESTART|SA_SIGINFO, sa_restorer=0x7c433dc45330}, NULL, 8) = 0
1094928 rt_sigaction(SIGRT_5, NULL, {sa_handler=SIG_DFL, sa_mask=[], sa_flags=0}, 8) = 0
1094928 rt_sigaction(SIGRT_5, {sa_handler=0x6040d1560260, sa_mask=~[RTMIN RT_1], sa_flags=SA_RESTORER|SA_ONSTACK|SA_RESTART|SA_SIGINFO, sa_restorer=0x7c433dc45330}, NULL, 8) = 0
1094928 rt_sigaction(SIGRT_6, NULL, {sa_handler=SIG_DFL, sa_mask=[], sa_flags=0}, 8) = 0
1094928 rt_sigaction(SIGRT_6, {sa_handler=0x6040d1560260, sa_mask=~[RTMIN RT_1], sa_flags=SA_RESTORER|SA_ONSTACK|SA_RESTART|SA_SIGINFO, sa_restorer=0x7c433dc45330}, NULL, 8) = 0
1094928 rt_sigaction(SIGRT_7, NULL, {sa_handler=SIG_DFL, sa_mask=[], sa_flags=0}, 8) = 0
1094928 rt_sigaction(SIGRT_7, {sa_handler=0x6040d1560260, sa_mask=~[RTMIN RT_1], sa_flags=SA_RESTORER|SA_ONSTACK|SA_RESTART|SA_SIGINFO, sa_restorer=0x7c433dc45330}, NULL, 8) = 0
1094928 rt_sigaction(SIGRT_8, NULL, {sa_handler=SIG_DFL, sa_mask=[], sa_flags=0}, 8) = 0
1094928 rt_sigaction(SIGRT_8, {sa_handler=0x6040d1560260, sa_mask=~[RTMIN RT_1], sa_flags=SA_RESTORER|SA_ONSTACK|SA_RESTART|SA_SIGINFO, sa_restorer=0x7c433dc45330}, NULL, 8) = 0
1094928 rt_sigaction(SIGRT_9, NULL, {sa_handler=SIG_DFL, sa_mask=[], sa_flags=0}, 8) = 0
1094928 rt_sigaction(SIGRT_9, {sa_handler=0x6040d1560260, sa_mask=~[RTMIN RT_1], sa_flags=SA_RESTORER|SA_ONSTACK|SA_RESTART|SA_SIGINFO, sa_restorer=0x7c433dc45330}, NULL, 8) = 0
1094928 rt_sigaction(SIGRT_10, NULL, {sa_handler=SIG_DFL, sa_mask=[], sa_flags=0}, 8) = 0
1094928 rt_sigaction(SIGRT_10, {sa_handler=0x6040d1560260, sa_mask=~[RTMIN RT_1], sa_flags=SA_RESTORER|SA_ONSTACK|SA_RESTART|SA_SIGINFO, sa_restorer=0x7c433dc45330}, NULL, 8) = 0
1094928 rt_sigaction(SIGRT_11, NULL, {sa_handler=SIG_DFL, sa_mask=[], sa_flags=0}, 8) = 0
1094928 rt_sigaction(SIGRT_11, {sa_handler=0x6040d1560260, sa_mask=~[RTMIN RT_1], sa_flags=SA_RESTORER|SA_ONSTACK|SA_RESTART|SA_SIGINFO, sa_restorer=0x7c433dc45330}, NULL, 8) = 0
1094928 rt_sigaction(SIGRT_12, NULL, {sa_handler=SIG_DFL, sa_mask=[], sa_flags=0}, 8) = 0
1094928 rt_sigaction(SIGRT_12, {sa_handler=0x6040d1560260, sa_mask=~[RTMIN RT_1], sa_flags=SA_RESTORER|SA_ONSTACK|SA_RESTART|SA_SIGINFO, sa_restorer=0x7c433dc45330}, NULL, 8) = 0
1094928 rt_sigaction(SIGRT_13, NULL, {sa_handler=SIG_DFL, sa_mask=[], sa_flags=0}, 8) = 0
1094928 rt_sigaction(SIGRT_13, {sa_handler=0x6040d1560260, sa_mask=~[RTMIN RT_1], sa_flags=SA_RESTORER|SA_ONSTACK|SA_RESTART|SA_SIGINFO, sa_restorer=0x7c433dc45330}, NULL, 8) = 0
1094928 rt_sigaction(SIGRT_14, NULL, {sa_handler=SIG_DFL, sa_mask=[], sa_flags=0}, 8) = 0
1094928 rt_sigaction(SIGRT_14, {sa_handler=0x6040d1560260, sa_mask=~[RTMIN RT_1], sa_flags=SA_RESTORER|SA_ONSTACK|SA_RESTART|SA_SIGINFO, sa_restorer=0x7c433dc45330}, NULL, 8) = 0
1094928 rt_sigaction(SIGRT_15, NULL, {sa_handler=SIG_DFL, sa_mask=[], sa_flags=0}, 8) = 0
1094928 rt_sigaction(SIGRT_15, {sa_handler=0x6040d1560260, sa_mask=~[RTMIN RT_1], sa_flags=SA_RESTORER|SA_ONSTACK|SA_RESTART|SA_SIGINFO, sa_restorer=0x7c433dc45330}, NULL, 8) = 0
1094928 rt_sigaction(SIGRT_16, NULL, {sa_handler=SIG_DFL, sa_mask=[], sa_flags=0}, 8) = 0
1094928 rt_sigaction(SIGRT_16, {sa_handler=0x6040d1560260, sa_mask=~[RTMIN RT_1], sa_flags=SA_RESTORER|SA_ONSTACK|SA_RESTART|SA_SIGINFO, sa_restorer=0x7c433dc45330}, NULL, 8) = 0
1094928 rt_sigaction(SIGRT_17, NULL, {sa_handler=SIG_DFL, sa_mask=[], sa_flags=0}, 8) = 0
1094928 rt_sigaction(SIGRT_17, {sa_handler=0x6040d1560260, sa_mask=~[RTMIN RT_1], sa_flags=SA_RESTORER|SA_ONSTACK|SA_RESTART|SA_SIGINFO, sa_restorer=0x7c433dc45330}, NULL, 8) = 0
1094928 rt_sigaction(SIGRT_18, NULL, {sa_handler=SIG_DFL, sa_mask=[], sa_flags=0}, 8) = 0
1094928 rt_sigaction(SIGRT_18, {sa_handler=0x6040d1560260, sa_mask=~[RTMIN RT_1], sa_flags=SA_RESTORER|SA_ONSTACK|SA_RESTART|SA_SIGINFO, sa_restorer=0x7c433dc45330}, NULL, 8) = 0
1094928 rt_sigaction(SIGRT_19, NULL, {sa_handler=SIG_DFL, sa_mask=[], sa_flags=0}, 8) = 0
1094928 rt_sigaction(SIGRT_19, {sa_handler=0x6040d1560260, sa_mask=~[RTMIN RT_1], sa_flags=SA_RESTORER|SA_ONSTACK|SA_RESTART|SA_SIGINFO, sa_restorer=0x7c433dc45330}, NULL, 8) = 0
1094928 rt_sigaction(SIGRT_20, NULL, {sa_handler=SIG_DFL, sa_mask=[], sa_flags=0}, 8) = 0
1094928 rt_sigaction(SIGRT_20, {sa_handler=0x6040d1560260, sa_mask=~[RTMIN RT_1], sa_flags=SA_RESTORER|SA_ONSTACK|SA_RESTART|SA_SIGINFO, sa_restorer=0x7c433dc45330}, NULL, 8) = 0
1094928 rt_sigaction(SIGRT_21, NULL, {sa_handler=SIG_DFL, sa_mask=[], sa_flags=0}, 8) = 0
1094928 rt_sigaction(SIGRT_21, {sa_handler=0x6040d1560260, sa_mask=~[RTMIN RT_1], sa_flags=SA_RESTORER|SA_ONSTACK|SA_RESTART|SA_SIGINFO, sa_restorer=0x7c433dc45330}, NULL, 8) = 0
1094928 rt_sigaction(SIGRT_22, NULL, {sa_handler=SIG_DFL, sa_mask=[], sa_flags=0}, 8) = 0
1094928 rt_sigaction(SIGRT_22, {sa_handler=0x6040d1560260, sa_mask=~[RTMIN RT_1], sa_flags=SA_RESTORER|SA_ONSTACK|SA_RESTART|SA_SIGINFO, sa_restorer=0x7c433dc45330}, NULL, 8) = 0
1094928 rt_sigaction(SIGRT_23, NULL, {sa_handler=SIG_DFL, sa_mask=[], sa_flags=0}, 8) = 0
1094928 rt_sigaction(SIGRT_23, {sa_handler=0x6040d1560260, sa_mask=~[RTMIN RT_1], sa_flags=SA_RESTORER|SA_ONSTACK|SA_RESTART|SA_SIGINFO, sa_restorer=0x7c433dc45330}, NULL, 8) = 0
1094928 rt_sigaction(SIGRT_24, NULL, {sa_handler=SIG_DFL, sa_mask=[], sa_flags=0}, 8) = 0
1094928 rt_sigaction(SIGRT_24, {sa_handler=0x6040d1560260, sa_mask=~[RTMIN RT_1], sa_flags=SA_RESTORER|SA_ONSTACK|SA_RESTART|SA_SIGINFO, sa_restorer=0x7c433dc45330}, NULL, 8) = 0
1094928 rt_sigaction(SIGRT_25, NULL, {sa_handler=SIG_DFL, sa_mask=[], sa_flags=0}, 8) = 0
1094928 rt_sigaction(SIGRT_25, {sa_handler=0x6040d1560260, sa_mask=~[RTMIN RT_1], sa_flags=SA_RESTORER|SA_ONSTACK|SA_RESTART|SA_SIGINFO, sa_restorer=0x7c433dc45330}, NULL, 8) = 0
1094928 rt_sigaction(SIGRT_26, NULL, {sa_handler=SIG_DFL, sa_mask=[], sa_flags=0}, 8) = 0
1094928 rt_sigaction(SIGRT_26, {sa_handler=0x6040d1560260, sa_mask=~[RTMIN RT_1], sa_flags=SA_RESTORER|SA_ONSTACK|SA_RESTART|SA_SIGINFO, sa_restorer=0x7c433dc45330}, NULL, 8) = 0
1094928 rt_sigaction(SIGRT_27, NULL, {sa_handler=SIG_DFL, sa_mask=[], sa_flags=0}, 8) = 0
1094928 rt_sigaction(SIGRT_27, {sa_handler=0x6040d1560260, sa_mask=~[RTMIN RT_1], sa_flags=SA_RESTORER|SA_ONSTACK|SA_RESTART|SA_SIGINFO, sa_restorer=0x7c433dc45330}, NULL, 8) = 0
1094928 rt_sigaction(SIGRT_28, NULL, {sa_handler=SIG_DFL, sa_mask=[], sa_flags=0}, 8) = 0
1094928 rt_sigaction(SIGRT_28, {sa_handler=0x6040d1560260, sa_mask=~[RTMIN RT_1], sa_flags=SA_RESTORER|SA_ONSTACK|SA_RESTART|SA_SIGINFO, sa_restorer=0x7c433dc45330}, NULL, 8) = 0
1094928 rt_sigaction(SIGRT_29, NULL, {sa_handler=SIG_DFL, sa_mask=[], sa_flags=0}, 8) = 0
1094928 rt_sigaction(SIGRT_29, {sa_handler=0x6040d1560260, sa_mask=~[RTMIN RT_1], sa_flags=SA_RESTORER|SA_ONSTACK|SA_RESTART|SA_SIGINFO, sa_restorer=0x7c433dc45330}, NULL, 8) = 0
1094928 rt_sigaction(SIGRT_30, NULL, {sa_handler=SIG_DFL, sa_mask=[], sa_flags=0}, 8) = 0
1094928 rt_sigaction(SIGRT_30, {sa_handler=0x6040d1560260, sa_mask=~[RTMIN RT_1], sa_flags=SA_RESTORER|SA_ONSTACK|SA_RESTART|SA_SIGINFO, sa_restorer=0x7c433dc45330}, NULL, 8) = 0
1094928 rt_sigaction(SIGRT_31, NULL, {sa_handler=SIG_DFL, sa_mask=[], sa_flags=0}, 8) = 0
1094928 rt_sigaction(SIGRT_31, {sa_handler=0x6040d1560260, sa_mask=~[RTMIN RT_1], sa_flags=SA_RESTORER|SA_ONSTACK|SA_RESTART|SA_SIGINFO, sa_restorer=0x7c433dc45330}, NULL, 8) = 0
1094928 rt_sigaction(SIGRT_32, NULL, {sa_handler=SIG_DFL, sa_mask=[], sa_flags=0}, 8) = 0
1094928 rt_sigaction(SIGRT_32, {sa_handler=0x6040d1560260, sa_mask=~[RTMIN RT_1], sa_flags=SA_RESTORER|SA_ONSTACK|SA_RESTART|SA_SIGINFO, sa_restorer=0x7c433dc45330}, NULL, 8) = 0
1094928 mmap(NULL, 262144, PROT_READ|PROT_WRITE, MAP_PRIVATE|MAP_ANONYMOUS, -1, 0) = 0x7c42f71a0000
1094928 prctl(PR_SET_VMA, PR_SET_VMA_ANON_NAME, 0x7c42f71a0000, 262144, " Go: immortal metadata") = 0
1094928 rt_sigprocmask(SIG_SETMASK, ~[RTMIN RT_1], [], 8) = 0
1094928 rt_sigaction(SIGRT_1, {sa_handler=0x7c433dc99530, sa_mask=[], sa_flags=SA_RESTORER|SA_ONSTACK|SA_RESTART|SA_SIGINFO, sa_restorer=0x7c433dc45330}, NULL, 8) = 0
1094928 rt_sigprocmask(SIG_UNBLOCK, [RTMIN RT_1], NULL, 8) = 0
1094928 mmap(NULL, 8392704, PROT_NONE, MAP_PRIVATE|MAP_ANONYMOUS|MAP_STACK, -1, 0) = 0x7c42f699f000
1094928 mprotect(0x7c42f69a0000, 8388608, PROT_READ|PROT_WRITE) = 0
1094928 rt_sigprocmask(SIG_BLOCK, ~[], ~[KILL STOP RTMIN RT_1], 8) = 0
1094928 clone3({flags=CLONE_VM|CLONE_FS|CLONE_FILES|CLONE_SIGHAND|CLONE_THREAD|CLONE_SYSVSEM|CLONE_SETTLS|CLONE_PARENT_SETTID|CLONE_CHILD_CLEARTID, child_tid=0x7c42f719f990, parent_tid=0x7c42f719f990, exit_signal=0, stack=0x7c42f699f000, stack_size=0x7ffac0, tls=0x7c42f719f6c0} => {parent_tid=[1094929]}, 88) = 1094929
1094929 rseq(0x7c42f719ffe0, 0x20, 0, 0x53053053 <unfinished ...>
1094928 rt_sigprocmask(SIG_SETMASK, ~[KILL STOP RTMIN RT_1], NULL, 8) = 0
1094929 <... rseq resumed>)             = 0
1094928 rt_sigprocmask(SIG_SETMASK, [],  <unfinished ...>
1094929 set_robust_list(0x7c42f719f9a0, 24 <unfinished ...>
1094928 <... rt_sigprocmask resumed>NULL, 8) = 0
1094928 rt_sigprocmask(SIG_SETMASK, ~[RTMIN RT_1],  <unfinished ...>
1094929 <... set_robust_list resumed>)  = 0
1094929 rt_sigprocmask(SIG_SETMASK, ~[KILL STOP RTMIN RT_1], NULL, 8) = 0
1094928 <... rt_sigprocmask resumed>[], 8) = 0
1094929 sigaltstack(NULL,  <unfinished ...>
1094928 mmap(NULL, 8392704, PROT_NONE, MAP_PRIVATE|MAP_ANONYMOUS|MAP_STACK, -1, 0 <unfinished ...>
1094929 <... sigaltstack resumed>{ss_sp=NULL, ss_flags=SS_DISABLE, ss_size=0}) = 0
1094928 <... mmap resumed>)             = 0x7c42f619e000
1094929 sigaltstack({ss_sp=0x33aff2f4a000, ss_flags=0, ss_size=32768},  <unfinished ...>
1094928 mprotect(0x7c42f619f000, 8388608, PROT_READ|PROT_WRITE <unfinished ...>
1094929 <... sigaltstack resumed>NULL)  = 0
1094928 <... mprotect resumed>)         = 0
1094929 rt_sigprocmask(SIG_SETMASK, [], NULL, 8) = 0
1094928 rt_sigprocmask(SIG_BLOCK, ~[],  <unfinished ...>
1094929 gettid()                        = 1094929
1094928 <... rt_sigprocmask resumed>~[KILL STOP RTMIN RT_1], 8) = 0
1094929 nanosleep({tv_sec=0, tv_nsec=20000},  <unfinished ...>
1094928 clone3({flags=CLONE_VM|CLONE_FS|CLONE_FILES|CLONE_SIGHAND|CLONE_THREAD|CLONE_SYSVSEM|CLONE_SETTLS|CLONE_PARENT_SETTID|CLONE_CHILD_CLEARTID, child_tid=0x7c42f699e990, parent_tid=0x7c42f699e990, exit_signal=0, stack=0x7c42f619e000, stack_size=0x7ffac0, tls=0x7c42f699e6c0} <unfinished ...>
1094929 <... nanosleep resumed>NULL)    = 0
1094929 sched_getaffinity(0, 8192,  <unfinished ...>
1094928 <... clone3 resumed> => {parent_tid=[1094930]}, 88) = 1094930
1094928 rt_sigprocmask(SIG_SETMASK, ~[KILL STOP RTMIN RT_1],  <unfinished ...>
1094929 <... sched_getaffinity resumed>[0 1]) = 8
1094928 <... rt_sigprocmask resumed>NULL, 8) = 0
1094929 pread64(3,  <unfinished ...>
1094928 rt_sigprocmask(SIG_SETMASK, [],  <unfinished ...>
1094929 <... pread64 resumed>"max 100000\n", 64, 0) = 11
1094928 <... rt_sigprocmask resumed>NULL, 8) = 0
1094928 rt_sigprocmask(SIG_SETMASK, ~[RTMIN RT_1],  <unfinished ...>
1094929 getpid( <unfinished ...>
1094928 <... rt_sigprocmask resumed>[], 8) = 0
1094928 mmap(NULL, 8392704, PROT_NONE, MAP_PRIVATE|MAP_ANONYMOUS|MAP_STACK, -1, 0 <unfinished ...>
1094929 <... getpid resumed>)           = 1094928
1094928 <... mmap resumed>)             = 0x7c42f599d000
1094929 tgkill(1094928, 1094928, SIGURG) = 0
1094928 mprotect(0x7c42f599e000, 8388608, PROT_READ|PROT_WRITE <unfinished ...>
1094929 nanosleep({tv_sec=0, tv_nsec=20000},  <unfinished ...>
1094928 <... mprotect resumed>)         = 0
1094928 rt_sigprocmask(SIG_BLOCK, ~[], ~[KILL STOP RTMIN RT_1], 8) = 0
1094929 <... nanosleep resumed>NULL)    = 0
1094928 clone3({flags=CLONE_VM|CLONE_FS|CLONE_FILES|CLONE_SIGHAND|CLONE_THREAD|CLONE_SYSVSEM|CLONE_SETTLS|CLONE_PARENT_SETTID|CLONE_CHILD_CLEARTID, child_tid=0x7c42f619d990, parent_tid=0x7c42f619d990, exit_signal=0, stack=0x7c42f599d000, stack_size=0x7ffac0, tls=0x7c42f619d6c0} <unfinished ...>
1094929 nanosleep({tv_sec=0, tv_nsec=20000},  <unfinished ...>
1094928 <... clone3 resumed> => {parent_tid=[1094931]}, 88) = 1094931
1094928 rt_sigprocmask(SIG_SETMASK, ~[KILL STOP RTMIN RT_1], NULL, 8) = 0
1094928 rt_sigprocmask(SIG_SETMASK, [],  <unfinished ...>
1094929 <... nanosleep resumed>NULL)    = 0
1094929 nanosleep({tv_sec=0, tv_nsec=20000},  <unfinished ...>
1094928 <... rt_sigprocmask resumed>NULL, 8) = 0
1094928 --- SIGURG {si_signo=SIGURG, si_code=SI_TKILL, si_pid=1094928, si_uid=0} ---
1094928 rt_sigreturn({mask=[]})         = 0
1094929 <... nanosleep resumed>NULL)    = 0
1094928 futex(0x6040d5c037d8, FUTEX_WAIT_PRIVATE, 0, NULL <unfinished ...>
1094929 nanosleep({tv_sec=0, tv_nsec=20000}, NULL) = 0
1094929 nanosleep({tv_sec=0, tv_nsec=20000},  <unfinished ...>
1094930 rseq(0x7c42f699efe0, 0x20, 0, 0x53053053 <unfinished ...>
1094931 rseq(0x7c42f619dfe0, 0x20, 0, 0x53053053 <unfinished ...>
1094930 <... rseq resumed>)             = 0
1094931 <... rseq resumed>)             = 0
1094930 set_robust_list(0x7c42f699e9a0, 24 <unfinished ...>
1094931 set_robust_list(0x7c42f619d9a0, 24 <unfinished ...>
1094930 <... set_robust_list resumed>)  = 0
1094931 <... set_robust_list resumed>)  = 0
1094930 rt_sigprocmask(SIG_SETMASK, ~[KILL STOP RTMIN RT_1],  <unfinished ...>
1094931 rt_sigprocmask(SIG_SETMASK, ~[KILL STOP RTMIN RT_1], NULL, 8) = 0
1094930 <... rt_sigprocmask resumed>NULL, 8) = 0
1094931 sigaltstack(NULL,  <unfinished ...>
1094930 sigaltstack(NULL,  <unfinished ...>
1094931 <... sigaltstack resumed>{ss_sp=NULL, ss_flags=SS_DISABLE, ss_size=0}) = 0
1094930 <... sigaltstack resumed>{ss_sp=NULL, ss_flags=SS_DISABLE, ss_size=0}) = 0
1094931 sigaltstack({ss_sp=0x33aff2f5e000, ss_flags=0, ss_size=32768},  <unfinished ...>
1094930 sigaltstack({ss_sp=0x33aff2f56000, ss_flags=0, ss_size=32768},  <unfinished ...>
1094931 <... sigaltstack resumed>NULL)  = 0
1094930 <... sigaltstack resumed>NULL)  = 0
1094931 rt_sigprocmask(SIG_SETMASK, [],  <unfinished ...>
1094930 rt_sigprocmask(SIG_SETMASK, [],  <unfinished ...>
1094931 <... rt_sigprocmask resumed>NULL, 8) = 0
1094930 <... rt_sigprocmask resumed>NULL, 8) = 0
1094931 gettid( <unfinished ...>
1094930 gettid( <unfinished ...>
1094931 <... gettid resumed>)           = 1094931
1094930 <... gettid resumed>)           = 1094930
1094931 futex(0x6040d5c037d8, FUTEX_WAKE_PRIVATE, 1 <unfinished ...>
1094928 <... futex resumed>)            = 0
1094931 <... futex resumed>)            = 1
1094930 futex(0x33aff2f39160, FUTEX_WAIT_PRIVATE, 0, NULL <unfinished ...>
1094929 <... nanosleep resumed>NULL)    = 0
1094928 futex(0x33aff2f39160, FUTEX_WAKE_PRIVATE, 1 <unfinished ...>
1094931 futex(0x33aff2f39960, FUTEX_WAIT_PRIVATE, 0, NULL <unfinished ...>
1094930 <... futex resumed>)            = -1 EAGAIN (Resource temporarily unavailable)
1094929 nanosleep({tv_sec=0, tv_nsec=20000},  <unfinished ...>
1094928 <... futex resumed>)            = 0
1094930 nanosleep({tv_sec=0, tv_nsec=3000},  <unfinished ...>
1094928 futex(0x33aff2f39960, FUTEX_WAKE_PRIVATE, 1 <unfinished ...>
1094929 <... nanosleep resumed>NULL)    = 0
1094928 <... futex resumed>)            = 1
1094931 <... futex resumed>)            = 0
1094929 nanosleep({tv_sec=0, tv_nsec=20000},  <unfinished ...>
1094928 futex(0x6040d5c037d8, FUTEX_WAIT_PRIVATE, 0, NULL <unfinished ...>
1094930 <... nanosleep resumed>NULL)    = 0
1094928 <... futex resumed>)            = -1 EAGAIN (Resource temporarily unavailable)
1094931 futex(0x6040d5c037d8, FUTEX_WAKE_PRIVATE, 1 <unfinished ...>
1094928 futex(0x33aff2f39160, FUTEX_WAKE_PRIVATE, 1 <unfinished ...>
1094930 futex(0x33aff2f39160, FUTEX_WAIT_PRIVATE, 0, NULL <unfinished ...>
1094929 <... nanosleep resumed>NULL)    = 0
1094928 <... futex resumed>)            = 0
1094931 <... futex resumed>)            = 0
1094930 <... futex resumed>)            = -1 EAGAIN (Resource temporarily unavailable)
1094929 nanosleep({tv_sec=0, tv_nsec=20000},  <unfinished ...>
1094928 mmap(NULL, 1439992, PROT_READ|PROT_WRITE, MAP_PRIVATE|MAP_ANONYMOUS, -1, 0 <unfinished ...>
1094931 futex(0x33aff2f39960, FUTEX_WAIT_PRIVATE, 0, NULL <unfinished ...>
1094930 nanosleep({tv_sec=0, tv_nsec=3000},  <unfinished ...>
1094928 <... mmap resumed>)             = 0x7c42f583d000
1094928 prctl(PR_SET_VMA, PR_SET_VMA_ANON_NAME, 0x7c42f583d000, 1439992, " Go: profiler hash buckets" <unfinished ...>
1094929 <... nanosleep resumed>NULL)    = 0
1094928 <... prctl resumed>)            = 0
1094930 <... nanosleep resumed>NULL)    = 0
1094929 nanosleep({tv_sec=0, tv_nsec=20000},  <unfinished ...>
1094928 rt_sigprocmask(SIG_SETMASK, ~[RTMIN RT_1],  <unfinished ...>
1094930 futex(0x33aff2f39160, FUTEX_WAIT_PRIVATE, 0, NULL <unfinished ...>
1094928 <... rt_sigprocmask resumed>[], 8) = 0
1094929 <... nanosleep resumed>NULL)    = 0
1094929 nanosleep({tv_sec=0, tv_nsec=20000},  <unfinished ...>
1094928 mmap(NULL, 8392704, PROT_NONE, MAP_PRIVATE|MAP_ANONYMOUS|MAP_STACK, -1, 0) = 0x7c42f503c000
1094928 mprotect(0x7c42f503d000, 8388608, PROT_READ|PROT_WRITE) = 0
1094929 <... nanosleep resumed>NULL)    = 0
1094929 nanosleep({tv_sec=0, tv_nsec=20000},  <unfinished ...>
1094928 rt_sigprocmask(SIG_BLOCK, ~[], ~[KILL STOP RTMIN RT_1], 8) = 0
1094928 clone3({flags=CLONE_VM|CLONE_FS|CLONE_FILES|CLONE_SIGHAND|CLONE_THREAD|CLONE_SYSVSEM|CLONE_SETTLS|CLONE_PARENT_SETTID|CLONE_CHILD_CLEARTID, child_tid=0x7c42f583c990, parent_tid=0x7c42f583c990, exit_signal=0, stack=0x7c42f503c000, stack_size=0x7ffac0, tls=0x7c42f583c6c0} <unfinished ...>
1094929 <... nanosleep resumed>NULL)    = 0
1094929 nanosleep({tv_sec=0, tv_nsec=20000},  <unfinished ...>
1094928 <... clone3 resumed> => {parent_tid=[1094932]}, 88) = 1094932
1094929 <... nanosleep resumed>NULL)    = 0
1094929 nanosleep({tv_sec=0, tv_nsec=20000},  <unfinished ...>
1094932 rseq(0x7c42f583cfe0, 0x20, 0, 0x53053053) = 0
1094932 set_robust_list(0x7c42f583c9a0, 24 <unfinished ...>
1094929 <... nanosleep resumed>NULL)    = 0
1094928 rt_sigprocmask(SIG_SETMASK, ~[KILL STOP RTMIN RT_1],  <unfinished ...>
1094932 <... set_robust_list resumed>)  = 0
1094929 nanosleep({tv_sec=0, tv_nsec=20000},  <unfinished ...>
1094928 <... rt_sigprocmask resumed>NULL, 8) = 0
1094932 rt_sigprocmask(SIG_SETMASK, ~[KILL STOP RTMIN RT_1],  <unfinished ...>
1094928 rt_sigprocmask(SIG_SETMASK, [],  <unfinished ...>
1094932 <... rt_sigprocmask resumed>NULL, 8) = 0
1094928 <... rt_sigprocmask resumed>NULL, 8) = 0
1094932 sigaltstack(NULL,  <unfinished ...>
1094928 prlimit64(0, RLIMIT_NOFILE, NULL,  <unfinished ...>
1094932 <... sigaltstack resumed>{ss_sp=NULL, ss_flags=SS_DISABLE, ss_size=0}) = 0
1094929 <... nanosleep resumed>NULL)    = 0
1094929 nanosleep({tv_sec=0, tv_nsec=20000},  <unfinished ...>
1094932 sigaltstack({ss_sp=0x33aff2f6c000, ss_flags=0, ss_size=32768}, NULL) = 0
1094932 rt_sigprocmask(SIG_SETMASK, [], NULL, 8) = 0
1094929 <... nanosleep resumed>NULL)    = 0
1094929 nanosleep({tv_sec=0, tv_nsec=20000},  <unfinished ...>
1094932 gettid()                        = 1094932
1094932 futex(0x6040d828f2b8, FUTEX_WAIT_PRIVATE, 0, NULL <unfinished ...>
1094928 <... prlimit64 resumed>{rlim_cur=1024*1024, rlim_max=1024*1024}) = 0
1094929 <... nanosleep resumed>NULL)    = 0
1094929 nanosleep({tv_sec=0, tv_nsec=20000}, NULL) = 0
1094929 nanosleep({tv_sec=0, tv_nsec=20000},  <unfinished ...>
1094928 fcntl(0, F_GETFL)               = 0x2 (flags O_RDWR)
1094929 <... nanosleep resumed>NULL)    = 0
1094929 nanosleep({tv_sec=0, tv_nsec=20000},  <unfinished ...>
1094928 futex(0x33aff2f39160, FUTEX_WAKE_PRIVATE, 1) = 1
1094930 <... futex resumed>)            = 0
1094928 fcntl(1, F_GETFL <unfinished ...>
1094930 nanosleep({tv_sec=0, tv_nsec=3000},  <unfinished ...>
1094929 <... nanosleep resumed>NULL)    = 0
1094929 nanosleep({tv_sec=0, tv_nsec=20000},  <unfinished ...>
1094928 <... fcntl resumed>)            = 0x2 (flags O_RDWR)
1094928 fcntl(2, F_GETFL <unfinished ...>
1094930 <... nanosleep resumed>NULL)    = 0
1094928 <... fcntl resumed>)            = 0x2 (flags O_RDWR)
1094930 futex(0x33aff2f39160, FUTEX_WAIT_PRIVATE, 0, NULL <unfinished ...>
1094929 <... nanosleep resumed>NULL)    = 0
1094929 nanosleep({tv_sec=0, tv_nsec=20000}, NULL) = 0
1094929 nanosleep({tv_sec=0, tv_nsec=20000}, NULL) = 0
1094929 nanosleep({tv_sec=0, tv_nsec=20000}, NULL) = 0
1094929 nanosleep({tv_sec=0, tv_nsec=20000}, NULL) = 0
1094929 nanosleep({tv_sec=0, tv_nsec=20000}, NULL) = 0
1094929 nanosleep({tv_sec=0, tv_nsec=20000}, NULL) = 0
1094929 nanosleep({tv_sec=0, tv_nsec=20000}, NULL) = 0
1094929 nanosleep({tv_sec=0, tv_nsec=20000}, NULL) = 0
1094929 nanosleep({tv_sec=0, tv_nsec=20000}, NULL) = 0
1094929 nanosleep({tv_sec=0, tv_nsec=20000}, NULL) = 0
1094929 nanosleep({tv_sec=0, tv_nsec=20000}, NULL) = 0
1094929 nanosleep({tv_sec=0, tv_nsec=20000}, NULL) = 0
1094929 nanosleep({tv_sec=0, tv_nsec=20000}, NULL) = 0
1094929 nanosleep({tv_sec=0, tv_nsec=20000}, NULL) = 0
1094929 nanosleep({tv_sec=0, tv_nsec=20000}, NULL) = 0
1094929 nanosleep({tv_sec=0, tv_nsec=20000}, NULL) = 0
1094929 nanosleep({tv_sec=0, tv_nsec=20000}, NULL) = 0
1094929 nanosleep({tv_sec=0, tv_nsec=20000}, NULL) = 0
1094929 nanosleep({tv_sec=0, tv_nsec=20000}, NULL) = 0
1094929 nanosleep({tv_sec=0, tv_nsec=20000}, NULL) = 0
1094929 nanosleep({tv_sec=0, tv_nsec=20000}, NULL) = 0
1094929 nanosleep({tv_sec=0, tv_nsec=20000}, NULL) = 0
1094929 nanosleep({tv_sec=0, tv_nsec=20000}, NULL) = 0
1094929 nanosleep({tv_sec=0, tv_nsec=20000}, NULL) = 0
1094929 nanosleep({tv_sec=0, tv_nsec=20000}, NULL) = 0
1094929 nanosleep({tv_sec=0, tv_nsec=20000}, NULL) = 0
1094929 nanosleep({tv_sec=0, tv_nsec=20000}, NULL) = 0
1094929 nanosleep({tv_sec=0, tv_nsec=20000}, NULL) = 0
1094929 nanosleep({tv_sec=0, tv_nsec=20000}, NULL) = 0
1094929 nanosleep({tv_sec=0, tv_nsec=20000}, NULL) = 0
1094928 mmap(0x33aff3000000, 4194304, PROT_READ|PROT_WRITE, MAP_PRIVATE|MAP_FIXED|MAP_ANONYMOUS, -1, 0 <unfinished ...>
1094929 nanosleep({tv_sec=0, tv_nsec=40000},  <unfinished ...>
1094928 <... mmap resumed>)             = 0x33aff3000000
1094929 <... nanosleep resumed>NULL)    = 0
1094929 nanosleep({tv_sec=0, tv_nsec=80000},  <unfinished ...>
1094928 prctl(PR_SET_VMA, PR_SET_VMA_ANON_NAME, 0x33aff3000000, 4194304, " Go: heap" <unfinished ...>
1094929 <... nanosleep resumed>NULL)    = 0
1094929 nanosleep({tv_sec=0, tv_nsec=160000},  <unfinished ...>
1094928 <... prctl resumed>)            = 0
1094929 <... nanosleep resumed>NULL)    = 0
1094929 nanosleep({tv_sec=0, tv_nsec=320000}, NULL) = 0
1094929 getpid()                        = 1094928
1094929 tgkill(1094928, 1094928, SIGURG) = 0
1094929 nanosleep({tv_sec=0, tv_nsec=640000},  <unfinished ...>
1094928 --- SIGURG {si_signo=SIGURG, si_code=SI_TKILL, si_pid=1094928, si_uid=0} ---
1094928 rt_sigreturn({mask=[]})         = 105831554407840
1094929 <... nanosleep resumed>NULL)    = 0
1094929 getpid()                        = 1094928
1094929 tgkill(1094928, 1094928, SIGURG) = 0
1094929 nanosleep({tv_sec=0, tv_nsec=1280000},  <unfinished ...>
1094928 --- SIGURG {si_signo=SIGURG, si_code=SI_TKILL, si_pid=1094928, si_uid=0} ---
1094928 rt_sigreturn({mask=[]})         = 56830789156864
1094928 futex(0x33aff2f39160, FUTEX_WAKE_PRIVATE, 1) = 1
1094928 futex(0x33aff2f39960, FUTEX_WAKE_PRIVATE, 1 <unfinished ...>
1094930 <... futex resumed>)            = 0
1094928 <... futex resumed>)            = 1
1094930 futex(0x6040d5c037d8, FUTEX_WAKE_PRIVATE, 1 <unfinished ...>
1094931 <... futex resumed>)            = 0
1094930 <... futex resumed>)            = 0
1094931 futex(0x33aff2f39960, FUTEX_WAIT_PRIVATE, 0, NULL <unfinished ...>
1094930 futex(0x33aff2f39160, FUTEX_WAIT_PRIVATE, 0, NULL <unfinished ...>
1094928 mmap(NULL, 262144, PROT_READ|PROT_WRITE, MAP_PRIVATE|MAP_ANONYMOUS, -1, 0) = 0x7c42f4ffc000
1094928 prctl(PR_SET_VMA, PR_SET_VMA_ANON_NAME, 0x7c42f4ffc000, 262144, " Go: immortal metadata") = 0
1094929 <... nanosleep resumed>NULL)    = 0
1094929 nanosleep({tv_sec=0, tv_nsec=2560000},  <unfinished ...>
1094928 getpid()                        = 1094928
1094928 openat(AT_FDCWD, "/proc/self/auxv", O_RDONLY|O_CLOEXEC) = 4
1094928 fcntl(4, F_GETFL)               = 0x8000 (flags O_RDONLY|O_LARGEFILE)
1094928 fcntl(4, F_SETFL, O_RDONLY|O_NONBLOCK|O_LARGEFILE) = 0
1094928 epoll_create1(EPOLL_CLOEXEC)    = 5
1094928 eventfd2(0, EFD_CLOEXEC|EFD_NONBLOCK) = 6
1094928 epoll_ctl(5, EPOLL_CTL_ADD, 6, {events=EPOLLIN, data={u32=3626555880, u64=105831620729320}}) = 0
1094928 epoll_ctl(5, EPOLL_CTL_ADD, 4, {events=EPOLLIN|EPOLLOUT|EPOLLRDHUP|EPOLLET, data={u32=134217729, u64=4476994194891603969}}) = -1 EPERM (Operation not permitted)
1094928 fcntl(4, F_GETFL)               = 0x8800 (flags O_RDONLY|O_NONBLOCK|O_LARGEFILE)
1094928 fcntl(4, F_SETFL, O_RDONLY|O_LARGEFILE) = 0
1094928 fstat(4, {st_mode=S_IFREG|0400, st_size=0, ...}) = 0
1094928 read(4, "!\0\0\0\0\0\0\0\0\200\232\356\377\177\0\0003\0\0\0\0\0\0\0\360\6\0\0\0\0\0\0\20\0\0\0\0\0\0\0\377\373\213\37\0\0\0\0\6\0\0\0\0\0\0\0\0\20\0\0\0\0\0\0\21\0\0\0\0\0\0\0d\0\0\0\0\0\0\0\3\0\0\0\0\0\0\0@\0`\315@`\0\0\4\0\0\0\0\0\0\08\0\0\0\0\0\0\0\5\0\0\0\0\0\0\0\20\0\0\0\0\0\0\0\7\0\0\0\0\0\0\0\0\360\374=C|\0\0\10\0\0\0\0\0\0\0\0\0\0\0\0\0\0\0\t\0\0\0\0\0\0\0\0@L\321@`\0\0\v\0\0\0\0\0\0\0\0\0\0\0\0\0\0\0\f\0\0\0\0\0\0\0\0\0\0\0\0\0\0\0\r\0\0\0\0\0\0\0\0\0\0\0\0\0\0\0\16\0\0\0\0\0\0\0\0\0\0\0\0\0\0\0\27\0\0\0\0\0\0\0\0\0\0\0\0\0\0\0\31\0\0\0\0\0\0\0)n\231\356\377\177\0\0\32\0\0\0\0\0\0\0\2\0\0\0\0\0\0\0\37\0\0\0\0\0\0\0r\217\231\356\377\177\0\0\17\0\0\0\0\0\0\09n\231\356\377\177\0\0\33\0\0\0\0\0\0\0\34\0\0\0\0\0\0\0\34\0\0\0\0\0\0\0 \0\0\0\0\0\0\0\0\0\0\0\0\0\0\0\0\0\0\0\0\0\0\0", 512) = 368
1094928 read(4, "", 912)                = 0
1094928 close(4)                        = 0
1094928 openat(0, "/proc/self", O_RDONLY|O_DIRECTORY) = 4
1094928 openat(4, "smaps", O_RDONLY)    = 7
1094928 read(7, "2df5c0000000-2df5ffc00000 ---p 00000000 00:00 0                 ", 64) = 64
1094928 read(7, "         [anon:tcmalloc_region_METADATA]\nSize:            104448", 64) = 64
1094928 read(7, "0 kB\nKernelPageSize:        4 kB\nMMUPageSize:           4 kB\nRss", 64) = 64
1094928 read(7, ":                   0 kB\nPss:                   0 kB\nPss_Dirty: ", 64) = 64
1094928 read(7, "            0 kB\nShared_Clean:          0 kB\nShared_Dirty:      ", 64) = 64
1094928 read(7, "    0 kB\nPrivate_Clean:         0 kB\nPrivate_Dirty:         0 kB", 64) = 64
1094928 read(7, "\nReferenced:            0 kB\nAnonymous:             0 kB\nKSM:   ", 64) = 64
1094928 read(7, "                0 kB\nLazyFree:              0 kB\nAnonHugePages: ", 64) = 64
1094928 read(7, "        0 kB\nShmemPmdMapped:        0 kB\nFilePmdMapped:         ", 64) = 64
1094928 read(7, "0 kB\nShared_Hugetlb:        0 kB\nPrivate_Hugetlb:       0 kB\nSwa", 64) = 64
1094928 read(7, "p:                  0 kB\nSwapPss:               0 kB\nLocked:    ", 64) = 64
1094928 read(7, "            0 kB\nTHPeligible:           0\nVmFlags: mr mw me sd \n", 64) = 64
1094928 read(7, "2df5ffc00000-2df600000000 rw-p 00000000 00:00 0                 ", 64) = 64
1094928 read(7, "         [anon:tcmalloc_region_METADATA]\nSize:               409", 64) = 64
1094928 read(7, "6 kB\nKernelPageSize:        4 kB\nMMUPageSize:           4 kB\nRss", 64) = 64
1094928 read(7, ":                1204 kB\nPss:                1204 kB\nPss_Dirty: ", 64) = 64
1094928 read(7, "         1204 kB\nShared_Clean:          0 kB\nShared_Dirty:      ", 64) = 64
1094928 read(7, "    0 kB\nPrivate_Clean:         0 kB\nPrivate_Dirty:      1204 kB", 64) = 64
1094928 read(7, "\nReferenced:         1204 kB\nAnonymous:          1204 kB\nKSM:   ", 64) = 64
1094928 read(7, "                0 kB\nLazyFree:              0 kB\nAnonHugePages: ", 64) = 64
1094928 read(7, "        0 kB\nShmemPmdMapped:        0 kB\nFilePmdMapped:         ", 64) = 64
1094928 read(7, "0 kB\nShared_Hugetlb:        0 kB\nPrivate_Hugetlb:       0 kB\nSwa", 64) = 64
1094928 read(7, "p:                  0 kB\nSwapPss:               0 kB\nLocked:    ", 64) = 64
1094928 read(7, "            0 kB\nTHPeligible:           0\nVmFlags: rd wr mr mw m", 64) = 64
1094928 read(7, "e ac sd \n33aff0000000-33aff2c00000 ---p 00000000 00:00 0        ", 64) = 64
1094929 <... nanosleep resumed>NULL)    = 0
1094929 epoll_pwait(5, [], 128, 0, NULL, 0) = 0
1094929 nanosleep({tv_sec=0, tv_nsec=5120000},  <unfinished ...>
1094928 read(7, "                  [anon: Go: heap reservation]\nSize:            ", 64) = 64
1094928 read(7, "  45056 kB\nKernelPageSize:        4 kB\nMMUPageSize:           4 ", 64) = 64
1094928 read(7, "kB\nRss:                   0 kB\nPss:                   0 kB\nPss_D", 64) = 64
1094928 read(7, "irty:             0 kB\nShared_Clean:          0 kB\nShared_Dirty:", 64) = 64
1094928 read(7, "          0 kB\nPrivate_Clean:         0 kB\nPrivate_Dirty:       ", 64) = 64
1094928 read(7, "  0 kB\nReferenced:            0 kB\nAnonymous:             0 kB\nK", 64) = 64
1094928 read(7, "SM:                   0 kB\nLazyFree:              0 kB\nAnonHugeP", 64) = 64
1094928 read(7, "ages:         0 kB\nShmemPmdMapped:        0 kB\nFilePmdMapped:   ", 64) = 64
1094928 read(7, "      0 kB\nShared_Hugetlb:        0 kB\nPrivate_Hugetlb:       0 ", 64) = 64
1094928 read(7, "kB\nSwap:                  0 kB\nSwapPss:               0 kB\nLocke", 64) = 64
1094928 read(7, "d:                0 kB\nTHPeligible:           0\nVmFlags: mr mw m", 64) = 64
1094928 read(7, "e sd \n33aff2c00000-33aff3400000 rw-p 00000000 00:00 0           ", 64) = 64
1094928 read(7, "               [anon: Go: heap]\nSize:               8192 kB\nKern", 64) = 64
1094928 read(7, "elPageSize:        4 kB\nMMUPageSize:           4 kB\nRss:        ", 64) = 64
1094928 read(7, "        1412 kB\nPss:                1412 kB\nPss_Dirty:          ", 64) = 64
1094928 read(7, "1412 kB\nShared_Clean:          0 kB\nShared_Dirty:          0 kB\n", 64) = 64
1094928 read(7, "Private_Clean:         0 kB\nPrivate_Dirty:      1412 kB\nReferenc", 64) = 64
1094928 read(7, "ed:         1412 kB\nAnonymous:          1412 kB\nKSM:            ", 64) = 64
1094928 read(7, "       0 kB\nLazyFree:              0 kB\nAnonHugePages:         0", 64) = 64
1094928 read(7, " kB\nShmemPmdMapped:        0 kB\nFilePmdMapped:         0 kB\nShar", 64) = 64
1094928 read(7, "ed_Hugetlb:        0 kB\nPrivate_Hugetlb:       0 kB\nSwap:       ", 64) = 64
1094928 read(7, "           0 kB\nSwapPss:               0 kB\nLocked:             ", 64) = 64
1094928 read(7, "   0 kB\nTHPeligible:           0\nVmFlags: rd wr mr mw me ac sd \n", 64) = 64
1094928 read(7, "33aff3400000-33aff4000000 ---p 00000000 00:00 0                 ", 64) = 64
1094928 read(7, "         [anon: Go: heap reservation]\nSize:              12288 k", 64) = 64
1094928 read(7, "B\nKernelPageSize:        4 kB\nMMUPageSize:           4 kB\nRss:  ", 64) = 64
1094928 read(7, "                 0 kB\nPss:                   0 kB\nPss_Dirty:    ", 64) = 64
1094928 read(7, "         0 kB\nShared_Clean:          0 kB\nShared_Dirty:         ", 64) = 64
1094928 read(7, " 0 kB\nPrivate_Clean:         0 kB\nPrivate_Dirty:         0 kB\nRe", 64) = 64
1094928 read(7, "ferenced:            0 kB\nAnonymous:             0 kB\nKSM:      ", 64) = 64
1094928 read(7, "             0 kB\nLazyFree:              0 kB\nAnonHugePages:    ", 64) = 64
1094928 read(7, "     0 kB\nShmemPmdMapped:        0 kB\nFilePmdMapped:         0 k", 64) = 64
1094928 read(7, "B\nShared_Hugetlb:        0 kB\nPrivate_Hugetlb:       0 kB\nSwap: ", 64) = 64
1094928 read(7, "                 0 kB\nSwapPss:               0 kB\nLocked:       ", 64) = 64
1094928 read(7, "         0 kB\nTHPeligible:           0\nVmFlags: mr mw me sd \n437", 64) = 64
1094928 read(7, "bc0000000-437bffe00000 ---p 00000000 00:00 0                    ", 64) = 64
1094928 read(7, "      [anon:tcmalloc_region_SAMPLED]\nSize:            1046528 kB", 64) = 64
1094928 read(7, "\nKernelPageSize:        4 kB\nMMUPageSize:           4 kB\nRss:   ", 64) = 64
1094928 read(7, "                0 kB\nPss:                   0 kB\nPss_Dirty:     ", 64) = 64
1094928 read(7, "        0 kB\nShared_Clean:          0 kB\nShared_Dirty:          ", 64) = 64
1094928 read(7, "0 kB\nPrivate_Clean:         0 kB\nPrivate_Dirty:         0 kB\nRef", 64) = 64
1094928 read(7, "erenced:            0 kB\nAnonymous:             0 kB\nKSM:       ", 64) = 64
1094928 read(7, "            0 kB\nLazyFree:              0 kB\nAnonHugePages:     ", 64) = 64
1094928 read(7, "    0 kB\nShmemPmdMapped:        0 kB\nFilePmdMapped:         0 kB", 64) = 64
1094928 read(7, "\nShared_Hugetlb:        0 kB\nPrivate_Hugetlb:       0 kB\nSwap:  ", 64) = 64
1094928 read(7, "                0 kB\nSwapPss:               0 kB\nLocked:        ", 64) = 64
1094928 read(7, "        0 kB\nTHPeligible:           0\nVmFlags: mr mw me sd \n437b", 64) = 64
1094928 read(7, "ffe00000-437c00000000 rw-p 00000000 00:00 0                     ", 64) = 64
1094928 read(7, "     [anon:tcmalloc_region_SAMPLED]\nSize:               2048 kB\n", 64) = 64
1094928 read(7, "KernelPageSize:        4 kB\nMMUPageSize:           4 kB\nRss:    ", 64) = 64
1094928 read(7, "               4 kB\nPss:                   4 kB\nPss_Dirty:      ", 64) = 64
1094928 read(7, "       4 kB\nShared_Clean:          0 kB\nShared_Dirty:          0", 64) = 64
1094928 read(7, " kB\nPrivate_Clean:         0 kB\nPrivate_Dirty:         4 kB\nRefe", 64) = 64
1094928 read(7, "renced:            4 kB\nAnonymous:             4 kB\nKSM:        ", 64) = 64
1094928 read(7, "           0 kB\nLazyFree:              0 kB\nAnonHugePages:      ", 64) = 64
1094928 read(7, "   0 kB\nShmemPmdMapped:        0 kB\nFilePmdMapped:         0 kB\n", 64) = 64
1094928 read(7, "Shared_Hugetlb:        0 kB\nPrivate_Hugetlb:       0 kB\nSwap:   ", 64) = 64
1094928 read(7, "               0 kB\nSwapPss:               0 kB\nLocked:         ", 64) = 64
1094928 read(7, "       0 kB\nTHPeligible:           0\nVmFlags: rd wr mr mw me ac ", 64) = 64
1094928 read(7, "sd nh \n53a6c0000000-53a6ffc00000 ---p 00000000 00:00 0          ", 64) = 64
1094928 read(7, "                [anon:tcmalloc_region_NORMAL]\nSize:            1", 64) = 64
1094928 read(7, "044480 kB\nKernelPageSize:        4 kB\nMMUPageSize:           4 k", 64) = 64
1094928 read(7, "B\nRss:                   0 kB\nPss:                   0 kB\nPss_Di", 64) = 64
1094928 read(7, "rty:             0 kB\nShared_Clean:          0 kB\nShared_Dirty: ", 64) = 64
1094928 read(7, "         0 kB\nPrivate_Clean:         0 kB\nPrivate_Dirty:        ", 64) = 64
1094928 read(7, " 0 kB\nReferenced:            0 kB\nAnonymous:             0 kB\nKS", 64) = 64
1094928 read(7, "M:                   0 kB\nLazyFree:              0 kB\nAnonHugePa", 64) = 64
1094928 read(7, "ges:         0 kB\nShmemPmdMapped:        0 kB\nFilePmdMapped:    ", 64) = 64
1094928 read(7, "     0 kB\nShared_Hugetlb:        0 kB\nPrivate_Hugetlb:       0 k", 64) = 64
1094928 read(7, "B\nSwap:                  0 kB\nSwapPss:               0 kB\nLocked", 64) = 64
1094928 read(7, ":                0 kB\nTHPeligible:           0\nVmFlags: mr mw me", 64) = 64
1094928 read(7, " sd \n53a6ffc00000-53a700000000 rw-p 00000000 00:00 0            ", 64) = 64
1094928 read(7, "              [anon:tcmalloc_region_NORMAL]\nSize:               ", 64) = 64
1094928 read(7, "4096 kB\nKernelPageSize:        4 kB\nMMUPageSize:           4 kB\n", 64) = 64
1094928 read(7, "Rss:                 120 kB\nPss:                 120 kB\nPss_Dirt", 64) = 64
1094928 read(7, "y:           120 kB\nShared_Clean:          0 kB\nShared_Dirty:   ", 64) = 64
1094928 read(7, "       0 kB\nPrivate_Clean:         0 kB\nPrivate_Dirty:       120", 64) = 64
1094928 read(7, " kB\nReferenced:          120 kB\nAnonymous:           120 kB\nKSM:", 64) = 64
1094928 read(7, "                   0 kB\nLazyFree:              0 kB\nAnonHugePage", 64) = 64
1094928 read(7, "s:         0 kB\nShmemPmdMapped:        0 kB\nFilePmdMapped:      ", 64) = 64
1094928 read(7, "   0 kB\nShared_Hugetlb:        0 kB\nPrivate_Hugetlb:       0 kB\n", 64) = 64
1094928 read(7, "Swap:                  0 kB\nSwapPss:               0 kB\nLocked: ", 64) = 64
1094928 read(7, "               0 kB\nTHPeligible:           0\nVmFlags: rd wr mr m", 64) = 64
1094928 read(7, "w me ac sd \n6040cd600000-6040d3bc1000 r-xp 00000000 fd:01 397172", 64) = 64
1094928 read(7, "8                    /root/.antigravity-ide-server/bin/2.0.1-bf9", 64) = 64
1094928 read(7, "a033f33934fb4496d7eebed52486272437c3a/extensions/antigravity/bin", 64) = 64
1094928 read(7, "/language_server_linux_x64\nSize:             104196 kB\nKernelPag", 64) = 64
1094928 read(7, "eSize:        4 kB\nMMUPageSize:           4 kB\nRss:             ", 64) = 64
1094928 read(7,  <unfinished ...>
1094929 <... nanosleep resumed>NULL)    = 0
1094928 <... read resumed>"  32388 kB\nPss:                8306 kB\nPss_Dirty:             0 ", 64) = 64
1094929 nanosleep({tv_sec=0, tv_nsec=10000000},  <unfinished ...>
1094928 read(7, "kB\nShared_Clean:      32132 kB\nShared_Dirty:          0 kB\nPriva", 64) = 64
1094928 read(7, "te_Clean:       256 kB\nPrivate_Dirty:         0 kB\nReferenced:  ", 64) = 64
1094928 read(7, "      32388 kB\nAnonymous:             0 kB\nKSM:                 ", 64) = 64
1094928 read(7, "  0 kB\nLazyFree:              0 kB\nAnonHugePages:         0 kB\nS", 64) = 64
1094928 read(7, "hmemPmdMapped:        0 kB\nFilePmdMapped:         0 kB\nShared_Hu", 64) = 64
1094928 read(7, "getlb:        0 kB\nPrivate_Hugetlb:       0 kB\nSwap:            ", 64) = 64
1094928 read(7, "      0 kB\nSwapPss:               0 kB\nLocked:                0 ", 64) = 64
1094928 read(7, "kB\nTHPeligible:           0\nVmFlags: rd ex mr mw me sd \n6040d3e0", 64) = 64
1094928 read(7, "0000-6040d4fc9000 r--p 06600000 fd:01 3971728                   ", 64) = 64
1094928 read(7, " /root/.antigravity-ide-server/bin/2.0.1-bf9a033f33934fb4496d7ee", 64) = 64
1094928 read(7, "bed52486272437c3a/extensions/antigravity/bin/language_server_lin", 64) = 64
1094928 read(7, "ux_x64\nSize:              18212 kB\nKernelPageSize:        4 kB\nM", 64) = 64
1094928 read(7, "MUPageSize:           4 kB\nRss:               14932 kB\nPss:     ", 64) = 64
1094928 read(7, "          14350 kB\nPss_Dirty:         14152 kB\nShared_Clean:    ", 64) = 64
1094928 read(7, "    776 kB\nShared_Dirty:          0 kB\nPrivate_Clean:         4 ", 64) = 64
1094928 read(7, "kB\nPrivate_Dirty:     14152 kB\nReferenced:        14932 kB\nAnony", 64) = 64
1094928 read(7, "mous:         14152 kB\nKSM:                   0 kB\nLazyFree:    ", 64) = 64
1094928 read(7, "          0 kB\nAnonHugePages:         0 kB\nShmemPmdMapped:      ", 64) = 64
1094928 read(7, "  0 kB\nFilePmdMapped:         0 kB\nShared_Hugetlb:        0 kB\nP", 64) = 64
1094928 read(7, "rivate_Hugetlb:       0 kB\nSwap:                  0 kB\nSwapPss: ", 64) = 64
1094928 read(7, "              0 kB\nLocked:                0 kB\nTHPeligible:     ", 64) = 64
1094928 read(7, "      0\nVmFlags: rd mr mw me ac sd \n6040d5200000-6040d52cc000 rw", 64) = 64
1094928 read(7, "-p 07800000 fd:01 3971728                    /root/.antigravity-", 64) = 64
1094928 read(7, "ide-server/bin/2.0.1-bf9a033f33934fb4496d7eebed52486272437c3a/ex", 64) = 64
1094928 read(7, "tensions/antigravity/bin/language_server_linux_x64\nSize:        ", 64) = 64
1094928 read(7, "        816 kB\nKernelPageSize:        4 kB\nMMUPageSize:         ", 64) = 64
1094928 read(7, "  4 kB\nRss:                 804 kB\nPss:                 804 kB\nP", 64) = 64
1094928 read(7, "ss_Dirty:           804 kB\nShared_Clean:          0 kB\nShared_Di", 64) = 64
1094928 read(7, "rty:          0 kB\nPrivate_Clean:         0 kB\nPrivate_Dirty:   ", 64) = 64
1094928 read(7, "    804 kB\nReferenced:          804 kB\nAnonymous:           804 ", 64) = 64
1094928 read(7, "kB\nKSM:                   0 kB\nLazyFree:              0 kB\nAnonH", 64) = 64
1094928 read(7, "ugePages:         0 kB\nShmemPmdMapped:        0 kB\nFilePmdMapped", 64) = 64
1094928 read(7, ":         0 kB\nShared_Hugetlb:        0 kB\nPrivate_Hugetlb:     ", 64) = 64
1094928 read(7, "  0 kB\nSwap:                  0 kB\nSwapPss:               0 kB\nL", 64) = 64
1094928 read(7, "ocked:                0 kB\nTHPeligible:           0\nVmFlags: rd ", 64) = 64
1094928 read(7, "wr mr mw me ac sd \n6040d52cc000-6040d5400000 rw-p 00000000 00:00", 64) = 64
1094928 read(7, " 0 \nSize:               1232 kB\nKernelPageSize:        4 kB\nMMUP", 64) = 64
1094928 read(7, "ageSize:           4 kB\nRss:                1136 kB\nPss:        ", 64) = 64
1094928 read(7, "        1136 kB\nPss_Dirty:          1136 kB\nShared_Clean:       ", 64) = 64
1094928 read(7, "   0 kB\nShared_Dirty:          0 kB\nPrivate_Clean:         0 kB\n", 64) = 64
1094928 read(7, "Private_Dirty:      1136 kB\nReferenced:         1136 kB\nAnonymou", 64) = 64
1094928 read(7, "s:          1136 kB\nKSM:                   0 kB\nLazyFree:       ", 64) = 64
1094928 read(7, "       0 kB\nAnonHugePages:         0 kB\nShmemPmdMapped:        0", 64) = 64
1094928 read(7, " kB\nFilePmdMapped:         0 kB\nShared_Hugetlb:        0 kB\nPriv", 64) = 64
1094928 read(7, "ate_Hugetlb:       0 kB\nSwap:                  0 kB\nSwapPss:    ", 64) = 64
1094928 read(7, "           0 kB\nLocked:                0 kB\nTHPeligible:        ", 64) = 64
1094928 read(7, "   0\nVmFlags: rd wr mr mw me ac sd \n6040d5400000-6040d5a00000 rw", 64) = 64
1094928 read(7, "-p 00000000 00:00 0 \nSize:               6144 kB\nKernelPageSize:", 64) = 64
1094928 read(7, "        4 kB\nMMUPageSize:           4 kB\nRss:                  1", 64) = 64
1094928 read(7, "2 kB\nPss:                  12 kB\nPss_Dirty:            12 kB\nSha", 64) = 64
1094928 read(7, "red_Clean:          0 kB\nShared_Dirty:          0 kB\nPrivate_Cle", 64) = 64
1094928 read(7, "an:         0 kB\nPrivate_Dirty:        12 kB\nReferenced:        ", 64) = 64
1094928 read(7, "   12 kB\nAnonymous:            12 kB\nKSM:                   0 kB", 64) = 64
1094928 read(7, "\nLazyFree:              0 kB\nAnonHugePages:         0 kB\nShmemPm", 64) = 64
1094928 read(7, "dMapped:        0 kB\nFilePmdMapped:         0 kB\nShared_Hugetlb:", 64) = 64
1094928 read(7, "        0 kB\nPrivate_Hugetlb:       0 kB\nSwap:                  ", 64) = 64
1094928 read(7, "0 kB\nSwapPss:               0 kB\nLocked:                0 kB\nTHP", 64) = 64
1094928 read(7, "eligible:           0\nVmFlags: rd wr mr mw me ac sd nh \n6040d5a0", 64) = 64
1094928 read(7, "0000-6040d5c40000 rw-p 00000000 00:00 0 \nSize:               230", 64) = 64
1094928 read(7, "4 kB\nKernelPageSize:        4 kB\nMMUPageSize:           4 kB\nRss", 64) = 64
1094928 read(7, ":                 176 kB\nPss:                 176 kB\nPss_Dirty: ", 64) = 64
1094928 read(7, "          176 kB\nShared_Clean:          0 kB\nShared_Dirty:      ", 64) = 64
1094928 read(7, "    0 kB\nPrivate_Clean:         0 kB\nPrivate_Dirty:       176 kB", 64) = 64
1094928 read(7, "\nReferenced:          176 kB\nAnonymous:           176 kB\nKSM:   ", 64) = 64
1094928 read(7, "                0 kB\nLazyFree:              0 kB\nAnonHugePages: ", 64) = 64
1094928 read(7, "        0 kB\nShmemPmdMapped:        0 kB\nFilePmdMapped:         ", 64) = 64
1094928 read(7, "0 kB\nShared_Hugetlb:        0 kB\nPrivate_Hugetlb:       0 kB\nSwa", 64) = 64
1094928 read(7, "p:                  0 kB\nSwapPss:               0 kB\nLocked:    ", 64) = 64
1094928 read(7, "            0 kB\nTHPeligible:           0\nVmFlags: rd wr mr mw m", 64) = 64
1094928 read(7, "e ac sd \n6040d5e3f000-6040d5efd000 r--p 07a3f000 fd:01 3971728  ", 64) = 64
1094928 read(7, "                  /root/.antigravity-ide-server/bin/2.0.1-bf9a03", 64) = 64
1094928 read(7, "3f33934fb4496d7eebed52486272437c3a/extensions/antigravity/bin/la", 64) = 64
1094928 read(7, "nguage_server_linux_x64\nSize:                760 kB\nKernelPageSi", 64) = 64
1094928 read(7, "ze:        4 kB\nMMUPageSize:           4 kB\nRss:                ", 64) = 64
1094928 read(7, "   0 kB\nPss:                   0 kB\nPss_Dirty:             0 kB\n", 64) = 64
1094928 read(7, "Shared_Clean:          0 kB\nShared_Dirty:          0 kB\nPrivate_", 64) = 64
1094928 read(7, "Clean:         0 kB\nPrivate_Dirty:         0 kB\nReferenced:     ", 64) = 64
1094928 read(7, "       0 kB\nAnonymous:             0 kB\nKSM:                   0", 64) = 64
1094928 read(7, " kB\nLazyFree:              0 kB\nAnonHugePages:         0 kB\nShme", 64) = 64
1094928 read(7, "mPmdMapped:        0 kB\nFilePmdMapped:         0 kB\nShared_Huget", 64) = 64
1094928 read(7, "lb:        0 kB\nPrivate_Hugetlb:       0 kB\nSwap:               ", 64) = 64
1094928 read(7, "   0 kB\nSwapPss:               0 kB\nLocked:                0 kB\n", 64) = 64
1094928 read(7, "THPeligible:           0\nVmFlags: rd mr mw me sd \n6040d60fc000-6", 64) = 64
1094928 read(7, "040d828d000 rw-p 07afc000 fd:01 3971728                    /root", 64) = 64
1094928 read(7, "/.antigravity-ide-server/bin/2.0.1-bf9a033f33934fb4496d7eebed524", 64) = 64
1094928 read(7, "86272437c3a/extensions/antigravity/bin/language_server_linux_x64", 64) = 64
1094928 read(7, "\nSize:              34372 kB\nKernelPageSize:        4 kB\nMMUPage", 64) = 64
1094928 read(7, "Size:           4 kB\nRss:                 300 kB\nPss:           ", 64) = 64
1094928 read(7, "      150 kB\nPss_Dirty:            84 kB\nShared_Clean:        20", 64) = 64
1094928 read(7, "0 kB\nShared_Dirty:          0 kB\nPrivate_Clean:        16 kB\nPri", 64) = 64
1094928 read(7, "vate_Dirty:        84 kB\nReferenced:          300 kB\nAnonymous: ", 64) = 64
1094928 read(7, "           84 kB\nKSM:                   0 kB\nLazyFree:          ", 64) = 64
1094928 read(7, "    0 kB\nAnonHugePages:         0 kB\nShmemPmdMapped:        0 kB", 64) = 64
1094928 read(7, "\nFilePmdMapped:         0 kB\nShared_Hugetlb:        0 kB\nPrivate", 64) = 64
1094928 read(7, "_Hugetlb:       0 kB\nSwap:                  0 kB\nSwapPss:       ", 64) = 64
1094928 read(7, "        0 kB\nLocked:                0 kB\nTHPeligible:           ", 64) = 64
1094928 read(7, "0\nVmFlags: rd wr mr mw me ac sd \n6040d828d000-6040da2b1000 rw-p ", 64) = 64
1094928 read(7, "00000000 00:00 0 \nSize:              32912 kB\nKernelPageSize:   ", 64) = 64
1094928 read(7, "     4 kB\nMMUPageSize:           4 kB\nRss:                  44 k", 64) = 64
1094928 read(7, "B\nPss:                  44 kB\nPss_Dirty:            44 kB\nShared", 64) = 64
1094928 read(7, "_Clean:          0 kB\nShared_Dirty:          0 kB\nPrivate_Clean:", 64) = 64
1094928 read(7, "         0 kB\nPrivate_Dirty:        44 kB\nReferenced:           ", 64) = 64
1094928 read(7, "44 kB\nAnonymous:            44 kB\nKSM:                   0 kB\nLa", 64) = 64
1094928 read(7, "zyFree:              0 kB\nAnonHugePages:         0 kB\nShmemPmdMa", 64) = 64
1094928 read(7, "pped:        0 kB\nFilePmdMapped:         0 kB\nShared_Hugetlb:   ", 64) = 64
1094928 read(7, "     0 kB\nPrivate_Hugetlb:       0 kB\nSwap:                  0 k", 64) = 64
1094928 read(7, "B\nSwapPss:               0 kB\nLocked:                0 kB\nTHPeli", 64) = 64
1094928 read(7, "gible:           0\nVmFlags: rd wr mr mw me ac sd \n6040da4b0000-6", 64) = 64
1094928 read(7, "040da4b4000 rw-p 09cb0000 fd:01 3971728                    /root", 64) = 64
1094928 read(7, "/.antigravity-ide-server/bin/2.0.1-bf9a033f33934fb4496d7eebed524", 64) = 64
1094928 read(7, "86272437c3a/extensions/antigravity/bin/language_server_linux_x64", 64) = 64
1094928 read(7, "\nSize:                 16 kB\nKernelPageSize:        4 kB\nMMUPage", 64) = 64
1094928 read(7, "Size:           4 kB\nRss:                  16 kB\nPss:           ", 64) = 64
1094928 read(7, "       16 kB\nPss_Dirty:            16 kB\nShared_Clean:          ", 64) = 64
1094928 read(7, "0 kB\nShared_Dirty:          0 kB\nPrivate_Clean:         0 kB\nPri", 64) = 64
1094928 read(7, "vate_Dirty:        16 kB\nReferenced:           16 kB\nAnonymous: ", 64) = 64
1094928 read(7, "           16 kB\nKSM:                   0 kB\nLazyFree:          ", 64) = 64
1094928 read(7, "    0 kB\nAnonHugePages:         0 kB\nShmemPmdMapped:        0 kB", 64) = 64
1094928 read(7, "\nFilePmdMapped:         0 kB\nShared_Hugetlb:        0 kB\nPrivate", 64) = 64
1094928 read(7, "_Hugetlb:       0 kB\nSwap:                  0 kB\nSwapPss:       ", 64) = 64
1094928 read(7, "        0 kB\nLocked:                0 kB\nTHPeligible:           ", 64) = 64
1094928 read(7, "0\nVmFlags: rd wr mr mw me ac sd \n6040da4b4000-6040da507000 rw-p ", 64) = 64
1094928 read(7, "00000000 00:00 0 \nSize:                332 kB\nKernelPageSize:   ", 64) = 64
1094928 read(7, "     4 kB\nMMUPageSize:           4 kB\nRss:                  80 k", 64) = 64
1094928 read(7, "B\nPss:                  80 kB\nPss_Dirty:            80 kB\nShared", 64) = 64
1094928 read(7, "_Clean:          0 kB\nShared_Dirty:          0 kB\nPrivate_Clean:", 64) = 64
1094928 read(7, "         0 kB\nPrivate_Dirty:        80 kB\nReferenced:           ", 64) = 64
1094928 read(7, "80 kB\nAnonymous:            80 kB\nKSM:                   0 kB\nLa", 64) = 64
1094928 read(7, "zyFree:              0 kB\nAnonHugePages:         0 kB\nShmemPmdMa", 64) = 64
1094928 read(7, "pped:        0 kB\nFilePmdMapped:         0 kB\nShared_Hugetlb:   ", 64) = 64
1094928 read(7, "     0 kB\nPrivate_Hugetlb:       0 kB\nSwap:                  0 k", 64) = 64
1094928 read(7, "B\nSwapPss:               0 kB\nLocked:                0 kB\nTHPeli", 64) = 64
1094928 read(7, "gible:           0\nVmFlags: rd wr mr mw me ac sd \n6040da507000-6", 64) = 64
1094928 read(7, "040da50c000 rw-p 09cb5000 fd:01 3971728                    /root", 64) = 64
1094928 read(7, "/.antigravity-ide-server/bin/2.0.1-bf9a033f33934fb4496d7eebed524", 64) = 64
1094928 read(7, "86272437c3a/extensions/antigravity/bin/language_server_linux_x64", 64) = 64
1094928 read(7, "\nSize:                 20 kB\nKernelPageSize:        4 kB\nMMUPage", 64) = 64
1094928 read(7, "Size:           4 kB\nRss:                  20 kB\nPss:           ", 64) = 64
1094928 read(7, "        5 kB\nPss_Dirty:             0 kB\nShared_Clean:         2", 64) = 64
1094928 read(7, "0 kB\nShared_Dirty:          0 kB\nPrivate_Clean:         0 kB\nPri", 64) = 64
1094928 read(7, "vate_Dirty:         0 kB\nReferenced:           20 kB\nAnonymous: ", 64) = 64
1094928 read(7, "            0 kB\nKSM:                   0 kB\nLazyFree:          ", 64) = 64
1094928 read(7, "    0 kB\nAnonHugePages:         0 kB\nShmemPmdMapped:        0 kB", 64) = 64
1094928 read(7, "\nFilePmdMapped:         0 kB\nShared_Hugetlb:        0 kB\nPrivate", 64) = 64
1094928 read(7, "_Hugetlb:       0 kB\nSwap:                  0 kB\nSwapPss:       ", 64) = 64
1094928 read(7, "        0 kB\nLocked:                0 kB\nTHPeligible:           ", 64) = 64
1094928 read(7, "0\nVmFlags: rd wr mr mw me ac sd \n637cdf000000-637cdf202000 ---p ", 64) = 64
1094928 read(7, "00000000 00:00 0                          [anon:tcmalloc_region_", 64) = 64
1094928 read(7, "SAMPLED]\nSize:               2056 kB\nKernelPageSize:        4 kB", 64) = 64
1094928 read(7, "\nMMUPageSize:           4 kB\nRss:                   0 kB\nPss:   ", 64) = 64
1094928 read(7, "                0 kB\nPss_Dirty:             0 kB\nShared_Clean:  ", 64) = 64
1094928 read(7, "        0 kB\nShared_Dirty:          0 kB\nPrivate_Clean:         ", 64) = 64
1094928 read(7, "0 kB\nPrivate_Dirty:         0 kB\nReferenced:            0 kB\nAno", 64) = 64
1094928 read(7, "nymous:             0 kB\nKSM:                   0 kB\nLazyFree:  ", 64) = 64
1094928 read(7, "            0 kB\nAnonHugePages:         0 kB\nShmemPmdMapped:    ", 64) = 64
1094928 read(7, "    0 kB\nFilePmdMapped:         0 kB\nShared_Hugetlb:        0 kB", 64) = 64
1094928 read(7, "\nPrivate_Hugetlb:       0 kB\nSwap:                  0 kB\nSwapPss", 64) = 64
1094928 read(7, ":               0 kB\nLocked:                0 kB\nTHPeligible:   ", 64) = 64
1094928 read(7, "        0\nVmFlags: mr mw me sd \n7c42f4ffc000-7c42f503c000 rw-p 0", 64) = 64
1094928 read(7, "0000000 00:00 0                          [anon: Go: immortal met", 64) = 64
1094928 read(7, "adata]\nSize:                256 kB\nKernelPageSize:        4 kB\nM", 64) = 64
1094928 read(7, "MUPageSize:           4 kB\nRss:                  28 kB\nPss:     ", 64) = 64
1094928 read(7, "             28 kB\nPss_Dirty:            28 kB\nShared_Clean:    ", 64) = 64
1094928 read(7, "      0 kB\nShared_Dirty:          0 kB\nPrivate_Clean:         0 ", 64) = 64
1094928 read(7, "kB\nPrivate_Dirty:        28 kB\nReferenced:           28 kB\nAnony", 64) = 64
1094928 read(7, "mous:            28 kB\nKSM:                   0 kB\nLazyFree:    ", 64) = 64
1094928 read(7, "          0 kB\nAnonHugePages:         0 kB\nShmemPmdMapped:      ", 64) = 64
1094928 read(7, "  0 kB\nFilePmdMapped:         0 kB\nShared_Hugetlb:        0 kB\nP", 64) = 64
1094928 read(7, "rivate_Hugetlb:       0 kB\nSwap:                  0 kB\nSwapPss: ", 64) = 64
1094928 read(7, "              0 kB\nLocked:                0 kB\nTHPeligible:     ", 64) = 64
1094928 read(7, "      0\nVmFlags: rd wr mr mw me ac sd \n7c42f503c000-7c42f503d000", 64) = 64
1094928 read(7, " ---p 00000000 00:00 0 \nSize:                  4 kB\nKernelPageSi", 64) = 64
1094928 read(7, "ze:        4 kB\nMMUPageSize:           4 kB\nRss:                ", 64) = 64
1094928 read(7, "   0 kB\nPss:                   0 kB\nPss_Dirty:             0 kB\n", 64) = 64
1094928 read(7, "Shared_Clean:          0 kB\nShared_Dirty:          0 kB\nPrivate_", 64) = 64
1094928 read(7, "Clean:         0 kB\nPrivate_Dirty:         0 kB\nReferenced:     ", 64) = 64
1094928 read(7, "       0 kB\nAnonymous:             0 kB\nKSM:                   0", 64) = 64
1094928 read(7, " kB\nLazyFree:              0 kB\nAnonHugePages:         0 kB\nShme", 64) = 64
1094928 read(7, "mPmdMapped:        0 kB\nFilePmdMapped:         0 kB\nShared_Huget", 64) = 64
1094928 read(7, "lb:        0 kB\nPrivate_Hugetlb:       0 kB\nSwap:               ", 64) = 64
1094928 read(7, "   0 kB\nSwapPss:               0 kB\nLocked:                0 kB\n", 64) = 64
1094928 read(7, "THPeligible:           0\nVmFlags: mr mw me sd nh \n7c42f503d000-7", 64) = 64
1094928 read(7, "c42f583d000 rw-p 00000000 00:00 0 \nSize:               8192 kB\nK", 64) = 64
1094928 read(7, "ernelPageSize:        4 kB\nMMUPageSize:           4 kB\nRss:     ", 64) = 64
1094928 read(7, "              8 kB\nPss:                   8 kB\nPss_Dirty:       ", 64) = 64
1094928 read(7, "      8 kB\nShared_Clean:          0 kB\nShared_Dirty:          0 ", 64) = 64
1094928 read(7, "kB\nPrivate_Clean:         0 kB\nPrivate_Dirty:         8 kB\nRefer", 64) = 64
1094928 read(7, "enced:            8 kB\nAnonymous:             8 kB\nKSM:         ", 64) = 64
1094928 read(7, "          0 kB\nLazyFree:              0 kB\nAnonHugePages:       ", 64) = 64
1094928 read(7, "  0 kB\nShmemPmdMapped:        0 kB\nFilePmdMapped:         0 kB\nS", 64) = 64
1094928 read(7, "hared_Hugetlb:        0 kB\nPrivate_Hugetlb:       0 kB\nSwap:    ", 64) = 64
1094928 read(7, "              0 kB\nSwapPss:               0 kB\nLocked:          ", 64) = 64
1094928 read(7, "      0 kB\nTHPeligible:           0\nVmFlags: rd wr mr mw me ac s", 64) = 64
1094928 read(7, "d nh \n7c42f583d000-7c42f599d000 rw-p 00000000 00:00 0           ", 64) = 64
1094928 read(7, "               [anon: Go: profiler hash buckets]\nSize:          ", 64) = 64
1094928 read(7, "     1408 kB\nKernelPageSize:        4 kB\nMMUPageSize:           ", 64) = 64
1094928 read(7, "4 kB\nRss:                  16 kB\nPss:                  16 kB\nPss", 64) = 64
1094928 read(7, "_Dirty:            16 kB\nShared_Clean:          0 kB\nShared_Dirt", 64) = 64
1094928 read(7, "y:          0 kB\nPrivate_Clean:         0 kB\nPrivate_Dirty:     ", 64) = 64
1094928 read(7, "   16 kB\nReferenced:           16 kB\nAnonymous:            16 kB", 64) = 64
1094928 read(7, "\nKSM:                   0 kB\nLazyFree:              0 kB\nAnonHug", 64) = 64
1094928 read(7, "ePages:         0 kB\nShmemPmdMapped:        0 kB\nFilePmdMapped: ", 64) = 64
1094928 read(7, "        0 kB\nShared_Hugetlb:        0 kB\nPrivate_Hugetlb:       ", 64) = 64
1094928 read(7, "0 kB\nSwap:                  0 kB\nSwapPss:               0 kB\nLoc", 64) = 64
1094928 read(7, "ked:                0 kB\nTHPeligible:           0\nVmFlags: rd wr", 64) = 64
1094928 read(7, " mr mw me ac sd \n7c42f599d000-7c42f599e000 ---p 00000000 00:00 0", 64) = 64
1094928 read(7, " \nSize:                  4 kB\nKernelPageSize:        4 kB\nMMUPag", 64) = 64
1094928 read(7, "eSize:           4 kB\nRss:                   0 kB\nPss:          ", 64) = 64
1094928 read(7, "         0 kB\nPss_Dirty:             0 kB\nShared_Clean:         ", 64) = 64
1094928 read(7, " 0 kB\nShared_Dirty:          0 kB\nPrivate_Clean:         0 kB\nPr", 64) = 64
1094928 read(7, "ivate_Dirty:         0 kB\nReferenced:            0 kB\nAnonymous:", 64) = 64
1094928 read(7, "             0 kB\nKSM:                   0 kB\nLazyFree:         ", 64) = 64
1094928 read(7, "     0 kB\nAnonHugePages:         0 kB\nShmemPmdMapped:        0 k", 64) = 64
1094928 read(7, "B\nFilePmdMapped:         0 kB\nShared_Hugetlb:        0 kB\nPrivat", 64) = 64
1094928 read(7, "e_Hugetlb:       0 kB\nSwap:                  0 kB\nSwapPss:      ", 64) = 64
1094928 read(7, "         0 kB\nLocked:                0 kB\nTHPeligible:          ", 64) = 64
1094928 read(7, " 0\nVmFlags: mr mw me sd nh \n7c42f599e000-7c42f619e000 rw-p 00000", 64) = 64
1094928 read(7, "000 00:00 0 \nSize:               8192 kB\nKernelPageSize:        ", 64) = 64
1094928 read(7, "4 kB\nMMUPageSize:           4 kB\nRss:                   8 kB\nPss", 64) = 64
1094928 read(7, ":                   8 kB\nPss_Dirty:             8 kB\nShared_Clea", 64) = 64
1094928 read(7, "n:          0 kB\nShared_Dirty:          0 kB\nPrivate_Clean:     ", 64) = 64
1094928 read(7, "    0 kB\nPrivate_Dirty:         8 kB\nReferenced:            8 kB", 64) = 64
1094928 read(7, "\nAnonymous:             8 kB\nKSM:                   0 kB\nLazyFre", 64) = 64
1094928 read(7, "e:              0 kB\nAnonHugePages:         0 kB\nShmemPmdMapped:", 64) = 64
1094928 read(7, "        0 kB\nFilePmdMapped:         0 kB\nShared_Hugetlb:        ", 64) = 64
1094928 read(7, "0 kB\nPrivate_Hugetlb:       0 kB\nSwap:                  0 kB\nSwa", 64) = 64
1094928 read(7, "pPss:               0 kB\nLocked:                0 kB\nTHPeligible", 64) = 64
1094928 read(7, ":           0\nVmFlags: rd wr mr mw me ac sd nh \n7c42f619e000-7c4", 64) = 64
1094928 read(7, "2f619f000 ---p 00000000 00:00 0 \nSize:                  4 kB\nKer", 64) = 64
1094928 read(7, "nelPageSize:        4 kB\nMMUPageSize:           4 kB\nRss:       ", 64) = 64
1094928 read(7, "            0 kB\nPss:                   0 kB\nPss_Dirty:         ", 64) = 64
1094928 read(7, "    0 kB\nShared_Clean:          0 kB\nShared_Dirty:          0 kB", 64) = 64
1094928 read(7, "\nPrivate_Clean:         0 kB\nPrivate_Dirty:         0 kB\nReferen", 64) = 64
1094928 read(7, "ced:            0 kB\nAnonymous:             0 kB\nKSM:           ", 64) = 64
1094928 read(7, "        0 kB\nLazyFree:              0 kB\nAnonHugePages:         ", 64) = 64
1094928 read(7, "0 kB\nShmemPmdMapped:        0 kB\nFilePmdMapped:         0 kB\nSha", 64) = 64
1094928 read(7,  <unfinished ...>
1094929 <... nanosleep resumed>NULL)    = 0
1094928 <... read resumed>"red_Hugetlb:        0 kB\nPrivate_Hugetlb:       0 kB\nSwap:      ", 64) = 64
1094929 epoll_pwait(5,  <unfinished ...>
1094928 read(7,  <unfinished ...>
1094929 <... epoll_pwait resumed>[], 128, 0, NULL, 0) = 0
1094928 <... read resumed>"            0 kB\nSwapPss:               0 kB\nLocked:            ", 64) = 64
1094929 getpid( <unfinished ...>
1094928 futex(0x33aff2f39160, FUTEX_WAKE_PRIVATE, 1 <unfinished ...>
1094929 <... getpid resumed>)           = 1094928
1094928 <... futex resumed>)            = 1
1094929 tgkill(1094928, 1094928, SIGURG <unfinished ...>
1094930 <... futex resumed>)            = 0
1094929 <... tgkill resumed>)           = 0
1094928 --- SIGURG {si_signo=SIGURG, si_code=SI_TKILL, si_pid=1094928, si_uid=0} ---
1094929 nanosleep({tv_sec=0, tv_nsec=10000000},  <unfinished ...>
1094928 rt_sigreturn({mask=[]})         = 1
1094928 futex(0x33aff2f39960, FUTEX_WAKE_PRIVATE, 1) = 1
1094931 <... futex resumed>)            = 0
1094930 futex(0x6040d5c037d8, FUTEX_WAKE_PRIVATE, 1 <unfinished ...>
1094928 read(7,  <unfinished ...>
1094931 futex(0x33aff2f39960, FUTEX_WAIT_PRIVATE, 0, NULL <unfinished ...>
1094930 <... futex resumed>)            = 0
1094928 <... read resumed>"    0 kB\nTHPeligible:           0\nVmFlags: mr mw me sd nh \n7c42f", 64) = 64
1094930 futex(0x33aff2f39160, FUTEX_WAIT_PRIVATE, 0, NULL <unfinished ...>
1094928 read(7, "619f000-7c42f699f000 rw-p 00000000 00:00 0 \nSize:               ", 64) = 64
1094928 read(7, "8192 kB\nKernelPageSize:        4 kB\nMMUPageSize:           4 kB\n", 64) = 64
1094928 read(7, "Rss:                   8 kB\nPss:                   8 kB\nPss_Dirt", 64) = 64
1094928 read(7, "y:             8 kB\nShared_Clean:          0 kB\nShared_Dirty:   ", 64) = 64
1094928 read(7, "       0 kB\nPrivate_Clean:         0 kB\nPrivate_Dirty:         8", 64) = 64
1094928 read(7, " kB\nReferenced:            8 kB\nAnonymous:             8 kB\nKSM:", 64) = 64
1094928 read(7, "                   0 kB\nLazyFree:              0 kB\nAnonHugePage", 64) = 64
1094928 read(7, "s:         0 kB\nShmemPmdMapped:        0 kB\nFilePmdMapped:      ", 64) = 64
1094928 read(7, "   0 kB\nShared_Hugetlb:        0 kB\nPrivate_Hugetlb:       0 kB\n", 64) = 64
1094928 read(7, "Swap:                  0 kB\nSwapPss:               0 kB\nLocked: ", 64) = 64
1094928 read(7, "               0 kB\nTHPeligible:           0\nVmFlags: rd wr mr m", 64) = 64
1094928 read(7, "w me ac sd nh \n7c42f699f000-7c42f69a0000 ---p 00000000 00:00 0 \n", 64) = 64
1094928 read(7, "Size:                  4 kB\nKernelPageSize:        4 kB\nMMUPageS", 64) = 64
1094928 read(7, "ize:           4 kB\nRss:                   0 kB\nPss:            ", 64) = 64
1094928 read(7, "       0 kB\nPss_Dirty:             0 kB\nShared_Clean:          0", 64) = 64
1094928 read(7, " kB\nShared_Dirty:          0 kB\nPrivate_Clean:         0 kB\nPriv", 64) = 64
1094928 read(7, "ate_Dirty:         0 kB\nReferenced:            0 kB\nAnonymous:  ", 64) = 64
1094928 read(7, "           0 kB\nKSM:                   0 kB\nLazyFree:           ", 64) = 64
1094928 read(7, "   0 kB\nAnonHugePages:         0 kB\nShmemPmdMapped:        0 kB\n", 64) = 64
1094928 read(7, "FilePmdMapped:         0 kB\nShared_Hugetlb:        0 kB\nPrivate_", 64) = 64
1094928 read(7, "Hugetlb:       0 kB\nSwap:                  0 kB\nSwapPss:        ", 64) = 64
1094928 read(7, "       0 kB\nLocked:                0 kB\nTHPeligible:           0", 64) = 64
1094928 read(7, "\nVmFlags: mr mw me sd nh \n7c42f69a0000-7c42f71a0000 rw-p 0000000", 64) = 64
1094928 read(7, "0 00:00 0 \nSize:               8192 kB\nKernelPageSize:        4 ", 64) = 64
1094928 read(7, "kB\nMMUPageSize:           4 kB\nRss:                  16 kB\nPss: ", 64) = 64
1094928 read(7, "                 16 kB\nPss_Dirty:            16 kB\nShared_Clean:", 64) = 64
1094928 read(7, "          0 kB\nShared_Dirty:          0 kB\nPrivate_Clean:       ", 64) = 64
1094928 read(7, "  0 kB\nPrivate_Dirty:        16 kB\nReferenced:           16 kB\nA", 64) = 64
1094928 read(7, "nonymous:            16 kB\nKSM:                   0 kB\nLazyFree:", 64) = 64
1094928 read(7, "              0 kB\nAnonHugePages:         0 kB\nShmemPmdMapped:  ", 64) = 64
1094928 read(7, "      0 kB\nFilePmdMapped:         0 kB\nShared_Hugetlb:        0 ", 64) = 64
1094928 read(7, "kB\nPrivate_Hugetlb:       0 kB\nSwap:                  0 kB\nSwapP", 64) = 64
1094928 read(7, "ss:               0 kB\nLocked:                0 kB\nTHPeligible: ", 64) = 64
1094928 read(7, "          0\nVmFlags: rd wr mr mw me ac sd nh \n7c42f71a0000-7c42f", 64) = 64
1094928 read(7, "71e0000 rw-p 00000000 00:00 0                          [anon: Go", 64) = 64
1094928 read(7, ": immortal metadata]\nSize:                256 kB\nKernelPageSize:", 64) = 64
1094928 read(7, "        4 kB\nMMUPageSize:           4 kB\nRss:                  3", 64) = 64
1094928 read(7, "6 kB\nPss:                  36 kB\nPss_Dirty:            36 kB\nSha", 64) = 64
1094928 read(7, "red_Clean:          0 kB\nShared_Dirty:          0 kB\nPrivate_Cle", 64) = 64
1094928 read(7, "an:         0 kB\nPrivate_Dirty:        36 kB\nReferenced:        ", 64) = 64
1094928 read(7, "   36 kB\nAnonymous:            36 kB\nKSM:                   0 kB", 64) = 64
1094928 read(7, "\nLazyFree:              0 kB\nAnonHugePages:         0 kB\nShmemPm", 64) = 64
1094928 read(7, "dMapped:        0 kB\nFilePmdMapped:         0 kB\nShared_Hugetlb:", 64) = 64
1094928 read(7, "        0 kB\nPrivate_Hugetlb:       0 kB\nSwap:                  ", 64) = 64
1094928 read(7, "0 kB\nSwapPss:               0 kB\nLocked:                0 kB\nTHP", 64) = 64
1094928 read(7, "eligible:           0\nVmFlags: rd wr mr mw me ac sd \n7c42f71e000", 64) = 64
1094928 read(7, "0-7c42f71f0000 rw-p 00000000 00:00 0                          [a", 64) = 64
1094928 read(7, "non: Go: gc bits]\nSize:                 64 kB\nKernelPageSize:   ", 64) = 64
1094928 read(7, "     4 kB\nMMUPageSize:           4 kB\nRss:                   4 k", 64) = 64
1094928 read(7, "B\nPss:                   4 kB\nPss_Dirty:             4 kB\nShared", 64) = 64
1094928 read(7, "_Clean:          0 kB\nShared_Dirty:          0 kB\nPrivate_Clean:", 64) = 64
1094928 read(7, "         0 kB\nPrivate_Dirty:         4 kB\nReferenced:           ", 64) = 64
1094928 read(7, " 4 kB\nAnonymous:             4 kB\nKSM:                   0 kB\nLa", 64) = 64
1094928 read(7, "zyFree:              0 kB\nAnonHugePages:         0 kB\nShmemPmdMa", 64) = 64
1094928 read(7, "pped:        0 kB\nFilePmdMapped:         0 kB\nShared_Hugetlb:   ", 64) = 64
1094928 read(7, "     0 kB\nPrivate_Hugetlb:       0 kB\nSwap:                  0 k", 64) = 64
1094928 read(7, "B\nSwapPss:               0 kB\nLocked:                0 kB\nTHPeli", 64) = 64
1094928 read(7, "gible:           0\nVmFlags: rd wr mr mw me ac sd \n7c42f71f0000-7", 64) = 64
1094928 read(7, "c42f7200000 rw-p 00000000 00:00 0                          [anon", 64) = 64
1094928 read(7, ": Go: allspans array]\nSize:                 64 kB\nKernelPageSize", 64) = 64
1094928 read(7, ":        4 kB\nMMUPageSize:           4 kB\nRss:                  ", 64) = 64
1094928 read(7, " 4 kB\nPss:                   4 kB\nPss_Dirty:             4 kB\nSh", 64) = 64
1094928 read(7, "ared_Clean:          0 kB\nShared_Dirty:          0 kB\nPrivate_Cl", 64) = 64
1094928 read(7, "ean:         0 kB\nPrivate_Dirty:         4 kB\nReferenced:       ", 64) = 64
1094928 read(7, "     4 kB\nAnonymous:             4 kB\nKSM:                   0 k", 64) = 64
1094928 read(7, "B\nLazyFree:              0 kB\nAnonHugePages:         0 kB\nShmemP", 64) = 64
1094928 read(7, "mdMapped:        0 kB\nFilePmdMapped:         0 kB\nShared_Hugetlb", 64) = 64
1094928 read(7, ":        0 kB\nPrivate_Hugetlb:       0 kB\nSwap:                 ", 64) = 64
1094928 read(7, " 0 kB\nSwapPss:               0 kB\nLocked:                0 kB\nTH", 64) = 64
1094928 read(7, "Peligible:           0\nVmFlags: rd wr mr mw me ac sd \n7c42f72000", 64) = 64
1094928 read(7, "00-7c42f9200000 rw-p 00000000 00:00 0                          [", 64) = 64
1094928 read(7, "anon: Go: heap index]\nSize:              32768 kB\nKernelPageSize", 64) = 64
1094928 read(7, ":        4 kB\nMMUPageSize:           4 kB\nRss:                  ", 64) = 64
1094928 read(7, " 4 kB\nPss:                   4 kB\nPss_Dirty:             4 kB\nSh", 64) = 64
1094928 read(7, "ared_Clean:          0 kB\nShared_Dirty:          0 kB\nPrivate_Cl", 64) = 64
1094928 read(7, "ean:         0 kB\nPrivate_Dirty:         4 kB\nReferenced:       ", 64) = 64
1094928 read(7, "     4 kB\nAnonymous:             4 kB\nKSM:                   0 k", 64) = 64
1094928 read(7, "B\nLazyFree:              0 kB\nAnonHugePages:         0 kB\nShmemP", 64) = 64
1094928 read(7, "mdMapped:        0 kB\nFilePmdMapped:         0 kB\nShared_Hugetlb", 64) = 64
1094928 read(7, ":        0 kB\nPrivate_Hugetlb:       0 kB\nSwap:                 ", 64) = 64
1094928 read(7, " 0 kB\nSwapPss:               0 kB\nLocked:                0 kB\nTH", 64) = 64
1094928 read(7, "Peligible:           0\nVmFlags: rd wr mr mw me ac sd nh \n7c42f92", 64) = 64
1094928 read(7, "00000-7c430f95f000 ---p 00000000 00:00 0                        ", 64) = 64
1094928 read(7, "  [anon: Go: scavenge index]\nSize:             367996 kB\nKernelP", 64) = 64
1094928 read(7, "ageSize:        4 kB\nMMUPageSize:           4 kB\nRss:           ", 64) = 64
1094928 read(7, "        0 kB\nPss:                   0 kB\nPss_Dirty:             ", 64) = 64
1094928 read(7, "0 kB\nShared_Clean:          0 kB\nShared_Dirty:          0 kB\nPri", 64) = 64
1094928 read(7, "vate_Clean:         0 kB\nPrivate_Dirty:         0 kB\nReferenced:", 64) = 64
1094928 read(7, "            0 kB\nAnonymous:             0 kB\nKSM:               ", 64) = 64
1094928 read(7, "    0 kB\nLazyFree:              0 kB\nAnonHugePages:         0 kB", 64) = 64
1094928 read(7, "\nShmemPmdMapped:        0 kB\nFilePmdMapped:         0 kB\nShared_", 64) = 64
1094928 read(7, "Hugetlb:        0 kB\nPrivate_Hugetlb:       0 kB\nSwap:          ", 64) = 64
1094928 read(7, "        0 kB\nSwapPss:               0 kB\nLocked:                ", 64) = 64
1094928 read(7, "0 kB\nTHPeligible:           0\nVmFlags: mr mw me sd \n7c430f95f000", 64) = 64
1094928 read(7, "-7c430f960000 rw-p 00000000 00:00 0                          [an", 64) = 64
1094928 read(7, "on: Go: scavenge index]\nSize:                  4 kB\nKernelPageSi", 64) = 64
1094928 read(7, "ze:        4 kB\nMMUPageSize:           4 kB\nRss:                ", 64) = 64
1094928 read(7, "   4 kB\nPss:                   4 kB\nPss_Dirty:             4 kB\n", 64) = 64
1094928 read(7, "Shared_Clean:          0 kB\nShared_Dirty:          0 kB\nPrivate_", 64) = 64
1094928 read(7, "Clean:         0 kB\nPrivate_Dirty:         4 kB\nReferenced:     ", 64) = 64
1094928 read(7, "       4 kB\nAnonymous:             4 kB\nKSM:                   0", 64) = 64
1094928 read(7, " kB\nLazyFree:              0 kB\nAnonHugePages:         0 kB\nShme", 64) = 64
1094928 read(7, "mPmdMapped:        0 kB\nFilePmdMapped:         0 kB\nShared_Huget", 64) = 64
1094928 read(7, "lb:        0 kB\nPrivate_Hugetlb:       0 kB\nSwap:               ", 64) = 64
1094928 read(7, "   0 kB\nSwapPss:               0 kB\nLocked:                0 kB\n", 64) = 64
1094928 read(7, "THPeligible:           0\nVmFlags: rd wr mr mw me ac sd \n7c430f96", 64) = 64
1094928 read(7, "0000-7c4319200000 ---p 00000000 00:00 0                         ", 64) = 64
1094928 read(7, " [anon: Go: scavenge index]\nSize:             156288 kB\nKernelPa", 64) = 64
1094928 read(7, "geSize:        4 kB\nMMUPageSize:           4 kB\nRss:            ", 64) = 64
1094928 read(7, "       0 kB\nPss:                   0 kB\nPss_Dirty:             0", 64) = 64
1094928 read(7, " kB\nShared_Clean:          0 kB\nShared_Dirty:          0 kB\nPriv", 64) = 64
1094928 read(7, "ate_Clean:         0 kB\nPrivate_Dirty:         0 kB\nReferenced: ", 64) = 64
1094928 read(7, "           0 kB\nAnonymous:             0 kB\nKSM:                ", 64) = 64
1094928 read(7, "   0 kB\nLazyFree:              0 kB\nAnonHugePages:         0 kB\n", 64) = 64
1094928 read(7, "ShmemPmdMapped:        0 kB\nFilePmdMapped:         0 kB\nShared_H", 64) = 64
1094928 read(7, "ugetlb:        0 kB\nPrivate_Hugetlb:       0 kB\nSwap:           ", 64) = 64
1094928 read(7, "       0 kB\nSwapPss:               0 kB\nLocked:                0", 64) = 64
1094928 read(7, " kB\nTHPeligible:           0\nVmFlags: mr mw me sd \n7c4319200000-", 64) = 64
1094928 read(7, "7c432f95f000 ---p 00000000 00:00 0                          [ano", 64) = 64
1094928 read(7, "n: Go: page summary]\nSize:             367996 kB\nKernelPageSize:", 64) = 64
1094928 read(7, "        4 kB\nMMUPageSize:           4 kB\nRss:                   ", 64) = 64
1094928 read(7, "0 kB\nPss:                   0 kB\nPss_Dirty:             0 kB\nSha", 64) = 64
1094928 read(7, "red_Clean:          0 kB\nShared_Dirty:          0 kB\nPrivate_Cle", 64) = 64
1094928 read(7, "an:         0 kB\nPrivate_Dirty:         0 kB\nReferenced:        ", 64) = 64
1094928 read(7, "    0 kB\nAnonymous:             0 kB\nKSM:                   0 kB", 64) = 64
1094928 read(7, "\nLazyFree:              0 kB\nAnonHugePages:         0 kB\nShmemPm", 64) = 64
1094928 read(7, "dMapped:        0 kB\nFilePmdMapped:         0 kB\nShared_Hugetlb:", 64) = 64
1094928 read(7, "        0 kB\nPrivate_Hugetlb:       0 kB\nSwap:                  ", 64) = 64
1094928 read(7, "0 kB\nSwapPss:               0 kB\nLocked:                0 kB\nTHP", 64) = 64
1094928 read(7, "eligible:           0\nVmFlags: mr mw me sd \n7c432f95f000-7c432f9", 64) = 64
1094928 read(7, "60000 rw-p 00000000 00:00 0                          [anon: Go: ", 64) = 64
1094928 read(7, "page alloc]\nSize:                  4 kB\nKernelPageSize:        4", 64) = 64
1094928 read(7, " kB\nMMUPageSize:           4 kB\nRss:                   4 kB\nPss:", 64) = 64
1094928 read(7, "                   4 kB\nPss_Dirty:             4 kB\nShared_Clean", 64) = 64
1094928 read(7, ":          0 kB\nShared_Dirty:          0 kB\nPrivate_Clean:      ", 64) = 64
1094928 read(7, "   0 kB\nPrivate_Dirty:         4 kB\nReferenced:            4 kB\n", 64) = 64
1094928 read(7, "Anonymous:             4 kB\nKSM:                   0 kB\nLazyFree", 64) = 64
1094928 read(7, ":              0 kB\nAnonHugePages:         0 kB\nShmemPmdMapped: ", 64) = 64
1094928 read(7, "       0 kB\nFilePmdMapped:         0 kB\nShared_Hugetlb:        0", 64) = 64
1094928 read(7, " kB\nPrivate_Hugetlb:       0 kB\nSwap:                  0 kB\nSwap", 64) = 64
1094928 read(7, "Pss:               0 kB\nLocked:                0 kB\nTHPeligible:", 64) = 64
1094928 read(7, "           0\nVmFlags: rd wr mr mw me ac sd \n7c432f960000-7c433be", 64) = 64
1094928 read(7, "eb000 ---p 00000000 00:00 0                          [anon: Go: ", 64) = 64
1094928 read(7, "page summary]\nSize:             202284 kB\nKernelPageSize:       ", 64) = 64
1094928 read(7, " 4 kB\nMMUPageSize:           4 kB\nRss:                   0 kB\nPs", 64) = 64
1094928 read(7, "s:                   0 kB\nPss_Dirty:             0 kB\nShared_Cle", 64) = 64
1094928 read(7, "an:          0 kB\nShared_Dirty:          0 kB\nPrivate_Clean:    ", 64) = 64
1094928 read(7, "     0 kB\nPrivate_Dirty:         0 kB\nReferenced:            0 k", 64) = 64
1094928 read(7, "B\nAnonymous:             0 kB\nKSM:                   0 kB\nLazyFr", 64) = 64
1094928 read(7, "ee:              0 kB\nAnonHugePages:         0 kB\nShmemPmdMapped", 64) = 64
1094928 read(7, ":        0 kB\nFilePmdMapped:         0 kB\nShared_Hugetlb:       ", 64) = 64
1094928 read(7, " 0 kB\nPrivate_Hugetlb:       0 kB\nSwap:                  0 kB\nSw", 64) = 64
1094928 read(7, "apPss:               0 kB\nLocked:                0 kB\nTHPeligibl", 64) = 64
1094928 read(7, "e:           0\nVmFlags: mr mw me sd \n7c433beeb000-7c433beec000 r", 64) = 64
1094928 read(7, "w-p 00000000 00:00 0                          [anon: Go: page al", 64) = 64
1094928 read(7, "loc]\nSize:                  4 kB\nKernelPageSize:        4 kB\nMMU", 64) = 64
1094928 read(7, "PageSize:           4 kB\nRss:                   4 kB\nPss:       ", 64) = 64
1094928 read(7, "            4 kB\nPss_Dirty:             4 kB\nShared_Clean:      ", 64) = 64
1094928 read(7, "    0 kB\nShared_Dirty:          0 kB\nPrivate_Clean:         0 kB", 64) = 64
1094928 read(7, "\nPrivate_Dirty:         4 kB\nReferenced:            4 kB\nAnonymo", 64) = 64
1094928 read(7, "us:             4 kB\nKSM:                   0 kB\nLazyFree:      ", 64) = 64
1094928 read(7, "        0 kB\nAnonHugePages:         0 kB\nShmemPmdMapped:        ", 64) = 64
1094928 read(7, "0 kB\nFilePmdMapped:         0 kB\nShared_Hugetlb:        0 kB\nPri", 64) = 64
1094928 read(7, "vate_Hugetlb:       0 kB\nSwap:                  0 kB\nSwapPss:   ", 64) = 64
1094928 read(7, "            0 kB\nLocked:                0 kB\nTHPeligible:       ", 64) = 64
1094928 read(7, "    0\nVmFlags: rd wr mr mw me ac sd \n7c433beec000-7c433d79d000 -", 64) = 64
1094928 read(7, "--p 00000000 00:00 0                          [anon: Go: page su", 64) = 64
1094928 read(7, "mmary]\nSize:              25284 kB\nKernelPageSize:        4 kB\nM", 64) = 64
1094928 read(7, "MUPageSize:           4 kB\nRss:                   0 kB\nPss:     ", 64) = 64
1094928 read(7, "              0 kB\nPss_Dirty:             0 kB\nShared_Clean:    ", 64) = 64
1094928 read(7, "      0 kB\nShared_Dirty:          0 kB\nPrivate_Clean:         0 ", 64) = 64
1094928 read(7, "kB\nPrivate_Dirty:         0 kB\nReferenced:            0 kB\nAnony", 64) = 64
1094928 read(7, "mous:             0 kB\nKSM:                   0 kB\nLazyFree:    ", 64) = 64
1094928 read(7, "          0 kB\nAnonHugePages:         0 kB\nShmemPmdMapped:      ", 64) = 64
1094928 read(7, "  0 kB\nFilePmdMapped:         0 kB\nShared_Hugetlb:        0 kB\nP", 64) = 64
1094928 read(7, "rivate_Hugetlb:       0 kB\nSwap:                  0 kB\nSwapPss: ", 64) = 64
1094928 read(7, "              0 kB\nLocked:                0 kB\nTHPeligible:     ", 64) = 64
1094928 read(7, "      0\nVmFlags: mr mw me sd \n7c433d79d000-7c433d79e000 rw-p 000", 64) = 64
1094928 read(7, "00000 00:00 0                          [anon: Go: page alloc]\nSi", 64) = 64
1094928 read(7, "ze:                  4 kB\nKernelPageSize:        4 kB\nMMUPageSiz", 64) = 64
1094928 read(7, "e:           4 kB\nRss:                   4 kB\nPss:              ", 64) = 64
1094928 read(7, "     4 kB\nPss_Dirty:             4 kB\nShared_Clean:          0 k", 64) = 64
1094928 read(7, "B\nShared_Dirty:          0 kB\nPrivate_Clean:         0 kB\nPrivat", 64) = 64
1094928 read(7, "e_Dirty:         4 kB\nReferenced:            4 kB\nAnonymous:    ", 64) = 64
1094928 read(7, "         4 kB\nKSM:                   0 kB\nLazyFree:             ", 64) = 64
1094928 read(7, " 0 kB\nAnonHugePages:         0 kB\nShmemPmdMapped:        0 kB\nFi", 64) = 64
1094928 read(7, "lePmdMapped:         0 kB\nShared_Hugetlb:        0 kB\nPrivate_Hu", 64) = 64
1094928 read(7, "getlb:       0 kB\nSwap:                  0 kB\nSwapPss:          ", 64) = 64
1094928 read(7, "     0 kB\nLocked:                0 kB\nTHPeligible:           0\nV", 64) = 64
1094928 read(7, "mFlags: rd wr mr mw me ac sd \n7c433d79e000-7c433da00000 ---p 000", 64) = 64
1094928 read(7, "00000 00:00 0                          [anon: Go: page summary]\n", 64) = 64
1094928 read(7, "Size:               2440 kB\nKernelPageSize:        4 kB\nMMUPageS", 64) = 64
1094928 read(7, "ize:           4 kB\nRss:                   0 kB\nPss:            ", 64) = 64
1094928 read(7, "       0 kB\nPss_Dirty:             0 kB\nShared_Clean:          0", 64) = 64
1094928 read(7, " kB\nShared_Dirty:          0 kB\nPrivate_Clean:         0 kB\nPriv", 64) = 64
1094928 read(7, "ate_Dirty:         0 kB\nReferenced:            0 kB\nAnonymous:  ", 64) = 64
1094928 read(7, "           0 kB\nKSM:                   0 kB\nLazyFree:           ", 64) = 64
1094928 read(7, "   0 kB\nAnonHugePages:         0 kB\nShmemPmdMapped:        0 kB\n", 64) = 64
1094928 read(7, "FilePmdMapped:         0 kB\nShared_Hugetlb:        0 kB\nPrivate_", 64) = 64
1094928 read(7, "Hugetlb:       0 kB\nSwap:                  0 kB\nSwapPss:        ", 64) = 64
1094928 read(7, "       0 kB\nLocked:                0 kB\nTHPeligible:           0", 64) = 64
1094928 read(7, "\nVmFlags: mr mw me sd \n7c433da00000-7c433db00000 rw-p 00000000 0", 64) = 64
1094928 read(7, "0:00 0                          [anon: Go: page alloc index]\nSiz", 64) = 64
1094928 read(7, "e:               1024 kB\nKernelPageSize:        4 kB\nMMUPageSize", 64) = 64
1094928 read(7, ":           4 kB\nRss:                   4 kB\nPss:               ", 64) = 64
1094928 read(7, "    4 kB\nPss_Dirty:             4 kB\nShared_Clean:          0 kB", 64) = 64
1094928 read(7, "\nShared_Dirty:          0 kB\nPrivate_Clean:         0 kB\nPrivate", 64) = 64
1094928 read(7, "_Dirty:         4 kB\nReferenced:            4 kB\nAnonymous:     ", 64) = 64
1094928 read(7, "        4 kB\nKSM:                   0 kB\nLazyFree:              ", 64) = 64
1094928 read(7, "0 kB\nAnonHugePages:         0 kB\nShmemPmdMapped:        0 kB\nFil", 64) = 64
1094929 <... nanosleep resumed>NULL)    = 0
1094928 read(7,  <unfinished ...>
1094929 epoll_pwait(5,  <unfinished ...>
1094928 <... read resumed>"ePmdMapped:         0 kB\nShared_Hugetlb:        0 kB\nPrivate_Hug", 64) = 64
1094929 <... epoll_pwait resumed>[], 128, 0, NULL, 0) = 0
1094928 read(7,  <unfinished ...>
1094929 nanosleep({tv_sec=0, tv_nsec=10000000},  <unfinished ...>
1094928 <... read resumed>"etlb:       0 kB\nSwap:                  0 kB\nSwapPss:           ", 64) = 64
1094928 read(7, "    0 kB\nLocked:                0 kB\nTHPeligible:           0\nVm", 64) = 64
1094928 read(7, "Flags: rd wr mr mw me ac sd nh \n7c433db00000-7c433dbb3000 ---p 0", 64) = 64
1094928 read(7, "0000000 00:00 0                          [anon: Go: page summary", 64) = 64
1094928 read(7, "]\nSize:                716 kB\nKernelPageSize:        4 kB\nMMUPag", 64) = 64
1094928 read(7, "eSize:           4 kB\nRss:                   0 kB\nPss:          ", 64) = 64
1094928 read(7, "         0 kB\nPss_Dirty:             0 kB\nShared_Clean:         ", 64) = 64
1094928 read(7, " 0 kB\nShared_Dirty:          0 kB\nPrivate_Clean:         0 kB\nPr", 64) = 64
1094928 read(7, "ivate_Dirty:         0 kB\nReferenced:            0 kB\nAnonymous:", 64) = 64
1094928 read(7, "             0 kB\nKSM:                   0 kB\nLazyFree:         ", 64) = 64
1094928 read(7, "     0 kB\nAnonHugePages:         0 kB\nShmemPmdMapped:        0 k", 64) = 64
1094928 read(7, "B\nFilePmdMapped:         0 kB\nShared_Hugetlb:        0 kB\nPrivat", 64) = 64
1094928 read(7, "e_Hugetlb:       0 kB\nSwap:                  0 kB\nSwapPss:      ", 64) = 64
1094928 read(7, "         0 kB\nLocked:                0 kB\nTHPeligible:          ", 64) = 64
1094928 read(7, " 0\nVmFlags: mr mw me sd \n7c433dbb3000-7c433dbb4000 rw-p 00000000", 64) = 64
1094928 read(7, " 00:00 0                          [anon: Go: page alloc]\nSize:  ", 64) = 64
1094928 read(7, "                4 kB\nKernelPageSize:        4 kB\nMMUPageSize:   ", 64) = 64
1094928 read(7, "        4 kB\nRss:                   4 kB\nPss:                   ", 64) = 64
1094928 read(7, "4 kB\nPss_Dirty:             4 kB\nShared_Clean:          0 kB\nSha", 64) = 64
1094928 read(7, "red_Dirty:          0 kB\nPrivate_Clean:         0 kB\nPrivate_Dir", 64) = 64
1094928 read(7, "ty:         4 kB\nReferenced:            4 kB\nAnonymous:         ", 64) = 64
1094928 read(7, "    4 kB\nKSM:                   0 kB\nLazyFree:              0 kB", 64) = 64
1094928 read(7, "\nAnonHugePages:         0 kB\nShmemPmdMapped:        0 kB\nFilePmd", 64) = 64
1094928 read(7, "Mapped:         0 kB\nShared_Hugetlb:        0 kB\nPrivate_Hugetlb", 64) = 64
1094928 read(7, ":       0 kB\nSwap:                  0 kB\nSwapPss:               ", 64) = 64
1094928 read(7, "0 kB\nLocked:                0 kB\nTHPeligible:           0\nVmFlag", 64) = 64
1094928 read(7, "s: rd wr mr mw me ac sd \n7c433dbb4000-7c433dc00000 ---p 00000000", 64) = 64
1094928 read(7, " 00:00 0                          [anon: Go: page summary]\nSize:", 64) = 64
1094928 read(7, "                304 kB\nKernelPageSize:        4 kB\nMMUPageSize: ", 64) = 64
1094928 read(7, "          4 kB\nRss:                   0 kB\nPss:                 ", 64) = 64
1094928 read(7, "  0 kB\nPss_Dirty:             0 kB\nShared_Clean:          0 kB\nS", 64) = 64
1094928 read(7, "hared_Dirty:          0 kB\nPrivate_Clean:         0 kB\nPrivate_D", 64) = 64
1094928 read(7, "irty:         0 kB\nReferenced:            0 kB\nAnonymous:       ", 64) = 64
1094928 read(7, "      0 kB\nKSM:                   0 kB\nLazyFree:              0 ", 64) = 64
1094928 read(7, "kB\nAnonHugePages:         0 kB\nShmemPmdMapped:        0 kB\nFileP", 64) = 64
1094928 read(7, "mdMapped:         0 kB\nShared_Hugetlb:        0 kB\nPrivate_Huget", 64) = 64
1094928 read(7, "lb:       0 kB\nSwap:                  0 kB\nSwapPss:             ", 64) = 64
1094928 read(7, "  0 kB\nLocked:                0 kB\nTHPeligible:           0\nVmFl", 64) = 64
1094928 read(7, "ags: mr mw me sd \n7c433dc00000-7c433dc28000 r--p 00000000 fd:01 ", 64) = 64
1094928 read(7, "4038                       /usr/lib/x86_64-linux-gnu/libc.so.6\nS", 64) = 64
1094928 read(7, "ize:                160 kB\nKernelPageSize:        4 kB\nMMUPageSi", 64) = 64
1094928 read(7, "ze:           4 kB\nRss:                 160 kB\nPss:             ", 64) = 64
1094928 read(7, "      1 kB\nPss_Dirty:             0 kB\nShared_Clean:        160 ", 64) = 64
1094928 read(7, "kB\nShared_Dirty:          0 kB\nPrivate_Clean:         0 kB\nPriva", 64) = 64
1094928 read(7, "te_Dirty:         0 kB\nReferenced:          160 kB\nAnonymous:   ", 64) = 64
1094928 read(7, "          0 kB\nKSM:                   0 kB\nLazyFree:            ", 64) = 64
1094928 read(7, "  0 kB\nAnonHugePages:         0 kB\nShmemPmdMapped:        0 kB\nF", 64) = 64
1094928 read(7, "ilePmdMapped:         0 kB\nShared_Hugetlb:        0 kB\nPrivate_H", 64) = 64
1094928 read(7, "ugetlb:       0 kB\nSwap:                  0 kB\nSwapPss:         ", 64) = 64
1094928 read(7, "      0 kB\nLocked:                0 kB\nTHPeligible:           0\n", 64) = 64
1094928 read(7, "VmFlags: rd mr mw me sd \n7c433dc28000-7c433ddb0000 r-xp 00028000", 64) = 64
1094928 read(7, " fd:01 4038                       /usr/lib/x86_64-linux-gnu/libc", 64) = 64
1094928 read(7, ".so.6\nSize:               1568 kB\nKernelPageSize:        4 kB\nMM", 64) = 64
1094928 read(7, "UPageSize:           4 kB\nRss:                1120 kB\nPss:      ", 64) = 64
1094928 read(7, "            12 kB\nPss_Dirty:             0 kB\nShared_Clean:     ", 64) = 64
1094928 read(7, "  1120 kB\nShared_Dirty:          0 kB\nPrivate_Clean:         0 k", 64) = 64
1094928 read(7, "B\nPrivate_Dirty:         0 kB\nReferenced:         1120 kB\nAnonym", 64) = 64
1094928 read(7, "ous:             0 kB\nKSM:                   0 kB\nLazyFree:     ", 64) = 64
1094928 read(7, "         0 kB\nAnonHugePages:         0 kB\nShmemPmdMapped:       ", 64) = 64
1094928 read(7, " 0 kB\nFilePmdMapped:         0 kB\nShared_Hugetlb:        0 kB\nPr", 64) = 64
1094928 read(7, "ivate_Hugetlb:       0 kB\nSwap:                  0 kB\nSwapPss:  ", 64) = 64
1094928 read(7, "             0 kB\nLocked:                0 kB\nTHPeligible:      ", 64) = 64
1094928 read(7, "     0\nVmFlags: rd ex mr mw me sd \n7c433ddb0000-7c433ddff000 r--", 64) = 64
1094928 read(7, "p 001b0000 fd:01 4038                       /usr/lib/x86_64-linu", 64) = 64
1094928 read(7, "x-gnu/libc.so.6\nSize:                316 kB\nKernelPageSize:     ", 64) = 64
1094928 read(7, "   4 kB\nMMUPageSize:           4 kB\nRss:                 128 kB\n", 64) = 64
1094928 read(7, "Pss:                   1 kB\nPss_Dirty:             0 kB\nShared_C", 64) = 64
1094928 read(7, "lean:        128 kB\nShared_Dirty:          0 kB\nPrivate_Clean:  ", 64) = 64
1094928 read(7, "       0 kB\nPrivate_Dirty:         0 kB\nReferenced:          128", 64) = 64
1094928 read(7, " kB\nAnonymous:             0 kB\nKSM:                   0 kB\nLazy", 64) = 64
1094928 read(7, "Free:              0 kB\nAnonHugePages:         0 kB\nShmemPmdMapp", 64) = 64
1094928 read(7, "ed:        0 kB\nFilePmdMapped:         0 kB\nShared_Hugetlb:     ", 64) = 64
1094928 read(7, "   0 kB\nPrivate_Hugetlb:       0 kB\nSwap:                  0 kB\n", 64) = 64
1094928 read(7, "SwapPss:               0 kB\nLocked:                0 kB\nTHPeligi", 64) = 64
1094928 read(7, "ble:           0\nVmFlags: rd mr mw me sd \n7c433ddff000-7c433de03", 64) = 64
1094928 read(7, "000 r--p 001fe000 fd:01 4038                       /usr/lib/x86_", 64) = 64
1094928 read(7, "64-linux-gnu/libc.so.6\nSize:                 16 kB\nKernelPageSiz", 64) = 64
1094928 read(7, "e:        4 kB\nMMUPageSize:           4 kB\nRss:                 ", 64) = 64
1094928 read(7, " 16 kB\nPss:                  16 kB\nPss_Dirty:            16 kB\nS", 64) = 64
1094928 read(7, "hared_Clean:          0 kB\nShared_Dirty:          0 kB\nPrivate_C", 64) = 64
1094928 read(7, "lean:         0 kB\nPrivate_Dirty:        16 kB\nReferenced:      ", 64) = 64
1094928 read(7, "     16 kB\nAnonymous:            16 kB\nKSM:                   0 ", 64) = 64
1094928 read(7, "kB\nLazyFree:              0 kB\nAnonHugePages:         0 kB\nShmem", 64) = 64
1094928 read(7, "PmdMapped:        0 kB\nFilePmdMapped:         0 kB\nShared_Hugetl", 64) = 64
1094928 read(7, "b:        0 kB\nPrivate_Hugetlb:       0 kB\nSwap:                ", 64) = 64
1094928 read(7, "  0 kB\nSwapPss:               0 kB\nLocked:                0 kB\nT", 64) = 64
1094928 read(7, "HPeligible:           0\nVmFlags: rd mr mw me ac sd \n7c433de03000", 64) = 64
1094928 read(7, "-7c433de05000 rw-p 00202000 fd:01 4038                       /us", 64) = 64
1094928 read(7, "r/lib/x86_64-linux-gnu/libc.so.6\nSize:                  8 kB\nKer", 64) = 64
1094928 read(7, "nelPageSize:        4 kB\nMMUPageSize:           4 kB\nRss:       ", 64) = 64
1094928 read(7, "            8 kB\nPss:                   8 kB\nPss_Dirty:         ", 64) = 64
1094928 read(7, "    8 kB\nShared_Clean:          0 kB\nShared_Dirty:          0 kB", 64) = 64
1094928 read(7, "\nPrivate_Clean:         0 kB\nPrivate_Dirty:         8 kB\nReferen", 64) = 64
1094928 read(7, "ced:            8 kB\nAnonymous:             8 kB\nKSM:           ", 64) = 64
1094928 read(7, "        0 kB\nLazyFree:              0 kB\nAnonHugePages:         ", 64) = 64
1094928 read(7, "0 kB\nShmemPmdMapped:        0 kB\nFilePmdMapped:         0 kB\nSha", 64) = 64
1094928 read(7, "red_Hugetlb:        0 kB\nPrivate_Hugetlb:       0 kB\nSwap:      ", 64) = 64
1094928 read(7, "            0 kB\nSwapPss:               0 kB\nLocked:            ", 64) = 64
1094928 read(7, "    0 kB\nTHPeligible:           0\nVmFlags: rd wr mr mw me ac sd ", 64) = 64
1094928 read(7, "\n7c433de05000-7c433de12000 rw-p 00000000 00:00 0 \nSize:         ", 64) = 64
1094928 read(7, "        52 kB\nKernelPageSize:        4 kB\nMMUPageSize:          ", 64) = 64
1094928 read(7, " 4 kB\nRss:                  20 kB\nPss:                  20 kB\nPs", 64) = 64
1094928 read(7, "s_Dirty:            20 kB\nShared_Clean:          0 kB\nShared_Dir", 64) = 64
1094928 read(7, "ty:          0 kB\nPrivate_Clean:         0 kB\nPrivate_Dirty:    ", 64) = 64
1094928 read(7, "    20 kB\nReferenced:           20 kB\nAnonymous:            20 k", 64) = 64
1094928 read(7, "B\nKSM:                   0 kB\nLazyFree:              0 kB\nAnonHu", 64) = 64
1094928 read(7, "gePages:         0 kB\nShmemPmdMapped:        0 kB\nFilePmdMapped:", 64) = 64
1094928 read(7, "         0 kB\nShared_Hugetlb:        0 kB\nPrivate_Hugetlb:      ", 64) = 64
1094928 read(7, " 0 kB\nSwap:                  0 kB\nSwapPss:               0 kB\nLo", 64) = 64
1094928 read(7, "cked:                0 kB\nTHPeligible:           0\nVmFlags: rd w", 64) = 64
1094928 read(7, "r mr mw me ac sd \n7c433de15000-7c433de27000 rw-p 00000000 00:00 ", 64) = 64
1094928 read(7, "0                          [anon: Go: immortal metadata]\nSize:  ", 64) = 64
1094928 read(7, "               72 kB\nKernelPageSize:        4 kB\nMMUPageSize:   ", 64) = 64
1094928 read(7, "        4 kB\nRss:                  16 kB\nPss:                  1", 64) = 64
1094928 read(7, "6 kB\nPss_Dirty:            16 kB\nShared_Clean:          0 kB\nSha", 64) = 64
1094928 read(7, "red_Dirty:          0 kB\nPrivate_Clean:         0 kB\nPrivate_Dir", 64) = 64
1094928 read(7, "ty:        16 kB\nReferenced:           16 kB\nAnonymous:         ", 64) = 64
1094928 read(7, "   16 kB\nKSM:                   0 kB\nLazyFree:              0 kB", 64) = 64
1094928 read(7, "\nAnonHugePages:         0 kB\nShmemPmdMapped:        0 kB\nFilePmd", 64) = 64
1094928 read(7, "Mapped:         0 kB\nShared_Hugetlb:        0 kB\nPrivate_Hugetlb", 64) = 64
1094928 read(7, ":       0 kB\nSwap:                  0 kB\nSwapPss:               ", 64) = 64
1094928 read(7, "0 kB\nLocked:                0 kB\nTHPeligible:           0\nVmFlag", 64) = 64
1094928 read(7, "s: rd wr mr mw me ac sd \n7c433de27000-7c433de47000 rw-p 00000000", 64) = 64
1094928 read(7, " 00:00 0                          [anon: Go: page alloc]\nSize:  ", 64) = 64
1094928 read(7, "              128 kB\nKernelPageSize:        4 kB\nMMUPageSize:   ", 64) = 64
1094928 read(7, "        4 kB\nRss:                   4 kB\nPss:                   ", 64) = 64
1094928 read(7, "4 kB\nPss_Dirty:             4 kB\nShared_Clean:          0 kB\nSha", 64) = 64
1094928 read(7, "red_Dirty:          0 kB\nPrivate_Clean:         0 kB\nPrivate_Dir", 64) = 64
1094928 read(7, "ty:         4 kB\nReferenced:            4 kB\nAnonymous:         ", 64) = 64
1094928 read(7, "    4 kB\nKSM:                   0 kB\nLazyFree:              0 kB", 64) = 64
1094928 read(7, "\nAnonHugePages:         0 kB\nShmemPmdMapped:        0 kB\nFilePmd", 64) = 64
1094928 read(7, "Mapped:         0 kB\nShared_Hugetlb:        0 kB\nPrivate_Hugetlb", 64) = 64
1094928 read(7, ":       0 kB\nSwap:                  0 kB\nSwapPss:               ", 64) = 64
1094928 read(7, "0 kB\nLocked:                0 kB\nTHPeligible:           0\nVmFlag", 64) = 64
1094928 read(7, "s: rd wr mr mw me ac sd \n7c433de47000-7c433de87000 rw-p 00000000", 64) = 64
1094928 read(7, " 00:00 0                          [anon: Go: immortal metadata]\n", 64) = 64
1094928 read(7, "Size:                256 kB\nKernelPageSize:        4 kB\nMMUPageS", 64) = 64
1094928 read(7, "ize:           4 kB\nRss:                  68 kB\nPss:            ", 64) = 64
1094928 read(7, "      68 kB\nPss_Dirty:            68 kB\nShared_Clean:          0", 64) = 64
1094928 read(7, " kB\nShared_Dirty:          0 kB\nPrivate_Clean:         0 kB\nPriv", 64) = 64
1094928 read(7, "ate_Dirty:        68 kB\nReferenced:           68 kB\nAnonymous:  ", 64) = 64
1094928 read(7, "          68 kB\nKSM:                   0 kB\nLazyFree:           ", 64) = 64
1094928 read(7, "   0 kB\nAnonHugePages:         0 kB\nShmemPmdMapped:        0 kB\n", 64) = 64
1094928 read(7, "FilePmdMapped:         0 kB\nShared_Hugetlb:        0 kB\nPrivate_", 64) = 64
1094928 read(7, "Hugetlb:       0 kB\nSwap:                  0 kB\nSwapPss:        ", 64) = 64
1094928 read(7, "       0 kB\nLocked:                0 kB\nTHPeligible:           0", 64) = 64
1094928 read(7, "\nVmFlags: rd wr mr mw me ac sd \n7c433de87000-7c433deb7000 rw-p 0", 64) = 64
1094928 read(7, "0000000 00:00 0                          [anon:absl]\nSize:      ", 64) = 64
1094928 read(7, "          192 kB\nKernelPageSize:        4 kB\nMMUPageSize:       ", 64) = 64
1094928 read(7, "    4 kB\nRss:                  12 kB\nPss:                  12 kB", 64) = 64
1094928 read(7, "\nPss_Dirty:            12 kB\nShared_Clean:          0 kB\nShared_", 64) = 64
1094928 read(7, "Dirty:          0 kB\nPrivate_Clean:         0 kB\nPrivate_Dirty: ", 64) = 64
1094928 read(7, "       12 kB\nReferenced:           12 kB\nAnonymous:            1", 64) = 64
1094928 read(7, "2 kB\nKSM:                   0 kB\nLazyFree:              0 kB\nAno", 64) = 64
1094928 read(7, "nHugePages:         0 kB\nShmemPmdMapped:        0 kB\nFilePmdMapp", 64) = 64
1094928 read(7, "ed:         0 kB\nShared_Hugetlb:        0 kB\nPrivate_Hugetlb:   ", 64) = 64
1094928 read(7, "    0 kB\nSwap:                  0 kB\nSwapPss:               0 kB", 64) = 64
1094928 read(7, "\nLocked:                0 kB\nTHPeligible:           0\nVmFlags: r", 64) = 64
1094928 read(7, "d wr mr mw me ac sd \n7c433deb7000-7c433debc000 rw-p 00000000 00:", 64) = 64
1094928 read(7, "00 0 \nSize:                 20 kB\nKernelPageSize:        4 kB\nMM", 64) = 64
1094928 read(7, "UPageSize:           4 kB\nRss:                  16 kB\nPss:      ", 64) = 64
1094928 read(7, "            16 kB\nPss_Dirty:            16 kB\nShared_Clean:     ", 64) = 64
1094928 read(7, "     0 kB\nShared_Dirty:          0 kB\nPrivate_Clean:         0 k", 64) = 64
1094928 read(7, "B\nPrivate_Dirty:        16 kB\nReferenced:           16 kB\nAnonym", 64) = 64
1094928 read(7, "ous:            16 kB\nKSM:                   0 kB\nLazyFree:     ", 64) = 64
1094928 read(7, "         0 kB\nAnonHugePages:         0 kB\nShmemPmdMapped:       ", 64) = 64
1094928 read(7, " 0 kB\nFilePmdMapped:         0 kB\nShared_Hugetlb:        0 kB\nPr", 64) = 64
1094928 read(7, "ivate_Hugetlb:       0 kB\nSwap:                  0 kB\nSwapPss:  ", 64) = 64
1094928 read(7, "             0 kB\nLocked:                0 kB\nTHPeligible:      ", 64) = 64
1094928 read(7, "     0\nVmFlags: rd wr mr mw me ac sd \n7c433debc000-7c433debd000 ", 64) = 64
1094928 read(7, "r--p 00000000 fd:01 4052                       /usr/lib/x86_64-l", 64) = 64
1094928 read(7, "inux-gnu/librt.so.1\nSize:                  4 kB\nKernelPageSize: ", 64) = 64
1094928 read(7, "       4 kB\nMMUPageSize:           4 kB\nRss:                   4", 64) = 64
1094928 read(7, " kB\nPss:                   1 kB\nPss_Dirty:             0 kB\nShar", 64) = 64
1094928 read(7, "ed_Clean:          4 kB\nShared_Dirty:          0 kB\nPrivate_Clea", 64) = 64
1094928 read(7, "n:         0 kB\nPrivate_Dirty:         0 kB\nReferenced:         ", 64) = 64
1094928 read(7, "   4 kB\nAnonymous:             0 kB\nKSM:                   0 kB\n", 64) = 64
1094928 read(7, "LazyFree:              0 kB\nAnonHugePages:         0 kB\nShmemPmd", 64) = 64
1094928 read(7, "Mapped:        0 kB\nFilePmdMapped:         0 kB\nShared_Hugetlb: ", 64) = 64
1094928 read(7, "       0 kB\nPrivate_Hugetlb:       0 kB\nSwap:                  0", 64) = 64
1094928 read(7, " kB\nSwapPss:               0 kB\nLocked:                0 kB\nTHPe", 64) = 64
1094928 read(7, "ligible:           0\nVmFlags: rd mr mw me sd \n7c433debd000-7c433", 64) = 64
1094928 read(7, "debe000 r-xp 00001000 fd:01 4052                       /usr/lib/", 64) = 64
1094928 read(7, "x86_64-linux-gnu/librt.so.1\nSize:                  4 kB\nKernelPa", 64) = 64
1094928 read(7, "geSize:        4 kB\nMMUPageSize:           4 kB\nRss:            ", 64) = 64
1094928 read(7, "       4 kB\nPss:                   1 kB\nPss_Dirty:             0", 64) = 64
1094928 read(7, " kB\nShared_Clean:          4 kB\nShared_Dirty:          0 kB\nPriv", 64) = 64
1094928 read(7, "ate_Clean:         0 kB\nPrivate_Dirty:         0 kB\nReferenced: ", 64) = 64
1094928 read(7, "           4 kB\nAnonymous:             0 kB\nKSM:                ", 64) = 64
1094928 read(7, "   0 kB\nLazyFree:              0 kB\nAnonHugePages:         0 kB\n", 64) = 64
1094928 read(7, "ShmemPmdMapped:        0 kB\nFilePmdMapped:         0 kB\nShared_H", 64) = 64
1094928 read(7, "ugetlb:        0 kB\nPrivate_Hugetlb:       0 kB\nSwap:           ", 64) = 64
1094928 read(7, "       0 kB\nSwapPss:               0 kB\nLocked:                0", 64) = 64
1094928 read(7, " kB\nTHPeligible:           0\nVmFlags: rd ex mr mw me sd \n7c433de", 64) = 64
1094928 read(7, "be000-7c433debf000 r--p 00002000 fd:01 4052                     ", 64) = 64
1094928 read(7, "  /usr/lib/x86_64-linux-gnu/librt.so.1\nSize:                  4 ", 64) = 64
1094928 read(7, "kB\nKernelPageSize:        4 kB\nMMUPageSize:           4 kB\nRss: ", 64) = 64
1094928 read(7, "                  0 kB\nPss:                   0 kB\nPss_Dirty:   ", 64) = 64
1094928 read(7, "          0 kB\nShared_Clean:          0 kB\nShared_Dirty:        ", 64) = 64
1094928 read(7, "  0 kB\nPrivate_Clean:         0 kB\nPrivate_Dirty:         0 kB\nR", 64) = 64
1094928 read(7, "eferenced:            0 kB\nAnonymous:             0 kB\nKSM:     ", 64) = 64
1094928 read(7, "              0 kB\nLazyFree:              0 kB\nAnonHugePages:   ", 64) = 64
1094928 read(7, "      0 kB\nShmemPmdMapped:        0 kB\nFilePmdMapped:         0 ", 64) = 64
1094928 read(7, "kB\nShared_Hugetlb:        0 kB\nPrivate_Hugetlb:       0 kB\nSwap:", 64) = 64
1094928 read(7, "                  0 kB\nSwapPss:               0 kB\nLocked:      ", 64) = 64
1094928 read(7, "          0 kB\nTHPeligible:           0\nVmFlags: rd mr mw me sd ", 64) = 64
1094928 read(7, "\n7c433debf000-7c433dec0000 r--p 00002000 fd:01 4052             ", 64) = 64
1094928 read(7, "          /usr/lib/x86_64-linux-gnu/librt.so.1\nSize:            ", 64) = 64
1094928 read(7, "      4 kB\nKernelPageSize:        4 kB\nMMUPageSize:           4 ", 64) = 64
1094928 read(7, "kB\nRss:                   4 kB\nPss:                   4 kB\nPss_D", 64) = 64
1094928 read(7, "irty:             4 kB\nShared_Clean:          0 kB\nShared_Dirty:", 64) = 64
1094928 read(7, "          0 kB\nPrivate_Clean:         0 kB\nPrivate_Dirty:       ", 64) = 64
1094928 read(7, "  4 kB\nReferenced:            4 kB\nAnonymous:             4 kB\nK", 64) = 64
1094928 read(7, "SM:                   0 kB\nLazyFree:              0 kB\nAnonHugeP", 64) = 64
1094928 read(7, "ages:         0 kB\nShmemPmdMapped:        0 kB\nFilePmdMapped:   ", 64) = 64
1094928 read(7, "      0 kB\nShared_Hugetlb:        0 kB\nPrivate_Hugetlb:       0 ", 64) = 64
1094928 read(7, "kB\nSwap:                  0 kB\nSwapPss:               0 kB\nLocke", 64) = 64
1094928 read(7, "d:                0 kB\nTHPeligible:           0\nVmFlags: rd mr m", 64) = 64
1094928 read(7, "w me ac sd \n7c433dec0000-7c433dec1000 rw-p 00003000 fd:01 4052  ", 64) = 64
1094928 read(7, "                     /usr/lib/x86_64-linux-gnu/librt.so.1\nSize: ", 64) = 64
1094928 read(7, "                 4 kB\nKernelPageSize:        4 kB\nMMUPageSize:  ", 64) = 64
1094928 read(7, "         4 kB\nRss:                   4 kB\nPss:                  ", 64) = 64
1094928 read(7, " 4 kB\nPss_Dirty:             4 kB\nShared_Clean:          0 kB\nSh", 64) = 64
1094928 read(7, "ared_Dirty:          0 kB\nPrivate_Clean:         0 kB\nPrivate_Di", 64) = 64
1094928 read(7, "rty:         4 kB\nReferenced:            4 kB\nAnonymous:        ", 64) = 64
1094928 read(7, "     4 kB\nKSM:                   0 kB\nLazyFree:              0 k", 64) = 64
1094928 read(7, "B\nAnonHugePages:         0 kB\nShmemPmdMapped:        0 kB\nFilePm", 64) = 64
1094928 read(7, "dMapped:         0 kB\nShared_Hugetlb:        0 kB\nPrivate_Hugetl", 64) = 64
1094928 read(7, "b:       0 kB\nSwap:                  0 kB\nSwapPss:              ", 64) = 64
1094928 read(7, " 0 kB\nLocked:                0 kB\nTHPeligible:           0\nVmFla", 64) = 64
1094928 read(7, "gs: rd wr mr mw me ac sd \n7c433dec1000-7c433dec2000 r--p 0000000", 64) = 64
1094928 read(7, "0 fd:01 4040                       /usr/lib/x86_64-linux-gnu/lib", 64) = 64
1094928 read(7, "dl.so.2\nSize:                  4 kB\nKernelPageSize:        4 kB\n", 64) = 64
1094928 read(7, "MMUPageSize:           4 kB\nRss:                   4 kB\nPss:    ", 64) = 64
1094928 read(7, "               0 kB\nPss_Dirty:             0 kB\nShared_Clean:   ", 64) = 64
1094928 read(7, "       4 kB\nShared_Dirty:          0 kB\nPrivate_Clean:         0", 64) = 64
1094928 read(7, " kB\nPrivate_Dirty:         0 kB\nReferenced:            4 kB\nAnon", 64) = 64
1094928 read(7, "ymous:             0 kB\nKSM:                   0 kB\nLazyFree:   ", 64) = 64
1094928 read(7, "           0 kB\nAnonHugePages:         0 kB\nShmemPmdMapped:     ", 64) = 64
1094928 read(7, "   0 kB\nFilePmdMapped:         0 kB\nShared_Hugetlb:        0 kB\n", 64) = 64
1094928 read(7, "Private_Hugetlb:       0 kB\nSwap:                  0 kB\nSwapPss:", 64) = 64
1094928 read(7, "               0 kB\nLocked:                0 kB\nTHPeligible:    ", 64) = 64
1094928 read(7, "       0\nVmFlags: rd mr mw me sd \n7c433dec2000-7c433dec3000 r-xp", 64) = 64
1094928 read(7, " 00001000 fd:01 4040                       /usr/lib/x86_64-linux", 64) = 64
1094928 read(7, "-gnu/libdl.so.2\nSize:                  4 kB\nKernelPageSize:     ", 64) = 64
1094928 read(7, "   4 kB\nMMUPageSize:           4 kB\nRss:                   4 kB\n", 64) = 64
1094928 read(7, "Pss:                   0 kB\nPss_Dirty:             0 kB\nShared_C", 64) = 64
1094928 read(7, "lean:          4 kB\nShared_Dirty:          0 kB\nPrivate_Clean:  ", 64) = 64
1094928 read(7, "       0 kB\nPrivate_Dirty:         0 kB\nReferenced:            4", 64) = 64
1094928 read(7, " kB\nAnonymous:             0 kB\nKSM:                   0 kB\nLazy", 64) = 64
1094928 read(7, "Free:              0 kB\nAnonHugePages:         0 kB\nShmemPmdMapp", 64) = 64
1094928 read(7, "ed:        0 kB\nFilePmdMapped:         0 kB\nShared_Hugetlb:     ", 64) = 64
1094928 read(7, "   0 kB\nPrivate_Hugetlb:       0 kB\nSwap:                  0 kB\n", 64) = 64
1094928 read(7, "SwapPss:               0 kB\nLocked:                0 kB\nTHPeligi", 64) = 64
1094928 read(7, "ble:           0\nVmFlags: rd ex mr mw me sd \n7c433dec3000-7c433d", 64) = 64
1094928 read(7, "ec4000 r--p 00002000 fd:01 4040                       /usr/lib/x", 64) = 64
1094928 read(7, "86_64-linux-gnu/libdl.so.2\nSize:                  4 kB\nKernelPag", 64) = 64
1094928 read(7, "eSize:        4 kB\nMMUPageSize:           4 kB\nRss:             ", 64) = 64
1094928 read(7, "      0 kB\nPss:                   0 kB\nPss_Dirty:             0 ", 64) = 64
1094928 read(7, "kB\nShared_Clean:          0 kB\nShared_Dirty:          0 kB\nPriva", 64) = 64
1094928 read(7, "te_Clean:         0 kB\nPrivate_Dirty:         0 kB\nReferenced:  ", 64) = 64
1094928 read(7, "          0 kB\nAnonymous:             0 kB\nKSM:                 ", 64) = 64
1094928 read(7, "  0 kB\nLazyFree:              0 kB\nAnonHugePages:         0 kB\nS", 64) = 64
1094928 read(7,  <unfinished ...>
1094929 <... nanosleep resumed>NULL)    = 0
1094928 <... read resumed>"hmemPmdMapped:        0 kB\nFilePmdMapped:         0 kB\nShared_Hu", 64) = 64
1094929 epoll_pwait(5,  <unfinished ...>
1094928 read(7,  <unfinished ...>
1094929 <... epoll_pwait resumed>[], 128, 0, NULL, 0) = 0
1094928 <... read resumed>"getlb:        0 kB\nPrivate_Hugetlb:       0 kB\nSwap:            ", 64) = 64
1094929 getpid( <unfinished ...>
1094928 futex(0x33aff2f39160, FUTEX_WAKE_PRIVATE, 1 <unfinished ...>
1094929 <... getpid resumed>)           = 1094928
1094928 <... futex resumed>)            = 1
1094930 <... futex resumed>)            = 0
1094929 tgkill(1094928, 1094928, SIGURG <unfinished ...>
1094930 futex(0x6040d5c037d8, FUTEX_WAKE_PRIVATE, 1 <unfinished ...>
1094929 <... tgkill resumed>)           = 0
1094928 --- SIGURG {si_signo=SIGURG, si_code=SI_TKILL, si_pid=1094928, si_uid=0} ---
1094930 <... futex resumed>)            = 0
1094929 nanosleep({tv_sec=0, tv_nsec=10000000},  <unfinished ...>
1094928 rt_sigreturn({mask=[]} <unfinished ...>
1094930 futex(0x33aff2f39160, FUTEX_WAIT_PRIVATE, 0, NULL <unfinished ...>
1094928 <... rt_sigreturn resumed>)     = 1
1094928 futex(0x33aff2f39160, FUTEX_WAKE_PRIVATE, 1) = 1
1094930 <... futex resumed>)            = 0
1094928 read(7,  <unfinished ...>
1094930 futex(0x33aff2f39160, FUTEX_WAIT_PRIVATE, 0, NULL <unfinished ...>
1094928 <... read resumed>"      0 kB\nSwapPss:               0 kB\nLocked:                0 ", 64) = 64
1094928 read(7, "kB\nTHPeligible:           0\nVmFlags: rd mr mw me sd \n7c433dec400", 64) = 64
1094928 read(7, "0-7c433dec5000 r--p 00002000 fd:01 4040                       /u", 64) = 64
1094928 read(7, "sr/lib/x86_64-linux-gnu/libdl.so.2\nSize:                  4 kB\nK", 64) = 64
1094928 read(7, "ernelPageSize:        4 kB\nMMUPageSize:           4 kB\nRss:     ", 64) = 64
1094928 read(7, "              4 kB\nPss:                   4 kB\nPss_Dirty:       ", 64) = 64
1094928 read(7, "      4 kB\nShared_Clean:          0 kB\nShared_Dirty:          0 ", 64) = 64
1094928 read(7, "kB\nPrivate_Clean:         0 kB\nPrivate_Dirty:         4 kB\nRefer", 64) = 64
1094928 read(7, "enced:            4 kB\nAnonymous:             4 kB\nKSM:         ", 64) = 64
1094928 read(7, "          0 kB\nLazyFree:              0 kB\nAnonHugePages:       ", 64) = 64
1094928 read(7, "  0 kB\nShmemPmdMapped:        0 kB\nFilePmdMapped:         0 kB\nS", 64) = 64
1094928 read(7, "hared_Hugetlb:        0 kB\nPrivate_Hugetlb:       0 kB\nSwap:    ", 64) = 64
1094928 read(7, "              0 kB\nSwapPss:               0 kB\nLocked:          ", 64) = 64
1094928 read(7, "      0 kB\nTHPeligible:           0\nVmFlags: rd mr mw me ac sd \n", 64) = 64
1094928 read(7, "7c433dec5000-7c433dec6000 rw-p 00003000 fd:01 4040              ", 64) = 64
1094928 read(7, "         /usr/lib/x86_64-linux-gnu/libdl.so.2\nSize:             ", 64) = 64
1094928 read(7, "     4 kB\nKernelPageSize:        4 kB\nMMUPageSize:           4 k", 64) = 64
1094928 read(7, "B\nRss:                   4 kB\nPss:                   4 kB\nPss_Di", 64) = 64
1094928 read(7, "rty:             4 kB\nShared_Clean:          0 kB\nShared_Dirty: ", 64) = 64
1094928 read(7, "         0 kB\nPrivate_Clean:         0 kB\nPrivate_Dirty:        ", 64) = 64
1094928 read(7, " 4 kB\nReferenced:            4 kB\nAnonymous:             4 kB\nKS", 64) = 64
1094928 read(7, "M:                   0 kB\nLazyFree:              0 kB\nAnonHugePa", 64) = 64
1094928 read(7, "ges:         0 kB\nShmemPmdMapped:        0 kB\nFilePmdMapped:    ", 64) = 64
1094928 read(7, "     0 kB\nShared_Hugetlb:        0 kB\nPrivate_Hugetlb:       0 k", 64) = 64
1094928 read(7, "B\nSwap:                  0 kB\nSwapPss:               0 kB\nLocked", 64) = 64
1094928 read(7, ":                0 kB\nTHPeligible:           0\nVmFlags: rd wr mr", 64) = 64
1094928 read(7, " mw me ac sd \n7c433dec6000-7c433ded6000 r--p 00000000 fd:01 4041", 64) = 64
1094928 read(7, "                       /usr/lib/x86_64-linux-gnu/libm.so.6\nSize:", 64) = 64
1094928 read(7, "                 64 kB\nKernelPageSize:        4 kB\nMMUPageSize: ", 64) = 64
1094928 read(7, "          4 kB\nRss:                  64 kB\nPss:                 ", 64) = 64
1094928 read(7, "  1 kB\nPss_Dirty:             0 kB\nShared_Clean:         64 kB\nS", 64) = 64
1094928 read(7, "hared_Dirty:          0 kB\nPrivate_Clean:         0 kB\nPrivate_D", 64) = 64
1094928 read(7, "irty:         0 kB\nReferenced:           64 kB\nAnonymous:       ", 64) = 64
1094928 read(7, "      0 kB\nKSM:                   0 kB\nLazyFree:              0 ", 64) = 64
1094928 read(7, "kB\nAnonHugePages:         0 kB\nShmemPmdMapped:        0 kB\nFileP", 64) = 64
1094928 read(7, "mdMapped:         0 kB\nShared_Hugetlb:        0 kB\nPrivate_Huget", 64) = 64
1094928 read(7, "lb:       0 kB\nSwap:                  0 kB\nSwapPss:             ", 64) = 64
1094928 read(7, "  0 kB\nLocked:                0 kB\nTHPeligible:           0\nVmFl", 64) = 64
1094928 read(7, "ags: rd mr mw me sd \n7c433ded6000-7c433df55000 r-xp 00010000 fd:", 64) = 64
1094928 read(7, "01 4041                       /usr/lib/x86_64-linux-gnu/libm.so.", 64) = 64
1094928 read(7, "6\nSize:                508 kB\nKernelPageSize:        4 kB\nMMUPag", 64) = 64
1094928 read(7, "eSize:           4 kB\nRss:                 232 kB\nPss:          ", 64) = 64
1094928 read(7, "         6 kB\nPss_Dirty:             0 kB\nShared_Clean:        2", 64) = 64
1094928 read(7, "32 kB\nShared_Dirty:          0 kB\nPrivate_Clean:         0 kB\nPr", 64) = 64
1094928 read(7, "ivate_Dirty:         0 kB\nReferenced:          232 kB\nAnonymous:", 64) = 64
1094928 read(7, "             0 kB\nKSM:                   0 kB\nLazyFree:         ", 64) = 64
1094928 read(7, "     0 kB\nAnonHugePages:         0 kB\nShmemPmdMapped:        0 k", 64) = 64
1094928 read(7, "B\nFilePmdMapped:         0 kB\nShared_Hugetlb:        0 kB\nPrivat", 64) = 64
1094928 read(7, "e_Hugetlb:       0 kB\nSwap:                  0 kB\nSwapPss:      ", 64) = 64
1094928 read(7, "         0 kB\nLocked:                0 kB\nTHPeligible:          ", 64) = 64
1094928 read(7, " 0\nVmFlags: rd ex mr mw me sd \n7c433df55000-7c433dfad000 r--p 00", 64) = 64
1094928 read(7, "08f000 fd:01 4041                       /usr/lib/x86_64-linux-gn", 64) = 64
1094928 read(7, "u/libm.so.6\nSize:                352 kB\nKernelPageSize:        4", 64) = 64
1094928 read(7, " kB\nMMUPageSize:           4 kB\nRss:                   0 kB\nPss:", 64) = 64
1094928 read(7, "                   0 kB\nPss_Dirty:             0 kB\nShared_Clean", 64) = 64
1094928 read(7, ":          0 kB\nShared_Dirty:          0 kB\nPrivate_Clean:      ", 64) = 64
1094928 read(7, "   0 kB\nPrivate_Dirty:         0 kB\nReferenced:            0 kB\n", 64) = 64
1094928 read(7, "Anonymous:             0 kB\nKSM:                   0 kB\nLazyFree", 64) = 64
1094928 read(7, ":              0 kB\nAnonHugePages:         0 kB\nShmemPmdMapped: ", 64) = 64
1094928 read(7, "       0 kB\nFilePmdMapped:         0 kB\nShared_Hugetlb:        0", 64) = 64
1094928 read(7, " kB\nPrivate_Hugetlb:       0 kB\nSwap:                  0 kB\nSwap", 64) = 64
1094928 read(7, "Pss:               0 kB\nLocked:                0 kB\nTHPeligible:", 64) = 64
1094928 read(7, "           0\nVmFlags: rd mr mw me sd \n7c433dfad000-7c433dfae000 ", 64) = 64
1094928 read(7, "r--p 000e7000 fd:01 4041                       /usr/lib/x86_64-l", 64) = 64
1094928 read(7, "inux-gnu/libm.so.6\nSize:                  4 kB\nKernelPageSize:  ", 64) = 64
1094928 read(7, "      4 kB\nMMUPageSize:           4 kB\nRss:                   4 ", 64) = 64
1094928 read(7, "kB\nPss:                   4 kB\nPss_Dirty:             4 kB\nShare", 64) = 64
1094928 read(7, "d_Clean:          0 kB\nShared_Dirty:          0 kB\nPrivate_Clean", 64) = 64
1094928 read(7, ":         0 kB\nPrivate_Dirty:         4 kB\nReferenced:          ", 64) = 64
1094928 read(7, "  4 kB\nAnonymous:             4 kB\nKSM:                   0 kB\nL", 64) = 64
1094928 read(7, "azyFree:              0 kB\nAnonHugePages:         0 kB\nShmemPmdM", 64) = 64
1094928 read(7, "apped:        0 kB\nFilePmdMapped:         0 kB\nShared_Hugetlb:  ", 64) = 64
1094928 read(7, "      0 kB\nPrivate_Hugetlb:       0 kB\nSwap:                  0 ", 64) = 64
1094928 read(7, "kB\nSwapPss:               0 kB\nLocked:                0 kB\nTHPel", 64) = 64
1094928 read(7, "igible:           0\nVmFlags: rd mr mw me ac sd \n7c433dfae000-7c4", 64) = 64
1094928 read(7, "33dfaf000 rw-p 000e8000 fd:01 4041                       /usr/li", 64) = 64
1094928 read(7, "b/x86_64-linux-gnu/libm.so.6\nSize:                  4 kB\nKernelP", 64) = 64
1094928 read(7, "ageSize:        4 kB\nMMUPageSize:           4 kB\nRss:           ", 64) = 64
1094928 read(7, "        4 kB\nPss:                   4 kB\nPss_Dirty:             ", 64) = 64
1094928 read(7, "4 kB\nShared_Clean:          0 kB\nShared_Dirty:          0 kB\nPri", 64) = 64
1094928 read(7, "vate_Clean:         0 kB\nPrivate_Dirty:         4 kB\nReferenced:", 64) = 64
1094928 read(7, "            4 kB\nAnonymous:             4 kB\nKSM:               ", 64) = 64
1094928 read(7, "    0 kB\nLazyFree:              0 kB\nAnonHugePages:         0 kB", 64) = 64
1094928 read(7, "\nShmemPmdMapped:        0 kB\nFilePmdMapped:         0 kB\nShared_", 64) = 64
1094928 read(7, "Hugetlb:        0 kB\nPrivate_Hugetlb:       0 kB\nSwap:          ", 64) = 64
1094928 read(7, "        0 kB\nSwapPss:               0 kB\nLocked:                ", 64) = 64
1094928 read(7, "0 kB\nTHPeligible:           0\nVmFlags: rd wr mr mw me ac sd \n7c4", 64) = 64
1094928 read(7, "33dfaf000-7c433dfb0000 r--p 00000000 fd:01 4050                 ", 64) = 64
1094928 read(7, "      /usr/lib/x86_64-linux-gnu/libpthread.so.0\nSize:           ", 64) = 64
1094928 read(7, "       4 kB\nKernelPageSize:        4 kB\nMMUPageSize:           4", 64) = 64
1094928 read(7, " kB\nRss:                   4 kB\nPss:                   0 kB\nPss_", 64) = 64
1094928 read(7, "Dirty:             0 kB\nShared_Clean:          4 kB\nShared_Dirty", 64) = 64
1094928 read(7, ":          0 kB\nPrivate_Clean:         0 kB\nPrivate_Dirty:      ", 64) = 64
1094928 read(7, "   0 kB\nReferenced:            4 kB\nAnonymous:             0 kB\n", 64) = 64
1094928 read(7, "KSM:                   0 kB\nLazyFree:              0 kB\nAnonHuge", 64) = 64
1094928 read(7, "Pages:         0 kB\nShmemPmdMapped:        0 kB\nFilePmdMapped:  ", 64) = 64
1094928 read(7, "       0 kB\nShared_Hugetlb:        0 kB\nPrivate_Hugetlb:       0", 64) = 64
1094928 read(7, " kB\nSwap:                  0 kB\nSwapPss:               0 kB\nLock", 64) = 64
1094928 read(7, "ed:                0 kB\nTHPeligible:           0\nVmFlags: rd mr ", 64) = 64
1094928 read(7, "mw me sd \n7c433dfb0000-7c433dfb1000 r-xp 00001000 fd:01 4050    ", 64) = 64
1094928 read(7, "                   /usr/lib/x86_64-linux-gnu/libpthread.so.0\nSiz", 64) = 64
1094928 read(7, "e:                  4 kB\nKernelPageSize:        4 kB\nMMUPageSize", 64) = 64
1094928 read(7, ":           4 kB\nRss:                   4 kB\nPss:               ", 64) = 64
1094928 read(7, "    0 kB\nPss_Dirty:             0 kB\nShared_Clean:          4 kB", 64) = 64
1094928 read(7, "\nShared_Dirty:          0 kB\nPrivate_Clean:         0 kB\nPrivate", 64) = 64
1094928 read(7, "_Dirty:         0 kB\nReferenced:            4 kB\nAnonymous:     ", 64) = 64
1094928 read(7, "        0 kB\nKSM:                   0 kB\nLazyFree:              ", 64) = 64
1094928 read(7, "0 kB\nAnonHugePages:         0 kB\nShmemPmdMapped:        0 kB\nFil", 64) = 64
1094928 read(7, "ePmdMapped:         0 kB\nShared_Hugetlb:        0 kB\nPrivate_Hug", 64) = 64
1094928 read(7, "etlb:       0 kB\nSwap:                  0 kB\nSwapPss:           ", 64) = 64
1094928 read(7, "    0 kB\nLocked:                0 kB\nTHPeligible:           0\nVm", 64) = 64
1094928 read(7, "Flags: rd ex mr mw me sd \n7c433dfb1000-7c433dfb2000 r--p 0000200", 64) = 64
1094928 read(7, "0 fd:01 4050                       /usr/lib/x86_64-linux-gnu/lib", 64) = 64
1094928 read(7, "pthread.so.0\nSize:                  4 kB\nKernelPageSize:        ", 64) = 64
1094928 read(7, "4 kB\nMMUPageSize:           4 kB\nRss:                   0 kB\nPss", 64) = 64
1094928 read(7, ":                   0 kB\nPss_Dirty:             0 kB\nShared_Clea", 64) = 64
1094928 read(7, "n:          0 kB\nShared_Dirty:          0 kB\nPrivate_Clean:     ", 64) = 64
1094928 read(7, "    0 kB\nPrivate_Dirty:         0 kB\nReferenced:            0 kB", 64) = 64
1094928 read(7, "\nAnonymous:             0 kB\nKSM:                   0 kB\nLazyFre", 64) = 64
1094928 read(7, "e:              0 kB\nAnonHugePages:         0 kB\nShmemPmdMapped:", 64) = 64
1094928 read(7, "        0 kB\nFilePmdMapped:         0 kB\nShared_Hugetlb:        ", 64) = 64
1094928 read(7, "0 kB\nPrivate_Hugetlb:       0 kB\nSwap:                  0 kB\nSwa", 64) = 64
1094928 read(7, "pPss:               0 kB\nLocked:                0 kB\nTHPeligible", 64) = 64
1094928 read(7, ":           0\nVmFlags: rd mr mw me sd \n7c433dfb2000-7c433dfb3000", 64) = 64
1094928 read(7, " r--p 00002000 fd:01 4050                       /usr/lib/x86_64-", 64) = 64
1094928 read(7, "linux-gnu/libpthread.so.0\nSize:                  4 kB\nKernelPage", 64) = 64
1094928 read(7, "Size:        4 kB\nMMUPageSize:           4 kB\nRss:              ", 64) = 64
1094928 read(7, "     4 kB\nPss:                   4 kB\nPss_Dirty:             4 k", 64) = 64
1094928 read(7, "B\nShared_Clean:          0 kB\nShared_Dirty:          0 kB\nPrivat", 64) = 64
1094928 read(7, "e_Clean:         0 kB\nPrivate_Dirty:         4 kB\nReferenced:   ", 64) = 64
1094928 read(7, "         4 kB\nAnonymous:             4 kB\nKSM:                  ", 64) = 64
1094928 read(7, " 0 kB\nLazyFree:              0 kB\nAnonHugePages:         0 kB\nSh", 64) = 64
1094928 read(7, "memPmdMapped:        0 kB\nFilePmdMapped:         0 kB\nShared_Hug", 64) = 64
1094928 read(7, "etlb:        0 kB\nPrivate_Hugetlb:       0 kB\nSwap:             ", 64) = 64
1094928 read(7, "     0 kB\nSwapPss:               0 kB\nLocked:                0 k", 64) = 64
1094928 read(7, "B\nTHPeligible:           0\nVmFlags: rd mr mw me ac sd \n7c433dfb3", 64) = 64
1094928 read(7, "000-7c433dfb4000 rw-p 00003000 fd:01 4050                       ", 64) = 64
1094928 read(7, "/usr/lib/x86_64-linux-gnu/libpthread.so.0\nSize:                 ", 64) = 64
1094928 read(7, " 4 kB\nKernelPageSize:        4 kB\nMMUPageSize:           4 kB\nRs", 64) = 64
1094928 read(7, "s:                   4 kB\nPss:                   4 kB\nPss_Dirty:", 64) = 64
1094928 read(7, "             4 kB\nShared_Clean:          0 kB\nShared_Dirty:     ", 64) = 64
1094928 read(7, "     0 kB\nPrivate_Clean:         0 kB\nPrivate_Dirty:         4 k", 64) = 64
1094928 read(7, "B\nReferenced:            4 kB\nAnonymous:             4 kB\nKSM:  ", 64) = 64
1094928 read(7, "                 0 kB\nLazyFree:              0 kB\nAnonHugePages:", 64) = 64
1094928 read(7, "         0 kB\nShmemPmdMapped:        0 kB\nFilePmdMapped:        ", 64) = 64
1094928 read(7, " 0 kB\nShared_Hugetlb:        0 kB\nPrivate_Hugetlb:       0 kB\nSw", 64) = 64
1094928 read(7, "ap:                  0 kB\nSwapPss:               0 kB\nLocked:   ", 64) = 64
1094928 read(7, "             0 kB\nTHPeligible:           0\nVmFlags: rd wr mr mw ", 64) = 64
1094928 read(7, "me ac sd \n7c433dfb4000-7c433dfb7000 r--p 00000000 fd:01 4051    ", 64) = 64
1094928 read(7, "                   /usr/lib/x86_64-linux-gnu/libresolv.so.2\nSize", 64) = 64
1094928 read(7, ":                 12 kB\nKernelPageSize:        4 kB\nMMUPageSize:", 64) = 64
1094928 read(7, "           4 kB\nRss:                  12 kB\nPss:                ", 64) = 64
1094928 read(7, "   1 kB\nPss_Dirty:             0 kB\nShared_Clean:         12 kB\n", 64) = 64
1094928 read(7, "Shared_Dirty:          0 kB\nPrivate_Clean:         0 kB\nPrivate_", 64) = 64
1094928 read(7, "Dirty:         0 kB\nReferenced:           12 kB\nAnonymous:      ", 64) = 64
1094928 read(7, "       0 kB\nKSM:                   0 kB\nLazyFree:              0", 64) = 64
1094928 read(7, " kB\nAnonHugePages:         0 kB\nShmemPmdMapped:        0 kB\nFile", 64) = 64
1094928 read(7, "PmdMapped:         0 kB\nShared_Hugetlb:        0 kB\nPrivate_Huge", 64) = 64
1094928 read(7, "tlb:       0 kB\nSwap:                  0 kB\nSwapPss:            ", 64) = 64
1094928 read(7, "   0 kB\nLocked:                0 kB\nTHPeligible:           0\nVmF", 64) = 64
1094928 read(7, "lags: rd mr mw me sd \n7c433dfb7000-7c433dfc1000 r-xp 00003000 fd", 64) = 64
1094928 read(7, ":01 4051                       /usr/lib/x86_64-linux-gnu/libreso", 64) = 64
1094928 read(7, "lv.so.2\nSize:                 40 kB\nKernelPageSize:        4 kB\n", 64) = 64
1094928 read(7, "MMUPageSize:           4 kB\nRss:                  36 kB\nPss:    ", 64) = 64
1094928 read(7, "               5 kB\nPss_Dirty:             0 kB\nShared_Clean:   ", 64) = 64
1094928 read(7, "      36 kB\nShared_Dirty:          0 kB\nPrivate_Clean:         0", 64) = 64
1094928 read(7, " kB\nPrivate_Dirty:         0 kB\nReferenced:           36 kB\nAnon", 64) = 64
1094928 read(7, "ymous:             0 kB\nKSM:                   0 kB\nLazyFree:   ", 64) = 64
1094928 read(7, "           0 kB\nAnonHugePages:         0 kB\nShmemPmdMapped:     ", 64) = 64
1094928 read(7, "   0 kB\nFilePmdMapped:         0 kB\nShared_Hugetlb:        0 kB\n", 64) = 64
1094928 read(7, "Private_Hugetlb:       0 kB\nSwap:                  0 kB\nSwapPss:", 64) = 64
1094928 read(7, "               0 kB\nLocked:                0 kB\nTHPeligible:    ", 64) = 64
1094928 read(7, "       0\nVmFlags: rd ex mr mw me sd \n7c433dfc1000-7c433dfc3000 r", 64) = 64
1094928 read(7, "--p 0000d000 fd:01 4051                       /usr/lib/x86_64-li", 64) = 64
1094928 read(7, "nux-gnu/libresolv.so.2\nSize:                  8 kB\nKernelPageSiz", 64) = 64
1094928 read(7, "e:        4 kB\nMMUPageSize:           4 kB\nRss:                 ", 64) = 64
1094928 read(7, "  0 kB\nPss:                   0 kB\nPss_Dirty:             0 kB\nS", 64) = 64
1094928 read(7, "hared_Clean:          0 kB\nShared_Dirty:          0 kB\nPrivate_C", 64) = 64
1094928 read(7, "lean:         0 kB\nPrivate_Dirty:         0 kB\nReferenced:      ", 64) = 64
1094928 read(7, "      0 kB\nAnonymous:             0 kB\nKSM:                   0 ", 64) = 64
1094928 read(7, "kB\nLazyFree:              0 kB\nAnonHugePages:         0 kB\nShmem", 64) = 64
1094928 read(7, "PmdMapped:        0 kB\nFilePmdMapped:         0 kB\nShared_Hugetl", 64) = 64
1094928 read(7, "b:        0 kB\nPrivate_Hugetlb:       0 kB\nSwap:                ", 64) = 64
1094928 read(7, "  0 kB\nSwapPss:               0 kB\nLocked:                0 kB\nT", 64) = 64
1094928 read(7, "HPeligible:           0\nVmFlags: rd mr mw me sd \n7c433dfc3000-7c", 64) = 64
1094928 read(7, "433dfc4000 r--p 0000f000 fd:01 4051                       /usr/l", 64) = 64
1094928 read(7, "ib/x86_64-linux-gnu/libresolv.so.2\nSize:                  4 kB\nK", 64) = 64
1094928 read(7, "ernelPageSize:        4 kB\nMMUPageSize:           4 kB\nRss:     ", 64) = 64
1094928 read(7, "              4 kB\nPss:                   4 kB\nPss_Dirty:       ", 64) = 64
1094928 read(7, "      4 kB\nShared_Clean:          0 kB\nShared_Dirty:          0 ", 64) = 64
1094928 read(7, "kB\nPrivate_Clean:         0 kB\nPrivate_Dirty:         4 kB\nRefer", 64) = 64
1094928 read(7, "enced:            4 kB\nAnonymous:             4 kB\nKSM:         ", 64) = 64
1094928 read(7, "          0 kB\nLazyFree:              0 kB\nAnonHugePages:       ", 64) = 64
1094928 read(7, "  0 kB\nShmemPmdMapped:        0 kB\nFilePmdMapped:         0 kB\nS", 64) = 64
1094928 read(7, "hared_Hugetlb:        0 kB\nPrivate_Hugetlb:       0 kB\nSwap:    ", 64) = 64
1094928 read(7, "              0 kB\nSwapPss:               0 kB\nLocked:          ", 64) = 64
1094928 read(7, "      0 kB\nTHPeligible:           0\nVmFlags: rd mr mw me ac sd \n", 64) = 64
1094928 read(7, "7c433dfc4000-7c433dfc5000 rw-p 00010000 fd:01 4051              ", 64) = 64
1094928 read(7, "         /usr/lib/x86_64-linux-gnu/libresolv.so.2\nSize:         ", 64) = 64
1094928 read(7, "         4 kB\nKernelPageSize:        4 kB\nMMUPageSize:          ", 64) = 64
1094928 read(7, " 4 kB\nRss:                   4 kB\nPss:                   4 kB\nPs", 64) = 64
1094928 read(7, "s_Dirty:             4 kB\nShared_Clean:          0 kB\nShared_Dir", 64) = 64
1094928 read(7, "ty:          0 kB\nPrivate_Clean:         0 kB\nPrivate_Dirty:    ", 64) = 64
1094928 read(7, "     4 kB\nReferenced:            4 kB\nAnonymous:             4 k", 64) = 64
1094928 read(7, "B\nKSM:                   0 kB\nLazyFree:              0 kB\nAnonHu", 64) = 64
1094928 read(7, "gePages:         0 kB\nShmemPmdMapped:        0 kB\nFilePmdMapped:", 64) = 64
1094928 read(7, "         0 kB\nShared_Hugetlb:        0 kB\nPrivate_Hugetlb:      ", 64) = 64
1094928 read(7, " 0 kB\nSwap:                  0 kB\nSwapPss:               0 kB\nLo", 64) = 64
1094928 read(7, "cked:                0 kB\nTHPeligible:           0\nVmFlags: rd w", 64) = 64
1094928 read(7, "r mr mw me ac sd \n7c433dfc5000-7c433dfc7000 rw-p 00000000 00:00 ", 64) = 64
1094928 read(7, "0 \nSize:                  8 kB\nKernelPageSize:        4 kB\nMMUPa", 64) = 64
1094928 read(7, "geSize:           4 kB\nRss:                   0 kB\nPss:         ", 64) = 64
1094928 read(7, "          0 kB\nPss_Dirty:             0 kB\nShared_Clean:        ", 64) = 64
1094928 read(7, "  0 kB\nShared_Dirty:          0 kB\nPrivate_Clean:         0 kB\nP", 64) = 64
1094928 read(7, "rivate_Dirty:         0 kB\nReferenced:            0 kB\nAnonymous", 64) = 64
1094928 read(7, ":             0 kB\nKSM:                   0 kB\nLazyFree:        ", 64) = 64
1094928 read(7, "      0 kB\nAnonHugePages:         0 kB\nShmemPmdMapped:        0 ", 64) = 64
1094928 read(7, "kB\nFilePmdMapped:         0 kB\nShared_Hugetlb:        0 kB\nPriva", 64) = 64
1094928 read(7, "te_Hugetlb:       0 kB\nSwap:                  0 kB\nSwapPss:     ", 64) = 64
1094928 read(7, "          0 kB\nLocked:                0 kB\nTHPeligible:         ", 64) = 64
1094928 read(7, "  0\nVmFlags: rd wr mr mw me ac sd \n7c433dfcb000-7c433dfcd000 rw-", 64) = 64
1094928 read(7, "p 00000000 00:00 0                          [anon:percpu_handle_", 64) = 64
1094928 read(7, "region]\nSize:                  8 kB\nKernelPageSize:        4 kB\n", 64) = 64
1094928 read(7, "MMUPageSize:           4 kB\nRss:                   8 kB\nPss:    ", 64) = 64
1094928 read(7, "               8 kB\nPss_Dirty:             8 kB\nShared_Clean:   ", 64) = 64
1094928 read(7, "       0 kB\nShared_Dirty:          0 kB\nPrivate_Clean:         0", 64) = 64
1094928 read(7, " kB\nPrivate_Dirty:         8 kB\nReferenced:            8 kB\nAnon", 64) = 64
1094928 read(7, "ymous:             8 kB\nKSM:                   0 kB\nLazyFree:   ", 64) = 64
1094928 read(7, "           0 kB\nAnonHugePages:         0 kB\nShmemPmdMapped:     ", 64) = 64
1094928 read(7, "   0 kB\nFilePmdMapped:         0 kB\nShared_Hugetlb:        0 kB\n", 64) = 64
1094928 read(7, "Private_Hugetlb:       0 kB\nSwap:                  0 kB\nSwapPss:", 64) = 64
1094928 read(7, "               0 kB\nLocked:                0 kB\nTHPeligible:    ", 64) = 64
1094928 read(7, "       0\nVmFlags: rd wr mr mw me ac sd \n7c433dfcd000-7c433dfcf00", 64) = 64
1094928 read(7, "0 rw-p 00000000 00:00 0 \nSize:                  8 kB\nKernelPageS", 64) = 64
1094928 read(7, "ize:        4 kB\nMMUPageSize:           4 kB\nRss:               ", 64) = 64
1094928 read(7, "    8 kB\nPss:                   8 kB\nPss_Dirty:             8 kB", 64) = 64
1094928 read(7, "\nShared_Clean:          0 kB\nShared_Dirty:          0 kB\nPrivate", 64) = 64
1094928 read(7, "_Clean:         0 kB\nPrivate_Dirty:         8 kB\nReferenced:    ", 64) = 64
1094928 read(7, "        8 kB\nAnonymous:             8 kB\nKSM:                   ", 64) = 64
1094928 read(7, "0 kB\nLazyFree:              0 kB\nAnonHugePages:         0 kB\nShm", 64) = 64
1094928 read(7, "emPmdMapped:        0 kB\nFilePmdMapped:         0 kB\nShared_Huge", 64) = 64
1094928 read(7, "tlb:        0 kB\nPrivate_Hugetlb:       0 kB\nSwap:              ", 64) = 64
1094928 read(7, "    0 kB\nSwapPss:               0 kB\nLocked:                0 kB", 64) = 64
1094928 read(7, "\nTHPeligible:           0\nVmFlags: rd wr mr mw me ac sd \n7c433df", 64) = 64
1094929 <... nanosleep resumed>NULL)    = 0
1094929 epoll_pwait(5,  <unfinished ...>
1094928 read(7,  <unfinished ...>
1094929 <... epoll_pwait resumed>[], 128, 0, NULL, 0) = 0
1094928 <... read resumed>"cf000-7c433dfd0000 r--p 00000000 fd:01 4035                     ", 64) = 64
1094929 nanosleep({tv_sec=0, tv_nsec=10000000},  <unfinished ...>
1094928 read(7, "  /usr/lib/x86_64-linux-gnu/ld-linux-x86-64.so.2\nSize:          ", 64) = 64
1094928 read(7, "        4 kB\nKernelPageSize:        4 kB\nMMUPageSize:           ", 64) = 64
1094928 read(7, "4 kB\nRss:                   4 kB\nPss:                   0 kB\nPss", 64) = 64
1094928 read(7, "_Dirty:             0 kB\nShared_Clean:          4 kB\nShared_Dirt", 64) = 64
1094928 read(7, "y:          0 kB\nPrivate_Clean:         0 kB\nPrivate_Dirty:     ", 64) = 64
1094928 read(7, "    0 kB\nReferenced:            4 kB\nAnonymous:             0 kB", 64) = 64
1094928 read(7, "\nKSM:                   0 kB\nLazyFree:              0 kB\nAnonHug", 64) = 64
1094928 read(7, "ePages:         0 kB\nShmemPmdMapped:        0 kB\nFilePmdMapped: ", 64) = 64
1094928 read(7, "        0 kB\nShared_Hugetlb:        0 kB\nPrivate_Hugetlb:       ", 64) = 64
1094928 read(7, "0 kB\nSwap:                  0 kB\nSwapPss:               0 kB\nLoc", 64) = 64
1094928 read(7, "ked:                0 kB\nTHPeligible:           0\nVmFlags: rd mr", 64) = 64
1094928 read(7, " mw me sd \n7c433dfd0000-7c433dffb000 r-xp 00001000 fd:01 4035   ", 64) = 64
1094928 read(7, "                    /usr/lib/x86_64-linux-gnu/ld-linux-x86-64.so", 64) = 64
1094928 read(7, ".2\nSize:                172 kB\nKernelPageSize:        4 kB\nMMUPa", 64) = 64
1094928 read(7, "geSize:           4 kB\nRss:                 172 kB\nPss:         ", 64) = 64
1094928 read(7, "          1 kB\nPss_Dirty:             0 kB\nShared_Clean:        ", 64) = 64
1094928 read(7, "172 kB\nShared_Dirty:          0 kB\nPrivate_Clean:         0 kB\nP", 64) = 64
1094928 read(7, "rivate_Dirty:         0 kB\nReferenced:          172 kB\nAnonymous", 64) = 64
1094928 read(7, ":             0 kB\nKSM:                   0 kB\nLazyFree:        ", 64) = 64
1094928 read(7, "      0 kB\nAnonHugePages:         0 kB\nShmemPmdMapped:        0 ", 64) = 64
1094928 read(7, "kB\nFilePmdMapped:         0 kB\nShared_Hugetlb:        0 kB\nPriva", 64) = 64
1094928 read(7, "te_Hugetlb:       0 kB\nSwap:                  0 kB\nSwapPss:     ", 64) = 64
1094928 read(7, "          0 kB\nLocked:                0 kB\nTHPeligible:         ", 64) = 64
1094928 read(7, "  0\nVmFlags: rd ex mr mw me sd \n7c433dffb000-7c433e005000 r--p 0", 64) = 64
1094928 read(7, "002c000 fd:01 4035                       /usr/lib/x86_64-linux-g", 64) = 64
1094928 read(7, "nu/ld-linux-x86-64.so.2\nSize:                 40 kB\nKernelPageSi", 64) = 64
1094928 read(7, "ze:        4 kB\nMMUPageSize:           4 kB\nRss:                ", 64) = 64
1094928 read(7, "  40 kB\nPss:                   0 kB\nPss_Dirty:             0 kB\n", 64) = 64
1094928 read(7, "Shared_Clean:         40 kB\nShared_Dirty:          0 kB\nPrivate_", 64) = 64
1094928 read(7, "Clean:         0 kB\nPrivate_Dirty:         0 kB\nReferenced:     ", 64) = 64
1094928 read(7, "      40 kB\nAnonymous:             0 kB\nKSM:                   0", 64) = 64
1094928 read(7, " kB\nLazyFree:              0 kB\nAnonHugePages:         0 kB\nShme", 64) = 64
1094928 read(7, "mPmdMapped:        0 kB\nFilePmdMapped:         0 kB\nShared_Huget", 64) = 64
1094928 read(7, "lb:        0 kB\nPrivate_Hugetlb:       0 kB\nSwap:               ", 64) = 64
1094928 read(7, "   0 kB\nSwapPss:               0 kB\nLocked:                0 kB\n", 64) = 64
1094928 read(7, "THPeligible:           0\nVmFlags: rd mr mw me sd \n7c433e005000-7", 64) = 64
1094928 read(7, "c433e007000 r--p 00036000 fd:01 4035                       /usr/", 64) = 64
1094928 read(7, "lib/x86_64-linux-gnu/ld-linux-x86-64.so.2\nSize:                 ", 64) = 64
1094928 read(7, " 8 kB\nKernelPageSize:        4 kB\nMMUPageSize:           4 kB\nRs", 64) = 64
1094928 read(7, "s:                   8 kB\nPss:                   8 kB\nPss_Dirty:", 64) = 64
1094928 read(7, "             8 kB\nShared_Clean:          0 kB\nShared_Dirty:     ", 64) = 64
1094928 read(7, "     0 kB\nPrivate_Clean:         0 kB\nPrivate_Dirty:         8 k", 64) = 64
1094928 read(7, "B\nReferenced:            8 kB\nAnonymous:             8 kB\nKSM:  ", 64) = 64
1094928 read(7, "                 0 kB\nLazyFree:              0 kB\nAnonHugePages:", 64) = 64
1094928 read(7, "         0 kB\nShmemPmdMapped:        0 kB\nFilePmdMapped:        ", 64) = 64
1094928 read(7, " 0 kB\nShared_Hugetlb:        0 kB\nPrivate_Hugetlb:       0 kB\nSw", 64) = 64
1094928 read(7, "ap:                  0 kB\nSwapPss:               0 kB\nLocked:   ", 64) = 64
1094928 read(7, "             0 kB\nTHPeligible:           0\nVmFlags: rd mr mw me ", 64) = 64
1094928 read(7, "ac sd \n7c433e007000-7c433e009000 rw-p 00038000 fd:01 4035       ", 64) = 64
1094928 read(7, "                /usr/lib/x86_64-linux-gnu/ld-linux-x86-64.so.2\nS", 64) = 64
1094928 read(7, "ize:                  8 kB\nKernelPageSize:        4 kB\nMMUPageSi", 64) = 64
1094928 read(7, "ze:           4 kB\nRss:                   8 kB\nPss:             ", 64) = 64
1094928 read(7, "      8 kB\nPss_Dirty:             8 kB\nShared_Clean:          0 ", 64) = 64
1094928 read(7, "kB\nShared_Dirty:          0 kB\nPrivate_Clean:         0 kB\nPriva", 64) = 64
1094928 read(7, "te_Dirty:         8 kB\nReferenced:            8 kB\nAnonymous:   ", 64) = 64
1094928 read(7, "          8 kB\nKSM:                   0 kB\nLazyFree:            ", 64) = 64
1094928 read(7, "  0 kB\nAnonHugePages:         0 kB\nShmemPmdMapped:        0 kB\nF", 64) = 64
1094928 read(7, "ilePmdMapped:         0 kB\nShared_Hugetlb:        0 kB\nPrivate_H", 64) = 64
1094928 read(7, "ugetlb:       0 kB\nSwap:                  0 kB\nSwapPss:         ", 64) = 64
1094928 read(7, "      0 kB\nLocked:                0 kB\nTHPeligible:           0\n", 64) = 64
1094928 read(7, "VmFlags: rd wr mr mw me ac sd \n7fffee978000-7fffee999000 rw-p 00", 64) = 64
1094928 read(7, "000000 00:00 0                          [stack]\nSize:           ", 64) = 64
1094928 read(7, "     132 kB\nKernelPageSize:        4 kB\nMMUPageSize:           4", 64) = 64
1094928 read(7, " kB\nRss:                  16 kB\nPss:                  16 kB\nPss_", 64) = 64
1094928 read(7, "Dirty:            16 kB\nShared_Clean:          0 kB\nShared_Dirty", 64) = 64
1094928 read(7, ":          0 kB\nPrivate_Clean:         0 kB\nPrivate_Dirty:      ", 64) = 64
1094928 read(7, "  16 kB\nReferenced:           16 kB\nAnonymous:            16 kB\n", 64) = 64
1094928 read(7, "KSM:                   0 kB\nLazyFree:              0 kB\nAnonHuge", 64) = 64
1094928 read(7, "Pages:         0 kB\nShmemPmdMapped:        0 kB\nFilePmdMapped:  ", 64) = 64
1094928 read(7, "       0 kB\nShared_Hugetlb:        0 kB\nPrivate_Hugetlb:       0", 64) = 64
1094928 read(7, " kB\nSwap:                  0 kB\nSwapPss:               0 kB\nLock", 64) = 64
1094928 read(7, "ed:                0 kB\nTHPeligible:           0\nVmFlags: rd wr ", 64) = 64
1094928 read(7, "mr mw me gd ac \n7fffee9a4000-7fffee9a8000 r--p 00000000 00:00 0 ", 64) = 64
1094928 read(7, "                         [vvar]\nSize:                 16 kB\nKern", 64) = 64
1094928 read(7, "elPageSize:        4 kB\nMMUPageSize:           4 kB\nRss:        ", 64) = 64
1094928 read(7, "           0 kB\nPss:                   0 kB\nPss_Dirty:          ", 64) = 64
1094928 read(7, "   0 kB\nShared_Clean:          0 kB\nShared_Dirty:          0 kB\n", 64) = 64
1094928 read(7, "Private_Clean:         0 kB\nPrivate_Dirty:         0 kB\nReferenc", 64) = 64
1094928 read(7, "ed:            0 kB\nAnonymous:             0 kB\nKSM:            ", 64) = 64
1094928 read(7, "       0 kB\nLazyFree:              0 kB\nAnonHugePages:         0", 64) = 64
1094928 read(7, " kB\nShmemPmdMapped:        0 kB\nFilePmdMapped:         0 kB\nShar", 64) = 64
1094928 read(7, "ed_Hugetlb:        0 kB\nPrivate_Hugetlb:       0 kB\nSwap:       ", 64) = 64
1094928 read(7, "           0 kB\nSwapPss:               0 kB\nLocked:             ", 64) = 64
1094928 read(7, "   0 kB\nTHPeligible:           0\nVmFlags: rd mr pf io de dd sd \n", 64) = 64
1094928 read(7, "7fffee9a8000-7fffee9aa000 r-xp 00000000 00:00 0                 ", 64) = 64
1094928 read(7, "         [vdso]\nSize:                  8 kB\nKernelPageSize:     ", 64) = 64
1094928 read(7, "   4 kB\nMMUPageSize:           4 kB\nRss:                   4 kB\n", 64) = 64
1094928 read(7, "Pss:                   0 kB\nPss_Dirty:             0 kB\nShared_C", 64) = 64
1094928 read(7, "lean:          4 kB\nShared_Dirty:          0 kB\nPrivate_Clean:  ", 64) = 64
1094928 read(7, "       0 kB\nPrivate_Dirty:         0 kB\nReferenced:            4", 64) = 64
1094928 read(7, " kB\nAnonymous:             0 kB\nKSM:                   0 kB\nLazy", 64) = 64
1094928 read(7, "Free:              0 kB\nAnonHugePages:         0 kB\nShmemPmdMapp", 64) = 64
1094928 read(7, "ed:        0 kB\nFilePmdMapped:         0 kB\nShared_Hugetlb:     ", 64) = 64
1094928 read(7, "   0 kB\nPrivate_Hugetlb:       0 kB\nSwap:                  0 kB\n", 64) = 64
1094928 read(7, "SwapPss:               0 kB\nLocked:                0 kB\nTHPeligi", 64) = 64
1094928 read(7, "ble:           0\nVmFlags: rd ex mr mw me de sd \nffffffffff600000", 64) = 64
1094928 read(7, "-ffffffffff601000 --xp 00000000 00:00 0                  [vsysca", 64) = 64
1094928 read(7, "ll]\nSize:                  4 kB\nKernelPageSize:        4 kB\nMMUP", 64) = 64
1094928 read(7, "ageSize:           4 kB\nRss:                   0 kB\nPss:        ", 64) = 64
1094928 read(7, "           0 kB\nPss_Dirty:             0 kB\nShared_Clean:       ", 64) = 64
1094928 read(7, "   0 kB\nShared_Dirty:          0 kB\nPrivate_Clean:         0 kB\n", 64) = 64
1094928 read(7, "Private_Dirty:         0 kB\nReferenced:            0 kB\nAnonymou", 64) = 64
1094928 read(7, "s:             0 kB\nKSM:                   0 kB\nLazyFree:       ", 64) = 64
1094928 read(7, "       0 kB\nAnonHugePages:         0 kB\nShmemPmdMapped:        0", 64) = 64
1094928 read(7, " kB\nFilePmdMapped:         0 kB\nShared_Hugetlb:        0 kB\nPriv", 64) = 64
1094928 read(7, "ate_Hugetlb:       0 kB\nSwap:                  0 kB\nSwapPss:    ", 64) = 64
1094928 read(7, "           0 kB\nLocked:                0 kB\nTHPeligible:        ", 64) = 64
1094928 read(7, "   0\nVmFlags: ex \n", 64) = 18
1094928 read(7, "", 46)                 = 0
1094928 read(7, "", 64)                 = 0
1094928 readlinkat(AT_FDCWD, "/proc/self/exe", "/root/.antigravity-ide-server/bin/2.0.1-bf9a033f33934fb4496d7eebed52486272437c3a/extensions/antigravity/bin/language_server_linu", 128) = 128
1094928 readlinkat(AT_FDCWD, "/proc/self/exe", "/root/.antigravity-ide-server/bin/2.0.1-bf9a033f33934fb4496d7eebed52486272437c3a/extensions/antigravity/bin/language_server_linux_x64", 256) = 133
1094928 openat(AT_FDCWD, "/root/.antigravity-ide-server/bin/2.0.1-bf9a033f33934fb4496d7eebed52486272437c3a/extensions/antigravity/bin/language_server_linux_x64", O_RDONLY|O_CLOEXEC) = 8
1094928 fcntl(8, F_GETFL)               = 0x8000 (flags O_RDONLY|O_LARGEFILE)
1094928 fcntl(8, F_SETFL, O_RDONLY|O_NONBLOCK|O_LARGEFILE) = 0
1094928 epoll_ctl(5, EPOLL_CTL_ADD, 8, {events=EPOLLIN|EPOLLOUT|EPOLLRDHUP|EPOLLET, data={u32=134217730, u64=4476994194891603970}}) = -1 EPERM (Operation not permitted)
1094928 fcntl(8, F_GETFL)               = 0x8800 (flags O_RDONLY|O_NONBLOCK|O_LARGEFILE)
1094928 fcntl(8, F_SETFL, O_RDONLY|O_LARGEFILE) = 0
1094928 fstat(8, {st_mode=S_IFREG|0755, st_size=164339320, ...}) = 0
1094928 pread64(8, "\177ELF\2\1\1\0\0\0\0\0\0\0\0\0\3\0>\0\1\0\0\0\0@\354\3\0\0\0\0@\0\0\0\0\0\0\0p5\313\t\0\0\0\0\0\0\0\0@\08\0\20\0@\0007\0002\0", 64, 0) = 64
1094928 pread64(8, "ternal/transport/transport.ceil\0google3/third_party/golang/grpc/", 64, 20542415) = 64
1094928 pread64(8, "\226\0\300\35\226\1H\200\226\0`\36\226\1\250\200\226\0\240\36\226\1\0\201\226\0\300\36\226\1X\201\226\0`\37\226\1\270\201\226\0\300\37\226\1\20\202\226\0\340\37\226\1h\202\226\0\0 \226\1\300\202", 64, 41084830) = 64
1094928 pread64(8, "describe more precisely an individual's location.R\vgeoLocation\22\374", 64, 61627245) = 64
1094928 pread64(8, "\37D\0\0\350{\32\20\377I\211\3I\211K\10H\211B(H\211\320H\203\304\30]\303H\211D$\10f\220\350[\376\17\377H\213D$\10\353\224\314\314\314\314\314\314\314\314\314\314\314\314\314\314\314\314", 64, 82169660) = 64
1094928 pread64(8, "\274i\0\0\0A\17\266,41\377@\17\266\3559\357\17\205\35\371\377\377A\276\6\0\0\0\351\22\371\377\377A\275m\0\0\0\353tI\1\367@\265i\351\313\376\377\377I\1\365@\265mE\17\266m", 64, 102712075) = 64
1094928 pread64(8, "\0\0\0\0\0\0\240\f_\0\0\0\0\0\270\0\0\0\0\0\0\0\0\0\0\0\0\0\0\0\0\0\0\0\0\0\0\0\0\0\0\0\0\0\0\0\0\0\0\0\0\0\0\0\0\0\0\0\0\0\0\0\10\0", 64, 123254490) = 64
1094928 pread64(8, "T$x\3538H\211T$0H\213T$XH\213R0H\211\317H\211\331H\211\303H\213D$`\377\322H\213T$0H\377\312H\213D$8H\213L$(H\213\\$ \17\37\0H\205\322", 64, 143796905) = 64
1094928 close(8)                        = 0
1094928 newfstatat(AT_FDCWD, "/root/.local/bin/xclip", 0x33aff31ac928, 0) = -1 ENOENT (No such file or directory)
1094928 newfstatat(AT_FDCWD, "/root/.antigravity-ide-server/bin/2.0.1-bf9a033f33934fb4496d7eebed52486272437c3a/bin/remote-cli/xclip", 0x33aff31ac9f8, 0) = -1 ENOENT (No such file or directory)
1094928 newfstatat(AT_FDCWD, "/root/.local/bin/xclip", 0x33aff31acac8, 0) = -1 ENOENT (No such file or directory)
1094928 newfstatat(AT_FDCWD, "/usr/local/sbin/xclip", 0x33aff31acb98, 0) = -1 ENOENT (No such file or directory)
1094928 newfstatat(AT_FDCWD, "/usr/local/bin/xclip", 0x33aff31acc68, 0) = -1 ENOENT (No such file or directory)
1094928 newfstatat(AT_FDCWD, "/usr/sbin/xclip", 0x33aff31acd38, 0) = -1 ENOENT (No such file or directory)
1094928 newfstatat(AT_FDCWD, "/usr/bin/xclip", 0x33aff31ace08, 0) = -1 ENOENT (No such file or directory)
1094928 newfstatat(AT_FDCWD, "/sbin/xclip", 0x33aff31aced8, 0) = -1 ENOENT (No such file or directory)
1094928 newfstatat(AT_FDCWD, "/bin/xclip", 0x33aff31acfa8, 0) = -1 ENOENT (No such file or directory)
1094928 newfstatat(AT_FDCWD, "/usr/games/xclip", 0x33aff31ad078, 0) = -1 ENOENT (No such file or directory)
1094928 newfstatat(AT_FDCWD, "/usr/local/games/xclip", 0x33aff31ad148, 0) = -1 ENOENT (No such file or directory)
1094928 newfstatat(AT_FDCWD, "/snap/bin/xclip", 0x33aff31ad218, 0) = -1 ENOENT (No such file or directory)
1094928 newfstatat(AT_FDCWD, "/root/.local/bin/xsel", 0x33aff31ad2e8, 0) = -1 ENOENT (No such file or directory)
1094928 newfstatat(AT_FDCWD, "/root/.antigravity-ide-server/bin/2.0.1-bf9a033f33934fb4496d7eebed52486272437c3a/bin/remote-cli/xsel", 0x33aff31ad3b8, 0) = -1 ENOENT (No such file or directory)
1094928 newfstatat(AT_FDCWD, "/root/.local/bin/xsel", 0x33aff31ad488, 0) = -1 ENOENT (No such file or directory)
1094928 newfstatat(AT_FDCWD, "/usr/local/sbin/xsel", 0x33aff31ad558, 0) = -1 ENOENT (No such file or directory)
1094928 newfstatat(AT_FDCWD, "/usr/local/bin/xsel", 0x33aff31ad628, 0) = -1 ENOENT (No such file or directory)
1094928 newfstatat(AT_FDCWD, "/usr/sbin/xsel", 0x33aff31ad6f8, 0) = -1 ENOENT (No such file or directory)
1094928 newfstatat(AT_FDCWD, "/usr/bin/xsel", 0x33aff31ad7c8, 0) = -1 ENOENT (No such file or directory)
1094928 newfstatat(AT_FDCWD, "/sbin/xsel", 0x33aff31ad898, 0) = -1 ENOENT (No such file or directory)
1094928 newfstatat(AT_FDCWD, "/bin/xsel", 0x33aff31ad968, 0) = -1 ENOENT (No such file or directory)
1094928 newfstatat(AT_FDCWD, "/usr/games/xsel", 0x33aff31ada38, 0) = -1 ENOENT (No such file or directory)
1094928 newfstatat(AT_FDCWD, "/usr/local/games/xsel", 0x33aff31adb08, 0) = -1 ENOENT (No such file or directory)
1094928 newfstatat(AT_FDCWD, "/snap/bin/xsel", 0x33aff31adbd8, 0) = -1 ENOENT (No such file or directory)
1094928 newfstatat(AT_FDCWD, "/root/.local/bin/termux-clipboard-set", 0x33aff31adca8, 0) = -1 ENOENT (No such file or directory)
1094928 newfstatat(AT_FDCWD, "/root/.antigravity-ide-server/bin/2.0.1-bf9a033f33934fb4496d7eebed52486272437c3a/bin/remote-cli/termux-clipboard-set", 0x33aff31add78, 0) = -1 ENOENT (No such file or directory)
1094928 newfstatat(AT_FDCWD, "/root/.local/bin/termux-clipboard-set", 0x33aff31ade48, 0) = -1 ENOENT (No such file or directory)
1094928 newfstatat(AT_FDCWD, "/usr/local/sbin/termux-clipboard-set", 0x33aff31b8038, 0) = -1 ENOENT (No such file or directory)
1094928 newfstatat(AT_FDCWD, "/usr/local/bin/termux-clipboard-set", 0x33aff31b8108, 0) = -1 ENOENT (No such file or directory)
1094928 newfstatat(AT_FDCWD, "/usr/sbin/termux-clipboard-set", 0x33aff31b81d8, 0) = -1 ENOENT (No such file or directory)
1094928 newfstatat(AT_FDCWD, "/usr/bin/termux-clipboard-set", 0x33aff31b82a8, 0) = -1 ENOENT (No such file or directory)
1094928 newfstatat(AT_FDCWD, "/sbin/termux-clipboard-set", 0x33aff31b8378, 0) = -1 ENOENT (No such file or directory)
1094928 newfstatat(AT_FDCWD, "/bin/termux-clipboard-set", 0x33aff31b8448, 0) = -1 ENOENT (No such file or directory)
1094928 newfstatat(AT_FDCWD, "/usr/games/termux-clipboard-set", 0x33aff31b8518, 0) = -1 ENOENT (No such file or directory)
1094928 newfstatat(AT_FDCWD, "/usr/local/games/termux-clipboard-set",  <unfinished ...>
1094929 <... nanosleep resumed>NULL)    = 0
1094929 epoll_pwait(5, [], 128, 0, NULL, 0) = 0
1094929 futex(0x33aff2f39160, FUTEX_WAKE_PRIVATE, 1) = 1
1094930 <... futex resumed>)            = 0
1094929 nanosleep({tv_sec=0, tv_nsec=20000},  <unfinished ...>
1094928 <... newfstatat resumed>0x33aff31b85e8, 0) = -1 ENOENT (No such file or directory)
1094930 futex(0x33aff2f39160, FUTEX_WAIT_PRIVATE, 0, NULL <unfinished ...>
1094928 newfstatat(AT_FDCWD, "/snap/bin/termux-clipboard-set", 0x33aff31b86b8, 0) = -1 ENOENT (No such file or directory)
1094929 <... nanosleep resumed>NULL)    = 0
1094929 futex(0x33aff2f39160, FUTEX_WAKE_PRIVATE, 1) = 1
1094930 <... futex resumed>)            = 0
1094929 nanosleep({tv_sec=0, tv_nsec=20000},  <unfinished ...>
1094930 futex(0x33aff2f39160, FUTEX_WAIT_PRIVATE, 0, NULL <unfinished ...>
1094928 newfstatat(AT_FDCWD, "/root/.local/bin/clip.exe", 0x33aff31b8788, 0) = -1 ENOENT (No such file or directory)
1094928 newfstatat(AT_FDCWD, "/root/.antigravity-ide-server/bin/2.0.1-bf9a033f33934fb4496d7eebed52486272437c3a/bin/remote-cli/clip.exe", 0x33aff31b8858, 0) = -1 ENOENT (No such file or directory)
1094929 <... nanosleep resumed>NULL)    = 0
1094929 futex(0x33aff2f39160, FUTEX_WAKE_PRIVATE, 1) = 1
1094930 <... futex resumed>)            = 0
1094930 futex(0x33aff2f39160, FUTEX_WAIT_PRIVATE, 0, NULL <unfinished ...>
1094929 nanosleep({tv_sec=0, tv_nsec=20000},  <unfinished ...>
1094928 newfstatat(AT_FDCWD, "/root/.local/bin/clip.exe", 0x33aff31b8928, 0) = -1 ENOENT (No such file or directory)
1094928 newfstatat(AT_FDCWD, "/usr/local/sbin/clip.exe", 0x33aff31b89f8, 0) = -1 ENOENT (No such file or directory)
1094929 <... nanosleep resumed>NULL)    = 0
1094929 futex(0x33aff2f39160, FUTEX_WAKE_PRIVATE, 1) = 1
1094930 <... futex resumed>)            = 0
1094929 nanosleep({tv_sec=0, tv_nsec=20000},  <unfinished ...>
1094930 futex(0x33aff2f39160, FUTEX_WAIT_PRIVATE, 0, NULL <unfinished ...>
1094928 newfstatat(AT_FDCWD, "/usr/local/bin/clip.exe", 0x33aff31b8ac8, 0) = -1 ENOENT (No such file or directory)
1094928 newfstatat(AT_FDCWD, "/usr/sbin/clip.exe",  <unfinished ...>
1094929 <... nanosleep resumed>NULL)    = 0
1094929 futex(0x33aff2f39160, FUTEX_WAKE_PRIVATE, 1) = 1
1094930 <... futex resumed>)            = 0
1094930 futex(0x33aff2f39160, FUTEX_WAIT_PRIVATE, 0, NULL <unfinished ...>
1094929 nanosleep({tv_sec=0, tv_nsec=20000},  <unfinished ...>
1094928 <... newfstatat resumed>0x33aff31b8b98, 0) = -1 ENOENT (No such file or directory)
1094928 newfstatat(AT_FDCWD, "/usr/bin/clip.exe", 0x33aff31b8c68, 0) = -1 ENOENT (No such file or directory)
1094928 newfstatat(AT_FDCWD, "/sbin/clip.exe",  <unfinished ...>
1094929 <... nanosleep resumed>NULL)    = 0
1094929 futex(0x33aff2f39160, FUTEX_WAKE_PRIVATE, 1) = 1
1094930 <... futex resumed>)            = 0
1094929 nanosleep({tv_sec=0, tv_nsec=20000},  <unfinished ...>
1094930 futex(0x33aff2f39160, FUTEX_WAIT_PRIVATE, 0, NULL <unfinished ...>
1094928 <... newfstatat resumed>0x33aff31b8d38, 0) = -1 ENOENT (No such file or directory)
1094928 newfstatat(AT_FDCWD, "/bin/clip.exe", 0x33aff31b8e08, 0) = -1 ENOENT (No such file or directory)
1094929 <... nanosleep resumed>NULL)    = 0
1094929 futex(0x33aff2f39160, FUTEX_WAKE_PRIVATE, 1) = 1
1094930 <... futex resumed>)            = 0
1094929 nanosleep({tv_sec=0, tv_nsec=20000},  <unfinished ...>
1094930 futex(0x33aff2f39160, FUTEX_WAIT_PRIVATE, 0, NULL <unfinished ...>
1094928 newfstatat(AT_FDCWD, "/usr/games/clip.exe", 0x33aff31b8ed8, 0) = -1 ENOENT (No such file or directory)
1094928 newfstatat(AT_FDCWD, "/usr/local/games/clip.exe",  <unfinished ...>
1094929 <... nanosleep resumed>NULL)    = 0
1094929 futex(0x33aff2f39160, FUTEX_WAKE_PRIVATE, 1) = 1
1094930 <... futex resumed>)            = 0
1094929 nanosleep({tv_sec=0, tv_nsec=20000},  <unfinished ...>
1094930 futex(0x33aff2f39160, FUTEX_WAIT_PRIVATE, 0, NULL <unfinished ...>
1094928 <... newfstatat resumed>0x33aff31b8fa8, 0) = -1 ENOENT (No such file or directory)
1094928 newfstatat(AT_FDCWD, "/snap/bin/clip.exe", 0x33aff31b9078, 0) = -1 ENOENT (No such file or directory)
1094929 <... nanosleep resumed>NULL)    = 0
1094929 futex(0x33aff2f39160, FUTEX_WAKE_PRIVATE, 1 <unfinished ...>
1094930 <... futex resumed>)            = 0
1094929 <... futex resumed>)            = 1
1094929 nanosleep({tv_sec=0, tv_nsec=20000},  <unfinished ...>
1094930 futex(0x33aff2f39160, FUTEX_WAIT_PRIVATE, 0, NULL <unfinished ...>
1094929 <... nanosleep resumed>NULL)    = 0
1094929 getpid()                        = 1094928
1094929 tgkill(1094928, 1094928, SIGURG) = 0
1094929 nanosleep({tv_sec=0, tv_nsec=20000},  <unfinished ...>
1094928 --- SIGURG {si_signo=SIGURG, si_code=SI_TKILL, si_pid=1094928, si_uid=0} ---
1094928 rt_sigreturn({mask=[]} <unfinished ...>
1094929 <... nanosleep resumed>NULL)    = 0
1094929 getpid()                        = 1094928
1094929 tgkill(1094928, 1094928, SIGURG) = 0
1094929 nanosleep({tv_sec=0, tv_nsec=20000},  <unfinished ...>
1094928 <... rt_sigreturn resumed>)     = 56830789012608
1094928 --- SIGURG {si_signo=SIGURG, si_code=SI_TKILL, si_pid=1094928, si_uid=0} ---
1094928 rt_sigreturn({mask=[]} <unfinished ...>
1094929 <... nanosleep resumed>NULL)    = 0
1094929 getpid()                        = 1094928
1094929 tgkill(1094928, 1094928, SIGURG) = 0
1094929 nanosleep({tv_sec=0, tv_nsec=20000},  <unfinished ...>
1094928 <... rt_sigreturn resumed>)     = 56830789012608
1094928 --- SIGURG {si_signo=SIGURG, si_code=SI_TKILL, si_pid=1094928, si_uid=0} ---
1094928 rt_sigreturn({mask=[]})         = 56830789012608
1094929 <... nanosleep resumed>NULL)    = 0
1094929 getpid()                        = 1094928
1094929 tgkill(1094928, 1094928, SIGURG) = 0
1094929 nanosleep({tv_sec=0, tv_nsec=20000},  <unfinished ...>
1094928 --- SIGURG {si_signo=SIGURG, si_code=SI_TKILL, si_pid=1094928, si_uid=0} ---
1094928 rt_sigreturn({mask=[]})         = 56830789012608
1094929 <... nanosleep resumed>NULL)    = 0
1094929 getpid()                        = 1094928
1094929 tgkill(1094928, 1094928, SIGURG) = 0
1094929 nanosleep({tv_sec=0, tv_nsec=20000},  <unfinished ...>
1094928 --- SIGURG {si_signo=SIGURG, si_code=SI_TKILL, si_pid=1094928, si_uid=0} ---
1094929 <... nanosleep resumed>NULL)    = 0
1094929 nanosleep({tv_sec=0, tv_nsec=20000},  <unfinished ...>
1094928 rt_sigreturn({mask=[]})         = 56830789012608
1094929 <... nanosleep resumed>NULL)    = 0
1094929 getpid()                        = 1094928
1094929 tgkill(1094928, 1094928, SIGURG) = 0
1094929 nanosleep({tv_sec=0, tv_nsec=20000},  <unfinished ...>
1094928 --- SIGURG {si_signo=SIGURG, si_code=SI_TKILL, si_pid=1094928, si_uid=0} ---
1094928 rt_sigreturn({mask=[]})         = 56830787674592
1094928 futex(0x33aff2f39160, FUTEX_WAKE_PRIVATE, 1 <unfinished ...>
1094929 <... nanosleep resumed>NULL)    = 0
1094929 nanosleep({tv_sec=0, tv_nsec=20000},  <unfinished ...>
1094928 <... futex resumed>)            = 1
1094928 futex(0x33aff2f39960, FUTEX_WAKE_PRIVATE, 1 <unfinished ...>
1094930 <... futex resumed>)            = 0
1094928 <... futex resumed>)            = 1
1094930 futex(0x6040d5c037d8, FUTEX_WAKE_PRIVATE, 1 <unfinished ...>
1094929 <... nanosleep resumed>NULL)    = 0
1094931 <... futex resumed>)            = 0
1094929 nanosleep({tv_sec=0, tv_nsec=20000},  <unfinished ...>
1094931 futex(0x33aff2f39960, FUTEX_WAIT_PRIVATE, 0, NULL <unfinished ...>
1094930 <... futex resumed>)            = 0
1094930 futex(0x33aff2f39160, FUTEX_WAIT_PRIVATE, 0, NULL <unfinished ...>
1094929 <... nanosleep resumed>NULL)    = 0
1094929 nanosleep({tv_sec=0, tv_nsec=20000}, NULL) = 0
1094929 nanosleep({tv_sec=0, tv_nsec=20000}, NULL) = 0
1094929 nanosleep({tv_sec=0, tv_nsec=20000}, NULL) = 0
1094929 nanosleep({tv_sec=0, tv_nsec=20000}, NULL) = 0
1094929 nanosleep({tv_sec=0, tv_nsec=20000}, NULL) = 0
1094929 nanosleep({tv_sec=0, tv_nsec=20000}, NULL) = 0
1094929 nanosleep({tv_sec=0, tv_nsec=20000}, NULL) = 0
1094929 nanosleep({tv_sec=0, tv_nsec=20000}, NULL) = 0
1094929 nanosleep({tv_sec=0, tv_nsec=20000}, NULL) = 0
1094929 nanosleep({tv_sec=0, tv_nsec=20000}, NULL) = 0
1094929 nanosleep({tv_sec=0, tv_nsec=20000},  <unfinished ...>
1094928 futex(0x33aff2f39160, FUTEX_WAKE_PRIVATE, 1 <unfinished ...>
1094929 <... nanosleep resumed>NULL)    = 0
1094929 nanosleep({tv_sec=0, tv_nsec=20000},  <unfinished ...>
1094928 <... futex resumed>)            = 1
1094930 <... futex resumed>)            = 0
1094928 futex(0x33aff2f39960, FUTEX_WAKE_PRIVATE, 1) = 1
1094929 <... nanosleep resumed>NULL)    = 0
1094929 nanosleep({tv_sec=0, tv_nsec=20000},  <unfinished ...>
1094928 futex(0x6040d5c037d8, FUTEX_WAIT_PRIVATE, 0, NULL <unfinished ...>
1094931 <... futex resumed>)            = 0
1094930 futex(0x6040d5c037d8, FUTEX_WAKE_PRIVATE, 1 <unfinished ...>
1094931 futex(0x33aff2f39960, FUTEX_WAIT_PRIVATE, 0, NULL <unfinished ...>
1094929 <... nanosleep resumed>NULL)    = 0
1094929 nanosleep({tv_sec=0, tv_nsec=20000}, NULL) = 0
1094928 <... futex resumed>)            = 0
1094930 <... futex resumed>)            = 1
1094929 nanosleep({tv_sec=0, tv_nsec=20000},  <unfinished ...>
1094928 futex(0x33aff2f39960, FUTEX_WAKE_PRIVATE, 1) = 1
1094931 <... futex resumed>)            = 0
1094930 futex(0x33aff2f39160, FUTEX_WAIT_PRIVATE, 0, NULL <unfinished ...>
1094928 futex(0x33aff2f39160, FUTEX_WAKE_PRIVATE, 1) = 0
1094931 futex(0x6040d5c037d8, FUTEX_WAKE_PRIVATE, 1 <unfinished ...>
1094928 futex(0x6040d5c0ae30, FUTEX_WAIT_PRIVATE, 0, {tv_sec=0, tv_nsec=100000} <unfinished ...>
1094930 <... futex resumed>)            = -1 EAGAIN (Resource temporarily unavailable)
1094929 <... nanosleep resumed>NULL)    = 0
1094931 <... futex resumed>)            = 0
1094930 futex(0x6040d5c0ae30, FUTEX_WAKE_PRIVATE, 1 <unfinished ...>
1094931 sched_yield( <unfinished ...>
1094930 <... futex resumed>)            = 0
1094928 <... futex resumed>)            = -1 EAGAIN (Resource temporarily unavailable)
1094929 sched_yield( <unfinished ...>
1094928 sched_yield( <unfinished ...>
1094929 <... sched_yield resumed>)      = 0
1094929 futex(0x33aff2f38d40, FUTEX_WAIT_PRIVATE, 4294967295, NULL <unfinished ...>
1094928 <... sched_yield resumed>)      = 0
1094928 futex(0x6040d5c03bb8, FUTEX_WAIT_PRIVATE, 4294967295, NULL <unfinished ...>
1094931 <... sched_yield resumed>)      = 0
1094930 futex(0x6040d5c03bb8, FUTEX_WAKE_PRIVATE, 1 <unfinished ...>
1094928 <... futex resumed>)            = 0
1094930 <... futex resumed>)            = 1
1094928 futex(0x33aff2f38d40, FUTEX_WAKE_PRIVATE, 1 <unfinished ...>
1094930 futex(0x33aff2f39160, FUTEX_WAIT_PRIVATE, 0, NULL <unfinished ...>
1094928 <... futex resumed>)            = 1
1094931 futex(0x33aff2f39960, FUTEX_WAIT_PRIVATE, 0, NULL <unfinished ...>
1094929 <... futex resumed>)            = 0
1094929 futex(0x6040d5c0ae40, FUTEX_WAIT_PRIVATE, 0, {tv_sec=60, tv_nsec=0} <unfinished ...>
1094928 epoll_pwait(5, [], 128, 0, NULL, 0) = 0
1094928 futex(0x6040d5c0ae40, FUTEX_WAKE_PRIVATE, 1) = 1
1094929 <... futex resumed>)            = 0
1094929 sched_yield( <unfinished ...>
1094928 futex(0x33aff2f39960, FUTEX_WAKE_PRIVATE, 1) = 1
1094928 mmap(NULL, 65536, PROT_READ|PROT_WRITE, MAP_PRIVATE|MAP_ANONYMOUS, -1, 0 <unfinished ...>
1094931 <... futex resumed>)            = 0
1094928 <... mmap resumed>)             = 0x7c42f4fec000
1094928 prctl(PR_SET_VMA, PR_SET_VMA_ANON_NAME, 0x7c42f4fec000, 65536, " Go: gc bits") = 0
1094931 getpid( <unfinished ...>
1094929 <... sched_yield resumed>)      = 0
1094929 nanosleep({tv_sec=0, tv_nsec=20000},  <unfinished ...>
1094931 <... getpid resumed>)           = 1094928
1094931 tgkill(1094928, 1094928, SIGURG <unfinished ...>
1094928 futex(0x33aff2f39160, FUTEX_WAKE_PRIVATE, 1 <unfinished ...>
1094931 <... tgkill resumed>)           = 0
1094928 <... futex resumed>)            = 1
1094930 <... futex resumed>)            = 0
1094929 <... nanosleep resumed>NULL)    = 0
1094929 nanosleep({tv_sec=0, tv_nsec=20000},  <unfinished ...>
1094928 --- SIGURG {si_signo=SIGURG, si_code=SI_TKILL, si_pid=1094928, si_uid=0} ---
1094928 rt_sigreturn({mask=[]} <unfinished ...>
1094931 futex(0x6040d5c037d8, FUTEX_WAKE_PRIVATE, 1 <unfinished ...>
1094928 <... rt_sigreturn resumed>)     = 1
1094929 <... nanosleep resumed>NULL)    = 0
1094929 nanosleep({tv_sec=0, tv_nsec=20000},  <unfinished ...>
1094928 sched_yield( <unfinished ...>
1094931 <... futex resumed>)            = 0
1094930 getpid( <unfinished ...>
1094931 sched_yield( <unfinished ...>
1094930 <... getpid resumed>)           = 1094928
1094929 <... nanosleep resumed>NULL)    = 0
1094929 sched_yield()                   = 0
1094929 futex(0x33aff2f38d40, FUTEX_WAIT_PRIVATE, 4294967295, NULL <unfinished ...>
1094928 <... sched_yield resumed>)      = 0
1094928 futex(0x6040d5c03bb8, FUTEX_WAIT_PRIVATE, 4294967295, NULL <unfinished ...>
1094930 tgkill(1094928, 1094928, SIGURG <unfinished ...>
1094931 <... sched_yield resumed>)      = 0
1094930 <... tgkill resumed>)           = 0
1094928 <... futex resumed>)            = ? ERESTARTSYS (To be restarted if SA_RESTART is set)
1094930 futex(0x6040d5c03bb8, FUTEX_WAKE_PRIVATE, 1 <unfinished ...>
1094928 --- SIGURG {si_signo=SIGURG, si_code=SI_TKILL, si_pid=1094928, si_uid=0} ---
1094931 futex(0x33aff2f38d40, FUTEX_WAKE_PRIVATE, 1 <unfinished ...>
1094928 rt_sigreturn({mask=[]} <unfinished ...>
1094930 <... futex resumed>)            = 0
1094928 <... rt_sigreturn resumed>)     = 202
1094931 <... futex resumed>)            = 1
1094929 <... futex resumed>)            = 0
1094928 futex(0x6040d5c03bb8, FUTEX_WAIT_PRIVATE, 4294967295, NULL <unfinished ...>
1094930 futex(0x6040d5c0ae58, FUTEX_WAIT_PRIVATE, 0, {tv_sec=0, tv_nsec=100000} <unfinished ...>
1094929 nanosleep({tv_sec=0, tv_nsec=20000},  <unfinished ...>
1094928 <... futex resumed>)            = -1 EAGAIN (Resource temporarily unavailable)
1094931 futex(0x33aff2f39960, FUTEX_WAIT_PRIVATE, 0, NULL <unfinished ...>
1094928 futex(0x33aff2f39960, FUTEX_WAKE_PRIVATE, 1) = 0
1094931 <... futex resumed>)            = -1 EAGAIN (Resource temporarily unavailable)
1094929 <... nanosleep resumed>NULL)    = 0
1094931 mmap(NULL, 8192, PROT_READ|PROT_WRITE, MAP_PRIVATE|MAP_ANONYMOUS, -1, 0 <unfinished ...>
1094929 epoll_pwait(5, [], 128, 0, NULL, 0) = 0
1094931 <... mmap resumed>)             = 0x7c433dfc9000
1094929 nanosleep({tv_sec=0, tv_nsec=20000},  <unfinished ...>
1094931 prctl(PR_SET_VMA, PR_SET_VMA_ANON_NAME, 0x7c433dfc9000, 8192, " Go: GC span queue" <unfinished ...>
1094930 <... futex resumed>)            = -1 ETIMEDOUT (Connection timed out)
1094928 futex(0x6040d5c037d8, FUTEX_WAIT_PRIVATE, 0, NULL <unfinished ...>
1094930 futex(0x6040d5c0ae58, FUTEX_WAIT_PRIVATE, 0, {tv_sec=0, tv_nsec=100000} <unfinished ...>
1094931 <... prctl resumed>)            = 0
1094929 <... nanosleep resumed>NULL)    = 0
1094929 nanosleep({tv_sec=0, tv_nsec=20000}, NULL) = 0
1094929 nanosleep({tv_sec=0, tv_nsec=20000},  <unfinished ...>
1094930 <... futex resumed>)            = -1 ETIMEDOUT (Connection timed out)
1094930 futex(0x6040d5c0ae58, FUTEX_WAIT_PRIVATE, 0, {tv_sec=0, tv_nsec=100000} <unfinished ...>
1094929 <... nanosleep resumed>NULL)    = 0
1094929 nanosleep({tv_sec=0, tv_nsec=20000},  <unfinished ...>
1094930 <... futex resumed>)            = -1 ETIMEDOUT (Connection timed out)
1094930 futex(0x6040d5c0ae58, FUTEX_WAIT_PRIVATE, 0, {tv_sec=0, tv_nsec=100000} <unfinished ...>
1094929 <... nanosleep resumed>NULL)    = 0
1094929 nanosleep({tv_sec=0, tv_nsec=20000},  <unfinished ...>
1094931 futex(0x6040d5c0ae58, FUTEX_WAKE_PRIVATE, 1 <unfinished ...>
1094929 <... nanosleep resumed>NULL)    = 0
1094929 sched_yield( <unfinished ...>
1094931 <... futex resumed>)            = 1
1094930 <... futex resumed>)            = 0
1094929 <... sched_yield resumed>)      = 0
1094930 sched_yield( <unfinished ...>
1094929 futex(0x33aff2f38d40, FUTEX_WAIT_PRIVATE, 4294967295, NULL <unfinished ...>
1094931 futex(0x33aff2f38d40, FUTEX_WAKE_PRIVATE, 1 <unfinished ...>
1094930 <... sched_yield resumed>)      = 0
1094931 <... futex resumed>)            = 1
1094929 <... futex resumed>)            = 0
1094929 nanosleep({tv_sec=0, tv_nsec=20000}, NULL) = 0
1094929 nanosleep({tv_sec=0, tv_nsec=20000}, NULL) = 0
1094929 nanosleep({tv_sec=0, tv_nsec=20000}, NULL) = 0
1094929 nanosleep({tv_sec=0, tv_nsec=20000}, NULL) = 0
1094929 nanosleep({tv_sec=0, tv_nsec=20000}, NULL) = 0
1094929 nanosleep({tv_sec=0, tv_nsec=20000}, NULL) = 0
1094929 nanosleep({tv_sec=0, tv_nsec=20000},  <unfinished ...>
1094931 futex(0x6040d5c037d8, FUTEX_WAKE_PRIVATE, 1 <unfinished ...>
1094929 <... nanosleep resumed>NULL)    = 0
1094929 nanosleep({tv_sec=0, tv_nsec=20000}, NULL) = 0
1094929 nanosleep({tv_sec=0, tv_nsec=20000}, NULL) = 0
1094930 futex(0x6040d5c0ae58, FUTEX_WAIT_PRIVATE, 0, {tv_sec=0, tv_nsec=100000} <unfinished ...>
1094929 nanosleep({tv_sec=0, tv_nsec=20000}, NULL) = 0
1094929 nanosleep({tv_sec=0, tv_nsec=20000}, NULL) = 0
1094929 nanosleep({tv_sec=0, tv_nsec=20000},  <unfinished ...>
1094928 <... futex resumed>)            = 0
1094931 <... futex resumed>)            = 1
1094929 <... nanosleep resumed>NULL)    = 0
1094931 futex(0x33aff2f39960, FUTEX_WAIT_PRIVATE, 0, NULL <unfinished ...>
1094930 <... futex resumed>)            = -1 ETIMEDOUT (Connection timed out)
1094929 nanosleep({tv_sec=0, tv_nsec=20000},  <unfinished ...>
1094930 getpid( <unfinished ...>
1094928 futex(0x33aff2f39960, FUTEX_WAKE_PRIVATE, 1) = 1
1094928 futex(0x6040d5c037d8, FUTEX_WAIT_PRIVATE, 0, NULL <unfinished ...>
1094929 <... nanosleep resumed>NULL)    = 0
1094929 nanosleep({tv_sec=0, tv_nsec=20000}, NULL) = 0
1094929 nanosleep({tv_sec=0, tv_nsec=20000}, NULL) = 0
1094931 <... futex resumed>)            = 0
1094929 nanosleep({tv_sec=0, tv_nsec=20000},  <unfinished ...>
1094930 <... getpid resumed>)           = 1094928
1094931 futex(0x6040d5c0ae58, FUTEX_WAKE_PRIVATE, 1 <unfinished ...>
1094930 tgkill(1094928, 1094928, SIGURG <unfinished ...>
1094931 <... futex resumed>)            = 0
1094930 <... tgkill resumed>)           = 0
1094928 <... futex resumed>)            = ? ERESTARTSYS (To be restarted if SA_RESTART is set)
1094928 --- SIGURG {si_signo=SIGURG, si_code=SI_TKILL, si_pid=1094928, si_uid=0} ---
1094928 rt_sigreturn({mask=[]})         = 202
1094928 futex(0x6040d5c037d8, FUTEX_WAIT_PRIVATE, 0, NULL <unfinished ...>
1094929 <... nanosleep resumed>NULL)    = 0
1094929 nanosleep({tv_sec=0, tv_nsec=20000}, NULL) = 0
1094929 nanosleep({tv_sec=0, tv_nsec=20000}, NULL) = 0
1094929 nanosleep({tv_sec=0, tv_nsec=20000}, NULL) = 0
1094929 nanosleep({tv_sec=0, tv_nsec=20000},  <unfinished ...>
1094931 futex(0x6040d5c037d8, FUTEX_WAKE_PRIVATE, 1 <unfinished ...>
1094930 futex(0x6040d5c0ae58, FUTEX_WAIT_PRIVATE, 0, {tv_sec=0, tv_nsec=100000} <unfinished ...>
1094929 <... nanosleep resumed>NULL)    = 0
1094929 nanosleep({tv_sec=0, tv_nsec=20000}, NULL) = 0
1094929 nanosleep({tv_sec=0, tv_nsec=20000}, NULL) = 0
1094929 nanosleep({tv_sec=0, tv_nsec=20000}, NULL) = 0
1094929 nanosleep({tv_sec=0, tv_nsec=20000}, NULL) = 0
1094929 nanosleep({tv_sec=0, tv_nsec=20000}, NULL) = 0
1094929 nanosleep({tv_sec=0, tv_nsec=20000},  <unfinished ...>
1094930 <... futex resumed>)            = -1 ETIMEDOUT (Connection timed out)
1094930 futex(0x6040d5c0ae58, FUTEX_WAIT_PRIVATE, 0, {tv_sec=0, tv_nsec=100000} <unfinished ...>
1094929 <... nanosleep resumed>NULL)    = 0
1094929 nanosleep({tv_sec=0, tv_nsec=20000}, NULL) = 0
1094929 nanosleep({tv_sec=0, tv_nsec=20000}, NULL) = 0
1094929 nanosleep({tv_sec=0, tv_nsec=20000},  <unfinished ...>
1094930 <... futex resumed>)            = -1 ETIMEDOUT (Connection timed out)
1094930 futex(0x6040d5c0ae58, FUTEX_WAIT_PRIVATE, 0, {tv_sec=0, tv_nsec=100000} <unfinished ...>
1094929 <... nanosleep resumed>NULL)    = 0
1094929 nanosleep({tv_sec=0, tv_nsec=20000},  <unfinished ...>
1094928 <... futex resumed>)            = 0
1094931 <... futex resumed>)            = 1
1094928 rt_sigprocmask(SIG_SETMASK, ~[RTMIN RT_1],  <unfinished ...>
1094930 <... futex resumed>)            = -1 ETIMEDOUT (Connection timed out)
1094928 <... rt_sigprocmask resumed>[], 8) = 0
1094930 futex(0x6040d5c0ae58, FUTEX_WAIT_PRIVATE, 0, {tv_sec=0, tv_nsec=100000} <unfinished ...>
1094931 futex(0x33aff2f39960, FUTEX_WAIT_PRIVATE, 0, NULL <unfinished ...>
1094928 mmap(NULL, 8392704, PROT_NONE, MAP_PRIVATE|MAP_ANONYMOUS|MAP_STACK, -1, 0) = 0x7c42f47eb000
1094929 <... nanosleep resumed>NULL)    = 0
1094928 mprotect(0x7c42f47ec000, 8388608, PROT_READ|PROT_WRITE <unfinished ...>
1094929 nanosleep({tv_sec=0, tv_nsec=20000},  <unfinished ...>
1094928 <... mprotect resumed>)         = 0
1094930 <... futex resumed>)            = -1 ETIMEDOUT (Connection timed out)
1094928 rt_sigprocmask(SIG_BLOCK, ~[],  <unfinished ...>
1094930 futex(0x6040d5c0ae58, FUTEX_WAIT_PRIVATE, 0, {tv_sec=0, tv_nsec=100000} <unfinished ...>
1094928 <... rt_sigprocmask resumed>~[KILL STOP RTMIN RT_1], 8) = 0
1094929 <... nanosleep resumed>NULL)    = 0
1094928 clone3({flags=CLONE_VM|CLONE_FS|CLONE_FILES|CLONE_SIGHAND|CLONE_THREAD|CLONE_SYSVSEM|CLONE_SETTLS|CLONE_PARENT_SETTID|CLONE_CHILD_CLEARTID, child_tid=0x7c42f4feb990, parent_tid=0x7c42f4feb990, exit_signal=0, stack=0x7c42f47eb000, stack_size=0x7ffac0, tls=0x7c42f4feb6c0} <unfinished ...>
1094929 nanosleep({tv_sec=0, tv_nsec=20000},  <unfinished ...>
1094930 <... futex resumed>)            = -1 ETIMEDOUT (Connection timed out)
1094930 futex(0x6040d5c0ae58, FUTEX_WAIT_PRIVATE, 0, {tv_sec=0, tv_nsec=100000} <unfinished ...>
1094928 <... clone3 resumed> => {parent_tid=[1094933]}, 88) = 1094933
1094933 rseq(0x7c42f4febfe0, 0x20, 0, 0x53053053 <unfinished ...>
1094929 <... nanosleep resumed>NULL)    = 0
1094928 rt_sigprocmask(SIG_SETMASK, ~[KILL STOP RTMIN RT_1],  <unfinished ...>
1094933 <... rseq resumed>)             = 0
1094929 nanosleep({tv_sec=0, tv_nsec=20000},  <unfinished ...>
1094928 <... rt_sigprocmask resumed>NULL, 8) = 0
1094933 set_robust_list(0x7c42f4feb9a0, 24 <unfinished ...>
1094928 rt_sigprocmask(SIG_SETMASK, [],  <unfinished ...>
1094933 <... set_robust_list resumed>)  = 0
1094930 <... futex resumed>)            = -1 ETIMEDOUT (Connection timed out)
1094928 <... rt_sigprocmask resumed>NULL, 8) = 0
1094933 rt_sigprocmask(SIG_SETMASK, ~[KILL STOP RTMIN RT_1],  <unfinished ...>
1094929 <... nanosleep resumed>NULL)    = 0
1094928 futex(0x6040d5c037d8, FUTEX_WAIT_PRIVATE, 0, NULL <unfinished ...>
1094933 <... rt_sigprocmask resumed>NULL, 8) = 0
1094930 futex(0x6040d5c0ae58, FUTEX_WAIT_PRIVATE, 0, {tv_sec=0, tv_nsec=100000} <unfinished ...>
1094929 nanosleep({tv_sec=0, tv_nsec=20000},  <unfinished ...>
1094933 sigaltstack(NULL, {ss_sp=NULL, ss_flags=SS_DISABLE, ss_size=0}) = 0
1094933 sigaltstack({ss_sp=0x33aff338a000, ss_flags=0, ss_size=32768}, NULL) = 0
1094933 rt_sigprocmask(SIG_SETMASK, [],  <unfinished ...>
1094929 <... nanosleep resumed>NULL)    = 0
1094933 <... rt_sigprocmask resumed>NULL, 8) = 0
1094933 gettid( <unfinished ...>
1094929 nanosleep({tv_sec=0, tv_nsec=20000},  <unfinished ...>
1094933 <... gettid resumed>)           = 1094933
1094930 <... futex resumed>)            = -1 ETIMEDOUT (Connection timed out)
1094933 futex(0x6040d5c0ae58, FUTEX_WAKE_PRIVATE, 1 <unfinished ...>
1094930 sched_yield( <unfinished ...>
1094933 <... futex resumed>)            = 0
1094933 futex(0x33aff2f6b960, FUTEX_WAIT_PRIVATE, 0, NULL <unfinished ...>
1094929 <... nanosleep resumed>NULL)    = 0
1094929 nanosleep({tv_sec=0, tv_nsec=20000}, NULL) = 0
1094929 nanosleep({tv_sec=0, tv_nsec=20000}, NULL) = 0
1094929 epoll_pwait(5, [], 128, 0, NULL, 0) = 0
1094929 nanosleep({tv_sec=0, tv_nsec=20000}, NULL) = 0
1094929 nanosleep({tv_sec=0, tv_nsec=20000}, NULL) = 0
1094929 nanosleep({tv_sec=0, tv_nsec=20000}, NULL) = 0
1094929 nanosleep({tv_sec=0, tv_nsec=20000}, NULL) = 0
1094929 nanosleep({tv_sec=0, tv_nsec=40000}, NULL) = 0
1094929 nanosleep({tv_sec=0, tv_nsec=80000},  <unfinished ...>
1094930 <... sched_yield resumed>)      = 0
1094929 <... nanosleep resumed>NULL)    = 0
1094929 nanosleep({tv_sec=0, tv_nsec=160000}, NULL) = 0
1094929 nanosleep({tv_sec=0, tv_nsec=320000}, NULL) = 0
1094929 nanosleep({tv_sec=0, tv_nsec=640000},  <unfinished ...>
1094930 epoll_pwait(5, [], 128, 0, NULL, 0) = 0
1094930 mmap(NULL, 262144, PROT_READ|PROT_WRITE, MAP_PRIVATE|MAP_ANONYMOUS, -1, 0 <unfinished ...>
1094929 <... nanosleep resumed>NULL)    = 0
1094929 sched_yield( <unfinished ...>
1094930 <... mmap resumed>)             = 0x7c42f47ab000
1094930 prctl(PR_SET_VMA, PR_SET_VMA_ANON_NAME, 0x7c42f47ab000, 262144, " Go: immortal metadata") = 0
1094930 mmap(NULL, 262144, PROT_READ|PROT_WRITE, MAP_PRIVATE|MAP_ANONYMOUS, -1, 0) = 0x7c42f476b000
1094930 prctl(PR_SET_VMA, PR_SET_VMA_ANON_NAME, 0x7c42f476b000, 262144, " Go: immortal metadata") = 0
1094930 futex(0x33aff2f6b960, FUTEX_WAKE_PRIVATE, 1) = 1
1094930 futex(0x6040d5c0ae58, FUTEX_WAIT_PRIVATE, 0, {tv_sec=0, tv_nsec=100000} <unfinished ...>
1094933 <... futex resumed>)            = 0
1094933 futex(0x6040d5c0ae58, FUTEX_WAKE_PRIVATE, 1 <unfinished ...>
1094930 <... futex resumed>)            = -1 ETIMEDOUT (Connection timed out)
1094930 sched_yield( <unfinished ...>
1094933 <... futex resumed>)            = 0
1094933 futex(0x6040d5c037d8, FUTEX_WAKE_PRIVATE, 1) = 1
1094933 futex(0x33aff2f6b960, FUTEX_WAIT_PRIVATE, 0, NULL <unfinished ...>
1094929 <... sched_yield resumed>)      = 0
1094929 getpid()                        = 1094928
1094929 tgkill(1094928, 1094930, SIGURG) = 0
1094929 nanosleep({tv_sec=0, tv_nsec=1280000},  <unfinished ...>
1094928 <... futex resumed>)            = 0
1094929 <... nanosleep resumed>NULL)    = 0
1094929 nanosleep({tv_sec=0, tv_nsec=2560000},  <unfinished ...>
1094928 mmap(NULL, 262144, PROT_READ|PROT_WRITE, MAP_PRIVATE|MAP_ANONYMOUS, -1, 0 <unfinished ...>
1094930 <... sched_yield resumed>)      = 0
1094930 --- SIGURG {si_signo=SIGURG, si_code=SI_TKILL, si_pid=1094928, si_uid=0} ---
1094930 rt_sigreturn({mask=[]})         = 0
1094930 futex(0x33aff2f39160, FUTEX_WAIT_PRIVATE, 0, NULL <unfinished ...>
1094928 <... mmap resumed>)             = 0x7c42f472b000
1094928 prctl(PR_SET_VMA, PR_SET_VMA_ANON_NAME, 0x7c42f472b000, 262144, " Go: immortal metadata") = 0
1094929 <... nanosleep resumed>NULL)    = 0
1094929 futex(0x33aff2f39160, FUTEX_WAKE_PRIVATE, 1) = 1
1094929 nanosleep({tv_sec=0, tv_nsec=5120000},  <unfinished ...>
1094930 <... futex resumed>)            = 0
1094930 futex(0x33aff2f39160, FUTEX_WAIT_PRIVATE, 0, NULL <unfinished ...>
1094928 mmap(0x33aff3400000, 4194304, PROT_READ|PROT_WRITE, MAP_PRIVATE|MAP_FIXED|MAP_ANONYMOUS, -1, 0) = 0x33aff3400000
1094928 prctl(PR_SET_VMA, PR_SET_VMA_ANON_NAME, 0x33aff3400000, 4194304, " Go: heap") = 0
1094928 epoll_pwait(5, [], 128, 0, NULL, 0) = 0
1094928 futex(0x33aff2f39160, FUTEX_WAKE_PRIVATE, 1) = 1
1094930 <... futex resumed>)            = 0
1094929 <... nanosleep resumed>NULL)    = 0
1094929 epoll_pwait(5, [], 128, 0, NULL, 0) = 0
1094929 nanosleep({tv_sec=0, tv_nsec=10000000},  <unfinished ...>
1094928 mmap(NULL, 65536, PROT_READ|PROT_WRITE, MAP_PRIVATE|MAP_ANONYMOUS, -1, 0) = 0x7c42f471b000
1094928 prctl(PR_SET_VMA, PR_SET_VMA_ANON_NAME, 0x7c42f471b000, 65536, " Go: gc bits") = 0
1094930 mmap(NULL, 8192, PROT_READ|PROT_WRITE, MAP_PRIVATE|MAP_ANONYMOUS, -1, 0) = 0x7c433dfc7000
1094930 prctl(PR_SET_VMA, PR_SET_VMA_ANON_NAME, 0x7c433dfc7000, 8192, " Go: GC span queue") = 0
1094930 getpid()                        = 1094928
1094930 tgkill(1094928, 1094928, SIGURG) = 0
1094930 sched_yield( <unfinished ...>
1094928 --- SIGURG {si_signo=SIGURG, si_code=SI_TKILL, si_pid=1094928, si_uid=0} ---
1094928 rt_sigreturn({mask=[]})         = 105831496006289
1094928 futex(0x33aff2f6b960, FUTEX_WAKE_PRIVATE, 1) = 1
1094933 <... futex resumed>)            = 0
1094930 <... sched_yield resumed>)      = 0
1094928 futex(0x6040d5c037d8, FUTEX_WAIT_PRIVATE, 0, NULL <unfinished ...>
1094933 nanosleep({tv_sec=0, tv_nsec=3000}, NULL) = 0
1094933 futex(0x6040d5c037d8, FUTEX_WAKE_PRIVATE, 1) = 1
1094928 <... futex resumed>)            = 0
1094928 sched_yield( <unfinished ...>
1094930 getpid( <unfinished ...>
1094933 sched_yield()                   = 0
1094933 futex(0x33aff2f6bd40, FUTEX_WAIT_PRIVATE, 4294967295, NULL <unfinished ...>
1094928 <... sched_yield resumed>)      = 0
1094928 futex(0x6040d5c03bb8, FUTEX_WAIT_PRIVATE, 4294967295, NULL <unfinished ...>
1094930 <... getpid resumed>)           = 1094928
1094930 tgkill(1094928, 1094928, SIGURG <unfinished ...>
1094928 <... futex resumed>)            = ? ERESTARTSYS (To be restarted if SA_RESTART is set)
1094930 <... tgkill resumed>)           = 0
1094928 --- SIGURG {si_signo=SIGURG, si_code=SI_TKILL, si_pid=1094928, si_uid=0} ---
1094928 rt_sigreturn({mask=[]} <unfinished ...>
1094930 futex(0x6040d5c03bb8, FUTEX_WAKE_PRIVATE, 1 <unfinished ...>
1094928 <... rt_sigreturn resumed>)     = 202
1094930 <... futex resumed>)            = 0
1094928 futex(0x6040d5c03bb8, FUTEX_WAIT_PRIVATE, 4294967295, NULL <unfinished ...>
1094930 futex(0x6040d5c0ae58, FUTEX_WAIT_PRIVATE, 0, {tv_sec=0, tv_nsec=100000} <unfinished ...>
1094928 <... futex resumed>)            = -1 EAGAIN (Resource temporarily unavailable)
1094928 futex(0x33aff2f6bd40, FUTEX_WAKE_PRIVATE, 1) = 1
1094933 <... futex resumed>)            = 0
1094933 futex(0x33aff2f6b960, FUTEX_WAIT_PRIVATE, 0, NULL <unfinished ...>
1094928 futex(0x33aff2f6b960, FUTEX_WAKE_PRIVATE, 1) = 1
1094933 <... futex resumed>)            = 0
1094933 futex(0x6040d5c0ae58, FUTEX_WAKE_PRIVATE, 1) = 1
1094930 <... futex resumed>)            = 0
1094933 futex(0x6040d5c037d8, FUTEX_WAKE_PRIVATE, 1 <unfinished ...>
1094930 futex(0x6040d5c0ae58, FUTEX_WAIT_PRIVATE, 0, {tv_sec=0, tv_nsec=100000} <unfinished ...>
1094933 <... futex resumed>)            = 0
1094933 futex(0x33aff2f6b960, FUTEX_WAIT_PRIVATE, 0, NULL <unfinished ...>
1094930 <... futex resumed>)            = -1 ETIMEDOUT (Connection timed out)
1094930 getpid()                        = 1094928
1094928 futex(0x33aff2f6b960, FUTEX_WAKE_PRIVATE, 1 <unfinished ...>
1094930 tgkill(1094928, 1094928, SIGURG <unfinished ...>
1094928 <... futex resumed>)            = 1
1094933 <... futex resumed>)            = 0
1094930 <... tgkill resumed>)           = 0
1094933 futex(0x6040d5c0ae58, FUTEX_WAKE_PRIVATE, 1 <unfinished ...>
1094930 futex(0x6040d5c0ae58, FUTEX_WAIT_PRIVATE, 0, {tv_sec=0, tv_nsec=100000} <unfinished ...>
1094933 <... futex resumed>)            = 0
1094930 <... futex resumed>)            = -1 EAGAIN (Resource temporarily unavailable)
1094933 futex(0x6040d5c037d8, FUTEX_WAKE_PRIVATE, 1) = 0
1094933 futex(0x33aff2f6b960, FUTEX_WAIT_PRIVATE, 0, NULL <unfinished ...>
1094928 --- SIGURG {si_signo=SIGURG, si_code=SI_TKILL, si_pid=1094928, si_uid=0} ---
1094928 rt_sigreturn({mask=[]})         = 1
1094928 sched_yield( <unfinished ...>
1094930 getpid( <unfinished ...>
1094928 <... sched_yield resumed>)      = 0
1094930 <... getpid resumed>)           = 1094928
1094928 futex(0x6040d5c03bb8, FUTEX_WAIT_PRIVATE, 4294967295, NULL <unfinished ...>
1094930 tgkill(1094928, 1094928, SIGURG) = 0
1094928 <... futex resumed>)            = ? ERESTARTSYS (To be restarted if SA_RESTART is set)
1094930 futex(0x6040d5c03bb8, FUTEX_WAKE_PRIVATE, 1 <unfinished ...>
1094928 --- SIGURG {si_signo=SIGURG, si_code=SI_TKILL, si_pid=1094928, si_uid=0} ---
1094930 <... futex resumed>)            = 0
1094928 rt_sigreturn({mask=[]} <unfinished ...>
1094930 futex(0x6040d5c0ae30, FUTEX_WAIT_PRIVATE, 0, {tv_sec=0, tv_nsec=100000} <unfinished ...>
1094928 <... rt_sigreturn resumed>)     = 202
1094928 futex(0x6040d5c03bb8, FUTEX_WAIT_PRIVATE, 4294967295, NULL) = -1 EAGAIN (Resource temporarily unavailable)
1094928 futex(0x33aff2f6b960, FUTEX_WAKE_PRIVATE, 1) = 1
1094933 <... futex resumed>)            = 0
1094933 futex(0x6040d5c0ae30, FUTEX_WAKE_PRIVATE, 1) = 1
1094930 <... futex resumed>)            = 0
1094933 futex(0x33aff2f6b960, FUTEX_WAIT_PRIVATE, 0, NULL <unfinished ...>
1094928 futex(0x6040d5c037d8, FUTEX_WAIT_PRIVATE, 0, NULL <unfinished ...>
1094930 epoll_pwait(5, [], 128, 0, NULL, 0) = 0
1094930 futex(0x33aff2f6b960, FUTEX_WAKE_PRIVATE, 1 <unfinished ...>
1094933 <... futex resumed>)            = 0
1094930 <... futex resumed>)            = 1
1094933 mmap(NULL, 262144, PROT_READ|PROT_WRITE, MAP_PRIVATE|MAP_ANONYMOUS, -1, 0 <unfinished ...>
1094930 futex(0x6040d5c0ae58, FUTEX_WAIT_PRIVATE, 0, {tv_sec=0, tv_nsec=100000} <unfinished ...>
1094933 <... mmap resumed>)             = 0x7c42f46db000
1094933 prctl(PR_SET_VMA, PR_SET_VMA_ANON_NAME, 0x7c42f46db000, 262144, " Go: immortal metadata") = 0
1094933 futex(0x6040d5c0ae58, FUTEX_WAKE_PRIVATE, 1 <unfinished ...>
1094930 <... futex resumed>)            = -1 ETIMEDOUT (Connection timed out)
1094933 <... futex resumed>)            = 0
1094930 sched_yield( <unfinished ...>
1094933 futex(0x6040d5c037d8, FUTEX_WAKE_PRIVATE, 1) = 1
1094928 <... futex resumed>)            = 0
1094933 futex(0x33aff2f6b960, FUTEX_WAIT_PRIVATE, 0, NULL <unfinished ...>
1094929 <... nanosleep resumed>NULL)    = 0
1094929 epoll_pwait(5, [], 128, 0, NULL, 0) = 0
1094929 nanosleep({tv_sec=0, tv_nsec=10000000},  <unfinished ...>
1094930 <... sched_yield resumed>)      = 0
1094930 mmap(NULL, 262144, PROT_READ|PROT_WRITE, MAP_PRIVATE|MAP_ANONYMOUS, -1, 0) = 0x7c42f469b000
1094930 prctl(PR_SET_VMA, PR_SET_VMA_ANON_NAME, 0x7c42f469b000, 262144, " Go: immortal metadata") = 0
1094930 futex(0x33aff2f39160, FUTEX_WAIT_PRIVATE, 0, NULL <unfinished ...>
1094928 epoll_pwait(5, [], 128, 0, NULL, 0) = 0
1094928 futex(0x33aff2f39160, FUTEX_WAKE_PRIVATE, 1) = 1
1094930 <... futex resumed>)            = 0
1094930 getpid( <unfinished ...>
1094928 futex(0x33aff2f6b960, FUTEX_WAKE_PRIVATE, 1) = 1
1094933 <... futex resumed>)            = 0
1094930 <... getpid resumed>)           = 1094928
1094928 futex(0x6040d5c037d8, FUTEX_WAIT_PRIVATE, 0, NULL <unfinished ...>
1094930 tgkill(1094928, 1094928, SIGURG) = 0
1094928 <... futex resumed>)            = ? ERESTARTSYS (To be restarted if SA_RESTART is set)
1094928 --- SIGURG {si_signo=SIGURG, si_code=SI_TKILL, si_pid=1094928, si_uid=0} ---
1094928 rt_sigreturn({mask=[]})         = 202
1094928 futex(0x6040d5c037d8, FUTEX_WAIT_PRIVATE, 0, NULL <unfinished ...>
1094930 futex(0x6040d5c037d8, FUTEX_WAKE_PRIVATE, 1 <unfinished ...>
1094928 <... futex resumed>)            = -1 EAGAIN (Resource temporarily unavailable)
1094930 <... futex resumed>)            = 0
1094929 <... nanosleep resumed>NULL)    = 0
1094929 epoll_pwait(5,  <unfinished ...>
1094930 futex(0x33aff2f39160, FUTEX_WAIT_PRIVATE, 0, NULL <unfinished ...>
1094929 <... epoll_pwait resumed>[], 128, 0, NULL, 0) = 0
1094929 nanosleep({tv_sec=0, tv_nsec=10000000},  <unfinished ...>
1094933 getpid( <unfinished ...>
1094928 sched_yield()                   = 0
1094928 futex(0x6040d5c03bb8, FUTEX_WAIT_PRIVATE, 4294967295, NULL <unfinished ...>
1094933 <... getpid resumed>)           = 1094928
1094933 tgkill(1094928, 1094928, SIGURG <unfinished ...>
1094928 <... futex resumed>)            = ? ERESTARTSYS (To be restarted if SA_RESTART is set)
1094933 <... tgkill resumed>)           = 0
1094928 --- SIGURG {si_signo=SIGURG, si_code=SI_TKILL, si_pid=1094928, si_uid=0} ---
1094933 futex(0x6040d5c03bb8, FUTEX_WAKE_PRIVATE, 1 <unfinished ...>
1094928 rt_sigreturn({mask=[]} <unfinished ...>
1094933 <... futex resumed>)            = 0
1094928 <... rt_sigreturn resumed>)     = 202
1094933 futex(0x6040d5c0ae58, FUTEX_WAIT_PRIVATE, 0, {tv_sec=0, tv_nsec=100000} <unfinished ...>
1094928 futex(0x6040d5c03bb8, FUTEX_WAIT_PRIVATE, 4294967295, NULL) = -1 EAGAIN (Resource temporarily unavailable)
1094928 futex(0x33aff2f39160, FUTEX_WAKE_PRIVATE, 1) = 1
1094930 <... futex resumed>)            = 0
1094928 futex(0x6040d5c037d8, FUTEX_WAIT_PRIVATE, 0, NULL <unfinished ...>
1094930 futex(0x6040d5c0ae58, FUTEX_WAKE_PRIVATE, 1 <unfinished ...>
1094933 <... futex resumed>)            = 0
1094930 <... futex resumed>)            = 1
1094933 sched_yield()                   = 0
1094930 futex(0x6040d5c037d8, FUTEX_WAKE_PRIVATE, 1 <unfinished ...>
1094928 <... futex resumed>)            = 0
1094930 <... futex resumed>)            = 1
1094930 futex(0x33aff2f39160, FUTEX_WAIT_PRIVATE, 0, NULL <unfinished ...>
1094928 mmap(0x33aff3800000, 4194304, PROT_READ|PROT_WRITE, MAP_PRIVATE|MAP_FIXED|MAP_ANONYMOUS, -1, 0) = 0x33aff3800000
1094928 prctl(PR_SET_VMA, PR_SET_VMA_ANON_NAME, 0x33aff3800000, 4194304, " Go: heap") = 0
1094933 getpid( <unfinished ...>
1094928 sched_yield()                   = 0
1094928 futex(0x6040d5c03bb8, FUTEX_WAIT_PRIVATE, 4294967295, NULL <unfinished ...>
1094933 <... getpid resumed>)           = 1094928
1094933 tgkill(1094928, 1094928, SIGURG <unfinished ...>
1094928 <... futex resumed>)            = ? ERESTARTSYS (To be restarted if SA_RESTART is set)
1094933 <... tgkill resumed>)           = 0
1094928 --- SIGURG {si_signo=SIGURG, si_code=SI_TKILL, si_pid=1094928, si_uid=0} ---
1094933 futex(0x6040d5c03bb8, FUTEX_WAKE_PRIVATE, 1 <unfinished ...>
1094928 rt_sigreturn({mask=[]})         = 202
1094933 <... futex resumed>)            = 0
1094928 futex(0x6040d5c03bb8, FUTEX_WAIT_PRIVATE, 4294967295, NULL <unfinished ...>
1094933 futex(0x6040d5c0ae58, FUTEX_WAIT_PRIVATE, 0, {tv_sec=0, tv_nsec=100000} <unfinished ...>
1094928 <... futex resumed>)            = -1 EAGAIN (Resource temporarily unavailable)
1094928 futex(0x33aff2f39160, FUTEX_WAKE_PRIVATE, 1) = 1
1094930 <... futex resumed>)            = 0
1094928 futex(0x6040d5c037d8, FUTEX_WAIT_PRIVATE, 0, NULL <unfinished ...>
1094930 futex(0x6040d5c0ae58, FUTEX_WAKE_PRIVATE, 1) = 1
1094933 <... futex resumed>)            = 0
1094933 futex(0x6040d5c037d8, FUTEX_WAKE_PRIVATE, 1 <unfinished ...>
1094930 futex(0x6040d5c0ae58, FUTEX_WAIT_PRIVATE, 0, {tv_sec=0, tv_nsec=100000} <unfinished ...>
1094928 <... futex resumed>)            = 0
1094933 <... futex resumed>)            = 1
1094933 futex(0x33aff2f6b960, FUTEX_WAIT_PRIVATE, 0, NULL <unfinished ...>
1094930 <... futex resumed>)            = -1 ETIMEDOUT (Connection timed out)
1094928 futex(0x33aff2f6b960, FUTEX_WAKE_PRIVATE, 1 <unfinished ...>
1094930 getpid( <unfinished ...>
1094928 <... futex resumed>)            = 1
1094933 <... futex resumed>)            = 0
1094930 <... getpid resumed>)           = 1094928
1094928 sched_yield( <unfinished ...>
1094933 futex(0x6040d5c0ae58, FUTEX_WAKE_PRIVATE, 1 <unfinished ...>
1094930 tgkill(1094928, 1094928, SIGURG <unfinished ...>
1094933 <... futex resumed>)            = 0
1094930 <... tgkill resumed>)           = 0
1094933 futex(0x6040d5c037d8, FUTEX_WAKE_PRIVATE, 1 <unfinished ...>
1094928 <... sched_yield resumed>)      = 0
1094933 <... futex resumed>)            = 0
1094930 futex(0x6040d5c0ae30, FUTEX_WAIT_PRIVATE, 0, {tv_sec=0, tv_nsec=100000} <unfinished ...>
1094933 futex(0x33aff2f6b960, FUTEX_WAIT_PRIVATE, 0, NULL <unfinished ...>
1094928 --- SIGURG {si_signo=SIGURG, si_code=SI_TKILL, si_pid=1094928, si_uid=0} ---
1094928 rt_sigreturn({mask=[]})         = 0
1094930 <... futex resumed>)            = -1 ETIMEDOUT (Connection timed out)
1094930 getpid()                        = 1094928
1094930 tgkill(1094928, 1094928, SIGURG <unfinished ...>
1094928 --- SIGURG {si_signo=SIGURG, si_code=SI_TKILL, si_pid=1094928, si_uid=0} ---
1094930 <... tgkill resumed>)           = 0
1094930 futex(0x6040d5c0ae30, FUTEX_WAIT_PRIVATE, 0, {tv_sec=0, tv_nsec=100000} <unfinished ...>
1094928 rt_sigreturn({mask=[]})         = 105831514995630
1094928 futex(0x33aff2f6b960, FUTEX_WAKE_PRIVATE, 1) = 1
1094933 <... futex resumed>)            = 0
1094928 futex(0x6040d5c037d8, FUTEX_WAIT_PRIVATE, 0, NULL <unfinished ...>
1094933 futex(0x6040d5c0ae30, FUTEX_WAKE_PRIVATE, 1) = 1
1094930 <... futex resumed>)            = 0
1094930 sched_yield( <unfinished ...>
1094933 futex(0x33aff2f6b960, FUTEX_WAIT_PRIVATE, 0, NULL <unfinished ...>
1094930 <... sched_yield resumed>)      = 0
1094930 epoll_pwait(5, [], 128, 0, NULL, 0) = 0
1094930 futex(0x33aff2f6b960, FUTEX_WAKE_PRIVATE, 1 <unfinished ...>
1094933 <... futex resumed>)            = 0
1094930 <... futex resumed>)            = 1
1094933 futex(0x6040d5c037d8, FUTEX_WAKE_PRIVATE, 1 <unfinished ...>
1094929 <... nanosleep resumed>NULL)    = 0
1094933 <... futex resumed>)            = 1
1094929 epoll_pwait(5,  <unfinished ...>
1094933 futex(0x33aff2f6b960, FUTEX_WAIT_PRIVATE, 0, NULL <unfinished ...>
1094928 <... futex resumed>)            = 0
1094928 sched_yield( <unfinished ...>
1094930 getpid( <unfinished ...>
1094929 <... epoll_pwait resumed>[], 128, 0, NULL, 0) = 0
1094930 <... getpid resumed>)           = 1094928
1094929 sched_yield( <unfinished ...>
1094930 tgkill(1094928, 1094928, SIGURG <unfinished ...>
1094928 <... sched_yield resumed>)      = 0
1094928 futex(0x6040d5c03bb8, FUTEX_WAIT_PRIVATE, 4294967295, NULL) = ? ERESTARTSYS (To be restarted if SA_RESTART is set)
1094930 <... tgkill resumed>)           = 0
1094929 <... sched_yield resumed>)      = 0
1094930 futex(0x6040d5c03bb8, FUTEX_WAKE_PRIVATE, 1 <unfinished ...>
1094929 nanosleep({tv_sec=0, tv_nsec=10000000},  <unfinished ...>
1094930 <... futex resumed>)            = 0
1094928 --- SIGURG {si_signo=SIGURG, si_code=SI_TKILL, si_pid=1094928, si_uid=0} ---
1094930 futex(0x6040d5c0ae58, FUTEX_WAIT_PRIVATE, 0, {tv_sec=0, tv_nsec=100000} <unfinished ...>
1094928 rt_sigreturn({mask=[]})         = 202
1094928 futex(0x6040d5c03bb8, FUTEX_WAIT_PRIVATE, 4294967295, NULL) = -1 EAGAIN (Resource temporarily unavailable)
1094928 futex(0x33aff2f6b960, FUTEX_WAKE_PRIVATE, 1) = 1
1094928 futex(0x6040d5c037d8, FUTEX_WAIT_PRIVATE, 0, NULL <unfinished ...>
1094933 <... futex resumed>)            = 0
1094933 futex(0x6040d5c0ae58, FUTEX_WAKE_PRIVATE, 1 <unfinished ...>
1094930 <... futex resumed>)            = -1 ETIMEDOUT (Connection timed out)
1094933 <... futex resumed>)            = 0
1094930 sched_yield( <unfinished ...>
1094933 futex(0x6040d5c037d8, FUTEX_WAKE_PRIVATE, 1 <unfinished ...>
1094928 <... futex resumed>)            = 0
1094933 <... futex resumed>)            = 1
1094930 <... sched_yield resumed>)      = 0
1094933 futex(0x33aff2f6b960, FUTEX_WAIT_PRIVATE, 0, NULL <unfinished ...>
1094930 futex(0x33aff2f39160, FUTEX_WAIT_PRIVATE, 0, NULL <unfinished ...>
1094928 mmap(0x33aff3c00000, 4194304, PROT_READ|PROT_WRITE, MAP_PRIVATE|MAP_FIXED|MAP_ANONYMOUS, -1, 0) = 0x33aff3c00000
1094928 prctl(PR_SET_VMA, PR_SET_VMA_ANON_NAME, 0x33aff3c00000, 4194304, " Go: heap") = 0
1094929 <... nanosleep resumed>NULL)    = 0
1094929 epoll_pwait(5, [], 128, 0, NULL, 0) = 0
1094929 futex(0x33aff2f39160, FUTEX_WAKE_PRIVATE, 1 <unfinished ...>
1094930 <... futex resumed>)            = 0
1094929 <... futex resumed>)            = 1
1094930 sched_yield( <unfinished ...>
1094929 nanosleep({tv_sec=0, tv_nsec=10000000},  <unfinished ...>
1094930 <... sched_yield resumed>)      = 0
1094930 futex(0x33aff2f39160, FUTEX_WAIT_PRIVATE, 0, NULL <unfinished ...>
1094928 epoll_pwait(5, [], 128, 0, NULL, 0) = 0
1094928 futex(0x33aff2f39160, FUTEX_WAKE_PRIVATE, 1) = 1
1094930 <... futex resumed>)            = 0
1094928 futex(0x33aff2f6b960, FUTEX_WAKE_PRIVATE, 1 <unfinished ...>
1094930 getpid( <unfinished ...>
1094928 <... futex resumed>)            = 1
1094928 futex(0x6040d5c037d8, FUTEX_WAIT_PRIVATE, 0, NULL <unfinished ...>
1094933 <... futex resumed>)            = 0
1094930 <... getpid resumed>)           = 1094928
1094933 futex(0x33aff2f6b960, FUTEX_WAIT_PRIVATE, 0, NULL <unfinished ...>
1094930 tgkill(1094928, 1094928, SIGURG <unfinished ...>
1094928 <... futex resumed>)            = ? ERESTARTSYS (To be restarted if SA_RESTART is set)
1094930 <... tgkill resumed>)           = 0
1094928 --- SIGURG {si_signo=SIGURG, si_code=SI_TKILL, si_pid=1094928, si_uid=0} ---
1094928 rt_sigreturn({mask=[]})         = 202
1094928 futex(0x6040d5c037d8, FUTEX_WAIT_PRIVATE, 0, NULL <unfinished ...>
1094930 futex(0x33aff2f6b960, FUTEX_WAKE_PRIVATE, 1 <unfinished ...>
1094933 <... futex resumed>)            = 0
1094930 <... futex resumed>)            = 1
1094933 nanosleep({tv_sec=0, tv_nsec=3000},  <unfinished ...>
1094930 futex(0x6040d5c0ae58, FUTEX_WAIT_PRIVATE, 0, {tv_sec=0, tv_nsec=100000} <unfinished ...>
1094933 <... nanosleep resumed>NULL)    = 0
1094933 futex(0x6040d5c037d8, FUTEX_WAKE_PRIVATE, 1 <unfinished ...>
1094928 <... futex resumed>)            = 0
1094933 <... futex resumed>)            = 1
1094930 <... futex resumed>)            = -1 ETIMEDOUT (Connection timed out)
1094933 futex(0x33aff2f6b960, FUTEX_WAIT_PRIVATE, 0, NULL <unfinished ...>
1094930 futex(0x6040d5c0ae58, FUTEX_WAIT_PRIVATE, 0, {tv_sec=0, tv_nsec=100000}) = -1 ETIMEDOUT (Connection timed out)
1094929 <... nanosleep resumed>NULL)    = 0
1094928 futex(0x33aff2f6b960, FUTEX_WAKE_PRIVATE, 1 <unfinished ...>
1094930 getpid( <unfinished ...>
1094929 epoll_pwait(5,  <unfinished ...>
1094928 <... futex resumed>)            = 1
1094933 <... futex resumed>)            = 0
1094930 <... getpid resumed>)           = 1094928
1094929 <... epoll_pwait resumed>[], 128, 0, NULL, 0) = 0
1094928 sched_yield( <unfinished ...>
1094933 futex(0x6040d5c0ae58, FUTEX_WAKE_PRIVATE, 1) = 0
1094928 <... sched_yield resumed>)      = 0
1094929 nanosleep({tv_sec=0, tv_nsec=10000000},  <unfinished ...>
1094928 futex(0x6040d5c037d8, FUTEX_WAIT_PRIVATE, 0, NULL <unfinished ...>
1094930 tgkill(1094928, 1094928, SIGURG <unfinished ...>
1094928 <... futex resumed>)            = ? ERESTARTSYS (To be restarted if SA_RESTART is set)
1094930 <... tgkill resumed>)           = 0
1094928 --- SIGURG {si_signo=SIGURG, si_code=SI_TKILL, si_pid=1094928, si_uid=0} ---
1094928 rt_sigreturn({mask=[]} <unfinished ...>
1094933 futex(0x6040d5c037d8, FUTEX_WAKE_PRIVATE, 1 <unfinished ...>
1094928 <... rt_sigreturn resumed>)     = 202
1094933 <... futex resumed>)            = 0
1094933 futex(0x33aff2f6b960, FUTEX_WAIT_PRIVATE, 0, NULL <unfinished ...>
1094928 futex(0x6040d5c037d8, FUTEX_WAIT_PRIVATE, 0, NULL) = -1 EAGAIN (Resource temporarily unavailable)
1094928 sched_yield( <unfinished ...>
1094930 getpid()                        = 1094928
1094930 tgkill(1094928, 1094928, SIGURG) = 0
1094930 futex(0x6040d5c0ae58, FUTEX_WAIT_PRIVATE, 0, {tv_sec=0, tv_nsec=100000} <unfinished ...>
1094928 <... sched_yield resumed>)      = 0
1094930 <... futex resumed>)            = -1 ETIMEDOUT (Connection timed out)
1094930 futex(0x6040d5c0ae58, FUTEX_WAIT_PRIVATE, 0, {tv_sec=0, tv_nsec=100000} <unfinished ...>
1094928 --- SIGURG {si_signo=SIGURG, si_code=SI_TKILL, si_pid=1094928, si_uid=0} ---
1094930 <... futex resumed>)            = -1 ETIMEDOUT (Connection timed out)
1094930 futex(0x6040d5c0ae58, FUTEX_WAIT_PRIVATE, 0, {tv_sec=0, tv_nsec=100000} <unfinished ...>
1094928 rt_sigreturn({mask=[]} <unfinished ...>
1094930 <... futex resumed>)            = -1 ETIMEDOUT (Connection timed out)
1094930 futex(0x6040d5c0ae58, FUTEX_WAIT_PRIVATE, 0, {tv_sec=0, tv_nsec=100000} <unfinished ...>
1094928 <... rt_sigreturn resumed>)     = 0
1094930 <... futex resumed>)            = -1 ETIMEDOUT (Connection timed out)
1094930 futex(0x6040d5c0ae58, FUTEX_WAIT_PRIVATE, 0, {tv_sec=0, tv_nsec=100000} <unfinished ...>
1094928 futex(0x33aff2f6b960, FUTEX_WAKE_PRIVATE, 1 <unfinished ...>
1094929 <... nanosleep resumed>NULL)    = 0
1094929 epoll_pwait(5, [], 128, 0, NULL, 0) = 0
1094930 <... futex resumed>)            = -1 ETIMEDOUT (Connection timed out)
1094929 nanosleep({tv_sec=0, tv_nsec=10000000},  <unfinished ...>
1094930 futex(0x6040d5c0ae58, FUTEX_WAIT_PRIVATE, 0, {tv_sec=0, tv_nsec=100000} <unfinished ...>
1094928 <... futex resumed>)            = 1
1094933 <... futex resumed>)            = 0
1094933 futex(0x6040d5c0ae58, FUTEX_WAKE_PRIVATE, 1) = 1
1094928 futex(0x6040d5c037d8, FUTEX_WAIT_PRIVATE, 0, NULL <unfinished ...>
1094933 futex(0x6040d5c037d8, FUTEX_WAKE_PRIVATE, 1 <unfinished ...>
1094930 <... futex resumed>)            = 0
1094930 futex(0x6040d5c0ae58, FUTEX_WAIT_PRIVATE, 0, {tv_sec=0, tv_nsec=100000} <unfinished ...>
1094933 <... futex resumed>)            = 0
1094933 futex(0x33aff2f6b960, FUTEX_WAIT_PRIVATE, 0, NULL <unfinished ...>
1094930 <... futex resumed>)            = -1 ETIMEDOUT (Connection timed out)
1094930 futex(0x6040d5c0ae58, FUTEX_WAIT_PRIVATE, 0, {tv_sec=0, tv_nsec=100000} <unfinished ...>
1094928 <... futex resumed>)            = -1 EAGAIN (Resource temporarily unavailable)
1094930 <... futex resumed>)            = -1 ETIMEDOUT (Connection timed out)
1094928 futex(0x33aff2f6b960, FUTEX_WAKE_PRIVATE, 1 <unfinished ...>
1094930 getpid( <unfinished ...>
1094928 <... futex resumed>)            = 1
1094933 <... futex resumed>)            = 0
1094930 <... getpid resumed>)           = 1094928
1094928 futex(0x6040d5c037d8, FUTEX_WAIT_PRIVATE, 0, NULL <unfinished ...>
1094933 futex(0x6040d5c0ae58, FUTEX_WAKE_PRIVATE, 1) = 0
1094930 tgkill(1094928, 1094928, SIGURG <unfinished ...>
1094933 futex(0x6040d5c037d8, FUTEX_WAKE_PRIVATE, 1 <unfinished ...>
1094928 <... futex resumed>)            = ? ERESTARTSYS (To be restarted if SA_RESTART is set)
1094930 <... tgkill resumed>)           = 0
1094928 --- SIGURG {si_signo=SIGURG, si_code=SI_TKILL, si_pid=1094928, si_uid=0} ---
1094928 rt_sigreturn({mask=[]} <unfinished ...>
1094933 <... futex resumed>)            = 0
1094930 futex(0x6040d5c0ae58, FUTEX_WAIT_PRIVATE, 0, {tv_sec=0, tv_nsec=100000} <unfinished ...>
1094928 <... rt_sigreturn resumed>)     = 202
1094933 futex(0x33aff2f6b960, FUTEX_WAIT_PRIVATE, 0, NULL <unfinished ...>
1094928 futex(0x6040d5c037d8, FUTEX_WAIT_PRIVATE, 0, NULL) = -1 EAGAIN (Resource temporarily unavailable)
1094930 <... futex resumed>)            = -1 ETIMEDOUT (Connection timed out)
1094928 futex(0x33aff2f6b960, FUTEX_WAKE_PRIVATE, 1 <unfinished ...>
1094930 getpid()                        = 1094928
1094930 tgkill(1094928, 1094928, SIGURG) = 0
1094930 futex(0x6040d5c0ae58, FUTEX_WAIT_PRIVATE, 0, {tv_sec=0, tv_nsec=100000} <unfinished ...>
1094928 <... futex resumed>)            = 1
1094933 <... futex resumed>)            = 0
1094928 --- SIGURG {si_signo=SIGURG, si_code=SI_TKILL, si_pid=1094928, si_uid=0} ---
1094928 rt_sigreturn({mask=[]} <unfinished ...>
1094933 futex(0x6040d5c0ae58, FUTEX_WAKE_PRIVATE, 1 <unfinished ...>
1094930 <... futex resumed>)            = -1 ETIMEDOUT (Connection timed out)
1094928 <... rt_sigreturn resumed>)     = 1
1094933 <... futex resumed>)            = 0
1094930 sched_yield( <unfinished ...>
1094933 futex(0x6040d5c037d8, FUTEX_WAKE_PRIVATE, 1) = 0
1094933 futex(0x33aff2f6b960, FUTEX_WAIT_PRIVATE, 0, NULL <unfinished ...>
1094930 <... sched_yield resumed>)      = 0
1094930 futex(0x6040d5c0ae30, FUTEX_WAIT_PRIVATE, 0, {tv_sec=0, tv_nsec=100000}) = -1 ETIMEDOUT (Connection timed out)
1094928 futex(0x33aff2f6b960, FUTEX_WAKE_PRIVATE, 1 <unfinished ...>
1094930 getpid( <unfinished ...>
1094928 <... futex resumed>)            = 1
1094933 <... futex resumed>)            = 0
1094928 futex(0x6040d5c037d8, FUTEX_WAIT_PRIVATE, 0, NULL <unfinished ...>
1094933 futex(0x6040d5c0ae30, FUTEX_WAKE_PRIVATE, 1) = 0
1094933 futex(0x33aff2f6b960, FUTEX_WAIT_PRIVATE, 0, NULL <unfinished ...>
1094930 <... getpid resumed>)           = 1094928
1094930 tgkill(1094928, 1094928, SIGURG <unfinished ...>
1094928 <... futex resumed>)            = ? ERESTARTSYS (To be restarted if SA_RESTART is set)
1094930 <... tgkill resumed>)           = 0
1094928 --- SIGURG {si_signo=SIGURG, si_code=SI_TKILL, si_pid=1094928, si_uid=0} ---
1094928 rt_sigreturn({mask=[]})         = 202
1094928 futex(0x6040d5c037d8, FUTEX_WAIT_PRIVATE, 0, NULL <unfinished ...>
1094930 epoll_pwait(5, [], 128, 0, NULL, 0) = 0
1094930 futex(0x33aff2f6b960, FUTEX_WAKE_PRIVATE, 1) = 1
1094933 <... futex resumed>)            = 0
1094933 futex(0x6040d5c037d8, FUTEX_WAKE_PRIVATE, 1 <unfinished ...>
1094928 <... futex resumed>)            = 0
1094933 <... futex resumed>)            = 1
1094933 futex(0x33aff2f6b960, FUTEX_WAIT_PRIVATE, 0, NULL <unfinished ...>
1094928 sched_yield( <unfinished ...>
1094930 getpid()                        = 1094928
1094930 tgkill(1094928, 1094928, SIGURG) = 0
1094930 futex(0x6040d5c0ae58, FUTEX_WAIT_PRIVATE, 0, {tv_sec=0, tv_nsec=100000} <unfinished ...>
1094928 <... sched_yield resumed>)      = 0
1094930 <... futex resumed>)            = -1 ETIMEDOUT (Connection timed out)
1094930 futex(0x6040d5c0ae58, FUTEX_WAIT_PRIVATE, 0, {tv_sec=0, tv_nsec=100000} <unfinished ...>
1094928 --- SIGURG {si_signo=SIGURG, si_code=SI_TKILL, si_pid=1094928, si_uid=0} ---
1094928 rt_sigreturn({mask=[]} <unfinished ...>
1094930 <... futex resumed>)            = -1 ETIMEDOUT (Connection timed out)
1094928 <... rt_sigreturn resumed>)     = 0
1094928 futex(0x33aff2f6b960, FUTEX_WAKE_PRIVATE, 1 <unfinished ...>
1094930 futex(0x6040d5c0ae58, FUTEX_WAIT_PRIVATE, 0, {tv_sec=0, tv_nsec=100000} <unfinished ...>
1094928 <... futex resumed>)            = 1
1094933 <... futex resumed>)            = 0
1094928 futex(0x6040d5c037d8, FUTEX_WAIT_PRIVATE, 0, NULL <unfinished ...>
1094933 futex(0x6040d5c0ae58, FUTEX_WAKE_PRIVATE, 1) = 1
1094930 <... futex resumed>)            = 0
1094933 futex(0x6040d5c037d8, FUTEX_WAKE_PRIVATE, 1 <unfinished ...>
1094930 mmap(NULL, 262144, PROT_READ|PROT_WRITE, MAP_PRIVATE|MAP_ANONYMOUS, -1, 0 <unfinished ...>
1094933 <... futex resumed>)            = 1
1094928 <... futex resumed>)            = 0
1094933 futex(0x33aff2f6b960, FUTEX_WAIT_PRIVATE, 0, NULL <unfinished ...>
1094930 <... mmap resumed>)             = 0x7c42f465b000
1094930 prctl(PR_SET_VMA, PR_SET_VMA_ANON_NAME, 0x7c42f465b000, 262144, " Go: immortal metadata") = 0
1094930 futex(0x33aff2f39160, FUTEX_WAIT_PRIVATE, 0, NULL <unfinished ...>
1094929 <... nanosleep resumed>NULL)    = 0
1094929 epoll_pwait(5, [], 128, 0, NULL, 0) = 0
1094929 futex(0x33aff2f39160, FUTEX_WAKE_PRIVATE, 1) = 1
1094930 <... futex resumed>)            = 0
1094929 nanosleep({tv_sec=0, tv_nsec=10000000},  <unfinished ...>
1094930 futex(0x33aff2f39160, FUTEX_WAIT_PRIVATE, 0, NULL <unfinished ...>
1094928 mmap(NULL, 262144, PROT_READ|PROT_WRITE, MAP_PRIVATE|MAP_ANONYMOUS, -1, 0) = 0x7c42f461b000
1094928 prctl(PR_SET_VMA, PR_SET_VMA_ANON_NAME, 0x7c42f461b000, 262144, " Go: immortal metadata") = 0
1094928 mmap(0x33aff4000000, 67108864, PROT_NONE, MAP_PRIVATE|MAP_ANONYMOUS, -1, 0 <unfinished ...>
1094929 <... nanosleep resumed>NULL)    = 0
1094929 epoll_pwait(5, [], 128, 0, NULL, 0) = 0
1094929 getpid()                        = 1094928
1094929 tgkill(1094928, 1094928, SIGURG) = 0
1094929 nanosleep({tv_sec=0, tv_nsec=10000000},  <unfinished ...>
1094928 <... mmap resumed>)             = 0x33aff4000000
1094928 --- SIGURG {si_signo=SIGURG, si_code=SI_TKILL, si_pid=1094928, si_uid=0} ---
1094928 rt_sigreturn({mask=[]})         = 56830805934080
1094928 prctl(PR_SET_VMA, PR_SET_VMA_ANON_NAME, 0x33aff4000000, 67108864, " Go: heap reservation") = 0
1094928 mmap(NULL, 69648, PROT_READ|PROT_WRITE, MAP_PRIVATE|MAP_ANONYMOUS, -1, 0) = 0x7c42f4609000
1094928 prctl(PR_SET_VMA, PR_SET_VMA_ANON_NAME, 0x7c42f4609000, 69648, " Go: immortal metadata") = 0
1094928 mmap(0x33aff4000000, 4194304, PROT_READ|PROT_WRITE, MAP_PRIVATE|MAP_FIXED|MAP_ANONYMOUS, -1, 0) = 0x33aff4000000
1094928 prctl(PR_SET_VMA, PR_SET_VMA_ANON_NAME, 0x33aff4000000, 4194304, " Go: heap") = 0
1094928 futex(0x33aff2f39160, FUTEX_WAKE_PRIVATE, 1) = 1
1094930 <... futex resumed>)            = 0
1094930 futex(0x6040d5c037d8, FUTEX_WAKE_PRIVATE, 1) = 0
1094930 futex(0x33aff2f39160, FUTEX_WAIT_PRIVATE, 0, NULL <unfinished ...>
1094928 futex(0x33aff2f39160, FUTEX_WAKE_PRIVATE, 1) = 1
1094930 <... futex resumed>)            = 0
1094930 futex(0x33aff2f39160, FUTEX_WAIT_PRIVATE, 0, NULL <unfinished ...>
1094929 <... nanosleep resumed>NULL)    = 0
1094929 epoll_pwait(5, [], 128, 0, NULL, 0) = 0
1094929 nanosleep({tv_sec=0, tv_nsec=10000000},  <unfinished ...>
1094928 futex(0x33aff2f39160, FUTEX_WAKE_PRIVATE, 1) = 1
1094930 <... futex resumed>)            = 0
1094930 nanosleep({tv_sec=0, tv_nsec=3000}, NULL) = 0
1094930 futex(0x33aff2f39160, FUTEX_WAIT_PRIVATE, 0, NULL <unfinished ...>
1094928 getpid()                        = 1094928
1094928 uname({sysname="Linux", nodename="botero-trade-engine-00", ...}) = 0
1094928 getuid()                        = 0
1094928 socket(AF_UNIX, SOCK_STREAM|SOCK_CLOEXEC|SOCK_NONBLOCK, 0 <unfinished ...>
1094929 <... nanosleep resumed>NULL)    = 0
1094928 <... socket resumed>)           = 8
1094928 connect(8, {sa_family=AF_UNIX, sun_path="/var/run/nscd/socket"}, 110 <unfinished ...>
1094929 epoll_pwait(5, [], 128, 0, NULL, 0) = 0
1094928 <... connect resumed>)          = -1 ENOENT (No such file or directory)
1094929 futex(0x33aff2f39160, FUTEX_WAKE_PRIVATE, 1 <unfinished ...>
1094928 close(8 <unfinished ...>
1094930 <... futex resumed>)            = 0
1094929 <... futex resumed>)            = 1
1094928 <... close resumed>)            = 0
1094930 futex(0x33aff2f39160, FUTEX_WAIT_PRIVATE, 0, NULL <unfinished ...>
1094929 nanosleep({tv_sec=0, tv_nsec=20000},  <unfinished ...>
1094928 socket(AF_UNIX, SOCK_STREAM|SOCK_CLOEXEC|SOCK_NONBLOCK, 0) = 8
1094928 connect(8, {sa_family=AF_UNIX, sun_path="/var/run/nscd/socket"}, 110 <unfinished ...>
1094929 <... nanosleep resumed>NULL)    = 0
1094928 <... connect resumed>)          = -1 ENOENT (No such file or directory)
1094929 futex(0x6040d5c0ae40, FUTEX_WAIT_PRIVATE, 0, {tv_sec=60, tv_nsec=0} <unfinished ...>
1094928 close(8)                        = 0
1094928 newfstatat(AT_FDCWD, "/etc/nsswitch.conf", {st_mode=S_IFREG|0644, st_size=526, ...}, 0) = 0
1094928 newfstatat(AT_FDCWD, "/", {st_mode=S_IFDIR|0755, st_size=4096, ...}, 0) = 0
1094928 openat(AT_FDCWD, "/etc/nsswitch.conf", O_RDONLY|O_CLOEXEC) = 8
1094928 fstat(8, {st_mode=S_IFREG|0644, st_size=526, ...}) = 0
1094928 read(8, "# /etc/nsswitch.conf\n#\n# Example configuration of GNU Name Service Switch functionality.\n# If you have the `glibc-doc-reference' and `info' packages installed, try:\n# `info libc \"Name Service Switch\"' for information about this file.\n\npasswd:         files systemd\ngroup:          files systemd\nshadow:         files systemd\ngshadow:        files systemd\n\nhosts:          files dns\nnetworks:       files\n\nprotocols:      db files\nservices:       db files\nethers:         db files\nrpc:            db files\n\nnetgroup:       nis\n", 4096) = 526
1094928 read(8, "", 4096)               = 0
1094928 fstat(8, {st_mode=S_IFREG|0644, st_size=526, ...}) = 0
1094928 close(8)                        = 0
1094928 openat(AT_FDCWD, "/etc/passwd", O_RDONLY|O_CLOEXEC) = 8
1094928 fstat(8, {st_mode=S_IFREG|0644, st_size=1727, ...}) = 0
1094928 lseek(8, 0, SEEK_SET)           = 0
1094928 read(8, "root:x:0:0:root:/root:/bin/bash\ndaemon:x:1:1:daemon:/usr/sbin:/usr/sbin/nologin\nbin:x:2:2:bin:/bin:/usr/sbin/nologin\nsys:x:3:3:sys:/dev:/usr/sbin/nologin\nsync:x:4:65534:sync:/bin:/bin/sync\ngames:x:5:60:games:/usr/games:/usr/sbin/nologin\nman:x:6:12:man:/var/cache/man:/usr/sbin/nologin\nlp:x:7:7:lp:/var/spool/lpd:/usr/sbin/nologin\nmail:x:8:8:mail:/var/mail:/usr/sbin/nologin\nnews:x:9:9:news:/var/spool/news:/usr/sbin/nologin\nuucp:x:10:10:uucp:/var/spool/uucp:/usr/sbin/nologin\nproxy:x:13:13:proxy:/bin:/usr/sbin/nologin\nwww-data:x:33:33:www-data:/var/www:/usr/sbin/nologin\nbackup:x:34:34:backup:/var/backups:/usr/sbin/nologin\nlist:x:38:38:Mailing List Manager:/var/list:/usr/sbin/nologin\nirc:x:39:39:ircd:/run/ircd:/usr/sbin/nologin\n_apt:x:42:65534::/nonexistent:/usr/sbin/nologin\nnobody:x:65534:65534:nobody:/nonexistent:/usr/sbin/nologin\nsystemd-network:x:998:998:systemd Network Management:/:/usr/sbin/nologin\nsystemd-timesync:x:996:996:systemd Time Synchronization:/:/usr/sbin/nologin\ndhcpcd:x:100:65534:DHCP Client Daemon,,,:/usr/lib/dhcpcd:/bin/false\nmessagebus:x:101:101::/nonexistent:/usr/sbin/nologin\nsyslog:x:102:102::/nonexistent:/usr/sbin/nologin\nsystemd-resolve:x:991:991:systemd Resolver:/:/usr/sbin/nologin\nuuidd:x:103:103::/run/uuidd:/usr/sbin/nologin\ntss:x:104:104:TPM software stack,,,:/var/lib/tpm:/bin/false\nsshd:x:105:65534::/run/sshd:/usr/sbin/nologin\npollinate:x:106:1::/var/cache/pollinate:/bin/false\ntcpdump:x:107:108::/nonexistent:/usr/sbin/nologin\nlandscape:x:108:109::/var/lib/landscape:/usr/sbin/nologin\nfwupd-refresh:x:990:990:Firmware update daemon:/var/lib/fwupd:/usr/sbin/nologin\npolkitd:x:989:989:User for polkitd:/:/usr/sbin/nologin\ndnsmasq:x:999:65534:dnsmasq:/var/lib/misc:/usr/sbin/nologin\n", 4096) = 1727
1094928 close(8)                        = 0
1094928 futex(0x6040d5c0ae40, FUTEX_WAKE_PRIVATE, 1) = 1
1094929 <... futex resumed>)            = 0
1094928 futex(0x33aff2f39160, FUTEX_WAKE_PRIVATE, 1 <unfinished ...>
1094929 getpid( <unfinished ...>
1094928 <... futex resumed>)            = 1
1094930 <... futex resumed>)            = 0
1094928 futex(0x33aff2f6b960, FUTEX_WAKE_PRIVATE, 1 <unfinished ...>
1094930 futex(0x6040d5c037d8, FUTEX_WAKE_PRIVATE, 1 <unfinished ...>
1094928 <... futex resumed>)            = 1
1094933 <... futex resumed>)            = 0
1094929 <... getpid resumed>)           = 1094928
1094930 <... futex resumed>)            = 0
1094933 epoll_pwait(5,  <unfinished ...>
1094929 tgkill(1094928, 1094928, SIGURG) = 0
1094928 --- SIGURG {si_signo=SIGURG, si_code=SI_TKILL, si_pid=1094928, si_uid=0} ---
1094930 futex(0x33aff2f39160, FUTEX_WAIT_PRIVATE, 0, NULL <unfinished ...>
1094929 nanosleep({tv_sec=0, tv_nsec=20000},  <unfinished ...>
1094928 rt_sigreturn({mask=[]})         = 105831484843088
1094929 <... nanosleep resumed>NULL)    = 0
1094929 nanosleep({tv_sec=0, tv_nsec=20000}, NULL) = 0
1094929 nanosleep({tv_sec=0, tv_nsec=20000}, NULL) = 0
1094929 nanosleep({tv_sec=0, tv_nsec=20000}, NULL) = 0
1094929 nanosleep({tv_sec=0, tv_nsec=20000}, NULL) = 0
1094929 nanosleep({tv_sec=0, tv_nsec=20000}, NULL) = 0
1094929 nanosleep({tv_sec=0, tv_nsec=20000}, NULL) = 0
1094929 nanosleep({tv_sec=0, tv_nsec=20000}, NULL) = 0
1094929 nanosleep({tv_sec=0, tv_nsec=20000}, NULL) = 0
1094929 nanosleep({tv_sec=0, tv_nsec=20000}, NULL) = 0
1094929 nanosleep({tv_sec=0, tv_nsec=20000}, NULL) = 0
1094929 nanosleep({tv_sec=0, tv_nsec=20000}, NULL) = 0
1094929 nanosleep({tv_sec=0, tv_nsec=20000}, NULL) = 0
1094929 nanosleep({tv_sec=0, tv_nsec=20000},  <unfinished ...>
1094928 mmap(0x33aff4400000, 4194304, PROT_READ|PROT_WRITE, MAP_PRIVATE|MAP_FIXED|MAP_ANONYMOUS, -1, 0 <unfinished ...>
1094929 <... nanosleep resumed>NULL)    = 0
1094929 nanosleep({tv_sec=0, tv_nsec=20000},  <unfinished ...>
1094928 <... mmap resumed>)             = 0x33aff4400000
1094928 prctl(PR_SET_VMA, PR_SET_VMA_ANON_NAME, 0x33aff4400000, 4194304, " Go: heap") = 0
1094929 <... nanosleep resumed>NULL)    = 0
1094929 nanosleep({tv_sec=0, tv_nsec=20000}, NULL) = 0
1094929 nanosleep({tv_sec=0, tv_nsec=20000}, NULL) = 0
1094929 nanosleep({tv_sec=0, tv_nsec=20000}, NULL) = 0
1094929 nanosleep({tv_sec=0, tv_nsec=20000}, NULL) = 0
1094929 nanosleep({tv_sec=0, tv_nsec=20000}, NULL) = 0
1094929 nanosleep({tv_sec=0, tv_nsec=20000}, NULL) = 0
1094929 nanosleep({tv_sec=0, tv_nsec=20000}, NULL) = 0
1094929 nanosleep({tv_sec=0, tv_nsec=20000}, NULL) = 0
1094929 nanosleep({tv_sec=0, tv_nsec=20000}, NULL) = 0
1094929 nanosleep({tv_sec=0, tv_nsec=20000}, NULL) = 0
1094929 nanosleep({tv_sec=0, tv_nsec=20000}, NULL) = 0
1094929 nanosleep({tv_sec=0, tv_nsec=20000}, NULL) = 0
1094929 nanosleep({tv_sec=0, tv_nsec=20000}, NULL) = 0
1094929 nanosleep({tv_sec=0, tv_nsec=20000}, NULL) = 0
1094929 nanosleep({tv_sec=0, tv_nsec=20000}, NULL) = 0
1094929 nanosleep({tv_sec=0, tv_nsec=20000}, NULL) = 0
1094929 nanosleep({tv_sec=0, tv_nsec=20000}, NULL) = 0
1094929 nanosleep({tv_sec=0, tv_nsec=20000}, NULL) = 0
1094929 nanosleep({tv_sec=0, tv_nsec=20000}, NULL) = 0
1094929 nanosleep({tv_sec=0, tv_nsec=20000}, NULL) = 0
1094929 nanosleep({tv_sec=0, tv_nsec=20000}, NULL) = 0
1094929 nanosleep({tv_sec=0, tv_nsec=20000}, NULL) = 0
1094929 nanosleep({tv_sec=0, tv_nsec=20000}, NULL) = 0
1094928 futex(0x33aff2f39160, FUTEX_WAKE_PRIVATE, 1 <unfinished ...>
1094929 getpid( <unfinished ...>
1094928 <... futex resumed>)            = 1
1094930 <... futex resumed>)            = 0
1094928 futex(0x33aff2f39960, FUTEX_WAKE_PRIVATE, 1 <unfinished ...>
1094930 futex(0x6040d5c037d8, FUTEX_WAKE_PRIVATE, 1 <unfinished ...>
1094929 <... getpid resumed>)           = 1094928
1094928 <... futex resumed>)            = 1
1094930 <... futex resumed>)            = 0
1094931 <... futex resumed>)            = 0
1094929 tgkill(1094928, 1094928, SIGURG <unfinished ...>
1094928 --- SIGURG {si_signo=SIGURG, si_code=SI_TKILL, si_pid=1094928, si_uid=0} ---
1094931 futex(0x33aff2f39960, FUTEX_WAIT_PRIVATE, 0, NULL <unfinished ...>
1094930 futex(0x33aff2f39160, FUTEX_WAIT_PRIVATE, 0, NULL <unfinished ...>
1094929 <... tgkill resumed>)           = 0
1094928 rt_sigreturn({mask=[]})         = 105831556276608
1094929 nanosleep({tv_sec=0, tv_nsec=20000}, NULL) = 0
1094929 nanosleep({tv_sec=0, tv_nsec=20000}, NULL) = 0
1094929 nanosleep({tv_sec=0, tv_nsec=20000}, NULL) = 0
1094929 nanosleep({tv_sec=0, tv_nsec=20000}, NULL) = 0
1094929 nanosleep({tv_sec=0, tv_nsec=20000}, NULL) = 0
1094929 nanosleep({tv_sec=0, tv_nsec=20000}, NULL) = 0
1094929 nanosleep({tv_sec=0, tv_nsec=20000}, NULL) = 0
1094929 nanosleep({tv_sec=0, tv_nsec=20000}, NULL) = 0
1094929 nanosleep({tv_sec=0, tv_nsec=20000}, NULL) = 0
1094929 nanosleep({tv_sec=0, tv_nsec=20000}, NULL) = 0
1094929 nanosleep({tv_sec=0, tv_nsec=20000}, NULL) = 0
1094929 nanosleep({tv_sec=0, tv_nsec=20000}, NULL) = 0
1094929 nanosleep({tv_sec=0, tv_nsec=40000}, NULL) = 0
1094929 nanosleep({tv_sec=0, tv_nsec=80000}, NULL) = 0
1094929 nanosleep({tv_sec=0, tv_nsec=160000}, NULL) = 0
1094929 nanosleep({tv_sec=0, tv_nsec=320000},  <unfinished ...>
1094928 getpid()                        = 1094928
1094928 rt_sigaction(SIGPWR, NULL,  <unfinished ...>
1094929 <... nanosleep resumed>NULL)    = 0
1094928 <... rt_sigaction resumed>{sa_handler=0x6040d1560260, sa_mask=~[KILL STOP RTMIN RT_1], sa_flags=SA_RESTORER|SA_ONSTACK|SA_RESTART|SA_SIGINFO, sa_restorer=0x7c433dc45330}, 8) = 0
1094928 rt_sigaction(SIGPWR, {sa_handler=SIG_DFL, sa_mask=[], sa_flags=SA_RESTORER, sa_restorer=0x7c433dc45330},  <unfinished ...>
1094929 nanosleep({tv_sec=0, tv_nsec=640000},  <unfinished ...>
1094928 <... rt_sigaction resumed>NULL, 8) = 0
1094928 openat(AT_FDCWD, "/proc/self/maps", O_RDONLY|O_CLOEXEC) = 8
1094928 fcntl(8, F_GETFL)               = 0x8000 (flags O_RDONLY|O_LARGEFILE)
1094928 fcntl(8, F_SETFL, O_RDONLY|O_NONBLOCK|O_LARGEFILE) = 0
1094928 epoll_ctl(5, EPOLL_CTL_ADD, 8, {events=EPOLLIN|EPOLLOUT|EPOLLRDHUP|EPOLLET, data={u32=134217731, u64=4476994194891603971}}) = -1 EPERM (Operation not permitted)
1094928 fcntl(8, F_GETFL <unfinished ...>
1094929 <... nanosleep resumed>NULL)    = 0
1094928 <... fcntl resumed>)            = 0x8800 (flags O_RDONLY|O_NONBLOCK|O_LARGEFILE)
1094929 nanosleep({tv_sec=0, tv_nsec=1280000},  <unfinished ...>
1094928 fcntl(8, F_SETFL, O_RDONLY|O_LARGEFILE) = 0
1094928 lseek(8, 0, SEEK_SET)           = 0
1094928 read(8, "2df5c0000000-2df5ffc00000 ---p 00000000 00:00 0                          [anon:tcmalloc_region_METADATA]\n2df5ffc00000-2df600000000 rw-p 00000000 00:00 0                          [anon:tcmalloc_region_METADATA]\n33aff0000000-33aff2c00000 ---p 00000000 00:00 0                          [anon: Go: heap reservation]\n33aff2c00000-33aff4800000 rw-p 00000000 00:00 0                          [anon: Go: heap]\n33aff4800000-33aff8000000 ---p 00000000 00:00 0                          [anon: Go: heap reservation]\n437bc000", 512) = 512
1094928 read(8, "0000-437bffe00000 ---p 00000000 00:00 0                          [anon:tcmalloc_region_SAMPLED]\n437bffe00000-437c00000000 rw-p 00000000 00:00 0                          [anon:tcmalloc_region_SAMPLED]\n53a6c0000000-53a6ffc00000 ---p 00000000 00:00 0                          [anon:tcmalloc_region_NORMAL]\n53a6ffc00000-53a700000000 rw-p 00000000 00:00 0                          [anon:tcmalloc_region_NORMAL]\n6040cd600000-6040d3bc1000 r-xp 00000000 fd:01 3971728                    /root/.antigravity-ide-server/bin", 512) = 512
1094928 read(8, "/2.0.1-bf9a033f33934fb4496d7eebed52486272437c3a/extensions/antigravity/bin/language_server_linux_x64\n6040d3e00000-6040d4fc9000 r--p 06600000 fd:01 3971728                    /root/.antigravity-ide-server/bin/2.0.1-bf9a033f33934fb4496d7eebed52486272437c3a/extensions/antigravity/bin/language_server_linux_x64\n6040d5200000-6040d52cc000 rw-p 07800000 fd:01 3971728                    /root/.antigravity-ide-server/bin/2.0.1-bf9a033f33934fb4496d7eebed52486272437c3a/extensions/antigravity/bin/language_server_linux_x64\n6040d52cc000-6040d5400000 rw-p 00000000 00:00 0 \n6040d5400000-6040d5a00000 rw-p 00000000 00:00 0 \n6040d5a00000-6040d5c40000 rw-p 00000000 00:00 0 \n6040d5e3f000-6040d5efd000 r--p 07a3f000 fd:01 3971728                    /root/.antigravity-ide-server/bin/2.0.1-bf9a033f33934fb4496d7eebed52486272437c3a/extensions/antigravity/bin/language_server_linux_x64\n6040d60fc000-6040d828d000 rw-p 07afc000 fd:01 3971728                    /root/.antigravity-ide-server/bin/2.0.1-bf9a033f33934fb4496d7eebed52486272437c3a/e", 1024) = 1024
1094928 read(8, "xtensions/antigravity/bin/language_server_linux_x64\n6040d828d000-6040da2b1000 rw-p 00000000 00:00 0 \n6040da4b0000-6040da4b4000 rw-p 09cb0000 fd:01 3971728                    /root/.antigravity-ide-server/bin/2.0.1-bf9a033f33934fb4496d7eebed52486272437c3a/extensions/antigravity/bin/language_server_linux_x64\n6040da4b4000-6040da507000 rw-p 00000000 00:00 0 \n6040da507000-6040da50c000 rw-p 09cb5000 fd:01 3971728                    /root/.antigravity-ide-server/bin/2.0.1-bf9a033f33934fb4496d7eebed52486272437c3a/extensions/antigravity/bin/language_server_linux_x64\n637cdf000000-637cdf202000 ---p 00000000 00:00 0                          [anon:tcmalloc_region_SAMPLED]\n7c42f4609000-7c42f471b000 rw-p 00000000 00:00 0                          [anon: Go: immortal metadata]\n7c42f471b000-7c42f472b000 rw-p 00000000 00:00 0                          [anon: Go: gc bits]\n7c42f472b000-7c42f47eb000 rw-p 00000000 00:00 0                          [anon: Go: immortal metadata]\n7c42f47eb000-7c42f47ec000 ---p 00000000 00:00 0 \n7c42f47ec000-7c42f4fec000 rw-p 00000000 00:00 0 \n7c42f4fec000-7c42f4ffc000 rw-p 00000000 00:00 0                          [anon: Go: gc bits]\n7c42f4ffc000-7c42f503c000 rw-p 00000000 00:00 0                          [anon: Go: immortal metadata]\n7c42f503c000-7c42f503d000 ---p 00000000 00:00 0 \n7c42f503d000-7c42f583d000 rw-p 00000000 00:00 0 \n7c42f583d000-7c42f599d000 rw-p 00000000 00:00 0                          [anon: Go: profiler hash buckets]\n7c42f599d000-7c42f599e000 ---p 00000000 00:00 0 \n7c42f599e000-7c42f619e000 rw-p 00000000 00:00 0 \n7c42f619e000-7c42f619f000 ---p 00000000 00:00 0 \n7c42f619f000-7c42f699f000 rw-p 00000000 00:00 0 \n7c42f699f000-7c42f69a0000 ---p 00000000 00:00 0 \n7c42f69a0000-7c42f71a0000 rw-p 00000000 00:00 0 \n7c42f71a0000-7c42f71e0000 rw-p 00000000 00:00 0                          [anon: Go: immortal metadata]\n7c42f71e0000-7c42f71f0000 rw-p 00000000 00:00 0                          [anon: Go: gc bits]\n7c42f71f0000-7c42f7200000 rw-p 00000000 00:0"..., 2048) = 2048
1094928 read(8, " array]\n7c42f7200000-7c42f9200000 rw-p 00000000 00:00 0                          [anon: Go: heap index]\n7c42f9200000-7c430f95f000 ---p 00000000 00:00 0                          [anon: Go: scavenge index]\n7c430f95f000-7c430f960000 rw-p 00000000 00:00 0                          [anon: Go: scavenge index]\n7c430f960000-7c4319200000 ---p 00000000 00:00 0                          [anon: Go: scavenge index]\n7c4319200000-7c432f95f000 ---p 00000000 00:00 0                          [anon: Go: page summary]\n7c432f95f000-7c432f960000 rw-p 00000000 00:00 0                          [anon: Go: page alloc]\n7c432f960000-7c433beeb000 ---p 00000000 00:00 0                          [anon: Go: page summary]\n7c433beeb000-7c433beec000 rw-p 00000000 00:00 0                          [anon: Go: page alloc]\n7c433beec000-7c433d79d000 ---p 00000000 00:00 0                          [anon: Go: page summary]\n7c433d79d000-7c433d79e000 rw-p 00000000 00:00 0                          [anon: Go: page alloc]\n7c433d79e000-7c433da00000 ---p 00000000 00:00 0                          [anon: Go: page summary]\n7c433da00000-7c433db00000 rw-p 00000000 00:00 0                          [anon: Go: page alloc index]\n7c433db00000-7c433dbb3000 ---p 00000000 00:00 0                          [anon: Go: page summary]\n7c433dbb3000-7c433dbb4000 rw-p 00000000 00:00 0                          [anon: Go: page alloc]\n7c433dbb4000-7c433dc00000 ---p 00000000 00:00 0                          [anon: Go: page summary]\n7c433dc00000-7c433dc28000 r--p 00000000 fd:01 4038                       /usr/lib/x86_64-linux-gnu/libc.so.6\n7c433dc28000-7c433ddb0000 r-xp 00028000 fd:01 4038                       /usr/lib/x86_64-linux-gnu/libc.so.6\n7c433ddb0000-7c433ddff000 r--p 001b0000 fd:01 4038                       /usr/lib/x86_64-linux-gnu/libc.so.6\n7c433ddff000-7c433de03000 r--p 001fe000 fd:01 4038                       /usr/lib/x86_64-linux-gnu/libc.so.6\n7c433de03000-7c433de05000 rw-p 00202000 fd:01 4038                       /usr/lib/x86_"..., 4096) = 4044
1094928 read(8,  <unfinished ...>
1094929 <... nanosleep resumed>NULL)    = 0
1094929 nanosleep({tv_sec=0, tv_nsec=2560000},  <unfinished ...>
1094928 <... read resumed>"7c433dfae000-7c433dfaf000 rw-p 000e8000 fd:01 4041                       /usr/lib/x86_64-linux-gnu/libm.so.6\n7c433dfaf000-7c433dfb0000 r--p 00000000 fd:01 4050                       /usr/lib/x86_64-linux-gnu/libpthread.so.0\n7c433dfb0000-7c433dfb1000 r-xp 00001000 fd:01 4050                       /usr/lib/x86_64-linux-gnu/libpthread.so.0\n7c433dfb1000-7c433dfb2000 r--p 00002000 fd:01 4050                       /usr/lib/x86_64-linux-gnu/libpthread.so.0\n7c433dfb2000-7c433dfb3000 r--p 00002000 fd:01 4050                       /usr/lib/x86_64-linux-gnu/libpthread.so.0\n7c433dfb3000-7c433dfb4000 rw-p 00003000 fd:01 4050                       /usr/lib/x86_64-linux-gnu/libpthread.so.0\n7c433dfb4000-7c433dfb7000 r--p 00000000 fd:01 4051                       /usr/lib/x86_64-linux-gnu/libresolv.so.2\n7c433dfb7000-7c433dfc1000 r-xp 00003000 fd:01 4051                       /usr/lib/x86_64-linux-gnu/libresolv.so.2\n7c433dfc1000-7c433dfc3000 r--p 0000d000 fd:01 4051                       /usr/lib/x86_64-linux-gnu/libresolv.so.2\n7c433dfc3000-7c433dfc4000 r--p 0000f000 fd:01 4051                       /usr/lib/x86_64-linux-gnu/libresolv.so.2\n7c433dfc4000-7c433dfc5000 rw-p 00010000 fd:01 4051                       /usr/lib/x86_64-linux-gnu/libresolv.so.2\n7c433dfc5000-7c433dfc7000 rw-p 00000000 00:00 0 \n7c433dfc7000-7c433dfcb000 rw-p 00000000 00:00 0                          [anon: Go: GC span queue]\n7c433dfcb000-7c433dfcd000 rw-p 00000000 00:00 0                          [anon:percpu_handle_region]\n7c433dfcd000-7c433dfcf000 rw-p 00000000 00:00 0 \n7c433dfcf000-7c433dfd0000 r--p 00000000 fd:01 4035                       /usr/lib/x86_64-linux-gnu/ld-linux-x86-64.so.2\n7c433dfd0000-7c433dffb000 r-xp 00001000 fd:01 4035                       /usr/lib/x86_64-linux-gnu/ld-linux-x86-64.so.2\n7c433dffb000-7c433e005000 r--p 0002c000 fd:01 4035                       /usr/lib/x86_64-linux-gnu/ld-linux-x86-64.so.2\n7c433e005000-7c433e007000 r--p 00036000 fd:01 4035                       /usr/lib/x86_64"..., 8244) = 2477
1094928 read(8, "", 5767)               = 0
1094928 mmap(NULL, 262144, PROT_READ|PROT_WRITE, MAP_PRIVATE|MAP_ANONYMOUS, -1, 0) = 0x7c42f45c9000
1094928 prctl(PR_SET_VMA, PR_SET_VMA_ANON_NAME, 0x7c42f45c9000, 262144, " Go: immortal metadata") = 0
1094928 ioctl(1, TCGETS, {c_iflag=BRKINT|ICRNL|IXON|IXANY|IMAXBEL|IUTF8, c_oflag=NL0|CR0|TAB0|BS0|VT0|FF0|OPOST|ONLCR, c_cflag=B38400|CS8|CREAD|HUPCL, c_lflag=ISIG|ICANON|ECHO|ECHOE|ECHOK|IEXTEN|ECHOCTL|ECHOKE, ...}) = 0
1094929 <... nanosleep resumed>NULL)    = 0
1094929 nanosleep({tv_sec=0, tv_nsec=5120000},  <unfinished ...>
1094928 epoll_pwait(5, [], 128, 0, NULL, 0) = 0
1094928 futex(0x33aff2f39160, FUTEX_WAKE_PRIVATE, 1) = 1
1094930 <... futex resumed>)            = 0
1094928 futex(0x33aff2f39960, FUTEX_WAKE_PRIVATE, 1 <unfinished ...>
1094930 getpid( <unfinished ...>
1094929 <... nanosleep resumed>NULL)    = 0
1094928 <... futex resumed>)            = 1
1094928 futex(0x6040d5c037d8, FUTEX_WAIT_PRIVATE, 0, NULL <unfinished ...>
1094929 nanosleep({tv_sec=0, tv_nsec=10000000},  <unfinished ...>
1094931 <... futex resumed>)            = 0
1094930 <... getpid resumed>)           = 1094928
1094930 tgkill(1094928, 1094928, SIGURG <unfinished ...>
1094928 <... futex resumed>)            = ? ERESTARTSYS (To be restarted if SA_RESTART is set)
1094930 <... tgkill resumed>)           = 0
1094928 --- SIGURG {si_signo=SIGURG, si_code=SI_TKILL, si_pid=1094928, si_uid=0} ---
1094931 nanosleep({tv_sec=0, tv_nsec=3000}, NULL) = 0
1094928 rt_sigreturn({mask=[]} <unfinished ...>
1094930 futex(0x6040d5c037d8, FUTEX_WAKE_PRIVATE, 1 <unfinished ...>
1094928 <... rt_sigreturn resumed>)     = 202
1094930 <... futex resumed>)            = 0
1094928 futex(0x6040d5c037d8, FUTEX_WAIT_PRIVATE, 0, NULL <unfinished ...>
1094930 futex(0x33aff2f39160, FUTEX_WAIT_PRIVATE, 0, NULL <unfinished ...>
1094928 <... futex resumed>)            = -1 EAGAIN (Resource temporarily unavailable)
1094928 mmap(0x33aff4800000, 4194304, PROT_READ|PROT_WRITE, MAP_PRIVATE|MAP_FIXED|MAP_ANONYMOUS, -1, 0) = 0x33aff4800000
1094928 prctl(PR_SET_VMA, PR_SET_VMA_ANON_NAME, 0x33aff4800000, 4194304, " Go: heap") = 0
1094928 sched_yield( <unfinished ...>
1094931 getpid( <unfinished ...>
1094928 <... sched_yield resumed>)      = 0
1094928 futex(0x6040d5c03bb8, FUTEX_WAIT_PRIVATE, 4294967295, NULL <unfinished ...>
1094931 <... getpid resumed>)           = 1094928
1094931 tgkill(1094928, 1094928, SIGURG) = 0
1094928 <... futex resumed>)            = ? ERESTARTSYS (To be restarted if SA_RESTART is set)
1094928 --- SIGURG {si_signo=SIGURG, si_code=SI_TKILL, si_pid=1094928, si_uid=0} ---
1094928 rt_sigreturn({mask=[]})         = 202
1094931 futex(0x6040d5c03bb8, FUTEX_WAKE_PRIVATE, 1 <unfinished ...>
1094928 futex(0x6040d5c03bb8, FUTEX_WAIT_PRIVATE, 4294967295, NULL) = -1 EAGAIN (Resource temporarily unavailable)
1094931 <... futex resumed>)            = 0
1094928 futex(0x33aff2f39160, FUTEX_WAKE_PRIVATE, 1) = 1
1094931 futex(0x6040d5c0ae58, FUTEX_WAIT_PRIVATE, 0, {tv_sec=0, tv_nsec=100000} <unfinished ...>
1094930 <... futex resumed>)            = 0
1094928 futex(0x6040d5c037d8, FUTEX_WAIT_PRIVATE, 0, NULL <unfinished ...>
1094930 futex(0x6040d5c0ae58, FUTEX_WAKE_PRIVATE, 1 <unfinished ...>
1094931 <... futex resumed>)            = 0
1094930 <... futex resumed>)            = 1
1094931 sched_yield()                   = 0
1094930 futex(0x6040d5c037d8, FUTEX_WAKE_PRIVATE, 1 <unfinished ...>
1094928 <... futex resumed>)            = 0
1094930 <... futex resumed>)            = 1
1094930 futex(0x33aff2f39160, FUTEX_WAIT_PRIVATE, 0, NULL <unfinished ...>
1094929 <... nanosleep resumed>NULL)    = 0
1094929 nanosleep({tv_sec=0, tv_nsec=10000000},  <unfinished ...>
1094931 getpid( <unfinished ...>
1094928 sched_yield( <unfinished ...>
1094931 <... getpid resumed>)           = 1094928
1094928 <... sched_yield resumed>)      = 0
1094928 futex(0x6040d5c03bb8, FUTEX_WAIT_PRIVATE, 4294967295, NULL <unfinished ...>
1094931 tgkill(1094928, 1094928, SIGURG) = 0
1094928 <... futex resumed>)            = ? ERESTARTSYS (To be restarted if SA_RESTART is set)
1094928 --- SIGURG {si_signo=SIGURG, si_code=SI_TKILL, si_pid=1094928, si_uid=0} ---
1094928 rt_sigreturn({mask=[]})         = 202
1094931 futex(0x6040d5c03bb8, FUTEX_WAKE_PRIVATE, 1 <unfinished ...>
1094928 futex(0x6040d5c03bb8, FUTEX_WAIT_PRIVATE, 4294967295, NULL) = -1 EAGAIN (Resource temporarily unavailable)
1094928 futex(0x33aff2f39160, FUTEX_WAKE_PRIVATE, 1 <unfinished ...>
1094931 <... futex resumed>)            = 0
1094928 <... futex resumed>)            = 1
1094930 <... futex resumed>)            = 0
1094928 futex(0x6040d5c037d8, FUTEX_WAIT_PRIVATE, 0, NULL <unfinished ...>
1094930 futex(0x6040d5c0ae58, FUTEX_WAKE_PRIVATE, 1 <unfinished ...>
1094931 sched_yield( <unfinished ...>
1094930 <... futex resumed>)            = 0
1094931 <... sched_yield resumed>)      = 0
1094931 futex(0x6040d5c0ae58, FUTEX_WAIT_PRIVATE, 0, {tv_sec=0, tv_nsec=100000} <unfinished ...>
1094930 futex(0x6040d5c037d8, FUTEX_WAKE_PRIVATE, 1 <unfinished ...>
1094928 <... futex resumed>)            = 0
1094930 <... futex resumed>)            = 1
1094931 <... futex resumed>)            = -1 ETIMEDOUT (Connection timed out)
1094931 getpid( <unfinished ...>
1094928 rt_sigprocmask(SIG_SETMASK, ~[RTMIN RT_1],  <unfinished ...>
1094931 <... getpid resumed>)           = 1094928
1094928 <... rt_sigprocmask resumed>[], 8) = 0
1094930 futex(0x33aff2f39160, FUTEX_WAIT_PRIVATE, 0, NULL <unfinished ...>
1094928 mmap(NULL, 8392704, PROT_NONE, MAP_PRIVATE|MAP_ANONYMOUS|MAP_STACK, -1, 0 <unfinished ...>
1094931 tgkill(1094928, 1094928, SIGURG <unfinished ...>
1094928 <... mmap resumed>)             = 0x7c42f3dc8000
1094931 <... tgkill resumed>)           = 0
1094928 mprotect(0x7c42f3dc9000, 8388608, PROT_READ|PROT_WRITE <unfinished ...>
1094931 futex(0x6040d5c0ae58, FUTEX_WAIT_PRIVATE, 0, {tv_sec=0, tv_nsec=100000} <unfinished ...>
1094928 <... mprotect resumed>)         = 0
1094928 rt_sigprocmask(SIG_BLOCK, ~[], ~[KILL STOP RTMIN RT_1], 8) = 0
1094928 clone3({flags=CLONE_VM|CLONE_FS|CLONE_FILES|CLONE_SIGHAND|CLONE_THREAD|CLONE_SYSVSEM|CLONE_SETTLS|CLONE_PARENT_SETTID|CLONE_CHILD_CLEARTID, child_tid=0x7c42f45c8990, parent_tid=0x7c42f45c8990, exit_signal=0, stack=0x7c42f3dc8000, stack_size=0x7ffac0, tls=0x7c42f45c86c0} <unfinished ...>
1094931 <... futex resumed>)            = -1 ETIMEDOUT (Connection timed out)
1094931 futex(0x6040d5c0ae58, FUTEX_WAIT_PRIVATE, 0, {tv_sec=0, tv_nsec=100000} <unfinished ...>
1094928 <... clone3 resumed> => {parent_tid=[1094940]}, 88) = 1094940
1094940 rseq(0x7c42f45c8fe0, 0x20, 0, 0x53053053 <unfinished ...>
1094928 rt_sigprocmask(SIG_SETMASK, ~[KILL STOP RTMIN RT_1],  <unfinished ...>
1094940 <... rseq resumed>)             = 0
1094928 <... rt_sigprocmask resumed>NULL, 8) = 0
1094940 set_robust_list(0x7c42f45c89a0, 24 <unfinished ...>
1094928 rt_sigprocmask(SIG_SETMASK, [],  <unfinished ...>
1094940 <... set_robust_list resumed>)  = 0
1094928 <... rt_sigprocmask resumed>NULL, 8) = 0
1094940 rt_sigprocmask(SIG_SETMASK, ~[KILL STOP RTMIN RT_1],  <unfinished ...>
1094928 --- SIGURG {si_signo=SIGURG, si_code=SI_TKILL, si_pid=1094928, si_uid=0} ---
1094940 <... rt_sigprocmask resumed>NULL, 8) = 0
1094928 rt_sigreturn({mask=[]} <unfinished ...>
1094931 <... futex resumed>)            = -1 ETIMEDOUT (Connection timed out)
1094940 sigaltstack(NULL,  <unfinished ...>
1094928 <... rt_sigreturn resumed>)     = 0
1094940 <... sigaltstack resumed>{ss_sp=NULL, ss_flags=SS_DISABLE, ss_size=0}) = 0
1094928 futex(0x6040d5c037d8, FUTEX_WAIT_PRIVATE, 0, NULL <unfinished ...>
1094940 sigaltstack({ss_sp=0x33aff48dc000, ss_flags=0, ss_size=32768}, NULL) = 0
1094931 futex(0x6040d5c0ae58, FUTEX_WAIT_PRIVATE, 0, {tv_sec=0, tv_nsec=100000} <unfinished ...>
1094940 rt_sigprocmask(SIG_SETMASK, [], NULL, 8) = 0
1094940 gettid()                        = 1094940
1094940 futex(0x6040d5c0ae58, FUTEX_WAKE_PRIVATE, 1) = 1
1094931 <... futex resumed>)            = 0
1094940 futex(0x6040d5c037d8, FUTEX_WAKE_PRIVATE, 1 <unfinished ...>
1094928 <... futex resumed>)            = 0
1094940 <... futex resumed>)            = 1
1094931 futex(0x6040d5c0ae58, FUTEX_WAIT_PRIVATE, 0, {tv_sec=0, tv_nsec=100000}) = -1 ETIMEDOUT (Connection timed out)
1094928 futex(0x33aff2f39160, FUTEX_WAKE_PRIVATE, 1 <unfinished ...>
1094931 getpid( <unfinished ...>
1094928 <... futex resumed>)            = 1
1094940 futex(0x33aff4544960, FUTEX_WAIT_PRIVATE, 0, NULL <unfinished ...>
1094931 <... getpid resumed>)           = 1094928
1094930 <... futex resumed>)            = 0
1094928 futex(0x6040d5c037d8, FUTEX_WAIT_PRIVATE, 0, NULL <unfinished ...>
1094930 futex(0x6040d5c0ae58, FUTEX_WAKE_PRIVATE, 1 <unfinished ...>
1094931 tgkill(1094928, 1094928, SIGURG <unfinished ...>
1094930 <... futex resumed>)            = 0
1094931 <... tgkill resumed>)           = 0
1094928 <... futex resumed>)            = ? ERESTARTSYS (To be restarted if SA_RESTART is set)
1094930 futex(0x6040d5c037d8, FUTEX_WAKE_PRIVATE, 1 <unfinished ...>
1094928 --- SIGURG {si_signo=SIGURG, si_code=SI_TKILL, si_pid=1094928, si_uid=0} ---
1094931 futex(0x6040d5c0ae30, FUTEX_WAIT_PRIVATE, 0, {tv_sec=0, tv_nsec=100000} <unfinished ...>
1094930 <... futex resumed>)            = 0
1094928 rt_sigreturn({mask=[]} <unfinished ...>
1094930 futex(0x33aff2f39160, FUTEX_WAIT_PRIVATE, 0, NULL <unfinished ...>
1094928 <... rt_sigreturn resumed>)     = 202
1094928 futex(0x6040d5c037d8, FUTEX_WAIT_PRIVATE, 0, NULL) = -1 EAGAIN (Resource temporarily unavailable)
1094931 <... futex resumed>)            = -1 ETIMEDOUT (Connection timed out)
1094928 futex(0x33aff2f39160, FUTEX_WAKE_PRIVATE, 1 <unfinished ...>
1094931 getpid( <unfinished ...>
1094928 <... futex resumed>)            = 1
1094931 <... getpid resumed>)           = 1094928
1094930 <... futex resumed>)            = 0
1094929 <... nanosleep resumed>NULL)    = 0
1094928 futex(0x6040d5c037d8, FUTEX_WAIT_PRIVATE, 0, NULL <unfinished ...>
1094931 tgkill(1094928, 1094928, SIGURG <unfinished ...>
1094930 futex(0x6040d5c0ae30, FUTEX_WAKE_PRIVATE, 1 <unfinished ...>
1094929 sched_yield( <unfinished ...>
1094928 <... futex resumed>)            = ? ERESTARTSYS (To be restarted if SA_RESTART is set)
1094931 <... tgkill resumed>)           = 0
1094930 <... futex resumed>)            = 0
1094928 --- SIGURG {si_signo=SIGURG, si_code=SI_TKILL, si_pid=1094928, si_uid=0} ---
1094930 futex(0x33aff2f39160, FUTEX_WAIT_PRIVATE, 0, NULL <unfinished ...>
1094928 rt_sigreturn({mask=[]})         = 202
1094931 epoll_pwait(5,  <unfinished ...>
1094928 futex(0x6040d5c037d8, FUTEX_WAIT_PRIVATE, 0, NULL <unfinished ...>
1094931 <... epoll_pwait resumed>[], 128, 0, NULL, 0) = 0
1094931 futex(0x33aff2f39160, FUTEX_WAKE_PRIVATE, 1) = 1
1094930 <... futex resumed>)            = 0
1094931 futex(0x6040d5c0ae58, FUTEX_WAIT_PRIVATE, 0, {tv_sec=0, tv_nsec=100000} <unfinished ...>
1094930 futex(0x6040d5c0ae58, FUTEX_WAKE_PRIVATE, 1 <unfinished ...>
1094931 <... futex resumed>)            = 0
1094930 <... futex resumed>)            = 1
1094931 sched_yield( <unfinished ...>
1094930 futex(0x6040d5c037d8, FUTEX_WAKE_PRIVATE, 1 <unfinished ...>
1094929 <... sched_yield resumed>)      = 0
1094928 <... futex resumed>)            = 0
1094930 <... futex resumed>)            = 1
1094929 nanosleep({tv_sec=0, tv_nsec=10000000},  <unfinished ...>
1094931 <... sched_yield resumed>)      = 0
1094931 sched_yield()                   = 0
1094931 mmap(NULL, 262144, PROT_READ|PROT_WRITE, MAP_PRIVATE|MAP_ANONYMOUS, -1, 0 <unfinished ...>
1094930 futex(0x33aff2f39160, FUTEX_WAIT_PRIVATE, 0, NULL <unfinished ...>
1094931 <... mmap resumed>)             = 0x7c42f3d88000
1094931 prctl(PR_SET_VMA, PR_SET_VMA_ANON_NAME, 0x7c42f3d88000, 262144, " Go: immortal metadata") = 0
1094928 openat(AT_FDCWD, "/proc/stat", O_RDONLY|O_CLOEXEC) = 9
1094928 fcntl(9, F_GETFL)               = 0x8000 (flags O_RDONLY|O_LARGEFILE)
1094928 fcntl(9, F_SETFL, O_RDONLY|O_NONBLOCK|O_LARGEFILE) = 0
1094928 epoll_ctl(5, EPOLL_CTL_ADD, 9, {events=EPOLLIN|EPOLLOUT|EPOLLRDHUP|EPOLLET, data={u32=134217732, u64=4476994194891603972}}) = 0
1094933 <... epoll_pwait resumed>[{events=EPOLLIN|EPOLLOUT, data={u32=134217732, u64=4476994194891603972}}], 128, 29999, NULL, 0) = 1
1094928 read(9,  <unfinished ...>
1094933 futex(0x33aff2f6b960, FUTEX_WAIT_PRIVATE, 0, NULL <unfinished ...>
1094928 <... read resumed>"cpu  3992746 8087 1123716 85934099 84402 0 30471 478659 0 0\ncpu0 2004008 5726 560459 42977932 42291 0 12905 234100 0 0\ncpu1 1988737 2360 563257 42956166 42111 0 17565 244558 0 0\nintr 332628335 75 9 0 0 937 0 0 0 0 0 0 0 15 0 0 0 0 0 0 0 0 0 0 0 0 2916804 0 104 0 0 0 256 0 0 3755258 4205657 0 133 29913 0 2228997 0 0 0 0 0 0 0 0 0 0 0 0 0 0 0 0 0 0 0 0 0 0 0 0 0 0 0 0 0 0 0 0 0 0 0 0 0 0 0 0 0 0 0 0 0 0 0 0 0 0 0 0 0 0 0 0 0 0 0 0 0 0 0 0 0 0 0 0 0 0 0 0 0 0 0 0 0 0 0 0 0 0 0 0 0 0 0 0 0 0 0 0 0 0 0 0 0 0 0 0 0 0 0 0 0 0 0 0 0 0 0 0 0 0 0 0 0 0 0 0 0 0 0 0 0 0 0 0 0 0 0 0 0 0 0 0 0 0 0 0 0 0 0 0 0 0 0 0 0 0 0 0 0 0 0 0 0 0 0 0 0 0 0 0 0 0 0 0 0 0 0 0 0 0 0 0 0 0 0 0 0 0 0 0 0 0 0 0 0 0 0 0 0 0 0 0 0 0 0 0 0 0 0 0 0 0 0 0 0 0 0 0 0 0 0 0 0 0 0 0 0 0 0 0 0 0 0 0 0 0 0 0 0 0 0 0 0 0 0 0 0 0 0 0 0 0 0 0 0 0 0 0 0 0 0 0 0 0 0 0 0 0 0 0 0 0 0 0 0 0 0 0 0 0 0 0 0 0 0 0 0 0 0 0 0 0 0 0 0 0 0 0 0 0 0 0 0 0 0 0 0 0 0 0 0 0 0 0 0 0 0 0 0 0 0 0 0 0 0 0 0 0 0 0 0 0 0 0 0 0 0 0 0 0 0 0 0 0 0 0 0 0 0 0 0 0 0 0 0 0 0 0 0 0 0 0 0 0 0 0 0 0 0 0 0 0 0 0 0 0 0 0 0 0 0 0 0 0 0 0 0 0 0 0 0 0 0 0 0 0 0 0 0 0 0 0 0 0 0\nctxt 694678843\nbtime 1778777239\nprocesses 1094941\nprocs_running 4\nprocs_blocked 0\nsoftirq 85167147 1 14240955 49 10888908 2840543 0 299204 37341316 437 19555734\n", 4096) = 1272
1094928 epoll_ctl(5, EPOLL_CTL_DEL, 9, 0x33aff49df9b4) = 0
1094928 close(9)                        = 0
1094928 openat(AT_FDCWD, "/proc/stat", O_RDONLY|O_CLOEXEC) = 9
1094928 fcntl(9, F_GETFL)               = 0x8000 (flags O_RDONLY|O_LARGEFILE)
1094928 fcntl(9, F_SETFL, O_RDONLY|O_NONBLOCK|O_LARGEFILE) = 0
1094928 epoll_ctl(5, EPOLL_CTL_ADD, 9, {events=EPOLLIN|EPOLLOUT|EPOLLRDHUP|EPOLLET, data={u32=134217733, u64=4476994194891603973}}) = 0
1094928 read(9, "cpu  3992746 8087 1123717 85934099 84402 0 30471 478659 0 0\ncpu0 2004008 5726 560459 42977932 42291 0 12905 234100 0 0\ncpu1 1988737 2360 563257 42956166 42111 0 17565 244558 0 0\nintr 332628367 75 9 0 0 937 0 0 0 0 0 0 0 15 0 0 0 0 0 0 0 0 0 0 0 0 2916804 0 104 0 0 0 256 0 0 3755258 4205657 0 133 29913 0 2228997 0 0 0 0 0 0 0 0 0 0 0 0 0 0 0 0 0 0 0 0 0 0 0 0 0 0 0 0 0 0 0 0 0 0 0 0 0 0 0 0 0 0 0 0 0 0 0 0 0 0 0 0 0 0 0 0 0 0 0 0 0 0 0 0 0 0 0 0 0 0 0 0 0 0 0 0 0 0 0 0 0 0 0 0 0 0 0 0 0 0 0 0 0 0 0 0 0 0 0 0 0 0 0 0 0 0 0 0 0 0 0 0 0 0 0 0 0 0 0 0 0 0 0 0 0 0 0 0 0 0 0 0 0 0 0 0 0 0 0 0 0 0 0 0 0 0 0 0 0 0 0 0 0 0 0 0 0 0 0 0 0 0 0 0 0 0 0 0 0 0 0 0 0 0 0 0 0 0 0 0 0 0 0 0 0 0 0 0 0 0 0 0 0 0 0 0 0 0 0 0 0 0 0 0 0 0 0 0 0 0 0 0 0 0 0 0 0 0 0 0 0 0 0 0 0 0 0 0 0 0 0 0 0 0 0 0 0 0 0 0 0 0 0 0 0 0 0 0 0 0 0 0 0 0 0 0 0 0 0 0 0 0 0 0 0 0 0 0 0 0 0 0 0 0 0 0 0 0 0 0 0 0 0 0 0 0 0 0 0 0 0 0 0 0 0 0 0 0 0 0 0 0 0 0 0 0 0 0 0 0 0 0 0 0 0 0 0 0 0 0 0 0 0 0 0 0 0 0 0 0 0 0 0 0 0 0 0 0 0 0 0 0 0 0 0 0 0 0 0 0 0 0 0 0 0 0 0 0 0 0 0 0 0 0 0 0 0 0 0 0 0 0 0 0 0 0 0 0 0 0 0 0 0 0 0 0 0 0 0 0 0 0 0 0 0 0 0 0 0\nctxt 694678903\nbtime 1778777239\nprocesses 1094941\nprocs_running 3\nprocs_blocked 0\nsoftirq 85167149 1 14240955 49 10888908 2840543 0 299204 37341316 437 19555736\n", 4096) = 1272
1094931 epoll_pwait(5,  <unfinished ...>
1094928 read(9, "", 4096)               = 0
1094931 <... epoll_pwait resumed>[{events=EPOLLIN|EPOLLOUT, data={u32=134217733, u64=4476994194891603973}}], 128, 29945, NULL, 0) = 1
1094928 epoll_ctl(5, EPOLL_CTL_DEL, 9, 0x33aff49df9b4 <unfinished ...>
1094931 epoll_pwait(5,  <unfinished ...>
1094928 <... epoll_ctl resumed>)        = 0
1094928 close(9)                        = 0
1094928 getpid()                        = 1094928
1094928 newfstatat(AT_FDCWD, "/proc", {st_mode=S_IFDIR|0555, st_size=0, ...}, 0) = 0
1094928 statfs("/proc", {f_type=PROC_SUPER_MAGIC, f_bsize=4096, f_blocks=0, f_bfree=0, f_bavail=0, f_files=0, f_ffree=0, f_fsid={val=[0x16, 0]}, f_namelen=255, f_frsize=4096, f_flags=ST_VALID|ST_NOSUID|ST_NODEV|ST_NOEXEC|ST_RELATIME}) = 0
1094928 futex(0x33aff2f6b960, FUTEX_WAKE_PRIVATE, 1) = 1
1094933 <... futex resumed>)            = 0
1094928 futex(0x33aff2f39160, FUTEX_WAKE_PRIVATE, 1) = 1
1094933 futex(0x6040d5c037d8, FUTEX_WAKE_PRIVATE, 1 <unfinished ...>
1094930 <... futex resumed>)            = 0
1094933 <... futex resumed>)            = 0
1094933 futex(0x33aff2f6b960, FUTEX_WAIT_PRIVATE, 0, NULL <unfinished ...>
1094928 futex(0x33aff2f6b960, FUTEX_WAKE_PRIVATE, 1 <unfinished ...>
1094930 futex(0x6040d5c037d8, FUTEX_WAKE_PRIVATE, 1 <unfinished ...>
1094928 <... futex resumed>)            = 1
1094933 <... futex resumed>)            = 0
1094930 <... futex resumed>)            = 0
1094928 futex(0x33aff4544960, FUTEX_WAKE_PRIVATE, 1 <unfinished ...>
1094933 futex(0x6040d5c037d8, FUTEX_WAKE_PRIVATE, 1 <unfinished ...>
1094928 <... futex resumed>)            = 1
1094940 <... futex resumed>)            = 0
1094933 <... futex resumed>)            = 0
1094930 futex(0x33aff2f39160, FUTEX_WAIT_PRIVATE, 0, NULL <unfinished ...>
1094928 futex(0x33aff2f39160, FUTEX_WAKE_PRIVATE, 1 <unfinished ...>
1094940 futex(0x6040d5c037d8, FUTEX_WAKE_PRIVATE, 1 <unfinished ...>
1094933 futex(0x33aff2f6b960, FUTEX_WAIT_PRIVATE, 0, NULL <unfinished ...>
1094928 <... futex resumed>)            = 0
1094940 <... futex resumed>)            = 0
1094930 <... futex resumed>)            = -1 EAGAIN (Resource temporarily unavailable)
1094928 uname( <unfinished ...>
1094940 futex(0x33aff4544960, FUTEX_WAIT_PRIVATE, 0, NULL <unfinished ...>
1094930 futex(0x33aff2f39160, FUTEX_WAIT_PRIVATE, 0, NULL <unfinished ...>
1094928 <... uname resumed>{sysname="Linux", nodename="botero-trade-engine-00", ...}) = 0
1094928 getpid()                        = 1094928
1094928 getpid()                        = 1094928
1094928 uname({sysname="Linux", nodename="botero-trade-engine-00", ...}) = 0
1094928 mmap(NULL, 4096, PROT_READ|PROT_WRITE, MAP_PRIVATE|MAP_ANONYMOUS, -1, 0) = 0x7c433de14000
1094928 madvise(0x7c433de14000, 4096, 0xffffffff /* MADV_??? */) = -1 EINVAL (Invalid argument)
1094928 madvise(0x7c433de14000, 4096, MADV_WIPEONFORK) = 0
1094928 futex(0x6040d5c34364, FUTEX_WAKE_PRIVATE, 2147483647) = 0
1094928 getrandom("\xc7", 1, GRND_NONBLOCK) = 1
1094928 futex(0x6040d5c34674, FUTEX_WAKE_PRIVATE, 2147483647) = 0
1094928 getrandom("\xb1\xcc\xc1\x8d\x94\xe9\x28\x5b\xd8\x22\xac\x4b\x7c\x2d\x3f\x89\xd8\xb7\x85\x86\xab\xcb\x10\x20\x24\x2f\xe7\x11\x13\xca\x51\x29\x06\x92\xf4\xc1\x96\x64\xcb\x2b\x86\x42\x60\xfa\x07\xfb\x8b\x2a", 48, GRND_NONBLOCK) = 48
1094928 newfstatat(AT_FDCWD, "third_party/go/gc/src", 0x33aff43386b8, 0) = -1 ENOENT (No such file or directory)
1094928 newfstatat(AT_FDCWD, "/root/go/src", 0x33aff434ee08, 0) = -1 ENOENT (No such file or directory)
1094929 <... nanosleep resumed>NULL)    = 0
1094929 futex(0x33aff2f39160, FUTEX_WAKE_PRIVATE, 1) = 1
1094929 nanosleep({tv_sec=0, tv_nsec=10000000},  <unfinished ...>
1094930 <... futex resumed>)            = 0
1094930 futex(0x33aff2f39160, FUTEX_WAIT_PRIVATE, 0, NULL <unfinished ...>
1094928 mmap(NULL, 262144, PROT_READ|PROT_WRITE, MAP_PRIVATE|MAP_ANONYMOUS, -1, 0) = 0x7c42f3d48000
1094928 prctl(PR_SET_VMA, PR_SET_VMA_ANON_NAME, 0x7c42f3d48000, 262144, " Go: immortal metadata") = 0
1094929 <... nanosleep resumed>NULL)    = 0
1094929 getpid()                        = 1094928
1094929 tgkill(1094928, 1094928, SIGURG) = 0
1094929 nanosleep({tv_sec=0, tv_nsec=10000000},  <unfinished ...>
1094928 --- SIGURG {si_signo=SIGURG, si_code=SI_TKILL, si_pid=1094928, si_uid=0} ---
1094928 rt_sigreturn({mask=[]})         = 105831501527032
1094928 futex(0x33aff2f39160, FUTEX_WAKE_PRIVATE, 1) = 1
1094930 <... futex resumed>)            = 0
1094930 futex(0x6040d5c037d8, FUTEX_WAKE_PRIVATE, 1) = 0
1094930 futex(0x33aff2f39160, FUTEX_WAIT_PRIVATE, 0, NULL <unfinished ...>
1094928 futex(0x33aff2f39160, FUTEX_WAKE_PRIVATE, 1) = 1
1094930 <... futex resumed>)            = 0
1094930 futex(0x33aff2f39160, FUTEX_WAIT_PRIVATE, 0, NULL <unfinished ...>
1094928 mmap(0x33aff4c00000, 4194304, PROT_READ|PROT_WRITE, MAP_PRIVATE|MAP_FIXED|MAP_ANONYMOUS, -1, 0) = 0x33aff4c00000
1094928 prctl(PR_SET_VMA, PR_SET_VMA_ANON_NAME, 0x33aff4c00000, 4194304, " Go: heap") = 0
1094928 futex(0x33aff2f39160, FUTEX_WAKE_PRIVATE, 1) = 1
1094930 <... futex resumed>)            = 0
1094930 nanosleep({tv_sec=0, tv_nsec=3000}, NULL) = 0
1094930 nanosleep({tv_sec=0, tv_nsec=3000}, NULL) = 0
1094930 futex(0x33aff2f39160, FUTEX_WAIT_PRIVATE, 0, NULL <unfinished ...>
1094928 futex(0x33aff2f39160, FUTEX_WAKE_PRIVATE, 1) = 1
1094930 <... futex resumed>)            = 0
1094930 nanosleep({tv_sec=0, tv_nsec=3000}, NULL) = 0
1094930 futex(0x33aff2f39160, FUTEX_WAIT_PRIVATE, 0, NULL <unfinished ...>
1094928 futex(0x33aff2f39160, FUTEX_WAKE_PRIVATE, 1) = 1
1094930 <... futex resumed>)            = 0
1094930 nanosleep({tv_sec=0, tv_nsec=3000}, NULL) = 0
1094930 write(6, "\1\0\0\0\0\0\0\0", 8) = 8
1094931 <... epoll_pwait resumed>[{events=EPOLLIN, data={u32=3626555880, u64=105831620729320}}], 128, 29945, NULL, 0) = 1
1094930 socket(AF_INET, SOCK_STREAM|SOCK_CLOEXEC|SOCK_NONBLOCK, IPPROTO_IP <unfinished ...>
1094931 read(6, "\1\0\0\0\0\0\0\0", 8)  = 8
1094930 <... socket resumed>)           = 9
1094931 futex(0x33aff2f39960, FUTEX_WAIT_PRIVATE, 0, NULL <unfinished ...>
1094930 setsockopt(9, SOL_SOCKET, 0x1600bd62 /* SO_??? */, [0], 4) = -1 ENOPROTOOPT (Protocol not available)
1094930 setsockopt(9, SOL_SOCKET, SO_KEEPALIVE, [1], 4) = 0
1094930 connect(9, {sa_family=AF_INET, sin_port=htons(37637), sin_addr=inet_addr("127.0.0.1")}, 16 <unfinished ...>
1094928 epoll_pwait(5,  <unfinished ...>
1094930 <... connect resumed>)          = -1 EINPROGRESS (Operation now in progress)
1094930 epoll_ctl(5, EPOLL_CTL_ADD, 9, {events=EPOLLIN|EPOLLOUT|EPOLLRDHUP|EPOLLET, data={u32=134217734, u64=4476994194891603974}}) = 0
1094928 <... epoll_pwait resumed>[{events=EPOLLOUT, data={u32=134217734, u64=4476994194891603974}}], 128, 19999, NULL, 0) = 1
1094930 write(6, "\1\0\0\0\0\0\0\0", 8 <unfinished ...>
1094928 epoll_pwait(5,  <unfinished ...>
1094930 <... write resumed>)            = 8
1094928 <... epoll_pwait resumed>[{events=EPOLLIN, data={u32=3626555880, u64=105831620729320}}], 128, 19999, NULL, 0) = 1
1094930 getsockopt(9, SOL_SOCKET, SO_ERROR,  <unfinished ...>
1094928 read(6, "\1\0\0\0\0\0\0\0", 8)  = 8
1094930 <... getsockopt resumed>[0], [4]) = 0
1094928 epoll_pwait(5,  <unfinished ...>
1094930 getpeername(9, {sa_family=AF_INET, sin_port=htons(37637), sin_addr=inet_addr("127.0.0.1")}, [112 => 16]) = 0
1094930 getsockname(9, {sa_family=AF_INET, sin_port=htons(55022), sin_addr=inet_addr("127.0.0.1")}, [112 => 16]) = 0
1094930 setsockopt(9, SOL_TCP, TCP_NODELAY, [1], 4) = 0
1094930 futex(0x33aff2f39960, FUTEX_WAKE_PRIVATE, 1) = 1
1094931 <... futex resumed>)            = 0
1094931 nanosleep({tv_sec=0, tv_nsec=3000},  <unfinished ...>
1094930 getsockopt(9, SOL_SOCKET, SO_LINGER, {l_onoff=0, l_linger=0}, [8]) = 0
1094930 getsockopt(9, SOL_SOCKET, SO_RCVTIMEO_OLD, "\0\0\0\0\0\0\0\0\0\0\0\0\0\0\0\0", [16]) = 0
1094931 <... nanosleep resumed>NULL)    = 0
1094930 getsockopt(9, SOL_SOCKET, SO_SNDTIMEO_OLD,  <unfinished ...>
1094931 futex(0x33aff2f39960, FUTEX_WAIT_PRIVATE, 0, NULL <unfinished ...>
1094930 <... getsockopt resumed>"\0\0\0\0\0\0\0\0\0\0\0\0\0\0\0\0", [16]) = 0
1094930 getsockopt(9, SOL_TCP, TCP_INFO, "\1\0\0\0\0\7w\1(\21\3\0\0\0\0\0\345\177\0\0\30\2\0\0\0\0\0\0\0\0\0\0\0\0\0\0\0\0\0\0\0\0\0\0\1\0\0\0\0\0\0\0\1\0\0\0\1\0\0\0\377\377\0\0\327\377\0\0I\0\0\0$\0\0\0\377\377\377\177\n\0\0\0\313\377\0\0\3\0\0\0\0\0\0\0\327\377\0\0\0\0\0\0\232m\251\26\2\0\0\0\377\377\377\377\377\377\377\377\1\0\0\0\0\0\0\0\0\0\0\0\0\0\0\0\2\0\0\0\1\0\0\0\0\0\0\0I\0\0\0\0\0\0\0\0\0\0\0\0\0\0\0\0\0\0\0\0\0\0\0\0\0\0\0\0\0\0\0\0\0\0\0\0\0\0\0\0\0\0\0\1\0\0\0\0\0\0\0\0\0\0\0\0\0\0\0\0\0\0\0\0\0\0\0\0\0\0\0\0\0\0\0\0\0\0\0\313\377\0\0\0\0\1\0\0\0\0\0\0\0\0\0\0\0\0\0", [248]) = 0
1094929 <... nanosleep resumed>NULL)    = 0
1094930 futex(0x33aff2f39960, FUTEX_WAKE_PRIVATE, 1 <unfinished ...>
1094929 nanosleep({tv_sec=0, tv_nsec=10000000},  <unfinished ...>
1094931 <... futex resumed>)            = 0
1094930 <... futex resumed>)            = 1
1094931 nanosleep({tv_sec=0, tv_nsec=3000},  <unfinished ...>
1094930 write(9, "PRI * HTTP/2.0\r\n\r\nSM\r\n\r\n", 24 <unfinished ...>
1094931 <... nanosleep resumed>NULL)    = 0
1094930 <... write resumed>)            = 24
1094930 write(9, "\0\0\0\4\0\0\0\0\0", 9) = 9
1094930 futex(0x33aff2f39160, FUTEX_WAIT_PRIVATE, 0, NULL <unfinished ...>
1094931 read(9,  <unfinished ...>
1094928 <... epoll_pwait resumed>[{events=EPOLLIN|EPOLLOUT, data={u32=134217734, u64=4476994194891603974}}], 128, 19998, NULL, 0) = 1
1094928 epoll_pwait(5, [{events=EPOLLIN|EPOLLOUT, data={u32=134217734, u64=4476994194891603974}}], 128, 19997, NULL, 0) = 1
1094928 epoll_pwait(5,  <unfinished ...>
1094931 <... read resumed>"\0\0$\4\0\0\0\0\0\0\5\0\20\0\0\0\3\0\0\0\372\0\6\0\20\1@\0\1\0\0\20\0\0\4\0\20\0\0\0\t\0\0\0\1\0\0\4\10\0\0\0\0\0\0\17\0\1", 32768) = 58
1094928 <... epoll_pwait resumed>[{events=EPOLLIN|EPOLLOUT, data={u32=134217734, u64=4476994194891603974}}], 128, 19997, NULL, 0) = 1
1094928 epoll_pwait(5,  <unfinished ...>
1094931 futex(0x33aff2f39160, FUTEX_WAKE_PRIVATE, 1) = 1
1094930 <... futex resumed>)            = 0
1094931 read(9, "\0\0\0\4\1\0\0\0\0", 32768) = 9
1094931 read(9, 0x33aff44cc000, 32768)  = -1 EAGAIN (Resource temporarily unavailable)
1094930 futex(0x33aff2f39160, FUTEX_WAIT_PRIVATE, 0, NULL <unfinished ...>
1094931 futex(0x33aff2f39160, FUTEX_WAKE_PRIVATE, 1) = 1
1094930 <... futex resumed>)            = 0
1094931 futex(0x33aff2f39960, FUTEX_WAIT_PRIVATE, 0, NULL <unfinished ...>
1094930 write(9, "\0\0\0\4\1\0\0\0\0\0\0\226\1\4\0\0\0\1\203\206E\262`\276F\275\3\252kG1bAl\356[\"\2565\363\216\251\255\34\305\334[;\226\315\305\263\271\210V1\0257\217Wr\330\201\244\307\253AR9\6\221\377A\213\10\235\\\v\201p\334e\327\31w_\213\35u\320b\r&=LMedz\215\232\312\310\264\307`+\274%\300\264\205\357@\2te\206M\2035\5\261\37@\217\362\261\17!Mm+\21\26J\262O\324\265\177\232\220\254\306\371\5*\317\f\240Y\246]qh\335y\305\204\7\336+\256\201\227\1/\0\0+\0\1\0\0\0\1\0\0\0\0&\n$1165f1f5-4da3-472b-991e-cff101da6b63", 220) = 220
1094930 futex(0x33aff2f39160, FUTEX_WAIT_PRIVATE, 0, NULL <unfinished ...>
1094928 <... epoll_pwait resumed>[{events=EPOLLIN|EPOLLOUT, data={u32=134217734, u64=4476994194891603974}}], 128, 19997, NULL, 0) = 1
1094928 read(9, "\0\0A\1\4\0\0\0\1\210_\213\35u\320b\r&=LMed@\216\232\312\310\260\310B\326\225\213Q\17!\252\233\203\233\331\253{\205\325a\2465_a\226\344Y>\224\20\24\320?J\10\2q@\2\343M\\m\3651h\337\0\1\5\0\0\0\0\0\1\0\0\0\1\0\n\375\1\n\253\1\n\31file:///root/botero-trade\22\31file:///root/botero-trade\32Y\n\37Charlie7532/botero-trade-engine\0226https://github.com/Charlie7532/botero-trade-engine.git\"\30feature/pre-trade-engine\22\f\10\323\354\310\317\6\20\261\304\327\351\2\32$9e2b4ae4-f29e-425e-93a2-860153b92154:\31file:///root/botero-trade\0\0\f\1\5\0\0\0\1@\210\232\312\310\262\0224\332\217\0010", 32768) = 365
1094928 futex(0x33aff2f39160, FUTEX_WAKE_PRIVATE, 1) = 1
1094930 <... futex resumed>)            = 0
1094928 read(9, 0x33aff419e000, 32768)  = -1 EAGAIN (Resource temporarily unavailable)
1094928 write(9, "\0\0\4\10\0\0\0\0\0\0\0\1\5\0\0\10\6\0\0\0\0\0\2\4\20\20\t\16\7\7", 30) = 30
1094928 epoll_pwait(5, [{events=EPOLLOUT, data={u32=134217734, u64=4476994194891603974}}], 128, 0, NULL, 0) = 1
1094928 epoll_pwait(5, [{events=EPOLLIN|EPOLLOUT, data={u32=134217734, u64=4476994194891603974}}], 128, 29907, NULL, 0) = 1
1094928 read(9,  <unfinished ...>
1094929 <... nanosleep resumed>NULL)    = 0
1094928 <... read resumed>"\0\0\10\6\1\0\0\0\0\2\4\20\20\t\16\7\7", 32768) = 17
1094929 nanosleep({tv_sec=0, tv_nsec=10000000},  <unfinished ...>
1094928 read(9, 0x33aff419e000, 32768)  = -1 EAGAIN (Resource temporarily unavailable)
1094928 epoll_pwait(5, [], 128, 0, NULL, 0) = 0
1094928 epoll_pwait(5,  <unfinished ...>
1094930 write(1, "{\n  \"response\": {\n    \"conversationMetadata\": {\n      \"metadata\": {\n        \"workspaces\": [\n          {\n            \"workspaceFolderAbsoluteUri\": \"file:///root/botero-trade\",\n            \"gitRootAbsoluteUri\": \"file:///root/botero-trade\",\n            \"repository\": {\n              \"computedName\": \"Charlie7532/botero-trade-engine\",\n              \"gitOriginUrl\": \"https://github.com/Charlie7532/botero-trade-engine.git\",\n              \"gitUpstreamUrl\": \"\",\n              \"reportedName\": \"\",\n              \"modelName\": \"\",\n              \"submoduleUrl\": \"\",\n              \"submodulePath\": \"\"\n            },\n            \"branchName\": \"feature/pre-trade-engine\"\n          }\n        ],\n        \"createdAt\": \"2026-04-29T16:48:19.758506033Z\",\n        \"initializationStateId\": \"9e2b4ae4-f29e-425e-93a2-860153b92154\",\n        \"parentConversationId\": \"\",\n        \"rootConversationId\": \"\",\n        \"workspaceUris\": [\n          \"file:///root/botero-trade\"\n        ],\n        \"subagentSpec\": null,\n        \"staticConfig\": null,\n        \"executableSpec\": null,\n        \"sourceMetadata\": null,\n        \"mendelExperimentIds\": [],\n        \"agentScript\": null,\n        \"isBattleModeFork\": false,\n        \"projectId\": \"\",\n        \"environmentId\": \"\",\n        \"nestingDepth\": 0\n      }\n    }\n  }\n}\n", 1276) = 1276
1094930 futex(0x33aff2f39960, FUTEX_WAKE_PRIVATE, 1 <unfinished ...>
1094931 <... futex resumed>)            = 0
1094930 <... futex resumed>)            = 1
1094931 nanosleep({tv_sec=0, tv_nsec=3000}, NULL) = 0
1094930 write(6, "\1\0\0\0\0\0\0\0", 8 <unfinished ...>
1094931 sched_yield( <unfinished ...>
1094928 <... epoll_pwait resumed>[{events=EPOLLIN, data={u32=3626555880, u64=105831620729320}}], 128, 29907, NULL, 0) = 1
1094930 <... write resumed>)            = 8
1094928 read(6,  <unfinished ...>
1094930 futex(0x33aff2f39160, FUTEX_WAIT_PRIVATE, 0, NULL <unfinished ...>
1094928 <... read resumed>"\1\0\0\0\0\0\0\0", 8) = 8
1094928 epoll_pwait(5, [], 128, 0, NULL, 0) = 0
1094928 epoll_pwait(5,  <unfinished ...>
1094931 <... sched_yield resumed>)      = 0
1094931 futex(0x33aff2f39160, FUTEX_WAKE_PRIVATE, 1) = 1
1094930 <... futex resumed>)            = 0
1094930 nanosleep({tv_sec=0, tv_nsec=3000}, NULL) = 0
1094930 exit_group(0 <unfinished ...>
1094933 <... futex resumed>)            = ?
1094930 <... exit_group resumed>)       = ?
1094929 <... nanosleep resumed> <unfinished ...>) = ?
1094928 <... epoll_pwait resumed> <unfinished ...>) = ?
1094940 <... futex resumed>)            = ?
1094932 <... futex resumed>)            = ?
1094933 +++ exited with 0 +++
1094929 +++ exited with 0 +++
1094932 +++ exited with 0 +++
1094940 +++ exited with 0 +++
1094930 +++ exited with 0 +++
1094931 +++ exited with 0 +++
1094928 +++ exited with 0 +++
