ticker,archetype,feature,n_turns,total_fires,fire_rate,tp,fp,precision,recall,turns_detected,mean_offset,median_offset,temporal_class
AAPL,LL,vwap_sigma_wave,159,153,0.01909158971799351,58,95,0.3790849673202614,0.25157232704402516,40,-0.6896551724137931,0.0,DETECTION
AAPL,LL,vwap_sigma_current,159,171,0.021337659096580985,64,107,0.3742690058479532,0.2389937106918239,38,-0.609375,0.0,DETECTION
AAPL,LL,vwap_sigma_tide,159,181,0.022585475418018468,54,127,0.2983425414364641,0.16352201257861634,26,-0.7592592592592593,-1.0,ALERTA
AAPL,LL,sigma_tide,159,290,0.03618667332168705,70,220,0.2413793103448276,0.2138364779874214,34,-0.7714285714285715,-1.0,ALERTA
AAPL,LL,rsi_value,159,295,0.03681058148240579,67,228,0.2271186440677966,0.1949685534591195,31,-0.7910447761194029,-1.0,ALERTA
AAPL,LL,kf_rsi_pred_val,159,277,0.03456451210381832,52,225,0.18772563176895307,0.18238993710691823,29,-0.6346153846153846,0.0,DETECTION
AAPL,LL,conj_current_tide,159,402,0.050162216121786875,71,331,0.17661691542288557,0.16352201257861634,26,-0.9859154929577465,-1.0,ALERTA
AAPL,LL,current_accel,159,349,0.04354878961816821,55,294,0.15759312320916904,0.1949685534591195,31,-0.8727272727272727,-1.0,ALERTA
AAPL,LL,conj_wave_current,159,312,0.03893186922884952,49,263,0.15705128205128205,0.12578616352201258,20,-0.9591836734693877,-1.0,ALERTA
AAPL,LL,wave_accel,159,336,0.041926628400299475,52,284,0.15476190476190477,0.18238993710691823,29,-0.8076923076923077,-1.0,ALERTA
AAPL,LL,sigma_current,159,270,0.03369104067881208,40,230,0.14814814814814814,0.16352201257861634,26,-0.525,0.0,DETECTION
AAPL,LL,current_slope,159,326,0.04067881207886199,48,278,0.147239263803681,0.11320754716981132,18,-1.0,-1.0,ALERTA
AAPL,LL,kf_price_pred_val,159,383,0.04779136511105565,56,327,0.1462140992167102,0.2578616352201258,41,-0.5892857142857143,0.0,DETECTION
AAPL,LL,conj_wave_tide,159,308,0.03843274270027452,45,263,0.1461038961038961,0.10062893081761007,16,-1.0,-1.0,ALERTA
AAPL,LL,kf_conj_pred_val,159,313,0.03905665086099326,44,269,0.14057507987220447,0.1069182389937107,17,-1.0454545454545454,-1.0,ALERTA
AAPL,LL,wave_slope,159,299,0.03730970801098078,42,257,0.14046822742474915,0.09433962264150944,15,-0.9523809523809523,-1.0,ALERTA
AAPL,LL,kf_conj_filt_vel,159,336,0.041926628400299475,47,289,0.13988095238095238,0.1320754716981132,21,-1.0,-1.0,ALERTA
AAPL,LL,kf_rvol_pred_val,159,295,0.03681058148240579,35,260,0.11864406779661017,0.15723270440251572,25,-0.6571428571428571,-1.0,ALERTA
AAPL,LL,vwap_spread_current_wave,159,390,0.04866483653606189,46,344,0.11794871794871795,0.11949685534591195,19,-0.9347826086956522,-1.0,ALERTA
AAPL,LL,kf_rvol_filt_vel,159,360,0.04492138757174944,37,323,0.10277777777777777,0.20754716981132076,33,-1.0810810810810811,-1.0,ALERTA
AAPL,LL,kf_price_filt_vel,159,384,0.0479161467431994,39,345,0.1015625,0.22012578616352202,35,-0.7435897435897436,-1.0,ALERTA
AAPL,LL,tide_accel,159,326,0.04067881207886199,33,293,0.10122699386503067,0.09433962264150944,15,-0.8787878787878788,-1.0,ALERTA
AAPL,LL,kf_tension_pred_val,159,338,0.04217619166458697,34,304,0.10059171597633136,0.11949685534591195,19,-0.8235294117647058,-1.0,ALERTA
AAPL,LL,tension_tide,159,336,0.041926628400299475,33,303,0.09821428571428571,0.11320754716981132,18,-0.7878787878787878,-1.0,ALERTA
AAPL,LL,kf_tension_filt_vel,159,481,0.060019965061143,45,436,0.09355509355509356,0.15723270440251572,25,-0.6444444444444445,0.0,DETECTION
AAPL,LL,tide_slope,159,422,0.05265784876466184,39,383,0.0924170616113744,0.10062893081761007,16,-1.0,-1.0,ALERTA
AAPL,LL,vwap_spread_tide_current,159,369,0.046044422261043175,33,336,0.08943089430894309,0.10062893081761007,16,-1.0,-1.0,ALERTA
AAPL,LL,sigma_wave,159,251,0.03132018966808086,22,229,0.08764940239043825,0.10062893081761007,16,-0.6363636363636364,-0.5,DETECTION
AAPL,LL,kf_price_innovation,159,402,0.050162216121786875,35,367,0.08706467661691543,0.16352201257861634,26,-1.0571428571428572,-1.0,ALERTA
AAPL,LL,vwap_spread_tide_wave,159,375,0.04679311205390566,31,344,0.08266666666666667,0.0880503144654088,14,-1.032258064516129,-1.0,ALERTA
AAPL,LL,kf_rsi_filt_vel,159,388,0.048415273271774396,28,360,0.07216494845360824,0.11320754716981132,18,-0.6785714285714286,0.0,DETECTION
AAPL,LL,compression_ratio,159,435,0.054280009982530575,30,405,0.06896551724137931,0.07547169811320754,12,-1.0333333333333334,-1.0,ALERTA
AAPL,LL,tension_current,159,312,0.03893186922884952,18,294,0.057692307692307696,0.050314465408805034,8,-1.0,-1.0,ALERTA
AAPL,LL,tension_wave,159,216,0.026952832543049664,3,213,0.013888888888888888,0.012578616352201259,2,-1.6666666666666667,-2.0,ALERTA
AAPL,HL,sigma_current,185,270,0.03369104067881208,52,218,0.1925925925925926,0.16756756756756758,31,-0.7692307692307693,-1.0,ALERTA
AAPL,HL,kf_rsi_filt_vel,185,388,0.048415273271774396,74,314,0.19072164948453607,0.23783783783783785,44,-0.7702702702702703,-1.0,ALERTA
AAPL,HL,sigma_wave,185,251,0.03132018966808086,44,207,0.1752988047808765,0.16756756756756758,31,-0.7727272727272727,-1.0,ALERTA
AAPL,HL,kf_price_filt_vel,185,384,0.0479161467431994,62,322,0.16145833333333334,0.22702702702702704,42,-0.7741935483870968,0.0,DETECTION
AAPL,HL,kf_tension_filt_vel,185,481,0.060019965061143,73,408,0.15176715176715178,0.22162162162162163,41,-0.7808219178082192,-1.0,ALERTA
AAPL,HL,vwap_spread_current_wave,185,390,0.04866483653606189,59,331,0.15128205128205127,0.11351351351351352,21,-1.0338983050847457,-1.0,ALERTA
AAPL,HL,compression_ratio,185,435,0.054280009982530575,65,370,0.14942528735632185,0.14594594594594595,27,-0.9384615384615385,-1.0,ALERTA
AAPL,HL,vwap_spread_tide_wave,185,375,0.04679311205390566,56,319,0.14933333333333335,0.11351351351351352,21,-1.0,-1.0,ALERTA
AAPL,HL,kf_price_pred_val,185,383,0.04779136511105565,56,327,0.1462140992167102,0.22162162162162163,41,-0.7857142857142857,0.0,DETECTION
AAPL,HL,vwap_spread_tide_current,185,369,0.046044422261043175,51,318,0.13821138211382114,0.0972972972972973,18,-1.0,-1.0,ALERTA
AAPL,HL,tide_slope,185,422,0.05265784876466184,57,365,0.13507109004739337,0.11891891891891893,22,-1.0,-1.0,ALERTA
AAPL,HL,tension_current,185,312,0.03893186922884952,41,271,0.13141025641025642,0.11891891891891893,22,-0.926829268292683,-1.0,ALERTA
AAPL,HL,kf_conj_filt_vel,185,336,0.041926628400299475,41,295,0.12202380952380952,0.0972972972972973,18,-1.0,-1.0,ALERTA
AAPL,HL,current_slope,185,326,0.04067881207886199,38,288,0.1165644171779141,0.07567567567567568,14,-1.0789473684210527,-1.0,ALERTA
AAPL,HL,wave_accel,185,336,0.041926628400299475,38,298,0.1130952380952381,0.12972972972972974,24,-1.1842105263157894,-1.0,ALERTA
AAPL,HL,conj_current_tide,185,402,0.050162216121786875,41,361,0.10199004975124377,0.08108108108108109,15,-1.024390243902439,-1.0,ALERTA
AAPL,HL,kf_price_innovation,185,402,0.050162216121786875,41,361,0.10199004975124377,0.17297297297297298,32,-1.2682926829268293,-1.0,ALERTA
AAPL,HL,tension_wave,185,216,0.026952832543049664,22,194,0.10185185185185185,0.07567567567567568,14,-1.0,-1.0,ALERTA
AAPL,HL,kf_rvol_pred_val,185,295,0.03681058148240579,30,265,0.1016949152542373,0.11891891891891893,22,-1.1333333333333333,-1.0,ALERTA
AAPL,HL,tide_accel,185,326,0.04067881207886199,33,293,0.10122699386503067,0.08648648648648649,16,-1.0909090909090908,-1.0,ALERTA
AAPL,HL,kf_rvol_filt_vel,185,360,0.04492138757174944,36,324,0.1,0.14594594594594595,27,-0.9444444444444444,-1.0,ALERTA
AAPL,HL,vwap_sigma_wave,185,153,0.01909158971799351,15,138,0.09803921568627451,0.05405405405405406,10,-0.8,-1.0,ALERTA
AAPL,HL,current_accel,185,349,0.04354878961816821,34,315,0.09742120343839542,0.08648648648648649,16,-1.0,-1.0,ALERTA
AAPL,HL,conj_wave_tide,185,308,0.03843274270027452,29,279,0.09415584415584416,0.07027027027027027,13,-1.103448275862069,-1.0,ALERTA
AAPL,HL,conj_wave_current,185,312,0.03893186922884952,28,284,0.08974358974358974,0.07567567567567568,14,-1.1071428571428572,-1.0,ALERTA
AAPL,HL,wave_slope,185,299,0.03730970801098078,25,274,0.08361204013377926,0.06486486486486487,12,-1.16,-1.0,ALERTA
AAPL,HL,kf_conj_pred_val,185,313,0.03905665086099326,25,288,0.07987220447284345,0.06486486486486487,12,-1.04,-1.0,ALERTA
AAPL,HL,kf_tension_pred_val,185,338,0.04217619166458697,24,314,0.07100591715976332,0.07027027027027027,13,-0.875,-1.0,ALERTA
AAPL,HL,tension_tide,185,336,0.041926628400299475,21,315,0.0625,0.05945945945945946,11,-0.8571428571428571,-1.0,ALERTA
AAPL,HL,kf_rsi_pred_val,185,277,0.03456451210381832,12,265,0.04332129963898917,0.04864864864864865,9,-0.9166666666666666,-1.0,ALERTA
AAPL,HL,vwap_sigma_tide,185,181,0.022585475418018468,7,174,0.03867403314917127,0.016216216216216217,3,-1.0,-1.0,ALERTA
AAPL,HL,vwap_sigma_current,185,171,0.021337659096580985,6,165,0.03508771929824561,0.02702702702702703,5,-0.6666666666666666,-0.5,DETECTION
AAPL,HL,sigma_tide,185,290,0.03618667332168705,10,280,0.034482758620689655,0.03783783783783784,7,-0.9,-1.0,ALERTA
AAPL,HL,rsi_value,185,295,0.03681058148240579,6,289,0.020338983050847456,0.02702702702702703,5,-0.8333333333333334,-0.5,DETECTION
AAPL,HH,kf_price_pred_val,180,383,0.04779136511105565,65,318,0.16971279373368145,0.2611111111111111,47,-0.6307692307692307,0.0,DETECTION
AAPL,HH,wave_accel,180,336,0.041926628400299475,53,283,0.15773809523809523,0.17222222222222222,31,-0.8113207547169812,-1.0,ALERTA
AAPL,HH,vwap_spread_tide_wave,180,375,0.04679311205390566,58,317,0.15466666666666667,0.12222222222222222,22,-1.0172413793103448,-1.0,ALERTA
AAPL,HH,current_accel,180,349,0.04354878961816821,51,298,0.14613180515759314,0.1388888888888889,25,-0.9019607843137255,-1.0,ALERTA
AAPL,HH,tide_slope,180,422,0.05265784876466184,61,361,0.14454976303317535,0.1388888888888889,25,-1.0327868852459017,-1.0,ALERTA
AAPL,HH,kf_price_filt_vel,180,384,0.0479161467431994,54,330,0.140625,0.22777777777777777,41,-0.7037037037037037,0.0,DETECTION
AAPL,HH,sigma_wave,180,251,0.03132018966808086,35,216,0.1394422310756972,0.15555555555555556,28,-0.5142857142857142,0.0,DETECTION
AAPL,HH,kf_rvol_pred_val,180,295,0.03681058148240579,41,254,0.13898305084745763,0.18333333333333332,33,-0.6341463414634146,0.0,DETECTION
AAPL,HH,vwap_spread_tide_current,180,369,0.046044422261043175,51,318,0.13821138211382114,0.10555555555555556,19,-1.0,-1.0,ALERTA
AAPL,HH,kf_conj_filt_vel,180,336,0.041926628400299475,44,292,0.13095238095238096,0.11666666666666667,21,-0.9318181818181818,-1.0,ALERTA
AAPL,HH,sigma_current,180,270,0.03369104067881208,32,238,0.11851851851851852,0.12222222222222222,22,-0.5625,0.0,DETECTION
AAPL,HH,kf_tension_filt_vel,180,481,0.060019965061143,57,424,0.11850311850311851,0.17777777777777778,32,-0.8245614035087719,-1.0,ALERTA
AAPL,HH,kf_rvol_filt_vel,180,360,0.04492138757174944,42,318,0.11666666666666667,0.2,36,-0.6904761904761905,-0.5,DETECTION
AAPL,HH,tide_accel,180,326,0.04067881207886199,38,288,0.1165644171779141,0.09444444444444444,17,-0.9473684210526315,-1.0,ALERTA
AAPL,HH,vwap_spread_current_wave,180,390,0.04866483653606189,44,346,0.11282051282051282,0.08333333333333333,15,-0.9772727272727273,-1.0,ALERTA
AAPL,HH,tension_current,180,312,0.03893186922884952,35,277,0.11217948717948718,0.09444444444444444,17,-0.8571428571428571,-1.0,ALERTA
AAPL,HH,wave_slope,180,299,0.03730970801098078,33,266,0.11036789297658862,0.08888888888888889,16,-0.9090909090909091,-1.0,ALERTA
AAPL,HH,conj_current_tide,180,402,0.050162216121786875,40,362,0.09950248756218906,0.08333333333333333,15,-1.0,-1.0,ALERTA
AAPL,HH,conj_wave_current,180,312,0.03893186922884952,31,281,0.09935897435897435,0.07222222222222222,13,-0.967741935483871,-1.0,ALERTA
AAPL,HH,kf_rsi_pred_val,180,277,0.03456451210381832,27,250,0.09747292418772563,0.08333333333333333,15,-0.7407407407407407,-1.0,ALERTA
AAPL,HH,compression_ratio,180,435,0.054280009982530575,42,393,0.09655172413793103,0.10555555555555556,19,-0.8333333333333334,-1.0,ALERTA
AAPL,HH,rsi_value,180,295,0.03681058148240579,27,268,0.09152542372881356,0.07777777777777778,14,-0.8148148148148148,-1.0,ALERTA
AAPL,HH,current_slope,180,326,0.04067881207886199,29,297,0.08895705521472393,0.06111111111111111,11,-0.9310344827586207,-1.0,ALERTA
AAPL,HH,conj_wave_tide,180,308,0.03843274270027452,26,282,0.08441558441558442,0.06666666666666667,12,-1.0384615384615385,-1.0,ALERTA
AAPL,HH,kf_conj_pred_val,180,313,0.03905665086099326,26,287,0.08306709265175719,0.06666666666666667,12,-1.0384615384615385,-1.0,ALERTA
AAPL,HH,tension_tide,180,336,0.041926628400299475,27,309,0.08035714285714286,0.08333333333333333,15,-0.9259259259259259,-1.0,ALERTA
AAPL,HH,kf_tension_pred_val,180,338,0.04217619166458697,27,311,0.07988165680473373,0.08333333333333333,15,-0.9259259259259259,-1.0,ALERTA
AAPL,HH,kf_price_innovation,180,402,0.050162216121786875,30,372,0.07462686567164178,0.15555555555555556,28,-0.8333333333333334,-1.0,ALERTA
AAPL,HH,kf_rsi_filt_vel,180,388,0.048415273271774396,25,363,0.06443298969072164,0.10555555555555556,19,-0.76,-1.0,ALERTA
AAPL,HH,sigma_tide,180,290,0.03618667332168705,16,274,0.05517241379310345,0.06111111111111111,11,-0.625,0.0,DETECTION
AAPL,HH,tension_wave,180,216,0.026952832543049664,8,208,0.037037037037037035,0.03333333333333333,6,-1.0,-1.0,ALERTA
AAPL,HH,vwap_sigma_tide,180,181,0.022585475418018468,5,176,0.027624309392265192,0.011111111111111112,2,-1.2,-1.0,ALERTA
AAPL,HH,vwap_sigma_wave,180,153,0.01909158971799351,4,149,0.026143790849673203,0.022222222222222223,4,-0.25,0.0,DETECTION
AAPL,HH,vwap_sigma_current,180,171,0.021337659096580985,4,167,0.023391812865497075,0.022222222222222223,4,-0.5,0.0,DETECTION
AAPL,LH,kf_price_filt_vel,164,384,0.0479161467431994,72,312,0.1875,0.35365853658536583,58,-0.8194444444444444,-1.0,ALERTA
AAPL,LH,tension_wave,164,216,0.026952832543049664,39,177,0.18055555555555555,0.1402439024390244,23,-0.6666666666666666,0.0,DETECTION
AAPL,LH,kf_price_innovation,164,402,0.050162216121786875,69,333,0.17164179104477612,0.32926829268292684,54,-0.9710144927536232,-1.0,ALERTA
AAPL,LH,current_slope,164,326,0.04067881207886199,51,275,0.15644171779141106,0.12195121951219512,20,-0.9607843137254902,-1.0,ALERTA
AAPL,LH,kf_conj_filt_vel,164,336,0.041926628400299475,52,284,0.15476190476190477,0.13414634146341464,22,-0.9615384615384616,-1.0,ALERTA
AAPL,LH,conj_current_tide,164,402,0.050162216121786875,62,340,0.15422885572139303,0.14634146341463414,24,-0.9838709677419355,-1.0,ALERTA
AAPL,LH,kf_price_pred_val,164,383,0.04779136511105565,59,324,0.15404699738903394,0.27439024390243905,45,-0.9661016949152542,-1.0,ALERTA
AAPL,LH,conj_wave_tide,164,308,0.03843274270027452,45,263,0.1461038961038961,0.0975609756097561,16,-1.0222222222222221,-1.0,ALERTA
AAPL,LH,kf_conj_pred_val,164,313,0.03905665086099326,45,268,0.14376996805111822,0.10365853658536585,17,-1.0,-1.0,ALERTA
AAPL,LH,wave_accel,164,336,0.041926628400299475,47,289,0.13988095238095238,0.16463414634146342,27,-1.1063829787234043,-1.0,ALERTA
AAPL,LH,conj_wave_current,164,312,0.03893186922884952,43,269,0.13782051282051283,0.0975609756097561,16,-1.0,-1.0,ALERTA
AAPL,LH,wave_slope,164,299,0.03730970801098078,40,259,0.13377926421404682,0.09146341463414634,15,-1.0,-1.0,ALERTA
AAPL,LH,vwap_spread_current_wave,164,390,0.04866483653606189,51,339,0.13076923076923078,0.12804878048780488,21,-1.0196078431372548,-1.0,ALERTA
AAPL,LH,vwap_sigma_tide,164,181,0.022585475418018468,22,159,0.12154696132596685,0.07926829268292683,13,-1.2727272727272727,-1.0,ALERTA
AAPL,LH,compression_ratio,164,435,0.054280009982530575,50,385,0.11494252873563218,0.11585365853658537,19,-0.98,-1.0,ALERTA
AAPL,LH,current_accel,164,349,0.04354878961816821,40,309,0.11461318051575932,0.11585365853658537,19,-1.025,-1.0,ALERTA
AAPL,LH,tide_accel,164,326,0.04067881207886199,35,291,0.10736196319018405,0.10365853658536585,17,-1.0,-1.0,ALERTA
AAPL,LH,tide_slope,164,422,0.05265784876466184,45,377,0.1066350710900474,0.0975609756097561,16,-1.0,-1.0,ALERTA
AAPL,LH,vwap_spread_tide_current,164,369,0.046044422261043175,35,334,0.0948509485094851,0.08536585365853659,14,-1.0285714285714285,-1.0,ALERTA
AAPL,LH,vwap_spread_tide_wave,164,375,0.04679311205390566,33,342,0.088,0.07926829268292683,13,-1.0,-1.0,ALERTA
AAPL,LH,tension_current,164,312,0.03893186922884952,27,285,0.08653846153846154,0.0975609756097561,16,-0.8888888888888888,-1.0,ALERTA
AAPL,LH,sigma_tide,164,290,0.03618667332168705,24,266,0.08275862068965517,0.07926829268292683,13,-1.3333333333333333,-1.5,ALERTA
AAPL,LH,vwap_sigma_current,164,171,0.021337659096580985,13,158,0.07602339181286549,0.054878048780487805,9,-1.5384615384615385,-2.0,ALERTA
AAPL,LH,kf_tension_filt_vel,164,481,0.060019965061143,36,445,0.07484407484407485,0.1402439024390244,23,-0.9166666666666666,-1.0,ALERTA
AAPL,LH,kf_rsi_filt_vel,164,388,0.048415273271774396,26,362,0.06701030927835051,0.10365853658536585,17,-0.7307692307692307,-0.5,DETECTION
AAPL,LH,tension_tide,164,336,0.041926628400299475,22,314,0.06547619047619048,0.07317073170731707,12,-1.1818181818181819,-1.0,ALERTA
AAPL,LH,kf_rvol_pred_val,164,295,0.03681058148240579,19,276,0.06440677966101695,0.0975609756097561,16,-0.9473684210526315,-1.0,ALERTA
AAPL,LH,sigma_wave,164,251,0.03132018966808086,16,235,0.06374501992031872,0.08536585365853659,14,-0.875,-1.0,ALERTA
AAPL,LH,sigma_current,164,270,0.03369104067881208,17,253,0.06296296296296296,0.07926829268292683,13,-1.1764705882352942,-1.0,ALERTA
AAPL,LH,kf_tension_pred_val,164,338,0.04217619166458697,21,317,0.0621301775147929,0.06707317073170732,11,-1.1428571428571428,-1.0,ALERTA
AAPL,LH,vwap_sigma_wave,164,153,0.01909158971799351,9,144,0.058823529411764705,0.04878048780487805,8,-1.7777777777777777,-2.0,ALERTA
AAPL,LH,kf_rsi_pred_val,164,277,0.03456451210381832,16,261,0.05776173285198556,0.06097560975609756,10,-1.4375,-1.5,ALERTA
AAPL,LH,rsi_value,164,295,0.03681058148240579,16,279,0.05423728813559322,0.054878048780487805,9,-1.375,-1.5,ALERTA
AAPL,LH,kf_rvol_filt_vel,164,360,0.04492138757174944,15,345,0.041666666666666664,0.07926829268292683,13,-0.8666666666666667,-1.0,ALERTA
AMZN,LL,vwap_sigma_current,66,133,0.028982349095663544,56,77,0.42105263157894735,0.5,33,-0.6607142857142857,0.0,DETECTION
AMZN,LL,vwap_sigma_wave,66,122,0.026585312704292874,39,83,0.319672131147541,0.3939393939393939,26,-0.6410256410256411,0.0,DETECTION
AMZN,LL,sigma_tide,66,177,0.03857049466114622,46,131,0.2598870056497175,0.3787878787878788,25,-0.717391304347826,-1.0,ALERTA
AMZN,LL,rsi_value,66,159,0.03464807147526694,36,123,0.22641509433962265,0.3333333333333333,22,-0.6388888888888888,0.0,DETECTION
AMZN,LL,vwap_sigma_tide,66,201,0.04380039224231859,43,158,0.21393034825870647,0.2878787878787879,19,-0.8372093023255814,-1.0,ALERTA
AMZN,LL,kf_rsi_pred_val,66,164,0.03573763347134452,29,135,0.17682926829268292,0.25757575757575757,17,-0.6896551724137931,0.0,DETECTION
AMZN,LL,fear_level,66,262,0.057093048594465026,42,220,0.16030534351145037,0.22727272727272727,15,-0.9523809523809523,-1.0,ALERTA
AMZN,LL,kf_price_pred_val,66,209,0.04554369143604271,33,176,0.15789473684210525,0.42424242424242425,28,-0.9393939393939394,-1.0,ALERTA
AMZN,LL,wave_accel,66,216,0.04706907823055132,32,184,0.14814814814814814,0.2878787878787879,19,-0.84375,-1.0,ALERTA
AMZN,LL,current_accel,66,205,0.04467204183918065,30,175,0.14634146341463414,0.2878787878787879,19,-0.8,-1.0,ALERTA
AMZN,LL,kf_tension_pred_val,66,194,0.04227500544780998,28,166,0.14432989690721648,0.21212121212121213,14,-0.9285714285714286,-1.0,ALERTA
AMZN,LL,sigma_current,66,172,0.03748093266506864,24,148,0.13953488372093023,0.21212121212121213,14,-0.8333333333333334,-1.0,ALERTA
AMZN,LL,wave_slope,66,175,0.03813466986271519,23,152,0.13142857142857142,0.15151515151515152,10,-0.9565217391304348,-1.0,ALERTA
AMZN,LL,tension_tide,66,192,0.04183918064937895,24,168,0.125,0.18181818181818182,12,-1.0,-1.0,ALERTA
AMZN,LL,kf_price_innovation,66,202,0.044018304641534105,25,177,0.12376237623762376,0.2727272727272727,18,-1.0,-1.0,ALERTA
AMZN,LL,current_slope,66,219,0.04772281542819787,27,192,0.1232876712328767,0.13636363636363635,9,-1.0,-1.0,ALERTA
AMZN,LL,kf_conj_pred_val,66,228,0.0496840270211375,28,200,0.12280701754385964,0.21212121212121213,14,-0.8928571428571429,-1.0,ALERTA
AMZN,LL,conj_wave_tide,66,228,0.0496840270211375,27,201,0.11842105263157894,0.19696969696969696,13,-0.9629629629629629,-1.0,ALERTA
AMZN,LL,conj_wave_current,66,179,0.03900631945957725,21,158,0.11731843575418995,0.13636363636363635,9,-1.0,-1.0,ALERTA
AMZN,LL,kf_conj_filt_vel,66,193,0.042057093048594466,22,171,0.11398963730569948,0.18181818181818182,12,-0.7272727272727273,-0.5,DETECTION
AMZN,LL,vwap_spread_current_wave,66,223,0.04859446502505992,25,198,0.11210762331838565,0.15151515151515152,10,-0.88,-1.0,ALERTA
AMZN,LL,conj_current_tide,66,234,0.05099150141643059,25,209,0.10683760683760683,0.13636363636363635,9,-0.92,-1.0,ALERTA
AMZN,LL,vwap_spread_tide_wave,66,223,0.04859446502505992,22,201,0.09865470852017937,0.13636363636363635,9,-0.9090909090909091,-1.0,ALERTA
AMZN,LL,kf_price_filt_vel,66,198,0.04314665504467204,19,179,0.09595959595959595,0.2727272727272727,18,-0.8421052631578947,0.0,DETECTION
AMZN,LL,sigma_wave,66,147,0.03203312268468076,13,134,0.08843537414965986,0.18181818181818182,12,-0.6153846153846154,0.0,DETECTION
AMZN,LL,tide_slope,66,230,0.05011985181956853,20,210,0.08695652173913043,0.12121212121212122,8,-0.95,-1.0,ALERTA
AMZN,LL,kf_rvol_pred_val,66,167,0.03639137066899106,14,153,0.08383233532934131,0.15151515151515152,10,-1.0,-1.0,ALERTA
AMZN,LL,kf_rvol_filt_vel,66,220,0.04794072782741338,18,202,0.08181818181818182,0.21212121212121213,14,-0.9444444444444444,-1.0,ALERTA
AMZN,LL,kf_tension_filt_vel,66,207,0.04510786663761168,16,191,0.07729468599033816,0.16666666666666666,11,-0.8125,-1.0,ALERTA
AMZN,LL,tide_accel,66,176,0.0383525822619307,13,163,0.07386363636363637,0.10606060606060606,7,-0.8461538461538461,-1.0,ALERTA
AMZN,LL,vwap_spread_tide_current,66,213,0.046415341032904775,15,198,0.07042253521126761,0.10606060606060606,7,-1.0,-1.0,ALERTA
AMZN,LL,compression_ratio,66,220,0.04794072782741338,13,207,0.05909090909090909,0.09090909090909091,6,-0.9230769230769231,-1.0,ALERTA
AMZN,LL,kf_rsi_filt_vel,66,206,0.04488995423839617,8,198,0.038834951456310676,0.09090909090909091,6,-0.625,-0.5,DETECTION
AMZN,LL,tension_wave,66,141,0.030725648289387668,5,136,0.03546099290780142,0.030303030303030304,2,-1.2,-1.0,ALERTA
AMZN,LL,tension_current,66,203,0.04423621704074962,3,200,0.014778325123152709,0.015151515151515152,1,-1.0,-1.0,ALERTA
AMZN,HL,kf_tension_filt_vel,97,207,0.04510786663761168,34,173,0.1642512077294686,0.1958762886597938,19,-0.6470588235294118,0.0,DETECTION
AMZN,HL,sigma_wave,97,147,0.03203312268468076,23,124,0.1564625850340136,0.16494845360824742,16,-0.6086956521739131,0.0,DETECTION
AMZN,HL,sigma_current,97,172,0.03748093266506864,24,148,0.13953488372093023,0.15463917525773196,15,-0.5416666666666666,0.0,DETECTION
AMZN,HL,kf_rsi_filt_vel,97,206,0.04488995423839617,28,178,0.13592233009708737,0.1958762886597938,19,-0.75,-1.0,ALERTA
AMZN,HL,tension_current,97,203,0.04423621704074962,24,179,0.11822660098522167,0.13402061855670103,13,-0.8333333333333334,-1.0,ALERTA
AMZN,HL,vwap_sigma_wave,97,122,0.026585312704292874,14,108,0.11475409836065574,0.09278350515463918,9,-0.5714285714285714,0.0,DETECTION
AMZN,HL,vwap_spread_tide_current,97,213,0.046415341032904775,24,189,0.11267605633802817,0.12371134020618557,12,-1.0,-1.0,ALERTA
AMZN,HL,vwap_spread_current_wave,97,223,0.04859446502505992,25,198,0.11210762331838565,0.10309278350515463,10,-0.96,-1.0,ALERTA
AMZN,HL,kf_price_pred_val,97,209,0.04554369143604271,22,187,0.10526315789473684,0.21649484536082475,21,-0.7272727272727273,-0.5,DETECTION
AMZN,HL,conj_current_tide,97,234,0.05099150141643059,24,210,0.10256410256410256,0.09278350515463918,9,-1.0,-1.0,ALERTA
AMZN,HL,kf_rvol_pred_val,97,167,0.03639137066899106,17,150,0.10179640718562874,0.1134020618556701,11,-1.0,-1.0,ALERTA
AMZN,HL,kf_price_filt_vel,97,198,0.04314665504467204,19,179,0.09595959595959595,0.15463917525773196,15,-0.5789473684210527,0.0,DETECTION
AMZN,HL,vwap_spread_tide_wave,97,223,0.04859446502505992,21,202,0.09417040358744394,0.1134020618556701,11,-1.0,-1.0,ALERTA
AMZN,HL,current_accel,97,205,0.04467204183918065,19,186,0.09268292682926829,0.1134020618556701,11,-1.105263157894737,-1.0,ALERTA
AMZN,HL,tide_slope,97,230,0.05011985181956853,21,209,0.09130434782608696,0.1134020618556701,11,-1.0,-1.0,ALERTA
AMZN,HL,compression_ratio,97,220,0.04794072782741338,20,200,0.09090909090909091,0.08247422680412371,8,-0.95,-1.0,ALERTA
AMZN,HL,wave_accel,97,216,0.04706907823055132,19,197,0.08796296296296297,0.13402061855670103,13,-0.8421052631578947,-1.0,ALERTA
AMZN,HL,kf_conj_pred_val,97,228,0.0496840270211375,20,208,0.08771929824561403,0.07216494845360824,7,-0.95,-1.0,ALERTA
AMZN,HL,kf_rvol_filt_vel,97,220,0.04794072782741338,19,201,0.08636363636363636,0.14432989690721648,14,-1.105263157894737,-1.0,ALERTA
AMZN,HL,conj_wave_tide,97,228,0.0496840270211375,19,209,0.08333333333333333,0.07216494845360824,7,-0.9473684210526315,-1.0,ALERTA
AMZN,HL,kf_conj_filt_vel,97,193,0.042057093048594466,16,177,0.08290155440414508,0.09278350515463918,9,-1.125,-1.0,ALERTA
AMZN,HL,current_slope,97,219,0.04772281542819787,18,201,0.0821917808219178,0.08247422680412371,8,-1.1111111111111112,-1.0,ALERTA
AMZN,HL,vwap_sigma_tide,97,201,0.04380039224231859,16,185,0.07960199004975124,0.07216494845360824,7,-0.8125,-1.0,ALERTA
AMZN,HL,wave_slope,97,175,0.03813466986271519,13,162,0.07428571428571429,0.05154639175257732,5,-1.0769230769230769,-1.0,ALERTA
AMZN,HL,conj_wave_current,97,179,0.03900631945957725,13,166,0.07262569832402235,0.061855670103092786,6,-1.0769230769230769,-1.0,ALERTA
AMZN,HL,kf_price_innovation,97,202,0.044018304641534105,14,188,0.06930693069306931,0.13402061855670103,13,-0.9285714285714286,-1.0,ALERTA
AMZN,HL,tide_accel,97,176,0.0383525822619307,12,164,0.06818181818181818,0.07216494845360824,7,-1.0833333333333333,-1.0,ALERTA
AMZN,HL,rsi_value,97,159,0.03464807147526694,9,150,0.05660377358490566,0.061855670103092786,6,-0.4444444444444444,0.0,DETECTION
AMZN,HL,kf_tension_pred_val,97,194,0.04227500544780998,10,184,0.05154639175257732,0.07216494845360824,7,-0.9,-1.0,ALERTA
AMZN,HL,tension_wave,97,141,0.030725648289387668,7,134,0.04964539007092199,0.07216494845360824,7,-0.5714285714285714,-1.0,ALERTA
AMZN,HL,kf_rsi_pred_val,97,164,0.03573763347134452,8,156,0.04878048780487805,0.061855670103092786,6,-0.25,0.0,DETECTION
AMZN,HL,fear_level,97,262,0.057093048594465026,12,250,0.04580152671755725,0.05154639175257732,5,-0.8333333333333334,-1.0,ALERTA
AMZN,HL,tension_tide,97,192,0.04183918064937895,8,184,0.041666666666666664,0.041237113402061855,4,-0.75,-0.5,DETECTION
AMZN,HL,vwap_sigma_current,97,133,0.028982349095663544,5,128,0.03759398496240601,0.041237113402061855,4,-0.6,0.0,DETECTION
AMZN,HL,sigma_tide,97,177,0.03857049466114622,2,175,0.011299435028248588,0.020618556701030927,2,-1.5,-1.5,ALERTA
AMZN,HH,kf_rvol_pred_val,90,167,0.03639137066899106,25,142,0.1497005988023952,0.2111111111111111,19,-0.84,-1.0,ALERTA
AMZN,HH,wave_slope,90,175,0.03813466986271519,26,149,0.14857142857142858,0.1111111111111111,10,-0.9615384615384616,-1.0,ALERTA
AMZN,HH,kf_rvol_filt_vel,90,220,0.04794072782741338,28,192,0.12727272727272726,0.26666666666666666,24,-0.9285714285714286,-1.0,ALERTA
AMZN,HH,rsi_value,90,159,0.03464807147526694,20,139,0.12578616352201258,0.13333333333333333,12,-0.6,0.0,DETECTION
AMZN,HH,tide_accel,90,176,0.0383525822619307,22,154,0.125,0.1111111111111111,10,-0.8636363636363636,-1.0,ALERTA
AMZN,HH,conj_current_tide,90,234,0.05099150141643059,29,205,0.12393162393162394,0.12222222222222222,11,-1.0,-1.0,ALERTA
AMZN,HH,kf_price_pred_val,90,209,0.04554369143604271,24,185,0.11483253588516747,0.2222222222222222,20,-0.75,-1.0,ALERTA
AMZN,HH,conj_wave_tide,90,228,0.0496840270211375,26,202,0.11403508771929824,0.12222222222222222,11,-1.0,-1.0,ALERTA
AMZN,HH,current_accel,90,205,0.04467204183918065,23,182,0.11219512195121951,0.13333333333333333,12,-0.8260869565217391,-1.0,ALERTA
AMZN,HH,kf_conj_pred_val,90,228,0.0496840270211375,25,203,0.10964912280701754,0.1111111111111111,10,-0.96,-1.0,ALERTA
AMZN,HH,sigma_tide,90,177,0.03857049466114622,19,158,0.10734463276836158,0.1,9,-0.7368421052631579,-1.0,ALERTA
AMZN,HH,wave_accel,90,216,0.04706907823055132,23,193,0.10648148148148148,0.16666666666666666,15,-0.6086956521739131,0.0,DETECTION
AMZN,HH,sigma_current,90,172,0.03748093266506864,17,155,0.09883720930232558,0.13333333333333333,12,-0.6470588235294118,0.0,DETECTION
AMZN,HH,vwap_spread_tide_wave,90,223,0.04859446502505992,22,201,0.09865470852017937,0.13333333333333333,12,-0.9545454545454546,-1.0,ALERTA
AMZN,HH,vwap_spread_tide_current,90,213,0.046415341032904775,21,192,0.09859154929577464,0.1111111111111111,10,-1.0,-1.0,ALERTA
AMZN,HH,kf_rsi_pred_val,90,164,0.03573763347134452,16,148,0.0975609756097561,0.08888888888888889,8,-0.6875,-0.5,DETECTION
AMZN,HH,kf_price_filt_vel,90,198,0.04314665504467204,17,181,0.08585858585858586,0.2,18,-1.0,-1.0,ALERTA
AMZN,HH,sigma_wave,90,147,0.03203312268468076,12,135,0.08163265306122448,0.08888888888888889,8,-0.5,-0.5,DETECTION
AMZN,HH,kf_price_innovation,90,202,0.044018304641534105,16,186,0.07920792079207921,0.15555555555555556,14,-0.8125,-1.0,ALERTA
AMZN,HH,vwap_spread_current_wave,90,223,0.04859446502505992,17,206,0.07623318385650224,0.07777777777777778,7,-1.0588235294117647,-1.0,ALERTA
AMZN,HH,vwap_sigma_tide,90,201,0.04380039224231859,15,186,0.07462686567164178,0.08888888888888889,8,-1.1333333333333333,-1.0,ALERTA
AMZN,HH,tension_current,90,203,0.04423621704074962,15,188,0.07389162561576355,0.06666666666666667,6,-0.9333333333333333,-1.0,ALERTA
AMZN,HH,current_slope,90,219,0.04772281542819787,16,203,0.0730593607305936,0.06666666666666667,6,-0.9375,-1.0,ALERTA
AMZN,HH,tension_tide,90,192,0.04183918064937895,14,178,0.07291666666666667,0.07777777777777778,7,-0.7142857142857143,-0.5,DETECTION
AMZN,HH,kf_tension_pred_val,90,194,0.04227500544780998,14,180,0.07216494845360824,0.07777777777777778,7,-0.7142857142857143,-0.5,DETECTION
AMZN,HH,tide_slope,90,230,0.05011985181956853,15,215,0.06521739130434782,0.1111111111111111,10,-1.0,-1.0,ALERTA
AMZN,HH,tension_wave,90,141,0.030725648289387668,9,132,0.06382978723404255,0.07777777777777778,7,-1.0,-1.0,ALERTA
AMZN,HH,kf_tension_filt_vel,90,207,0.04510786663761168,13,194,0.06280193236714976,0.1111111111111111,10,-0.6153846153846154,0.0,DETECTION
AMZN,HH,fear_level,90,262,0.057093048594465026,15,247,0.05725190839694656,0.06666666666666667,6,-1.0,-1.0,ALERTA
AMZN,HH,kf_conj_filt_vel,90,193,0.042057093048594466,11,182,0.05699481865284974,0.07777777777777778,7,-0.6363636363636364,0.0,DETECTION
AMZN,HH,conj_wave_current,90,179,0.03900631945957725,10,169,0.055865921787709494,0.08888888888888889,8,-0.9,-1.0,ALERTA
AMZN,HH,kf_rsi_filt_vel,90,206,0.04488995423839617,10,196,0.04854368932038835,0.07777777777777778,7,-0.8,-1.0,ALERTA
AMZN,HH,compression_ratio,90,220,0.04794072782741338,10,210,0.045454545454545456,0.044444444444444446,4,-0.9,-1.0,ALERTA
AMZN,HH,vwap_sigma_current,90,133,0.028982349095663544,5,128,0.03759398496240601,0.03333333333333333,3,-0.4,0.0,DETECTION
AMZN,HH,vwap_sigma_wave,90,122,0.026585312704292874,3,119,0.02459016393442623,0.03333333333333333,3,-0.6666666666666666,-1.0,ALERTA
AMZN,LH,kf_price_filt_vel,73,198,0.04314665504467204,34,164,0.1717171717171717,0.3698630136986301,27,-0.7058823529411765,-1.0,ALERTA
AMZN,LH,vwap_sigma_tide,73,201,0.04380039224231859,30,171,0.14925373134328357,0.1780821917808219,13,-1.1333333333333333,-1.0,ALERTA
AMZN,LH,kf_price_innovation,73,202,0.044018304641534105,30,172,0.1485148514851485,0.3424657534246575,25,-0.7666666666666667,-1.0,ALERTA
AMZN,LH,kf_price_pred_val,73,209,0.04554369143604271,31,178,0.14832535885167464,0.3287671232876712,24,-0.6774193548387096,-1.0,ALERTA
AMZN,LH,conj_wave_tide,73,228,0.0496840270211375,32,196,0.14035087719298245,0.1780821917808219,13,-1.0625,-1.0,ALERTA
AMZN,LH,conj_wave_current,73,179,0.03900631945957725,25,154,0.13966480446927373,0.136986301369863,10,-1.04,-1.0,ALERTA
AMZN,LH,kf_conj_pred_val,73,228,0.0496840270211375,31,197,0.13596491228070176,0.1780821917808219,13,-1.096774193548387,-1.0,ALERTA
AMZN,LH,tension_tide,73,192,0.04183918064937895,25,167,0.13020833333333334,0.136986301369863,10,-1.0,-1.0,ALERTA
AMZN,LH,fear_level,73,262,0.057093048594465026,32,230,0.12213740458015267,0.1780821917808219,13,-1.09375,-1.0,ALERTA
AMZN,LH,tension_wave,73,141,0.030725648289387668,17,124,0.12056737588652482,0.136986301369863,10,-0.8823529411764706,-1.0,ALERTA
AMZN,LH,wave_slope,73,175,0.03813466986271519,21,154,0.12,0.1095890410958904,8,-0.9523809523809523,-1.0,ALERTA
AMZN,LH,kf_tension_pred_val,73,194,0.04227500544780998,23,171,0.11855670103092783,0.1506849315068493,11,-1.0434782608695652,-1.0,ALERTA
AMZN,LH,vwap_spread_current_wave,73,223,0.04859446502505992,26,197,0.11659192825112108,0.1232876712328767,9,-1.0384615384615385,-1.0,ALERTA
AMZN,LH,current_slope,73,219,0.04772281542819787,22,197,0.1004566210045662,0.1095890410958904,8,-1.0454545454545454,-1.0,ALERTA
AMZN,LH,vwap_sigma_current,73,133,0.028982349095663544,13,120,0.09774436090225563,0.136986301369863,10,-1.5384615384615385,-2.0,ALERTA
AMZN,LH,vwap_spread_tide_wave,73,223,0.04859446502505992,21,202,0.09417040358744394,0.0958904109589041,7,-1.0,-1.0,ALERTA
AMZN,LH,tide_slope,73,230,0.05011985181956853,21,209,0.09130434782608696,0.1095890410958904,8,-1.0,-1.0,ALERTA
AMZN,LH,conj_current_tide,73,234,0.05099150141643059,21,213,0.08974358974358974,0.0958904109589041,7,-1.0,-1.0,ALERTA
AMZN,LH,vwap_spread_tide_current,73,213,0.046415341032904775,18,195,0.08450704225352113,0.0821917808219178,6,-1.0,-1.0,ALERTA
AMZN,LH,tension_current,73,203,0.04423621704074962,17,186,0.08374384236453201,0.0821917808219178,6,-1.0588235294117647,-1.0,ALERTA
AMZN,LH,kf_conj_filt_vel,73,193,0.042057093048594466,16,177,0.08290155440414508,0.1232876712328767,9,-1.125,-1.0,ALERTA
AMZN,LH,current_accel,73,205,0.04467204183918065,16,189,0.07804878048780488,0.136986301369863,10,-0.9375,-1.0,ALERTA
AMZN,LH,vwap_sigma_wave,73,122,0.026585312704292874,9,113,0.07377049180327869,0.1095890410958904,8,-1.5555555555555556,-2.0,ALERTA
AMZN,LH,kf_tension_filt_vel,73,207,0.04510786663761168,15,192,0.07246376811594203,0.136986301369863,10,-0.7333333333333333,-1.0,ALERTA
AMZN,LH,sigma_tide,73,177,0.03857049466114622,12,165,0.06779661016949153,0.1095890410958904,8,-1.5833333333333333,-2.0,ALERTA
AMZN,LH,compression_ratio,73,220,0.04794072782741338,14,206,0.06363636363636363,0.0821917808219178,6,-1.1428571428571428,-1.0,ALERTA
AMZN,LH,wave_accel,73,216,0.04706907823055132,11,205,0.05092592592592592,0.1232876712328767,9,-1.3636363636363635,-1.0,ALERTA
AMZN,LH,kf_rvol_pred_val,73,167,0.03639137066899106,6,161,0.03592814371257485,0.0958904109589041,7,-0.3333333333333333,0.0,DETECTION
AMZN,LH,sigma_current,73,172,0.03748093266506864,6,166,0.03488372093023256,0.0684931506849315,5,-1.0,-1.0,ALERTA
AMZN,LH,sigma_wave,73,147,0.03203312268468076,5,142,0.034013605442176874,0.0547945205479452,4,-1.0,-1.0,ALERTA
AMZN,LH,kf_rsi_filt_vel,73,206,0.04488995423839617,7,199,0.03398058252427184,0.0684931506849315,5,-0.8571428571428571,-1.0,ALERTA
AMZN,LH,kf_rsi_pred_val,73,164,0.03573763347134452,5,159,0.03048780487804878,0.0410958904109589,3,-1.6,-2.0,ALERTA
AMZN,LH,kf_rvol_filt_vel,73,220,0.04794072782741338,6,214,0.02727272727272727,0.0958904109589041,7,-0.3333333333333333,0.0,DETECTION
AMZN,LH,rsi_value,73,159,0.03464807147526694,4,155,0.025157232704402517,0.0410958904109589,3,-1.5,-1.5,ALERTA
AMZN,LH,tide_accel,73,176,0.0383525822619307,4,172,0.022727272727272728,0.0410958904109589,3,-0.75,-0.5,DETECTION
COST,LL,vwap_sigma_current,35,134,0.029155787641427327,37,97,0.27611940298507465,0.6,21,-0.6756756756756757,0.0,DETECTION
COST,LL,sigma_tide,35,156,0.033942558746736295,40,116,0.2564102564102564,0.5142857142857142,18,-0.8,-1.0,ALERTA
COST,LL,kf_rsi_pred_val,35,172,0.03742384682332463,29,143,0.1686046511627907,0.4,14,-0.8275862068965517,-1.0,ALERTA
COST,LL,rsi_value,35,185,0.04025239338555266,29,156,0.15675675675675677,0.42857142857142855,15,-0.7241379310344828,-1.0,ALERTA
COST,LL,vwap_sigma_tide,35,179,0.03894691035683203,27,152,0.15083798882681565,0.3142857142857143,11,-0.8888888888888888,-1.0,ALERTA
COST,LL,conj_wave_tide,35,209,0.04547432550043516,29,180,0.13875598086124402,0.3142857142857143,11,-0.9310344827586207,-1.0,ALERTA
COST,LL,kf_conj_pred_val,35,217,0.04721496953872933,30,187,0.1382488479262673,0.3142857142857143,11,-0.9333333333333333,-1.0,ALERTA
COST,LL,wave_slope,35,222,0.048302872062663184,30,192,0.13513513513513514,0.34285714285714286,12,-0.8666666666666667,-1.0,ALERTA
COST,LL,kf_price_pred_val,35,224,0.04873803307223673,27,197,0.12053571428571429,0.5142857142857142,18,-0.8888888888888888,-1.0,ALERTA
COST,LL,compression_ratio,35,153,0.03328981723237598,18,135,0.11764705882352941,0.2571428571428571,9,-1.0,-1.0,ALERTA
COST,LL,fear_level,35,140,0.030461270670147953,15,125,0.10714285714285714,0.14285714285714285,5,-1.0,-1.0,ALERTA
COST,LL,tide_accel,35,229,0.04982593559617058,23,206,0.10043668122270742,0.37142857142857144,13,-0.6956521739130435,-1.0,ALERTA
COST,LL,kf_rvol_pred_val,35,171,0.03720626631853786,17,154,0.09941520467836257,0.4,14,-0.8823529411764706,-1.0,ALERTA
COST,LL,sigma_current,35,176,0.038294168842471714,17,159,0.09659090909090909,0.2857142857142857,10,-0.7647058823529411,-1.0,ALERTA
COST,LL,kf_tension_pred_val,35,272,0.05918189730200174,26,246,0.09558823529411764,0.2857142857142857,10,-0.8846153846153846,-1.0,ALERTA
COST,LL,wave_accel,35,244,0.05308964316797215,23,221,0.0942622950819672,0.37142857142857144,13,-0.7391304347826086,-1.0,ALERTA
COST,LL,conj_wave_current,35,223,0.048520452567449954,21,202,0.09417040358744394,0.22857142857142856,8,-0.9047619047619048,-1.0,ALERTA
COST,LL,tension_tide,35,269,0.05852915578764143,24,245,0.08921933085501858,0.2857142857142857,10,-0.9166666666666666,-1.0,ALERTA
COST,LL,current_accel,35,223,0.048520452567449954,19,204,0.08520179372197309,0.2571428571428571,9,-0.7368421052631579,-1.0,ALERTA
COST,LL,kf_price_innovation,35,217,0.04721496953872933,18,199,0.08294930875576037,0.4,14,-1.0555555555555556,-1.0,ALERTA
COST,LL,vwap_sigma_wave,35,102,0.022193211488250653,8,94,0.0784313725490196,0.2,7,-0.75,-0.5,DETECTION
COST,LL,kf_rvol_filt_vel,35,203,0.044168842471714535,15,188,0.07389162561576355,0.34285714285714286,12,-0.8,-1.0,ALERTA
COST,LL,vwap_spread_current_wave,35,189,0.041122715404699736,13,176,0.06878306878306878,0.14285714285714285,5,-0.8461538461538461,-1.0,ALERTA
COST,LL,kf_price_filt_vel,35,205,0.044604003481288075,14,191,0.06829268292682927,0.34285714285714286,12,-1.0714285714285714,-1.0,ALERTA
COST,LL,vwap_spread_tide_current,35,190,0.04134029590948651,12,178,0.06315789473684211,0.11428571428571428,4,-1.0,-1.0,ALERTA
COST,LL,kf_conj_filt_vel,35,240,0.05221932114882506,15,225,0.0625,0.2,7,-0.8666666666666667,-1.0,ALERTA
COST,LL,vwap_spread_tide_wave,35,264,0.057441253263707574,15,249,0.056818181818181816,0.14285714285714285,5,-1.0,-1.0,ALERTA
COST,LL,kf_tension_filt_vel,35,246,0.05352480417754569,13,233,0.052845528455284556,0.3142857142857143,11,-0.9230769230769231,-1.0,ALERTA
COST,LL,sigma_wave,35,152,0.03307223672758921,8,144,0.05263157894736842,0.17142857142857143,6,-0.875,-1.0,ALERTA
COST,LL,current_slope,35,211,0.0459094865100087,10,201,0.04739336492890995,0.11428571428571428,4,-0.8,-1.0,ALERTA
COST,LL,kf_rsi_filt_vel,35,216,0.04699738903394256,10,206,0.046296296296296294,0.17142857142857143,6,-1.1,-1.0,ALERTA
COST,LL,tide_slope,35,228,0.04960835509138381,9,219,0.039473684210526314,0.08571428571428572,3,-1.0,-1.0,ALERTA
COST,LL,conj_current_tide,35,215,0.04677980852915579,4,211,0.018604651162790697,0.05714285714285714,2,-0.75,-0.5,DETECTION
COST,LL,tension_wave,35,104,0.022628372497824196,1,103,0.009615384615384616,0.02857142857142857,1,-1.0,-1.0,ALERTA
COST,LL,tension_current,35,209,0.04547432550043516,0,209,0.0,0.0,0,0.0,0.0,DETECTION
COST,HL,vwap_sigma_wave,57,102,0.022193211488250653,25,77,0.24509803921568626,0.3157894736842105,18,-0.64,0.0,DETECTION
COST,HL,kf_price_pred_val,57,224,0.04873803307223673,22,202,0.09821428571428571,0.2807017543859649,16,-0.6818181818181818,0.0,DETECTION
COST,HL,sigma_current,57,176,0.038294168842471714,16,160,0.09090909090909091,0.19298245614035087,11,-0.6875,0.0,DETECTION
COST,HL,wave_accel,57,244,0.05308964316797215,20,224,0.08196721311475409,0.24561403508771928,14,-0.75,-1.0,ALERTA
COST,HL,vwap_sigma_current,57,134,0.029155787641427327,10,124,0.07462686567164178,0.10526315789473684,6,-0.7,-0.5,DETECTION
COST,HL,kf_tension_pred_val,57,272,0.05918189730200174,20,252,0.07352941176470588,0.15789473684210525,9,-0.75,-1.0,ALERTA
COST,HL,kf_conj_filt_vel,57,240,0.05221932114882506,17,223,0.07083333333333333,0.17543859649122806,10,-0.8235294117647058,-1.0,ALERTA
COST,HL,kf_rsi_filt_vel,57,216,0.04699738903394256,15,201,0.06944444444444445,0.17543859649122806,10,-0.8666666666666667,-1.0,ALERTA
COST,HL,vwap_spread_current_wave,57,189,0.041122715404699736,13,176,0.06878306878306878,0.08771929824561403,5,-1.0769230769230769,-1.0,ALERTA
COST,HL,tension_current,57,209,0.04547432550043516,14,195,0.06698564593301436,0.12280701754385964,7,-1.1428571428571428,-1.0,ALERTA
COST,HL,kf_tension_filt_vel,57,246,0.05352480417754569,15,231,0.06097560975609756,0.17543859649122806,10,-0.8,-1.0,ALERTA
COST,HL,tension_tide,57,269,0.05852915578764143,16,253,0.05947955390334572,0.14035087719298245,8,-0.75,-0.5,DETECTION
COST,HL,kf_price_filt_vel,57,205,0.044604003481288075,12,193,0.05853658536585366,0.19298245614035087,11,-0.8333333333333334,-1.0,ALERTA
COST,HL,fear_level,57,140,0.030461270670147953,8,132,0.05714285714285714,0.07017543859649122,4,-0.75,-0.5,DETECTION
COST,HL,conj_current_tide,57,215,0.04677980852915579,12,203,0.05581395348837209,0.07017543859649122,4,-1.0,-1.0,ALERTA
COST,HL,sigma_wave,57,152,0.03307223672758921,8,144,0.05263157894736842,0.12280701754385964,7,-0.5,0.0,DETECTION
COST,HL,tide_slope,57,228,0.04960835509138381,12,216,0.05263157894736842,0.07017543859649122,4,-1.0,-1.0,ALERTA
COST,HL,kf_rvol_pred_val,57,171,0.03720626631853786,9,162,0.05263157894736842,0.12280701754385964,7,-0.3333333333333333,0.0,DETECTION
COST,HL,kf_rsi_pred_val,57,172,0.03742384682332463,9,163,0.05232558139534884,0.10526315789473684,6,-0.6666666666666666,0.0,DETECTION
COST,HL,compression_ratio,57,153,0.03328981723237598,8,145,0.05228758169934641,0.07017543859649122,4,-0.875,-1.0,ALERTA
COST,HL,kf_price_innovation,57,217,0.04721496953872933,11,206,0.05069124423963134,0.17543859649122806,10,-0.7272727272727273,-1.0,ALERTA
COST,HL,kf_rvol_filt_vel,57,203,0.044168842471714535,10,193,0.04926108374384237,0.14035087719298245,8,-1.0,-1.0,ALERTA
COST,HL,vwap_spread_tide_current,57,190,0.04134029590948651,9,181,0.04736842105263158,0.05263157894736842,3,-1.0,-1.0,ALERTA
COST,HL,vwap_spread_tide_wave,57,264,0.057441253263707574,12,252,0.045454545454545456,0.07017543859649122,4,-1.0,-1.0,ALERTA
COST,HL,current_slope,57,211,0.0459094865100087,8,203,0.037914691943127965,0.07017543859649122,4,-1.0,-1.0,ALERTA
COST,HL,rsi_value,57,185,0.04025239338555266,7,178,0.03783783783783784,0.05263157894736842,3,-0.7142857142857143,-1.0,ALERTA
COST,HL,vwap_sigma_tide,57,179,0.03894691035683203,6,173,0.0335195530726257,0.05263157894736842,3,-0.6666666666666666,-0.5,DETECTION
COST,HL,tide_accel,57,229,0.04982593559617058,7,222,0.03056768558951965,0.05263157894736842,3,-0.8571428571428571,-1.0,ALERTA
COST,HL,tension_wave,57,104,0.022628372497824196,3,101,0.028846153846153848,0.03508771929824561,2,-0.6666666666666666,-1.0,ALERTA
COST,HL,conj_wave_current,57,223,0.048520452567449954,6,217,0.026905829596412557,0.05263157894736842,3,-1.0,-1.0,ALERTA
COST,HL,wave_slope,57,222,0.048302872062663184,3,219,0.013513513513513514,0.017543859649122806,1,-1.0,-1.0,ALERTA
COST,HL,sigma_tide,57,156,0.033942558746736295,2,154,0.01282051282051282,0.017543859649122806,1,-1.0,-1.0,ALERTA
COST,HL,kf_conj_pred_val,57,217,0.04721496953872933,2,215,0.009216589861751152,0.03508771929824561,2,-2.0,-2.0,ALERTA
COST,HL,current_accel,57,223,0.048520452567449954,2,221,0.008968609865470852,0.03508771929824561,2,-1.0,-1.0,ALERTA
COST,HL,conj_wave_tide,57,209,0.04547432550043516,1,208,0.004784688995215311,0.017543859649122806,1,-2.0,-2.0,ALERTA
COST,HH,rsi_value,56,185,0.04025239338555266,19,166,0.10270270270270271,0.16071428571428573,9,-0.8421052631578947,-1.0,ALERTA
COST,HH,kf_rsi_pred_val,56,172,0.03742384682332463,17,155,0.09883720930232558,0.16071428571428573,9,-0.7647058823529411,-1.0,ALERTA
COST,HH,vwap_spread_tide_wave,56,264,0.057441253263707574,21,243,0.07954545454545454,0.125,7,-1.0,-1.0,ALERTA
COST,HH,vwap_spread_tide_current,56,190,0.04134029590948651,12,178,0.06315789473684211,0.07142857142857142,4,-1.0,-1.0,ALERTA
COST,HH,sigma_current,56,176,0.038294168842471714,11,165,0.0625,0.125,7,-0.8181818181818182,-1.0,ALERTA
COST,HH,kf_price_pred_val,56,224,0.04873803307223673,14,210,0.0625,0.17857142857142858,10,-0.6428571428571429,-0.5,DETECTION
COST,HH,tide_slope,56,228,0.04960835509138381,12,216,0.05263157894736842,0.07142857142857142,4,-1.0,-1.0,ALERTA
COST,HH,wave_accel,56,244,0.05308964316797215,12,232,0.04918032786885246,0.14285714285714285,8,-0.8333333333333334,-1.0,ALERTA
COST,HH,compression_ratio,56,153,0.03328981723237598,7,146,0.0457516339869281,0.10714285714285714,6,-1.1428571428571428,-1.0,ALERTA
COST,HH,current_accel,56,223,0.048520452567449954,10,213,0.04484304932735426,0.10714285714285714,6,-0.7,-0.5,DETECTION
COST,HH,kf_rvol_filt_vel,56,203,0.044168842471714535,9,194,0.04433497536945813,0.14285714285714285,8,-0.5555555555555556,0.0,DETECTION
COST,HH,conj_current_tide,56,215,0.04677980852915579,9,206,0.04186046511627907,0.05357142857142857,3,-1.0,-1.0,ALERTA
COST,HH,kf_conj_filt_vel,56,240,0.05221932114882506,10,230,0.041666666666666664,0.08928571428571429,5,-0.7,-0.5,DETECTION
COST,HH,kf_rvol_pred_val,56,171,0.03720626631853786,7,164,0.04093567251461988,0.10714285714285714,6,-0.5714285714285714,0.0,DETECTION
COST,HH,kf_tension_pred_val,56,272,0.05918189730200174,11,261,0.04044117647058824,0.10714285714285714,6,-1.0,-1.0,ALERTA
COST,HH,conj_wave_current,56,223,0.048520452567449954,9,214,0.04035874439461883,0.08928571428571429,5,-0.6666666666666666,0.0,DETECTION
COST,HH,sigma_wave,56,152,0.03307223672758921,6,146,0.039473684210526314,0.14285714285714285,8,-0.6666666666666666,-0.5,DETECTION
COST,HH,tide_accel,56,229,0.04982593559617058,9,220,0.039301310043668124,0.07142857142857142,4,-0.7777777777777778,-1.0,ALERTA
COST,HH,kf_price_filt_vel,56,205,0.044604003481288075,8,197,0.03902439024390244,0.16071428571428573,9,-0.75,-1.0,ALERTA
COST,HH,tension_tide,56,269,0.05852915578764143,10,259,0.03717472118959108,0.07142857142857142,4,-1.1,-1.0,ALERTA
COST,HH,vwap_spread_current_wave,56,189,0.041122715404699736,7,182,0.037037037037037035,0.05357142857142857,3,-0.8571428571428571,-1.0,ALERTA
COST,HH,kf_tension_filt_vel,56,246,0.05352480417754569,9,237,0.036585365853658534,0.14285714285714285,8,-1.1111111111111112,-1.0,ALERTA
COST,HH,kf_price_innovation,56,217,0.04721496953872933,7,210,0.03225806451612903,0.08928571428571429,5,-1.0,-1.0,ALERTA
COST,HH,conj_wave_tide,56,209,0.04547432550043516,6,203,0.028708133971291867,0.03571428571428571,2,-1.0,-1.0,ALERTA
COST,HH,tension_current,56,209,0.04547432550043516,6,203,0.028708133971291867,0.05357142857142857,3,-1.0,-1.0,ALERTA
COST,HH,current_slope,56,211,0.0459094865100087,6,205,0.02843601895734597,0.03571428571428571,2,-1.0,-1.0,ALERTA
COST,HH,vwap_sigma_tide,56,179,0.03894691035683203,5,174,0.027932960893854747,0.05357142857142857,3,-1.0,-1.0,ALERTA
COST,HH,kf_conj_pred_val,56,217,0.04721496953872933,6,211,0.027649769585253458,0.03571428571428571,2,-1.0,-1.0,ALERTA
COST,HH,wave_slope,56,222,0.048302872062663184,6,216,0.02702702702702703,0.03571428571428571,2,-1.0,-1.0,ALERTA
COST,HH,sigma_tide,56,156,0.033942558746736295,4,152,0.02564102564102564,0.10714285714285714,6,-0.75,-0.5,DETECTION
COST,HH,kf_rsi_filt_vel,56,216,0.04699738903394256,4,212,0.018518518518518517,0.08928571428571429,5,-0.5,-0.5,DETECTION
COST,HH,vwap_sigma_wave,56,102,0.022193211488250653,1,101,0.00980392156862745,0.017857142857142856,1,-2.0,-2.0,ALERTA
COST,HH,vwap_sigma_current,56,134,0.029155787641427327,1,133,0.007462686567164179,0.017857142857142856,1,-1.0,-1.0,ALERTA
COST,HH,fear_level,56,140,0.030461270670147953,1,139,0.007142857142857143,0.017857142857142856,1,-2.0,-2.0,ALERTA
COST,HH,tension_wave,56,104,0.022628372497824196,0,104,0.0,0.0,0,0.0,0.0,DETECTION
COST,LH,kf_price_filt_vel,36,205,0.044604003481288075,21,184,0.1024390243902439,0.4166666666666667,15,-0.8571428571428571,-1.0,ALERTA
COST,LH,kf_price_pred_val,36,224,0.04873803307223673,20,204,0.08928571428571429,0.3888888888888889,14,-1.0,-1.0,ALERTA
COST,LH,wave_accel,36,244,0.05308964316797215,21,223,0.0860655737704918,0.3611111111111111,13,-0.8095238095238095,-1.0,ALERTA
COST,LH,vwap_sigma_tide,36,179,0.03894691035683203,15,164,0.08379888268156424,0.1388888888888889,5,-1.0,-1.0,ALERTA
COST,LH,kf_price_innovation,36,217,0.04721496953872933,18,199,0.08294930875576037,0.3888888888888889,14,-1.0555555555555556,-1.0,ALERTA
COST,LH,compression_ratio,36,153,0.03328981723237598,12,141,0.0784313725490196,0.19444444444444445,7,-1.1666666666666667,-1.0,ALERTA
COST,LH,vwap_spread_current_wave,36,189,0.041122715404699736,14,175,0.07407407407407407,0.1388888888888889,5,-0.9285714285714286,-1.0,ALERTA
COST,LH,current_slope,36,211,0.0459094865100087,15,196,0.07109004739336493,0.1388888888888889,5,-1.0,-1.0,ALERTA
COST,LH,wave_slope,36,222,0.048302872062663184,15,207,0.06756756756756757,0.16666666666666666,6,-1.0666666666666667,-1.0,ALERTA
COST,LH,conj_wave_tide,36,209,0.04547432550043516,14,195,0.06698564593301436,0.16666666666666666,6,-1.0714285714285714,-1.0,ALERTA
COST,LH,kf_conj_filt_vel,36,240,0.05221932114882506,16,224,0.06666666666666667,0.19444444444444445,7,-1.0,-1.0,ALERTA
COST,LH,conj_current_tide,36,215,0.04677980852915579,14,201,0.06511627906976744,0.1388888888888889,5,-0.9285714285714286,-1.0,ALERTA
COST,LH,fear_level,36,140,0.030461270670147953,8,132,0.05714285714285714,0.08333333333333333,3,-0.875,-1.0,ALERTA
COST,LH,kf_conj_pred_val,36,217,0.04721496953872933,12,205,0.055299539170506916,0.16666666666666666,6,-1.25,-1.0,ALERTA
COST,LH,vwap_spread_tide_current,36,190,0.04134029590948651,9,181,0.04736842105263158,0.08333333333333333,3,-1.0,-1.0,ALERTA
COST,LH,kf_rvol_pred_val,36,171,0.03720626631853786,8,163,0.04678362573099415,0.1388888888888889,5,-1.125,-1.0,ALERTA
COST,LH,vwap_spread_tide_wave,36,264,0.057441253263707574,12,252,0.045454545454545456,0.1111111111111111,4,-1.0,-1.0,ALERTA
COST,LH,sigma_tide,36,156,0.033942558746736295,7,149,0.04487179487179487,0.1111111111111111,4,-1.1428571428571428,-1.0,ALERTA
COST,LH,vwap_sigma_current,36,134,0.029155787641427327,6,128,0.04477611940298507,0.1388888888888889,5,-1.5,-1.5,ALERTA
COST,LH,kf_tension_filt_vel,36,246,0.05352480417754569,10,236,0.04065040650406504,0.2222222222222222,8,-0.9,-1.0,ALERTA
COST,LH,current_accel,36,223,0.048520452567449954,9,214,0.04035874439461883,0.1388888888888889,5,-1.1111111111111112,-1.0,ALERTA
COST,LH,tide_accel,36,229,0.04982593559617058,9,220,0.039301310043668124,0.1388888888888889,5,-1.2222222222222223,-1.0,ALERTA
COST,LH,tension_current,36,209,0.04547432550043516,8,201,0.03827751196172249,0.08333333333333333,3,-1.125,-1.0,ALERTA
COST,LH,kf_rsi_filt_vel,36,216,0.04699738903394256,8,208,0.037037037037037035,0.1388888888888889,5,-0.875,-1.0,ALERTA
COST,LH,conj_wave_current,36,223,0.048520452567449954,8,215,0.03587443946188341,0.1111111111111111,4,-1.25,-1.5,ALERTA
COST,LH,kf_tension_pred_val,36,272,0.05918189730200174,8,264,0.029411764705882353,0.08333333333333333,3,-0.875,-1.0,ALERTA
COST,LH,tide_slope,36,228,0.04960835509138381,6,222,0.02631578947368421,0.05555555555555555,2,-1.0,-1.0,ALERTA
COST,LH,tension_tide,36,269,0.05852915578764143,7,262,0.026022304832713755,0.08333333333333333,3,-1.0,-1.0,ALERTA
COST,LH,kf_rvol_filt_vel,36,203,0.044168842471714535,5,198,0.024630541871921183,0.1388888888888889,5,-1.0,-1.0,ALERTA
COST,LH,sigma_current,36,176,0.038294168842471714,4,172,0.022727272727272728,0.1111111111111111,4,-1.0,-1.0,ALERTA
COST,LH,rsi_value,36,185,0.04025239338555266,4,181,0.021621621621621623,0.08333333333333333,3,-1.5,-1.5,ALERTA
COST,LH,sigma_wave,36,152,0.03307223672758921,3,149,0.019736842105263157,0.08333333333333333,3,-1.6666666666666667,-2.0,ALERTA
COST,LH,kf_rsi_pred_val,36,172,0.03742384682332463,3,169,0.01744186046511628,0.05555555555555555,2,-1.3333333333333333,-1.0,ALERTA
COST,LH,vwap_sigma_wave,36,102,0.022193211488250653,1,101,0.00980392156862745,0.027777777777777776,1,-1.0,-1.0,ALERTA
COST,LH,tension_wave,36,104,0.022628372497824196,1,103,0.009615384615384616,0.027777777777777776,1,-2.0,-2.0,ALERTA
HD,LL,vwap_sigma_tide,59,102,0.0221883837285186,47,55,0.46078431372549017,0.3898305084745763,23,-0.8936170212765957,-1.0,ALERTA
HD,LL,vwap_sigma_current,59,117,0.025451381335653687,33,84,0.28205128205128205,0.3389830508474576,20,-0.7878787878787878,-1.0,ALERTA
HD,LL,fear_level,59,181,0.03937350445943006,42,139,0.23204419889502761,0.3050847457627119,18,-0.9761904761904762,-1.0,ALERTA
HD,LL,sigma_tide,59,152,0.03306504241896889,28,124,0.18421052631578946,0.2542372881355932,15,-0.6785714285714286,-0.5,DETECTION
HD,LL,vwap_sigma_wave,59,107,0.023276049597563627,18,89,0.16822429906542055,0.23728813559322035,14,-0.6111111111111112,0.0,DETECTION
HD,LL,kf_price_pred_val,59,213,0.04633456602131825,35,178,0.1643192488262911,0.4576271186440678,27,-0.8285714285714286,-1.0,ALERTA
HD,LL,rsi_value,59,162,0.035240374157058954,26,136,0.16049382716049382,0.2033898305084746,12,-0.8076923076923077,-1.0,ALERTA
HD,LL,sigma_current,59,143,0.03110724385468784,21,122,0.14685314685314685,0.22033898305084745,13,-0.8571428571428571,-1.0,ALERTA
HD,LL,wave_accel,59,184,0.04002610398085708,27,157,0.14673913043478262,0.3050847457627119,18,-0.6666666666666666,0.0,DETECTION
HD,LL,kf_rsi_pred_val,59,171,0.03719817272134,25,146,0.14619883040935672,0.2033898305084746,12,-0.8,-1.0,ALERTA
HD,LL,current_accel,59,259,0.05634109201653252,36,223,0.138996138996139,0.288135593220339,17,-0.9166666666666666,-1.0,ALERTA
HD,LL,wave_slope,59,226,0.04916249728083533,28,198,0.12389380530973451,0.2033898305084746,12,-0.8928571428571429,-1.0,ALERTA
HD,LL,kf_price_filt_vel,59,215,0.04676963236893626,26,189,0.12093023255813953,0.3728813559322034,22,-1.0384615384615385,-1.0,ALERTA
HD,LL,kf_price_innovation,59,232,0.05046769632368936,28,204,0.1206896551724138,0.288135593220339,17,-1.1071428571428572,-1.0,ALERTA
HD,LL,kf_conj_filt_vel,59,185,0.040243637154666084,22,163,0.11891891891891893,0.1694915254237288,10,-0.8636363636363636,-1.0,ALERTA
HD,LL,conj_wave_current,59,204,0.0443767674570372,24,180,0.11764705882352941,0.1694915254237288,10,-0.875,-1.0,ALERTA
HD,LL,conj_current_tide,59,212,0.046117032847509246,24,188,0.11320754716981132,0.15254237288135594,9,-1.0,-1.0,ALERTA
HD,LL,kf_conj_pred_val,59,240,0.05220796171416141,21,219,0.0875,0.15254237288135594,9,-0.9047619047619048,-1.0,ALERTA
HD,LL,current_slope,59,199,0.043289101587992165,17,182,0.08542713567839195,0.1694915254237288,10,-0.8823529411764706,-1.0,ALERTA
HD,LL,tide_accel,59,240,0.05220796171416141,20,220,0.08333333333333333,0.2033898305084746,12,-0.9,-1.0,ALERTA
HD,LL,conj_wave_tide,59,246,0.05351316075701545,20,226,0.08130081300813008,0.15254237288135594,9,-0.9,-1.0,ALERTA
HD,LL,kf_rvol_pred_val,59,206,0.04481183380465521,16,190,0.07766990291262135,0.2033898305084746,12,-1.0625,-1.0,ALERTA
HD,LL,vwap_spread_current_wave,59,172,0.03741570589514901,13,159,0.0755813953488372,0.1016949152542373,6,-0.8461538461538461,-1.0,ALERTA
HD,LL,vwap_spread_tide_wave,59,160,0.03480530780944094,12,148,0.075,0.1016949152542373,6,-1.0,-1.0,ALERTA
HD,LL,compression_ratio,59,234,0.050902762671307375,16,218,0.06837606837606838,0.11864406779661017,7,-1.0,-1.0,ALERTA
HD,LL,tide_slope,59,289,0.0628670872308027,18,271,0.06228373702422145,0.11864406779661017,7,-1.0,-1.0,ALERTA
HD,LL,sigma_wave,59,150,0.03262997607135088,9,141,0.06,0.13559322033898305,8,-0.6666666666666666,0.0,DETECTION
HD,LL,kf_rvol_filt_vel,59,241,0.052425494887970416,13,228,0.05394190871369295,0.1694915254237288,10,-1.0769230769230769,-1.0,ALERTA
HD,LL,kf_tension_pred_val,59,293,0.06373721992603872,12,281,0.040955631399317405,0.0847457627118644,5,-1.0,-1.0,ALERTA
HD,LL,tension_tide,59,298,0.06482488579508375,11,287,0.03691275167785235,0.06779661016949153,4,-1.0909090909090908,-1.0,ALERTA
HD,LL,kf_tension_filt_vel,59,273,0.0593865564498586,9,264,0.03296703296703297,0.1016949152542373,6,-0.4444444444444444,0.0,DETECTION
HD,LL,kf_rsi_filt_vel,59,213,0.04633456602131825,7,206,0.03286384976525822,0.1016949152542373,6,-0.42857142857142855,0.0,DETECTION
HD,LL,vwap_spread_tide_current,59,183,0.039808570807048076,5,178,0.0273224043715847,0.05084745762711865,3,-1.2,-1.0,ALERTA
HD,LL,tension_wave,59,135,0.029366978464215793,3,132,0.022222222222222223,0.05084745762711865,3,-1.6666666666666667,-2.0,ALERTA
HD,LL,tension_current,59,138,0.03001957798564281,0,138,0.0,0.01694915254237288,1,0.0,0.0,DETECTION
HD,HL,sigma_current,59,143,0.03110724385468784,25,118,0.17482517482517482,0.2542372881355932,15,-0.64,0.0,DETECTION
HD,HL,vwap_spread_tide_wave,59,160,0.03480530780944094,22,138,0.1375,0.13559322033898305,8,-1.0454545454545454,-1.0,ALERTA
HD,HL,sigma_wave,59,150,0.03262997607135088,20,130,0.13333333333333333,0.22033898305084745,13,-0.75,-0.5,DETECTION
HD,HL,kf_rsi_filt_vel,59,213,0.04633456602131825,27,186,0.1267605633802817,0.2542372881355932,15,-0.6666666666666666,0.0,DETECTION
HD,HL,kf_tension_pred_val,59,293,0.06373721992603872,34,259,0.11604095563139932,0.23728813559322035,14,-0.8823529411764706,-1.0,ALERTA
HD,HL,tension_current,59,138,0.03001957798564281,16,122,0.11594202898550725,0.15254237288135594,9,-0.9375,-1.0,ALERTA
HD,HL,kf_price_pred_val,59,213,0.04633456602131825,24,189,0.11267605633802817,0.3050847457627119,18,-0.7916666666666666,-0.5,DETECTION
HD,HL,vwap_spread_tide_current,59,183,0.039808570807048076,20,163,0.1092896174863388,0.11864406779661017,7,-0.95,-1.0,ALERTA
HD,HL,kf_price_filt_vel,59,215,0.04676963236893626,23,192,0.10697674418604651,0.2711864406779661,16,-0.9130434782608695,-1.0,ALERTA
HD,HL,kf_tension_filt_vel,59,273,0.0593865564498586,29,244,0.10622710622710622,0.2033898305084746,12,-0.8275862068965517,-1.0,ALERTA
HD,HL,current_slope,59,199,0.043289101587992165,21,178,0.10552763819095477,0.11864406779661017,7,-1.0,-1.0,ALERTA
HD,HL,vwap_spread_current_wave,59,172,0.03741570589514901,18,154,0.10465116279069768,0.1016949152542373,6,-1.0,-1.0,ALERTA
HD,HL,tension_tide,59,298,0.06482488579508375,31,267,0.1040268456375839,0.1864406779661017,11,-0.967741935483871,-1.0,ALERTA
HD,HL,conj_current_tide,59,212,0.046117032847509246,22,190,0.10377358490566038,0.13559322033898305,8,-1.0,-1.0,ALERTA
HD,HL,kf_rvol_pred_val,59,206,0.04481183380465521,21,185,0.10194174757281553,0.2711864406779661,16,-0.8571428571428571,-1.0,ALERTA
HD,HL,conj_wave_tide,59,246,0.05351316075701545,23,223,0.09349593495934959,0.13559322033898305,8,-1.0434782608695652,-1.0,ALERTA
HD,HL,vwap_sigma_wave,59,107,0.023276049597563627,10,97,0.09345794392523364,0.1694915254237288,10,-0.5,0.0,DETECTION
HD,HL,wave_slope,59,226,0.04916249728083533,21,205,0.09292035398230089,0.13559322033898305,8,-1.0952380952380953,-1.0,ALERTA
HD,HL,tide_slope,59,289,0.0628670872308027,26,263,0.08996539792387544,0.1694915254237288,10,-1.0,-1.0,ALERTA
HD,HL,kf_conj_pred_val,59,240,0.05220796171416141,21,219,0.0875,0.13559322033898305,8,-1.1428571428571428,-1.0,ALERTA
HD,HL,wave_accel,59,184,0.04002610398085708,14,170,0.07608695652173914,0.1694915254237288,10,-0.7857142857142857,-1.0,ALERTA
HD,HL,conj_wave_current,59,204,0.0443767674570372,15,189,0.07352941176470588,0.1016949152542373,6,-1.0,-1.0,ALERTA
HD,HL,kf_rvol_filt_vel,59,241,0.052425494887970416,17,224,0.07053941908713693,0.288135593220339,17,-1.0,-1.0,ALERTA
HD,HL,kf_rsi_pred_val,59,171,0.03719817272134,12,159,0.07017543859649122,0.13559322033898305,8,-0.5,0.0,DETECTION
HD,HL,vwap_sigma_current,59,117,0.025451381335653687,8,109,0.06837606837606838,0.0847457627118644,5,-0.5,0.0,DETECTION
HD,HL,kf_price_innovation,59,232,0.05046769632368936,15,217,0.06465517241379311,0.2033898305084746,12,-0.7333333333333333,-1.0,ALERTA
HD,HL,tension_wave,59,135,0.029366978464215793,8,127,0.05925925925925926,0.0847457627118644,5,-0.875,-1.0,ALERTA
HD,HL,rsi_value,59,162,0.035240374157058954,9,153,0.05555555555555555,0.0847457627118644,5,-0.6666666666666666,0.0,DETECTION
HD,HL,kf_conj_filt_vel,59,185,0.040243637154666084,10,175,0.05405405405405406,0.06779661016949153,4,-0.9,-1.0,ALERTA
HD,HL,current_accel,59,259,0.05634109201653252,11,248,0.04247104247104247,0.11864406779661017,7,-1.1818181818181819,-1.0,ALERTA
HD,HL,sigma_tide,59,152,0.03306504241896889,6,146,0.039473684210526314,0.06779661016949153,4,-0.5,0.0,DETECTION
HD,HL,fear_level,59,181,0.03937350445943006,7,174,0.03867403314917127,0.06779661016949153,4,-1.1428571428571428,-1.0,ALERTA
HD,HL,compression_ratio,59,234,0.050902762671307375,9,225,0.038461538461538464,0.0847457627118644,5,-1.0,-1.0,ALERTA
HD,HL,tide_accel,59,240,0.05220796171416141,9,231,0.0375,0.06779661016949153,4,-1.0,-1.0,ALERTA
HD,HL,vwap_sigma_tide,59,102,0.0221883837285186,0,102,0.0,0.01694915254237288,1,0.0,0.0,DETECTION
HD,HH,vwap_spread_tide_wave,63,160,0.03480530780944094,20,140,0.125,0.12698412698412698,8,-1.05,-1.0,ALERTA
HD,HH,conj_wave_current,63,204,0.0443767674570372,22,182,0.10784313725490197,0.14285714285714285,9,-1.0454545454545454,-1.0,ALERTA
HD,HH,kf_price_pred_val,63,213,0.04633456602131825,22,191,0.10328638497652583,0.23809523809523808,15,-0.7272727272727273,-0.5,DETECTION
HD,HH,vwap_spread_tide_current,63,183,0.039808570807048076,18,165,0.09836065573770492,0.1111111111111111,7,-1.0,-1.0,ALERTA
HD,HH,conj_wave_tide,63,246,0.05351316075701545,23,223,0.09349593495934959,0.12698412698412698,8,-0.9565217391304348,-1.0,ALERTA
HD,HH,tide_accel,63,240,0.05220796171416141,22,218,0.09166666666666666,0.15873015873015872,10,-0.9545454545454546,-1.0,ALERTA
HD,HH,conj_current_tide,63,212,0.046117032847509246,19,193,0.08962264150943396,0.1111111111111111,7,-0.9473684210526315,-1.0,ALERTA
HD,HH,kf_conj_pred_val,63,240,0.05220796171416141,21,219,0.0875,0.14285714285714285,9,-1.0,-1.0,ALERTA
HD,HH,vwap_spread_current_wave,63,172,0.03741570589514901,14,158,0.08139534883720931,0.07936507936507936,5,-1.0714285714285714,-1.0,ALERTA
HD,HH,current_accel,63,259,0.05634109201653252,20,239,0.07722007722007722,0.15873015873015872,10,-1.0,-1.0,ALERTA
HD,HH,current_slope,63,199,0.043289101587992165,15,184,0.07537688442211055,0.09523809523809523,6,-0.8666666666666667,-1.0,ALERTA
HD,HH,kf_tension_pred_val,63,293,0.06373721992603872,20,273,0.06825938566552901,0.12698412698412698,8,-0.95,-1.0,ALERTA
HD,HH,wave_slope,63,226,0.04916249728083533,15,211,0.06637168141592921,0.1111111111111111,7,-0.8666666666666667,-1.0,ALERTA
HD,HH,kf_price_innovation,63,232,0.05046769632368936,15,217,0.06465517241379311,0.19047619047619047,12,-1.3333333333333333,-1.0,ALERTA
HD,HH,tension_tide,63,298,0.06482488579508375,19,279,0.06375838926174497,0.12698412698412698,8,-0.9473684210526315,-1.0,ALERTA
HD,HH,kf_price_filt_vel,63,215,0.04676963236893626,13,202,0.06046511627906977,0.15873015873015872,10,-1.0,-1.0,ALERTA
HD,HH,kf_tension_filt_vel,63,273,0.0593865564498586,16,257,0.05860805860805861,0.14285714285714285,9,-1.0,-1.0,ALERTA
HD,HH,kf_rsi_pred_val,63,171,0.03719817272134,10,161,0.05847953216374269,0.09523809523809523,6,-0.6,0.0,DETECTION
HD,HH,rsi_value,63,162,0.035240374157058954,9,153,0.05555555555555555,0.06349206349206349,4,-0.7777777777777778,-1.0,ALERTA
HD,HH,tide_slope,63,289,0.0628670872308027,16,273,0.05536332179930796,0.1111111111111111,7,-1.0625,-1.0,ALERTA
HD,HH,sigma_tide,63,152,0.03306504241896889,8,144,0.05263157894736842,0.047619047619047616,3,-0.875,-1.0,ALERTA
HD,HH,kf_conj_filt_vel,63,185,0.040243637154666084,9,176,0.04864864864864865,0.07936507936507936,5,-1.1111111111111112,-1.0,ALERTA
HD,HH,compression_ratio,63,234,0.050902762671307375,11,223,0.04700854700854701,0.07936507936507936,5,-0.8181818181818182,-1.0,ALERTA
HD,HH,sigma_wave,63,150,0.03262997607135088,7,143,0.04666666666666667,0.1111111111111111,7,-0.14285714285714285,0.0,DETECTION
HD,HH,wave_accel,63,184,0.04002610398085708,8,176,0.043478260869565216,0.09523809523809523,6,-0.625,-0.5,DETECTION
HD,HH,tension_wave,63,135,0.029366978464215793,5,130,0.037037037037037035,0.047619047619047616,3,-1.6,-2.0,ALERTA
HD,HH,kf_rvol_filt_vel,63,241,0.052425494887970416,8,233,0.03319502074688797,0.14285714285714285,9,-0.5,-0.5,DETECTION
HD,HH,fear_level,63,181,0.03937350445943006,6,175,0.03314917127071823,0.047619047619047616,3,-1.3333333333333333,-1.5,ALERTA
HD,HH,kf_rsi_filt_vel,63,213,0.04633456602131825,7,206,0.03286384976525822,0.07936507936507936,5,-0.7142857142857143,0.0,DETECTION
HD,HH,vwap_sigma_current,63,117,0.025451381335653687,3,114,0.02564102564102564,0.031746031746031744,2,-0.6666666666666666,-1.0,ALERTA
HD,HH,kf_rvol_pred_val,63,206,0.04481183380465521,5,201,0.024271844660194174,0.09523809523809523,6,-0.2,0.0,DETECTION
HD,HH,tension_current,63,138,0.03001957798564281,3,135,0.021739130434782608,0.015873015873015872,1,-1.0,-1.0,ALERTA
HD,HH,sigma_current,63,143,0.03110724385468784,3,140,0.02097902097902098,0.031746031746031744,2,-0.3333333333333333,0.0,DETECTION
HD,HH,vwap_sigma_wave,63,107,0.023276049597563627,1,106,0.009345794392523364,0.015873015873015872,1,0.0,0.0,DETECTION
HD,HH,vwap_sigma_tide,63,102,0.0221883837285186,0,102,0.0,0.0,0,0.0,0.0,DETECTION
HD,LH,kf_conj_filt_vel,55,185,0.040243637154666084,35,150,0.1891891891891892,0.32727272727272727,18,-1.0285714285714285,-1.0,ALERTA
HD,LH,wave_accel,55,184,0.04002610398085708,33,151,0.1793478260869565,0.32727272727272727,18,-0.9090909090909091,-1.0,ALERTA
HD,LH,kf_price_filt_vel,55,215,0.04676963236893626,29,186,0.13488372093023257,0.36363636363636365,20,-0.8620689655172413,-1.0,ALERTA
HD,LH,fear_level,55,181,0.03937350445943006,24,157,0.13259668508287292,0.2,11,-1.0416666666666667,-1.0,ALERTA
HD,LH,vwap_spread_current_wave,55,172,0.03741570589514901,21,151,0.12209302325581395,0.14545454545454545,8,-1.0,-1.0,ALERTA
HD,LH,conj_current_tide,55,212,0.046117032847509246,25,187,0.1179245283018868,0.16363636363636364,9,-1.04,-1.0,ALERTA
HD,LH,current_slope,55,199,0.043289101587992165,22,177,0.11055276381909548,0.16363636363636364,9,-0.9545454545454546,-1.0,ALERTA
HD,LH,vwap_sigma_tide,55,102,0.0221883837285186,11,91,0.10784313725490197,0.12727272727272726,7,-1.0,-1.0,ALERTA
HD,LH,kf_price_innovation,55,232,0.05046769632368936,25,207,0.10775862068965517,0.32727272727272727,18,-0.96,-1.0,ALERTA
HD,LH,kf_price_pred_val,55,213,0.04633456602131825,22,191,0.10328638497652583,0.34545454545454546,19,-0.9090909090909091,-1.0,ALERTA
HD,LH,tension_current,55,138,0.03001957798564281,13,125,0.09420289855072464,0.10909090909090909,6,-0.8461538461538461,-1.0,ALERTA
HD,LH,compression_ratio,55,234,0.050902762671307375,20,214,0.08547008547008547,0.2,11,-0.85,-1.0,ALERTA
HD,LH,wave_slope,55,226,0.04916249728083533,18,208,0.07964601769911504,0.12727272727272726,7,-1.0555555555555556,-1.0,ALERTA
HD,LH,conj_wave_current,55,204,0.0443767674570372,16,188,0.0784313725490196,0.10909090909090909,6,-0.875,-1.0,ALERTA
HD,LH,vwap_spread_tide_wave,55,160,0.03480530780944094,12,148,0.075,0.09090909090909091,5,-1.0,-1.0,ALERTA
HD,LH,tide_slope,55,289,0.0628670872308027,18,271,0.06228373702422145,0.12727272727272726,7,-1.0,-1.0,ALERTA
HD,LH,conj_wave_tide,55,246,0.05351316075701545,15,231,0.06097560975609756,0.12727272727272726,7,-1.2,-1.0,ALERTA
HD,LH,current_accel,55,259,0.05634109201653252,14,245,0.05405405405405406,0.10909090909090909,6,-0.9285714285714286,-1.0,ALERTA
HD,LH,vwap_sigma_current,55,117,0.025451381335653687,6,111,0.05128205128205128,0.07272727272727272,4,-1.1666666666666667,-1.0,ALERTA
HD,LH,kf_conj_pred_val,55,240,0.05220796171416141,12,228,0.05,0.10909090909090909,6,-1.1666666666666667,-1.0,ALERTA
HD,LH,sigma_current,55,143,0.03110724385468784,7,136,0.04895104895104895,0.09090909090909091,5,-1.2857142857142858,-1.0,ALERTA
HD,LH,sigma_tide,55,152,0.03306504241896889,7,145,0.046052631578947366,0.07272727272727272,4,-0.8571428571428571,-1.0,ALERTA
HD,LH,kf_tension_pred_val,55,293,0.06373721992603872,13,280,0.04436860068259386,0.09090909090909091,5,-0.9230769230769231,-1.0,ALERTA
HD,LH,tension_tide,55,298,0.06482488579508375,13,285,0.0436241610738255,0.09090909090909091,5,-0.9230769230769231,-1.0,ALERTA
HD,LH,kf_rsi_filt_vel,55,213,0.04633456602131825,9,204,0.04225352112676056,0.14545454545454545,8,-0.7777777777777778,-1.0,ALERTA
HD,LH,sigma_wave,55,150,0.03262997607135088,6,144,0.04,0.14545454545454545,8,-1.0,-1.0,ALERTA
HD,LH,tide_accel,55,240,0.05220796171416141,9,231,0.0375,0.09090909090909091,5,-0.7777777777777778,-1.0,ALERTA
HD,LH,tension_wave,55,135,0.029366978464215793,5,130,0.037037037037037035,0.07272727272727272,4,-1.2,-1.0,ALERTA
HD,LH,kf_tension_filt_vel,55,273,0.0593865564498586,9,264,0.03296703296703297,0.12727272727272726,7,-0.5555555555555556,-1.0,ALERTA
HD,LH,vwap_spread_tide_current,55,183,0.039808570807048076,6,177,0.03278688524590164,0.05454545454545454,3,-1.0,-1.0,ALERTA
HD,LH,vwap_sigma_wave,55,107,0.023276049597563627,3,104,0.028037383177570093,0.05454545454545454,3,-1.3333333333333333,-1.0,ALERTA
HD,LH,kf_rvol_pred_val,55,206,0.04481183380465521,3,203,0.014563106796116505,0.07272727272727272,4,-0.6666666666666666,0.0,DETECTION
HD,LH,kf_rvol_filt_vel,55,241,0.052425494887970416,3,238,0.012448132780082987,0.07272727272727272,4,-0.3333333333333333,0.0,DETECTION
HD,LH,rsi_value,55,162,0.035240374157058954,2,160,0.012345679012345678,0.01818181818181818,1,-1.5,-1.5,ALERTA
HD,LH,kf_rsi_pred_val,55,171,0.03719817272134,2,169,0.011695906432748537,0.01818181818181818,1,-1.5,-1.5,ALERTA
HON,LL,vwap_sigma_current,48,137,0.029795563288386256,56,81,0.40875912408759124,0.5416666666666666,26,-0.8035714285714286,-1.0,ALERTA
HON,LL,rsi_value,48,165,0.03588516746411483,50,115,0.30303030303030304,0.5,24,-0.78,-1.0,ALERTA
HON,LL,sigma_tide,48,166,0.03610265332753371,46,120,0.27710843373493976,0.4375,21,-0.8260869565217391,-1.0,ALERTA
HON,LL,kf_rsi_pred_val,48,178,0.03871248368856024,42,136,0.23595505617977527,0.4583333333333333,22,-0.7142857142857143,-0.5,DETECTION
HON,LL,vwap_sigma_tide,48,223,0.04849934754240974,49,174,0.21973094170403587,0.4166666666666667,20,-0.8571428571428571,-1.0,ALERTA
HON,LL,vwap_sigma_wave,48,132,0.028708133971291867,27,105,0.20454545454545456,0.3125,15,-0.8518518518518519,-1.0,ALERTA
HON,LL,sigma_current,48,149,0.032405393649412785,26,123,0.174496644295302,0.25,12,-0.8846153846153846,-1.0,ALERTA
HON,LL,kf_price_pred_val,48,251,0.05458895171813832,42,209,0.16733067729083664,0.5416666666666666,26,-0.7857142857142857,-1.0,ALERTA
HON,LL,wave_accel,48,264,0.05741626794258373,40,224,0.15151515151515152,0.3958333333333333,19,-0.875,-1.0,ALERTA
HON,LL,wave_slope,48,218,0.047411918225315354,29,189,0.13302752293577982,0.22916666666666666,11,-0.9655172413793104,-1.0,ALERTA
HON,LL,current_accel,48,223,0.04849934754240974,29,194,0.13004484304932734,0.2916666666666667,14,-0.9310344827586207,-1.0,ALERTA
HON,LL,kf_price_innovation,48,221,0.048064375815571984,28,193,0.12669683257918551,0.375,18,-1.2142857142857142,-1.0,ALERTA
HON,LL,kf_conj_filt_vel,48,273,0.05937364071335363,33,240,0.12087912087912088,0.2916666666666667,14,-0.8787878787878788,-1.0,ALERTA
HON,LL,tide_accel,48,270,0.058721183123097,32,238,0.11851851851851852,0.25,12,-0.9375,-1.0,ALERTA
HON,LL,conj_wave_current,48,266,0.05785123966942149,31,235,0.11654135338345864,0.22916666666666666,11,-0.967741935483871,-1.0,ALERTA
HON,LL,kf_price_filt_vel,48,227,0.04936929099608525,25,202,0.11013215859030837,0.375,18,-1.0,-1.0,ALERTA
HON,LL,kf_rvol_pred_val,48,211,0.04588951718138321,22,189,0.10426540284360189,0.3333333333333333,16,-0.6818181818181818,-0.5,DETECTION
HON,LL,fear_level,48,269,0.05850369725967812,28,241,0.10408921933085502,0.20833333333333334,10,-0.9642857142857143,-1.0,ALERTA
HON,LL,sigma_wave,48,139,0.03023053501522401,14,125,0.10071942446043165,0.20833333333333334,10,-0.9285714285714286,-1.0,ALERTA
HON,LL,current_slope,48,225,0.048934319269247496,22,203,0.09777777777777778,0.16666666666666666,8,-0.9090909090909091,-1.0,ALERTA
HON,LL,vwap_spread_tide_wave,48,221,0.048064375815571984,21,200,0.09502262443438914,0.14583333333333334,7,-1.0,-1.0,ALERTA
HON,LL,conj_wave_tide,48,250,0.05437146585471944,23,227,0.092,0.16666666666666666,8,-0.9565217391304348,-1.0,ALERTA
HON,LL,kf_conj_pred_val,48,250,0.05437146585471944,22,228,0.088,0.1875,9,-0.9545454545454546,-1.0,ALERTA
HON,LL,vwap_spread_current_wave,48,232,0.050456720313179645,19,213,0.08189655172413793,0.14583333333333334,7,-1.0,-1.0,ALERTA
HON,LL,conj_current_tide,48,258,0.056111352762070466,21,237,0.08139534883720931,0.16666666666666666,8,-0.9047619047619048,-1.0,ALERTA
HON,LL,vwap_spread_tide_current,48,227,0.04936929099608525,18,209,0.07929515418502203,0.125,6,-1.0,-1.0,ALERTA
HON,LL,kf_rvol_filt_vel,48,213,0.04632448890822097,16,197,0.07511737089201878,0.3125,15,-0.8125,-1.0,ALERTA
HON,LL,tide_slope,48,189,0.0411048281861679,13,176,0.06878306878306878,0.10416666666666667,5,-0.9230769230769231,-1.0,ALERTA
HON,LL,kf_tension_pred_val,48,283,0.06154849934754241,16,267,0.05653710247349823,0.16666666666666666,8,-0.9375,-1.0,ALERTA
HON,LL,tension_tide,48,271,0.058938668986515876,15,256,0.055350553505535055,0.14583333333333334,7,-0.8666666666666667,-1.0,ALERTA
HON,LL,compression_ratio,48,171,0.0371900826446281,8,163,0.04678362573099415,0.08333333333333333,4,-0.75,-0.5,DETECTION
HON,LL,kf_rsi_filt_vel,48,201,0.04371465854719443,9,192,0.04477611940298507,0.0625,3,-1.0,-1.0,ALERTA
HON,LL,kf_tension_filt_vel,48,273,0.05937364071335363,9,264,0.03296703296703297,0.10416666666666667,5,-0.7777777777777778,-1.0,ALERTA
HON,LL,tension_current,48,164,0.03566768160069596,2,162,0.012195121951219513,0.041666666666666664,2,-2.0,-2.0,ALERTA
HON,LL,tension_wave,48,170,0.03697259678120922,0,170,0.0,0.0,0,0.0,0.0,DETECTION
HON,HL,sigma_current,56,149,0.032405393649412785,24,125,0.1610738255033557,0.26785714285714285,15,-0.625,0.0,DETECTION
HON,HL,vwap_spread_current_wave,56,232,0.050456720313179645,30,202,0.12931034482758622,0.17857142857142858,10,-1.0,-1.0,ALERTA
HON,HL,kf_tension_pred_val,56,283,0.06154849934754241,34,249,0.12014134275618374,0.23214285714285715,13,-0.9705882352941176,-1.0,ALERTA
HON,HL,tension_tide,56,271,0.058938668986515876,32,239,0.11808118081180811,0.21428571428571427,12,-0.90625,-1.0,ALERTA
HON,HL,conj_current_tide,56,258,0.056111352762070466,30,228,0.11627906976744186,0.17857142857142858,10,-1.0,-1.0,ALERTA
HON,HL,tide_slope,56,189,0.0411048281861679,21,168,0.1111111111111111,0.125,7,-1.0,-1.0,ALERTA
HON,HL,vwap_sigma_wave,56,132,0.028708133971291867,14,118,0.10606060606060606,0.21428571428571427,12,-0.2857142857142857,0.0,DETECTION
HON,HL,vwap_spread_tide_current,56,227,0.04936929099608525,24,203,0.10572687224669604,0.14285714285714285,8,-1.0,-1.0,ALERTA
HON,HL,wave_accel,56,264,0.05741626794258373,27,237,0.10227272727272728,0.2857142857142857,16,-0.9259259259259259,-1.0,ALERTA
HON,HL,current_slope,56,225,0.048934319269247496,23,202,0.10222222222222223,0.14285714285714285,8,-0.9565217391304348,-1.0,ALERTA
HON,HL,vwap_spread_tide_wave,56,221,0.048064375815571984,22,199,0.09954751131221719,0.14285714285714285,8,-0.9545454545454546,-1.0,ALERTA
HON,HL,kf_conj_filt_vel,56,273,0.05937364071335363,26,247,0.09523809523809523,0.19642857142857142,11,-1.0384615384615385,-1.0,ALERTA
HON,HL,kf_rsi_filt_vel,56,201,0.04371465854719443,19,182,0.0945273631840796,0.21428571428571427,12,-0.7368421052631579,-1.0,ALERTA
HON,HL,kf_price_pred_val,56,251,0.05458895171813832,22,229,0.08764940239043825,0.32142857142857145,18,-0.5454545454545454,0.0,DETECTION
HON,HL,sigma_wave,56,139,0.03023053501522401,12,127,0.08633093525179857,0.125,7,-0.8333333333333334,-1.0,ALERTA
HON,HL,wave_slope,56,218,0.047411918225315354,18,200,0.08256880733944955,0.125,7,-1.1111111111111112,-1.0,ALERTA
HON,HL,conj_wave_tide,56,250,0.05437146585471944,20,230,0.08,0.14285714285714285,8,-1.0,-1.0,ALERTA
HON,HL,kf_conj_pred_val,56,250,0.05437146585471944,20,230,0.08,0.125,7,-1.05,-1.0,ALERTA
HON,HL,kf_price_filt_vel,56,227,0.04936929099608525,18,209,0.07929515418502203,0.21428571428571427,12,-0.8333333333333334,-0.5,DETECTION
HON,HL,kf_rsi_pred_val,56,178,0.03871248368856024,13,165,0.07303370786516854,0.14285714285714285,8,-0.5384615384615384,0.0,DETECTION
HON,HL,kf_price_innovation,56,221,0.048064375815571984,16,205,0.07239819004524888,0.25,14,-1.375,-2.0,ALERTA
HON,HL,current_accel,56,223,0.04849934754240974,16,207,0.07174887892376682,0.16071428571428573,9,-1.0,-1.0,ALERTA
HON,HL,tension_current,56,164,0.03566768160069596,11,153,0.06707317073170732,0.125,7,-1.2727272727272727,-1.0,ALERTA
HON,HL,tide_accel,56,270,0.058721183123097,17,253,0.06296296296296296,0.10714285714285714,6,-1.0588235294117647,-1.0,ALERTA
HON,HL,kf_tension_filt_vel,56,273,0.05937364071335363,17,256,0.06227106227106227,0.16071428571428573,9,-0.7058823529411765,-1.0,ALERTA
HON,HL,kf_rvol_filt_vel,56,213,0.04632448890822097,13,200,0.06103286384976526,0.19642857142857142,11,-0.9230769230769231,-1.0,ALERTA
HON,HL,sigma_tide,56,166,0.03610265332753371,10,156,0.060240963855421686,0.10714285714285714,6,-0.6,0.0,DETECTION
HON,HL,conj_wave_current,56,266,0.05785123966942149,15,251,0.05639097744360902,0.10714285714285714,6,-1.1333333333333333,-1.0,ALERTA
HON,HL,fear_level,56,269,0.05850369725967812,15,254,0.055762081784386616,0.08928571428571429,5,-1.0,-1.0,ALERTA
HON,HL,rsi_value,56,165,0.03588516746411483,9,156,0.05454545454545454,0.10714285714285714,6,-0.4444444444444444,0.0,DETECTION
HON,HL,kf_rvol_pred_val,56,211,0.04588951718138321,11,200,0.052132701421800945,0.14285714285714285,8,-0.8181818181818182,0.0,DETECTION
HON,HL,vwap_sigma_tide,56,223,0.04849934754240974,10,213,0.04484304932735426,0.07142857142857142,4,-0.9,-1.0,ALERTA
HON,HL,compression_ratio,56,171,0.0371900826446281,7,164,0.04093567251461988,0.05357142857142857,3,-1.1428571428571428,-1.0,ALERTA
HON,HL,vwap_sigma_current,56,137,0.029795563288386256,3,134,0.021897810218978103,0.05357142857142857,3,-0.6666666666666666,0.0,DETECTION
HON,HL,tension_wave,56,170,0.03697259678120922,2,168,0.011764705882352941,0.017857142857142856,1,-1.5,-1.5,ALERTA
HON,HH,conj_wave_tide,59,250,0.05437146585471944,36,214,0.144,0.2033898305084746,12,-1.0,-1.0,ALERTA
HON,HH,kf_conj_pred_val,59,250,0.05437146585471944,36,214,0.144,0.2033898305084746,12,-1.0,-1.0,ALERTA
HON,HH,wave_slope,59,218,0.047411918225315354,28,190,0.12844036697247707,0.1694915254237288,10,-0.9642857142857143,-1.0,ALERTA
HON,HH,conj_wave_current,59,266,0.05785123966942149,27,239,0.10150375939849623,0.1694915254237288,10,-1.1111111111111112,-1.0,ALERTA
HON,HH,conj_current_tide,59,258,0.056111352762070466,26,232,0.10077519379844961,0.15254237288135594,9,-0.9615384615384616,-1.0,ALERTA
HON,HH,current_accel,59,223,0.04849934754240974,22,201,0.09865470852017937,0.15254237288135594,9,-1.0,-1.0,ALERTA
HON,HH,tide_slope,59,189,0.0411048281861679,18,171,0.09523809523809523,0.1016949152542373,6,-1.0,-1.0,ALERTA
HON,HH,kf_conj_filt_vel,59,273,0.05937364071335363,22,251,0.08058608058608059,0.13559322033898305,8,-0.9090909090909091,-1.0,ALERTA
HON,HH,current_slope,59,225,0.048934319269247496,18,207,0.08,0.11864406779661017,7,-1.0,-1.0,ALERTA
HON,HH,vwap_spread_tide_current,59,227,0.04936929099608525,18,209,0.07929515418502203,0.1016949152542373,6,-1.0,-1.0,ALERTA
HON,HH,tide_accel,59,270,0.058721183123097,21,249,0.07777777777777778,0.11864406779661017,7,-1.0,-1.0,ALERTA
HON,HH,vwap_spread_current_wave,59,232,0.050456720313179645,18,214,0.07758620689655173,0.11864406779661017,7,-1.1111111111111112,-1.0,ALERTA
HON,HH,vwap_spread_tide_wave,59,221,0.048064375815571984,17,204,0.07692307692307693,0.1016949152542373,6,-1.0588235294117647,-1.0,ALERTA
HON,HH,wave_accel,59,264,0.05741626794258373,19,245,0.07196969696969698,0.13559322033898305,8,-0.9473684210526315,-1.0,ALERTA
HON,HH,kf_price_pred_val,59,251,0.05458895171813832,18,233,0.07171314741035857,0.2033898305084746,12,-0.8333333333333334,-1.0,ALERTA
HON,HH,rsi_value,59,165,0.03588516746411483,11,154,0.06666666666666667,0.11864406779661017,7,-0.6363636363636364,0.0,DETECTION
HON,HH,tension_tide,59,271,0.058938668986515876,18,253,0.06642066420664207,0.1016949152542373,6,-1.0,-1.0,ALERTA
HON,HH,kf_tension_pred_val,59,283,0.06154849934754241,17,266,0.06007067137809187,0.1016949152542373,6,-1.0588235294117647,-1.0,ALERTA
HON,HH,kf_tension_filt_vel,59,273,0.05937364071335363,16,257,0.05860805860805861,0.15254237288135594,9,-0.6875,-0.5,DETECTION
HON,HH,compression_ratio,59,171,0.0371900826446281,10,161,0.05847953216374269,0.06779661016949153,4,-1.0,-1.0,ALERTA
HON,HH,tension_wave,59,170,0.03697259678120922,9,161,0.052941176470588235,0.0847457627118644,5,-1.3333333333333333,-2.0,ALERTA
HON,HH,vwap_sigma_wave,59,132,0.028708133971291867,6,126,0.045454545454545456,0.06779661016949153,4,-0.8333333333333334,-0.5,DETECTION
HON,HH,sigma_wave,59,139,0.03023053501522401,6,133,0.04316546762589928,0.0847457627118644,5,-0.5,0.0,DETECTION
HON,HH,sigma_tide,59,166,0.03610265332753371,7,159,0.04216867469879518,0.05084745762711865,3,-0.8571428571428571,-1.0,ALERTA
HON,HH,kf_rsi_filt_vel,59,201,0.04371465854719443,8,193,0.03980099502487562,0.06779661016949153,4,-0.875,-1.0,ALERTA
HON,HH,kf_price_innovation,59,221,0.048064375815571984,8,213,0.03619909502262444,0.0847457627118644,5,-1.25,-1.5,ALERTA
HON,HH,kf_price_filt_vel,59,227,0.04936929099608525,8,219,0.03524229074889868,0.11864406779661017,7,-1.5,-2.0,ALERTA
HON,HH,kf_rsi_pred_val,59,178,0.03871248368856024,6,172,0.033707865168539325,0.0847457627118644,5,-0.5,0.0,DETECTION
HON,HH,kf_rvol_filt_vel,59,213,0.04632448890822097,6,207,0.028169014084507043,0.0847457627118644,5,-1.1666666666666667,-1.5,ALERTA
HON,HH,sigma_current,59,149,0.032405393649412785,4,145,0.026845637583892617,0.05084745762711865,3,-0.25,0.0,DETECTION
HON,HH,fear_level,59,269,0.05850369725967812,7,262,0.026022304832713755,0.05084745762711865,3,-1.1428571428571428,-1.0,ALERTA
HON,HH,kf_rvol_pred_val,59,211,0.04588951718138321,5,206,0.023696682464454975,0.06779661016949153,4,-1.4,-2.0,ALERTA
HON,HH,tension_current,59,164,0.03566768160069596,3,161,0.018292682926829267,0.01694915254237288,1,-1.0,-1.0,ALERTA
HON,HH,vwap_sigma_tide,59,223,0.04849934754240974,3,220,0.013452914798206279,0.01694915254237288,1,-1.0,-1.0,ALERTA
HON,HH,vwap_sigma_current,59,137,0.029795563288386256,1,136,0.0072992700729927005,0.01694915254237288,1,0.0,0.0,DETECTION
HON,LH,current_slope,45,225,0.048934319269247496,30,195,0.13333333333333333,0.2222222222222222,10,-1.0,-1.0,ALERTA
HON,LH,vwap_spread_current_wave,45,232,0.050456720313179645,30,202,0.12931034482758622,0.24444444444444444,11,-0.9333333333333333,-1.0,ALERTA
HON,LH,kf_price_innovation,45,221,0.048064375815571984,26,195,0.11764705882352941,0.35555555555555557,16,-0.9230769230769231,-1.0,ALERTA
HON,LH,kf_conj_filt_vel,45,273,0.05937364071335363,32,241,0.11721611721611722,0.26666666666666666,12,-1.03125,-1.0,ALERTA
HON,LH,conj_current_tide,45,258,0.056111352762070466,30,228,0.11627906976744186,0.2222222222222222,10,-1.0,-1.0,ALERTA
HON,LH,kf_price_pred_val,45,251,0.05458895171813832,28,223,0.11155378486055777,0.4222222222222222,19,-0.7857142857142857,-1.0,ALERTA
HON,LH,sigma_tide,45,166,0.03610265332753371,18,148,0.10843373493975904,0.15555555555555556,7,-1.0555555555555556,-1.0,ALERTA
HON,LH,wave_accel,45,264,0.05741626794258373,28,236,0.10606060606060606,0.3111111111111111,14,-1.0,-1.0,ALERTA
HON,LH,kf_conj_pred_val,45,250,0.05437146585471944,26,224,0.104,0.2,9,-0.9615384615384616,-1.0,ALERTA
HON,LH,kf_price_filt_vel,45,227,0.04936929099608525,23,204,0.1013215859030837,0.3111111111111111,14,-0.7391304347826086,-1.0,ALERTA
HON,LH,conj_wave_tide,45,250,0.05437146585471944,25,225,0.1,0.2,9,-0.96,-1.0,ALERTA
HON,LH,vwap_spread_tide_wave,45,221,0.048064375815571984,21,200,0.09502262443438914,0.15555555555555556,7,-1.0,-1.0,ALERTA
HON,LH,vwap_spread_tide_current,45,227,0.04936929099608525,21,206,0.09251101321585903,0.15555555555555556,7,-1.0,-1.0,ALERTA
HON,LH,tension_current,45,164,0.03566768160069596,15,149,0.09146341463414634,0.15555555555555556,7,-0.8,-1.0,ALERTA
HON,LH,vwap_sigma_tide,45,223,0.04849934754240974,20,203,0.08968609865470852,0.2,9,-1.15,-1.0,ALERTA
HON,LH,tide_accel,45,270,0.058721183123097,24,246,0.08888888888888889,0.2,9,-1.0416666666666667,-1.0,ALERTA
HON,LH,wave_slope,45,218,0.047411918225315354,18,200,0.08256880733944955,0.13333333333333333,6,-1.0,-1.0,ALERTA
HON,LH,tide_slope,45,189,0.0411048281861679,15,174,0.07936507936507936,0.1111111111111111,5,-1.0,-1.0,ALERTA
HON,LH,conj_wave_current,45,266,0.05785123966942149,21,245,0.07894736842105263,0.15555555555555556,7,-1.0,-1.0,ALERTA
HON,LH,tension_wave,45,170,0.03697259678120922,13,157,0.07647058823529412,0.15555555555555556,7,-1.0,-1.0,ALERTA
HON,LH,rsi_value,45,165,0.03588516746411483,12,153,0.07272727272727272,0.1111111111111111,5,-1.0833333333333333,-1.0,ALERTA
HON,LH,fear_level,45,269,0.05850369725967812,18,251,0.06691449814126393,0.13333333333333333,6,-1.0,-1.0,ALERTA
HON,LH,compression_ratio,45,171,0.0371900826446281,11,160,0.06432748538011696,0.08888888888888889,4,-0.9090909090909091,-1.0,ALERTA
HON,LH,kf_rsi_pred_val,45,178,0.03871248368856024,11,167,0.06179775280898876,0.1111111111111111,5,-1.0,-1.0,ALERTA
HON,LH,kf_rvol_pred_val,45,211,0.04588951718138321,12,199,0.05687203791469194,0.2222222222222222,10,-1.0833333333333333,-1.0,ALERTA
HON,LH,current_accel,45,223,0.04849934754240974,12,211,0.053811659192825115,0.15555555555555556,7,-1.25,-1.0,ALERTA
HON,LH,tension_tide,45,271,0.058938668986515876,14,257,0.05166051660516605,0.1111111111111111,5,-1.0714285714285714,-1.0,ALERTA
HON,LH,kf_rvol_filt_vel,45,213,0.04632448890822097,11,202,0.051643192488262914,0.2,9,-0.6363636363636364,0.0,DETECTION
HON,LH,vwap_sigma_current,45,137,0.029795563288386256,7,130,0.051094890510948905,0.08888888888888889,4,-1.4285714285714286,-1.0,ALERTA
HON,LH,kf_tension_pred_val,45,283,0.06154849934754241,14,269,0.04946996466431095,0.1111111111111111,5,-1.0714285714285714,-1.0,ALERTA
HON,LH,sigma_current,45,149,0.032405393649412785,7,142,0.04697986577181208,0.1111111111111111,5,-1.1428571428571428,-1.0,ALERTA
HON,LH,sigma_wave,45,139,0.03023053501522401,4,135,0.02877697841726619,0.08888888888888889,4,-1.0,-1.0,ALERTA
HON,LH,vwap_sigma_wave,45,132,0.028708133971291867,2,130,0.015151515151515152,0.044444444444444446,2,-1.0,-1.0,ALERTA
HON,LH,kf_rsi_filt_vel,45,201,0.04371465854719443,3,198,0.014925373134328358,0.06666666666666667,3,0.0,0.0,DETECTION
HON,LH,kf_tension_filt_vel,45,273,0.05937364071335363,4,269,0.014652014652014652,0.06666666666666667,3,-0.25,0.0,DETECTION
IBM,LL,vwap_sigma_tide,48,135,0.029366978464215793,31,104,0.22962962962962963,0.2708333333333333,13,-0.9032258064516129,-1.0,ALERTA
IBM,LL,vwap_sigma_current,48,95,0.020665651511855558,21,74,0.22105263157894736,0.25,12,-0.7142857142857143,0.0,DETECTION
IBM,LL,vwap_sigma_wave,48,101,0.021970850554709594,21,80,0.2079207920792079,0.2916666666666667,14,-0.8095238095238095,-1.0,ALERTA
IBM,LL,kf_price_pred_val,48,236,0.051337829018925384,36,200,0.15254237288135594,0.5833333333333334,28,-0.6388888888888888,0.0,DETECTION
IBM,LL,sigma_tide,48,160,0.03480530780944094,23,137,0.14375,0.2708333333333333,13,-0.782608695652174,-1.0,ALERTA
IBM,LL,rsi_value,48,197,0.04285403524037416,27,170,0.13705583756345177,0.3125,15,-0.7037037037037037,0.0,DETECTION
IBM,LL,current_accel,48,273,0.0593865564498586,32,241,0.11721611721611722,0.2708333333333333,13,-0.9375,-1.0,ALERTA
IBM,LL,sigma_current,48,175,0.03806830541657603,19,156,0.10857142857142857,0.25,12,-0.5789473684210527,0.0,DETECTION
IBM,LL,tide_accel,48,216,0.04698716554274527,23,193,0.10648148148148148,0.22916666666666666,11,-0.8260869565217391,-1.0,ALERTA
IBM,LL,kf_rsi_pred_val,48,208,0.04524690015227322,21,187,0.10096153846153846,0.2916666666666667,14,-0.6190476190476191,0.0,DETECTION
IBM,LL,kf_price_filt_vel,48,240,0.05220796171416141,23,217,0.09583333333333334,0.3541666666666667,17,-1.0434782608695652,-1.0,ALERTA
IBM,LL,wave_accel,48,263,0.057211224711768545,23,240,0.08745247148288973,0.2708333333333333,13,-0.7391304347826086,-1.0,ALERTA
IBM,LL,wave_slope,48,213,0.04633456602131825,18,195,0.08450704225352113,0.14583333333333334,7,-1.0,-1.0,ALERTA
IBM,LL,kf_price_innovation,48,238,0.0517728953665434,20,218,0.08403361344537816,0.2708333333333333,13,-1.15,-1.0,ALERTA
IBM,LL,sigma_wave,48,165,0.03589297367848597,13,152,0.07878787878787878,0.1875,9,-0.9230769230769231,-1.0,ALERTA
IBM,LL,compression_ratio,48,191,0.041548836197520124,15,176,0.07853403141361257,0.10416666666666667,5,-1.0,-1.0,ALERTA
IBM,LL,vwap_spread_current_wave,48,240,0.05220796171416141,18,222,0.075,0.125,6,-1.0,-1.0,ALERTA
IBM,LL,kf_rvol_pred_val,48,187,0.0406787035022841,14,173,0.0748663101604278,0.1875,9,-1.0,-1.0,ALERTA
IBM,LL,kf_conj_filt_vel,48,266,0.05786382423319556,19,247,0.07142857142857142,0.16666666666666666,8,-0.9473684210526315,-1.0,ALERTA
IBM,LL,kf_tension_filt_vel,48,246,0.05351316075701545,17,229,0.06910569105691057,0.1875,9,-0.8235294117647058,-1.0,ALERTA
IBM,LL,current_slope,48,235,0.05112029584511638,16,219,0.06808510638297872,0.125,6,-1.0,-1.0,ALERTA
IBM,LL,conj_wave_current,48,225,0.04894496410702632,14,211,0.06222222222222222,0.10416666666666667,5,-0.9285714285714286,-1.0,ALERTA
IBM,LL,kf_rsi_filt_vel,48,212,0.046117032847509246,13,199,0.06132075471698113,0.20833333333333334,10,-0.7692307692307693,-1.0,ALERTA
IBM,LL,kf_conj_pred_val,48,266,0.05786382423319556,16,250,0.06015037593984962,0.125,6,-0.9375,-1.0,ALERTA
IBM,LL,conj_wave_tide,48,270,0.058733956928431585,15,255,0.05555555555555555,0.10416666666666667,5,-1.0,-1.0,ALERTA
IBM,LL,vwap_spread_tide_wave,48,200,0.04350663476180117,10,190,0.05,0.08333333333333333,4,-1.1,-1.0,ALERTA
IBM,LL,conj_current_tide,48,281,0.06112682184033065,13,268,0.046263345195729534,0.10416666666666667,5,-1.0769230769230769,-1.0,ALERTA
IBM,LL,kf_rvol_filt_vel,48,239,0.05199042854035241,10,229,0.04184100418410042,0.16666666666666666,8,-1.2,-1.0,ALERTA
IBM,LL,kf_tension_pred_val,48,174,0.03785077224276702,7,167,0.040229885057471264,0.08333333333333333,4,-0.7142857142857143,-1.0,ALERTA
IBM,LL,tide_slope,48,174,0.03785077224276702,6,168,0.034482758620689655,0.041666666666666664,2,-1.0,-1.0,ALERTA
IBM,LL,vwap_spread_tide_current,48,194,0.04220143571894714,6,188,0.030927835051546393,0.041666666666666664,2,-1.0,-1.0,ALERTA
IBM,LL,tension_tide,48,166,0.03611050685229498,5,161,0.030120481927710843,0.0625,3,-0.8,-1.0,ALERTA
IBM,LL,tension_current,48,138,0.03001957798564281,1,137,0.007246376811594203,0.020833333333333332,1,0.0,0.0,DETECTION
IBM,LL,tension_wave,48,157,0.03415270828801392,1,156,0.006369426751592357,0.020833333333333332,1,0.0,0.0,DETECTION
IBM,HL,kf_rsi_filt_vel,60,212,0.046117032847509246,28,184,0.1320754716981132,0.2833333333333333,17,-0.8214285714285714,-1.0,ALERTA
IBM,HL,current_slope,60,235,0.05112029584511638,29,206,0.12340425531914893,0.16666666666666666,10,-1.0344827586206897,-1.0,ALERTA
IBM,HL,sigma_wave,60,165,0.03589297367848597,20,145,0.12121212121212122,0.21666666666666667,13,-0.6,0.0,DETECTION
IBM,HL,tension_tide,60,166,0.03611050685229498,20,146,0.12048192771084337,0.15,9,-0.85,-1.0,ALERTA
IBM,HL,sigma_current,60,175,0.03806830541657603,21,154,0.12,0.21666666666666667,13,-0.5238095238095238,0.0,DETECTION
IBM,HL,vwap_sigma_current,60,95,0.020665651511855558,11,84,0.11578947368421053,0.1,6,-0.6363636363636364,0.0,DETECTION
IBM,HL,conj_current_tide,60,281,0.06112682184033065,31,250,0.1103202846975089,0.18333333333333332,11,-0.967741935483871,-1.0,ALERTA
IBM,HL,kf_tension_pred_val,60,174,0.03785077224276702,19,155,0.10919540229885058,0.13333333333333333,8,-0.8947368421052632,-1.0,ALERTA
IBM,HL,kf_price_pred_val,60,236,0.051337829018925384,25,211,0.1059322033898305,0.35,21,-0.56,0.0,DETECTION
IBM,HL,wave_accel,60,263,0.057211224711768545,27,236,0.10266159695817491,0.18333333333333332,11,-0.8518518518518519,-1.0,ALERTA
IBM,HL,tension_current,60,138,0.03001957798564281,14,124,0.10144927536231885,0.11666666666666667,7,-0.9285714285714286,-1.0,ALERTA
IBM,HL,conj_wave_tide,60,270,0.058733956928431585,27,243,0.1,0.18333333333333332,11,-1.0,-1.0,ALERTA
IBM,HL,wave_slope,60,213,0.04633456602131825,21,192,0.09859154929577464,0.11666666666666667,7,-1.0,-1.0,ALERTA
IBM,HL,kf_conj_pred_val,60,266,0.05786382423319556,25,241,0.09398496240601503,0.16666666666666666,10,-1.04,-1.0,ALERTA
IBM,HL,kf_rvol_pred_val,60,187,0.0406787035022841,17,170,0.09090909090909091,0.25,15,-0.7647058823529411,0.0,DETECTION
IBM,HL,vwap_sigma_wave,60,101,0.021970850554709594,9,92,0.0891089108910891,0.1,6,-0.4444444444444444,0.0,DETECTION
IBM,HL,tide_accel,60,216,0.04698716554274527,19,197,0.08796296296296297,0.11666666666666667,7,-1.0526315789473684,-1.0,ALERTA
IBM,HL,vwap_spread_current_wave,60,240,0.05220796171416141,21,219,0.0875,0.11666666666666667,7,-1.0,-1.0,ALERTA
IBM,HL,vwap_spread_tide_current,60,194,0.04220143571894714,16,178,0.08247422680412371,0.1,6,-1.0625,-1.0,ALERTA
IBM,HL,kf_price_filt_vel,60,240,0.05220796171416141,19,221,0.07916666666666666,0.26666666666666666,16,-0.6842105263157895,0.0,DETECTION
IBM,HL,kf_conj_filt_vel,60,266,0.05786382423319556,20,246,0.07518796992481203,0.13333333333333333,8,-0.95,-1.0,ALERTA
IBM,HL,vwap_spread_tide_wave,60,200,0.04350663476180117,15,185,0.075,0.08333333333333333,5,-1.0,-1.0,ALERTA
IBM,HL,kf_tension_filt_vel,60,246,0.05351316075701545,18,228,0.07317073170731707,0.16666666666666666,10,-0.7222222222222222,-1.0,ALERTA
IBM,HL,kf_price_innovation,60,238,0.0517728953665434,17,221,0.07142857142857142,0.21666666666666667,13,-0.8235294117647058,-1.0,ALERTA
IBM,HL,kf_rvol_filt_vel,60,239,0.05199042854035241,17,222,0.07112970711297072,0.23333333333333334,14,-0.8235294117647058,-1.0,ALERTA
IBM,HL,tide_slope,60,174,0.03785077224276702,12,162,0.06896551724137931,0.06666666666666667,4,-1.0,-1.0,ALERTA
IBM,HL,compression_ratio,60,191,0.041548836197520124,12,179,0.06282722513089005,0.1,6,-0.9166666666666666,-1.0,ALERTA
IBM,HL,sigma_tide,60,160,0.03480530780944094,10,150,0.0625,0.08333333333333333,5,-0.8,-0.5,DETECTION
IBM,HL,current_accel,60,273,0.0593865564498586,16,257,0.05860805860805861,0.15,9,-0.8125,-1.0,ALERTA
IBM,HL,conj_wave_current,60,225,0.04894496410702632,13,212,0.057777777777777775,0.1,6,-1.2307692307692308,-1.0,ALERTA
IBM,HL,kf_rsi_pred_val,60,208,0.04524690015227322,11,197,0.052884615384615384,0.08333333333333333,5,-0.7272727272727273,-1.0,ALERTA
IBM,HL,rsi_value,60,197,0.04285403524037416,10,187,0.050761421319796954,0.08333333333333333,5,-0.7,-0.5,DETECTION
IBM,HL,tension_wave,60,157,0.03415270828801392,7,150,0.044585987261146494,0.08333333333333333,5,-1.1428571428571428,-1.0,ALERTA
IBM,HL,vwap_sigma_tide,60,135,0.029366978464215793,3,132,0.022222222222222223,0.016666666666666666,1,-1.0,-1.0,ALERTA
IBM,HH,current_slope,61,235,0.05112029584511638,33,202,0.14042553191489363,0.19672131147540983,12,-1.0,-1.0,ALERTA
IBM,HH,rsi_value,61,197,0.04285403524037416,26,171,0.1319796954314721,0.21311475409836064,13,-0.7692307692307693,-1.0,ALERTA
IBM,HH,vwap_spread_current_wave,61,240,0.05220796171416141,30,210,0.125,0.16393442622950818,10,-1.0,-1.0,ALERTA
IBM,HH,kf_rsi_pred_val,61,208,0.04524690015227322,23,185,0.11057692307692307,0.18032786885245902,11,-0.8260869565217391,-1.0,ALERTA
IBM,HH,conj_current_tide,61,281,0.06112682184033065,30,251,0.10676156583629894,0.16393442622950818,10,-1.0,-1.0,ALERTA
IBM,HH,conj_wave_current,61,225,0.04894496410702632,24,201,0.10666666666666667,0.14754098360655737,9,-1.0,-1.0,ALERTA
IBM,HH,vwap_spread_tide_current,61,194,0.04220143571894714,18,176,0.09278350515463918,0.09836065573770492,6,-1.0,-1.0,ALERTA
IBM,HH,vwap_spread_tide_wave,61,200,0.04350663476180117,18,182,0.09,0.09836065573770492,6,-1.0,-1.0,ALERTA
IBM,HH,tide_accel,61,216,0.04698716554274527,19,197,0.08796296296296297,0.13114754098360656,8,-1.0,-1.0,ALERTA
IBM,HH,sigma_current,61,175,0.03806830541657603,15,160,0.08571428571428572,0.13114754098360656,8,-0.7333333333333333,-1.0,ALERTA
IBM,HH,kf_rvol_pred_val,61,187,0.0406787035022841,16,171,0.0855614973262032,0.21311475409836064,13,-0.5625,0.0,DETECTION
IBM,HH,current_accel,61,273,0.0593865564498586,23,250,0.08424908424908426,0.18032786885245902,11,-0.9130434782608695,-1.0,ALERTA
IBM,HH,sigma_wave,61,165,0.03589297367848597,13,152,0.07878787878787878,0.13114754098360656,8,-0.9230769230769231,-1.0,ALERTA
IBM,HH,vwap_sigma_current,61,95,0.020665651511855558,7,88,0.07368421052631578,0.08196721311475409,5,-0.7142857142857143,-1.0,ALERTA
IBM,HH,wave_slope,61,213,0.04633456602131825,15,198,0.07042253521126761,0.09836065573770492,6,-0.9333333333333333,-1.0,ALERTA
IBM,HH,wave_accel,61,263,0.057211224711768545,18,245,0.06844106463878327,0.13114754098360656,8,-1.0,-1.0,ALERTA
IBM,HH,kf_price_innovation,61,238,0.0517728953665434,16,222,0.06722689075630252,0.19672131147540983,12,-0.9375,-1.0,ALERTA
IBM,HH,kf_conj_filt_vel,61,266,0.05786382423319556,17,249,0.06390977443609022,0.11475409836065574,7,-0.9411764705882353,-1.0,ALERTA
IBM,HH,kf_price_pred_val,61,236,0.051337829018925384,15,221,0.0635593220338983,0.21311475409836064,13,-0.8666666666666667,-1.0,ALERTA
IBM,HH,kf_rvol_filt_vel,61,239,0.05199042854035241,13,226,0.05439330543933055,0.19672131147540983,12,-0.5384615384615384,0.0,DETECTION
IBM,HH,tension_tide,61,166,0.03611050685229498,9,157,0.05421686746987952,0.04918032786885246,3,-1.0,-1.0,ALERTA
IBM,HH,conj_wave_tide,61,270,0.058733956928431585,14,256,0.05185185185185185,0.09836065573770492,6,-1.1428571428571428,-1.0,ALERTA
IBM,HH,kf_tension_pred_val,61,174,0.03785077224276702,9,165,0.05172413793103448,0.04918032786885246,3,-1.0,-1.0,ALERTA
IBM,HH,kf_price_filt_vel,61,240,0.05220796171416141,12,228,0.05,0.14754098360655737,9,-0.9166666666666666,-1.0,ALERTA
IBM,HH,vwap_sigma_wave,61,101,0.021970850554709594,5,96,0.04950495049504951,0.06557377049180328,4,-0.8,-1.0,ALERTA
IBM,HH,compression_ratio,61,191,0.041548836197520124,9,182,0.04712041884816754,0.04918032786885246,3,-1.0,-1.0,ALERTA
IBM,HH,kf_conj_pred_val,61,266,0.05786382423319556,12,254,0.045112781954887216,0.09836065573770492,6,-1.25,-1.5,ALERTA
IBM,HH,kf_tension_filt_vel,61,246,0.05351316075701545,11,235,0.044715447154471545,0.13114754098360656,8,-0.8181818181818182,-1.0,ALERTA
IBM,HH,vwap_sigma_tide,61,135,0.029366978464215793,6,129,0.044444444444444446,0.04918032786885246,3,-0.6666666666666666,-0.5,DETECTION
IBM,HH,kf_rsi_filt_vel,61,212,0.046117032847509246,9,203,0.04245283018867924,0.08196721311475409,5,-0.7777777777777778,-1.0,ALERTA
IBM,HH,sigma_tide,61,160,0.03480530780944094,5,155,0.03125,0.04918032786885246,3,-0.4,0.0,DETECTION
IBM,HH,tension_current,61,138,0.03001957798564281,4,134,0.028985507246376812,0.04918032786885246,3,-0.75,-0.5,DETECTION
IBM,HH,tide_slope,61,174,0.03785077224276702,5,169,0.028735632183908046,0.03278688524590164,2,-0.8,-1.0,ALERTA
IBM,HH,tension_wave,61,157,0.03415270828801392,2,155,0.012738853503184714,0.03278688524590164,2,-1.0,-1.0,ALERTA
IBM,LH,compression_ratio,46,191,0.041548836197520124,21,170,0.1099476439790576,0.15217391304347827,7,-1.0,-1.0,ALERTA
IBM,LH,wave_slope,46,213,0.04633456602131825,22,191,0.10328638497652583,0.1956521739130435,9,-1.0454545454545454,-1.0,ALERTA
IBM,LH,kf_price_pred_val,46,236,0.051337829018925384,20,216,0.0847457627118644,0.2826086956521739,13,-0.85,-1.0,ALERTA
IBM,LH,kf_conj_pred_val,46,266,0.05786382423319556,21,245,0.07894736842105263,0.17391304347826086,8,-1.0,-1.0,ALERTA
IBM,LH,current_slope,46,235,0.05112029584511638,18,217,0.07659574468085106,0.13043478260869565,6,-1.0,-1.0,ALERTA
IBM,LH,kf_price_filt_vel,46,240,0.05220796171416141,18,222,0.075,0.2608695652173913,12,-0.7777777777777778,-1.0,ALERTA
IBM,LH,conj_current_tide,46,281,0.06112682184033065,21,260,0.07473309608540925,0.15217391304347827,7,-1.0,-1.0,ALERTA
IBM,LH,conj_wave_tide,46,270,0.058733956928431585,20,250,0.07407407407407407,0.17391304347826086,8,-1.0,-1.0,ALERTA
IBM,LH,wave_accel,46,263,0.057211224711768545,16,247,0.060836501901140684,0.15217391304347827,7,-1.1875,-1.0,ALERTA
IBM,LH,tide_accel,46,216,0.04698716554274527,13,203,0.06018518518518518,0.13043478260869565,6,-1.1538461538461537,-1.0,ALERTA
IBM,LH,vwap_sigma_tide,46,135,0.029366978464215793,8,127,0.05925925925925926,0.10869565217391304,5,-1.375,-1.5,ALERTA
IBM,LH,kf_price_innovation,46,238,0.0517728953665434,14,224,0.058823529411764705,0.1956521739130435,9,-1.0714285714285714,-1.0,ALERTA
IBM,LH,vwap_spread_current_wave,46,240,0.05220796171416141,13,227,0.05416666666666667,0.10869565217391304,5,-1.0769230769230769,-1.0,ALERTA
IBM,LH,kf_tension_filt_vel,46,246,0.05351316075701545,13,233,0.052845528455284556,0.13043478260869565,6,-0.8461538461538461,-1.0,ALERTA
IBM,LH,kf_conj_filt_vel,46,266,0.05786382423319556,14,252,0.05263157894736842,0.13043478260869565,6,-0.9285714285714286,-1.0,ALERTA
IBM,LH,sigma_current,46,175,0.03806830541657603,9,166,0.05142857142857143,0.13043478260869565,6,-1.1111111111111112,-1.0,ALERTA
IBM,LH,tension_current,46,138,0.03001957798564281,7,131,0.050724637681159424,0.08695652173913043,4,-1.1428571428571428,-1.0,ALERTA
IBM,LH,current_accel,46,273,0.0593865564498586,12,261,0.04395604395604396,0.13043478260869565,6,-1.0,-1.0,ALERTA
IBM,LH,sigma_tide,46,160,0.03480530780944094,7,153,0.04375,0.06521739130434782,3,-1.0,-1.0,ALERTA
IBM,LH,kf_rsi_filt_vel,46,212,0.046117032847509246,9,203,0.04245283018867924,0.10869565217391304,5,-1.0,-1.0,ALERTA
IBM,LH,tension_wave,46,157,0.03415270828801392,5,152,0.03184713375796178,0.06521739130434782,3,-1.0,-1.0,ALERTA
IBM,LH,vwap_sigma_current,46,95,0.020665651511855558,3,92,0.031578947368421054,0.06521739130434782,3,-1.3333333333333333,-1.0,ALERTA
IBM,LH,rsi_value,46,197,0.04285403524037416,6,191,0.030456852791878174,0.08695652173913043,4,-1.1666666666666667,-1.0,ALERTA
IBM,LH,sigma_wave,46,165,0.03589297367848597,5,160,0.030303030303030304,0.043478260869565216,2,-1.2,-1.0,ALERTA
IBM,LH,conj_wave_current,46,225,0.04894496410702632,6,219,0.02666666666666667,0.043478260869565216,2,-1.0,-1.0,ALERTA
IBM,LH,kf_rvol_filt_vel,46,239,0.05199042854035241,6,233,0.02510460251046025,0.10869565217391304,5,-0.8333333333333334,-0.5,DETECTION
IBM,LH,vwap_spread_tide_wave,46,200,0.04350663476180117,5,195,0.025,0.043478260869565216,2,-1.2,-1.0,ALERTA
IBM,LH,kf_tension_pred_val,46,174,0.03785077224276702,4,170,0.022988505747126436,0.043478260869565216,2,-1.0,-1.0,ALERTA
IBM,LH,kf_rvol_pred_val,46,187,0.0406787035022841,4,183,0.0213903743315508,0.06521739130434782,3,-1.25,-1.5,ALERTA
IBM,LH,vwap_spread_tide_current,46,194,0.04220143571894714,4,190,0.020618556701030927,0.043478260869565216,2,-0.75,-0.5,DETECTION
IBM,LH,tension_tide,46,166,0.03611050685229498,3,163,0.018072289156626505,0.043478260869565216,2,-1.6666666666666667,-2.0,ALERTA
IBM,LH,tide_slope,46,174,0.03785077224276702,3,171,0.017241379310344827,0.021739130434782608,1,-1.0,-1.0,ALERTA
IBM,LH,kf_rsi_pred_val,46,208,0.04524690015227322,3,205,0.014423076923076924,0.043478260869565216,2,-1.0,-1.0,ALERTA
IBM,LH,vwap_sigma_wave,46,101,0.021970850554709594,1,100,0.009900990099009901,0.021739130434782608,1,-1.0,-1.0,ALERTA
JNJ,LL,vwap_sigma_tide,31,82,0.017872711421098517,21,61,0.25609756097560976,0.3548387096774194,11,-0.5714285714285714,0.0,DETECTION
JNJ,LL,vwap_sigma_current,31,123,0.02680906713164778,22,101,0.17886178861788618,0.3870967741935484,12,-0.7272727272727273,-0.5,DETECTION
JNJ,LL,sigma_tide,31,120,0.026155187445510025,20,100,0.16666666666666666,0.3548387096774194,11,-0.65,0.0,DETECTION
JNJ,LL,vwap_sigma_wave,31,93,0.02027027027027027,15,78,0.16129032258064516,0.41935483870967744,13,-0.6,0.0,DETECTION
JNJ,LL,sigma_current,31,165,0.03596338273757629,21,144,0.12727272727272726,0.2903225806451613,9,-0.9047619047619048,-1.0,ALERTA
JNJ,LL,kf_price_pred_val,31,212,0.046207497820401046,26,186,0.12264150943396226,0.5483870967741935,17,-0.6923076923076923,-1.0,ALERTA
JNJ,LL,fear_level,31,172,0.037489102005231034,21,151,0.12209302325581395,0.2903225806451613,9,-0.9047619047619048,-1.0,ALERTA
JNJ,LL,wave_accel,31,221,0.0481691368788143,24,197,0.1085972850678733,0.41935483870967744,13,-0.75,-0.5,DETECTION
JNJ,LL,wave_slope,31,226,0.04925893635571055,24,202,0.10619469026548672,0.2903225806451613,9,-0.9166666666666666,-1.0,ALERTA
JNJ,LL,conj_wave_current,31,179,0.03901482127288579,19,160,0.10614525139664804,0.22580645161290322,7,-0.8947368421052632,-1.0,ALERTA
JNJ,LL,conj_wave_tide,31,227,0.0494768962510898,24,203,0.10572687224669604,0.2903225806451613,9,-0.9583333333333334,-1.0,ALERTA
JNJ,LL,kf_rsi_pred_val,31,190,0.04141238012205754,20,170,0.10526315789473684,0.3548387096774194,11,-0.75,-0.5,DETECTION
JNJ,LL,kf_conj_pred_val,31,229,0.0499128160418483,24,205,0.10480349344978165,0.2903225806451613,9,-1.0,-1.0,ALERTA
JNJ,LL,kf_price_innovation,31,201,0.04380993897122929,21,180,0.1044776119402985,0.4838709677419355,15,-1.0,-1.0,ALERTA
JNJ,LL,rsi_value,31,165,0.03596338273757629,17,148,0.10303030303030303,0.2903225806451613,9,-0.6470588235294118,0.0,DETECTION
JNJ,LL,current_accel,31,203,0.04424585876198779,20,183,0.09852216748768473,0.3225806451612903,10,-0.7,-0.5,DETECTION
JNJ,LL,kf_price_filt_vel,31,211,0.0459895379250218,20,191,0.0947867298578199,0.41935483870967744,13,-0.85,-1.0,ALERTA
JNJ,LL,compression_ratio,31,221,0.0481691368788143,19,202,0.08597285067873303,0.25806451612903225,8,-0.8421052631578947,-1.0,ALERTA
JNJ,LL,kf_conj_filt_vel,31,210,0.045771578029642546,18,192,0.08571428571428572,0.25806451612903225,8,-0.8888888888888888,-1.0,ALERTA
JNJ,LL,vwap_spread_current_wave,31,224,0.04882301656495205,18,206,0.08035714285714286,0.1935483870967742,6,-1.0,-1.0,ALERTA
JNJ,LL,current_slope,31,203,0.04424585876198779,16,187,0.07881773399014778,0.1935483870967742,6,-0.9375,-1.0,ALERTA
JNJ,LL,conj_current_tide,31,216,0.047079337401918046,17,199,0.0787037037037037,0.1935483870967742,6,-0.9411764705882353,-1.0,ALERTA
JNJ,LL,sigma_wave,31,133,0.02898866608544028,9,124,0.06766917293233082,0.1935483870967742,6,-0.6666666666666666,-1.0,ALERTA
JNJ,LL,tide_accel,31,181,0.03945074106364429,10,171,0.055248618784530384,0.1935483870967742,6,-0.5,0.0,DETECTION
JNJ,LL,kf_rvol_pred_val,31,202,0.044027898866608545,11,191,0.054455445544554455,0.25806451612903225,8,-0.7272727272727273,0.0,DETECTION
JNJ,LL,kf_rvol_filt_vel,31,223,0.0486050566695728,11,212,0.04932735426008968,0.22580645161290322,7,-0.9090909090909091,-1.0,ALERTA
JNJ,LL,kf_tension_filt_vel,31,265,0.057759372275501306,10,255,0.03773584905660377,0.16129032258064516,5,-1.1,-1.0,ALERTA
JNJ,LL,tension_current,31,133,0.02898866608544028,5,128,0.03759398496240601,0.0967741935483871,3,-1.4,-2.0,ALERTA
JNJ,LL,kf_rsi_filt_vel,31,222,0.04838709677419355,8,214,0.036036036036036036,0.16129032258064516,5,-0.625,-0.5,DETECTION
JNJ,LL,tension_tide,31,268,0.05841325196163906,7,261,0.026119402985074626,0.0967741935483871,3,-0.8571428571428571,-1.0,ALERTA
JNJ,LL,kf_tension_pred_val,31,273,0.05950305143853531,7,266,0.02564102564102564,0.0967741935483871,3,-0.8571428571428571,-1.0,ALERTA
JNJ,LL,vwap_spread_tide_wave,31,261,0.056887532693984305,3,258,0.011494252873563218,0.03225806451612903,1,-1.0,-1.0,ALERTA
JNJ,LL,vwap_spread_tide_current,31,268,0.05841325196163906,3,265,0.011194029850746268,0.03225806451612903,1,-1.0,-1.0,ALERTA
JNJ,LL,tide_slope,31,277,0.06037489102005231,3,274,0.010830324909747292,0.03225806451612903,1,-1.0,-1.0,ALERTA
JNJ,LL,tension_wave,31,124,0.02702702702702703,0,124,0.0,0.0,0,0.0,0.0,DETECTION
JNJ,HL,vwap_sigma_current,36,123,0.02680906713164778,22,101,0.17886178861788618,0.3333333333333333,12,-0.8181818181818182,-0.5,DETECTION
JNJ,HL,vwap_sigma_wave,36,93,0.02027027027027027,9,84,0.0967741935483871,0.19444444444444445,7,-0.6666666666666666,0.0,DETECTION
JNJ,HL,sigma_current,36,165,0.03596338273757629,14,151,0.08484848484848485,0.25,9,-0.9285714285714286,-1.0,ALERTA
JNJ,HL,sigma_tide,36,120,0.026155187445510025,10,110,0.08333333333333333,0.1388888888888889,5,-0.7,-0.5,DETECTION
JNJ,HL,kf_price_pred_val,36,212,0.046207497820401046,16,196,0.07547169811320754,0.3055555555555556,11,-0.875,-1.0,ALERTA
JNJ,HL,current_accel,36,203,0.04424585876198779,15,188,0.07389162561576355,0.16666666666666666,6,-0.8666666666666667,-1.0,ALERTA
JNJ,HL,rsi_value,36,165,0.03596338273757629,12,153,0.07272727272727272,0.19444444444444445,7,-0.75,-0.5,DETECTION
JNJ,HL,kf_price_innovation,36,201,0.04380993897122929,13,188,0.06467661691542288,0.25,9,-1.0769230769230769,-1.0,ALERTA
JNJ,HL,kf_rvol_pred_val,36,202,0.044027898866608545,13,189,0.06435643564356436,0.2777777777777778,10,-0.8461538461538461,-1.0,ALERTA
JNJ,HL,conj_wave_current,36,179,0.03901482127288579,11,168,0.061452513966480445,0.1388888888888889,5,-0.8181818181818182,-1.0,ALERTA
JNJ,HL,kf_rsi_pred_val,36,190,0.04141238012205754,11,179,0.05789473684210526,0.16666666666666666,6,-0.7272727272727273,-1.0,ALERTA
JNJ,HL,kf_conj_pred_val,36,229,0.0499128160418483,13,216,0.056768558951965066,0.16666666666666666,6,-0.7692307692307693,-1.0,ALERTA
JNJ,HL,kf_tension_pred_val,36,273,0.05950305143853531,15,258,0.054945054945054944,0.1388888888888889,5,-1.0,-1.0,ALERTA
JNJ,HL,tension_tide,36,268,0.05841325196163906,14,254,0.05223880597014925,0.1388888888888889,5,-0.9285714285714286,-1.0,ALERTA
JNJ,HL,kf_rvol_filt_vel,36,223,0.0486050566695728,11,212,0.04932735426008968,0.2777777777777778,10,-0.7272727272727273,0.0,DETECTION
JNJ,HL,conj_wave_tide,36,227,0.0494768962510898,11,216,0.048458149779735685,0.1111111111111111,4,-0.9090909090909091,-1.0,ALERTA
JNJ,HL,kf_price_filt_vel,36,211,0.0459895379250218,10,201,0.04739336492890995,0.19444444444444445,7,-0.9,-1.0,ALERTA
JNJ,HL,sigma_wave,36,133,0.02898866608544028,6,127,0.045112781954887216,0.1111111111111111,4,-0.6666666666666666,-0.5,DETECTION
JNJ,HL,kf_rsi_filt_vel,36,222,0.04838709677419355,10,212,0.04504504504504504,0.16666666666666666,6,-0.6,-0.5,DETECTION
JNJ,HL,wave_slope,36,226,0.04925893635571055,9,217,0.03982300884955752,0.1111111111111111,4,-0.7777777777777778,-1.0,ALERTA
JNJ,HL,wave_accel,36,221,0.0481691368788143,8,213,0.03619909502262444,0.1388888888888889,5,-0.75,-0.5,DETECTION
JNJ,HL,fear_level,36,172,0.037489102005231034,5,167,0.029069767441860465,0.05555555555555555,2,-0.8,-1.0,ALERTA
JNJ,HL,conj_current_tide,36,216,0.047079337401918046,6,210,0.027777777777777776,0.05555555555555555,2,-1.0,-1.0,ALERTA
JNJ,HL,kf_tension_filt_vel,36,265,0.057759372275501306,7,258,0.026415094339622643,0.1388888888888889,5,-1.1428571428571428,-1.0,ALERTA
JNJ,HL,vwap_sigma_tide,36,82,0.017872711421098517,2,80,0.024390243902439025,0.05555555555555555,2,0.0,0.0,DETECTION
JNJ,HL,kf_conj_filt_vel,36,210,0.045771578029642546,5,205,0.023809523809523808,0.08333333333333333,3,-0.8,-1.0,ALERTA
JNJ,HL,compression_ratio,36,221,0.0481691368788143,5,216,0.02262443438914027,0.05555555555555555,2,-1.2,-1.0,ALERTA
JNJ,HL,vwap_spread_tide_current,36,268,0.05841325196163906,6,262,0.022388059701492536,0.05555555555555555,2,-1.0,-1.0,ALERTA
JNJ,HL,current_slope,36,203,0.04424585876198779,3,200,0.014778325123152709,0.027777777777777776,1,-1.0,-1.0,ALERTA
JNJ,HL,vwap_spread_current_wave,36,224,0.04882301656495205,3,221,0.013392857142857142,0.027777777777777776,1,-1.0,-1.0,ALERTA
JNJ,HL,tide_accel,36,181,0.03945074106364429,2,179,0.011049723756906077,0.05555555555555555,2,-0.5,-0.5,DETECTION
JNJ,HL,tide_slope,36,277,0.06037489102005231,3,274,0.010830324909747292,0.027777777777777776,1,-1.0,-1.0,ALERTA
JNJ,HL,tension_wave,36,124,0.02702702702702703,1,123,0.008064516129032258,0.027777777777777776,1,-1.0,-1.0,ALERTA
JNJ,HL,tension_current,36,133,0.02898866608544028,1,132,0.007518796992481203,0.027777777777777776,1,0.0,0.0,DETECTION
JNJ,HL,vwap_spread_tide_wave,36,261,0.056887532693984305,0,261,0.0,0.0,0,0.0,0.0,DETECTION
JNJ,HH,conj_wave_current,36,179,0.03901482127288579,12,167,0.0670391061452514,0.1111111111111111,4,-1.0,-1.0,ALERTA
JNJ,HH,rsi_value,36,165,0.03596338273757629,11,154,0.06666666666666667,0.19444444444444445,7,-0.5454545454545454,0.0,DETECTION
JNJ,HH,wave_slope,36,226,0.04925893635571055,14,212,0.061946902654867256,0.1388888888888889,5,-1.0714285714285714,-1.0,ALERTA
JNJ,HH,kf_rsi_pred_val,36,190,0.04141238012205754,11,179,0.05789473684210526,0.16666666666666666,6,-0.6363636363636364,0.0,DETECTION
JNJ,HH,conj_wave_tide,36,227,0.0494768962510898,12,215,0.05286343612334802,0.1111111111111111,4,-1.0,-1.0,ALERTA
JNJ,HH,kf_conj_pred_val,36,229,0.0499128160418483,11,218,0.048034934497816595,0.1111111111111111,4,-1.0909090909090908,-1.0,ALERTA
JNJ,HH,vwap_spread_tide_wave,36,261,0.056887532693984305,12,249,0.04597701149425287,0.1111111111111111,4,-1.0,-1.0,ALERTA
JNJ,HH,sigma_wave,36,133,0.02898866608544028,6,127,0.045112781954887216,0.1388888888888889,5,-0.16666666666666666,0.0,DETECTION
JNJ,HH,vwap_sigma_wave,36,93,0.02027027027027027,4,89,0.043010752688172046,0.1111111111111111,4,0.0,0.0,DETECTION
JNJ,HH,tension_wave,36,124,0.02702702702702703,5,119,0.04032258064516129,0.08333333333333333,3,-1.4,-2.0,ALERTA
JNJ,HH,kf_price_innovation,36,201,0.04380993897122929,7,194,0.03482587064676617,0.1111111111111111,4,-1.0,-1.0,ALERTA
JNJ,HH,vwap_spread_tide_current,36,268,0.05841325196163906,9,259,0.033582089552238806,0.08333333333333333,3,-1.0,-1.0,ALERTA
JNJ,HH,tide_accel,36,181,0.03945074106364429,6,175,0.03314917127071823,0.08333333333333333,3,-0.6666666666666666,-0.5,DETECTION
JNJ,HH,kf_price_pred_val,36,212,0.046207497820401046,7,205,0.0330188679245283,0.1111111111111111,4,-0.8571428571428571,-1.0,ALERTA
JNJ,HH,compression_ratio,36,221,0.0481691368788143,7,214,0.03167420814479638,0.08333333333333333,3,-0.8571428571428571,-1.0,ALERTA
JNJ,HH,kf_rvol_filt_vel,36,223,0.0486050566695728,7,216,0.03139013452914798,0.16666666666666666,6,-0.8571428571428571,-1.0,ALERTA
JNJ,HH,kf_rvol_pred_val,36,202,0.044027898866608545,6,196,0.0297029702970297,0.1388888888888889,5,-0.8333333333333334,-0.5,DETECTION
JNJ,HH,current_accel,36,203,0.04424585876198779,6,197,0.029556650246305417,0.08333333333333333,3,-1.0,-1.0,ALERTA
JNJ,HH,vwap_sigma_current,36,123,0.02680906713164778,3,120,0.024390243902439025,0.05555555555555555,2,-0.3333333333333333,0.0,DETECTION
JNJ,HH,sigma_current,36,165,0.03596338273757629,4,161,0.024242424242424242,0.08333333333333333,3,-0.25,0.0,DETECTION
JNJ,HH,kf_rsi_filt_vel,36,222,0.04838709677419355,5,217,0.02252252252252252,0.08333333333333333,3,-0.4,0.0,DETECTION
JNJ,HH,vwap_spread_current_wave,36,224,0.04882301656495205,5,219,0.022321428571428572,0.05555555555555555,2,-0.8,-1.0,ALERTA
JNJ,HH,tide_slope,36,277,0.06037489102005231,6,271,0.021660649819494584,0.05555555555555555,2,-1.0,-1.0,ALERTA
JNJ,HH,kf_conj_filt_vel,36,210,0.045771578029642546,4,206,0.01904761904761905,0.05555555555555555,2,-1.25,-1.5,ALERTA
JNJ,HH,wave_accel,36,221,0.0481691368788143,4,217,0.01809954751131222,0.08333333333333333,3,-1.0,-1.0,ALERTA
JNJ,HH,current_slope,36,203,0.04424585876198779,3,200,0.014778325123152709,0.027777777777777776,1,-1.0,-1.0,ALERTA
JNJ,HH,kf_price_filt_vel,36,211,0.0459895379250218,3,208,0.014218009478672985,0.05555555555555555,2,-1.3333333333333333,-2.0,ALERTA
JNJ,HH,vwap_sigma_tide,36,82,0.017872711421098517,1,81,0.012195121951219513,0.027777777777777776,1,0.0,0.0,DETECTION
JNJ,HH,tension_tide,36,268,0.05841325196163906,3,265,0.011194029850746268,0.027777777777777776,1,-1.0,-1.0,ALERTA
JNJ,HH,sigma_tide,36,120,0.026155187445510025,1,119,0.008333333333333333,0.027777777777777776,1,0.0,0.0,DETECTION
JNJ,HH,kf_tension_filt_vel,36,265,0.057759372275501306,2,263,0.007547169811320755,0.027777777777777776,1,-0.5,-0.5,DETECTION
JNJ,HH,kf_tension_pred_val,36,273,0.05950305143853531,1,272,0.003663003663003663,0.027777777777777776,1,-2.0,-2.0,ALERTA
JNJ,HH,conj_current_tide,36,216,0.047079337401918046,0,216,0.0,0.0,0,0.0,0.0,DETECTION
JNJ,HH,tension_current,36,133,0.02898866608544028,0,133,0.0,0.0,0,0.0,0.0,DETECTION
JNJ,HH,fear_level,36,172,0.037489102005231034,0,172,0.0,0.0,0,0.0,0.0,DETECTION
JNJ,LH,kf_price_pred_val,30,212,0.046207497820401046,25,187,0.1179245283018868,0.43333333333333335,13,-0.96,-1.0,ALERTA
JNJ,LH,kf_price_filt_vel,30,211,0.0459895379250218,17,194,0.08056872037914692,0.3,9,-0.7058823529411765,-1.0,ALERTA
JNJ,LH,current_accel,30,203,0.04424585876198779,16,187,0.07881773399014778,0.23333333333333334,7,-1.0,-1.0,ALERTA
JNJ,LH,conj_wave_current,30,179,0.03901482127288579,13,166,0.07262569832402235,0.16666666666666666,5,-1.0769230769230769,-1.0,ALERTA
JNJ,LH,kf_price_innovation,30,201,0.04380993897122929,14,187,0.06965174129353234,0.26666666666666666,8,-0.8571428571428571,-1.0,ALERTA
JNJ,LH,sigma_wave,30,133,0.02898866608544028,8,125,0.06015037593984962,0.16666666666666666,5,-0.75,-0.5,DETECTION
JNJ,LH,compression_ratio,30,221,0.0481691368788143,13,208,0.058823529411764705,0.16666666666666666,5,-0.9230769230769231,-1.0,ALERTA
JNJ,LH,sigma_current,30,165,0.03596338273757629,9,156,0.05454545454545454,0.26666666666666666,8,-1.0,-1.0,ALERTA
JNJ,LH,wave_slope,30,226,0.04925893635571055,12,214,0.05309734513274336,0.16666666666666666,5,-1.0833333333333333,-1.0,ALERTA
JNJ,LH,wave_accel,30,221,0.0481691368788143,11,210,0.049773755656108594,0.3,9,-1.0,-1.0,ALERTA
JNJ,LH,vwap_sigma_tide,30,82,0.017872711421098517,4,78,0.04878048780487805,0.13333333333333333,4,-1.75,-2.0,ALERTA
JNJ,LH,conj_wave_tide,30,227,0.0494768962510898,11,216,0.048458149779735685,0.16666666666666666,5,-1.0909090909090908,-1.0,ALERTA
JNJ,LH,kf_conj_pred_val,30,229,0.0499128160418483,11,218,0.048034934497816595,0.16666666666666666,5,-1.0,-1.0,ALERTA
JNJ,LH,kf_rsi_filt_vel,30,222,0.04838709677419355,10,212,0.04504504504504504,0.23333333333333334,7,-0.6,0.0,DETECTION
JNJ,LH,vwap_spread_current_wave,30,224,0.04882301656495205,10,214,0.044642857142857144,0.13333333333333333,4,-1.1,-1.0,ALERTA
JNJ,LH,current_slope,30,203,0.04424585876198779,9,194,0.04433497536945813,0.1,3,-1.0,-1.0,ALERTA
JNJ,LH,kf_conj_filt_vel,30,210,0.045771578029642546,9,201,0.04285714285714286,0.2,6,-1.3333333333333333,-1.0,ALERTA
JNJ,LH,conj_current_tide,30,216,0.047079337401918046,9,207,0.041666666666666664,0.1,3,-1.0,-1.0,ALERTA
JNJ,LH,sigma_tide,30,120,0.026155187445510025,4,116,0.03333333333333333,0.13333333333333333,4,-1.75,-2.0,ALERTA
JNJ,LH,vwap_sigma_current,30,123,0.02680906713164778,4,119,0.032520325203252036,0.1,3,-1.75,-2.0,ALERTA
JNJ,LH,vwap_sigma_wave,30,93,0.02027027027027027,3,90,0.03225806451612903,0.06666666666666667,2,-1.0,-1.0,ALERTA
JNJ,LH,tension_current,30,133,0.02898866608544028,4,129,0.03007518796992481,0.13333333333333333,4,-0.25,0.0,DETECTION
JNJ,LH,kf_rvol_pred_val,30,202,0.044027898866608545,5,197,0.024752475247524754,0.13333333333333333,4,-1.0,-1.0,ALERTA
JNJ,LH,fear_level,30,172,0.037489102005231034,3,169,0.01744186046511628,0.03333333333333333,1,-1.0,-1.0,ALERTA
JNJ,LH,kf_tension_filt_vel,30,265,0.057759372275501306,4,261,0.01509433962264151,0.13333333333333333,4,-1.0,-1.0,ALERTA
JNJ,LH,rsi_value,30,165,0.03596338273757629,2,163,0.012121212121212121,0.06666666666666667,2,-2.0,-2.0,ALERTA
JNJ,LH,kf_rsi_pred_val,30,190,0.04141238012205754,2,188,0.010526315789473684,0.06666666666666667,2,-2.0,-2.0,ALERTA
JNJ,LH,kf_rvol_filt_vel,30,223,0.0486050566695728,2,221,0.008968609865470852,0.06666666666666667,2,0.0,0.0,DETECTION
JNJ,LH,tension_wave,30,124,0.02702702702702703,1,123,0.008064516129032258,0.03333333333333333,1,-2.0,-2.0,ALERTA
JNJ,LH,tide_accel,30,181,0.03945074106364429,1,180,0.0055248618784530384,0.03333333333333333,1,-2.0,-2.0,ALERTA
JNJ,LH,tide_slope,30,277,0.06037489102005231,0,277,0.0,0.0,0,0.0,0.0,DETECTION
JNJ,LH,tension_tide,30,268,0.05841325196163906,0,268,0.0,0.0,0,0.0,0.0,DETECTION
JNJ,LH,vwap_spread_tide_current,30,268,0.05841325196163906,0,268,0.0,0.0,0,0.0,0.0,DETECTION
JNJ,LH,vwap_spread_tide_wave,30,261,0.056887532693984305,0,261,0.0,0.0,0,0.0,0.0,DETECTION
JNJ,LH,kf_tension_pred_val,30,273,0.05950305143853531,0,273,0.0,0.0,0,0.0,0.0,DETECTION
JPM,LL,vwap_sigma_tide,79,160,0.0348280365694384,66,94,0.4125,0.4050632911392405,32,-0.8484848484848485,-1.0,ALERTA
JPM,LL,vwap_sigma_current,79,109,0.02372659991292991,40,69,0.3669724770642202,0.2911392405063291,23,-0.725,-0.5,DETECTION
JPM,LL,vwap_sigma_wave,79,102,0.02220287331301698,31,71,0.30392156862745096,0.24050632911392406,19,-0.7096774193548387,0.0,DETECTION
JPM,LL,kf_rsi_pred_val,79,200,0.043535045711798,57,143,0.285,0.3291139240506329,26,-0.7894736842105263,-1.0,ALERTA
JPM,LL,sigma_tide,79,127,0.02764475402699173,35,92,0.2755905511811024,0.24050632911392406,19,-0.6857142857142857,-1.0,ALERTA
JPM,LL,rsi_value,79,185,0.04026991728341315,46,139,0.24864864864864866,0.2911392405063291,23,-0.7391304347826086,-1.0,ALERTA
JPM,LL,kf_price_pred_val,79,212,0.046147148454505876,44,168,0.20754716981132076,0.35443037974683544,28,-0.7272727272727273,-1.0,ALERTA
JPM,LL,current_accel,79,246,0.05354810622551154,50,196,0.2032520325203252,0.2911392405063291,23,-0.88,-1.0,ALERTA
JPM,LL,wave_accel,79,242,0.05267740531127558,45,197,0.1859504132231405,0.27848101265822783,22,-0.9333333333333333,-1.0,ALERTA
JPM,LL,kf_conj_filt_vel,79,246,0.05354810622551154,38,208,0.15447154471544716,0.20253164556962025,16,-0.9473684210526315,-1.0,ALERTA
JPM,LL,sigma_current,79,150,0.032651284283848496,23,127,0.15333333333333332,0.1518987341772152,12,-0.8260869565217391,-1.0,ALERTA
JPM,LL,kf_price_filt_vel,79,188,0.04092294296909012,27,161,0.14361702127659576,0.25316455696202533,20,-0.8888888888888888,-1.0,ALERTA
JPM,LL,wave_slope,79,244,0.053112755768393555,35,209,0.14344262295081966,0.16455696202531644,13,-0.9428571428571428,-1.0,ALERTA
JPM,LL,kf_price_innovation,79,196,0.04266434479756204,28,168,0.14285714285714285,0.24050632911392406,19,-1.0357142857142858,-1.0,ALERTA
JPM,LL,compression_ratio,79,150,0.032651284283848496,21,129,0.14,0.11392405063291139,9,-0.8571428571428571,-1.0,ALERTA
JPM,LL,current_slope,79,245,0.053330430996952546,33,212,0.1346938775510204,0.1518987341772152,12,-0.9393939393939394,-1.0,ALERTA
JPM,LL,kf_rvol_pred_val,79,217,0.04723552459730083,29,188,0.1336405529953917,0.22784810126582278,18,-0.7586206896551724,-1.0,ALERTA
JPM,LL,conj_wave_current,79,243,0.05289508053983457,32,211,0.13168724279835392,0.1518987341772152,12,-0.9375,-1.0,ALERTA
JPM,LL,sigma_wave,79,158,0.034392686112320416,19,139,0.12025316455696203,0.1518987341772152,12,-0.7894736842105263,-1.0,ALERTA
JPM,LL,tension_tide,79,188,0.04092294296909012,22,166,0.11702127659574468,0.1518987341772152,12,-0.9545454545454546,-1.0,ALERTA
JPM,LL,kf_tension_pred_val,79,199,0.043317370483239005,23,176,0.11557788944723618,0.16455696202531644,13,-0.8695652173913043,-1.0,ALERTA
JPM,LL,vwap_spread_current_wave,79,253,0.055071832825424466,29,224,0.11462450592885376,0.13924050632911392,11,-1.0,-1.0,ALERTA
JPM,LL,kf_conj_pred_val,79,242,0.05267740531127558,25,217,0.10330578512396695,0.11392405063291139,9,-0.92,-1.0,ALERTA
JPM,LL,tide_accel,79,284,0.06181976491075316,29,255,0.10211267605633803,0.17721518987341772,14,-0.8275862068965517,-1.0,ALERTA
JPM,LL,conj_current_tide,79,245,0.053330430996952546,25,220,0.10204081632653061,0.12658227848101267,10,-0.96,-1.0,ALERTA
JPM,LL,conj_wave_tide,79,238,0.05180670439703962,24,214,0.10084033613445378,0.11392405063291139,9,-0.9166666666666666,-1.0,ALERTA
JPM,LL,vwap_spread_tide_current,79,249,0.054201131911188506,25,224,0.10040160642570281,0.11392405063291139,9,-1.04,-1.0,ALERTA
JPM,LL,tide_slope,79,281,0.061166739225076185,28,253,0.099644128113879,0.12658227848101267,10,-1.0357142857142858,-1.0,ALERTA
JPM,LL,vwap_spread_tide_wave,79,241,0.05245973008271659,24,217,0.0995850622406639,0.10126582278481013,8,-1.0,-1.0,ALERTA
JPM,LL,kf_tension_filt_vel,79,246,0.05354810622551154,23,223,0.09349593495934959,0.17721518987341772,14,-0.782608695652174,-1.0,ALERTA
JPM,LL,kf_rvol_filt_vel,79,249,0.054201131911188506,22,227,0.08835341365461848,0.20253164556962025,16,-1.0,-1.0,ALERTA
JPM,LL,kf_rsi_filt_vel,79,216,0.047017849368741836,13,203,0.06018518518518518,0.12658227848101267,10,-0.6923076923076923,0.0,DETECTION
JPM,LL,tension_wave,79,137,0.02982150631258163,2,135,0.014598540145985401,0.012658227848101266,1,-1.5,-1.5,ALERTA
JPM,LL,tension_current,79,159,0.03461036134087941,2,157,0.012578616352201259,0.02531645569620253,2,-2.0,-2.0,ALERTA
JPM,HL,kf_price_innovation,85,196,0.04266434479756204,46,150,0.23469387755102042,0.3176470588235294,27,-0.9782608695652174,-1.0,ALERTA
JPM,HL,current_slope,85,245,0.053330430996952546,55,190,0.22448979591836735,0.2235294117647059,19,-0.9636363636363636,-1.0,ALERTA
JPM,HL,kf_price_filt_vel,85,188,0.04092294296909012,42,146,0.22340425531914893,0.3058823529411765,26,-1.0238095238095237,-1.0,ALERTA
JPM,HL,kf_price_pred_val,85,212,0.046147148454505876,47,165,0.22169811320754718,0.3058823529411765,26,-1.0638297872340425,-1.0,ALERTA
JPM,HL,kf_conj_pred_val,85,242,0.05267740531127558,50,192,0.2066115702479339,0.21176470588235294,18,-0.98,-1.0,ALERTA
JPM,HL,wave_slope,85,244,0.053112755768393555,50,194,0.20491803278688525,0.2,17,-0.98,-1.0,ALERTA
JPM,HL,conj_wave_tide,85,238,0.05180670439703962,47,191,0.19747899159663865,0.21176470588235294,18,-0.9574468085106383,-1.0,ALERTA
JPM,HL,wave_accel,85,242,0.05267740531127558,42,200,0.17355371900826447,0.27058823529411763,23,-0.9523809523809523,-1.0,ALERTA
JPM,HL,conj_current_tide,85,245,0.053330430996952546,42,203,0.17142857142857143,0.18823529411764706,16,-0.9523809523809523,-1.0,ALERTA
JPM,HL,vwap_spread_current_wave,85,253,0.055071832825424466,43,210,0.16996047430830039,0.2,17,-1.0,-1.0,ALERTA
JPM,HL,kf_conj_filt_vel,85,246,0.05354810622551154,40,206,0.16260162601626016,0.2,17,-1.0,-1.0,ALERTA
JPM,HL,sigma_current,85,150,0.032651284283848496,24,126,0.16,0.2,17,-0.625,0.0,DETECTION
JPM,HL,conj_wave_current,85,243,0.05289508053983457,37,206,0.1522633744855967,0.2,17,-0.8918918918918919,-1.0,ALERTA
JPM,HL,vwap_sigma_wave,85,102,0.02220287331301698,15,87,0.14705882352941177,0.12941176470588237,11,-0.4,0.0,DETECTION
JPM,HL,tide_slope,85,281,0.061166739225076185,41,240,0.14590747330960854,0.17647058823529413,15,-0.926829268292683,-1.0,ALERTA
JPM,HL,current_accel,85,246,0.05354810622551154,35,211,0.14227642276422764,0.2235294117647059,19,-1.0857142857142856,-1.0,ALERTA
JPM,HL,sigma_wave,85,158,0.034392686112320416,21,137,0.13291139240506328,0.16470588235294117,14,-0.6666666666666666,0.0,DETECTION
JPM,HL,vwap_spread_tide_current,85,249,0.054201131911188506,31,218,0.12449799196787148,0.1411764705882353,12,-1.032258064516129,-1.0,ALERTA
JPM,HL,tension_current,85,159,0.03461036134087941,19,140,0.11949685534591195,0.11764705882352941,10,-0.8421052631578947,-1.0,ALERTA
JPM,HL,vwap_spread_tide_wave,85,241,0.05245973008271659,27,214,0.11203319502074689,0.11764705882352941,10,-0.9259259259259259,-1.0,ALERTA
JPM,HL,kf_tension_filt_vel,85,246,0.05354810622551154,25,221,0.1016260162601626,0.15294117647058825,13,-0.88,-1.0,ALERTA
JPM,HL,kf_rvol_pred_val,85,217,0.04723552459730083,22,195,0.10138248847926268,0.2235294117647059,19,-1.0454545454545454,-1.0,ALERTA
JPM,HL,kf_rvol_filt_vel,85,249,0.054201131911188506,25,224,0.10040160642570281,0.2235294117647059,19,-0.96,-1.0,ALERTA
JPM,HL,compression_ratio,85,150,0.032651284283848496,15,135,0.1,0.08235294117647059,7,-0.8,-1.0,ALERTA
JPM,HL,kf_rsi_filt_vel,85,216,0.047017849368741836,21,195,0.09722222222222222,0.1411764705882353,12,-0.9523809523809523,-1.0,ALERTA
JPM,HL,kf_tension_pred_val,85,199,0.043317370483239005,19,180,0.09547738693467336,0.09411764705882353,8,-0.9473684210526315,-1.0,ALERTA
JPM,HL,tide_accel,85,284,0.06181976491075316,26,258,0.09154929577464789,0.1411764705882353,12,-1.1153846153846154,-1.0,ALERTA
JPM,HL,sigma_tide,85,127,0.02764475402699173,11,116,0.08661417322834646,0.08235294117647059,7,-1.0,-1.0,ALERTA
JPM,HL,vwap_sigma_current,85,109,0.02372659991292991,9,100,0.08256880733944955,0.08235294117647059,7,-0.7777777777777778,0.0,DETECTION
JPM,HL,tension_tide,85,188,0.04092294296909012,15,173,0.0797872340425532,0.07058823529411765,6,-0.9333333333333333,-1.0,ALERTA
JPM,HL,vwap_sigma_tide,85,160,0.0348280365694384,8,152,0.05,0.07058823529411765,6,-1.0,-1.0,ALERTA
JPM,HL,kf_rsi_pred_val,85,200,0.043535045711798,9,191,0.045,0.07058823529411765,6,-0.8888888888888888,-1.0,ALERTA
JPM,HL,tension_wave,85,137,0.02982150631258163,6,131,0.043795620437956206,0.047058823529411764,4,-1.0,-1.0,ALERTA
JPM,HL,rsi_value,85,185,0.04026991728341315,6,179,0.032432432432432434,0.07058823529411765,6,-0.6666666666666666,0.0,DETECTION
JPM,HH,kf_price_pred_val,95,212,0.046147148454505876,42,170,0.19811320754716982,0.2736842105263158,26,-0.8095238095238095,-1.0,ALERTA
JPM,HH,current_slope,95,245,0.053330430996952546,48,197,0.19591836734693877,0.17894736842105263,17,-1.0,-1.0,ALERTA
JPM,HH,wave_accel,95,242,0.05267740531127558,46,196,0.19008264462809918,0.24210526315789474,23,-0.8260869565217391,-1.0,ALERTA
JPM,HH,kf_price_innovation,95,196,0.04266434479756204,37,159,0.18877551020408162,0.25263157894736843,24,-1.135135135135135,-1.0,ALERTA
JPM,HH,current_accel,95,246,0.05354810622551154,45,201,0.18292682926829268,0.22105263157894736,21,-0.9555555555555556,-1.0,ALERTA
JPM,HH,kf_price_filt_vel,95,188,0.04092294296909012,34,154,0.18085106382978725,0.24210526315789474,23,-0.8823529411764706,-1.0,ALERTA
JPM,HH,conj_wave_tide,95,238,0.05180670439703962,43,195,0.18067226890756302,0.17894736842105263,17,-0.9302325581395349,-1.0,ALERTA
JPM,HH,kf_conj_pred_val,95,242,0.05267740531127558,43,199,0.17768595041322313,0.16842105263157894,16,-0.9534883720930233,-1.0,ALERTA
JPM,HH,wave_slope,95,244,0.053112755768393555,43,201,0.1762295081967213,0.18947368421052632,18,-0.9534883720930233,-1.0,ALERTA
JPM,HH,vwap_spread_current_wave,95,253,0.055071832825424466,44,209,0.17391304347826086,0.17894736842105263,17,-0.9772727272727273,-1.0,ALERTA
JPM,HH,conj_current_tide,95,245,0.053330430996952546,40,205,0.16326530612244897,0.14736842105263157,14,-0.95,-1.0,ALERTA
JPM,HH,conj_wave_current,95,243,0.05289508053983457,39,204,0.16049382716049382,0.17894736842105263,17,-1.0256410256410255,-1.0,ALERTA
JPM,HH,kf_conj_filt_vel,95,246,0.05354810622551154,38,208,0.15447154471544716,0.18947368421052632,18,-0.8421052631578947,-1.0,ALERTA
JPM,HH,vwap_spread_tide_current,95,249,0.054201131911188506,35,214,0.14056224899598393,0.12631578947368421,12,-1.0285714285714285,-1.0,ALERTA
JPM,HH,tension_current,95,159,0.03461036134087941,22,137,0.13836477987421383,0.10526315789473684,10,-0.8636363636363636,-1.0,ALERTA
JPM,HH,vwap_spread_tide_wave,95,241,0.05245973008271659,33,208,0.13692946058091288,0.11578947368421053,11,-1.0,-1.0,ALERTA
JPM,HH,sigma_wave,95,158,0.034392686112320416,19,139,0.12025316455696203,0.1368421052631579,13,-0.5789473684210527,0.0,DETECTION
JPM,HH,sigma_tide,95,127,0.02764475402699173,15,112,0.11811023622047244,0.10526315789473684,10,-0.8,-1.0,ALERTA
JPM,HH,tide_slope,95,281,0.061166739225076185,33,248,0.11743772241992882,0.12631578947368421,12,-1.0,-1.0,ALERTA
JPM,HH,tide_accel,95,284,0.06181976491075316,31,253,0.10915492957746478,0.1368421052631579,13,-1.032258064516129,-1.0,ALERTA
JPM,HH,sigma_current,95,150,0.032651284283848496,15,135,0.1,0.12631578947368421,12,-0.7333333333333333,0.0,DETECTION
JPM,HH,kf_tension_filt_vel,95,246,0.05354810622551154,21,225,0.08536585365853659,0.1368421052631579,13,-0.6666666666666666,0.0,DETECTION
JPM,HH,rsi_value,95,185,0.04026991728341315,15,170,0.08108108108108109,0.08421052631578947,8,-1.0666666666666667,-1.0,ALERTA
JPM,HH,compression_ratio,95,150,0.032651284283848496,12,138,0.08,0.05263157894736842,5,-1.0,-1.0,ALERTA
JPM,HH,kf_rvol_filt_vel,95,249,0.054201131911188506,17,232,0.06827309236947791,0.1368421052631579,13,-0.9411764705882353,-1.0,ALERTA
JPM,HH,kf_rvol_pred_val,95,217,0.04723552459730083,14,203,0.06451612903225806,0.10526315789473684,10,-0.9285714285714286,-1.0,ALERTA
JPM,HH,tension_tide,95,188,0.04092294296909012,11,177,0.05851063829787234,0.05263157894736842,5,-0.7272727272727273,-1.0,ALERTA
JPM,HH,tension_wave,95,137,0.02982150631258163,8,129,0.058394160583941604,0.06315789473684211,6,-1.25,-1.5,ALERTA
JPM,HH,kf_rsi_pred_val,95,200,0.043535045711798,11,189,0.055,0.06315789473684211,6,-1.0,-1.0,ALERTA
JPM,HH,kf_rsi_filt_vel,95,216,0.047017849368741836,11,205,0.05092592592592592,0.07368421052631578,7,-0.5454545454545454,0.0,DETECTION
JPM,HH,vwap_sigma_wave,95,102,0.02220287331301698,5,97,0.049019607843137254,0.05263157894736842,5,0.0,0.0,DETECTION
JPM,HH,kf_tension_pred_val,95,199,0.043317370483239005,9,190,0.04522613065326633,0.06315789473684211,6,-0.7777777777777778,-1.0,ALERTA
JPM,HH,vwap_sigma_current,95,109,0.02372659991292991,4,105,0.03669724770642202,0.042105263157894736,4,-0.25,0.0,DETECTION
JPM,HH,vwap_sigma_tide,95,160,0.0348280365694384,4,156,0.025,0.042105263157894736,4,-1.5,-1.5,ALERTA
JPM,LH,kf_price_pred_val,70,212,0.046147148454505876,41,171,0.19339622641509435,0.37142857142857144,26,-0.8780487804878049,-1.0,ALERTA
JPM,LH,kf_price_filt_vel,70,188,0.04092294296909012,36,152,0.19148936170212766,0.37142857142857144,26,-0.6944444444444444,-0.5,DETECTION
JPM,LH,kf_price_innovation,70,196,0.04266434479756204,36,160,0.1836734693877551,0.35714285714285715,25,-0.8055555555555556,-1.0,ALERTA
JPM,LH,wave_slope,70,244,0.053112755768393555,44,200,0.18032786885245902,0.21428571428571427,15,-0.9772727272727273,-1.0,ALERTA
JPM,LH,kf_conj_filt_vel,70,246,0.05354810622551154,42,204,0.17073170731707318,0.2714285714285714,19,-0.9761904761904762,-1.0,ALERTA
JPM,LH,wave_accel,70,242,0.05267740531127558,36,206,0.1487603305785124,0.2714285714285714,19,-0.9722222222222222,-1.0,ALERTA
JPM,LH,current_slope,70,245,0.053330430996952546,36,209,0.1469387755102041,0.2,14,-1.0277777777777777,-1.0,ALERTA
JPM,LH,conj_wave_current,70,243,0.05289508053983457,35,208,0.1440329218106996,0.2,14,-1.0285714285714285,-1.0,ALERTA
JPM,LH,conj_wave_tide,70,238,0.05180670439703962,31,207,0.13025210084033614,0.15714285714285714,11,-1.032258064516129,-1.0,ALERTA
JPM,LH,kf_conj_pred_val,70,242,0.05267740531127558,31,211,0.128099173553719,0.15714285714285714,11,-1.032258064516129,-1.0,ALERTA
JPM,LH,current_accel,70,246,0.05354810622551154,30,216,0.12195121951219512,0.22857142857142856,16,-1.1333333333333333,-1.0,ALERTA
JPM,LH,vwap_sigma_tide,70,160,0.0348280365694384,19,141,0.11875,0.14285714285714285,10,-1.2105263157894737,-1.0,ALERTA
JPM,LH,tide_slope,70,281,0.061166739225076185,33,248,0.11743772241992882,0.15714285714285714,11,-1.0,-1.0,ALERTA
JPM,LH,vwap_spread_tide_wave,70,241,0.05245973008271659,27,214,0.11203319502074689,0.14285714285714285,10,-1.0,-1.0,ALERTA
JPM,LH,compression_ratio,70,150,0.032651284283848496,15,135,0.1,0.08571428571428572,6,-1.0,-1.0,ALERTA
JPM,LH,conj_current_tide,70,245,0.053330430996952546,24,221,0.09795918367346938,0.12857142857142856,9,-1.0416666666666667,-1.0,ALERTA
JPM,LH,vwap_spread_current_wave,70,253,0.055071832825424466,24,229,0.09486166007905138,0.11428571428571428,8,-1.0,-1.0,ALERTA
JPM,LH,vwap_spread_tide_current,70,249,0.054201131911188506,21,228,0.08433734939759036,0.1,7,-1.0,-1.0,ALERTA
JPM,LH,kf_rvol_pred_val,70,217,0.04723552459730083,18,199,0.08294930875576037,0.2,14,-0.8888888888888888,-1.0,ALERTA
JPM,LH,kf_tension_filt_vel,70,246,0.05354810622551154,20,226,0.08130081300813008,0.14285714285714285,10,-0.95,-1.0,ALERTA
JPM,LH,kf_tension_pred_val,70,199,0.043317370483239005,16,183,0.08040201005025126,0.08571428571428572,6,-1.0,-1.0,ALERTA
JPM,LH,vwap_sigma_wave,70,102,0.02220287331301698,8,94,0.0784313725490196,0.07142857142857142,5,-1.375,-1.5,ALERTA
JPM,LH,tension_tide,70,188,0.04092294296909012,14,174,0.07446808510638298,0.08571428571428572,6,-0.9285714285714286,-1.0,ALERTA
JPM,LH,vwap_sigma_current,70,109,0.02372659991292991,8,101,0.07339449541284404,0.08571428571428572,6,-1.625,-2.0,ALERTA
JPM,LH,sigma_wave,70,158,0.034392686112320416,11,147,0.06962025316455696,0.1,7,-1.2727272727272727,-1.0,ALERTA
JPM,LH,sigma_tide,70,127,0.02764475402699173,8,119,0.06299212598425197,0.05714285714285714,4,-1.125,-1.0,ALERTA
JPM,LH,sigma_current,70,150,0.032651284283848496,9,141,0.06,0.07142857142857142,5,-1.2222222222222223,-1.0,ALERTA
JPM,LH,kf_rsi_pred_val,70,200,0.043535045711798,12,188,0.06,0.07142857142857142,5,-1.25,-1.0,ALERTA
JPM,LH,tide_accel,70,284,0.06181976491075316,17,267,0.05985915492957746,0.11428571428571428,8,-0.9411764705882353,-1.0,ALERTA
JPM,LH,tension_wave,70,137,0.02982150631258163,8,129,0.058394160583941604,0.08571428571428572,6,-0.875,-0.5,DETECTION
JPM,LH,kf_rsi_filt_vel,70,216,0.047017849368741836,12,204,0.05555555555555555,0.12857142857142856,9,-0.9166666666666666,-1.0,ALERTA
JPM,LH,kf_rvol_filt_vel,70,249,0.054201131911188506,13,236,0.05220883534136546,0.17142857142857143,12,-0.9230769230769231,-1.0,ALERTA
JPM,LH,rsi_value,70,185,0.04026991728341315,9,176,0.04864864864864865,0.07142857142857142,5,-1.1111111111111112,-1.0,ALERTA
JPM,LH,tension_current,70,159,0.03461036134087941,6,153,0.03773584905660377,0.04285714285714286,3,-1.0,-1.0,ALERTA
MCD,LL,vwap_sigma_current,27,139,0.030243690165361183,28,111,0.2014388489208633,0.5925925925925926,16,-0.7142857142857143,0.0,DETECTION
MCD,LL,vwap_sigma_tide,27,205,0.044604003481288075,41,164,0.2,0.6296296296296297,17,-0.8780487804878049,-1.0,ALERTA
MCD,LL,wave_slope,27,201,0.043733681462140996,28,173,0.13930348258706468,0.4074074074074074,11,-1.0,-1.0,ALERTA
MCD,LL,rsi_value,27,199,0.04329852045256745,27,172,0.135678391959799,0.5185185185185185,14,-0.7037037037037037,0.0,DETECTION
MCD,LL,compression_ratio,27,165,0.03590078328981723,22,143,0.13333333333333333,0.2962962962962963,8,-0.9545454545454546,-1.0,ALERTA
MCD,LL,conj_wave_current,27,188,0.040905134899912966,25,163,0.13297872340425532,0.3333333333333333,9,-0.96,-1.0,ALERTA
MCD,LL,kf_rsi_pred_val,27,207,0.04503916449086162,27,180,0.13043478260869565,0.48148148148148145,13,-0.8888888888888888,-1.0,ALERTA
MCD,LL,conj_wave_tide,27,200,0.04351610095735422,26,174,0.13,0.4074074074074074,11,-0.9615384615384616,-1.0,ALERTA
MCD,LL,sigma_tide,27,186,0.04046997389033943,21,165,0.11290322580645161,0.4074074074074074,11,-0.8095238095238095,-1.0,ALERTA
MCD,LL,kf_conj_pred_val,27,186,0.04046997389033943,21,165,0.11290322580645161,0.2962962962962963,8,-1.0,-1.0,ALERTA
MCD,LL,kf_price_pred_val,27,195,0.04242819843342036,19,176,0.09743589743589744,0.37037037037037035,10,-0.8421052631578947,-1.0,ALERTA
MCD,LL,sigma_current,27,155,0.03372497824194952,15,140,0.0967741935483871,0.25925925925925924,7,-0.8666666666666667,-1.0,ALERTA
MCD,LL,vwap_spread_current_wave,27,200,0.04351610095735422,17,183,0.085,0.25925925925925924,7,-0.9411764705882353,-1.0,ALERTA
MCD,LL,current_accel,27,191,0.04155787641427328,16,175,0.08376963350785341,0.2962962962962963,8,-0.8125,-1.0,ALERTA
MCD,LL,tide_accel,27,251,0.054612706701479545,18,233,0.07171314741035857,0.2962962962962963,8,-1.0,-1.0,ALERTA
MCD,LL,kf_tension_filt_vel,27,199,0.04329852045256745,14,185,0.07035175879396985,0.3333333333333333,9,-1.0714285714285714,-1.0,ALERTA
MCD,LL,kf_price_filt_vel,27,200,0.04351610095735422,14,186,0.07,0.37037037037037035,10,-1.0,-1.0,ALERTA
MCD,LL,vwap_spread_tide_wave,27,110,0.023933855526544822,7,103,0.06363636363636363,0.1111111111111111,3,-0.8571428571428571,-1.0,ALERTA
MCD,LL,kf_conj_filt_vel,27,159,0.034595300261096605,10,149,0.06289308176100629,0.2222222222222222,6,-0.9,-1.0,ALERTA
MCD,LL,kf_price_innovation,27,194,0.04221061792863359,12,182,0.061855670103092786,0.25925925925925924,7,-1.0833333333333333,-1.0,ALERTA
MCD,LL,wave_accel,27,196,0.04264577893820714,12,184,0.061224489795918366,0.3333333333333333,9,-0.8333333333333334,-1.0,ALERTA
MCD,LL,tension_wave,27,79,0.017188859878154918,4,75,0.05063291139240506,0.14814814814814814,4,-1.5,-2.0,ALERTA
MCD,LL,fear_level,27,120,0.02610966057441253,6,114,0.05,0.07407407407407407,2,-1.0,-1.0,ALERTA
MCD,LL,kf_rvol_pred_val,27,204,0.044386422976501305,6,198,0.029411764705882353,0.14814814814814814,4,-0.6666666666666666,-0.5,DETECTION
MCD,LL,current_slope,27,209,0.04547432550043516,6,203,0.028708133971291867,0.1111111111111111,3,-0.6666666666666666,-0.5,DETECTION
MCD,LL,kf_rsi_filt_vel,27,209,0.04547432550043516,6,203,0.028708133971291867,0.1111111111111111,3,-1.0,-1.0,ALERTA
MCD,LL,kf_tension_pred_val,27,249,0.054177545691906005,6,243,0.024096385542168676,0.1111111111111111,3,-1.0,-1.0,ALERTA
MCD,LL,tension_tide,27,253,0.05504786771105309,6,247,0.023715415019762844,0.14814814814814814,4,-1.0,-1.0,ALERTA
MCD,LL,kf_rvol_filt_vel,27,225,0.0489556135770235,5,220,0.022222222222222223,0.18518518518518517,5,-1.0,-1.0,ALERTA
MCD,LL,vwap_sigma_wave,27,101,0.021975630983463883,1,100,0.009900990099009901,0.037037037037037035,1,-2.0,-2.0,ALERTA
MCD,LL,tension_current,27,152,0.03307223672758921,1,151,0.006578947368421052,0.037037037037037035,1,-2.0,-2.0,ALERTA
MCD,LL,conj_current_tide,27,236,0.05134899912967798,1,235,0.00423728813559322,0.037037037037037035,1,0.0,0.0,DETECTION
MCD,LL,sigma_wave,27,68,0.014795474325500435,0,68,0.0,0.0,0,0.0,0.0,DETECTION
MCD,LL,tide_slope,27,154,0.03350739773716275,0,154,0.0,0.0,0,0.0,0.0,DETECTION
MCD,LL,vwap_spread_tide_current,27,119,0.02589208006962576,0,119,0.0,0.0,0,0.0,0.0,DETECTION
MCD,HL,kf_price_pred_val,43,195,0.04242819843342036,22,173,0.11282051282051282,0.4418604651162791,19,-0.5,0.0,DETECTION
MCD,HL,fear_level,43,120,0.02610966057441253,12,108,0.1,0.09302325581395349,4,-1.0,-1.0,ALERTA
MCD,HL,sigma_wave,43,68,0.014795474325500435,6,62,0.08823529411764706,0.13953488372093023,6,-1.1666666666666667,-1.0,ALERTA
MCD,HL,kf_price_filt_vel,43,200,0.04351610095735422,17,183,0.085,0.27906976744186046,12,-0.6470588235294118,0.0,DETECTION
MCD,HL,vwap_sigma_wave,43,101,0.021975630983463883,8,93,0.07920792079207921,0.20930232558139536,9,-0.375,0.0,DETECTION
MCD,HL,sigma_current,43,155,0.03372497824194952,12,143,0.07741935483870968,0.20930232558139536,9,-0.6666666666666666,0.0,DETECTION
MCD,HL,wave_accel,43,196,0.04264577893820714,14,182,0.07142857142857142,0.23255813953488372,10,-0.7857142857142857,-1.0,ALERTA
MCD,HL,rsi_value,43,199,0.04329852045256745,14,185,0.07035175879396985,0.18604651162790697,8,-0.6428571428571429,-0.5,DETECTION
MCD,HL,kf_rvol_filt_vel,43,225,0.0489556135770235,15,210,0.06666666666666667,0.32558139534883723,14,-0.8,-1.0,ALERTA
MCD,HL,kf_tension_filt_vel,43,199,0.04329852045256745,13,186,0.06532663316582915,0.23255813953488372,10,-0.6923076923076923,0.0,DETECTION
MCD,HL,sigma_tide,43,186,0.04046997389033943,12,174,0.06451612903225806,0.16279069767441862,7,-0.75,-0.5,DETECTION
MCD,HL,kf_rvol_pred_val,43,204,0.044386422976501305,13,191,0.06372549019607843,0.27906976744186046,12,-0.6923076923076923,-1.0,ALERTA
MCD,HL,kf_rsi_pred_val,43,207,0.04503916449086162,13,194,0.06280193236714976,0.20930232558139536,9,-0.5384615384615384,0.0,DETECTION
MCD,HL,compression_ratio,43,165,0.03590078328981723,10,155,0.06060606060606061,0.13953488372093023,6,-0.9,-1.0,ALERTA
MCD,HL,conj_wave_current,43,188,0.040905134899912966,11,177,0.05851063829787234,0.16279069767441862,7,-0.5454545454545454,0.0,DETECTION
MCD,HL,tide_slope,43,154,0.03350739773716275,9,145,0.05844155844155844,0.06976744186046512,3,-1.0,-1.0,ALERTA
MCD,HL,vwap_sigma_current,43,139,0.030243690165361183,8,131,0.05755395683453238,0.16279069767441862,7,-0.25,0.0,DETECTION
MCD,HL,current_accel,43,191,0.04155787641427328,10,181,0.05235602094240838,0.11627906976744186,5,-0.7,-0.5,DETECTION
MCD,HL,vwap_spread_tide_current,43,119,0.02589208006962576,6,113,0.05042016806722689,0.06976744186046512,3,-1.0,-1.0,ALERTA
MCD,HL,conj_wave_tide,43,200,0.04351610095735422,10,190,0.05,0.18604651162790697,8,-0.6,0.0,DETECTION
MCD,HL,wave_slope,43,201,0.043733681462140996,10,191,0.04975124378109453,0.18604651162790697,8,-0.6,0.0,DETECTION
MCD,HL,vwap_sigma_tide,43,205,0.044604003481288075,10,195,0.04878048780487805,0.11627906976744186,5,-0.7,-0.5,DETECTION
MCD,HL,kf_rsi_filt_vel,43,209,0.04547432550043516,10,199,0.04784688995215311,0.18604651162790697,8,-0.6,0.0,DETECTION
MCD,HL,kf_price_innovation,43,194,0.04221061792863359,9,185,0.04639175257731959,0.16279069767441862,7,-1.0,-1.0,ALERTA
MCD,HL,tension_tide,43,253,0.05504786771105309,11,242,0.043478260869565216,0.11627906976744186,5,-0.9090909090909091,-1.0,ALERTA
MCD,HL,kf_conj_pred_val,43,186,0.04046997389033943,8,178,0.043010752688172046,0.13953488372093023,6,-0.5,0.0,DETECTION
MCD,HL,kf_tension_pred_val,43,249,0.054177545691906005,10,239,0.040160642570281124,0.13953488372093023,6,-0.7,-0.5,DETECTION
MCD,HL,current_slope,43,209,0.04547432550043516,8,201,0.03827751196172249,0.09302325581395349,4,-0.875,-1.0,ALERTA
MCD,HL,conj_current_tide,43,236,0.05134899912967798,9,227,0.038135593220338986,0.09302325581395349,4,-1.0,-1.0,ALERTA
MCD,HL,tension_wave,43,79,0.017188859878154918,3,76,0.0379746835443038,0.06976744186046512,3,-1.3333333333333333,-1.0,ALERTA
MCD,HL,tide_accel,43,251,0.054612706701479545,9,242,0.035856573705179286,0.09302325581395349,4,-0.7777777777777778,-1.0,ALERTA
MCD,HL,tension_current,43,152,0.03307223672758921,5,147,0.03289473684210526,0.06976744186046512,3,-0.8,-1.0,ALERTA
MCD,HL,vwap_spread_current_wave,43,200,0.04351610095735422,6,194,0.03,0.046511627906976744,2,-1.0,-1.0,ALERTA
MCD,HL,vwap_spread_tide_wave,43,110,0.023933855526544822,3,107,0.02727272727272727,0.023255813953488372,1,-1.0,-1.0,ALERTA
MCD,HL,kf_conj_filt_vel,43,159,0.034595300261096605,4,155,0.025157232704402517,0.09302325581395349,4,-0.75,-0.5,DETECTION
MCD,HH,current_accel,42,191,0.04155787641427328,16,175,0.08376963350785341,0.16666666666666666,7,-0.9375,-1.0,ALERTA
MCD,HH,vwap_spread_tide_current,42,119,0.02589208006962576,9,110,0.07563025210084033,0.09523809523809523,4,-1.0,-1.0,ALERTA
MCD,HH,conj_wave_tide,42,200,0.04351610095735422,13,187,0.065,0.16666666666666666,7,-0.9230769230769231,-1.0,ALERTA
MCD,HH,conj_current_tide,42,236,0.05134899912967798,15,221,0.0635593220338983,0.11904761904761904,5,-1.0,-1.0,ALERTA
MCD,HH,kf_conj_pred_val,42,186,0.04046997389033943,11,175,0.05913978494623656,0.11904761904761904,5,-0.7272727272727273,-1.0,ALERTA
MCD,HH,vwap_spread_tide_wave,42,110,0.023933855526544822,6,104,0.05454545454545454,0.047619047619047616,2,-1.0,-1.0,ALERTA
MCD,HH,current_slope,42,209,0.04547432550043516,11,198,0.05263157894736842,0.11904761904761904,5,-0.9090909090909091,-1.0,ALERTA
MCD,HH,wave_slope,42,201,0.043733681462140996,10,191,0.04975124378109453,0.14285714285714285,6,-0.7,-0.5,DETECTION
MCD,HH,conj_wave_current,42,188,0.040905134899912966,9,179,0.047872340425531915,0.11904761904761904,5,-0.8888888888888888,-1.0,ALERTA
MCD,HH,vwap_spread_current_wave,42,200,0.04351610095735422,9,191,0.045,0.07142857142857142,3,-1.0,-1.0,ALERTA
MCD,HH,sigma_tide,42,186,0.04046997389033943,8,178,0.043010752688172046,0.09523809523809523,4,-0.75,-0.5,DETECTION
MCD,HH,tide_slope,42,154,0.03350739773716275,6,148,0.03896103896103896,0.07142857142857142,3,-1.0,-1.0,ALERTA
MCD,HH,compression_ratio,42,165,0.03590078328981723,6,159,0.03636363636363636,0.047619047619047616,2,-1.0,-1.0,ALERTA
MCD,HH,kf_price_pred_val,42,195,0.04242819843342036,7,188,0.035897435897435895,0.16666666666666666,7,-0.8571428571428571,-1.0,ALERTA
MCD,HH,vwap_sigma_tide,42,205,0.044604003481288075,7,198,0.03414634146341464,0.11904761904761904,5,-0.42857142857142855,0.0,DETECTION
MCD,HH,tide_accel,42,251,0.054612706701479545,8,243,0.03187250996015936,0.09523809523809523,4,-0.75,-0.5,DETECTION
MCD,HH,sigma_wave,42,68,0.014795474325500435,2,66,0.029411764705882353,0.047619047619047616,2,0.0,0.0,DETECTION
MCD,HH,kf_tension_pred_val,42,249,0.054177545691906005,7,242,0.028112449799196786,0.07142857142857142,3,-0.8571428571428571,-1.0,ALERTA
MCD,HH,tension_tide,42,253,0.05504786771105309,7,246,0.02766798418972332,0.07142857142857142,3,-0.8571428571428571,-1.0,ALERTA
MCD,HH,sigma_current,42,155,0.03372497824194952,4,151,0.025806451612903226,0.09523809523809523,4,-0.25,0.0,DETECTION
MCD,HH,kf_price_innovation,42,194,0.04221061792863359,5,189,0.02577319587628866,0.07142857142857142,3,-1.2,-1.0,ALERTA
MCD,HH,wave_accel,42,196,0.04264577893820714,5,191,0.025510204081632654,0.07142857142857142,3,-0.8,-1.0,ALERTA
MCD,HH,kf_tension_filt_vel,42,199,0.04329852045256745,5,194,0.02512562814070352,0.11904761904761904,5,-1.0,-1.0,ALERTA
MCD,HH,kf_price_filt_vel,42,200,0.04351610095735422,5,195,0.025,0.11904761904761904,5,-1.0,-1.0,ALERTA
MCD,HH,vwap_sigma_current,42,139,0.030243690165361183,3,136,0.02158273381294964,0.047619047619047616,2,-0.6666666666666666,-1.0,ALERTA
MCD,HH,rsi_value,42,199,0.04329852045256745,4,195,0.020100502512562814,0.047619047619047616,2,-0.75,-0.5,DETECTION
MCD,HH,kf_rsi_pred_val,42,207,0.04503916449086162,4,203,0.01932367149758454,0.047619047619047616,2,-0.75,-0.5,DETECTION
MCD,HH,kf_conj_filt_vel,42,159,0.034595300261096605,3,156,0.018867924528301886,0.023809523809523808,1,-1.0,-1.0,ALERTA
MCD,HH,kf_rvol_pred_val,42,204,0.044386422976501305,3,201,0.014705882352941176,0.047619047619047616,2,-0.3333333333333333,0.0,DETECTION
MCD,HH,kf_rvol_filt_vel,42,225,0.0489556135770235,3,222,0.013333333333333334,0.07142857142857142,3,-0.3333333333333333,0.0,DETECTION
MCD,HH,vwap_sigma_wave,42,101,0.021975630983463883,1,100,0.009900990099009901,0.023809523809523808,1,0.0,0.0,DETECTION
MCD,HH,tension_current,42,152,0.03307223672758921,1,151,0.006578947368421052,0.023809523809523808,1,-2.0,-2.0,ALERTA
MCD,HH,tension_wave,42,79,0.017188859878154918,0,79,0.0,0.0,0,0.0,0.0,DETECTION
MCD,HH,fear_level,42,120,0.02610966057441253,0,120,0.0,0.0,0,0.0,0.0,DETECTION
MCD,HH,kf_rsi_filt_vel,42,209,0.04547432550043516,0,209,0.0,0.0,0,0.0,0.0,DETECTION
MCD,LH,compression_ratio,29,165,0.03590078328981723,15,150,0.09090909090909091,0.2413793103448276,7,-1.0,-1.0,ALERTA
MCD,LH,kf_conj_filt_vel,29,159,0.034595300261096605,13,146,0.08176100628930817,0.2413793103448276,7,-1.0769230769230769,-1.0,ALERTA
MCD,LH,kf_price_pred_val,29,195,0.04242819843342036,15,180,0.07692307692307693,0.3103448275862069,9,-0.8666666666666667,-1.0,ALERTA
MCD,LH,kf_price_filt_vel,29,200,0.04351610095735422,14,186,0.07,0.3103448275862069,9,-0.8571428571428571,-0.5,DETECTION
MCD,LH,kf_conj_pred_val,29,186,0.04046997389033943,13,173,0.06989247311827956,0.2413793103448276,7,-1.0769230769230769,-1.0,ALERTA
MCD,LH,kf_price_innovation,29,194,0.04221061792863359,13,181,0.06701030927835051,0.2413793103448276,7,-1.0769230769230769,-1.0,ALERTA
MCD,LH,wave_accel,29,196,0.04264577893820714,13,183,0.0663265306122449,0.27586206896551724,8,-0.9230769230769231,-1.0,ALERTA
MCD,LH,conj_wave_tide,29,200,0.04351610095735422,13,187,0.065,0.27586206896551724,8,-1.0769230769230769,-1.0,ALERTA
MCD,LH,wave_slope,29,201,0.043733681462140996,13,188,0.06467661691542288,0.27586206896551724,8,-1.0769230769230769,-1.0,ALERTA
MCD,LH,conj_wave_current,29,188,0.040905134899912966,12,176,0.06382978723404255,0.20689655172413793,6,-1.0,-1.0,ALERTA
MCD,LH,current_accel,29,191,0.04155787641427328,11,180,0.05759162303664921,0.1724137931034483,5,-1.1818181818181819,-1.0,ALERTA
MCD,LH,kf_rvol_pred_val,29,204,0.044386422976501305,11,193,0.05392156862745098,0.27586206896551724,8,-1.1818181818181819,-1.0,ALERTA
MCD,LH,vwap_sigma_current,29,139,0.030243690165361183,7,132,0.050359712230215826,0.13793103448275862,4,-1.1428571428571428,-1.0,ALERTA
MCD,LH,sigma_current,29,155,0.03372497824194952,7,148,0.04516129032258064,0.1724137931034483,5,-1.1428571428571428,-1.0,ALERTA
MCD,LH,kf_rsi_filt_vel,29,209,0.04547432550043516,9,200,0.0430622009569378,0.1724137931034483,5,-1.0,-1.0,ALERTA
MCD,LH,vwap_spread_current_wave,29,200,0.04351610095735422,8,192,0.04,0.10344827586206896,3,-0.875,-1.0,ALERTA
MCD,LH,kf_rvol_filt_vel,29,225,0.0489556135770235,9,216,0.04,0.2413793103448276,7,-0.6666666666666666,0.0,DETECTION
MCD,LH,sigma_wave,29,68,0.014795474325500435,2,66,0.029411764705882353,0.06896551724137931,2,-1.0,-1.0,ALERTA
MCD,LH,kf_rsi_pred_val,29,207,0.04503916449086162,6,201,0.028985507246376812,0.10344827586206896,3,-1.3333333333333333,-1.5,ALERTA
MCD,LH,vwap_spread_tide_wave,29,110,0.023933855526544822,3,107,0.02727272727272727,0.034482758620689655,1,-1.0,-1.0,ALERTA
MCD,LH,vwap_sigma_tide,29,205,0.044604003481288075,5,200,0.024390243902439025,0.10344827586206896,3,-1.2,-1.0,ALERTA
MCD,LH,sigma_tide,29,186,0.04046997389033943,4,182,0.021505376344086023,0.06896551724137931,2,-1.25,-1.5,ALERTA
MCD,LH,kf_tension_filt_vel,29,199,0.04329852045256745,4,195,0.020100502512562814,0.10344827586206896,3,-1.25,-1.5,ALERTA
MCD,LH,tide_accel,29,251,0.054612706701479545,4,247,0.01593625498007968,0.06896551724137931,2,-1.0,-1.0,ALERTA
MCD,LH,rsi_value,29,199,0.04329852045256745,3,196,0.01507537688442211,0.06896551724137931,2,-1.6666666666666667,-2.0,ALERTA
MCD,LH,tension_wave,29,79,0.017188859878154918,1,78,0.012658227848101266,0.034482758620689655,1,-2.0,-2.0,ALERTA
MCD,LH,vwap_sigma_wave,29,101,0.021975630983463883,1,100,0.009900990099009901,0.034482758620689655,1,-2.0,-2.0,ALERTA
MCD,LH,tide_slope,29,154,0.03350739773716275,0,154,0.0,0.0,0,0.0,0.0,DETECTION
MCD,LH,current_slope,29,209,0.04547432550043516,0,209,0.0,0.0,0,0.0,0.0,DETECTION
MCD,LH,conj_current_tide,29,236,0.05134899912967798,0,236,0.0,0.034482758620689655,1,0.0,0.0,DETECTION
MCD,LH,tension_tide,29,253,0.05504786771105309,0,253,0.0,0.034482758620689655,1,0.0,0.0,DETECTION
MCD,LH,tension_current,29,152,0.03307223672758921,0,152,0.0,0.0,0,0.0,0.0,DETECTION
MCD,LH,vwap_spread_tide_current,29,119,0.02589208006962576,0,119,0.0,0.0,0,0.0,0.0,DETECTION
MCD,LH,fear_level,29,120,0.02610966057441253,0,120,0.0,0.0,0,0.0,0.0,DETECTION
MCD,LH,kf_tension_pred_val,29,249,0.054177545691906005,0,249,0.0,0.034482758620689655,1,0.0,0.0,DETECTION
MRK,LL,vwap_sigma_current,50,130,0.028285465622280244,32,98,0.24615384615384617,0.36,18,-0.71875,-0.5,DETECTION
MRK,LL,vwap_sigma_tide,50,112,0.024369016536118365,22,90,0.19642857142857142,0.24,12,-0.6818181818181818,0.0,DETECTION
MRK,LL,sigma_tide,50,163,0.03546562228024369,32,131,0.19631901840490798,0.28,14,-0.875,-1.0,ALERTA
MRK,LL,rsi_value,50,194,0.04221061792863359,34,160,0.17525773195876287,0.38,19,-0.6764705882352942,0.0,DETECTION
MRK,LL,kf_rsi_pred_val,50,192,0.04177545691906005,31,161,0.16145833333333334,0.32,16,-0.7741935483870968,-1.0,ALERTA
MRK,LL,kf_price_pred_val,50,207,0.04503916449086162,30,177,0.14492753623188406,0.32,16,-0.8,-0.5,DETECTION
MRK,LL,vwap_sigma_wave,50,101,0.021975630983463883,14,87,0.13861386138613863,0.22,11,-0.5,0.0,DETECTION
MRK,LL,sigma_current,50,154,0.03350739773716275,21,133,0.13636363636363635,0.26,13,-0.6190476190476191,0.0,DETECTION
MRK,LL,kf_rvol_pred_val,50,176,0.038294168842471714,21,155,0.11931818181818182,0.24,12,-0.7619047619047619,-1.0,ALERTA
MRK,LL,kf_price_innovation,50,215,0.04677980852915579,24,191,0.11162790697674418,0.32,16,-1.0,-1.0,ALERTA
MRK,LL,kf_price_filt_vel,50,212,0.04612706701479547,23,189,0.10849056603773585,0.32,16,-0.782608695652174,0.0,DETECTION
MRK,LL,sigma_wave,50,148,0.03220191470844212,16,132,0.10810810810810811,0.22,11,-0.5,0.0,DETECTION
MRK,LL,tide_slope,50,317,0.06897302001740645,32,285,0.10094637223974763,0.22,11,-0.96875,-1.0,ALERTA
MRK,LL,vwap_spread_tide_wave,50,328,0.07136640557006092,32,296,0.0975609756097561,0.24,12,-0.96875,-1.0,ALERTA
MRK,LL,current_accel,50,197,0.04286335944299391,19,178,0.09644670050761421,0.26,13,-0.631578947368421,0.0,DETECTION
MRK,LL,kf_rsi_filt_vel,50,200,0.04351610095735422,19,181,0.095,0.18,9,-0.7368421052631579,-1.0,ALERTA
MRK,LL,wave_slope,50,233,0.050696257615317666,20,213,0.08583690987124463,0.2,10,-0.8,-1.0,ALERTA
MRK,LL,vwap_spread_tide_current,50,310,0.06744995648389904,25,285,0.08064516129032258,0.18,9,-0.96,-1.0,ALERTA
MRK,LL,kf_conj_pred_val,50,199,0.04329852045256745,16,183,0.08040201005025126,0.18,9,-0.75,-0.5,DETECTION
MRK,LL,kf_rvol_filt_vel,50,234,0.050913838120104436,17,217,0.07264957264957266,0.24,12,-0.8823529411764706,-1.0,ALERTA
MRK,LL,wave_accel,50,243,0.05287206266318538,17,226,0.06995884773662552,0.22,11,-0.8823529411764706,-1.0,ALERTA
MRK,LL,conj_wave_current,50,197,0.04286335944299391,13,184,0.06598984771573604,0.12,6,-0.9230769230769231,-1.0,ALERTA
MRK,LL,vwap_spread_current_wave,50,259,0.05635335073977372,17,242,0.06563706563706563,0.14,7,-1.0,-1.0,ALERTA
MRK,LL,conj_wave_tide,50,201,0.043733681462140996,13,188,0.06467661691542288,0.14,7,-0.7692307692307693,-1.0,ALERTA
MRK,LL,current_slope,50,240,0.05221932114882506,15,225,0.0625,0.12,6,-1.0,-1.0,ALERTA
MRK,LL,tide_accel,50,295,0.06418624891209748,18,277,0.061016949152542375,0.18,9,-0.8333333333333334,-1.0,ALERTA
MRK,LL,kf_conj_filt_vel,50,248,0.053959965187119235,15,233,0.06048387096774194,0.1,5,-1.0,-1.0,ALERTA
MRK,LL,kf_tension_pred_val,50,193,0.04199303742384682,11,182,0.05699481865284974,0.08,4,-1.0909090909090908,-1.0,ALERTA
MRK,LL,tension_tide,50,178,0.038729329852045254,10,168,0.056179775280898875,0.08,4,-1.1,-1.0,ALERTA
MRK,LL,conj_current_tide,50,218,0.047432550043516104,12,206,0.05504587155963303,0.12,6,-0.8333333333333334,-1.0,ALERTA
MRK,LL,kf_tension_filt_vel,50,234,0.050913838120104436,12,222,0.05128205128205128,0.16,8,-0.5,0.0,DETECTION
MRK,LL,compression_ratio,50,210,0.04569190600522193,5,205,0.023809523809523808,0.06,3,-0.6,0.0,DETECTION
MRK,LL,tension_current,50,178,0.038729329852045254,0,178,0.0,0.0,0,0.0,0.0,DETECTION
MRK,LL,tension_wave,50,120,0.02610966057441253,0,120,0.0,0.0,0,0.0,0.0,DETECTION
MRK,HL,sigma_current,60,154,0.03350739773716275,24,130,0.15584415584415584,0.18333333333333332,11,-0.875,-1.0,ALERTA
MRK,HL,kf_price_pred_val,60,207,0.04503916449086162,25,182,0.12077294685990338,0.2833333333333333,17,-0.6,0.0,DETECTION
MRK,HL,tension_current,60,178,0.038729329852045254,21,157,0.11797752808988764,0.13333333333333333,8,-0.8571428571428571,-1.0,ALERTA
MRK,HL,vwap_sigma_wave,60,101,0.021975630983463883,11,90,0.10891089108910891,0.16666666666666666,10,-0.9090909090909091,-1.0,ALERTA
MRK,HL,sigma_wave,60,148,0.03220191470844212,15,133,0.10135135135135136,0.15,9,-0.4,0.0,DETECTION
MRK,HL,kf_tension_filt_vel,60,234,0.050913838120104436,18,216,0.07692307692307693,0.18333333333333332,11,-0.7777777777777778,-1.0,ALERTA
MRK,HL,kf_price_filt_vel,60,212,0.04612706701479547,16,196,0.07547169811320754,0.23333333333333334,14,-0.6875,-1.0,ALERTA
MRK,HL,kf_rvol_pred_val,60,176,0.038294168842471714,13,163,0.07386363636363637,0.16666666666666666,10,-0.46153846153846156,0.0,DETECTION
MRK,HL,wave_slope,60,233,0.050696257615317666,17,216,0.07296137339055794,0.11666666666666667,7,-0.9411764705882353,-1.0,ALERTA
MRK,HL,vwap_spread_tide_current,60,310,0.06744995648389904,21,289,0.06774193548387097,0.11666666666666667,7,-1.0,-1.0,ALERTA
MRK,HL,tension_tide,60,178,0.038729329852045254,12,166,0.06741573033707865,0.06666666666666667,4,-1.0,-1.0,ALERTA
MRK,HL,wave_accel,60,243,0.05287206266318538,16,227,0.06584362139917696,0.15,9,-0.8125,-1.0,ALERTA
MRK,HL,kf_rsi_filt_vel,60,200,0.04351610095735422,13,187,0.065,0.16666666666666666,10,-0.46153846153846156,0.0,DETECTION
MRK,HL,tide_slope,60,317,0.06897302001740645,20,297,0.06309148264984227,0.11666666666666667,7,-0.95,-1.0,ALERTA
MRK,HL,current_slope,60,240,0.05221932114882506,15,225,0.0625,0.08333333333333333,5,-1.0,-1.0,ALERTA
MRK,HL,vwap_sigma_current,60,130,0.028285465622280244,8,122,0.06153846153846154,0.06666666666666667,4,-0.875,-1.0,ALERTA
MRK,HL,current_accel,60,197,0.04286335944299391,12,185,0.06091370558375635,0.15,9,-0.5833333333333334,-0.5,DETECTION
MRK,HL,kf_price_innovation,60,215,0.04677980852915579,13,202,0.06046511627906977,0.16666666666666666,10,-1.0,-1.0,ALERTA
MRK,HL,kf_rvol_filt_vel,60,234,0.050913838120104436,14,220,0.05982905982905983,0.2,12,-0.6428571428571429,-1.0,ALERTA
MRK,HL,vwap_spread_current_wave,60,259,0.05635335073977372,15,244,0.05791505791505792,0.1,6,-1.0666666666666667,-1.0,ALERTA
MRK,HL,kf_tension_pred_val,60,193,0.04199303742384682,11,182,0.05699481865284974,0.06666666666666667,4,-1.0909090909090908,-1.0,ALERTA
MRK,HL,vwap_spread_tide_wave,60,328,0.07136640557006092,18,310,0.054878048780487805,0.1,6,-1.0,-1.0,ALERTA
MRK,HL,kf_conj_pred_val,60,199,0.04329852045256745,9,190,0.04522613065326633,0.05,3,-1.0,-1.0,ALERTA
MRK,HL,conj_wave_tide,60,201,0.043733681462140996,9,192,0.04477611940298507,0.05,3,-1.0,-1.0,ALERTA
MRK,HL,compression_ratio,60,210,0.04569190600522193,9,201,0.04285714285714286,0.06666666666666667,4,-1.0,-1.0,ALERTA
MRK,HL,kf_conj_filt_vel,60,248,0.053959965187119235,9,239,0.036290322580645164,0.05,3,-1.0,-1.0,ALERTA
MRK,HL,conj_wave_current,60,197,0.04286335944299391,7,190,0.03553299492385787,0.08333333333333333,5,-1.2857142857142858,-1.0,ALERTA
MRK,HL,conj_current_tide,60,218,0.047432550043516104,7,211,0.03211009174311927,0.05,3,-1.1428571428571428,-1.0,ALERTA
MRK,HL,rsi_value,60,194,0.04221061792863359,6,188,0.030927835051546393,0.06666666666666667,4,-0.5,0.0,DETECTION
MRK,HL,tide_accel,60,295,0.06418624891209748,8,287,0.02711864406779661,0.05,3,-1.125,-1.0,ALERTA
MRK,HL,vwap_sigma_tide,60,112,0.024369016536118365,3,109,0.026785714285714284,0.016666666666666666,1,-1.0,-1.0,ALERTA
MRK,HL,kf_rsi_pred_val,60,192,0.04177545691906005,5,187,0.026041666666666668,0.05,3,-0.6,0.0,DETECTION
MRK,HL,sigma_tide,60,163,0.03546562228024369,4,159,0.024539877300613498,0.03333333333333333,2,-0.75,-0.5,DETECTION
MRK,HL,tension_wave,60,120,0.02610966057441253,0,120,0.0,0.0,0,0.0,0.0,DETECTION
MRK,HH,tension_tide,56,178,0.038729329852045254,19,159,0.10674157303370786,0.14285714285714285,8,-0.8421052631578947,-1.0,ALERTA
MRK,HH,kf_tension_pred_val,56,193,0.04199303742384682,19,174,0.09844559585492228,0.14285714285714285,8,-0.8421052631578947,-1.0,ALERTA
MRK,HH,kf_price_pred_val,56,207,0.04503916449086162,20,187,0.0966183574879227,0.26785714285714285,15,-0.7,-0.5,DETECTION
MRK,HH,current_accel,56,197,0.04286335944299391,19,178,0.09644670050761421,0.16071428571428573,9,-0.8421052631578947,-1.0,ALERTA
MRK,HH,tide_accel,56,295,0.06418624891209748,24,271,0.08135593220338982,0.16071428571428573,9,-1.0,-1.0,ALERTA
MRK,HH,kf_tension_filt_vel,56,234,0.050913838120104436,19,215,0.0811965811965812,0.19642857142857142,11,-0.7894736842105263,-1.0,ALERTA
MRK,HH,kf_price_innovation,56,215,0.04677980852915579,16,199,0.07441860465116279,0.23214285714285715,13,-1.0,-1.0,ALERTA
MRK,HH,kf_rsi_pred_val,56,192,0.04177545691906005,14,178,0.07291666666666667,0.16071428571428573,9,-0.5,0.0,DETECTION
MRK,HH,rsi_value,56,194,0.04221061792863359,14,180,0.07216494845360824,0.14285714285714285,8,-0.6428571428571429,-0.5,DETECTION
MRK,HH,kf_price_filt_vel,56,212,0.04612706701479547,15,197,0.07075471698113207,0.23214285714285715,13,-0.7333333333333333,-1.0,ALERTA
MRK,HH,sigma_wave,56,148,0.03220191470844212,10,138,0.06756756756756757,0.10714285714285714,6,-0.6,-1.0,ALERTA
MRK,HH,conj_wave_current,56,197,0.04286335944299391,12,185,0.06091370558375635,0.07142857142857142,4,-1.0,-1.0,ALERTA
MRK,HH,kf_conj_pred_val,56,199,0.04329852045256745,11,188,0.05527638190954774,0.08928571428571429,5,-0.8181818181818182,-1.0,ALERTA
MRK,HH,kf_rsi_filt_vel,56,200,0.04351610095735422,11,189,0.055,0.10714285714285714,6,-0.6363636363636364,-1.0,ALERTA
MRK,HH,vwap_spread_tide_wave,56,328,0.07136640557006092,18,310,0.054878048780487805,0.10714285714285714,6,-1.0,-1.0,ALERTA
MRK,HH,conj_wave_tide,56,201,0.043733681462140996,11,190,0.05472636815920398,0.08928571428571429,5,-0.8181818181818182,-1.0,ALERTA
MRK,HH,vwap_spread_current_wave,56,259,0.05635335073977372,14,245,0.05405405405405406,0.08928571428571429,5,-0.9285714285714286,-1.0,ALERTA
MRK,HH,wave_accel,56,243,0.05287206266318538,13,230,0.053497942386831275,0.14285714285714285,8,-0.5384615384615384,0.0,DETECTION
MRK,HH,sigma_tide,56,163,0.03546562228024369,8,155,0.049079754601226995,0.08928571428571429,5,-0.5,0.0,DETECTION
MRK,HH,vwap_spread_tide_current,56,310,0.06744995648389904,15,295,0.04838709677419355,0.08928571428571429,5,-1.0,-1.0,ALERTA
MRK,HH,tide_slope,56,317,0.06897302001740645,15,302,0.0473186119873817,0.08928571428571429,5,-1.0,-1.0,ALERTA
MRK,HH,sigma_current,56,154,0.03350739773716275,7,147,0.045454545454545456,0.08928571428571429,5,-0.2857142857142857,0.0,DETECTION
MRK,HH,kf_rvol_pred_val,56,176,0.038294168842471714,8,168,0.045454545454545456,0.125,7,-0.375,0.0,DETECTION
MRK,HH,wave_slope,56,233,0.050696257615317666,10,223,0.04291845493562232,0.07142857142857142,4,-0.9,-1.0,ALERTA
MRK,HH,tension_wave,56,120,0.02610966057441253,5,115,0.041666666666666664,0.07142857142857142,4,-1.4,-1.0,ALERTA
MRK,HH,vwap_sigma_wave,56,101,0.021975630983463883,4,97,0.039603960396039604,0.05357142857142857,3,-0.25,0.0,DETECTION
MRK,HH,vwap_sigma_current,56,130,0.028285465622280244,5,125,0.038461538461538464,0.08928571428571429,5,0.0,0.0,DETECTION
MRK,HH,kf_rvol_filt_vel,56,234,0.050913838120104436,9,225,0.038461538461538464,0.125,7,-0.5555555555555556,-1.0,ALERTA
MRK,HH,compression_ratio,56,210,0.04569190600522193,8,202,0.0380952380952381,0.07142857142857142,4,-0.75,-0.5,DETECTION
MRK,HH,current_slope,56,240,0.05221932114882506,9,231,0.0375,0.07142857142857142,4,-0.7777777777777778,-1.0,ALERTA
MRK,HH,kf_conj_filt_vel,56,248,0.053959965187119235,7,241,0.028225806451612902,0.07142857142857142,4,-0.5714285714285714,0.0,DETECTION
MRK,HH,tension_current,56,178,0.038729329852045254,5,173,0.028089887640449437,0.03571428571428571,2,-0.8,-1.0,ALERTA
MRK,HH,conj_current_tide,56,218,0.047432550043516104,6,212,0.027522935779816515,0.03571428571428571,2,-1.0,-1.0,ALERTA
MRK,HH,vwap_sigma_tide,56,112,0.024369016536118365,2,110,0.017857142857142856,0.017857142857142856,1,-0.5,-0.5,DETECTION
MRK,LH,vwap_spread_tide_wave,53,328,0.07136640557006092,35,293,0.10670731707317073,0.22641509433962265,12,-0.9714285714285714,-1.0,ALERTA
MRK,LH,vwap_spread_tide_current,53,310,0.06744995648389904,32,278,0.1032258064516129,0.20754716981132076,11,-0.96875,-1.0,ALERTA
MRK,LH,conj_wave_current,53,197,0.04286335944299391,20,177,0.10152284263959391,0.1509433962264151,8,-0.95,-1.0,ALERTA
MRK,LH,kf_price_pred_val,53,207,0.04503916449086162,21,186,0.10144927536231885,0.3018867924528302,16,-0.9523809523809523,-1.0,ALERTA
MRK,LH,tide_slope,53,317,0.06897302001740645,32,285,0.10094637223974763,0.20754716981132076,11,-0.96875,-1.0,ALERTA
MRK,LH,kf_price_innovation,53,215,0.04677980852915579,21,194,0.09767441860465116,0.24528301886792453,13,-0.9523809523809523,-1.0,ALERTA
MRK,LH,kf_price_filt_vel,53,212,0.04612706701479547,20,192,0.09433962264150944,0.3018867924528302,16,-0.9,-1.0,ALERTA
MRK,LH,wave_slope,53,233,0.050696257615317666,20,213,0.08583690987124463,0.16981132075471697,9,-1.05,-1.0,ALERTA
MRK,LH,compression_ratio,53,210,0.04569190600522193,17,193,0.08095238095238096,0.11320754716981132,6,-1.0588235294117647,-1.0,ALERTA
MRK,LH,vwap_spread_current_wave,53,259,0.05635335073977372,19,240,0.07335907335907337,0.1509433962264151,8,-0.8947368421052632,-1.0,ALERTA
MRK,LH,current_accel,53,197,0.04286335944299391,13,184,0.06598984771573604,0.1509433962264151,8,-1.0769230769230769,-1.0,ALERTA
MRK,LH,conj_current_tide,53,218,0.047432550043516104,14,204,0.06422018348623854,0.11320754716981132,6,-0.9285714285714286,-1.0,ALERTA
MRK,LH,current_slope,53,240,0.05221932114882506,15,225,0.0625,0.1320754716981132,7,-1.0,-1.0,ALERTA
MRK,LH,wave_accel,53,243,0.05287206266318538,15,228,0.06172839506172839,0.1509433962264151,8,-1.2,-1.0,ALERTA
MRK,LH,kf_conj_pred_val,53,199,0.04329852045256745,12,187,0.06030150753768844,0.09433962264150944,5,-1.0,-1.0,ALERTA
MRK,LH,conj_wave_tide,53,201,0.043733681462140996,12,189,0.05970149253731343,0.11320754716981132,6,-1.0,-1.0,ALERTA
MRK,LH,kf_conj_filt_vel,53,248,0.053959965187119235,13,235,0.05241935483870968,0.11320754716981132,6,-1.0,-1.0,ALERTA
MRK,LH,kf_rvol_pred_val,53,176,0.038294168842471714,7,169,0.03977272727272727,0.1320754716981132,7,-0.8571428571428571,-1.0,ALERTA
MRK,LH,vwap_sigma_wave,53,101,0.021975630983463883,4,97,0.039603960396039604,0.07547169811320754,4,-1.0,-1.0,ALERTA
MRK,LH,kf_tension_filt_vel,53,234,0.050913838120104436,9,225,0.038461538461538464,0.1320754716981132,7,-1.0,-1.0,ALERTA
MRK,LH,kf_tension_pred_val,53,193,0.04199303742384682,7,186,0.03626943005181347,0.07547169811320754,4,-0.5714285714285714,0.0,DETECTION
MRK,LH,vwap_sigma_tide,53,112,0.024369016536118365,4,108,0.03571428571428571,0.03773584905660377,2,-1.0,-1.0,ALERTA
MRK,LH,kf_rvol_filt_vel,53,234,0.050913838120104436,8,226,0.03418803418803419,0.1509433962264151,8,-0.75,-0.5,DETECTION
MRK,LH,sigma_wave,53,148,0.03220191470844212,5,143,0.033783783783783786,0.11320754716981132,6,-0.6,0.0,DETECTION
MRK,LH,tension_current,53,178,0.038729329852045254,6,172,0.033707865168539325,0.03773584905660377,2,-1.0,-1.0,ALERTA
MRK,LH,tension_wave,53,120,0.02610966057441253,4,116,0.03333333333333333,0.09433962264150944,5,-0.5,0.0,DETECTION
MRK,LH,kf_rsi_filt_vel,53,200,0.04351610095735422,6,194,0.03,0.1320754716981132,7,-0.5,0.0,DETECTION
MRK,LH,tension_tide,53,178,0.038729329852045254,5,173,0.028089887640449437,0.05660377358490566,3,-0.6,0.0,DETECTION
MRK,LH,sigma_tide,53,163,0.03546562228024369,4,159,0.024539877300613498,0.05660377358490566,3,-1.0,-1.0,ALERTA
MRK,LH,tide_accel,53,295,0.06418624891209748,7,288,0.023728813559322035,0.07547169811320754,4,-1.2857142857142858,-1.0,ALERTA
MRK,LH,vwap_sigma_current,53,130,0.028285465622280244,3,127,0.023076923076923078,0.03773584905660377,2,-1.3333333333333333,-1.0,ALERTA
MRK,LH,kf_rsi_pred_val,53,192,0.04177545691906005,4,188,0.020833333333333332,0.05660377358490566,3,-0.75,-0.5,DETECTION
MRK,LH,sigma_current,53,154,0.03350739773716275,3,151,0.01948051948051948,0.07547169811320754,4,-1.6666666666666667,-2.0,ALERTA
MRK,LH,rsi_value,53,194,0.04221061792863359,3,191,0.015463917525773196,0.05660377358490566,3,-1.0,-1.0,ALERTA
MSFT,LL,vwap_sigma_current,54,123,0.026850032743942372,43,80,0.34959349593495936,0.4074074074074074,22,-0.7906976744186046,-1.0,ALERTA
MSFT,LL,vwap_sigma_wave,54,116,0.02532198209997817,40,76,0.3448275862068966,0.42592592592592593,23,-0.75,-1.0,ALERTA
MSFT,LL,vwap_sigma_tide,54,169,0.036891508404278545,48,121,0.28402366863905326,0.3333333333333333,18,-0.9166666666666666,-1.0,ALERTA
MSFT,LL,rsi_value,54,163,0.03558175070945208,38,125,0.2331288343558282,0.35185185185185186,19,-0.7894736842105263,-1.0,ALERTA
MSFT,LL,kf_rsi_pred_val,54,174,0.03798297314996726,38,136,0.21839080459770116,0.35185185185185186,19,-0.7105263157894737,-1.0,ALERTA
MSFT,LL,sigma_tide,54,149,0.03252564942152369,30,119,0.20134228187919462,0.2777777777777778,15,-0.7333333333333333,-0.5,DETECTION
MSFT,LL,kf_price_pred_val,54,235,0.05129884304736957,39,196,0.16595744680851063,0.48148148148148145,26,-0.8461538461538461,-1.0,ALERTA
MSFT,LL,fear_level,54,304,0.06636105653787383,43,261,0.14144736842105263,0.2777777777777778,15,-0.9534883720930233,-1.0,ALERTA
MSFT,LL,current_accel,54,231,0.0504256712508186,32,199,0.13852813852813853,0.3333333333333333,18,-0.78125,-1.0,ALERTA
MSFT,LL,kf_price_filt_vel,54,215,0.04693298406461471,24,191,0.11162790697674418,0.2777777777777778,15,-0.9166666666666666,-1.0,ALERTA
MSFT,LL,wave_slope,54,226,0.04933420650512988,25,201,0.11061946902654868,0.18518518518518517,10,-0.92,-1.0,ALERTA
MSFT,LL,kf_price_innovation,54,211,0.04605981226806374,23,188,0.10900473933649289,0.3148148148148148,17,-1.173913043478261,-1.0,ALERTA
MSFT,LL,sigma_current,54,168,0.0366732154551408,18,150,0.10714285714285714,0.18518518518518517,10,-0.7777777777777778,-0.5,DETECTION
MSFT,LL,tide_slope,54,263,0.05741104562322637,27,236,0.10266159695817491,0.16666666666666666,9,-1.0,-1.0,ALERTA
MSFT,LL,wave_accel,54,236,0.05151713599650731,24,212,0.1016949152542373,0.2777777777777778,15,-0.5,0.0,DETECTION
MSFT,LL,kf_rvol_pred_val,54,179,0.03907443789565597,17,162,0.09497206703910614,0.2037037037037037,11,-0.9411764705882353,-1.0,ALERTA
MSFT,LL,vwap_spread_tide_wave,54,198,0.043222003929273084,18,180,0.09090909090909091,0.1111111111111111,6,-1.0,-1.0,ALERTA
MSFT,LL,current_slope,54,224,0.048897620606854396,18,206,0.08035714285714286,0.14814814814814814,8,-0.8888888888888888,-1.0,ALERTA
MSFT,LL,vwap_spread_tide_current,54,188,0.04103907443789566,15,173,0.0797872340425532,0.09259259259259259,5,-1.0,-1.0,ALERTA
MSFT,LL,kf_rvol_filt_vel,54,219,0.04780615586116568,17,202,0.0776255707762557,0.2222222222222222,12,-1.0,-1.0,ALERTA
MSFT,LL,sigma_wave,54,145,0.03165247762497271,11,134,0.07586206896551724,0.12962962962962962,7,-0.6363636363636364,0.0,DETECTION
MSFT,LL,vwap_spread_current_wave,54,201,0.04387688277668631,14,187,0.06965174129353234,0.09259259259259259,5,-0.9285714285714286,-1.0,ALERTA
MSFT,LL,tide_accel,54,232,0.05064396419995634,15,217,0.06465517241379311,0.14814814814814814,8,-0.6666666666666666,0.0,DETECTION
MSFT,LL,kf_conj_filt_vel,54,235,0.05129884304736957,15,220,0.06382978723404255,0.12962962962962962,7,-0.6666666666666666,-1.0,ALERTA
MSFT,LL,conj_wave_current,54,192,0.04191224623444663,12,180,0.0625,0.1111111111111111,6,-0.8333333333333334,-1.0,ALERTA
MSFT,LL,conj_wave_tide,54,232,0.05064396419995634,14,218,0.0603448275862069,0.12962962962962962,7,-0.8571428571428571,-1.0,ALERTA
MSFT,LL,kf_conj_pred_val,54,232,0.05064396419995634,14,218,0.0603448275862069,0.12962962962962962,7,-0.8571428571428571,-1.0,ALERTA
MSFT,LL,kf_rsi_filt_vel,54,204,0.04453176162409954,11,193,0.05392156862745098,0.14814814814814814,8,-1.0909090909090908,-1.0,ALERTA
MSFT,LL,tension_tide,54,233,0.050862257149094085,12,221,0.05150214592274678,0.1111111111111111,6,-0.6666666666666666,-0.5,DETECTION
MSFT,LL,kf_tension_filt_vel,54,280,0.061122025758568,14,266,0.05,0.14814814814814814,8,-0.7142857142857143,-0.5,DETECTION
MSFT,LL,kf_tension_pred_val,54,242,0.05282689369133377,11,231,0.045454545454545456,0.1111111111111111,6,-0.6363636363636364,0.0,DETECTION
MSFT,LL,compression_ratio,54,223,0.04867932765771665,8,215,0.03587443946188341,0.05555555555555555,3,-0.875,-1.0,ALERTA
MSFT,LL,conj_current_tide,54,231,0.0504256712508186,8,223,0.03463203463203463,0.07407407407407407,4,-0.875,-1.0,ALERTA
MSFT,LL,tension_current,54,154,0.0336171141672124,0,154,0.0,0.0,0,0.0,0.0,DETECTION
MSFT,LL,tension_wave,54,126,0.0275049115913556,0,126,0.0,0.018518518518518517,1,0.0,0.0,DETECTION
MSFT,HL,kf_price_pred_val,70,235,0.05129884304736957,36,199,0.15319148936170213,0.35714285714285715,25,-0.8055555555555556,-0.5,DETECTION
MSFT,HL,sigma_current,70,168,0.0366732154551408,23,145,0.13690476190476192,0.2,14,-0.6956521739130435,0.0,DETECTION
MSFT,HL,kf_conj_filt_vel,70,235,0.05129884304736957,31,204,0.13191489361702127,0.21428571428571427,15,-0.967741935483871,-1.0,ALERTA
MSFT,HL,compression_ratio,70,223,0.04867932765771665,29,194,0.13004484304932734,0.15714285714285714,11,-0.9655172413793104,-1.0,ALERTA
MSFT,HL,sigma_wave,70,145,0.03165247762497271,18,127,0.12413793103448276,0.18571428571428572,13,-0.6111111111111112,0.0,DETECTION
MSFT,HL,kf_rsi_filt_vel,70,204,0.04453176162409954,25,179,0.12254901960784313,0.2,14,-0.92,-1.0,ALERTA
MSFT,HL,wave_accel,70,236,0.05151713599650731,27,209,0.11440677966101695,0.2571428571428571,18,-0.8518518518518519,-1.0,ALERTA
MSFT,HL,vwap_sigma_wave,70,116,0.02532198209997817,13,103,0.11206896551724138,0.12857142857142856,9,-0.6153846153846154,0.0,DETECTION
MSFT,HL,kf_price_filt_vel,70,215,0.04693298406461471,23,192,0.10697674418604651,0.2857142857142857,20,-0.8695652173913043,-1.0,ALERTA
MSFT,HL,kf_price_innovation,70,211,0.04605981226806374,22,189,0.10426540284360189,0.22857142857142856,16,-1.1363636363636365,-1.0,ALERTA
MSFT,HL,tide_slope,70,263,0.05741104562322637,27,236,0.10266159695817491,0.12857142857142856,9,-1.0,-1.0,ALERTA
MSFT,HL,vwap_spread_tide_current,70,188,0.04103907443789566,19,169,0.10106382978723404,0.1,7,-1.0526315789473684,-1.0,ALERTA
MSFT,HL,kf_tension_pred_val,70,242,0.05282689369133377,23,219,0.09504132231404959,0.17142857142857143,12,-0.8695652173913043,-1.0,ALERTA
MSFT,HL,kf_tension_filt_vel,70,280,0.061122025758568,26,254,0.09285714285714286,0.2,14,-1.0,-1.0,ALERTA
MSFT,HL,fear_level,70,304,0.06636105653787383,28,276,0.09210526315789473,0.14285714285714285,10,-0.9642857142857143,-1.0,ALERTA
MSFT,HL,vwap_spread_tide_wave,70,198,0.043222003929273084,18,180,0.09090909090909091,0.08571428571428572,6,-1.0,-1.0,ALERTA
MSFT,HL,conj_wave_current,70,192,0.04191224623444663,17,175,0.08854166666666667,0.08571428571428572,6,-0.9411764705882353,-1.0,ALERTA
MSFT,HL,tension_tide,70,233,0.050862257149094085,20,213,0.08583690987124463,0.12857142857142856,9,-0.9,-1.0,ALERTA
MSFT,HL,vwap_spread_current_wave,70,201,0.04387688277668631,17,184,0.0845771144278607,0.08571428571428572,6,-0.9411764705882353,-1.0,ALERTA
MSFT,HL,conj_current_tide,70,231,0.0504256712508186,18,213,0.07792207792207792,0.1,7,-1.0,-1.0,ALERTA
MSFT,HL,tension_current,70,154,0.0336171141672124,12,142,0.07792207792207792,0.11428571428571428,8,-1.0,-1.0,ALERTA
MSFT,HL,vwap_sigma_tide,70,169,0.036891508404278545,13,156,0.07692307692307693,0.08571428571428572,6,-0.7692307692307693,-1.0,ALERTA
MSFT,HL,sigma_tide,70,149,0.03252564942152369,11,138,0.0738255033557047,0.07142857142857142,5,-0.8181818181818182,-1.0,ALERTA
MSFT,HL,conj_wave_tide,70,232,0.05064396419995634,15,217,0.06465517241379311,0.07142857142857142,5,-1.0,-1.0,ALERTA
MSFT,HL,kf_conj_pred_val,70,232,0.05064396419995634,15,217,0.06465517241379311,0.07142857142857142,5,-1.0,-1.0,ALERTA
MSFT,HL,current_slope,70,224,0.048897620606854396,14,210,0.0625,0.07142857142857142,5,-1.0714285714285714,-1.0,ALERTA
MSFT,HL,wave_slope,70,226,0.04933420650512988,14,212,0.061946902654867256,0.07142857142857142,5,-1.0714285714285714,-1.0,ALERTA
MSFT,HL,kf_rvol_pred_val,70,179,0.03907443789565597,10,169,0.055865921787709494,0.12857142857142856,9,-1.2,-1.5,ALERTA
MSFT,HL,current_accel,70,231,0.0504256712508186,12,219,0.05194805194805195,0.1,7,-1.1666666666666667,-1.0,ALERTA
MSFT,HL,vwap_sigma_current,70,123,0.026850032743942372,6,117,0.04878048780487805,0.05714285714285714,4,-0.5,0.0,DETECTION
MSFT,HL,kf_rsi_pred_val,70,174,0.03798297314996726,8,166,0.04597701149425287,0.11428571428571428,8,-0.5,0.0,DETECTION
MSFT,HL,kf_rvol_filt_vel,70,219,0.04780615586116568,10,209,0.045662100456621,0.12857142857142856,9,-1.1,-1.0,ALERTA
MSFT,HL,tide_accel,70,232,0.05064396419995634,8,224,0.034482758620689655,0.05714285714285714,4,-1.125,-1.0,ALERTA
MSFT,HL,tension_wave,70,126,0.0275049115913556,4,122,0.031746031746031744,0.04285714285714286,3,-1.5,-1.5,ALERTA
MSFT,HL,rsi_value,70,163,0.03558175070945208,4,159,0.024539877300613498,0.04285714285714286,3,-0.75,-0.5,DETECTION
MSFT,HH,vwap_spread_tide_current,66,188,0.04103907443789566,21,167,0.11170212765957446,0.10606060606060606,7,-1.0,-1.0,ALERTA
MSFT,HH,kf_tension_pred_val,66,242,0.05282689369133377,27,215,0.1115702479338843,0.16666666666666666,11,-0.8888888888888888,-1.0,ALERTA
MSFT,HH,vwap_spread_tide_wave,66,198,0.043222003929273084,22,176,0.1111111111111111,0.12121212121212122,8,-1.0454545454545454,-1.0,ALERTA
MSFT,HH,tension_tide,66,233,0.050862257149094085,25,208,0.1072961373390558,0.13636363636363635,9,-0.92,-1.0,ALERTA
MSFT,HH,wave_accel,66,236,0.05151713599650731,25,211,0.1059322033898305,0.18181818181818182,12,-0.84,-1.0,ALERTA
MSFT,HH,tide_slope,66,263,0.05741104562322637,27,236,0.10266159695817491,0.13636363636363635,9,-1.0,-1.0,ALERTA
MSFT,HH,rsi_value,66,163,0.03558175070945208,14,149,0.08588957055214724,0.12121212121212122,8,-1.0714285714285714,-1.0,ALERTA
MSFT,HH,kf_rsi_pred_val,66,174,0.03798297314996726,14,160,0.08045977011494253,0.12121212121212122,8,-1.0714285714285714,-1.0,ALERTA
MSFT,HH,kf_rvol_pred_val,66,179,0.03907443789565597,14,165,0.0782122905027933,0.19696969696969696,13,-0.9285714285714286,-1.0,ALERTA
MSFT,HH,current_accel,66,231,0.0504256712508186,18,213,0.07792207792207792,0.13636363636363635,9,-0.8888888888888888,-1.0,ALERTA
MSFT,HH,sigma_current,66,168,0.0366732154551408,13,155,0.07738095238095238,0.15151515151515152,10,-0.8461538461538461,-1.0,ALERTA
MSFT,HH,kf_conj_filt_vel,66,235,0.05129884304736957,17,218,0.07234042553191489,0.12121212121212122,8,-0.8823529411764706,-1.0,ALERTA
MSFT,HH,tension_current,66,154,0.0336171141672124,11,143,0.07142857142857142,0.06060606060606061,4,-0.9090909090909091,-1.0,ALERTA
MSFT,HH,kf_price_pred_val,66,235,0.05129884304736957,16,219,0.06808510638297872,0.19696969696969696,13,-0.875,-0.5,DETECTION
MSFT,HH,conj_wave_current,66,192,0.04191224623444663,13,179,0.06770833333333333,0.10606060606060606,7,-0.8461538461538461,-1.0,ALERTA
MSFT,HH,current_slope,66,224,0.048897620606854396,15,209,0.06696428571428571,0.07575757575757576,5,-1.0,-1.0,ALERTA
MSFT,HH,conj_wave_tide,66,232,0.05064396419995634,14,218,0.0603448275862069,0.10606060606060606,7,-1.1428571428571428,-1.0,ALERTA
MSFT,HH,vwap_spread_current_wave,66,201,0.04387688277668631,12,189,0.05970149253731343,0.06060606060606061,4,-1.0,-1.0,ALERTA
MSFT,HH,kf_rvol_filt_vel,66,219,0.04780615586116568,13,206,0.0593607305936073,0.21212121212121213,14,-0.9230769230769231,-1.0,ALERTA
MSFT,HH,kf_tension_filt_vel,66,280,0.061122025758568,16,264,0.05714285714285714,0.15151515151515152,10,-0.875,-1.0,ALERTA
MSFT,HH,tide_accel,66,232,0.05064396419995634,13,219,0.05603448275862069,0.07575757575757576,5,-0.9230769230769231,-1.0,ALERTA
MSFT,HH,kf_conj_pred_val,66,232,0.05064396419995634,13,219,0.05603448275862069,0.09090909090909091,6,-1.0769230769230769,-1.0,ALERTA
MSFT,HH,kf_price_filt_vel,66,215,0.04693298406461471,12,203,0.05581395348837209,0.15151515151515152,10,-1.25,-1.5,ALERTA
MSFT,HH,sigma_wave,66,145,0.03165247762497271,8,137,0.05517241379310345,0.09090909090909091,6,-1.0,-1.0,ALERTA
MSFT,HH,sigma_tide,66,149,0.03252564942152369,8,141,0.053691275167785234,0.09090909090909091,6,-0.875,-0.5,DETECTION
MSFT,HH,wave_slope,66,226,0.04933420650512988,12,214,0.05309734513274336,0.07575757575757576,5,-0.8333333333333334,-1.0,ALERTA
MSFT,HH,fear_level,66,304,0.06636105653787383,16,288,0.05263157894736842,0.10606060606060606,7,-1.25,-1.0,ALERTA
MSFT,HH,kf_price_innovation,66,211,0.04605981226806374,11,200,0.052132701421800945,0.10606060606060606,7,-0.9090909090909091,-1.0,ALERTA
MSFT,HH,conj_current_tide,66,231,0.0504256712508186,12,219,0.05194805194805195,0.06060606060606061,4,-1.0,-1.0,ALERTA
MSFT,HH,vwap_sigma_current,66,123,0.026850032743942372,6,117,0.04878048780487805,0.045454545454545456,3,-0.6666666666666666,-0.5,DETECTION
MSFT,HH,vwap_sigma_wave,66,116,0.02532198209997817,4,112,0.034482758620689655,0.045454545454545456,3,-1.0,-1.0,ALERTA
MSFT,HH,kf_rsi_filt_vel,66,204,0.04453176162409954,7,197,0.03431372549019608,0.07575757575757576,5,-0.5714285714285714,0.0,DETECTION
MSFT,HH,compression_ratio,66,223,0.04867932765771665,7,216,0.03139013452914798,0.06060606060606061,4,-0.8571428571428571,-1.0,ALERTA
MSFT,HH,vwap_sigma_tide,66,169,0.036891508404278545,5,164,0.029585798816568046,0.045454545454545456,3,-1.2,-1.0,ALERTA
MSFT,HH,tension_wave,66,126,0.0275049115913556,3,123,0.023809523809523808,0.030303030303030304,2,-0.6666666666666666,0.0,DETECTION
MSFT,LH,kf_price_pred_val,58,235,0.05129884304736957,38,197,0.16170212765957448,0.41379310344827586,24,-0.6842105263157895,-0.5,DETECTION
MSFT,LH,kf_price_filt_vel,58,215,0.04693298406461471,30,185,0.13953488372093023,0.3620689655172414,21,-0.6333333333333333,0.0,DETECTION
MSFT,LH,kf_price_innovation,58,211,0.04605981226806374,27,184,0.12796208530805686,0.3448275862068966,20,-0.8148148148148148,-1.0,ALERTA
MSFT,LH,tension_wave,58,126,0.0275049115913556,16,110,0.12698412698412698,0.10344827586206896,6,-1.0,-1.0,ALERTA
MSFT,LH,fear_level,58,304,0.06636105653787383,38,266,0.125,0.25862068965517243,15,-0.9736842105263158,-1.0,ALERTA
MSFT,LH,kf_conj_filt_vel,58,235,0.05129884304736957,23,212,0.09787234042553192,0.15517241379310345,9,-1.0,-1.0,ALERTA
MSFT,LH,wave_slope,58,226,0.04933420650512988,22,204,0.09734513274336283,0.13793103448275862,8,-1.0454545454545454,-1.0,ALERTA
MSFT,LH,tide_slope,58,263,0.05741104562322637,25,238,0.09505703422053231,0.15517241379310345,9,-0.92,-1.0,ALERTA
MSFT,LH,conj_wave_current,58,192,0.04191224623444663,18,174,0.09375,0.13793103448275862,8,-0.9444444444444444,-1.0,ALERTA
MSFT,LH,kf_rsi_filt_vel,58,204,0.04453176162409954,19,185,0.09313725490196079,0.2413793103448276,14,-0.7368421052631579,-1.0,ALERTA
MSFT,LH,kf_conj_pred_val,58,232,0.05064396419995634,21,211,0.09051724137931035,0.1724137931034483,10,-1.0,-1.0,ALERTA
MSFT,LH,wave_accel,58,236,0.05151713599650731,20,216,0.0847457627118644,0.25862068965517243,15,-1.35,-1.5,ALERTA
MSFT,LH,conj_wave_tide,58,232,0.05064396419995634,18,214,0.07758620689655173,0.15517241379310345,9,-0.9444444444444444,-1.0,ALERTA
MSFT,LH,vwap_sigma_tide,58,169,0.036891508404278545,13,156,0.07692307692307693,0.10344827586206896,6,-1.3076923076923077,-1.0,ALERTA
MSFT,LH,sigma_wave,58,145,0.03165247762497271,11,134,0.07586206896551724,0.15517241379310345,9,-0.7272727272727273,-1.0,ALERTA
MSFT,LH,kf_tension_filt_vel,58,280,0.061122025758568,19,261,0.06785714285714285,0.20689655172413793,12,-1.0,-1.0,ALERTA
MSFT,LH,compression_ratio,58,223,0.04867932765771665,15,208,0.06726457399103139,0.10344827586206896,6,-1.0,-1.0,ALERTA
MSFT,LH,current_slope,58,224,0.048897620606854396,15,209,0.06696428571428571,0.08620689655172414,5,-1.0,-1.0,ALERTA
MSFT,LH,sigma_current,58,168,0.0366732154551408,11,157,0.06547619047619048,0.15517241379310345,9,-1.0909090909090908,-1.0,ALERTA
MSFT,LH,tension_current,58,154,0.0336171141672124,10,144,0.06493506493506493,0.1206896551724138,7,-0.8,-0.5,DETECTION
MSFT,LH,vwap_spread_tide_current,58,188,0.04103907443789566,12,176,0.06382978723404255,0.06896551724137931,4,-1.0,-1.0,ALERTA
MSFT,LH,vwap_spread_tide_wave,58,198,0.043222003929273084,12,186,0.06060606060606061,0.06896551724137931,4,-1.0,-1.0,ALERTA
MSFT,LH,sigma_tide,58,149,0.03252564942152369,9,140,0.06040268456375839,0.1206896551724138,7,-1.2222222222222223,-1.0,ALERTA
MSFT,LH,vwap_sigma_current,58,123,0.026850032743942372,7,116,0.056910569105691054,0.10344827586206896,6,-1.5714285714285714,-2.0,ALERTA
MSFT,LH,current_accel,58,231,0.0504256712508186,12,219,0.05194805194805195,0.13793103448275862,8,-1.25,-1.0,ALERTA
MSFT,LH,vwap_sigma_wave,58,116,0.02532198209997817,6,110,0.05172413793103448,0.08620689655172414,5,-1.5,-1.5,ALERTA
MSFT,LH,kf_rvol_pred_val,58,179,0.03907443789565597,9,170,0.05027932960893855,0.13793103448275862,8,-0.7777777777777778,0.0,DETECTION
MSFT,LH,conj_current_tide,58,231,0.0504256712508186,11,220,0.047619047619047616,0.08620689655172414,5,-1.0,-1.0,ALERTA
MSFT,LH,kf_rsi_pred_val,58,174,0.03798297314996726,8,166,0.04597701149425287,0.08620689655172414,5,-1.625,-2.0,ALERTA
MSFT,LH,vwap_spread_current_wave,58,201,0.04387688277668631,9,192,0.04477611940298507,0.05172413793103448,3,-1.0,-1.0,ALERTA
MSFT,LH,kf_tension_pred_val,58,242,0.05282689369133377,9,233,0.0371900826446281,0.13793103448275862,8,-0.4444444444444444,0.0,DETECTION
MSFT,LH,rsi_value,58,163,0.03558175070945208,6,157,0.03680981595092025,0.06896551724137931,4,-1.5,-1.5,ALERTA
MSFT,LH,kf_rvol_filt_vel,58,219,0.04780615586116568,7,212,0.0319634703196347,0.10344827586206896,6,-0.5714285714285714,0.0,DETECTION
MSFT,LH,tide_accel,58,232,0.05064396419995634,6,226,0.02586206896551724,0.034482758620689655,2,-1.0,-1.0,ALERTA
MSFT,LH,tension_tide,58,233,0.050862257149094085,6,227,0.02575107296137339,0.08620689655172414,5,-0.6666666666666666,-1.0,ALERTA
PEP,LL,sigma_tide,27,179,0.03527093596059113,31,148,0.17318435754189945,0.6666666666666666,18,-0.5483870967741935,0.0,DETECTION
PEP,LL,vwap_sigma_tide,27,231,0.04551724137931035,40,191,0.17316017316017315,0.6666666666666666,18,-0.8,-1.0,ALERTA
PEP,LL,vwap_sigma_current,27,136,0.026798029556650248,20,116,0.14705882352941177,0.5185185185185185,14,-0.45,0.0,DETECTION
PEP,LL,kf_price_pred_val,27,219,0.04315270935960591,27,192,0.1232876712328767,0.6296296296296297,17,-0.8148148148148148,-1.0,ALERTA
PEP,LL,rsi_value,27,190,0.0374384236453202,21,169,0.11052631578947368,0.4444444444444444,12,-0.6190476190476191,0.0,DETECTION
PEP,LL,vwap_spread_current_wave,27,213,0.041970443349753694,21,192,0.09859154929577464,0.2962962962962963,8,-0.9047619047619048,-1.0,ALERTA
PEP,LL,compression_ratio,27,197,0.03881773399014778,19,178,0.09644670050761421,0.25925925925925924,7,-0.8947368421052632,-1.0,ALERTA
PEP,LL,kf_rsi_pred_val,27,198,0.03901477832512315,19,179,0.09595959595959595,0.37037037037037035,10,-0.7368421052631579,-1.0,ALERTA
PEP,LL,kf_price_filt_vel,27,238,0.04689655172413793,22,216,0.09243697478991597,0.5925925925925926,16,-0.7727272727272727,-1.0,ALERTA
PEP,LL,wave_slope,27,233,0.04591133004926108,21,212,0.09012875536480687,0.37037037037037035,10,-0.7619047619047619,-1.0,ALERTA
PEP,LL,current_accel,27,240,0.04729064039408867,21,219,0.0875,0.4074074074074074,11,-0.7619047619047619,-1.0,ALERTA
PEP,LL,kf_price_innovation,27,212,0.04177339901477833,18,194,0.08490566037735849,0.37037037037037035,10,-1.1111111111111112,-1.0,ALERTA
PEP,LL,conj_wave_tide,27,236,0.04650246305418719,20,216,0.0847457627118644,0.3333333333333333,9,-0.8,-1.0,ALERTA
PEP,LL,conj_wave_current,27,228,0.04492610837438424,19,209,0.08333333333333333,0.2962962962962963,8,-0.8421052631578947,-1.0,ALERTA
PEP,LL,sigma_current,27,163,0.03211822660098522,13,150,0.07975460122699386,0.25925925925925924,7,-0.6153846153846154,0.0,DETECTION
PEP,LL,wave_accel,27,254,0.05004926108374384,20,234,0.07874015748031496,0.48148148148148145,13,-0.65,0.0,DETECTION
PEP,LL,tide_accel,27,195,0.03842364532019704,15,180,0.07692307692307693,0.2962962962962963,8,-0.6,0.0,DETECTION
PEP,LL,kf_conj_pred_val,27,248,0.048866995073891625,19,229,0.07661290322580645,0.2962962962962963,8,-0.8421052631578947,-1.0,ALERTA
PEP,LL,vwap_spread_tide_wave,27,283,0.055763546798029556,21,262,0.07420494699646643,0.2962962962962963,8,-0.9047619047619048,-1.0,ALERTA
PEP,LL,fear_level,27,253,0.049852216748768476,18,235,0.07114624505928854,0.2222222222222222,6,-1.0,-1.0,ALERTA
PEP,LL,kf_conj_filt_vel,27,232,0.045714285714285714,16,216,0.06896551724137931,0.3333333333333333,9,-0.75,-0.5,DETECTION
PEP,LL,kf_rvol_pred_val,27,230,0.04532019704433497,13,217,0.05652173913043478,0.2962962962962963,8,-0.8461538461538461,-1.0,ALERTA
PEP,LL,tide_slope,27,268,0.05280788177339901,15,253,0.055970149253731345,0.18518518518518517,5,-1.0,-1.0,ALERTA
PEP,LL,kf_tension_filt_vel,27,234,0.046108374384236456,12,222,0.05128205128205128,0.25925925925925924,7,-0.75,-1.0,ALERTA
PEP,LL,vwap_spread_tide_current,27,222,0.04374384236453202,11,211,0.04954954954954955,0.14814814814814814,4,-0.9090909090909091,-1.0,ALERTA
PEP,LL,kf_rsi_filt_vel,27,239,0.0470935960591133,11,228,0.04602510460251046,0.2222222222222222,6,-0.8181818181818182,-1.0,ALERTA
PEP,LL,current_slope,27,222,0.04374384236453202,9,213,0.04054054054054054,0.1111111111111111,3,-1.0,-1.0,ALERTA
PEP,LL,kf_tension_pred_val,27,270,0.053201970443349754,8,262,0.02962962962962963,0.1111111111111111,3,-0.875,-1.0,ALERTA
PEP,LL,vwap_sigma_wave,27,107,0.02108374384236453,3,104,0.028037383177570093,0.07407407407407407,2,-0.6666666666666666,0.0,DETECTION
PEP,LL,kf_rvol_filt_vel,27,251,0.049458128078817734,7,244,0.027888446215139442,0.25925925925925924,7,-1.0,-1.0,ALERTA
PEP,LL,sigma_wave,27,76,0.01497536945812808,2,74,0.02631578947368421,0.07407407407407407,2,-1.0,-1.0,ALERTA
PEP,LL,tension_tide,27,264,0.052019704433497536,6,258,0.022727272727272728,0.1111111111111111,3,-0.6666666666666666,-0.5,DETECTION
PEP,LL,conj_current_tide,27,200,0.03940886699507389,3,197,0.015,0.037037037037037035,1,-1.0,-1.0,ALERTA
PEP,LL,tension_wave,27,77,0.015172413793103448,1,76,0.012987012987012988,0.037037037037037035,1,-2.0,-2.0,ALERTA
PEP,LL,tension_current,27,143,0.028177339901477833,1,142,0.006993006993006993,0.037037037037037035,1,-1.0,-1.0,ALERTA
PEP,HL,vwap_sigma_current,44,136,0.026798029556650248,16,120,0.11764705882352941,0.25,11,-0.75,-0.5,DETECTION
PEP,HL,kf_tension_filt_vel,44,234,0.046108374384236456,27,207,0.11538461538461539,0.36363636363636365,16,-1.0,-1.0,ALERTA
PEP,HL,sigma_current,44,163,0.03211822660098522,18,145,0.11042944785276074,0.29545454545454547,13,-0.7777777777777778,-0.5,DETECTION
PEP,HL,tension_tide,44,264,0.052019704433497536,24,240,0.09090909090909091,0.22727272727272727,10,-0.9166666666666666,-1.0,ALERTA
PEP,HL,kf_tension_pred_val,44,270,0.053201970443349754,24,246,0.08888888888888889,0.25,11,-0.9166666666666666,-1.0,ALERTA
PEP,HL,kf_rsi_pred_val,44,198,0.03901477832512315,17,181,0.08585858585858586,0.2727272727272727,12,-0.7058823529411765,0.0,DETECTION
PEP,HL,rsi_value,44,190,0.0374384236453202,16,174,0.08421052631578947,0.3181818181818182,14,-0.5,0.0,DETECTION
PEP,HL,vwap_sigma_wave,44,107,0.02108374384236453,9,98,0.08411214953271028,0.18181818181818182,8,-0.8888888888888888,-1.0,ALERTA
PEP,HL,fear_level,44,253,0.049852216748768476,21,232,0.08300395256916997,0.1590909090909091,7,-1.0,-1.0,ALERTA
PEP,HL,kf_conj_filt_vel,44,232,0.045714285714285714,19,213,0.08189655172413793,0.1590909090909091,7,-0.9473684210526315,-1.0,ALERTA
PEP,HL,wave_slope,44,233,0.04591133004926108,19,214,0.0815450643776824,0.22727272727272727,10,-0.7368421052631579,-1.0,ALERTA
PEP,HL,sigma_tide,44,179,0.03527093596059113,14,165,0.0782122905027933,0.25,11,-0.5714285714285714,0.0,DETECTION
PEP,HL,kf_price_pred_val,44,219,0.04315270935960591,17,202,0.0776255707762557,0.2727272727272727,12,-0.6470588235294118,0.0,DETECTION
PEP,HL,conj_wave_tide,44,236,0.04650246305418719,18,218,0.07627118644067797,0.20454545454545456,9,-0.7222222222222222,-1.0,ALERTA
PEP,HL,conj_wave_current,44,228,0.04492610837438424,17,211,0.07456140350877193,0.20454545454545456,9,-0.5882352941176471,0.0,DETECTION
PEP,HL,kf_rsi_filt_vel,44,239,0.0470935960591133,17,222,0.07112970711297072,0.22727272727272727,10,-0.9411764705882353,-1.0,ALERTA
PEP,HL,vwap_spread_current_wave,44,213,0.041970443349753694,15,198,0.07042253521126761,0.11363636363636363,5,-1.0,-1.0,ALERTA
PEP,HL,kf_rvol_pred_val,44,230,0.04532019704433497,16,214,0.06956521739130435,0.20454545454545456,9,-0.875,-1.0,ALERTA
PEP,HL,kf_conj_pred_val,44,248,0.048866995073891625,17,231,0.06854838709677419,0.20454545454545456,9,-0.6470588235294118,0.0,DETECTION
PEP,HL,vwap_spread_tide_current,44,222,0.04374384236453202,15,207,0.06756756756756757,0.11363636363636363,5,-1.0,-1.0,ALERTA
PEP,HL,wave_accel,44,254,0.05004926108374384,17,237,0.06692913385826772,0.29545454545454547,13,-0.8823529411764706,-1.0,ALERTA
PEP,HL,compression_ratio,44,197,0.03881773399014778,12,185,0.06091370558375635,0.11363636363636363,5,-0.9166666666666666,-1.0,ALERTA
PEP,HL,conj_current_tide,44,200,0.03940886699507389,11,189,0.055,0.09090909090909091,4,-0.9090909090909091,-1.0,ALERTA
PEP,HL,current_slope,44,222,0.04374384236453202,12,210,0.05405405405405406,0.09090909090909091,4,-1.0,-1.0,ALERTA
PEP,HL,vwap_spread_tide_wave,44,283,0.055763546798029556,15,268,0.053003533568904596,0.11363636363636363,5,-1.0,-1.0,ALERTA
PEP,HL,kf_rvol_filt_vel,44,251,0.049458128078817734,13,238,0.05179282868525897,0.20454545454545456,9,-1.0,-1.0,ALERTA
PEP,HL,current_accel,44,240,0.04729064039408867,12,228,0.05,0.1590909090909091,7,-0.8333333333333334,-1.0,ALERTA
PEP,HL,kf_price_filt_vel,44,238,0.04689655172413793,11,227,0.046218487394957986,0.18181818181818182,8,-0.5454545454545454,0.0,DETECTION
PEP,HL,tide_slope,44,268,0.05280788177339901,12,256,0.04477611940298507,0.09090909090909091,4,-1.0,-1.0,ALERTA
PEP,HL,vwap_sigma_tide,44,231,0.04551724137931035,10,221,0.04329004329004329,0.09090909090909091,4,-0.9,-1.0,ALERTA
PEP,HL,sigma_wave,44,76,0.01497536945812808,3,73,0.039473684210526314,0.06818181818181818,3,-1.0,-1.0,ALERTA
PEP,HL,kf_price_innovation,44,212,0.04177339901477833,8,204,0.03773584905660377,0.1590909090909091,7,-1.0,-1.0,ALERTA
PEP,HL,tide_accel,44,195,0.03842364532019704,7,188,0.035897435897435895,0.09090909090909091,4,-0.7142857142857143,-1.0,ALERTA
PEP,HL,tension_wave,44,77,0.015172413793103448,2,75,0.025974025974025976,0.045454545454545456,2,-2.0,-2.0,ALERTA
PEP,HL,tension_current,44,143,0.028177339901477833,0,143,0.0,0.0,0,0.0,0.0,DETECTION
PEP,HH,wave_slope,44,233,0.04591133004926108,21,212,0.09012875536480687,0.18181818181818182,8,-1.0,-1.0,ALERTA
PEP,HH,conj_wave_tide,44,236,0.04650246305418719,21,215,0.08898305084745763,0.18181818181818182,8,-1.0,-1.0,ALERTA
PEP,HH,kf_conj_pred_val,44,248,0.048866995073891625,21,227,0.0846774193548387,0.18181818181818182,8,-1.0,-1.0,ALERTA
PEP,HH,conj_wave_current,44,228,0.04492610837438424,18,210,0.07894736842105263,0.13636363636363635,6,-1.0,-1.0,ALERTA
PEP,HH,sigma_tide,44,179,0.03527093596059113,14,165,0.0782122905027933,0.13636363636363635,6,-0.8571428571428571,-1.0,ALERTA
PEP,HH,kf_price_pred_val,44,219,0.04315270935960591,14,205,0.0639269406392694,0.22727272727272727,10,-0.7857142857142857,-0.5,DETECTION
PEP,HH,conj_current_tide,44,200,0.03940886699507389,12,188,0.06,0.09090909090909091,4,-1.0,-1.0,ALERTA
PEP,HH,kf_conj_filt_vel,44,232,0.045714285714285714,13,219,0.05603448275862069,0.1590909090909091,7,-1.0769230769230769,-1.0,ALERTA
PEP,HH,tension_tide,44,264,0.052019704433497536,14,250,0.05303030303030303,0.13636363636363635,6,-1.0714285714285714,-1.0,ALERTA
PEP,HH,kf_rvol_pred_val,44,230,0.04532019704433497,12,218,0.05217391304347826,0.2727272727272727,12,-0.9166666666666666,-1.0,ALERTA
PEP,HH,kf_tension_pred_val,44,270,0.053201970443349754,14,256,0.05185185185185185,0.11363636363636363,5,-1.0714285714285714,-1.0,ALERTA
PEP,HH,kf_price_filt_vel,44,238,0.04689655172413793,12,226,0.05042016806722689,0.1590909090909091,7,-1.0,-1.0,ALERTA
PEP,HH,rsi_value,44,190,0.0374384236453202,9,181,0.04736842105263158,0.11363636363636363,5,-0.6666666666666666,0.0,DETECTION
PEP,HH,kf_price_innovation,44,212,0.04177339901477833,10,202,0.04716981132075472,0.18181818181818182,8,-1.0,-1.0,ALERTA
PEP,HH,kf_tension_filt_vel,44,234,0.046108374384236456,11,223,0.04700854700854701,0.13636363636363635,6,-0.6363636363636364,0.0,DETECTION
PEP,HH,tide_accel,44,195,0.03842364532019704,9,186,0.046153846153846156,0.11363636363636363,5,-0.7777777777777778,-1.0,ALERTA
PEP,HH,current_accel,44,240,0.04729064039408867,10,230,0.041666666666666664,0.11363636363636363,5,-0.9,-1.0,ALERTA
PEP,HH,current_slope,44,222,0.04374384236453202,9,213,0.04054054054054054,0.06818181818181818,3,-1.0,-1.0,ALERTA
PEP,HH,kf_rsi_pred_val,44,198,0.03901477832512315,8,190,0.04040404040404041,0.09090909090909091,4,-0.75,-0.5,DETECTION
PEP,HH,vwap_sigma_current,44,136,0.026798029556650248,5,131,0.03676470588235294,0.06818181818181818,3,-0.8,-1.0,ALERTA
PEP,HH,compression_ratio,44,197,0.03881773399014778,7,190,0.03553299492385787,0.06818181818181818,3,-0.8571428571428571,-1.0,ALERTA
PEP,HH,wave_accel,44,254,0.05004926108374384,9,245,0.03543307086614173,0.13636363636363635,6,-0.7777777777777778,-1.0,ALERTA
PEP,HH,tide_slope,44,268,0.05280788177339901,9,259,0.033582089552238806,0.06818181818181818,3,-1.0,-1.0,ALERTA
PEP,HH,vwap_spread_current_wave,44,213,0.041970443349753694,7,206,0.03286384976525822,0.09090909090909091,4,-0.8571428571428571,-1.0,ALERTA
PEP,HH,kf_rvol_filt_vel,44,251,0.049458128078817734,8,243,0.03187250996015936,0.20454545454545456,9,-0.875,-1.0,ALERTA
PEP,HH,vwap_spread_tide_wave,44,283,0.055763546798029556,9,274,0.03180212014134275,0.09090909090909091,4,-1.0,-1.0,ALERTA
PEP,HH,sigma_current,44,163,0.03211822660098522,5,158,0.03067484662576687,0.06818181818181818,3,-0.8,-1.0,ALERTA
PEP,HH,vwap_sigma_tide,44,231,0.04551724137931035,7,224,0.030303030303030304,0.11363636363636363,5,-0.8571428571428571,-1.0,ALERTA
PEP,HH,vwap_spread_tide_current,44,222,0.04374384236453202,6,216,0.02702702702702703,0.045454545454545456,2,-1.0,-1.0,ALERTA
PEP,HH,sigma_wave,44,76,0.01497536945812808,2,74,0.02631578947368421,0.045454545454545456,2,0.0,0.0,DETECTION
PEP,HH,tension_wave,44,77,0.015172413793103448,2,75,0.025974025974025976,0.045454545454545456,2,-1.0,-1.0,ALERTA
PEP,HH,kf_rsi_filt_vel,44,239,0.0470935960591133,6,233,0.02510460251046025,0.09090909090909091,4,-0.6666666666666666,-0.5,DETECTION
PEP,HH,tension_current,44,143,0.028177339901477833,1,142,0.006993006993006993,0.022727272727272728,1,-2.0,-2.0,ALERTA
PEP,HH,vwap_sigma_wave,44,107,0.02108374384236453,0,107,0.0,0.0,0,0.0,0.0,DETECTION
PEP,HH,fear_level,44,253,0.049852216748768476,0,253,0.0,0.0,0,0.0,0.0,DETECTION
PEP,LH,compression_ratio,27,197,0.03881773399014778,23,174,0.116751269035533,0.3333333333333333,9,-1.0,-1.0,ALERTA
PEP,LH,kf_price_pred_val,27,219,0.04315270935960591,19,200,0.0867579908675799,0.37037037037037035,10,-0.6842105263157895,0.0,DETECTION
PEP,LH,kf_price_innovation,27,212,0.04177339901477833,17,195,0.08018867924528301,0.37037037037037035,10,-1.2352941176470589,-2.0,ALERTA
PEP,LH,vwap_spread_tide_wave,27,283,0.055763546798029556,21,262,0.07420494699646643,0.25925925925925924,7,-1.0,-1.0,ALERTA
PEP,LH,current_accel,27,240,0.04729064039408867,17,223,0.07083333333333333,0.25925925925925924,7,-0.9411764705882353,-1.0,ALERTA
PEP,LH,conj_wave_current,27,228,0.04492610837438424,16,212,0.07017543859649122,0.2962962962962963,8,-0.8125,-1.0,ALERTA
PEP,LH,kf_conj_filt_vel,27,232,0.045714285714285714,16,216,0.06896551724137931,0.2222222222222222,6,-0.9375,-1.0,ALERTA
PEP,LH,kf_tension_filt_vel,27,234,0.046108374384236456,16,218,0.06837606837606838,0.3333333333333333,9,-1.125,-1.0,ALERTA
PEP,LH,vwap_spread_tide_current,27,222,0.04374384236453202,15,207,0.06756756756756757,0.18518518518518517,5,-1.0,-1.0,ALERTA
PEP,LH,conj_wave_tide,27,236,0.04650246305418719,15,221,0.0635593220338983,0.25925925925925924,7,-1.0,-1.0,ALERTA
PEP,LH,kf_price_filt_vel,27,238,0.04689655172413793,15,223,0.06302521008403361,0.3333333333333333,9,-0.9333333333333333,-1.0,ALERTA
PEP,LH,sigma_tide,27,179,0.03527093596059113,11,168,0.061452513966480445,0.18518518518518517,5,-1.1818181818181819,-1.0,ALERTA
PEP,LH,kf_conj_pred_val,27,248,0.048866995073891625,15,233,0.06048387096774194,0.25925925925925924,7,-0.8666666666666667,-1.0,ALERTA
PEP,LH,tide_slope,27,268,0.05280788177339901,15,253,0.055970149253731345,0.18518518518518517,5,-1.0,-1.0,ALERTA
PEP,LH,vwap_spread_current_wave,27,213,0.041970443349753694,11,202,0.051643192488262914,0.14814814814814814,4,-1.0909090909090908,-1.0,ALERTA
PEP,LH,wave_slope,27,233,0.04591133004926108,12,221,0.05150214592274678,0.2222222222222222,6,-1.0,-1.0,ALERTA
PEP,LH,wave_accel,27,254,0.05004926108374384,13,241,0.051181102362204724,0.3333333333333333,9,-0.6153846153846154,0.0,DETECTION
PEP,LH,vwap_sigma_tide,27,231,0.04551724137931035,10,221,0.04329004329004329,0.18518518518518517,5,-1.2,-1.0,ALERTA
PEP,LH,sigma_current,27,163,0.03211822660098522,7,156,0.04294478527607362,0.18518518518518517,5,-1.1428571428571428,-1.0,ALERTA
PEP,LH,vwap_sigma_current,27,136,0.026798029556650248,5,131,0.03676470588235294,0.14814814814814814,4,-0.8,-1.0,ALERTA
PEP,LH,kf_rsi_filt_vel,27,239,0.0470935960591133,8,231,0.03347280334728033,0.18518518518518517,5,-0.875,-1.0,ALERTA
PEP,LH,current_slope,27,222,0.04374384236453202,7,215,0.03153153153153153,0.1111111111111111,3,-1.1428571428571428,-1.0,ALERTA
PEP,LH,conj_current_tide,27,200,0.03940886699507389,6,194,0.03,0.07407407407407407,2,-1.0,-1.0,ALERTA
PEP,LH,tension_current,27,143,0.028177339901477833,4,139,0.027972027972027972,0.07407407407407407,2,-0.75,-0.5,DETECTION
PEP,LH,rsi_value,27,190,0.0374384236453202,5,185,0.02631578947368421,0.1111111111111111,3,-1.4,-1.0,ALERTA
PEP,LH,kf_rvol_pred_val,27,230,0.04532019704433497,6,224,0.02608695652173913,0.18518518518518517,5,-1.0,-1.0,ALERTA
PEP,LH,kf_tension_pred_val,27,270,0.053201970443349754,7,263,0.025925925925925925,0.1111111111111111,3,-1.1428571428571428,-1.0,ALERTA
PEP,LH,tide_accel,27,195,0.03842364532019704,5,190,0.02564102564102564,0.1111111111111111,3,-1.4,-1.0,ALERTA
PEP,LH,kf_rsi_pred_val,27,198,0.03901477832512315,5,193,0.025252525252525252,0.1111111111111111,3,-1.2,-1.0,ALERTA
PEP,LH,kf_rvol_filt_vel,27,251,0.049458128078817734,6,245,0.02390438247011952,0.18518518518518517,5,-0.6666666666666666,-0.5,DETECTION
PEP,LH,fear_level,27,253,0.049852216748768476,6,247,0.023715415019762844,0.07407407407407407,2,-1.0,-1.0,ALERTA
PEP,LH,tension_tide,27,264,0.052019704433497536,5,259,0.01893939393939394,0.07407407407407407,2,-1.2,-1.0,ALERTA
PEP,LH,sigma_wave,27,76,0.01497536945812808,1,75,0.013157894736842105,0.037037037037037035,1,0.0,0.0,DETECTION
PEP,LH,tension_wave,27,77,0.015172413793103448,1,76,0.012987012987012988,0.037037037037037035,1,0.0,0.0,DETECTION
PEP,LH,vwap_sigma_wave,27,107,0.02108374384236453,1,106,0.009345794392523364,0.037037037037037035,1,0.0,0.0,DETECTION
PG,LL,sigma_tide,26,100,0.021791239921551537,19,81,0.19,0.2692307692307692,7,-0.9473684210526315,-1.0,ALERTA
PG,LL,vwap_sigma_current,26,101,0.022009152320767052,16,85,0.15841584158415842,0.38461538461538464,10,-0.625,-0.5,DETECTION
PG,LL,rsi_value,26,167,0.03639137066899106,26,141,0.15568862275449102,0.5,13,-0.6923076923076923,-0.5,DETECTION
PG,LL,vwap_sigma_tide,26,167,0.03639137066899106,25,142,0.1497005988023952,0.5,13,-0.64,0.0,DETECTION
PG,LL,kf_rsi_pred_val,26,164,0.03573763347134452,22,142,0.13414634146341464,0.4230769230769231,11,-0.6818181818181818,-0.5,DETECTION
PG,LL,fear_level,26,249,0.054260187404663325,29,220,0.11646586345381527,0.46153846153846156,12,-0.8620689655172413,-1.0,ALERTA
PG,LL,kf_price_pred_val,26,227,0.049466114621921985,23,204,0.1013215859030837,0.5384615384615384,14,-0.6956521739130435,-1.0,ALERTA
PG,LL,compression_ratio,26,195,0.042492917847025496,17,178,0.08717948717948718,0.2692307692307692,7,-1.0,-1.0,ALERTA
PG,LL,wave_slope,26,258,0.056221398997602964,22,236,0.08527131782945736,0.46153846153846156,12,-0.7727272727272727,-1.0,ALERTA
PG,LL,kf_price_innovation,26,201,0.04380039224231859,17,184,0.0845771144278607,0.38461538461538464,10,-1.2352941176470589,-1.0,ALERTA
PG,LL,tide_accel,26,255,0.05556766179995642,21,234,0.08235294117647059,0.34615384615384615,9,-0.8095238095238095,-1.0,ALERTA
PG,LL,wave_accel,26,232,0.05055567661799956,19,213,0.08189655172413793,0.46153846153846156,12,-0.631578947368421,0.0,DETECTION
PG,LL,conj_wave_tide,26,237,0.05164523861407714,18,219,0.0759493670886076,0.4230769230769231,11,-0.6111111111111112,0.0,DETECTION
PG,LL,vwap_spread_current_wave,26,208,0.0453257790368272,15,193,0.07211538461538461,0.23076923076923078,6,-0.8666666666666667,-1.0,ALERTA
PG,LL,kf_conj_pred_val,26,250,0.05447809980387884,18,232,0.072,0.38461538461538464,10,-0.7222222222222222,-0.5,DETECTION
PG,LL,sigma_current,26,140,0.030507735890172152,10,130,0.07142857142857142,0.19230769230769232,5,-0.6,-0.5,DETECTION
PG,LL,kf_price_filt_vel,26,209,0.04554369143604271,14,195,0.06698564593301436,0.34615384615384615,9,-0.9285714285714286,-1.0,ALERTA
PG,LL,kf_conj_filt_vel,26,233,0.05077358901721508,15,218,0.06437768240343347,0.38461538461538464,10,-0.8666666666666667,-1.0,ALERTA
PG,LL,current_accel,26,264,0.05752887339289606,16,248,0.06060606060606061,0.3076923076923077,8,-0.6875,-0.5,DETECTION
PG,LL,current_slope,26,244,0.05317062540858575,12,232,0.04918032786885246,0.15384615384615385,4,-1.0,-1.0,ALERTA
PG,LL,conj_wave_current,26,229,0.049901939420353016,11,218,0.048034934497816595,0.2692307692307692,7,-0.45454545454545453,0.0,DETECTION
PG,LL,kf_rvol_pred_val,26,212,0.04619742863368926,10,202,0.04716981132075472,0.23076923076923078,6,-0.7,-0.5,DETECTION
PG,LL,kf_rsi_filt_vel,26,223,0.04859446502505992,10,213,0.04484304932735426,0.23076923076923078,6,-0.5,0.0,DETECTION
PG,LL,kf_tension_filt_vel,26,240,0.052298975811723686,10,230,0.041666666666666664,0.19230769230769232,5,-0.7,-0.5,DETECTION
PG,LL,vwap_spread_tide_wave,26,265,0.05774678579211157,10,255,0.03773584905660377,0.15384615384615385,4,-0.9,-1.0,ALERTA
PG,LL,sigma_wave,26,84,0.01830464153410329,3,81,0.03571428571428571,0.11538461538461539,3,-0.6666666666666666,0.0,DETECTION
PG,LL,vwap_sigma_wave,26,93,0.02026585312704293,3,90,0.03225806451612903,0.11538461538461539,3,-1.0,-1.0,ALERTA
PG,LL,kf_rvol_filt_vel,26,237,0.05164523861407714,7,230,0.029535864978902954,0.19230769230769232,5,-0.8571428571428571,-1.0,ALERTA
PG,LL,kf_tension_pred_val,26,282,0.061451296578775336,8,274,0.028368794326241134,0.19230769230769232,5,-0.75,-0.5,DETECTION
PG,LL,tension_tide,26,275,0.05992590978426673,7,268,0.025454545454545455,0.15384615384615385,4,-0.7142857142857143,-1.0,ALERTA
PG,LL,tension_wave,26,52,0.0113314447592068,1,51,0.019230769230769232,0.038461538461538464,1,-2.0,-2.0,ALERTA
PG,LL,vwap_spread_tide_current,26,227,0.049466114621921985,3,224,0.013215859030837005,0.038461538461538464,1,-1.0,-1.0,ALERTA
PG,LL,conj_current_tide,26,242,0.05273480061015472,3,239,0.012396694214876033,0.038461538461538464,1,-1.0,-1.0,ALERTA
PG,LL,tide_slope,26,331,0.07212900414033559,0,331,0.0,0.0,0,0.0,0.0,DETECTION
PG,LL,tension_current,26,151,0.03290477228154282,0,151,0.0,0.0,0,0.0,0.0,DETECTION
PG,HL,sigma_current,42,140,0.030507735890172152,20,120,0.14285714285714285,0.2857142857142857,12,-0.7,-0.5,DETECTION
PG,HL,vwap_sigma_current,42,101,0.022009152320767052,13,88,0.12871287128712872,0.19047619047619047,8,-0.7692307692307693,0.0,DETECTION
PG,HL,kf_price_pred_val,42,227,0.049466114621921985,19,208,0.08370044052863436,0.30952380952380953,13,-0.631578947368421,0.0,DETECTION
PG,HL,kf_price_filt_vel,42,209,0.04554369143604271,16,193,0.07655502392344497,0.2857142857142857,12,-0.75,-0.5,DETECTION
PG,HL,kf_rvol_filt_vel,42,237,0.05164523861407714,17,220,0.07172995780590717,0.35714285714285715,15,-0.7647058823529411,-1.0,ALERTA
PG,HL,kf_rvol_pred_val,42,212,0.04619742863368926,15,197,0.07075471698113207,0.2857142857142857,12,-0.7333333333333333,-1.0,ALERTA
PG,HL,conj_wave_current,42,229,0.049901939420353016,16,213,0.06986899563318777,0.19047619047619047,8,-0.8125,-1.0,ALERTA
PG,HL,wave_accel,42,232,0.05055567661799956,14,218,0.0603448275862069,0.2619047619047619,11,-0.8571428571428571,-1.0,ALERTA
PG,HL,kf_price_innovation,42,201,0.04380039224231859,12,189,0.05970149253731343,0.23809523809523808,10,-0.9166666666666666,-1.0,ALERTA
PG,HL,tension_wave,42,52,0.0113314447592068,3,49,0.057692307692307696,0.07142857142857142,3,-1.6666666666666667,-2.0,ALERTA
PG,HL,kf_conj_pred_val,42,250,0.05447809980387884,14,236,0.056,0.19047619047619047,8,-0.8571428571428571,-1.0,ALERTA
PG,HL,conj_wave_tide,42,237,0.05164523861407714,13,224,0.05485232067510549,0.19047619047619047,8,-0.9230769230769231,-1.0,ALERTA
PG,HL,wave_slope,42,258,0.056221398997602964,14,244,0.05426356589147287,0.19047619047619047,8,-0.8571428571428571,-1.0,ALERTA
PG,HL,rsi_value,42,167,0.03639137066899106,9,158,0.05389221556886228,0.19047619047619047,8,-0.5555555555555556,0.0,DETECTION
PG,HL,vwap_spread_tide_current,42,227,0.049466114621921985,12,215,0.05286343612334802,0.09523809523809523,4,-1.0,-1.0,ALERTA
PG,HL,kf_conj_filt_vel,42,233,0.05077358901721508,12,221,0.05150214592274678,0.14285714285714285,6,-1.0,-1.0,ALERTA
PG,HL,compression_ratio,42,195,0.042492917847025496,10,185,0.05128205128205128,0.11904761904761904,5,-0.9,-1.0,ALERTA
PG,HL,sigma_tide,42,100,0.021791239921551537,5,95,0.05,0.14285714285714285,6,0.0,0.0,DETECTION
PG,HL,kf_tension_filt_vel,42,240,0.052298975811723686,12,228,0.05,0.14285714285714285,6,-0.6666666666666666,-0.5,DETECTION
PG,HL,kf_rsi_filt_vel,42,223,0.04859446502505992,11,212,0.04932735426008968,0.19047619047619047,8,-0.45454545454545453,0.0,DETECTION
PG,HL,tension_tide,42,275,0.05992590978426673,13,262,0.04727272727272727,0.11904761904761904,5,-1.0,-1.0,ALERTA
PG,HL,vwap_sigma_wave,42,93,0.02026585312704293,4,89,0.043010752688172046,0.09523809523809523,4,-0.5,0.0,DETECTION
PG,HL,kf_rsi_pred_val,42,164,0.03573763347134452,7,157,0.042682926829268296,0.14285714285714285,6,-0.7142857142857143,0.0,DETECTION
PG,HL,kf_tension_pred_val,42,282,0.061451296578775336,12,270,0.0425531914893617,0.11904761904761904,5,-1.0833333333333333,-1.0,ALERTA
PG,HL,tide_slope,42,331,0.07212900414033559,14,317,0.04229607250755287,0.11904761904761904,5,-1.0714285714285714,-1.0,ALERTA
PG,HL,current_accel,42,264,0.05752887339289606,11,253,0.041666666666666664,0.16666666666666666,7,-0.9090909090909091,-1.0,ALERTA
PG,HL,sigma_wave,42,84,0.01830464153410329,3,81,0.03571428571428571,0.07142857142857142,3,-0.6666666666666666,-1.0,ALERTA
PG,HL,fear_level,42,249,0.054260187404663325,8,241,0.0321285140562249,0.07142857142857142,3,-0.875,-1.0,ALERTA
PG,HL,conj_current_tide,42,242,0.05273480061015472,6,236,0.024793388429752067,0.047619047619047616,2,-1.0,-1.0,ALERTA
PG,HL,current_slope,42,244,0.05317062540858575,6,238,0.02459016393442623,0.047619047619047616,2,-1.0,-1.0,ALERTA
PG,HL,vwap_sigma_tide,42,167,0.03639137066899106,4,163,0.023952095808383235,0.047619047619047616,2,-0.75,-0.5,DETECTION
PG,HL,vwap_spread_tide_wave,42,265,0.05774678579211157,6,259,0.022641509433962263,0.047619047619047616,2,-1.0,-1.0,ALERTA
PG,HL,vwap_spread_current_wave,42,208,0.0453257790368272,3,205,0.014423076923076924,0.023809523809523808,1,-1.0,-1.0,ALERTA
PG,HL,tension_current,42,151,0.03290477228154282,2,149,0.013245033112582781,0.023809523809523808,1,-1.5,-1.5,ALERTA
PG,HL,tide_accel,42,255,0.05556766179995642,3,252,0.011764705882352941,0.047619047619047616,2,-1.6666666666666667,-2.0,ALERTA
PG,HH,conj_current_tide,39,242,0.05273480061015472,13,229,0.05371900826446281,0.1282051282051282,5,-1.0769230769230769,-1.0,ALERTA
PG,HH,vwap_spread_tide_current,39,227,0.049466114621921985,10,217,0.04405286343612335,0.10256410256410256,4,-1.1,-1.0,ALERTA
PG,HH,vwap_spread_current_wave,39,208,0.0453257790368272,9,199,0.04326923076923077,0.10256410256410256,4,-1.0,-1.0,ALERTA
PG,HH,sigma_tide,39,100,0.021791239921551537,4,96,0.04,0.05128205128205128,2,-0.75,-0.5,DETECTION
PG,HH,tide_slope,39,331,0.07212900414033559,12,319,0.03625377643504532,0.10256410256410256,4,-1.0,-1.0,ALERTA
PG,HH,tide_accel,39,255,0.05556766179995642,9,246,0.03529411764705882,0.10256410256410256,4,-0.7777777777777778,-1.0,ALERTA
PG,HH,vwap_spread_tide_wave,39,265,0.05774678579211157,9,256,0.033962264150943396,0.07692307692307693,3,-1.0,-1.0,ALERTA
PG,HH,kf_rvol_filt_vel,39,237,0.05164523861407714,8,229,0.03375527426160337,0.1794871794871795,7,-0.875,-1.0,ALERTA
PG,HH,current_slope,39,244,0.05317062540858575,8,236,0.03278688524590164,0.10256410256410256,4,-1.0,-1.0,ALERTA
PG,HH,conj_wave_current,39,229,0.049901939420353016,7,222,0.03056768558951965,0.07692307692307693,3,-1.0,-1.0,ALERTA
PG,HH,kf_price_pred_val,39,227,0.049466114621921985,6,221,0.02643171806167401,0.1282051282051282,5,-0.8333333333333334,-0.5,DETECTION
PG,HH,wave_slope,39,258,0.056221398997602964,6,252,0.023255813953488372,0.07692307692307693,3,-1.0,-1.0,ALERTA
PG,HH,tension_tide,39,275,0.05992590978426673,6,269,0.02181818181818182,0.05128205128205128,2,-1.0,-1.0,ALERTA
PG,HH,kf_tension_pred_val,39,282,0.061451296578775336,6,276,0.02127659574468085,0.05128205128205128,2,-1.0,-1.0,ALERTA
PG,HH,conj_wave_tide,39,237,0.05164523861407714,5,232,0.02109704641350211,0.07692307692307693,3,-1.0,-1.0,ALERTA
PG,HH,tension_wave,39,52,0.0113314447592068,1,51,0.019230769230769232,0.02564102564102564,1,-1.0,-1.0,ALERTA
PG,HH,current_accel,39,264,0.05752887339289606,5,259,0.01893939393939394,0.10256410256410256,4,-0.8,0.0,DETECTION
PG,HH,kf_rvol_pred_val,39,212,0.04619742863368926,4,208,0.018867924528301886,0.07692307692307693,3,-0.25,0.0,DETECTION
PG,HH,kf_rsi_pred_val,39,164,0.03573763347134452,3,161,0.018292682926829267,0.05128205128205128,2,-1.0,-1.0,ALERTA
PG,HH,wave_accel,39,232,0.05055567661799956,4,228,0.017241379310344827,0.05128205128205128,2,-0.75,-0.5,DETECTION
PG,HH,kf_tension_filt_vel,39,240,0.052298975811723686,4,236,0.016666666666666666,0.07692307692307693,3,-0.75,-0.5,DETECTION
PG,HH,compression_ratio,39,195,0.042492917847025496,3,192,0.015384615384615385,0.05128205128205128,2,-1.0,-1.0,ALERTA
PG,HH,kf_price_innovation,39,201,0.04380039224231859,3,198,0.014925373134328358,0.07692307692307693,3,-1.3333333333333333,-2.0,ALERTA
PG,HH,kf_price_filt_vel,39,209,0.04554369143604271,3,206,0.014354066985645933,0.07692307692307693,3,-0.6666666666666666,0.0,DETECTION
PG,HH,sigma_current,39,140,0.030507735890172152,2,138,0.014285714285714285,0.05128205128205128,2,-1.0,-1.0,ALERTA
PG,HH,kf_conj_filt_vel,39,233,0.05077358901721508,3,230,0.012875536480686695,0.02564102564102564,1,-1.0,-1.0,ALERTA
PG,HH,kf_conj_pred_val,39,250,0.05447809980387884,3,247,0.012,0.05128205128205128,2,-0.3333333333333333,0.0,DETECTION
PG,HH,sigma_wave,39,84,0.01830464153410329,1,83,0.011904761904761904,0.02564102564102564,1,0.0,0.0,DETECTION
PG,HH,vwap_sigma_current,39,101,0.022009152320767052,1,100,0.009900990099009901,0.02564102564102564,1,0.0,0.0,DETECTION
PG,HH,kf_rsi_filt_vel,39,223,0.04859446502505992,2,221,0.008968609865470852,0.05128205128205128,2,-1.0,-1.0,ALERTA
PG,HH,vwap_sigma_tide,39,167,0.03639137066899106,1,166,0.005988023952095809,0.02564102564102564,1,-2.0,-2.0,ALERTA
PG,HH,rsi_value,39,167,0.03639137066899106,1,166,0.005988023952095809,0.02564102564102564,1,0.0,0.0,DETECTION
PG,HH,vwap_sigma_wave,39,93,0.02026585312704293,0,93,0.0,0.0,0,0.0,0.0,DETECTION
PG,HH,tension_current,39,151,0.03290477228154282,0,151,0.0,0.0,0,0.0,0.0,DETECTION
PG,HH,fear_level,39,249,0.054260187404663325,0,249,0.0,0.0,0,0.0,0.0,DETECTION
PG,LH,wave_accel,29,232,0.05055567661799956,23,209,0.09913793103448276,0.3793103448275862,11,-1.0434782608695652,-1.0,ALERTA
PG,LH,kf_conj_filt_vel,29,233,0.05077358901721508,22,211,0.0944206008583691,0.3103448275862069,9,-0.9090909090909091,-1.0,ALERTA
PG,LH,compression_ratio,29,195,0.042492917847025496,18,177,0.09230769230769231,0.2413793103448276,7,-1.0,-1.0,ALERTA
PG,LH,kf_price_pred_val,29,227,0.049466114621921985,19,208,0.08370044052863436,0.3793103448275862,11,-1.0526315789473684,-1.0,ALERTA
PG,LH,kf_price_filt_vel,29,209,0.04554369143604271,17,192,0.08133971291866028,0.3448275862068966,10,-0.8823529411764706,-1.0,ALERTA
PG,LH,kf_price_innovation,29,201,0.04380039224231859,14,187,0.06965174129353234,0.3103448275862069,9,-1.0,-1.0,ALERTA
PG,LH,current_accel,29,264,0.05752887339289606,15,249,0.056818181818181816,0.20689655172413793,6,-1.0666666666666667,-1.0,ALERTA
PG,LH,kf_conj_pred_val,29,250,0.05447809980387884,14,236,0.056,0.20689655172413793,6,-0.9285714285714286,-1.0,ALERTA
PG,LH,conj_wave_current,29,229,0.049901939420353016,12,217,0.05240174672489083,0.1724137931034483,5,-1.0833333333333333,-1.0,ALERTA
PG,LH,conj_wave_tide,29,237,0.05164523861407714,12,225,0.05063291139240506,0.1724137931034483,5,-1.0,-1.0,ALERTA
PG,LH,wave_slope,29,258,0.056221398997602964,11,247,0.04263565891472868,0.1724137931034483,5,-1.0909090909090908,-1.0,ALERTA
PG,LH,sigma_tide,29,100,0.021791239921551537,4,96,0.04,0.10344827586206896,3,-1.0,-1.0,ALERTA
PG,LH,kf_tension_filt_vel,29,240,0.052298975811723686,9,231,0.0375,0.13793103448275862,4,-0.8888888888888888,-1.0,ALERTA
PG,LH,current_slope,29,244,0.05317062540858575,9,235,0.036885245901639344,0.10344827586206896,3,-1.0,-1.0,ALERTA
PG,LH,fear_level,29,249,0.054260187404663325,9,240,0.03614457831325301,0.1724137931034483,5,-1.3333333333333333,-2.0,ALERTA
PG,LH,kf_rsi_filt_vel,29,223,0.04859446502505992,6,217,0.026905829596412557,0.13793103448275862,4,-1.1666666666666667,-1.5,ALERTA
PG,LH,kf_tension_pred_val,29,282,0.061451296578775336,7,275,0.024822695035460994,0.10344827586206896,3,-1.2857142857142858,-1.0,ALERTA
PG,LH,vwap_spread_current_wave,29,208,0.0453257790368272,5,203,0.02403846153846154,0.06896551724137931,2,-0.8,-1.0,ALERTA
PG,LH,vwap_sigma_tide,29,167,0.03639137066899106,4,163,0.023952095808383235,0.06896551724137931,2,-1.25,-1.5,ALERTA
PG,LH,kf_rvol_pred_val,29,212,0.04619742863368926,5,207,0.02358490566037736,0.1724137931034483,5,-1.2,-2.0,ALERTA
PG,LH,tension_tide,29,275,0.05992590978426673,6,269,0.02181818181818182,0.10344827586206896,3,-1.1666666666666667,-1.0,ALERTA
PG,LH,vwap_sigma_wave,29,93,0.02026585312704293,2,91,0.021505376344086023,0.06896551724137931,2,-1.0,-1.0,ALERTA
PG,LH,tension_current,29,151,0.03290477228154282,3,148,0.019867549668874173,0.034482758620689655,1,-1.0,-1.0,ALERTA
PG,LH,kf_rvol_filt_vel,29,237,0.05164523861407714,4,233,0.016877637130801686,0.13793103448275862,4,-0.5,0.0,DETECTION
PG,LH,vwap_spread_tide_current,29,227,0.049466114621921985,3,224,0.013215859030837005,0.034482758620689655,1,-1.0,-1.0,ALERTA
PG,LH,conj_current_tide,29,242,0.05273480061015472,3,239,0.012396694214876033,0.034482758620689655,1,-1.0,-1.0,ALERTA
PG,LH,sigma_wave,29,84,0.01830464153410329,1,83,0.011904761904761904,0.034482758620689655,1,0.0,0.0,DETECTION
PG,LH,vwap_spread_tide_wave,29,265,0.05774678579211157,3,262,0.011320754716981131,0.034482758620689655,1,-1.0,-1.0,ALERTA
PG,LH,vwap_sigma_current,29,101,0.022009152320767052,1,100,0.009900990099009901,0.034482758620689655,1,-2.0,-2.0,ALERTA
PG,LH,tide_slope,29,331,0.07212900414033559,3,328,0.00906344410876133,0.034482758620689655,1,-1.0,-1.0,ALERTA
PG,LH,sigma_current,29,140,0.030507735890172152,1,139,0.007142857142857143,0.034482758620689655,1,-2.0,-2.0,ALERTA
PG,LH,kf_rsi_pred_val,29,164,0.03573763347134452,1,163,0.006097560975609756,0.034482758620689655,1,-2.0,-2.0,ALERTA
PG,LH,rsi_value,29,167,0.03639137066899106,1,166,0.005988023952095809,0.034482758620689655,1,-2.0,-2.0,ALERTA
PG,LH,tide_accel,29,255,0.05556766179995642,1,254,0.00392156862745098,0.034482758620689655,1,-1.0,-1.0,ALERTA
PG,LH,tension_wave,29,52,0.0113314447592068,0,52,0.0,0.0,0,0.0,0.0,DETECTION
QQQ,LL,vwap_sigma_tide,78,224,0.03530338849487786,78,146,0.3482142857142857,0.46153846153846156,36,-0.8974358974358975,-1.0,ALERTA
QQQ,LL,vwap_sigma_current,78,171,0.02695035460992908,56,115,0.32748538011695905,0.4230769230769231,33,-0.7857142857142857,-1.0,ALERTA
QQQ,LL,sigma_tide,78,247,0.03892828999211978,58,189,0.23481781376518218,0.358974358974359,28,-0.7931034482758621,-1.0,ALERTA
QQQ,LL,fear_level,78,345,0.054373522458628844,79,266,0.2289855072463768,0.46153846153846156,36,-0.9113924050632911,-1.0,ALERTA
QQQ,LL,rsi_value,78,198,0.031205673758865248,44,154,0.2222222222222222,0.3717948717948718,29,-0.5909090909090909,0.0,DETECTION
QQQ,LL,wave_slope,78,271,0.04271079590228526,59,212,0.2177121771217712,0.41025641025641024,32,-0.8135593220338984,-1.0,ALERTA
QQQ,LL,kf_rsi_pred_val,78,176,0.027738376674546886,36,140,0.20454545454545456,0.3076923076923077,24,-0.7777777777777778,-1.0,ALERTA
QQQ,LL,kf_price_pred_val,78,268,0.04223798266351458,52,216,0.19402985074626866,0.5512820512820513,43,-0.7692307692307693,-1.0,ALERTA
QQQ,LL,kf_conj_pred_val,78,267,0.042080378250591015,45,222,0.16853932584269662,0.3076923076923077,24,-0.8888888888888888,-1.0,ALERTA
QQQ,LL,current_slope,78,270,0.0425531914893617,45,225,0.16666666666666666,0.28205128205128205,22,-0.9333333333333333,-1.0,ALERTA
QQQ,LL,vwap_spread_current_wave,78,264,0.04160756501182033,42,222,0.1590909090909091,0.2692307692307692,21,-0.9047619047619048,-1.0,ALERTA
QQQ,LL,vwap_spread_tide_wave,78,394,0.06209613869188337,62,332,0.15736040609137056,0.34615384615384615,27,-0.9516129032258065,-1.0,ALERTA
QQQ,LL,kf_price_innovation,78,249,0.039243498817966904,38,211,0.15261044176706828,0.48717948717948717,38,-0.8947368421052632,-1.0,ALERTA
QQQ,LL,current_accel,78,286,0.045074862096138694,43,243,0.15034965034965034,0.3333333333333333,26,-0.8837209302325582,-1.0,ALERTA
QQQ,LL,vwap_sigma_wave,78,148,0.023325453112687154,22,126,0.14864864864864866,0.2948717948717949,23,-0.7272727272727273,0.0,DETECTION
QQQ,LL,conj_wave_tide,78,284,0.04475965327029157,41,243,0.1443661971830986,0.2948717948717949,23,-0.8292682926829268,-1.0,ALERTA
QQQ,LL,conj_wave_current,78,264,0.04160756501182033,36,228,0.13636363636363635,0.2564102564102564,20,-0.9166666666666666,-1.0,ALERTA
QQQ,LL,kf_price_filt_vel,78,259,0.040819542947202525,34,225,0.13127413127413126,0.44871794871794873,35,-0.8823529411764706,-1.0,ALERTA
QQQ,LL,vwap_spread_tide_current,78,421,0.06635145784081954,50,371,0.1187648456057007,0.28205128205128205,22,-0.94,-1.0,ALERTA
QQQ,LL,tide_slope,78,385,0.06067769897557131,40,345,0.1038961038961039,0.2564102564102564,20,-0.925,-1.0,ALERTA
QQQ,LL,wave_accel,78,279,0.04397163120567376,26,253,0.0931899641577061,0.358974358974359,28,-0.5769230769230769,0.0,DETECTION
QQQ,LL,conj_current_tide,78,267,0.042080378250591015,22,245,0.08239700374531835,0.19230769230769232,15,-0.9090909090909091,-1.0,ALERTA
QQQ,LL,tension_tide,78,387,0.06099290780141844,29,358,0.07493540051679587,0.1794871794871795,14,-1.0,-1.0,ALERTA
QQQ,LL,kf_tension_pred_val,78,401,0.0631993695823483,29,372,0.07231920199501247,0.1794871794871795,14,-1.0,-1.0,ALERTA
QQQ,LL,tide_accel,78,322,0.050748620961386916,23,299,0.07142857142857142,0.2692307692307692,21,-0.9130434782608695,-1.0,ALERTA
QQQ,LL,kf_conj_filt_vel,78,269,0.04239558707643814,19,250,0.07063197026022305,0.2692307692307692,21,-0.7368421052631579,0.0,DETECTION
QQQ,LL,kf_rvol_pred_val,78,255,0.04018912529550828,18,237,0.07058823529411765,0.1794871794871795,14,-1.1111111111111112,-1.0,ALERTA
QQQ,LL,sigma_current,78,217,0.034200157604412924,13,204,0.059907834101382486,0.15384615384615385,12,-0.7692307692307693,0.0,DETECTION
QQQ,LL,compression_ratio,78,269,0.04239558707643814,15,254,0.055762081784386616,0.10256410256410256,8,-0.7333333333333333,-1.0,ALERTA
QQQ,LL,kf_rvol_filt_vel,78,314,0.049487785657998426,14,300,0.044585987261146494,0.20512820512820512,16,-1.1428571428571428,-1.0,ALERTA
QQQ,LL,sigma_wave,78,157,0.024743892828999213,6,151,0.03821656050955414,0.0641025641025641,5,-1.1666666666666667,-1.5,ALERTA
QQQ,LL,kf_rsi_filt_vel,78,299,0.047123719464144995,11,288,0.03678929765886288,0.08974358974358974,7,-1.0,-1.0,ALERTA
QQQ,LL,tension_wave,78,170,0.026792750197005517,4,166,0.023529411764705882,0.05128205128205128,4,-1.5,-1.5,ALERTA
QQQ,LL,kf_tension_filt_vel,78,383,0.06036249014972419,7,376,0.018276762402088774,0.10256410256410256,8,-0.42857142857142855,0.0,DETECTION
QQQ,LL,tension_current,78,273,0.04302600472813239,1,272,0.003663003663003663,0.02564102564102564,2,-2.0,-2.0,ALERTA
QQQ,HL,vwap_sigma_wave,76,148,0.023325453112687154,27,121,0.18243243243243243,0.2236842105263158,17,-0.9259259259259259,-1.0,ALERTA
QQQ,HL,sigma_current,76,217,0.034200157604412924,36,181,0.16589861751152074,0.25,19,-0.8611111111111112,-1.0,ALERTA
QQQ,HL,kf_rsi_pred_val,76,176,0.027738376674546886,21,155,0.11931818181818182,0.15789473684210525,12,-0.7142857142857143,0.0,DETECTION
QQQ,HL,kf_rvol_pred_val,76,255,0.04018912529550828,30,225,0.11764705882352941,0.2894736842105263,22,-0.9666666666666667,-1.0,ALERTA
QQQ,HL,vwap_sigma_current,76,171,0.02695035460992908,19,152,0.1111111111111111,0.14473684210526316,11,-0.6842105263157895,0.0,DETECTION
QQQ,HL,sigma_tide,76,247,0.03892828999211978,27,220,0.10931174089068826,0.21052631578947367,16,-0.7407407407407407,0.0,DETECTION
QQQ,HL,kf_price_pred_val,76,268,0.04223798266351458,29,239,0.10820895522388059,0.27631578947368424,21,-0.7241379310344828,0.0,DETECTION
QQQ,HL,conj_wave_current,76,264,0.04160756501182033,28,236,0.10606060606060606,0.17105263157894737,13,-0.9642857142857143,-1.0,ALERTA
QQQ,HL,kf_tension_filt_vel,76,383,0.06036249014972419,39,344,0.10182767624020887,0.27631578947368424,21,-0.8461538461538461,-1.0,ALERTA
QQQ,HL,wave_accel,76,279,0.04397163120567376,28,251,0.1003584229390681,0.23684210526315788,18,-0.7857142857142857,-1.0,ALERTA
QQQ,HL,kf_conj_pred_val,76,267,0.042080378250591015,26,241,0.09737827715355805,0.19736842105263158,15,-1.0384615384615385,-1.0,ALERTA
QQQ,HL,conj_wave_tide,76,284,0.04475965327029157,27,257,0.09507042253521127,0.17105263157894737,13,-1.0,-1.0,ALERTA
QQQ,HL,kf_rsi_filt_vel,76,299,0.047123719464144995,27,272,0.0903010033444816,0.21052631578947367,16,-0.8148148148148148,-1.0,ALERTA
QQQ,HL,conj_current_tide,76,267,0.042080378250591015,24,243,0.0898876404494382,0.13157894736842105,10,-1.0,-1.0,ALERTA
QQQ,HL,current_slope,76,270,0.0425531914893617,24,246,0.08888888888888889,0.14473684210526316,11,-0.9166666666666666,-1.0,ALERTA
QQQ,HL,tension_tide,76,387,0.06099290780141844,34,353,0.08785529715762273,0.18421052631578946,14,-0.9411764705882353,-1.0,ALERTA
QQQ,HL,kf_tension_pred_val,76,401,0.0631993695823483,34,367,0.08478802992518704,0.19736842105263158,15,-0.9117647058823529,-1.0,ALERTA
QQQ,HL,compression_ratio,76,269,0.04239558707643814,22,247,0.08178438661710037,0.11842105263157894,9,-0.9545454545454546,-1.0,ALERTA
QQQ,HL,vwap_spread_current_wave,76,264,0.04160756501182033,21,243,0.07954545454545454,0.11842105263157894,9,-1.0,-1.0,ALERTA
QQQ,HL,kf_conj_filt_vel,76,269,0.04239558707643814,21,248,0.07806691449814127,0.19736842105263158,15,-0.7142857142857143,-1.0,ALERTA
QQQ,HL,wave_slope,76,271,0.04271079590228526,21,250,0.07749077490774908,0.15789473684210525,12,-1.1904761904761905,-1.0,ALERTA
QQQ,HL,tension_current,76,273,0.04302600472813239,21,252,0.07692307692307693,0.11842105263157894,9,-1.1428571428571428,-1.0,ALERTA
QQQ,HL,sigma_wave,76,157,0.024743892828999213,12,145,0.07643312101910828,0.11842105263157894,9,-0.75,-0.5,DETECTION
QQQ,HL,rsi_value,76,198,0.031205673758865248,15,183,0.07575757575757576,0.15789473684210525,12,-0.5333333333333333,0.0,DETECTION
QQQ,HL,tide_accel,76,322,0.050748620961386916,24,298,0.07453416149068323,0.18421052631578946,14,-1.0416666666666667,-1.0,ALERTA
QQQ,HL,current_accel,76,286,0.045074862096138694,21,265,0.07342657342657342,0.18421052631578946,14,-0.9523809523809523,-1.0,ALERTA
QQQ,HL,tide_slope,76,385,0.06067769897557131,27,358,0.07012987012987013,0.13157894736842105,10,-1.0,-1.0,ALERTA
QQQ,HL,vwap_spread_tide_wave,76,394,0.06209613869188337,27,367,0.06852791878172589,0.14473684210526316,11,-1.0,-1.0,ALERTA
QQQ,HL,kf_price_innovation,76,249,0.039243498817966904,16,233,0.0642570281124498,0.2236842105263158,17,-1.125,-1.0,ALERTA
QQQ,HL,vwap_spread_tide_current,76,421,0.06635145784081954,27,394,0.06413301662707839,0.13157894736842105,10,-1.0,-1.0,ALERTA
QQQ,HL,kf_rvol_filt_vel,76,314,0.049487785657998426,20,294,0.06369426751592357,0.23684210526315788,18,-1.1,-1.0,ALERTA
QQQ,HL,kf_price_filt_vel,76,259,0.040819542947202525,14,245,0.05405405405405406,0.15789473684210525,12,-0.7142857142857143,0.0,DETECTION
QQQ,HL,fear_level,76,345,0.054373522458628844,16,329,0.0463768115942029,0.10526315789473684,8,-0.9375,-1.0,ALERTA
QQQ,HL,vwap_sigma_tide,76,224,0.03530338849487786,8,216,0.03571428571428571,0.07894736842105263,6,-0.75,-0.5,DETECTION
QQQ,HL,tension_wave,76,170,0.026792750197005517,1,169,0.0058823529411764705,0.02631578947368421,2,-2.0,-2.0,ALERTA
QQQ,HH,vwap_spread_tide_current,83,421,0.06635145784081954,44,377,0.10451306413301663,0.2289156626506024,19,-1.0,-1.0,ALERTA
QQQ,HH,current_slope,83,270,0.0425531914893617,28,242,0.1037037037037037,0.18072289156626506,15,-0.9642857142857143,-1.0,ALERTA
QQQ,HH,conj_current_tide,83,267,0.042080378250591015,27,240,0.10112359550561797,0.18072289156626506,15,-0.9629629629629629,-1.0,ALERTA
QQQ,HH,vwap_spread_tide_wave,83,394,0.06209613869188337,37,357,0.09390862944162437,0.21686746987951808,18,-1.0,-1.0,ALERTA
QQQ,HH,wave_accel,83,279,0.04397163120567376,26,253,0.0931899641577061,0.2289156626506024,19,-0.8846153846153846,-1.0,ALERTA
QQQ,HH,vwap_spread_current_wave,83,264,0.04160756501182033,23,241,0.08712121212121213,0.1927710843373494,16,-1.0869565217391304,-1.0,ALERTA
QQQ,HH,kf_conj_pred_val,83,267,0.042080378250591015,23,244,0.08614232209737828,0.18072289156626506,15,-0.782608695652174,-1.0,ALERTA
QQQ,HH,kf_conj_filt_vel,83,269,0.04239558707643814,23,246,0.08550185873605948,0.1927710843373494,16,-0.9130434782608695,-1.0,ALERTA
QQQ,HH,tension_tide,83,387,0.06099290780141844,33,354,0.08527131782945736,0.13253012048192772,11,-1.0,-1.0,ALERTA
QQQ,HH,conj_wave_current,83,264,0.04160756501182033,22,242,0.08333333333333333,0.1566265060240964,13,-0.9545454545454546,-1.0,ALERTA
QQQ,HH,kf_tension_pred_val,83,401,0.0631993695823483,33,368,0.08229426433915212,0.13253012048192772,11,-1.0,-1.0,ALERTA
QQQ,HH,current_accel,83,286,0.045074862096138694,23,263,0.08041958041958042,0.1566265060240964,13,-0.8695652173913043,-1.0,ALERTA
QQQ,HH,tide_slope,83,385,0.06067769897557131,30,355,0.07792207792207792,0.14457831325301204,12,-1.0,-1.0,ALERTA
QQQ,HH,conj_wave_tide,83,284,0.04475965327029157,22,262,0.07746478873239436,0.18072289156626506,15,-0.8636363636363636,-1.0,ALERTA
QQQ,HH,kf_price_pred_val,83,268,0.04223798266351458,18,250,0.06716417910447761,0.2289156626506024,19,-1.0,-1.0,ALERTA
QQQ,HH,tension_current,83,273,0.04302600472813239,18,255,0.06593406593406594,0.10843373493975904,9,-0.9444444444444444,-1.0,ALERTA
QQQ,HH,tide_accel,83,322,0.050748620961386916,20,302,0.062111801242236024,0.14457831325301204,12,-1.0,-1.0,ALERTA
QQQ,HH,kf_price_filt_vel,83,259,0.040819542947202525,14,245,0.05405405405405406,0.14457831325301204,12,-1.1428571428571428,-1.0,ALERTA
QQQ,HH,sigma_current,83,217,0.034200157604412924,10,207,0.04608294930875576,0.07228915662650602,6,-0.7,-0.5,DETECTION
QQQ,HH,wave_slope,83,271,0.04271079590228526,12,259,0.04428044280442804,0.10843373493975904,9,-1.0,-1.0,ALERTA
QQQ,HH,kf_price_innovation,83,249,0.039243498817966904,11,238,0.04417670682730924,0.13253012048192772,11,-1.0909090909090908,-1.0,ALERTA
QQQ,HH,compression_ratio,83,269,0.04239558707643814,10,259,0.03717472118959108,0.060240963855421686,5,-1.2,-1.0,ALERTA
QQQ,HH,sigma_tide,83,247,0.03892828999211978,9,238,0.03643724696356275,0.03614457831325301,3,-1.0,-1.0,ALERTA
QQQ,HH,fear_level,83,345,0.054373522458628844,9,336,0.02608695652173913,0.07228915662650602,6,-1.0,-1.0,ALERTA
QQQ,HH,sigma_wave,83,157,0.024743892828999213,4,153,0.025477707006369428,0.060240963855421686,5,-0.75,-1.0,ALERTA
QQQ,HH,tension_wave,83,170,0.026792750197005517,4,166,0.023529411764705882,0.060240963855421686,5,-1.75,-2.0,ALERTA
QQQ,HH,kf_rsi_pred_val,83,176,0.027738376674546886,4,172,0.022727272727272728,0.03614457831325301,3,-0.75,-0.5,DETECTION
QQQ,HH,vwap_sigma_tide,83,224,0.03530338849487786,5,219,0.022321428571428572,0.07228915662650602,6,-1.4,-1.0,ALERTA
QQQ,HH,kf_tension_filt_vel,83,383,0.06036249014972419,8,375,0.020887728459530026,0.04819277108433735,4,-1.125,-1.0,ALERTA
QQQ,HH,vwap_sigma_wave,83,148,0.023325453112687154,3,145,0.02027027027027027,0.024096385542168676,2,-1.0,-1.0,ALERTA
QQQ,HH,rsi_value,83,198,0.031205673758865248,4,194,0.020202020202020204,0.03614457831325301,3,-0.25,0.0,DETECTION
QQQ,HH,kf_rsi_filt_vel,83,299,0.047123719464144995,5,294,0.016722408026755852,0.04819277108433735,4,-1.6,-2.0,ALERTA
QQQ,HH,kf_rvol_filt_vel,83,314,0.049487785657998426,4,310,0.012738853503184714,0.04819277108433735,4,-1.5,-1.5,ALERTA
QQQ,HH,kf_rvol_pred_val,83,255,0.04018912529550828,3,252,0.011764705882352941,0.04819277108433735,4,-2.0,-2.0,ALERTA
QQQ,HH,vwap_sigma_current,83,171,0.02695035460992908,1,170,0.005847953216374269,0.012048192771084338,1,-2.0,-2.0,ALERTA
QQQ,LH,wave_slope,71,271,0.04271079590228526,55,216,0.2029520295202952,0.352112676056338,25,-0.9818181818181818,-1.0,ALERTA
QQQ,LH,vwap_sigma_tide,71,224,0.03530338849487786,40,184,0.17857142857142858,0.28169014084507044,20,-1.15,-1.0,ALERTA
QQQ,LH,kf_price_pred_val,71,268,0.04223798266351458,47,221,0.17537313432835822,0.5774647887323944,41,-0.8936170212765957,-1.0,ALERTA
QQQ,LH,fear_level,71,345,0.054373522458628844,60,285,0.17391304347826086,0.36619718309859156,26,-1.0833333333333333,-1.0,ALERTA
QQQ,LH,tension_wave,71,170,0.026792750197005517,29,141,0.17058823529411765,0.29577464788732394,21,-0.7241379310344828,-1.0,ALERTA
QQQ,LH,kf_price_innovation,71,249,0.039243498817966904,39,210,0.1566265060240964,0.5070422535211268,36,-0.9743589743589743,-1.0,ALERTA
QQQ,LH,current_slope,71,270,0.0425531914893617,42,228,0.15555555555555556,0.2676056338028169,19,-1.0,-1.0,ALERTA
QQQ,LH,kf_price_filt_vel,71,259,0.040819542947202525,40,219,0.15444015444015444,0.5774647887323944,41,-0.9,-1.0,ALERTA
QQQ,LH,kf_conj_pred_val,71,267,0.042080378250591015,40,227,0.149812734082397,0.29577464788732394,21,-1.05,-1.0,ALERTA
QQQ,LH,vwap_spread_current_wave,71,264,0.04160756501182033,39,225,0.14772727272727273,0.22535211267605634,16,-1.0,-1.0,ALERTA
QQQ,LH,conj_wave_tide,71,284,0.04475965327029157,41,243,0.1443661971830986,0.29577464788732394,21,-1.0731707317073171,-1.0,ALERTA
QQQ,LH,vwap_spread_tide_wave,71,394,0.06209613869188337,54,340,0.13705583756345177,0.29577464788732394,21,-1.0,-1.0,ALERTA
QQQ,LH,conj_wave_current,71,264,0.04160756501182033,35,229,0.13257575757575757,0.23943661971830985,17,-1.0,-1.0,ALERTA
QQQ,LH,wave_accel,71,279,0.04397163120567376,33,246,0.11827956989247312,0.4225352112676056,30,-0.8181818181818182,-1.0,ALERTA
QQQ,LH,kf_conj_filt_vel,71,269,0.04239558707643814,29,240,0.10780669144981413,0.30985915492957744,22,-1.0,-1.0,ALERTA
QQQ,LH,current_accel,71,286,0.045074862096138694,29,257,0.10139860139860139,0.22535211267605634,16,-1.0689655172413792,-1.0,ALERTA
QQQ,LH,vwap_spread_tide_current,71,421,0.06635145784081954,42,379,0.0997624703087886,0.2535211267605634,18,-1.0,-1.0,ALERTA
QQQ,LH,compression_ratio,71,269,0.04239558707643814,26,243,0.09665427509293681,0.19718309859154928,14,-0.9230769230769231,-1.0,ALERTA
QQQ,LH,tide_slope,71,385,0.06067769897557131,37,348,0.09610389610389611,0.23943661971830985,17,-0.972972972972973,-1.0,ALERTA
QQQ,LH,conj_current_tide,71,267,0.042080378250591015,25,242,0.09363295880149813,0.18309859154929578,13,-0.96,-1.0,ALERTA
QQQ,LH,vwap_sigma_current,71,171,0.02695035460992908,13,158,0.07602339181286549,0.15492957746478872,11,-1.3846153846153846,-1.0,ALERTA
QQQ,LH,rsi_value,71,198,0.031205673758865248,14,184,0.0707070707070707,0.14084507042253522,10,-1.5714285714285714,-2.0,ALERTA
QQQ,LH,tension_current,71,273,0.04302600472813239,17,256,0.06227106227106227,0.08450704225352113,6,-1.0,-1.0,ALERTA
QQQ,LH,tide_accel,71,322,0.050748620961386916,19,303,0.059006211180124224,0.22535211267605634,16,-0.9473684210526315,-1.0,ALERTA
QQQ,LH,tension_tide,71,387,0.06099290780141844,21,366,0.05426356589147287,0.1267605633802817,9,-0.9523809523809523,-1.0,ALERTA
QQQ,LH,kf_tension_pred_val,71,401,0.0631993695823483,21,380,0.05236907730673317,0.1267605633802817,9,-0.9523809523809523,-1.0,ALERTA
QQQ,LH,kf_rsi_pred_val,71,176,0.027738376674546886,9,167,0.05113636363636364,0.11267605633802817,8,-1.4444444444444444,-1.0,ALERTA
QQQ,LH,kf_rvol_filt_vel,71,314,0.049487785657998426,15,299,0.04777070063694268,0.19718309859154928,14,-0.9333333333333333,-1.0,ALERTA
QQQ,LH,sigma_tide,71,247,0.03892828999211978,11,236,0.044534412955465584,0.09859154929577464,7,-1.1818181818181819,-1.0,ALERTA
QQQ,LH,kf_rvol_pred_val,71,255,0.04018912529550828,11,244,0.043137254901960784,0.11267605633802817,8,-1.0,-1.0,ALERTA
QQQ,LH,kf_tension_filt_vel,71,383,0.06036249014972419,16,367,0.04177545691906005,0.18309859154929578,13,-0.75,-1.0,ALERTA
QQQ,LH,sigma_wave,71,157,0.024743892828999213,6,151,0.03821656050955414,0.08450704225352113,6,-0.5,0.0,DETECTION
QQQ,LH,sigma_current,71,217,0.034200157604412924,8,209,0.03686635944700461,0.11267605633802817,8,-0.875,-1.0,ALERTA
QQQ,LH,kf_rsi_filt_vel,71,299,0.047123719464144995,7,292,0.023411371237458192,0.08450704225352113,6,-0.42857142857142855,0.0,DETECTION
QQQ,LH,vwap_sigma_wave,71,148,0.023325453112687154,3,145,0.02027027027027027,0.04225352112676056,3,-1.0,-1.0,ALERTA
SPY,LL,sigma_tide,50,309,0.039302976341897736,66,243,0.21359223300970873,0.58,29,-0.7878787878787878,-1.0,ALERTA
SPY,LL,rsi_value,50,281,0.03574154159247011,53,228,0.18861209964412812,0.48,24,-0.7735849056603774,-1.0,ALERTA
SPY,LL,vwap_sigma_tide,50,398,0.05062325108114984,75,323,0.1884422110552764,0.58,29,-0.9066666666666666,-1.0,ALERTA
SPY,LL,vwap_sigma_current,50,331,0.0421012465021623,62,269,0.18731117824773413,0.66,33,-0.7096774193548387,-0.5,DETECTION
SPY,LL,kf_rsi_pred_val,50,288,0.03663190027982702,46,242,0.1597222222222222,0.46,23,-0.7391304347826086,-1.0,ALERTA
SPY,LL,fear_level,50,373,0.04744339862630374,48,325,0.128686327077748,0.34,17,-0.9583333333333334,-1.0,ALERTA
SPY,LL,wave_slope,50,397,0.05049605698295599,50,347,0.12594458438287154,0.4,20,-0.92,-1.0,ALERTA
SPY,LL,vwap_sigma_wave,50,249,0.031671330450267106,30,219,0.12048192771084337,0.42,21,-0.6333333333333333,0.0,DETECTION
SPY,LL,tide_accel,50,450,0.05723734418722971,49,401,0.10888888888888888,0.44,22,-0.7755102040816326,-1.0,ALERTA
SPY,LL,kf_price_pred_val,50,407,0.05176799796489443,44,363,0.10810810810810811,0.56,28,-0.7272727272727273,-1.0,ALERTA
SPY,LL,current_accel,50,449,0.05711015008903587,48,401,0.10690423162583519,0.44,22,-0.8958333333333334,-1.0,ALERTA
SPY,LL,sigma_current,50,255,0.03243449503943017,27,228,0.10588235294117647,0.3,15,-0.6296296296296297,0.0,DETECTION
SPY,LL,conj_wave_tide,50,393,0.049987280590180615,36,357,0.0916030534351145,0.3,15,-0.8888888888888888,-1.0,ALERTA
SPY,LL,kf_price_innovation,50,347,0.0441363520732638,31,316,0.0893371757925072,0.42,21,-1.032258064516129,-1.0,ALERTA
SPY,LL,wave_accel,50,397,0.05049605698295599,35,362,0.08816120906801007,0.36,18,-0.8,-1.0,ALERTA
SPY,LL,kf_conj_pred_val,50,406,0.051640803866700585,35,371,0.08620689655172414,0.3,15,-0.8857142857142857,-1.0,ALERTA
SPY,LL,vwap_spread_current_wave,50,398,0.05062325108114984,31,367,0.07788944723618091,0.24,12,-0.9032258064516129,-1.0,ALERTA
SPY,LL,kf_price_filt_vel,50,395,0.0502416687865683,30,365,0.0759493670886076,0.42,21,-0.9333333333333333,-1.0,ALERTA
SPY,LL,kf_rvol_pred_val,50,271,0.03446960061053167,20,251,0.07380073800738007,0.2,10,-1.0,-1.0,ALERTA
SPY,LL,vwap_spread_tide_wave,50,429,0.054566268125158995,31,398,0.07226107226107226,0.22,11,-0.967741935483871,-1.0,ALERTA
SPY,LL,current_slope,50,393,0.049987280590180615,28,365,0.07124681933842239,0.2,10,-0.9285714285714286,-1.0,ALERTA
SPY,LL,kf_conj_filt_vel,50,410,0.05214958025947596,29,381,0.07073170731707316,0.3,15,-0.7586206896551724,-1.0,ALERTA
SPY,LL,conj_wave_current,50,404,0.0513864156703129,28,376,0.06930693069306931,0.24,12,-0.8928571428571429,-1.0,ALERTA
SPY,LL,tide_slope,50,314,0.03993894683286695,20,294,0.06369426751592357,0.14,7,-0.95,-1.0,ALERTA
SPY,LL,compression_ratio,50,337,0.04286441109132536,21,316,0.06231454005934718,0.2,10,-0.7142857142857143,-1.0,ALERTA
SPY,LL,conj_current_tide,50,369,0.046934622233528366,20,349,0.05420054200542006,0.14,7,-0.95,-1.0,ALERTA
SPY,LL,vwap_spread_tide_current,50,358,0.04553548715339608,15,343,0.04189944134078212,0.1,5,-1.0,-1.0,ALERTA
SPY,LL,kf_tension_pred_val,50,456,0.058000508776392776,15,441,0.03289473684210526,0.18,9,-0.7333333333333333,0.0,DETECTION
SPY,LL,sigma_wave,50,219,0.027855507504451794,7,212,0.0319634703196347,0.14,7,-0.5714285714285714,0.0,DETECTION
SPY,LL,tension_tide,50,447,0.05685576189264818,14,433,0.03131991051454139,0.18,9,-0.6428571428571429,0.0,DETECTION
SPY,LL,kf_tension_filt_vel,50,460,0.05850928516916815,13,447,0.02826086956521739,0.14,7,-0.6923076923076923,0.0,DETECTION
SPY,LL,kf_rvol_filt_vel,50,293,0.037267870770796234,6,287,0.020477815699658702,0.12,6,-1.6666666666666667,-2.0,ALERTA
SPY,LL,kf_rsi_filt_vel,50,323,0.04108369371661155,6,317,0.018575851393188854,0.1,5,-0.5,0.0,DETECTION
SPY,LL,tension_wave,50,220,0.027982701602645637,3,217,0.013636363636363636,0.06,3,-1.0,-1.0,ALERTA
SPY,LL,tension_current,50,347,0.0441363520732638,1,346,0.002881844380403458,0.02,1,-2.0,-2.0,ALERTA
SPY,HL,sigma_current,68,255,0.03243449503943017,43,212,0.16862745098039217,0.35294117647058826,24,-0.9302325581395349,-1.0,ALERTA
SPY,HL,sigma_tide,68,309,0.039302976341897736,51,258,0.1650485436893204,0.36764705882352944,25,-0.7058823529411765,-1.0,ALERTA
SPY,HL,vwap_sigma_current,68,331,0.0421012465021623,48,283,0.14501510574018128,0.3235294117647059,22,-0.7708333333333334,-1.0,ALERTA
SPY,HL,vwap_sigma_wave,68,249,0.031671330450267106,36,213,0.14457831325301204,0.38235294117647056,26,-0.75,-0.5,DETECTION
SPY,HL,rsi_value,68,281,0.03574154159247011,39,242,0.1387900355871886,0.35294117647058826,24,-0.5384615384615384,0.0,DETECTION
SPY,HL,kf_rsi_pred_val,68,288,0.03663190027982702,39,249,0.13541666666666666,0.3235294117647059,22,-0.7435897435897436,-1.0,ALERTA
SPY,HL,kf_rvol_pred_val,68,271,0.03446960061053167,34,237,0.12546125461254612,0.35294117647058826,24,-0.9411764705882353,-1.0,ALERTA
SPY,HL,kf_price_pred_val,68,407,0.05176799796489443,43,364,0.10565110565110565,0.39705882352941174,27,-0.7906976744186046,-1.0,ALERTA
SPY,HL,kf_rsi_filt_vel,68,323,0.04108369371661155,33,290,0.1021671826625387,0.29411764705882354,20,-0.8484848484848485,-1.0,ALERTA
SPY,HL,kf_conj_filt_vel,68,410,0.05214958025947596,39,371,0.0951219512195122,0.25,17,-0.8974358974358975,-1.0,ALERTA
SPY,HL,kf_price_filt_vel,68,395,0.0502416687865683,35,360,0.08860759493670886,0.3382352941176471,23,-1.0571428571428572,-1.0,ALERTA
SPY,HL,conj_wave_tide,68,393,0.049987280590180615,34,359,0.08651399491094147,0.19117647058823528,13,-1.0588235294117647,-1.0,ALERTA
SPY,HL,wave_accel,68,397,0.05049605698295599,34,363,0.08564231738035265,0.27941176470588236,19,-0.7941176470588235,-1.0,ALERTA
SPY,HL,conj_wave_current,68,404,0.0513864156703129,32,372,0.07920792079207921,0.22058823529411764,15,-0.875,-1.0,ALERTA
SPY,HL,kf_rvol_filt_vel,68,293,0.037267870770796234,23,270,0.07849829351535836,0.29411764705882354,20,-0.9565217391304348,-1.0,ALERTA
SPY,HL,tension_tide,68,447,0.05685576189264818,35,412,0.07829977628635347,0.25,17,-0.8,-1.0,ALERTA
SPY,HL,kf_tension_pred_val,68,456,0.058000508776392776,35,421,0.07675438596491228,0.25,17,-0.7428571428571429,-1.0,ALERTA
SPY,HL,kf_conj_pred_val,68,406,0.051640803866700585,31,375,0.07635467980295567,0.17647058823529413,12,-1.032258064516129,-1.0,ALERTA
SPY,HL,vwap_spread_tide_current,68,358,0.04553548715339608,27,331,0.07541899441340782,0.1323529411764706,9,-1.0,-1.0,ALERTA
SPY,HL,current_slope,68,393,0.049987280590180615,29,364,0.0737913486005089,0.14705882352941177,10,-1.0344827586206897,-1.0,ALERTA
SPY,HL,sigma_wave,68,219,0.027855507504451794,16,203,0.0730593607305936,0.19117647058823528,13,-0.8125,-1.0,ALERTA
SPY,HL,wave_slope,68,397,0.05049605698295599,29,368,0.07304785894206549,0.16176470588235295,11,-0.896551724137931,-1.0,ALERTA
SPY,HL,kf_price_innovation,68,347,0.0441363520732638,25,322,0.07204610951008646,0.25,17,-1.08,-1.0,ALERTA
SPY,HL,kf_tension_filt_vel,68,460,0.05850928516916815,33,427,0.07173913043478261,0.25,17,-0.8484848484848485,-1.0,ALERTA
SPY,HL,conj_current_tide,68,369,0.046934622233528366,25,344,0.06775067750677506,0.1323529411764706,9,-1.0,-1.0,ALERTA
SPY,HL,tide_slope,68,314,0.03993894683286695,21,293,0.06687898089171974,0.10294117647058823,7,-1.0,-1.0,ALERTA
SPY,HL,vwap_spread_current_wave,68,398,0.05062325108114984,26,372,0.06532663316582915,0.1323529411764706,9,-1.0384615384615385,-1.0,ALERTA
SPY,HL,tide_accel,68,450,0.05723734418722971,28,422,0.06222222222222222,0.19117647058823528,13,-0.8214285714285714,-1.0,ALERTA
SPY,HL,vwap_spread_tide_wave,68,429,0.054566268125158995,25,404,0.05827505827505827,0.1323529411764706,9,-0.96,-1.0,ALERTA
SPY,HL,fear_level,68,373,0.04744339862630374,19,354,0.05093833780160858,0.10294117647058823,7,-1.0526315789473684,-1.0,ALERTA
SPY,HL,compression_ratio,68,337,0.04286441109132536,17,320,0.050445103857566766,0.10294117647058823,7,-0.9411764705882353,-1.0,ALERTA
SPY,HL,vwap_sigma_tide,68,398,0.05062325108114984,20,378,0.05025125628140704,0.14705882352941177,10,-0.8,-1.0,ALERTA
SPY,HL,current_accel,68,449,0.05711015008903587,21,428,0.0467706013363029,0.14705882352941177,10,-0.7619047619047619,-1.0,ALERTA
SPY,HL,tension_current,68,347,0.0441363520732638,14,333,0.040345821325648415,0.11764705882352941,8,-1.2142857142857142,-1.5,ALERTA
SPY,HL,tension_wave,68,220,0.027982701602645637,1,219,0.004545454545454545,0.014705882352941176,1,-2.0,-2.0,ALERTA
SPY,HH,current_accel,68,449,0.05711015008903587,30,419,0.066815144766147,0.19117647058823528,13,-1.0333333333333334,-1.0,ALERTA
SPY,HH,vwap_spread_tide_current,68,358,0.04553548715339608,20,338,0.055865921787709494,0.10294117647058823,7,-1.05,-1.0,ALERTA
SPY,HH,conj_wave_tide,68,393,0.049987280590180615,21,372,0.05343511450381679,0.11764705882352941,8,-0.8571428571428571,-1.0,ALERTA
SPY,HH,kf_conj_pred_val,68,406,0.051640803866700585,21,385,0.05172413793103448,0.11764705882352941,8,-0.9523809523809523,-1.0,ALERTA
SPY,HH,conj_current_tide,68,369,0.046934622233528366,19,350,0.051490514905149054,0.11764705882352941,8,-1.0526315789473684,-1.0,ALERTA
SPY,HH,tide_slope,68,314,0.03993894683286695,15,299,0.04777070063694268,0.07352941176470588,5,-1.0,-1.0,ALERTA
SPY,HH,kf_tension_pred_val,68,456,0.058000508776392776,21,435,0.046052631578947366,0.10294117647058823,7,-1.0,-1.0,ALERTA
SPY,HH,vwap_spread_current_wave,68,398,0.05062325108114984,17,381,0.04271356783919598,0.10294117647058823,7,-1.0,-1.0,ALERTA
SPY,HH,conj_wave_current,68,404,0.0513864156703129,17,387,0.04207920792079208,0.10294117647058823,7,-0.8823529411764706,-1.0,ALERTA
SPY,HH,vwap_spread_tide_wave,68,429,0.054566268125158995,18,411,0.04195804195804196,0.08823529411764706,6,-1.0,-1.0,ALERTA
SPY,HH,current_slope,68,393,0.049987280590180615,16,377,0.04071246819338423,0.08823529411764706,6,-1.0625,-1.0,ALERTA
SPY,HH,tension_tide,68,447,0.05685576189264818,18,429,0.040268456375838924,0.08823529411764706,6,-1.0,-1.0,ALERTA
SPY,HH,tide_accel,68,450,0.05723734418722971,15,435,0.03333333333333333,0.10294117647058823,7,-1.0666666666666667,-1.0,ALERTA
SPY,HH,rsi_value,68,281,0.03574154159247011,8,273,0.028469750889679714,0.04411764705882353,3,-0.875,-1.0,ALERTA
SPY,HH,kf_rsi_pred_val,68,288,0.03663190027982702,8,280,0.027777777777777776,0.058823529411764705,4,-0.875,-1.0,ALERTA
SPY,HH,wave_slope,68,397,0.05049605698295599,11,386,0.027707808564231738,0.08823529411764706,6,-0.8181818181818182,-1.0,ALERTA
SPY,HH,wave_accel,68,397,0.05049605698295599,11,386,0.027707808564231738,0.07352941176470588,5,-0.8181818181818182,-1.0,ALERTA
SPY,HH,kf_conj_filt_vel,68,410,0.05214958025947596,11,399,0.026829268292682926,0.058823529411764705,4,-0.9090909090909091,-1.0,ALERTA
SPY,HH,kf_price_innovation,68,347,0.0441363520732638,8,339,0.023054755043227664,0.10294117647058823,7,-1.0,-1.0,ALERTA
SPY,HH,sigma_tide,68,309,0.039302976341897736,7,302,0.022653721682847898,0.04411764705882353,3,-1.0,-1.0,ALERTA
SPY,HH,compression_ratio,68,337,0.04286441109132536,7,330,0.020771513353115726,0.04411764705882353,3,-1.1428571428571428,-1.0,ALERTA
SPY,HH,tension_current,68,347,0.0441363520732638,7,340,0.020172910662824207,0.04411764705882353,3,-1.1428571428571428,-1.0,ALERTA
SPY,HH,kf_price_pred_val,68,407,0.05176799796489443,8,399,0.019656019656019656,0.11764705882352941,8,-1.0,-1.0,ALERTA
SPY,HH,sigma_current,68,255,0.03243449503943017,5,250,0.0196078431372549,0.04411764705882353,3,-1.0,-1.0,ALERTA
SPY,HH,kf_rvol_filt_vel,68,293,0.037267870770796234,5,288,0.017064846416382253,0.07352941176470588,5,-0.8,-1.0,ALERTA
SPY,HH,kf_price_filt_vel,68,395,0.0502416687865683,6,389,0.015189873417721518,0.07352941176470588,5,-0.6666666666666666,-0.5,DETECTION
SPY,HH,kf_rvol_pred_val,68,271,0.03446960061053167,4,267,0.014760147601476014,0.04411764705882353,3,-1.25,-1.0,ALERTA
SPY,HH,tension_wave,68,220,0.027982701602645637,3,217,0.013636363636363636,0.029411764705882353,2,-1.6666666666666667,-2.0,ALERTA
SPY,HH,kf_tension_filt_vel,68,460,0.05850928516916815,4,456,0.008695652173913044,0.029411764705882353,2,-1.25,-1.5,ALERTA
SPY,HH,vwap_sigma_tide,68,398,0.05062325108114984,3,395,0.007537688442211055,0.014705882352941176,1,-1.0,-1.0,ALERTA
SPY,HH,fear_level,68,373,0.04744339862630374,2,371,0.005361930294906166,0.014705882352941176,1,-1.5,-1.5,ALERTA
SPY,HH,vwap_sigma_wave,68,249,0.031671330450267106,1,248,0.004016064257028112,0.029411764705882353,2,-2.0,-2.0,ALERTA
SPY,HH,vwap_sigma_current,68,331,0.0421012465021623,1,330,0.0030211480362537764,0.014705882352941176,1,-2.0,-2.0,ALERTA
SPY,HH,sigma_wave,68,219,0.027855507504451794,0,219,0.0,0.014705882352941176,1,0.0,0.0,DETECTION
SPY,HH,kf_rsi_filt_vel,68,323,0.04108369371661155,0,323,0.0,0.0,0,0.0,0.0,DETECTION
SPY,LH,kf_conj_filt_vel,49,410,0.05214958025947596,50,360,0.12195121951219512,0.4489795918367347,22,-0.94,-1.0,ALERTA
SPY,LH,wave_slope,49,397,0.05049605698295599,41,356,0.10327455919395466,0.30612244897959184,15,-0.9512195121951219,-1.0,ALERTA
SPY,LH,wave_accel,49,397,0.05049605698295599,41,356,0.10327455919395466,0.46938775510204084,23,-1.0,-1.0,ALERTA
SPY,LH,kf_price_pred_val,49,407,0.05176799796489443,38,369,0.09336609336609336,0.40816326530612246,20,-0.9210526315789473,-1.0,ALERTA
SPY,LH,kf_conj_pred_val,49,406,0.051640803866700585,37,369,0.09113300492610837,0.2857142857142857,14,-0.9459459459459459,-1.0,ALERTA
SPY,LH,kf_price_innovation,49,347,0.0441363520732638,31,316,0.0893371757925072,0.3877551020408163,19,-1.0,-1.0,ALERTA
SPY,LH,conj_wave_tide,49,393,0.049987280590180615,35,358,0.089058524173028,0.2653061224489796,13,-0.9428571428571428,-1.0,ALERTA
SPY,LH,compression_ratio,49,337,0.04286441109132536,30,307,0.08902077151335312,0.22448979591836735,11,-1.0,-1.0,ALERTA
SPY,LH,conj_wave_current,49,404,0.0513864156703129,35,369,0.08663366336633663,0.2653061224489796,13,-1.0,-1.0,ALERTA
SPY,LH,fear_level,49,373,0.04744339862630374,31,342,0.08310991957104558,0.24489795918367346,12,-1.032258064516129,-1.0,ALERTA
SPY,LH,kf_price_filt_vel,49,395,0.0502416687865683,32,363,0.0810126582278481,0.3877551020408163,19,-0.875,-1.0,ALERTA
SPY,LH,vwap_sigma_tide,49,398,0.05062325108114984,30,368,0.07537688442211055,0.2857142857142857,14,-1.1666666666666667,-1.0,ALERTA
SPY,LH,vwap_spread_current_wave,49,398,0.05062325108114984,29,369,0.0728643216080402,0.20408163265306123,10,-0.9655172413793104,-1.0,ALERTA
SPY,LH,tide_slope,49,314,0.03993894683286695,21,293,0.06687898089171974,0.14285714285714285,7,-1.0,-1.0,ALERTA
SPY,LH,current_slope,49,393,0.049987280590180615,25,368,0.06361323155216285,0.1836734693877551,9,-1.04,-1.0,ALERTA
SPY,LH,tension_current,49,347,0.0441363520732638,22,325,0.06340057636887608,0.1836734693877551,9,-0.9545454545454546,-1.0,ALERTA
SPY,LH,vwap_spread_tide_wave,49,429,0.054566268125158995,27,402,0.06293706293706294,0.1836734693877551,9,-1.0,-1.0,ALERTA
SPY,LH,vwap_spread_tide_current,49,358,0.04553548715339608,22,336,0.061452513966480445,0.16326530612244897,8,-0.9545454545454546,-1.0,ALERTA
SPY,LH,sigma_tide,49,309,0.039302976341897736,18,291,0.05825242718446602,0.16326530612244897,8,-1.1111111111111112,-1.0,ALERTA
SPY,LH,conj_current_tide,49,369,0.046934622233528366,20,349,0.05420054200542006,0.16326530612244897,8,-0.9,-1.0,ALERTA
SPY,LH,sigma_current,49,255,0.03243449503943017,12,243,0.047058823529411764,0.1836734693877551,9,-1.1666666666666667,-1.0,ALERTA
SPY,LH,kf_tension_pred_val,49,456,0.058000508776392776,21,435,0.046052631578947366,0.1836734693877551,9,-0.8571428571428571,-1.0,ALERTA
SPY,LH,current_accel,49,449,0.05711015008903587,19,430,0.042316258351893093,0.16326530612244897,8,-1.0526315789473684,-1.0,ALERTA
SPY,LH,tide_accel,49,450,0.05723734418722971,19,431,0.042222222222222223,0.1836734693877551,9,-1.1578947368421053,-1.0,ALERTA
SPY,LH,tension_tide,49,447,0.05685576189264818,18,429,0.040268456375838924,0.1836734693877551,9,-0.8333333333333334,-1.0,ALERTA
SPY,LH,tension_wave,49,220,0.027982701602645637,8,212,0.03636363636363636,0.10204081632653061,5,-0.75,-0.5,DETECTION
SPY,LH,kf_rvol_filt_vel,49,293,0.037267870770796234,10,283,0.034129692832764506,0.14285714285714285,7,-1.0,-1.0,ALERTA
SPY,LH,kf_tension_filt_vel,49,460,0.05850928516916815,14,446,0.030434782608695653,0.20408163265306123,10,-0.7142857142857143,-0.5,DETECTION
SPY,LH,vwap_sigma_current,49,331,0.0421012465021623,10,321,0.030211480362537766,0.14285714285714285,7,-1.5,-1.5,ALERTA
SPY,LH,kf_rvol_pred_val,49,271,0.03446960061053167,8,263,0.02952029520295203,0.08163265306122448,4,-1.125,-1.0,ALERTA
SPY,LH,rsi_value,49,281,0.03574154159247011,8,273,0.028469750889679714,0.12244897959183673,6,-1.375,-1.0,ALERTA
SPY,LH,kf_rsi_filt_vel,49,323,0.04108369371661155,8,315,0.02476780185758514,0.14285714285714285,7,-0.625,0.0,DETECTION
SPY,LH,kf_rsi_pred_val,49,288,0.03663190027982702,7,281,0.024305555555555556,0.10204081632653061,5,-1.5714285714285714,-2.0,ALERTA
SPY,LH,sigma_wave,49,219,0.027855507504451794,4,215,0.0182648401826484,0.08163265306122448,4,-1.25,-1.5,ALERTA
SPY,LH,vwap_sigma_wave,49,249,0.031671330450267106,3,246,0.012048192771084338,0.061224489795918366,3,-1.6666666666666667,-2.0,ALERTA
WMT,LL,vwap_sigma_current,32,137,0.02986050566695728,31,106,0.22627737226277372,0.5,16,-0.8387096774193549,-1.0,ALERTA
WMT,LL,sigma_tide,32,167,0.03639930252833479,30,137,0.17964071856287425,0.34375,11,-0.9666666666666667,-1.0,ALERTA
WMT,LL,vwap_sigma_wave,32,118,0.025719267654751524,19,99,0.16101694915254236,0.40625,13,-0.8421052631578947,-1.0,ALERTA
WMT,LL,vwap_sigma_tide,32,145,0.031604184829991284,22,123,0.15172413793103448,0.28125,9,-0.9545454545454546,-1.0,ALERTA
WMT,LL,rsi_value,32,207,0.04511769834350479,25,182,0.12077294685990338,0.375,12,-0.92,-1.0,ALERTA
WMT,LL,kf_rsi_pred_val,32,214,0.046643417611159546,25,189,0.11682242990654206,0.375,12,-0.92,-1.0,ALERTA
WMT,LL,kf_conj_pred_val,32,180,0.03923278116826504,20,160,0.1111111111111111,0.25,8,-0.85,-1.0,ALERTA
WMT,LL,wave_accel,32,220,0.04795117698343505,24,196,0.10909090909090909,0.3125,10,-0.875,-1.0,ALERTA
WMT,LL,current_accel,32,210,0.045771578029642546,22,188,0.10476190476190476,0.3125,10,-0.8636363636363636,-1.0,ALERTA
WMT,LL,kf_price_pred_val,32,210,0.045771578029642546,22,188,0.10476190476190476,0.375,12,-0.9545454545454546,-1.0,ALERTA
WMT,LL,sigma_current,32,161,0.035091543156059286,16,145,0.09937888198757763,0.25,8,-0.8125,-1.0,ALERTA
WMT,LL,conj_wave_tide,32,179,0.03901482127288579,17,162,0.09497206703910614,0.25,8,-0.7647058823529411,-1.0,ALERTA
WMT,LL,tide_accel,32,234,0.05100261551874455,21,213,0.08974358974358974,0.34375,11,-0.7619047619047619,-1.0,ALERTA
WMT,LL,kf_price_innovation,32,225,0.0490409764603313,20,205,0.08888888888888889,0.375,12,-1.05,-1.0,ALERTA
WMT,LL,kf_conj_filt_vel,32,207,0.04511769834350479,18,189,0.08695652173913043,0.21875,7,-0.8333333333333334,-1.0,ALERTA
WMT,LL,tension_tide,32,245,0.0534001743679163,21,224,0.08571428571428572,0.28125,9,-0.9047619047619048,-1.0,ALERTA
WMT,LL,compression_ratio,32,219,0.0477332170880558,18,201,0.0821917808219178,0.21875,7,-1.0,-1.0,ALERTA
WMT,LL,kf_tension_pred_val,32,233,0.0507846556233653,19,214,0.0815450643776824,0.25,8,-0.8421052631578947,-1.0,ALERTA
WMT,LL,conj_wave_current,32,213,0.0464254577157803,17,196,0.07981220657276995,0.1875,6,-0.9411764705882353,-1.0,ALERTA
WMT,LL,kf_price_filt_vel,32,197,0.04293809938971229,15,182,0.07614213197969544,0.3125,10,-1.1333333333333333,-1.0,ALERTA
WMT,LL,wave_slope,32,241,0.0525283347863993,18,223,0.07468879668049792,0.21875,7,-1.0,-1.0,ALERTA
WMT,LL,sigma_wave,32,176,0.03836094158674804,13,163,0.07386363636363637,0.21875,7,-0.7692307692307693,-1.0,ALERTA
WMT,LL,kf_tension_filt_vel,32,221,0.0481691368788143,15,206,0.06787330316742081,0.1875,6,-1.0,-1.0,ALERTA
WMT,LL,fear_level,32,151,0.032911944202266785,9,142,0.059602649006622516,0.09375,3,-1.0,-1.0,ALERTA
WMT,LL,kf_rvol_pred_val,32,175,0.03814298169136879,10,165,0.05714285714285714,0.1875,6,-1.1,-1.0,ALERTA
WMT,LL,kf_rsi_filt_vel,32,215,0.0468613775065388,11,204,0.05116279069767442,0.1875,6,-0.8181818181818182,-1.0,ALERTA
WMT,LL,conj_current_tide,32,202,0.044027898866608545,8,194,0.039603960396039604,0.125,4,-0.75,-0.5,DETECTION
WMT,LL,tide_slope,32,270,0.05884917175239756,9,261,0.03333333333333333,0.09375,3,-1.0,-1.0,ALERTA
WMT,LL,kf_rvol_filt_vel,32,201,0.04380993897122929,6,195,0.029850746268656716,0.125,4,-1.3333333333333333,-1.5,ALERTA
WMT,LL,vwap_spread_tide_current,32,278,0.06059285091543156,6,272,0.02158273381294964,0.0625,2,-1.0,-1.0,ALERTA
WMT,LL,vwap_spread_tide_wave,32,290,0.06320836965998257,6,284,0.020689655172413793,0.0625,2,-1.0,-1.0,ALERTA
WMT,LL,current_slope,32,200,0.043591979075850044,3,197,0.015,0.03125,1,-1.0,-1.0,ALERTA
WMT,LL,vwap_spread_current_wave,32,240,0.05231037489102005,3,237,0.0125,0.03125,1,-1.0,-1.0,ALERTA
WMT,LL,tension_current,32,178,0.03879686137750654,0,178,0.0,0.0,0,0.0,0.0,DETECTION
WMT,LL,tension_wave,32,171,0.03727114210985179,0,171,0.0,0.0,0,0.0,0.0,DETECTION
WMT,HL,vwap_sigma_wave,52,118,0.025719267654751524,18,100,0.15254237288135594,0.21153846153846154,11,-0.7222222222222222,-0.5,DETECTION
WMT,HL,vwap_sigma_current,52,137,0.02986050566695728,18,119,0.13138686131386862,0.17307692307692307,9,-0.6666666666666666,-0.5,DETECTION
WMT,HL,kf_price_pred_val,52,210,0.045771578029642546,27,183,0.12857142857142856,0.3269230769230769,17,-0.7407407407407407,0.0,DETECTION
WMT,HL,sigma_current,52,161,0.035091543156059286,17,144,0.10559006211180125,0.17307692307692307,9,-0.7647058823529411,-1.0,ALERTA
WMT,HL,kf_tension_filt_vel,52,221,0.0481691368788143,23,198,0.10407239819004525,0.19230769230769232,10,-0.9565217391304348,-1.0,ALERTA
WMT,HL,sigma_wave,52,176,0.03836094158674804,17,159,0.09659090909090909,0.19230769230769232,10,-1.0588235294117647,-1.0,ALERTA
WMT,HL,kf_rsi_filt_vel,52,215,0.0468613775065388,19,196,0.08837209302325581,0.21153846153846154,11,-0.9473684210526315,-1.0,ALERTA
WMT,HL,kf_price_filt_vel,52,197,0.04293809938971229,16,181,0.08121827411167512,0.23076923076923078,12,-1.0,-1.0,ALERTA
WMT,HL,kf_rvol_pred_val,52,175,0.03814298169136879,14,161,0.08,0.21153846153846154,11,-0.8571428571428571,-1.0,ALERTA
WMT,HL,fear_level,52,151,0.032911944202266785,12,139,0.07947019867549669,0.07692307692307693,4,-1.0,-1.0,ALERTA
WMT,HL,kf_rsi_pred_val,52,214,0.046643417611159546,17,197,0.0794392523364486,0.15384615384615385,8,-0.7058823529411765,-1.0,ALERTA
WMT,HL,kf_tension_pred_val,52,233,0.0507846556233653,18,215,0.07725321888412018,0.15384615384615385,8,-0.8333333333333334,-1.0,ALERTA
WMT,HL,vwap_spread_current_wave,52,240,0.05231037489102005,18,222,0.075,0.11538461538461539,6,-1.0,-1.0,ALERTA
WMT,HL,tension_tide,52,245,0.0534001743679163,18,227,0.07346938775510205,0.17307692307692307,9,-0.7777777777777778,-1.0,ALERTA
WMT,HL,kf_price_innovation,52,225,0.0490409764603313,16,209,0.07111111111111111,0.21153846153846154,11,-1.125,-1.0,ALERTA
WMT,HL,sigma_tide,52,167,0.03639930252833479,11,156,0.0658682634730539,0.11538461538461539,6,-0.6363636363636364,0.0,DETECTION
WMT,HL,current_slope,52,200,0.043591979075850044,13,187,0.065,0.09615384615384616,5,-0.9230769230769231,-1.0,ALERTA
WMT,HL,kf_rvol_filt_vel,52,201,0.04380993897122929,12,189,0.05970149253731343,0.21153846153846154,11,-0.8333333333333334,-1.0,ALERTA
WMT,HL,conj_current_tide,52,202,0.044027898866608545,12,190,0.0594059405940594,0.07692307692307693,4,-1.0,-1.0,ALERTA
WMT,HL,conj_wave_current,52,213,0.0464254577157803,12,201,0.056338028169014086,0.07692307692307693,4,-1.0,-1.0,ALERTA
WMT,HL,rsi_value,52,207,0.04511769834350479,11,196,0.05314009661835749,0.11538461538461539,6,-0.6363636363636364,0.0,DETECTION
WMT,HL,wave_accel,52,220,0.04795117698343505,11,209,0.05,0.15384615384615385,8,-0.9090909090909091,-1.0,ALERTA
WMT,HL,vwap_sigma_tide,52,145,0.031604184829991284,7,138,0.04827586206896552,0.09615384615384616,5,-0.5714285714285714,0.0,DETECTION
WMT,HL,current_accel,52,210,0.045771578029642546,10,200,0.047619047619047616,0.11538461538461539,6,-0.7,-0.5,DETECTION
WMT,HL,compression_ratio,52,219,0.0477332170880558,10,209,0.045662100456621,0.07692307692307693,4,-1.0,-1.0,ALERTA
WMT,HL,tide_slope,52,270,0.05884917175239756,12,258,0.044444444444444446,0.07692307692307693,4,-1.0,-1.0,ALERTA
WMT,HL,vwap_spread_tide_current,52,278,0.06059285091543156,12,266,0.04316546762589928,0.07692307692307693,4,-1.0,-1.0,ALERTA
WMT,HL,tide_accel,52,234,0.05100261551874455,9,225,0.038461538461538464,0.07692307692307693,4,-1.1111111111111112,-1.0,ALERTA
WMT,HL,kf_conj_filt_vel,52,207,0.04511769834350479,7,200,0.033816425120772944,0.057692307692307696,3,-0.8571428571428571,-1.0,ALERTA
WMT,HL,tension_current,52,178,0.03879686137750654,6,172,0.033707865168539325,0.07692307692307693,4,-1.5,-2.0,ALERTA
WMT,HL,wave_slope,52,241,0.0525283347863993,8,233,0.03319502074688797,0.057692307692307696,3,-1.125,-1.0,ALERTA
WMT,HL,vwap_spread_tide_wave,52,290,0.06320836965998257,9,281,0.03103448275862069,0.057692307692307696,3,-1.0,-1.0,ALERTA
WMT,HL,tension_wave,52,171,0.03727114210985179,4,167,0.023391812865497075,0.057692307692307696,3,-1.5,-1.5,ALERTA
WMT,HL,conj_wave_tide,52,179,0.03901482127288579,4,175,0.0223463687150838,0.038461538461538464,2,-1.25,-1.5,ALERTA
WMT,HL,kf_conj_pred_val,52,180,0.03923278116826504,4,176,0.022222222222222223,0.038461538461538464,2,-1.25,-1.5,ALERTA
WMT,HH,kf_price_pred_val,52,210,0.045771578029642546,24,186,0.11428571428571428,0.3269230769230769,17,-0.7916666666666666,-1.0,ALERTA
WMT,HH,sigma_tide,52,167,0.03639930252833479,18,149,0.10778443113772455,0.17307692307692307,9,-0.8333333333333334,-1.0,ALERTA
WMT,HH,vwap_sigma_current,52,137,0.02986050566695728,14,123,0.10218978102189781,0.15384615384615385,8,-0.7857142857142857,-1.0,ALERTA
WMT,HH,kf_price_filt_vel,52,197,0.04293809938971229,18,179,0.09137055837563451,0.2692307692307692,14,-0.9444444444444444,-1.0,ALERTA
WMT,HH,kf_conj_pred_val,52,180,0.03923278116826504,16,164,0.08888888888888889,0.11538461538461539,6,-0.9375,-1.0,ALERTA
WMT,HH,wave_accel,52,220,0.04795117698343505,19,201,0.08636363636363636,0.21153846153846154,11,-0.7368421052631579,-1.0,ALERTA
WMT,HH,kf_rsi_pred_val,52,214,0.046643417611159546,18,196,0.08411214953271028,0.17307692307692307,9,-0.7777777777777778,-1.0,ALERTA
WMT,HH,conj_wave_tide,52,179,0.03901482127288579,15,164,0.08379888268156424,0.11538461538461539,6,-0.8666666666666667,-1.0,ALERTA
WMT,HH,sigma_current,52,161,0.035091543156059286,13,148,0.08074534161490683,0.19230769230769232,10,-0.6923076923076923,-1.0,ALERTA
WMT,HH,kf_price_innovation,52,225,0.0490409764603313,18,207,0.08,0.19230769230769232,10,-1.0555555555555556,-1.0,ALERTA
WMT,HH,vwap_spread_current_wave,52,240,0.05231037489102005,19,221,0.07916666666666666,0.15384615384615385,8,-0.9473684210526315,-1.0,ALERTA
WMT,HH,kf_conj_filt_vel,52,207,0.04511769834350479,16,191,0.07729468599033816,0.15384615384615385,8,-0.8125,-1.0,ALERTA
WMT,HH,current_accel,52,210,0.045771578029642546,16,194,0.0761904761904762,0.15384615384615385,8,-0.9375,-1.0,ALERTA
WMT,HH,conj_current_tide,52,202,0.044027898866608545,14,188,0.06930693069306931,0.09615384615384616,5,-1.0714285714285714,-1.0,ALERTA
WMT,HH,vwap_sigma_tide,52,145,0.031604184829991284,10,135,0.06896551724137931,0.11538461538461539,6,-0.8,-1.0,ALERTA
WMT,HH,rsi_value,52,207,0.04511769834350479,14,193,0.06763285024154589,0.11538461538461539,6,-0.9285714285714286,-1.0,ALERTA
WMT,HH,vwap_sigma_wave,52,118,0.025719267654751524,7,111,0.059322033898305086,0.11538461538461539,6,-0.8571428571428571,-1.0,ALERTA
WMT,HH,conj_wave_current,52,213,0.0464254577157803,12,201,0.056338028169014086,0.11538461538461539,6,-0.9166666666666666,-1.0,ALERTA
WMT,HH,kf_tension_pred_val,52,233,0.0507846556233653,13,220,0.055793991416309016,0.09615384615384616,5,-0.9230769230769231,-1.0,ALERTA
WMT,HH,tide_accel,52,234,0.05100261551874455,13,221,0.05555555555555555,0.11538461538461539,6,-1.0769230769230769,-1.0,ALERTA
WMT,HH,compression_ratio,52,219,0.0477332170880558,11,208,0.0502283105022831,0.07692307692307693,4,-1.0909090909090908,-1.0,ALERTA
WMT,HH,current_slope,52,200,0.043591979075850044,10,190,0.05,0.07692307692307693,4,-1.1,-1.0,ALERTA
WMT,HH,kf_tension_filt_vel,52,221,0.0481691368788143,11,210,0.049773755656108594,0.1346153846153846,7,-0.6363636363636364,0.0,DETECTION
WMT,HH,tension_tide,52,245,0.0534001743679163,12,233,0.04897959183673469,0.07692307692307693,4,-1.0,-1.0,ALERTA
WMT,HH,kf_rvol_pred_val,52,175,0.03814298169136879,8,167,0.045714285714285714,0.15384615384615385,8,-0.5,-0.5,DETECTION
WMT,HH,sigma_wave,52,176,0.03836094158674804,8,168,0.045454545454545456,0.1346153846153846,7,-0.5,0.0,DETECTION
WMT,HH,vwap_spread_tide_current,52,278,0.06059285091543156,12,266,0.04316546762589928,0.07692307692307693,4,-1.0,-1.0,ALERTA
WMT,HH,wave_slope,52,241,0.0525283347863993,10,231,0.04149377593360996,0.11538461538461539,6,-0.6,0.0,DETECTION
WMT,HH,kf_rvol_filt_vel,52,201,0.04380993897122929,7,194,0.03482587064676617,0.11538461538461539,6,-0.5714285714285714,0.0,DETECTION
WMT,HH,tide_slope,52,270,0.05884917175239756,9,261,0.03333333333333333,0.057692307692307696,3,-1.0,-1.0,ALERTA
WMT,HH,kf_rsi_filt_vel,52,215,0.0468613775065388,7,208,0.03255813953488372,0.1346153846153846,7,-0.42857142857142855,0.0,DETECTION
WMT,HH,vwap_spread_tide_wave,52,290,0.06320836965998257,9,281,0.03103448275862069,0.057692307692307696,3,-1.0,-1.0,ALERTA
WMT,HH,tension_wave,52,171,0.03727114210985179,4,167,0.023391812865497075,0.038461538461538464,2,-1.25,-1.5,ALERTA
WMT,HH,fear_level,52,151,0.032911944202266785,3,148,0.019867549668874173,0.019230769230769232,1,-1.0,-1.0,ALERTA
WMT,HH,tension_current,52,178,0.03879686137750654,2,176,0.011235955056179775,0.038461538461538464,2,-1.0,-1.0,ALERTA
WMT,LH,kf_price_pred_val,32,210,0.045771578029642546,14,196,0.06666666666666667,0.3125,10,-0.8571428571428571,-1.0,ALERTA
WMT,LH,compression_ratio,32,219,0.0477332170880558,14,205,0.0639269406392694,0.15625,5,-0.9285714285714286,-1.0,ALERTA
WMT,LH,kf_tension_filt_vel,32,221,0.0481691368788143,13,208,0.058823529411764705,0.25,8,-0.7692307692307693,-1.0,ALERTA
WMT,LH,conj_wave_current,32,213,0.0464254577157803,12,201,0.056338028169014086,0.125,4,-1.0,-1.0,ALERTA
WMT,LH,kf_price_filt_vel,32,197,0.04293809938971229,10,187,0.050761421319796954,0.1875,6,-0.8,-0.5,DETECTION
WMT,LH,conj_wave_tide,32,179,0.03901482127288579,9,170,0.05027932960893855,0.09375,3,-1.0,-1.0,ALERTA
WMT,LH,wave_accel,32,220,0.04795117698343505,11,209,0.05,0.15625,5,-0.9090909090909091,-1.0,ALERTA
WMT,LH,kf_conj_pred_val,32,180,0.03923278116826504,9,171,0.05,0.09375,3,-1.0,-1.0,ALERTA
WMT,LH,current_accel,32,210,0.045771578029642546,10,200,0.047619047619047616,0.1875,6,-1.1,-1.0,ALERTA
WMT,LH,tide_slope,32,270,0.05884917175239756,12,258,0.044444444444444446,0.125,4,-1.0,-1.0,ALERTA
WMT,LH,kf_conj_filt_vel,32,207,0.04511769834350479,9,198,0.043478260869565216,0.09375,3,-1.0,-1.0,ALERTA
WMT,LH,vwap_spread_tide_current,32,278,0.06059285091543156,12,266,0.04316546762589928,0.125,4,-1.0,-1.0,ALERTA
WMT,LH,sigma_tide,32,167,0.03639930252833479,7,160,0.041916167664670656,0.09375,3,-1.0,-1.0,ALERTA
WMT,LH,vwap_spread_tide_wave,32,290,0.06320836965998257,12,278,0.041379310344827586,0.125,4,-1.0,-1.0,ALERTA
WMT,LH,tension_wave,32,171,0.03727114210985179,7,164,0.04093567251461988,0.125,4,-0.8571428571428571,-1.0,ALERTA
WMT,LH,kf_price_innovation,32,225,0.0490409764603313,9,216,0.04,0.1875,6,-1.0,-1.0,ALERTA
WMT,LH,kf_tension_pred_val,32,233,0.0507846556233653,9,224,0.03862660944206009,0.15625,5,-1.0,-1.0,ALERTA
WMT,LH,wave_slope,32,241,0.0525283347863993,9,232,0.03734439834024896,0.09375,3,-1.0,-1.0,ALERTA
WMT,LH,kf_rsi_filt_vel,32,215,0.0468613775065388,8,207,0.037209302325581395,0.25,8,-1.0,-1.0,ALERTA
WMT,LH,tension_tide,32,245,0.0534001743679163,9,236,0.036734693877551024,0.125,4,-1.1111111111111112,-1.0,ALERTA
WMT,LH,fear_level,32,151,0.032911944202266785,5,146,0.033112582781456956,0.0625,2,-1.2,-1.0,ALERTA
WMT,LH,kf_rvol_filt_vel,32,201,0.04380993897122929,6,195,0.029850746268656716,0.21875,7,-0.6666666666666666,0.0,DETECTION
WMT,LH,vwap_sigma_current,32,137,0.02986050566695728,4,133,0.029197080291970802,0.09375,3,-1.5,-1.5,ALERTA
WMT,LH,sigma_wave,32,176,0.03836094158674804,5,171,0.028409090909090908,0.125,4,-0.8,-1.0,ALERTA
WMT,LH,vwap_sigma_wave,32,118,0.025719267654751524,3,115,0.025423728813559324,0.0625,2,-1.3333333333333333,-1.0,ALERTA
WMT,LH,sigma_current,32,161,0.035091543156059286,4,157,0.024844720496894408,0.09375,3,-1.0,-1.0,ALERTA
WMT,LH,kf_rvol_pred_val,32,175,0.03814298169136879,4,171,0.022857142857142857,0.15625,5,0.0,0.0,DETECTION
WMT,LH,tension_current,32,178,0.03879686137750654,4,174,0.02247191011235955,0.0625,2,-0.75,-0.5,DETECTION
WMT,LH,tide_accel,32,234,0.05100261551874455,5,229,0.021367521367521368,0.09375,3,-1.4,-1.0,ALERTA
WMT,LH,vwap_sigma_tide,32,145,0.031604184829991284,3,142,0.020689655172413793,0.0625,2,-1.6666666666666667,-2.0,ALERTA
WMT,LH,rsi_value,32,207,0.04511769834350479,4,203,0.01932367149758454,0.09375,3,-1.25,-1.5,ALERTA
WMT,LH,conj_current_tide,32,202,0.044027898866608545,3,199,0.01485148514851485,0.03125,1,-1.0,-1.0,ALERTA
WMT,LH,current_slope,32,200,0.043591979075850044,2,198,0.01,0.03125,1,-1.5,-1.5,ALERTA
WMT,LH,kf_rsi_pred_val,32,214,0.046643417611159546,2,212,0.009345794392523364,0.03125,1,-1.5,-1.5,ALERTA
WMT,LH,vwap_spread_current_wave,32,240,0.05231037489102005,1,239,0.004166666666666667,0.03125,1,0.0,0.0,DETECTION
XOM,LL,vwap_sigma_current,55,102,0.0221883837285186,26,76,0.2549019607843137,0.23636363636363636,13,-0.8076923076923077,-1.0,ALERTA
XOM,LL,vwap_sigma_tide,55,125,0.027191646726125736,30,95,0.24,0.23636363636363636,13,-0.8666666666666667,-1.0,ALERTA
XOM,LL,sigma_tide,55,164,0.03567544050467696,31,133,0.18902439024390244,0.2727272727272727,15,-0.7419354838709677,-1.0,ALERTA
XOM,LL,sigma_current,55,152,0.03306504241896889,26,126,0.17105263157894737,0.2727272727272727,15,-0.7307692307692307,0.0,DETECTION
XOM,LL,kf_price_pred_val,55,224,0.04872743093321732,37,187,0.16517857142857142,0.4909090909090909,27,-0.7567567567567568,0.0,DETECTION
XOM,LL,rsi_value,55,222,0.0482923645855993,35,187,0.15765765765765766,0.2727272727272727,15,-0.8857142857142857,-1.0,ALERTA
XOM,LL,vwap_sigma_wave,55,84,0.018272786599956493,13,71,0.15476190476190477,0.21818181818181817,12,-0.9230769230769231,-1.0,ALERTA
XOM,LL,kf_rsi_pred_val,55,208,0.04524690015227322,32,176,0.15384615384615385,0.2727272727272727,15,-0.84375,-1.0,ALERTA
XOM,LL,compression_ratio,55,165,0.03589297367848597,23,142,0.1393939393939394,0.18181818181818182,10,-0.9565217391304348,-1.0,ALERTA
XOM,LL,wave_accel,55,241,0.052425494887970416,30,211,0.12448132780082988,0.34545454545454546,19,-0.6,0.0,DETECTION
XOM,LL,kf_conj_pred_val,55,227,0.049380030454644334,28,199,0.12334801762114538,0.2,11,-0.8571428571428571,-1.0,ALERTA
XOM,LL,kf_rvol_pred_val,55,204,0.0443767674570372,25,179,0.12254901960784313,0.2909090909090909,16,-1.12,-1.0,ALERTA
XOM,LL,kf_price_innovation,55,208,0.04524690015227322,25,183,0.1201923076923077,0.2909090909090909,16,-0.96,-1.0,ALERTA
XOM,LL,kf_price_filt_vel,55,221,0.048074831411790295,25,196,0.11312217194570136,0.36363636363636365,20,-0.88,-1.0,ALERTA
XOM,LL,tension_tide,55,143,0.03110724385468784,16,127,0.11188811188811189,0.10909090909090909,6,-0.9375,-1.0,ALERTA
XOM,LL,kf_conj_filt_vel,55,232,0.05046769632368936,25,207,0.10775862068965517,0.18181818181818182,10,-0.88,-1.0,ALERTA
XOM,LL,kf_tension_pred_val,55,158,0.03437024146182293,17,141,0.10759493670886076,0.14545454545454545,8,-1.0,-1.0,ALERTA
XOM,LL,wave_slope,55,217,0.04720469871655428,23,194,0.10599078341013825,0.18181818181818182,10,-0.8260869565217391,-1.0,ALERTA
XOM,LL,conj_wave_current,55,217,0.04720469871655428,23,194,0.10599078341013825,0.2,11,-0.8260869565217391,-1.0,ALERTA
XOM,LL,conj_wave_tide,55,225,0.04894496410702632,23,202,0.10222222222222223,0.2,11,-0.7391304347826086,-1.0,ALERTA
XOM,LL,kf_tension_filt_vel,55,219,0.047639765064172286,22,197,0.1004566210045662,0.21818181818181817,12,-0.9545454545454546,-1.0,ALERTA
XOM,LL,current_accel,55,230,0.05003262997607135,23,207,0.1,0.21818181818181817,12,-0.6956521739130435,0.0,DETECTION
XOM,LL,kf_rvol_filt_vel,55,238,0.0517728953665434,18,220,0.07563025210084033,0.2727272727272727,15,-0.9444444444444444,-1.0,ALERTA
XOM,LL,tide_slope,55,291,0.06330215357842071,21,270,0.07216494845360824,0.12727272727272726,7,-1.0,-1.0,ALERTA
XOM,LL,sigma_wave,55,131,0.02849684576897977,9,122,0.06870229007633588,0.12727272727272726,7,-1.0,-1.0,ALERTA
XOM,LL,vwap_spread_tide_current,55,394,0.08570807048074831,24,370,0.06091370558375635,0.14545454545454545,8,-1.0,-1.0,ALERTA
XOM,LL,vwap_spread_tide_wave,55,343,0.07461387861648902,20,323,0.05830903790087463,0.12727272727272726,7,-1.05,-1.0,ALERTA
XOM,LL,vwap_spread_current_wave,55,251,0.05460082662606047,14,237,0.055776892430278883,0.09090909090909091,5,-0.9285714285714286,-1.0,ALERTA
XOM,LL,current_slope,55,245,0.05329562758320644,13,232,0.053061224489795916,0.09090909090909091,5,-1.0769230769230769,-1.0,ALERTA
XOM,LL,tide_accel,55,283,0.06156188818794866,13,270,0.045936395759717315,0.10909090909090909,6,-0.7692307692307693,-1.0,ALERTA
XOM,LL,kf_rsi_filt_vel,55,213,0.04633456602131825,7,206,0.03286384976525822,0.09090909090909091,5,-1.1428571428571428,-1.0,ALERTA
XOM,LL,conj_current_tide,55,226,0.04916249728083533,7,219,0.030973451327433628,0.05454545454545454,3,-1.1428571428571428,-1.0,ALERTA
XOM,LL,tension_wave,55,122,0.026539047204698716,2,120,0.01639344262295082,0.03636363636363636,2,-2.0,-2.0,ALERTA
XOM,LL,tension_current,55,153,0.0332825755927779,1,152,0.006535947712418301,0.01818181818181818,1,-2.0,-2.0,ALERTA
XOM,HL,kf_price_pred_val,65,224,0.04872743093321732,31,193,0.13839285714285715,0.3076923076923077,20,-0.7096774193548387,0.0,DETECTION
XOM,HL,conj_current_tide,65,226,0.04916249728083533,30,196,0.13274336283185842,0.15384615384615385,10,-1.0,-1.0,ALERTA
XOM,HL,kf_price_filt_vel,65,221,0.048074831411790295,29,192,0.13122171945701358,0.2923076923076923,19,-0.7241379310344828,-1.0,ALERTA
XOM,HL,wave_accel,65,241,0.052425494887970416,31,210,0.12863070539419086,0.27692307692307694,18,-0.9032258064516129,-1.0,ALERTA
XOM,HL,conj_wave_current,65,217,0.04720469871655428,27,190,0.12442396313364056,0.2,13,-0.9629629629629629,-1.0,ALERTA
XOM,HL,current_slope,65,245,0.05329562758320644,30,215,0.12244897959183673,0.15384615384615385,10,-1.0,-1.0,ALERTA
XOM,HL,vwap_spread_tide_wave,65,343,0.07461387861648902,42,301,0.12244897959183673,0.2153846153846154,14,-1.0,-1.0,ALERTA
XOM,HL,compression_ratio,65,165,0.03589297367848597,20,145,0.12121212121212122,0.12307692307692308,8,-0.95,-1.0,ALERTA
XOM,HL,kf_conj_filt_vel,65,232,0.05046769632368936,28,204,0.1206896551724138,0.2,13,-0.9642857142857143,-1.0,ALERTA
XOM,HL,vwap_spread_current_wave,65,251,0.05460082662606047,28,223,0.11155378486055777,0.15384615384615385,10,-1.0357142857142858,-1.0,ALERTA
XOM,HL,kf_price_innovation,65,208,0.04524690015227322,23,185,0.11057692307692307,0.26153846153846155,17,-0.9565217391304348,-1.0,ALERTA
XOM,HL,vwap_sigma_current,65,102,0.0221883837285186,11,91,0.10784313725490197,0.09230769230769231,6,-0.8181818181818182,-1.0,ALERTA
XOM,HL,vwap_spread_tide_current,65,394,0.08570807048074831,39,355,0.09898477157360407,0.2,13,-1.0,-1.0,ALERTA
XOM,HL,vwap_sigma_wave,65,84,0.018272786599956493,8,76,0.09523809523809523,0.09230769230769231,6,-0.875,-1.0,ALERTA
XOM,HL,tide_slope,65,291,0.06330215357842071,27,264,0.09278350515463918,0.13846153846153847,9,-1.0,-1.0,ALERTA
XOM,HL,sigma_wave,65,131,0.02849684576897977,12,119,0.0916030534351145,0.13846153846153847,9,-0.4166666666666667,0.0,DETECTION
XOM,HL,sigma_current,65,152,0.03306504241896889,13,139,0.08552631578947369,0.15384615384615385,10,-0.5384615384615384,0.0,DETECTION
XOM,HL,tide_accel,65,283,0.06156188818794866,24,259,0.08480565371024736,0.16923076923076924,11,-0.9166666666666666,-1.0,ALERTA
XOM,HL,kf_tension_filt_vel,65,219,0.047639765064172286,18,201,0.0821917808219178,0.23076923076923078,15,-0.7777777777777778,-0.5,DETECTION
XOM,HL,conj_wave_tide,65,225,0.04894496410702632,18,207,0.08,0.1076923076923077,7,-1.0555555555555556,-1.0,ALERTA
XOM,HL,kf_rvol_pred_val,65,204,0.0443767674570372,16,188,0.0784313725490196,0.2,13,-0.9375,-1.0,ALERTA
XOM,HL,current_accel,65,230,0.05003262997607135,17,213,0.07391304347826087,0.12307692307692308,8,-1.1176470588235294,-1.0,ALERTA
XOM,HL,wave_slope,65,217,0.04720469871655428,16,201,0.07373271889400922,0.12307692307692308,8,-1.1875,-1.0,ALERTA
XOM,HL,kf_rsi_filt_vel,65,213,0.04633456602131825,14,199,0.06572769953051644,0.15384615384615385,10,-0.6428571428571429,0.0,DETECTION
XOM,HL,tension_current,65,153,0.0332825755927779,10,143,0.06535947712418301,0.1076923076923077,7,-0.8,-1.0,ALERTA
XOM,HL,kf_conj_pred_val,65,227,0.049380030454644334,14,213,0.06167400881057269,0.1076923076923077,7,-1.2857142857142858,-1.5,ALERTA
XOM,HL,tension_wave,65,122,0.026539047204698716,7,115,0.05737704918032787,0.06153846153846154,4,-0.8571428571428571,-1.0,ALERTA
XOM,HL,sigma_tide,65,164,0.03567544050467696,9,155,0.054878048780487805,0.06153846153846154,4,-0.7777777777777778,-1.0,ALERTA
XOM,HL,kf_rvol_filt_vel,65,238,0.0517728953665434,13,225,0.0546218487394958,0.18461538461538463,12,-0.9230769230769231,-1.0,ALERTA
XOM,HL,rsi_value,65,222,0.0482923645855993,6,216,0.02702702702702703,0.046153846153846156,3,-0.8333333333333334,-0.5,DETECTION
XOM,HL,kf_rsi_pred_val,65,208,0.04524690015227322,5,203,0.02403846153846154,0.046153846153846156,3,-1.0,-1.0,ALERTA
XOM,HL,vwap_sigma_tide,65,125,0.027191646726125736,3,122,0.024,0.03076923076923077,2,-1.0,-1.0,ALERTA
XOM,HL,kf_tension_pred_val,65,158,0.03437024146182293,2,156,0.012658227848101266,0.046153846153846156,3,0.0,0.0,DETECTION
XOM,HL,tension_tide,65,143,0.03110724385468784,1,142,0.006993006993006993,0.03076923076923077,2,0.0,0.0,DETECTION
XOM,HH,current_accel,61,230,0.05003262997607135,33,197,0.14347826086956522,0.22950819672131148,14,-0.9696969696969697,-1.0,ALERTA
XOM,HH,kf_conj_pred_val,61,227,0.049380030454644334,32,195,0.14096916299559473,0.19672131147540983,12,-0.90625,-1.0,ALERTA
XOM,HH,conj_wave_tide,61,225,0.04894496410702632,29,196,0.1288888888888889,0.18032786885245902,11,-0.896551724137931,-1.0,ALERTA
XOM,HH,wave_slope,61,217,0.04720469871655428,25,192,0.1152073732718894,0.16393442622950818,10,-0.84,-1.0,ALERTA
XOM,HH,tide_slope,61,291,0.06330215357842071,33,258,0.1134020618556701,0.18032786885245902,11,-1.0,-1.0,ALERTA
XOM,HH,vwap_sigma_tide,61,125,0.027191646726125736,14,111,0.112,0.11475409836065574,7,-0.8571428571428571,-1.0,ALERTA
XOM,HH,conj_current_tide,61,226,0.04916249728083533,25,201,0.11061946902654868,0.14754098360655737,9,-0.96,-1.0,ALERTA
XOM,HH,sigma_tide,61,164,0.03567544050467696,18,146,0.10975609756097561,0.14754098360655737,9,-0.7777777777777778,-1.0,ALERTA
XOM,HH,vwap_spread_current_wave,61,251,0.05460082662606047,27,224,0.10756972111553785,0.16393442622950818,10,-0.9259259259259259,-1.0,ALERTA
XOM,HH,tide_accel,61,283,0.06156188818794866,30,253,0.10600706713780919,0.18032786885245902,11,-0.9666666666666667,-1.0,ALERTA
XOM,HH,vwap_spread_tide_wave,61,343,0.07461387861648902,35,308,0.10204081632653061,0.21311475409836064,13,-1.0,-1.0,ALERTA
XOM,HH,vwap_spread_tide_current,61,394,0.08570807048074831,39,355,0.09898477157360407,0.21311475409836064,13,-1.0,-1.0,ALERTA
XOM,HH,rsi_value,61,222,0.0482923645855993,21,201,0.0945945945945946,0.16393442622950818,10,-0.7142857142857143,-1.0,ALERTA
XOM,HH,current_slope,61,245,0.05329562758320644,23,222,0.09387755102040816,0.14754098360655737,9,-0.9130434782608695,-1.0,ALERTA
XOM,HH,kf_rsi_pred_val,61,208,0.04524690015227322,19,189,0.09134615384615384,0.16393442622950818,10,-0.6842105263157895,0.0,DETECTION
XOM,HH,compression_ratio,61,165,0.03589297367848597,15,150,0.09090909090909091,0.08196721311475409,5,-1.0,-1.0,ALERTA
XOM,HH,kf_conj_filt_vel,61,232,0.05046769632368936,20,212,0.08620689655172414,0.16393442622950818,10,-1.1,-1.0,ALERTA
XOM,HH,kf_price_pred_val,61,224,0.04872743093321732,19,205,0.08482142857142858,0.22950819672131148,14,-0.5263157894736842,0.0,DETECTION
XOM,HH,kf_tension_filt_vel,61,219,0.047639765064172286,18,201,0.0821917808219178,0.19672131147540983,12,-0.6111111111111112,0.0,DETECTION
XOM,HH,wave_accel,61,241,0.052425494887970416,19,222,0.07883817427385892,0.16393442622950818,10,-1.1578947368421053,-1.0,ALERTA
XOM,HH,conj_wave_current,61,217,0.04720469871655428,17,200,0.07834101382488479,0.11475409836065574,7,-1.0,-1.0,ALERTA
XOM,HH,vwap_sigma_current,61,102,0.0221883837285186,7,95,0.06862745098039216,0.08196721311475409,5,-0.7142857142857143,-1.0,ALERTA
XOM,HH,kf_price_filt_vel,61,221,0.048074831411790295,12,209,0.05429864253393665,0.14754098360655737,9,-0.8333333333333334,-1.0,ALERTA
XOM,HH,sigma_wave,61,131,0.02849684576897977,6,125,0.04580152671755725,0.06557377049180328,4,-1.1666666666666667,-1.0,ALERTA
XOM,HH,kf_rvol_pred_val,61,204,0.0443767674570372,9,195,0.04411764705882353,0.14754098360655737,9,-0.5555555555555556,0.0,DETECTION
XOM,HH,kf_rvol_filt_vel,61,238,0.0517728953665434,10,228,0.04201680672268908,0.16393442622950818,10,-0.7,-0.5,DETECTION
XOM,HH,kf_price_innovation,61,208,0.04524690015227322,8,200,0.038461538461538464,0.09836065573770492,6,-1.0,-1.0,ALERTA
XOM,HH,sigma_current,61,152,0.03306504241896889,4,148,0.02631578947368421,0.06557377049180328,4,-0.25,0.0,DETECTION
XOM,HH,tension_current,61,153,0.0332825755927779,3,150,0.0196078431372549,0.01639344262295082,1,-1.0,-1.0,ALERTA
XOM,HH,kf_rsi_filt_vel,61,213,0.04633456602131825,4,209,0.018779342723004695,0.06557377049180328,4,-1.0,-1.0,ALERTA
XOM,HH,tension_wave,61,122,0.026539047204698716,2,120,0.01639344262295082,0.03278688524590164,2,-2.0,-2.0,ALERTA
XOM,HH,vwap_sigma_wave,61,84,0.018272786599956493,1,83,0.011904761904761904,0.01639344262295082,1,-2.0,-2.0,ALERTA
XOM,HH,kf_tension_pred_val,61,158,0.03437024146182293,1,157,0.006329113924050633,0.01639344262295082,1,-2.0,-2.0,ALERTA
XOM,HH,tension_tide,61,143,0.03110724385468784,0,143,0.0,0.0,0,0.0,0.0,DETECTION
XOM,LH,compression_ratio,58,165,0.03589297367848597,23,142,0.1393939393939394,0.15517241379310345,9,-0.9565217391304348,-1.0,ALERTA
XOM,LH,kf_price_filt_vel,58,221,0.048074831411790295,27,194,0.12217194570135746,0.29310344827586204,17,-0.7407407407407407,-1.0,ALERTA
XOM,LH,kf_price_pred_val,58,224,0.04872743093321732,27,197,0.12053571428571429,0.3103448275862069,18,-0.8518518518518519,-1.0,ALERTA
XOM,LH,wave_slope,58,217,0.04720469871655428,21,196,0.0967741935483871,0.15517241379310345,9,-1.0476190476190477,-1.0,ALERTA
XOM,LH,kf_price_innovation,58,208,0.04524690015227322,20,188,0.09615384615384616,0.2413793103448276,14,-1.0,-1.0,ALERTA
XOM,LH,kf_conj_filt_vel,58,232,0.05046769632368936,22,210,0.09482758620689655,0.1896551724137931,11,-1.0,-1.0,ALERTA
XOM,LH,conj_wave_tide,58,225,0.04894496410702632,20,205,0.08888888888888889,0.13793103448275862,8,-1.05,-1.0,ALERTA
XOM,LH,kf_conj_pred_val,58,227,0.049380030454644334,19,208,0.08370044052863436,0.1724137931034483,10,-1.0526315789473684,-1.0,ALERTA
XOM,LH,conj_wave_current,58,217,0.04720469871655428,18,199,0.08294930875576037,0.13793103448275862,8,-1.1111111111111112,-1.0,ALERTA
XOM,LH,sigma_tide,58,164,0.03567544050467696,13,151,0.07926829268292683,0.10344827586206896,6,-1.0769230769230769,-1.0,ALERTA
XOM,LH,wave_accel,58,241,0.052425494887970416,19,222,0.07883817427385892,0.1896551724137931,11,-1.105263157894737,-1.0,ALERTA
XOM,LH,tension_current,58,153,0.0332825755927779,11,142,0.0718954248366013,0.10344827586206896,6,-0.9090909090909091,-1.0,ALERTA
XOM,LH,current_accel,58,230,0.05003262997607135,16,214,0.06956521739130435,0.13793103448275862,8,-1.0,-1.0,ALERTA
XOM,LH,current_slope,58,245,0.05329562758320644,17,228,0.06938775510204082,0.10344827586206896,6,-0.9411764705882353,-1.0,ALERTA
XOM,LH,sigma_wave,58,131,0.02849684576897977,9,122,0.06870229007633588,0.1206896551724138,7,-1.0,-1.0,ALERTA
XOM,LH,kf_tension_filt_vel,58,219,0.047639765064172286,15,204,0.0684931506849315,0.1896551724137931,11,-0.8666666666666667,-1.0,ALERTA
XOM,LH,vwap_spread_current_wave,58,251,0.05460082662606047,17,234,0.06772908366533864,0.10344827586206896,6,-1.0588235294117647,-1.0,ALERTA
XOM,LH,kf_rsi_filt_vel,58,213,0.04633456602131825,14,199,0.06572769953051644,0.1724137931034483,10,-0.7142857142857143,-0.5,DETECTION
XOM,LH,vwap_spread_tide_wave,58,343,0.07461387861648902,22,321,0.0641399416909621,0.13793103448275862,8,-0.9545454545454546,-1.0,ALERTA
XOM,LH,tide_slope,58,291,0.06330215357842071,18,273,0.061855670103092786,0.10344827586206896,6,-1.0,-1.0,ALERTA
XOM,LH,vwap_spread_tide_current,58,394,0.08570807048074831,24,370,0.06091370558375635,0.13793103448275862,8,-1.0,-1.0,ALERTA
XOM,LH,vwap_sigma_tide,58,125,0.027191646726125736,7,118,0.056,0.06896551724137931,4,-1.4285714285714286,-1.0,ALERTA
XOM,LH,kf_rvol_filt_vel,58,238,0.0517728953665434,13,225,0.0546218487394958,0.20689655172413793,12,-0.6153846153846154,0.0,DETECTION
XOM,LH,kf_rvol_pred_val,58,204,0.0443767674570372,11,193,0.05392156862745098,0.15517241379310345,9,-0.8181818181818182,-1.0,ALERTA
XOM,LH,sigma_current,58,152,0.03306504241896889,7,145,0.046052631578947366,0.10344827586206896,6,-1.0,-1.0,ALERTA
XOM,LH,kf_tension_pred_val,58,158,0.03437024146182293,7,151,0.04430379746835443,0.05172413793103448,3,-1.0,-1.0,ALERTA
XOM,LH,tension_tide,58,143,0.03110724385468784,6,137,0.04195804195804196,0.034482758620689655,2,-1.0,-1.0,ALERTA
XOM,LH,vwap_sigma_current,58,102,0.0221883837285186,3,99,0.029411764705882353,0.034482758620689655,2,-1.6666666666666667,-2.0,ALERTA
XOM,LH,kf_rsi_pred_val,58,208,0.04524690015227322,6,202,0.028846153846153848,0.05172413793103448,3,-1.1666666666666667,-1.0,ALERTA
XOM,LH,rsi_value,58,222,0.0482923645855993,6,216,0.02702702702702703,0.05172413793103448,3,-1.1666666666666667,-1.0,ALERTA
XOM,LH,conj_current_tide,58,226,0.04916249728083533,6,220,0.02654867256637168,0.034482758620689655,2,-1.0,-1.0,ALERTA
XOM,LH,tide_accel,58,283,0.06156188818794866,7,276,0.024734982332155476,0.05172413793103448,3,-1.2857142857142858,-1.0,ALERTA
XOM,LH,tension_wave,58,122,0.026539047204698716,3,119,0.02459016393442623,0.034482758620689655,2,-0.3333333333333333,0.0,DETECTION
XOM,LH,vwap_sigma_wave,58,84,0.018272786599956493,2,82,0.023809523809523808,0.034482758620689655,2,-1.5,-1.5,ALERTA
