[14:55:09] ════════════════════════════════════════════════════════════════════════════════════════════════════
[14:55:09]   PRECISION FORENSICS — False Positive Analysis
[14:55:09] ════════════════════════════════════════════════════════════════════════════════════════════════════
[14:55:09]   ZigZag: 5%   Z-threshold: 2.0
[14:55:09]   Match window: t-2..t=0 (causal)
[14:55:09]   Question: When feature fires, what's the probability of a REAL turn?
[14:55:11]   Tickers: ['AAPL', 'AMZN', 'COST', 'HD', 'HON', 'IBM', 'JNJ', 'JPM', 'MCD', 'MRK', 'MSFT', 'PEP', 'PG', 'QQQ', 'SPY', 'WMT', 'XOM']
[14:55:11] 
  Processing AAPL...
[14:55:13] ════════════════════════════════════════════════════════════════════════════════════════════════════
[14:55:13]   TICKER: AAPL
[14:55:13] ════════════════════════════════════════════════════════════════════════════════════════════════════
[14:55:13] 
  ── LL (159 turns) ──
[14:55:13]   Feature                      │  Fires │  Rate │   TP │    FP │ Prec% │ Recall% │ μ_off │  med │      Class
[14:55:13]   ──────────────────────────── │ ────── │ ───── │ ──── │ ───── │ ───── │ ─────── │ ───── │ ──── │ ──────────
[14:55:13]   vwap_sigma_wave              │    153 │  1.9% │   58 │    95 │ 37.9% │   25.2% │ -0.7 │  +0 │  DETECTION ★★★
[14:55:13]   vwap_sigma_current           │    171 │  2.1% │   64 │   107 │ 37.4% │   23.9% │ -0.6 │  +0 │  DETECTION ★★★
[14:55:13]   vwap_sigma_tide              │    181 │  2.3% │   54 │   127 │ 29.8% │   16.4% │ -0.8 │  -1 │     ALERTA ★★★
[14:55:13]   sigma_tide                   │    290 │  3.6% │   70 │   220 │ 24.1% │   21.4% │ -0.8 │  -1 │     ALERTA ★★★
[14:55:13]   rsi_value                    │    295 │  3.7% │   67 │   228 │ 22.7% │   19.5% │ -0.8 │  -1 │     ALERTA ★★★
[14:55:13]   kf_rsi_pred_val              │    277 │  3.5% │   52 │   225 │ 18.8% │   18.2% │ -0.6 │  +0 │  DETECTION ★★★
[14:55:13]   conj_current_tide            │    402 │  5.0% │   71 │   331 │ 17.7% │   16.4% │ -1.0 │  -1 │     ALERTA ★★★
[14:55:13]   current_accel                │    349 │  4.4% │   55 │   294 │ 15.8% │   19.5% │ -0.9 │  -1 │     ALERTA ★★★
[14:55:13]   conj_wave_current            │    312 │  3.9% │   49 │   263 │ 15.7% │   12.6% │ -1.0 │  -1 │     ALERTA ★★★
[14:55:13]   wave_accel                   │    336 │  4.2% │   52 │   284 │ 15.5% │   18.2% │ -0.8 │  -1 │     ALERTA ★★★
[14:55:13]   sigma_current                │    270 │  3.4% │   40 │   230 │ 14.8% │   16.4% │ -0.5 │  +0 │  DETECTION ★★
[14:55:13]   current_slope                │    326 │  4.1% │   48 │   278 │ 14.7% │   11.3% │ -1.0 │  -1 │     ALERTA ★★
[14:55:13]   kf_price_pred_val            │    383 │  4.8% │   56 │   327 │ 14.6% │   25.8% │ -0.6 │  +0 │  DETECTION ★★
[14:55:13]   conj_wave_tide               │    308 │  3.8% │   45 │   263 │ 14.6% │   10.1% │ -1.0 │  -1 │     ALERTA ★★
[14:55:13]   kf_conj_pred_val             │    313 │  3.9% │   44 │   269 │ 14.1% │   10.7% │ -1.0 │  -1 │     ALERTA ★★
[14:55:13]   wave_slope                   │    299 │  3.7% │   42 │   257 │ 14.0% │    9.4% │ -1.0 │  -1 │     ALERTA ★★
[14:55:13]   kf_conj_filt_vel             │    336 │  4.2% │   47 │   289 │ 14.0% │   13.2% │ -1.0 │  -1 │     ALERTA ★★
[14:55:13]   kf_rvol_pred_val             │    295 │  3.7% │   35 │   260 │ 11.9% │   15.7% │ -0.7 │  -1 │     ALERTA ★★
[14:55:13]   vwap_spread_current_wave     │    390 │  4.9% │   46 │   344 │ 11.8% │   11.9% │ -0.9 │  -1 │     ALERTA ★★
[14:55:13]   kf_rvol_filt_vel             │    360 │  4.5% │   37 │   323 │ 10.3% │   20.8% │ -1.1 │  -1 │     ALERTA ★★
[14:55:13] 
  ── HL (185 turns) ──
[14:55:13]   Feature                      │  Fires │  Rate │   TP │    FP │ Prec% │ Recall% │ μ_off │  med │      Class
[14:55:13]   ──────────────────────────── │ ────── │ ───── │ ──── │ ───── │ ───── │ ─────── │ ───── │ ──── │ ──────────
[14:55:13]   sigma_current                │    270 │  3.4% │   52 │   218 │ 19.3% │   16.8% │ -0.8 │  -1 │     ALERTA ★★★
[14:55:13]   kf_rsi_filt_vel              │    388 │  4.8% │   74 │   314 │ 19.1% │   23.8% │ -0.8 │  -1 │     ALERTA ★★★
[14:55:13]   sigma_wave                   │    251 │  3.1% │   44 │   207 │ 17.5% │   16.8% │ -0.8 │  -1 │     ALERTA ★★★
[14:55:13]   kf_price_filt_vel            │    384 │  4.8% │   62 │   322 │ 16.1% │   22.7% │ -0.8 │  +0 │  DETECTION ★★★
[14:55:13]   kf_tension_filt_vel          │    481 │  6.0% │   73 │   408 │ 15.2% │   22.2% │ -0.8 │  -1 │     ALERTA ★★★
[14:55:13]   vwap_spread_current_wave     │    390 │  4.9% │   59 │   331 │ 15.1% │   11.4% │ -1.0 │  -1 │     ALERTA ★★★
[14:55:13]   compression_ratio            │    435 │  5.4% │   65 │   370 │ 14.9% │   14.6% │ -0.9 │  -1 │     ALERTA ★★
[14:55:13]   vwap_spread_tide_wave        │    375 │  4.7% │   56 │   319 │ 14.9% │   11.4% │ -1.0 │  -1 │     ALERTA ★★
[14:55:13]   kf_price_pred_val            │    383 │  4.8% │   56 │   327 │ 14.6% │   22.2% │ -0.8 │  +0 │  DETECTION ★★
[14:55:13]   vwap_spread_tide_current     │    369 │  4.6% │   51 │   318 │ 13.8% │    9.7% │ -1.0 │  -1 │     ALERTA ★★
[14:55:13]   tide_slope                   │    422 │  5.3% │   57 │   365 │ 13.5% │   11.9% │ -1.0 │  -1 │     ALERTA ★★
[14:55:13]   tension_current              │    312 │  3.9% │   41 │   271 │ 13.1% │   11.9% │ -0.9 │  -1 │     ALERTA ★★
[14:55:13]   kf_conj_filt_vel             │    336 │  4.2% │   41 │   295 │ 12.2% │    9.7% │ -1.0 │  -1 │     ALERTA ★★
[14:55:13]   current_slope                │    326 │  4.1% │   38 │   288 │ 11.7% │    7.6% │ -1.1 │  -1 │     ALERTA ★★
[14:55:13]   wave_accel                   │    336 │  4.2% │   38 │   298 │ 11.3% │   13.0% │ -1.2 │  -1 │     ALERTA ★★
[14:55:13]   conj_current_tide            │    402 │  5.0% │   41 │   361 │ 10.2% │    8.1% │ -1.0 │  -1 │     ALERTA ★★
[14:55:13]   kf_price_innovation          │    402 │  5.0% │   41 │   361 │ 10.2% │   17.3% │ -1.3 │  -1 │     ALERTA ★★
[14:55:13]   tension_wave                 │    216 │  2.7% │   22 │   194 │ 10.2% │    7.6% │ -1.0 │  -1 │     ALERTA ★★
[14:55:13]   kf_rvol_pred_val             │    295 │  3.7% │   30 │   265 │ 10.2% │   11.9% │ -1.1 │  -1 │     ALERTA ★★
[14:55:13]   tide_accel                   │    326 │  4.1% │   33 │   293 │ 10.1% │    8.6% │ -1.1 │  -1 │     ALERTA ★★
[14:55:13] 
  ── HH (180 turns) ──
[14:55:13]   Feature                      │  Fires │  Rate │   TP │    FP │ Prec% │ Recall% │ μ_off │  med │      Class
[14:55:13]   ──────────────────────────── │ ────── │ ───── │ ──── │ ───── │ ───── │ ─────── │ ───── │ ──── │ ──────────
[14:55:13]   kf_price_pred_val            │    383 │  4.8% │   65 │   318 │ 17.0% │   26.1% │ -0.6 │  +0 │  DETECTION ★★★
[14:55:13]   wave_accel                   │    336 │  4.2% │   53 │   283 │ 15.8% │   17.2% │ -0.8 │  -1 │     ALERTA ★★★
[14:55:13]   vwap_spread_tide_wave        │    375 │  4.7% │   58 │   317 │ 15.5% │   12.2% │ -1.0 │  -1 │     ALERTA ★★★
[14:55:13]   current_accel                │    349 │  4.4% │   51 │   298 │ 14.6% │   13.9% │ -0.9 │  -1 │     ALERTA ★★
[14:55:13]   tide_slope                   │    422 │  5.3% │   61 │   361 │ 14.5% │   13.9% │ -1.0 │  -1 │     ALERTA ★★
[14:55:13]   kf_price_filt_vel            │    384 │  4.8% │   54 │   330 │ 14.1% │   22.8% │ -0.7 │  +0 │  DETECTION ★★
[14:55:13]   sigma_wave                   │    251 │  3.1% │   35 │   216 │ 13.9% │   15.6% │ -0.5 │  +0 │  DETECTION ★★
[14:55:13]   kf_rvol_pred_val             │    295 │  3.7% │   41 │   254 │ 13.9% │   18.3% │ -0.6 │  +0 │  DETECTION ★★
[14:55:13]   vwap_spread_tide_current     │    369 │  4.6% │   51 │   318 │ 13.8% │   10.6% │ -1.0 │  -1 │     ALERTA ★★
[14:55:13]   kf_conj_filt_vel             │    336 │  4.2% │   44 │   292 │ 13.1% │   11.7% │ -0.9 │  -1 │     ALERTA ★★
[14:55:13]   sigma_current                │    270 │  3.4% │   32 │   238 │ 11.9% │   12.2% │ -0.6 │  +0 │  DETECTION ★★
[14:55:13]   kf_tension_filt_vel          │    481 │  6.0% │   57 │   424 │ 11.9% │   17.8% │ -0.8 │  -1 │     ALERTA ★★
[14:55:13]   kf_rvol_filt_vel             │    360 │  4.5% │   42 │   318 │ 11.7% │   20.0% │ -0.7 │  -0 │  DETECTION ★★
[14:55:13]   tide_accel                   │    326 │  4.1% │   38 │   288 │ 11.7% │    9.4% │ -0.9 │  -1 │     ALERTA ★★
[14:55:13]   vwap_spread_current_wave     │    390 │  4.9% │   44 │   346 │ 11.3% │    8.3% │ -1.0 │  -1 │     ALERTA ★★
[14:55:13]   tension_current              │    312 │  3.9% │   35 │   277 │ 11.2% │    9.4% │ -0.9 │  -1 │     ALERTA ★★
[14:55:13]   wave_slope                   │    299 │  3.7% │   33 │   266 │ 11.0% │    8.9% │ -0.9 │  -1 │     ALERTA ★★
[14:55:13]   conj_current_tide            │    402 │  5.0% │   40 │   362 │ 10.0% │    8.3% │ -1.0 │  -1 │     ALERTA ★
[14:55:13]   conj_wave_current            │    312 │  3.9% │   31 │   281 │  9.9% │    7.2% │ -1.0 │  -1 │     ALERTA ★
[14:55:13]   kf_rsi_pred_val              │    277 │  3.5% │   27 │   250 │  9.7% │    8.3% │ -0.7 │  -1 │     ALERTA ★
[14:55:13] 
  ── LH (164 turns) ──
[14:55:13]   Feature                      │  Fires │  Rate │   TP │    FP │ Prec% │ Recall% │ μ_off │  med │      Class
[14:55:13]   ──────────────────────────── │ ────── │ ───── │ ──── │ ───── │ ───── │ ─────── │ ───── │ ──── │ ──────────
[14:55:13]   kf_price_filt_vel            │    384 │  4.8% │   72 │   312 │ 18.8% │   35.4% │ -0.8 │  -1 │     ALERTA ★★★
[14:55:13]   tension_wave                 │    216 │  2.7% │   39 │   177 │ 18.1% │   14.0% │ -0.7 │  +0 │  DETECTION ★★★
[14:55:13]   kf_price_innovation          │    402 │  5.0% │   69 │   333 │ 17.2% │   32.9% │ -1.0 │  -1 │     ALERTA ★★★
[14:55:13]   current_slope                │    326 │  4.1% │   51 │   275 │ 15.6% │   12.2% │ -1.0 │  -1 │     ALERTA ★★★
[14:55:13]   kf_conj_filt_vel             │    336 │  4.2% │   52 │   284 │ 15.5% │   13.4% │ -1.0 │  -1 │     ALERTA ★★★
[14:55:13]   conj_current_tide            │    402 │  5.0% │   62 │   340 │ 15.4% │   14.6% │ -1.0 │  -1 │     ALERTA ★★★
[14:55:13]   kf_price_pred_val            │    383 │  4.8% │   59 │   324 │ 15.4% │   27.4% │ -1.0 │  -1 │     ALERTA ★★★
[14:55:13]   conj_wave_tide               │    308 │  3.8% │   45 │   263 │ 14.6% │    9.8% │ -1.0 │  -1 │     ALERTA ★★
[14:55:13]   kf_conj_pred_val             │    313 │  3.9% │   45 │   268 │ 14.4% │   10.4% │ -1.0 │  -1 │     ALERTA ★★
[14:55:13]   wave_accel                   │    336 │  4.2% │   47 │   289 │ 14.0% │   16.5% │ -1.1 │  -1 │     ALERTA ★★
[14:55:13]   conj_wave_current            │    312 │  3.9% │   43 │   269 │ 13.8% │    9.8% │ -1.0 │  -1 │     ALERTA ★★
[14:55:13]   wave_slope                   │    299 │  3.7% │   40 │   259 │ 13.4% │    9.1% │ -1.0 │  -1 │     ALERTA ★★
[14:55:13]   vwap_spread_current_wave     │    390 │  4.9% │   51 │   339 │ 13.1% │   12.8% │ -1.0 │  -1 │     ALERTA ★★
[14:55:13]   vwap_sigma_tide              │    181 │  2.3% │   22 │   159 │ 12.2% │    7.9% │ -1.3 │  -1 │     ALERTA ★★
[14:55:13]   compression_ratio            │    435 │  5.4% │   50 │   385 │ 11.5% │   11.6% │ -1.0 │  -1 │     ALERTA ★★
[14:55:13]   current_accel                │    349 │  4.4% │   40 │   309 │ 11.5% │   11.6% │ -1.0 │  -1 │     ALERTA ★★
[14:55:13]   tide_accel                   │    326 │  4.1% │   35 │   291 │ 10.7% │   10.4% │ -1.0 │  -1 │     ALERTA ★★
[14:55:13]   tide_slope                   │    422 │  5.3% │   45 │   377 │ 10.7% │    9.8% │ -1.0 │  -1 │     ALERTA ★★
[14:55:13]   vwap_spread_tide_current     │    369 │  4.6% │   35 │   334 │  9.5% │    8.5% │ -1.0 │  -1 │     ALERTA ★
[14:55:13]   vwap_spread_tide_wave        │    375 │  4.7% │   33 │   342 │  8.8% │    7.9% │ -1.0 │  -1 │     ALERTA ★
[14:55:13] 
  Processing AMZN...
[14:55:13] ════════════════════════════════════════════════════════════════════════════════════════════════════
[14:55:13]   TICKER: AMZN
[14:55:13] ════════════════════════════════════════════════════════════════════════════════════════════════════
[14:55:13] 
  ── LL (66 turns) ──
[14:55:13]   Feature                      │  Fires │  Rate │   TP │    FP │ Prec% │ Recall% │ μ_off │  med │      Class
[14:55:13]   ──────────────────────────── │ ────── │ ───── │ ──── │ ───── │ ───── │ ─────── │ ───── │ ──── │ ──────────
[14:55:13]   vwap_sigma_current           │    133 │  2.9% │   56 │    77 │ 42.1% │   50.0% │ -0.7 │  +0 │  DETECTION ★★★
[14:55:13]   vwap_sigma_wave              │    122 │  2.7% │   39 │    83 │ 32.0% │   39.4% │ -0.6 │  +0 │  DETECTION ★★★
[14:55:13]   sigma_tide                   │    177 │  3.9% │   46 │   131 │ 26.0% │   37.9% │ -0.7 │  -1 │     ALERTA ★★★
[14:55:13]   rsi_value                    │    159 │  3.5% │   36 │   123 │ 22.6% │   33.3% │ -0.6 │  +0 │  DETECTION ★★★
[14:55:13]   vwap_sigma_tide              │    201 │  4.4% │   43 │   158 │ 21.4% │   28.8% │ -0.8 │  -1 │     ALERTA ★★★
[14:55:13]   kf_rsi_pred_val              │    164 │  3.6% │   29 │   135 │ 17.7% │   25.8% │ -0.7 │  +0 │  DETECTION ★★★
[14:55:13]   fear_level                   │    262 │  5.7% │   42 │   220 │ 16.0% │   22.7% │ -1.0 │  -1 │     ALERTA ★★★
[14:55:13]   kf_price_pred_val            │    209 │  4.6% │   33 │   176 │ 15.8% │   42.4% │ -0.9 │  -1 │     ALERTA ★★★
[14:55:13]   wave_accel                   │    216 │  4.7% │   32 │   184 │ 14.8% │   28.8% │ -0.8 │  -1 │     ALERTA ★★
[14:55:13]   current_accel                │    205 │  4.5% │   30 │   175 │ 14.6% │   28.8% │ -0.8 │  -1 │     ALERTA ★★
[14:55:13]   kf_tension_pred_val          │    194 │  4.2% │   28 │   166 │ 14.4% │   21.2% │ -0.9 │  -1 │     ALERTA ★★
[14:55:13]   sigma_current                │    172 │  3.7% │   24 │   148 │ 14.0% │   21.2% │ -0.8 │  -1 │     ALERTA ★★
[14:55:13]   wave_slope                   │    175 │  3.8% │   23 │   152 │ 13.1% │   15.2% │ -1.0 │  -1 │     ALERTA ★★
[14:55:13]   tension_tide                 │    192 │  4.2% │   24 │   168 │ 12.5% │   18.2% │ -1.0 │  -1 │     ALERTA ★★
[14:55:13]   kf_price_innovation          │    202 │  4.4% │   25 │   177 │ 12.4% │   27.3% │ -1.0 │  -1 │     ALERTA ★★
[14:55:13]   current_slope                │    219 │  4.8% │   27 │   192 │ 12.3% │   13.6% │ -1.0 │  -1 │     ALERTA ★★
[14:55:13]   kf_conj_pred_val             │    228 │  5.0% │   28 │   200 │ 12.3% │   21.2% │ -0.9 │  -1 │     ALERTA ★★
[14:55:13]   conj_wave_tide               │    228 │  5.0% │   27 │   201 │ 11.8% │   19.7% │ -1.0 │  -1 │     ALERTA ★★
[14:55:13]   conj_wave_current            │    179 │  3.9% │   21 │   158 │ 11.7% │   13.6% │ -1.0 │  -1 │     ALERTA ★★
[14:55:13]   kf_conj_filt_vel             │    193 │  4.2% │   22 │   171 │ 11.4% │   18.2% │ -0.7 │  -0 │  DETECTION ★★
[14:55:13] 
  ── HL (97 turns) ──
[14:55:13]   Feature                      │  Fires │  Rate │   TP │    FP │ Prec% │ Recall% │ μ_off │  med │      Class
[14:55:13]   ──────────────────────────── │ ────── │ ───── │ ──── │ ───── │ ───── │ ─────── │ ───── │ ──── │ ──────────
[14:55:13]   kf_tension_filt_vel          │    207 │  4.5% │   34 │   173 │ 16.4% │   19.6% │ -0.6 │  +0 │  DETECTION ★★★
[14:55:13]   sigma_wave                   │    147 │  3.2% │   23 │   124 │ 15.6% │   16.5% │ -0.6 │  +0 │  DETECTION ★★★
[14:55:13]   sigma_current                │    172 │  3.7% │   24 │   148 │ 14.0% │   15.5% │ -0.5 │  +0 │  DETECTION ★★
[14:55:13]   kf_rsi_filt_vel              │    206 │  4.5% │   28 │   178 │ 13.6% │   19.6% │ -0.8 │  -1 │     ALERTA ★★
[14:55:13]   tension_current              │    203 │  4.4% │   24 │   179 │ 11.8% │   13.4% │ -0.8 │  -1 │     ALERTA ★★
[14:55:13]   vwap_sigma_wave              │    122 │  2.7% │   14 │   108 │ 11.5% │    9.3% │ -0.6 │  +0 │  DETECTION ★★
[14:55:13]   vwap_spread_tide_current     │    213 │  4.6% │   24 │   189 │ 11.3% │   12.4% │ -1.0 │  -1 │     ALERTA ★★
[14:55:13]   vwap_spread_current_wave     │    223 │  4.9% │   25 │   198 │ 11.2% │   10.3% │ -1.0 │  -1 │     ALERTA ★★
[14:55:13]   kf_price_pred_val            │    209 │  4.6% │   22 │   187 │ 10.5% │   21.6% │ -0.7 │  -0 │  DETECTION ★★
[14:55:13]   conj_current_tide            │    234 │  5.1% │   24 │   210 │ 10.3% │    9.3% │ -1.0 │  -1 │     ALERTA ★★
[14:55:13]   kf_rvol_pred_val             │    167 │  3.6% │   17 │   150 │ 10.2% │   11.3% │ -1.0 │  -1 │     ALERTA ★★
[14:55:13]   kf_price_filt_vel            │    198 │  4.3% │   19 │   179 │  9.6% │   15.5% │ -0.6 │  +0 │  DETECTION ★
[14:55:13]   vwap_spread_tide_wave        │    223 │  4.9% │   21 │   202 │  9.4% │   11.3% │ -1.0 │  -1 │     ALERTA ★
[14:55:13]   current_accel                │    205 │  4.5% │   19 │   186 │  9.3% │   11.3% │ -1.1 │  -1 │     ALERTA ★
[14:55:13]   tide_slope                   │    230 │  5.0% │   21 │   209 │  9.1% │   11.3% │ -1.0 │  -1 │     ALERTA ★
[14:55:13]   compression_ratio            │    220 │  4.8% │   20 │   200 │  9.1% │    8.2% │ -0.9 │  -1 │     ALERTA ★
[14:55:13]   wave_accel                   │    216 │  4.7% │   19 │   197 │  8.8% │   13.4% │ -0.8 │  -1 │     ALERTA ★
[14:55:13]   kf_conj_pred_val             │    228 │  5.0% │   20 │   208 │  8.8% │    7.2% │ -0.9 │  -1 │     ALERTA ★
[14:55:13]   kf_rvol_filt_vel             │    220 │  4.8% │   19 │   201 │  8.6% │   14.4% │ -1.1 │  -1 │     ALERTA ★
[14:55:13]   conj_wave_tide               │    228 │  5.0% │   19 │   209 │  8.3% │    7.2% │ -0.9 │  -1 │     ALERTA ★
[14:55:13] 
  ── HH (90 turns) ──
[14:55:13]   Feature                      │  Fires │  Rate │   TP │    FP │ Prec% │ Recall% │ μ_off │  med │      Class
[14:55:13]   ──────────────────────────── │ ────── │ ───── │ ──── │ ───── │ ───── │ ─────── │ ───── │ ──── │ ──────────
[14:55:13]   kf_rvol_pred_val             │    167 │  3.6% │   25 │   142 │ 15.0% │   21.1% │ -0.8 │  -1 │     ALERTA ★★
[14:55:13]   wave_slope                   │    175 │  3.8% │   26 │   149 │ 14.9% │   11.1% │ -1.0 │  -1 │     ALERTA ★★
[14:55:13]   kf_rvol_filt_vel             │    220 │  4.8% │   28 │   192 │ 12.7% │   26.7% │ -0.9 │  -1 │     ALERTA ★★
[14:55:13]   rsi_value                    │    159 │  3.5% │   20 │   139 │ 12.6% │   13.3% │ -0.6 │  +0 │  DETECTION ★★
[14:55:13]   tide_accel                   │    176 │  3.8% │   22 │   154 │ 12.5% │   11.1% │ -0.9 │  -1 │     ALERTA ★★
[14:55:13]   conj_current_tide            │    234 │  5.1% │   29 │   205 │ 12.4% │   12.2% │ -1.0 │  -1 │     ALERTA ★★
[14:55:13]   kf_price_pred_val            │    209 │  4.6% │   24 │   185 │ 11.5% │   22.2% │ -0.8 │  -1 │     ALERTA ★★
[14:55:13]   conj_wave_tide               │    228 │  5.0% │   26 │   202 │ 11.4% │   12.2% │ -1.0 │  -1 │     ALERTA ★★
[14:55:13]   current_accel                │    205 │  4.5% │   23 │   182 │ 11.2% │   13.3% │ -0.8 │  -1 │     ALERTA ★★
[14:55:13]   kf_conj_pred_val             │    228 │  5.0% │   25 │   203 │ 11.0% │   11.1% │ -1.0 │  -1 │     ALERTA ★★
[14:55:13]   sigma_tide                   │    177 │  3.9% │   19 │   158 │ 10.7% │   10.0% │ -0.7 │  -1 │     ALERTA ★★
[14:55:13]   wave_accel                   │    216 │  4.7% │   23 │   193 │ 10.6% │   16.7% │ -0.6 │  +0 │  DETECTION ★★
[14:55:13]   sigma_current                │    172 │  3.7% │   17 │   155 │  9.9% │   13.3% │ -0.6 │  +0 │  DETECTION ★
[14:55:13]   vwap_spread_tide_wave        │    223 │  4.9% │   22 │   201 │  9.9% │   13.3% │ -1.0 │  -1 │     ALERTA ★
[14:55:13]   vwap_spread_tide_current     │    213 │  4.6% │   21 │   192 │  9.9% │   11.1% │ -1.0 │  -1 │     ALERTA ★
[14:55:13]   kf_rsi_pred_val              │    164 │  3.6% │   16 │   148 │  9.8% │    8.9% │ -0.7 │  -0 │  DETECTION ★
[14:55:13]   kf_price_filt_vel            │    198 │  4.3% │   17 │   181 │  8.6% │   20.0% │ -1.0 │  -1 │     ALERTA ★
[14:55:13]   sigma_wave                   │    147 │  3.2% │   12 │   135 │  8.2% │    8.9% │ -0.5 │  -0 │  DETECTION ★
[14:55:13]   kf_price_innovation          │    202 │  4.4% │   16 │   186 │  7.9% │   15.6% │ -0.8 │  -1 │     ALERTA ★
[14:55:13]   vwap_spread_current_wave     │    223 │  4.9% │   17 │   206 │  7.6% │    7.8% │ -1.1 │  -1 │     ALERTA ★
[14:55:13] 
  ── LH (73 turns) ──
[14:55:13]   Feature                      │  Fires │  Rate │   TP │    FP │ Prec% │ Recall% │ μ_off │  med │      Class
[14:55:13]   ──────────────────────────── │ ────── │ ───── │ ──── │ ───── │ ───── │ ─────── │ ───── │ ──── │ ──────────
[14:55:13]   kf_price_filt_vel            │    198 │  4.3% │   34 │   164 │ 17.2% │   37.0% │ -0.7 │  -1 │     ALERTA ★★★
[14:55:13]   vwap_sigma_tide              │    201 │  4.4% │   30 │   171 │ 14.9% │   17.8% │ -1.1 │  -1 │     ALERTA ★★
[14:55:13]   kf_price_innovation          │    202 │  4.4% │   30 │   172 │ 14.9% │   34.2% │ -0.8 │  -1 │     ALERTA ★★
[14:55:13]   kf_price_pred_val            │    209 │  4.6% │   31 │   178 │ 14.8% │   32.9% │ -0.7 │  -1 │     ALERTA ★★
[14:55:13]   conj_wave_tide               │    228 │  5.0% │   32 │   196 │ 14.0% │   17.8% │ -1.1 │  -1 │     ALERTA ★★
[14:55:13]   conj_wave_current            │    179 │  3.9% │   25 │   154 │ 14.0% │   13.7% │ -1.0 │  -1 │     ALERTA ★★
[14:55:13]   kf_conj_pred_val             │    228 │  5.0% │   31 │   197 │ 13.6% │   17.8% │ -1.1 │  -1 │     ALERTA ★★
[14:55:13]   tension_tide                 │    192 │  4.2% │   25 │   167 │ 13.0% │   13.7% │ -1.0 │  -1 │     ALERTA ★★
[14:55:13]   fear_level                   │    262 │  5.7% │   32 │   230 │ 12.2% │   17.8% │ -1.1 │  -1 │     ALERTA ★★
[14:55:13]   tension_wave                 │    141 │  3.1% │   17 │   124 │ 12.1% │   13.7% │ -0.9 │  -1 │     ALERTA ★★
[14:55:13]   wave_slope                   │    175 │  3.8% │   21 │   154 │ 12.0% │   11.0% │ -1.0 │  -1 │     ALERTA ★★
[14:55:13]   kf_tension_pred_val          │    194 │  4.2% │   23 │   171 │ 11.9% │   15.1% │ -1.0 │  -1 │     ALERTA ★★
[14:55:13]   vwap_spread_current_wave     │    223 │  4.9% │   26 │   197 │ 11.7% │   12.3% │ -1.0 │  -1 │     ALERTA ★★
[14:55:13]   current_slope                │    219 │  4.8% │   22 │   197 │ 10.0% │   11.0% │ -1.0 │  -1 │     ALERTA ★★
[14:55:13]   vwap_sigma_current           │    133 │  2.9% │   13 │   120 │  9.8% │   13.7% │ -1.5 │  -2 │     ALERTA ★
[14:55:13]   vwap_spread_tide_wave        │    223 │  4.9% │   21 │   202 │  9.4% │    9.6% │ -1.0 │  -1 │     ALERTA ★
[14:55:13]   tide_slope                   │    230 │  5.0% │   21 │   209 │  9.1% │   11.0% │ -1.0 │  -1 │     ALERTA ★
[14:55:13]   conj_current_tide            │    234 │  5.1% │   21 │   213 │  9.0% │    9.6% │ -1.0 │  -1 │     ALERTA ★
[14:55:13]   vwap_spread_tide_current     │    213 │  4.6% │   18 │   195 │  8.5% │    8.2% │ -1.0 │  -1 │     ALERTA ★
[14:55:13]   tension_current              │    203 │  4.4% │   17 │   186 │  8.4% │    8.2% │ -1.1 │  -1 │     ALERTA ★
[14:55:13] 
  Processing COST...
[14:55:14] ════════════════════════════════════════════════════════════════════════════════════════════════════
[14:55:14]   TICKER: COST
[14:55:14] ════════════════════════════════════════════════════════════════════════════════════════════════════
[14:55:14] 
  ── LL (35 turns) ──
[14:55:14]   Feature                      │  Fires │  Rate │   TP │    FP │ Prec% │ Recall% │ μ_off │  med │      Class
[14:55:14]   ──────────────────────────── │ ────── │ ───── │ ──── │ ───── │ ───── │ ─────── │ ───── │ ──── │ ──────────
[14:55:14]   vwap_sigma_current           │    134 │  2.9% │   37 │    97 │ 27.6% │   60.0% │ -0.7 │  +0 │  DETECTION ★★★
[14:55:14]   sigma_tide                   │    156 │  3.4% │   40 │   116 │ 25.6% │   51.4% │ -0.8 │  -1 │     ALERTA ★★★
[14:55:14]   kf_rsi_pred_val              │    172 │  3.7% │   29 │   143 │ 16.9% │   40.0% │ -0.8 │  -1 │     ALERTA ★★★
[14:55:14]   rsi_value                    │    185 │  4.0% │   29 │   156 │ 15.7% │   42.9% │ -0.7 │  -1 │     ALERTA ★★★
[14:55:14]   vwap_sigma_tide              │    179 │  3.9% │   27 │   152 │ 15.1% │   31.4% │ -0.9 │  -1 │     ALERTA ★★★
[14:55:14]   conj_wave_tide               │    209 │  4.5% │   29 │   180 │ 13.9% │   31.4% │ -0.9 │  -1 │     ALERTA ★★
[14:55:14]   kf_conj_pred_val             │    217 │  4.7% │   30 │   187 │ 13.8% │   31.4% │ -0.9 │  -1 │     ALERTA ★★
[14:55:14]   wave_slope                   │    222 │  4.8% │   30 │   192 │ 13.5% │   34.3% │ -0.9 │  -1 │     ALERTA ★★
[14:55:14]   kf_price_pred_val            │    224 │  4.9% │   27 │   197 │ 12.1% │   51.4% │ -0.9 │  -1 │     ALERTA ★★
[14:55:14]   compression_ratio            │    153 │  3.3% │   18 │   135 │ 11.8% │   25.7% │ -1.0 │  -1 │     ALERTA ★★
[14:55:14]   fear_level                   │    140 │  3.0% │   15 │   125 │ 10.7% │   14.3% │ -1.0 │  -1 │     ALERTA ★★
[14:55:14]   tide_accel                   │    229 │  5.0% │   23 │   206 │ 10.0% │   37.1% │ -0.7 │  -1 │     ALERTA ★★
[14:55:14]   kf_rvol_pred_val             │    171 │  3.7% │   17 │   154 │  9.9% │   40.0% │ -0.9 │  -1 │     ALERTA ★
[14:55:14]   sigma_current                │    176 │  3.8% │   17 │   159 │  9.7% │   28.6% │ -0.8 │  -1 │     ALERTA ★
[14:55:14]   kf_tension_pred_val          │    272 │  5.9% │   26 │   246 │  9.6% │   28.6% │ -0.9 │  -1 │     ALERTA ★
[14:55:14]   wave_accel                   │    244 │  5.3% │   23 │   221 │  9.4% │   37.1% │ -0.7 │  -1 │     ALERTA ★
[14:55:14]   conj_wave_current            │    223 │  4.9% │   21 │   202 │  9.4% │   22.9% │ -0.9 │  -1 │     ALERTA ★
[14:55:14]   tension_tide                 │    269 │  5.9% │   24 │   245 │  8.9% │   28.6% │ -0.9 │  -1 │     ALERTA ★
[14:55:14]   current_accel                │    223 │  4.9% │   19 │   204 │  8.5% │   25.7% │ -0.7 │  -1 │     ALERTA ★
[14:55:14]   kf_price_innovation          │    217 │  4.7% │   18 │   199 │  8.3% │   40.0% │ -1.1 │  -1 │     ALERTA ★
[14:55:14] 
  ── HL (57 turns) ──
[14:55:14]   Feature                      │  Fires │  Rate │   TP │    FP │ Prec% │ Recall% │ μ_off │  med │      Class
[14:55:14]   ──────────────────────────── │ ────── │ ───── │ ──── │ ───── │ ───── │ ─────── │ ───── │ ──── │ ──────────
[14:55:14]   vwap_sigma_wave              │    102 │  2.2% │   25 │    77 │ 24.5% │   31.6% │ -0.6 │  +0 │  DETECTION ★★★
[14:55:14]   kf_price_pred_val            │    224 │  4.9% │   22 │   202 │  9.8% │   28.1% │ -0.7 │  +0 │  DETECTION ★
[14:55:14]   sigma_current                │    176 │  3.8% │   16 │   160 │  9.1% │   19.3% │ -0.7 │  +0 │  DETECTION ★
[14:55:14]   wave_accel                   │    244 │  5.3% │   20 │   224 │  8.2% │   24.6% │ -0.8 │  -1 │     ALERTA ★
[14:55:14]   vwap_sigma_current           │    134 │  2.9% │   10 │   124 │  7.5% │   10.5% │ -0.7 │  -0 │  DETECTION ★
[14:55:14]   kf_tension_pred_val          │    272 │  5.9% │   20 │   252 │  7.4% │   15.8% │ -0.8 │  -1 │     ALERTA ★
[14:55:14]   kf_conj_filt_vel             │    240 │  5.2% │   17 │   223 │  7.1% │   17.5% │ -0.8 │  -1 │     ALERTA ★
[14:55:14]   kf_rsi_filt_vel              │    216 │  4.7% │   15 │   201 │  6.9% │   17.5% │ -0.9 │  -1 │     ALERTA ★
[14:55:14]   vwap_spread_current_wave     │    189 │  4.1% │   13 │   176 │  6.9% │    8.8% │ -1.1 │  -1 │     ALERTA ★
[14:55:14]   tension_current              │    209 │  4.5% │   14 │   195 │  6.7% │   12.3% │ -1.1 │  -1 │     ALERTA ★
[14:55:14]   kf_tension_filt_vel          │    246 │  5.4% │   15 │   231 │  6.1% │   17.5% │ -0.8 │  -1 │     ALERTA ★
[14:55:14]   tension_tide                 │    269 │  5.9% │   16 │   253 │  5.9% │   14.0% │ -0.8 │  -0 │  DETECTION ★
[14:55:14]   kf_price_filt_vel            │    205 │  4.5% │   12 │   193 │  5.9% │   19.3% │ -0.8 │  -1 │     ALERTA ★
[14:55:14]   fear_level                   │    140 │  3.0% │    8 │   132 │  5.7% │    7.0% │ -0.8 │  -0 │  DETECTION ★
[14:55:14]   conj_current_tide            │    215 │  4.7% │   12 │   203 │  5.6% │    7.0% │ -1.0 │  -1 │     ALERTA ★
[14:55:14]   sigma_wave                   │    152 │  3.3% │    8 │   144 │  5.3% │   12.3% │ -0.5 │  +0 │  DETECTION ★
[14:55:14]   tide_slope                   │    228 │  5.0% │   12 │   216 │  5.3% │    7.0% │ -1.0 │  -1 │     ALERTA ★
[14:55:14]   kf_rvol_pred_val             │    171 │  3.7% │    9 │   162 │  5.3% │   12.3% │ -0.3 │  +0 │  DETECTION ★
[14:55:14]   kf_rsi_pred_val              │    172 │  3.7% │    9 │   163 │  5.2% │   10.5% │ -0.7 │  +0 │  DETECTION ★
[14:55:14]   compression_ratio            │    153 │  3.3% │    8 │   145 │  5.2% │    7.0% │ -0.9 │  -1 │     ALERTA ★
[14:55:14] 
  ── HH (56 turns) ──
[14:55:14]   Feature                      │  Fires │  Rate │   TP │    FP │ Prec% │ Recall% │ μ_off │  med │      Class
[14:55:14]   ──────────────────────────── │ ────── │ ───── │ ──── │ ───── │ ───── │ ─────── │ ───── │ ──── │ ──────────
[14:55:14]   rsi_value                    │    185 │  4.0% │   19 │   166 │ 10.3% │   16.1% │ -0.8 │  -1 │     ALERTA ★★
[14:55:14]   kf_rsi_pred_val              │    172 │  3.7% │   17 │   155 │  9.9% │   16.1% │ -0.8 │  -1 │     ALERTA ★
[14:55:14]   vwap_spread_tide_wave        │    264 │  5.7% │   21 │   243 │  8.0% │   12.5% │ -1.0 │  -1 │     ALERTA ★
[14:55:14]   vwap_spread_tide_current     │    190 │  4.1% │   12 │   178 │  6.3% │    7.1% │ -1.0 │  -1 │     ALERTA ★
[14:55:14]   sigma_current                │    176 │  3.8% │   11 │   165 │  6.2% │   12.5% │ -0.8 │  -1 │     ALERTA ★
[14:55:14]   kf_price_pred_val            │    224 │  4.9% │   14 │   210 │  6.2% │   17.9% │ -0.6 │  -0 │  DETECTION ★
[14:55:14]   tide_slope                   │    228 │  5.0% │   12 │   216 │  5.3% │    7.1% │ -1.0 │  -1 │     ALERTA ★
[14:55:14]   wave_accel                   │    244 │  5.3% │   12 │   232 │  4.9% │   14.3% │ -0.8 │  -1 │     ALERTA 
[14:55:14]   compression_ratio            │    153 │  3.3% │    7 │   146 │  4.6% │   10.7% │ -1.1 │  -1 │     ALERTA 
[14:55:14]   current_accel                │    223 │  4.9% │   10 │   213 │  4.5% │   10.7% │ -0.7 │  -0 │  DETECTION 
[14:55:14]   kf_rvol_filt_vel             │    203 │  4.4% │    9 │   194 │  4.4% │   14.3% │ -0.6 │  +0 │  DETECTION 
[14:55:14]   conj_current_tide            │    215 │  4.7% │    9 │   206 │  4.2% │    5.4% │ -1.0 │  -1 │     ALERTA 
[14:55:14]   kf_conj_filt_vel             │    240 │  5.2% │   10 │   230 │  4.2% │    8.9% │ -0.7 │  -0 │  DETECTION 
[14:55:14]   kf_rvol_pred_val             │    171 │  3.7% │    7 │   164 │  4.1% │   10.7% │ -0.6 │  +0 │  DETECTION 
[14:55:14]   kf_tension_pred_val          │    272 │  5.9% │   11 │   261 │  4.0% │   10.7% │ -1.0 │  -1 │     ALERTA 
[14:55:14]   conj_wave_current            │    223 │  4.9% │    9 │   214 │  4.0% │    8.9% │ -0.7 │  +0 │  DETECTION 
[14:55:14]   sigma_wave                   │    152 │  3.3% │    6 │   146 │  3.9% │   14.3% │ -0.7 │  -0 │  DETECTION 
[14:55:14]   tide_accel                   │    229 │  5.0% │    9 │   220 │  3.9% │    7.1% │ -0.8 │  -1 │     ALERTA 
[14:55:14]   kf_price_filt_vel            │    205 │  4.5% │    8 │   197 │  3.9% │   16.1% │ -0.8 │  -1 │     ALERTA 
[14:55:14]   tension_tide                 │    269 │  5.9% │   10 │   259 │  3.7% │    7.1% │ -1.1 │  -1 │     ALERTA 
[14:55:14] 
  ── LH (36 turns) ──
[14:55:14]   Feature                      │  Fires │  Rate │   TP │    FP │ Prec% │ Recall% │ μ_off │  med │      Class
[14:55:14]   ──────────────────────────── │ ────── │ ───── │ ──── │ ───── │ ───── │ ─────── │ ───── │ ──── │ ──────────
[14:55:14]   kf_price_filt_vel            │    205 │  4.5% │   21 │   184 │ 10.2% │   41.7% │ -0.9 │  -1 │     ALERTA ★★
[14:55:14]   kf_price_pred_val            │    224 │  4.9% │   20 │   204 │  8.9% │   38.9% │ -1.0 │  -1 │     ALERTA ★
[14:55:14]   wave_accel                   │    244 │  5.3% │   21 │   223 │  8.6% │   36.1% │ -0.8 │  -1 │     ALERTA ★
[14:55:14]   vwap_sigma_tide              │    179 │  3.9% │   15 │   164 │  8.4% │   13.9% │ -1.0 │  -1 │     ALERTA ★
[14:55:14]   kf_price_innovation          │    217 │  4.7% │   18 │   199 │  8.3% │   38.9% │ -1.1 │  -1 │     ALERTA ★
[14:55:14]   compression_ratio            │    153 │  3.3% │   12 │   141 │  7.8% │   19.4% │ -1.2 │  -1 │     ALERTA ★
[14:55:14]   vwap_spread_current_wave     │    189 │  4.1% │   14 │   175 │  7.4% │   13.9% │ -0.9 │  -1 │     ALERTA ★
[14:55:14]   current_slope                │    211 │  4.6% │   15 │   196 │  7.1% │   13.9% │ -1.0 │  -1 │     ALERTA ★
[14:55:14]   wave_slope                   │    222 │  4.8% │   15 │   207 │  6.8% │   16.7% │ -1.1 │  -1 │     ALERTA ★
[14:55:14]   conj_wave_tide               │    209 │  4.5% │   14 │   195 │  6.7% │   16.7% │ -1.1 │  -1 │     ALERTA ★
[14:55:14]   kf_conj_filt_vel             │    240 │  5.2% │   16 │   224 │  6.7% │   19.4% │ -1.0 │  -1 │     ALERTA ★
[14:55:14]   conj_current_tide            │    215 │  4.7% │   14 │   201 │  6.5% │   13.9% │ -0.9 │  -1 │     ALERTA ★
[14:55:14]   fear_level                   │    140 │  3.0% │    8 │   132 │  5.7% │    8.3% │ -0.9 │  -1 │     ALERTA ★
[14:55:14]   kf_conj_pred_val             │    217 │  4.7% │   12 │   205 │  5.5% │   16.7% │ -1.2 │  -1 │     ALERTA ★
[14:55:14]   vwap_spread_tide_current     │    190 │  4.1% │    9 │   181 │  4.7% │    8.3% │ -1.0 │  -1 │     ALERTA 
[14:55:14]   kf_rvol_pred_val             │    171 │  3.7% │    8 │   163 │  4.7% │   13.9% │ -1.1 │  -1 │     ALERTA 
[14:55:14]   vwap_spread_tide_wave        │    264 │  5.7% │   12 │   252 │  4.5% │   11.1% │ -1.0 │  -1 │     ALERTA 
[14:55:14]   sigma_tide                   │    156 │  3.4% │    7 │   149 │  4.5% │   11.1% │ -1.1 │  -1 │     ALERTA 
[14:55:14]   vwap_sigma_current           │    134 │  2.9% │    6 │   128 │  4.5% │   13.9% │ -1.5 │  -2 │     ALERTA 
[14:55:14]   kf_tension_filt_vel          │    246 │  5.4% │   10 │   236 │  4.1% │   22.2% │ -0.9 │  -1 │     ALERTA 
[14:55:14] 
  Processing HD...
[14:55:15] ════════════════════════════════════════════════════════════════════════════════════════════════════
[14:55:15]   TICKER: HD
[14:55:15] ════════════════════════════════════════════════════════════════════════════════════════════════════
[14:55:15] 
  ── LL (59 turns) ──
[14:55:15]   Feature                      │  Fires │  Rate │   TP │    FP │ Prec% │ Recall% │ μ_off │  med │      Class
[14:55:15]   ──────────────────────────── │ ────── │ ───── │ ──── │ ───── │ ───── │ ─────── │ ───── │ ──── │ ──────────
[14:55:15]   vwap_sigma_tide              │    102 │  2.2% │   47 │    55 │ 46.1% │   39.0% │ -0.9 │  -1 │     ALERTA ★★★
[14:55:15]   vwap_sigma_current           │    117 │  2.5% │   33 │    84 │ 28.2% │   33.9% │ -0.8 │  -1 │     ALERTA ★★★
[14:55:15]   fear_level                   │    181 │  3.9% │   42 │   139 │ 23.2% │   30.5% │ -1.0 │  -1 │     ALERTA ★★★
[14:55:15]   sigma_tide                   │    152 │  3.3% │   28 │   124 │ 18.4% │   25.4% │ -0.7 │  -0 │  DETECTION ★★★
[14:55:15]   vwap_sigma_wave              │    107 │  2.3% │   18 │    89 │ 16.8% │   23.7% │ -0.6 │  +0 │  DETECTION ★★★
[14:55:15]   kf_price_pred_val            │    213 │  4.6% │   35 │   178 │ 16.4% │   45.8% │ -0.8 │  -1 │     ALERTA ★★★
[14:55:15]   rsi_value                    │    162 │  3.5% │   26 │   136 │ 16.0% │   20.3% │ -0.8 │  -1 │     ALERTA ★★★
[14:55:15]   sigma_current                │    143 │  3.1% │   21 │   122 │ 14.7% │   22.0% │ -0.9 │  -1 │     ALERTA ★★
[14:55:15]   wave_accel                   │    184 │  4.0% │   27 │   157 │ 14.7% │   30.5% │ -0.7 │  +0 │  DETECTION ★★
[14:55:15]   kf_rsi_pred_val              │    171 │  3.7% │   25 │   146 │ 14.6% │   20.3% │ -0.8 │  -1 │     ALERTA ★★
[14:55:15]   current_accel                │    259 │  5.6% │   36 │   223 │ 13.9% │   28.8% │ -0.9 │  -1 │     ALERTA ★★
[14:55:15]   wave_slope                   │    226 │  4.9% │   28 │   198 │ 12.4% │   20.3% │ -0.9 │  -1 │     ALERTA ★★
[14:55:15]   kf_price_filt_vel            │    215 │  4.7% │   26 │   189 │ 12.1% │   37.3% │ -1.0 │  -1 │     ALERTA ★★
[14:55:15]   kf_price_innovation          │    232 │  5.0% │   28 │   204 │ 12.1% │   28.8% │ -1.1 │  -1 │     ALERTA ★★
[14:55:15]   kf_conj_filt_vel             │    185 │  4.0% │   22 │   163 │ 11.9% │   16.9% │ -0.9 │  -1 │     ALERTA ★★
[14:55:15]   conj_wave_current            │    204 │  4.4% │   24 │   180 │ 11.8% │   16.9% │ -0.9 │  -1 │     ALERTA ★★
[14:55:15]   conj_current_tide            │    212 │  4.6% │   24 │   188 │ 11.3% │   15.3% │ -1.0 │  -1 │     ALERTA ★★
[14:55:15]   kf_conj_pred_val             │    240 │  5.2% │   21 │   219 │  8.8% │   15.3% │ -0.9 │  -1 │     ALERTA ★
[14:55:15]   current_slope                │    199 │  4.3% │   17 │   182 │  8.5% │   16.9% │ -0.9 │  -1 │     ALERTA ★
[14:55:15]   tide_accel                   │    240 │  5.2% │   20 │   220 │  8.3% │   20.3% │ -0.9 │  -1 │     ALERTA ★
[14:55:15] 
  ── HL (59 turns) ──
[14:55:15]   Feature                      │  Fires │  Rate │   TP │    FP │ Prec% │ Recall% │ μ_off │  med │      Class
[14:55:15]   ──────────────────────────── │ ────── │ ───── │ ──── │ ───── │ ───── │ ─────── │ ───── │ ──── │ ──────────
[14:55:15]   sigma_current                │    143 │  3.1% │   25 │   118 │ 17.5% │   25.4% │ -0.6 │  +0 │  DETECTION ★★★
[14:55:15]   vwap_spread_tide_wave        │    160 │  3.5% │   22 │   138 │ 13.8% │   13.6% │ -1.0 │  -1 │     ALERTA ★★
[14:55:15]   sigma_wave                   │    150 │  3.3% │   20 │   130 │ 13.3% │   22.0% │ -0.8 │  -0 │  DETECTION ★★
[14:55:15]   kf_rsi_filt_vel              │    213 │  4.6% │   27 │   186 │ 12.7% │   25.4% │ -0.7 │  +0 │  DETECTION ★★
[14:55:15]   kf_tension_pred_val          │    293 │  6.4% │   34 │   259 │ 11.6% │   23.7% │ -0.9 │  -1 │     ALERTA ★★
[14:55:15]   tension_current              │    138 │  3.0% │   16 │   122 │ 11.6% │   15.3% │ -0.9 │  -1 │     ALERTA ★★
[14:55:15]   kf_price_pred_val            │    213 │  4.6% │   24 │   189 │ 11.3% │   30.5% │ -0.8 │  -0 │  DETECTION ★★
[14:55:15]   vwap_spread_tide_current     │    183 │  4.0% │   20 │   163 │ 10.9% │   11.9% │ -0.9 │  -1 │     ALERTA ★★
[14:55:15]   kf_price_filt_vel            │    215 │  4.7% │   23 │   192 │ 10.7% │   27.1% │ -0.9 │  -1 │     ALERTA ★★
[14:55:15]   kf_tension_filt_vel          │    273 │  5.9% │   29 │   244 │ 10.6% │   20.3% │ -0.8 │  -1 │     ALERTA ★★
[14:55:15]   current_slope                │    199 │  4.3% │   21 │   178 │ 10.6% │   11.9% │ -1.0 │  -1 │     ALERTA ★★
[14:55:15]   vwap_spread_current_wave     │    172 │  3.7% │   18 │   154 │ 10.5% │   10.2% │ -1.0 │  -1 │     ALERTA ★★
[14:55:15]   tension_tide                 │    298 │  6.5% │   31 │   267 │ 10.4% │   18.6% │ -1.0 │  -1 │     ALERTA ★★
[14:55:15]   conj_current_tide            │    212 │  4.6% │   22 │   190 │ 10.4% │   13.6% │ -1.0 │  -1 │     ALERTA ★★
[14:55:15]   kf_rvol_pred_val             │    206 │  4.5% │   21 │   185 │ 10.2% │   27.1% │ -0.9 │  -1 │     ALERTA ★★
[14:55:15]   conj_wave_tide               │    246 │  5.4% │   23 │   223 │  9.3% │   13.6% │ -1.0 │  -1 │     ALERTA ★
[14:55:15]   vwap_sigma_wave              │    107 │  2.3% │   10 │    97 │  9.3% │   16.9% │ -0.5 │  +0 │  DETECTION ★
[14:55:15]   wave_slope                   │    226 │  4.9% │   21 │   205 │  9.3% │   13.6% │ -1.1 │  -1 │     ALERTA ★
[14:55:15]   tide_slope                   │    289 │  6.3% │   26 │   263 │  9.0% │   16.9% │ -1.0 │  -1 │     ALERTA ★
[14:55:15]   kf_conj_pred_val             │    240 │  5.2% │   21 │   219 │  8.8% │   13.6% │ -1.1 │  -1 │     ALERTA ★
[14:55:15] 
  ── HH (63 turns) ──
[14:55:15]   Feature                      │  Fires │  Rate │   TP │    FP │ Prec% │ Recall% │ μ_off │  med │      Class
[14:55:15]   ──────────────────────────── │ ────── │ ───── │ ──── │ ───── │ ───── │ ─────── │ ───── │ ──── │ ──────────
[14:55:15]   vwap_spread_tide_wave        │    160 │  3.5% │   20 │   140 │ 12.5% │   12.7% │ -1.1 │  -1 │     ALERTA ★★
[14:55:15]   conj_wave_current            │    204 │  4.4% │   22 │   182 │ 10.8% │   14.3% │ -1.0 │  -1 │     ALERTA ★★
[14:55:15]   kf_price_pred_val            │    213 │  4.6% │   22 │   191 │ 10.3% │   23.8% │ -0.7 │  -0 │  DETECTION ★★
[14:55:15]   vwap_spread_tide_current     │    183 │  4.0% │   18 │   165 │  9.8% │   11.1% │ -1.0 │  -1 │     ALERTA ★
[14:55:15]   conj_wave_tide               │    246 │  5.4% │   23 │   223 │  9.3% │   12.7% │ -1.0 │  -1 │     ALERTA ★
[14:55:15]   tide_accel                   │    240 │  5.2% │   22 │   218 │  9.2% │   15.9% │ -1.0 │  -1 │     ALERTA ★
[14:55:15]   conj_current_tide            │    212 │  4.6% │   19 │   193 │  9.0% │   11.1% │ -0.9 │  -1 │     ALERTA ★
[14:55:15]   kf_conj_pred_val             │    240 │  5.2% │   21 │   219 │  8.8% │   14.3% │ -1.0 │  -1 │     ALERTA ★
[14:55:15]   vwap_spread_current_wave     │    172 │  3.7% │   14 │   158 │  8.1% │    7.9% │ -1.1 │  -1 │     ALERTA ★
[14:55:15]   current_accel                │    259 │  5.6% │   20 │   239 │  7.7% │   15.9% │ -1.0 │  -1 │     ALERTA ★
[14:55:15]   current_slope                │    199 │  4.3% │   15 │   184 │  7.5% │    9.5% │ -0.9 │  -1 │     ALERTA ★
[14:55:15]   kf_tension_pred_val          │    293 │  6.4% │   20 │   273 │  6.8% │   12.7% │ -0.9 │  -1 │     ALERTA ★
[14:55:15]   wave_slope                   │    226 │  4.9% │   15 │   211 │  6.6% │   11.1% │ -0.9 │  -1 │     ALERTA ★
[14:55:15]   kf_price_innovation          │    232 │  5.0% │   15 │   217 │  6.5% │   19.0% │ -1.3 │  -1 │     ALERTA ★
[14:55:15]   tension_tide                 │    298 │  6.5% │   19 │   279 │  6.4% │   12.7% │ -0.9 │  -1 │     ALERTA ★
[14:55:15]   kf_price_filt_vel            │    215 │  4.7% │   13 │   202 │  6.0% │   15.9% │ -1.0 │  -1 │     ALERTA ★
[14:55:15]   kf_tension_filt_vel          │    273 │  5.9% │   16 │   257 │  5.9% │   14.3% │ -1.0 │  -1 │     ALERTA ★
[14:55:15]   kf_rsi_pred_val              │    171 │  3.7% │   10 │   161 │  5.8% │    9.5% │ -0.6 │  +0 │  DETECTION ★
[14:55:15]   rsi_value                    │    162 │  3.5% │    9 │   153 │  5.6% │    6.3% │ -0.8 │  -1 │     ALERTA ★
[14:55:15]   tide_slope                   │    289 │  6.3% │   16 │   273 │  5.5% │   11.1% │ -1.1 │  -1 │     ALERTA ★
[14:55:15] 
  ── LH (55 turns) ──
[14:55:15]   Feature                      │  Fires │  Rate │   TP │    FP │ Prec% │ Recall% │ μ_off │  med │      Class
[14:55:15]   ──────────────────────────── │ ────── │ ───── │ ──── │ ───── │ ───── │ ─────── │ ───── │ ──── │ ──────────
[14:55:15]   kf_conj_filt_vel             │    185 │  4.0% │   35 │   150 │ 18.9% │   32.7% │ -1.0 │  -1 │     ALERTA ★★★
[14:55:15]   wave_accel                   │    184 │  4.0% │   33 │   151 │ 17.9% │   32.7% │ -0.9 │  -1 │     ALERTA ★★★
[14:55:15]   kf_price_filt_vel            │    215 │  4.7% │   29 │   186 │ 13.5% │   36.4% │ -0.9 │  -1 │     ALERTA ★★
[14:55:15]   fear_level                   │    181 │  3.9% │   24 │   157 │ 13.3% │   20.0% │ -1.0 │  -1 │     ALERTA ★★
[14:55:15]   vwap_spread_current_wave     │    172 │  3.7% │   21 │   151 │ 12.2% │   14.5% │ -1.0 │  -1 │     ALERTA ★★
[14:55:15]   conj_current_tide            │    212 │  4.6% │   25 │   187 │ 11.8% │   16.4% │ -1.0 │  -1 │     ALERTA ★★
[14:55:15]   current_slope                │    199 │  4.3% │   22 │   177 │ 11.1% │   16.4% │ -1.0 │  -1 │     ALERTA ★★
[14:55:15]   vwap_sigma_tide              │    102 │  2.2% │   11 │    91 │ 10.8% │   12.7% │ -1.0 │  -1 │     ALERTA ★★
[14:55:15]   kf_price_innovation          │    232 │  5.0% │   25 │   207 │ 10.8% │   32.7% │ -1.0 │  -1 │     ALERTA ★★
[14:55:15]   kf_price_pred_val            │    213 │  4.6% │   22 │   191 │ 10.3% │   34.5% │ -0.9 │  -1 │     ALERTA ★★
[14:55:15]   tension_current              │    138 │  3.0% │   13 │   125 │  9.4% │   10.9% │ -0.8 │  -1 │     ALERTA ★
[14:55:15]   compression_ratio            │    234 │  5.1% │   20 │   214 │  8.5% │   20.0% │ -0.8 │  -1 │     ALERTA ★
[14:55:15]   wave_slope                   │    226 │  4.9% │   18 │   208 │  8.0% │   12.7% │ -1.1 │  -1 │     ALERTA ★
[14:55:15]   conj_wave_current            │    204 │  4.4% │   16 │   188 │  7.8% │   10.9% │ -0.9 │  -1 │     ALERTA ★
[14:55:15]   vwap_spread_tide_wave        │    160 │  3.5% │   12 │   148 │  7.5% │    9.1% │ -1.0 │  -1 │     ALERTA ★
[14:55:15]   tide_slope                   │    289 │  6.3% │   18 │   271 │  6.2% │   12.7% │ -1.0 │  -1 │     ALERTA ★
[14:55:15]   conj_wave_tide               │    246 │  5.4% │   15 │   231 │  6.1% │   12.7% │ -1.2 │  -1 │     ALERTA ★
[14:55:15]   current_accel                │    259 │  5.6% │   14 │   245 │  5.4% │   10.9% │ -0.9 │  -1 │     ALERTA ★
[14:55:15]   vwap_sigma_current           │    117 │  2.5% │    6 │   111 │  5.1% │    7.3% │ -1.2 │  -1 │     ALERTA ★
[14:55:15]   kf_conj_pred_val             │    240 │  5.2% │   12 │   228 │  5.0% │   10.9% │ -1.2 │  -1 │     ALERTA ★
[14:55:15] 
  Processing HON...
[14:55:16] ════════════════════════════════════════════════════════════════════════════════════════════════════
[14:55:16]   TICKER: HON
[14:55:16] ════════════════════════════════════════════════════════════════════════════════════════════════════
[14:55:16] 
  ── LL (48 turns) ──
[14:55:16]   Feature                      │  Fires │  Rate │   TP │    FP │ Prec% │ Recall% │ μ_off │  med │      Class
[14:55:16]   ──────────────────────────── │ ────── │ ───── │ ──── │ ───── │ ───── │ ─────── │ ───── │ ──── │ ──────────
[14:55:16]   vwap_sigma_current           │    137 │  3.0% │   56 │    81 │ 40.9% │   54.2% │ -0.8 │  -1 │     ALERTA ★★★
[14:55:16]   rsi_value                    │    165 │  3.6% │   50 │   115 │ 30.3% │   50.0% │ -0.8 │  -1 │     ALERTA ★★★
[14:55:16]   sigma_tide                   │    166 │  3.6% │   46 │   120 │ 27.7% │   43.8% │ -0.8 │  -1 │     ALERTA ★★★
[14:55:16]   kf_rsi_pred_val              │    178 │  3.9% │   42 │   136 │ 23.6% │   45.8% │ -0.7 │  -0 │  DETECTION ★★★
[14:55:16]   vwap_sigma_tide              │    223 │  4.8% │   49 │   174 │ 22.0% │   41.7% │ -0.9 │  -1 │     ALERTA ★★★
[14:55:16]   vwap_sigma_wave              │    132 │  2.9% │   27 │   105 │ 20.5% │   31.2% │ -0.9 │  -1 │     ALERTA ★★★
[14:55:16]   sigma_current                │    149 │  3.2% │   26 │   123 │ 17.4% │   25.0% │ -0.9 │  -1 │     ALERTA ★★★
[14:55:16]   kf_price_pred_val            │    251 │  5.5% │   42 │   209 │ 16.7% │   54.2% │ -0.8 │  -1 │     ALERTA ★★★
[14:55:16]   wave_accel                   │    264 │  5.7% │   40 │   224 │ 15.2% │   39.6% │ -0.9 │  -1 │     ALERTA ★★★
[14:55:16]   wave_slope                   │    218 │  4.7% │   29 │   189 │ 13.3% │   22.9% │ -1.0 │  -1 │     ALERTA ★★
[14:55:16]   current_accel                │    223 │  4.8% │   29 │   194 │ 13.0% │   29.2% │ -0.9 │  -1 │     ALERTA ★★
[14:55:16]   kf_price_innovation          │    221 │  4.8% │   28 │   193 │ 12.7% │   37.5% │ -1.2 │  -1 │     ALERTA ★★
[14:55:16]   kf_conj_filt_vel             │    273 │  5.9% │   33 │   240 │ 12.1% │   29.2% │ -0.9 │  -1 │     ALERTA ★★
[14:55:16]   tide_accel                   │    270 │  5.9% │   32 │   238 │ 11.9% │   25.0% │ -0.9 │  -1 │     ALERTA ★★
[14:55:16]   conj_wave_current            │    266 │  5.8% │   31 │   235 │ 11.7% │   22.9% │ -1.0 │  -1 │     ALERTA ★★
[14:55:16]   kf_price_filt_vel            │    227 │  4.9% │   25 │   202 │ 11.0% │   37.5% │ -1.0 │  -1 │     ALERTA ★★
[14:55:16]   kf_rvol_pred_val             │    211 │  4.6% │   22 │   189 │ 10.4% │   33.3% │ -0.7 │  -0 │  DETECTION ★★
[14:55:16]   fear_level                   │    269 │  5.9% │   28 │   241 │ 10.4% │   20.8% │ -1.0 │  -1 │     ALERTA ★★
[14:55:16]   sigma_wave                   │    139 │  3.0% │   14 │   125 │ 10.1% │   20.8% │ -0.9 │  -1 │     ALERTA ★★
[14:55:16]   current_slope                │    225 │  4.9% │   22 │   203 │  9.8% │   16.7% │ -0.9 │  -1 │     ALERTA ★
[14:55:16] 
  ── HL (56 turns) ──
[14:55:16]   Feature                      │  Fires │  Rate │   TP │    FP │ Prec% │ Recall% │ μ_off │  med │      Class
[14:55:16]   ──────────────────────────── │ ────── │ ───── │ ──── │ ───── │ ───── │ ─────── │ ───── │ ──── │ ──────────
[14:55:16]   sigma_current                │    149 │  3.2% │   24 │   125 │ 16.1% │   26.8% │ -0.6 │  +0 │  DETECTION ★★★
[14:55:16]   vwap_spread_current_wave     │    232 │  5.0% │   30 │   202 │ 12.9% │   17.9% │ -1.0 │  -1 │     ALERTA ★★
[14:55:16]   kf_tension_pred_val          │    283 │  6.2% │   34 │   249 │ 12.0% │   23.2% │ -1.0 │  -1 │     ALERTA ★★
[14:55:16]   tension_tide                 │    271 │  5.9% │   32 │   239 │ 11.8% │   21.4% │ -0.9 │  -1 │     ALERTA ★★
[14:55:16]   conj_current_tide            │    258 │  5.6% │   30 │   228 │ 11.6% │   17.9% │ -1.0 │  -1 │     ALERTA ★★
[14:55:16]   tide_slope                   │    189 │  4.1% │   21 │   168 │ 11.1% │   12.5% │ -1.0 │  -1 │     ALERTA ★★
[14:55:16]   vwap_sigma_wave              │    132 │  2.9% │   14 │   118 │ 10.6% │   21.4% │ -0.3 │  +0 │  DETECTION ★★
[14:55:16]   vwap_spread_tide_current     │    227 │  4.9% │   24 │   203 │ 10.6% │   14.3% │ -1.0 │  -1 │     ALERTA ★★
[14:55:16]   wave_accel                   │    264 │  5.7% │   27 │   237 │ 10.2% │   28.6% │ -0.9 │  -1 │     ALERTA ★★
[14:55:16]   current_slope                │    225 │  4.9% │   23 │   202 │ 10.2% │   14.3% │ -1.0 │  -1 │     ALERTA ★★
[14:55:16]   vwap_spread_tide_wave        │    221 │  4.8% │   22 │   199 │ 10.0% │   14.3% │ -1.0 │  -1 │     ALERTA ★
[14:55:16]   kf_conj_filt_vel             │    273 │  5.9% │   26 │   247 │  9.5% │   19.6% │ -1.0 │  -1 │     ALERTA ★
[14:55:16]   kf_rsi_filt_vel              │    201 │  4.4% │   19 │   182 │  9.5% │   21.4% │ -0.7 │  -1 │     ALERTA ★
[14:55:16]   kf_price_pred_val            │    251 │  5.5% │   22 │   229 │  8.8% │   32.1% │ -0.5 │  +0 │  DETECTION ★
[14:55:16]   sigma_wave                   │    139 │  3.0% │   12 │   127 │  8.6% │   12.5% │ -0.8 │  -1 │     ALERTA ★
[14:55:16]   wave_slope                   │    218 │  4.7% │   18 │   200 │  8.3% │   12.5% │ -1.1 │  -1 │     ALERTA ★
[14:55:16]   conj_wave_tide               │    250 │  5.4% │   20 │   230 │  8.0% │   14.3% │ -1.0 │  -1 │     ALERTA ★
[14:55:16]   kf_conj_pred_val             │    250 │  5.4% │   20 │   230 │  8.0% │   12.5% │ -1.1 │  -1 │     ALERTA ★
[14:55:16]   kf_price_filt_vel            │    227 │  4.9% │   18 │   209 │  7.9% │   21.4% │ -0.8 │  -0 │  DETECTION ★
[14:55:16]   kf_rsi_pred_val              │    178 │  3.9% │   13 │   165 │  7.3% │   14.3% │ -0.5 │  +0 │  DETECTION ★
[14:55:16] 
  ── HH (59 turns) ──
[14:55:16]   Feature                      │  Fires │  Rate │   TP │    FP │ Prec% │ Recall% │ μ_off │  med │      Class
[14:55:16]   ──────────────────────────── │ ────── │ ───── │ ──── │ ───── │ ───── │ ─────── │ ───── │ ──── │ ──────────
[14:55:16]   conj_wave_tide               │    250 │  5.4% │   36 │   214 │ 14.4% │   20.3% │ -1.0 │  -1 │     ALERTA ★★
[14:55:16]   kf_conj_pred_val             │    250 │  5.4% │   36 │   214 │ 14.4% │   20.3% │ -1.0 │  -1 │     ALERTA ★★
[14:55:16]   wave_slope                   │    218 │  4.7% │   28 │   190 │ 12.8% │   16.9% │ -1.0 │  -1 │     ALERTA ★★
[14:55:16]   conj_wave_current            │    266 │  5.8% │   27 │   239 │ 10.2% │   16.9% │ -1.1 │  -1 │     ALERTA ★★
[14:55:16]   conj_current_tide            │    258 │  5.6% │   26 │   232 │ 10.1% │   15.3% │ -1.0 │  -1 │     ALERTA ★★
[14:55:16]   current_accel                │    223 │  4.8% │   22 │   201 │  9.9% │   15.3% │ -1.0 │  -1 │     ALERTA ★
[14:55:16]   tide_slope                   │    189 │  4.1% │   18 │   171 │  9.5% │   10.2% │ -1.0 │  -1 │     ALERTA ★
[14:55:16]   kf_conj_filt_vel             │    273 │  5.9% │   22 │   251 │  8.1% │   13.6% │ -0.9 │  -1 │     ALERTA ★
[14:55:16]   current_slope                │    225 │  4.9% │   18 │   207 │  8.0% │   11.9% │ -1.0 │  -1 │     ALERTA ★
[14:55:16]   vwap_spread_tide_current     │    227 │  4.9% │   18 │   209 │  7.9% │   10.2% │ -1.0 │  -1 │     ALERTA ★
[14:55:16]   tide_accel                   │    270 │  5.9% │   21 │   249 │  7.8% │   11.9% │ -1.0 │  -1 │     ALERTA ★
[14:55:16]   vwap_spread_current_wave     │    232 │  5.0% │   18 │   214 │  7.8% │   11.9% │ -1.1 │  -1 │     ALERTA ★
[14:55:16]   vwap_spread_tide_wave        │    221 │  4.8% │   17 │   204 │  7.7% │   10.2% │ -1.1 │  -1 │     ALERTA ★
[14:55:16]   wave_accel                   │    264 │  5.7% │   19 │   245 │  7.2% │   13.6% │ -0.9 │  -1 │     ALERTA ★
[14:55:16]   kf_price_pred_val            │    251 │  5.5% │   18 │   233 │  7.2% │   20.3% │ -0.8 │  -1 │     ALERTA ★
[14:55:16]   rsi_value                    │    165 │  3.6% │   11 │   154 │  6.7% │   11.9% │ -0.6 │  +0 │  DETECTION ★
[14:55:16]   tension_tide                 │    271 │  5.9% │   18 │   253 │  6.6% │   10.2% │ -1.0 │  -1 │     ALERTA ★
[14:55:16]   kf_tension_pred_val          │    283 │  6.2% │   17 │   266 │  6.0% │   10.2% │ -1.1 │  -1 │     ALERTA ★
[14:55:16]   kf_tension_filt_vel          │    273 │  5.9% │   16 │   257 │  5.9% │   15.3% │ -0.7 │  -0 │  DETECTION ★
[14:55:16]   compression_ratio            │    171 │  3.7% │   10 │   161 │  5.8% │    6.8% │ -1.0 │  -1 │     ALERTA ★
[14:55:16] 
  ── LH (45 turns) ──
[14:55:16]   Feature                      │  Fires │  Rate │   TP │    FP │ Prec% │ Recall% │ μ_off │  med │      Class
[14:55:16]   ──────────────────────────── │ ────── │ ───── │ ──── │ ───── │ ───── │ ─────── │ ───── │ ──── │ ──────────
[14:55:16]   current_slope                │    225 │  4.9% │   30 │   195 │ 13.3% │   22.2% │ -1.0 │  -1 │     ALERTA ★★
[14:55:16]   vwap_spread_current_wave     │    232 │  5.0% │   30 │   202 │ 12.9% │   24.4% │ -0.9 │  -1 │     ALERTA ★★
[14:55:16]   kf_price_innovation          │    221 │  4.8% │   26 │   195 │ 11.8% │   35.6% │ -0.9 │  -1 │     ALERTA ★★
[14:55:16]   kf_conj_filt_vel             │    273 │  5.9% │   32 │   241 │ 11.7% │   26.7% │ -1.0 │  -1 │     ALERTA ★★
[14:55:16]   conj_current_tide            │    258 │  5.6% │   30 │   228 │ 11.6% │   22.2% │ -1.0 │  -1 │     ALERTA ★★
[14:55:16]   kf_price_pred_val            │    251 │  5.5% │   28 │   223 │ 11.2% │   42.2% │ -0.8 │  -1 │     ALERTA ★★
[14:55:16]   sigma_tide                   │    166 │  3.6% │   18 │   148 │ 10.8% │   15.6% │ -1.1 │  -1 │     ALERTA ★★
[14:55:16]   wave_accel                   │    264 │  5.7% │   28 │   236 │ 10.6% │   31.1% │ -1.0 │  -1 │     ALERTA ★★
[14:55:16]   kf_conj_pred_val             │    250 │  5.4% │   26 │   224 │ 10.4% │   20.0% │ -1.0 │  -1 │     ALERTA ★★
[14:55:16]   kf_price_filt_vel            │    227 │  4.9% │   23 │   204 │ 10.1% │   31.1% │ -0.7 │  -1 │     ALERTA ★★
[14:55:16]   conj_wave_tide               │    250 │  5.4% │   25 │   225 │ 10.0% │   20.0% │ -1.0 │  -1 │     ALERTA ★★
[14:55:16]   vwap_spread_tide_wave        │    221 │  4.8% │   21 │   200 │  9.5% │   15.6% │ -1.0 │  -1 │     ALERTA ★
[14:55:16]   vwap_spread_tide_current     │    227 │  4.9% │   21 │   206 │  9.3% │   15.6% │ -1.0 │  -1 │     ALERTA ★
[14:55:16]   tension_current              │    164 │  3.6% │   15 │   149 │  9.1% │   15.6% │ -0.8 │  -1 │     ALERTA ★
[14:55:16]   vwap_sigma_tide              │    223 │  4.8% │   20 │   203 │  9.0% │   20.0% │ -1.1 │  -1 │     ALERTA ★
[14:55:16]   tide_accel                   │    270 │  5.9% │   24 │   246 │  8.9% │   20.0% │ -1.0 │  -1 │     ALERTA ★
[14:55:16]   wave_slope                   │    218 │  4.7% │   18 │   200 │  8.3% │   13.3% │ -1.0 │  -1 │     ALERTA ★
[14:55:16]   tide_slope                   │    189 │  4.1% │   15 │   174 │  7.9% │   11.1% │ -1.0 │  -1 │     ALERTA ★
[14:55:16]   conj_wave_current            │    266 │  5.8% │   21 │   245 │  7.9% │   15.6% │ -1.0 │  -1 │     ALERTA ★
[14:55:16]   tension_wave                 │    170 │  3.7% │   13 │   157 │  7.6% │   15.6% │ -1.0 │  -1 │     ALERTA ★
[14:55:16] 
  Processing IBM...
[14:55:17] ════════════════════════════════════════════════════════════════════════════════════════════════════
[14:55:17]   TICKER: IBM
[14:55:17] ════════════════════════════════════════════════════════════════════════════════════════════════════
[14:55:17] 
  ── LL (48 turns) ──
[14:55:17]   Feature                      │  Fires │  Rate │   TP │    FP │ Prec% │ Recall% │ μ_off │  med │      Class
[14:55:17]   ──────────────────────────── │ ────── │ ───── │ ──── │ ───── │ ───── │ ─────── │ ───── │ ──── │ ──────────
[14:55:17]   vwap_sigma_tide              │    135 │  2.9% │   31 │   104 │ 23.0% │   27.1% │ -0.9 │  -1 │     ALERTA ★★★
[14:55:17]   vwap_sigma_current           │     95 │  2.1% │   21 │    74 │ 22.1% │   25.0% │ -0.7 │  +0 │  DETECTION ★★★
[14:55:17]   vwap_sigma_wave              │    101 │  2.2% │   21 │    80 │ 20.8% │   29.2% │ -0.8 │  -1 │     ALERTA ★★★
[14:55:17]   kf_price_pred_val            │    236 │  5.1% │   36 │   200 │ 15.3% │   58.3% │ -0.6 │  +0 │  DETECTION ★★★
[14:55:17]   sigma_tide                   │    160 │  3.5% │   23 │   137 │ 14.4% │   27.1% │ -0.8 │  -1 │     ALERTA ★★
[14:55:17]   rsi_value                    │    197 │  4.3% │   27 │   170 │ 13.7% │   31.2% │ -0.7 │  +0 │  DETECTION ★★
[14:55:17]   current_accel                │    273 │  5.9% │   32 │   241 │ 11.7% │   27.1% │ -0.9 │  -1 │     ALERTA ★★
[14:55:17]   sigma_current                │    175 │  3.8% │   19 │   156 │ 10.9% │   25.0% │ -0.6 │  +0 │  DETECTION ★★
[14:55:17]   tide_accel                   │    216 │  4.7% │   23 │   193 │ 10.6% │   22.9% │ -0.8 │  -1 │     ALERTA ★★
[14:55:17]   kf_rsi_pred_val              │    208 │  4.5% │   21 │   187 │ 10.1% │   29.2% │ -0.6 │  +0 │  DETECTION ★★
[14:55:17]   kf_price_filt_vel            │    240 │  5.2% │   23 │   217 │  9.6% │   35.4% │ -1.0 │  -1 │     ALERTA ★
[14:55:17]   wave_accel                   │    263 │  5.7% │   23 │   240 │  8.7% │   27.1% │ -0.7 │  -1 │     ALERTA ★
[14:55:17]   wave_slope                   │    213 │  4.6% │   18 │   195 │  8.5% │   14.6% │ -1.0 │  -1 │     ALERTA ★
[14:55:17]   kf_price_innovation          │    238 │  5.2% │   20 │   218 │  8.4% │   27.1% │ -1.1 │  -1 │     ALERTA ★
[14:55:17]   sigma_wave                   │    165 │  3.6% │   13 │   152 │  7.9% │   18.8% │ -0.9 │  -1 │     ALERTA ★
[14:55:17]   compression_ratio            │    191 │  4.2% │   15 │   176 │  7.9% │   10.4% │ -1.0 │  -1 │     ALERTA ★
[14:55:17]   vwap_spread_current_wave     │    240 │  5.2% │   18 │   222 │  7.5% │   12.5% │ -1.0 │  -1 │     ALERTA ★
[14:55:17]   kf_rvol_pred_val             │    187 │  4.1% │   14 │   173 │  7.5% │   18.8% │ -1.0 │  -1 │     ALERTA ★
[14:55:17]   kf_conj_filt_vel             │    266 │  5.8% │   19 │   247 │  7.1% │   16.7% │ -0.9 │  -1 │     ALERTA ★
[14:55:17]   kf_tension_filt_vel          │    246 │  5.4% │   17 │   229 │  6.9% │   18.8% │ -0.8 │  -1 │     ALERTA ★
[14:55:17] 
  ── HL (60 turns) ──
[14:55:17]   Feature                      │  Fires │  Rate │   TP │    FP │ Prec% │ Recall% │ μ_off │  med │      Class
[14:55:17]   ──────────────────────────── │ ────── │ ───── │ ──── │ ───── │ ───── │ ─────── │ ───── │ ──── │ ──────────
[14:55:17]   kf_rsi_filt_vel              │    212 │  4.6% │   28 │   184 │ 13.2% │   28.3% │ -0.8 │  -1 │     ALERTA ★★
[14:55:17]   current_slope                │    235 │  5.1% │   29 │   206 │ 12.3% │   16.7% │ -1.0 │  -1 │     ALERTA ★★
[14:55:17]   sigma_wave                   │    165 │  3.6% │   20 │   145 │ 12.1% │   21.7% │ -0.6 │  +0 │  DETECTION ★★
[14:55:17]   tension_tide                 │    166 │  3.6% │   20 │   146 │ 12.0% │   15.0% │ -0.8 │  -1 │     ALERTA ★★
[14:55:17]   sigma_current                │    175 │  3.8% │   21 │   154 │ 12.0% │   21.7% │ -0.5 │  +0 │  DETECTION ★★
[14:55:17]   vwap_sigma_current           │     95 │  2.1% │   11 │    84 │ 11.6% │   10.0% │ -0.6 │  +0 │  DETECTION ★★
[14:55:17]   conj_current_tide            │    281 │  6.1% │   31 │   250 │ 11.0% │   18.3% │ -1.0 │  -1 │     ALERTA ★★
[14:55:17]   kf_tension_pred_val          │    174 │  3.8% │   19 │   155 │ 10.9% │   13.3% │ -0.9 │  -1 │     ALERTA ★★
[14:55:17]   kf_price_pred_val            │    236 │  5.1% │   25 │   211 │ 10.6% │   35.0% │ -0.6 │  +0 │  DETECTION ★★
[14:55:17]   wave_accel                   │    263 │  5.7% │   27 │   236 │ 10.3% │   18.3% │ -0.9 │  -1 │     ALERTA ★★
[14:55:17]   tension_current              │    138 │  3.0% │   14 │   124 │ 10.1% │   11.7% │ -0.9 │  -1 │     ALERTA ★★
[14:55:17]   conj_wave_tide               │    270 │  5.9% │   27 │   243 │ 10.0% │   18.3% │ -1.0 │  -1 │     ALERTA ★★
[14:55:17]   wave_slope                   │    213 │  4.6% │   21 │   192 │  9.9% │   11.7% │ -1.0 │  -1 │     ALERTA ★
[14:55:17]   kf_conj_pred_val             │    266 │  5.8% │   25 │   241 │  9.4% │   16.7% │ -1.0 │  -1 │     ALERTA ★
[14:55:17]   kf_rvol_pred_val             │    187 │  4.1% │   17 │   170 │  9.1% │   25.0% │ -0.8 │  +0 │  DETECTION ★
[14:55:17]   vwap_sigma_wave              │    101 │  2.2% │    9 │    92 │  8.9% │   10.0% │ -0.4 │  +0 │  DETECTION ★
[14:55:17]   tide_accel                   │    216 │  4.7% │   19 │   197 │  8.8% │   11.7% │ -1.1 │  -1 │     ALERTA ★
[14:55:17]   vwap_spread_current_wave     │    240 │  5.2% │   21 │   219 │  8.8% │   11.7% │ -1.0 │  -1 │     ALERTA ★
[14:55:17]   vwap_spread_tide_current     │    194 │  4.2% │   16 │   178 │  8.2% │   10.0% │ -1.1 │  -1 │     ALERTA ★
[14:55:17]   kf_price_filt_vel            │    240 │  5.2% │   19 │   221 │  7.9% │   26.7% │ -0.7 │  +0 │  DETECTION ★
[14:55:17] 
  ── HH (61 turns) ──
[14:55:17]   Feature                      │  Fires │  Rate │   TP │    FP │ Prec% │ Recall% │ μ_off │  med │      Class
[14:55:17]   ──────────────────────────── │ ────── │ ───── │ ──── │ ───── │ ───── │ ─────── │ ───── │ ──── │ ──────────
[14:55:17]   current_slope                │    235 │  5.1% │   33 │   202 │ 14.0% │   19.7% │ -1.0 │  -1 │     ALERTA ★★
[14:55:17]   rsi_value                    │    197 │  4.3% │   26 │   171 │ 13.2% │   21.3% │ -0.8 │  -1 │     ALERTA ★★
[14:55:17]   vwap_spread_current_wave     │    240 │  5.2% │   30 │   210 │ 12.5% │   16.4% │ -1.0 │  -1 │     ALERTA ★★
[14:55:17]   kf_rsi_pred_val              │    208 │  4.5% │   23 │   185 │ 11.1% │   18.0% │ -0.8 │  -1 │     ALERTA ★★
[14:55:17]   conj_current_tide            │    281 │  6.1% │   30 │   251 │ 10.7% │   16.4% │ -1.0 │  -1 │     ALERTA ★★
[14:55:17]   conj_wave_current            │    225 │  4.9% │   24 │   201 │ 10.7% │   14.8% │ -1.0 │  -1 │     ALERTA ★★
[14:55:17]   vwap_spread_tide_current     │    194 │  4.2% │   18 │   176 │  9.3% │    9.8% │ -1.0 │  -1 │     ALERTA ★
[14:55:17]   vwap_spread_tide_wave        │    200 │  4.4% │   18 │   182 │  9.0% │    9.8% │ -1.0 │  -1 │     ALERTA ★
[14:55:17]   tide_accel                   │    216 │  4.7% │   19 │   197 │  8.8% │   13.1% │ -1.0 │  -1 │     ALERTA ★
[14:55:17]   sigma_current                │    175 │  3.8% │   15 │   160 │  8.6% │   13.1% │ -0.7 │  -1 │     ALERTA ★
[14:55:17]   kf_rvol_pred_val             │    187 │  4.1% │   16 │   171 │  8.6% │   21.3% │ -0.6 │  +0 │  DETECTION ★
[14:55:17]   current_accel                │    273 │  5.9% │   23 │   250 │  8.4% │   18.0% │ -0.9 │  -1 │     ALERTA ★
[14:55:17]   sigma_wave                   │    165 │  3.6% │   13 │   152 │  7.9% │   13.1% │ -0.9 │  -1 │     ALERTA ★
[14:55:17]   vwap_sigma_current           │     95 │  2.1% │    7 │    88 │  7.4% │    8.2% │ -0.7 │  -1 │     ALERTA ★
[14:55:17]   wave_slope                   │    213 │  4.6% │   15 │   198 │  7.0% │    9.8% │ -0.9 │  -1 │     ALERTA ★
[14:55:17]   wave_accel                   │    263 │  5.7% │   18 │   245 │  6.8% │   13.1% │ -1.0 │  -1 │     ALERTA ★
[14:55:17]   kf_price_innovation          │    238 │  5.2% │   16 │   222 │  6.7% │   19.7% │ -0.9 │  -1 │     ALERTA ★
[14:55:17]   kf_conj_filt_vel             │    266 │  5.8% │   17 │   249 │  6.4% │   11.5% │ -0.9 │  -1 │     ALERTA ★
[14:55:17]   kf_price_pred_val            │    236 │  5.1% │   15 │   221 │  6.4% │   21.3% │ -0.9 │  -1 │     ALERTA ★
[14:55:17]   kf_rvol_filt_vel             │    239 │  5.2% │   13 │   226 │  5.4% │   19.7% │ -0.5 │  +0 │  DETECTION ★
[14:55:17] 
  ── LH (46 turns) ──
[14:55:17]   Feature                      │  Fires │  Rate │   TP │    FP │ Prec% │ Recall% │ μ_off │  med │      Class
[14:55:17]   ──────────────────────────── │ ────── │ ───── │ ──── │ ───── │ ───── │ ─────── │ ───── │ ──── │ ──────────
[14:55:17]   compression_ratio            │    191 │  4.2% │   21 │   170 │ 11.0% │   15.2% │ -1.0 │  -1 │     ALERTA ★★
[14:55:17]   wave_slope                   │    213 │  4.6% │   22 │   191 │ 10.3% │   19.6% │ -1.0 │  -1 │     ALERTA ★★
[14:55:17]   kf_price_pred_val            │    236 │  5.1% │   20 │   216 │  8.5% │   28.3% │ -0.8 │  -1 │     ALERTA ★
[14:55:17]   kf_conj_pred_val             │    266 │  5.8% │   21 │   245 │  7.9% │   17.4% │ -1.0 │  -1 │     ALERTA ★
[14:55:17]   current_slope                │    235 │  5.1% │   18 │   217 │  7.7% │   13.0% │ -1.0 │  -1 │     ALERTA ★
[14:55:17]   kf_price_filt_vel            │    240 │  5.2% │   18 │   222 │  7.5% │   26.1% │ -0.8 │  -1 │     ALERTA ★
[14:55:17]   conj_current_tide            │    281 │  6.1% │   21 │   260 │  7.5% │   15.2% │ -1.0 │  -1 │     ALERTA ★
[14:55:17]   conj_wave_tide               │    270 │  5.9% │   20 │   250 │  7.4% │   17.4% │ -1.0 │  -1 │     ALERTA ★
[14:55:17]   wave_accel                   │    263 │  5.7% │   16 │   247 │  6.1% │   15.2% │ -1.2 │  -1 │     ALERTA ★
[14:55:17]   tide_accel                   │    216 │  4.7% │   13 │   203 │  6.0% │   13.0% │ -1.2 │  -1 │     ALERTA ★
[14:55:17]   vwap_sigma_tide              │    135 │  2.9% │    8 │   127 │  5.9% │   10.9% │ -1.4 │  -2 │     ALERTA ★
[14:55:17]   kf_price_innovation          │    238 │  5.2% │   14 │   224 │  5.9% │   19.6% │ -1.1 │  -1 │     ALERTA ★
[14:55:17]   vwap_spread_current_wave     │    240 │  5.2% │   13 │   227 │  5.4% │   10.9% │ -1.1 │  -1 │     ALERTA ★
[14:55:17]   kf_tension_filt_vel          │    246 │  5.4% │   13 │   233 │  5.3% │   13.0% │ -0.8 │  -1 │     ALERTA ★
[14:55:17]   kf_conj_filt_vel             │    266 │  5.8% │   14 │   252 │  5.3% │   13.0% │ -0.9 │  -1 │     ALERTA ★
[14:55:17]   sigma_current                │    175 │  3.8% │    9 │   166 │  5.1% │   13.0% │ -1.1 │  -1 │     ALERTA ★
[14:55:17]   tension_current              │    138 │  3.0% │    7 │   131 │  5.1% │    8.7% │ -1.1 │  -1 │     ALERTA ★
[14:55:17]   current_accel                │    273 │  5.9% │   12 │   261 │  4.4% │   13.0% │ -1.0 │  -1 │     ALERTA 
[14:55:17]   sigma_tide                   │    160 │  3.5% │    7 │   153 │  4.4% │    6.5% │ -1.0 │  -1 │     ALERTA 
[14:55:17]   kf_rsi_filt_vel              │    212 │  4.6% │    9 │   203 │  4.2% │   10.9% │ -1.0 │  -1 │     ALERTA 
[14:55:17] 
  Processing JNJ...
[14:55:18] ════════════════════════════════════════════════════════════════════════════════════════════════════
[14:55:18]   TICKER: JNJ
[14:55:18] ════════════════════════════════════════════════════════════════════════════════════════════════════
[14:55:18] 
  ── LL (31 turns) ──
[14:55:18]   Feature                      │  Fires │  Rate │   TP │    FP │ Prec% │ Recall% │ μ_off │  med │      Class
[14:55:18]   ──────────────────────────── │ ────── │ ───── │ ──── │ ───── │ ───── │ ─────── │ ───── │ ──── │ ──────────
[14:55:18]   vwap_sigma_tide              │     82 │  1.8% │   21 │    61 │ 25.6% │   35.5% │ -0.6 │  +0 │  DETECTION ★★★
[14:55:18]   vwap_sigma_current           │    123 │  2.7% │   22 │   101 │ 17.9% │   38.7% │ -0.7 │  -0 │  DETECTION ★★★
[14:55:18]   sigma_tide                   │    120 │  2.6% │   20 │   100 │ 16.7% │   35.5% │ -0.7 │  +0 │  DETECTION ★★★
[14:55:18]   vwap_sigma_wave              │     93 │  2.0% │   15 │    78 │ 16.1% │   41.9% │ -0.6 │  +0 │  DETECTION ★★★
[14:55:18]   sigma_current                │    165 │  3.6% │   21 │   144 │ 12.7% │   29.0% │ -0.9 │  -1 │     ALERTA ★★
[14:55:18]   kf_price_pred_val            │    212 │  4.6% │   26 │   186 │ 12.3% │   54.8% │ -0.7 │  -1 │     ALERTA ★★
[14:55:18]   fear_level                   │    172 │  3.7% │   21 │   151 │ 12.2% │   29.0% │ -0.9 │  -1 │     ALERTA ★★
[14:55:18]   wave_accel                   │    221 │  4.8% │   24 │   197 │ 10.9% │   41.9% │ -0.8 │  -0 │  DETECTION ★★
[14:55:18]   wave_slope                   │    226 │  4.9% │   24 │   202 │ 10.6% │   29.0% │ -0.9 │  -1 │     ALERTA ★★
[14:55:18]   conj_wave_current            │    179 │  3.9% │   19 │   160 │ 10.6% │   22.6% │ -0.9 │  -1 │     ALERTA ★★
[14:55:18]   conj_wave_tide               │    227 │  4.9% │   24 │   203 │ 10.6% │   29.0% │ -1.0 │  -1 │     ALERTA ★★
[14:55:18]   kf_rsi_pred_val              │    190 │  4.1% │   20 │   170 │ 10.5% │   35.5% │ -0.8 │  -0 │  DETECTION ★★
[14:55:18]   kf_conj_pred_val             │    229 │  5.0% │   24 │   205 │ 10.5% │   29.0% │ -1.0 │  -1 │     ALERTA ★★
[14:55:18]   kf_price_innovation          │    201 │  4.4% │   21 │   180 │ 10.4% │   48.4% │ -1.0 │  -1 │     ALERTA ★★
[14:55:18]   rsi_value                    │    165 │  3.6% │   17 │   148 │ 10.3% │   29.0% │ -0.6 │  +0 │  DETECTION ★★
[14:55:18]   current_accel                │    203 │  4.4% │   20 │   183 │  9.9% │   32.3% │ -0.7 │  -0 │  DETECTION ★
[14:55:18]   kf_price_filt_vel            │    211 │  4.6% │   20 │   191 │  9.5% │   41.9% │ -0.8 │  -1 │     ALERTA ★
[14:55:18]   compression_ratio            │    221 │  4.8% │   19 │   202 │  8.6% │   25.8% │ -0.8 │  -1 │     ALERTA ★
[14:55:18]   kf_conj_filt_vel             │    210 │  4.6% │   18 │   192 │  8.6% │   25.8% │ -0.9 │  -1 │     ALERTA ★
[14:55:18]   vwap_spread_current_wave     │    224 │  4.9% │   18 │   206 │  8.0% │   19.4% │ -1.0 │  -1 │     ALERTA ★
[14:55:18] 
  ── HL (36 turns) ──
[14:55:18]   Feature                      │  Fires │  Rate │   TP │    FP │ Prec% │ Recall% │ μ_off │  med │      Class
[14:55:18]   ──────────────────────────── │ ────── │ ───── │ ──── │ ───── │ ───── │ ─────── │ ───── │ ──── │ ──────────
[14:55:18]   vwap_sigma_current           │    123 │  2.7% │   22 │   101 │ 17.9% │   33.3% │ -0.8 │  -0 │  DETECTION ★★★
[14:55:18]   vwap_sigma_wave              │     93 │  2.0% │    9 │    84 │  9.7% │   19.4% │ -0.7 │  +0 │  DETECTION ★
[14:55:18]   sigma_current                │    165 │  3.6% │   14 │   151 │  8.5% │   25.0% │ -0.9 │  -1 │     ALERTA ★
[14:55:18]   sigma_tide                   │    120 │  2.6% │   10 │   110 │  8.3% │   13.9% │ -0.7 │  -0 │  DETECTION ★
[14:55:18]   kf_price_pred_val            │    212 │  4.6% │   16 │   196 │  7.5% │   30.6% │ -0.9 │  -1 │     ALERTA ★
[14:55:18]   current_accel                │    203 │  4.4% │   15 │   188 │  7.4% │   16.7% │ -0.9 │  -1 │     ALERTA ★
[14:55:18]   rsi_value                    │    165 │  3.6% │   12 │   153 │  7.3% │   19.4% │ -0.8 │  -0 │  DETECTION ★
[14:55:18]   kf_price_innovation          │    201 │  4.4% │   13 │   188 │  6.5% │   25.0% │ -1.1 │  -1 │     ALERTA ★
[14:55:18]   kf_rvol_pred_val             │    202 │  4.4% │   13 │   189 │  6.4% │   27.8% │ -0.8 │  -1 │     ALERTA ★
[14:55:18]   conj_wave_current            │    179 │  3.9% │   11 │   168 │  6.1% │   13.9% │ -0.8 │  -1 │     ALERTA ★
[14:55:18]   kf_rsi_pred_val              │    190 │  4.1% │   11 │   179 │  5.8% │   16.7% │ -0.7 │  -1 │     ALERTA ★
[14:55:18]   kf_conj_pred_val             │    229 │  5.0% │   13 │   216 │  5.7% │   16.7% │ -0.8 │  -1 │     ALERTA ★
[14:55:18]   kf_tension_pred_val          │    273 │  6.0% │   15 │   258 │  5.5% │   13.9% │ -1.0 │  -1 │     ALERTA ★
[14:55:18]   tension_tide                 │    268 │  5.8% │   14 │   254 │  5.2% │   13.9% │ -0.9 │  -1 │     ALERTA ★
[14:55:18]   kf_rvol_filt_vel             │    223 │  4.9% │   11 │   212 │  4.9% │   27.8% │ -0.7 │  +0 │  DETECTION 
[14:55:18]   conj_wave_tide               │    227 │  4.9% │   11 │   216 │  4.8% │   11.1% │ -0.9 │  -1 │     ALERTA 
[14:55:18]   kf_price_filt_vel            │    211 │  4.6% │   10 │   201 │  4.7% │   19.4% │ -0.9 │  -1 │     ALERTA 
[14:55:18]   sigma_wave                   │    133 │  2.9% │    6 │   127 │  4.5% │   11.1% │ -0.7 │  -0 │  DETECTION 
[14:55:18]   kf_rsi_filt_vel              │    222 │  4.8% │   10 │   212 │  4.5% │   16.7% │ -0.6 │  -0 │  DETECTION 
[14:55:18]   wave_slope                   │    226 │  4.9% │    9 │   217 │  4.0% │   11.1% │ -0.8 │  -1 │     ALERTA 
[14:55:18] 
  ── HH (36 turns) ──
[14:55:18]   Feature                      │  Fires │  Rate │   TP │    FP │ Prec% │ Recall% │ μ_off │  med │      Class
[14:55:18]   ──────────────────────────── │ ────── │ ───── │ ──── │ ───── │ ───── │ ─────── │ ───── │ ──── │ ──────────
[14:55:18]   conj_wave_current            │    179 │  3.9% │   12 │   167 │  6.7% │   11.1% │ -1.0 │  -1 │     ALERTA ★
[14:55:18]   rsi_value                    │    165 │  3.6% │   11 │   154 │  6.7% │   19.4% │ -0.5 │  +0 │  DETECTION ★
[14:55:18]   wave_slope                   │    226 │  4.9% │   14 │   212 │  6.2% │   13.9% │ -1.1 │  -1 │     ALERTA ★
[14:55:18]   kf_rsi_pred_val              │    190 │  4.1% │   11 │   179 │  5.8% │   16.7% │ -0.6 │  +0 │  DETECTION ★
[14:55:18]   conj_wave_tide               │    227 │  4.9% │   12 │   215 │  5.3% │   11.1% │ -1.0 │  -1 │     ALERTA ★
[14:55:18]   kf_conj_pred_val             │    229 │  5.0% │   11 │   218 │  4.8% │   11.1% │ -1.1 │  -1 │     ALERTA 
[14:55:18]   vwap_spread_tide_wave        │    261 │  5.7% │   12 │   249 │  4.6% │   11.1% │ -1.0 │  -1 │     ALERTA 
[14:55:18]   sigma_wave                   │    133 │  2.9% │    6 │   127 │  4.5% │   13.9% │ -0.2 │  +0 │  DETECTION 
[14:55:18]   vwap_sigma_wave              │     93 │  2.0% │    4 │    89 │  4.3% │   11.1% │ +0.0 │  +0 │  DETECTION 
[14:55:18]   tension_wave                 │    124 │  2.7% │    5 │   119 │  4.0% │    8.3% │ -1.4 │  -2 │     ALERTA 
[14:55:18]   kf_price_innovation          │    201 │  4.4% │    7 │   194 │  3.5% │   11.1% │ -1.0 │  -1 │     ALERTA 
[14:55:18]   vwap_spread_tide_current     │    268 │  5.8% │    9 │   259 │  3.4% │    8.3% │ -1.0 │  -1 │     ALERTA 
[14:55:18]   tide_accel                   │    181 │  3.9% │    6 │   175 │  3.3% │    8.3% │ -0.7 │  -0 │  DETECTION 
[14:55:18]   kf_price_pred_val            │    212 │  4.6% │    7 │   205 │  3.3% │   11.1% │ -0.9 │  -1 │     ALERTA 
[14:55:18]   compression_ratio            │    221 │  4.8% │    7 │   214 │  3.2% │    8.3% │ -0.9 │  -1 │     ALERTA 
[14:55:18]   kf_rvol_filt_vel             │    223 │  4.9% │    7 │   216 │  3.1% │   16.7% │ -0.9 │  -1 │     ALERTA 
[14:55:18]   kf_rvol_pred_val             │    202 │  4.4% │    6 │   196 │  3.0% │   13.9% │ -0.8 │  -0 │  DETECTION 
[14:55:18]   current_accel                │    203 │  4.4% │    6 │   197 │  3.0% │    8.3% │ -1.0 │  -1 │     ALERTA 
[14:55:18]   vwap_sigma_current           │    123 │  2.7% │    3 │   120 │  2.4% │    5.6% │ -0.3 │  +0 │  DETECTION 
[14:55:18]   sigma_current                │    165 │  3.6% │    4 │   161 │  2.4% │    8.3% │ -0.2 │  +0 │  DETECTION 
[14:55:18] 
  ── LH (30 turns) ──
[14:55:18]   Feature                      │  Fires │  Rate │   TP │    FP │ Prec% │ Recall% │ μ_off │  med │      Class
[14:55:18]   ──────────────────────────── │ ────── │ ───── │ ──── │ ───── │ ───── │ ─────── │ ───── │ ──── │ ──────────
[14:55:18]   kf_price_pred_val            │    212 │  4.6% │   25 │   187 │ 11.8% │   43.3% │ -1.0 │  -1 │     ALERTA ★★
[14:55:18]   kf_price_filt_vel            │    211 │  4.6% │   17 │   194 │  8.1% │   30.0% │ -0.7 │  -1 │     ALERTA ★
[14:55:18]   current_accel                │    203 │  4.4% │   16 │   187 │  7.9% │   23.3% │ -1.0 │  -1 │     ALERTA ★
[14:55:18]   conj_wave_current            │    179 │  3.9% │   13 │   166 │  7.3% │   16.7% │ -1.1 │  -1 │     ALERTA ★
[14:55:18]   kf_price_innovation          │    201 │  4.4% │   14 │   187 │  7.0% │   26.7% │ -0.9 │  -1 │     ALERTA ★
[14:55:18]   sigma_wave                   │    133 │  2.9% │    8 │   125 │  6.0% │   16.7% │ -0.8 │  -0 │  DETECTION ★
[14:55:18]   compression_ratio            │    221 │  4.8% │   13 │   208 │  5.9% │   16.7% │ -0.9 │  -1 │     ALERTA ★
[14:55:18]   sigma_current                │    165 │  3.6% │    9 │   156 │  5.5% │   26.7% │ -1.0 │  -1 │     ALERTA ★
[14:55:18]   wave_slope                   │    226 │  4.9% │   12 │   214 │  5.3% │   16.7% │ -1.1 │  -1 │     ALERTA ★
[14:55:18]   wave_accel                   │    221 │  4.8% │   11 │   210 │  5.0% │   30.0% │ -1.0 │  -1 │     ALERTA 
[14:55:18]   vwap_sigma_tide              │     82 │  1.8% │    4 │    78 │  4.9% │   13.3% │ -1.8 │  -2 │     ALERTA 
[14:55:18]   conj_wave_tide               │    227 │  4.9% │   11 │   216 │  4.8% │   16.7% │ -1.1 │  -1 │     ALERTA 
[14:55:18]   kf_conj_pred_val             │    229 │  5.0% │   11 │   218 │  4.8% │   16.7% │ -1.0 │  -1 │     ALERTA 
[14:55:18]   kf_rsi_filt_vel              │    222 │  4.8% │   10 │   212 │  4.5% │   23.3% │ -0.6 │  +0 │  DETECTION 
[14:55:18]   vwap_spread_current_wave     │    224 │  4.9% │   10 │   214 │  4.5% │   13.3% │ -1.1 │  -1 │     ALERTA 
[14:55:18]   current_slope                │    203 │  4.4% │    9 │   194 │  4.4% │   10.0% │ -1.0 │  -1 │     ALERTA 
[14:55:18]   kf_conj_filt_vel             │    210 │  4.6% │    9 │   201 │  4.3% │   20.0% │ -1.3 │  -1 │     ALERTA 
[14:55:18]   conj_current_tide            │    216 │  4.7% │    9 │   207 │  4.2% │   10.0% │ -1.0 │  -1 │     ALERTA 
[14:55:18]   sigma_tide                   │    120 │  2.6% │    4 │   116 │  3.3% │   13.3% │ -1.8 │  -2 │     ALERTA 
[14:55:18]   vwap_sigma_current           │    123 │  2.7% │    4 │   119 │  3.3% │   10.0% │ -1.8 │  -2 │     ALERTA 
[14:55:18] 
  Processing JPM...
[14:55:18] ════════════════════════════════════════════════════════════════════════════════════════════════════
[14:55:18]   TICKER: JPM
[14:55:18] ════════════════════════════════════════════════════════════════════════════════════════════════════
[14:55:18] 
  ── LL (79 turns) ──
[14:55:18]   Feature                      │  Fires │  Rate │   TP │    FP │ Prec% │ Recall% │ μ_off │  med │      Class
[14:55:18]   ──────────────────────────── │ ────── │ ───── │ ──── │ ───── │ ───── │ ─────── │ ───── │ ──── │ ──────────
[14:55:18]   vwap_sigma_tide              │    160 │  3.5% │   66 │    94 │ 41.2% │   40.5% │ -0.8 │  -1 │     ALERTA ★★★
[14:55:18]   vwap_sigma_current           │    109 │  2.4% │   40 │    69 │ 36.7% │   29.1% │ -0.7 │  -0 │  DETECTION ★★★
[14:55:18]   vwap_sigma_wave              │    102 │  2.2% │   31 │    71 │ 30.4% │   24.1% │ -0.7 │  +0 │  DETECTION ★★★
[14:55:18]   kf_rsi_pred_val              │    200 │  4.4% │   57 │   143 │ 28.5% │   32.9% │ -0.8 │  -1 │     ALERTA ★★★
[14:55:18]   sigma_tide                   │    127 │  2.8% │   35 │    92 │ 27.6% │   24.1% │ -0.7 │  -1 │     ALERTA ★★★
[14:55:18]   rsi_value                    │    185 │  4.0% │   46 │   139 │ 24.9% │   29.1% │ -0.7 │  -1 │     ALERTA ★★★
[14:55:18]   kf_price_pred_val            │    212 │  4.6% │   44 │   168 │ 20.8% │   35.4% │ -0.7 │  -1 │     ALERTA ★★★
[14:55:18]   current_accel                │    246 │  5.4% │   50 │   196 │ 20.3% │   29.1% │ -0.9 │  -1 │     ALERTA ★★★
[14:55:18]   wave_accel                   │    242 │  5.3% │   45 │   197 │ 18.6% │   27.8% │ -0.9 │  -1 │     ALERTA ★★★
[14:55:18]   kf_conj_filt_vel             │    246 │  5.4% │   38 │   208 │ 15.4% │   20.3% │ -0.9 │  -1 │     ALERTA ★★★
[14:55:18]   sigma_current                │    150 │  3.3% │   23 │   127 │ 15.3% │   15.2% │ -0.8 │  -1 │     ALERTA ★★★
[14:55:18]   kf_price_filt_vel            │    188 │  4.1% │   27 │   161 │ 14.4% │   25.3% │ -0.9 │  -1 │     ALERTA ★★
[14:55:18]   wave_slope                   │    244 │  5.3% │   35 │   209 │ 14.3% │   16.5% │ -0.9 │  -1 │     ALERTA ★★
[14:55:18]   kf_price_innovation          │    196 │  4.3% │   28 │   168 │ 14.3% │   24.1% │ -1.0 │  -1 │     ALERTA ★★
[14:55:18]   compression_ratio            │    150 │  3.3% │   21 │   129 │ 14.0% │   11.4% │ -0.9 │  -1 │     ALERTA ★★
[14:55:18]   current_slope                │    245 │  5.3% │   33 │   212 │ 13.5% │   15.2% │ -0.9 │  -1 │     ALERTA ★★
[14:55:18]   kf_rvol_pred_val             │    217 │  4.7% │   29 │   188 │ 13.4% │   22.8% │ -0.8 │  -1 │     ALERTA ★★
[14:55:18]   conj_wave_current            │    243 │  5.3% │   32 │   211 │ 13.2% │   15.2% │ -0.9 │  -1 │     ALERTA ★★
[14:55:18]   sigma_wave                   │    158 │  3.4% │   19 │   139 │ 12.0% │   15.2% │ -0.8 │  -1 │     ALERTA ★★
[14:55:18]   tension_tide                 │    188 │  4.1% │   22 │   166 │ 11.7% │   15.2% │ -1.0 │  -1 │     ALERTA ★★
[14:55:18] 
  ── HL (85 turns) ──
[14:55:18]   Feature                      │  Fires │  Rate │   TP │    FP │ Prec% │ Recall% │ μ_off │  med │      Class
[14:55:18]   ──────────────────────────── │ ────── │ ───── │ ──── │ ───── │ ───── │ ─────── │ ───── │ ──── │ ──────────
[14:55:18]   kf_price_innovation          │    196 │  4.3% │   46 │   150 │ 23.5% │   31.8% │ -1.0 │  -1 │     ALERTA ★★★
[14:55:18]   current_slope                │    245 │  5.3% │   55 │   190 │ 22.4% │   22.4% │ -1.0 │  -1 │     ALERTA ★★★
[14:55:18]   kf_price_filt_vel            │    188 │  4.1% │   42 │   146 │ 22.3% │   30.6% │ -1.0 │  -1 │     ALERTA ★★★
[14:55:18]   kf_price_pred_val            │    212 │  4.6% │   47 │   165 │ 22.2% │   30.6% │ -1.1 │  -1 │     ALERTA ★★★
[14:55:18]   kf_conj_pred_val             │    242 │  5.3% │   50 │   192 │ 20.7% │   21.2% │ -1.0 │  -1 │     ALERTA ★★★
[14:55:18]   wave_slope                   │    244 │  5.3% │   50 │   194 │ 20.5% │   20.0% │ -1.0 │  -1 │     ALERTA ★★★
[14:55:18]   conj_wave_tide               │    238 │  5.2% │   47 │   191 │ 19.7% │   21.2% │ -1.0 │  -1 │     ALERTA ★★★
[14:55:18]   wave_accel                   │    242 │  5.3% │   42 │   200 │ 17.4% │   27.1% │ -1.0 │  -1 │     ALERTA ★★★
[14:55:18]   conj_current_tide            │    245 │  5.3% │   42 │   203 │ 17.1% │   18.8% │ -1.0 │  -1 │     ALERTA ★★★
[14:55:18]   vwap_spread_current_wave     │    253 │  5.5% │   43 │   210 │ 17.0% │   20.0% │ -1.0 │  -1 │     ALERTA ★★★
[14:55:18]   kf_conj_filt_vel             │    246 │  5.4% │   40 │   206 │ 16.3% │   20.0% │ -1.0 │  -1 │     ALERTA ★★★
[14:55:18]   sigma_current                │    150 │  3.3% │   24 │   126 │ 16.0% │   20.0% │ -0.6 │  +0 │  DETECTION ★★★
[14:55:18]   conj_wave_current            │    243 │  5.3% │   37 │   206 │ 15.2% │   20.0% │ -0.9 │  -1 │     ALERTA ★★★
[14:55:18]   vwap_sigma_wave              │    102 │  2.2% │   15 │    87 │ 14.7% │   12.9% │ -0.4 │  +0 │  DETECTION ★★
[14:55:18]   tide_slope                   │    281 │  6.1% │   41 │   240 │ 14.6% │   17.6% │ -0.9 │  -1 │     ALERTA ★★
[14:55:18]   current_accel                │    246 │  5.4% │   35 │   211 │ 14.2% │   22.4% │ -1.1 │  -1 │     ALERTA ★★
[14:55:18]   sigma_wave                   │    158 │  3.4% │   21 │   137 │ 13.3% │   16.5% │ -0.7 │  +0 │  DETECTION ★★
[14:55:18]   vwap_spread_tide_current     │    249 │  5.4% │   31 │   218 │ 12.4% │   14.1% │ -1.0 │  -1 │     ALERTA ★★
[14:55:18]   tension_current              │    159 │  3.5% │   19 │   140 │ 11.9% │   11.8% │ -0.8 │  -1 │     ALERTA ★★
[14:55:18]   vwap_spread_tide_wave        │    241 │  5.2% │   27 │   214 │ 11.2% │   11.8% │ -0.9 │  -1 │     ALERTA ★★
[14:55:18] 
  ── HH (95 turns) ──
[14:55:18]   Feature                      │  Fires │  Rate │   TP │    FP │ Prec% │ Recall% │ μ_off │  med │      Class
[14:55:18]   ──────────────────────────── │ ────── │ ───── │ ──── │ ───── │ ───── │ ─────── │ ───── │ ──── │ ──────────
[14:55:18]   kf_price_pred_val            │    212 │  4.6% │   42 │   170 │ 19.8% │   27.4% │ -0.8 │  -1 │     ALERTA ★★★
[14:55:18]   current_slope                │    245 │  5.3% │   48 │   197 │ 19.6% │   17.9% │ -1.0 │  -1 │     ALERTA ★★★
[14:55:18]   wave_accel                   │    242 │  5.3% │   46 │   196 │ 19.0% │   24.2% │ -0.8 │  -1 │     ALERTA ★★★
[14:55:18]   kf_price_innovation          │    196 │  4.3% │   37 │   159 │ 18.9% │   25.3% │ -1.1 │  -1 │     ALERTA ★★★
[14:55:18]   current_accel                │    246 │  5.4% │   45 │   201 │ 18.3% │   22.1% │ -1.0 │  -1 │     ALERTA ★★★
[14:55:18]   kf_price_filt_vel            │    188 │  4.1% │   34 │   154 │ 18.1% │   24.2% │ -0.9 │  -1 │     ALERTA ★★★
[14:55:18]   conj_wave_tide               │    238 │  5.2% │   43 │   195 │ 18.1% │   17.9% │ -0.9 │  -1 │     ALERTA ★★★
[14:55:18]   kf_conj_pred_val             │    242 │  5.3% │   43 │   199 │ 17.8% │   16.8% │ -1.0 │  -1 │     ALERTA ★★★
[14:55:18]   wave_slope                   │    244 │  5.3% │   43 │   201 │ 17.6% │   18.9% │ -1.0 │  -1 │     ALERTA ★★★
[14:55:18]   vwap_spread_current_wave     │    253 │  5.5% │   44 │   209 │ 17.4% │   17.9% │ -1.0 │  -1 │     ALERTA ★★★
[14:55:18]   conj_current_tide            │    245 │  5.3% │   40 │   205 │ 16.3% │   14.7% │ -0.9 │  -1 │     ALERTA ★★★
[14:55:18]   conj_wave_current            │    243 │  5.3% │   39 │   204 │ 16.0% │   17.9% │ -1.0 │  -1 │     ALERTA ★★★
[14:55:18]   kf_conj_filt_vel             │    246 │  5.4% │   38 │   208 │ 15.4% │   18.9% │ -0.8 │  -1 │     ALERTA ★★★
[14:55:18]   vwap_spread_tide_current     │    249 │  5.4% │   35 │   214 │ 14.1% │   12.6% │ -1.0 │  -1 │     ALERTA ★★
[14:55:18]   tension_current              │    159 │  3.5% │   22 │   137 │ 13.8% │   10.5% │ -0.9 │  -1 │     ALERTA ★★
[14:55:18]   vwap_spread_tide_wave        │    241 │  5.2% │   33 │   208 │ 13.7% │   11.6% │ -1.0 │  -1 │     ALERTA ★★
[14:55:18]   sigma_wave                   │    158 │  3.4% │   19 │   139 │ 12.0% │   13.7% │ -0.6 │  +0 │  DETECTION ★★
[14:55:18]   sigma_tide                   │    127 │  2.8% │   15 │   112 │ 11.8% │   10.5% │ -0.8 │  -1 │     ALERTA ★★
[14:55:18]   tide_slope                   │    281 │  6.1% │   33 │   248 │ 11.7% │   12.6% │ -1.0 │  -1 │     ALERTA ★★
[14:55:18]   tide_accel                   │    284 │  6.2% │   31 │   253 │ 10.9% │   13.7% │ -1.0 │  -1 │     ALERTA ★★
[14:55:18] 
  ── LH (70 turns) ──
[14:55:18]   Feature                      │  Fires │  Rate │   TP │    FP │ Prec% │ Recall% │ μ_off │  med │      Class
[14:55:18]   ──────────────────────────── │ ────── │ ───── │ ──── │ ───── │ ───── │ ─────── │ ───── │ ──── │ ──────────
[14:55:18]   kf_price_pred_val            │    212 │  4.6% │   41 │   171 │ 19.3% │   37.1% │ -0.9 │  -1 │     ALERTA ★★★
[14:55:18]   kf_price_filt_vel            │    188 │  4.1% │   36 │   152 │ 19.1% │   37.1% │ -0.7 │  -0 │  DETECTION ★★★
[14:55:18]   kf_price_innovation          │    196 │  4.3% │   36 │   160 │ 18.4% │   35.7% │ -0.8 │  -1 │     ALERTA ★★★
[14:55:18]   wave_slope                   │    244 │  5.3% │   44 │   200 │ 18.0% │   21.4% │ -1.0 │  -1 │     ALERTA ★★★
[14:55:18]   kf_conj_filt_vel             │    246 │  5.4% │   42 │   204 │ 17.1% │   27.1% │ -1.0 │  -1 │     ALERTA ★★★
[14:55:18]   wave_accel                   │    242 │  5.3% │   36 │   206 │ 14.9% │   27.1% │ -1.0 │  -1 │     ALERTA ★★
[14:55:18]   current_slope                │    245 │  5.3% │   36 │   209 │ 14.7% │   20.0% │ -1.0 │  -1 │     ALERTA ★★
[14:55:18]   conj_wave_current            │    243 │  5.3% │   35 │   208 │ 14.4% │   20.0% │ -1.0 │  -1 │     ALERTA ★★
[14:55:18]   conj_wave_tide               │    238 │  5.2% │   31 │   207 │ 13.0% │   15.7% │ -1.0 │  -1 │     ALERTA ★★
[14:55:18]   kf_conj_pred_val             │    242 │  5.3% │   31 │   211 │ 12.8% │   15.7% │ -1.0 │  -1 │     ALERTA ★★
[14:55:18]   current_accel                │    246 │  5.4% │   30 │   216 │ 12.2% │   22.9% │ -1.1 │  -1 │     ALERTA ★★
[14:55:18]   vwap_sigma_tide              │    160 │  3.5% │   19 │   141 │ 11.9% │   14.3% │ -1.2 │  -1 │     ALERTA ★★
[14:55:18]   tide_slope                   │    281 │  6.1% │   33 │   248 │ 11.7% │   15.7% │ -1.0 │  -1 │     ALERTA ★★
[14:55:18]   vwap_spread_tide_wave        │    241 │  5.2% │   27 │   214 │ 11.2% │   14.3% │ -1.0 │  -1 │     ALERTA ★★
[14:55:18]   compression_ratio            │    150 │  3.3% │   15 │   135 │ 10.0% │    8.6% │ -1.0 │  -1 │     ALERTA ★★
[14:55:18]   conj_current_tide            │    245 │  5.3% │   24 │   221 │  9.8% │   12.9% │ -1.0 │  -1 │     ALERTA ★
[14:55:18]   vwap_spread_current_wave     │    253 │  5.5% │   24 │   229 │  9.5% │   11.4% │ -1.0 │  -1 │     ALERTA ★
[14:55:18]   vwap_spread_tide_current     │    249 │  5.4% │   21 │   228 │  8.4% │   10.0% │ -1.0 │  -1 │     ALERTA ★
[14:55:18]   kf_rvol_pred_val             │    217 │  4.7% │   18 │   199 │  8.3% │   20.0% │ -0.9 │  -1 │     ALERTA ★
[14:55:18]   kf_tension_filt_vel          │    246 │  5.4% │   20 │   226 │  8.1% │   14.3% │ -0.9 │  -1 │     ALERTA ★
[14:55:18] 
  Processing MCD...
[14:55:19] ════════════════════════════════════════════════════════════════════════════════════════════════════
[14:55:19]   TICKER: MCD
[14:55:19] ════════════════════════════════════════════════════════════════════════════════════════════════════
[14:55:19] 
  ── LL (27 turns) ──
[14:55:19]   Feature                      │  Fires │  Rate │   TP │    FP │ Prec% │ Recall% │ μ_off │  med │      Class
[14:55:19]   ──────────────────────────── │ ────── │ ───── │ ──── │ ───── │ ───── │ ─────── │ ───── │ ──── │ ──────────
[14:55:19]   vwap_sigma_current           │    139 │  3.0% │   28 │   111 │ 20.1% │   59.3% │ -0.7 │  +0 │  DETECTION ★★★
[14:55:19]   vwap_sigma_tide              │    205 │  4.5% │   41 │   164 │ 20.0% │   63.0% │ -0.9 │  -1 │     ALERTA ★★★
[14:55:19]   wave_slope                   │    201 │  4.4% │   28 │   173 │ 13.9% │   40.7% │ -1.0 │  -1 │     ALERTA ★★
[14:55:19]   rsi_value                    │    199 │  4.3% │   27 │   172 │ 13.6% │   51.9% │ -0.7 │  +0 │  DETECTION ★★
[14:55:19]   compression_ratio            │    165 │  3.6% │   22 │   143 │ 13.3% │   29.6% │ -1.0 │  -1 │     ALERTA ★★
[14:55:19]   conj_wave_current            │    188 │  4.1% │   25 │   163 │ 13.3% │   33.3% │ -1.0 │  -1 │     ALERTA ★★
[14:55:19]   kf_rsi_pred_val              │    207 │  4.5% │   27 │   180 │ 13.0% │   48.1% │ -0.9 │  -1 │     ALERTA ★★
[14:55:19]   conj_wave_tide               │    200 │  4.4% │   26 │   174 │ 13.0% │   40.7% │ -1.0 │  -1 │     ALERTA ★★
[14:55:19]   sigma_tide                   │    186 │  4.0% │   21 │   165 │ 11.3% │   40.7% │ -0.8 │  -1 │     ALERTA ★★
[14:55:19]   kf_conj_pred_val             │    186 │  4.0% │   21 │   165 │ 11.3% │   29.6% │ -1.0 │  -1 │     ALERTA ★★
[14:55:19]   kf_price_pred_val            │    195 │  4.2% │   19 │   176 │  9.7% │   37.0% │ -0.8 │  -1 │     ALERTA ★
[14:55:19]   sigma_current                │    155 │  3.4% │   15 │   140 │  9.7% │   25.9% │ -0.9 │  -1 │     ALERTA ★
[14:55:19]   vwap_spread_current_wave     │    200 │  4.4% │   17 │   183 │  8.5% │   25.9% │ -0.9 │  -1 │     ALERTA ★
[14:55:19]   current_accel                │    191 │  4.2% │   16 │   175 │  8.4% │   29.6% │ -0.8 │  -1 │     ALERTA ★
[14:55:19]   tide_accel                   │    251 │  5.5% │   18 │   233 │  7.2% │   29.6% │ -1.0 │  -1 │     ALERTA ★
[14:55:19]   kf_tension_filt_vel          │    199 │  4.3% │   14 │   185 │  7.0% │   33.3% │ -1.1 │  -1 │     ALERTA ★
[14:55:19]   kf_price_filt_vel            │    200 │  4.4% │   14 │   186 │  7.0% │   37.0% │ -1.0 │  -1 │     ALERTA ★
[14:55:19]   vwap_spread_tide_wave        │    110 │  2.4% │    7 │   103 │  6.4% │   11.1% │ -0.9 │  -1 │     ALERTA ★
[14:55:19]   kf_conj_filt_vel             │    159 │  3.5% │   10 │   149 │  6.3% │   22.2% │ -0.9 │  -1 │     ALERTA ★
[14:55:19]   kf_price_innovation          │    194 │  4.2% │   12 │   182 │  6.2% │   25.9% │ -1.1 │  -1 │     ALERTA ★
[14:55:19] 
  ── HL (43 turns) ──
[14:55:19]   Feature                      │  Fires │  Rate │   TP │    FP │ Prec% │ Recall% │ μ_off │  med │      Class
[14:55:19]   ──────────────────────────── │ ────── │ ───── │ ──── │ ───── │ ───── │ ─────── │ ───── │ ──── │ ──────────
[14:55:19]   kf_price_pred_val            │    195 │  4.2% │   22 │   173 │ 11.3% │   44.2% │ -0.5 │  +0 │  DETECTION ★★
[14:55:19]   fear_level                   │    120 │  2.6% │   12 │   108 │ 10.0% │    9.3% │ -1.0 │  -1 │     ALERTA ★★
[14:55:19]   sigma_wave                   │     68 │  1.5% │    6 │    62 │  8.8% │   14.0% │ -1.2 │  -1 │     ALERTA ★
[14:55:19]   kf_price_filt_vel            │    200 │  4.4% │   17 │   183 │  8.5% │   27.9% │ -0.6 │  +0 │  DETECTION ★
[14:55:19]   vwap_sigma_wave              │    101 │  2.2% │    8 │    93 │  7.9% │   20.9% │ -0.4 │  +0 │  DETECTION ★
[14:55:19]   sigma_current                │    155 │  3.4% │   12 │   143 │  7.7% │   20.9% │ -0.7 │  +0 │  DETECTION ★
[14:55:19]   wave_accel                   │    196 │  4.3% │   14 │   182 │  7.1% │   23.3% │ -0.8 │  -1 │     ALERTA ★
[14:55:19]   rsi_value                    │    199 │  4.3% │   14 │   185 │  7.0% │   18.6% │ -0.6 │  -0 │  DETECTION ★
[14:55:19]   kf_rvol_filt_vel             │    225 │  4.9% │   15 │   210 │  6.7% │   32.6% │ -0.8 │  -1 │     ALERTA ★
[14:55:19]   kf_tension_filt_vel          │    199 │  4.3% │   13 │   186 │  6.5% │   23.3% │ -0.7 │  +0 │  DETECTION ★
[14:55:19]   sigma_tide                   │    186 │  4.0% │   12 │   174 │  6.5% │   16.3% │ -0.8 │  -0 │  DETECTION ★
[14:55:19]   kf_rvol_pred_val             │    204 │  4.4% │   13 │   191 │  6.4% │   27.9% │ -0.7 │  -1 │     ALERTA ★
[14:55:19]   kf_rsi_pred_val              │    207 │  4.5% │   13 │   194 │  6.3% │   20.9% │ -0.5 │  +0 │  DETECTION ★
[14:55:19]   compression_ratio            │    165 │  3.6% │   10 │   155 │  6.1% │   14.0% │ -0.9 │  -1 │     ALERTA ★
[14:55:19]   conj_wave_current            │    188 │  4.1% │   11 │   177 │  5.9% │   16.3% │ -0.5 │  +0 │  DETECTION ★
[14:55:19]   tide_slope                   │    154 │  3.4% │    9 │   145 │  5.8% │    7.0% │ -1.0 │  -1 │     ALERTA ★
[14:55:19]   vwap_sigma_current           │    139 │  3.0% │    8 │   131 │  5.8% │   16.3% │ -0.2 │  +0 │  DETECTION ★
[14:55:19]   current_accel                │    191 │  4.2% │   10 │   181 │  5.2% │   11.6% │ -0.7 │  -0 │  DETECTION ★
[14:55:19]   vwap_spread_tide_current     │    119 │  2.6% │    6 │   113 │  5.0% │    7.0% │ -1.0 │  -1 │     ALERTA ★
[14:55:19]   conj_wave_tide               │    200 │  4.4% │   10 │   190 │  5.0% │   18.6% │ -0.6 │  +0 │  DETECTION ★
[14:55:19] 
  ── HH (42 turns) ──
[14:55:19]   Feature                      │  Fires │  Rate │   TP │    FP │ Prec% │ Recall% │ μ_off │  med │      Class
[14:55:19]   ──────────────────────────── │ ────── │ ───── │ ──── │ ───── │ ───── │ ─────── │ ───── │ ──── │ ──────────
[14:55:19]   current_accel                │    191 │  4.2% │   16 │   175 │  8.4% │   16.7% │ -0.9 │  -1 │     ALERTA ★
[14:55:19]   vwap_spread_tide_current     │    119 │  2.6% │    9 │   110 │  7.6% │    9.5% │ -1.0 │  -1 │     ALERTA ★
[14:55:19]   conj_wave_tide               │    200 │  4.4% │   13 │   187 │  6.5% │   16.7% │ -0.9 │  -1 │     ALERTA ★
[14:55:19]   conj_current_tide            │    236 │  5.1% │   15 │   221 │  6.4% │   11.9% │ -1.0 │  -1 │     ALERTA ★
[14:55:19]   kf_conj_pred_val             │    186 │  4.0% │   11 │   175 │  5.9% │   11.9% │ -0.7 │  -1 │     ALERTA ★
[14:55:19]   vwap_spread_tide_wave        │    110 │  2.4% │    6 │   104 │  5.5% │    4.8% │ -1.0 │  -1 │     ALERTA ★
[14:55:19]   current_slope                │    209 │  4.5% │   11 │   198 │  5.3% │   11.9% │ -0.9 │  -1 │     ALERTA ★
[14:55:19]   wave_slope                   │    201 │  4.4% │   10 │   191 │  5.0% │   14.3% │ -0.7 │  -0 │  DETECTION 
[14:55:19]   conj_wave_current            │    188 │  4.1% │    9 │   179 │  4.8% │   11.9% │ -0.9 │  -1 │     ALERTA 
[14:55:19]   vwap_spread_current_wave     │    200 │  4.4% │    9 │   191 │  4.5% │    7.1% │ -1.0 │  -1 │     ALERTA 
[14:55:19]   sigma_tide                   │    186 │  4.0% │    8 │   178 │  4.3% │    9.5% │ -0.8 │  -0 │  DETECTION 
[14:55:19]   tide_slope                   │    154 │  3.4% │    6 │   148 │  3.9% │    7.1% │ -1.0 │  -1 │     ALERTA 
[14:55:19]   compression_ratio            │    165 │  3.6% │    6 │   159 │  3.6% │    4.8% │ -1.0 │  -1 │     ALERTA 
[14:55:19]   kf_price_pred_val            │    195 │  4.2% │    7 │   188 │  3.6% │   16.7% │ -0.9 │  -1 │     ALERTA 
[14:55:19]   vwap_sigma_tide              │    205 │  4.5% │    7 │   198 │  3.4% │   11.9% │ -0.4 │  +0 │  DETECTION 
[14:55:19]   tide_accel                   │    251 │  5.5% │    8 │   243 │  3.2% │    9.5% │ -0.8 │  -0 │  DETECTION 
[14:55:19]   sigma_wave                   │     68 │  1.5% │    2 │    66 │  2.9% │    4.8% │ +0.0 │  +0 │  DETECTION 
[14:55:19]   kf_tension_pred_val          │    249 │  5.4% │    7 │   242 │  2.8% │    7.1% │ -0.9 │  -1 │     ALERTA 
[14:55:19]   tension_tide                 │    253 │  5.5% │    7 │   246 │  2.8% │    7.1% │ -0.9 │  -1 │     ALERTA 
[14:55:19]   sigma_current                │    155 │  3.4% │    4 │   151 │  2.6% │    9.5% │ -0.2 │  +0 │  DETECTION 
[14:55:19] 
  ── LH (29 turns) ──
[14:55:19]   Feature                      │  Fires │  Rate │   TP │    FP │ Prec% │ Recall% │ μ_off │  med │      Class
[14:55:19]   ──────────────────────────── │ ────── │ ───── │ ──── │ ───── │ ───── │ ─────── │ ───── │ ──── │ ──────────
[14:55:19]   compression_ratio            │    165 │  3.6% │   15 │   150 │  9.1% │   24.1% │ -1.0 │  -1 │     ALERTA ★
[14:55:19]   kf_conj_filt_vel             │    159 │  3.5% │   13 │   146 │  8.2% │   24.1% │ -1.1 │  -1 │     ALERTA ★
[14:55:19]   kf_price_pred_val            │    195 │  4.2% │   15 │   180 │  7.7% │   31.0% │ -0.9 │  -1 │     ALERTA ★
[14:55:19]   kf_price_filt_vel            │    200 │  4.4% │   14 │   186 │  7.0% │   31.0% │ -0.9 │  -0 │  DETECTION ★
[14:55:19]   kf_conj_pred_val             │    186 │  4.0% │   13 │   173 │  7.0% │   24.1% │ -1.1 │  -1 │     ALERTA ★
[14:55:19]   kf_price_innovation          │    194 │  4.2% │   13 │   181 │  6.7% │   24.1% │ -1.1 │  -1 │     ALERTA ★
[14:55:19]   wave_accel                   │    196 │  4.3% │   13 │   183 │  6.6% │   27.6% │ -0.9 │  -1 │     ALERTA ★
[14:55:19]   conj_wave_tide               │    200 │  4.4% │   13 │   187 │  6.5% │   27.6% │ -1.1 │  -1 │     ALERTA ★
[14:55:19]   wave_slope                   │    201 │  4.4% │   13 │   188 │  6.5% │   27.6% │ -1.1 │  -1 │     ALERTA ★
[14:55:19]   conj_wave_current            │    188 │  4.1% │   12 │   176 │  6.4% │   20.7% │ -1.0 │  -1 │     ALERTA ★
[14:55:19]   current_accel                │    191 │  4.2% │   11 │   180 │  5.8% │   17.2% │ -1.2 │  -1 │     ALERTA ★
[14:55:19]   kf_rvol_pred_val             │    204 │  4.4% │   11 │   193 │  5.4% │   27.6% │ -1.2 │  -1 │     ALERTA ★
[14:55:19]   vwap_sigma_current           │    139 │  3.0% │    7 │   132 │  5.0% │   13.8% │ -1.1 │  -1 │     ALERTA ★
[14:55:19]   sigma_current                │    155 │  3.4% │    7 │   148 │  4.5% │   17.2% │ -1.1 │  -1 │     ALERTA 
[14:55:19]   kf_rsi_filt_vel              │    209 │  4.5% │    9 │   200 │  4.3% │   17.2% │ -1.0 │  -1 │     ALERTA 
[14:55:19]   vwap_spread_current_wave     │    200 │  4.4% │    8 │   192 │  4.0% │   10.3% │ -0.9 │  -1 │     ALERTA 
[14:55:19]   kf_rvol_filt_vel             │    225 │  4.9% │    9 │   216 │  4.0% │   24.1% │ -0.7 │  +0 │  DETECTION 
[14:55:19]   sigma_wave                   │     68 │  1.5% │    2 │    66 │  2.9% │    6.9% │ -1.0 │  -1 │     ALERTA 
[14:55:19]   kf_rsi_pred_val              │    207 │  4.5% │    6 │   201 │  2.9% │   10.3% │ -1.3 │  -2 │     ALERTA 
[14:55:19]   vwap_spread_tide_wave        │    110 │  2.4% │    3 │   107 │  2.7% │    3.4% │ -1.0 │  -1 │     ALERTA 
[14:55:19] 
  Processing MRK...
[14:55:20] ════════════════════════════════════════════════════════════════════════════════════════════════════
[14:55:20]   TICKER: MRK
[14:55:20] ════════════════════════════════════════════════════════════════════════════════════════════════════
[14:55:20] 
  ── LL (50 turns) ──
[14:55:20]   Feature                      │  Fires │  Rate │   TP │    FP │ Prec% │ Recall% │ μ_off │  med │      Class
[14:55:20]   ──────────────────────────── │ ────── │ ───── │ ──── │ ───── │ ───── │ ─────── │ ───── │ ──── │ ──────────
[14:55:20]   vwap_sigma_current           │    130 │  2.8% │   32 │    98 │ 24.6% │   36.0% │ -0.7 │  -0 │  DETECTION ★★★
[14:55:20]   vwap_sigma_tide              │    112 │  2.4% │   22 │    90 │ 19.6% │   24.0% │ -0.7 │  +0 │  DETECTION ★★★
[14:55:20]   sigma_tide                   │    163 │  3.5% │   32 │   131 │ 19.6% │   28.0% │ -0.9 │  -1 │     ALERTA ★★★
[14:55:20]   rsi_value                    │    194 │  4.2% │   34 │   160 │ 17.5% │   38.0% │ -0.7 │  +0 │  DETECTION ★★★
[14:55:20]   kf_rsi_pred_val              │    192 │  4.2% │   31 │   161 │ 16.1% │   32.0% │ -0.8 │  -1 │     ALERTA ★★★
[14:55:20]   kf_price_pred_val            │    207 │  4.5% │   30 │   177 │ 14.5% │   32.0% │ -0.8 │  -0 │  DETECTION ★★
[14:55:20]   vwap_sigma_wave              │    101 │  2.2% │   14 │    87 │ 13.9% │   22.0% │ -0.5 │  +0 │  DETECTION ★★
[14:55:20]   sigma_current                │    154 │  3.4% │   21 │   133 │ 13.6% │   26.0% │ -0.6 │  +0 │  DETECTION ★★
[14:55:20]   kf_rvol_pred_val             │    176 │  3.8% │   21 │   155 │ 11.9% │   24.0% │ -0.8 │  -1 │     ALERTA ★★
[14:55:20]   kf_price_innovation          │    215 │  4.7% │   24 │   191 │ 11.2% │   32.0% │ -1.0 │  -1 │     ALERTA ★★
[14:55:20]   kf_price_filt_vel            │    212 │  4.6% │   23 │   189 │ 10.8% │   32.0% │ -0.8 │  +0 │  DETECTION ★★
[14:55:20]   sigma_wave                   │    148 │  3.2% │   16 │   132 │ 10.8% │   22.0% │ -0.5 │  +0 │  DETECTION ★★
[14:55:20]   tide_slope                   │    317 │  6.9% │   32 │   285 │ 10.1% │   22.0% │ -1.0 │  -1 │     ALERTA ★★
[14:55:20]   vwap_spread_tide_wave        │    328 │  7.1% │   32 │   296 │  9.8% │   24.0% │ -1.0 │  -1 │     ALERTA ★
[14:55:20]   current_accel                │    197 │  4.3% │   19 │   178 │  9.6% │   26.0% │ -0.6 │  +0 │  DETECTION ★
[14:55:20]   kf_rsi_filt_vel              │    200 │  4.4% │   19 │   181 │  9.5% │   18.0% │ -0.7 │  -1 │     ALERTA ★
[14:55:20]   wave_slope                   │    233 │  5.1% │   20 │   213 │  8.6% │   20.0% │ -0.8 │  -1 │     ALERTA ★
[14:55:20]   vwap_spread_tide_current     │    310 │  6.7% │   25 │   285 │  8.1% │   18.0% │ -1.0 │  -1 │     ALERTA ★
[14:55:20]   kf_conj_pred_val             │    199 │  4.3% │   16 │   183 │  8.0% │   18.0% │ -0.8 │  -0 │  DETECTION ★
[14:55:20]   kf_rvol_filt_vel             │    234 │  5.1% │   17 │   217 │  7.3% │   24.0% │ -0.9 │  -1 │     ALERTA ★
[14:55:20] 
  ── HL (60 turns) ──
[14:55:20]   Feature                      │  Fires │  Rate │   TP │    FP │ Prec% │ Recall% │ μ_off │  med │      Class
[14:55:20]   ──────────────────────────── │ ────── │ ───── │ ──── │ ───── │ ───── │ ─────── │ ───── │ ──── │ ──────────
[14:55:20]   sigma_current                │    154 │  3.4% │   24 │   130 │ 15.6% │   18.3% │ -0.9 │  -1 │     ALERTA ★★★
[14:55:20]   kf_price_pred_val            │    207 │  4.5% │   25 │   182 │ 12.1% │   28.3% │ -0.6 │  +0 │  DETECTION ★★
[14:55:20]   tension_current              │    178 │  3.9% │   21 │   157 │ 11.8% │   13.3% │ -0.9 │  -1 │     ALERTA ★★
[14:55:20]   vwap_sigma_wave              │    101 │  2.2% │   11 │    90 │ 10.9% │   16.7% │ -0.9 │  -1 │     ALERTA ★★
[14:55:20]   sigma_wave                   │    148 │  3.2% │   15 │   133 │ 10.1% │   15.0% │ -0.4 │  +0 │  DETECTION ★★
[14:55:20]   kf_tension_filt_vel          │    234 │  5.1% │   18 │   216 │  7.7% │   18.3% │ -0.8 │  -1 │     ALERTA ★
[14:55:20]   kf_price_filt_vel            │    212 │  4.6% │   16 │   196 │  7.5% │   23.3% │ -0.7 │  -1 │     ALERTA ★
[14:55:20]   kf_rvol_pred_val             │    176 │  3.8% │   13 │   163 │  7.4% │   16.7% │ -0.5 │  +0 │  DETECTION ★
[14:55:20]   wave_slope                   │    233 │  5.1% │   17 │   216 │  7.3% │   11.7% │ -0.9 │  -1 │     ALERTA ★
[14:55:20]   vwap_spread_tide_current     │    310 │  6.7% │   21 │   289 │  6.8% │   11.7% │ -1.0 │  -1 │     ALERTA ★
[14:55:20]   tension_tide                 │    178 │  3.9% │   12 │   166 │  6.7% │    6.7% │ -1.0 │  -1 │     ALERTA ★
[14:55:20]   wave_accel                   │    243 │  5.3% │   16 │   227 │  6.6% │   15.0% │ -0.8 │  -1 │     ALERTA ★
[14:55:20]   kf_rsi_filt_vel              │    200 │  4.4% │   13 │   187 │  6.5% │   16.7% │ -0.5 │  +0 │  DETECTION ★
[14:55:20]   tide_slope                   │    317 │  6.9% │   20 │   297 │  6.3% │   11.7% │ -0.9 │  -1 │     ALERTA ★
[14:55:20]   current_slope                │    240 │  5.2% │   15 │   225 │  6.2% │    8.3% │ -1.0 │  -1 │     ALERTA ★
[14:55:20]   vwap_sigma_current           │    130 │  2.8% │    8 │   122 │  6.2% │    6.7% │ -0.9 │  -1 │     ALERTA ★
[14:55:20]   current_accel                │    197 │  4.3% │   12 │   185 │  6.1% │   15.0% │ -0.6 │  -0 │  DETECTION ★
[14:55:20]   kf_price_innovation          │    215 │  4.7% │   13 │   202 │  6.0% │   16.7% │ -1.0 │  -1 │     ALERTA ★
[14:55:20]   kf_rvol_filt_vel             │    234 │  5.1% │   14 │   220 │  6.0% │   20.0% │ -0.6 │  -1 │     ALERTA ★
[14:55:20]   vwap_spread_current_wave     │    259 │  5.6% │   15 │   244 │  5.8% │   10.0% │ -1.1 │  -1 │     ALERTA ★
[14:55:20] 
  ── HH (56 turns) ──
[14:55:20]   Feature                      │  Fires │  Rate │   TP │    FP │ Prec% │ Recall% │ μ_off │  med │      Class
[14:55:20]   ──────────────────────────── │ ────── │ ───── │ ──── │ ───── │ ───── │ ─────── │ ───── │ ──── │ ──────────
[14:55:20]   tension_tide                 │    178 │  3.9% │   19 │   159 │ 10.7% │   14.3% │ -0.8 │  -1 │     ALERTA ★★
[14:55:20]   kf_tension_pred_val          │    193 │  4.2% │   19 │   174 │  9.8% │   14.3% │ -0.8 │  -1 │     ALERTA ★
[14:55:20]   kf_price_pred_val            │    207 │  4.5% │   20 │   187 │  9.7% │   26.8% │ -0.7 │  -0 │  DETECTION ★
[14:55:20]   current_accel                │    197 │  4.3% │   19 │   178 │  9.6% │   16.1% │ -0.8 │  -1 │     ALERTA ★
[14:55:20]   tide_accel                   │    295 │  6.4% │   24 │   271 │  8.1% │   16.1% │ -1.0 │  -1 │     ALERTA ★
[14:55:20]   kf_tension_filt_vel          │    234 │  5.1% │   19 │   215 │  8.1% │   19.6% │ -0.8 │  -1 │     ALERTA ★
[14:55:20]   kf_price_innovation          │    215 │  4.7% │   16 │   199 │  7.4% │   23.2% │ -1.0 │  -1 │     ALERTA ★
[14:55:20]   kf_rsi_pred_val              │    192 │  4.2% │   14 │   178 │  7.3% │   16.1% │ -0.5 │  +0 │  DETECTION ★
[14:55:20]   rsi_value                    │    194 │  4.2% │   14 │   180 │  7.2% │   14.3% │ -0.6 │  -0 │  DETECTION ★
[14:55:20]   kf_price_filt_vel            │    212 │  4.6% │   15 │   197 │  7.1% │   23.2% │ -0.7 │  -1 │     ALERTA ★
[14:55:20]   sigma_wave                   │    148 │  3.2% │   10 │   138 │  6.8% │   10.7% │ -0.6 │  -1 │     ALERTA ★
[14:55:20]   conj_wave_current            │    197 │  4.3% │   12 │   185 │  6.1% │    7.1% │ -1.0 │  -1 │     ALERTA ★
[14:55:20]   kf_conj_pred_val             │    199 │  4.3% │   11 │   188 │  5.5% │    8.9% │ -0.8 │  -1 │     ALERTA ★
[14:55:20]   kf_rsi_filt_vel              │    200 │  4.4% │   11 │   189 │  5.5% │   10.7% │ -0.6 │  -1 │     ALERTA ★
[14:55:20]   vwap_spread_tide_wave        │    328 │  7.1% │   18 │   310 │  5.5% │   10.7% │ -1.0 │  -1 │     ALERTA ★
[14:55:20]   conj_wave_tide               │    201 │  4.4% │   11 │   190 │  5.5% │    8.9% │ -0.8 │  -1 │     ALERTA ★
[14:55:20]   vwap_spread_current_wave     │    259 │  5.6% │   14 │   245 │  5.4% │    8.9% │ -0.9 │  -1 │     ALERTA ★
[14:55:20]   wave_accel                   │    243 │  5.3% │   13 │   230 │  5.3% │   14.3% │ -0.5 │  +0 │  DETECTION ★
[14:55:20]   sigma_tide                   │    163 │  3.5% │    8 │   155 │  4.9% │    8.9% │ -0.5 │  +0 │  DETECTION 
[14:55:20]   vwap_spread_tide_current     │    310 │  6.7% │   15 │   295 │  4.8% │    8.9% │ -1.0 │  -1 │     ALERTA 
[14:55:20] 
  ── LH (53 turns) ──
[14:55:20]   Feature                      │  Fires │  Rate │   TP │    FP │ Prec% │ Recall% │ μ_off │  med │      Class
[14:55:20]   ──────────────────────────── │ ────── │ ───── │ ──── │ ───── │ ───── │ ─────── │ ───── │ ──── │ ──────────
[14:55:20]   vwap_spread_tide_wave        │    328 │  7.1% │   35 │   293 │ 10.7% │   22.6% │ -1.0 │  -1 │     ALERTA ★★
[14:55:20]   vwap_spread_tide_current     │    310 │  6.7% │   32 │   278 │ 10.3% │   20.8% │ -1.0 │  -1 │     ALERTA ★★
[14:55:20]   conj_wave_current            │    197 │  4.3% │   20 │   177 │ 10.2% │   15.1% │ -0.9 │  -1 │     ALERTA ★★
[14:55:20]   kf_price_pred_val            │    207 │  4.5% │   21 │   186 │ 10.1% │   30.2% │ -1.0 │  -1 │     ALERTA ★★
[14:55:20]   tide_slope                   │    317 │  6.9% │   32 │   285 │ 10.1% │   20.8% │ -1.0 │  -1 │     ALERTA ★★
[14:55:20]   kf_price_innovation          │    215 │  4.7% │   21 │   194 │  9.8% │   24.5% │ -1.0 │  -1 │     ALERTA ★
[14:55:20]   kf_price_filt_vel            │    212 │  4.6% │   20 │   192 │  9.4% │   30.2% │ -0.9 │  -1 │     ALERTA ★
[14:55:20]   wave_slope                   │    233 │  5.1% │   20 │   213 │  8.6% │   17.0% │ -1.1 │  -1 │     ALERTA ★
[14:55:20]   compression_ratio            │    210 │  4.6% │   17 │   193 │  8.1% │   11.3% │ -1.1 │  -1 │     ALERTA ★
[14:55:20]   vwap_spread_current_wave     │    259 │  5.6% │   19 │   240 │  7.3% │   15.1% │ -0.9 │  -1 │     ALERTA ★
[14:55:20]   current_accel                │    197 │  4.3% │   13 │   184 │  6.6% │   15.1% │ -1.1 │  -1 │     ALERTA ★
[14:55:20]   conj_current_tide            │    218 │  4.7% │   14 │   204 │  6.4% │   11.3% │ -0.9 │  -1 │     ALERTA ★
[14:55:20]   current_slope                │    240 │  5.2% │   15 │   225 │  6.2% │   13.2% │ -1.0 │  -1 │     ALERTA ★
[14:55:20]   wave_accel                   │    243 │  5.3% │   15 │   228 │  6.2% │   15.1% │ -1.2 │  -1 │     ALERTA ★
[14:55:20]   kf_conj_pred_val             │    199 │  4.3% │   12 │   187 │  6.0% │    9.4% │ -1.0 │  -1 │     ALERTA ★
[14:55:20]   conj_wave_tide               │    201 │  4.4% │   12 │   189 │  6.0% │   11.3% │ -1.0 │  -1 │     ALERTA ★
[14:55:20]   kf_conj_filt_vel             │    248 │  5.4% │   13 │   235 │  5.2% │   11.3% │ -1.0 │  -1 │     ALERTA ★
[14:55:20]   kf_rvol_pred_val             │    176 │  3.8% │    7 │   169 │  4.0% │   13.2% │ -0.9 │  -1 │     ALERTA 
[14:55:20]   vwap_sigma_wave              │    101 │  2.2% │    4 │    97 │  4.0% │    7.5% │ -1.0 │  -1 │     ALERTA 
[14:55:20]   kf_tension_filt_vel          │    234 │  5.1% │    9 │   225 │  3.8% │   13.2% │ -1.0 │  -1 │     ALERTA 
[14:55:20] 
  Processing MSFT...
[14:55:21] ════════════════════════════════════════════════════════════════════════════════════════════════════
[14:55:21]   TICKER: MSFT
[14:55:21] ════════════════════════════════════════════════════════════════════════════════════════════════════
[14:55:21] 
  ── LL (54 turns) ──
[14:55:21]   Feature                      │  Fires │  Rate │   TP │    FP │ Prec% │ Recall% │ μ_off │  med │      Class
[14:55:21]   ──────────────────────────── │ ────── │ ───── │ ──── │ ───── │ ───── │ ─────── │ ───── │ ──── │ ──────────
[14:55:21]   vwap_sigma_current           │    123 │  2.7% │   43 │    80 │ 35.0% │   40.7% │ -0.8 │  -1 │     ALERTA ★★★
[14:55:21]   vwap_sigma_wave              │    116 │  2.5% │   40 │    76 │ 34.5% │   42.6% │ -0.8 │  -1 │     ALERTA ★★★
[14:55:21]   vwap_sigma_tide              │    169 │  3.7% │   48 │   121 │ 28.4% │   33.3% │ -0.9 │  -1 │     ALERTA ★★★
[14:55:21]   rsi_value                    │    163 │  3.6% │   38 │   125 │ 23.3% │   35.2% │ -0.8 │  -1 │     ALERTA ★★★
[14:55:21]   kf_rsi_pred_val              │    174 │  3.8% │   38 │   136 │ 21.8% │   35.2% │ -0.7 │  -1 │     ALERTA ★★★
[14:55:21]   sigma_tide                   │    149 │  3.3% │   30 │   119 │ 20.1% │   27.8% │ -0.7 │  -0 │  DETECTION ★★★
[14:55:21]   kf_price_pred_val            │    235 │  5.1% │   39 │   196 │ 16.6% │   48.1% │ -0.8 │  -1 │     ALERTA ★★★
[14:55:21]   fear_level                   │    304 │  6.6% │   43 │   261 │ 14.1% │   27.8% │ -1.0 │  -1 │     ALERTA ★★
[14:55:21]   current_accel                │    231 │  5.0% │   32 │   199 │ 13.9% │   33.3% │ -0.8 │  -1 │     ALERTA ★★
[14:55:21]   kf_price_filt_vel            │    215 │  4.7% │   24 │   191 │ 11.2% │   27.8% │ -0.9 │  -1 │     ALERTA ★★
[14:55:21]   wave_slope                   │    226 │  4.9% │   25 │   201 │ 11.1% │   18.5% │ -0.9 │  -1 │     ALERTA ★★
[14:55:21]   kf_price_innovation          │    211 │  4.6% │   23 │   188 │ 10.9% │   31.5% │ -1.2 │  -1 │     ALERTA ★★
[14:55:21]   sigma_current                │    168 │  3.7% │   18 │   150 │ 10.7% │   18.5% │ -0.8 │  -0 │  DETECTION ★★
[14:55:21]   tide_slope                   │    263 │  5.7% │   27 │   236 │ 10.3% │   16.7% │ -1.0 │  -1 │     ALERTA ★★
[14:55:21]   wave_accel                   │    236 │  5.2% │   24 │   212 │ 10.2% │   27.8% │ -0.5 │  +0 │  DETECTION ★★
[14:55:21]   kf_rvol_pred_val             │    179 │  3.9% │   17 │   162 │  9.5% │   20.4% │ -0.9 │  -1 │     ALERTA ★
[14:55:21]   vwap_spread_tide_wave        │    198 │  4.3% │   18 │   180 │  9.1% │   11.1% │ -1.0 │  -1 │     ALERTA ★
[14:55:21]   current_slope                │    224 │  4.9% │   18 │   206 │  8.0% │   14.8% │ -0.9 │  -1 │     ALERTA ★
[14:55:21]   vwap_spread_tide_current     │    188 │  4.1% │   15 │   173 │  8.0% │    9.3% │ -1.0 │  -1 │     ALERTA ★
[14:55:21]   kf_rvol_filt_vel             │    219 │  4.8% │   17 │   202 │  7.8% │   22.2% │ -1.0 │  -1 │     ALERTA ★
[14:55:21] 
  ── HL (70 turns) ──
[14:55:21]   Feature                      │  Fires │  Rate │   TP │    FP │ Prec% │ Recall% │ μ_off │  med │      Class
[14:55:21]   ──────────────────────────── │ ────── │ ───── │ ──── │ ───── │ ───── │ ─────── │ ───── │ ──── │ ──────────
[14:55:21]   kf_price_pred_val            │    235 │  5.1% │   36 │   199 │ 15.3% │   35.7% │ -0.8 │  -0 │  DETECTION ★★★
[14:55:21]   sigma_current                │    168 │  3.7% │   23 │   145 │ 13.7% │   20.0% │ -0.7 │  +0 │  DETECTION ★★
[14:55:21]   kf_conj_filt_vel             │    235 │  5.1% │   31 │   204 │ 13.2% │   21.4% │ -1.0 │  -1 │     ALERTA ★★
[14:55:21]   compression_ratio            │    223 │  4.9% │   29 │   194 │ 13.0% │   15.7% │ -1.0 │  -1 │     ALERTA ★★
[14:55:21]   sigma_wave                   │    145 │  3.2% │   18 │   127 │ 12.4% │   18.6% │ -0.6 │  +0 │  DETECTION ★★
[14:55:21]   kf_rsi_filt_vel              │    204 │  4.5% │   25 │   179 │ 12.3% │   20.0% │ -0.9 │  -1 │     ALERTA ★★
[14:55:21]   wave_accel                   │    236 │  5.2% │   27 │   209 │ 11.4% │   25.7% │ -0.9 │  -1 │     ALERTA ★★
[14:55:21]   vwap_sigma_wave              │    116 │  2.5% │   13 │   103 │ 11.2% │   12.9% │ -0.6 │  +0 │  DETECTION ★★
[14:55:21]   kf_price_filt_vel            │    215 │  4.7% │   23 │   192 │ 10.7% │   28.6% │ -0.9 │  -1 │     ALERTA ★★
[14:55:21]   kf_price_innovation          │    211 │  4.6% │   22 │   189 │ 10.4% │   22.9% │ -1.1 │  -1 │     ALERTA ★★
[14:55:21]   tide_slope                   │    263 │  5.7% │   27 │   236 │ 10.3% │   12.9% │ -1.0 │  -1 │     ALERTA ★★
[14:55:21]   vwap_spread_tide_current     │    188 │  4.1% │   19 │   169 │ 10.1% │   10.0% │ -1.1 │  -1 │     ALERTA ★★
[14:55:21]   kf_tension_pred_val          │    242 │  5.3% │   23 │   219 │  9.5% │   17.1% │ -0.9 │  -1 │     ALERTA ★
[14:55:21]   kf_tension_filt_vel          │    280 │  6.1% │   26 │   254 │  9.3% │   20.0% │ -1.0 │  -1 │     ALERTA ★
[14:55:21]   fear_level                   │    304 │  6.6% │   28 │   276 │  9.2% │   14.3% │ -1.0 │  -1 │     ALERTA ★
[14:55:21]   vwap_spread_tide_wave        │    198 │  4.3% │   18 │   180 │  9.1% │    8.6% │ -1.0 │  -1 │     ALERTA ★
[14:55:21]   conj_wave_current            │    192 │  4.2% │   17 │   175 │  8.9% │    8.6% │ -0.9 │  -1 │     ALERTA ★
[14:55:21]   tension_tide                 │    233 │  5.1% │   20 │   213 │  8.6% │   12.9% │ -0.9 │  -1 │     ALERTA ★
[14:55:21]   vwap_spread_current_wave     │    201 │  4.4% │   17 │   184 │  8.5% │    8.6% │ -0.9 │  -1 │     ALERTA ★
[14:55:21]   conj_current_tide            │    231 │  5.0% │   18 │   213 │  7.8% │   10.0% │ -1.0 │  -1 │     ALERTA ★
[14:55:21] 
  ── HH (66 turns) ──
[14:55:21]   Feature                      │  Fires │  Rate │   TP │    FP │ Prec% │ Recall% │ μ_off │  med │      Class
[14:55:21]   ──────────────────────────── │ ────── │ ───── │ ──── │ ───── │ ───── │ ─────── │ ───── │ ──── │ ──────────
[14:55:21]   vwap_spread_tide_current     │    188 │  4.1% │   21 │   167 │ 11.2% │   10.6% │ -1.0 │  -1 │     ALERTA ★★
[14:55:21]   kf_tension_pred_val          │    242 │  5.3% │   27 │   215 │ 11.2% │   16.7% │ -0.9 │  -1 │     ALERTA ★★
[14:55:21]   vwap_spread_tide_wave        │    198 │  4.3% │   22 │   176 │ 11.1% │   12.1% │ -1.0 │  -1 │     ALERTA ★★
[14:55:21]   tension_tide                 │    233 │  5.1% │   25 │   208 │ 10.7% │   13.6% │ -0.9 │  -1 │     ALERTA ★★
[14:55:21]   wave_accel                   │    236 │  5.2% │   25 │   211 │ 10.6% │   18.2% │ -0.8 │  -1 │     ALERTA ★★
[14:55:21]   tide_slope                   │    263 │  5.7% │   27 │   236 │ 10.3% │   13.6% │ -1.0 │  -1 │     ALERTA ★★
[14:55:21]   rsi_value                    │    163 │  3.6% │   14 │   149 │  8.6% │   12.1% │ -1.1 │  -1 │     ALERTA ★
[14:55:21]   kf_rsi_pred_val              │    174 │  3.8% │   14 │   160 │  8.0% │   12.1% │ -1.1 │  -1 │     ALERTA ★
[14:55:21]   kf_rvol_pred_val             │    179 │  3.9% │   14 │   165 │  7.8% │   19.7% │ -0.9 │  -1 │     ALERTA ★
[14:55:21]   current_accel                │    231 │  5.0% │   18 │   213 │  7.8% │   13.6% │ -0.9 │  -1 │     ALERTA ★
[14:55:21]   sigma_current                │    168 │  3.7% │   13 │   155 │  7.7% │   15.2% │ -0.8 │  -1 │     ALERTA ★
[14:55:21]   kf_conj_filt_vel             │    235 │  5.1% │   17 │   218 │  7.2% │   12.1% │ -0.9 │  -1 │     ALERTA ★
[14:55:21]   tension_current              │    154 │  3.4% │   11 │   143 │  7.1% │    6.1% │ -0.9 │  -1 │     ALERTA ★
[14:55:21]   kf_price_pred_val            │    235 │  5.1% │   16 │   219 │  6.8% │   19.7% │ -0.9 │  -0 │  DETECTION ★
[14:55:21]   conj_wave_current            │    192 │  4.2% │   13 │   179 │  6.8% │   10.6% │ -0.8 │  -1 │     ALERTA ★
[14:55:21]   current_slope                │    224 │  4.9% │   15 │   209 │  6.7% │    7.6% │ -1.0 │  -1 │     ALERTA ★
[14:55:21]   conj_wave_tide               │    232 │  5.1% │   14 │   218 │  6.0% │   10.6% │ -1.1 │  -1 │     ALERTA ★
[14:55:21]   vwap_spread_current_wave     │    201 │  4.4% │   12 │   189 │  6.0% │    6.1% │ -1.0 │  -1 │     ALERTA ★
[14:55:21]   kf_rvol_filt_vel             │    219 │  4.8% │   13 │   206 │  5.9% │   21.2% │ -0.9 │  -1 │     ALERTA ★
[14:55:21]   kf_tension_filt_vel          │    280 │  6.1% │   16 │   264 │  5.7% │   15.2% │ -0.9 │  -1 │     ALERTA ★
[14:55:21] 
  ── LH (58 turns) ──
[14:55:21]   Feature                      │  Fires │  Rate │   TP │    FP │ Prec% │ Recall% │ μ_off │  med │      Class
[14:55:21]   ──────────────────────────── │ ────── │ ───── │ ──── │ ───── │ ───── │ ─────── │ ───── │ ──── │ ──────────
[14:55:21]   kf_price_pred_val            │    235 │  5.1% │   38 │   197 │ 16.2% │   41.4% │ -0.7 │  -0 │  DETECTION ★★★
[14:55:21]   kf_price_filt_vel            │    215 │  4.7% │   30 │   185 │ 14.0% │   36.2% │ -0.6 │  +0 │  DETECTION ★★
[14:55:21]   kf_price_innovation          │    211 │  4.6% │   27 │   184 │ 12.8% │   34.5% │ -0.8 │  -1 │     ALERTA ★★
[14:55:21]   tension_wave                 │    126 │  2.8% │   16 │   110 │ 12.7% │   10.3% │ -1.0 │  -1 │     ALERTA ★★
[14:55:21]   fear_level                   │    304 │  6.6% │   38 │   266 │ 12.5% │   25.9% │ -1.0 │  -1 │     ALERTA ★★
[14:55:21]   kf_conj_filt_vel             │    235 │  5.1% │   23 │   212 │  9.8% │   15.5% │ -1.0 │  -1 │     ALERTA ★
[14:55:21]   wave_slope                   │    226 │  4.9% │   22 │   204 │  9.7% │   13.8% │ -1.0 │  -1 │     ALERTA ★
[14:55:21]   tide_slope                   │    263 │  5.7% │   25 │   238 │  9.5% │   15.5% │ -0.9 │  -1 │     ALERTA ★
[14:55:21]   conj_wave_current            │    192 │  4.2% │   18 │   174 │  9.4% │   13.8% │ -0.9 │  -1 │     ALERTA ★
[14:55:21]   kf_rsi_filt_vel              │    204 │  4.5% │   19 │   185 │  9.3% │   24.1% │ -0.7 │  -1 │     ALERTA ★
[14:55:21]   kf_conj_pred_val             │    232 │  5.1% │   21 │   211 │  9.1% │   17.2% │ -1.0 │  -1 │     ALERTA ★
[14:55:21]   wave_accel                   │    236 │  5.2% │   20 │   216 │  8.5% │   25.9% │ -1.4 │  -2 │     ALERTA ★
[14:55:21]   conj_wave_tide               │    232 │  5.1% │   18 │   214 │  7.8% │   15.5% │ -0.9 │  -1 │     ALERTA ★
[14:55:21]   vwap_sigma_tide              │    169 │  3.7% │   13 │   156 │  7.7% │   10.3% │ -1.3 │  -1 │     ALERTA ★
[14:55:21]   sigma_wave                   │    145 │  3.2% │   11 │   134 │  7.6% │   15.5% │ -0.7 │  -1 │     ALERTA ★
[14:55:21]   kf_tension_filt_vel          │    280 │  6.1% │   19 │   261 │  6.8% │   20.7% │ -1.0 │  -1 │     ALERTA ★
[14:55:21]   compression_ratio            │    223 │  4.9% │   15 │   208 │  6.7% │   10.3% │ -1.0 │  -1 │     ALERTA ★
[14:55:21]   current_slope                │    224 │  4.9% │   15 │   209 │  6.7% │    8.6% │ -1.0 │  -1 │     ALERTA ★
[14:55:21]   sigma_current                │    168 │  3.7% │   11 │   157 │  6.5% │   15.5% │ -1.1 │  -1 │     ALERTA ★
[14:55:21]   tension_current              │    154 │  3.4% │   10 │   144 │  6.5% │   12.1% │ -0.8 │  -0 │  DETECTION ★
[14:55:21] 
  Processing PEP...
[14:55:22] ════════════════════════════════════════════════════════════════════════════════════════════════════
[14:55:22]   TICKER: PEP
[14:55:22] ════════════════════════════════════════════════════════════════════════════════════════════════════
[14:55:22] 
  ── LL (27 turns) ──
[14:55:22]   Feature                      │  Fires │  Rate │   TP │    FP │ Prec% │ Recall% │ μ_off │  med │      Class
[14:55:22]   ──────────────────────────── │ ────── │ ───── │ ──── │ ───── │ ───── │ ─────── │ ───── │ ──── │ ──────────
[14:55:22]   sigma_tide                   │    179 │  3.5% │   31 │   148 │ 17.3% │   66.7% │ -0.5 │  +0 │  DETECTION ★★★
[14:55:22]   vwap_sigma_tide              │    231 │  4.6% │   40 │   191 │ 17.3% │   66.7% │ -0.8 │  -1 │     ALERTA ★★★
[14:55:22]   vwap_sigma_current           │    136 │  2.7% │   20 │   116 │ 14.7% │   51.9% │ -0.5 │  +0 │  DETECTION ★★
[14:55:22]   kf_price_pred_val            │    219 │  4.3% │   27 │   192 │ 12.3% │   63.0% │ -0.8 │  -1 │     ALERTA ★★
[14:55:22]   rsi_value                    │    190 │  3.7% │   21 │   169 │ 11.1% │   44.4% │ -0.6 │  +0 │  DETECTION ★★
[14:55:22]   vwap_spread_current_wave     │    213 │  4.2% │   21 │   192 │  9.9% │   29.6% │ -0.9 │  -1 │     ALERTA ★
[14:55:22]   compression_ratio            │    197 │  3.9% │   19 │   178 │  9.6% │   25.9% │ -0.9 │  -1 │     ALERTA ★
[14:55:22]   kf_rsi_pred_val              │    198 │  3.9% │   19 │   179 │  9.6% │   37.0% │ -0.7 │  -1 │     ALERTA ★
[14:55:22]   kf_price_filt_vel            │    238 │  4.7% │   22 │   216 │  9.2% │   59.3% │ -0.8 │  -1 │     ALERTA ★
[14:55:22]   wave_slope                   │    233 │  4.6% │   21 │   212 │  9.0% │   37.0% │ -0.8 │  -1 │     ALERTA ★
[14:55:22]   current_accel                │    240 │  4.7% │   21 │   219 │  8.8% │   40.7% │ -0.8 │  -1 │     ALERTA ★
[14:55:22]   kf_price_innovation          │    212 │  4.2% │   18 │   194 │  8.5% │   37.0% │ -1.1 │  -1 │     ALERTA ★
[14:55:22]   conj_wave_tide               │    236 │  4.7% │   20 │   216 │  8.5% │   33.3% │ -0.8 │  -1 │     ALERTA ★
[14:55:22]   conj_wave_current            │    228 │  4.5% │   19 │   209 │  8.3% │   29.6% │ -0.8 │  -1 │     ALERTA ★
[14:55:22]   sigma_current                │    163 │  3.2% │   13 │   150 │  8.0% │   25.9% │ -0.6 │  +0 │  DETECTION ★
[14:55:22]   wave_accel                   │    254 │  5.0% │   20 │   234 │  7.9% │   48.1% │ -0.7 │  +0 │  DETECTION ★
[14:55:22]   tide_accel                   │    195 │  3.8% │   15 │   180 │  7.7% │   29.6% │ -0.6 │  +0 │  DETECTION ★
[14:55:22]   kf_conj_pred_val             │    248 │  4.9% │   19 │   229 │  7.7% │   29.6% │ -0.8 │  -1 │     ALERTA ★
[14:55:22]   vwap_spread_tide_wave        │    283 │  5.6% │   21 │   262 │  7.4% │   29.6% │ -0.9 │  -1 │     ALERTA ★
[14:55:22]   fear_level                   │    253 │  5.0% │   18 │   235 │  7.1% │   22.2% │ -1.0 │  -1 │     ALERTA ★
[14:55:22] 
  ── HL (44 turns) ──
[14:55:22]   Feature                      │  Fires │  Rate │   TP │    FP │ Prec% │ Recall% │ μ_off │  med │      Class
[14:55:22]   ──────────────────────────── │ ────── │ ───── │ ──── │ ───── │ ───── │ ─────── │ ───── │ ──── │ ──────────
[14:55:22]   vwap_sigma_current           │    136 │  2.7% │   16 │   120 │ 11.8% │   25.0% │ -0.8 │  -0 │  DETECTION ★★
[14:55:22]   kf_tension_filt_vel          │    234 │  4.6% │   27 │   207 │ 11.5% │   36.4% │ -1.0 │  -1 │     ALERTA ★★
[14:55:22]   sigma_current                │    163 │  3.2% │   18 │   145 │ 11.0% │   29.5% │ -0.8 │  -0 │  DETECTION ★★
[14:55:22]   tension_tide                 │    264 │  5.2% │   24 │   240 │  9.1% │   22.7% │ -0.9 │  -1 │     ALERTA ★
[14:55:22]   kf_tension_pred_val          │    270 │  5.3% │   24 │   246 │  8.9% │   25.0% │ -0.9 │  -1 │     ALERTA ★
[14:55:22]   kf_rsi_pred_val              │    198 │  3.9% │   17 │   181 │  8.6% │   27.3% │ -0.7 │  +0 │  DETECTION ★
[14:55:22]   rsi_value                    │    190 │  3.7% │   16 │   174 │  8.4% │   31.8% │ -0.5 │  +0 │  DETECTION ★
[14:55:22]   vwap_sigma_wave              │    107 │  2.1% │    9 │    98 │  8.4% │   18.2% │ -0.9 │  -1 │     ALERTA ★
[14:55:22]   fear_level                   │    253 │  5.0% │   21 │   232 │  8.3% │   15.9% │ -1.0 │  -1 │     ALERTA ★
[14:55:22]   kf_conj_filt_vel             │    232 │  4.6% │   19 │   213 │  8.2% │   15.9% │ -0.9 │  -1 │     ALERTA ★
[14:55:22]   wave_slope                   │    233 │  4.6% │   19 │   214 │  8.2% │   22.7% │ -0.7 │  -1 │     ALERTA ★
[14:55:22]   sigma_tide                   │    179 │  3.5% │   14 │   165 │  7.8% │   25.0% │ -0.6 │  +0 │  DETECTION ★
[14:55:22]   kf_price_pred_val            │    219 │  4.3% │   17 │   202 │  7.8% │   27.3% │ -0.6 │  +0 │  DETECTION ★
[14:55:22]   conj_wave_tide               │    236 │  4.7% │   18 │   218 │  7.6% │   20.5% │ -0.7 │  -1 │     ALERTA ★
[14:55:22]   conj_wave_current            │    228 │  4.5% │   17 │   211 │  7.5% │   20.5% │ -0.6 │  +0 │  DETECTION ★
[14:55:22]   kf_rsi_filt_vel              │    239 │  4.7% │   17 │   222 │  7.1% │   22.7% │ -0.9 │  -1 │     ALERTA ★
[14:55:22]   vwap_spread_current_wave     │    213 │  4.2% │   15 │   198 │  7.0% │   11.4% │ -1.0 │  -1 │     ALERTA ★
[14:55:22]   kf_rvol_pred_val             │    230 │  4.5% │   16 │   214 │  7.0% │   20.5% │ -0.9 │  -1 │     ALERTA ★
[14:55:22]   kf_conj_pred_val             │    248 │  4.9% │   17 │   231 │  6.9% │   20.5% │ -0.6 │  +0 │  DETECTION ★
[14:55:22]   vwap_spread_tide_current     │    222 │  4.4% │   15 │   207 │  6.8% │   11.4% │ -1.0 │  -1 │     ALERTA ★
[14:55:22] 
  ── HH (44 turns) ──
[14:55:22]   Feature                      │  Fires │  Rate │   TP │    FP │ Prec% │ Recall% │ μ_off │  med │      Class
[14:55:22]   ──────────────────────────── │ ────── │ ───── │ ──── │ ───── │ ───── │ ─────── │ ───── │ ──── │ ──────────
[14:55:22]   wave_slope                   │    233 │  4.6% │   21 │   212 │  9.0% │   18.2% │ -1.0 │  -1 │     ALERTA ★
[14:55:22]   conj_wave_tide               │    236 │  4.7% │   21 │   215 │  8.9% │   18.2% │ -1.0 │  -1 │     ALERTA ★
[14:55:22]   kf_conj_pred_val             │    248 │  4.9% │   21 │   227 │  8.5% │   18.2% │ -1.0 │  -1 │     ALERTA ★
[14:55:22]   conj_wave_current            │    228 │  4.5% │   18 │   210 │  7.9% │   13.6% │ -1.0 │  -1 │     ALERTA ★
[14:55:22]   sigma_tide                   │    179 │  3.5% │   14 │   165 │  7.8% │   13.6% │ -0.9 │  -1 │     ALERTA ★
[14:55:22]   kf_price_pred_val            │    219 │  4.3% │   14 │   205 │  6.4% │   22.7% │ -0.8 │  -0 │  DETECTION ★
[14:55:22]   conj_current_tide            │    200 │  3.9% │   12 │   188 │  6.0% │    9.1% │ -1.0 │  -1 │     ALERTA ★
[14:55:22]   kf_conj_filt_vel             │    232 │  4.6% │   13 │   219 │  5.6% │   15.9% │ -1.1 │  -1 │     ALERTA ★
[14:55:22]   tension_tide                 │    264 │  5.2% │   14 │   250 │  5.3% │   13.6% │ -1.1 │  -1 │     ALERTA ★
[14:55:22]   kf_rvol_pred_val             │    230 │  4.5% │   12 │   218 │  5.2% │   27.3% │ -0.9 │  -1 │     ALERTA ★
[14:55:22]   kf_tension_pred_val          │    270 │  5.3% │   14 │   256 │  5.2% │   11.4% │ -1.1 │  -1 │     ALERTA ★
[14:55:22]   kf_price_filt_vel            │    238 │  4.7% │   12 │   226 │  5.0% │   15.9% │ -1.0 │  -1 │     ALERTA ★
[14:55:22]   rsi_value                    │    190 │  3.7% │    9 │   181 │  4.7% │   11.4% │ -0.7 │  +0 │  DETECTION 
[14:55:22]   kf_price_innovation          │    212 │  4.2% │   10 │   202 │  4.7% │   18.2% │ -1.0 │  -1 │     ALERTA 
[14:55:22]   kf_tension_filt_vel          │    234 │  4.6% │   11 │   223 │  4.7% │   13.6% │ -0.6 │  +0 │  DETECTION 
[14:55:22]   tide_accel                   │    195 │  3.8% │    9 │   186 │  4.6% │   11.4% │ -0.8 │  -1 │     ALERTA 
[14:55:22]   current_accel                │    240 │  4.7% │   10 │   230 │  4.2% │   11.4% │ -0.9 │  -1 │     ALERTA 
[14:55:22]   current_slope                │    222 │  4.4% │    9 │   213 │  4.1% │    6.8% │ -1.0 │  -1 │     ALERTA 
[14:55:22]   kf_rsi_pred_val              │    198 │  3.9% │    8 │   190 │  4.0% │    9.1% │ -0.8 │  -0 │  DETECTION 
[14:55:22]   vwap_sigma_current           │    136 │  2.7% │    5 │   131 │  3.7% │    6.8% │ -0.8 │  -1 │     ALERTA 
[14:55:22] 
  ── LH (27 turns) ──
[14:55:22]   Feature                      │  Fires │  Rate │   TP │    FP │ Prec% │ Recall% │ μ_off │  med │      Class
[14:55:22]   ──────────────────────────── │ ────── │ ───── │ ──── │ ───── │ ───── │ ─────── │ ───── │ ──── │ ──────────
[14:55:22]   compression_ratio            │    197 │  3.9% │   23 │   174 │ 11.7% │   33.3% │ -1.0 │  -1 │     ALERTA ★★
[14:55:22]   kf_price_pred_val            │    219 │  4.3% │   19 │   200 │  8.7% │   37.0% │ -0.7 │  +0 │  DETECTION ★
[14:55:22]   kf_price_innovation          │    212 │  4.2% │   17 │   195 │  8.0% │   37.0% │ -1.2 │  -2 │     ALERTA ★
[14:55:22]   vwap_spread_tide_wave        │    283 │  5.6% │   21 │   262 │  7.4% │   25.9% │ -1.0 │  -1 │     ALERTA ★
[14:55:22]   current_accel                │    240 │  4.7% │   17 │   223 │  7.1% │   25.9% │ -0.9 │  -1 │     ALERTA ★
[14:55:22]   conj_wave_current            │    228 │  4.5% │   16 │   212 │  7.0% │   29.6% │ -0.8 │  -1 │     ALERTA ★
[14:55:22]   kf_conj_filt_vel             │    232 │  4.6% │   16 │   216 │  6.9% │   22.2% │ -0.9 │  -1 │     ALERTA ★
[14:55:22]   kf_tension_filt_vel          │    234 │  4.6% │   16 │   218 │  6.8% │   33.3% │ -1.1 │  -1 │     ALERTA ★
[14:55:22]   vwap_spread_tide_current     │    222 │  4.4% │   15 │   207 │  6.8% │   18.5% │ -1.0 │  -1 │     ALERTA ★
[14:55:22]   conj_wave_tide               │    236 │  4.7% │   15 │   221 │  6.4% │   25.9% │ -1.0 │  -1 │     ALERTA ★
[14:55:22]   kf_price_filt_vel            │    238 │  4.7% │   15 │   223 │  6.3% │   33.3% │ -0.9 │  -1 │     ALERTA ★
[14:55:22]   sigma_tide                   │    179 │  3.5% │   11 │   168 │  6.1% │   18.5% │ -1.2 │  -1 │     ALERTA ★
[14:55:22]   kf_conj_pred_val             │    248 │  4.9% │   15 │   233 │  6.0% │   25.9% │ -0.9 │  -1 │     ALERTA ★
[14:55:22]   tide_slope                   │    268 │  5.3% │   15 │   253 │  5.6% │   18.5% │ -1.0 │  -1 │     ALERTA ★
[14:55:22]   vwap_spread_current_wave     │    213 │  4.2% │   11 │   202 │  5.2% │   14.8% │ -1.1 │  -1 │     ALERTA ★
[14:55:22]   wave_slope                   │    233 │  4.6% │   12 │   221 │  5.2% │   22.2% │ -1.0 │  -1 │     ALERTA ★
[14:55:22]   wave_accel                   │    254 │  5.0% │   13 │   241 │  5.1% │   33.3% │ -0.6 │  +0 │  DETECTION ★
[14:55:22]   vwap_sigma_tide              │    231 │  4.6% │   10 │   221 │  4.3% │   18.5% │ -1.2 │  -1 │     ALERTA 
[14:55:22]   sigma_current                │    163 │  3.2% │    7 │   156 │  4.3% │   18.5% │ -1.1 │  -1 │     ALERTA 
[14:55:22]   vwap_sigma_current           │    136 │  2.7% │    5 │   131 │  3.7% │   14.8% │ -0.8 │  -1 │     ALERTA 
[14:55:22] 
  Processing PG...
[14:55:23] ════════════════════════════════════════════════════════════════════════════════════════════════════
[14:55:23]   TICKER: PG
[14:55:23] ════════════════════════════════════════════════════════════════════════════════════════════════════
[14:55:23] 
  ── LL (26 turns) ──
[14:55:23]   Feature                      │  Fires │  Rate │   TP │    FP │ Prec% │ Recall% │ μ_off │  med │      Class
[14:55:23]   ──────────────────────────── │ ────── │ ───── │ ──── │ ───── │ ───── │ ─────── │ ───── │ ──── │ ──────────
[14:55:23]   sigma_tide                   │    100 │  2.2% │   19 │    81 │ 19.0% │   26.9% │ -0.9 │  -1 │     ALERTA ★★★
[14:55:23]   vwap_sigma_current           │    101 │  2.2% │   16 │    85 │ 15.8% │   38.5% │ -0.6 │  -0 │  DETECTION ★★★
[14:55:23]   rsi_value                    │    167 │  3.6% │   26 │   141 │ 15.6% │   50.0% │ -0.7 │  -0 │  DETECTION ★★★
[14:55:23]   vwap_sigma_tide              │    167 │  3.6% │   25 │   142 │ 15.0% │   50.0% │ -0.6 │  +0 │  DETECTION ★★
[14:55:23]   kf_rsi_pred_val              │    164 │  3.6% │   22 │   142 │ 13.4% │   42.3% │ -0.7 │  -0 │  DETECTION ★★
[14:55:23]   fear_level                   │    249 │  5.4% │   29 │   220 │ 11.6% │   46.2% │ -0.9 │  -1 │     ALERTA ★★
[14:55:23]   kf_price_pred_val            │    227 │  4.9% │   23 │   204 │ 10.1% │   53.8% │ -0.7 │  -1 │     ALERTA ★★
[14:55:23]   compression_ratio            │    195 │  4.2% │   17 │   178 │  8.7% │   26.9% │ -1.0 │  -1 │     ALERTA ★
[14:55:23]   wave_slope                   │    258 │  5.6% │   22 │   236 │  8.5% │   46.2% │ -0.8 │  -1 │     ALERTA ★
[14:55:23]   kf_price_innovation          │    201 │  4.4% │   17 │   184 │  8.5% │   38.5% │ -1.2 │  -1 │     ALERTA ★
[14:55:23]   tide_accel                   │    255 │  5.6% │   21 │   234 │  8.2% │   34.6% │ -0.8 │  -1 │     ALERTA ★
[14:55:23]   wave_accel                   │    232 │  5.1% │   19 │   213 │  8.2% │   46.2% │ -0.6 │  +0 │  DETECTION ★
[14:55:23]   conj_wave_tide               │    237 │  5.2% │   18 │   219 │  7.6% │   42.3% │ -0.6 │  +0 │  DETECTION ★
[14:55:23]   vwap_spread_current_wave     │    208 │  4.5% │   15 │   193 │  7.2% │   23.1% │ -0.9 │  -1 │     ALERTA ★
[14:55:23]   kf_conj_pred_val             │    250 │  5.4% │   18 │   232 │  7.2% │   38.5% │ -0.7 │  -0 │  DETECTION ★
[14:55:23]   sigma_current                │    140 │  3.1% │   10 │   130 │  7.1% │   19.2% │ -0.6 │  -0 │  DETECTION ★
[14:55:23]   kf_price_filt_vel            │    209 │  4.6% │   14 │   195 │  6.7% │   34.6% │ -0.9 │  -1 │     ALERTA ★
[14:55:23]   kf_conj_filt_vel             │    233 │  5.1% │   15 │   218 │  6.4% │   38.5% │ -0.9 │  -1 │     ALERTA ★
[14:55:23]   current_accel                │    264 │  5.8% │   16 │   248 │  6.1% │   30.8% │ -0.7 │  -0 │  DETECTION ★
[14:55:23]   current_slope                │    244 │  5.3% │   12 │   232 │  4.9% │   15.4% │ -1.0 │  -1 │     ALERTA 
[14:55:23] 
  ── HL (42 turns) ──
[14:55:23]   Feature                      │  Fires │  Rate │   TP │    FP │ Prec% │ Recall% │ μ_off │  med │      Class
[14:55:23]   ──────────────────────────── │ ────── │ ───── │ ──── │ ───── │ ───── │ ─────── │ ───── │ ──── │ ──────────
[14:55:23]   sigma_current                │    140 │  3.1% │   20 │   120 │ 14.3% │   28.6% │ -0.7 │  -0 │  DETECTION ★★
[14:55:23]   vwap_sigma_current           │    101 │  2.2% │   13 │    88 │ 12.9% │   19.0% │ -0.8 │  +0 │  DETECTION ★★
[14:55:23]   kf_price_pred_val            │    227 │  4.9% │   19 │   208 │  8.4% │   31.0% │ -0.6 │  +0 │  DETECTION ★
[14:55:23]   kf_price_filt_vel            │    209 │  4.6% │   16 │   193 │  7.7% │   28.6% │ -0.8 │  -0 │  DETECTION ★
[14:55:23]   kf_rvol_filt_vel             │    237 │  5.2% │   17 │   220 │  7.2% │   35.7% │ -0.8 │  -1 │     ALERTA ★
[14:55:23]   kf_rvol_pred_val             │    212 │  4.6% │   15 │   197 │  7.1% │   28.6% │ -0.7 │  -1 │     ALERTA ★
[14:55:23]   conj_wave_current            │    229 │  5.0% │   16 │   213 │  7.0% │   19.0% │ -0.8 │  -1 │     ALERTA ★
[14:55:23]   wave_accel                   │    232 │  5.1% │   14 │   218 │  6.0% │   26.2% │ -0.9 │  -1 │     ALERTA ★
[14:55:23]   kf_price_innovation          │    201 │  4.4% │   12 │   189 │  6.0% │   23.8% │ -0.9 │  -1 │     ALERTA ★
[14:55:23]   tension_wave                 │     52 │  1.1% │    3 │    49 │  5.8% │    7.1% │ -1.7 │  -2 │     ALERTA ★
[14:55:23]   kf_conj_pred_val             │    250 │  5.4% │   14 │   236 │  5.6% │   19.0% │ -0.9 │  -1 │     ALERTA ★
[14:55:23]   conj_wave_tide               │    237 │  5.2% │   13 │   224 │  5.5% │   19.0% │ -0.9 │  -1 │     ALERTA ★
[14:55:23]   wave_slope                   │    258 │  5.6% │   14 │   244 │  5.4% │   19.0% │ -0.9 │  -1 │     ALERTA ★
[14:55:23]   rsi_value                    │    167 │  3.6% │    9 │   158 │  5.4% │   19.0% │ -0.6 │  +0 │  DETECTION ★
[14:55:23]   vwap_spread_tide_current     │    227 │  4.9% │   12 │   215 │  5.3% │    9.5% │ -1.0 │  -1 │     ALERTA ★
[14:55:23]   kf_conj_filt_vel             │    233 │  5.1% │   12 │   221 │  5.2% │   14.3% │ -1.0 │  -1 │     ALERTA ★
[14:55:23]   compression_ratio            │    195 │  4.2% │   10 │   185 │  5.1% │   11.9% │ -0.9 │  -1 │     ALERTA ★
[14:55:23]   sigma_tide                   │    100 │  2.2% │    5 │    95 │  5.0% │   14.3% │ +0.0 │  +0 │  DETECTION ★
[14:55:23]   kf_tension_filt_vel          │    240 │  5.2% │   12 │   228 │  5.0% │   14.3% │ -0.7 │  -0 │  DETECTION ★
[14:55:23]   kf_rsi_filt_vel              │    223 │  4.9% │   11 │   212 │  4.9% │   19.0% │ -0.5 │  +0 │  DETECTION 
[14:55:23] 
  ── HH (39 turns) ──
[14:55:23]   Feature                      │  Fires │  Rate │   TP │    FP │ Prec% │ Recall% │ μ_off │  med │      Class
[14:55:23]   ──────────────────────────── │ ────── │ ───── │ ──── │ ───── │ ───── │ ─────── │ ───── │ ──── │ ──────────
[14:55:23]   conj_current_tide            │    242 │  5.3% │   13 │   229 │  5.4% │   12.8% │ -1.1 │  -1 │     ALERTA ★
[14:55:23]   vwap_spread_tide_current     │    227 │  4.9% │   10 │   217 │  4.4% │   10.3% │ -1.1 │  -1 │     ALERTA 
[14:55:23]   vwap_spread_current_wave     │    208 │  4.5% │    9 │   199 │  4.3% │   10.3% │ -1.0 │  -1 │     ALERTA 
[14:55:23]   sigma_tide                   │    100 │  2.2% │    4 │    96 │  4.0% │    5.1% │ -0.8 │  -0 │  DETECTION 
[14:55:23]   tide_slope                   │    331 │  7.2% │   12 │   319 │  3.6% │   10.3% │ -1.0 │  -1 │     ALERTA 
[14:55:23]   tide_accel                   │    255 │  5.6% │    9 │   246 │  3.5% │   10.3% │ -0.8 │  -1 │     ALERTA 
[14:55:23]   vwap_spread_tide_wave        │    265 │  5.8% │    9 │   256 │  3.4% │    7.7% │ -1.0 │  -1 │     ALERTA 
[14:55:23]   kf_rvol_filt_vel             │    237 │  5.2% │    8 │   229 │  3.4% │   17.9% │ -0.9 │  -1 │     ALERTA 
[14:55:23]   current_slope                │    244 │  5.3% │    8 │   236 │  3.3% │   10.3% │ -1.0 │  -1 │     ALERTA 
[14:55:23]   conj_wave_current            │    229 │  5.0% │    7 │   222 │  3.1% │    7.7% │ -1.0 │  -1 │     ALERTA 
[14:55:23]   kf_price_pred_val            │    227 │  4.9% │    6 │   221 │  2.6% │   12.8% │ -0.8 │  -0 │  DETECTION 
[14:55:23]   wave_slope                   │    258 │  5.6% │    6 │   252 │  2.3% │    7.7% │ -1.0 │  -1 │     ALERTA 
[14:55:23]   tension_tide                 │    275 │  6.0% │    6 │   269 │  2.2% │    5.1% │ -1.0 │  -1 │     ALERTA 
[14:55:23]   kf_tension_pred_val          │    282 │  6.1% │    6 │   276 │  2.1% │    5.1% │ -1.0 │  -1 │     ALERTA 
[14:55:23]   conj_wave_tide               │    237 │  5.2% │    5 │   232 │  2.1% │    7.7% │ -1.0 │  -1 │     ALERTA 
[14:55:23]   tension_wave                 │     52 │  1.1% │    1 │    51 │  1.9% │    2.6% │ -1.0 │  -1 │     ALERTA 
[14:55:23]   current_accel                │    264 │  5.8% │    5 │   259 │  1.9% │   10.3% │ -0.8 │  +0 │  DETECTION 
[14:55:23]   kf_rvol_pred_val             │    212 │  4.6% │    4 │   208 │  1.9% │    7.7% │ -0.2 │  +0 │  DETECTION 
[14:55:23]   kf_rsi_pred_val              │    164 │  3.6% │    3 │   161 │  1.8% │    5.1% │ -1.0 │  -1 │     ALERTA 
[14:55:23]   wave_accel                   │    232 │  5.1% │    4 │   228 │  1.7% │    5.1% │ -0.8 │  -0 │  DETECTION 
[14:55:23] 
  ── LH (29 turns) ──
[14:55:23]   Feature                      │  Fires │  Rate │   TP │    FP │ Prec% │ Recall% │ μ_off │  med │      Class
[14:55:23]   ──────────────────────────── │ ────── │ ───── │ ──── │ ───── │ ───── │ ─────── │ ───── │ ──── │ ──────────
[14:55:23]   wave_accel                   │    232 │  5.1% │   23 │   209 │  9.9% │   37.9% │ -1.0 │  -1 │     ALERTA ★
[14:55:23]   kf_conj_filt_vel             │    233 │  5.1% │   22 │   211 │  9.4% │   31.0% │ -0.9 │  -1 │     ALERTA ★
[14:55:23]   compression_ratio            │    195 │  4.2% │   18 │   177 │  9.2% │   24.1% │ -1.0 │  -1 │     ALERTA ★
[14:55:23]   kf_price_pred_val            │    227 │  4.9% │   19 │   208 │  8.4% │   37.9% │ -1.1 │  -1 │     ALERTA ★
[14:55:23]   kf_price_filt_vel            │    209 │  4.6% │   17 │   192 │  8.1% │   34.5% │ -0.9 │  -1 │     ALERTA ★
[14:55:23]   kf_price_innovation          │    201 │  4.4% │   14 │   187 │  7.0% │   31.0% │ -1.0 │  -1 │     ALERTA ★
[14:55:23]   current_accel                │    264 │  5.8% │   15 │   249 │  5.7% │   20.7% │ -1.1 │  -1 │     ALERTA ★
[14:55:23]   kf_conj_pred_val             │    250 │  5.4% │   14 │   236 │  5.6% │   20.7% │ -0.9 │  -1 │     ALERTA ★
[14:55:23]   conj_wave_current            │    229 │  5.0% │   12 │   217 │  5.2% │   17.2% │ -1.1 │  -1 │     ALERTA ★
[14:55:23]   conj_wave_tide               │    237 │  5.2% │   12 │   225 │  5.1% │   17.2% │ -1.0 │  -1 │     ALERTA ★
[14:55:23]   wave_slope                   │    258 │  5.6% │   11 │   247 │  4.3% │   17.2% │ -1.1 │  -1 │     ALERTA 
[14:55:23]   sigma_tide                   │    100 │  2.2% │    4 │    96 │  4.0% │   10.3% │ -1.0 │  -1 │     ALERTA 
[14:55:23]   kf_tension_filt_vel          │    240 │  5.2% │    9 │   231 │  3.8% │   13.8% │ -0.9 │  -1 │     ALERTA 
[14:55:23]   current_slope                │    244 │  5.3% │    9 │   235 │  3.7% │   10.3% │ -1.0 │  -1 │     ALERTA 
[14:55:23]   fear_level                   │    249 │  5.4% │    9 │   240 │  3.6% │   17.2% │ -1.3 │  -2 │     ALERTA 
[14:55:23]   kf_rsi_filt_vel              │    223 │  4.9% │    6 │   217 │  2.7% │   13.8% │ -1.2 │  -2 │     ALERTA 
[14:55:23]   kf_tension_pred_val          │    282 │  6.1% │    7 │   275 │  2.5% │   10.3% │ -1.3 │  -1 │     ALERTA 
[14:55:23]   vwap_spread_current_wave     │    208 │  4.5% │    5 │   203 │  2.4% │    6.9% │ -0.8 │  -1 │     ALERTA 
[14:55:23]   vwap_sigma_tide              │    167 │  3.6% │    4 │   163 │  2.4% │    6.9% │ -1.2 │  -2 │     ALERTA 
[14:55:23]   kf_rvol_pred_val             │    212 │  4.6% │    5 │   207 │  2.4% │   17.2% │ -1.2 │  -2 │     ALERTA 
[14:55:23] 
  Processing QQQ...
[14:55:24] ════════════════════════════════════════════════════════════════════════════════════════════════════
[14:55:24]   TICKER: QQQ
[14:55:24] ════════════════════════════════════════════════════════════════════════════════════════════════════
[14:55:24] 
  ── LL (78 turns) ──
[14:55:24]   Feature                      │  Fires │  Rate │   TP │    FP │ Prec% │ Recall% │ μ_off │  med │      Class
[14:55:24]   ──────────────────────────── │ ────── │ ───── │ ──── │ ───── │ ───── │ ─────── │ ───── │ ──── │ ──────────
[14:55:24]   vwap_sigma_tide              │    224 │  3.5% │   78 │   146 │ 34.8% │   46.2% │ -0.9 │  -1 │     ALERTA ★★★
[14:55:24]   vwap_sigma_current           │    171 │  2.7% │   56 │   115 │ 32.7% │   42.3% │ -0.8 │  -1 │     ALERTA ★★★
[14:55:24]   sigma_tide                   │    247 │  3.9% │   58 │   189 │ 23.5% │   35.9% │ -0.8 │  -1 │     ALERTA ★★★
[14:55:24]   fear_level                   │    345 │  5.4% │   79 │   266 │ 22.9% │   46.2% │ -0.9 │  -1 │     ALERTA ★★★
[14:55:24]   rsi_value                    │    198 │  3.1% │   44 │   154 │ 22.2% │   37.2% │ -0.6 │  +0 │  DETECTION ★★★
[14:55:24]   wave_slope                   │    271 │  4.3% │   59 │   212 │ 21.8% │   41.0% │ -0.8 │  -1 │     ALERTA ★★★
[14:55:24]   kf_rsi_pred_val              │    176 │  2.8% │   36 │   140 │ 20.5% │   30.8% │ -0.8 │  -1 │     ALERTA ★★★
[14:55:24]   kf_price_pred_val            │    268 │  4.2% │   52 │   216 │ 19.4% │   55.1% │ -0.8 │  -1 │     ALERTA ★★★
[14:55:24]   kf_conj_pred_val             │    267 │  4.2% │   45 │   222 │ 16.9% │   30.8% │ -0.9 │  -1 │     ALERTA ★★★
[14:55:24]   current_slope                │    270 │  4.3% │   45 │   225 │ 16.7% │   28.2% │ -0.9 │  -1 │     ALERTA ★★★
[14:55:24]   vwap_spread_current_wave     │    264 │  4.2% │   42 │   222 │ 15.9% │   26.9% │ -0.9 │  -1 │     ALERTA ★★★
[14:55:24]   vwap_spread_tide_wave        │    394 │  6.2% │   62 │   332 │ 15.7% │   34.6% │ -1.0 │  -1 │     ALERTA ★★★
[14:55:24]   kf_price_innovation          │    249 │  3.9% │   38 │   211 │ 15.3% │   48.7% │ -0.9 │  -1 │     ALERTA ★★★
[14:55:24]   current_accel                │    286 │  4.5% │   43 │   243 │ 15.0% │   33.3% │ -0.9 │  -1 │     ALERTA ★★★
[14:55:24]   vwap_sigma_wave              │    148 │  2.3% │   22 │   126 │ 14.9% │   29.5% │ -0.7 │  +0 │  DETECTION ★★
[14:55:24]   conj_wave_tide               │    284 │  4.5% │   41 │   243 │ 14.4% │   29.5% │ -0.8 │  -1 │     ALERTA ★★
[14:55:24]   conj_wave_current            │    264 │  4.2% │   36 │   228 │ 13.6% │   25.6% │ -0.9 │  -1 │     ALERTA ★★
[14:55:24]   kf_price_filt_vel            │    259 │  4.1% │   34 │   225 │ 13.1% │   44.9% │ -0.9 │  -1 │     ALERTA ★★
[14:55:24]   vwap_spread_tide_current     │    421 │  6.6% │   50 │   371 │ 11.9% │   28.2% │ -0.9 │  -1 │     ALERTA ★★
[14:55:24]   tide_slope                   │    385 │  6.1% │   40 │   345 │ 10.4% │   25.6% │ -0.9 │  -1 │     ALERTA ★★
[14:55:24] 
  ── HL (76 turns) ──
[14:55:24]   Feature                      │  Fires │  Rate │   TP │    FP │ Prec% │ Recall% │ μ_off │  med │      Class
[14:55:24]   ──────────────────────────── │ ────── │ ───── │ ──── │ ───── │ ───── │ ─────── │ ───── │ ──── │ ──────────
[14:55:24]   vwap_sigma_wave              │    148 │  2.3% │   27 │   121 │ 18.2% │   22.4% │ -0.9 │  -1 │     ALERTA ★★★
[14:55:24]   sigma_current                │    217 │  3.4% │   36 │   181 │ 16.6% │   25.0% │ -0.9 │  -1 │     ALERTA ★★★
[14:55:24]   kf_rsi_pred_val              │    176 │  2.8% │   21 │   155 │ 11.9% │   15.8% │ -0.7 │  +0 │  DETECTION ★★
[14:55:24]   kf_rvol_pred_val             │    255 │  4.0% │   30 │   225 │ 11.8% │   28.9% │ -1.0 │  -1 │     ALERTA ★★
[14:55:24]   vwap_sigma_current           │    171 │  2.7% │   19 │   152 │ 11.1% │   14.5% │ -0.7 │  +0 │  DETECTION ★★
[14:55:24]   sigma_tide                   │    247 │  3.9% │   27 │   220 │ 10.9% │   21.1% │ -0.7 │  +0 │  DETECTION ★★
[14:55:24]   kf_price_pred_val            │    268 │  4.2% │   29 │   239 │ 10.8% │   27.6% │ -0.7 │  +0 │  DETECTION ★★
[14:55:24]   conj_wave_current            │    264 │  4.2% │   28 │   236 │ 10.6% │   17.1% │ -1.0 │  -1 │     ALERTA ★★
[14:55:24]   kf_tension_filt_vel          │    383 │  6.0% │   39 │   344 │ 10.2% │   27.6% │ -0.8 │  -1 │     ALERTA ★★
[14:55:24]   wave_accel                   │    279 │  4.4% │   28 │   251 │ 10.0% │   23.7% │ -0.8 │  -1 │     ALERTA ★★
[14:55:24]   kf_conj_pred_val             │    267 │  4.2% │   26 │   241 │  9.7% │   19.7% │ -1.0 │  -1 │     ALERTA ★
[14:55:24]   conj_wave_tide               │    284 │  4.5% │   27 │   257 │  9.5% │   17.1% │ -1.0 │  -1 │     ALERTA ★
[14:55:24]   kf_rsi_filt_vel              │    299 │  4.7% │   27 │   272 │  9.0% │   21.1% │ -0.8 │  -1 │     ALERTA ★
[14:55:24]   conj_current_tide            │    267 │  4.2% │   24 │   243 │  9.0% │   13.2% │ -1.0 │  -1 │     ALERTA ★
[14:55:24]   current_slope                │    270 │  4.3% │   24 │   246 │  8.9% │   14.5% │ -0.9 │  -1 │     ALERTA ★
[14:55:24]   tension_tide                 │    387 │  6.1% │   34 │   353 │  8.8% │   18.4% │ -0.9 │  -1 │     ALERTA ★
[14:55:24]   kf_tension_pred_val          │    401 │  6.3% │   34 │   367 │  8.5% │   19.7% │ -0.9 │  -1 │     ALERTA ★
[14:55:24]   compression_ratio            │    269 │  4.2% │   22 │   247 │  8.2% │   11.8% │ -1.0 │  -1 │     ALERTA ★
[14:55:24]   vwap_spread_current_wave     │    264 │  4.2% │   21 │   243 │  8.0% │   11.8% │ -1.0 │  -1 │     ALERTA ★
[14:55:24]   kf_conj_filt_vel             │    269 │  4.2% │   21 │   248 │  7.8% │   19.7% │ -0.7 │  -1 │     ALERTA ★
[14:55:24] 
  ── HH (83 turns) ──
[14:55:24]   Feature                      │  Fires │  Rate │   TP │    FP │ Prec% │ Recall% │ μ_off │  med │      Class
[14:55:24]   ──────────────────────────── │ ────── │ ───── │ ──── │ ───── │ ───── │ ─────── │ ───── │ ──── │ ──────────
[14:55:24]   vwap_spread_tide_current     │    421 │  6.6% │   44 │   377 │ 10.5% │   22.9% │ -1.0 │  -1 │     ALERTA ★★
[14:55:24]   current_slope                │    270 │  4.3% │   28 │   242 │ 10.4% │   18.1% │ -1.0 │  -1 │     ALERTA ★★
[14:55:24]   conj_current_tide            │    267 │  4.2% │   27 │   240 │ 10.1% │   18.1% │ -1.0 │  -1 │     ALERTA ★★
[14:55:24]   vwap_spread_tide_wave        │    394 │  6.2% │   37 │   357 │  9.4% │   21.7% │ -1.0 │  -1 │     ALERTA ★
[14:55:24]   wave_accel                   │    279 │  4.4% │   26 │   253 │  9.3% │   22.9% │ -0.9 │  -1 │     ALERTA ★
[14:55:24]   vwap_spread_current_wave     │    264 │  4.2% │   23 │   241 │  8.7% │   19.3% │ -1.1 │  -1 │     ALERTA ★
[14:55:24]   kf_conj_pred_val             │    267 │  4.2% │   23 │   244 │  8.6% │   18.1% │ -0.8 │  -1 │     ALERTA ★
[14:55:24]   kf_conj_filt_vel             │    269 │  4.2% │   23 │   246 │  8.6% │   19.3% │ -0.9 │  -1 │     ALERTA ★
[14:55:24]   tension_tide                 │    387 │  6.1% │   33 │   354 │  8.5% │   13.3% │ -1.0 │  -1 │     ALERTA ★
[14:55:24]   conj_wave_current            │    264 │  4.2% │   22 │   242 │  8.3% │   15.7% │ -1.0 │  -1 │     ALERTA ★
[14:55:24]   kf_tension_pred_val          │    401 │  6.3% │   33 │   368 │  8.2% │   13.3% │ -1.0 │  -1 │     ALERTA ★
[14:55:24]   current_accel                │    286 │  4.5% │   23 │   263 │  8.0% │   15.7% │ -0.9 │  -1 │     ALERTA ★
[14:55:24]   tide_slope                   │    385 │  6.1% │   30 │   355 │  7.8% │   14.5% │ -1.0 │  -1 │     ALERTA ★
[14:55:24]   conj_wave_tide               │    284 │  4.5% │   22 │   262 │  7.7% │   18.1% │ -0.9 │  -1 │     ALERTA ★
[14:55:24]   kf_price_pred_val            │    268 │  4.2% │   18 │   250 │  6.7% │   22.9% │ -1.0 │  -1 │     ALERTA ★
[14:55:24]   tension_current              │    273 │  4.3% │   18 │   255 │  6.6% │   10.8% │ -0.9 │  -1 │     ALERTA ★
[14:55:24]   tide_accel                   │    322 │  5.1% │   20 │   302 │  6.2% │   14.5% │ -1.0 │  -1 │     ALERTA ★
[14:55:24]   kf_price_filt_vel            │    259 │  4.1% │   14 │   245 │  5.4% │   14.5% │ -1.1 │  -1 │     ALERTA ★
[14:55:24]   sigma_current                │    217 │  3.4% │   10 │   207 │  4.6% │    7.2% │ -0.7 │  -0 │  DETECTION 
[14:55:24]   wave_slope                   │    271 │  4.3% │   12 │   259 │  4.4% │   10.8% │ -1.0 │  -1 │     ALERTA 
[14:55:24] 
  ── LH (71 turns) ──
[14:55:24]   Feature                      │  Fires │  Rate │   TP │    FP │ Prec% │ Recall% │ μ_off │  med │      Class
[14:55:24]   ──────────────────────────── │ ────── │ ───── │ ──── │ ───── │ ───── │ ─────── │ ───── │ ──── │ ──────────
[14:55:24]   wave_slope                   │    271 │  4.3% │   55 │   216 │ 20.3% │   35.2% │ -1.0 │  -1 │     ALERTA ★★★
[14:55:24]   vwap_sigma_tide              │    224 │  3.5% │   40 │   184 │ 17.9% │   28.2% │ -1.1 │  -1 │     ALERTA ★★★
[14:55:24]   kf_price_pred_val            │    268 │  4.2% │   47 │   221 │ 17.5% │   57.7% │ -0.9 │  -1 │     ALERTA ★★★
[14:55:24]   fear_level                   │    345 │  5.4% │   60 │   285 │ 17.4% │   36.6% │ -1.1 │  -1 │     ALERTA ★★★
[14:55:24]   tension_wave                 │    170 │  2.7% │   29 │   141 │ 17.1% │   29.6% │ -0.7 │  -1 │     ALERTA ★★★
[14:55:24]   kf_price_innovation          │    249 │  3.9% │   39 │   210 │ 15.7% │   50.7% │ -1.0 │  -1 │     ALERTA ★★★
[14:55:24]   current_slope                │    270 │  4.3% │   42 │   228 │ 15.6% │   26.8% │ -1.0 │  -1 │     ALERTA ★★★
[14:55:24]   kf_price_filt_vel            │    259 │  4.1% │   40 │   219 │ 15.4% │   57.7% │ -0.9 │  -1 │     ALERTA ★★★
[14:55:24]   kf_conj_pred_val             │    267 │  4.2% │   40 │   227 │ 15.0% │   29.6% │ -1.1 │  -1 │     ALERTA ★★
[14:55:24]   vwap_spread_current_wave     │    264 │  4.2% │   39 │   225 │ 14.8% │   22.5% │ -1.0 │  -1 │     ALERTA ★★
[14:55:24]   conj_wave_tide               │    284 │  4.5% │   41 │   243 │ 14.4% │   29.6% │ -1.1 │  -1 │     ALERTA ★★
[14:55:24]   vwap_spread_tide_wave        │    394 │  6.2% │   54 │   340 │ 13.7% │   29.6% │ -1.0 │  -1 │     ALERTA ★★
[14:55:24]   conj_wave_current            │    264 │  4.2% │   35 │   229 │ 13.3% │   23.9% │ -1.0 │  -1 │     ALERTA ★★
[14:55:24]   wave_accel                   │    279 │  4.4% │   33 │   246 │ 11.8% │   42.3% │ -0.8 │  -1 │     ALERTA ★★
[14:55:24]   kf_conj_filt_vel             │    269 │  4.2% │   29 │   240 │ 10.8% │   31.0% │ -1.0 │  -1 │     ALERTA ★★
[14:55:24]   current_accel                │    286 │  4.5% │   29 │   257 │ 10.1% │   22.5% │ -1.1 │  -1 │     ALERTA ★★
[14:55:24]   vwap_spread_tide_current     │    421 │  6.6% │   42 │   379 │ 10.0% │   25.4% │ -1.0 │  -1 │     ALERTA ★
[14:55:24]   compression_ratio            │    269 │  4.2% │   26 │   243 │  9.7% │   19.7% │ -0.9 │  -1 │     ALERTA ★
[14:55:24]   tide_slope                   │    385 │  6.1% │   37 │   348 │  9.6% │   23.9% │ -1.0 │  -1 │     ALERTA ★
[14:55:24]   conj_current_tide            │    267 │  4.2% │   25 │   242 │  9.4% │   18.3% │ -1.0 │  -1 │     ALERTA ★
[14:55:24] 
  Processing SPY...
[14:55:25] ════════════════════════════════════════════════════════════════════════════════════════════════════
[14:55:25]   TICKER: SPY
[14:55:25] ════════════════════════════════════════════════════════════════════════════════════════════════════
[14:55:25] 
  ── LL (50 turns) ──
[14:55:25]   Feature                      │  Fires │  Rate │   TP │    FP │ Prec% │ Recall% │ μ_off │  med │      Class
[14:55:25]   ──────────────────────────── │ ────── │ ───── │ ──── │ ───── │ ───── │ ─────── │ ───── │ ──── │ ──────────
[14:55:25]   sigma_tide                   │    309 │  3.9% │   66 │   243 │ 21.4% │   58.0% │ -0.8 │  -1 │     ALERTA ★★★
[14:55:25]   rsi_value                    │    281 │  3.6% │   53 │   228 │ 18.9% │   48.0% │ -0.8 │  -1 │     ALERTA ★★★
[14:55:25]   vwap_sigma_tide              │    398 │  5.1% │   75 │   323 │ 18.8% │   58.0% │ -0.9 │  -1 │     ALERTA ★★★
[14:55:25]   vwap_sigma_current           │    331 │  4.2% │   62 │   269 │ 18.7% │   66.0% │ -0.7 │  -0 │  DETECTION ★★★
[14:55:25]   kf_rsi_pred_val              │    288 │  3.7% │   46 │   242 │ 16.0% │   46.0% │ -0.7 │  -1 │     ALERTA ★★★
[14:55:25]   fear_level                   │    373 │  4.7% │   48 │   325 │ 12.9% │   34.0% │ -1.0 │  -1 │     ALERTA ★★
[14:55:25]   wave_slope                   │    397 │  5.0% │   50 │   347 │ 12.6% │   40.0% │ -0.9 │  -1 │     ALERTA ★★
[14:55:25]   vwap_sigma_wave              │    249 │  3.2% │   30 │   219 │ 12.0% │   42.0% │ -0.6 │  +0 │  DETECTION ★★
[14:55:25]   tide_accel                   │    450 │  5.7% │   49 │   401 │ 10.9% │   44.0% │ -0.8 │  -1 │     ALERTA ★★
[14:55:25]   kf_price_pred_val            │    407 │  5.2% │   44 │   363 │ 10.8% │   56.0% │ -0.7 │  -1 │     ALERTA ★★
[14:55:25]   current_accel                │    449 │  5.7% │   48 │   401 │ 10.7% │   44.0% │ -0.9 │  -1 │     ALERTA ★★
[14:55:25]   sigma_current                │    255 │  3.2% │   27 │   228 │ 10.6% │   30.0% │ -0.6 │  +0 │  DETECTION ★★
[14:55:25]   conj_wave_tide               │    393 │  5.0% │   36 │   357 │  9.2% │   30.0% │ -0.9 │  -1 │     ALERTA ★
[14:55:25]   kf_price_innovation          │    347 │  4.4% │   31 │   316 │  8.9% │   42.0% │ -1.0 │  -1 │     ALERTA ★
[14:55:25]   wave_accel                   │    397 │  5.0% │   35 │   362 │  8.8% │   36.0% │ -0.8 │  -1 │     ALERTA ★
[14:55:25]   kf_conj_pred_val             │    406 │  5.2% │   35 │   371 │  8.6% │   30.0% │ -0.9 │  -1 │     ALERTA ★
[14:55:25]   vwap_spread_current_wave     │    398 │  5.1% │   31 │   367 │  7.8% │   24.0% │ -0.9 │  -1 │     ALERTA ★
[14:55:25]   kf_price_filt_vel            │    395 │  5.0% │   30 │   365 │  7.6% │   42.0% │ -0.9 │  -1 │     ALERTA ★
[14:55:25]   kf_rvol_pred_val             │    271 │  3.4% │   20 │   251 │  7.4% │   20.0% │ -1.0 │  -1 │     ALERTA ★
[14:55:25]   vwap_spread_tide_wave        │    429 │  5.5% │   31 │   398 │  7.2% │   22.0% │ -1.0 │  -1 │     ALERTA ★
[14:55:25] 
  ── HL (68 turns) ──
[14:55:25]   Feature                      │  Fires │  Rate │   TP │    FP │ Prec% │ Recall% │ μ_off │  med │      Class
[14:55:25]   ──────────────────────────── │ ────── │ ───── │ ──── │ ───── │ ───── │ ─────── │ ───── │ ──── │ ──────────
[14:55:25]   sigma_current                │    255 │  3.2% │   43 │   212 │ 16.9% │   35.3% │ -0.9 │  -1 │     ALERTA ★★★
[14:55:25]   sigma_tide                   │    309 │  3.9% │   51 │   258 │ 16.5% │   36.8% │ -0.7 │  -1 │     ALERTA ★★★
[14:55:25]   vwap_sigma_current           │    331 │  4.2% │   48 │   283 │ 14.5% │   32.4% │ -0.8 │  -1 │     ALERTA ★★
[14:55:25]   vwap_sigma_wave              │    249 │  3.2% │   36 │   213 │ 14.5% │   38.2% │ -0.8 │  -0 │  DETECTION ★★
[14:55:25]   rsi_value                    │    281 │  3.6% │   39 │   242 │ 13.9% │   35.3% │ -0.5 │  +0 │  DETECTION ★★
[14:55:25]   kf_rsi_pred_val              │    288 │  3.7% │   39 │   249 │ 13.5% │   32.4% │ -0.7 │  -1 │     ALERTA ★★
[14:55:25]   kf_rvol_pred_val             │    271 │  3.4% │   34 │   237 │ 12.5% │   35.3% │ -0.9 │  -1 │     ALERTA ★★
[14:55:25]   kf_price_pred_val            │    407 │  5.2% │   43 │   364 │ 10.6% │   39.7% │ -0.8 │  -1 │     ALERTA ★★
[14:55:25]   kf_rsi_filt_vel              │    323 │  4.1% │   33 │   290 │ 10.2% │   29.4% │ -0.8 │  -1 │     ALERTA ★★
[14:55:25]   kf_conj_filt_vel             │    410 │  5.2% │   39 │   371 │  9.5% │   25.0% │ -0.9 │  -1 │     ALERTA ★
[14:55:25]   kf_price_filt_vel            │    395 │  5.0% │   35 │   360 │  8.9% │   33.8% │ -1.1 │  -1 │     ALERTA ★
[14:55:25]   conj_wave_tide               │    393 │  5.0% │   34 │   359 │  8.7% │   19.1% │ -1.1 │  -1 │     ALERTA ★
[14:55:25]   wave_accel                   │    397 │  5.0% │   34 │   363 │  8.6% │   27.9% │ -0.8 │  -1 │     ALERTA ★
[14:55:25]   conj_wave_current            │    404 │  5.1% │   32 │   372 │  7.9% │   22.1% │ -0.9 │  -1 │     ALERTA ★
[14:55:25]   kf_rvol_filt_vel             │    293 │  3.7% │   23 │   270 │  7.8% │   29.4% │ -1.0 │  -1 │     ALERTA ★
[14:55:25]   tension_tide                 │    447 │  5.7% │   35 │   412 │  7.8% │   25.0% │ -0.8 │  -1 │     ALERTA ★
[14:55:25]   kf_tension_pred_val          │    456 │  5.8% │   35 │   421 │  7.7% │   25.0% │ -0.7 │  -1 │     ALERTA ★
[14:55:25]   kf_conj_pred_val             │    406 │  5.2% │   31 │   375 │  7.6% │   17.6% │ -1.0 │  -1 │     ALERTA ★
[14:55:25]   vwap_spread_tide_current     │    358 │  4.6% │   27 │   331 │  7.5% │   13.2% │ -1.0 │  -1 │     ALERTA ★
[14:55:25]   current_slope                │    393 │  5.0% │   29 │   364 │  7.4% │   14.7% │ -1.0 │  -1 │     ALERTA ★
[14:55:25] 
  ── HH (68 turns) ──
[14:55:25]   Feature                      │  Fires │  Rate │   TP │    FP │ Prec% │ Recall% │ μ_off │  med │      Class
[14:55:25]   ──────────────────────────── │ ────── │ ───── │ ──── │ ───── │ ───── │ ─────── │ ───── │ ──── │ ──────────
[14:55:25]   current_accel                │    449 │  5.7% │   30 │   419 │  6.7% │   19.1% │ -1.0 │  -1 │     ALERTA ★
[14:55:25]   vwap_spread_tide_current     │    358 │  4.6% │   20 │   338 │  5.6% │   10.3% │ -1.1 │  -1 │     ALERTA ★
[14:55:25]   conj_wave_tide               │    393 │  5.0% │   21 │   372 │  5.3% │   11.8% │ -0.9 │  -1 │     ALERTA ★
[14:55:25]   kf_conj_pred_val             │    406 │  5.2% │   21 │   385 │  5.2% │   11.8% │ -1.0 │  -1 │     ALERTA ★
[14:55:25]   conj_current_tide            │    369 │  4.7% │   19 │   350 │  5.1% │   11.8% │ -1.1 │  -1 │     ALERTA ★
[14:55:25]   tide_slope                   │    314 │  4.0% │   15 │   299 │  4.8% │    7.4% │ -1.0 │  -1 │     ALERTA 
[14:55:25]   kf_tension_pred_val          │    456 │  5.8% │   21 │   435 │  4.6% │   10.3% │ -1.0 │  -1 │     ALERTA 
[14:55:25]   vwap_spread_current_wave     │    398 │  5.1% │   17 │   381 │  4.3% │   10.3% │ -1.0 │  -1 │     ALERTA 
[14:55:25]   conj_wave_current            │    404 │  5.1% │   17 │   387 │  4.2% │   10.3% │ -0.9 │  -1 │     ALERTA 
[14:55:25]   vwap_spread_tide_wave        │    429 │  5.5% │   18 │   411 │  4.2% │    8.8% │ -1.0 │  -1 │     ALERTA 
[14:55:25]   current_slope                │    393 │  5.0% │   16 │   377 │  4.1% │    8.8% │ -1.1 │  -1 │     ALERTA 
[14:55:25]   tension_tide                 │    447 │  5.7% │   18 │   429 │  4.0% │    8.8% │ -1.0 │  -1 │     ALERTA 
[14:55:25]   tide_accel                   │    450 │  5.7% │   15 │   435 │  3.3% │   10.3% │ -1.1 │  -1 │     ALERTA 
[14:55:25]   rsi_value                    │    281 │  3.6% │    8 │   273 │  2.8% │    4.4% │ -0.9 │  -1 │     ALERTA 
[14:55:25]   kf_rsi_pred_val              │    288 │  3.7% │    8 │   280 │  2.8% │    5.9% │ -0.9 │  -1 │     ALERTA 
[14:55:25]   wave_slope                   │    397 │  5.0% │   11 │   386 │  2.8% │    8.8% │ -0.8 │  -1 │     ALERTA 
[14:55:25]   wave_accel                   │    397 │  5.0% │   11 │   386 │  2.8% │    7.4% │ -0.8 │  -1 │     ALERTA 
[14:55:25]   kf_conj_filt_vel             │    410 │  5.2% │   11 │   399 │  2.7% │    5.9% │ -0.9 │  -1 │     ALERTA 
[14:55:25]   kf_price_innovation          │    347 │  4.4% │    8 │   339 │  2.3% │   10.3% │ -1.0 │  -1 │     ALERTA 
[14:55:25]   sigma_tide                   │    309 │  3.9% │    7 │   302 │  2.3% │    4.4% │ -1.0 │  -1 │     ALERTA 
[14:55:25] 
  ── LH (49 turns) ──
[14:55:25]   Feature                      │  Fires │  Rate │   TP │    FP │ Prec% │ Recall% │ μ_off │  med │      Class
[14:55:25]   ──────────────────────────── │ ────── │ ───── │ ──── │ ───── │ ───── │ ─────── │ ───── │ ──── │ ──────────
[14:55:25]   kf_conj_filt_vel             │    410 │  5.2% │   50 │   360 │ 12.2% │   44.9% │ -0.9 │  -1 │     ALERTA ★★
[14:55:25]   wave_slope                   │    397 │  5.0% │   41 │   356 │ 10.3% │   30.6% │ -1.0 │  -1 │     ALERTA ★★
[14:55:25]   wave_accel                   │    397 │  5.0% │   41 │   356 │ 10.3% │   46.9% │ -1.0 │  -1 │     ALERTA ★★
[14:55:25]   kf_price_pred_val            │    407 │  5.2% │   38 │   369 │  9.3% │   40.8% │ -0.9 │  -1 │     ALERTA ★
[14:55:25]   kf_conj_pred_val             │    406 │  5.2% │   37 │   369 │  9.1% │   28.6% │ -0.9 │  -1 │     ALERTA ★
[14:55:25]   kf_price_innovation          │    347 │  4.4% │   31 │   316 │  8.9% │   38.8% │ -1.0 │  -1 │     ALERTA ★
[14:55:25]   conj_wave_tide               │    393 │  5.0% │   35 │   358 │  8.9% │   26.5% │ -0.9 │  -1 │     ALERTA ★
[14:55:25]   compression_ratio            │    337 │  4.3% │   30 │   307 │  8.9% │   22.4% │ -1.0 │  -1 │     ALERTA ★
[14:55:25]   conj_wave_current            │    404 │  5.1% │   35 │   369 │  8.7% │   26.5% │ -1.0 │  -1 │     ALERTA ★
[14:55:25]   fear_level                   │    373 │  4.7% │   31 │   342 │  8.3% │   24.5% │ -1.0 │  -1 │     ALERTA ★
[14:55:25]   kf_price_filt_vel            │    395 │  5.0% │   32 │   363 │  8.1% │   38.8% │ -0.9 │  -1 │     ALERTA ★
[14:55:25]   vwap_sigma_tide              │    398 │  5.1% │   30 │   368 │  7.5% │   28.6% │ -1.2 │  -1 │     ALERTA ★
[14:55:25]   vwap_spread_current_wave     │    398 │  5.1% │   29 │   369 │  7.3% │   20.4% │ -1.0 │  -1 │     ALERTA ★
[14:55:25]   tide_slope                   │    314 │  4.0% │   21 │   293 │  6.7% │   14.3% │ -1.0 │  -1 │     ALERTA ★
[14:55:25]   current_slope                │    393 │  5.0% │   25 │   368 │  6.4% │   18.4% │ -1.0 │  -1 │     ALERTA ★
[14:55:25]   tension_current              │    347 │  4.4% │   22 │   325 │  6.3% │   18.4% │ -1.0 │  -1 │     ALERTA ★
[14:55:25]   vwap_spread_tide_wave        │    429 │  5.5% │   27 │   402 │  6.3% │   18.4% │ -1.0 │  -1 │     ALERTA ★
[14:55:25]   vwap_spread_tide_current     │    358 │  4.6% │   22 │   336 │  6.1% │   16.3% │ -1.0 │  -1 │     ALERTA ★
[14:55:25]   sigma_tide                   │    309 │  3.9% │   18 │   291 │  5.8% │   16.3% │ -1.1 │  -1 │     ALERTA ★
[14:55:25]   conj_current_tide            │    369 │  4.7% │   20 │   349 │  5.4% │   16.3% │ -0.9 │  -1 │     ALERTA ★
[14:55:25] 
  Processing WMT...
[14:55:26] ════════════════════════════════════════════════════════════════════════════════════════════════════
[14:55:26]   TICKER: WMT
[14:55:26] ════════════════════════════════════════════════════════════════════════════════════════════════════
[14:55:26] 
  ── LL (32 turns) ──
[14:55:26]   Feature                      │  Fires │  Rate │   TP │    FP │ Prec% │ Recall% │ μ_off │  med │      Class
[14:55:26]   ──────────────────────────── │ ────── │ ───── │ ──── │ ───── │ ───── │ ─────── │ ───── │ ──── │ ──────────
[14:55:26]   vwap_sigma_current           │    137 │  3.0% │   31 │   106 │ 22.6% │   50.0% │ -0.8 │  -1 │     ALERTA ★★★
[14:55:26]   sigma_tide                   │    167 │  3.6% │   30 │   137 │ 18.0% │   34.4% │ -1.0 │  -1 │     ALERTA ★★★
[14:55:26]   vwap_sigma_wave              │    118 │  2.6% │   19 │    99 │ 16.1% │   40.6% │ -0.8 │  -1 │     ALERTA ★★★
[14:55:26]   vwap_sigma_tide              │    145 │  3.2% │   22 │   123 │ 15.2% │   28.1% │ -1.0 │  -1 │     ALERTA ★★★
[14:55:26]   rsi_value                    │    207 │  4.5% │   25 │   182 │ 12.1% │   37.5% │ -0.9 │  -1 │     ALERTA ★★
[14:55:26]   kf_rsi_pred_val              │    214 │  4.7% │   25 │   189 │ 11.7% │   37.5% │ -0.9 │  -1 │     ALERTA ★★
[14:55:26]   kf_conj_pred_val             │    180 │  3.9% │   20 │   160 │ 11.1% │   25.0% │ -0.8 │  -1 │     ALERTA ★★
[14:55:26]   wave_accel                   │    220 │  4.8% │   24 │   196 │ 10.9% │   31.2% │ -0.9 │  -1 │     ALERTA ★★
[14:55:26]   current_accel                │    210 │  4.6% │   22 │   188 │ 10.5% │   31.2% │ -0.9 │  -1 │     ALERTA ★★
[14:55:26]   kf_price_pred_val            │    210 │  4.6% │   22 │   188 │ 10.5% │   37.5% │ -1.0 │  -1 │     ALERTA ★★
[14:55:26]   sigma_current                │    161 │  3.5% │   16 │   145 │  9.9% │   25.0% │ -0.8 │  -1 │     ALERTA ★
[14:55:26]   conj_wave_tide               │    179 │  3.9% │   17 │   162 │  9.5% │   25.0% │ -0.8 │  -1 │     ALERTA ★
[14:55:26]   tide_accel                   │    234 │  5.1% │   21 │   213 │  9.0% │   34.4% │ -0.8 │  -1 │     ALERTA ★
[14:55:26]   kf_price_innovation          │    225 │  4.9% │   20 │   205 │  8.9% │   37.5% │ -1.1 │  -1 │     ALERTA ★
[14:55:26]   kf_conj_filt_vel             │    207 │  4.5% │   18 │   189 │  8.7% │   21.9% │ -0.8 │  -1 │     ALERTA ★
[14:55:26]   tension_tide                 │    245 │  5.3% │   21 │   224 │  8.6% │   28.1% │ -0.9 │  -1 │     ALERTA ★
[14:55:26]   compression_ratio            │    219 │  4.8% │   18 │   201 │  8.2% │   21.9% │ -1.0 │  -1 │     ALERTA ★
[14:55:26]   kf_tension_pred_val          │    233 │  5.1% │   19 │   214 │  8.2% │   25.0% │ -0.8 │  -1 │     ALERTA ★
[14:55:26]   conj_wave_current            │    213 │  4.6% │   17 │   196 │  8.0% │   18.8% │ -0.9 │  -1 │     ALERTA ★
[14:55:26]   kf_price_filt_vel            │    197 │  4.3% │   15 │   182 │  7.6% │   31.2% │ -1.1 │  -1 │     ALERTA ★
[14:55:26] 
  ── HL (52 turns) ──
[14:55:26]   Feature                      │  Fires │  Rate │   TP │    FP │ Prec% │ Recall% │ μ_off │  med │      Class
[14:55:26]   ──────────────────────────── │ ────── │ ───── │ ──── │ ───── │ ───── │ ─────── │ ───── │ ──── │ ──────────
[14:55:26]   vwap_sigma_wave              │    118 │  2.6% │   18 │   100 │ 15.3% │   21.2% │ -0.7 │  -0 │  DETECTION ★★★
[14:55:26]   vwap_sigma_current           │    137 │  3.0% │   18 │   119 │ 13.1% │   17.3% │ -0.7 │  -0 │  DETECTION ★★
[14:55:26]   kf_price_pred_val            │    210 │  4.6% │   27 │   183 │ 12.9% │   32.7% │ -0.7 │  +0 │  DETECTION ★★
[14:55:26]   sigma_current                │    161 │  3.5% │   17 │   144 │ 10.6% │   17.3% │ -0.8 │  -1 │     ALERTA ★★
[14:55:26]   kf_tension_filt_vel          │    221 │  4.8% │   23 │   198 │ 10.4% │   19.2% │ -1.0 │  -1 │     ALERTA ★★
[14:55:26]   sigma_wave                   │    176 │  3.8% │   17 │   159 │  9.7% │   19.2% │ -1.1 │  -1 │     ALERTA ★
[14:55:26]   kf_rsi_filt_vel              │    215 │  4.7% │   19 │   196 │  8.8% │   21.2% │ -0.9 │  -1 │     ALERTA ★
[14:55:26]   kf_price_filt_vel            │    197 │  4.3% │   16 │   181 │  8.1% │   23.1% │ -1.0 │  -1 │     ALERTA ★
[14:55:26]   kf_rvol_pred_val             │    175 │  3.8% │   14 │   161 │  8.0% │   21.2% │ -0.9 │  -1 │     ALERTA ★
[14:55:26]   fear_level                   │    151 │  3.3% │   12 │   139 │  7.9% │    7.7% │ -1.0 │  -1 │     ALERTA ★
[14:55:26]   kf_rsi_pred_val              │    214 │  4.7% │   17 │   197 │  7.9% │   15.4% │ -0.7 │  -1 │     ALERTA ★
[14:55:26]   kf_tension_pred_val          │    233 │  5.1% │   18 │   215 │  7.7% │   15.4% │ -0.8 │  -1 │     ALERTA ★
[14:55:26]   vwap_spread_current_wave     │    240 │  5.2% │   18 │   222 │  7.5% │   11.5% │ -1.0 │  -1 │     ALERTA ★
[14:55:26]   tension_tide                 │    245 │  5.3% │   18 │   227 │  7.3% │   17.3% │ -0.8 │  -1 │     ALERTA ★
[14:55:26]   kf_price_innovation          │    225 │  4.9% │   16 │   209 │  7.1% │   21.2% │ -1.1 │  -1 │     ALERTA ★
[14:55:26]   sigma_tide                   │    167 │  3.6% │   11 │   156 │  6.6% │   11.5% │ -0.6 │  +0 │  DETECTION ★
[14:55:26]   current_slope                │    200 │  4.4% │   13 │   187 │  6.5% │    9.6% │ -0.9 │  -1 │     ALERTA ★
[14:55:26]   kf_rvol_filt_vel             │    201 │  4.4% │   12 │   189 │  6.0% │   21.2% │ -0.8 │  -1 │     ALERTA ★
[14:55:26]   conj_current_tide            │    202 │  4.4% │   12 │   190 │  5.9% │    7.7% │ -1.0 │  -1 │     ALERTA ★
[14:55:26]   conj_wave_current            │    213 │  4.6% │   12 │   201 │  5.6% │    7.7% │ -1.0 │  -1 │     ALERTA ★
[14:55:26] 
  ── HH (52 turns) ──
[14:55:26]   Feature                      │  Fires │  Rate │   TP │    FP │ Prec% │ Recall% │ μ_off │  med │      Class
[14:55:26]   ──────────────────────────── │ ────── │ ───── │ ──── │ ───── │ ───── │ ─────── │ ───── │ ──── │ ──────────
[14:55:26]   kf_price_pred_val            │    210 │  4.6% │   24 │   186 │ 11.4% │   32.7% │ -0.8 │  -1 │     ALERTA ★★
[14:55:26]   sigma_tide                   │    167 │  3.6% │   18 │   149 │ 10.8% │   17.3% │ -0.8 │  -1 │     ALERTA ★★
[14:55:26]   vwap_sigma_current           │    137 │  3.0% │   14 │   123 │ 10.2% │   15.4% │ -0.8 │  -1 │     ALERTA ★★
[14:55:26]   kf_price_filt_vel            │    197 │  4.3% │   18 │   179 │  9.1% │   26.9% │ -0.9 │  -1 │     ALERTA ★
[14:55:26]   kf_conj_pred_val             │    180 │  3.9% │   16 │   164 │  8.9% │   11.5% │ -0.9 │  -1 │     ALERTA ★
[14:55:26]   wave_accel                   │    220 │  4.8% │   19 │   201 │  8.6% │   21.2% │ -0.7 │  -1 │     ALERTA ★
[14:55:26]   kf_rsi_pred_val              │    214 │  4.7% │   18 │   196 │  8.4% │   17.3% │ -0.8 │  -1 │     ALERTA ★
[14:55:26]   conj_wave_tide               │    179 │  3.9% │   15 │   164 │  8.4% │   11.5% │ -0.9 │  -1 │     ALERTA ★
[14:55:26]   sigma_current                │    161 │  3.5% │   13 │   148 │  8.1% │   19.2% │ -0.7 │  -1 │     ALERTA ★
[14:55:26]   kf_price_innovation          │    225 │  4.9% │   18 │   207 │  8.0% │   19.2% │ -1.1 │  -1 │     ALERTA ★
[14:55:26]   vwap_spread_current_wave     │    240 │  5.2% │   19 │   221 │  7.9% │   15.4% │ -0.9 │  -1 │     ALERTA ★
[14:55:26]   kf_conj_filt_vel             │    207 │  4.5% │   16 │   191 │  7.7% │   15.4% │ -0.8 │  -1 │     ALERTA ★
[14:55:26]   current_accel                │    210 │  4.6% │   16 │   194 │  7.6% │   15.4% │ -0.9 │  -1 │     ALERTA ★
[14:55:26]   conj_current_tide            │    202 │  4.4% │   14 │   188 │  6.9% │    9.6% │ -1.1 │  -1 │     ALERTA ★
[14:55:26]   vwap_sigma_tide              │    145 │  3.2% │   10 │   135 │  6.9% │   11.5% │ -0.8 │  -1 │     ALERTA ★
[14:55:26]   rsi_value                    │    207 │  4.5% │   14 │   193 │  6.8% │   11.5% │ -0.9 │  -1 │     ALERTA ★
[14:55:26]   vwap_sigma_wave              │    118 │  2.6% │    7 │   111 │  5.9% │   11.5% │ -0.9 │  -1 │     ALERTA ★
[14:55:26]   conj_wave_current            │    213 │  4.6% │   12 │   201 │  5.6% │   11.5% │ -0.9 │  -1 │     ALERTA ★
[14:55:26]   kf_tension_pred_val          │    233 │  5.1% │   13 │   220 │  5.6% │    9.6% │ -0.9 │  -1 │     ALERTA ★
[14:55:26]   tide_accel                   │    234 │  5.1% │   13 │   221 │  5.6% │   11.5% │ -1.1 │  -1 │     ALERTA ★
[14:55:26] 
  ── LH (32 turns) ──
[14:55:26]   Feature                      │  Fires │  Rate │   TP │    FP │ Prec% │ Recall% │ μ_off │  med │      Class
[14:55:26]   ──────────────────────────── │ ────── │ ───── │ ──── │ ───── │ ───── │ ─────── │ ───── │ ──── │ ──────────
[14:55:26]   kf_price_pred_val            │    210 │  4.6% │   14 │   196 │  6.7% │   31.2% │ -0.9 │  -1 │     ALERTA ★
[14:55:26]   compression_ratio            │    219 │  4.8% │   14 │   205 │  6.4% │   15.6% │ -0.9 │  -1 │     ALERTA ★
[14:55:26]   kf_tension_filt_vel          │    221 │  4.8% │   13 │   208 │  5.9% │   25.0% │ -0.8 │  -1 │     ALERTA ★
[14:55:26]   conj_wave_current            │    213 │  4.6% │   12 │   201 │  5.6% │   12.5% │ -1.0 │  -1 │     ALERTA ★
[14:55:26]   kf_price_filt_vel            │    197 │  4.3% │   10 │   187 │  5.1% │   18.8% │ -0.8 │  -0 │  DETECTION ★
[14:55:26]   conj_wave_tide               │    179 │  3.9% │    9 │   170 │  5.0% │    9.4% │ -1.0 │  -1 │     ALERTA ★
[14:55:26]   wave_accel                   │    220 │  4.8% │   11 │   209 │  5.0% │   15.6% │ -0.9 │  -1 │     ALERTA ★
[14:55:26]   kf_conj_pred_val             │    180 │  3.9% │    9 │   171 │  5.0% │    9.4% │ -1.0 │  -1 │     ALERTA ★
[14:55:26]   current_accel                │    210 │  4.6% │   10 │   200 │  4.8% │   18.8% │ -1.1 │  -1 │     ALERTA 
[14:55:26]   tide_slope                   │    270 │  5.9% │   12 │   258 │  4.4% │   12.5% │ -1.0 │  -1 │     ALERTA 
[14:55:26]   kf_conj_filt_vel             │    207 │  4.5% │    9 │   198 │  4.3% │    9.4% │ -1.0 │  -1 │     ALERTA 
[14:55:26]   vwap_spread_tide_current     │    278 │  6.1% │   12 │   266 │  4.3% │   12.5% │ -1.0 │  -1 │     ALERTA 
[14:55:26]   sigma_tide                   │    167 │  3.6% │    7 │   160 │  4.2% │    9.4% │ -1.0 │  -1 │     ALERTA 
[14:55:26]   vwap_spread_tide_wave        │    290 │  6.3% │   12 │   278 │  4.1% │   12.5% │ -1.0 │  -1 │     ALERTA 
[14:55:26]   tension_wave                 │    171 │  3.7% │    7 │   164 │  4.1% │   12.5% │ -0.9 │  -1 │     ALERTA 
[14:55:26]   kf_price_innovation          │    225 │  4.9% │    9 │   216 │  4.0% │   18.8% │ -1.0 │  -1 │     ALERTA 
[14:55:26]   kf_tension_pred_val          │    233 │  5.1% │    9 │   224 │  3.9% │   15.6% │ -1.0 │  -1 │     ALERTA 
[14:55:26]   wave_slope                   │    241 │  5.3% │    9 │   232 │  3.7% │    9.4% │ -1.0 │  -1 │     ALERTA 
[14:55:26]   kf_rsi_filt_vel              │    215 │  4.7% │    8 │   207 │  3.7% │   25.0% │ -1.0 │  -1 │     ALERTA 
[14:55:26]   tension_tide                 │    245 │  5.3% │    9 │   236 │  3.7% │   12.5% │ -1.1 │  -1 │     ALERTA 
[14:55:26] 
  Processing XOM...
[14:55:27] ════════════════════════════════════════════════════════════════════════════════════════════════════
[14:55:27]   TICKER: XOM
[14:55:27] ════════════════════════════════════════════════════════════════════════════════════════════════════
[14:55:27] 
  ── LL (55 turns) ──
[14:55:27]   Feature                      │  Fires │  Rate │   TP │    FP │ Prec% │ Recall% │ μ_off │  med │      Class
[14:55:27]   ──────────────────────────── │ ────── │ ───── │ ──── │ ───── │ ───── │ ─────── │ ───── │ ──── │ ──────────
[14:55:27]   vwap_sigma_current           │    102 │  2.2% │   26 │    76 │ 25.5% │   23.6% │ -0.8 │  -1 │     ALERTA ★★★
[14:55:27]   vwap_sigma_tide              │    125 │  2.7% │   30 │    95 │ 24.0% │   23.6% │ -0.9 │  -1 │     ALERTA ★★★
[14:55:27]   sigma_tide                   │    164 │  3.6% │   31 │   133 │ 18.9% │   27.3% │ -0.7 │  -1 │     ALERTA ★★★
[14:55:27]   sigma_current                │    152 │  3.3% │   26 │   126 │ 17.1% │   27.3% │ -0.7 │  +0 │  DETECTION ★★★
[14:55:27]   kf_price_pred_val            │    224 │  4.9% │   37 │   187 │ 16.5% │   49.1% │ -0.8 │  +0 │  DETECTION ★★★
[14:55:27]   rsi_value                    │    222 │  4.8% │   35 │   187 │ 15.8% │   27.3% │ -0.9 │  -1 │     ALERTA ★★★
[14:55:27]   vwap_sigma_wave              │     84 │  1.8% │   13 │    71 │ 15.5% │   21.8% │ -0.9 │  -1 │     ALERTA ★★★
[14:55:27]   kf_rsi_pred_val              │    208 │  4.5% │   32 │   176 │ 15.4% │   27.3% │ -0.8 │  -1 │     ALERTA ★★★
[14:55:27]   compression_ratio            │    165 │  3.6% │   23 │   142 │ 13.9% │   18.2% │ -1.0 │  -1 │     ALERTA ★★
[14:55:27]   wave_accel                   │    241 │  5.2% │   30 │   211 │ 12.4% │   34.5% │ -0.6 │  +0 │  DETECTION ★★
[14:55:27]   kf_conj_pred_val             │    227 │  4.9% │   28 │   199 │ 12.3% │   20.0% │ -0.9 │  -1 │     ALERTA ★★
[14:55:27]   kf_rvol_pred_val             │    204 │  4.4% │   25 │   179 │ 12.3% │   29.1% │ -1.1 │  -1 │     ALERTA ★★
[14:55:27]   kf_price_innovation          │    208 │  4.5% │   25 │   183 │ 12.0% │   29.1% │ -1.0 │  -1 │     ALERTA ★★
[14:55:27]   kf_price_filt_vel            │    221 │  4.8% │   25 │   196 │ 11.3% │   36.4% │ -0.9 │  -1 │     ALERTA ★★
[14:55:27]   tension_tide                 │    143 │  3.1% │   16 │   127 │ 11.2% │   10.9% │ -0.9 │  -1 │     ALERTA ★★
[14:55:27]   kf_conj_filt_vel             │    232 │  5.0% │   25 │   207 │ 10.8% │   18.2% │ -0.9 │  -1 │     ALERTA ★★
[14:55:27]   kf_tension_pred_val          │    158 │  3.4% │   17 │   141 │ 10.8% │   14.5% │ -1.0 │  -1 │     ALERTA ★★
[14:55:27]   wave_slope                   │    217 │  4.7% │   23 │   194 │ 10.6% │   18.2% │ -0.8 │  -1 │     ALERTA ★★
[14:55:27]   conj_wave_current            │    217 │  4.7% │   23 │   194 │ 10.6% │   20.0% │ -0.8 │  -1 │     ALERTA ★★
[14:55:27]   conj_wave_tide               │    225 │  4.9% │   23 │   202 │ 10.2% │   20.0% │ -0.7 │  -1 │     ALERTA ★★
[14:55:27] 
  ── HL (65 turns) ──
[14:55:27]   Feature                      │  Fires │  Rate │   TP │    FP │ Prec% │ Recall% │ μ_off │  med │      Class
[14:55:27]   ──────────────────────────── │ ────── │ ───── │ ──── │ ───── │ ───── │ ─────── │ ───── │ ──── │ ──────────
[14:55:27]   kf_price_pred_val            │    224 │  4.9% │   31 │   193 │ 13.8% │   30.8% │ -0.7 │  +0 │  DETECTION ★★
[14:55:27]   conj_current_tide            │    226 │  4.9% │   30 │   196 │ 13.3% │   15.4% │ -1.0 │  -1 │     ALERTA ★★
[14:55:27]   kf_price_filt_vel            │    221 │  4.8% │   29 │   192 │ 13.1% │   29.2% │ -0.7 │  -1 │     ALERTA ★★
[14:55:27]   wave_accel                   │    241 │  5.2% │   31 │   210 │ 12.9% │   27.7% │ -0.9 │  -1 │     ALERTA ★★
[14:55:27]   conj_wave_current            │    217 │  4.7% │   27 │   190 │ 12.4% │   20.0% │ -1.0 │  -1 │     ALERTA ★★
[14:55:27]   current_slope                │    245 │  5.3% │   30 │   215 │ 12.2% │   15.4% │ -1.0 │  -1 │     ALERTA ★★
[14:55:27]   vwap_spread_tide_wave        │    343 │  7.5% │   42 │   301 │ 12.2% │   21.5% │ -1.0 │  -1 │     ALERTA ★★
[14:55:27]   compression_ratio            │    165 │  3.6% │   20 │   145 │ 12.1% │   12.3% │ -0.9 │  -1 │     ALERTA ★★
[14:55:27]   kf_conj_filt_vel             │    232 │  5.0% │   28 │   204 │ 12.1% │   20.0% │ -1.0 │  -1 │     ALERTA ★★
[14:55:27]   vwap_spread_current_wave     │    251 │  5.5% │   28 │   223 │ 11.2% │   15.4% │ -1.0 │  -1 │     ALERTA ★★
[14:55:27]   kf_price_innovation          │    208 │  4.5% │   23 │   185 │ 11.1% │   26.2% │ -1.0 │  -1 │     ALERTA ★★
[14:55:27]   vwap_sigma_current           │    102 │  2.2% │   11 │    91 │ 10.8% │    9.2% │ -0.8 │  -1 │     ALERTA ★★
[14:55:27]   vwap_spread_tide_current     │    394 │  8.6% │   39 │   355 │  9.9% │   20.0% │ -1.0 │  -1 │     ALERTA ★
[14:55:27]   vwap_sigma_wave              │     84 │  1.8% │    8 │    76 │  9.5% │    9.2% │ -0.9 │  -1 │     ALERTA ★
[14:55:27]   tide_slope                   │    291 │  6.3% │   27 │   264 │  9.3% │   13.8% │ -1.0 │  -1 │     ALERTA ★
[14:55:27]   sigma_wave                   │    131 │  2.8% │   12 │   119 │  9.2% │   13.8% │ -0.4 │  +0 │  DETECTION ★
[14:55:27]   sigma_current                │    152 │  3.3% │   13 │   139 │  8.6% │   15.4% │ -0.5 │  +0 │  DETECTION ★
[14:55:27]   tide_accel                   │    283 │  6.2% │   24 │   259 │  8.5% │   16.9% │ -0.9 │  -1 │     ALERTA ★
[14:55:27]   kf_tension_filt_vel          │    219 │  4.8% │   18 │   201 │  8.2% │   23.1% │ -0.8 │  -0 │  DETECTION ★
[14:55:27]   conj_wave_tide               │    225 │  4.9% │   18 │   207 │  8.0% │   10.8% │ -1.1 │  -1 │     ALERTA ★
[14:55:27] 
  ── HH (61 turns) ──
[14:55:27]   Feature                      │  Fires │  Rate │   TP │    FP │ Prec% │ Recall% │ μ_off │  med │      Class
[14:55:27]   ──────────────────────────── │ ────── │ ───── │ ──── │ ───── │ ───── │ ─────── │ ───── │ ──── │ ──────────
[14:55:27]   current_accel                │    230 │  5.0% │   33 │   197 │ 14.3% │   23.0% │ -1.0 │  -1 │     ALERTA ★★
[14:55:27]   kf_conj_pred_val             │    227 │  4.9% │   32 │   195 │ 14.1% │   19.7% │ -0.9 │  -1 │     ALERTA ★★
[14:55:27]   conj_wave_tide               │    225 │  4.9% │   29 │   196 │ 12.9% │   18.0% │ -0.9 │  -1 │     ALERTA ★★
[14:55:27]   wave_slope                   │    217 │  4.7% │   25 │   192 │ 11.5% │   16.4% │ -0.8 │  -1 │     ALERTA ★★
[14:55:27]   tide_slope                   │    291 │  6.3% │   33 │   258 │ 11.3% │   18.0% │ -1.0 │  -1 │     ALERTA ★★
[14:55:27]   vwap_sigma_tide              │    125 │  2.7% │   14 │   111 │ 11.2% │   11.5% │ -0.9 │  -1 │     ALERTA ★★
[14:55:27]   conj_current_tide            │    226 │  4.9% │   25 │   201 │ 11.1% │   14.8% │ -1.0 │  -1 │     ALERTA ★★
[14:55:27]   sigma_tide                   │    164 │  3.6% │   18 │   146 │ 11.0% │   14.8% │ -0.8 │  -1 │     ALERTA ★★
[14:55:27]   vwap_spread_current_wave     │    251 │  5.5% │   27 │   224 │ 10.8% │   16.4% │ -0.9 │  -1 │     ALERTA ★★
[14:55:27]   tide_accel                   │    283 │  6.2% │   30 │   253 │ 10.6% │   18.0% │ -1.0 │  -1 │     ALERTA ★★
[14:55:27]   vwap_spread_tide_wave        │    343 │  7.5% │   35 │   308 │ 10.2% │   21.3% │ -1.0 │  -1 │     ALERTA ★★
[14:55:27]   vwap_spread_tide_current     │    394 │  8.6% │   39 │   355 │  9.9% │   21.3% │ -1.0 │  -1 │     ALERTA ★
[14:55:27]   rsi_value                    │    222 │  4.8% │   21 │   201 │  9.5% │   16.4% │ -0.7 │  -1 │     ALERTA ★
[14:55:27]   current_slope                │    245 │  5.3% │   23 │   222 │  9.4% │   14.8% │ -0.9 │  -1 │     ALERTA ★
[14:55:27]   kf_rsi_pred_val              │    208 │  4.5% │   19 │   189 │  9.1% │   16.4% │ -0.7 │  +0 │  DETECTION ★
[14:55:27]   compression_ratio            │    165 │  3.6% │   15 │   150 │  9.1% │    8.2% │ -1.0 │  -1 │     ALERTA ★
[14:55:27]   kf_conj_filt_vel             │    232 │  5.0% │   20 │   212 │  8.6% │   16.4% │ -1.1 │  -1 │     ALERTA ★
[14:55:27]   kf_price_pred_val            │    224 │  4.9% │   19 │   205 │  8.5% │   23.0% │ -0.5 │  +0 │  DETECTION ★
[14:55:27]   kf_tension_filt_vel          │    219 │  4.8% │   18 │   201 │  8.2% │   19.7% │ -0.6 │  +0 │  DETECTION ★
[14:55:27]   wave_accel                   │    241 │  5.2% │   19 │   222 │  7.9% │   16.4% │ -1.2 │  -1 │     ALERTA ★
[14:55:27] 
  ── LH (58 turns) ──
[14:55:27]   Feature                      │  Fires │  Rate │   TP │    FP │ Prec% │ Recall% │ μ_off │  med │      Class
[14:55:27]   ──────────────────────────── │ ────── │ ───── │ ──── │ ───── │ ───── │ ─────── │ ───── │ ──── │ ──────────
[14:55:27]   compression_ratio            │    165 │  3.6% │   23 │   142 │ 13.9% │   15.5% │ -1.0 │  -1 │     ALERTA ★★
[14:55:27]   kf_price_filt_vel            │    221 │  4.8% │   27 │   194 │ 12.2% │   29.3% │ -0.7 │  -1 │     ALERTA ★★
[14:55:27]   kf_price_pred_val            │    224 │  4.9% │   27 │   197 │ 12.1% │   31.0% │ -0.9 │  -1 │     ALERTA ★★
[14:55:27]   wave_slope                   │    217 │  4.7% │   21 │   196 │  9.7% │   15.5% │ -1.0 │  -1 │     ALERTA ★
[14:55:27]   kf_price_innovation          │    208 │  4.5% │   20 │   188 │  9.6% │   24.1% │ -1.0 │  -1 │     ALERTA ★
[14:55:27]   kf_conj_filt_vel             │    232 │  5.0% │   22 │   210 │  9.5% │   19.0% │ -1.0 │  -1 │     ALERTA ★
[14:55:27]   conj_wave_tide               │    225 │  4.9% │   20 │   205 │  8.9% │   13.8% │ -1.1 │  -1 │     ALERTA ★
[14:55:27]   kf_conj_pred_val             │    227 │  4.9% │   19 │   208 │  8.4% │   17.2% │ -1.1 │  -1 │     ALERTA ★
[14:55:27]   conj_wave_current            │    217 │  4.7% │   18 │   199 │  8.3% │   13.8% │ -1.1 │  -1 │     ALERTA ★
[14:55:27]   sigma_tide                   │    164 │  3.6% │   13 │   151 │  7.9% │   10.3% │ -1.1 │  -1 │     ALERTA ★
[14:55:27]   wave_accel                   │    241 │  5.2% │   19 │   222 │  7.9% │   19.0% │ -1.1 │  -1 │     ALERTA ★
[14:55:27]   tension_current              │    153 │  3.3% │   11 │   142 │  7.2% │   10.3% │ -0.9 │  -1 │     ALERTA ★
[14:55:27]   current_accel                │    230 │  5.0% │   16 │   214 │  7.0% │   13.8% │ -1.0 │  -1 │     ALERTA ★
[14:55:27]   current_slope                │    245 │  5.3% │   17 │   228 │  6.9% │   10.3% │ -0.9 │  -1 │     ALERTA ★
[14:55:27]   sigma_wave                   │    131 │  2.8% │    9 │   122 │  6.9% │   12.1% │ -1.0 │  -1 │     ALERTA ★
[14:55:27]   kf_tension_filt_vel          │    219 │  4.8% │   15 │   204 │  6.8% │   19.0% │ -0.9 │  -1 │     ALERTA ★
[14:55:27]   vwap_spread_current_wave     │    251 │  5.5% │   17 │   234 │  6.8% │   10.3% │ -1.1 │  -1 │     ALERTA ★
[14:55:27]   kf_rsi_filt_vel              │    213 │  4.6% │   14 │   199 │  6.6% │   17.2% │ -0.7 │  -0 │  DETECTION ★
[14:55:27]   vwap_spread_tide_wave        │    343 │  7.5% │   22 │   321 │  6.4% │   13.8% │ -1.0 │  -1 │     ALERTA ★
[14:55:27]   tide_slope                   │    291 │  6.3% │   18 │   273 │  6.2% │   10.3% │ -1.0 │  -1 │     ALERTA ★
[14:55:27] ════════════════════════════════════════════════════════════════════════════════════════════════════
[14:55:27]   CROSS-TICKER PRECISION SUMMARY
[14:55:27] ════════════════════════════════════════════════════════════════════════════════════════════════════
[14:55:27]   Match window: t-2..t=0 (causal only)
[14:55:27]   TP = fire within 2 bars before or at turn
[14:55:27]   FP = fire with no turn nearby
[14:55:27]   Precision = P(turn | fire)
[14:55:27] 
  ── LL ──
[14:55:27]   Feature                      │ #Tk │ Med Prec% │ Med Recall% │     Prec Range │ Med FireRate │ Med Offset │      Class
[14:55:27]   ──────────────────────────── │ ─── │ ───────── │ ─────────── │ ────────────── │ ─────────── │ ────────── │ ──────────
[14:55:27]   vwap_sigma_current           │  17 │     25.5% │       40.7% │  14.7%- 42.1% │        2.7% │      -0.5 │   ★ DETECT ★★★
[14:55:27]   vwap_sigma_tide              │  17 │     22.0% │       35.5% │  15.0%- 46.1% │        3.5% │      -1.0 │       LATE ★★★
[14:55:27]   sigma_tide                   │  17 │     19.6% │       34.4% │  11.3%- 27.7% │        3.5% │      -1.0 │       LATE ★★★
[14:55:27]   vwap_sigma_wave              │  17 │     16.1% │       25.2% │   1.0%- 37.9% │        2.2% │      +0.0 │   ★ DETECT ★★★
[14:55:27]   rsi_value                    │  17 │     16.0% │       37.2% │  10.3%- 30.3% │        3.7% │      -1.0 │       LATE ★★★
[14:55:27]   kf_rsi_pred_val              │  17 │     16.0% │       35.2% │   9.6%- 28.5% │        3.9% │      -1.0 │       LATE ★★★
[14:55:27]   kf_price_pred_val            │  17 │     14.6% │       49.1% │   9.7%- 20.8% │        4.6% │      -1.0 │       LATE ★★★
[14:55:27]   wave_slope                   │  17 │     12.4% │       21.9% │   7.5%- 21.8% │        4.8% │      -1.0 │       LATE ★★★
[14:55:27]   fear_level                   │  12 │     11.9% │       25.3% │   5.0%- 23.2% │        4.9% │      -1.0 │       LATE ★★★
[14:55:27]   sigma_current                │  17 │     10.9% │       25.0% │   6.0%- 17.4% │        3.4% │      -0.5 │   ★ DETECT ★★★
[14:55:27]   current_accel                │  17 │     10.7% │       29.2% │   6.1%- 20.3% │        4.8% │      -1.0 │       LATE ★★★
[14:55:27]   conj_wave_current            │  17 │     10.6% │       20.0% │   4.8%- 15.7% │        4.5% │      -1.0 │       LATE ★★★
[14:55:27]   kf_price_innovation          │  17 │     10.4% │       32.0% │   6.2%- 15.3% │        4.5% │      -1.0 │       LATE ★★★
[14:55:27]   kf_conj_pred_val             │  17 │     10.3% │       21.2% │   6.0%- 16.9% │        5.0% │      -1.0 │       LATE ★★★
[14:55:27]   wave_accel                   │  17 │     10.2% │       33.3% │   6.1%- 18.6% │        5.0% │      -1.0 │       LATE ★★★
[14:55:27]   kf_price_filt_vel            │  17 │      9.6% │       35.4% │   6.7%- 14.4% │        4.6% │      -1.0 │       LATE ★★
[14:55:27]   conj_wave_tide               │  17 │      9.5% │       20.0% │   5.6%- 14.6% │        4.9% │      -1.0 │       LATE ★★
[14:55:27]   tide_accel                   │  17 │      8.2% │       22.9% │   4.6%- 11.9% │        5.1% │      -1.0 │       LATE ★★
[14:55:27]   compression_ratio            │  17 │      7.9% │       11.9% │   2.4%- 14.0% │        4.2% │      -1.0 │       LATE ★★
[14:55:27]   vwap_spread_current_wave     │  17 │      7.8% │       14.3% │   1.2%- 15.9% │        4.9% │      -1.0 │       LATE ★★
[14:55:27] 
  ── HL ──
[14:55:27]   Feature                      │ #Tk │ Med Prec% │ Med Recall% │     Prec Range │ Med FireRate │ Med Offset │      Class
[14:55:27]   ──────────────────────────── │ ─── │ ───────── │ ─────────── │ ────────────── │ ─────────── │ ────────── │ ──────────
[14:55:27]   sigma_current                │  17 │     14.0% │       20.9% │   7.7%- 19.3% │        3.4% │      +0.0 │   ★ DETECT ★★★
[14:55:27]   kf_price_pred_val            │  17 │     10.8% │       30.6% │   7.5%- 22.2% │        4.6% │      +0.0 │   ★ DETECT ★★★
[14:55:27]   vwap_sigma_wave              │  17 │     10.6% │       16.9% │   4.3%- 24.5% │        2.2% │      +0.0 │   ★ DETECT ★★★
[14:55:27]   sigma_wave                   │  17 │      9.2% │       15.0% │   3.6%- 17.5% │        3.1% │      -0.5 │   ★ DETECT ★★
[14:55:27]   kf_rsi_filt_vel              │  17 │      9.0% │       20.0% │   4.5%- 19.1% │        4.6% │      -1.0 │       LATE ★★
[14:55:27]   wave_accel                   │  17 │      8.6% │       23.7% │   3.6%- 17.4% │        5.0% │      -1.0 │       LATE ★★
[14:55:27]   vwap_sigma_current           │  17 │      8.3% │       10.0% │   2.2%- 17.9% │        2.7% │      +0.0 │   ★ DETECT ★★
[14:55:27]   kf_tension_filt_vel          │  17 │      8.2% │       19.6% │   2.6%- 16.4% │        5.4% │      -1.0 │       LATE ★★
[14:55:27]   kf_price_filt_vel            │  17 │      8.1% │       23.3% │   4.6%- 22.3% │        4.6% │      -1.0 │       LATE ★★
[14:55:27]   conj_wave_tide               │  17 │      8.0% │       13.6% │   0.5%- 19.7% │        4.9% │      -1.0 │       LATE ★★
[14:55:27]   vwap_spread_current_wave     │  17 │      8.0% │       11.4% │   1.3%- 17.0% │        4.9% │      -1.0 │       LATE ★★
[14:55:27]   kf_rvol_pred_val             │  17 │      7.8% │       21.2% │   5.2%- 12.5% │        4.1% │      -1.0 │       LATE ★★
[14:55:27]   kf_conj_filt_vel             │  17 │      7.8% │       14.3% │   2.4%- 16.3% │        5.0% │      -1.0 │       LATE ★★
[14:55:27]   conj_current_tide            │  17 │      7.8% │        9.3% │   2.5%- 17.1% │        4.9% │      -1.0 │       LATE ★★
[14:55:27]   kf_tension_pred_val          │  17 │      7.7% │       14.0% │   1.3%- 12.0% │        5.3% │      -1.0 │       LATE ★★
[14:55:27]   vwap_spread_tide_current     │  17 │      7.5% │       11.4% │   2.2%- 13.8% │        4.6% │      -1.0 │       LATE ★★
[14:55:27]   current_slope                │  17 │      7.4% │        9.3% │   1.5%- 22.4% │        4.8% │      -1.0 │       LATE ★★
[14:55:27]   wave_slope                   │  17 │      7.4% │       12.3% │   1.4%- 20.5% │        4.8% │      -1.0 │       LATE ★★
[14:55:27]   tension_tide                 │  17 │      7.3% │       13.9% │   0.7%- 12.0% │        5.3% │      -1.0 │       LATE ★★
[14:55:27]   conj_wave_current            │  17 │      7.3% │       10.7% │   2.7%- 15.2% │        4.5% │      -1.0 │       LATE ★★
[14:55:27] 
  ── HH ──
[14:55:27]   Feature                      │ #Tk │ Med Prec% │ Med Recall% │     Prec Range │ Med FireRate │ Med Offset │      Class
[14:55:27]   ──────────────────────────── │ ─── │ ───────── │ ─────────── │ ────────────── │ ─────────── │ ────────── │ ──────────
[14:55:27]   kf_conj_pred_val             │  17 │      8.3% │       11.5% │   1.2%- 17.8% │        5.0% │      -1.0 │       LATE ★★
[14:55:27]   current_accel                │  17 │      8.0% │       15.4% │   1.9%- 18.3% │        4.8% │      -1.0 │       LATE ★★
[14:55:27]   vwap_spread_tide_wave        │  17 │      8.0% │       11.1% │   3.1%- 15.5% │        5.5% │      -1.0 │       LATE ★★
[14:55:27]   vwap_spread_tide_current     │  17 │      7.9% │       10.3% │   2.7%- 14.1% │        4.6% │      -1.0 │       LATE ★★
[14:55:27]   conj_wave_tide               │  17 │      7.7% │       11.8% │   2.1%- 18.1% │        4.9% │      -1.0 │       LATE ★★
[14:55:27]   vwap_spread_current_wave     │  17 │      7.6% │        9.1% │   2.2%- 17.4% │        4.9% │      -1.0 │       LATE ★★
[14:55:27]   conj_current_tide            │  17 │      6.9% │       11.8% │   0.0%- 16.3% │        4.9% │      -1.0 │       LATE ★★
[14:55:27]   wave_accel                   │  17 │      6.8% │       14.3% │   1.7%- 19.0% │        5.0% │      -1.0 │       LATE ★★
[14:55:27]   kf_price_pred_val            │  17 │      6.8% │       22.2% │   2.0%- 19.8% │        4.6% │      -1.0 │       LATE ★★
[14:55:27]   conj_wave_current            │  17 │      6.8% │       11.5% │   3.1%- 16.0% │        4.5% │      -1.0 │       LATE ★★
[14:55:27]   rsi_value                    │  17 │      6.8% │       11.5% │   0.6%- 13.2% │        3.7% │      -1.0 │       LATE ★★
[14:55:27]   current_slope                │  17 │      6.7% │        8.8% │   1.5%- 19.6% │        4.8% │      -1.0 │       LATE ★★
[14:55:27]   tide_accel                   │  17 │      6.2% │       11.4% │   3.2%- 12.5% │        5.1% │      -1.0 │       LATE ★★
[14:55:27]   wave_slope                   │  17 │      6.2% │       11.1% │   2.3%- 17.6% │        4.8% │      -1.0 │       LATE ★★
[14:55:27]   kf_rsi_pred_val              │  17 │      5.8% │        9.1% │   1.8%- 11.1% │        3.9% │      -0.5 │   ★ DETECT ★★
[14:55:27]   kf_conj_filt_vel             │  17 │      5.7% │       11.5% │   1.3%- 15.4% │        5.0% │      -1.0 │       LATE ★★
[14:55:27]   tension_tide                 │  17 │      5.4% │        7.8% │   0.0%- 10.7% │        5.3% │      -1.0 │       LATE ★★
[14:55:27]   kf_price_filt_vel            │  17 │      5.4% │       15.2% │   1.4%- 18.1% │        4.6% │      -1.0 │       LATE ★★
[14:55:27]   tide_slope                   │  17 │      5.3% │       10.2% │   2.2%- 14.5% │        5.7% │      -1.0 │       LATE ★★
[14:55:27]   kf_tension_pred_val          │  17 │      5.2% │        9.6% │   0.4%- 11.2% │        5.3% │      -1.0 │       LATE ★★
[14:55:27] 
  ── LH ──
[14:55:27]   Feature                      │ #Tk │ Med Prec% │ Med Recall% │     Prec Range │ Med FireRate │ Med Offset │      Class
[14:55:27]   ──────────────────────────── │ ─── │ ───────── │ ─────────── │ ────────────── │ ─────────── │ ────────── │ ──────────
[14:55:27]   kf_price_pred_val            │  17 │     10.3% │       37.0% │   6.7%- 19.3% │        4.6% │      -1.0 │       LATE ★★★
[14:55:27]   kf_price_filt_vel            │  17 │     10.1% │       34.5% │   5.1%- 19.1% │        4.6% │      -1.0 │       LATE ★★★
[14:55:27]   kf_price_innovation          │  17 │      9.6% │       32.9% │   4.0%- 18.4% │        4.5% │      -1.0 │       LATE ★★
[14:55:27]   kf_conj_filt_vel             │  17 │      9.4% │       20.0% │   4.3%- 18.9% │        5.0% │      -1.0 │       LATE ★★
[14:55:27]   compression_ratio            │  17 │      8.9% │       15.6% │   5.9%- 13.9% │        4.2% │      -1.0 │       LATE ★★
[14:55:27]   wave_slope                   │  17 │      8.6% │       16.7% │   3.7%- 20.3% │        4.8% │      -1.0 │       LATE ★★
[14:55:27]   wave_accel                   │  17 │      8.5% │       27.6% │   5.0%- 17.9% │        5.0% │      -1.0 │       LATE ★★
[14:55:27]   conj_wave_current            │  17 │      7.9% │       15.1% │   2.7%- 14.4% │        4.5% │      -1.0 │       LATE ★★
[14:55:27]   kf_conj_pred_val             │  17 │      7.9% │       17.2% │   4.8%- 15.0% │        5.0% │      -1.0 │       LATE ★★
[14:55:27]   vwap_sigma_tide              │  17 │      7.5% │       12.7% │   2.1%- 17.9% │        3.5% │      -1.0 │       LATE ★★
[14:55:27]   conj_wave_tide               │  17 │      7.4% │       16.7% │   4.8%- 14.6% │        4.9% │      -1.0 │       LATE ★★
[14:55:27]   vwap_spread_current_wave     │  17 │      7.3% │       12.8% │   0.4%- 14.8% │        4.9% │      -1.0 │       LATE ★★
[14:55:27]   current_slope                │  17 │      6.9% │       12.2% │   0.0%- 15.6% │        4.8% │      -1.0 │       LATE ★★
[14:55:27]   conj_current_tide            │  17 │      6.4% │       11.3% │   0.0%- 15.4% │        4.9% │      -1.0 │       LATE ★★
[14:55:27]   vwap_spread_tide_wave        │  17 │      6.4% │       11.1% │   0.0%- 13.7% │        5.5% │      -1.0 │       LATE ★★
[14:55:27]   tide_slope                   │  17 │      6.2% │       11.1% │   0.0%- 11.7% │        5.7% │      -1.0 │       LATE ★★
[14:55:27]   fear_level                   │  12 │      6.2% │       15.3% │   0.0%- 17.4% │        4.9% │      -1.0 │       LATE ★★
[14:55:27]   vwap_spread_tide_current     │  17 │      6.1% │        8.5% │   0.0%- 10.3% │        4.6% │      -1.0 │       LATE ★★
[14:55:27]   current_accel                │  17 │      5.8% │       15.6% │   4.0%- 12.2% │        4.8% │      -1.0 │       LATE ★★
[14:55:27]   tension_current              │  17 │      5.1% │        8.5% │   0.0%-  9.4% │        3.5% │      -1.0 │       LATE ★★
[14:55:27] 
  COMPLETE in 17s (0.3min)