{
  "ablation": {
    "with_regime": {
      "sharpe_baseline": 0.5225543607435614,
      "sharpe_filtered": 0.7531912775076152,
      "sharpe_lift": 0.23063691676405373,
      "n_trades": 5373,
      "n_total": 46345,
      "filter_rate": 11.593483655194735
    },
    "without_regime": {
      "sharpe_baseline": 0.5225543607435614,
      "sharpe_filtered": 0.8489025085283544,
      "sharpe_lift": 0.32634814778479293,
      "n_trades": 1794,
      "n_total": 46345,
      "filter_rate": 3.870967741935484
    },
    "delta_lift": -0.0957112310207392
  },
  "multi_trial_dsr": {
    "n_trials": 10,
    "trial_sharpes": [
      0.7531912775076152,
      0.6923547184452571,
      0.9307843184226531,
      0.6360600066533298,
      0.8960285018284544,
      1.3886839350172167,
      0.8762383394250042,
      0.7651216447781766,
      0.8077838704002184,
      1.025196278761262
    ],
    "best_sharpe": 1.3886839350172167,
    "mean_sharpe": 0.8771442891239187,
    "std_sharpe": 0.20293348522118443,
    "dsr": 0.0
  },
  "basing": {
    "n_samples": 4065,
    "pct_of_total": 8.4
  }
}