{
  "ablation": {
    "with_regime": {
      "sharpe_baseline": 0.49894445568652496,
      "sharpe_filtered": 0.8715546527618852,
      "sharpe_lift": 0.3726101970753602,
      "n_trades": 3666,
      "n_total": 34275,
      "filter_rate": 10.695842450765864
    },
    "without_regime": {
      "sharpe_baseline": 0.49894445568652496,
      "sharpe_filtered": 0.8623254879270609,
      "sharpe_lift": 0.3633810322405359,
      "n_trades": 3526,
      "n_total": 34275,
      "filter_rate": 10.287381473377097
    },
    "delta_lift": 0.009229164834824277
  },
  "multi_trial_dsr": {
    "n_trials": 10,
    "trial_sharpes": [
      0.8715546527618852,
      1.3399002083666853,
      0.6762676431516781,
      0.6898748801593719,
      1.2057597375626115,
      1.2279128840881277,
      0.8203505751097053,
      1.2426690840467942,
      0.6740418088214223,
      0.7004236929938757
    ],
    "best_sharpe": 1.3399002083666853,
    "mean_sharpe": 0.9448755167062158,
    "std_sharpe": 0.2615457435677489,
    "dsr": 0.0
  },
  "basing": {
    "n_samples": 3050,
    "pct_of_total": 8.4
  }
}