Feature Optimizer — Started 2026-05-26T11:52:35.838261+00:00
[11:52:35] [INFO] ==========================================================================================
[11:52:35] [INFO]   FEATURE OPTIMIZER — Simons + López de Prado Protocol
[11:52:35] [INFO] ==========================================================================================
[11:52:35] [INFO] Started: 2026-05-26T11:52:35.838893+00:00
[11:52:35] [INFO] ==========================================================================================
[11:52:35] [INFO]   LOADING DATA
[11:52:35] [INFO] ==========================================================================================
[11:53:10] [INFO] Feature lake: 93,776 rows, 76 columns
[11:53:10] [INFO] ==========================================================================================
[11:53:10] [INFO]   PHASE 0: Expand Feature Lake (Simons Discovery)
[11:53:10] [INFO] ==========================================================================================
[11:53:13] [INFO]   ATR features computed
[11:53:13] [INFO]   Overnight gap features computed
[11:53:14] [INFO]   Volume features computed (Wyckoff dynamics: 10 features)
[11:53:14] [INFO]   Generated 48 derived features
[11:53:14] [INFO] Expanded lake: 114 features (66 original + 48 derived)
[11:53:14] [INFO]   Checkpoint saved: phase0_features.json
[11:53:14] [INFO] ==========================================================================================
[11:53:14] [INFO]   PRODUCTION BASELINES
[11:53:14] [INFO] ==========================================================================================
[11:53:14] [INFO]            bounce_height: DSR=  2.308 (56f)
[11:53:14] [INFO]               long_entry: DSR=  0.593 (63f)
[11:53:14] [INFO]           pullback_depth: DSR=  6.226 (56f)
[11:53:14] [INFO]              short_cover: DSR=  8.602 (56f)
[11:53:14] [INFO]              short_entry: DSR=  1.705 (56f)
[11:53:14] [INFO]               swing_exit: DSR= 14.247 (56f)
[11:53:14] [INFO]           trend_recovery: DSR=  4.626 (56f)
[11:53:14] [INFO]           trend_reversal: DSR= 11.573 (56f)
[11:53:14] [INFO]       zz_bottom_detector: DSR= 20.967 (63f)
[11:53:14] [INFO]          zz_top_detector: DSR= 25.783 (63f)
[11:53:14] [INFO] ==========================================================================================
[11:53:14] [INFO]   PRE-COMPUTING LABELS
[11:53:14] [INFO] ==========================================================================================
[11:53:21] [INFO]               long_entry:  93,436 valid, pos=0.590 (6.9s)
[11:53:33] [INFO]               swing_exit:  93,606 valid, pos=0.397 (11.9s)
[11:53:57] [INFO]           pullback_depth:  93,759 valid, pos=0.297 (24.0s)
[11:56:55] [INFO]           trend_reversal:  93,606 valid, pos=0.381 (178.2s)
[11:57:02] [INFO]              short_entry:  93,436 valid, pos=0.409 (6.8s)
[11:57:14] [INFO]              short_cover:  93,606 valid, pos=0.483 (12.5s)
[11:57:36] [INFO]            bounce_height:  93,759 valid, pos=0.345 (22.1s)
[12:00:00] [INFO]           trend_recovery:  93,606 valid, pos=0.506 (144.0s)
[12:00:02] [INFO]       zz_bottom_detector:  93,776 valid, pos=0.121 (1.3s)
[12:00:04] [INFO]          zz_top_detector:  93,776 valid, pos=0.121 (1.9s)
[12:00:04] [INFO] ==========================================================================================
[12:00:04] [INFO]   PHASE 1: Single Feature Importance (SFI)
[12:00:04] [INFO] ==========================================================================================
[12:00:04] [INFO] Testing 114 features × 10 heads
[12:00:04] [INFO] 
  ── SFI: LONG_ENTRY ──
[12:00:08] [INFO]     SFI [1/114] sigma_tide                          SFI= 0.0099 AUC=0.5099 ★
[12:00:17] [INFO]     SFI [5/114] vwap_sigma_current                  SFI= 0.0054 AUC=0.5054 ★
[12:00:22] [INFO]     SFI [7/114] tension_tide                        SFI= 0.0112 AUC=0.5112 ★
[12:00:25] [INFO]     SFI [8/114] tension_current                     SFI= 0.0093 AUC=0.5093 ★
[12:00:31] [INFO]     SFI [10/114] tide_slope                          SFI= 0.0007 AUC=0.5007
[12:00:33] [INFO]     SFI [11/114] current_slope                       SFI= 0.0109 AUC=0.5109 ★
[12:00:45] [INFO]     SFI [16/114] conj_wave_current                   SFI= 0.0086 AUC=0.5086 ★
[12:00:51] [INFO]     SFI [19/114] spread_tide_current                 SFI= 0.0119 AUC=0.5119 ★
[12:00:53] [INFO]     SFI [20/114] spread_tide_wave                    SFI= 0.0070 AUC=0.5070 ★
[12:01:13] [INFO]     SFI [30/114] rsi_value                           SFI= 0.0003 AUC=0.5003
[12:01:17] [INFO]     SFI [32/114] rsi_conviction                      SFI= 0.0103 AUC=0.5103 ★
[12:01:34] [INFO]     SFI [40/114] residual_std_tide                   SFI= 0.0122 AUC=0.5122 ★
[12:01:39] [INFO]     SFI [42/114] residual_std_wave                   SFI= 0.0060 AUC=0.4940 ★
[12:01:44] [INFO]     SFI [44/114] tsi_current                         SFI= 0.0148 AUC=0.5148 ★
[12:01:48] [INFO]     SFI [46/114] adi_tide                            SFI= 0.0107 AUC=0.5107 ★
[12:01:54] [INFO]     SFI [47/114] adi_current                         SFI= 0.0100 AUC=0.5100 ★
[12:01:59] [INFO]     SFI [50/114] above_all_vwaps_int                 SFI= 0.0014 AUC=0.5014
[12:02:01] [INFO]     SFI [51/114] regime_encoded                      SFI= 0.0054 AUC=0.4946 ★
[12:02:07] [INFO]     SFI [53/114] slope_decel_current                 SFI= 0.0097 AUC=0.4903 ★
[12:02:09] [INFO]     SFI [54/114] sigma_divergence                    SFI= 0.0070 AUC=0.5070 ★
[12:02:23] [INFO]     SFI [60/114] d_kalman_velocity                   SFI= 0.0015 AUC=0.4985
[12:02:42] [INFO]     SFI [68/114] slope_ratio_tc                      SFI= 0.0070 AUC=0.5070 ★
[12:02:45] [INFO]     SFI [69/114] slope_ratio_tw                      SFI= 0.0070 AUC=0.5070 ★
[12:02:47] [INFO]     SFI [70/114] tension_ratio_tw                    SFI= 0.0091 AUC=0.5091 ★
[12:02:54] [INFO]     SFI [73/114] slope_diff_cw                       SFI= 0.0081 AUC=0.5081 ★
[12:03:05] [INFO]     SFI [78/114] slope_product_tc                    SFI= 0.0063 AUC=0.5063 ★
[12:03:09] [INFO]     SFI [80/114] sigma_phase_tc                      SFI= 0.0119 AUC=0.5119 ★
[12:03:12] [INFO]     SFI [81/114] rsi_sigma_interact                  SFI= 0.0090 AUC=0.5090 ★
[12:03:30] [INFO]     SFI [90/114] d2_conj_wave_tide                   SFI= 0.0004 AUC=0.4996
[12:03:32] [INFO]     SFI [91/114] d2_vwap_sigma_tide                  SFI= 0.0057 AUC=0.4943 ★
[12:03:41] [INFO]     SFI [96/114] price_vwap_div                      SFI= 0.0112 AUC=0.5112 ★
[12:03:44] [INFO]     SFI [97/114] sigma_abs_dist                      SFI= 0.0055 AUC=0.5055 ★
[12:03:46] [INFO]     SFI [98/114] sigma_squared                       SFI= 0.0055 AUC=0.5055 ★
[12:03:51] [INFO]     SFI [100/114] sigma_min_tf                        SFI= 0.0069 AUC=0.5069 ★
[12:04:11] [INFO]     SFI [110/114] vol_price_divergence                SFI= 0.0058 AUC=0.4942 ★
[12:04:22] [INFO] 
  Top 10 features for long_entry:
[12:04:22] [INFO]      1. tsi_current                         DSR=  0.015 
[12:04:22] [INFO]      2. residual_std_tide                   DSR=  0.012 
[12:04:22] [INFO]      3. spread_tide_current                 DSR=  0.012 
[12:04:22] [INFO]      4. sigma_phase_tc                      DSR=  0.012 ★NEW
[12:04:22] [INFO]      5. tension_tide                        DSR=  0.011 
[12:04:22] [INFO]      6. price_vwap_div                      DSR=  0.011 ★NEW
[12:04:22] [INFO]      7. current_slope                       DSR=  0.011 
[12:04:22] [INFO]      8. adi_tide                            DSR=  0.011 
[12:04:22] [INFO]      9. rsi_conviction                      DSR=  0.010 
[12:04:22] [INFO]     10. adi_current                         DSR=  0.010 
[12:04:22] [INFO]   SFI completed for long_entry in 259s
[12:04:22] [INFO]   Checkpoint saved: phase1_sfi_long_entry.json
[12:04:22] [INFO] 
  ── SFI: SWING_EXIT ──
[12:04:26] [INFO]     SFI [3/114] sigma_wave                          SFI= 0.0069 AUC=0.4931 ★
[12:04:28] [INFO]     SFI [4/114] vwap_sigma_tide                     SFI= 0.0070 AUC=0.5070 ★
[12:04:29] [INFO]     SFI [5/114] vwap_sigma_current                  SFI= 0.0073 AUC=0.5073 ★
[12:04:33] [INFO]     SFI [9/114] tension_wave                        SFI= 0.0101 AUC=0.5101 ★
[12:04:34] [INFO]     SFI [10/114] tide_slope                          SFI= 0.0168 AUC=0.5168 ★
[12:04:36] [INFO]     SFI [11/114] current_slope                       SFI= 0.0196 AUC=0.5196 ★
[12:04:38] [INFO]     SFI [13/114] tide_accel                          SFI= 0.0098 AUC=0.4902 ★
[12:04:42] [INFO]     SFI [14/114] current_accel                       SFI= 0.0100 AUC=0.5100 ★
[12:04:45] [INFO]     SFI [15/114] wave_accel                          SFI= 0.0111 AUC=0.5111 ★
[12:04:46] [INFO]     SFI [16/114] conj_wave_current                   SFI= 0.0059 AUC=0.5059 ★
[12:04:48] [INFO]     SFI [17/114] conj_wave_tide                      SFI= 0.0078 AUC=0.5078 ★
[12:04:49] [INFO]     SFI [18/114] conj_current_tide                   SFI= 0.0054 AUC=0.5054 ★
[12:04:50] [INFO]     SFI [19/114] spread_tide_current                 SFI= 0.0093 AUC=0.5093 ★
[12:04:51] [INFO]     SFI [20/114] spread_tide_wave                    SFI= 0.0094 AUC=0.4906 ★
[12:04:52] [INFO]     SFI [21/114] spread_current_wave                 SFI= 0.0163 AUC=0.5163 ★
[12:04:54] [INFO]     SFI [22/114] vwap_spread_tide_current            SFI= 0.0248 AUC=0.5248 ★
[12:04:55] [INFO]     SFI [23/114] vwap_spread_tide_wave               SFI= 0.0357 AUC=0.5357 ★
[12:04:58] [INFO]     SFI [25/114] compression_ratio                   SFI= 0.0264 AUC=0.5264 ★
[12:04:59] [INFO]     SFI [26/114] fear_level                          SFI= 0.0193 AUC=0.5193 ★
[12:05:00] [INFO]     SFI [27/114] vol_up_down_ratio                   SFI= 0.0071 AUC=0.5071 ★
[12:05:02] [INFO]     SFI [28/114] wave_flip                           SFI= 0.0065 AUC=0.4935 ★
[12:05:04] [INFO]     SFI [29/114] wave_flip_direction                 SFI= 0.0061 AUC=0.4939 ★
[12:05:05] [INFO]     SFI [30/114] rsi_value                           SFI= 0.0311 AUC=0.5311 ★
[12:05:08] [INFO]     SFI [32/114] rsi_conviction                      SFI= 0.0207 AUC=0.5207 ★
[12:05:10] [INFO]     SFI [34/114] vol_adj_delta                       SFI= 0.0136 AUC=0.5136 ★
[12:05:12] [INFO]     SFI [35/114] geo_state_norm                      SFI= 0.0097 AUC=0.5097 ★
[12:05:13] [INFO]     SFI [36/114] geo_velocity_align                  SFI= 0.0151 AUC=0.5151 ★
[12:05:15] [INFO]     SFI [37/114] geo_exit_align                      SFI= 0.0146 AUC=0.5146 ★
[12:05:17] [INFO]     SFI [39/114] geo_phase_angle                     SFI= 0.0177 AUC=0.5177 ★
[12:05:19] [INFO]     SFI [40/114] residual_std_tide                   SFI= 0.0294 AUC=0.5294 ★
[12:05:20] [INFO]     SFI [41/114] residual_std_current                SFI= 0.0078 AUC=0.5078 ★
[12:05:21] [INFO]     SFI [42/114] residual_std_wave                   SFI= 0.0300 AUC=0.5300 ★
[12:05:23] [INFO]     SFI [43/114] tsi_tide                            SFI= 0.0075 AUC=0.5075 ★
[12:05:27] [INFO]     SFI [46/114] adi_tide                            SFI= 0.0074 AUC=0.5074 ★
[12:05:28] [INFO]     SFI [47/114] adi_current                         SFI= 0.0058 AUC=0.4942 ★
[12:05:29] [INFO]     SFI [48/114] adi_wave                            SFI= 0.0052 AUC=0.5052 ★
[12:05:31] [INFO]     SFI [50/114] above_all_vwaps_int                 SFI= 0.0055 AUC=0.5055 ★
[12:05:34] [INFO]     SFI [53/114] slope_decel_current                 SFI= 0.0058 AUC=0.5058 ★
[12:05:35] [INFO]     SFI [54/114] sigma_divergence                    SFI= 0.0094 AUC=0.4906 ★
[12:05:36] [INFO]     SFI [55/114] complacency_index                   SFI= 0.0284 AUC=0.5284 ★
[12:05:38] [INFO]     SFI [57/114] rsi_trap_zone                       SFI= 0.0218 AUC=0.5218 ★
[12:05:41] [INFO]     SFI [60/114] d_kalman_velocity                   SFI= 0.0103 AUC=0.4897 ★
[12:05:43] [INFO]     SFI [62/114] d_compression_ratio                 SFI= 0.0070 AUC=0.4930 ★
[12:05:45] [INFO]     SFI [63/114] d_fear_level                        SFI= 0.0142 AUC=0.4858 ★
[12:05:47] [INFO]     SFI [65/114] d_tide_slope                        SFI= 0.0085 AUC=0.4915 ★
[12:05:48] [INFO]     SFI [66/114] d_wave_accel                        SFI= 0.0228 AUC=0.5228 ★
[12:05:51] [INFO]     SFI [69/114] slope_ratio_tw                      SFI= 0.0161 AUC=0.5161 ★
[12:05:53] [INFO]     SFI [70/114] tension_ratio_tw                    SFI= 0.0015 AUC=0.5015
[12:05:54] [INFO]     SFI [71/114] slope_diff_tc                       SFI= 0.0052 AUC=0.5052 ★
[12:05:56] [INFO]     SFI [72/114] slope_diff_tw                       SFI= 0.0084 AUC=0.5084 ★
[12:05:57] [INFO]     SFI [73/114] slope_diff_cw                       SFI= 0.0061 AUC=0.5061 ★
[12:05:59] [INFO]     SFI [74/114] tide_slope_sq                       SFI= 0.0168 AUC=0.5168 ★
[12:06:00] [INFO]     SFI [75/114] current_slope_sq                    SFI= 0.0138 AUC=0.5138 ★
[12:06:01] [INFO]     SFI [76/114] wave_slope_sq                       SFI= 0.0082 AUC=0.5082 ★
[12:06:03] [INFO]     SFI [77/114] slope_energy                        SFI= 0.0115 AUC=0.5115 ★
[12:06:04] [INFO]     SFI [78/114] slope_product_tc                    SFI= 0.0251 AUC=0.5251 ★
[12:06:06] [INFO]     SFI [79/114] slope_phase_tw                      SFI= 0.0084 AUC=0.5084 ★
[12:06:07] [INFO]     SFI [80/114] sigma_phase_tc                      SFI= 0.0093 AUC=0.5093 ★
[12:06:09] [INFO]     SFI [82/114] kalman_slope_conf                   SFI= 0.0145 AUC=0.5145 ★
[12:06:11] [INFO]     SFI [83/114] compr_at_extreme                    SFI= 0.0266 AUC=0.5266 ★
[12:06:12] [INFO]     SFI [84/114] vol_slope_conf                      SFI= 0.0196 AUC=0.5196 ★
[12:06:13] [INFO]     SFI [85/114] d2_sigma_tide                       SFI= 0.0182 AUC=0.5182 ★
[12:06:15] [INFO]     SFI [87/114] d2_tide_accel                       SFI= 0.0306 AUC=0.5306 ★
[12:06:17] [INFO]     SFI [88/114] d2_current_slope                    SFI= 0.0099 AUC=0.5099 ★
[12:06:19] [INFO]     SFI [89/114] d2_tension_tide                     SFI= 0.0090 AUC=0.5090 ★
[12:06:20] [INFO]     SFI [90/114] d2_conj_wave_tide                   SFI= 0.0103 AUC=0.5103 ★
[12:06:21] [INFO]     SFI [91/114] d2_vwap_sigma_tide                  SFI= 0.0232 AUC=0.5232 ★
[12:06:24] [INFO]     SFI [94/114] bullish_score                       SFI= 0.0119 AUC=0.5119 ★
[12:06:30] [INFO]     SFI [99/114] sigma_max_tf                        SFI= 0.0067 AUC=0.4933 ★
[12:06:31] [INFO]     SFI [100/114] sigma_min_tf                        SFI= 0.0043 AUC=0.5043
[12:06:32] [INFO]     SFI [101/114] atr_14                              SFI= 0.0201 AUC=0.5201 ★
[12:06:34] [INFO]     SFI [102/114] atr_ratio                           SFI= 0.0801 AUC=0.5801 ★
[12:06:35] [INFO]     SFI [103/114] overnight_gap                       SFI= 0.0282 AUC=0.5282 ★
[12:06:37] [INFO]     SFI [104/114] overnight_gap_atr                   SFI= 0.0155 AUC=0.4845 ★
[12:06:38] [INFO]     SFI [105/114] overnight_gap_vs_tide               SFI= 0.0174 AUC=0.5174 ★
[12:06:40] [INFO]     SFI [106/114] volume_ratio                        SFI= 0.0157 AUC=0.5157 ★
[12:06:41] [INFO]     SFI [107/114] volume_sigma                        SFI= 0.0111 AUC=0.5111 ★
[12:06:43] [INFO]     SFI [109/114] volume_trend                        SFI= 0.0076 AUC=0.5076 ★
[12:06:45] [INFO]     SFI [110/114] vol_price_divergence                SFI= 0.0149 AUC=0.5149 ★
[12:06:47] [INFO]     SFI [112/114] volume_slope_confirm                SFI= 0.0252 AUC=0.5252 ★
[12:06:48] [INFO]     SFI [113/114] volume_at_extreme                   SFI= 0.0131 AUC=0.5131 ★
[12:06:49] [INFO] 
  Top 10 features for swing_exit:
[12:06:49] [INFO]      1. atr_ratio                           DSR=  0.080 ★NEW
[12:06:49] [INFO]      2. vwap_spread_tide_wave               DSR=  0.036 
[12:06:49] [INFO]      3. rsi_value                           DSR=  0.031 
[12:06:49] [INFO]      4. d2_tide_accel                       DSR=  0.031 ★NEW
[12:06:49] [INFO]      5. residual_std_wave                   DSR=  0.030 
[12:06:49] [INFO]      6. residual_std_tide                   DSR=  0.029 
[12:06:49] [INFO]      7. complacency_index                   DSR=  0.028 
[12:06:49] [INFO]      8. overnight_gap                       DSR=  0.028 ★NEW
[12:06:49] [INFO]      9. compr_at_extreme                    DSR=  0.027 ★NEW
[12:06:49] [INFO]     10. compression_ratio                   DSR=  0.026 
[12:06:49] [INFO]   SFI completed for swing_exit in 147s
[12:06:49] [INFO]   Checkpoint saved: phase1_sfi_swing_exit.json
[12:06:49] [INFO] 
  ── SFI: PULLBACK_DEPTH ──
[12:06:51] [INFO]     SFI [1/114] sigma_tide                          SFI= 0.0143 AUC=0.5143 ★
[12:06:55] [INFO]     SFI [5/114] vwap_sigma_current                  SFI= 0.0179 AUC=0.5179 ★
[12:06:56] [INFO]     SFI [6/114] vwap_sigma_wave                     SFI= 0.0138 AUC=0.5138 ★
[12:07:00] [INFO]     SFI [9/114] tension_wave                        SFI= 0.0060 AUC=0.5060 ★
[12:07:01] [INFO]     SFI [10/114] tide_slope                          SFI= 0.0209 AUC=0.5209 ★
[12:07:03] [INFO]     SFI [11/114] current_slope                       SFI= 0.0311 AUC=0.5311 ★
[12:07:04] [INFO]     SFI [12/114] wave_slope                          SFI= 0.0232 AUC=0.5232 ★
[12:07:05] [INFO]     SFI [13/114] tide_accel                          SFI= 0.0391 AUC=0.5391 ★
[12:07:06] [INFO]     SFI [14/114] current_accel                       SFI= 0.0236 AUC=0.5236 ★
[12:07:09] [INFO]     SFI [16/114] conj_wave_current                   SFI= 0.0065 AUC=0.5065 ★
[12:07:10] [INFO]     SFI [17/114] conj_wave_tide                      SFI= 0.0263 AUC=0.5263 ★
[12:07:12] [INFO]     SFI [18/114] conj_current_tide                   SFI= 0.0344 AUC=0.5344 ★
[12:07:14] [INFO]     SFI [20/114] spread_tide_wave                    SFI= 0.0040 AUC=0.5040
[12:07:15] [INFO]     SFI [21/114] spread_current_wave                 SFI= 0.0086 AUC=0.5086 ★
[12:07:16] [INFO]     SFI [22/114] vwap_spread_tide_current            SFI= 0.0195 AUC=0.5195 ★
[12:07:18] [INFO]     SFI [23/114] vwap_spread_tide_wave               SFI= 0.0312 AUC=0.5312 ★
[12:07:19] [INFO]     SFI [24/114] vwap_spread_current_wave            SFI= 0.0223 AUC=0.5223 ★
[12:07:20] [INFO]     SFI [25/114] compression_ratio                   SFI= 0.0372 AUC=0.5372 ★
[12:07:21] [INFO]     SFI [26/114] fear_level                          SFI= 0.0150 AUC=0.5150 ★
[12:07:22] [INFO]     SFI [27/114] vol_up_down_ratio                   SFI= 0.0055 AUC=0.4945 ★
[12:07:23] [INFO]     SFI [28/114] wave_flip                           SFI= 0.0056 AUC=0.5056 ★
[12:07:24] [INFO]     SFI [29/114] wave_flip_direction                 SFI= 0.0053 AUC=0.5053 ★
[12:07:25] [INFO]     SFI [30/114] rsi_value                           SFI= 0.0117 AUC=0.5117 ★
[12:07:27] [INFO]     SFI [32/114] rsi_conviction                      SFI= 0.0256 AUC=0.5256 ★
[12:07:28] [INFO]     SFI [33/114] kalman_velocity                     SFI= 0.0077 AUC=0.5077 ★
[12:07:30] [INFO]     SFI [34/114] vol_adj_delta                       SFI= 0.0220 AUC=0.5220 ★
[12:07:31] [INFO]     SFI [35/114] geo_state_norm                      SFI= 0.0136 AUC=0.5136 ★
[12:07:32] [INFO]     SFI [36/114] geo_velocity_align                  SFI= 0.0059 AUC=0.5059 ★
[12:07:34] [INFO]     SFI [38/114] geo_accel_align                     SFI= 0.0090 AUC=0.5090 ★
[12:07:36] [INFO]     SFI [39/114] geo_phase_angle                     SFI= 0.0090 AUC=0.5090 ★
[12:07:37] [INFO]     SFI [40/114] residual_std_tide                   SFI= 0.0057 AUC=0.5057 ★
[12:07:38] [INFO]     SFI [41/114] residual_std_current                SFI= 0.0193 AUC=0.5193 ★
[12:07:39] [INFO]     SFI [42/114] residual_std_wave                   SFI= 0.0306 AUC=0.5306 ★
[12:07:40] [INFO]     SFI [43/114] tsi_tide                            SFI= 0.0122 AUC=0.5122 ★
[12:07:42] [INFO]     SFI [44/114] tsi_current                         SFI= 0.0145 AUC=0.5145 ★
[12:07:43] [INFO]     SFI [45/114] tsi_wave                            SFI= 0.0203 AUC=0.5203 ★
[12:07:44] [INFO]     SFI [46/114] adi_tide                            SFI= 0.0062 AUC=0.4938 ★
[12:07:46] [INFO]     SFI [48/114] adi_wave                            SFI= 0.0056 AUC=0.5056 ★
[12:07:47] [INFO]     SFI [49/114] below_all_vwaps_int                 SFI= 0.0082 AUC=0.5082 ★
[12:07:47] [INFO]     SFI [50/114] above_all_vwaps_int                 SFI= 0.0121 AUC=0.5121 ★
[12:07:50] [INFO]     SFI [53/114] slope_decel_current                 SFI= 0.0340 AUC=0.5340 ★
[12:07:52] [INFO]     SFI [55/114] complacency_index                   SFI= 0.0098 AUC=0.5098 ★
[12:07:55] [INFO]     SFI [59/114] d_sigma_wave                        SFI= 0.0093 AUC=0.4907 ★
[12:07:56] [INFO]     SFI [60/114] d_kalman_velocity                   SFI= 0.0038 AUC=0.5038
[12:07:57] [INFO]     SFI [61/114] d_rsi_value                         SFI= 0.0180 AUC=0.5180 ★
[12:08:00] [INFO]     SFI [64/114] d_vol_up_down_ratio                 SFI= 0.0069 AUC=0.5069 ★
[12:08:01] [INFO]     SFI [65/114] d_tide_slope                        SFI= 0.0395 AUC=0.5395 ★
[12:08:03] [INFO]     SFI [66/114] d_wave_accel                        SFI= 0.0126 AUC=0.5126 ★
[12:08:04] [INFO]     SFI [67/114] sigma_ratio_tw                      SFI= 0.0090 AUC=0.4910 ★
[12:08:05] [INFO]     SFI [68/114] slope_ratio_tc                      SFI= 0.0071 AUC=0.5071 ★
[12:08:06] [INFO]     SFI [69/114] slope_ratio_tw                      SFI= 0.0086 AUC=0.5086 ★
[12:08:07] [INFO]     SFI [70/114] tension_ratio_tw                    SFI= 0.0114 AUC=0.5114 ★
[12:08:09] [INFO]     SFI [71/114] slope_diff_tc                       SFI= 0.0350 AUC=0.5350 ★
[12:08:10] [INFO]     SFI [72/114] slope_diff_tw                       SFI= 0.0254 AUC=0.5254 ★
[12:08:11] [INFO]     SFI [73/114] slope_diff_cw                       SFI= 0.0080 AUC=0.5080 ★
[12:08:13] [INFO]     SFI [74/114] tide_slope_sq                       SFI= 0.0209 AUC=0.5209 ★
[12:08:14] [INFO]     SFI [75/114] current_slope_sq                    SFI= 0.0319 AUC=0.5319 ★
[12:08:15] [INFO]     SFI [76/114] wave_slope_sq                       SFI= 0.0151 AUC=0.5151 ★
[12:08:16] [INFO]     SFI [77/114] slope_energy                        SFI= 0.0424 AUC=0.5424 ★
[12:08:18] [INFO]     SFI [78/114] slope_product_tc                    SFI= 0.0442 AUC=0.5442 ★
[12:08:19] [INFO]     SFI [79/114] slope_phase_tw                      SFI= 0.0254 AUC=0.5254 ★
[12:08:20] [INFO]     SFI [80/114] sigma_phase_tc                      SFI= 0.0017 AUC=0.5017
[12:08:21] [INFO]     SFI [81/114] rsi_sigma_interact                  SFI= 0.0162 AUC=0.5162 ★
[12:08:22] [INFO]     SFI [82/114] kalman_slope_conf                   SFI= 0.0326 AUC=0.5326 ★
[12:08:23] [INFO]     SFI [83/114] compr_at_extreme                    SFI= 0.0371 AUC=0.5371 ★
[12:08:25] [INFO]     SFI [84/114] vol_slope_conf                      SFI= 0.0176 AUC=0.5176 ★
[12:08:26] [INFO]     SFI [85/114] d2_sigma_tide                       SFI= 0.0179 AUC=0.5179 ★
[12:08:28] [INFO]     SFI [87/114] d2_tide_accel                       SFI= 0.0370 AUC=0.5370 ★
[12:08:29] [INFO]     SFI [88/114] d2_current_slope                    SFI= 0.0239 AUC=0.5239 ★
[12:08:30] [INFO]     SFI [89/114] d2_tension_tide                     SFI= 0.0164 AUC=0.5164 ★
[12:08:32] [INFO]     SFI [90/114] d2_conj_wave_tide                   SFI= 0.0022 AUC=0.4978
[12:08:33] [INFO]     SFI [91/114] d2_vwap_sigma_tide                  SFI= 0.0185 AUC=0.5185 ★
[12:08:35] [INFO]     SFI [93/114] triple_alignment                    SFI= 0.0075 AUC=0.5075 ★
[12:08:36] [INFO]     SFI [94/114] bullish_score                       SFI= 0.0084 AUC=0.5084 ★
[12:08:39] [INFO]     SFI [97/114] sigma_abs_dist                      SFI= 0.0126 AUC=0.5126 ★
[12:08:40] [INFO]     SFI [98/114] sigma_squared                       SFI= 0.0126 AUC=0.5126 ★
[12:08:41] [INFO]     SFI [99/114] sigma_max_tf                        SFI= 0.0095 AUC=0.5095 ★
[12:08:42] [INFO]     SFI [100/114] sigma_min_tf                        SFI= 0.0003 AUC=0.5003
[12:08:43] [INFO]     SFI [101/114] atr_14                              SFI= 0.0268 AUC=0.5268 ★
[12:08:45] [INFO]     SFI [102/114] atr_ratio                           SFI= 0.0955 AUC=0.5955 ★
[12:08:46] [INFO]     SFI [103/114] overnight_gap                       SFI= 0.0485 AUC=0.5485 ★
[12:08:48] [INFO]     SFI [105/114] overnight_gap_vs_tide               SFI= 0.0386 AUC=0.5386 ★
[12:08:49] [INFO]     SFI [106/114] volume_ratio                        SFI= 0.0101 AUC=0.5101 ★
[12:08:50] [INFO]     SFI [107/114] volume_sigma                        SFI= 0.0138 AUC=0.5138 ★
[12:08:52] [INFO]     SFI [109/114] volume_trend                        SFI= 0.0150 AUC=0.5150 ★
[12:08:53] [INFO]     SFI [110/114] vol_price_divergence                SFI= 0.0233 AUC=0.5233 ★
[12:08:54] [INFO]     SFI [111/114] volume_exhaustion                   SFI= 0.0062 AUC=0.5062 ★
[12:08:55] [INFO]     SFI [112/114] volume_slope_confirm                SFI= 0.0474 AUC=0.5474 ★
[12:08:56] [INFO]     SFI [113/114] volume_at_extreme                   SFI= 0.0261 AUC=0.5261 ★
[12:08:58] [INFO]     SFI [114/114] vol_accel_wave                      SFI= 0.0078 AUC=0.5078 ★
[12:08:58] [INFO] 
  Top 10 features for pullback_depth:
[12:08:58] [INFO]      1. atr_ratio                           DSR=  0.095 ★NEW
[12:08:58] [INFO]      2. overnight_gap                       DSR=  0.049 ★NEW
[12:08:58] [INFO]      3. volume_slope_confirm                DSR=  0.047 ★NEW
[12:08:58] [INFO]      4. slope_product_tc                    DSR=  0.044 ★NEW
[12:08:58] [INFO]      5. slope_energy                        DSR=  0.042 ★NEW
[12:08:58] [INFO]      6. d_tide_slope                        DSR=  0.040 
[12:08:58] [INFO]      7. tide_accel                          DSR=  0.039 
[12:08:58] [INFO]      8. overnight_gap_vs_tide               DSR=  0.039 ★NEW
[12:08:58] [INFO]      9. compression_ratio                   DSR=  0.037 
[12:08:58] [INFO]     10. compr_at_extreme                    DSR=  0.037 ★NEW
[12:08:58] [INFO]   SFI completed for pullback_depth in 128s
[12:08:58] [INFO]   Checkpoint saved: phase1_sfi_pullback_depth.json
[12:08:58] [INFO] 
  ── SFI: TREND_REVERSAL ──
[12:09:00] [INFO]     SFI [1/114] sigma_tide                          SFI= 0.2968 AUC=0.7968 ★
[12:09:01] [INFO]     SFI [2/114] sigma_current                       SFI= 0.0161 AUC=0.5161 ★
[12:09:03] [INFO]     SFI [3/114] sigma_wave                          SFI= 0.0051 AUC=0.5051 ★
[12:09:05] [INFO]     SFI [4/114] vwap_sigma_tide                     SFI= 0.3791 AUC=0.8791 ★
[12:09:06] [INFO]     SFI [5/114] vwap_sigma_current                  SFI= 0.2587 AUC=0.7587 ★
[12:09:08] [INFO]     SFI [6/114] vwap_sigma_wave                     SFI= 0.1457 AUC=0.6457 ★
[12:09:10] [INFO]     SFI [7/114] tension_tide                        SFI= 0.0502 AUC=0.5502 ★
[12:09:12] [INFO]     SFI [8/114] tension_current                     SFI= 0.2446 AUC=0.7446 ★
[12:09:13] [INFO]     SFI [9/114] tension_wave                        SFI= 0.1473 AUC=0.6473 ★
[12:09:15] [INFO]     SFI [10/114] tide_slope                          SFI= 0.1571 AUC=0.6571 ★
[12:09:16] [INFO]     SFI [11/114] current_slope                       SFI= 0.2831 AUC=0.7831 ★
[12:09:18] [INFO]     SFI [12/114] wave_slope                          SFI= 0.1778 AUC=0.6778 ★
[12:09:20] [INFO]     SFI [13/114] tide_accel                          SFI= 0.3451 AUC=0.8451 ★
[12:09:21] [INFO]     SFI [14/114] current_accel                       SFI= 0.0559 AUC=0.5559 ★
[12:09:23] [INFO]     SFI [15/114] wave_accel                          SFI= 0.0387 AUC=0.5387 ★
[12:09:25] [INFO]     SFI [16/114] conj_wave_current                   SFI= 0.0543 AUC=0.5543 ★
[12:09:26] [INFO]     SFI [17/114] conj_wave_tide                      SFI= 0.1471 AUC=0.6471 ★
[12:09:28] [INFO]     SFI [18/114] conj_current_tide                   SFI= 0.2353 AUC=0.7353 ★
[12:09:29] [INFO]     SFI [19/114] spread_tide_current                 SFI= 0.2439 AUC=0.7439 ★
[12:09:31] [INFO]     SFI [20/114] spread_tide_wave                    SFI= 0.2329 AUC=0.7329 ★
[12:09:32] [INFO]     SFI [21/114] spread_current_wave                 SFI= 0.0292 AUC=0.5292 ★
[12:09:34] [INFO]     SFI [22/114] vwap_spread_tide_current            SFI= 0.3223 AUC=0.8223 ★
[12:09:36] [INFO]     SFI [23/114] vwap_spread_tide_wave               SFI= 0.3741 AUC=0.8741 ★
[12:09:37] [INFO]     SFI [24/114] vwap_spread_current_wave            SFI= 0.2756 AUC=0.7756 ★
[12:09:39] [INFO]     SFI [25/114] compression_ratio                   SFI= 0.0133 AUC=0.5133 ★
[12:09:40] [INFO]     SFI [26/114] fear_level                          SFI= 0.2019 AUC=0.7019 ★
[12:09:42] [INFO]     SFI [27/114] vol_up_down_ratio                   SFI= 0.0118 AUC=0.5118 ★
[12:09:43] [INFO]     SFI [28/114] wave_flip                           SFI= 0.0071 AUC=0.4929 ★
[12:09:45] [INFO]     SFI [30/114] rsi_value                           SFI= 0.2074 AUC=0.7074 ★
[12:09:48] [INFO]     SFI [32/114] rsi_conviction                      SFI= 0.2129 AUC=0.7129 ★
[12:09:51] [INFO]     SFI [34/114] vol_adj_delta                       SFI= 0.0146 AUC=0.5146 ★
[12:09:52] [INFO]     SFI [35/114] geo_state_norm                      SFI= 0.1252 AUC=0.6252 ★
[12:09:54] [INFO]     SFI [36/114] geo_velocity_align                  SFI= 0.2880 AUC=0.7880 ★
[12:09:55] [INFO]     SFI [37/114] geo_exit_align                      SFI= 0.2881 AUC=0.7881 ★
[12:09:57] [INFO]     SFI [38/114] geo_accel_align                     SFI= 0.0616 AUC=0.5616 ★
[12:09:59] [INFO]     SFI [39/114] geo_phase_angle                     SFI= 0.2008 AUC=0.7008 ★
[12:10:00] [INFO]     SFI [40/114] residual_std_tide                   SFI= 0.0327 AUC=0.4673 ★
[12:10:02] [INFO]     SFI [41/114] residual_std_current                SFI= 0.0564 AUC=0.5564 ★
[12:10:04] [INFO]     SFI [42/114] residual_std_wave                   SFI= 0.0322 AUC=0.5322 ★
[12:10:06] [INFO]     SFI [43/114] tsi_tide                            SFI= 0.2141 AUC=0.7141 ★
[12:10:08] [INFO]     SFI [44/114] tsi_current                         SFI= 0.2842 AUC=0.7842 ★
[12:10:10] [INFO]     SFI [45/114] tsi_wave                            SFI= 0.1796 AUC=0.6796 ★
[12:10:12] [INFO]     SFI [46/114] adi_tide                            SFI= 0.0753 AUC=0.5753 ★
[12:10:14] [INFO]     SFI [47/114] adi_current                         SFI= 0.2466 AUC=0.7466 ★
[12:10:15] [INFO]     SFI [48/114] adi_wave                            SFI= 0.1462 AUC=0.6462 ★
[12:10:17] [INFO]     SFI [49/114] below_all_vwaps_int                 SFI= 0.1751 AUC=0.6751 ★
[12:10:18] [INFO]     SFI [50/114] above_all_vwaps_int                 SFI= 0.1813 AUC=0.6813 ★
[12:10:21] [INFO]     SFI [52/114] slope_decel_wave                    SFI= 0.0366 AUC=0.5366 ★
[12:10:22] [INFO]     SFI [53/114] slope_decel_current                 SFI= 0.0510 AUC=0.5510 ★
[12:10:24] [INFO]     SFI [54/114] sigma_divergence                    SFI= 0.2329 AUC=0.7329 ★
[12:10:26] [INFO]     SFI [55/114] complacency_index                   SFI= 0.2002 AUC=0.7002 ★
[12:10:28] [INFO]     SFI [57/114] rsi_trap_zone                       SFI= 0.0552 AUC=0.5552 ★
[12:10:30] [INFO]     SFI [58/114] rsi_bearish_div                     SFI= 0.0114 AUC=0.5114 ★
[12:10:33] [INFO]     SFI [60/114] d_kalman_velocity                   SFI= 0.0070 AUC=0.4930 ★
[12:10:34] [INFO]     SFI [61/114] d_rsi_value                         SFI= 0.0327 AUC=0.5327 ★
[12:10:35] [INFO]     SFI [62/114] d_compression_ratio                 SFI= 0.0071 AUC=0.4929 ★
[12:10:37] [INFO]     SFI [63/114] d_fear_level                        SFI= 0.0227 AUC=0.5227 ★
[12:10:39] [INFO]     SFI [65/114] d_tide_slope                        SFI= 0.3447 AUC=0.8447 ★
[12:10:41] [INFO]     SFI [66/114] d_wave_accel                        SFI= 0.0060 AUC=0.5060 ★
[12:10:43] [INFO]     SFI [67/114] sigma_ratio_tw                      SFI= 0.0919 AUC=0.5919 ★
[12:10:44] [INFO]     SFI [68/114] slope_ratio_tc                      SFI= 0.2660 AUC=0.7660 ★
[12:10:46] [INFO]     SFI [69/114] slope_ratio_tw                      SFI= 0.1996 AUC=0.6996 ★
[12:10:48] [INFO]     SFI [70/114] tension_ratio_tw                    SFI= 0.1520 AUC=0.6520 ★
[12:10:49] [INFO]     SFI [71/114] slope_diff_tc                       SFI= 0.2359 AUC=0.7359 ★
[12:10:51] [INFO]     SFI [72/114] slope_diff_tw                       SFI= 0.1470 AUC=0.6470 ★
[12:10:52] [INFO]     SFI [73/114] slope_diff_cw                       SFI= 0.0542 AUC=0.5542 ★
[12:10:54] [INFO]     SFI [74/114] tide_slope_sq                       SFI= 0.1571 AUC=0.6571 ★
[12:10:56] [INFO]     SFI [75/114] current_slope_sq                    SFI= 0.0289 AUC=0.4711 ★
[12:10:58] [INFO]     SFI [76/114] wave_slope_sq                       SFI= 0.0554 AUC=0.5554 ★
[12:11:00] [INFO]     SFI [77/114] slope_energy                        SFI= 0.0203 AUC=0.5203 ★
[12:11:01] [INFO]     SFI [78/114] slope_product_tc                    SFI= 0.2806 AUC=0.7806 ★
[12:11:03] [INFO]     SFI [79/114] slope_phase_tw                      SFI= 0.1470 AUC=0.6470 ★
[12:11:04] [INFO]     SFI [80/114] sigma_phase_tc                      SFI= 0.2439 AUC=0.7439 ★
[12:11:06] [INFO]     SFI [81/114] rsi_sigma_interact                  SFI= 0.2765 AUC=0.7765 ★
[12:11:08] [INFO]     SFI [82/114] kalman_slope_conf                   SFI= 0.0487 AUC=0.5487 ★
[12:11:10] [INFO]     SFI [83/114] compr_at_extreme                    SFI= 0.0792 AUC=0.5792 ★
[12:11:11] [INFO]     SFI [84/114] vol_slope_conf                      SFI= 0.1585 AUC=0.6585 ★
[12:11:15] [INFO]     SFI [86/114] d2_sigma_current                    SFI= 0.0064 AUC=0.4936 ★
[12:11:17] [INFO]     SFI [87/114] d2_tide_accel                       SFI= 0.0051 AUC=0.4949 ★
[12:11:18] [INFO]     SFI [88/114] d2_current_slope                    SFI= 0.0548 AUC=0.5548 ★
[12:11:20] [INFO]     SFI [89/114] d2_tension_tide                     SFI= 0.1299 AUC=0.6299 ★
[12:11:21] [INFO]     SFI [90/114] d2_conj_wave_tide                   SFI= 0.0404 AUC=0.5404 ★
[12:11:23] [INFO]     SFI [91/114] d2_vwap_sigma_tide                  SFI= 0.0694 AUC=0.5694 ★
[12:11:25] [INFO]     SFI [92/114] d2_spread_tide_wave                 SFI= 0.0207 AUC=0.5207 ★
[12:11:26] [INFO]     SFI [93/114] triple_alignment                    SFI= 0.0244 AUC=0.5244 ★
[12:11:27] [INFO]     SFI [94/114] bullish_score                       SFI= 0.1103 AUC=0.6103 ★
[12:11:29] [INFO]     SFI [95/114] total_displacement                  SFI= 0.1192 AUC=0.6192 ★
[12:11:30] [INFO]     SFI [96/114] price_vwap_div                      SFI= 0.0502 AUC=0.5502 ★
[12:11:32] [INFO]     SFI [97/114] sigma_abs_dist                      SFI= 0.1684 AUC=0.6684 ★
[12:11:33] [INFO]     SFI [98/114] sigma_squared                       SFI= 0.1684 AUC=0.6684 ★
[12:11:35] [INFO]     SFI [99/114] sigma_max_tf                        SFI= 0.0741 AUC=0.5741 ★
[12:11:37] [INFO]     SFI [100/114] sigma_min_tf                        SFI= 0.2094 AUC=0.7094 ★
[12:11:38] [INFO]     SFI [101/114] atr_14                              SFI= 0.0471 AUC=0.5471 ★
[12:11:39] [INFO]     SFI [102/114] atr_ratio                           SFI= 0.0865 AUC=0.5865 ★
[12:11:41] [INFO]     SFI [103/114] overnight_gap                       SFI= 0.0259 AUC=0.5259 ★
[12:11:42] [INFO]     SFI [104/114] overnight_gap_atr                   SFI= 0.0079 AUC=0.5079 ★
[12:11:44] [INFO]     SFI [105/114] overnight_gap_vs_tide               SFI= 0.0732 AUC=0.5732 ★
[12:11:46] [INFO]     SFI [106/114] volume_ratio                        SFI= 0.0092 AUC=0.5092 ★
[12:11:47] [INFO]     SFI [107/114] volume_sigma                        SFI= 0.0069 AUC=0.5069 ★
[12:11:48] [INFO]     SFI [108/114] volume_accel                        SFI= 0.0100 AUC=0.5100 ★
[12:11:50] [INFO]     SFI [109/114] volume_trend                        SFI= 0.0142 AUC=0.5142 ★
[12:11:51] [INFO]     SFI [110/114] vol_price_divergence                SFI= 0.0225 AUC=0.5225 ★
[12:11:54] [INFO]     SFI [112/114] volume_slope_confirm                SFI= 0.1291 AUC=0.6291 ★
[12:11:55] [INFO]     SFI [113/114] volume_at_extreme                   SFI= 0.1581 AUC=0.6581 ★
[12:11:57] [INFO]     SFI [114/114] vol_accel_wave                      SFI= 0.0415 AUC=0.5415 ★
[12:11:57] [INFO] 
  Top 10 features for trend_reversal:
[12:11:57] [INFO]      1. vwap_sigma_tide                     DSR=  0.379 
[12:11:57] [INFO]      2. vwap_spread_tide_wave               DSR=  0.374 
[12:11:57] [INFO]      3. tide_accel                          DSR=  0.345 
[12:11:57] [INFO]      4. d_tide_slope                        DSR=  0.345 
[12:11:57] [INFO]      5. vwap_spread_tide_current            DSR=  0.322 
[12:11:57] [INFO]      6. sigma_tide                          DSR=  0.297 
[12:11:57] [INFO]      7. geo_exit_align                      DSR=  0.288 
[12:11:57] [INFO]      8. geo_velocity_align                  DSR=  0.288 
[12:11:57] [INFO]      9. tsi_current                         DSR=  0.284 
[12:11:57] [INFO]     10. current_slope                       DSR=  0.283 
[12:11:57] [INFO]   SFI completed for trend_reversal in 179s
[12:11:57] [INFO]   Checkpoint saved: phase1_sfi_trend_reversal.json
[12:11:57] [INFO] 
  ── SFI: SHORT_ENTRY ──
[12:11:58] [INFO]     SFI [1/114] sigma_tide                          SFI= 0.0105 AUC=0.5105 ★
[12:11:59] [INFO]     SFI [2/114] sigma_current                       SFI= 0.0098 AUC=0.4902 ★
[12:12:02] [INFO]     SFI [4/114] vwap_sigma_tide                     SFI= 0.0057 AUC=0.5057 ★
[12:12:04] [INFO]     SFI [6/114] vwap_sigma_wave                     SFI= 0.0052 AUC=0.4948 ★
[12:12:06] [INFO]     SFI [8/114] tension_current                     SFI= 0.0070 AUC=0.4930 ★
[12:12:07] [INFO]     SFI [9/114] tension_wave                        SFI= 0.0056 AUC=0.4944 ★
[12:12:09] [INFO]     SFI [10/114] tide_slope                          SFI= 0.0100 AUC=0.5100 ★
[12:12:12] [INFO]     SFI [13/114] tide_accel                          SFI= 0.0064 AUC=0.4936 ★
[12:12:14] [INFO]     SFI [15/114] wave_accel                          SFI= 0.0082 AUC=0.5082 ★
[12:12:16] [INFO]     SFI [16/114] conj_wave_current                   SFI= 0.0056 AUC=0.4944 ★
[12:12:20] [INFO]     SFI [20/114] spread_tide_wave                    SFI= 0.0054 AUC=0.4946 ★
[12:12:22] [INFO]     SFI [22/114] vwap_spread_tide_current            SFI= 0.0105 AUC=0.5105 ★
[12:12:25] [INFO]     SFI [24/114] vwap_spread_current_wave            SFI= 0.0149 AUC=0.4851 ★
[12:12:26] [INFO]     SFI [25/114] compression_ratio                   SFI= 0.0179 AUC=0.5179 ★
[12:12:27] [INFO]     SFI [26/114] fear_level                          SFI= 0.0151 AUC=0.4849 ★
[12:12:31] [INFO]     SFI [30/114] rsi_value                           SFI= 0.0009 AUC=0.5009
[12:12:35] [INFO]     SFI [34/114] vol_adj_delta                       SFI= 0.0063 AUC=0.4937 ★
[12:12:36] [INFO]     SFI [35/114] geo_state_norm                      SFI= 0.0065 AUC=0.5065 ★
[12:12:40] [INFO]     SFI [38/114] geo_accel_align                     SFI= 0.0055 AUC=0.5055 ★
[12:12:41] [INFO]     SFI [39/114] geo_phase_angle                     SFI= 0.0054 AUC=0.5054 ★
[12:12:42] [INFO]     SFI [40/114] residual_std_tide                   SFI= 0.0190 AUC=0.5190 ★
[12:12:44] [INFO]     SFI [41/114] residual_std_current                SFI= 0.0233 AUC=0.4767 ★
[12:12:45] [INFO]     SFI [42/114] residual_std_wave                   SFI= 0.0064 AUC=0.4936 ★
[12:12:47] [INFO]     SFI [44/114] tsi_current                         SFI= 0.0127 AUC=0.4873 ★
[12:12:49] [INFO]     SFI [45/114] tsi_wave                            SFI= 0.0115 AUC=0.4885 ★
[12:12:50] [INFO]     SFI [46/114] adi_tide                            SFI= 0.0100 AUC=0.5100 ★
[12:12:51] [INFO]     SFI [47/114] adi_current                         SFI= 0.0145 AUC=0.4855 ★
[12:12:53] [INFO]     SFI [49/114] below_all_vwaps_int                 SFI= 0.0123 AUC=0.4877 ★
[12:12:54] [INFO]     SFI [50/114] above_all_vwaps_int                 SFI= 0.0038 AUC=0.4962
[12:12:58] [INFO]     SFI [54/114] sigma_divergence                    SFI= 0.0054 AUC=0.4946 ★
[12:13:01] [INFO]     SFI [57/114] rsi_trap_zone                       SFI= 0.0072 AUC=0.4928 ★
[12:13:04] [INFO]     SFI [60/114] d_kalman_velocity                   SFI= 0.0044 AUC=0.5044
[12:13:09] [INFO]     SFI [65/114] d_tide_slope                        SFI= 0.0072 AUC=0.4928 ★
[12:13:10] [INFO]     SFI [66/114] d_wave_accel                        SFI= 0.0112 AUC=0.5112 ★
[12:13:12] [INFO]     SFI [67/114] sigma_ratio_tw                      SFI= 0.0083 AUC=0.5083 ★
[12:13:13] [INFO]     SFI [68/114] slope_ratio_tc                      SFI= 0.0114 AUC=0.4886 ★
[12:13:15] [INFO]     SFI [69/114] slope_ratio_tw                      SFI= 0.0071 AUC=0.5071 ★
[12:13:16] [INFO]     SFI [70/114] tension_ratio_tw                    SFI= 0.0024 AUC=0.4976
[12:13:19] [INFO]     SFI [73/114] slope_diff_cw                       SFI= 0.0064 AUC=0.4936 ★
[12:13:20] [INFO]     SFI [74/114] tide_slope_sq                       SFI= 0.0084 AUC=0.5084 ★
[12:13:26] [INFO]     SFI [80/114] sigma_phase_tc                      SFI= 0.0021 AUC=0.4979
[12:13:27] [INFO]     SFI [81/114] rsi_sigma_interact                  SFI= 0.0084 AUC=0.5084 ★
[12:13:30] [INFO]     SFI [83/114] compr_at_extreme                    SFI= 0.0053 AUC=0.5053 ★
[12:13:31] [INFO]     SFI [84/114] vol_slope_conf                      SFI= 0.0080 AUC=0.5080 ★
[12:13:36] [INFO]     SFI [88/114] d2_current_slope                    SFI= 0.0050 AUC=0.4950 ★
[12:13:38] [INFO]     SFI [90/114] d2_conj_wave_tide                   SFI= 0.0059 AUC=0.5059 ★
[12:13:45] [INFO]     SFI [97/114] sigma_abs_dist                      SFI= 0.0109 AUC=0.5109 ★
[12:13:46] [INFO]     SFI [98/114] sigma_squared                       SFI= 0.0109 AUC=0.5109 ★
[12:13:47] [INFO]     SFI [99/114] sigma_max_tf                        SFI= 0.0108 AUC=0.5108 ★
[12:13:49] [INFO]     SFI [100/114] sigma_min_tf                        SFI= 0.0074 AUC=0.4926 ★
[12:13:50] [INFO]     SFI [101/114] atr_14                              SFI= 0.0058 AUC=0.4942 ★
[12:13:51] [INFO]     SFI [102/114] atr_ratio                           SFI= 0.0089 AUC=0.4911 ★
[12:13:53] [INFO]     SFI [103/114] overnight_gap                       SFI= 0.0053 AUC=0.4947 ★
[12:13:59] [INFO]     SFI [109/114] volume_trend                        SFI= 0.0064 AUC=0.5064 ★
[12:14:01] [INFO]     SFI [110/114] vol_price_divergence                SFI= 0.0029 AUC=0.4971
[12:14:03] [INFO]     SFI [112/114] volume_slope_confirm                SFI= 0.0086 AUC=0.5086 ★
[12:14:06] [INFO] 
  Top 10 features for short_entry:
[12:14:06] [INFO]      1. residual_std_current                DSR=  0.023 
[12:14:06] [INFO]      2. residual_std_tide                   DSR=  0.019 
[12:14:06] [INFO]      3. compression_ratio                   DSR=  0.018 
[12:14:06] [INFO]      4. fear_level                          DSR=  0.015 
[12:14:06] [INFO]      5. vwap_spread_current_wave            DSR=  0.015 
[12:14:06] [INFO]      6. adi_current                         DSR=  0.014 
[12:14:06] [INFO]      7. tsi_current                         DSR=  0.013 
[12:14:06] [INFO]      8. below_all_vwaps_int                 DSR=  0.012 
[12:14:06] [INFO]      9. tsi_wave                            DSR=  0.012 
[12:14:06] [INFO]     10. slope_ratio_tc                      DSR=  0.011 ★NEW
[12:14:06] [INFO]   SFI completed for short_entry in 129s
[12:14:06] [INFO]   Checkpoint saved: phase1_sfi_short_entry.json
[12:14:06] [INFO] 
  ── SFI: SHORT_COVER ──
[12:14:07] [INFO]     SFI [1/114] sigma_tide                          SFI= 0.0103 AUC=0.5103 ★
[12:14:07] [INFO]     SFI [2/114] sigma_current                       SFI= 0.0177 AUC=0.5177 ★
[12:14:08] [INFO]     SFI [3/114] sigma_wave                          SFI= 0.0261 AUC=0.5261 ★
[12:14:09] [INFO]     SFI [4/114] vwap_sigma_tide                     SFI= 0.0227 AUC=0.5227 ★
[12:14:11] [INFO]     SFI [6/114] vwap_sigma_wave                     SFI= 0.0328 AUC=0.5328 ★
[12:14:11] [INFO]     SFI [7/114] tension_tide                        SFI= 0.0087 AUC=0.5087 ★
[12:14:12] [INFO]     SFI [8/114] tension_current                     SFI= 0.0055 AUC=0.5055 ★
[12:14:13] [INFO]     SFI [9/114] tension_wave                        SFI= 0.0076 AUC=0.4924 ★
[12:14:14] [INFO]     SFI [10/114] tide_slope                          SFI= 0.0384 AUC=0.4616 ★
[12:14:14] [INFO]     SFI [11/114] current_slope                       SFI= 0.0184 AUC=0.5184 ★
[12:14:16] [INFO]     SFI [13/114] tide_accel                          SFI= 0.0112 AUC=0.5112 ★
[12:14:17] [INFO]     SFI [14/114] current_accel                       SFI= 0.0164 AUC=0.5164 ★
[12:14:17] [INFO]     SFI [15/114] wave_accel                          SFI= 0.0194 AUC=0.5194 ★
[12:14:19] [INFO]     SFI [17/114] conj_wave_tide                      SFI= 0.0095 AUC=0.5095 ★
[12:14:19] [INFO]     SFI [18/114] conj_current_tide                   SFI= 0.0238 AUC=0.4762 ★
[12:14:21] [INFO]     SFI [20/114] spread_tide_wave                    SFI= 0.0105 AUC=0.5105 ★
[12:14:21] [INFO]     SFI [21/114] spread_current_wave                 SFI= 0.0107 AUC=0.5107 ★
[12:14:23] [INFO]     SFI [23/114] vwap_spread_tide_wave               SFI= 0.0190 AUC=0.4810 ★
[12:14:23] [INFO]     SFI [24/114] vwap_spread_current_wave            SFI= 0.0105 AUC=0.5105 ★
[12:14:25] [INFO]     SFI [26/114] fear_level                          SFI= 0.0101 AUC=0.4899 ★
[12:14:25] [INFO]     SFI [27/114] vol_up_down_ratio                   SFI= 0.0081 AUC=0.4919 ★
[12:14:26] [INFO]     SFI [29/114] wave_flip_direction                 SFI= 0.0170 AUC=0.5170 ★
[12:14:27] [INFO]     SFI [30/114] rsi_value                           SFI= 0.0155 AUC=0.5155 ★
[12:14:28] [INFO]     SFI [32/114] rsi_conviction                      SFI= 0.0191 AUC=0.5191 ★
[12:14:28] [INFO]     SFI [33/114] kalman_velocity                     SFI= 0.0051 AUC=0.5051 ★
[12:14:31] [INFO]     SFI [37/114] geo_exit_align                      SFI= 0.0058 AUC=0.4942 ★
[12:14:32] [INFO]     SFI [39/114] geo_phase_angle                     SFI= 0.0135 AUC=0.4865 ★
[12:14:32] [INFO]     SFI [40/114] residual_std_tide                   SFI= 0.0198 AUC=0.5198 ★
[12:14:33] [INFO]     SFI [41/114] residual_std_current                SFI= 0.0179 AUC=0.5179 ★
[12:14:34] [INFO]     SFI [42/114] residual_std_wave                   SFI= 0.0165 AUC=0.5165 ★
[12:14:34] [INFO]     SFI [43/114] tsi_tide                            SFI= 0.0319 AUC=0.4681 ★
[12:14:35] [INFO]     SFI [44/114] tsi_current                         SFI= 0.0165 AUC=0.5165 ★
[12:14:35] [INFO]     SFI [45/114] tsi_wave                            SFI= 0.0057 AUC=0.5057 ★
[12:14:37] [INFO]     SFI [47/114] adi_current                         SFI= 0.0098 AUC=0.5098 ★
[12:14:37] [INFO]     SFI [48/114] adi_wave                            SFI= 0.0121 AUC=0.4879 ★
[12:14:38] [INFO]     SFI [49/114] below_all_vwaps_int                 SFI= 0.0209 AUC=0.5209 ★
[12:14:38] [INFO]     SFI [50/114] above_all_vwaps_int                 SFI= 0.0000 AUC=0.5000
[12:14:40] [INFO]     SFI [53/114] slope_decel_current                 SFI= 0.0066 AUC=0.5066 ★
[12:14:40] [INFO]     SFI [54/114] sigma_divergence                    SFI= 0.0105 AUC=0.5105 ★
[12:14:41] [INFO]     SFI [55/114] complacency_index                   SFI= 0.0175 AUC=0.5175 ★
[12:14:42] [INFO]     SFI [58/114] rsi_bearish_div                     SFI= 0.0064 AUC=0.5064 ★
[12:14:43] [INFO]     SFI [59/114] d_sigma_wave                        SFI= 0.0261 AUC=0.5261 ★
[12:14:44] [INFO]     SFI [60/114] d_kalman_velocity                   SFI= 0.0021 AUC=0.4979
[12:14:44] [INFO]     SFI [61/114] d_rsi_value                         SFI= 0.0147 AUC=0.5147 ★
[12:14:46] [INFO]     SFI [63/114] d_fear_level                        SFI= 0.0190 AUC=0.5190 ★
[12:14:46] [INFO]     SFI [64/114] d_vol_up_down_ratio                 SFI= 0.0132 AUC=0.4868 ★
[12:14:47] [INFO]     SFI [65/114] d_tide_slope                        SFI= 0.0142 AUC=0.5142 ★
[12:14:47] [INFO]     SFI [66/114] d_wave_accel                        SFI= 0.0132 AUC=0.5132 ★
[12:14:48] [INFO]     SFI [67/114] sigma_ratio_tw                      SFI= 0.0259 AUC=0.5259 ★
[12:14:49] [INFO]     SFI [69/114] slope_ratio_tw                      SFI= 0.0103 AUC=0.4897 ★
[12:14:50] [INFO]     SFI [70/114] tension_ratio_tw                    SFI= 0.0056 AUC=0.5056 ★
[12:14:50] [INFO]     SFI [71/114] slope_diff_tc                       SFI= 0.0261 AUC=0.4739 ★
[12:14:51] [INFO]     SFI [72/114] slope_diff_tw                       SFI= 0.0066 AUC=0.5066 ★
[12:14:52] [INFO]     SFI [74/114] tide_slope_sq                       SFI= 0.0407 AUC=0.4593 ★
[12:14:53] [INFO]     SFI [75/114] current_slope_sq                    SFI= 0.0138 AUC=0.5138 ★
[12:14:54] [INFO]     SFI [76/114] wave_slope_sq                       SFI= 0.0173 AUC=0.4827 ★
[12:14:54] [INFO]     SFI [77/114] slope_energy                        SFI= 0.0160 AUC=0.4840 ★
[12:14:55] [INFO]     SFI [78/114] slope_product_tc                    SFI= 0.0197 AUC=0.5197 ★
[12:14:56] [INFO]     SFI [79/114] slope_phase_tw                      SFI= 0.0066 AUC=0.5066 ★
[12:14:56] [INFO]     SFI [80/114] sigma_phase_tc                      SFI= 0.0003 AUC=0.5003
[12:14:57] [INFO]     SFI [81/114] rsi_sigma_interact                  SFI= 0.0112 AUC=0.5112 ★
[12:14:57] [INFO]     SFI [82/114] kalman_slope_conf                   SFI= 0.0113 AUC=0.4887 ★
[12:14:59] [INFO]     SFI [85/114] d2_sigma_tide                       SFI= 0.0317 AUC=0.5317 ★
[12:15:00] [INFO]     SFI [86/114] d2_sigma_current                    SFI= 0.0098 AUC=0.5098 ★
[12:15:01] [INFO]     SFI [87/114] d2_tide_accel                       SFI= 0.0238 AUC=0.5238 ★
[12:15:01] [INFO]     SFI [88/114] d2_current_slope                    SFI= 0.0164 AUC=0.5164 ★
[12:15:03] [INFO]     SFI [89/114] d2_tension_tide                     SFI= 0.0114 AUC=0.5114 ★
[12:15:04] [INFO]     SFI [90/114] d2_conj_wave_tide                   SFI= 0.0171 AUC=0.5171 ★
[12:15:05] [INFO]     SFI [91/114] d2_vwap_sigma_tide                  SFI= 0.0394 AUC=0.5394 ★
[12:15:07] [INFO]     SFI [93/114] triple_alignment                    SFI= 0.0052 AUC=0.4948 ★
[12:15:07] [INFO]     SFI [94/114] bullish_score                       SFI= 0.0282 AUC=0.5282 ★
[12:15:08] [INFO]     SFI [95/114] total_displacement                  SFI= 0.0073 AUC=0.4927 ★
[12:15:09] [INFO]     SFI [96/114] price_vwap_div                      SFI= 0.0087 AUC=0.5087 ★
[12:15:10] [INFO]     SFI [97/114] sigma_abs_dist                      SFI= 0.0091 AUC=0.5091 ★
[12:15:10] [INFO]     SFI [98/114] sigma_squared                       SFI= 0.0091 AUC=0.5091 ★
[12:15:11] [INFO]     SFI [99/114] sigma_max_tf                        SFI= 0.0141 AUC=0.5141 ★
[12:15:12] [INFO]     SFI [100/114] sigma_min_tf                        SFI= 0.0016 AUC=0.5016
[12:15:13] [INFO]     SFI [101/114] atr_14                              SFI= 0.0281 AUC=0.5281 ★
[12:15:13] [INFO]     SFI [102/114] atr_ratio                           SFI= 0.0135 AUC=0.5135 ★
[12:15:14] [INFO]     SFI [103/114] overnight_gap                       SFI= 0.0193 AUC=0.5193 ★
[12:15:15] [INFO]     SFI [104/114] overnight_gap_atr                   SFI= 0.0104 AUC=0.4896 ★
[12:15:15] [INFO]     SFI [105/114] overnight_gap_vs_tide               SFI= 0.0171 AUC=0.4829 ★
[12:15:16] [INFO]     SFI [106/114] volume_ratio                        SFI= 0.0175 AUC=0.4825 ★
[12:15:17] [INFO]     SFI [107/114] volume_sigma                        SFI= 0.0168 AUC=0.4832 ★
[12:15:17] [INFO]     SFI [108/114] volume_accel                        SFI= 0.0082 AUC=0.5082 ★
[12:15:18] [INFO]     SFI [110/114] vol_price_divergence                SFI= 0.0116 AUC=0.4884 ★
[12:15:20] [INFO]     SFI [112/114] volume_slope_confirm                SFI= 0.0104 AUC=0.4896 ★
[12:15:21] [INFO]     SFI [113/114] volume_at_extreme                   SFI= 0.0050 AUC=0.5050 ★
[12:15:21] [INFO]     SFI [114/114] vol_accel_wave                      SFI= 0.0200 AUC=0.4800 ★
[12:15:21] [INFO] 
  Top 10 features for short_cover:
[12:15:21] [INFO]      1. tide_slope_sq                       DSR=  0.041 ★NEW
[12:15:21] [INFO]      2. d2_vwap_sigma_tide                  DSR=  0.039 ★NEW
[12:15:21] [INFO]      3. tide_slope                          DSR=  0.038 
[12:15:21] [INFO]      4. vwap_sigma_wave                     DSR=  0.033 
[12:15:21] [INFO]      5. tsi_tide                            DSR=  0.032 
[12:15:21] [INFO]      6. d2_sigma_tide                       DSR=  0.032 ★NEW
[12:15:21] [INFO]      7. bullish_score                       DSR=  0.028 ★NEW
[12:15:21] [INFO]      8. atr_14                              DSR=  0.028 ★NEW
[12:15:21] [INFO]      9. slope_diff_tc                       DSR=  0.026 ★NEW
[12:15:21] [INFO]     10. d_sigma_wave                        DSR=  0.026 
[12:15:21] [INFO]   SFI completed for short_cover in 75s
[12:15:21] [INFO]   Checkpoint saved: phase1_sfi_short_cover.json
[12:15:21] [INFO] 
  ── SFI: BOUNCE_HEIGHT ──
[12:15:22] [INFO]     SFI [1/114] sigma_tide                          SFI= 0.0059 AUC=0.5059 ★
[12:15:23] [INFO]     SFI [2/114] sigma_current                       SFI= 0.0143 AUC=0.5143 ★
[12:15:23] [INFO]     SFI [3/114] sigma_wave                          SFI= 0.0056 AUC=0.5056 ★
[12:15:24] [INFO]     SFI [4/114] vwap_sigma_tide                     SFI= 0.0242 AUC=0.5242 ★
[12:15:25] [INFO]     SFI [5/114] vwap_sigma_current                  SFI= 0.0463 AUC=0.5463 ★
[12:15:25] [INFO]     SFI [6/114] vwap_sigma_wave                     SFI= 0.0291 AUC=0.5291 ★
[12:15:27] [INFO]     SFI [8/114] tension_current                     SFI= 0.0258 AUC=0.5258 ★
[12:15:28] [INFO]     SFI [9/114] tension_wave                        SFI= 0.0276 AUC=0.5276 ★
[12:15:28] [INFO]     SFI [10/114] tide_slope                          SFI= 0.0348 AUC=0.5348 ★
[12:15:29] [INFO]     SFI [11/114] current_slope                       SFI= 0.0247 AUC=0.5247 ★
[12:15:30] [INFO]     SFI [12/114] wave_slope                          SFI= 0.0064 AUC=0.5064 ★
[12:15:30] [INFO]     SFI [13/114] tide_accel                          SFI= 0.0196 AUC=0.5196 ★
[12:15:31] [INFO]     SFI [14/114] current_accel                       SFI= 0.0251 AUC=0.5251 ★
[12:15:32] [INFO]     SFI [15/114] wave_accel                          SFI= 0.0100 AUC=0.5100 ★
[12:15:33] [INFO]     SFI [16/114] conj_wave_current                   SFI= 0.0125 AUC=0.5125 ★
[12:15:33] [INFO]     SFI [17/114] conj_wave_tide                      SFI= 0.0073 AUC=0.5073 ★
[12:15:35] [INFO]     SFI [19/114] spread_tide_current                 SFI= 0.0103 AUC=0.5103 ★
[12:15:35] [INFO]     SFI [20/114] spread_tide_wave                    SFI= 0.0017 AUC=0.4983
[12:15:37] [INFO]     SFI [22/114] vwap_spread_tide_current            SFI= 0.0313 AUC=0.5313 ★
[12:15:37] [INFO]     SFI [23/114] vwap_spread_tide_wave               SFI= 0.0219 AUC=0.5219 ★
[12:15:38] [INFO]     SFI [24/114] vwap_spread_current_wave            SFI= 0.0263 AUC=0.5263 ★
[12:15:38] [INFO]     SFI [25/114] compression_ratio                   SFI= 0.0099 AUC=0.5099 ★
[12:15:39] [INFO]     SFI [26/114] fear_level                          SFI= 0.0276 AUC=0.5276 ★
[12:15:41] [INFO]     SFI [30/114] rsi_value                           SFI= 0.0371 AUC=0.5371 ★
[12:15:42] [INFO]     SFI [31/114] rsi_divergence_strength             SFI= 0.0083 AUC=0.5083 ★
[12:15:43] [INFO]     SFI [32/114] rsi_conviction                      SFI= 0.0331 AUC=0.5331 ★
[12:15:43] [INFO]     SFI [33/114] kalman_velocity                     SFI= 0.0093 AUC=0.5093 ★
[12:15:44] [INFO]     SFI [34/114] vol_adj_delta                       SFI= 0.0255 AUC=0.5255 ★
[12:15:45] [INFO]     SFI [35/114] geo_state_norm                      SFI= 0.0123 AUC=0.4877 ★
[12:15:45] [INFO]     SFI [36/114] geo_velocity_align                  SFI= 0.0346 AUC=0.5346 ★
[12:15:46] [INFO]     SFI [37/114] geo_exit_align                      SFI= 0.0357 AUC=0.5357 ★
[12:15:47] [INFO]     SFI [38/114] geo_accel_align                     SFI= 0.0139 AUC=0.5139 ★
[12:15:47] [INFO]     SFI [39/114] geo_phase_angle                     SFI= 0.0348 AUC=0.5348 ★
[12:15:48] [INFO]     SFI [40/114] residual_std_tide                   SFI= 0.0082 AUC=0.5082 ★
[12:15:49] [INFO]     SFI [42/114] residual_std_wave                   SFI= 0.0166 AUC=0.5166 ★
[12:15:50] [INFO]     SFI [43/114] tsi_tide                            SFI= 0.0259 AUC=0.5259 ★
[12:15:52] [INFO]     SFI [46/114] adi_tide                            SFI= 0.0079 AUC=0.5079 ★
[12:15:52] [INFO]     SFI [47/114] adi_current                         SFI= 0.0156 AUC=0.5156 ★
[12:15:53] [INFO]     SFI [48/114] adi_wave                            SFI= 0.0261 AUC=0.5261 ★
[12:15:54] [INFO]     SFI [49/114] below_all_vwaps_int                 SFI= 0.0094 AUC=0.5094 ★
[12:15:54] [INFO]     SFI [50/114] above_all_vwaps_int                 SFI= 0.0498 AUC=0.5498 ★
[12:15:56] [INFO]     SFI [53/114] slope_decel_current                 SFI= 0.0307 AUC=0.5307 ★
[12:15:57] [INFO]     SFI [55/114] complacency_index                   SFI= 0.0417 AUC=0.5417 ★
[12:15:58] [INFO]     SFI [57/114] rsi_trap_zone                       SFI= 0.0271 AUC=0.5271 ★
[12:15:59] [INFO]     SFI [58/114] rsi_bearish_div                     SFI= 0.0220 AUC=0.5220 ★
[12:16:00] [INFO]     SFI [59/114] d_sigma_wave                        SFI= 0.0063 AUC=0.5063 ★
[12:16:01] [INFO]     SFI [60/114] d_kalman_velocity                   SFI= 0.0170 AUC=0.5170 ★
[12:16:01] [INFO]     SFI [61/114] d_rsi_value                         SFI= 0.0157 AUC=0.5157 ★
[12:16:03] [INFO]     SFI [63/114] d_fear_level                        SFI= 0.0079 AUC=0.5079 ★
[12:16:04] [INFO]     SFI [65/114] d_tide_slope                        SFI= 0.0203 AUC=0.5203 ★
[12:16:06] [INFO]     SFI [67/114] sigma_ratio_tw                      SFI= 0.0188 AUC=0.5188 ★
[12:16:07] [INFO]     SFI [68/114] slope_ratio_tc                      SFI= 0.0242 AUC=0.5242 ★
[12:16:07] [INFO]     SFI [69/114] slope_ratio_tw                      SFI= 0.0349 AUC=0.5349 ★
[12:16:08] [INFO]     SFI [70/114] tension_ratio_tw                    SFI= 0.0257 AUC=0.5257 ★
[12:16:09] [INFO]     SFI [71/114] slope_diff_tc                       SFI= 0.0050 AUC=0.5050 ★
[12:16:09] [INFO]     SFI [72/114] slope_diff_tw                       SFI= 0.0095 AUC=0.5095 ★
[12:16:10] [INFO]     SFI [73/114] slope_diff_cw                       SFI= 0.0100 AUC=0.5100 ★
[12:16:11] [INFO]     SFI [74/114] tide_slope_sq                       SFI= 0.0359 AUC=0.5359 ★
[12:16:12] [INFO]     SFI [75/114] current_slope_sq                    SFI= 0.0124 AUC=0.5124 ★
[12:16:12] [INFO]     SFI [76/114] wave_slope_sq                       SFI= 0.0089 AUC=0.4911 ★
[12:16:13] [INFO]     SFI [77/114] slope_energy                        SFI= 0.0194 AUC=0.5194 ★
[12:16:13] [INFO]     SFI [78/114] slope_product_tc                    SFI= 0.0203 AUC=0.5203 ★
[12:16:14] [INFO]     SFI [79/114] slope_phase_tw                      SFI= 0.0095 AUC=0.5095 ★
[12:16:15] [INFO]     SFI [80/114] sigma_phase_tc                      SFI= 0.0103 AUC=0.5103 ★
[12:16:16] [INFO]     SFI [81/114] rsi_sigma_interact                  SFI= 0.0291 AUC=0.5291 ★
[12:16:16] [INFO]     SFI [82/114] kalman_slope_conf                   SFI= 0.0312 AUC=0.5312 ★
[12:16:17] [INFO]     SFI [83/114] compr_at_extreme                    SFI= 0.0051 AUC=0.5051 ★
[12:16:17] [INFO]     SFI [84/114] vol_slope_conf                      SFI= 0.0432 AUC=0.5432 ★
[12:16:18] [INFO]     SFI [85/114] d2_sigma_tide                       SFI= 0.0090 AUC=0.5090 ★
[12:16:19] [INFO]     SFI [86/114] d2_sigma_current                    SFI= 0.0122 AUC=0.5122 ★
[12:16:19] [INFO]     SFI [87/114] d2_tide_accel                       SFI= 0.0240 AUC=0.5240 ★
[12:16:20] [INFO]     SFI [88/114] d2_current_slope                    SFI= 0.0247 AUC=0.5247 ★
[12:16:21] [INFO]     SFI [90/114] d2_conj_wave_tide                   SFI= 0.0130 AUC=0.5130 ★
[12:16:22] [INFO]     SFI [91/114] d2_vwap_sigma_tide                  SFI= 0.0052 AUC=0.4948 ★
[12:16:23] [INFO]     SFI [93/114] triple_alignment                    SFI= 0.0136 AUC=0.5136 ★
[12:16:24] [INFO]     SFI [94/114] bullish_score                       SFI= 0.0156 AUC=0.5156 ★
[12:16:25] [INFO]     SFI [95/114] total_displacement                  SFI= 0.0071 AUC=0.4929 ★
[12:16:26] [INFO]     SFI [97/114] sigma_abs_dist                      SFI= 0.0059 AUC=0.5059 ★
[12:16:27] [INFO]     SFI [98/114] sigma_squared                       SFI= 0.0059 AUC=0.5059 ★
[12:16:28] [INFO]     SFI [100/114] sigma_min_tf                        SFI= 0.0011 AUC=0.5011
[12:16:29] [INFO]     SFI [101/114] atr_14                              SFI= 0.0381 AUC=0.5381 ★
[12:16:29] [INFO]     SFI [102/114] atr_ratio                           SFI= 0.1067 AUC=0.6067 ★
[12:16:30] [INFO]     SFI [103/114] overnight_gap                       SFI= 0.0359 AUC=0.5359 ★
[12:16:31] [INFO]     SFI [105/114] overnight_gap_vs_tide               SFI= 0.0258 AUC=0.5258 ★
[12:16:34] [INFO]     SFI [108/114] volume_accel                        SFI= 0.0083 AUC=0.4917 ★
[12:16:34] [INFO]     SFI [109/114] volume_trend                        SFI= 0.0073 AUC=0.5073 ★
[12:16:35] [INFO]     SFI [110/114] vol_price_divergence                SFI= 0.0057 AUC=0.4943 ★
[12:16:36] [INFO]     SFI [112/114] volume_slope_confirm                SFI= 0.0350 AUC=0.5350 ★
[12:16:37] [INFO]     SFI [113/114] volume_at_extreme                   SFI= 0.0148 AUC=0.5148 ★
[12:16:38] [INFO] 
  Top 10 features for bounce_height:
[12:16:38] [INFO]      1. atr_ratio                           DSR=  0.107 ★NEW
[12:16:38] [INFO]      2. above_all_vwaps_int                 DSR=  0.050 
[12:16:38] [INFO]      3. vwap_sigma_current                  DSR=  0.046 
[12:16:38] [INFO]      4. vol_slope_conf                      DSR=  0.043 ★NEW
[12:16:38] [INFO]      5. complacency_index                   DSR=  0.042 
[12:16:38] [INFO]      6. atr_14                              DSR=  0.038 ★NEW
[12:16:38] [INFO]      7. rsi_value                           DSR=  0.037 
[12:16:38] [INFO]      8. overnight_gap                       DSR=  0.036 ★NEW
[12:16:38] [INFO]      9. tide_slope_sq                       DSR=  0.036 ★NEW
[12:16:38] [INFO]     10. geo_exit_align                      DSR=  0.036 
[12:16:38] [INFO]   SFI completed for bounce_height in 76s
[12:16:38] [INFO]   Checkpoint saved: phase1_sfi_bounce_height.json
[12:16:38] [INFO] 
  ── SFI: TREND_RECOVERY ──
[12:16:39] [INFO]     SFI [1/114] sigma_tide                          SFI= 0.2775 AUC=0.7775 ★
[12:16:41] [INFO]     SFI [4/114] vwap_sigma_tide                     SFI= 0.3456 AUC=0.8456 ★
[12:16:42] [INFO]     SFI [5/114] vwap_sigma_current                  SFI= 0.2087 AUC=0.7087 ★
[12:16:43] [INFO]     SFI [6/114] vwap_sigma_wave                     SFI= 0.1077 AUC=0.6077 ★
[12:16:44] [INFO]     SFI [7/114] tension_tide                        SFI= 0.1049 AUC=0.6049 ★
[12:16:45] [INFO]     SFI [8/114] tension_current                     SFI= 0.1878 AUC=0.6878 ★
[12:16:46] [INFO]     SFI [9/114] tension_wave                        SFI= 0.1127 AUC=0.6127 ★
[12:16:47] [INFO]     SFI [10/114] tide_slope                          SFI= 0.0509 AUC=0.5509 ★
[12:16:47] [INFO]     SFI [11/114] current_slope                       SFI= 0.1826 AUC=0.6826 ★
[12:16:48] [INFO]     SFI [12/114] wave_slope                          SFI= 0.0911 AUC=0.5911 ★
[12:16:49] [INFO]     SFI [13/114] tide_accel                          SFI= 0.3579 AUC=0.8579 ★
[12:16:50] [INFO]     SFI [14/114] current_accel                       SFI= 0.0074 AUC=0.5074 ★
[12:16:52] [INFO]     SFI [16/114] conj_wave_current                   SFI= 0.0170 AUC=0.5170 ★
[12:16:53] [INFO]     SFI [17/114] conj_wave_tide                      SFI= 0.0709 AUC=0.5709 ★
[12:16:54] [INFO]     SFI [18/114] conj_current_tide                   SFI= 0.1540 AUC=0.6540 ★
[12:16:55] [INFO]     SFI [19/114] spread_tide_current                 SFI= 0.1745 AUC=0.6745 ★
[12:16:56] [INFO]     SFI [20/114] spread_tide_wave                    SFI= 0.1849 AUC=0.6849 ★
[12:16:57] [INFO]     SFI [21/114] spread_current_wave                 SFI= 0.0106 AUC=0.4894 ★
[12:16:58] [INFO]     SFI [22/114] vwap_spread_tide_current            SFI= 0.3411 AUC=0.8411 ★
[12:16:59] [INFO]     SFI [23/114] vwap_spread_tide_wave               SFI= 0.3671 AUC=0.8671 ★
[12:16:59] [INFO]     SFI [24/114] vwap_spread_current_wave            SFI= 0.1735 AUC=0.6735 ★
[12:17:00] [INFO]     SFI [25/114] compression_ratio                   SFI= 0.1146 AUC=0.6146 ★
[12:17:01] [INFO]     SFI [26/114] fear_level                          SFI= 0.1108 AUC=0.6108 ★
[12:17:02] [INFO]     SFI [27/114] vol_up_down_ratio                   SFI= 0.0321 AUC=0.5321 ★
[12:17:05] [INFO]     SFI [30/114] rsi_value                           SFI= 0.1781 AUC=0.6781 ★
[12:17:05] [INFO]     SFI [31/114] rsi_divergence_strength             SFI= 0.0140 AUC=0.4860 ★
[12:17:06] [INFO]     SFI [32/114] rsi_conviction                      SFI= 0.1697 AUC=0.6697 ★
[12:17:07] [INFO]     SFI [33/114] kalman_velocity                     SFI= 0.0140 AUC=0.4860 ★
[12:17:08] [INFO]     SFI [34/114] vol_adj_delta                       SFI= 0.0213 AUC=0.5213 ★
[12:17:09] [INFO]     SFI [35/114] geo_state_norm                      SFI= 0.0870 AUC=0.5870 ★
[12:17:10] [INFO]     SFI [36/114] geo_velocity_align                  SFI= 0.2145 AUC=0.7145 ★
[12:17:11] [INFO]     SFI [37/114] geo_exit_align                      SFI= 0.2149 AUC=0.7149 ★
[12:17:12] [INFO]     SFI [38/114] geo_accel_align                     SFI= 0.0073 AUC=0.4927 ★
[12:17:13] [INFO]     SFI [39/114] geo_phase_angle                     SFI= 0.1079 AUC=0.6079 ★
[12:17:14] [INFO]     SFI [40/114] residual_std_tide                   SFI= 0.0147 AUC=0.5147 ★
[12:17:15] [INFO]     SFI [41/114] residual_std_current                SFI= 0.0672 AUC=0.5672 ★
[12:17:16] [INFO]     SFI [42/114] residual_std_wave                   SFI= 0.0205 AUC=0.5205 ★
[12:17:17] [INFO]     SFI [43/114] tsi_tide                            SFI= 0.0842 AUC=0.5842 ★
[12:17:18] [INFO]     SFI [44/114] tsi_current                         SFI= 0.1878 AUC=0.6878 ★
[12:17:18] [INFO]     SFI [45/114] tsi_wave                            SFI= 0.1087 AUC=0.6087 ★
[12:17:19] [INFO]     SFI [46/114] adi_tide                            SFI= 0.1247 AUC=0.6247 ★
[12:17:20] [INFO]     SFI [47/114] adi_current                         SFI= 0.1881 AUC=0.6881 ★
[12:17:23] [INFO]     SFI [48/114] adi_wave                            SFI= 0.1160 AUC=0.6160 ★
[12:17:24] [INFO]     SFI [49/114] below_all_vwaps_int                 SFI= 0.1251 AUC=0.6251 ★
[12:17:25] [INFO]     SFI [50/114] above_all_vwaps_int                 SFI= 0.2286 AUC=0.7286 ★
[12:17:26] [INFO]     SFI [51/114] regime_encoded                      SFI= 0.0550 AUC=0.5550 ★
[12:17:27] [INFO]     SFI [52/114] slope_decel_wave                    SFI= 0.0260 AUC=0.4740 ★
[12:17:28] [INFO]     SFI [54/114] sigma_divergence                    SFI= 0.1849 AUC=0.6849 ★
[12:17:29] [INFO]     SFI [55/114] complacency_index                   SFI= 0.1743 AUC=0.6743 ★
[12:17:31] [INFO]     SFI [57/114] rsi_trap_zone                       SFI= 0.0680 AUC=0.5680 ★
[12:17:31] [INFO]     SFI [58/114] rsi_bearish_div                     SFI= 0.0076 AUC=0.5076 ★
[12:17:33] [INFO]     SFI [60/114] d_kalman_velocity                   SFI= 0.0173 AUC=0.4827 ★
[12:17:34] [INFO]     SFI [61/114] d_rsi_value                         SFI= 0.0146 AUC=0.5146 ★
[12:17:35] [INFO]     SFI [62/114] d_compression_ratio                 SFI= 0.0288 AUC=0.5288 ★
[12:17:36] [INFO]     SFI [63/114] d_fear_level                        SFI= 0.0226 AUC=0.5226 ★
[12:17:37] [INFO]     SFI [65/114] d_tide_slope                        SFI= 0.3580 AUC=0.8580 ★
[12:17:38] [INFO]     SFI [66/114] d_wave_accel                        SFI= 0.0126 AUC=0.5126 ★
[12:17:40] [INFO]     SFI [67/114] sigma_ratio_tw                      SFI= 0.0930 AUC=0.5930 ★
[12:17:41] [INFO]     SFI [68/114] slope_ratio_tc                      SFI= 0.1639 AUC=0.6639 ★
[12:17:42] [INFO]     SFI [69/114] slope_ratio_tw                      SFI= 0.0781 AUC=0.5781 ★
[12:17:42] [INFO]     SFI [70/114] tension_ratio_tw                    SFI= 0.0953 AUC=0.5953 ★
[12:17:45] [INFO]     SFI [71/114] slope_diff_tc                       SFI= 0.1532 AUC=0.6532 ★
[12:17:46] [INFO]     SFI [72/114] slope_diff_tw                       SFI= 0.0703 AUC=0.5703 ★
[12:17:46] [INFO]     SFI [73/114] slope_diff_cw                       SFI= 0.0171 AUC=0.5171 ★
[12:17:47] [INFO]     SFI [74/114] tide_slope_sq                       SFI= 0.0761 AUC=0.5761 ★
[12:17:48] [INFO]     SFI [75/114] current_slope_sq                    SFI= 0.0360 AUC=0.4640 ★
[12:17:49] [INFO]     SFI [76/114] wave_slope_sq                       SFI= 0.0231 AUC=0.4769 ★
[12:17:49] [INFO]     SFI [77/114] slope_energy                        SFI= 0.0481 AUC=0.4519 ★
[12:17:50] [INFO]     SFI [78/114] slope_product_tc                    SFI= 0.0611 AUC=0.5611 ★
[12:17:51] [INFO]     SFI [79/114] slope_phase_tw                      SFI= 0.0703 AUC=0.5703 ★
[12:17:52] [INFO]     SFI [80/114] sigma_phase_tc                      SFI= 0.1745 AUC=0.6745 ★
[12:17:53] [INFO]     SFI [81/114] rsi_sigma_interact                  SFI= 0.2727 AUC=0.7727 ★
[12:17:54] [INFO]     SFI [82/114] kalman_slope_conf                   SFI= 0.0613 AUC=0.5613 ★
[12:17:55] [INFO]     SFI [83/114] compr_at_extreme                    SFI= 0.0418 AUC=0.5418 ★
[12:17:56] [INFO]     SFI [84/114] vol_slope_conf                      SFI= 0.0479 AUC=0.5479 ★
[12:17:57] [INFO]     SFI [85/114] d2_sigma_tide                       SFI= 0.0643 AUC=0.5643 ★
[12:17:58] [INFO]     SFI [86/114] d2_sigma_current                    SFI= 0.0059 AUC=0.4941 ★
[12:18:00] [INFO]     SFI [87/114] d2_tide_accel                       SFI= 0.0164 AUC=0.4836 ★
[12:18:01] [INFO]     SFI [88/114] d2_current_slope                    SFI= 0.0073 AUC=0.5073 ★
[12:18:02] [INFO]     SFI [89/114] d2_tension_tide                     SFI= 0.2917 AUC=0.7917 ★
[12:18:02] [INFO]     SFI [90/114] d2_conj_wave_tide                   SFI= 0.0025 AUC=0.5025
[12:18:03] [INFO]     SFI [91/114] d2_vwap_sigma_tide                  SFI= 0.0121 AUC=0.5121 ★
[12:18:04] [INFO]     SFI [92/114] d2_spread_tide_wave                 SFI= 0.0247 AUC=0.5247 ★
[12:18:06] [INFO]     SFI [94/114] bullish_score                       SFI= 0.0973 AUC=0.5973 ★
[12:18:07] [INFO]     SFI [95/114] total_displacement                  SFI= 0.0869 AUC=0.5869 ★
[12:18:08] [INFO]     SFI [96/114] price_vwap_div                      SFI= 0.1049 AUC=0.6049 ★
[12:18:09] [INFO]     SFI [97/114] sigma_abs_dist                      SFI= 0.1765 AUC=0.6765 ★
[12:18:10] [INFO]     SFI [98/114] sigma_squared                       SFI= 0.1765 AUC=0.6765 ★
[12:18:11] [INFO]     SFI [99/114] sigma_max_tf                        SFI= 0.1659 AUC=0.6659 ★
[12:18:12] [INFO]     SFI [100/114] sigma_min_tf                        SFI= 0.0667 AUC=0.5667 ★
[12:18:17] [INFO]     SFI [101/114] atr_14                              SFI= 0.0324 AUC=0.5324 ★
[12:18:18] [INFO]     SFI [102/114] atr_ratio                           SFI= 0.0165 AUC=0.5165 ★
[12:18:19] [INFO]     SFI [103/114] overnight_gap                       SFI= 0.0287 AUC=0.5287 ★
[12:18:21] [INFO]     SFI [105/114] overnight_gap_vs_tide               SFI= 0.0675 AUC=0.5675 ★
[12:18:22] [INFO]     SFI [107/114] volume_sigma                        SFI= 0.0154 AUC=0.4846 ★
[12:18:24] [INFO]     SFI [109/114] volume_trend                        SFI= 0.0110 AUC=0.5110 ★
[12:18:25] [INFO]     SFI [110/114] vol_price_divergence                SFI= 0.0107 AUC=0.5107 ★
[12:18:27] [INFO]     SFI [112/114] volume_slope_confirm                SFI= 0.0628 AUC=0.5628 ★
[12:18:28] [INFO]     SFI [113/114] volume_at_extreme                   SFI= 0.1771 AUC=0.6771 ★
[12:18:29] [INFO] 
  Top 10 features for trend_recovery:
[12:18:29] [INFO]      1. vwap_spread_tide_wave               DSR=  0.367 
[12:18:29] [INFO]      2. d_tide_slope                        DSR=  0.358 
[12:18:29] [INFO]      3. tide_accel                          DSR=  0.358 
[12:18:29] [INFO]      4. vwap_sigma_tide                     DSR=  0.346 
[12:18:29] [INFO]      5. vwap_spread_tide_current            DSR=  0.341 
[12:18:29] [INFO]      6. d2_tension_tide                     DSR=  0.292 ★NEW
[12:18:29] [INFO]      7. sigma_tide                          DSR=  0.277 
[12:18:29] [INFO]      8. rsi_sigma_interact                  DSR=  0.273 ★NEW
[12:18:29] [INFO]      9. above_all_vwaps_int                 DSR=  0.229 
[12:18:29] [INFO]     10. geo_exit_align                      DSR=  0.215 
[12:18:29] [INFO]   SFI completed for trend_recovery in 111s
[12:18:29] [INFO]   Checkpoint saved: phase1_sfi_trend_recovery.json
[12:18:29] [INFO] 
  ── SFI: ZZ_BOTTOM_DETECTOR ──
[12:18:31] [INFO]     SFI [1/114] sigma_tide                          SFI= 0.2361 AUC=0.7361 ★
[12:18:33] [INFO]     SFI [2/114] sigma_current                       SFI= 0.2381 AUC=0.7381 ★
[12:18:35] [INFO]     SFI [3/114] sigma_wave                          SFI= 0.1328 AUC=0.6328 ★
[12:18:37] [INFO]     SFI [4/114] vwap_sigma_tide                     SFI= 0.2140 AUC=0.7140 ★
[12:18:39] [INFO]     SFI [5/114] vwap_sigma_current                  SFI= 0.2903 AUC=0.7903 ★
[12:18:41] [INFO]     SFI [6/114] vwap_sigma_wave                     SFI= 0.2766 AUC=0.7766 ★
[12:18:43] [INFO]     SFI [7/114] tension_tide                        SFI= 0.1010 AUC=0.6010 ★
[12:18:45] [INFO]     SFI [8/114] tension_current                     SFI= 0.1022 AUC=0.6022 ★
[12:18:47] [INFO]     SFI [9/114] tension_wave                        SFI= 0.1686 AUC=0.6686 ★
[12:18:49] [INFO]     SFI [10/114] tide_slope                          SFI= 0.0372 AUC=0.5372 ★
[12:18:51] [INFO]     SFI [11/114] current_slope                       SFI= 0.1010 AUC=0.6010 ★
[12:18:53] [INFO]     SFI [12/114] wave_slope                          SFI= 0.2036 AUC=0.7036 ★
[12:18:55] [INFO]     SFI [13/114] tide_accel                          SFI= 0.1648 AUC=0.6648 ★
[12:18:58] [INFO]     SFI [14/114] current_accel                       SFI= 0.2188 AUC=0.7188 ★
[12:18:59] [INFO]     SFI [15/114] wave_accel                          SFI= 0.1811 AUC=0.6811 ★
[12:19:02] [INFO]     SFI [16/114] conj_wave_current                   SFI= 0.1656 AUC=0.6656 ★
[12:19:04] [INFO]     SFI [17/114] conj_wave_tide                      SFI= 0.2020 AUC=0.7020 ★
[12:19:06] [INFO]     SFI [18/114] conj_current_tide                   SFI= 0.0975 AUC=0.5975 ★
[12:19:08] [INFO]     SFI [19/114] spread_tide_current                 SFI= 0.0184 AUC=0.5184 ★
[12:19:10] [INFO]     SFI [20/114] spread_tide_wave                    SFI= 0.0851 AUC=0.5851 ★
[12:19:12] [INFO]     SFI [21/114] spread_current_wave                 SFI= 0.1318 AUC=0.6318 ★
[12:19:14] [INFO]     SFI [22/114] vwap_spread_tide_current            SFI= 0.0434 AUC=0.5434 ★
[12:19:16] [INFO]     SFI [23/114] vwap_spread_tide_wave               SFI= 0.0900 AUC=0.5900 ★
[12:19:19] [INFO]     SFI [24/114] vwap_spread_current_wave            SFI= 0.1230 AUC=0.6230 ★
[12:19:21] [INFO]     SFI [25/114] compression_ratio                   SFI= 0.1400 AUC=0.6400 ★
[12:19:23] [INFO]     SFI [26/114] fear_level                          SFI= 0.1758 AUC=0.6758 ★
[12:19:25] [INFO]     SFI [27/114] vol_up_down_ratio                   SFI= 0.0905 AUC=0.5905 ★
[12:19:26] [INFO]     SFI [28/114] wave_flip                           SFI= 0.0182 AUC=0.4818 ★
[12:19:28] [INFO]     SFI [29/114] wave_flip_direction                 SFI= 0.0118 AUC=0.5118 ★
[12:19:30] [INFO]     SFI [30/114] rsi_value                           SFI= 0.3167 AUC=0.8167 ★
[12:19:32] [INFO]     SFI [31/114] rsi_divergence_strength             SFI= 0.0053 AUC=0.4947 ★
[12:19:34] [INFO]     SFI [32/114] rsi_conviction                      SFI= 0.2285 AUC=0.7285 ★
[12:19:36] [INFO]     SFI [33/114] kalman_velocity                     SFI= 0.0430 AUC=0.5430 ★
[12:19:38] [INFO]     SFI [34/114] vol_adj_delta                       SFI= 0.0616 AUC=0.5616 ★
[12:19:40] [INFO]     SFI [35/114] geo_state_norm                      SFI= 0.1291 AUC=0.6291 ★
[12:19:42] [INFO]     SFI [36/114] geo_velocity_align                  SFI= 0.1884 AUC=0.6884 ★
[12:19:44] [INFO]     SFI [37/114] geo_exit_align                      SFI= 0.1886 AUC=0.6886 ★
[12:19:46] [INFO]     SFI [38/114] geo_accel_align                     SFI= 0.0266 AUC=0.5266 ★
[12:19:48] [INFO]     SFI [39/114] geo_phase_angle                     SFI= 0.2032 AUC=0.7032 ★
[12:19:50] [INFO]     SFI [40/114] residual_std_tide                   SFI= 0.0417 AUC=0.5417 ★
[12:19:52] [INFO]     SFI [41/114] residual_std_current                SFI= 0.1043 AUC=0.6043 ★
[12:19:54] [INFO]     SFI [42/114] residual_std_wave                   SFI= 0.1431 AUC=0.6431 ★
[12:19:56] [INFO]     SFI [43/114] tsi_tide                            SFI= 0.0286 AUC=0.5286 ★
[12:19:58] [INFO]     SFI [44/114] tsi_current                         SFI= 0.1065 AUC=0.6065 ★
[12:20:00] [INFO]     SFI [45/114] tsi_wave                            SFI= 0.2089 AUC=0.7089 ★
[12:20:02] [INFO]     SFI [46/114] adi_tide                            SFI= 0.0912 AUC=0.5912 ★
[12:20:05] [INFO]     SFI [47/114] adi_current                         SFI= 0.1092 AUC=0.6092 ★
[12:20:07] [INFO]     SFI [48/114] adi_wave                            SFI= 0.1730 AUC=0.6730 ★
[12:20:09] [INFO]     SFI [49/114] below_all_vwaps_int                 SFI= 0.1404 AUC=0.6404 ★
[12:20:12] [INFO]     SFI [50/114] above_all_vwaps_int                 SFI= 0.1984 AUC=0.6984 ★
[12:20:13] [INFO]     SFI [51/114] regime_encoded                      SFI= 0.0359 AUC=0.5359 ★
[12:20:16] [INFO]     SFI [52/114] slope_decel_wave                    SFI= 0.1547 AUC=0.6547 ★
[12:20:18] [INFO]     SFI [53/114] slope_decel_current                 SFI= 0.1935 AUC=0.6935 ★
[12:20:21] [INFO]     SFI [54/114] sigma_divergence                    SFI= 0.0851 AUC=0.5851 ★
[12:20:23] [INFO]     SFI [55/114] complacency_index                   SFI= 0.2879 AUC=0.7879 ★
[12:20:27] [INFO]     SFI [57/114] rsi_trap_zone                       SFI= 0.0745 AUC=0.5745 ★
[12:20:28] [INFO]     SFI [58/114] rsi_bearish_div                     SFI= 0.0335 AUC=0.5335 ★
[12:20:30] [INFO]     SFI [59/114] d_sigma_wave                        SFI= 0.0744 AUC=0.5744 ★
[12:20:32] [INFO]     SFI [60/114] d_kalman_velocity                   SFI= 0.0437 AUC=0.5437 ★
[12:20:34] [INFO]     SFI [61/114] d_rsi_value                         SFI= 0.0994 AUC=0.5994 ★
[12:20:37] [INFO]     SFI [62/114] d_compression_ratio                 SFI= 0.0355 AUC=0.5355 ★
[12:20:38] [INFO]     SFI [63/114] d_fear_level                        SFI= 0.0167 AUC=0.5167 ★
[12:20:41] [INFO]     SFI [64/114] d_vol_up_down_ratio                 SFI= 0.0070 AUC=0.5070 ★
[12:20:43] [INFO]     SFI [65/114] d_tide_slope                        SFI= 0.1640 AUC=0.6640 ★
[12:20:45] [INFO]     SFI [66/114] d_wave_accel                        SFI= 0.0929 AUC=0.5929 ★
[12:20:47] [INFO]     SFI [67/114] sigma_ratio_tw                      SFI= 0.0464 AUC=0.5464 ★
[12:20:49] [INFO]     SFI [68/114] slope_ratio_tc                      SFI= 0.0224 AUC=0.5224 ★
[12:20:52] [INFO]     SFI [69/114] slope_ratio_tw                      SFI= 0.0861 AUC=0.5861 ★
[12:20:54] [INFO]     SFI [70/114] tension_ratio_tw                    SFI= 0.1008 AUC=0.6008 ★
[12:20:56] [INFO]     SFI [71/114] slope_diff_tc                       SFI= 0.0973 AUC=0.5973 ★
[12:20:58] [INFO]     SFI [72/114] slope_diff_tw                       SFI= 0.2019 AUC=0.7019 ★
[12:21:00] [INFO]     SFI [73/114] slope_diff_cw                       SFI= 0.1655 AUC=0.6655 ★
[12:21:02] [INFO]     SFI [74/114] tide_slope_sq                       SFI= 0.0204 AUC=0.5204 ★
[12:21:04] [INFO]     SFI [75/114] current_slope_sq                    SFI= 0.0107 AUC=0.5107 ★
[12:21:06] [INFO]     SFI [76/114] wave_slope_sq                       SFI= 0.0744 AUC=0.5744 ★
[12:21:09] [INFO]     SFI [77/114] slope_energy                        SFI= 0.0820 AUC=0.5820 ★
[12:21:10] [INFO]     SFI [78/114] slope_product_tc                    SFI= 0.0498 AUC=0.5498 ★
[12:21:13] [INFO]     SFI [79/114] slope_phase_tw                      SFI= 0.2019 AUC=0.7019 ★
[12:21:15] [INFO]     SFI [80/114] sigma_phase_tc                      SFI= 0.0184 AUC=0.5184 ★
[12:21:18] [INFO]     SFI [81/114] rsi_sigma_interact                  SFI= 0.2244 AUC=0.7244 ★
[12:21:22] [INFO]     SFI [82/114] kalman_slope_conf                   SFI= 0.0497 AUC=0.5497 ★
[12:21:24] [INFO]     SFI [83/114] compr_at_extreme                    SFI= 0.1425 AUC=0.6425 ★
[12:21:26] [INFO]     SFI [84/114] vol_slope_conf                      SFI= 0.0332 AUC=0.5332 ★
[12:21:28] [INFO]     SFI [85/114] d2_sigma_tide                       SFI= 0.1455 AUC=0.6455 ★
[12:21:30] [INFO]     SFI [86/114] d2_sigma_current                    SFI= 0.1209 AUC=0.6209 ★
[12:21:32] [INFO]     SFI [87/114] d2_tide_accel                       SFI= 0.1429 AUC=0.6429 ★
[12:21:34] [INFO]     SFI [88/114] d2_current_slope                    SFI= 0.2191 AUC=0.7191 ★
[12:21:36] [INFO]     SFI [89/114] d2_tension_tide                     SFI= 0.1057 AUC=0.6057 ★
[12:21:38] [INFO]     SFI [90/114] d2_conj_wave_tide                   SFI= 0.1735 AUC=0.6735 ★
[12:21:40] [INFO]     SFI [91/114] d2_vwap_sigma_tide                  SFI= 0.1514 AUC=0.6514 ★
[12:21:42] [INFO]     SFI [92/114] d2_spread_tide_wave                 SFI= 0.0876 AUC=0.5876 ★
[12:21:44] [INFO]     SFI [93/114] triple_alignment                    SFI= 0.0307 AUC=0.5307 ★
[12:21:46] [INFO]     SFI [94/114] bullish_score                       SFI= 0.2349 AUC=0.7349 ★
[12:21:49] [INFO]     SFI [95/114] total_displacement                  SFI= 0.1237 AUC=0.6237 ★
[12:21:51] [INFO]     SFI [96/114] price_vwap_div                      SFI= 0.1010 AUC=0.6010 ★
[12:21:55] [INFO]     SFI [97/114] sigma_abs_dist                      SFI= 0.0868 AUC=0.5868 ★
[12:21:57] [INFO]     SFI [98/114] sigma_squared                       SFI= 0.0868 AUC=0.5868 ★
[12:21:59] [INFO]     SFI [99/114] sigma_max_tf                        SFI= 0.2442 AUC=0.7442 ★
[12:22:01] [INFO]     SFI [100/114] sigma_min_tf                        SFI= 0.2550 AUC=0.7550 ★
[12:22:03] [INFO]     SFI [101/114] atr_14                              SFI= 0.1273 AUC=0.6273 ★
[12:22:10] [INFO]     SFI [102/114] atr_ratio                           SFI= 0.2681 AUC=0.7681 ★
[12:22:12] [INFO]     SFI [103/114] overnight_gap                       SFI= 0.1794 AUC=0.6794 ★
[12:22:14] [INFO]     SFI [104/114] overnight_gap_atr                   SFI= 0.0867 AUC=0.5867 ★
[12:22:15] [INFO]     SFI [105/114] overnight_gap_vs_tide               SFI= 0.0841 AUC=0.5841 ★
[12:22:18] [INFO]     SFI [106/114] volume_ratio                        SFI= 0.1050 AUC=0.6050 ★
[12:22:19] [INFO]     SFI [107/114] volume_sigma                        SFI= 0.1043 AUC=0.6043 ★
[12:22:21] [INFO]     SFI [108/114] volume_accel                        SFI= 0.0441 AUC=0.5441 ★
[12:22:23] [INFO]     SFI [109/114] volume_trend                        SFI= 0.1170 AUC=0.6170 ★
[12:22:25] [INFO]     SFI [110/114] vol_price_divergence                SFI= 0.0535 AUC=0.5535 ★
[12:22:26] [INFO]     SFI [111/114] volume_exhaustion                   SFI= 0.0224 AUC=0.5224 ★
[12:22:28] [INFO]     SFI [112/114] volume_slope_confirm                SFI= 0.0834 AUC=0.5834 ★
[12:22:30] [INFO]     SFI [113/114] volume_at_extreme                   SFI= 0.1115 AUC=0.6115 ★
[12:22:32] [INFO]     SFI [114/114] vol_accel_wave                      SFI= 0.0700 AUC=0.5700 ★
[12:22:32] [INFO] 
  Top 10 features for zz_bottom_detector:
[12:22:32] [INFO]      1. rsi_value                           DSR=  0.317 
[12:22:32] [INFO]      2. vwap_sigma_current                  DSR=  0.290 
[12:22:32] [INFO]      3. complacency_index                   DSR=  0.288 
[12:22:32] [INFO]      4. vwap_sigma_wave                     DSR=  0.277 
[12:22:32] [INFO]      5. atr_ratio                           DSR=  0.268 ★NEW
[12:22:32] [INFO]      6. sigma_min_tf                        DSR=  0.255 ★NEW
[12:22:32] [INFO]      7. sigma_max_tf                        DSR=  0.244 ★NEW
[12:22:32] [INFO]      8. sigma_current                       DSR=  0.238 
[12:22:32] [INFO]      9. sigma_tide                          DSR=  0.236 
[12:22:32] [INFO]     10. bullish_score                       DSR=  0.235 ★NEW
[12:22:32] [INFO]   SFI completed for zz_bottom_detector in 243s
[12:22:32] [INFO]   Checkpoint saved: phase1_sfi_zz_bottom_detector.json
[12:22:32] [INFO] 
  ── SFI: ZZ_TOP_DETECTOR ──
[12:22:34] [INFO]     SFI [1/114] sigma_tide                          SFI= 0.0630 AUC=0.5630 ★
[12:22:36] [INFO]     SFI [2/114] sigma_current                       SFI= 0.1102 AUC=0.6102 ★
[12:22:38] [INFO]     SFI [3/114] sigma_wave                          SFI= 0.0710 AUC=0.5710 ★
[12:22:40] [INFO]     SFI [4/114] vwap_sigma_tide                     SFI= 0.0462 AUC=0.5462 ★
[12:22:42] [INFO]     SFI [5/114] vwap_sigma_current                  SFI= 0.0733 AUC=0.5733 ★
[12:22:46] [INFO]     SFI [6/114] vwap_sigma_wave                     SFI= 0.1070 AUC=0.6070 ★
[12:22:49] [INFO]     SFI [7/114] tension_tide                        SFI= 0.0398 AUC=0.5398 ★
[12:22:51] [INFO]     SFI [8/114] tension_current                     SFI= 0.0390 AUC=0.5390 ★
[12:22:53] [INFO]     SFI [9/114] tension_wave                        SFI= 0.0527 AUC=0.5527 ★
[12:22:56] [INFO]     SFI [10/114] tide_slope                          SFI= 0.0389 AUC=0.5389 ★
[12:22:58] [INFO]     SFI [11/114] current_slope                       SFI= 0.0500 AUC=0.5500 ★
[12:23:00] [INFO]     SFI [12/114] wave_slope                          SFI= 0.0918 AUC=0.5918 ★
[12:23:02] [INFO]     SFI [13/114] tide_accel                          SFI= 0.0452 AUC=0.5452 ★
[12:23:03] [INFO]     SFI [14/114] current_accel                       SFI= 0.0861 AUC=0.5861 ★
[12:23:05] [INFO]     SFI [15/114] wave_accel                          SFI= 0.1020 AUC=0.6020 ★
[12:23:07] [INFO]     SFI [16/114] conj_wave_current                   SFI= 0.0648 AUC=0.5648 ★
[12:23:09] [INFO]     SFI [17/114] conj_wave_tide                      SFI= 0.0901 AUC=0.5901 ★
[12:23:11] [INFO]     SFI [18/114] conj_current_tide                   SFI= 0.0447 AUC=0.5447 ★
[12:23:13] [INFO]     SFI [19/114] spread_tide_current                 SFI= 0.0318 AUC=0.5318 ★
[12:23:15] [INFO]     SFI [20/114] spread_tide_wave                    SFI= 0.0047 AUC=0.4953
[12:23:18] [INFO]     SFI [21/114] spread_current_wave                 SFI= 0.0502 AUC=0.5502 ★
[12:23:20] [INFO]     SFI [22/114] vwap_spread_tide_current            SFI= 0.0484 AUC=0.5484 ★
[12:23:22] [INFO]     SFI [23/114] vwap_spread_tide_wave               SFI= 0.0540 AUC=0.5540 ★
[12:23:25] [INFO]     SFI [24/114] vwap_spread_current_wave            SFI= 0.0396 AUC=0.5396 ★
[12:23:27] [INFO]     SFI [25/114] compression_ratio                   SFI= 0.0893 AUC=0.5893 ★
[12:23:29] [INFO]     SFI [26/114] fear_level                          SFI= 0.0406 AUC=0.5406 ★
[12:23:31] [INFO]     SFI [27/114] vol_up_down_ratio                   SFI= 0.0560 AUC=0.5560 ★
[12:23:33] [INFO]     SFI [28/114] wave_flip                           SFI= 0.0157 AUC=0.4843 ★
[12:23:36] [INFO]     SFI [30/114] rsi_value                           SFI= 0.1012 AUC=0.6012 ★
[12:23:41] [INFO]     SFI [32/114] rsi_conviction                      SFI= 0.0816 AUC=0.5816 ★
[12:23:43] [INFO]     SFI [33/114] kalman_velocity                     SFI= 0.0165 AUC=0.5165 ★
[12:23:46] [INFO]     SFI [34/114] vol_adj_delta                       SFI= 0.0733 AUC=0.5733 ★
[12:23:48] [INFO]     SFI [35/114] geo_state_norm                      SFI= 0.0217 AUC=0.5217 ★
[12:23:50] [INFO]     SFI [36/114] geo_velocity_align                  SFI= 0.0262 AUC=0.5262 ★
[12:23:52] [INFO]     SFI [37/114] geo_exit_align                      SFI= 0.0266 AUC=0.5266 ★
[12:23:54] [INFO]     SFI [38/114] geo_accel_align                     SFI= 0.0082 AUC=0.5082 ★
[12:23:56] [INFO]     SFI [39/114] geo_phase_angle                     SFI= 0.0491 AUC=0.5491 ★
[12:23:58] [INFO]     SFI [40/114] residual_std_tide                   SFI= 0.0215 AUC=0.5215 ★
[12:24:00] [INFO]     SFI [41/114] residual_std_current                SFI= 0.0848 AUC=0.5848 ★
[12:24:02] [INFO]     SFI [42/114] residual_std_wave                   SFI= 0.0996 AUC=0.5996 ★
[12:24:04] [INFO]     SFI [43/114] tsi_tide                            SFI= 0.0253 AUC=0.5253 ★
[12:24:09] [INFO]     SFI [44/114] tsi_current                         SFI= 0.0501 AUC=0.5501 ★
[12:24:13] [INFO]     SFI [45/114] tsi_wave                            SFI= 0.0969 AUC=0.5969 ★
[12:24:15] [INFO]     SFI [46/114] adi_tide                            SFI= 0.0505 AUC=0.5505 ★
[12:24:17] [INFO]     SFI [47/114] adi_current                         SFI= 0.0339 AUC=0.5339 ★
[12:24:19] [INFO]     SFI [48/114] adi_wave                            SFI= 0.0462 AUC=0.5462 ★
[12:24:22] [INFO]     SFI [50/114] above_all_vwaps_int                 SFI= 0.0625 AUC=0.5625 ★
[12:24:23] [INFO]     SFI [51/114] regime_encoded                      SFI= 0.0290 AUC=0.5290 ★
[12:24:25] [INFO]     SFI [52/114] slope_decel_wave                    SFI= 0.0839 AUC=0.5839 ★
[12:24:28] [INFO]     SFI [53/114] slope_decel_current                 SFI= 0.0684 AUC=0.5684 ★
[12:24:31] [INFO]     SFI [55/114] complacency_index                   SFI= 0.0944 AUC=0.5944 ★
[12:24:34] [INFO]     SFI [57/114] rsi_trap_zone                       SFI= 0.0373 AUC=0.5373 ★
[12:24:36] [INFO]     SFI [58/114] rsi_bearish_div                     SFI= 0.0328 AUC=0.5328 ★
[12:24:38] [INFO]     SFI [59/114] d_sigma_wave                        SFI= 0.0721 AUC=0.5721 ★
[12:24:40] [INFO]     SFI [60/114] d_kalman_velocity                   SFI= 0.0017 AUC=0.5017
[12:24:42] [INFO]     SFI [61/114] d_rsi_value                         SFI= 0.0552 AUC=0.5552 ★
[12:24:46] [INFO]     SFI [63/114] d_fear_level                        SFI= 0.0080 AUC=0.5080 ★
[12:24:48] [INFO]     SFI [64/114] d_vol_up_down_ratio                 SFI= 0.0140 AUC=0.5140 ★
[12:24:49] [INFO]     SFI [65/114] d_tide_slope                        SFI= 0.0462 AUC=0.5462 ★
[12:24:51] [INFO]     SFI [66/114] d_wave_accel                        SFI= 0.0743 AUC=0.5743 ★
[12:24:53] [INFO]     SFI [67/114] sigma_ratio_tw                      SFI= 0.0210 AUC=0.5210 ★
[12:24:55] [INFO]     SFI [68/114] slope_ratio_tc                      SFI= 0.0063 AUC=0.5063 ★
[12:24:57] [INFO]     SFI [69/114] slope_ratio_tw                      SFI= 0.0171 AUC=0.5171 ★
[12:24:59] [INFO]     SFI [70/114] tension_ratio_tw                    SFI= 0.0030 AUC=0.4970
[12:25:01] [INFO]     SFI [71/114] slope_diff_tc                       SFI= 0.0445 AUC=0.5445 ★
[12:25:03] [INFO]     SFI [72/114] slope_diff_tw                       SFI= 0.0904 AUC=0.5904 ★
[12:25:06] [INFO]     SFI [73/114] slope_diff_cw                       SFI= 0.0649 AUC=0.5649 ★
[12:25:08] [INFO]     SFI [74/114] tide_slope_sq                       SFI= 0.0318 AUC=0.5318 ★
[12:25:10] [INFO]     SFI [75/114] current_slope_sq                    SFI= 0.0524 AUC=0.5524 ★
[12:25:12] [INFO]     SFI [76/114] wave_slope_sq                       SFI= 0.0680 AUC=0.5680 ★
[12:25:14] [INFO]     SFI [77/114] slope_energy                        SFI= 0.0849 AUC=0.5849 ★
[12:25:16] [INFO]     SFI [78/114] slope_product_tc                    SFI= 0.0579 AUC=0.5579 ★
[12:25:18] [INFO]     SFI [79/114] slope_phase_tw                      SFI= 0.0904 AUC=0.5904 ★
[12:25:20] [INFO]     SFI [80/114] sigma_phase_tc                      SFI= 0.0318 AUC=0.5318 ★
[12:25:22] [INFO]     SFI [81/114] rsi_sigma_interact                  SFI= 0.0714 AUC=0.5714 ★
[12:25:24] [INFO]     SFI [82/114] kalman_slope_conf                   SFI= 0.0340 AUC=0.5340 ★
[12:25:26] [INFO]     SFI [83/114] compr_at_extreme                    SFI= 0.0725 AUC=0.5725 ★
[12:25:28] [INFO]     SFI [84/114] vol_slope_conf                      SFI= 0.0627 AUC=0.5627 ★
[12:25:29] [INFO]     SFI [85/114] d2_sigma_tide                       SFI= 0.1055 AUC=0.6055 ★
[12:25:31] [INFO]     SFI [86/114] d2_sigma_current                    SFI= 0.0997 AUC=0.5997 ★
[12:25:33] [INFO]     SFI [87/114] d2_tide_accel                       SFI= 0.1159 AUC=0.6159 ★
[12:25:35] [INFO]     SFI [88/114] d2_current_slope                    SFI= 0.0863 AUC=0.5863 ★
[12:25:37] [INFO]     SFI [89/114] d2_tension_tide                     SFI= 0.0688 AUC=0.5688 ★
[12:25:39] [INFO]     SFI [90/114] d2_conj_wave_tide                   SFI= 0.0981 AUC=0.5981 ★
[12:25:41] [INFO]     SFI [91/114] d2_vwap_sigma_tide                  SFI= 0.1030 AUC=0.6030 ★
[12:25:43] [INFO]     SFI [92/114] d2_spread_tide_wave                 SFI= 0.0589 AUC=0.5589 ★
[12:25:45] [INFO]     SFI [93/114] triple_alignment                    SFI= 0.0155 AUC=0.4845 ★
[12:25:47] [INFO]     SFI [94/114] bullish_score                       SFI= 0.1109 AUC=0.6109 ★
[12:25:49] [INFO]     SFI [95/114] total_displacement                  SFI= 0.0212 AUC=0.5212 ★
[12:25:50] [INFO]     SFI [96/114] price_vwap_div                      SFI= 0.0398 AUC=0.5398 ★
[12:25:52] [INFO]     SFI [97/114] sigma_abs_dist                      SFI= 0.0307 AUC=0.5307 ★
[12:25:55] [INFO]     SFI [98/114] sigma_squared                       SFI= 0.0307 AUC=0.5307 ★
[12:25:57] [INFO]     SFI [99/114] sigma_max_tf                        SFI= 0.0984 AUC=0.5984 ★
[12:25:58] [INFO]     SFI [100/114] sigma_min_tf                        SFI= 0.1053 AUC=0.6053 ★
[12:26:00] [INFO]     SFI [101/114] atr_14                              SFI= 0.0968 AUC=0.5968 ★
[12:26:02] [INFO]     SFI [102/114] atr_ratio                           SFI= 0.1495 AUC=0.6495 ★
[12:26:04] [INFO]     SFI [103/114] overnight_gap                       SFI= 0.1111 AUC=0.6111 ★
[12:26:06] [INFO]     SFI [104/114] overnight_gap_atr                   SFI= 0.0399 AUC=0.5399 ★
[12:26:08] [INFO]     SFI [105/114] overnight_gap_vs_tide               SFI= 0.0701 AUC=0.5701 ★
[12:26:10] [INFO]     SFI [106/114] volume_ratio                        SFI= 0.0303 AUC=0.5303 ★
[12:26:12] [INFO]     SFI [107/114] volume_sigma                        SFI= 0.0287 AUC=0.5287 ★
[12:26:14] [INFO]     SFI [108/114] volume_accel                        SFI= 0.0148 AUC=0.5148 ★
[12:26:16] [INFO]     SFI [109/114] volume_trend                        SFI= 0.0258 AUC=0.5258 ★
[12:26:18] [INFO]     SFI [110/114] vol_price_divergence                SFI= 0.0202 AUC=0.5202 ★
[12:26:19] [INFO]     SFI [111/114] volume_exhaustion                   SFI= 0.0137 AUC=0.5137 ★
[12:26:21] [INFO]     SFI [112/114] volume_slope_confirm                SFI= 0.0598 AUC=0.5598 ★
[12:26:23] [INFO]     SFI [113/114] volume_at_extreme                   SFI= 0.0487 AUC=0.5487 ★
[12:26:25] [INFO]     SFI [114/114] vol_accel_wave                      SFI= 0.0384 AUC=0.5384 ★
[12:26:25] [INFO] 
  Top 10 features for zz_top_detector:
[12:26:25] [INFO]      1. atr_ratio                           DSR=  0.150 ★NEW
[12:26:25] [INFO]      2. d2_tide_accel                       DSR=  0.116 ★NEW
[12:26:25] [INFO]      3. overnight_gap                       DSR=  0.111 ★NEW
[12:26:25] [INFO]      4. bullish_score                       DSR=  0.111 ★NEW
[12:26:25] [INFO]      5. sigma_current                       DSR=  0.110 
[12:26:25] [INFO]      6. vwap_sigma_wave                     DSR=  0.107 
[12:26:25] [INFO]      7. d2_sigma_tide                       DSR=  0.106 ★NEW
[12:26:25] [INFO]      8. sigma_min_tf                        DSR=  0.105 ★NEW
[12:26:25] [INFO]      9. d2_vwap_sigma_tide                  DSR=  0.103 ★NEW
[12:26:25] [INFO]     10. wave_accel                          DSR=  0.102 
[12:26:25] [INFO]   SFI completed for zz_top_detector in 233s
[12:26:25] [INFO]   Checkpoint saved: phase1_sfi_zz_top_detector.json
[12:26:25] [INFO]   Checkpoint saved: phase1_sfi_matrix.json
[12:26:25] [INFO] ==========================================================================================
[12:26:25] [INFO]   PHASE 2+3: Per-Head Clustering → Forward Selection
[12:26:25] [INFO] ==========================================================================================
[12:26:25] [INFO] 
────────────────────────────────────────────────────────────────────────────────
[12:26:25] [INFO]   ── HEAD: LONG_ENTRY ──
[12:26:25] [INFO]   Viable features (SFI > 0.005): 30 / 114
[12:26:26] [INFO]   Clusters found: 12 (from 30 viable)
[12:26:26] [INFO]     Cluster 1: [9f] ['tension_current', 'current_slope', 'spread_tide_current', 'spread_tide_wave', 'rsi_conviction']...
[12:26:26] [INFO]     Cluster 2: [2f] ['residual_std_tide', 'residual_std_wave']
[12:26:26] [INFO]     Cluster 3: [2f] ['sigma_abs_dist', 'sigma_squared']
[12:26:26] [INFO]     Cluster 4: [1f] ['slope_ratio_tc']
[12:26:26] [INFO]     Cluster 5: [1f] ['vol_price_divergence']
[12:26:26] [INFO]     Cluster 6: [1f] ['slope_ratio_tw']
[12:26:26] [INFO]     Cluster 7: [1f] ['slope_product_tc']
[12:26:26] [INFO]     Cluster 8: [1f] ['tension_ratio_tw']
[12:26:26] [INFO]     Cluster 9: [4f] ['tension_tide', 'adi_tide', 'regime_encoded', 'price_vwap_div']
[12:26:26] [INFO]     Cluster 10: [3f] ['conj_wave_current', 'slope_decel_current', 'slope_diff_cw']
[12:26:26] [INFO]     Cluster 11: [4f] ['sigma_tide', 'vwap_sigma_current', 'rsi_sigma_interact', 'sigma_min_tf']
[12:26:26] [INFO]     Cluster 12: [1f] ['d2_vwap_sigma_tide']
[12:26:26] [INFO]   Candidates for FWD: 12 (from 12 clusters)
[12:26:26] [INFO]   Top 5: [('tsi_current', '0.0148'), ('residual_std_tide', '0.0122'), ('tension_tide', '0.0112'), ('sigma_tide', '0.0099'), ('slope_decel_current', '0.0097')]
[12:26:32] [INFO]     FWD [1/12] ❌ REJECTED 'tsi_current' → DSR=0.0000 (Δ=+0.0000) [0f]
[12:26:35] [INFO]     FWD [2/12] ✅ ADDED 'residual_std_tide' → DSR=0.3755 (Δ=+0.3755) [1f]
[12:26:40] [INFO]     FWD [3/12] ✅ ADDED 'tension_tide' → DSR=0.6098 (Δ=+0.2343) [2f]
[12:26:44] [INFO]     FWD [4/12] ✅ ADDED 'sigma_tide' → DSR=0.7061 (Δ=+0.0963) [3f]
[12:26:49] [INFO]     FWD [5/12] ❌ REJECTED 'slope_decel_current' → DSR=0.6693 (Δ=-0.0368) [3f]
[12:26:54] [INFO]     FWD [6/12] ✅ ADDED 'tension_ratio_tw' → DSR=0.9762 (Δ=+0.2701) [4f]
[12:26:59] [INFO]     FWD [7/12] ❌ REJECTED 'slope_ratio_tc' → DSR=0.4646 (Δ=-0.5116) [4f]
[12:27:03] [INFO]     FWD [8/12] ❌ REJECTED 'slope_ratio_tw' → DSR=0.4247 (Δ=-0.5514) [4f]
[12:27:08] [INFO]     FWD [9/12] ✅ ADDED 'slope_product_tc' → DSR=1.0645 (Δ=+0.0883) [5f]
[12:27:13] [INFO]     FWD [10/12] ❌ REJECTED 'vol_price_divergence' → DSR=0.5409 (Δ=-0.5235) [5f]
[12:27:18] [INFO]     FWD [11/12] ✅ ADDED 'd2_vwap_sigma_tide' → DSR=1.1952 (Δ=+0.1307) [6f]
[12:27:28] [INFO]     FWD [12/12] ✅ ADDED 'sigma_abs_dist' → DSR=1.3780 (Δ=+0.1828) [7f]
[12:27:28] [INFO] 
  ★ RESULT LONG_ENTRY: 7 features, DSR=1.3780
[12:27:28] [INFO]     Production: DSR=0.593 (63f) → Optimized: DSR=1.378 (7f) [★ GAIN]
[12:27:28] [INFO]     Viable SFI: 30 | Clusters: 12 | Candidates: 12
[12:27:28] [INFO]     Features: ['residual_std_tide', 'tension_tide', 'sigma_tide', 'tension_ratio_tw', 'slope_product_tc', 'd2_vwap_sigma_tide', 'sigma_abs_dist']
[12:27:28] [INFO]     Elapsed: 63s
[12:27:28] [INFO]   Checkpoint saved: phase3_result_long_entry.json
[12:27:28] [INFO] 
────────────────────────────────────────────────────────────────────────────────
[12:27:28] [INFO]   ── HEAD: SWING_EXIT ──
[12:27:28] [INFO]   Viable features (SFI > 0.005): 79 / 114
[12:27:29] [INFO]   Clusters found: 26 (from 79 viable)
[12:27:29] [INFO]     Cluster 1: [2f] ['tide_accel', 'd_tide_slope']
[12:27:29] [INFO]     Cluster 2: [9f] ['current_slope', 'conj_current_tide', 'spread_tide_current', 'spread_tide_wave', 'rsi_conviction']...
[12:27:29] [INFO]     Cluster 3: [7f] ['vwap_sigma_tide', 'vwap_sigma_current', 'fear_level', 'rsi_value', 'geo_velocity_align']...
[12:27:29] [INFO]     Cluster 4: [1f] ['rsi_trap_zone']
[12:27:29] [INFO]     Cluster 5: [3f] ['current_accel', 'slope_decel_current', 'd2_current_slope']
[12:27:29] [INFO]     Cluster 6: [9f] ['tension_wave', 'conj_wave_current', 'conj_wave_tide', 'spread_current_wave', 'geo_phase_angle']...
[12:27:29] [INFO]     Cluster 7: [6f] ['d2_sigma_tide', 'd2_tide_accel', 'd2_tension_tide', 'd2_vwap_sigma_tide', 'overnight_gap']...
[12:27:29] [INFO]     Cluster 8: [1f] ['overnight_gap_vs_tide']
[12:27:29] [INFO]     Cluster 9: [3f] ['sigma_wave', 'bullish_score', 'sigma_max_tf']
[12:27:29] [INFO]     Cluster 10: [1f] ['vol_up_down_ratio']
[12:27:29] [INFO]     Cluster 11: [2f] ['wave_flip_direction', 'd_fear_level']
[12:27:29] [INFO]     Cluster 12: [3f] ['wave_accel', 'd_wave_accel', 'd2_conj_wave_tide']
[12:27:29] [INFO]     Cluster 13: [1f] ['complacency_index']
[12:27:29] [INFO]     Cluster 14: [7f] ['tide_slope', 'vwap_spread_tide_current', 'vwap_spread_tide_wave', 'tsi_tide', 'adi_tide']...
[12:27:29] [INFO]     Cluster 15: [3f] ['geo_state_norm', 'compr_at_extreme', 'volume_at_extreme']
[12:27:29] [INFO]     Cluster 16: [1f] ['compression_ratio']
[12:27:29] [INFO]     Cluster 17: [2f] ['kalman_slope_conf', 'vol_price_divergence']
[12:27:29] [INFO]     Cluster 18: [4f] ['vol_adj_delta', 'd_kalman_velocity', 'volume_ratio', 'volume_sigma']
[12:27:29] [INFO]     Cluster 19: [1f] ['volume_trend']
[12:27:29] [INFO]     Cluster 20: [1f] ['d_compression_ratio']
[12:27:29] [INFO]     Cluster 21: [4f] ['residual_std_tide', 'residual_std_current', 'residual_std_wave', 'atr_14']
[12:27:29] [INFO]     Cluster 22: [3f] ['wave_slope_sq', 'slope_energy', 'atr_ratio']
[12:27:29] [INFO]     Cluster 23: [2f] ['current_slope_sq', 'slope_product_tc']
[12:27:29] [INFO]     Cluster 24: [1f] ['tide_slope_sq']
[12:27:29] [INFO]     Cluster 25: [1f] ['wave_flip']
[12:27:29] [INFO]     Cluster 26: [1f] ['slope_ratio_tw']
[12:27:29] [INFO]   Candidates for FWD: 26 (from 26 clusters)
[12:27:29] [INFO]   Top 5: [('atr_ratio', '0.0801'), ('vwap_spread_tide_wave', '0.0357'), ('rsi_value', '0.0311'), ('d2_tide_accel', '0.0306'), ('residual_std_wave', '0.0300')]
[12:27:32] [INFO]     FWD [1/26] ✅ ADDED 'atr_ratio' → DSR=1.7262 (Δ=+1.7262) [1f]
[12:27:34] [INFO]     FWD [2/26] ✅ ADDED 'vwap_spread_tide_wave' → DSR=4.2345 (Δ=+2.5084) [2f]
[12:27:36] [INFO]     FWD [3/26] ❌ REJECTED 'rsi_value' → DSR=4.0618 (Δ=-0.1727) [2f]
[12:27:38] [INFO]     FWD [4/26] ❌ REJECTED 'd2_tide_accel' → DSR=3.4560 (Δ=-0.7785) [2f]
[12:27:42] [INFO]     FWD [5/26] ❌ REJECTED 'residual_std_wave' → DSR=3.5526 (Δ=-0.6819) [2f]
[12:27:44] [INFO]     FWD [6/26] ✅ ADDED 'complacency_index' → DSR=4.5989 (Δ=+0.3643) [3f]
[12:27:47] [INFO]     FWD [7/26] ✅ ADDED 'compr_at_extreme' → DSR=5.0324 (Δ=+0.4335) [4f]
[12:27:50] [INFO]     FWD [8/26] ❌ REJECTED 'compression_ratio' → DSR=3.8589 (Δ=-1.1735) [4f]
[12:27:56] [INFO]     FWD [9/26] ❌ REJECTED 'slope_product_tc' → DSR=4.6876 (Δ=-0.3447) [4f]
[12:28:00] [INFO]     FWD [10/26] ✅ ADDED 'd_wave_accel' → DSR=6.2897 (Δ=+1.2573) [5f]
[12:28:02] [INFO]     FWD [11/26] ❌ REJECTED 'rsi_trap_zone' → DSR=5.8825 (Δ=-0.4072) [5f]
[12:28:05] [INFO]     FWD [12/26] ❌ REJECTED 'rsi_conviction' → DSR=6.0318 (Δ=-0.2578) [5f]
[12:28:07] [INFO]     FWD [13/26] ✅ ADDED 'geo_phase_angle' → DSR=7.5745 (Δ=+1.2848) [6f]
[12:28:09] [INFO]     FWD [14/26] ❌ REJECTED 'overnight_gap_vs_tide' → DSR=6.3150 (Δ=-1.2595) [6f]
[12:28:11] [INFO]     FWD [15/26] ✅ ADDED 'tide_slope_sq' → DSR=7.5936 (Δ=+0.0191) [7f]
[12:28:14] [INFO]     FWD [16/26] ✅ ADDED 'slope_ratio_tw' → DSR=9.2221 (Δ=+1.6285) [8f]
[12:28:16] [INFO]     FWD [17/26] ✅ ADDED 'volume_ratio' → DSR=10.9672 (Δ=+1.7451) [9f]
[12:28:20] [INFO]     FWD [18/26] ✅ ADDED 'vol_price_divergence' → DSR=11.0178 (Δ=+0.0506) [10f]
[12:28:22] [INFO]     FWD [19/26] ❌ REJECTED 'd_fear_level' → DSR=8.3858 (Δ=-2.6320) [10f]
[12:28:25] [INFO]     FWD [20/26] ❌ REJECTED 'bullish_score' → DSR=9.4032 (Δ=-1.6146) [10f]
[12:28:28] [INFO]     FWD [21/26] ❌ REJECTED 'current_accel' → DSR=10.2458 (Δ=-0.7720) [10f]
[12:28:31] [INFO]     FWD [22/26] ❌ REJECTED 'tide_accel' → DSR=8.0600 (Δ=-2.9578) [10f]
[12:28:33] [INFO]     FWD [23/26] ❌ REJECTED 'volume_trend' → DSR=7.2727 (Δ=-3.7451) [10f]
[12:28:36] [INFO]     FWD [24/26] ✅ ADDED 'vol_up_down_ratio' → DSR=11.4875 (Δ=+0.4697) [11f]
[12:28:39] [INFO]     FWD [25/26] ❌ REJECTED 'd_compression_ratio' → DSR=10.6725 (Δ=-0.8150) [11f]
[12:28:42] [INFO]     FWD [26/26] ❌ REJECTED 'wave_flip' → DSR=9.9865 (Δ=-1.5010) [11f]
[12:28:42] [INFO] 
  ★ RESULT SWING_EXIT: 11 features, DSR=11.4875
[12:28:42] [INFO]     Production: DSR=14.247 (56f) → Optimized: DSR=11.487 (11f) [✖ DROP]
[12:28:42] [INFO]     Viable SFI: 79 | Clusters: 26 | Candidates: 26
[12:28:42] [INFO]     Features: ['atr_ratio', 'vwap_spread_tide_wave', 'complacency_index', 'compr_at_extreme', 'd_wave_accel', 'geo_phase_angle', 'tide_slope_sq', 'slope_ratio_tw', 'volume_ratio', 'vol_price_divergence', 'vol_up_down_ratio']
[12:28:42] [INFO]     Elapsed: 73s
[12:28:42] [INFO]   Checkpoint saved: phase3_result_swing_exit.json
[12:28:42] [INFO] 
────────────────────────────────────────────────────────────────────────────────
[12:28:42] [INFO]   ── HEAD: PULLBACK_DEPTH ──
[12:28:42] [INFO]   Viable features (SFI > 0.005): 85 / 114
[12:28:42] [INFO]   Clusters found: 29 (from 85 viable)
[12:28:42] [INFO]     Cluster 1: [4f] ['sigma_tide', 'tide_accel', 'd_tide_slope', 'rsi_sigma_interact']
[12:28:42] [INFO]     Cluster 2: [6f] ['current_slope', 'conj_current_tide', 'vwap_spread_current_wave', 'rsi_conviction', 'tsi_current']...
[12:28:42] [INFO]     Cluster 3: [3f] ['current_accel', 'slope_decel_current', 'd2_current_slope']
[12:28:42] [INFO]     Cluster 4: [7f] ['wave_slope', 'conj_wave_current', 'conj_wave_tide', 'spread_current_wave', 'slope_diff_tw']...
[12:28:42] [INFO]     Cluster 5: [6f] ['vwap_sigma_current', 'vwap_sigma_wave', 'rsi_value', 'above_all_vwaps_int', 'bullish_score']...
[12:28:42] [INFO]     Cluster 6: [7f] ['tension_wave', 'fear_level', 'geo_velocity_align', 'geo_phase_angle', 'tsi_wave']...
[12:28:42] [INFO]     Cluster 7: [8f] ['d_sigma_wave', 'd_rsi_value', 'd_wave_accel', 'd2_sigma_tide', 'd2_tide_accel']...
[12:28:42] [INFO]     Cluster 8: [7f] ['tide_slope', 'vwap_spread_tide_current', 'vwap_spread_tide_wave', 'tsi_tide', 'adi_tide']...
[12:28:42] [INFO]     Cluster 9: [5f] ['kalman_velocity', 'vol_adj_delta', 'volume_ratio', 'volume_sigma', 'volume_exhaustion']
[12:28:42] [INFO]     Cluster 10: [2f] ['kalman_slope_conf', 'vol_price_divergence']
[12:28:42] [INFO]     Cluster 11: [4f] ['residual_std_tide', 'residual_std_current', 'residual_std_wave', 'atr_14']
[12:28:42] [INFO]     Cluster 12: [5f] ['geo_state_norm', 'compr_at_extreme', 'sigma_abs_dist', 'sigma_squared', 'volume_at_extreme']
[12:28:42] [INFO]     Cluster 13: [1f] ['compression_ratio']
[12:28:42] [INFO]     Cluster 14: [1f] ['volume_trend']
[12:28:42] [INFO]     Cluster 15: [3f] ['wave_slope_sq', 'slope_energy', 'atr_ratio']
[12:28:42] [INFO]     Cluster 16: [2f] ['current_slope_sq', 'slope_product_tc']
[12:28:42] [INFO]     Cluster 17: [1f] ['tide_slope_sq']
[12:28:42] [INFO]     Cluster 18: [2f] ['vol_up_down_ratio', 'd_vol_up_down_ratio']
[12:28:42] [INFO]     Cluster 19: [1f] ['wave_flip_direction']
[12:28:42] [INFO]     Cluster 20: [1f] ['complacency_index']
[12:28:42] [INFO]     Cluster 21: [1f] ['wave_flip']
[12:28:42] [INFO]     Cluster 22: [1f] ['geo_accel_align']
[12:28:42] [INFO]     Cluster 23: [1f] ['triple_alignment']
[12:28:42] [INFO]     Cluster 24: [1f] ['overnight_gap_vs_tide']
[12:28:42] [INFO]     Cluster 25: [1f] ['vol_accel_wave']
[12:28:42] [INFO]     Cluster 26: [1f] ['sigma_ratio_tw']
[12:28:42] [INFO]     Cluster 27: [1f] ['tension_ratio_tw']
[12:28:42] [INFO]     Cluster 28: [1f] ['slope_ratio_tw']
[12:28:42] [INFO]     Cluster 29: [1f] ['slope_ratio_tc']
[12:28:42] [INFO]   Candidates for FWD: 29 (from 29 clusters)
[12:28:42] [INFO]   Top 5: [('atr_ratio', '0.0955'), ('overnight_gap', '0.0485'), ('volume_slope_confirm', '0.0474'), ('slope_product_tc', '0.0442'), ('d_tide_slope', '0.0395')]
[12:28:44] [INFO]     FWD [1/29] ✅ ADDED 'atr_ratio' → DSR=13.2884 (Δ=+13.2884) [1f]
[12:28:45] [INFO]     FWD [2/29] ❌ REJECTED 'overnight_gap' → DSR=9.9047 (Δ=-3.3837) [1f]
[12:28:47] [INFO]     FWD [3/29] ❌ REJECTED 'volume_slope_confirm' → DSR=7.0098 (Δ=-6.2785) [1f]
[12:28:49] [INFO]     FWD [4/29] ❌ REJECTED 'slope_product_tc' → DSR=7.8522 (Δ=-5.4362) [1f]
[12:28:51] [INFO]     FWD [5/29] ❌ REJECTED 'd_tide_slope' → DSR=12.6020 (Δ=-0.6864) [1f]
[12:28:53] [INFO]     FWD [6/29] ❌ REJECTED 'overnight_gap_vs_tide' → DSR=13.0645 (Δ=-0.2239) [1f]
[12:28:58] [INFO]     FWD [7/29] ❌ REJECTED 'compression_ratio' → DSR=5.4295 (Δ=-7.8589) [1f]
[12:29:00] [INFO]     FWD [8/29] ❌ REJECTED 'compr_at_extreme' → DSR=9.3198 (Δ=-3.9686) [1f]
[12:29:02] [INFO]     FWD [9/29] ✅ ADDED 'slope_diff_tc' → DSR=13.5692 (Δ=+0.2808) [2f]
[12:29:05] [INFO]     FWD [10/29] ❌ REJECTED 'slope_decel_current' → DSR=10.3111 (Δ=-3.2581) [2f]
[12:29:09] [INFO]     FWD [11/29] ❌ REJECTED 'kalman_slope_conf' → DSR=7.2445 (Δ=-6.3247) [2f]
[12:29:17] [INFO]     FWD [12/29] ❌ REJECTED 'residual_std_wave' → DSR=7.1213 (Δ=-6.4479) [2f]
[12:29:23] [INFO]     FWD [13/29] ❌ REJECTED 'conj_wave_tide' → DSR=12.0299 (Δ=-1.5393) [2f]
[12:29:30] [INFO]     FWD [14/29] ❌ REJECTED 'vol_adj_delta' → DSR=6.6187 (Δ=-6.9505) [2f]
[12:29:35] [INFO]     FWD [15/29] ❌ REJECTED 'tide_slope_sq' → DSR=3.9397 (Δ=-9.6295) [2f]
[12:29:41] [INFO]     FWD [16/29] ❌ REJECTED 'tsi_wave' → DSR=5.7688 (Δ=-7.8004) [2f]
[12:29:46] [INFO]     FWD [17/29] ❌ REJECTED 'vwap_sigma_current' → DSR=8.5740 (Δ=-4.9951) [2f]
[12:29:53] [INFO]     FWD [18/29] ❌ REJECTED 'volume_trend' → DSR=5.4199 (Δ=-8.1493) [2f]
[12:30:00] [INFO]     FWD [19/29] ❌ REJECTED 'tension_ratio_tw' → DSR=7.7353 (Δ=-5.8338) [2f]
[12:30:10] [INFO]     FWD [20/29] ❌ REJECTED 'complacency_index' → DSR=11.6882 (Δ=-1.8810) [2f]
[12:30:20] [INFO]     FWD [21/29] ❌ REJECTED 'sigma_ratio_tw' → DSR=9.2380 (Δ=-4.3312) [2f]
[12:30:27] [INFO]     FWD [22/29] ❌ REJECTED 'geo_accel_align' → DSR=9.1813 (Δ=-4.3878) [2f]
[12:30:34] [INFO]     FWD [23/29] ❌ REJECTED 'slope_ratio_tw' → DSR=7.0993 (Δ=-6.4699) [2f]
[12:30:40] [INFO]     FWD [24/29] ✅ ADDED 'vol_accel_wave' → DSR=13.7515 (Δ=+0.1824) [3f]
[12:30:47] [INFO]     FWD [25/29] ❌ REJECTED 'triple_alignment' → DSR=9.0266 (Δ=-4.7249) [3f]
[12:30:53] [INFO]     FWD [26/29] ❌ REJECTED 'slope_ratio_tc' → DSR=4.4253 (Δ=-9.3262) [3f]
[12:30:59] [INFO]     FWD [27/29] ❌ REJECTED 'd_vol_up_down_ratio' → DSR=8.2065 (Δ=-5.5451) [3f]
[12:31:07] [INFO]     FWD [28/29] ❌ REJECTED 'wave_flip' → DSR=9.0883 (Δ=-4.6632) [3f]
[12:31:14] [INFO]     FWD [29/29] ❌ REJECTED 'wave_flip_direction' → DSR=9.7793 (Δ=-3.9722) [3f]
[12:31:14] [INFO] 
  ★ RESULT PULLBACK_DEPTH: 3 features, DSR=13.7515
[12:31:14] [INFO]     Production: DSR=6.226 (56f) → Optimized: DSR=13.752 (3f) [★ GAIN]
[12:31:14] [INFO]     Viable SFI: 85 | Clusters: 29 | Candidates: 29
[12:31:14] [INFO]     Features: ['atr_ratio', 'slope_diff_tc', 'vol_accel_wave']
[12:31:14] [INFO]     Elapsed: 152s
[12:31:14] [INFO]   Checkpoint saved: phase3_result_pullback_depth.json
[12:31:14] [INFO] 
────────────────────────────────────────────────────────────────────────────────
[12:31:14] [INFO]   ── HEAD: TREND_REVERSAL ──
[12:31:14] [INFO]   Viable features (SFI > 0.005): 105 / 114
[12:31:15] [INFO]   Clusters found: 35 (from 105 viable)
[12:31:15] [INFO]     Cluster 1: [10f] ['tension_current', 'current_slope', 'conj_current_tide', 'spread_tide_current', 'vwap_spread_current_wave']...
[12:31:15] [INFO]     Cluster 2: [6f] ['sigma_tide', 'tide_accel', 'spread_tide_wave', 'sigma_divergence', 'd_tide_slope']...
[12:31:15] [INFO]     Cluster 3: [5f] ['vwap_sigma_tide', 'fear_level', 'geo_velocity_align', 'geo_exit_align', 'below_all_vwaps_int']
[12:31:15] [INFO]     Cluster 4: [5f] ['vwap_sigma_current', 'vwap_sigma_wave', 'rsi_value', 'above_all_vwaps_int', 'rsi_trap_zone']
[12:31:15] [INFO]     Cluster 5: [3f] ['current_accel', 'slope_decel_current', 'd2_current_slope']
[12:31:15] [INFO]     Cluster 6: [11f] ['tension_wave', 'wave_slope', 'conj_wave_current', 'conj_wave_tide', 'spread_current_wave']...
[12:31:15] [INFO]     Cluster 7: [6f] ['d_rsi_value', 'd2_sigma_current', 'd2_tide_accel', 'd2_tension_tide', 'd2_vwap_sigma_tide']...
[12:31:15] [INFO]     Cluster 8: [2f] ['overnight_gap', 'overnight_gap_atr']
[12:31:15] [INFO]     Cluster 9: [1f] ['overnight_gap_vs_tide']
[12:31:15] [INFO]     Cluster 10: [5f] ['sigma_current', 'sigma_wave', 'bullish_score', 'sigma_max_tf', 'sigma_min_tf']
[12:31:15] [INFO]     Cluster 11: [1f] ['vol_up_down_ratio']
[12:31:15] [INFO]     Cluster 12: [1f] ['rsi_bearish_div']
[12:31:15] [INFO]     Cluster 13: [2f] ['slope_decel_wave', 'complacency_index']
[12:31:15] [INFO]     Cluster 14: [3f] ['wave_accel', 'd_wave_accel', 'd2_conj_wave_tide']
[12:31:15] [INFO]     Cluster 15: [1f] ['d_fear_level']
[12:31:15] [INFO]     Cluster 16: [9f] ['tension_tide', 'tide_slope', 'vwap_spread_tide_current', 'vwap_spread_tide_wave', 'tsi_tide']...
[12:31:15] [INFO]     Cluster 17: [2f] ['kalman_slope_conf', 'vol_price_divergence']
[12:31:15] [INFO]     Cluster 18: [2f] ['d_kalman_velocity', 'volume_accel']
[12:31:15] [INFO]     Cluster 19: [3f] ['vol_adj_delta', 'volume_ratio', 'volume_sigma']
[12:31:15] [INFO]     Cluster 20: [6f] ['geo_state_norm', 'compr_at_extreme', 'total_displacement', 'sigma_abs_dist', 'sigma_squared']...
[12:31:15] [INFO]     Cluster 21: [4f] ['residual_std_tide', 'residual_std_current', 'residual_std_wave', 'atr_14']
[12:31:15] [INFO]     Cluster 22: [3f] ['wave_slope_sq', 'slope_energy', 'atr_ratio']
[12:31:15] [INFO]     Cluster 23: [2f] ['current_slope_sq', 'slope_product_tc']
[12:31:15] [INFO]     Cluster 24: [1f] ['tide_slope_sq']
[12:31:15] [INFO]     Cluster 25: [1f] ['geo_accel_align']
[12:31:15] [INFO]     Cluster 26: [1f] ['d_compression_ratio']
[12:31:15] [INFO]     Cluster 27: [1f] ['volume_trend']
[12:31:15] [INFO]     Cluster 28: [1f] ['wave_flip']
[12:31:15] [INFO]     Cluster 29: [1f] ['triple_alignment']
[12:31:15] [INFO]     Cluster 30: [1f] ['compression_ratio']
[12:31:15] [INFO]     Cluster 31: [1f] ['tension_ratio_tw']
[12:31:15] [INFO]     Cluster 32: [1f] ['vol_accel_wave']
[12:31:15] [INFO]     Cluster 33: [1f] ['sigma_ratio_tw']
[12:31:15] [INFO]     Cluster 34: [1f] ['slope_ratio_tc']
[12:31:15] [INFO]     Cluster 35: [1f] ['slope_ratio_tw']
[12:31:15] [INFO]   Candidates for FWD: 35 (from 35 clusters)
[12:31:15] [INFO]   Top 5: [('vwap_sigma_tide', '0.3791'), ('vwap_spread_tide_wave', '0.3741'), ('tide_accel', '0.3451'), ('tsi_current', '0.2842'), ('slope_product_tc', '0.2806')]
[12:31:17] [INFO]     FWD [1/35] ✅ ADDED 'vwap_sigma_tide' → DSR=12.1378 (Δ=+12.1378) [1f]
[12:31:23] [INFO]     FWD [2/35] ✅ ADDED 'vwap_spread_tide_wave' → DSR=14.2780 (Δ=+2.1401) [2f]
[12:31:26] [INFO]     FWD [3/35] ✅ ADDED 'tide_accel' → DSR=16.9889 (Δ=+2.7109) [3f]
[12:31:29] [INFO]     FWD [4/35] ✅ ADDED 'tsi_current' → DSR=18.6474 (Δ=+1.6585) [4f]
[12:31:32] [INFO]     FWD [5/35] ✅ ADDED 'slope_product_tc' → DSR=20.4582 (Δ=+1.8107) [5f]
[12:31:35] [INFO]     FWD [6/35] ❌ REJECTED 'slope_ratio_tc' → DSR=19.3435 (Δ=-1.1146) [5f]
[12:31:38] [INFO]     FWD [7/35] ❌ REJECTED 'vwap_sigma_current' → DSR=16.9629 (Δ=-3.4952) [5f]
[12:31:40] [INFO]     FWD [8/35] ❌ REJECTED 'sigma_min_tf' → DSR=17.1529 (Δ=-3.3053) [5f]
[12:31:43] [INFO]     FWD [9/35] ❌ REJECTED 'geo_phase_angle' → DSR=17.8252 (Δ=-2.6330) [5f]
[12:31:46] [INFO]     FWD [10/35] ✅ ADDED 'complacency_index' → DSR=21.0828 (Δ=+0.6246) [6f]
[12:31:49] [INFO]     FWD [11/35] ❌ REJECTED 'slope_ratio_tw' → DSR=16.4405 (Δ=-4.6423) [6f]
[12:31:52] [INFO]     FWD [12/35] ❌ REJECTED 'sigma_abs_dist' → DSR=14.4320 (Δ=-6.6508) [6f]
[12:31:55] [INFO]     FWD [13/35] ❌ REJECTED 'tide_slope_sq' → DSR=15.0924 (Δ=-5.9904) [6f]
[12:31:58] [INFO]     FWD [14/35] ❌ REJECTED 'tension_ratio_tw' → DSR=14.1890 (Δ=-6.8938) [6f]
[12:32:01] [INFO]     FWD [15/35] ❌ REJECTED 'd2_tension_tide' → DSR=17.2756 (Δ=-3.8071) [6f]
[12:32:05] [INFO]     FWD [16/35] ❌ REJECTED 'sigma_ratio_tw' → DSR=16.4032 (Δ=-4.6796) [6f]
[12:32:08] [INFO]     FWD [17/35] ❌ REJECTED 'atr_ratio' → DSR=16.6661 (Δ=-4.4167) [6f]
[12:32:11] [INFO]     FWD [18/35] ❌ REJECTED 'overnight_gap_vs_tide' → DSR=17.0981 (Δ=-3.9847) [6f]
[12:32:14] [INFO]     FWD [19/35] ❌ REJECTED 'geo_accel_align' → DSR=18.0558 (Δ=-3.0269) [6f]
[12:32:21] [INFO]     FWD [20/35] ❌ REJECTED 'residual_std_current' → DSR=12.5125 (Δ=-8.5703) [6f]
[12:32:23] [INFO]     FWD [21/35] ❌ REJECTED 'current_accel' → DSR=16.6602 (Δ=-4.4226) [6f]
[12:32:27] [INFO]     FWD [22/35] ❌ REJECTED 'kalman_slope_conf' → DSR=18.1624 (Δ=-2.9203) [6f]
[12:32:30] [INFO]     FWD [23/35] ❌ REJECTED 'vol_accel_wave' → DSR=16.6266 (Δ=-4.4561) [6f]
[12:32:32] [INFO]     FWD [24/35] ❌ REJECTED 'd2_conj_wave_tide' → DSR=19.8284 (Δ=-1.2544) [6f]
[12:32:35] [INFO]     FWD [25/35] ❌ REJECTED 'overnight_gap' → DSR=19.2236 (Δ=-1.8592) [6f]
[12:32:38] [INFO]     FWD [26/35] ❌ REJECTED 'triple_alignment' → DSR=17.3908 (Δ=-3.6920) [6f]
[12:32:40] [INFO]     FWD [27/35] ❌ REJECTED 'd_fear_level' → DSR=18.1405 (Δ=-2.9423) [6f]
[12:32:43] [INFO]     FWD [28/35] ❌ REJECTED 'vol_adj_delta' → DSR=18.1060 (Δ=-2.9767) [6f]
[12:32:45] [INFO]     FWD [29/35] ❌ REJECTED 'volume_trend' → DSR=19.4662 (Δ=-1.6166) [6f]
[12:32:48] [INFO]     FWD [30/35] ❌ REJECTED 'compression_ratio' → DSR=17.1401 (Δ=-3.9427) [6f]
[12:32:51] [INFO]     FWD [31/35] ❌ REJECTED 'vol_up_down_ratio' → DSR=19.8487 (Δ=-1.2341) [6f]
[12:32:54] [INFO]     FWD [32/35] ❌ REJECTED 'rsi_bearish_div' → DSR=17.9163 (Δ=-3.1665) [6f]
[12:32:56] [INFO]     FWD [33/35] ❌ REJECTED 'volume_accel' → DSR=19.2993 (Δ=-1.7835) [6f]
[12:32:59] [INFO]     FWD [34/35] ❌ REJECTED 'd_compression_ratio' → DSR=17.1521 (Δ=-3.9307) [6f]
[12:33:02] [INFO]     FWD [35/35] ❌ REJECTED 'wave_flip' → DSR=18.5210 (Δ=-2.5617) [6f]
[12:33:02] [INFO] 
  ★ RESULT TREND_REVERSAL: 6 features, DSR=21.0828
[12:33:02] [INFO]     Production: DSR=11.573 (56f) → Optimized: DSR=21.083 (6f) [★ GAIN]
[12:33:02] [INFO]     Viable SFI: 105 | Clusters: 35 | Candidates: 35
[12:33:02] [INFO]     Features: ['vwap_sigma_tide', 'vwap_spread_tide_wave', 'tide_accel', 'tsi_current', 'slope_product_tc', 'complacency_index']
[12:33:02] [INFO]     Elapsed: 108s
[12:33:02] [INFO]   Checkpoint saved: phase3_result_trend_reversal.json
[12:33:02] [INFO] 
────────────────────────────────────────────────────────────────────────────────
[12:33:02] [INFO]   ── HEAD: SHORT_ENTRY ──
[12:33:02] [INFO]   Viable features (SFI > 0.005): 50 / 114
[12:33:03] [INFO]   Clusters found: 20 (from 50 viable)
[12:33:03] [INFO]     Cluster 1: [6f] ['sigma_tide', 'tide_accel', 'spread_tide_wave', 'sigma_divergence', 'd_tide_slope']...
[12:33:03] [INFO]     Cluster 2: [4f] ['tension_current', 'vwap_spread_current_wave', 'tsi_current', 'adi_current']
[12:33:03] [INFO]     Cluster 3: [2f] ['vwap_sigma_tide', 'below_all_vwaps_int']
[12:33:03] [INFO]     Cluster 4: [4f] ['sigma_current', 'vwap_sigma_wave', 'sigma_max_tf', 'sigma_min_tf']
[12:33:03] [INFO]     Cluster 5: [1f] ['rsi_trap_zone']
[12:33:03] [INFO]     Cluster 6: [4f] ['tension_wave', 'fear_level', 'geo_phase_angle', 'tsi_wave']
[12:33:03] [INFO]     Cluster 7: [3f] ['conj_wave_current', 'slope_diff_cw', 'd2_current_slope']
[12:33:03] [INFO]     Cluster 8: [5f] ['tide_slope', 'vwap_spread_tide_current', 'adi_tide', 'vol_slope_conf', 'volume_slope_confirm']
[12:33:03] [INFO]     Cluster 9: [4f] ['residual_std_tide', 'residual_std_current', 'residual_std_wave', 'atr_14']
[12:33:03] [INFO]     Cluster 10: [2f] ['wave_accel', 'd2_conj_wave_tide']
[12:33:03] [INFO]     Cluster 11: [2f] ['d_wave_accel', 'overnight_gap']
[12:33:03] [INFO]     Cluster 12: [4f] ['geo_state_norm', 'compr_at_extreme', 'sigma_abs_dist', 'sigma_squared']
[12:33:03] [INFO]     Cluster 13: [2f] ['compression_ratio', 'atr_ratio']
[12:33:03] [INFO]     Cluster 14: [1f] ['tide_slope_sq']
[12:33:03] [INFO]     Cluster 15: [1f] ['geo_accel_align']
[12:33:03] [INFO]     Cluster 16: [1f] ['volume_trend']
[12:33:03] [INFO]     Cluster 17: [1f] ['vol_adj_delta']
[12:33:03] [INFO]     Cluster 18: [1f] ['sigma_ratio_tw']
[12:33:03] [INFO]     Cluster 19: [1f] ['slope_ratio_tw']
[12:33:03] [INFO]     Cluster 20: [1f] ['slope_ratio_tc']
[12:33:03] [INFO]   Candidates for FWD: 20 (from 20 clusters)
[12:33:03] [INFO]   Top 5: [('residual_std_current', '0.0233'), ('compression_ratio', '0.0179'), ('fear_level', '0.0151'), ('vwap_spread_current_wave', '0.0149'), ('below_all_vwaps_int', '0.0123')]
[12:33:07] [INFO]     FWD [1/20] ✅ ADDED 'residual_std_current' → DSR=0.6745 (Δ=+0.6745) [1f]
[12:33:10] [INFO]     FWD [2/20] ❌ REJECTED 'compression_ratio' → DSR=-1.2504 (Δ=-1.9248) [1f]
[12:33:11] [INFO]     FWD [3/20] ❌ REJECTED 'fear_level' → DSR=-1.0829 (Δ=-1.7574) [1f]
[12:33:13] [INFO]     FWD [4/20] ❌ REJECTED 'vwap_spread_current_wave' → DSR=-1.4679 (Δ=-2.1424) [1f]
[12:33:14] [INFO]     FWD [5/20] ❌ REJECTED 'below_all_vwaps_int' → DSR=-1.0000 (Δ=-1.6745) [1f]
[12:33:16] [INFO]     FWD [6/20] ❌ REJECTED 'slope_ratio_tc' → DSR=-2.5398 (Δ=-3.2142) [1f]
[12:33:18] [INFO]     FWD [7/20] ❌ REJECTED 'd_wave_accel' → DSR=-0.4023 (Δ=-1.0768) [1f]
[12:33:20] [INFO]     FWD [8/20] ❌ REJECTED 'sigma_abs_dist' → DSR=-0.8497 (Δ=-1.5242) [1f]
[12:33:21] [INFO]     FWD [9/20] ❌ REJECTED 'sigma_max_tf' → DSR=-1.2842 (Δ=-1.9587) [1f]
[12:33:23] [INFO]     FWD [10/20] ❌ REJECTED 'vwap_spread_tide_current' → DSR=-0.0569 (Δ=-0.7314) [1f]
[12:33:24] [INFO]     FWD [11/20] ❌ REJECTED 'sigma_tide' → DSR=-1.8785 (Δ=-2.5530) [1f]
[12:33:26] [INFO]     FWD [12/20] ❌ REJECTED 'tide_slope_sq' → DSR=-1.4609 (Δ=-2.1354) [1f]
[12:33:32] [INFO]     FWD [13/20] ❌ REJECTED 'sigma_ratio_tw' → DSR=-1.4834 (Δ=-2.1578) [1f]
[12:33:34] [INFO]     FWD [14/20] ✅ ADDED 'wave_accel' → DSR=1.0220 (Δ=+0.3475) [2f]
[12:33:36] [INFO]     FWD [15/20] ❌ REJECTED 'rsi_trap_zone' → DSR=-0.6115 (Δ=-1.6335) [2f]
[12:33:38] [INFO]     FWD [16/20] ❌ REJECTED 'slope_ratio_tw' → DSR=-0.4465 (Δ=-1.4685) [2f]
[12:33:39] [INFO]     FWD [17/20] ❌ REJECTED 'slope_diff_cw' → DSR=-1.2842 (Δ=-2.3062) [2f]
[12:33:41] [INFO]     FWD [18/20] ✅ ADDED 'volume_trend' → DSR=1.1441 (Δ=+0.1221) [3f]
[12:33:43] [INFO]     FWD [19/20] ❌ REJECTED 'vol_adj_delta' → DSR=0.7660 (Δ=-0.3781) [3f]
[12:33:45] [INFO]     FWD [20/20] ✅ ADDED 'geo_accel_align' → DSR=1.1488 (Δ=+0.0047) [4f]
[12:33:45] [INFO] 
  ★ RESULT SHORT_ENTRY: 4 features, DSR=1.1488
[12:33:45] [INFO]     Production: DSR=1.705 (56f) → Optimized: DSR=1.149 (4f) [✖ DROP]
[12:33:45] [INFO]     Viable SFI: 50 | Clusters: 20 | Candidates: 20
[12:33:45] [INFO]     Features: ['residual_std_current', 'wave_accel', 'volume_trend', 'geo_accel_align']
[12:33:45] [INFO]     Elapsed: 43s
[12:33:45] [INFO]   Checkpoint saved: phase3_result_short_entry.json
[12:33:45] [INFO] 
────────────────────────────────────────────────────────────────────────────────
[12:33:45] [INFO]   ── HEAD: SHORT_COVER ──
[12:33:45] [INFO]   Viable features (SFI > 0.005): 85 / 114
[12:33:46] [INFO]   Clusters found: 27 (from 85 viable)
[12:33:46] [INFO]     Cluster 1: [8f] ['tension_current', 'current_slope', 'conj_current_tide', 'vwap_spread_current_wave', 'rsi_conviction']...
[12:33:46] [INFO]     Cluster 2: [6f] ['sigma_tide', 'tide_accel', 'spread_tide_wave', 'sigma_divergence', 'd_tide_slope']...
[12:33:46] [INFO]     Cluster 3: [3f] ['current_accel', 'slope_decel_current', 'd2_current_slope']
[12:33:46] [INFO]     Cluster 4: [6f] ['sigma_current', 'sigma_wave', 'vwap_sigma_wave', 'rsi_value', 'bullish_score']...
[12:33:46] [INFO]     Cluster 5: [1f] ['rsi_bearish_div']
[12:33:46] [INFO]     Cluster 6: [8f] ['tension_wave', 'conj_wave_tide', 'spread_current_wave', 'geo_phase_angle', 'tsi_wave']...
[12:33:46] [INFO]     Cluster 7: [4f] ['vwap_sigma_tide', 'fear_level', 'geo_exit_align', 'below_all_vwaps_int']
[12:33:46] [INFO]     Cluster 8: [1f] ['triple_alignment']
[12:33:46] [INFO]     Cluster 9: [2f] ['overnight_gap', 'overnight_gap_atr']
[12:33:46] [INFO]     Cluster 10: [8f] ['d_sigma_wave', 'd_rsi_value', 'd_wave_accel', 'd2_sigma_tide', 'd2_sigma_current']...
[12:33:46] [INFO]     Cluster 11: [2f] ['wave_flip_direction', 'd_fear_level']
[12:33:46] [INFO]     Cluster 12: [2f] ['wave_accel', 'd2_conj_wave_tide']
[12:33:46] [INFO]     Cluster 13: [1f] ['complacency_index']
[12:33:46] [INFO]     Cluster 14: [2f] ['vol_up_down_ratio', 'd_vol_up_down_ratio']
[12:33:46] [INFO]     Cluster 15: [1f] ['overnight_gap_vs_tide']
[12:33:46] [INFO]     Cluster 16: [1f] ['vol_accel_wave']
[12:33:46] [INFO]     Cluster 17: [1f] ['sigma_ratio_tw']
[12:33:46] [INFO]     Cluster 18: [1f] ['tension_ratio_tw']
[12:33:46] [INFO]     Cluster 19: [1f] ['slope_ratio_tw']
[12:33:46] [INFO]     Cluster 20: [6f] ['tension_tide', 'tide_slope', 'vwap_spread_tide_wave', 'tsi_tide', 'price_vwap_div']...
[12:33:46] [INFO]     Cluster 21: [4f] ['residual_std_tide', 'residual_std_current', 'residual_std_wave', 'atr_14']
[12:33:46] [INFO]     Cluster 22: [4f] ['kalman_velocity', 'volume_ratio', 'volume_sigma', 'volume_accel']
[12:33:46] [INFO]     Cluster 23: [2f] ['kalman_slope_conf', 'vol_price_divergence']
[12:33:46] [INFO]     Cluster 24: [4f] ['total_displacement', 'sigma_abs_dist', 'sigma_squared', 'volume_at_extreme']
[12:33:46] [INFO]     Cluster 25: [3f] ['wave_slope_sq', 'slope_energy', 'atr_ratio']
[12:33:46] [INFO]     Cluster 26: [2f] ['current_slope_sq', 'slope_product_tc']
[12:33:46] [INFO]     Cluster 27: [1f] ['tide_slope_sq']
[12:33:46] [INFO]   Candidates for FWD: 27 (from 27 clusters)
[12:33:46] [INFO]   Top 5: [('tide_slope_sq', '0.0407'), ('d2_vwap_sigma_tide', '0.0394'), ('tide_slope', '0.0384'), ('vwap_sigma_wave', '0.0328'), ('atr_14', '0.0281')]
[12:33:47] [INFO]     FWD [1/27] ❌ REJECTED 'tide_slope_sq' → DSR=-1.5680 (Δ=-1.5680) [0f]
[12:33:47] [INFO]     FWD [2/27] ❌ REJECTED 'd2_vwap_sigma_tide' → DSR=-0.2344 (Δ=-0.2344) [0f]
[12:33:48] [INFO]     FWD [3/27] ❌ REJECTED 'tide_slope' → DSR=-1.5244 (Δ=-1.5244) [0f]
[12:33:49] [INFO]     FWD [4/27] ❌ REJECTED 'vwap_sigma_wave' → DSR=-0.7119 (Δ=-0.7119) [0f]
[12:33:50] [INFO]     FWD [5/27] ✅ ADDED 'atr_14' → DSR=0.2819 (Δ=+0.2819) [1f]
[12:33:51] [INFO]     FWD [6/27] ❌ REJECTED 'slope_diff_tc' → DSR=0.0538 (Δ=-0.2281) [1f]
[12:33:52] [INFO]     FWD [7/27] ✅ ADDED 'sigma_ratio_tw' → DSR=0.9106 (Δ=+0.6287) [2f]
[12:33:53] [INFO]     FWD [8/27] ✅ ADDED 'vwap_sigma_tide' → DSR=2.1994 (Δ=+1.2887) [3f]
[12:33:54] [INFO]     FWD [9/27] ❌ REJECTED 'vol_accel_wave' → DSR=0.7509 (Δ=-1.4485) [3f]
[12:33:55] [INFO]     FWD [10/27] ❌ REJECTED 'slope_product_tc' → DSR=2.1696 (Δ=-0.0298) [3f]
[12:33:57] [INFO]     FWD [11/27] ❌ REJECTED 'wave_accel' → DSR=1.3541 (Δ=-0.8453) [3f]
[12:33:58] [INFO]     FWD [12/27] ❌ REJECTED 'overnight_gap' → DSR=1.9183 (Δ=-0.2811) [3f]
[12:33:59] [INFO]     FWD [13/27] ❌ REJECTED 'd_fear_level' → DSR=1.1484 (Δ=-1.0510) [3f]
[12:34:00] [INFO]     FWD [14/27] ❌ REJECTED 'volume_ratio' → DSR=1.8009 (Δ=-0.3985) [3f]
[12:34:02] [INFO]     FWD [15/27] ❌ REJECTED 'complacency_index' → DSR=1.7619 (Δ=-0.4375) [3f]
[12:34:03] [INFO]     FWD [16/27] ✅ ADDED 'wave_slope_sq' → DSR=2.3410 (Δ=+0.1416) [4f]
[12:34:04] [INFO]     FWD [17/27] ❌ REJECTED 'overnight_gap_vs_tide' → DSR=1.5436 (Δ=-0.7973) [4f]
[12:34:05] [INFO]     FWD [18/27] ❌ REJECTED 'current_accel' → DSR=1.0245 (Δ=-1.3165) [4f]
[12:34:07] [INFO]     FWD [19/27] ❌ REJECTED 'd_tide_slope' → DSR=1.4874 (Δ=-0.8536) [4f]
[12:34:08] [INFO]     FWD [20/27] ❌ REJECTED 'geo_phase_angle' → DSR=0.8061 (Δ=-1.5349) [4f]
[12:34:09] [INFO]     FWD [21/27] ❌ REJECTED 'd_vol_up_down_ratio' → DSR=1.8598 (Δ=-0.4811) [4f]
[12:34:11] [INFO]     FWD [22/27] ❌ REJECTED 'vol_price_divergence' → DSR=0.5053 (Δ=-1.8356) [4f]
[12:34:12] [INFO]     FWD [23/27] ❌ REJECTED 'slope_ratio_tw' → DSR=0.5216 (Δ=-1.8194) [4f]
[12:34:13] [INFO]     FWD [24/27] ❌ REJECTED 'sigma_abs_dist' → DSR=0.6329 (Δ=-1.7081) [4f]
[12:34:14] [INFO]     FWD [25/27] ❌ REJECTED 'rsi_bearish_div' → DSR=-0.0582 (Δ=-2.3992) [4f]
[12:34:16] [INFO]     FWD [26/27] ❌ REJECTED 'tension_ratio_tw' → DSR=0.0373 (Δ=-2.3036) [4f]
[12:34:17] [INFO]     FWD [27/27] ❌ REJECTED 'triple_alignment' → DSR=0.5880 (Δ=-1.7530) [4f]
[12:34:17] [INFO] 
  ★ RESULT SHORT_COVER: 4 features, DSR=2.3410
[12:34:17] [INFO]     Production: DSR=8.602 (56f) → Optimized: DSR=2.341 (4f) [✖ DROP]
[12:34:17] [INFO]     Viable SFI: 85 | Clusters: 27 | Candidates: 27
[12:34:17] [INFO]     Features: ['atr_14', 'sigma_ratio_tw', 'vwap_sigma_tide', 'wave_slope_sq']
[12:34:17] [INFO]     Elapsed: 31s
[12:34:17] [INFO]   Checkpoint saved: phase3_result_short_cover.json
[12:34:17] [INFO] 
────────────────────────────────────────────────────────────────────────────────
[12:34:17] [INFO]   ── HEAD: BOUNCE_HEIGHT ──
[12:34:17] [INFO]   Viable features (SFI > 0.005): 87 / 114
[12:34:17] [INFO]   Clusters found: 30 (from 87 viable)
[12:34:17] [INFO]     Cluster 1: [4f] ['sigma_tide', 'tide_accel', 'd_tide_slope', 'rsi_sigma_interact']
[12:34:17] [INFO]     Cluster 2: [8f] ['tension_current', 'current_slope', 'spread_tide_current', 'vwap_spread_current_wave', 'rsi_conviction']...
[12:34:17] [INFO]     Cluster 3: [9f] ['tension_wave', 'wave_slope', 'conj_wave_current', 'conj_wave_tide', 'geo_phase_angle']...
[12:34:17] [INFO]     Cluster 4: [5f] ['vwap_sigma_tide', 'fear_level', 'geo_velocity_align', 'geo_exit_align', 'below_all_vwaps_int']
[12:34:17] [INFO]     Cluster 5: [5f] ['vwap_sigma_current', 'vwap_sigma_wave', 'rsi_value', 'above_all_vwaps_int', 'rsi_trap_zone']
[12:34:17] [INFO]     Cluster 6: [7f] ['d_sigma_wave', 'd_rsi_value', 'd2_sigma_tide', 'd2_sigma_current', 'd2_tide_accel']...
[12:34:17] [INFO]     Cluster 7: [3f] ['wave_accel', 'd_fear_level', 'd2_conj_wave_tide']
[12:34:17] [INFO]     Cluster 8: [1f] ['complacency_index']
[12:34:17] [INFO]     Cluster 9: [3f] ['current_accel', 'slope_decel_current', 'd2_current_slope']
[12:34:17] [INFO]     Cluster 10: [3f] ['sigma_current', 'sigma_wave', 'bullish_score']
[12:34:17] [INFO]     Cluster 11: [1f] ['rsi_bearish_div']
[12:34:17] [INFO]     Cluster 12: [7f] ['tide_slope', 'vwap_spread_tide_current', 'vwap_spread_tide_wave', 'tsi_tide', 'adi_tide']...
[12:34:17] [INFO]     Cluster 13: [2f] ['kalman_slope_conf', 'vol_price_divergence']
[12:34:17] [INFO]     Cluster 14: [2f] ['d_kalman_velocity', 'volume_accel']
[12:34:17] [INFO]     Cluster 15: [2f] ['kalman_velocity', 'vol_adj_delta']
[12:34:17] [INFO]     Cluster 16: [6f] ['geo_state_norm', 'compr_at_extreme', 'total_displacement', 'sigma_abs_dist', 'sigma_squared']...
[12:34:17] [INFO]     Cluster 17: [3f] ['wave_slope_sq', 'slope_energy', 'atr_ratio']
[12:34:17] [INFO]     Cluster 18: [2f] ['current_slope_sq', 'slope_product_tc']
[12:34:17] [INFO]     Cluster 19: [1f] ['tide_slope_sq']
[12:34:17] [INFO]     Cluster 20: [3f] ['residual_std_tide', 'residual_std_wave', 'atr_14']
[12:34:17] [INFO]     Cluster 21: [1f] ['compression_ratio']
[12:34:17] [INFO]     Cluster 22: [1f] ['geo_accel_align']
[12:34:17] [INFO]     Cluster 23: [1f] ['volume_trend']
[12:34:17] [INFO]     Cluster 24: [1f] ['rsi_divergence_strength']
[12:34:17] [INFO]     Cluster 25: [1f] ['triple_alignment']
[12:34:17] [INFO]     Cluster 26: [1f] ['slope_ratio_tc']
[12:34:17] [INFO]     Cluster 27: [1f] ['overnight_gap_vs_tide']
[12:34:17] [INFO]     Cluster 28: [1f] ['tension_ratio_tw']
[12:34:17] [INFO]     Cluster 29: [1f] ['sigma_ratio_tw']
[12:34:17] [INFO]     Cluster 30: [1f] ['slope_ratio_tw']
[12:34:17] [INFO]   Candidates for FWD: 30 (from 30 clusters)
[12:34:17] [INFO]   Top 5: [('atr_ratio', '0.1067'), ('above_all_vwaps_int', '0.0498'), ('vol_slope_conf', '0.0432'), ('complacency_index', '0.0417'), ('atr_14', '0.0381')]
[12:34:18] [INFO]     FWD [1/30] ✅ ADDED 'atr_ratio' → DSR=1.4935 (Δ=+1.4935) [1f]
[12:34:19] [INFO]     FWD [2/30] ✅ ADDED 'above_all_vwaps_int' → DSR=1.7813 (Δ=+0.2879) [2f]
[12:34:20] [INFO]     FWD [3/30] ✅ ADDED 'vol_slope_conf' → DSR=3.3689 (Δ=+1.5876) [3f]
[12:34:21] [INFO]     FWD [4/30] ❌ REJECTED 'complacency_index' → DSR=2.3731 (Δ=-0.9958) [3f]
[12:34:22] [INFO]     FWD [5/30] ❌ REJECTED 'atr_14' → DSR=2.4063 (Δ=-0.9626) [3f]
[12:34:24] [INFO]     FWD [6/30] ❌ REJECTED 'overnight_gap' → DSR=2.2687 (Δ=-1.1002) [3f]
[12:34:25] [INFO]     FWD [7/30] ✅ ADDED 'tide_slope_sq' → DSR=3.8539 (Δ=+0.4850) [4f]
[12:34:26] [INFO]     FWD [8/30] ❌ REJECTED 'geo_exit_align' → DSR=3.3525 (Δ=-0.5013) [4f]
[12:34:27] [INFO]     FWD [9/30] ✅ ADDED 'slope_ratio_tw' → DSR=7.1559 (Δ=+3.3020) [5f]
[12:34:29] [INFO]     FWD [10/30] ✅ ADDED 'geo_phase_angle' → DSR=10.9185 (Δ=+3.7627) [6f]
[12:34:30] [INFO]     FWD [11/30] ❌ REJECTED 'rsi_conviction' → DSR=8.7158 (Δ=-2.2027) [6f]
[12:34:32] [INFO]     FWD [12/30] ❌ REJECTED 'kalman_slope_conf' → DSR=9.7431 (Δ=-1.1754) [6f]
[12:34:33] [INFO]     FWD [13/30] ❌ REJECTED 'slope_decel_current' → DSR=3.7984 (Δ=-7.1202) [6f]
[12:34:34] [INFO]     FWD [14/30] ✅ ADDED 'rsi_sigma_interact' → DSR=12.9240 (Δ=+2.0055) [7f]
[12:34:36] [INFO]     FWD [15/30] ❌ REJECTED 'overnight_gap_vs_tide' → DSR=9.2900 (Δ=-3.6340) [7f]
[12:34:37] [INFO]     FWD [16/30] ❌ REJECTED 'tension_ratio_tw' → DSR=4.7330 (Δ=-8.1910) [7f]
[12:34:39] [INFO]     FWD [17/30] ❌ REJECTED 'vol_adj_delta' → DSR=7.8821 (Δ=-5.0420) [7f]
[12:34:40] [INFO]     FWD [18/30] ❌ REJECTED 'slope_ratio_tc' → DSR=8.0317 (Δ=-4.8923) [7f]
[12:34:42] [INFO]     FWD [19/30] ❌ REJECTED 'rsi_bearish_div' → DSR=10.1717 (Δ=-2.7523) [7f]
[12:34:43] [INFO]     FWD [20/30] ❌ REJECTED 'slope_product_tc' → DSR=3.9138 (Δ=-9.0102) [7f]
[12:34:45] [INFO]     FWD [21/30] ❌ REJECTED 'sigma_ratio_tw' → DSR=3.6772 (Δ=-9.2468) [7f]
[12:34:46] [INFO]     FWD [22/30] ❌ REJECTED 'd_kalman_velocity' → DSR=10.3602 (Δ=-2.5639) [7f]
[12:34:47] [INFO]     FWD [23/30] ❌ REJECTED 'bullish_score' → DSR=11.9574 (Δ=-0.9666) [7f]
[12:34:49] [INFO]     FWD [24/30] ❌ REJECTED 'volume_at_extreme' → DSR=8.3689 (Δ=-4.5551) [7f]
[12:34:50] [INFO]     FWD [25/30] ❌ REJECTED 'geo_accel_align' → DSR=3.8576 (Δ=-9.0665) [7f]
[12:34:52] [INFO]     FWD [26/30] ❌ REJECTED 'triple_alignment' → DSR=8.8876 (Δ=-4.0365) [7f]
[12:34:53] [INFO]     FWD [27/30] ❌ REJECTED 'd2_conj_wave_tide' → DSR=11.8246 (Δ=-1.0995) [7f]
[12:34:55] [INFO]     FWD [28/30] ❌ REJECTED 'compression_ratio' → DSR=10.5738 (Δ=-2.3503) [7f]
[12:34:56] [INFO]     FWD [29/30] ❌ REJECTED 'rsi_divergence_strength' → DSR=3.5403 (Δ=-9.3837) [7f]
[12:34:58] [INFO]     FWD [30/30] ❌ REJECTED 'volume_trend' → DSR=4.1446 (Δ=-8.7795) [7f]
[12:34:58] [INFO] 
  ★ RESULT BOUNCE_HEIGHT: 7 features, DSR=12.9240
[12:34:58] [INFO]     Production: DSR=2.308 (56f) → Optimized: DSR=12.924 (7f) [★ GAIN]
[12:34:58] [INFO]     Viable SFI: 87 | Clusters: 30 | Candidates: 30
[12:34:58] [INFO]     Features: ['atr_ratio', 'above_all_vwaps_int', 'vol_slope_conf', 'tide_slope_sq', 'slope_ratio_tw', 'geo_phase_angle', 'rsi_sigma_interact']
[12:34:58] [INFO]     Elapsed: 41s
[12:34:58] [INFO]   Checkpoint saved: phase3_result_bounce_height.json
[12:34:58] [INFO] 
────────────────────────────────────────────────────────────────────────────────
[12:34:58] [INFO]   ── HEAD: TREND_RECOVERY ──
[12:34:58] [INFO]   Viable features (SFI > 0.005): 98 / 114
[12:34:58] [INFO]   Clusters found: 31 (from 98 viable)
[12:34:58] [INFO]     Cluster 1: [10f] ['tension_current', 'current_slope', 'conj_current_tide', 'spread_tide_current', 'vwap_spread_current_wave']...
[12:34:58] [INFO]     Cluster 2: [6f] ['sigma_tide', 'tide_accel', 'spread_tide_wave', 'sigma_divergence', 'd_tide_slope']...
[12:34:58] [INFO]     Cluster 3: [2f] ['current_accel', 'd2_current_slope']
[12:34:58] [INFO]     Cluster 4: [7f] ['vwap_sigma_current', 'vwap_sigma_wave', 'rsi_value', 'above_all_vwaps_int', 'bullish_score']...
[12:34:58] [INFO]     Cluster 5: [1f] ['rsi_trap_zone']
[12:34:58] [INFO]     Cluster 6: [1f] ['rsi_bearish_div']
[12:34:58] [INFO]     Cluster 7: [1f] ['vol_up_down_ratio']
[12:34:58] [INFO]     Cluster 8: [5f] ['vwap_sigma_tide', 'fear_level', 'geo_velocity_align', 'geo_exit_align', 'below_all_vwaps_int']
[12:34:58] [INFO]     Cluster 9: [11f] ['tension_wave', 'wave_slope', 'conj_wave_current', 'conj_wave_tide', 'spread_current_wave']...
[12:34:58] [INFO]     Cluster 10: [10f] ['tension_tide', 'tide_slope', 'vwap_spread_tide_current', 'vwap_spread_tide_wave', 'tsi_tide']...
[12:34:58] [INFO]     Cluster 11: [8f] ['d_rsi_value', 'd_wave_accel', 'd2_sigma_tide', 'd2_sigma_current', 'd2_tide_accel']...
[12:34:58] [INFO]     Cluster 12: [1f] ['d2_spread_tide_wave']
[12:34:58] [INFO]     Cluster 13: [6f] ['geo_state_norm', 'compr_at_extreme', 'total_displacement', 'sigma_abs_dist', 'sigma_squared']...
[12:34:58] [INFO]     Cluster 14: [4f] ['kalman_velocity', 'vol_adj_delta', 'd_kalman_velocity', 'volume_sigma']
[12:34:58] [INFO]     Cluster 15: [2f] ['kalman_slope_conf', 'vol_price_divergence']
[12:34:58] [INFO]     Cluster 16: [4f] ['residual_std_tide', 'residual_std_current', 'residual_std_wave', 'atr_14']
[12:34:58] [INFO]     Cluster 17: [3f] ['wave_slope_sq', 'slope_energy', 'atr_ratio']
[12:34:58] [INFO]     Cluster 18: [2f] ['current_slope_sq', 'slope_product_tc']
[12:34:58] [INFO]     Cluster 19: [1f] ['tide_slope_sq']
[12:34:58] [INFO]     Cluster 20: [2f] ['slope_decel_wave', 'complacency_index']
[12:34:58] [INFO]     Cluster 21: [1f] ['d_fear_level']
[12:34:58] [INFO]     Cluster 22: [1f] ['geo_accel_align']
[12:34:58] [INFO]     Cluster 23: [1f] ['d_compression_ratio']
[12:34:58] [INFO]     Cluster 24: [1f] ['volume_trend']
[12:34:58] [INFO]     Cluster 25: [1f] ['compression_ratio']
[12:34:58] [INFO]     Cluster 26: [1f] ['rsi_divergence_strength']
[12:34:58] [INFO]     Cluster 27: [1f] ['slope_ratio_tc']
[12:34:58] [INFO]     Cluster 28: [1f] ['overnight_gap_vs_tide']
[12:34:58] [INFO]     Cluster 29: [1f] ['tension_ratio_tw']
[12:34:58] [INFO]     Cluster 30: [1f] ['sigma_ratio_tw']
[12:34:58] [INFO]     Cluster 31: [1f] ['slope_ratio_tw']
[12:34:58] [INFO]   Candidates for FWD: 31 (from 31 clusters)
[12:34:58] [INFO]   Top 5: [('vwap_spread_tide_wave', '0.3671'), ('d_tide_slope', '0.3580'), ('vwap_sigma_tide', '0.3456'), ('d2_tension_tide', '0.2917'), ('above_all_vwaps_int', '0.2286')]
[12:35:00] [INFO]     FWD [1/31] ✅ ADDED 'vwap_spread_tide_wave' → DSR=4.7476 (Δ=+4.7476) [1f]
[12:35:02] [INFO]     FWD [2/31] ✅ ADDED 'd_tide_slope' → DSR=5.8312 (Δ=+1.0835) [2f]
[12:35:05] [INFO]     FWD [3/31] ✅ ADDED 'vwap_sigma_tide' → DSR=6.3419 (Δ=+0.5107) [3f]
[12:35:06] [INFO]     FWD [4/31] ❌ REJECTED 'd2_tension_tide' → DSR=5.9745 (Δ=-0.3674) [3f]
[12:35:08] [INFO]     FWD [5/31] ✅ ADDED 'above_all_vwaps_int' → DSR=6.3671 (Δ=+0.0252) [4f]
[12:35:10] [INFO]     FWD [6/31] ❌ REJECTED 'adi_current' → DSR=6.1249 (Δ=-0.2422) [4f]
[12:35:12] [INFO]     FWD [7/31] ❌ REJECTED 'volume_at_extreme' → DSR=6.2214 (Δ=-0.1457) [4f]
[12:35:14] [INFO]     FWD [8/31] ❌ REJECTED 'complacency_index' → DSR=6.2504 (Δ=-0.1167) [4f]
[12:35:16] [INFO]     FWD [9/31] ❌ REJECTED 'slope_ratio_tc' → DSR=6.0547 (Δ=-0.3123) [4f]
[12:35:17] [INFO]     FWD [10/31] ❌ REJECTED 'adi_wave' → DSR=6.2584 (Δ=-0.1086) [4f]
[12:35:19] [INFO]     FWD [11/31] ❌ REJECTED 'compression_ratio' → DSR=5.9203 (Δ=-0.4468) [4f]
[12:35:21] [INFO]     FWD [12/31] ❌ REJECTED 'tension_ratio_tw' → DSR=6.3667 (Δ=-0.0004) [4f]
[12:35:22] [INFO]     FWD [13/31] ✅ ADDED 'sigma_ratio_tw' → DSR=6.7468 (Δ=+0.3797) [5f]
[12:35:24] [INFO]     FWD [14/31] ❌ REJECTED 'slope_ratio_tw' → DSR=6.1582 (Δ=-0.5886) [5f]
[12:35:26] [INFO]     FWD [15/31] ❌ REJECTED 'tide_slope_sq' → DSR=5.1069 (Δ=-1.6398) [5f]
[12:35:28] [INFO]     FWD [16/31] ❌ REJECTED 'rsi_trap_zone' → DSR=6.5115 (Δ=-0.2353) [5f]
[12:35:30] [INFO]     FWD [17/31] ❌ REJECTED 'overnight_gap_vs_tide' → DSR=6.3377 (Δ=-0.4090) [5f]
[12:35:32] [INFO]     FWD [18/31] ❌ REJECTED 'residual_std_current' → DSR=6.2358 (Δ=-0.5110) [5f]
[12:35:34] [INFO]     FWD [19/31] ❌ REJECTED 'kalman_slope_conf' → DSR=6.2014 (Δ=-0.5454) [5f]
[12:35:36] [INFO]     FWD [20/31] ❌ REJECTED 'slope_product_tc' → DSR=5.4066 (Δ=-1.3402) [5f]
[12:35:38] [INFO]     FWD [21/31] ❌ REJECTED 'slope_energy' → DSR=5.7790 (Δ=-0.9678) [5f]
[12:35:39] [INFO]     FWD [22/31] ❌ REJECTED 'vol_up_down_ratio' → DSR=6.6255 (Δ=-0.1213) [5f]
[12:35:41] [INFO]     FWD [23/31] ❌ REJECTED 'd_compression_ratio' → DSR=6.0954 (Δ=-0.6514) [5f]
[12:35:43] [INFO]     FWD [24/31] ❌ REJECTED 'd2_spread_tide_wave' → DSR=6.4932 (Δ=-0.2536) [5f]
[12:35:45] [INFO]     FWD [25/31] ❌ REJECTED 'd_fear_level' → DSR=6.6091 (Δ=-0.1377) [5f]
[12:35:46] [INFO]     FWD [26/31] ❌ REJECTED 'vol_adj_delta' → DSR=6.4943 (Δ=-0.2525) [5f]
[12:35:48] [INFO]     FWD [27/31] ❌ REJECTED 'rsi_divergence_strength' → DSR=6.7230 (Δ=-0.0238) [5f]
[12:35:50] [INFO]     FWD [28/31] ❌ REJECTED 'volume_trend' → DSR=6.2053 (Δ=-0.5414) [5f]
[12:35:52] [INFO]     FWD [29/31] ❌ REJECTED 'rsi_bearish_div' → DSR=6.5845 (Δ=-0.1622) [5f]
[12:35:54] [INFO]     FWD [30/31] ❌ REJECTED 'current_accel' → DSR=5.6091 (Δ=-1.1376) [5f]
[12:35:58] [INFO]     FWD [31/31] ❌ REJECTED 'geo_accel_align' → DSR=6.4477 (Δ=-0.2990) [5f]
[12:35:58] [INFO] 
  ★ RESULT TREND_RECOVERY: 5 features, DSR=6.7468
[12:35:58] [INFO]     Production: DSR=4.626 (56f) → Optimized: DSR=6.747 (5f) [★ GAIN]
[12:35:58] [INFO]     Viable SFI: 98 | Clusters: 31 | Candidates: 31
[12:35:58] [INFO]     Features: ['vwap_spread_tide_wave', 'd_tide_slope', 'vwap_sigma_tide', 'above_all_vwaps_int', 'sigma_ratio_tw']
[12:35:58] [INFO]     Elapsed: 60s
[12:35:58] [INFO]   Checkpoint saved: phase3_result_trend_recovery.json
[12:35:58] [INFO] 
────────────────────────────────────────────────────────────────────────────────
[12:35:58] [INFO]   ── HEAD: ZZ_BOTTOM_DETECTOR ──
[12:35:58] [INFO]   Viable features (SFI > 0.005): 113 / 114
[12:35:59] [INFO]   Clusters found: 36 (from 113 viable)
[12:35:59] [INFO]     Cluster 1: [10f] ['tension_current', 'current_slope', 'conj_current_tide', 'spread_tide_current', 'vwap_spread_current_wave']...
[12:35:59] [INFO]     Cluster 2: [6f] ['sigma_tide', 'tide_accel', 'spread_tide_wave', 'sigma_divergence', 'd_tide_slope']...
[12:35:59] [INFO]     Cluster 3: [5f] ['vwap_sigma_tide', 'fear_level', 'geo_velocity_align', 'geo_exit_align', 'below_all_vwaps_int']
[12:35:59] [INFO]     Cluster 4: [5f] ['vwap_sigma_current', 'vwap_sigma_wave', 'rsi_value', 'above_all_vwaps_int', 'rsi_trap_zone']
[12:35:59] [INFO]     Cluster 5: [3f] ['current_accel', 'slope_decel_current', 'd2_current_slope']
[12:35:59] [INFO]     Cluster 6: [11f] ['tension_wave', 'wave_slope', 'conj_wave_current', 'conj_wave_tide', 'spread_current_wave']...
[12:35:59] [INFO]     Cluster 7: [8f] ['d_sigma_wave', 'd_rsi_value', 'd2_sigma_tide', 'd2_sigma_current', 'd2_tide_accel']...
[12:35:59] [INFO]     Cluster 8: [2f] ['overnight_gap', 'overnight_gap_atr']
[12:35:59] [INFO]     Cluster 9: [1f] ['overnight_gap_vs_tide']
[12:35:59] [INFO]     Cluster 10: [2f] ['slope_decel_wave', 'complacency_index']
[12:35:59] [INFO]     Cluster 11: [2f] ['wave_flip_direction', 'd_fear_level']
[12:35:59] [INFO]     Cluster 12: [3f] ['wave_accel', 'd_wave_accel', 'd2_conj_wave_tide']
[12:35:59] [INFO]     Cluster 13: [2f] ['vol_up_down_ratio', 'd_vol_up_down_ratio']
[12:35:59] [INFO]     Cluster 14: [5f] ['sigma_current', 'sigma_wave', 'bullish_score', 'sigma_max_tf', 'sigma_min_tf']
[12:35:59] [INFO]     Cluster 15: [1f] ['rsi_bearish_div']
[12:35:59] [INFO]     Cluster 16: [10f] ['tension_tide', 'tide_slope', 'vwap_spread_tide_current', 'vwap_spread_tide_wave', 'tsi_tide']...
[12:35:59] [INFO]     Cluster 17: [2f] ['kalman_slope_conf', 'vol_price_divergence']
[12:35:59] [INFO]     Cluster 18: [2f] ['d_kalman_velocity', 'volume_accel']
[12:35:59] [INFO]     Cluster 19: [5f] ['kalman_velocity', 'vol_adj_delta', 'volume_ratio', 'volume_sigma', 'volume_exhaustion']
[12:35:59] [INFO]     Cluster 20: [6f] ['geo_state_norm', 'compr_at_extreme', 'total_displacement', 'sigma_abs_dist', 'sigma_squared']...
[12:35:59] [INFO]     Cluster 21: [4f] ['residual_std_tide', 'residual_std_current', 'residual_std_wave', 'atr_14']
[12:35:59] [INFO]     Cluster 22: [3f] ['wave_slope_sq', 'slope_energy', 'atr_ratio']
[12:35:59] [INFO]     Cluster 23: [2f] ['current_slope_sq', 'slope_product_tc']
[12:35:59] [INFO]     Cluster 24: [1f] ['tide_slope_sq']
[12:35:59] [INFO]     Cluster 25: [1f] ['geo_accel_align']
[12:35:59] [INFO]     Cluster 26: [1f] ['d_compression_ratio']
[12:35:59] [INFO]     Cluster 27: [1f] ['volume_trend']
[12:35:59] [INFO]     Cluster 28: [1f] ['wave_flip']
[12:35:59] [INFO]     Cluster 29: [1f] ['triple_alignment']
[12:35:59] [INFO]     Cluster 30: [1f] ['compression_ratio']
[12:35:59] [INFO]     Cluster 31: [1f] ['rsi_divergence_strength']
[12:35:59] [INFO]     Cluster 32: [1f] ['tension_ratio_tw']
[12:35:59] [INFO]     Cluster 33: [1f] ['vol_accel_wave']
[12:35:59] [INFO]     Cluster 34: [1f] ['sigma_ratio_tw']
[12:35:59] [INFO]     Cluster 35: [1f] ['slope_ratio_tc']
[12:35:59] [INFO]     Cluster 36: [1f] ['slope_ratio_tw']
[12:35:59] [INFO]   Candidates for FWD: 36 (from 36 clusters)
[12:35:59] [INFO]   Top 5: [('rsi_value', '0.3167'), ('complacency_index', '0.2879'), ('atr_ratio', '0.2681'), ('sigma_min_tf', '0.2550'), ('sigma_tide', '0.2361')]
[12:36:02] [INFO]     FWD [1/36] ✅ ADDED 'rsi_value' → DSR=14.9278 (Δ=+14.9278) [1f]
[12:36:06] [INFO]     FWD [2/36] ✅ ADDED 'complacency_index' → DSR=17.7506 (Δ=+2.8228) [2f]
[12:36:10] [INFO]     FWD [3/36] ✅ ADDED 'atr_ratio' → DSR=27.0289 (Δ=+9.2783) [3f]
[12:36:14] [INFO]     FWD [4/36] ❌ REJECTED 'sigma_min_tf' → DSR=26.9773 (Δ=-0.0516) [3f]
[12:36:19] [INFO]     FWD [5/36] ✅ ADDED 'sigma_tide' → DSR=27.3820 (Δ=+0.3531) [4f]
[12:36:23] [INFO]     FWD [6/36] ❌ REJECTED 'rsi_conviction' → DSR=24.1668 (Δ=-3.2152) [4f]
[12:36:28] [INFO]     FWD [7/36] ❌ REJECTED 'd2_current_slope' → DSR=26.7156 (Δ=-0.6664) [4f]
[12:36:32] [INFO]     FWD [8/36] ❌ REJECTED 'vwap_sigma_tide' → DSR=23.8740 (Δ=-3.5080) [4f]
[12:36:37] [INFO]     FWD [9/36] ❌ REJECTED 'tsi_wave' → DSR=24.9685 (Δ=-2.4135) [4f]
[12:36:41] [INFO]     FWD [10/36] ❌ REJECTED 'wave_accel' → DSR=27.0365 (Δ=-0.3455) [4f]
[12:36:46] [INFO]     FWD [11/36] ✅ ADDED 'overnight_gap' → DSR=27.4495 (Δ=+0.0675) [5f]
[12:36:50] [INFO]     FWD [12/36] ❌ REJECTED 'd2_vwap_sigma_tide' → DSR=23.6200 (Δ=-3.8295) [5f]
[12:36:55] [INFO]     FWD [13/36] ❌ REJECTED 'residual_std_wave' → DSR=23.6355 (Δ=-3.8140) [5f]
[12:37:05] [INFO]     FWD [14/36] ❌ REJECTED 'compr_at_extreme' → DSR=25.6567 (Δ=-1.7927) [5f]
[12:37:10] [INFO]     FWD [15/36] ❌ REJECTED 'compression_ratio' → DSR=25.5979 (Δ=-1.8516) [5f]
[12:37:14] [INFO]     FWD [16/36] ✅ ADDED 'volume_trend' → DSR=27.7867 (Δ=+0.3372) [6f]
[12:37:20] [INFO]     FWD [17/36] ❌ REJECTED 'volume_ratio' → DSR=27.1101 (Δ=-0.6765) [6f]
[12:37:24] [INFO]     FWD [18/36] ❌ REJECTED 'tension_tide' → DSR=25.5712 (Δ=-2.2154) [6f]
[12:37:32] [INFO]     FWD [19/36] ❌ REJECTED 'tension_ratio_tw' → DSR=25.7401 (Δ=-2.0466) [6f]
[12:37:38] [INFO]     FWD [20/36] ❌ REJECTED 'vol_up_down_ratio' → DSR=25.5624 (Δ=-2.2243) [6f]
[12:37:43] [INFO]     FWD [21/36] ❌ REJECTED 'slope_ratio_tw' → DSR=26.4569 (Δ=-1.3298) [6f]
[12:37:47] [INFO]     FWD [22/36] ✅ ADDED 'overnight_gap_vs_tide' → DSR=28.1897 (Δ=+0.4030) [7f]
[12:37:52] [INFO]     FWD [23/36] ❌ REJECTED 'vol_accel_wave' → DSR=27.1189 (Δ=-1.0708) [7f]
[12:37:57] [INFO]     FWD [24/36] ❌ REJECTED 'vol_price_divergence' → DSR=27.4279 (Δ=-0.7618) [7f]
[12:38:02] [INFO]     FWD [25/36] ❌ REJECTED 'slope_product_tc' → DSR=27.1115 (Δ=-1.0782) [7f]
[12:38:07] [INFO]     FWD [26/36] ❌ REJECTED 'sigma_ratio_tw' → DSR=27.8676 (Δ=-0.3221) [7f]
[12:38:11] [INFO]     FWD [27/36] ❌ REJECTED 'volume_accel' → DSR=26.0175 (Δ=-2.1722) [7f]
[12:38:16] [INFO]     FWD [28/36] ❌ REJECTED 'd_compression_ratio' → DSR=25.1320 (Δ=-3.0577) [7f]
[12:38:21] [INFO]     FWD [29/36] ✅ ADDED 'rsi_bearish_div' → DSR=29.8245 (Δ=+1.6348) [8f]
[12:38:28] [INFO]     FWD [30/36] ✅ ADDED 'triple_alignment' → DSR=30.5406 (Δ=+0.7162) [9f]
[12:38:35] [INFO]     FWD [31/36] ❌ REJECTED 'geo_accel_align' → DSR=27.7967 (Δ=-2.7440) [9f]
[12:38:50] [INFO]     FWD [32/36] ❌ REJECTED 'slope_ratio_tc' → DSR=25.7122 (Δ=-4.8285) [9f]
[12:39:10] [INFO]     FWD [33/36] ❌ REJECTED 'tide_slope_sq' → DSR=27.2930 (Δ=-3.2476) [9f]
[12:39:27] [INFO]     FWD [34/36] ❌ REJECTED 'wave_flip' → DSR=27.8758 (Δ=-2.6648) [9f]
[12:39:43] [INFO]     FWD [35/36] ❌ REJECTED 'd_fear_level' → DSR=28.5460 (Δ=-1.9946) [9f]
[12:40:00] [INFO]     FWD [36/36] ❌ REJECTED 'rsi_divergence_strength' → DSR=28.5780 (Δ=-1.9626) [9f]
[12:40:00] [INFO] 
  ★ RESULT ZZ_BOTTOM_DETECTOR: 9 features, DSR=30.5406
[12:40:00] [INFO]     Production: DSR=20.967 (63f) → Optimized: DSR=30.541 (9f) [★ GAIN]
[12:40:00] [INFO]     Viable SFI: 113 | Clusters: 36 | Candidates: 36
[12:40:00] [INFO]     Features: ['rsi_value', 'complacency_index', 'atr_ratio', 'sigma_tide', 'overnight_gap', 'volume_trend', 'overnight_gap_vs_tide', 'rsi_bearish_div', 'triple_alignment']
[12:40:00] [INFO]     Elapsed: 241s
[12:40:00] [INFO]   Checkpoint saved: phase3_result_zz_bottom_detector.json
[12:40:00] [INFO] 
────────────────────────────────────────────────────────────────────────────────
[12:40:00] [INFO]   ── HEAD: ZZ_TOP_DETECTOR ──
[12:40:01] [INFO]   Viable features (SFI > 0.005): 105 / 114
[12:40:02] [INFO]   Clusters found: 32 (from 105 viable)
[12:40:02] [INFO]     Cluster 1: [4f] ['sigma_tide', 'tide_accel', 'd_tide_slope', 'rsi_sigma_interact']
[12:40:02] [INFO]     Cluster 2: [9f] ['tension_current', 'current_slope', 'conj_current_tide', 'spread_tide_current', 'vwap_spread_current_wave']...
[12:40:02] [INFO]     Cluster 3: [5f] ['vwap_sigma_tide', 'fear_level', 'rsi_conviction', 'geo_velocity_align', 'geo_exit_align']
[12:40:02] [INFO]     Cluster 4: [5f] ['vwap_sigma_current', 'vwap_sigma_wave', 'rsi_value', 'above_all_vwaps_int', 'rsi_trap_zone']
[12:40:02] [INFO]     Cluster 5: [3f] ['current_accel', 'slope_decel_current', 'd2_current_slope']
[12:40:02] [INFO]     Cluster 6: [11f] ['tension_wave', 'wave_slope', 'conj_wave_current', 'conj_wave_tide', 'spread_current_wave']...
[12:40:02] [INFO]     Cluster 7: [8f] ['d_sigma_wave', 'd_rsi_value', 'd2_sigma_tide', 'd2_sigma_current', 'd2_tide_accel']...
[12:40:02] [INFO]     Cluster 8: [2f] ['overnight_gap', 'overnight_gap_atr']
[12:40:02] [INFO]     Cluster 9: [1f] ['overnight_gap_vs_tide']
[12:40:02] [INFO]     Cluster 10: [2f] ['slope_decel_wave', 'complacency_index']
[12:40:02] [INFO]     Cluster 11: [3f] ['wave_accel', 'd_wave_accel', 'd2_conj_wave_tide']
[12:40:02] [INFO]     Cluster 12: [1f] ['d_fear_level']
[12:40:02] [INFO]     Cluster 13: [2f] ['vol_up_down_ratio', 'd_vol_up_down_ratio']
[12:40:02] [INFO]     Cluster 14: [5f] ['sigma_current', 'sigma_wave', 'bullish_score', 'sigma_max_tf', 'sigma_min_tf']
[12:40:02] [INFO]     Cluster 15: [1f] ['rsi_bearish_div']
[12:40:02] [INFO]     Cluster 16: [10f] ['tension_tide', 'tide_slope', 'vwap_spread_tide_current', 'vwap_spread_tide_wave', 'tsi_tide']...
[12:40:02] [INFO]     Cluster 17: [6f] ['kalman_velocity', 'vol_adj_delta', 'volume_ratio', 'volume_sigma', 'volume_accel']...
[12:40:02] [INFO]     Cluster 18: [2f] ['kalman_slope_conf', 'vol_price_divergence']
[12:40:02] [INFO]     Cluster 19: [6f] ['geo_state_norm', 'compr_at_extreme', 'total_displacement', 'sigma_abs_dist', 'sigma_squared']...
[12:40:02] [INFO]     Cluster 20: [1f] ['compression_ratio']
[12:40:02] [INFO]     Cluster 21: [1f] ['volume_trend']
[12:40:02] [INFO]     Cluster 22: [4f] ['residual_std_tide', 'residual_std_current', 'residual_std_wave', 'atr_14']
[12:40:02] [INFO]     Cluster 23: [3f] ['wave_slope_sq', 'slope_energy', 'atr_ratio']
[12:40:02] [INFO]     Cluster 24: [2f] ['current_slope_sq', 'slope_product_tc']
[12:40:02] [INFO]     Cluster 25: [1f] ['tide_slope_sq']
[12:40:02] [INFO]     Cluster 26: [1f] ['wave_flip']
[12:40:02] [INFO]     Cluster 27: [1f] ['geo_accel_align']
[12:40:02] [INFO]     Cluster 28: [1f] ['triple_alignment']
[12:40:02] [INFO]     Cluster 29: [1f] ['sigma_ratio_tw']
[12:40:02] [INFO]     Cluster 30: [1f] ['vol_accel_wave']
[12:40:02] [INFO]     Cluster 31: [1f] ['slope_ratio_tc']
[12:40:02] [INFO]     Cluster 32: [1f] ['slope_ratio_tw']
[12:40:02] [INFO]   Candidates for FWD: 32 (from 32 clusters)
[12:40:02] [INFO]   Top 5: [('atr_ratio', '0.1495'), ('d2_tide_accel', '0.1159'), ('overnight_gap', '0.1111'), ('bullish_score', '0.1109'), ('vwap_sigma_wave', '0.1070')]
[12:40:11] [INFO]     FWD [1/32] ✅ ADDED 'atr_ratio' → DSR=2.8779 (Δ=+2.8779) [1f]
[12:40:28] [INFO]     FWD [2/32] ✅ ADDED 'd2_tide_accel' → DSR=3.7648 (Δ=+0.8869) [2f]
[12:40:32] [INFO]     FWD [3/32] ✅ ADDED 'overnight_gap' → DSR=4.2167 (Δ=+0.4519) [3f]
[12:40:37] [INFO]     FWD [4/32] ✅ ADDED 'bullish_score' → DSR=5.0274 (Δ=+0.8107) [4f]
[12:40:42] [INFO]     FWD [5/32] ✅ ADDED 'vwap_sigma_wave' → DSR=5.7880 (Δ=+0.7606) [5f]
[12:40:46] [INFO]     FWD [6/32] ❌ REJECTED 'wave_accel' → DSR=5.2908 (Δ=-0.4971) [5f]
[12:40:50] [INFO]     FWD [7/32] ❌ REJECTED 'residual_std_wave' → DSR=5.0225 (Δ=-0.7655) [5f]
[12:40:55] [INFO]     FWD [8/32] ✅ ADDED 'tsi_wave' → DSR=6.1115 (Δ=+0.3236) [6f]
[12:40:59] [INFO]     FWD [9/32] ❌ REJECTED 'complacency_index' → DSR=6.0062 (Δ=-0.1054) [6f]
[12:41:04] [INFO]     FWD [10/32] ❌ REJECTED 'compression_ratio' → DSR=5.7404 (Δ=-0.3712) [6f]
[12:41:09] [INFO]     FWD [11/32] ❌ REJECTED 'd2_current_slope' → DSR=5.9527 (Δ=-0.1588) [6f]
[12:41:13] [INFO]     FWD [12/32] ❌ REJECTED 'rsi_conviction' → DSR=5.1048 (Δ=-1.0067) [6f]
[12:41:17] [INFO]     FWD [13/32] ✅ ADDED 'vol_adj_delta' → DSR=6.2457 (Δ=+0.1341) [7f]
[12:41:22] [INFO]     FWD [14/32] ✅ ADDED 'compr_at_extreme' → DSR=6.6038 (Δ=+0.3582) [8f]
[12:41:26] [INFO]     FWD [15/32] ✅ ADDED 'rsi_sigma_interact' → DSR=6.9615 (Δ=+0.3577) [9f]
[12:41:32] [INFO]     FWD [16/32] ❌ REJECTED 'overnight_gap_vs_tide' → DSR=6.9426 (Δ=-0.0189) [9f]
[12:41:37] [INFO]     FWD [17/32] ❌ REJECTED 'vol_slope_conf' → DSR=6.3305 (Δ=-0.6310) [9f]
[12:41:41] [INFO]     FWD [18/32] ❌ REJECTED 'slope_product_tc' → DSR=6.8182 (Δ=-0.1433) [9f]
[12:41:47] [INFO]     FWD [19/32] ❌ REJECTED 'vol_up_down_ratio' → DSR=6.3764 (Δ=-0.5851) [9f]
[12:41:51] [INFO]     FWD [20/32] ❌ REJECTED 'tsi_current' → DSR=6.8299 (Δ=-0.1316) [9f]
[12:42:00] [INFO]     FWD [21/32] ❌ REJECTED 'vol_accel_wave' → DSR=6.6826 (Δ=-0.2789) [9f]
[12:42:06] [INFO]     FWD [22/32] ❌ REJECTED 'kalman_slope_conf' → DSR=6.7988 (Δ=-0.1627) [9f]
[12:42:14] [INFO]     FWD [23/32] ❌ REJECTED 'rsi_bearish_div' → DSR=6.5755 (Δ=-0.3860) [9f]
[12:42:19] [INFO]     FWD [24/32] ✅ ADDED 'tide_slope_sq' → DSR=7.7262 (Δ=+0.7647) [10f]
[12:42:24] [INFO]     FWD [25/32] ❌ REJECTED 'volume_trend' → DSR=6.7528 (Δ=-0.9733) [10f]
[12:42:29] [INFO]     FWD [26/32] ✅ ADDED 'sigma_ratio_tw' → DSR=8.0958 (Δ=+0.3696) [11f]
[12:42:34] [INFO]     FWD [27/32] ❌ REJECTED 'slope_ratio_tw' → DSR=7.0385 (Δ=-1.0573) [11f]
[12:42:39] [INFO]     FWD [28/32] ❌ REJECTED 'wave_flip' → DSR=7.3495 (Δ=-0.7463) [11f]
[12:42:45] [INFO]     FWD [29/32] ❌ REJECTED 'triple_alignment' → DSR=7.1073 (Δ=-0.9885) [11f]
[12:42:50] [INFO]     FWD [30/32] ❌ REJECTED 'geo_accel_align' → DSR=7.0103 (Δ=-1.0855) [11f]
[12:42:55] [INFO]     FWD [31/32] ❌ REJECTED 'd_fear_level' → DSR=6.8445 (Δ=-1.2512) [11f]
[12:43:00] [INFO]     FWD [32/32] ❌ REJECTED 'slope_ratio_tc' → DSR=6.5680 (Δ=-1.5277) [11f]
[12:43:00] [INFO] 
  ★ RESULT ZZ_TOP_DETECTOR: 11 features, DSR=8.0958
[12:43:00] [INFO]     Production: DSR=25.783 (63f) → Optimized: DSR=8.096 (11f) [✖ DROP]
[12:43:00] [INFO]     Viable SFI: 105 | Clusters: 32 | Candidates: 32
[12:43:00] [INFO]     Features: ['atr_ratio', 'd2_tide_accel', 'overnight_gap', 'bullish_score', 'vwap_sigma_wave', 'tsi_wave', 'vol_adj_delta', 'compr_at_extreme', 'rsi_sigma_interact', 'tide_slope_sq', 'sigma_ratio_tw']
[12:43:00] [INFO]     Elapsed: 179s
[12:43:00] [INFO]   Checkpoint saved: phase3_result_zz_top_detector.json
[12:43:01] [INFO]   Checkpoint saved: phase2_clusters_per_head.json
[12:43:01] [INFO] ==========================================================================================
[12:43:01] [INFO]   PHASE 4: COMPARATIVE DICTAMEN
[12:43:01] [INFO] ==========================================================================================
[12:43:01] [INFO] 
                    Head │   Prod │  SFI→FWD │      Δ │  Feat │   Status
[12:43:01] [INFO]   ─────────────────────────────────────────────────────────────────
[12:43:01] [INFO]               long_entry │   0.59 │    1.378 │  +0.79 │     7 │   ★ GAIN
[12:43:01] [INFO]               swing_exit │  14.25 │   11.488 │  -2.76 │    11 │   ✖ DROP
[12:43:01] [INFO]           pullback_depth │   6.23 │   13.752 │  +7.53 │     3 │   ★ GAIN
[12:43:01] [INFO]           trend_reversal │  11.57 │   21.083 │  +9.51 │     6 │   ★ GAIN
[12:43:01] [INFO]              short_entry │   1.70 │    1.149 │  -0.56 │     4 │   ✖ DROP
[12:43:01] [INFO]              short_cover │   8.60 │    2.341 │  -6.26 │     4 │   ✖ DROP
[12:43:01] [INFO]            bounce_height │   2.31 │   12.924 │ +10.62 │     7 │   ★ GAIN
[12:43:01] [INFO]           trend_recovery │   4.63 │    6.747 │  +2.12 │     5 │   ★ GAIN
[12:43:01] [INFO]       zz_bottom_detector │  20.97 │   30.541 │  +9.57 │     9 │   ★ GAIN
[12:43:01] [INFO]          zz_top_detector │  25.78 │    8.096 │ -17.69 │    11 │   ✖ DROP
[12:43:01] [INFO] 
  Gains: 6/10
[12:43:01] [INFO] ==========================================================================================
[12:43:01] [INFO]   FEATURE UNIVERSALITY MAP
[12:43:01] [INFO] ==========================================================================================
[12:43:01] [INFO]   above_all_vwaps_int                 │  2/10 heads
[12:43:01] [INFO]   atr_14                              │  1/10 heads ★NEW
[12:43:01] [INFO]   atr_ratio                           │  5/10 heads ★NEW
[12:43:01] [INFO]   bullish_score                       │  1/10 heads ★NEW
[12:43:01] [INFO]   complacency_index                   │  3/10 heads
[12:43:01] [INFO]   compr_at_extreme                    │  2/10 heads ★NEW
[12:43:01] [INFO]   d2_tide_accel                       │  1/10 heads ★NEW
[12:43:01] [INFO]   d2_vwap_sigma_tide                  │  1/10 heads ★NEW
[12:43:01] [INFO]   d_tide_slope                        │  1/10 heads
[12:43:01] [INFO]   d_wave_accel                        │  1/10 heads
[12:43:01] [INFO]   geo_accel_align                     │  1/10 heads
[12:43:01] [INFO]   geo_phase_angle                     │  2/10 heads
[12:43:01] [INFO]   overnight_gap                       │  2/10 heads ★NEW
[12:43:01] [INFO]   overnight_gap_vs_tide               │  1/10 heads ★NEW
[12:43:01] [INFO]   residual_std_current                │  1/10 heads
[12:43:01] [INFO]   residual_std_tide                   │  1/10 heads
[12:43:01] [INFO]   rsi_bearish_div                     │  1/10 heads
[12:43:01] [INFO]   rsi_sigma_interact                  │  2/10 heads ★NEW
[12:43:01] [INFO]   rsi_value                           │  1/10 heads
[12:43:01] [INFO]   sigma_abs_dist                      │  1/10 heads ★NEW
[12:43:01] [INFO]   sigma_ratio_tw                      │  3/10 heads ★NEW
[12:43:01] [INFO]   sigma_tide                          │  2/10 heads
[12:43:01] [INFO]   slope_diff_tc                       │  1/10 heads ★NEW
[12:43:01] [INFO]   slope_product_tc                    │  2/10 heads ★NEW
[12:43:01] [INFO]   slope_ratio_tw                      │  2/10 heads ★NEW
[12:43:01] [INFO]   tension_ratio_tw                    │  1/10 heads ★NEW
[12:43:01] [INFO]   tension_tide                        │  1/10 heads
[12:43:01] [INFO]   tide_accel                          │  1/10 heads
[12:43:01] [INFO]   tide_slope_sq                       │  3/10 heads ★NEW
[12:43:01] [INFO]   triple_alignment                    │  1/10 heads ★NEW
[12:43:01] [INFO]   tsi_current                         │  1/10 heads
[12:43:01] [INFO]   tsi_wave                            │  1/10 heads
[12:43:01] [INFO]   vol_accel_wave                      │  1/10 heads ★NEW
[12:43:01] [INFO]   vol_adj_delta                       │  1/10 heads
[12:43:01] [INFO]   vol_price_divergence                │  1/10 heads ★NEW
[12:43:01] [INFO]   vol_slope_conf                      │  1/10 heads ★NEW
[12:43:01] [INFO]   vol_up_down_ratio                   │  1/10 heads
[12:43:01] [INFO]   volume_ratio                        │  1/10 heads ★NEW
[12:43:01] [INFO]   volume_trend                        │  2/10 heads ★NEW
[12:43:01] [INFO]   vwap_sigma_tide                     │  3/10 heads
[12:43:01] [INFO]   vwap_sigma_wave                     │  1/10 heads
[12:43:01] [INFO]   vwap_spread_tide_wave               │  3/10 heads
[12:43:01] [INFO]   wave_accel                          │  1/10 heads
[12:43:01] [INFO]   wave_slope_sq                       │  1/10 heads ★NEW
[12:43:01] [INFO] 
  ZIGZAG-ONLY features (potential discriminators for entry heads):
[12:43:01] [INFO]     → bullish_score
[12:43:01] [INFO]     → d2_tide_accel
[12:43:01] [INFO]     → overnight_gap
[12:43:01] [INFO]     → overnight_gap_vs_tide
[12:43:01] [INFO]     → rsi_bearish_div
[12:43:01] [INFO]     → rsi_value
[12:43:01] [INFO]     → triple_alignment
[12:43:01] [INFO]     → tsi_wave
[12:43:01] [INFO]     → vol_adj_delta
[12:43:01] [INFO]     → vwap_sigma_wave
[12:43:01] [INFO]   Checkpoint saved: final_report.json
[12:43:01] [INFO] ==========================================================================================
[12:43:01] [INFO]   ★★★ OPTIMIZATION COMPLETE ★★★
[12:43:01] [INFO] ==========================================================================================
[12:43:01] [INFO] Total time: 50.4 min (0.8 hrs)
[12:43:01] [INFO] Results: /root/botero-trade/backend/scratch/optimization_results
[12:43:01] [INFO] Next: Review dictamen → persist winners to production
