[15:07:02] ══════════════════════════════════════════════════════════════════════════════════════════════════════════════
[15:07:02]   TEMPORAL CONJUNCTION — Are signals anticipatory or reactive?
[15:07:02] ══════════════════════════════════════════════════════════════════════════════════════════════════════════════
[15:07:02]   ZigZag: 5%   Z: 2.0σ
[15:07:08] 
  Processing AAPL...
[15:07:09] ══════════════════════════════════════════════════════════════════════════════════════════════════════════════
[15:07:09]   TICKER: AAPL
[15:07:09] ══════════════════════════════════════════════════════════════════════════════════════════════════════════════
[15:07:09] 
  ── LL ──
[15:07:09]   Combo                                                   │ Fires │ P(t-2) │ P(t-1) │ P(t=0) │ P(all) │ R(t-2) │ R(t-1) │ R(t=0) │ R(all) │      Verdict
[15:07:09]   ─────────────────────────────────────────────────────── │ ───── │ ────── │ ────── │ ────── │ ────── │ ────── │ ────── │ ────── │ ────── │ ────────────
[15:07:09]   vwap_sigma_current                                      │   171 │   5.3% │  12.3% │  19.9% │  37.4% │   5.7% │  13.2% │  21.4% │  22.6% │        MIXED
[15:07:09]   vwap_sigma_tide                                         │   181 │   7.2% │   8.3% │  14.4% │  29.8% │   8.2% │   9.4% │  16.4% │  16.4% │        MIXED
[15:07:09]   sigma_tide                                              │   290 │   5.9% │   6.9% │  11.4% │  24.1% │  10.7% │  12.6% │  20.8% │  21.4% │        MIXED
[15:07:09]   vwap_sigma_current + wave_slope                         │    18 │   0.0% │  11.1% │  16.7% │  27.8% │   0.0% │   1.3% │   1.9% │   1.9% │        MIXED
[15:07:09]   vwap_sigma_tide + sigma_current                         │    16 │   6.2% │   6.2% │  18.8% │  31.2% │   0.6% │   0.6% │   1.9% │   1.9% │        MIXED
[15:07:09]   vwap_sigma_current + vwap_sigma_tide                    │    34 │   8.8% │  17.6% │  23.5% │  50.0% │   1.9% │   3.8% │   5.0% │   5.7% │        MIXED
[15:07:09]   vwap_sigma_current + kf_price_pred_val                  │    44 │   9.1% │  15.9% │  25.0% │  50.0% │   2.5% │   4.4% │   6.9% │  10.1% │        MIXED
[15:07:09]   vwap_sigma_current + vwap_sigma_tide + sigma_tide       │     3 │  33.3% │   0.0% │  33.3% │  66.7% │   0.6% │   0.0% │   0.6% │   1.3% │        MIXED
[15:07:09]   vwap_sigma_current + vwap_sigma_tide + vwap_sigma_wave  │     5 │   0.0% │  60.0% │  20.0% │  80.0% │   0.0% │   1.9% │   0.6% │   1.9% │   ★ ANTICIPA
[15:07:09]   vwap_sigma_current + vwap_sigma_tide + rsi_value        │    18 │   5.6% │  16.7% │  33.3% │  55.6% │   0.6% │   1.9% │   3.8% │   4.4% │        MIXED
[15:07:09]   vwap_sigma_current + sigma_tide + rsi_value             │    25 │   8.0% │  12.0% │  20.0% │  40.0% │   1.3% │   1.9% │   3.1% │   3.8% │        MIXED
[15:07:09] 
  ── HL ──
[15:07:09]   Combo                                                   │ Fires │ P(t-2) │ P(t-1) │ P(t=0) │ P(all) │ R(t-2) │ R(t-1) │ R(t=0) │ R(all) │      Verdict
[15:07:09]   ─────────────────────────────────────────────────────── │ ───── │ ────── │ ────── │ ────── │ ────── │ ────── │ ────── │ ────── │ ────── │ ────────────
[15:07:09]   sigma_current                                           │   270 │   4.4% │   5.9% │   8.9% │  19.3% │   6.5% │   8.6% │  13.0% │  16.8% │        MIXED
[15:07:09]   sigma_current + kf_tension_filt_vel                     │   106 │   5.7% │   6.6% │  11.3% │  23.6% │   3.2% │   3.8% │   6.5% │   8.1% │        MIXED
[15:07:09]   sigma_current + vwap_sigma_wave                         │    50 │   4.0% │   8.0% │   8.0% │  20.0% │   1.1% │   2.2% │   2.2% │   3.2% │   ★ ANTICIPA
[15:07:09]   sigma_current + sigma_wave + kf_rsi_filt_vel            │    68 │   5.9% │  10.3% │  10.3% │  26.5% │   2.2% │   3.8% │   3.8% │   6.5% │   ★ ANTICIPA
[15:07:09]   sigma_current + kf_price_pred_val + kf_rsi_filt_vel     │    53 │   7.5% │   3.8% │   7.5% │  18.9% │   2.2% │   1.1% │   2.2% │   4.3% │   ★ ANTICIPA
[15:07:09] 
  ── HH ──
[15:07:09]   Combo                                                   │ Fires │ P(t-2) │ P(t-1) │ P(t=0) │ P(all) │ R(t-2) │ R(t-1) │ R(t=0) │ R(all) │      Verdict
[15:07:09]   ─────────────────────────────────────────────────────── │ ───── │ ────── │ ────── │ ────── │ ────── │ ────── │ ────── │ ────── │ ────── │ ────────────
[15:07:09]   kf_conj_pred_val                                        │   313 │   2.9% │   2.9% │   2.6% │   8.3% │   5.0% │   5.0% │   4.4% │   5.6% │   ★ ANTICIPA
[15:07:09]   kf_conj_pred_val + current_accel                        │   112 │   2.7% │   4.5% │   4.5% │  11.6% │   1.7% │   2.8% │   2.8% │   2.8% │   ★ ANTICIPA
[15:07:09]   kf_conj_pred_val + current_accel + vwap_spread_tide_current │    30 │   3.3% │   6.7% │   6.7% │  16.7% │   0.6% │   1.1% │   1.1% │   1.1% │   ★ ANTICIPA
[15:07:09] 
  ── LH ──
[15:07:09]   Combo                                                   │ Fires │ P(t-2) │ P(t-1) │ P(t=0) │ P(all) │ R(t-2) │ R(t-1) │ R(t=0) │ R(all) │      Verdict
[15:07:09]   ─────────────────────────────────────────────────────── │ ───── │ ────── │ ────── │ ────── │ ────── │ ────── │ ────── │ ────── │ ────── │ ────────────
[15:07:09]   kf_price_pred_val                                       │   383 │   5.5% │   3.9% │   6.0% │  15.4% │  12.8% │   9.1% │  14.0% │  26.2% │   ★ ANTICIPA
[15:07:09]   kf_price_pred_val + compression_ratio                   │    42 │   7.1% │   9.5% │  14.3% │  31.0% │   1.8% │   2.4% │   3.7% │   4.9% │        MIXED
[15:07:09]   kf_price_pred_val + kf_conj_filt_vel + compression_ratio │    14 │  14.3% │   7.1% │  14.3% │  35.7% │   1.2% │   0.6% │   1.2% │   1.8% │   ★ ANTICIPA
[15:07:09]   kf_price_pred_val + kf_price_filt_vel + compression_ratio │    29 │   6.9% │  10.3% │  13.8% │  31.0% │   1.2% │   1.8% │   2.4% │   4.3% │        MIXED
[15:07:09] 
  Processing AMZN...
[15:07:09] ══════════════════════════════════════════════════════════════════════════════════════════════════════════════
[15:07:09]   TICKER: AMZN
[15:07:09] ══════════════════════════════════════════════════════════════════════════════════════════════════════════════
[15:07:09] 
  ── LL ──
[15:07:09]   Combo                                                   │ Fires │ P(t-2) │ P(t-1) │ P(t=0) │ P(all) │ R(t-2) │ R(t-1) │ R(t=0) │ R(all) │      Verdict
[15:07:09]   ─────────────────────────────────────────────────────── │ ───── │ ────── │ ────── │ ────── │ ────── │ ────── │ ────── │ ────── │ ────── │ ────────────
[15:07:09]   vwap_sigma_current                                      │   133 │   8.3% │  11.3% │  22.6% │  42.1% │  16.7% │  22.7% │  45.5% │  47.0% │        MIXED
[15:07:09]   vwap_sigma_tide                                         │   201 │   6.0% │   6.0% │   9.5% │  21.4% │  18.2% │  18.2% │  28.8% │  28.8% │        MIXED
[15:07:09]   sigma_tide                                              │   177 │   5.1% │   8.5% │  12.4% │  26.0% │  13.6% │  22.7% │  33.3% │  33.3% │        MIXED
[15:07:09]   vwap_sigma_current + wave_slope                         │    17 │  11.8% │  23.5% │  23.5% │  58.8% │   3.0% │   6.1% │   6.1% │   6.1% │   ★ ANTICIPA
[15:07:09]   vwap_sigma_tide + sigma_current                         │    12 │   8.3% │   8.3% │  25.0% │  41.7% │   1.5% │   1.5% │   4.5% │   4.5% │        MIXED
[15:07:09]   vwap_sigma_current + vwap_sigma_tide                    │    33 │   9.1% │  12.1% │  30.3% │  51.5% │   4.5% │   6.1% │  15.2% │  15.2% │        MIXED
[15:07:09]   vwap_sigma_current + kf_price_pred_val                  │    40 │  15.0% │  10.0% │  22.5% │  47.5% │   9.1% │   6.1% │  13.6% │  24.2% │        MIXED
[15:07:09]   rsi_value + fear_level                                  │    21 │   9.5% │  14.3% │  28.6% │  52.4% │   3.0% │   4.5% │   9.1% │   9.1% │        MIXED
[15:07:09]   vwap_sigma_current + vwap_sigma_tide + sigma_tide       │    18 │  11.1% │  11.1% │  22.2% │  44.4% │   3.0% │   3.0% │   6.1% │   6.1% │        MIXED
[15:07:09]   vwap_sigma_current + vwap_sigma_tide + vwap_sigma_wave  │    14 │   7.1% │   7.1% │  42.9% │  57.1% │   1.5% │   1.5% │   9.1% │  10.6% │   ⚠ REACTIVA
[15:07:09]   vwap_sigma_current + vwap_sigma_tide + rsi_value        │    22 │   9.1% │   9.1% │  27.3% │  45.5% │   3.0% │   3.0% │   9.1% │   9.1% │        MIXED
[15:07:09]   vwap_sigma_current + sigma_tide + rsi_value             │    42 │  11.9% │  16.7% │  26.2% │  54.8% │   7.6% │  10.6% │  16.7% │  18.2% │        MIXED
[15:07:09] 
  ── HL ──
[15:07:09]   Combo                                                   │ Fires │ P(t-2) │ P(t-1) │ P(t=0) │ P(all) │ R(t-2) │ R(t-1) │ R(t=0) │ R(all) │      Verdict
[15:07:09]   ─────────────────────────────────────────────────────── │ ───── │ ────── │ ────── │ ────── │ ────── │ ────── │ ────── │ ────── │ ────── │ ────────────
[15:07:09]   sigma_current                                           │   172 │   1.7% │   4.1% │   8.1% │  14.0% │   3.1% │   7.2% │  14.4% │  15.5% │        MIXED
[15:07:09]   sigma_current + kf_tension_filt_vel                     │    52 │   1.9% │   3.8% │  11.5% │  17.3% │   1.0% │   2.1% │   6.2% │   6.2% │   ⚠ REACTIVA
[15:07:09]   sigma_current + vwap_sigma_wave                         │    38 │   2.6% │   5.3% │  10.5% │  18.4% │   1.0% │   2.1% │   4.1% │   5.2% │        MIXED
[15:07:09]   sigma_current + sigma_wave + kf_rsi_filt_vel            │    42 │   2.4% │   4.8% │   9.5% │  16.7% │   1.0% │   2.1% │   4.1% │   5.2% │        MIXED
[15:07:09]   sigma_current + kf_price_pred_val + kf_rsi_filt_vel     │    27 │   3.7% │   7.4% │   7.4% │  18.5% │   1.0% │   2.1% │   2.1% │   5.2% │   ★ ANTICIPA
[15:07:09] 
  ── HH ──
[15:07:09]   Combo                                                   │ Fires │ P(t-2) │ P(t-1) │ P(t=0) │ P(all) │ R(t-2) │ R(t-1) │ R(t=0) │ R(all) │      Verdict
[15:07:09]   ─────────────────────────────────────────────────────── │ ───── │ ────── │ ────── │ ────── │ ────── │ ────── │ ────── │ ────── │ ────── │ ────────────
[15:07:09]   kf_conj_pred_val                                        │   228 │   3.5% │   3.5% │   3.9% │  11.0% │   8.9% │   8.9% │  10.0% │  10.0% │   ★ ANTICIPA
[15:07:09]   kf_conj_pred_val + current_accel                        │    51 │   3.9% │   2.0% │   5.9% │  11.8% │   2.2% │   1.1% │   3.3% │   4.4% │        MIXED
[15:07:09]   kf_conj_pred_val + current_accel + vwap_spread_tide_current │    15 │   6.7% │   6.7% │  13.3% │  26.7% │   1.1% │   1.1% │   2.2% │   2.2% │        MIXED
[15:07:09] 
  ── LH ──
[15:07:09]   Combo                                                   │ Fires │ P(t-2) │ P(t-1) │ P(t=0) │ P(all) │ R(t-2) │ R(t-1) │ R(t=0) │ R(all) │      Verdict
[15:07:09]   ─────────────────────────────────────────────────────── │ ───── │ ────── │ ────── │ ────── │ ────── │ ────── │ ────── │ ────── │ ────── │ ────────────
[15:07:09]   kf_price_pred_val                                       │   209 │   2.4% │   5.3% │   7.2% │  14.8% │   6.8% │  15.1% │  20.5% │  32.9% │        MIXED
[15:07:09]   kf_price_pred_val + compression_ratio                   │    22 │   0.0% │   9.1% │   0.0% │   9.1% │   0.0% │   2.7% │   0.0% │   2.7% │   ★ ANTICIPA
[15:07:09]   kf_price_pred_val + kf_conj_filt_vel + compression_ratio │    10 │   0.0% │  10.0% │   0.0% │  10.0% │   0.0% │   1.4% │   0.0% │   1.4% │   ★ ANTICIPA
[15:07:09]   kf_price_pred_val + kf_price_filt_vel + compression_ratio │    14 │   0.0% │  14.3% │   0.0% │  14.3% │   0.0% │   2.7% │   0.0% │   2.7% │   ★ ANTICIPA
[15:07:09] 
  Processing COST...
[15:07:10] ══════════════════════════════════════════════════════════════════════════════════════════════════════════════
[15:07:10]   TICKER: COST
[15:07:10] ══════════════════════════════════════════════════════════════════════════════════════════════════════════════
[15:07:10] 
  ── LL ──
[15:07:10]   Combo                                                   │ Fires │ P(t-2) │ P(t-1) │ P(t=0) │ P(all) │ R(t-2) │ R(t-1) │ R(t=0) │ R(all) │      Verdict
[15:07:10]   ─────────────────────────────────────────────────────── │ ───── │ ────── │ ────── │ ────── │ ────── │ ────── │ ────── │ ────── │ ────── │ ────────────
[15:07:10]   vwap_sigma_current                                      │   134 │   6.7% │   6.7% │  14.2% │  27.6% │  25.7% │  25.7% │  57.1% │  60.0% │        MIXED
[15:07:10]   vwap_sigma_tide                                         │   179 │   4.5% │   4.5% │   6.1% │  15.1% │  22.9% │  22.9% │  31.4% │  31.4% │        MIXED
[15:07:10]   sigma_tide                                              │   156 │   7.1% │   7.7% │  10.9% │  25.6% │  31.4% │  34.3% │  51.4% │  51.4% │        MIXED
[15:07:10]   vwap_sigma_current + wave_slope                         │    28 │  21.4% │  21.4% │  32.1% │  75.0% │  17.1% │  17.1% │  25.7% │  28.6% │        MIXED
[15:07:10]   vwap_sigma_tide + sigma_current                         │    11 │   0.0% │  18.2% │   9.1% │  27.3% │   0.0% │   5.7% │   2.9% │   8.6% │   ★ ANTICIPA
[15:07:10]   vwap_sigma_current + vwap_sigma_tide                    │    24 │  12.5% │  16.7% │  33.3% │  62.5% │   8.6% │  11.4% │  22.9% │  25.7% │        MIXED
[15:07:10]   vwap_sigma_current + kf_price_pred_val                  │    28 │  17.9% │  17.9% │  25.0% │  60.7% │  14.3% │  14.3% │  22.9% │  31.4% │        MIXED
[15:07:10]   rsi_value + fear_level                                  │     8 │   0.0% │  25.0% │  50.0% │  75.0% │   0.0% │   5.7% │  11.4% │  11.4% │   ⚠ REACTIVA
[15:07:10]   vwap_sigma_current + vwap_sigma_tide + sigma_tide       │    13 │  15.4% │  30.8% │  38.5% │  84.6% │   5.7% │  11.4% │  14.3% │  17.1% │        MIXED
[15:07:10]   vwap_sigma_current + vwap_sigma_tide + vwap_sigma_wave  │     2 │   0.0% │   0.0% │   0.0% │   0.0% │   0.0% │   0.0% │   0.0% │   0.0% │         DEAD
[15:07:10]   vwap_sigma_current + vwap_sigma_tide + rsi_value        │     9 │  11.1% │  33.3% │  44.4% │  88.9% │   2.9% │   8.6% │  11.4% │  14.3% │        MIXED
[15:07:10]   vwap_sigma_current + sigma_tide + rsi_value             │    30 │  20.0% │  16.7% │  16.7% │  53.3% │  17.1% │  14.3% │  17.1% │  22.9% │   ★ ANTICIPA
[15:07:10] 
  ── HL ──
[15:07:10]   Combo                                                   │ Fires │ P(t-2) │ P(t-1) │ P(t=0) │ P(all) │ R(t-2) │ R(t-1) │ R(t=0) │ R(all) │      Verdict
[15:07:10]   ─────────────────────────────────────────────────────── │ ───── │ ────── │ ────── │ ────── │ ────── │ ────── │ ────── │ ────── │ ────── │ ────────────
[15:07:10]   sigma_current                                           │   176 │   2.3% │   1.7% │   5.1% │   9.1% │   7.0% │   5.3% │  15.8% │  19.3% │        MIXED
[15:07:10]   sigma_current + kf_tension_filt_vel                     │    53 │   5.7% │   3.8% │   1.9% │  11.3% │   5.3% │   3.5% │   1.8% │   5.3% │   ★ ANTICIPA
[15:07:10]   sigma_current + vwap_sigma_wave                         │    27 │   3.7% │   7.4% │  14.8% │  25.9% │   1.8% │   3.5% │   7.0% │  12.3% │        MIXED
[15:07:10]   sigma_current + sigma_wave + kf_rsi_filt_vel            │    25 │   0.0% │   0.0% │  12.0% │  12.0% │   0.0% │   0.0% │   5.3% │   5.3% │   ⚠ REACTIVA
[15:07:10]   sigma_current + kf_price_pred_val + kf_rsi_filt_vel     │    28 │   0.0% │   0.0% │   7.1% │   7.1% │   0.0% │   0.0% │   3.5% │   3.5% │   ⚠ REACTIVA
[15:07:10] 
  ── HH ──
[15:07:10]   Combo                                                   │ Fires │ P(t-2) │ P(t-1) │ P(t=0) │ P(all) │ R(t-2) │ R(t-1) │ R(t=0) │ R(all) │      Verdict
[15:07:10]   ─────────────────────────────────────────────────────── │ ───── │ ────── │ ────── │ ────── │ ────── │ ────── │ ────── │ ────── │ ────── │ ────────────
[15:07:10]   kf_conj_pred_val                                        │   217 │   0.9% │   0.9% │   0.9% │   2.8% │   3.6% │   3.6% │   3.6% │   3.6% │   ★ ANTICIPA
[15:07:10]   kf_conj_pred_val + current_accel                        │    72 │   1.4% │   1.4% │   1.4% │   4.2% │   1.8% │   1.8% │   1.8% │   1.8% │   ★ ANTICIPA
[15:07:10]   kf_conj_pred_val + current_accel + vwap_spread_tide_current │    31 │   3.2% │   3.2% │   3.2% │   9.7% │   1.8% │   1.8% │   1.8% │   1.8% │   ★ ANTICIPA
[15:07:10] 
  ── LH ──
[15:07:10]   Combo                                                   │ Fires │ P(t-2) │ P(t-1) │ P(t=0) │ P(all) │ R(t-2) │ R(t-1) │ R(t=0) │ R(all) │      Verdict
[15:07:10]   ─────────────────────────────────────────────────────── │ ───── │ ────── │ ────── │ ────── │ ────── │ ────── │ ────── │ ────── │ ────── │ ────────────
[15:07:10]   kf_price_pred_val                                       │   224 │   3.6% │   1.8% │   3.6% │   8.9% │  22.2% │  11.1% │  22.2% │  33.3% │   ★ ANTICIPA
[15:07:10]   kf_price_pred_val + compression_ratio                   │    32 │   6.2% │   3.1% │   6.2% │  15.6% │   5.6% │   2.8% │   5.6% │   5.6% │   ★ ANTICIPA
[15:07:10]   kf_price_pred_val + kf_conj_filt_vel + compression_ratio │    10 │  10.0% │   0.0% │   0.0% │  10.0% │   2.8% │   0.0% │   0.0% │   2.8% │   ★ ANTICIPA
[15:07:10]   kf_price_pred_val + kf_price_filt_vel + compression_ratio │    21 │   9.5% │   4.8% │   9.5% │  23.8% │   5.6% │   2.8% │   5.6% │   5.6% │   ★ ANTICIPA
[15:07:10] 
  Processing HD...
[15:07:10] ══════════════════════════════════════════════════════════════════════════════════════════════════════════════
[15:07:10]   TICKER: HD
[15:07:10] ══════════════════════════════════════════════════════════════════════════════════════════════════════════════
[15:07:10] 
  ── LL ──
[15:07:10]   Combo                                                   │ Fires │ P(t-2) │ P(t-1) │ P(t=0) │ P(all) │ R(t-2) │ R(t-1) │ R(t=0) │ R(all) │      Verdict
[15:07:10]   ─────────────────────────────────────────────────────── │ ───── │ ────── │ ────── │ ────── │ ────── │ ────── │ ────── │ ────── │ ────── │ ────────────
[15:07:10]   vwap_sigma_current                                      │   117 │   7.7% │   8.5% │  12.0% │  28.2% │  15.3% │  16.9% │  25.4% │  32.2% │        MIXED
[15:07:10]   vwap_sigma_tide                                         │   102 │  14.7% │  13.7% │  17.6% │  46.1% │  25.4% │  23.7% │  32.2% │  32.2% │   ★ ANTICIPA
[15:07:10]   sigma_tide                                              │   152 │   3.9% │   5.9% │   8.6% │  18.4% │  10.2% │  15.3% │  23.7% │  23.7% │        MIXED
[15:07:10]   vwap_sigma_current + wave_slope                         │    17 │  17.6% │  11.8% │  23.5% │  52.9% │   5.1% │   3.4% │   6.8% │  10.2% │        MIXED
[15:07:10]   vwap_sigma_tide + sigma_current                         │    19 │  26.3% │  15.8% │  15.8% │  57.9% │   8.5% │   5.1% │   6.8% │  10.2% │   ★ ANTICIPA
[15:07:10]   vwap_sigma_current + vwap_sigma_tide                    │    31 │  22.6% │  12.9% │  22.6% │  58.1% │  11.9% │   6.8% │  13.6% │  16.9% │   ★ ANTICIPA
[15:07:10]   vwap_sigma_current + kf_price_pred_val                  │    21 │  23.8% │  14.3% │  19.0% │  57.1% │   8.5% │   5.1% │   8.5% │  18.6% │   ★ ANTICIPA
[15:07:10]   rsi_value + fear_level                                  │     6 │  16.7% │  33.3% │  33.3% │  83.3% │   1.7% │   3.4% │   3.4% │   3.4% │   ★ ANTICIPA
[15:07:10]   vwap_sigma_current + vwap_sigma_tide + sigma_tide       │    11 │  27.3% │   9.1% │  27.3% │  63.6% │   5.1% │   1.7% │   6.8% │   8.5% │        MIXED
[15:07:10]   vwap_sigma_current + vwap_sigma_tide + vwap_sigma_wave  │     8 │  25.0% │  12.5% │  25.0% │  62.5% │   3.4% │   1.7% │   5.1% │   8.5% │   ★ ANTICIPA
[15:07:10]   vwap_sigma_current + vwap_sigma_tide + rsi_value        │    17 │  17.6% │  11.8% │  17.6% │  47.1% │   5.1% │   3.4% │   5.1% │   6.8% │   ★ ANTICIPA
[15:07:10]   vwap_sigma_current + sigma_tide + rsi_value             │    27 │   7.4% │   7.4% │  14.8% │  29.6% │   3.4% │   3.4% │   6.8% │   6.8% │        MIXED
[15:07:10] 
  ── HL ──
[15:07:10]   Combo                                                   │ Fires │ P(t-2) │ P(t-1) │ P(t=0) │ P(all) │ R(t-2) │ R(t-1) │ R(t=0) │ R(all) │      Verdict
[15:07:10]   ─────────────────────────────────────────────────────── │ ───── │ ────── │ ────── │ ────── │ ────── │ ────── │ ────── │ ────── │ ────── │ ────────────
[15:07:10]   sigma_current                                           │   143 │   2.8% │   5.6% │   9.1% │  17.5% │   6.8% │  13.6% │  22.0% │  25.4% │        MIXED
[15:07:10]   sigma_current + kf_tension_filt_vel                     │    51 │   5.9% │   9.8% │  15.7% │  31.4% │   5.1% │   8.5% │  13.6% │  15.3% │        MIXED
[15:07:10]   sigma_current + vwap_sigma_wave                         │    41 │   2.4% │   2.4% │   9.8% │  14.6% │   1.7% │   1.7% │   6.8% │  10.2% │   ⚠ REACTIVA
[15:07:10]   sigma_current + sigma_wave + kf_rsi_filt_vel            │    35 │   2.9% │  11.4% │  20.0% │  34.3% │   1.7% │   6.8% │  11.9% │  13.6% │        MIXED
[15:07:10]   sigma_current + kf_price_pred_val + kf_rsi_filt_vel     │    15 │   6.7% │  20.0% │  20.0% │  46.7% │   1.7% │   5.1% │   5.1% │  10.2% │        MIXED
[15:07:10] 
  ── HH ──
[15:07:10]   Combo                                                   │ Fires │ P(t-2) │ P(t-1) │ P(t=0) │ P(all) │ R(t-2) │ R(t-1) │ R(t=0) │ R(all) │      Verdict
[15:07:10]   ─────────────────────────────────────────────────────── │ ───── │ ────── │ ────── │ ────── │ ────── │ ────── │ ────── │ ────── │ ────── │ ────────────
[15:07:10]   kf_conj_pred_val                                        │   240 │   2.9% │   2.9% │   2.9% │   8.8% │  11.1% │  11.1% │  11.1% │  12.7% │   ★ ANTICIPA
[15:07:10]   kf_conj_pred_val + current_accel                        │   122 │   1.6% │   4.1% │   2.5% │   8.2% │   3.2% │   7.9% │   4.8% │   7.9% │   ★ ANTICIPA
[15:07:10]   kf_conj_pred_val + current_accel + vwap_spread_tide_current │     9 │   0.0% │  11.1% │  11.1% │  22.2% │   0.0% │   1.6% │   1.6% │   1.6% │        MIXED
[15:07:10] 
  ── LH ──
[15:07:10]   Combo                                                   │ Fires │ P(t-2) │ P(t-1) │ P(t=0) │ P(all) │ R(t-2) │ R(t-1) │ R(t=0) │ R(all) │      Verdict
[15:07:10]   ─────────────────────────────────────────────────────── │ ───── │ ────── │ ────── │ ────── │ ────── │ ────── │ ────── │ ────── │ ────── │ ────────────
[15:07:10]   kf_price_pred_val                                       │   213 │   3.8% │   1.9% │   4.7% │  10.3% │  14.5% │   7.3% │  18.2% │  32.7% │        MIXED
[15:07:10]   kf_price_pred_val + compression_ratio                   │    26 │   3.8% │  15.4% │   7.7% │  26.9% │   1.8% │   7.3% │   3.6% │  10.9% │   ★ ANTICIPA
[15:07:10]   kf_price_pred_val + kf_conj_filt_vel + compression_ratio │    15 │   6.7% │  20.0% │   0.0% │  26.7% │   1.8% │   5.5% │   0.0% │   5.5% │   ★ ANTICIPA
[15:07:10]   kf_price_pred_val + kf_price_filt_vel + compression_ratio │    18 │   0.0% │  22.2% │  11.1% │  33.3% │   0.0% │   7.3% │   3.6% │  10.9% │   ★ ANTICIPA
[15:07:10] 
  Processing HON...
[15:07:11] ══════════════════════════════════════════════════════════════════════════════════════════════════════════════
[15:07:11]   TICKER: HON
[15:07:11] ══════════════════════════════════════════════════════════════════════════════════════════════════════════════
[15:07:11] 
  ── LL ──
[15:07:11]   Combo                                                   │ Fires │ P(t-2) │ P(t-1) │ P(t=0) │ P(all) │ R(t-2) │ R(t-1) │ R(t=0) │ R(all) │      Verdict
[15:07:11]   ─────────────────────────────────────────────────────── │ ───── │ ────── │ ────── │ ────── │ ────── │ ────── │ ────── │ ────── │ ────── │ ────────────
[15:07:11]   vwap_sigma_current                                      │   137 │  10.9% │  12.4% │  17.5% │  40.9% │  31.2% │  35.4% │  52.1% │  52.1% │        MIXED
[15:07:11]   vwap_sigma_tide                                         │   223 │   5.8% │   7.2% │   9.0% │  22.0% │  27.1% │  33.3% │  41.7% │  41.7% │        MIXED
[15:07:11]   sigma_tide                                              │   166 │   7.8% │   8.4% │  11.4% │  27.7% │  27.1% │  29.2% │  41.7% │  41.7% │        MIXED
[15:07:11]   vwap_sigma_current + wave_slope                         │    21 │  14.3% │  14.3% │  19.0% │  47.6% │   6.2% │   6.2% │   8.3% │   8.3% │   ★ ANTICIPA
[15:07:11]   vwap_sigma_tide + sigma_current                         │    25 │  16.0% │  16.0% │  24.0% │  56.0% │   8.3% │   8.3% │  12.5% │  14.6% │        MIXED
[15:07:11]   vwap_sigma_current + vwap_sigma_tide                    │    58 │  12.1% │  15.5% │  17.2% │  44.8% │  14.6% │  18.8% │  20.8% │  20.8% │   ★ ANTICIPA
[15:07:11]   vwap_sigma_current + kf_price_pred_val                  │    49 │  16.3% │  10.2% │  20.4% │  46.9% │  16.7% │  10.4% │  22.9% │  31.2% │        MIXED
[15:07:11]   rsi_value + fear_level                                  │    35 │  11.4% │  14.3% │  20.0% │  45.7% │   8.3% │  10.4% │  14.6% │  14.6% │        MIXED
[15:07:11]   vwap_sigma_current + vwap_sigma_tide + sigma_tide       │    28 │  14.3% │  17.9% │  25.0% │  57.1% │   8.3% │  10.4% │  14.6% │  14.6% │        MIXED
[15:07:11]   vwap_sigma_current + vwap_sigma_tide + vwap_sigma_wave  │    17 │  23.5% │  17.6% │  23.5% │  64.7% │   8.3% │   6.2% │   8.3% │  10.4% │   ★ ANTICIPA
[15:07:11]   vwap_sigma_current + vwap_sigma_tide + rsi_value        │    36 │  19.4% │  19.4% │  22.2% │  61.1% │  14.6% │  14.6% │  16.7% │  16.7% │   ★ ANTICIPA
[15:07:11]   vwap_sigma_current + sigma_tide + rsi_value             │    35 │  20.0% │  17.1% │  28.6% │  65.7% │  14.6% │  12.5% │  22.9% │  22.9% │        MIXED
[15:07:11] 
  ── HL ──
[15:07:11]   Combo                                                   │ Fires │ P(t-2) │ P(t-1) │ P(t=0) │ P(all) │ R(t-2) │ R(t-1) │ R(t=0) │ R(all) │      Verdict
[15:07:11]   ─────────────────────────────────────────────────────── │ ───── │ ────── │ ────── │ ────── │ ────── │ ────── │ ────── │ ────── │ ────── │ ────────────
[15:07:11]   sigma_current                                           │   149 │   2.7% │   4.7% │   8.7% │  16.1% │   7.1% │  12.5% │  23.2% │  26.8% │        MIXED
[15:07:11]   sigma_current + kf_tension_filt_vel                     │    44 │   6.8% │   6.8% │  11.4% │  25.0% │   5.4% │   5.4% │   8.9% │   8.9% │        MIXED
[15:07:11]   sigma_current + vwap_sigma_wave                         │    39 │   0.0% │   0.0% │  15.4% │  15.4% │   0.0% │   0.0% │  10.7% │  10.7% │   ⚠ REACTIVA
[15:07:11]   sigma_current + sigma_wave + kf_rsi_filt_vel            │    46 │   6.5% │   6.5% │   6.5% │  19.6% │   5.4% │   5.4% │   5.4% │   8.9% │   ★ ANTICIPA
[15:07:11]   sigma_current + kf_price_pred_val + kf_rsi_filt_vel     │    26 │   3.8% │   3.8% │   7.7% │  15.4% │   1.8% │   1.8% │   3.6% │   7.1% │        MIXED
[15:07:11] 
  ── HH ──
[15:07:11]   Combo                                                   │ Fires │ P(t-2) │ P(t-1) │ P(t=0) │ P(all) │ R(t-2) │ R(t-1) │ R(t=0) │ R(all) │      Verdict
[15:07:11]   ─────────────────────────────────────────────────────── │ ───── │ ────── │ ────── │ ────── │ ────── │ ────── │ ────── │ ────── │ ────── │ ────────────
[15:07:11]   kf_conj_pred_val                                        │   250 │   4.8% │   4.8% │   4.8% │  14.4% │  20.3% │  20.3% │  20.3% │  20.3% │   ★ ANTICIPA
[15:07:11]   kf_conj_pred_val + current_accel                        │    89 │   4.5% │   5.6% │   4.5% │  14.6% │   6.8% │   8.5% │   6.8% │  10.2% │   ★ ANTICIPA
[15:07:11]   kf_conj_pred_val + current_accel + vwap_spread_tide_current │    49 │   4.1% │   8.2% │   6.1% │  18.4% │   3.4% │   6.8% │   5.1% │   6.8% │   ★ ANTICIPA
[15:07:11] 
  ── LH ──
[15:07:11]   Combo                                                   │ Fires │ P(t-2) │ P(t-1) │ P(t=0) │ P(all) │ R(t-2) │ R(t-1) │ R(t=0) │ R(all) │      Verdict
[15:07:11]   ─────────────────────────────────────────────────────── │ ───── │ ────── │ ────── │ ────── │ ────── │ ────── │ ────── │ ────── │ ────── │ ────────────
[15:07:11]   kf_price_pred_val                                       │   251 │   2.0% │   4.8% │   4.4% │  11.2% │  11.1% │  26.7% │  24.4% │  42.2% │   ★ ANTICIPA
[15:07:11]   kf_price_pred_val + compression_ratio                   │    23 │   4.3% │  13.0% │   8.7% │  26.1% │   2.2% │   6.7% │   4.4% │   6.7% │   ★ ANTICIPA
[15:07:11]   kf_price_pred_val + kf_conj_filt_vel + compression_ratio │    13 │   7.7% │   7.7% │   7.7% │  23.1% │   2.2% │   2.2% │   2.2% │   2.2% │   ★ ANTICIPA
[15:07:11]   kf_price_pred_val + kf_price_filt_vel + compression_ratio │    12 │   8.3% │  25.0% │  16.7% │  50.0% │   2.2% │   6.7% │   4.4% │   6.7% │   ★ ANTICIPA
[15:07:11] 
  Processing IBM...
[15:07:11] ══════════════════════════════════════════════════════════════════════════════════════════════════════════════
[15:07:11]   TICKER: IBM
[15:07:11] ══════════════════════════════════════════════════════════════════════════════════════════════════════════════
[15:07:11] 
  ── LL ──
[15:07:11]   Combo                                                   │ Fires │ P(t-2) │ P(t-1) │ P(t=0) │ P(all) │ R(t-2) │ R(t-1) │ R(t=0) │ R(all) │      Verdict
[15:07:11]   ─────────────────────────────────────────────────────── │ ───── │ ────── │ ────── │ ────── │ ────── │ ────── │ ────── │ ────── │ ────── │ ────────────
[15:07:11]   vwap_sigma_current                                      │    95 │   5.3% │   5.3% │  11.6% │  22.1% │  10.4% │  10.4% │  22.9% │  22.9% │        MIXED
[15:07:11]   vwap_sigma_tide                                         │   135 │   6.7% │   7.4% │   8.9% │  23.0% │  18.8% │  20.8% │  25.0% │  27.1% │   ★ ANTICIPA
[15:07:11]   sigma_tide                                              │   160 │   3.1% │   5.0% │   6.2% │  14.4% │  10.4% │  16.7% │  20.8% │  22.9% │        MIXED
[15:07:11]   vwap_sigma_current + wave_slope                         │     4 │  25.0% │  25.0% │  50.0% │ 100.0% │   2.1% │   2.1% │   4.2% │   4.2% │        MIXED
[15:07:11]   vwap_sigma_tide + sigma_current                         │    24 │   8.3% │   8.3% │  20.8% │  37.5% │   4.2% │   4.2% │  10.4% │  10.4% │        MIXED
[15:07:11]   vwap_sigma_current + vwap_sigma_tide                    │    20 │  10.0% │  10.0% │  25.0% │  45.0% │   4.2% │   4.2% │  10.4% │  10.4% │        MIXED
[15:07:11]   vwap_sigma_current + kf_price_pred_val                  │    34 │   5.9% │   2.9% │  20.6% │  29.4% │   4.2% │   2.1% │  14.6% │  16.7% │   ⚠ REACTIVA
[15:07:11]   vwap_sigma_current + vwap_sigma_tide + sigma_tide       │    10 │  20.0% │  10.0% │  30.0% │  60.0% │   4.2% │   2.1% │   6.2% │   6.2% │        MIXED
[15:07:11]   vwap_sigma_current + vwap_sigma_tide + vwap_sigma_wave  │    12 │  16.7% │   8.3% │  16.7% │  41.7% │   4.2% │   2.1% │   4.2% │   8.3% │   ★ ANTICIPA
[15:07:11]   vwap_sigma_current + vwap_sigma_tide + rsi_value        │    16 │  12.5% │   6.2% │  25.0% │  43.8% │   4.2% │   2.1% │   8.3% │   8.3% │        MIXED
[15:07:11]   vwap_sigma_current + sigma_tide + rsi_value             │    17 │  11.8% │   5.9% │  23.5% │  41.2% │   4.2% │   2.1% │   8.3% │   8.3% │        MIXED
[15:07:11] 
  ── HL ──
[15:07:11]   Combo                                                   │ Fires │ P(t-2) │ P(t-1) │ P(t=0) │ P(all) │ R(t-2) │ R(t-1) │ R(t=0) │ R(all) │      Verdict
[15:07:11]   ─────────────────────────────────────────────────────── │ ───── │ ────── │ ────── │ ────── │ ────── │ ────── │ ────── │ ────── │ ────── │ ────────────
[15:07:11]   sigma_current                                           │   175 │   1.1% │   4.0% │   6.9% │  12.0% │   3.3% │  11.7% │  20.0% │  20.0% │        MIXED
[15:07:11]   sigma_current + kf_tension_filt_vel                     │    61 │   0.0% │   1.6% │   6.6% │   8.2% │   0.0% │   1.7% │   6.7% │   6.7% │   ⚠ REACTIVA
[15:07:11]   sigma_current + vwap_sigma_wave                         │    41 │   0.0% │   4.9% │   2.4% │   7.3% │   0.0% │   3.3% │   1.7% │   3.3% │   ★ ANTICIPA
[15:07:11]   sigma_current + sigma_wave + kf_rsi_filt_vel            │    63 │   1.6% │   7.9% │  11.1% │  20.6% │   1.7% │   8.3% │  11.7% │  11.7% │        MIXED
[15:07:11]   sigma_current + kf_price_pred_val + kf_rsi_filt_vel     │    43 │   0.0% │   9.3% │   9.3% │  18.6% │   0.0% │   6.7% │   6.7% │  10.0% │        MIXED
[15:07:11] 
  ── HH ──
[15:07:11]   Combo                                                   │ Fires │ P(t-2) │ P(t-1) │ P(t=0) │ P(all) │ R(t-2) │ R(t-1) │ R(t=0) │ R(all) │      Verdict
[15:07:11]   ─────────────────────────────────────────────────────── │ ───── │ ────── │ ────── │ ────── │ ────── │ ────── │ ────── │ ────── │ ────── │ ────────────
[15:07:11]   kf_conj_pred_val                                        │   266 │   2.3% │   1.1% │   1.1% │   4.5% │   9.8% │   4.9% │   4.9% │   9.8% │   ★ ANTICIPA
[15:07:11]   kf_conj_pred_val + current_accel                        │    84 │   1.2% │   1.2% │   1.2% │   3.6% │   1.6% │   1.6% │   1.6% │   1.6% │   ★ ANTICIPA
[15:07:11]   kf_conj_pred_val + current_accel + vwap_spread_tide_current │     4 │   0.0% │   0.0% │   0.0% │   0.0% │   0.0% │   0.0% │   0.0% │   0.0% │         DEAD
[15:07:11] 
  ── LH ──
[15:07:11]   Combo                                                   │ Fires │ P(t-2) │ P(t-1) │ P(t=0) │ P(all) │ R(t-2) │ R(t-1) │ R(t=0) │ R(all) │      Verdict
[15:07:11]   ─────────────────────────────────────────────────────── │ ───── │ ────── │ ────── │ ────── │ ────── │ ────── │ ────── │ ────── │ ────── │ ────────────
[15:07:11]   kf_price_pred_val                                       │   236 │   1.7% │   3.8% │   3.0% │   8.5% │   8.7% │  19.6% │  15.2% │  28.3% │   ★ ANTICIPA
[15:07:11]   kf_price_pred_val + compression_ratio                   │    28 │   3.6% │  10.7% │   7.1% │  21.4% │   2.2% │   6.5% │   4.3% │   8.7% │   ★ ANTICIPA
[15:07:11]   kf_price_pred_val + kf_conj_filt_vel + compression_ratio │    19 │   5.3% │  15.8% │   5.3% │  26.3% │   2.2% │   6.5% │   2.2% │   6.5% │   ★ ANTICIPA
[15:07:11]   kf_price_pred_val + kf_price_filt_vel + compression_ratio │    17 │   5.9% │  11.8% │  11.8% │  29.4% │   2.2% │   4.3% │   4.3% │   8.7% │   ★ ANTICIPA
[15:07:11] 
  Processing JNJ...
[15:07:11] ══════════════════════════════════════════════════════════════════════════════════════════════════════════════
[15:07:11]   TICKER: JNJ
[15:07:11] ══════════════════════════════════════════════════════════════════════════════════════════════════════════════
[15:07:11] 
  ── LL ──
[15:07:11]   Combo                                                   │ Fires │ P(t-2) │ P(t-1) │ P(t=0) │ P(all) │ R(t-2) │ R(t-1) │ R(t=0) │ R(all) │      Verdict
[15:07:11]   ─────────────────────────────────────────────────────── │ ───── │ ────── │ ────── │ ────── │ ────── │ ────── │ ────── │ ────── │ ────── │ ────────────
[15:07:11]   vwap_sigma_current                                      │   123 │   4.1% │   4.9% │   8.9% │  17.9% │  16.1% │  19.4% │  35.5% │  35.5% │        MIXED
[15:07:11]   vwap_sigma_tide                                         │    82 │   2.4% │   9.8% │  13.4% │  25.6% │   6.5% │  25.8% │  35.5% │  35.5% │        MIXED
[15:07:11]   sigma_tide                                              │   120 │   3.3% │   4.2% │   9.2% │  16.7% │  12.9% │  16.1% │  35.5% │  35.5% │        MIXED
[15:07:11]   vwap_sigma_current + wave_slope                         │    18 │  11.1% │  16.7% │  33.3% │  61.1% │   6.5% │   9.7% │  19.4% │  19.4% │        MIXED
[15:07:11]   vwap_sigma_tide + sigma_current                         │    13 │   7.7% │  23.1% │  23.1% │  53.8% │   3.2% │   9.7% │   9.7% │   9.7% │        MIXED
[15:07:11]   vwap_sigma_current + vwap_sigma_tide                    │    23 │   8.7% │  17.4% │  21.7% │  47.8% │   6.5% │  12.9% │  16.1% │  16.1% │        MIXED
[15:07:11]   vwap_sigma_current + kf_price_pred_val                  │    38 │   5.3% │  10.5% │  21.1% │  36.8% │   6.5% │  12.9% │  25.8% │  29.0% │        MIXED
[15:07:11]   rsi_value + fear_level                                  │    13 │   7.7% │  23.1% │  30.8% │  61.5% │   3.2% │   9.7% │  12.9% │  12.9% │        MIXED
[15:07:11]   vwap_sigma_current + vwap_sigma_tide + sigma_tide       │     8 │   0.0% │  25.0% │  37.5% │  62.5% │   0.0% │   6.5% │   9.7% │   9.7% │        MIXED
[15:07:11]   vwap_sigma_current + vwap_sigma_tide + vwap_sigma_wave  │     5 │  20.0% │  20.0% │  40.0% │  80.0% │   3.2% │   3.2% │   6.5% │  12.9% │        MIXED
[15:07:11]   vwap_sigma_current + vwap_sigma_tide + rsi_value        │    14 │   7.1% │  21.4% │  28.6% │  57.1% │   3.2% │   9.7% │  12.9% │  12.9% │        MIXED
[15:07:11]   vwap_sigma_current + sigma_tide + rsi_value             │    17 │   5.9% │   5.9% │  23.5% │  35.3% │   3.2% │   3.2% │  12.9% │  12.9% │   ⚠ REACTIVA
[15:07:11] 
  ── HL ──
[15:07:11]   Combo                                                   │ Fires │ P(t-2) │ P(t-1) │ P(t=0) │ P(all) │ R(t-2) │ R(t-1) │ R(t=0) │ R(all) │      Verdict
[15:07:11]   ─────────────────────────────────────────────────────── │ ───── │ ────── │ ────── │ ────── │ ────── │ ────── │ ────── │ ────── │ ────── │ ────────────
[15:07:11]   sigma_current                                           │   165 │   3.0% │   1.8% │   3.6% │   8.5% │  13.9% │   8.3% │  16.7% │  25.0% │        MIXED
[15:07:11]   sigma_current + kf_tension_filt_vel                     │    49 │   0.0% │   0.0% │   0.0% │   0.0% │   0.0% │   0.0% │   0.0% │   0.0% │         DEAD
[15:07:11]   sigma_current + vwap_sigma_wave                         │    37 │   0.0% │   2.7% │   5.4% │   8.1% │   0.0% │   2.8% │   5.6% │   8.3% │   ⚠ REACTIVA
[15:07:11]   sigma_current + sigma_wave + kf_rsi_filt_vel            │    27 │   3.7% │   3.7% │   7.4% │  14.8% │   2.8% │   2.8% │   5.6% │   8.3% │        MIXED
[15:07:11]   sigma_current + kf_price_pred_val + kf_rsi_filt_vel     │    27 │   3.7% │   3.7% │   7.4% │  14.8% │   2.8% │   2.8% │   5.6% │   8.3% │        MIXED
[15:07:11] 
  ── HH ──
[15:07:11]   Combo                                                   │ Fires │ P(t-2) │ P(t-1) │ P(t=0) │ P(all) │ R(t-2) │ R(t-1) │ R(t=0) │ R(all) │      Verdict
[15:07:11]   ─────────────────────────────────────────────────────── │ ───── │ ────── │ ────── │ ────── │ ────── │ ────── │ ────── │ ────── │ ────── │ ────────────
[15:07:11]   kf_conj_pred_val                                        │   229 │   1.7% │   1.7% │   1.3% │   4.8% │  11.1% │  11.1% │   8.3% │  11.1% │   ★ ANTICIPA
[15:07:11]   kf_conj_pred_val + current_accel                        │    72 │   2.8% │   2.8% │   1.4% │   6.9% │   5.6% │   5.6% │   2.8% │   5.6% │   ★ ANTICIPA
[15:07:11]   kf_conj_pred_val + current_accel + vwap_spread_tide_current │    21 │   0.0% │   0.0% │   0.0% │   0.0% │   0.0% │   0.0% │   0.0% │   0.0% │         DEAD
[15:07:11] 
  ── LH ──
[15:07:11]   Combo                                                   │ Fires │ P(t-2) │ P(t-1) │ P(t=0) │ P(all) │ R(t-2) │ R(t-1) │ R(t=0) │ R(all) │      Verdict
[15:07:11]   ─────────────────────────────────────────────────────── │ ───── │ ────── │ ────── │ ────── │ ────── │ ────── │ ────── │ ────── │ ────── │ ────────────
[15:07:11]   kf_price_pred_val                                       │   212 │   3.8% │   3.8% │   4.2% │  11.8% │  26.7% │  26.7% │  30.0% │  43.3% │   ★ ANTICIPA
[15:07:11]   kf_price_pred_val + compression_ratio                   │    40 │   7.5% │   5.0% │  10.0% │  22.5% │  10.0% │   6.7% │  13.3% │  13.3% │        MIXED
[15:07:11]   kf_price_pred_val + kf_conj_filt_vel + compression_ratio │    12 │   8.3% │  16.7% │   0.0% │  25.0% │   3.3% │   6.7% │   0.0% │   6.7% │   ★ ANTICIPA
[15:07:11]   kf_price_pred_val + kf_price_filt_vel + compression_ratio │    26 │   0.0% │   7.7% │  11.5% │  19.2% │   0.0% │   6.7% │  10.0% │  10.0% │        MIXED
[15:07:11] 
  Processing JPM...
[15:07:12] ══════════════════════════════════════════════════════════════════════════════════════════════════════════════
[15:07:12]   TICKER: JPM
[15:07:12] ══════════════════════════════════════════════════════════════════════════════════════════════════════════════
[15:07:12] 
  ── LL ──
[15:07:12]   Combo                                                   │ Fires │ P(t-2) │ P(t-1) │ P(t=0) │ P(all) │ R(t-2) │ R(t-1) │ R(t=0) │ R(all) │      Verdict
[15:07:12]   ─────────────────────────────────────────────────────── │ ───── │ ────── │ ────── │ ────── │ ────── │ ────── │ ────── │ ────── │ ────── │ ────────────
[15:07:12]   vwap_sigma_current                                      │   109 │   8.3% │  10.1% │  18.3% │  36.7% │  11.4% │  13.9% │  25.3% │  26.6% │        MIXED
[15:07:12]   vwap_sigma_tide                                         │   160 │  10.6% │  13.8% │  16.9% │  41.2% │  21.5% │  27.8% │  34.2% │  34.2% │        MIXED
[15:07:12]   sigma_tide                                              │   127 │   4.7% │   9.4% │  13.4% │  27.6% │   7.6% │  15.2% │  21.5% │  21.5% │        MIXED
[15:07:12]   vwap_sigma_current + wave_slope                         │     6 │  16.7% │  16.7% │  50.0% │  83.3% │   1.3% │   1.3% │   3.8% │   3.8% │        MIXED
[15:07:12]   vwap_sigma_tide + sigma_current                         │     8 │   0.0% │  12.5% │  50.0% │  62.5% │   0.0% │   1.3% │   5.1% │   5.1% │   ⚠ REACTIVA
[15:07:12]   vwap_sigma_current + vwap_sigma_tide                    │    27 │  14.8% │  18.5% │  44.4% │  77.8% │   5.1% │   6.3% │  15.2% │  16.5% │        MIXED
[15:07:12]   vwap_sigma_current + kf_price_pred_val                  │    22 │  13.6% │  18.2% │  36.4% │  68.2% │   3.8% │   5.1% │  10.1% │  13.9% │        MIXED
[15:07:12]   vwap_sigma_current + vwap_sigma_tide + sigma_tide       │    14 │   7.1% │  28.6% │  50.0% │  85.7% │   1.3% │   5.1% │   8.9% │  10.1% │        MIXED
[15:07:12]   vwap_sigma_current + vwap_sigma_tide + vwap_sigma_wave  │    13 │  15.4% │  23.1% │  38.5% │  76.9% │   2.5% │   3.8% │   6.3% │   8.9% │        MIXED
[15:07:12]   vwap_sigma_current + vwap_sigma_tide + rsi_value        │    20 │  10.0% │  25.0% │  50.0% │  85.0% │   2.5% │   6.3% │  12.7% │  13.9% │        MIXED
[15:07:12]   vwap_sigma_current + sigma_tide + rsi_value             │    23 │   4.3% │  26.1% │  39.1% │  69.6% │   1.3% │   7.6% │  11.4% │  12.7% │        MIXED
[15:07:12] 
  ── HL ──
[15:07:12]   Combo                                                   │ Fires │ P(t-2) │ P(t-1) │ P(t=0) │ P(all) │ R(t-2) │ R(t-1) │ R(t=0) │ R(all) │      Verdict
[15:07:12]   ─────────────────────────────────────────────────────── │ ───── │ ────── │ ────── │ ────── │ ────── │ ────── │ ────── │ ────── │ ────── │ ────────────
[15:07:12]   sigma_current                                           │   150 │   3.3% │   3.3% │   9.3% │  16.0% │   5.9% │   5.9% │  16.5% │  20.0% │        MIXED
[15:07:12]   sigma_current + kf_tension_filt_vel                     │    45 │   6.7% │   4.4% │   8.9% │  20.0% │   3.5% │   2.4% │   4.7% │   7.1% │        MIXED
[15:07:12]   sigma_current + vwap_sigma_wave                         │    45 │   2.2% │   2.2% │   6.7% │  11.1% │   1.2% │   1.2% │   3.5% │   3.5% │        MIXED
[15:07:12]   sigma_current + sigma_wave + kf_rsi_filt_vel            │    51 │   5.9% │   5.9% │   7.8% │  19.6% │   3.5% │   3.5% │   4.7% │   7.1% │   ★ ANTICIPA
[15:07:12]   sigma_current + kf_price_pred_val + kf_rsi_filt_vel     │    18 │  11.1% │   5.6% │   5.6% │  22.2% │   2.4% │   1.2% │   1.2% │   3.5% │   ★ ANTICIPA
[15:07:12] 
  ── HH ──
[15:07:12]   Combo                                                   │ Fires │ P(t-2) │ P(t-1) │ P(t=0) │ P(all) │ R(t-2) │ R(t-1) │ R(t=0) │ R(all) │      Verdict
[15:07:12]   ─────────────────────────────────────────────────────── │ ───── │ ────── │ ────── │ ────── │ ────── │ ────── │ ────── │ ────── │ ────── │ ────────────
[15:07:12]   kf_conj_pred_val                                        │   242 │   5.8% │   6.2% │   5.8% │  17.8% │  14.7% │  15.8% │  15.8% │  16.8% │   ★ ANTICIPA
[15:07:12]   kf_conj_pred_val + current_accel                        │    87 │   9.2% │   8.0% │   9.2% │  26.4% │   8.4% │   7.4% │   9.5% │  11.6% │   ★ ANTICIPA
[15:07:12]   kf_conj_pred_val + current_accel + vwap_spread_tide_current │    22 │  13.6% │  13.6% │  13.6% │  40.9% │   3.2% │   3.2% │   3.2% │   4.2% │   ★ ANTICIPA
[15:07:12] 
  ── LH ──
[15:07:12]   Combo                                                   │ Fires │ P(t-2) │ P(t-1) │ P(t=0) │ P(all) │ R(t-2) │ R(t-1) │ R(t=0) │ R(all) │      Verdict
[15:07:12]   ─────────────────────────────────────────────────────── │ ───── │ ────── │ ────── │ ────── │ ────── │ ────── │ ────── │ ────── │ ────── │ ────────────
[15:07:12]   kf_price_pred_val                                       │   212 │   5.7% │   5.7% │   8.0% │  19.3% │  17.1% │  17.1% │  24.3% │  35.7% │        MIXED
[15:07:12]   kf_price_pred_val + compression_ratio                   │    23 │   8.7% │  13.0% │  13.0% │  34.8% │   2.9% │   4.3% │   4.3% │   7.1% │   ★ ANTICIPA
[15:07:12]   kf_price_pred_val + kf_conj_filt_vel + compression_ratio │    11 │  18.2% │  27.3% │  18.2% │  63.6% │   2.9% │   4.3% │   2.9% │   5.7% │   ★ ANTICIPA
[15:07:12]   kf_price_pred_val + kf_price_filt_vel + compression_ratio │    17 │   5.9% │  11.8% │  17.6% │  35.3% │   1.4% │   2.9% │   4.3% │   7.1% │        MIXED
[15:07:12] 
  Processing MCD...
[15:07:12] ══════════════════════════════════════════════════════════════════════════════════════════════════════════════
[15:07:12]   TICKER: MCD
[15:07:12] ══════════════════════════════════════════════════════════════════════════════════════════════════════════════
[15:07:12] 
  ── LL ──
[15:07:12]   Combo                                                   │ Fires │ P(t-2) │ P(t-1) │ P(t=0) │ P(all) │ R(t-2) │ R(t-1) │ R(t=0) │ R(all) │      Verdict
[15:07:12]   ─────────────────────────────────────────────────────── │ ───── │ ────── │ ────── │ ────── │ ────── │ ────── │ ────── │ ────── │ ────── │ ────────────
[15:07:12]   vwap_sigma_current                                      │   139 │   5.0% │   4.3% │  10.8% │  20.1% │  25.9% │  22.2% │  55.6% │  55.6% │        MIXED
[15:07:12]   vwap_sigma_tide                                         │   205 │   5.9% │   5.9% │   8.3% │  20.0% │  44.4% │  44.4% │  63.0% │  63.0% │        MIXED
[15:07:12]   sigma_tide                                              │   186 │   2.7% │   3.8% │   4.8% │  11.3% │  18.5% │  25.9% │  33.3% │  33.3% │        MIXED
[15:07:12]   vwap_sigma_current + wave_slope                         │    47 │   8.5% │   8.5% │  14.9% │  31.9% │  14.8% │  14.8% │  25.9% │  25.9% │        MIXED
[15:07:12]   vwap_sigma_tide + sigma_current                         │    21 │   9.5% │   9.5% │  23.8% │  42.9% │   7.4% │   7.4% │  18.5% │  22.2% │        MIXED
[15:07:12]   vwap_sigma_current + vwap_sigma_tide                    │    39 │  10.3% │  10.3% │  25.6% │  46.2% │  14.8% │  14.8% │  37.0% │  37.0% │        MIXED
[15:07:12]   vwap_sigma_current + kf_price_pred_val                  │    30 │   6.7% │   6.7% │  23.3% │  36.7% │   7.4% │   7.4% │  25.9% │  25.9% │   ⚠ REACTIVA
[15:07:12]   rsi_value + fear_level                                  │    11 │   9.1% │   9.1% │   9.1% │  27.3% │   3.7% │   3.7% │   3.7% │   3.7% │   ★ ANTICIPA
[15:07:12]   vwap_sigma_current + vwap_sigma_tide + sigma_tide       │    21 │   9.5% │   9.5% │  23.8% │  42.9% │   7.4% │   7.4% │  18.5% │  18.5% │        MIXED
[15:07:12]   vwap_sigma_current + vwap_sigma_tide + vwap_sigma_wave  │     5 │  20.0% │   0.0% │   0.0% │  20.0% │   3.7% │   0.0% │   0.0% │   3.7% │   ★ ANTICIPA
[15:07:12]   vwap_sigma_current + vwap_sigma_tide + rsi_value        │    23 │   8.7% │   8.7% │  21.7% │  39.1% │   7.4% │   7.4% │  18.5% │  18.5% │        MIXED
[15:07:12]   vwap_sigma_current + sigma_tide + rsi_value             │    41 │   4.9% │   7.3% │  12.2% │  24.4% │   7.4% │  11.1% │  18.5% │  18.5% │        MIXED
[15:07:12] 
  ── HL ──
[15:07:12]   Combo                                                   │ Fires │ P(t-2) │ P(t-1) │ P(t=0) │ P(all) │ R(t-2) │ R(t-1) │ R(t=0) │ R(all) │      Verdict
[15:07:12]   ─────────────────────────────────────────────────────── │ ───── │ ────── │ ────── │ ────── │ ────── │ ────── │ ────── │ ────── │ ────── │ ────────────
[15:07:12]   sigma_current                                           │   155 │   1.9% │   1.3% │   4.5% │   7.7% │   7.0% │   4.7% │  16.3% │  18.6% │        MIXED
[15:07:12]   sigma_current + kf_tension_filt_vel                     │    43 │   2.3% │   0.0% │   9.3% │  11.6% │   2.3% │   0.0% │   9.3% │   9.3% │   ⚠ REACTIVA
[15:07:12]   sigma_current + vwap_sigma_wave                         │    15 │   0.0% │   6.7% │  13.3% │  20.0% │   0.0% │   2.3% │   4.7% │   7.0% │   ⚠ REACTIVA
[15:07:12]   sigma_current + sigma_wave + kf_rsi_filt_vel            │    10 │   0.0% │  10.0% │  10.0% │  20.0% │   0.0% │   2.3% │   2.3% │   4.7% │        MIXED
[15:07:12]   sigma_current + kf_price_pred_val + kf_rsi_filt_vel     │    28 │   3.6% │   3.6% │  14.3% │  21.4% │   2.3% │   2.3% │   9.3% │  11.6% │   ⚠ REACTIVA
[15:07:12] 
  ── HH ──
[15:07:12]   Combo                                                   │ Fires │ P(t-2) │ P(t-1) │ P(t=0) │ P(all) │ R(t-2) │ R(t-1) │ R(t=0) │ R(all) │      Verdict
[15:07:12]   ─────────────────────────────────────────────────────── │ ───── │ ────── │ ────── │ ────── │ ────── │ ────── │ ────── │ ────── │ ────── │ ────────────
[15:07:12]   kf_conj_pred_val                                        │   186 │   1.1% │   2.2% │   2.7% │   5.9% │   4.8% │   9.5% │  11.9% │  11.9% │        MIXED
[15:07:12]   kf_conj_pred_val + current_accel                        │    46 │   2.2% │   4.3% │   6.5% │  13.0% │   2.4% │   4.8% │   7.1% │   7.1% │        MIXED
[15:07:12]   kf_conj_pred_val + current_accel + vwap_spread_tide_current │     5 │   0.0% │   0.0% │  20.0% │  20.0% │   0.0% │   0.0% │   2.4% │   2.4% │   ⚠ REACTIVA
[15:07:12] 
  ── LH ──
[15:07:12]   Combo                                                   │ Fires │ P(t-2) │ P(t-1) │ P(t=0) │ P(all) │ R(t-2) │ R(t-1) │ R(t=0) │ R(all) │      Verdict
[15:07:12]   ─────────────────────────────────────────────────────── │ ───── │ ────── │ ────── │ ────── │ ────── │ ────── │ ────── │ ────── │ ────── │ ────────────
[15:07:12]   kf_price_pred_val                                       │   195 │   2.6% │   1.5% │   3.6% │   7.7% │  17.2% │  10.3% │  24.1% │  31.0% │        MIXED
[15:07:12]   kf_price_pred_val + compression_ratio                   │    60 │   3.3% │   3.3% │   8.3% │  15.0% │   6.9% │   6.9% │  17.2% │  17.2% │        MIXED
[15:07:12]   kf_price_pred_val + kf_conj_filt_vel + compression_ratio │    19 │  10.5% │   5.3% │  10.5% │  26.3% │   6.9% │   3.4% │   6.9% │  10.3% │   ★ ANTICIPA
[15:07:12]   kf_price_pred_val + kf_price_filt_vel + compression_ratio │    45 │   0.0% │   2.2% │  11.1% │  13.3% │   0.0% │   3.4% │  17.2% │  17.2% │   ⚠ REACTIVA
[15:07:12] 
  Processing MRK...
[15:07:13] ══════════════════════════════════════════════════════════════════════════════════════════════════════════════
[15:07:13]   TICKER: MRK
[15:07:13] ══════════════════════════════════════════════════════════════════════════════════════════════════════════════
[15:07:13] 
  ── LL ──
[15:07:13]   Combo                                                   │ Fires │ P(t-2) │ P(t-1) │ P(t=0) │ P(all) │ R(t-2) │ R(t-1) │ R(t=0) │ R(all) │      Verdict
[15:07:13]   ─────────────────────────────────────────────────────── │ ───── │ ────── │ ────── │ ────── │ ────── │ ────── │ ────── │ ────── │ ────── │ ────────────
[15:07:13]   vwap_sigma_current                                      │   130 │   5.4% │   6.9% │  12.3% │  24.6% │  14.0% │  18.0% │  32.0% │  36.0% │        MIXED
[15:07:13]   vwap_sigma_tide                                         │   112 │   4.5% │   4.5% │  10.7% │  19.6% │  10.0% │  10.0% │  24.0% │  24.0% │        MIXED
[15:07:13]   sigma_tide                                              │   163 │   5.5% │   6.1% │   8.0% │  19.6% │  18.0% │  20.0% │  26.0% │  26.0% │        MIXED
[15:07:13]   vwap_sigma_current + wave_slope                         │    11 │  18.2% │  27.3% │  27.3% │  72.7% │   4.0% │   6.0% │   6.0% │   8.0% │   ★ ANTICIPA
[15:07:13]   vwap_sigma_tide + sigma_current                         │    15 │   6.7% │   6.7% │  40.0% │  53.3% │   2.0% │   2.0% │  12.0% │  12.0% │   ⚠ REACTIVA
[15:07:13]   vwap_sigma_current + vwap_sigma_tide                    │    13 │   7.7% │   7.7% │  30.8% │  46.2% │   2.0% │   2.0% │   8.0% │  10.0% │   ⚠ REACTIVA
[15:07:13]   vwap_sigma_current + kf_price_pred_val                  │    30 │  10.0% │   6.7% │  26.7% │  43.3% │   6.0% │   4.0% │  16.0% │  18.0% │   ⚠ REACTIVA
[15:07:13]   vwap_sigma_current + vwap_sigma_tide + sigma_tide       │    12 │   8.3% │   0.0% │  33.3% │  41.7% │   2.0% │   0.0% │   8.0% │  10.0% │   ⚠ REACTIVA
[15:07:13]   vwap_sigma_current + vwap_sigma_tide + vwap_sigma_wave  │     5 │   0.0% │   0.0% │  60.0% │  60.0% │   0.0% │   0.0% │   6.0% │   6.0% │   ⚠ REACTIVA
[15:07:13]   vwap_sigma_current + vwap_sigma_tide + rsi_value        │    11 │   9.1% │   9.1% │  18.2% │  36.4% │   2.0% │   2.0% │   4.0% │   6.0% │        MIXED
[15:07:13]   vwap_sigma_current + sigma_tide + rsi_value             │    23 │   4.3% │   8.7% │  26.1% │  39.1% │   2.0% │   4.0% │  12.0% │  14.0% │   ⚠ REACTIVA
[15:07:13] 
  ── HL ──
[15:07:13]   Combo                                                   │ Fires │ P(t-2) │ P(t-1) │ P(t=0) │ P(all) │ R(t-2) │ R(t-1) │ R(t=0) │ R(all) │      Verdict
[15:07:13]   ─────────────────────────────────────────────────────── │ ───── │ ────── │ ────── │ ────── │ ────── │ ────── │ ────── │ ────── │ ────── │ ────────────
[15:07:13]   sigma_current                                           │   154 │   3.9% │   5.8% │   5.8% │  15.6% │  10.0% │  15.0% │  15.0% │  18.3% │   ★ ANTICIPA
[15:07:13]   sigma_current + kf_tension_filt_vel                     │    54 │   5.6% │   5.6% │   7.4% │  18.5% │   5.0% │   5.0% │   6.7% │   8.3% │   ★ ANTICIPA
[15:07:13]   sigma_current + vwap_sigma_wave                         │    37 │   5.4% │   2.7% │   8.1% │  16.2% │   3.3% │   1.7% │   5.0% │   8.3% │        MIXED
[15:07:13]   sigma_current + sigma_wave + kf_rsi_filt_vel            │    37 │   0.0% │   5.4% │  13.5% │  18.9% │   0.0% │   3.3% │   8.3% │   8.3% │   ⚠ REACTIVA
[15:07:13]   sigma_current + kf_price_pred_val + kf_rsi_filt_vel     │    28 │   0.0% │   7.1% │   7.1% │  14.3% │   0.0% │   3.3% │   3.3% │   5.0% │        MIXED
[15:07:13] 
  ── HH ──
[15:07:13]   Combo                                                   │ Fires │ P(t-2) │ P(t-1) │ P(t=0) │ P(all) │ R(t-2) │ R(t-1) │ R(t=0) │ R(all) │      Verdict
[15:07:13]   ─────────────────────────────────────────────────────── │ ───── │ ────── │ ────── │ ────── │ ────── │ ────── │ ────── │ ────── │ ────── │ ────────────
[15:07:13]   kf_conj_pred_val                                        │   199 │   1.5% │   1.5% │   2.5% │   5.5% │   5.4% │   5.4% │   8.9% │   8.9% │        MIXED
[15:07:13]   kf_conj_pred_val + current_accel                        │    43 │   2.3% │   2.3% │   9.3% │  14.0% │   1.8% │   1.8% │   7.1% │   7.1% │   ⚠ REACTIVA
[15:07:13]   kf_conj_pred_val + current_accel + vwap_spread_tide_current │    13 │   7.7% │   7.7% │   7.7% │  23.1% │   1.8% │   1.8% │   1.8% │   1.8% │   ★ ANTICIPA
[15:07:13] 
  ── LH ──
[15:07:13]   Combo                                                   │ Fires │ P(t-2) │ P(t-1) │ P(t=0) │ P(all) │ R(t-2) │ R(t-1) │ R(t=0) │ R(all) │      Verdict
[15:07:13]   ─────────────────────────────────────────────────────── │ ───── │ ────── │ ────── │ ────── │ ────── │ ────── │ ────── │ ────── │ ────── │ ────────────
[15:07:13]   kf_price_pred_val                                       │   207 │   3.4% │   2.9% │   3.9% │  10.1% │  13.2% │  11.3% │  15.1% │  26.4% │   ★ ANTICIPA
[15:07:13]   kf_price_pred_val + compression_ratio                   │    19 │  10.5% │   5.3% │   5.3% │  21.1% │   3.8% │   1.9% │   1.9% │   3.8% │   ★ ANTICIPA
[15:07:13]   kf_price_pred_val + kf_conj_filt_vel + compression_ratio │     5 │  20.0% │   0.0% │  20.0% │  40.0% │   1.9% │   0.0% │   1.9% │   1.9% │        MIXED
[15:07:13]   kf_price_pred_val + kf_price_filt_vel + compression_ratio │    15 │  13.3% │   6.7% │   6.7% │  26.7% │   3.8% │   1.9% │   1.9% │   3.8% │   ★ ANTICIPA
[15:07:13] 
  Processing MSFT...
[15:07:13] ══════════════════════════════════════════════════════════════════════════════════════════════════════════════
[15:07:13]   TICKER: MSFT
[15:07:13] ══════════════════════════════════════════════════════════════════════════════════════════════════════════════
[15:07:13] 
  ── LL ──
[15:07:13]   Combo                                                   │ Fires │ P(t-2) │ P(t-1) │ P(t=0) │ P(all) │ R(t-2) │ R(t-1) │ R(t=0) │ R(all) │      Verdict
[15:07:13]   ─────────────────────────────────────────────────────── │ ───── │ ────── │ ────── │ ────── │ ────── │ ────── │ ────── │ ────── │ ────── │ ────────────
[15:07:13]   vwap_sigma_current                                      │   123 │   9.8% │   9.8% │  15.4% │  35.0% │  22.2% │  22.2% │  37.0% │  38.9% │        MIXED
[15:07:13]   vwap_sigma_tide                                         │   169 │   8.3% │   9.5% │  10.7% │  28.4% │  25.9% │  29.6% │  33.3% │  33.3% │   ★ ANTICIPA
[15:07:13]   sigma_tide                                              │   149 │   5.4% │   5.4% │   9.4% │  20.1% │  14.8% │  14.8% │  27.8% │  27.8% │        MIXED
[15:07:13]   vwap_sigma_current + wave_slope                         │     6 │  16.7% │  33.3% │  33.3% │  83.3% │   1.9% │   3.7% │   3.7% │   5.6% │   ★ ANTICIPA
[15:07:13]   vwap_sigma_tide + sigma_current                         │     6 │   0.0% │  16.7% │  33.3% │  50.0% │   0.0% │   1.9% │   3.7% │   3.7% │   ⚠ REACTIVA
[15:07:13]   vwap_sigma_current + vwap_sigma_tide                    │    26 │  15.4% │  15.4% │  19.2% │  50.0% │   7.4% │   7.4% │   9.3% │  11.1% │   ★ ANTICIPA
[15:07:13]   vwap_sigma_current + kf_price_pred_val                  │    32 │  15.6% │  12.5% │  25.0% │  53.1% │   9.3% │   7.4% │  16.7% │  20.4% │        MIXED
[15:07:13]   rsi_value + fear_level                                  │    19 │  15.8% │  15.8% │  26.3% │  57.9% │   5.6% │   5.6% │   9.3% │   9.3% │        MIXED
[15:07:13]   vwap_sigma_current + vwap_sigma_tide + sigma_tide       │     1 │   0.0% │   0.0% │ 100.0% │ 100.0% │   0.0% │   0.0% │   1.9% │   1.9% │   ⚠ REACTIVA
[15:07:13]   vwap_sigma_current + vwap_sigma_tide + vwap_sigma_wave  │    12 │  25.0% │  25.0% │  33.3% │  83.3% │   5.6% │   5.6% │   7.4% │   9.3% │   ★ ANTICIPA
[15:07:13]   vwap_sigma_current + vwap_sigma_tide + rsi_value        │     8 │  12.5% │  12.5% │  37.5% │  62.5% │   1.9% │   1.9% │   5.6% │   5.6% │        MIXED
[15:07:13]   vwap_sigma_current + sigma_tide + rsi_value             │    13 │  30.8% │   7.7% │  38.5% │  76.9% │   7.4% │   1.9% │   9.3% │   9.3% │        MIXED
[15:07:13] 
  ── HL ──
[15:07:13]   Combo                                                   │ Fires │ P(t-2) │ P(t-1) │ P(t=0) │ P(all) │ R(t-2) │ R(t-1) │ R(t=0) │ R(all) │      Verdict
[15:07:13]   ─────────────────────────────────────────────────────── │ ───── │ ────── │ ────── │ ────── │ ────── │ ────── │ ────── │ ────── │ ────── │ ────────────
[15:07:13]   sigma_current                                           │   168 │   3.6% │   2.4% │   7.7% │  13.7% │   8.6% │   5.7% │  18.6% │  20.0% │        MIXED
[15:07:13]   sigma_current + kf_tension_filt_vel                     │    60 │   5.0% │   3.3% │  11.7% │  20.0% │   4.3% │   2.9% │  10.0% │  10.0% │        MIXED
[15:07:13]   sigma_current + vwap_sigma_wave                         │    43 │   4.7% │   4.7% │  14.0% │  23.3% │   2.9% │   2.9% │   8.6% │   8.6% │        MIXED
[15:07:13]   sigma_current + sigma_wave + kf_rsi_filt_vel            │    45 │   6.7% │   0.0% │   8.9% │  15.6% │   4.3% │   0.0% │   5.7% │   8.6% │        MIXED
[15:07:13]   sigma_current + kf_price_pred_val + kf_rsi_filt_vel     │    29 │  10.3% │   0.0% │  10.3% │  20.7% │   4.3% │   0.0% │   4.3% │   7.1% │        MIXED
[15:07:13] 
  ── HH ──
[15:07:13]   Combo                                                   │ Fires │ P(t-2) │ P(t-1) │ P(t=0) │ P(all) │ R(t-2) │ R(t-1) │ R(t=0) │ R(all) │      Verdict
[15:07:13]   ─────────────────────────────────────────────────────── │ ───── │ ────── │ ────── │ ────── │ ────── │ ────── │ ────── │ ────── │ ────── │ ────────────
[15:07:13]   kf_conj_pred_val                                        │   232 │   2.2% │   1.7% │   1.7% │   5.6% │   7.6% │   6.1% │   6.1% │   7.6% │   ★ ANTICIPA
[15:07:13]   kf_conj_pred_val + current_accel                        │    61 │   1.6% │   3.3% │   3.3% │   8.2% │   1.5% │   3.0% │   3.0% │   4.5% │   ★ ANTICIPA
[15:07:13]   kf_conj_pred_val + current_accel + vwap_spread_tide_current │    16 │   6.2% │   6.2% │  12.5% │  25.0% │   1.5% │   1.5% │   3.0% │   3.0% │        MIXED
[15:07:13] 
  ── LH ──
[15:07:13]   Combo                                                   │ Fires │ P(t-2) │ P(t-1) │ P(t=0) │ P(all) │ R(t-2) │ R(t-1) │ R(t=0) │ R(all) │      Verdict
[15:07:13]   ─────────────────────────────────────────────────────── │ ───── │ ────── │ ────── │ ────── │ ────── │ ────── │ ────── │ ────── │ ────── │ ────────────
[15:07:13]   kf_price_pred_val                                       │   235 │   3.8% │   5.1% │   7.2% │  16.2% │  15.5% │  20.7% │  32.8% │  41.4% │        MIXED
[15:07:13]   kf_price_pred_val + compression_ratio                   │    21 │  14.3% │  19.0% │  14.3% │  47.6% │   5.2% │   6.9% │   6.9% │   8.6% │   ★ ANTICIPA
[15:07:13]   kf_price_pred_val + kf_conj_filt_vel + compression_ratio │    12 │  25.0% │  25.0% │  16.7% │  66.7% │   5.2% │   5.2% │   5.2% │   6.9% │   ★ ANTICIPA
[15:07:13]   kf_price_pred_val + kf_price_filt_vel + compression_ratio │    15 │  13.3% │  20.0% │  20.0% │  53.3% │   3.4% │   5.2% │   6.9% │   8.6% │   ★ ANTICIPA
[15:07:13] 
  Processing PEP...
[15:07:14] ══════════════════════════════════════════════════════════════════════════════════════════════════════════════
[15:07:14]   TICKER: PEP
[15:07:14] ══════════════════════════════════════════════════════════════════════════════════════════════════════════════
[15:07:14] 
  ── LL ──
[15:07:14]   Combo                                                   │ Fires │ P(t-2) │ P(t-1) │ P(t=0) │ P(all) │ R(t-2) │ R(t-1) │ R(t=0) │ R(all) │      Verdict
[15:07:14]   ─────────────────────────────────────────────────────── │ ───── │ ────── │ ────── │ ────── │ ────── │ ────── │ ────── │ ────── │ ────── │ ────────────
[15:07:14]   vwap_sigma_current                                      │   136 │   2.2% │   3.7% │   8.8% │  14.7% │  11.1% │  18.5% │  48.1% │  51.9% │        MIXED
[15:07:14]   vwap_sigma_tide                                         │   231 │   4.8% │   5.2% │   7.4% │  17.3% │  40.7% │  44.4% │  66.7% │  66.7% │        MIXED
[15:07:14]   sigma_tide                                              │   179 │   2.8% │   5.0% │   9.5% │  17.3% │  18.5% │  33.3% │  66.7% │  66.7% │        MIXED
[15:07:14]   vwap_sigma_current + wave_slope                         │    44 │   6.8% │   6.8% │  11.4% │  25.0% │  11.1% │  11.1% │  22.2% │  25.9% │        MIXED
[15:07:14]   vwap_sigma_tide + sigma_current                         │    21 │  14.3% │  19.0% │  28.6% │  61.9% │  11.1% │  14.8% │  25.9% │  25.9% │        MIXED
[15:07:14]   vwap_sigma_current + vwap_sigma_tide                    │    36 │   8.3% │  11.1% │  22.2% │  41.7% │  11.1% │  14.8% │  33.3% │  37.0% │        MIXED
[15:07:14]   vwap_sigma_current + kf_price_pred_val                  │    34 │   8.8% │   5.9% │  14.7% │  29.4% │  11.1% │   7.4% │  22.2% │  25.9% │        MIXED
[15:07:14]   rsi_value + fear_level                                  │    22 │   4.5% │  13.6% │  13.6% │  31.8% │   3.7% │  11.1% │  11.1% │  11.1% │        MIXED
[15:07:14]   vwap_sigma_current + vwap_sigma_tide + sigma_tide       │    25 │   4.0% │  12.0% │  24.0% │  40.0% │   3.7% │  11.1% │  25.9% │  29.6% │        MIXED
[15:07:14]   vwap_sigma_current + vwap_sigma_tide + vwap_sigma_wave  │     2 │   0.0% │   0.0% │   0.0% │   0.0% │   0.0% │   0.0% │   0.0% │   0.0% │         DEAD
[15:07:14]   vwap_sigma_current + vwap_sigma_tide + rsi_value        │    24 │   8.3% │  16.7% │  16.7% │  41.7% │   7.4% │  14.8% │  18.5% │  25.9% │   ★ ANTICIPA
[15:07:14]   vwap_sigma_current + sigma_tide + rsi_value             │    34 │   2.9% │   8.8% │  11.8% │  23.5% │   3.7% │  11.1% │  18.5% │  25.9% │        MIXED
[15:07:14] 
  ── HL ──
[15:07:14]   Combo                                                   │ Fires │ P(t-2) │ P(t-1) │ P(t=0) │ P(all) │ R(t-2) │ R(t-1) │ R(t=0) │ R(all) │      Verdict
[15:07:14]   ─────────────────────────────────────────────────────── │ ───── │ ────── │ ────── │ ────── │ ────── │ ────── │ ────── │ ────── │ ────── │ ────────────
[15:07:14]   sigma_current                                           │   163 │   3.1% │   2.5% │   5.5% │  11.0% │  11.4% │   9.1% │  20.5% │  29.5% │        MIXED
[15:07:14]   sigma_current + kf_tension_filt_vel                     │    42 │   7.1% │   7.1% │  16.7% │  31.0% │   6.8% │   6.8% │  15.9% │  20.5% │        MIXED
[15:07:14]   sigma_current + vwap_sigma_wave                         │    16 │   0.0% │  12.5% │   6.2% │  18.8% │   0.0% │   4.5% │   2.3% │   6.8% │   ★ ANTICIPA
[15:07:14]   sigma_current + sigma_wave + kf_rsi_filt_vel            │     7 │   0.0% │   0.0% │   0.0% │   0.0% │   0.0% │   0.0% │   0.0% │   0.0% │         DEAD
[15:07:14]   sigma_current + kf_price_pred_val + kf_rsi_filt_vel     │    31 │   0.0% │   3.2% │  12.9% │  16.1% │   0.0% │   2.3% │   9.1% │   9.1% │   ⚠ REACTIVA
[15:07:14] 
  ── HH ──
[15:07:14]   Combo                                                   │ Fires │ P(t-2) │ P(t-1) │ P(t=0) │ P(all) │ R(t-2) │ R(t-1) │ R(t=0) │ R(all) │      Verdict
[15:07:14]   ─────────────────────────────────────────────────────── │ ───── │ ────── │ ────── │ ────── │ ────── │ ────── │ ────── │ ────── │ ────── │ ────────────
[15:07:14]   kf_conj_pred_val                                        │   248 │   2.8% │   2.8% │   2.8% │   8.5% │  15.9% │  15.9% │  15.9% │  18.2% │   ★ ANTICIPA
[15:07:14]   kf_conj_pred_val + current_accel                        │    58 │   3.4% │   5.2% │   5.2% │  13.8% │   4.5% │   6.8% │   6.8% │   6.8% │   ★ ANTICIPA
[15:07:14]   kf_conj_pred_val + current_accel + vwap_spread_tide_current │    10 │   0.0% │  10.0% │  10.0% │  20.0% │   0.0% │   2.3% │   2.3% │   2.3% │        MIXED
[15:07:14] 
  ── LH ──
[15:07:14]   Combo                                                   │ Fires │ P(t-2) │ P(t-1) │ P(t=0) │ P(all) │ R(t-2) │ R(t-1) │ R(t=0) │ R(all) │      Verdict
[15:07:14]   ─────────────────────────────────────────────────────── │ ───── │ ────── │ ────── │ ────── │ ────── │ ────── │ ────── │ ────── │ ────── │ ────────────
[15:07:14]   kf_price_pred_val                                       │   219 │   1.8% │   2.3% │   4.6% │   8.7% │  14.8% │  18.5% │  37.0% │  37.0% │        MIXED
[15:07:14]   kf_price_pred_val + compression_ratio                   │    56 │   7.1% │   7.1% │   8.9% │  23.2% │  14.8% │  14.8% │  18.5% │  18.5% │   ★ ANTICIPA
[15:07:14]   kf_price_pred_val + kf_conj_filt_vel + compression_ratio │    28 │   7.1% │  10.7% │  14.3% │  32.1% │   7.4% │  11.1% │  14.8% │  14.8% │        MIXED
[15:07:14]   kf_price_pred_val + kf_price_filt_vel + compression_ratio │    43 │   7.0% │   4.7% │   9.3% │  20.9% │  11.1% │   7.4% │  14.8% │  18.5% │        MIXED
[15:07:14] 
  Processing PG...
[15:07:14] ══════════════════════════════════════════════════════════════════════════════════════════════════════════════
[15:07:14]   TICKER: PG
[15:07:14] ══════════════════════════════════════════════════════════════════════════════════════════════════════════════
[15:07:14] 
  ── LL ──
[15:07:14]   Combo                                                   │ Fires │ P(t-2) │ P(t-1) │ P(t=0) │ P(all) │ R(t-2) │ R(t-1) │ R(t=0) │ R(all) │      Verdict
[15:07:14]   ─────────────────────────────────────────────────────── │ ───── │ ────── │ ────── │ ────── │ ────── │ ────── │ ────── │ ────── │ ────── │ ────────────
[15:07:14]   vwap_sigma_current                                      │   101 │   2.0% │   5.9% │   7.9% │  15.8% │   7.7% │  23.1% │  30.8% │  34.6% │        MIXED
[15:07:14]   vwap_sigma_tide                                         │   167 │   2.4% │   4.8% │   7.8% │  15.0% │  15.4% │  30.8% │  50.0% │  50.0% │        MIXED
[15:07:14]   sigma_tide                                              │   100 │   6.0% │   6.0% │   7.0% │  19.0% │  23.1% │  23.1% │  26.9% │  26.9% │   ★ ANTICIPA
[15:07:14]   vwap_sigma_current + wave_slope                         │    36 │   2.8% │   8.3% │  13.9% │  25.0% │   3.8% │  11.5% │  19.2% │  26.9% │        MIXED
[15:07:14]   vwap_sigma_tide + sigma_current                         │    11 │   0.0% │   9.1% │  27.3% │  36.4% │   0.0% │   3.8% │  11.5% │  11.5% │   ⚠ REACTIVA
[15:07:14]   vwap_sigma_current + vwap_sigma_tide                    │    28 │   0.0% │   7.1% │  17.9% │  25.0% │   0.0% │   7.7% │  19.2% │  19.2% │   ⚠ REACTIVA
[15:07:14]   vwap_sigma_current + kf_price_pred_val                  │    30 │   0.0% │  16.7% │  16.7% │  33.3% │   0.0% │  19.2% │  19.2% │  26.9% │        MIXED
[15:07:14]   rsi_value + fear_level                                  │    42 │   4.8% │   9.5% │  11.9% │  26.2% │   7.7% │  15.4% │  19.2% │  19.2% │        MIXED
[15:07:14]   vwap_sigma_current + vwap_sigma_tide + sigma_tide       │     6 │   0.0% │   0.0% │  16.7% │  16.7% │   0.0% │   0.0% │   3.8% │   3.8% │   ⚠ REACTIVA
[15:07:14]   vwap_sigma_current + vwap_sigma_tide + vwap_sigma_wave  │     1 │   0.0% │ 100.0% │   0.0% │ 100.0% │   0.0% │   3.8% │   0.0% │   3.8% │   ★ ANTICIPA
[15:07:14]   vwap_sigma_current + vwap_sigma_tide + rsi_value        │    16 │   0.0% │  12.5% │  25.0% │  37.5% │   0.0% │   7.7% │  15.4% │  15.4% │   ⚠ REACTIVA
[15:07:14]   vwap_sigma_current + sigma_tide + rsi_value             │    10 │  10.0% │  10.0% │  10.0% │  30.0% │   3.8% │   3.8% │   3.8% │   7.7% │   ★ ANTICIPA
[15:07:14] 
  ── HL ──
[15:07:14]   Combo                                                   │ Fires │ P(t-2) │ P(t-1) │ P(t=0) │ P(all) │ R(t-2) │ R(t-1) │ R(t=0) │ R(all) │      Verdict
[15:07:14]   ─────────────────────────────────────────────────────── │ ───── │ ────── │ ────── │ ────── │ ────── │ ────── │ ────── │ ────── │ ────── │ ────────────
[15:07:14]   sigma_current                                           │   140 │   2.9% │   4.3% │   7.1% │  14.3% │   9.5% │  14.3% │  23.8% │  28.6% │        MIXED
[15:07:14]   sigma_current + kf_tension_filt_vel                     │    40 │   5.0% │   5.0% │   7.5% │  17.5% │   4.8% │   4.8% │   7.1% │   7.1% │        MIXED
[15:07:14]   sigma_current + vwap_sigma_wave                         │    13 │   7.7% │   0.0% │   7.7% │  15.4% │   2.4% │   0.0% │   2.4% │   4.8% │        MIXED
[15:07:14]   sigma_current + sigma_wave + kf_rsi_filt_vel            │     8 │   0.0% │  12.5% │   0.0% │  12.5% │   0.0% │   2.4% │   0.0% │   2.4% │   ★ ANTICIPA
[15:07:14]   sigma_current + kf_price_pred_val + kf_rsi_filt_vel     │    26 │   0.0% │   3.8% │   7.7% │  11.5% │   0.0% │   2.4% │   4.8% │   4.8% │   ⚠ REACTIVA
[15:07:14] 
  ── HH ──
[15:07:14]   Combo                                                   │ Fires │ P(t-2) │ P(t-1) │ P(t=0) │ P(all) │ R(t-2) │ R(t-1) │ R(t=0) │ R(all) │      Verdict
[15:07:14]   ─────────────────────────────────────────────────────── │ ───── │ ────── │ ────── │ ────── │ ────── │ ────── │ ────── │ ────── │ ────── │ ────────────
[15:07:14]   kf_conj_pred_val                                        │   250 │   0.0% │   0.4% │   0.8% │   1.2% │   0.0% │   2.6% │   5.1% │   5.1% │   ⚠ REACTIVA
[15:07:14]   kf_conj_pred_val + current_accel                        │    57 │   0.0% │   0.0% │   1.8% │   1.8% │   0.0% │   0.0% │   2.6% │   2.6% │   ⚠ REACTIVA
[15:07:14]   kf_conj_pred_val + current_accel + vwap_spread_tide_current │     6 │   0.0% │   0.0% │   0.0% │   0.0% │   0.0% │   0.0% │   0.0% │   0.0% │         DEAD
[15:07:14] 
  ── LH ──
[15:07:14]   Combo                                                   │ Fires │ P(t-2) │ P(t-1) │ P(t=0) │ P(all) │ R(t-2) │ R(t-1) │ R(t=0) │ R(all) │      Verdict
[15:07:14]   ─────────────────────────────────────────────────────── │ ───── │ ────── │ ────── │ ────── │ ────── │ ────── │ ────── │ ────── │ ────── │ ────────────
[15:07:14]   kf_price_pred_val                                       │   227 │   3.5% │   1.8% │   3.1% │   8.4% │  27.6% │  13.8% │  24.1% │  37.9% │   ★ ANTICIPA
[15:07:14]   kf_price_pred_val + compression_ratio                   │    63 │   6.3% │   1.6% │   7.9% │  15.9% │  13.8% │   3.4% │  17.2% │  20.7% │        MIXED
[15:07:14]   kf_price_pred_val + kf_conj_filt_vel + compression_ratio │    23 │  13.0% │   4.3% │  13.0% │  30.4% │  10.3% │   3.4% │  10.3% │  13.8% │        MIXED
[15:07:14]   kf_price_pred_val + kf_price_filt_vel + compression_ratio │    46 │   4.3% │   2.2% │  10.9% │  17.4% │   6.9% │   3.4% │  17.2% │  17.2% │   ⚠ REACTIVA
[15:07:14] 
  Processing QQQ...
[15:07:15] ══════════════════════════════════════════════════════════════════════════════════════════════════════════════
[15:07:15]   TICKER: QQQ
[15:07:15] ══════════════════════════════════════════════════════════════════════════════════════════════════════════════
[15:07:15] 
  ── LL ──
[15:07:15]   Combo                                                   │ Fires │ P(t-2) │ P(t-1) │ P(t=0) │ P(all) │ R(t-2) │ R(t-1) │ R(t=0) │ R(all) │      Verdict
[15:07:15]   ─────────────────────────────────────────────────────── │ ───── │ ────── │ ────── │ ────── │ ────── │ ────── │ ────── │ ────── │ ────── │ ────────────
[15:07:15]   vwap_sigma_current                                      │   171 │   9.4% │   8.2% │  15.2% │  32.7% │  20.5% │  17.9% │  34.6% │  35.9% │        MIXED
[15:07:15]   vwap_sigma_tide                                         │   224 │  11.2% │  10.7% │  12.9% │  34.8% │  32.1% │  30.8% │  39.7% │  39.7% │   ★ ANTICIPA
[15:07:15]   sigma_tide                                              │   247 │   5.7% │   8.1% │   9.7% │  23.5% │  17.9% │  25.6% │  32.1% │  32.1% │        MIXED
[15:07:15]   vwap_sigma_current + wave_slope                         │    36 │  13.9% │  16.7% │  33.3% │  63.9% │   6.4% │   7.7% │  16.7% │  16.7% │        MIXED
[15:07:15]   vwap_sigma_tide + sigma_current                         │     4 │  25.0% │   0.0% │  50.0% │  75.0% │   1.3% │   0.0% │   2.6% │   3.8% │   ⚠ REACTIVA
[15:07:15]   vwap_sigma_current + vwap_sigma_tide                    │    36 │  11.1% │  13.9% │  27.8% │  52.8% │   5.1% │   6.4% │  12.8% │  12.8% │        MIXED
[15:07:15]   vwap_sigma_current + kf_price_pred_val                  │    35 │  17.1% │  11.4% │  28.6% │  57.1% │   7.7% │   5.1% │  14.1% │  19.2% │        MIXED
[15:07:15]   rsi_value + fear_level                                  │    37 │   8.1% │  13.5% │  32.4% │  54.1% │   3.8% │   6.4% │  16.7% │  17.9% │        MIXED
[15:07:15]   vwap_sigma_current + vwap_sigma_tide + sigma_tide       │    18 │  16.7% │  16.7% │  27.8% │  61.1% │   3.8% │   3.8% │   6.4% │   6.4% │        MIXED
[15:07:15]   vwap_sigma_current + vwap_sigma_tide + vwap_sigma_wave  │     8 │  12.5% │   0.0% │  25.0% │  37.5% │   1.3% │   0.0% │   2.6% │   3.8% │   ⚠ REACTIVA
[15:07:15]   vwap_sigma_current + vwap_sigma_tide + rsi_value        │    21 │  14.3% │  19.0% │  28.6% │  61.9% │   3.8% │   5.1% │   7.7% │   7.7% │        MIXED
[15:07:15]   vwap_sigma_current + sigma_tide + rsi_value             │    41 │  14.6% │  14.6% │  22.0% │  51.2% │   7.7% │   7.7% │  12.8% │  14.1% │        MIXED
[15:07:15] 
  ── HL ──
[15:07:15]   Combo                                                   │ Fires │ P(t-2) │ P(t-1) │ P(t=0) │ P(all) │ R(t-2) │ R(t-1) │ R(t=0) │ R(all) │      Verdict
[15:07:15]   ─────────────────────────────────────────────────────── │ ───── │ ────── │ ────── │ ────── │ ────── │ ────── │ ────── │ ────── │ ────── │ ────────────
[15:07:15]   sigma_current                                           │   217 │   5.1% │   4.1% │   7.4% │  16.6% │  14.5% │  11.8% │  21.1% │  25.0% │        MIXED
[15:07:15]   sigma_current + kf_tension_filt_vel                     │    82 │   9.8% │   4.9% │  11.0% │  25.6% │  10.5% │   5.3% │  11.8% │  15.8% │        MIXED
[15:07:15]   sigma_current + vwap_sigma_wave                         │    47 │   4.3% │   8.5% │  10.6% │  23.4% │   2.6% │   5.3% │   6.6% │   7.9% │        MIXED
[15:07:15]   sigma_current + sigma_wave + kf_rsi_filt_vel            │    36 │   8.3% │   5.6% │   8.3% │  22.2% │   3.9% │   2.6% │   3.9% │   6.6% │   ★ ANTICIPA
[15:07:15]   sigma_current + kf_price_pred_val + kf_rsi_filt_vel     │    20 │  10.0% │  15.0% │  25.0% │  50.0% │   2.6% │   3.9% │   6.6% │   7.9% │        MIXED
[15:07:15] 
  ── HH ──
[15:07:15]   Combo                                                   │ Fires │ P(t-2) │ P(t-1) │ P(t=0) │ P(all) │ R(t-2) │ R(t-1) │ R(t=0) │ R(all) │      Verdict
[15:07:15]   ─────────────────────────────────────────────────────── │ ───── │ ────── │ ────── │ ────── │ ────── │ ────── │ ────── │ ────── │ ────── │ ────────────
[15:07:15]   kf_conj_pred_val                                        │   267 │   1.9% │   3.0% │   3.7% │   8.6% │   6.0% │   9.6% │  12.0% │  12.0% │        MIXED
[15:07:15]   kf_conj_pred_val + current_accel                        │   109 │   0.9% │   3.7% │   4.6% │   9.2% │   1.2% │   4.8% │   6.0% │   7.2% │        MIXED
[15:07:15]   kf_conj_pred_val + current_accel + vwap_spread_tide_current │    76 │   1.3% │   5.3% │   6.6% │  13.2% │   1.2% │   4.8% │   6.0% │   7.2% │        MIXED
[15:07:15] 
  ── LH ──
[15:07:15]   Combo                                                   │ Fires │ P(t-2) │ P(t-1) │ P(t=0) │ P(all) │ R(t-2) │ R(t-1) │ R(t=0) │ R(all) │      Verdict
[15:07:15]   ─────────────────────────────────────────────────────── │ ───── │ ────── │ ────── │ ────── │ ────── │ ────── │ ────── │ ────── │ ────── │ ────────────
[15:07:15]   kf_price_pred_val                                       │   268 │   6.0% │   4.5% │   7.1% │  17.5% │  22.5% │  16.9% │  28.2% │  46.5% │        MIXED
[15:07:15]   kf_price_pred_val + compression_ratio                   │    29 │  13.8% │  10.3% │  10.3% │  34.5% │   5.6% │   4.2% │   5.6% │   9.9% │   ★ ANTICIPA
[15:07:15]   kf_price_pred_val + kf_conj_filt_vel + compression_ratio │     9 │  22.2% │  22.2% │  11.1% │  55.6% │   2.8% │   2.8% │   1.4% │   5.6% │   ★ ANTICIPA
[15:07:15]   kf_price_pred_val + kf_price_filt_vel + compression_ratio │    21 │  19.0% │  14.3% │  14.3% │  47.6% │   5.6% │   4.2% │   5.6% │   9.9% │   ★ ANTICIPA
[15:07:15] 
  Processing SPY...
[15:07:16] ══════════════════════════════════════════════════════════════════════════════════════════════════════════════
[15:07:16]   TICKER: SPY
[15:07:16] ══════════════════════════════════════════════════════════════════════════════════════════════════════════════
[15:07:16] 
  ── LL ──
[15:07:16]   Combo                                                   │ Fires │ P(t-2) │ P(t-1) │ P(t=0) │ P(all) │ R(t-2) │ R(t-1) │ R(t=0) │ R(all) │      Verdict
[15:07:16]   ─────────────────────────────────────────────────────── │ ───── │ ────── │ ────── │ ────── │ ────── │ ────── │ ────── │ ────── │ ────── │ ────────────
[15:07:16]   vwap_sigma_current                                      │   331 │   4.2% │   5.4% │   9.1% │  18.7% │  28.0% │  36.0% │  62.0% │  64.0% │        MIXED
[15:07:16]   vwap_sigma_tide                                         │   398 │   5.8% │   6.0% │   7.0% │  18.8% │  46.0% │  48.0% │  58.0% │  58.0% │   ★ ANTICIPA
[15:07:16]   sigma_tide                                              │   309 │   5.2% │   7.1% │   9.1% │  21.4% │  32.0% │  44.0% │  58.0% │  58.0% │        MIXED
[15:07:16]   vwap_sigma_current + wave_slope                         │    73 │   8.2% │  12.3% │  17.8% │  38.4% │  12.0% │  18.0% │  28.0% │  30.0% │        MIXED
[15:07:16]   vwap_sigma_tide + sigma_current                         │    33 │  15.2% │  15.2% │  30.3% │  60.6% │  10.0% │  10.0% │  22.0% │  22.0% │        MIXED
[15:07:16]   vwap_sigma_current + vwap_sigma_tide                    │   124 │   8.1% │  10.5% │  14.5% │  33.1% │  20.0% │  26.0% │  38.0% │  40.0% │        MIXED
[15:07:16]   vwap_sigma_current + kf_price_pred_val                  │    77 │  10.4% │   9.1% │  18.2% │  37.7% │  16.0% │  14.0% │  30.0% │  40.0% │        MIXED
[15:07:16]   rsi_value + fear_level                                  │    73 │   8.2% │  11.0% │  12.3% │  31.5% │  12.0% │  16.0% │  18.0% │  18.0% │   ★ ANTICIPA
[15:07:16]   vwap_sigma_current + vwap_sigma_tide + sigma_tide       │    47 │  12.8% │  21.3% │  27.7% │  61.7% │  12.0% │  20.0% │  28.0% │  30.0% │        MIXED
[15:07:16]   vwap_sigma_current + vwap_sigma_tide + vwap_sigma_wave  │    30 │  13.3% │   3.3% │  16.7% │  33.3% │   8.0% │   2.0% │  12.0% │  18.0% │        MIXED
[15:07:16]   vwap_sigma_current + vwap_sigma_tide + rsi_value        │    81 │   9.9% │  12.3% │  17.3% │  39.5% │  16.0% │  20.0% │  30.0% │  32.0% │        MIXED
[15:07:16]   vwap_sigma_current + sigma_tide + rsi_value             │    76 │   9.2% │  14.5% │  18.4% │  42.1% │  14.0% │  22.0% │  30.0% │  32.0% │        MIXED
[15:07:16] 
  ── HL ──
[15:07:16]   Combo                                                   │ Fires │ P(t-2) │ P(t-1) │ P(t=0) │ P(all) │ R(t-2) │ R(t-1) │ R(t=0) │ R(all) │      Verdict
[15:07:16]   ─────────────────────────────────────────────────────── │ ───── │ ────── │ ────── │ ────── │ ────── │ ────── │ ────── │ ────── │ ────── │ ────────────
[15:07:16]   sigma_current                                           │   255 │   5.9% │   3.9% │   7.1% │  16.9% │  22.1% │  14.7% │  26.5% │  33.8% │        MIXED
[15:07:16]   sigma_current + kf_tension_filt_vel                     │   103 │   5.8% │   5.8% │   8.7% │  20.4% │   8.8% │   8.8% │  13.2% │  16.2% │        MIXED
[15:07:16]   sigma_current + vwap_sigma_wave                         │    83 │   6.0% │   3.6% │  12.0% │  21.7% │   7.4% │   4.4% │  14.7% │  20.6% │        MIXED
[15:07:16]   sigma_current + sigma_wave + kf_rsi_filt_vel            │    51 │   3.9% │   5.9% │   9.8% │  19.6% │   2.9% │   4.4% │   7.4% │  11.8% │        MIXED
[15:07:16]   sigma_current + kf_price_pred_val + kf_rsi_filt_vel     │    30 │   6.7% │  10.0% │  23.3% │  40.0% │   2.9% │   4.4% │  10.3% │  13.2% │        MIXED
[15:07:16] 
  ── HH ──
[15:07:16]   Combo                                                   │ Fires │ P(t-2) │ P(t-1) │ P(t=0) │ P(all) │ R(t-2) │ R(t-1) │ R(t=0) │ R(all) │      Verdict
[15:07:16]   ─────────────────────────────────────────────────────── │ ───── │ ────── │ ────── │ ────── │ ────── │ ────── │ ────── │ ────── │ ────── │ ────────────
[15:07:16]   kf_conj_pred_val                                        │   406 │   1.5% │   2.0% │   1.7% │   5.2% │   8.8% │  11.8% │  10.3% │  11.8% │   ★ ANTICIPA
[15:07:16]   kf_conj_pred_val + current_accel                        │   160 │   3.1% │   3.8% │   3.1% │  10.0% │   7.4% │   8.8% │   7.4% │  10.3% │   ★ ANTICIPA
[15:07:16]   kf_conj_pred_val + current_accel + vwap_spread_tide_current │    63 │   3.2% │   3.2% │   3.2% │   9.5% │   2.9% │   2.9% │   2.9% │   2.9% │   ★ ANTICIPA
[15:07:16] 
  ── LH ──
[15:07:16]   Combo                                                   │ Fires │ P(t-2) │ P(t-1) │ P(t=0) │ P(all) │ R(t-2) │ R(t-1) │ R(t=0) │ R(all) │      Verdict
[15:07:16]   ─────────────────────────────────────────────────────── │ ───── │ ────── │ ────── │ ────── │ ────── │ ────── │ ────── │ ────── │ ────── │ ────────────
[15:07:16]   kf_price_pred_val                                       │   407 │   3.2% │   2.7% │   3.4% │   9.3% │  26.5% │  22.4% │  30.6% │  40.8% │   ★ ANTICIPA
[15:07:16]   kf_price_pred_val + compression_ratio                   │    38 │  18.4% │  10.5% │  10.5% │  39.5% │  14.3% │   8.2% │  10.2% │  14.3% │   ★ ANTICIPA
[15:07:16]   kf_price_pred_val + kf_conj_filt_vel + compression_ratio │    25 │  24.0% │  16.0% │  16.0% │  56.0% │  12.2% │   8.2% │  10.2% │  14.3% │   ★ ANTICIPA
[15:07:16]   kf_price_pred_val + kf_price_filt_vel + compression_ratio │    27 │  18.5% │  11.1% │  14.8% │  44.4% │  10.2% │   6.1% │  10.2% │  14.3% │   ★ ANTICIPA
[15:07:16] 
  Processing WMT...
[15:07:16] ══════════════════════════════════════════════════════════════════════════════════════════════════════════════
[15:07:16]   TICKER: WMT
[15:07:16] ══════════════════════════════════════════════════════════════════════════════════════════════════════════════
[15:07:16] 
  ── LL ──
[15:07:16]   Combo                                                   │ Fires │ P(t-2) │ P(t-1) │ P(t=0) │ P(all) │ R(t-2) │ R(t-1) │ R(t=0) │ R(all) │      Verdict
[15:07:16]   ─────────────────────────────────────────────────────── │ ───── │ ────── │ ────── │ ────── │ ────── │ ────── │ ────── │ ────── │ ────── │ ────────────
[15:07:16]   vwap_sigma_current                                      │   137 │   6.6% │   5.8% │  10.2% │  22.6% │  28.1% │  25.0% │  43.8% │  50.0% │        MIXED
[15:07:16]   vwap_sigma_tide                                         │   145 │   4.8% │   4.8% │   5.5% │  15.2% │  21.9% │  21.9% │  25.0% │  25.0% │   ★ ANTICIPA
[15:07:16]   sigma_tide                                              │   167 │   6.0% │   5.4% │   6.6% │  18.0% │  31.2% │  28.1% │  34.4% │  34.4% │   ★ ANTICIPA
[15:07:16]   vwap_sigma_current + wave_slope                         │     8 │  25.0% │  12.5% │  37.5% │  75.0% │   6.2% │   3.1% │   9.4% │   9.4% │        MIXED
[15:07:16]   vwap_sigma_tide + sigma_current                         │    18 │  16.7% │  11.1% │  16.7% │  44.4% │   9.4% │   6.2% │   9.4% │   9.4% │   ★ ANTICIPA
[15:07:16]   vwap_sigma_current + vwap_sigma_tide                    │    24 │  20.8% │   8.3% │  16.7% │  45.8% │  15.6% │   6.2% │  12.5% │  18.8% │   ★ ANTICIPA
[15:07:16]   vwap_sigma_current + kf_price_pred_val                  │    29 │  10.3% │  10.3% │  24.1% │  44.8% │   9.4% │   9.4% │  21.9% │  28.1% │        MIXED
[15:07:16]   rsi_value + fear_level                                  │    24 │   4.2% │   4.2% │   8.3% │  16.7% │   3.1% │   3.1% │   6.2% │   6.2% │        MIXED
[15:07:16]   vwap_sigma_current + vwap_sigma_tide + sigma_tide       │     7 │  28.6% │  14.3% │  28.6% │  71.4% │   6.2% │   3.1% │   6.2% │   9.4% │   ★ ANTICIPA
[15:07:16]   vwap_sigma_current + vwap_sigma_tide + vwap_sigma_wave  │    12 │  25.0% │  16.7% │  16.7% │  58.3% │   9.4% │   6.2% │   6.2% │  12.5% │   ★ ANTICIPA
[15:07:16]   vwap_sigma_current + vwap_sigma_tide + rsi_value        │    18 │  16.7% │  11.1% │  16.7% │  44.4% │   9.4% │   6.2% │   9.4% │  12.5% │   ★ ANTICIPA
[15:07:16]   vwap_sigma_current + sigma_tide + rsi_value             │    21 │   9.5% │  19.0% │  19.0% │  47.6% │   6.2% │  12.5% │  12.5% │  15.6% │   ★ ANTICIPA
[15:07:16] 
  ── HL ──
[15:07:16]   Combo                                                   │ Fires │ P(t-2) │ P(t-1) │ P(t=0) │ P(all) │ R(t-2) │ R(t-1) │ R(t=0) │ R(all) │      Verdict
[15:07:16]   ─────────────────────────────────────────────────────── │ ───── │ ────── │ ────── │ ────── │ ────── │ ────── │ ────── │ ────── │ ────── │ ────────────
[15:07:16]   sigma_current                                           │   161 │   2.5% │   3.1% │   5.0% │  10.6% │   7.7% │   9.6% │  15.4% │  17.3% │        MIXED
[15:07:16]   sigma_current + kf_tension_filt_vel                     │    44 │   4.5% │   6.8% │   4.5% │  15.9% │   3.8% │   5.8% │   3.8% │   7.7% │   ★ ANTICIPA
[15:07:16]   sigma_current + vwap_sigma_wave                         │    50 │   4.0% │   6.0% │   8.0% │  18.0% │   3.8% │   5.8% │   7.7% │   9.6% │        MIXED
[15:07:16]   sigma_current + sigma_wave + kf_rsi_filt_vel            │    42 │   7.1% │   4.8% │   4.8% │  16.7% │   5.8% │   3.8% │   3.8% │   9.6% │   ★ ANTICIPA
[15:07:16]   sigma_current + kf_price_pred_val + kf_rsi_filt_vel     │    27 │   3.7% │   3.7% │   7.4% │  14.8% │   1.9% │   1.9% │   3.8% │   5.8% │        MIXED
[15:07:16] 
  ── HH ──
[15:07:16]   Combo                                                   │ Fires │ P(t-2) │ P(t-1) │ P(t=0) │ P(all) │ R(t-2) │ R(t-1) │ R(t=0) │ R(all) │      Verdict
[15:07:16]   ─────────────────────────────────────────────────────── │ ───── │ ────── │ ────── │ ────── │ ────── │ ────── │ ────── │ ────── │ ────── │ ────────────
[15:07:16]   kf_conj_pred_val                                        │   180 │   2.8% │   2.8% │   3.3% │   8.9% │   9.6% │   9.6% │  11.5% │  11.5% │   ★ ANTICIPA
[15:07:16]   kf_conj_pred_val + current_accel                        │    61 │   0.0% │   1.6% │   0.0% │   1.6% │   0.0% │   1.9% │   0.0% │   1.9% │   ★ ANTICIPA
[15:07:16]   kf_conj_pred_val + current_accel + vwap_spread_tide_current │     2 │   0.0% │   0.0% │   0.0% │   0.0% │   0.0% │   0.0% │   0.0% │   0.0% │         DEAD
[15:07:16] 
  ── LH ──
[15:07:16]   Combo                                                   │ Fires │ P(t-2) │ P(t-1) │ P(t=0) │ P(all) │ R(t-2) │ R(t-1) │ R(t=0) │ R(all) │      Verdict
[15:07:16]   ─────────────────────────────────────────────────────── │ ───── │ ────── │ ────── │ ────── │ ────── │ ────── │ ────── │ ────── │ ────── │ ────────────
[15:07:16]   kf_price_pred_val                                       │   210 │   1.9% │   1.9% │   2.9% │   6.7% │  12.5% │  12.5% │  18.8% │  25.0% │        MIXED
[15:07:16]   kf_price_pred_val + compression_ratio                   │    33 │   6.1% │   6.1% │   3.0% │  15.2% │   6.2% │   6.2% │   3.1% │   6.2% │   ★ ANTICIPA
[15:07:16]   kf_price_pred_val + kf_conj_filt_vel + compression_ratio │    18 │  11.1% │  11.1% │   5.6% │  27.8% │   6.2% │   6.2% │   3.1% │   6.2% │   ★ ANTICIPA
[15:07:16]   kf_price_pred_val + kf_price_filt_vel + compression_ratio │    22 │   4.5% │   0.0% │   4.5% │   9.1% │   3.1% │   0.0% │   3.1% │   3.1% │        MIXED
[15:07:16] 
  Processing XOM...
[15:07:17] ══════════════════════════════════════════════════════════════════════════════════════════════════════════════
[15:07:17]   TICKER: XOM
[15:07:17] ══════════════════════════════════════════════════════════════════════════════════════════════════════════════
[15:07:17] 
  ── LL ──
[15:07:17]   Combo                                                   │ Fires │ P(t-2) │ P(t-1) │ P(t=0) │ P(all) │ R(t-2) │ R(t-1) │ R(t=0) │ R(all) │      Verdict
[15:07:17]   ─────────────────────────────────────────────────────── │ ───── │ ────── │ ────── │ ────── │ ────── │ ────── │ ────── │ ────── │ ────── │ ────────────
[15:07:17]   vwap_sigma_current                                      │   102 │   6.9% │   6.9% │  11.8% │  25.5% │  12.7% │  12.7% │  21.8% │  23.6% │        MIXED
[15:07:17]   vwap_sigma_tide                                         │   125 │   7.2% │   6.4% │  10.4% │  24.0% │  16.4% │  14.5% │  23.6% │  23.6% │        MIXED
[15:07:17]   sigma_tide                                              │   164 │   3.7% │   6.7% │   8.5% │  18.9% │  10.9% │  20.0% │  25.5% │  25.5% │        MIXED
[15:07:17]   vwap_sigma_current + wave_slope                         │    13 │  15.4% │   7.7% │  38.5% │  61.5% │   3.6% │   1.8% │   9.1% │   9.1% │   ⚠ REACTIVA
[15:07:17]   vwap_sigma_tide + sigma_current                         │    25 │  20.0% │   8.0% │  28.0% │  56.0% │   9.1% │   3.6% │  12.7% │  14.5% │        MIXED
[15:07:17]   vwap_sigma_current + vwap_sigma_tide                    │    19 │  15.8% │  15.8% │  31.6% │  63.2% │   5.5% │   5.5% │  10.9% │  10.9% │        MIXED
[15:07:17]   vwap_sigma_current + kf_price_pred_val                  │    19 │  15.8% │  10.5% │  36.8% │  63.2% │   5.5% │   3.6% │  12.7% │  14.5% │        MIXED
[15:07:17]   vwap_sigma_current + vwap_sigma_tide + sigma_tide       │    11 │  18.2% │  18.2% │  45.5% │  81.8% │   3.6% │   3.6% │   9.1% │   9.1% │        MIXED
[15:07:17]   vwap_sigma_current + vwap_sigma_tide + vwap_sigma_wave  │     3 │  33.3% │  33.3% │   0.0% │  66.7% │   1.8% │   1.8% │   0.0% │   3.6% │   ★ ANTICIPA
[15:07:17]   vwap_sigma_current + vwap_sigma_tide + rsi_value        │    10 │  20.0% │  10.0% │  40.0% │  70.0% │   3.6% │   1.8% │   7.3% │   7.3% │        MIXED
[15:07:17]   vwap_sigma_current + sigma_tide + rsi_value             │    16 │  18.8% │  12.5% │  37.5% │  68.8% │   5.5% │   3.6% │  10.9% │  10.9% │        MIXED
[15:07:17] 
  ── HL ──
[15:07:17]   Combo                                                   │ Fires │ P(t-2) │ P(t-1) │ P(t=0) │ P(all) │ R(t-2) │ R(t-1) │ R(t=0) │ R(all) │      Verdict
[15:07:17]   ─────────────────────────────────────────────────────── │ ───── │ ────── │ ────── │ ────── │ ────── │ ────── │ ────── │ ────── │ ────── │ ────────────
[15:07:17]   sigma_current                                           │   152 │   0.7% │   3.3% │   4.6% │   8.6% │   1.5% │   7.7% │  10.8% │  12.3% │        MIXED
[15:07:17]   sigma_current + kf_tension_filt_vel                     │    41 │   0.0% │   2.4% │   4.9% │   7.3% │   0.0% │   1.5% │   3.1% │   3.1% │   ⚠ REACTIVA
[15:07:17]   sigma_current + vwap_sigma_wave                         │    23 │   0.0% │   0.0% │   4.3% │   4.3% │   0.0% │   0.0% │   1.5% │   1.5% │   ⚠ REACTIVA
[15:07:17]   sigma_current + sigma_wave + kf_rsi_filt_vel            │    21 │   0.0% │   4.8% │   4.8% │   9.5% │   0.0% │   1.5% │   1.5% │   3.1% │        MIXED
[15:07:17]   sigma_current + kf_price_pred_val + kf_rsi_filt_vel     │    23 │   0.0% │   4.3% │   4.3% │   8.7% │   0.0% │   1.5% │   1.5% │   3.1% │        MIXED
[15:07:17] 
  ── HH ──
[15:07:17]   Combo                                                   │ Fires │ P(t-2) │ P(t-1) │ P(t=0) │ P(all) │ R(t-2) │ R(t-1) │ R(t=0) │ R(all) │      Verdict
[15:07:17]   ─────────────────────────────────────────────────────── │ ───── │ ────── │ ────── │ ────── │ ────── │ ────── │ ────── │ ────── │ ────── │ ────────────
[15:07:17]   kf_conj_pred_val                                        │   227 │   4.0% │   4.8% │   5.3% │  14.1% │  14.8% │  18.0% │  19.7% │  19.7% │   ★ ANTICIPA
[15:07:17]   kf_conj_pred_val + current_accel                        │    85 │   4.7% │   4.7% │   7.1% │  16.5% │   6.6% │   6.6% │   9.8% │  11.5% │        MIXED
[15:07:17]   kf_conj_pred_val + current_accel + vwap_spread_tide_current │    55 │   5.5% │   5.5% │   5.5% │  16.4% │   4.9% │   4.9% │   4.9% │   4.9% │   ★ ANTICIPA
[15:07:17] 
  ── LH ──
[15:07:17]   Combo                                                   │ Fires │ P(t-2) │ P(t-1) │ P(t=0) │ P(all) │ R(t-2) │ R(t-1) │ R(t=0) │ R(all) │      Verdict
[15:07:17]   ─────────────────────────────────────────────────────── │ ───── │ ────── │ ────── │ ────── │ ────── │ ────── │ ────── │ ────── │ ────── │ ────────────
[15:07:17]   kf_price_pred_val                                       │   224 │   3.6% │   3.1% │   5.4% │  12.1% │  13.8% │  12.1% │  20.7% │  29.3% │        MIXED
[15:07:17]   kf_price_pred_val + compression_ratio                   │    40 │  12.5% │   7.5% │   7.5% │  27.5% │   8.6% │   5.2% │   5.2% │  10.3% │   ★ ANTICIPA
[15:07:17]   kf_price_pred_val + kf_conj_filt_vel + compression_ratio │    20 │  15.0% │  10.0% │  15.0% │  40.0% │   5.2% │   3.4% │   5.2% │   5.2% │   ★ ANTICIPA
[15:07:17]   kf_price_pred_val + kf_price_filt_vel + compression_ratio │    27 │   7.4% │  11.1% │  11.1% │  29.6% │   3.4% │   5.2% │   5.2% │   8.6% │   ★ ANTICIPA
[15:07:17] ══════════════════════════════════════════════════════════════════════════════════════════════════════════════
[15:07:17]   CROSS-TICKER TEMPORAL CONJUNCTION SUMMARY
[15:07:17] ══════════════════════════════════════════════════════════════════════════════════════════════════════════════
[15:07:17]   P(t-2) = precision if we only count fires 2 bars BEFORE the turn
[15:07:17]   P(t-1) = precision if we only count fires 1 bar BEFORE the turn
[15:07:17]   P(t=0) = precision if we only count fires AT the turn (= HISTORY)
[15:07:17]   ANTICIPA = >60% of TPs are at t-2 or t-1 (actionable)
[15:07:17]   REACTIVA = >60% of TPs are at t=0 (too late)
[15:07:17] 
  ── LL ──
[15:07:17]   Combo                                                   │ #Tk │ MedP t-2 │ MedP t-1 │ MedP t=0 │ MedP all │ MedR all │ %Antic │      Verdict
[15:07:17]   ─────────────────────────────────────────────────────── │ ─── │ ──────── │ ──────── │ ──────── │ ──────── │ ──────── │ ────── │ ────────────
[15:07:17]   vwap_sigma_current + vwap_sigma_tide + sigma_tide       │  17 │    12.8% │    12.0% │    28.6% │    61.7% │     9.4% │    49% │        MIXED
[15:07:17]   vwap_sigma_current + wave_slope                         │  17 │    14.3% │    14.3% │    27.3% │    61.1% │     9.4% │    52% │        MIXED
[15:07:17]   vwap_sigma_current + vwap_sigma_tide + vwap_sigma_wave  │  17 │    15.4% │    12.5% │    20.0% │    60.0% │     8.3% │    55% │        MIXED
[15:07:17]   vwap_sigma_tide + sigma_current                         │  17 │     8.3% │    11.1% │    25.0% │    53.3% │    10.2% │    49% │        MIXED
[15:07:17]   rsi_value + fear_level                                  │  12 │     8.2% │    14.0% │    23.2% │    49.0% │    11.3% │    52% │        MIXED
[15:07:17]   vwap_sigma_current + vwap_sigma_tide                    │  17 │    10.3% │    12.9% │    23.5% │    47.8% │    16.5% │    51% │        MIXED
[15:07:17]   vwap_sigma_current + vwap_sigma_tide + rsi_value        │  17 │    10.0% │    12.5% │    25.0% │    47.1% │    12.5% │    51% │        MIXED
[15:07:17]   vwap_sigma_current + kf_price_pred_val                  │  17 │    10.4% │    10.5% │    23.3% │    46.9% │    24.2% │    49% │        MIXED
[15:07:17]   vwap_sigma_current + sigma_tide + rsi_value             │  17 │     9.5% │    12.0% │    22.0% │    42.1% │    14.0% │    52% │        MIXED
[15:07:17]   vwap_sigma_current                                      │  17 │     6.6% │     6.9% │    12.0% │    25.5% │    36.0% │    51% │        MIXED
[15:07:17]   vwap_sigma_tide                                         │  17 │     5.9% │     6.4% │     9.5% │    22.0% │    33.3% │    58% │        MIXED
[15:07:17]   sigma_tide                                              │  17 │     5.2% │     6.1% │     9.2% │    19.6% │    32.1% │    55% │        MIXED
[15:07:17] 
  TP BREAKDOWN for best (vwap_sigma_current + vwap_sigma_tide + sigma_tide):
[15:07:17]     t-2: 32 TPs (22%)
[15:07:17]     t-1: 40 TPs (27%)
[15:07:17]     t=0: 75 TPs (51%)
[15:07:17] 
  ── HL ──
[15:07:17]   Combo                                                   │ #Tk │ MedP t-2 │ MedP t-1 │ MedP t=0 │ MedP all │ MedR all │ %Antic │      Verdict
[15:07:17]   ─────────────────────────────────────────────────────── │ ─── │ ──────── │ ──────── │ ──────── │ ──────── │ ──────── │ ────── │ ────────────
[15:07:17]   sigma_current + sigma_wave + kf_rsi_filt_vel            │  17 │     2.9% │     5.6% │     8.9% │    18.9% │     7.1% │    52% │        MIXED
[15:07:17]   sigma_current + kf_tension_filt_vel                     │  17 │     5.6% │     4.9% │     8.9% │    18.5% │     8.1% │    52% │        MIXED
[15:07:17]   sigma_current + kf_price_pred_val + kf_rsi_filt_vel     │  17 │     3.7% │     3.8% │     7.7% │    18.5% │     7.1% │    48% │        MIXED
[15:07:17]   sigma_current + vwap_sigma_wave                         │  17 │     2.6% │     4.7% │     8.1% │    18.0% │     7.9% │    45% │        MIXED
[15:07:17]   sigma_current                                           │  17 │     2.9% │     3.9% │     7.1% │    14.0% │    20.0% │    50% │        MIXED
[15:07:17] 
  TP BREAKDOWN for best (sigma_current + sigma_wave + kf_rsi_filt_vel):
[15:07:17]     t-2: 25 TPs (21%)
[15:07:17]     t-1: 37 TPs (31%)
[15:07:17]     t=0: 58 TPs (48%)
[15:07:17] 
  ── HH ──
[15:07:17]   Combo                                                   │ #Tk │ MedP t-2 │ MedP t-1 │ MedP t=0 │ MedP all │ MedR all │ %Antic │      Verdict
[15:07:17]   ─────────────────────────────────────────────────────── │ ─── │ ──────── │ ──────── │ ──────── │ ──────── │ ──────── │ ────── │ ────────────
[15:07:17]   kf_conj_pred_val + current_accel + vwap_spread_tide_current │  17 │     3.2% │     5.5% │     6.6% │    16.7% │     2.2% │    60% │        MIXED
[15:07:17]   kf_conj_pred_val + current_accel                        │  17 │     2.3% │     3.7% │     4.5% │    10.0% │     6.8% │    62% │   ★ ANTICIPA
[15:07:17]   kf_conj_pred_val                                        │  17 │     2.3% │     2.8% │     2.7% │     8.3% │    11.5% │    65% │   ★ ANTICIPA
[15:07:17] 
  TP BREAKDOWN for best (kf_conj_pred_val + current_accel + vwap_spread_tide_current):
[15:07:17]     t-2: 16 TPs (24%)
[15:07:17]     t-1: 24 TPs (36%)
[15:07:17]     t=0: 27 TPs (40%)
[15:07:17] 
  ── LH ──
[15:07:17]   Combo                                                   │ #Tk │ MedP t-2 │ MedP t-1 │ MedP t=0 │ MedP all │ MedR all │ %Antic │      Verdict
[15:07:17]   ─────────────────────────────────────────────────────── │ ─── │ ──────── │ ──────── │ ──────── │ ──────── │ ──────── │ ────── │ ────────────
[15:07:17]   kf_price_pred_val + kf_conj_filt_vel + compression_ratio │  17 │    11.1% │    10.7% │    11.1% │    30.4% │     5.7% │    71% │   ★ ANTICIPA
[15:07:17]   kf_price_pred_val + kf_price_filt_vel + compression_ratio │  17 │     6.9% │    11.1% │    11.1% │    29.4% │     8.6% │    58% │        MIXED
[15:07:17]   kf_price_pred_val + compression_ratio                   │  17 │     7.1% │     9.1% │     8.3% │    23.2% │     8.7% │    64% │   ★ ANTICIPA
[15:07:17]   kf_price_pred_val                                       │  17 │     3.5% │     3.1% │     4.4% │    10.3% │    33.3% │    59% │        MIXED
[15:07:17] 
  TP BREAKDOWN for best (kf_price_pred_val + kf_conj_filt_vel + compression_ratio):
[15:07:17]     t-2: 33 TPs (36%)
[15:07:17]     t-1: 32 TPs (35%)
[15:07:17]     t=0: 27 TPs (29%)
[15:07:17] 
  COMPLETE in 15s (0.2min)