ticker,timestamp,tp_type,price,archetype,is_reversal,preceding_leg_pct,following_leg_pct,preceding_days,following_days,swing_magnitude,rc_signature,full_archetype
AAPL,1992-08-24 13:30:00+00:00,MIN,0.38616,LL,True,0.0,14.45,0,21,NORMAL,UNKNOWN,LL
AAPL,1992-09-14 13:30:00+00:00,MAX,0.441964,HH,True,14.45,-12.37,21,25,NORMAL,UNKNOWN,HH
AAPL,1992-10-09 13:30:00+00:00,MIN,0.387276,HL,True,-12.37,34.29,25,41,EXTREME,UNKNOWN,LL_TO_HL
AAPL,1992-11-19 14:30:00+00:00,MAX,0.520089,HH,True,34.29,-5.58,41,27,MINOR,UNKNOWN,HH
AAPL,1992-12-16 14:30:00+00:00,MIN,0.491071,HL,True,-5.58,18.18,27,29,MAJOR,UNKNOWN,HL
AAPL,1993-01-14 14:30:00+00:00,MAX,0.580357,HH,True,18.18,-18.46,29,33,MAJOR,UNKNOWN,HH
AAPL,1993-02-16 14:30:00+00:00,MIN,0.473214,LL,True,-18.46,7.55,33,27,NORMAL,UNKNOWN,LL
AAPL,1993-03-15 14:30:00+00:00,MAX,0.508928,LH,True,7.55,-17.11,27,30,MAJOR,UNKNOWN,HH_TO_LH
AAPL,1993-04-15 13:30:00+00:00,MIN,0.421875,LL,True,-17.11,24.34,30,35,MAJOR,UNKNOWN,LL
AAPL,1993-05-20 13:30:00+00:00,MAX,0.524553,HH,True,24.34,-32.55,35,32,EXTREME,UNKNOWN,HH
AAPL,1993-06-21 13:30:00+00:00,MIN,0.353794,LL,True,-32.55,5.36,32,3,MINOR,UNKNOWN,LL
AAPL,1993-06-24 13:30:00+00:00,MAX,0.372767,LH,True,5.36,-38.62,3,25,EXTREME,UNKNOWN,HH_TO_LH
AAPL,1993-07-19 13:30:00+00:00,MIN,0.228794,LL,True,-38.62,18.05,25,16,MAJOR,T(-)C(-)W(-),LL
AAPL,1993-08-04 13:30:00+00:00,MAX,0.270089,LH,True,18.05,-12.4,16,8,NORMAL,T(-)C(-)W(-),LH
AAPL,1993-08-12 13:30:00+00:00,MIN,0.236607,HL,True,-12.4,7.55,8,6,NORMAL,T(-)C(-)W(-),LL_TO_HL
AAPL,1993-08-18 13:30:00+00:00,MAX,0.254464,LH,True,7.55,-14.91,6,27,NORMAL,T(-)C(-)W(-),LH
AAPL,1993-09-14 13:30:00+00:00,MIN,0.216518,LL,True,-14.91,5.15,27,8,MINOR,T(-)C(-)W(-),LL
AAPL,1993-09-22 13:30:00+00:00,MAX,0.227678,LH,True,5.15,-11.27,8,16,NORMAL,T(-)C(-)W(-),LH
AAPL,1993-10-08 13:30:00+00:00,MIN,0.202009,LL,True,-11.27,44.75,16,25,EXTREME,T(-)C(-)W(-),LL
AAPL,1993-11-02 14:30:00+00:00,MAX,0.29241,HH,True,44.75,-8.02,25,7,NORMAL,T(-)C(+)W(+),HH
AAPL,1993-11-09 14:30:00+00:00,MIN,0.268973,HL,True,-8.02,12.86,7,7,NORMAL,T(-)C(+)W(+),LL_TO_HL
AAPL,1993-11-16 14:30:00+00:00,MAX,0.303571,HH,True,12.86,-16.91,7,24,MAJOR,T(-)C(+)W(+),HH
AAPL,1993-12-10 14:30:00+00:00,MIN,0.252232,LL,True,-16.91,5.31,24,5,MINOR,T(-)C(+)W(-),LL
AAPL,1993-12-15 14:30:00+00:00,MAX,0.265625,LH,True,5.31,-8.4,5,8,NORMAL,T(-)C(+)W(-),HH_TO_LH
AAPL,1993-12-23 14:30:00+00:00,MIN,0.243303,LL,True,-8.4,23.85,8,13,MAJOR,T(-)C(+)W(-),LL
AAPL,1994-01-05 14:30:00+00:00,MAX,0.301339,HH,True,23.85,-13.33,13,14,NORMAL,T(-)C(+)W(-),HH
AAPL,1994-01-19 14:30:00+00:00,MIN,0.26116,HL,True,-13.33,19.66,14,5,MAJOR,T(-)C(-)W(+),LL_TO_HL
AAPL,1994-01-24 14:30:00+00:00,MAX,0.3125,HH,True,19.66,-6.43,5,7,MINOR,T(-)C(-)W(+),HH
AAPL,1994-01-31 14:30:00+00:00,MIN,0.29241,HL,True,-6.43,16.41,7,42,MAJOR,T(-)C(+)W(+),HL
AAPL,1994-03-14 14:30:00+00:00,MAX,0.340401,HH,True,16.41,-25.9,42,36,MAJOR,T(-)C(+)W(+),HH
AAPL,1994-04-20 13:30:00+00:00,MIN,0.252232,LL,True,-25.9,16.81,36,14,MAJOR,T(-)C(-)W(-),LL
AAPL,1994-05-04 13:30:00+00:00,MAX,0.294643,LH,True,16.81,-10.98,14,13,NORMAL,T(-)C(-)W(-),HH_TO_LH
AAPL,1994-05-17 13:30:00+00:00,MIN,0.262277,HL,True,-10.98,9.36,13,2,NORMAL,T(+)C(-)W(-),LL_TO_HL
AAPL,1994-05-19 13:30:00+00:00,MAX,0.28683,LH,True,9.36,-18.68,2,20,MAJOR,T(+)C(-)W(-),LH
AAPL,1994-06-08 13:30:00+00:00,MIN,0.233259,LL,True,-18.68,6.46,20,7,MINOR,T(+)C(-)W(-),LL
AAPL,1994-06-15 13:30:00+00:00,MAX,0.248326,LH,True,6.46,-9.66,7,8,NORMAL,T(+)C(-)W(-),LH
AAPL,1994-06-23 13:30:00+00:00,MIN,0.22433,LL,True,-9.66,18.16,8,20,MAJOR,T(+)C(-)W(-),LL
AAPL,1994-07-13 13:30:00+00:00,MAX,0.265067,HH,True,18.16,-10.32,20,7,NORMAL,T(+)C(-)W(-),HH
AAPL,1994-07-20 13:30:00+00:00,MIN,0.237723,HL,True,-10.32,36.62,7,58,EXTREME,T(+)C(-)W(+),LL_TO_HL
AAPL,1994-09-16 13:30:00+00:00,MAX,0.324776,HH,True,36.62,-8.93,58,17,NORMAL,T(+)C(+)W(+),HH
AAPL,1994-10-03 13:30:00+00:00,MIN,0.295759,HL,True,-8.93,27.17,17,9,MAJOR,T(+)C(+)W(-),HL
AAPL,1994-10-12 13:30:00+00:00,MAX,0.376116,HH,True,27.17,-5.64,9,5,MINOR,T(+)C(+)W(+),HH
AAPL,1994-10-17 13:30:00+00:00,MIN,0.35491,HL,True,-5.64,8.81,5,9,NORMAL,T(+)C(+)W(+),HL
AAPL,1994-10-26 13:30:00+00:00,MAX,0.38616,HH,True,8.81,-6.65,9,9,MINOR,T(+)C(+)W(+),HH
AAPL,1994-11-04 14:30:00+00:00,MIN,0.360491,HL,True,-6.65,5.26,9,10,MINOR,T(+)C(+)W(+),HL
AAPL,1994-11-14 14:30:00+00:00,MAX,0.379464,LH,True,5.26,-15.59,10,24,MAJOR,T(+)C(+)W(+),HH_TO_LH
AAPL,1994-12-08 14:30:00+00:00,MIN,0.320312,LL,True,-15.59,30.31,24,34,EXTREME,T(+)C(+)W(-),LL
AAPL,1995-01-11 14:30:00+00:00,MAX,0.41741,HH,True,30.31,-15.51,34,15,MAJOR,T(+)C(-)W(+),HH
AAPL,1995-01-26 14:30:00+00:00,MIN,0.352678,HL,True,-15.51,10.76,15,15,NORMAL,T(+)C(+)W(+),LL_TO_HL
AAPL,1995-02-10 14:30:00+00:00,MAX,0.390625,LH,True,10.76,-12.57,15,17,NORMAL,T(+)C(+)W(-),HH_TO_LH
AAPL,1995-02-27 14:30:00+00:00,MIN,0.341518,LL,True,-12.57,5.23,17,4,MINOR,T(+)C(+)W(-),LL
AAPL,1995-03-03 14:30:00+00:00,MAX,0.359375,LH,True,5.23,-13.04,4,11,NORMAL,T(+)C(+)W(-),LH
AAPL,1995-03-14 14:30:00+00:00,MIN,0.3125,LL,True,-13.04,8.75,11,8,NORMAL,T(+)C(-)W(-),LL
AAPL,1995-03-22 14:30:00+00:00,MAX,0.339843,LH,True,8.75,-11.0,8,12,NORMAL,T(+)C(-)W(-),LH
AAPL,1995-04-04 13:30:00+00:00,MIN,0.302455,LL,True,-11.0,15.13,12,8,MAJOR,T(+)C(-)W(-),LL
AAPL,1995-04-12 13:30:00+00:00,MAX,0.348214,HH,True,15.13,-6.73,8,7,MINOR,T(+)C(-)W(-),HH
AAPL,1995-04-19 13:30:00+00:00,MIN,0.324776,HL,True,-6.73,21.31,7,33,MAJOR,T(+)C(-)W(-),LL_TO_HL
AAPL,1995-05-22 13:30:00+00:00,MAX,0.393973,HH,True,21.31,-5.81,33,9,MINOR,T(+)C(+)W(+),HH
AAPL,1995-05-31 13:30:00+00:00,MIN,0.371093,HL,True,-5.81,18.8,9,21,MAJOR,T(+)C(+)W(+),HL
AAPL,1995-06-21 13:30:00+00:00,MAX,0.440848,HH,True,18.8,-6.08,21,6,MINOR,T(+)C(+)W(+),HH
AAPL,1995-06-27 13:30:00+00:00,MIN,0.414062,HL,True,-6.08,5.66,6,20,MINOR,T(+)C(+)W(+),HL
AAPL,1995-07-17 13:30:00+00:00,MAX,0.4375,LH,True,5.66,-10.71,20,4,NORMAL,T(+)C(+)W(+),HH_TO_LH
AAPL,1995-07-21 13:30:00+00:00,MIN,0.390625,LL,True,-10.71,7.0,4,6,MINOR,T(+)C(+)W(+),LL
AAPL,1995-07-27 13:30:00+00:00,MAX,0.417968,LH,True,7.0,-9.21,6,12,NORMAL,T(+)C(+)W(-),LH
AAPL,1995-08-08 13:30:00+00:00,MIN,0.379464,LL,True,-9.21,7.65,12,16,NORMAL,T(+)C(+)W(-),LL
AAPL,1995-08-24 13:30:00+00:00,MAX,0.408482,LH,True,7.65,-21.58,16,22,MAJOR,T(+)C(-)W(-),LH
AAPL,1995-09-15 13:30:00+00:00,MIN,0.320312,LL,True,-21.58,5.23,22,13,MINOR,T(+)C(-)W(-),LL
AAPL,1995-09-28 13:30:00+00:00,MAX,0.337053,LH,True,5.23,-8.11,13,12,NORMAL,T(+)C(-)W(-),LH
AAPL,1995-10-10 13:30:00+00:00,MIN,0.30971,LL,True,-8.11,7.75,12,8,NORMAL,T(+)C(-)W(-),LL
AAPL,1995-10-18 13:30:00+00:00,MAX,0.333705,LH,True,7.75,-7.02,8,1,NORMAL,T(+)C(-)W(-),LH
AAPL,1995-10-19 13:30:00+00:00,MIN,0.310268,HL,True,-7.02,19.42,1,26,MAJOR,T(+)C(-)W(-),LL_TO_HL
AAPL,1995-11-14 14:30:00+00:00,MAX,0.370535,HH,True,19.42,-23.95,26,51,MAJOR,T(+)C(-)W(+),HH
AAPL,1996-01-04 14:30:00+00:00,MIN,0.281808,LL,True,-23.95,9.7,51,4,NORMAL,T(-)C(-)W(-),LL
AAPL,1996-01-08 14:30:00+00:00,MAX,0.309151,LH,True,9.7,-5.42,4,1,MINOR,T(-)C(-)W(-),HH_TO_LH
AAPL,1996-01-09 14:30:00+00:00,MIN,0.29241,HL,True,-5.42,6.87,1,2,MINOR,T(-)C(-)W(-),LL_TO_HL
AAPL,1996-01-11 14:30:00+00:00,MAX,0.3125,HH,True,6.87,-14.64,2,8,NORMAL,T(-)C(-)W(-),HH
AAPL,1996-01-19 14:30:00+00:00,MIN,0.266741,LL,True,-14.64,7.95,8,5,NORMAL,T(-)C(-)W(-),LL
AAPL,1996-01-24 14:30:00+00:00,MAX,0.287946,LH,True,7.95,-15.31,5,6,MAJOR,T(-)C(-)W(-),HH_TO_LH
AAPL,1996-01-30 14:30:00+00:00,MIN,0.243861,LL,True,-15.31,8.47,6,7,NORMAL,T(-)C(-)W(-),LL
AAPL,1996-02-06 14:30:00+00:00,MAX,0.264509,LH,True,8.47,-7.17,7,10,NORMAL,T(-)C(-)W(-),LH
AAPL,1996-02-16 14:30:00+00:00,MIN,0.245535,HL,True,-7.17,8.64,10,6,NORMAL,T(-)C(-)W(-),LL_TO_HL
AAPL,1996-02-22 14:30:00+00:00,MAX,0.266741,HH,True,8.64,-20.08,6,33,MAJOR,T(-)C(-)W(-),HH
AAPL,1996-03-26 14:30:00+00:00,MIN,0.213169,LL,True,-20.08,6.81,33,6,MINOR,T(-)C(-)W(-),LL
AAPL,1996-04-01 14:30:00+00:00,MAX,0.227678,LH,True,6.81,-5.39,6,3,MINOR,T(-)C(-)W(-),HH_TO_LH
AAPL,1996-04-04 14:30:00+00:00,MIN,0.215402,HL,True,-5.39,7.77,3,4,NORMAL,T(-)C(-)W(-),LL_TO_HL
AAPL,1996-04-09 13:30:00+00:00,MAX,0.232143,HH,True,7.77,-8.65,4,23,NORMAL,T(-)C(-)W(-),HH
AAPL,1996-05-02 13:30:00+00:00,MIN,0.212053,LL,True,-8.65,20.0,23,13,MAJOR,T(-)C(-)W(-),LL
AAPL,1996-05-15 13:30:00+00:00,MAX,0.254464,HH,True,20.0,-12.72,13,14,NORMAL,T(-)C(-)W(+),HH
AAPL,1996-05-29 13:30:00+00:00,MIN,0.222098,HL,True,-12.72,5.03,14,2,MINOR,T(-)C(+)W(+),LL_TO_HL
AAPL,1996-05-31 13:30:00+00:00,MAX,0.233259,LH,True,5.03,-23.92,2,26,MAJOR,T(-)C(+)W(+),HH_TO_LH
AAPL,1996-06-26 13:30:00+00:00,MIN,0.177455,LL,True,-23.92,8.18,26,5,NORMAL,T(-)C(-)W(-),LL
AAPL,1996-07-01 13:30:00+00:00,MAX,0.191964,LH,True,8.18,-21.51,5,15,MAJOR,T(-)C(-)W(-),LH
AAPL,1996-07-16 13:30:00+00:00,MIN,0.150669,LL,True,-21.51,31.85,15,13,EXTREME,T(-)C(-)W(-),LL
AAPL,1996-07-29 13:30:00+00:00,MAX,0.198661,HH,True,31.85,-5.62,13,7,MINOR,T(-)C(-)W(-),HH
AAPL,1996-08-05 13:30:00+00:00,MIN,0.1875,HL,True,-5.62,18.45,7,23,MAJOR,T(-)C(-)W(+),LL_TO_HL
AAPL,1996-08-28 13:30:00+00:00,MAX,0.222098,HH,True,18.45,-18.09,23,15,MAJOR,T(-)C(+)W(+),HH
AAPL,1996-09-12 13:30:00+00:00,MIN,0.181919,LL,True,-18.09,15.34,15,6,MAJOR,T(-)C(+)W(+),LL
AAPL,1996-09-18 13:30:00+00:00,MAX,0.209821,LH,True,15.34,-5.59,6,12,MINOR,T(-)C(+)W(-),HH_TO_LH
AAPL,1996-09-30 13:30:00+00:00,MIN,0.198102,HL,True,-5.59,10.99,12,1,NORMAL,T(-)C(+)W(-),LL_TO_HL
AAPL,1996-10-01 13:30:00+00:00,MAX,0.219866,HH,True,10.99,-9.14,1,2,NORMAL,T(-)C(+)W(-),HH
AAPL,1996-10-03 13:30:00+00:00,MIN,0.199777,HL,True,-9.14,18.71,2,15,MAJOR,T(-)C(+)W(-),HL
AAPL,1996-10-18 13:30:00+00:00,MAX,0.237165,HH,True,18.71,-13.88,15,12,NORMAL,T(-)C(+)W(+),HH
AAPL,1996-10-30 14:30:00+00:00,MIN,0.204241,HL,True,-13.88,14.75,12,9,NORMAL,T(-)C(+)W(+),HL
AAPL,1996-11-08 14:30:00+00:00,MAX,0.234375,LH,True,14.75,-15.24,9,41,MAJOR,T(-)C(+)W(+),HH_TO_LH
AAPL,1996-12-19 14:30:00+00:00,MIN,0.198661,LL,True,-15.24,5.62,41,1,MINOR,T(-)C(+)W(-),LL
AAPL,1996-12-20 14:30:00+00:00,MAX,0.209821,LH,True,5.62,-35.11,1,47,EXTREME,T(-)C(+)W(-),LH
AAPL,1997-02-05 14:30:00+00:00,MIN,0.136161,LL,True,-35.11,17.21,47,13,MAJOR,T(-)C(-)W(-),LL
AAPL,1997-02-18 14:30:00+00:00,MAX,0.159598,LH,True,17.21,-9.79,13,13,NORMAL,T(-)C(-)W(-),LH
AAPL,1997-03-03 14:30:00+00:00,MIN,0.143973,HL,True,-9.79,5.43,13,2,MINOR,T(-)C(-)W(-),LL_TO_HL
AAPL,1997-03-05 14:30:00+00:00,MAX,0.151786,LH,True,5.43,-5.15,2,14,MINOR,T(-)C(-)W(+),LH
AAPL,1997-03-19 14:30:00+00:00,MIN,0.143973,LL,True,-5.15,15.5,14,8,MAJOR,T(-)C(-)W(+),LL
AAPL,1997-03-27 14:30:00+00:00,MAX,0.166294,HH,True,15.5,-6.04,8,5,MINOR,T(-)C(-)W(+),HH
AAPL,1997-04-01 14:30:00+00:00,MIN,0.15625,HL,True,-6.04,11.43,5,5,NORMAL,T(-)C(-)W(+),LL_TO_HL
AAPL,1997-04-07 13:30:00+00:00,MAX,0.174107,HH,True,11.43,-15.38,5,30,MAJOR,T(-)C(+)W(+),HH
AAPL,1997-05-07 13:30:00+00:00,MIN,0.147321,LL,True,-15.38,7.58,30,8,NORMAL,T(-)C(+)W(-),LL
AAPL,1997-05-15 13:30:00+00:00,MAX,0.158482,LH,True,7.58,-12.68,8,32,NORMAL,T(-)C(+)W(-),HH_TO_LH
AAPL,1997-06-16 13:30:00+00:00,MIN,0.138393,LL,True,-12.68,5.44,32,1,MINOR,T(-)C(-)W(-),LL
AAPL,1997-06-17 13:30:00+00:00,MAX,0.145926,LH,True,5.44,-20.08,1,15,MAJOR,T(-)C(-)W(-),LH
AAPL,1997-07-02 13:30:00+00:00,MIN,0.116629,LL,True,-20.08,33.97,15,15,EXTREME,T(-)C(-)W(-),LL
AAPL,1997-07-17 13:30:00+00:00,MAX,0.15625,HH,True,33.97,-9.64,15,7,NORMAL,T(-)C(-)W(-),HH
AAPL,1997-07-24 13:30:00+00:00,MIN,0.141183,HL,True,-9.64,84.58,7,14,EXTREME,T(-)C(-)W(+),LL_TO_HL
AAPL,1997-08-07 13:30:00+00:00,MAX,0.260602,HH,True,84.58,-24.41,14,5,MAJOR,T(-)C(+)W(+),HH
AAPL,1997-08-12 13:30:00+00:00,MIN,0.196986,HL,True,-24.41,11.62,5,8,NORMAL,T(-)C(+)W(+),HL
AAPL,1997-08-20 13:30:00+00:00,MAX,0.219866,LH,True,11.62,-12.69,8,19,NORMAL,T(-)C(+)W(+),HH_TO_LH
AAPL,1997-09-08 13:30:00+00:00,MIN,0.191964,LL,True,-12.69,6.69,19,2,MINOR,T(-)C(+)W(+),LL
AAPL,1997-09-10 13:30:00+00:00,MAX,0.204799,LH,True,6.69,-6.27,2,5,MINOR,T(-)C(+)W(+),LH
AAPL,1997-09-15 13:30:00+00:00,MIN,0.191964,LL,True,-6.27,6.1,5,7,MINOR,T(-)C(+)W(-),LL
AAPL,1997-09-22 13:30:00+00:00,MAX,0.203683,LH,True,6.1,-7.4,7,3,NORMAL,T(-)C(+)W(-),LH
AAPL,1997-09-25 13:30:00+00:00,MIN,0.188616,LL,True,-7.4,12.72,3,20,NORMAL,T(-)C(+)W(-),LL
AAPL,1997-10-15 13:30:00+00:00,MAX,0.212611,HH,True,12.72,-30.45,20,9,EXTREME,T(-)C(+)W(+),HH
AAPL,1997-10-24 13:30:00+00:00,MIN,0.147879,LL,True,-30.45,9.43,9,4,NORMAL,T(-)C(-)W(-),LL
AAPL,1997-10-28 14:30:00+00:00,MAX,0.16183,LH,True,9.43,-8.97,4,2,NORMAL,T(+)C(-)W(-),HH_TO_LH
AAPL,1997-10-30 14:30:00+00:00,MIN,0.147321,LL,True,-8.97,19.7,2,8,MAJOR,T(+)C(-)W(-),LL
AAPL,1997-11-07 14:30:00+00:00,MAX,0.176339,HH,True,19.7,-34.49,8,46,EXTREME,T(+)C(-)W(-),HH
AAPL,1997-12-23 14:30:00+00:00,MIN,0.115513,LL,True,-34.49,46.38,46,14,EXTREME,T(+)C(-)W(-),LL
AAPL,1998-01-06 14:30:00+00:00,MAX,0.169085,LH,True,46.38,-7.59,14,1,NORMAL,T(+)C(-)W(-),HH_TO_LH
AAPL,1998-01-07 14:30:00+00:00,MIN,0.15625,HL,True,-7.59,12.86,1,7,NORMAL,T(+)C(-)W(-),LL_TO_HL
AAPL,1998-01-14 14:30:00+00:00,MAX,0.176339,HH,True,12.86,-10.44,7,19,NORMAL,T(+)C(-)W(+),HH
AAPL,1998-02-02 14:30:00+00:00,MIN,0.157924,HL,True,-10.44,38.16,19,30,EXTREME,T(+)C(+)W(+),HL
AAPL,1998-03-04 14:30:00+00:00,MAX,0.218192,HH,True,38.16,-6.91,30,5,MINOR,T(+)C(+)W(+),HH
AAPL,1998-03-09 14:30:00+00:00,MIN,0.203125,HL,True,-6.91,23.08,5,15,MAJOR,T(+)C(+)W(+),HL
AAPL,1998-03-24 14:30:00+00:00,MAX,0.25,HH,True,23.08,-10.71,15,14,NORMAL,T(+)C(+)W(+),HH
AAPL,1998-04-08 13:30:00+00:00,MIN,0.223214,HL,True,-10.71,16.0,14,12,MAJOR,T(+)C(+)W(+),HL
AAPL,1998-04-20 13:30:00+00:00,MAX,0.258928,HH,True,16.0,-7.11,12,8,NORMAL,T(+)C(+)W(+),HH
AAPL,1998-04-28 13:30:00+00:00,MIN,0.240513,HL,True,-7.11,14.85,8,13,NORMAL,T(+)C(+)W(+),HL
AAPL,1998-05-11 13:30:00+00:00,MAX,0.276227,HH,True,14.85,-15.15,13,21,MAJOR,T(+)C(+)W(+),HH
AAPL,1998-06-01 13:30:00+00:00,MIN,0.234375,LL,True,-15.15,42.86,21,45,EXTREME,T(+)C(+)W(-),LL
AAPL,1998-07-16 13:30:00+00:00,MAX,0.334821,HH,True,42.86,-10.33,45,12,NORMAL,T(+)C(+)W(+),HH
AAPL,1998-07-28 13:30:00+00:00,MIN,0.300223,HL,True,-10.33,8.55,12,2,NORMAL,T(+)C(+)W(+),LL_TO_HL
AAPL,1998-07-30 13:30:00+00:00,MAX,0.325893,LH,True,8.55,-6.34,2,5,MINOR,T(+)C(+)W(+),HH_TO_LH
AAPL,1998-08-04 13:30:00+00:00,MIN,0.305245,HL,True,-6.34,25.78,5,17,MAJOR,T(+)C(+)W(+),HL
AAPL,1998-08-21 13:30:00+00:00,MAX,0.383928,HH,True,25.78,-27.47,17,10,MAJOR,T(+)C(+)W(+),HH
AAPL,1998-08-31 13:30:00+00:00,MIN,0.27846,LL,True,-27.47,22.65,10,8,MAJOR,T(+)C(+)W(+),LL
AAPL,1998-09-08 13:30:00+00:00,MAX,0.341518,LH,True,22.65,-5.88,8,9,MINOR,T(+)C(+)W(+),HH_TO_LH
AAPL,1998-09-17 13:30:00+00:00,MIN,0.321428,HL,True,-5.88,9.72,9,12,NORMAL,T(+)C(+)W(-),LL_TO_HL
AAPL,1998-09-29 13:30:00+00:00,MAX,0.352678,HH,True,9.72,-21.99,12,9,MAJOR,T(+)C(+)W(-),HH
AAPL,1998-10-08 13:30:00+00:00,MIN,0.275111,LL,True,-21.99,25.76,9,5,MAJOR,T(+)C(-)W(-),LL
AAPL,1998-10-13 13:30:00+00:00,MAX,0.345982,LH,True,25.76,-8.39,5,10,NORMAL,T(+)C(-)W(-),HH_TO_LH
AAPL,1998-10-23 13:30:00+00:00,MIN,0.316964,HL,True,-8.39,5.46,10,3,MINOR,T(+)C(-)W(-),LL_TO_HL
AAPL,1998-10-26 14:30:00+00:00,MAX,0.334263,LH,True,5.46,-5.84,3,1,MINOR,T(+)C(-)W(-),LH
AAPL,1998-10-27 14:30:00+00:00,MIN,0.314732,LL,True,-5.84,9.75,1,8,NORMAL,T(+)C(-)W(-),LL
AAPL,1998-11-04 14:30:00+00:00,MAX,0.345424,HH,True,9.75,-13.25,8,7,NORMAL,T(+)C(-)W(+),HH
AAPL,1998-11-11 14:30:00+00:00,MIN,0.299665,LL,True,-13.25,8.01,7,12,NORMAL,T(+)C(-)W(+),LL
AAPL,1998-11-23 14:30:00+00:00,MAX,0.32366,LH,True,8.01,-11.9,12,7,NORMAL,T(+)C(-)W(-),HH_TO_LH
AAPL,1998-11-30 14:30:00+00:00,MIN,0.285156,LL,True,-11.9,12.72,7,2,NORMAL,T(+)C(-)W(-),LL
AAPL,1998-12-02 14:30:00+00:00,MAX,0.321428,LH,True,12.72,-11.11,2,7,NORMAL,T(+)C(-)W(-),LH
AAPL,1998-12-09 14:30:00+00:00,MIN,0.285714,HL,True,-11.11,45.31,7,35,EXTREME,T(+)C(-)W(-),LL_TO_HL
AAPL,1999-01-13 14:30:00+00:00,MAX,0.415178,HH,True,45.31,-16.67,35,9,MAJOR,T(+)C(+)W(+),HH
AAPL,1999-01-22 14:30:00+00:00,MIN,0.345982,HL,True,-16.67,6.29,9,7,MINOR,T(+)C(+)W(+),HL
AAPL,1999-01-29 14:30:00+00:00,MAX,0.367745,LH,True,6.29,-11.84,7,7,NORMAL,T(+)C(+)W(+),HH_TO_LH
AAPL,1999-02-05 14:30:00+00:00,MIN,0.324218,LL,True,-11.84,9.12,7,6,NORMAL,T(+)C(+)W(-),LL
AAPL,1999-02-11 14:30:00+00:00,MAX,0.353794,LH,True,9.12,-9.15,6,7,NORMAL,T(+)C(+)W(-),LH
AAPL,1999-02-18 14:30:00+00:00,MIN,0.321428,LL,True,-9.15,6.77,7,4,MINOR,T(+)C(+)W(-),LL
AAPL,1999-02-22 14:30:00+00:00,MAX,0.343192,LH,True,6.77,-16.26,4,17,MAJOR,T(+)C(+)W(-),LH
AAPL,1999-03-11 14:30:00+00:00,MIN,0.287388,LL,True,-16.26,10.29,17,5,NORMAL,T(+)C(-)W(-),LL
AAPL,1999-03-16 14:30:00+00:00,MAX,0.316964,LH,True,10.29,-7.04,5,7,NORMAL,T(+)C(-)W(-),LH
AAPL,1999-03-23 14:30:00+00:00,MIN,0.294643,HL,True,-7.04,15.15,7,13,MAJOR,T(+)C(-)W(-),LL_TO_HL
AAPL,1999-04-06 13:30:00+00:00,MAX,0.339285,HH,True,15.15,-10.86,13,13,NORMAL,T(+)C(-)W(+),HH
AAPL,1999-04-19 13:30:00+00:00,MIN,0.302455,HL,True,-10.86,35.06,13,8,EXTREME,T(+)C(-)W(+),HL
AAPL,1999-04-27 13:30:00+00:00,MAX,0.408482,HH,True,35.06,-6.01,8,2,MINOR,T(+)C(-)W(+),HH
AAPL,1999-04-29 13:30:00+00:00,MIN,0.383928,HL,True,-6.01,15.26,2,4,MAJOR,T(+)C(+)W(+),HL
AAPL,1999-05-03 13:30:00+00:00,MAX,0.442522,HH,True,15.26,-16.27,4,22,MAJOR,T(+)C(+)W(+),HH
AAPL,1999-05-25 13:30:00+00:00,MIN,0.370535,LL,True,-16.27,17.92,22,13,MAJOR,T(+)C(+)W(+),LL
AAPL,1999-06-07 13:30:00+00:00,MAX,0.436942,LH,True,17.92,-7.15,13,7,NORMAL,T(+)C(+)W(+),HH_TO_LH
AAPL,1999-06-14 13:30:00+00:00,MIN,0.405692,HL,True,-7.15,5.5,7,2,MINOR,T(+)C(+)W(+),LL_TO_HL
AAPL,1999-06-16 13:30:00+00:00,MAX,0.428013,LH,True,5.5,-11.99,2,9,NORMAL,T(+)C(+)W(+),LH
AAPL,1999-06-25 13:30:00+00:00,MIN,0.376674,LL,True,-11.99,32.59,9,19,EXTREME,T(+)C(+)W(+),LL
AAPL,1999-07-14 13:30:00+00:00,MAX,0.499441,HH,True,32.59,-8.94,19,12,NORMAL,T(+)C(+)W(+),HH
AAPL,1999-07-26 13:30:00+00:00,MIN,0.454799,HL,True,-8.94,55.21,12,56,EXTREME,T(+)C(+)W(+),LL_TO_HL
AAPL,1999-09-20 13:30:00+00:00,MAX,0.705914,HH,True,55.21,-25.3,56,9,MAJOR,T(+)C(+)W(+),HH
AAPL,1999-09-29 13:30:00+00:00,MIN,0.527343,HL,True,-25.3,15.03,9,6,MAJOR,T(+)C(+)W(+),HL
AAPL,1999-10-05 13:30:00+00:00,MAX,0.606584,LH,True,15.03,-5.75,6,8,MINOR,T(+)C(+)W(-),HH_TO_LH
AAPL,1999-10-13 13:30:00+00:00,MIN,0.571707,HL,True,-5.75,16.45,8,2,MAJOR,T(+)C(+)W(-),HL
AAPL,1999-10-15 13:30:00+00:00,MAX,0.665736,HH,True,16.45,-8.13,2,4,NORMAL,T(+)C(+)W(-),HH
AAPL,1999-10-19 13:30:00+00:00,MIN,0.611607,HL,True,-8.13,40.69,4,20,EXTREME,T(+)C(+)W(-),HL
AAPL,1999-11-08 14:30:00+00:00,MAX,0.86049,HH,True,40.69,-7.2,20,7,NORMAL,T(+)C(+)W(+),HH
AAPL,1999-11-15 14:30:00+00:00,MIN,0.798548,HL,True,-7.2,31.73,7,22,EXTREME,T(+)C(+)W(+),HL
AAPL,1999-12-07 14:30:00+00:00,MAX,1.051896,HH,True,31.73,-19.47,22,7,MAJOR,T(+)C(+)W(+),HH
AAPL,1999-12-14 14:30:00+00:00,MIN,0.847097,HL,True,-19.47,9.09,7,9,NORMAL,T(+)C(+)W(+),HL
AAPL,1999-12-23 14:30:00+00:00,MAX,0.924106,LH,True,9.09,-5.13,9,5,MINOR,T(+)C(+)W(+),HH_TO_LH
AAPL,1999-12-28 14:30:00+00:00,MIN,0.876673,HL,True,-5.13,14.0,5,6,NORMAL,T(+)C(+)W(+),HL
AAPL,2000-01-03 14:30:00+00:00,MAX,0.999441,HH,True,14.0,-22.11,6,9,MAJOR,T(+)C(+)W(+),HH
AAPL,2000-01-12 14:30:00+00:00,MIN,0.778459,LL,True,-22.11,30.18,9,8,EXTREME,T(+)C(+)W(-),LL
AAPL,2000-01-20 14:30:00+00:00,MAX,1.013392,HH,True,30.18,-6.39,8,4,MINOR,T(+)C(+)W(-),HH
AAPL,2000-01-24 14:30:00+00:00,MIN,0.94866,HL,True,-6.39,5.65,4,1,MINOR,T(+)C(+)W(+),LL_TO_HL
AAPL,2000-01-25 14:30:00+00:00,MAX,1.002231,LH,True,5.65,-11.97,1,8,NORMAL,T(+)C(+)W(+),HH_TO_LH
AAPL,2000-02-02 14:30:00+00:00,MIN,0.882254,LL,True,-11.97,16.26,8,6,MAJOR,T(+)C(+)W(+),LL
AAPL,2000-02-08 14:30:00+00:00,MAX,1.025669,HH,True,16.26,-5.33,6,3,MINOR,T(+)C(+)W(+),HH
AAPL,2000-02-11 14:30:00+00:00,MIN,0.970981,HL,True,-5.33,9.43,3,4,NORMAL,T(+)C(+)W(+),LL_TO_HL
AAPL,2000-02-15 14:30:00+00:00,MAX,1.062499,HH,True,9.43,-7.25,4,10,NORMAL,T(+)C(+)W(+),HH
AAPL,2000-02-25 14:30:00+00:00,MIN,0.98549,HL,True,-7.25,18.06,10,5,MAJOR,T(+)C(+)W(+),HL
AAPL,2000-03-01 14:30:00+00:00,MAX,1.163503,HH,True,18.06,-12.33,5,13,NORMAL,T(+)C(+)W(+),HH
AAPL,2000-03-14 14:30:00+00:00,MIN,1.020088,HL,True,-12.33,26.2,13,8,MAJOR,T(+)C(+)W(+),HL
AAPL,2000-03-22 14:30:00+00:00,MAX,1.287387,HH,True,26.2,-12.79,8,8,NORMAL,T(+)C(+)W(+),HH
AAPL,2000-03-30 14:30:00+00:00,MIN,1.122767,HL,True,-12.79,8.0,8,1,NORMAL,T(+)C(+)W(+),HL
AAPL,2000-03-31 14:30:00+00:00,MAX,1.21261,LH,True,8.0,-7.82,1,5,NORMAL,T(+)C(+)W(+),HH_TO_LH
AAPL,2000-04-06 13:30:00+00:00,MIN,1.117744,LL,True,-7.82,5.24,5,1,MINOR,T(+)C(+)W(+),LL
AAPL,2000-04-07 13:30:00+00:00,MAX,1.176338,LH,True,5.24,-17.08,1,5,MAJOR,T(+)C(+)W(+),LH
AAPL,2000-04-12 13:30:00+00:00,MIN,0.975445,LL,True,-17.08,16.13,5,6,MAJOR,T(+)C(+)W(+),LL
AAPL,2000-04-18 13:30:00+00:00,MAX,1.132811,LH,True,16.13,-6.31,6,2,MINOR,T(+)C(+)W(-),LH
AAPL,2000-04-20 13:30:00+00:00,MIN,1.061383,HL,True,-6.31,7.94,2,5,NORMAL,T(+)C(+)W(-),LL_TO_HL
AAPL,2000-04-25 13:30:00+00:00,MAX,1.145646,HH,True,7.94,-22.6,5,15,MAJOR,T(+)C(+)W(-),HH
AAPL,2000-05-10 13:30:00+00:00,MIN,0.886718,LL,True,-22.6,8.37,15,2,NORMAL,T(+)C(-)W(-),LL
AAPL,2000-05-12 13:30:00+00:00,MAX,0.960937,LH,True,8.37,-21.95,2,19,MAJOR,T(+)C(-)W(-),HH_TO_LH
AAPL,2000-05-31 13:30:00+00:00,MIN,0.749999,LL,True,-21.95,14.96,19,7,NORMAL,T(+)C(-)W(-),LL
AAPL,2000-06-07 13:30:00+00:00,MAX,0.862164,LH,True,14.96,-6.34,7,7,MINOR,T(+)C(-)W(-),LH
AAPL,2000-06-14 13:30:00+00:00,MIN,0.807477,HL,True,-6.34,23.01,7,7,MAJOR,T(+)C(-)W(-),LL_TO_HL
AAPL,2000-06-21 13:30:00+00:00,MAX,0.993303,HH,True,23.01,-7.08,7,2,NORMAL,T(+)C(-)W(-),HH
AAPL,2000-06-23 13:30:00+00:00,MIN,0.92299,HL,True,-7.08,5.32,2,5,MINOR,T(+)C(-)W(+),HL
AAPL,2000-06-28 13:30:00+00:00,MAX,0.972097,LH,True,5.32,-5.86,5,1,MINOR,T(+)C(-)W(+),HH_TO_LH
AAPL,2000-06-29 13:30:00+00:00,MIN,0.915178,LL,True,-5.86,14.88,1,13,NORMAL,T(+)C(-)W(+),LL
AAPL,2000-07-12 13:30:00+00:00,MAX,1.051338,HH,True,14.88,-17.3,13,12,MAJOR,T(+)C(-)W(+),HH
AAPL,2000-07-24 13:30:00+00:00,MIN,0.869419,LL,True,-17.3,6.8,12,3,MINOR,T(+)C(+)W(+),LL
AAPL,2000-07-27 13:30:00+00:00,MAX,0.928571,LH,True,6.8,-7.09,3,1,NORMAL,T(+)C(+)W(+),HH_TO_LH
AAPL,2000-07-28 13:30:00+00:00,MIN,0.862722,LL,True,-7.09,5.17,1,3,MINOR,T(+)C(+)W(+),LL
AAPL,2000-07-31 13:30:00+00:00,MAX,0.907365,LH,True,5.17,-8.12,3,15,NORMAL,T(+)C(+)W(-),LH
AAPL,2000-08-15 13:30:00+00:00,MIN,0.833705,LL,True,-8.12,35.88,15,17,EXTREME,T(+)C(+)W(-),LL
AAPL,2000-09-01 13:30:00+00:00,MAX,1.132811,HH,True,35.88,-7.88,17,5,NORMAL,T(+)C(+)W(+),HH
AAPL,2000-09-06 13:30:00+00:00,MIN,1.043526,HL,True,-7.88,6.1,5,1,MINOR,T(+)C(+)W(+),LL_TO_HL
AAPL,2000-09-07 13:30:00+00:00,MAX,1.107142,LH,True,6.1,-10.91,1,8,NORMAL,T(+)C(+)W(+),HH_TO_LH
AAPL,2000-09-15 13:30:00+00:00,MIN,0.986327,LL,True,-10.91,10.52,8,5,NORMAL,T(+)C(+)W(+),LL
AAPL,2000-09-20 13:30:00+00:00,MAX,1.090122,LH,True,10.52,-19.84,5,7,MAJOR,T(+)C(+)W(+),LH
AAPL,2000-09-27 13:30:00+00:00,MIN,0.873883,LL,True,-19.84,9.32,7,1,NORMAL,T(+)C(+)W(+),LL
AAPL,2000-09-28 13:30:00+00:00,MAX,0.955356,LH,True,9.32,-58.29,1,5,EXTREME,T(+)C(+)W(+),LH
AAPL,2000-10-03 13:30:00+00:00,MIN,0.398437,LL,True,-58.29,5.88,5,1,MINOR,T(+)C(-)W(-),LL
AAPL,2000-10-04 13:30:00+00:00,MAX,0.421875,LH,True,5.88,-16.93,1,7,MAJOR,T(+)C(-)W(-),LH
AAPL,2000-10-11 13:30:00+00:00,MIN,0.350446,LL,True,-16.93,12.42,7,2,NORMAL,T(-)C(-)W(-),LL
AAPL,2000-10-13 13:30:00+00:00,MAX,0.393973,LH,True,12.42,-14.16,2,6,NORMAL,T(-)C(-)W(-),LH
AAPL,2000-10-19 13:30:00+00:00,MIN,0.338169,LL,True,-14.16,7.59,6,4,NORMAL,T(-)C(-)W(-),LL
AAPL,2000-10-23 13:30:00+00:00,MAX,0.363839,LH,True,7.59,-9.2,4,2,NORMAL,T(-)C(-)W(-),LH
AAPL,2000-10-25 13:30:00+00:00,MIN,0.330357,LL,True,-9.2,20.61,2,8,MAJOR,T(-)C(-)W(-),LL
AAPL,2000-11-02 14:30:00+00:00,MAX,0.398437,HH,True,20.61,-14.57,8,8,NORMAL,T(-)C(-)W(-),HH
AAPL,2000-11-10 14:30:00+00:00,MIN,0.340401,HL,True,-14.57,6.23,8,4,MINOR,T(-)C(-)W(-),LL_TO_HL
AAPL,2000-11-14 14:30:00+00:00,MAX,0.361607,LH,True,6.23,-29.32,4,22,MAJOR,T(-)C(-)W(-),HH_TO_LH
AAPL,2000-12-06 14:30:00+00:00,MIN,0.25558,LL,True,-29.32,7.42,22,6,NORMAL,T(-)C(-)W(-),LL
AAPL,2000-12-12 14:30:00+00:00,MAX,0.274553,LH,True,7.42,-8.94,6,7,NORMAL,T(-)C(-)W(-),LH
AAPL,2000-12-19 14:30:00+00:00,MIN,0.25,LL,True,-8.94,28.57,7,23,MAJOR,T(-)C(-)W(-),LL
AAPL,2001-01-11 14:30:00+00:00,MAX,0.321428,HH,True,28.57,-6.6,23,6,MINOR,T(-)C(-)W(+),HH
AAPL,2001-01-17 14:30:00+00:00,MIN,0.300223,HL,True,-6.6,29.37,6,13,MAJOR,T(-)C(-)W(+),LL_TO_HL
AAPL,2001-01-30 14:30:00+00:00,MAX,0.388392,HH,True,29.37,-15.8,13,21,MAJOR,T(-)C(-)W(+),HH
AAPL,2001-02-20 14:30:00+00:00,MIN,0.327009,HL,True,-15.8,6.48,21,6,MINOR,T(-)C(+)W(+),HL
AAPL,2001-02-26 14:30:00+00:00,MAX,0.348214,LH,True,6.48,-6.41,6,2,MINOR,T(-)C(+)W(+),HH_TO_LH
AAPL,2001-02-28 14:30:00+00:00,MIN,0.325893,LL,True,-6.41,17.81,2,6,MAJOR,T(-)C(+)W(-),LL
AAPL,2001-03-06 14:30:00+00:00,MAX,0.383928,HH,True,17.81,-13.37,6,6,NORMAL,T(-)C(+)W(-),HH
AAPL,2001-03-12 14:30:00+00:00,MIN,0.332589,HL,True,-13.37,23.49,6,11,MAJOR,T(-)C(+)W(-),LL_TO_HL
AAPL,2001-03-23 14:30:00+00:00,MAX,0.410714,HH,True,23.49,-5.3,11,3,MINOR,T(-)C(+)W(+),HH
AAPL,2001-03-26 14:30:00+00:00,MIN,0.388928,HL,True,-5.3,5.0,3,1,MINOR,T(-)C(+)W(+),HL
AAPL,2001-03-27 14:30:00+00:00,MAX,0.408392,LH,True,5.0,-14.74,1,7,NORMAL,T(-)C(+)W(+),HH_TO_LH
AAPL,2001-04-04 13:30:00+00:00,MIN,0.348214,LL,True,-14.74,14.97,7,8,NORMAL,T(-)C(+)W(+),LL
AAPL,2001-04-12 13:30:00+00:00,MAX,0.400357,LH,True,14.97,-9.01,8,5,NORMAL,T(-)C(+)W(+),LH
AAPL,2001-04-17 13:30:00+00:00,MIN,0.364285,HL,True,-9.01,26.08,5,2,MAJOR,T(-)C(+)W(+),LL_TO_HL
AAPL,2001-04-19 13:30:00+00:00,MAX,0.459285,HH,True,26.08,-6.57,2,5,MINOR,T(-)C(+)W(+),HH
AAPL,2001-04-24 13:30:00+00:00,MIN,0.429107,HL,True,-6.57,10.65,5,8,NORMAL,T(-)C(+)W(+),HL
AAPL,2001-05-02 13:30:00+00:00,MAX,0.474821,HH,True,10.65,-14.07,8,9,NORMAL,T(-)C(+)W(+),HH
AAPL,2001-05-11 13:30:00+00:00,MIN,0.408035,LL,True,-14.07,5.47,9,5,MINOR,T(-)C(+)W(+),LL
AAPL,2001-05-16 13:30:00+00:00,MAX,0.43036,LH,True,5.47,-17.93,5,14,MAJOR,T(-)C(+)W(+),HH_TO_LH
AAPL,2001-05-30 13:30:00+00:00,MIN,0.353214,LL,True,-17.93,9.5,14,8,NORMAL,T(-)C(+)W(-),LL
AAPL,2001-06-07 13:30:00+00:00,MAX,0.386785,LH,True,9.5,-8.22,8,7,NORMAL,T(-)C(+)W(-),LH
AAPL,2001-06-14 13:30:00+00:00,MIN,0.355,HL,True,-8.22,20.67,7,11,MAJOR,T(-)C(-)W(-),LL_TO_HL
AAPL,2001-06-25 13:30:00+00:00,MAX,0.428393,HH,True,20.67,-11.88,11,15,NORMAL,T(-)C(-)W(-),HH
AAPL,2001-07-10 13:30:00+00:00,MIN,0.3775,HL,True,-11.88,18.73,15,7,MAJOR,T(-)C(-)W(+),HL
AAPL,2001-07-17 13:30:00+00:00,MAX,0.448214,HH,True,18.73,-26.41,7,8,MAJOR,T(-)C(-)W(+),HH
AAPL,2001-07-25 13:30:00+00:00,MIN,0.329821,LL,True,-26.41,7.31,8,8,NORMAL,T(-)C(-)W(-),LL
AAPL,2001-08-02 13:30:00+00:00,MAX,0.353928,LH,True,7.31,-10.14,8,21,NORMAL,T(-)C(-)W(-),HH_TO_LH
AAPL,2001-08-23 13:30:00+00:00,MIN,0.318035,LL,True,-10.14,6.23,21,4,MINOR,T(-)C(-)W(-),LL
AAPL,2001-08-27 13:30:00+00:00,MAX,0.337857,LH,True,6.23,-20.82,4,37,MAJOR,T(-)C(-)W(-),LH
AAPL,2001-10-03 13:30:00+00:00,MIN,0.2675,LL,True,-20.82,20.23,37,9,MAJOR,T(+)C(-)W(-),LL
AAPL,2001-10-12 13:30:00+00:00,MAX,0.321607,LH,True,20.23,-5.66,9,5,MINOR,T(+)C(-)W(-),LH
AAPL,2001-10-17 13:30:00+00:00,MIN,0.303393,HL,True,-5.66,12.95,5,8,NORMAL,T(+)C(-)W(-),LL_TO_HL
AAPL,2001-10-25 13:30:00+00:00,MAX,0.342678,HH,True,12.95,-8.49,8,6,NORMAL,T(+)C(-)W(+),HH
AAPL,2001-10-31 14:30:00+00:00,MIN,0.313571,HL,True,-8.49,35.31,6,35,EXTREME,T(+)C(-)W(+),HL
AAPL,2001-12-05 14:30:00+00:00,MAX,0.424285,HH,True,35.31,-14.18,35,9,NORMAL,T(-)C(+)W(+),HH
AAPL,2001-12-14 14:30:00+00:00,MIN,0.364107,HL,True,-14.18,16.18,9,21,MAJOR,T(-)C(+)W(+),HL
AAPL,2002-01-04 14:30:00+00:00,MAX,0.423035,LH,True,16.18,-12.28,21,12,NORMAL,T(-)C(+)W(+),HH_TO_LH
AAPL,2002-01-16 14:30:00+00:00,MIN,0.371071,HL,True,-12.28,22.47,12,20,MAJOR,T(-)C(+)W(-),HL
AAPL,2002-02-05 14:30:00+00:00,MAX,0.454464,HH,True,22.47,-15.52,20,16,MAJOR,T(-)C(+)W(+),HH
AAPL,2002-02-21 14:30:00+00:00,MIN,0.383928,HL,True,-15.52,10.74,16,4,NORMAL,T(-)C(+)W(+),HL
AAPL,2002-02-25 14:30:00+00:00,MAX,0.425178,LH,True,10.74,-8.86,4,3,NORMAL,T(-)C(+)W(+),HH_TO_LH
AAPL,2002-02-28 14:30:00+00:00,MIN,0.3875,HL,True,-8.86,15.48,3,11,MAJOR,T(-)C(+)W(+),HL
AAPL,2002-03-11 14:30:00+00:00,MAX,0.4475,HH,True,15.48,-6.82,11,14,MINOR,T(-)C(+)W(-),HH
AAPL,2002-03-25 14:30:00+00:00,MIN,0.416964,HL,True,-6.82,11.82,14,22,NORMAL,T(+)C(+)W(+),HL
AAPL,2002-04-17 13:30:00+00:00,MAX,0.46625,HH,True,11.82,-11.87,22,9,NORMAL,T(+)C(+)W(+),HH
AAPL,2002-04-26 13:30:00+00:00,MIN,0.410892,LL,True,-11.87,5.48,9,4,MINOR,T(+)C(+)W(+),LL
AAPL,2002-04-30 13:30:00+00:00,MAX,0.433392,LH,True,5.48,-7.42,4,7,NORMAL,T(+)C(+)W(+),HH_TO_LH
AAPL,2002-05-07 13:30:00+00:00,MIN,0.40125,LL,True,-7.42,13.97,7,7,NORMAL,T(+)C(+)W(-),LL
AAPL,2002-05-14 13:30:00+00:00,MAX,0.457321,HH,True,13.97,-8.4,7,7,NORMAL,T(+)C(+)W(-),HH
AAPL,2002-05-21 13:30:00+00:00,MIN,0.418928,HL,True,-8.4,7.33,7,2,NORMAL,T(+)C(+)W(-),LL_TO_HL
AAPL,2002-05-23 13:30:00+00:00,MAX,0.449642,LH,True,7.33,-22.4,2,21,MAJOR,T(+)C(+)W(-),HH_TO_LH
AAPL,2002-06-13 13:30:00+00:00,MIN,0.348928,LL,True,-22.4,5.12,21,4,MINOR,T(+)C(-)W(-),LL
AAPL,2002-06-17 13:30:00+00:00,MAX,0.366785,LH,True,5.12,-19.43,4,9,MAJOR,T(+)C(-)W(-),LH
AAPL,2002-06-26 13:30:00+00:00,MIN,0.295535,LL,True,-19.43,13.23,9,9,NORMAL,T(+)C(-)W(-),LL
AAPL,2002-07-05 13:30:00+00:00,MAX,0.334643,LH,True,13.23,-7.58,9,5,NORMAL,T(+)C(-)W(-),LH
AAPL,2002-07-10 13:30:00+00:00,MIN,0.309286,HL,True,-7.58,5.66,5,1,MINOR,T(+)C(-)W(-),LL_TO_HL
AAPL,2002-07-11 13:30:00+00:00,MAX,0.326785,LH,True,5.66,-20.93,1,12,MAJOR,T(+)C(-)W(-),LH
AAPL,2002-07-23 13:30:00+00:00,MIN,0.258393,LL,True,-20.93,5.04,12,1,MINOR,T(+)C(-)W(-),LL
AAPL,2002-07-24 13:30:00+00:00,MAX,0.271428,LH,True,5.04,-5.66,1,2,MINOR,T(+)C(-)W(-),LH
AAPL,2002-07-26 13:30:00+00:00,MIN,0.256071,LL,True,-5.66,7.6,2,4,NORMAL,T(+)C(-)W(-),LL
AAPL,2002-07-30 13:30:00+00:00,MAX,0.275535,HH,True,7.6,-9.33,4,6,NORMAL,T(+)C(-)W(-),HH
AAPL,2002-08-05 13:30:00+00:00,MIN,0.249821,LL,True,-9.33,15.23,6,16,MAJOR,T(+)C(-)W(-),LL
AAPL,2002-08-21 13:30:00+00:00,MAX,0.287857,HH,True,15.23,-12.84,16,13,NORMAL,T(-)C(-)W(-),HH
AAPL,2002-09-03 13:30:00+00:00,MIN,0.250893,HL,True,-12.84,6.9,13,15,MINOR,T(-)C(-)W(+),LL_TO_HL
AAPL,2002-09-18 13:30:00+00:00,MAX,0.268214,LH,True,6.9,-9.46,15,21,NORMAL,T(-)C(-)W(-),HH_TO_LH
AAPL,2002-10-09 13:30:00+00:00,MIN,0.242839,LL,True,-9.46,11.48,21,6,NORMAL,T(-)C(-)W(-),LL
AAPL,2002-10-15 13:30:00+00:00,MAX,0.270714,HH,True,11.48,-6.93,6,2,MINOR,T(-)C(-)W(-),HH
AAPL,2002-10-17 13:30:00+00:00,MIN,0.251964,HL,True,-6.93,22.04,2,20,MAJOR,T(-)C(-)W(-),LL_TO_HL
AAPL,2002-11-06 14:30:00+00:00,MAX,0.3075,HH,True,22.04,-11.96,20,5,NORMAL,T(-)C(+)W(+),HH
AAPL,2002-11-11 14:30:00+00:00,MIN,0.270714,HL,True,-11.96,7.52,5,3,NORMAL,T(-)C(+)W(+),HL
AAPL,2002-11-14 14:30:00+00:00,MAX,0.291071,LH,True,7.52,-6.32,3,5,MINOR,T(-)C(+)W(+),HH_TO_LH
AAPL,2002-11-19 14:30:00+00:00,MIN,0.272678,HL,True,-6.32,7.07,5,2,NORMAL,T(-)C(+)W(+),HL
AAPL,2002-11-21 14:30:00+00:00,MAX,0.291964,HH,True,7.07,-10.52,2,14,NORMAL,T(-)C(+)W(+),HH
AAPL,2002-12-05 14:30:00+00:00,MIN,0.26125,LL,True,-10.52,5.88,14,6,MINOR,T(-)C(+)W(-),LL
AAPL,2002-12-11 14:30:00+00:00,MAX,0.276607,LH,True,5.88,-9.23,6,16,NORMAL,T(-)C(+)W(-),HH_TO_LH
AAPL,2002-12-27 14:30:00+00:00,MIN,0.251071,LL,True,-9.23,5.97,16,7,MINOR,T(-)C(+)W(-),LL
AAPL,2003-01-03 14:30:00+00:00,MAX,0.266071,LH,True,5.97,-7.38,7,21,NORMAL,T(-)C(-)W(-),LH
AAPL,2003-01-24 14:30:00+00:00,MIN,0.246428,LL,True,-7.38,8.19,21,5,NORMAL,T(-)C(-)W(-),LL
AAPL,2003-01-29 14:30:00+00:00,MAX,0.266607,HH,True,8.19,-5.22,5,9,MINOR,T(-)C(-)W(-),HH
AAPL,2003-02-07 14:30:00+00:00,MIN,0.252678,HL,True,-5.22,7.92,9,11,NORMAL,T(-)C(-)W(-),LL_TO_HL
AAPL,2003-02-18 14:30:00+00:00,MAX,0.272678,HH,True,7.92,-6.88,11,22,MINOR,T(-)C(-)W(-),HH
AAPL,2003-03-12 14:30:00+00:00,MIN,0.253928,HL,True,-6.88,5.56,22,5,MINOR,T(-)C(+)W(+),HL
AAPL,2003-03-17 14:30:00+00:00,MAX,0.268035,LH,True,5.56,-12.59,5,30,NORMAL,T(-)C(+)W(+),HH_TO_LH
AAPL,2003-04-17 13:30:00+00:00,MIN,0.234285,LL,True,-12.59,43.29,30,29,EXTREME,T(-)C(-)W(-),LL
AAPL,2003-05-16 13:30:00+00:00,MAX,0.335714,HH,True,43.29,-5.37,29,4,MINOR,T(-)C(+)W(+),HH
AAPL,2003-05-20 13:30:00+00:00,MIN,0.317678,HL,True,-5.37,6.13,4,7,MINOR,T(-)C(+)W(+),LL_TO_HL
AAPL,2003-05-27 13:30:00+00:00,MAX,0.337143,HH,True,6.13,-11.07,7,13,NORMAL,T(-)C(+)W(+),HH
AAPL,2003-06-09 13:30:00+00:00,MIN,0.299821,LL,True,-11.07,28.29,13,46,MAJOR,T(+)C(+)W(+),LL
AAPL,2003-07-25 13:30:00+00:00,MAX,0.384642,HH,True,28.29,-8.87,46,12,NORMAL,T(+)C(+)W(+),HH
AAPL,2003-08-06 13:30:00+00:00,MIN,0.350535,HL,True,-8.87,17.68,12,37,MAJOR,T(+)C(+)W(+),LL_TO_HL
AAPL,2003-09-12 13:30:00+00:00,MAX,0.4125,HH,True,17.68,-11.56,37,13,NORMAL,T(+)C(+)W(+),HH
AAPL,2003-09-25 13:30:00+00:00,MIN,0.364821,HL,True,-11.56,21.49,13,20,MAJOR,T(+)C(+)W(+),HL
AAPL,2003-10-15 13:30:00+00:00,MAX,0.443214,HH,True,21.49,-18.29,20,37,MAJOR,T(+)C(+)W(+),HH
AAPL,2003-11-21 14:30:00+00:00,MIN,0.362142,LL,True,-18.29,7.05,37,10,NORMAL,T(+)C(-)W(-),LL
AAPL,2003-12-01 14:30:00+00:00,MAX,0.387678,LH,True,7.05,-9.26,10,18,NORMAL,T(+)C(-)W(-),HH_TO_LH
AAPL,2003-12-19 14:30:00+00:00,MIN,0.351785,LL,True,-9.26,22.84,18,26,MAJOR,T(+)C(-)W(-),LL
AAPL,2004-01-14 14:30:00+00:00,MAX,0.432142,HH,True,22.84,-9.96,26,21,NORMAL,T(+)C(-)W(+),HH
AAPL,2004-02-04 14:30:00+00:00,MIN,0.389107,HL,True,-9.96,9.22,21,7,NORMAL,T(+)C(+)W(+),LL_TO_HL
AAPL,2004-02-11 14:30:00+00:00,MAX,0.425,LH,True,9.22,-6.76,7,12,MINOR,T(+)C(+)W(+),HH_TO_LH
AAPL,2004-02-23 14:30:00+00:00,MIN,0.39625,HL,True,-6.76,24.74,12,16,MAJOR,T(+)C(+)W(-),HL
AAPL,2004-03-10 14:30:00+00:00,MAX,0.494285,HH,True,24.74,-8.63,16,13,NORMAL,T(+)C(+)W(+),HH
AAPL,2004-03-23 14:30:00+00:00,MIN,0.451607,HL,True,-8.63,11.98,13,12,NORMAL,T(+)C(+)W(+),HL
AAPL,2004-04-05 13:30:00+00:00,MAX,0.505714,HH,True,11.98,-5.93,12,9,MINOR,T(+)C(+)W(+),HH
AAPL,2004-04-14 13:30:00+00:00,MIN,0.475714,HL,True,-5.93,9.98,9,1,NORMAL,T(+)C(+)W(+),HL
AAPL,2004-04-15 13:30:00+00:00,MAX,0.523214,HH,True,9.98,-12.01,1,15,NORMAL,T(+)C(+)W(+),HH
AAPL,2004-04-30 13:30:00+00:00,MIN,0.460357,LL,True,-12.01,30.72,15,54,EXTREME,T(+)C(+)W(+),LL
AAPL,2004-06-23 13:30:00+00:00,MAX,0.601785,HH,True,30.72,-13.53,54,19,NORMAL,T(+)C(+)W(+),HH
AAPL,2004-07-12 13:30:00+00:00,MIN,0.520357,HL,True,-13.53,13.01,19,3,NORMAL,T(+)C(+)W(+),LL_TO_HL
AAPL,2004-07-15 13:30:00+00:00,MAX,0.588035,LH,True,13.01,-6.77,3,8,MINOR,T(+)C(+)W(+),HH_TO_LH
AAPL,2004-07-23 13:30:00+00:00,MIN,0.548214,HL,True,-6.77,6.32,8,6,MINOR,T(+)C(+)W(-),HL
AAPL,2004-07-29 13:30:00+00:00,MAX,0.582857,LH,True,6.32,-8.76,6,8,NORMAL,T(+)C(+)W(-),LH
AAPL,2004-08-06 13:30:00+00:00,MIN,0.531785,LL,True,-8.76,36.47,8,61,EXTREME,T(+)C(+)W(-),LL
AAPL,2004-10-06 13:30:00+00:00,MAX,0.725714,HH,True,36.47,-5.78,61,6,MINOR,T(+)C(+)W(+),HH
AAPL,2004-10-12 13:30:00+00:00,MIN,0.683749,HL,True,-5.78,78.74,6,48,EXTREME,T(+)C(+)W(+),LL_TO_HL
AAPL,2004-11-29 14:30:00+00:00,MAX,1.222142,HH,True,78.74,-8.42,48,4,NORMAL,T(+)C(+)W(+),HH
AAPL,2004-12-03 14:30:00+00:00,MIN,1.119284,HL,True,-8.42,6.25,4,13,MINOR,T(+)C(+)W(+),HL
AAPL,2004-12-16 14:30:00+00:00,MAX,1.189213,LH,True,6.25,-5.82,13,4,MINOR,T(+)C(+)W(+),HH_TO_LH
AAPL,2004-12-20 14:30:00+00:00,MIN,1.119999,HL,True,-5.82,10.41,4,18,NORMAL,T(+)C(+)W(+),HL
AAPL,2005-01-07 14:30:00+00:00,MAX,1.236606,HH,True,10.41,-6.77,18,4,MINOR,T(+)C(+)W(-),HH
AAPL,2005-01-11 14:30:00+00:00,MIN,1.152856,HL,True,-6.77,39.61,4,36,EXTREME,T(+)C(+)W(+),HL
AAPL,2005-02-16 14:30:00+00:00,MAX,1.609463,HH,True,39.61,-5.37,36,6,MINOR,T(+)C(+)W(+),HH
AAPL,2005-02-22 14:30:00+00:00,MIN,1.523034,HL,True,-5.37,5.19,6,6,MINOR,T(+)C(+)W(+),HL
AAPL,2005-02-28 14:30:00+00:00,MAX,1.602141,LH,True,5.19,-12.28,6,9,NORMAL,T(+)C(+)W(+),HH_TO_LH
AAPL,2005-03-09 14:30:00+00:00,MIN,1.405356,LL,True,-12.28,11.05,9,12,NORMAL,T(+)C(+)W(+),LL
AAPL,2005-03-21 14:30:00+00:00,MAX,1.560713,LH,True,11.05,-6.43,12,11,MINOR,T(+)C(+)W(+),LH
AAPL,2005-04-01 14:30:00+00:00,MIN,1.460356,HL,True,-6.43,6.97,11,6,MINOR,T(+)C(+)W(-),LL_TO_HL
AAPL,2005-04-08 13:30:00+00:00,MAX,1.562142,HH,True,6.97,-19.18,6,7,MAJOR,T(+)C(+)W(-),HH
AAPL,2005-04-15 13:30:00+00:00,MIN,1.262499,LL,True,-19.18,5.35,7,21,MINOR,T(+)C(+)W(-),LL
AAPL,2005-05-06 13:30:00+00:00,MAX,1.329999,LH,True,5.35,-8.35,21,6,NORMAL,T(+)C(-)W(-),HH_TO_LH
AAPL,2005-05-12 13:30:00+00:00,MIN,1.218927,LL,True,-8.35,19.37,6,14,MAJOR,T(+)C(-)W(-),LL
AAPL,2005-05-26 13:30:00+00:00,MAX,1.454999,HH,True,19.37,-12.1,14,15,NORMAL,T(+)C(-)W(+),HH
AAPL,2005-06-10 13:30:00+00:00,MIN,1.278927,HL,True,-12.1,8.6,15,13,NORMAL,T(+)C(-)W(+),LL_TO_HL
AAPL,2005-06-23 13:30:00+00:00,MAX,1.388927,LH,True,8.6,-6.48,13,6,MINOR,T(+)C(-)W(+),HH_TO_LH
AAPL,2005-06-29 13:30:00+00:00,MIN,1.298927,HL,True,-6.48,48.03,6,89,EXTREME,T(+)C(-)W(-),HL
AAPL,2005-09-26 13:30:00+00:00,MAX,1.922855,HH,True,48.03,-5.13,89,2,MINOR,T(+)C(+)W(+),HH
AAPL,2005-09-28 13:30:00+00:00,MIN,1.824284,HL,True,-5.13,6.58,2,5,MINOR,T(+)C(+)W(+),HL
AAPL,2005-10-03 13:30:00+00:00,MAX,1.944284,HH,True,6.58,-9.53,5,9,NORMAL,T(+)C(+)W(+),HH
AAPL,2005-10-12 13:30:00+00:00,MIN,1.758927,LL,True,-9.53,52.24,9,62,EXTREME,T(+)C(+)W(+),LL
AAPL,2005-12-13 14:30:00+00:00,MAX,2.677854,HH,True,52.24,-5.16,62,3,MINOR,T(+)C(+)W(+),HH
AAPL,2005-12-16 14:30:00+00:00,MIN,2.53964,HL,True,-5.16,20.36,3,28,MAJOR,T(+)C(+)W(+),LL_TO_HL
AAPL,2006-01-13 14:30:00+00:00,MAX,3.056779,HH,True,20.36,-24.4,28,31,MAJOR,T(+)C(+)W(+),HH
AAPL,2006-02-13 14:30:00+00:00,MIN,2.311069,LL,True,-24.4,10.88,31,10,NORMAL,T(+)C(+)W(-),LL
AAPL,2006-02-23 14:30:00+00:00,MAX,2.562497,LH,True,10.88,-11.93,10,15,NORMAL,T(+)C(-)W(-),HH_TO_LH
AAPL,2006-03-10 14:30:00+00:00,MIN,2.256783,LL,True,-11.93,6.54,15,4,MINOR,T(+)C(-)W(-),LL
AAPL,2006-03-14 14:30:00+00:00,MAX,2.404284,LH,True,6.54,-12.79,4,14,NORMAL,T(+)C(-)W(-),LH
AAPL,2006-03-28 14:30:00+00:00,MIN,2.096784,LL,True,-12.79,21.34,14,8,MAJOR,T(+)C(-)W(-),LL
AAPL,2006-04-06 13:30:00+00:00,MAX,2.544284,HH,True,21.34,-9.02,8,11,NORMAL,T(+)C(-)W(-),HH
AAPL,2006-04-17 13:30:00+00:00,MIN,2.314676,HL,True,-9.02,10.92,11,18,NORMAL,T(+)C(-)W(+),LL_TO_HL
AAPL,2006-05-05 13:30:00+00:00,MAX,2.567497,HH,True,10.92,-22.08,18,54,MAJOR,T(+)C(+)W(+),HH
AAPL,2006-06-28 13:30:00+00:00,MIN,2.000712,LL,True,-22.08,5.27,54,1,MINOR,T(+)C(-)W(-),LL
AAPL,2006-06-29 13:30:00+00:00,MAX,2.106069,LH,True,5.27,-14.07,1,15,NORMAL,T(+)C(-)W(-),HH_TO_LH
AAPL,2006-07-14 13:30:00+00:00,MIN,1.809641,LL,True,-14.07,37.34,15,20,EXTREME,T(+)C(-)W(-),LL
AAPL,2006-08-03 13:30:00+00:00,MAX,2.485355,HH,True,37.34,-8.62,20,6,NORMAL,T(+)C(-)W(+),HH
AAPL,2006-08-09 13:30:00+00:00,MIN,2.271069,HL,True,-8.62,22.05,6,48,MAJOR,T(+)C(+)W(+),LL_TO_HL
AAPL,2006-09-26 13:30:00+00:00,MAX,2.771783,HH,True,22.05,-5.64,48,15,MINOR,T(-)C(+)W(+),HH
AAPL,2006-10-11 13:30:00+00:00,MIN,2.615355,HL,True,-5.64,25.37,15,48,MAJOR,T(-)C(+)W(+),HL
AAPL,2006-11-28 14:30:00+00:00,MAX,3.278925,HH,True,25.37,-11.92,48,30,NORMAL,T(+)C(+)W(+),HH
AAPL,2006-12-28 14:30:00+00:00,MIN,2.888211,HL,True,-11.92,20.07,30,19,MAJOR,T(+)C(+)W(-),HL
AAPL,2007-01-16 14:30:00+00:00,MAX,3.467854,HH,True,20.07,-14.24,19,24,NORMAL,T(+)C(+)W(+),HH
AAPL,2007-02-09 14:30:00+00:00,MIN,2.973926,HL,True,-14.24,7.49,24,13,NORMAL,T(+)C(-)W(-),HL
AAPL,2007-02-22 14:30:00+00:00,MAX,3.196782,LH,True,7.49,-6.23,13,5,MINOR,T(+)C(-)W(-),HH_TO_LH
AAPL,2007-02-27 14:30:00+00:00,MIN,2.997497,HL,True,-6.23,14.2,5,26,NORMAL,T(+)C(-)W(-),HL
AAPL,2007-03-26 13:30:00+00:00,MAX,3.423211,HH,True,14.2,-5.85,26,18,MINOR,T(+)C(+)W(+),HH
AAPL,2007-04-13 13:30:00+00:00,MIN,3.222854,HL,True,-5.85,37.95,18,56,EXTREME,T(+)C(+)W(+),HL
AAPL,2007-06-08 13:30:00+00:00,MAX,4.446067,HH,True,37.95,-5.61,56,5,MINOR,T(+)C(+)W(+),HH
AAPL,2007-06-13 13:30:00+00:00,MIN,4.196424,HL,True,-5.61,22.34,5,37,MAJOR,T(+)C(+)W(+),HL
AAPL,2007-07-20 13:30:00+00:00,MAX,5.133923,HH,True,22.34,-6.16,37,4,MINOR,T(+)C(+)W(+),HH
AAPL,2007-07-24 13:30:00+00:00,MIN,4.817491,HL,True,-6.16,8.24,4,2,NORMAL,T(+)C(+)W(+),HL
AAPL,2007-07-26 13:30:00+00:00,MAX,5.214281,HH,True,8.24,-19.83,2,21,MAJOR,T(+)C(+)W(+),HH
AAPL,2007-08-16 13:30:00+00:00,MIN,4.180353,LL,True,-19.83,15.59,21,8,MAJOR,T(+)C(+)W(-),LL
AAPL,2007-08-24 13:30:00+00:00,MAX,4.832138,LH,True,15.59,-6.27,8,4,MINOR,T(+)C(+)W(-),HH_TO_LH
AAPL,2007-08-28 13:30:00+00:00,MIN,4.529282,HL,True,-6.27,13.67,4,7,NORMAL,T(+)C(+)W(-),LL_TO_HL
AAPL,2007-09-04 13:30:00+00:00,MAX,5.148566,HH,True,13.67,-8.59,7,3,NORMAL,T(+)C(+)W(-),HH
AAPL,2007-09-07 13:30:00+00:00,MIN,4.706067,HL,True,-8.59,45.55,3,60,EXTREME,T(+)C(+)W(-),HL
AAPL,2007-11-06 14:30:00+00:00,MAX,6.849636,HH,True,45.55,-19.83,60,6,MAJOR,T(+)C(+)W(+),HH
AAPL,2007-11-12 14:30:00+00:00,MIN,5.491423,HL,True,-19.83,26.37,6,25,MAJOR,T(+)C(+)W(+),HL
AAPL,2007-12-07 14:30:00+00:00,MAX,6.939279,HH,True,26.37,-5.83,25,11,MINOR,T(+)C(+)W(-),HH
AAPL,2007-12-18 14:30:00+00:00,MIN,6.534993,HL,True,-5.83,9.21,11,10,NORMAL,T(+)C(+)W(+),HL
AAPL,2007-12-28 14:30:00+00:00,MAX,7.136779,HH,True,9.21,-39.33,10,41,EXTREME,T(+)C(+)W(+),HH
AAPL,2008-02-07 14:30:00+00:00,MIN,4.329996,LL,True,-39.33,6.77,41,4,MINOR,T(+)C(-)W(-),LL
AAPL,2008-02-11 14:30:00+00:00,MAX,4.62321,LH,True,6.77,-7.96,4,15,NORMAL,T(+)C(-)W(-),HH_TO_LH
AAPL,2008-02-26 14:30:00+00:00,MIN,4.255353,LL,True,-7.96,9.03,15,2,NORMAL,T(+)C(-)W(-),LL
AAPL,2008-02-28 14:30:00+00:00,MAX,4.639638,HH,True,9.03,-7.87,2,10,NORMAL,T(+)C(-)W(-),HH
AAPL,2008-03-10 13:30:00+00:00,MIN,4.274639,HL,True,-7.87,30.24,10,28,EXTREME,T(+)C(-)W(-),LL_TO_HL
AAPL,2008-04-07 13:30:00+00:00,MAX,5.567494,HH,True,30.24,-5.61,28,4,MINOR,T(+)C(-)W(+),HH
AAPL,2008-04-11 13:30:00+00:00,MIN,5.254995,HL,True,-5.61,29.1,4,32,MAJOR,T(+)C(+)W(+),HL
AAPL,2008-05-13 13:30:00+00:00,MAX,6.784279,HH,True,29.1,-6.8,32,9,MINOR,T(+)C(+)W(+),HH
AAPL,2008-05-22 13:30:00+00:00,MIN,6.323208,HL,True,-6.8,6.99,9,14,MINOR,T(+)C(+)W(+),HL
AAPL,2008-06-05 13:30:00+00:00,MAX,6.76535,LH,True,6.99,-9.01,14,8,NORMAL,T(+)C(+)W(+),HH_TO_LH
AAPL,2008-06-13 13:30:00+00:00,MIN,6.156065,LL,True,-9.01,5.26,8,4,MINOR,T(+)C(+)W(-),LL
AAPL,2008-06-17 13:30:00+00:00,MAX,6.479636,LH,True,5.26,-7.71,4,13,NORMAL,T(+)C(+)W(-),LH
AAPL,2008-06-30 13:30:00+00:00,MIN,5.979994,LL,True,-7.71,7.23,13,8,NORMAL,T(+)C(+)W(-),LL
AAPL,2008-07-08 13:30:00+00:00,MAX,6.412494,LH,True,7.23,-14.66,8,27,NORMAL,T(+)C(+)W(-),LH
AAPL,2008-08-04 13:30:00+00:00,MIN,5.472495,LL,True,-14.66,17.03,27,10,MAJOR,T(+)C(-)W(-),LL
AAPL,2008-08-14 13:30:00+00:00,MAX,6.40428,LH,True,17.03,-28.71,10,34,MAJOR,T(+)C(-)W(-),LH
AAPL,2008-09-17 13:30:00+00:00,MIN,4.565353,LL,True,-28.71,10.23,34,2,NORMAL,T(-)C(-)W(-),LL
AAPL,2008-09-19 13:30:00+00:00,MAX,5.032495,LH,True,10.23,-25.3,2,10,MAJOR,T(-)C(-)W(-),LH
AAPL,2008-09-29 13:30:00+00:00,MIN,3.759282,LL,True,-25.3,7.98,10,1,NORMAL,T(-)C(-)W(-),LL
AAPL,2008-09-30 13:30:00+00:00,MAX,4.059282,LH,True,7.98,-21.93,1,9,MAJOR,T(-)C(-)W(-),LH
AAPL,2008-10-09 13:30:00+00:00,MIN,3.169283,LL,True,-21.93,24.25,9,4,MAJOR,T(-)C(-)W(-),LL
AAPL,2008-10-13 13:30:00+00:00,MAX,3.937853,LH,True,24.25,-17.02,4,8,MAJOR,T(-)C(-)W(-),LH
AAPL,2008-10-21 13:30:00+00:00,MIN,3.267497,HL,True,-17.02,7.37,8,2,NORMAL,T(-)C(-)W(-),LL_TO_HL
AAPL,2008-10-23 13:30:00+00:00,MAX,3.508211,LH,True,7.37,-6.25,2,4,MINOR,T(-)C(-)W(-),LH
AAPL,2008-10-27 13:30:00+00:00,MIN,3.288925,HL,True,-6.25,20.58,4,3,MAJOR,T(-)C(-)W(-),HL
AAPL,2008-10-30 13:30:00+00:00,MAX,3.96571,HH,True,20.58,-18.84,3,13,MAJOR,T(-)C(-)W(-),HH
AAPL,2008-11-12 14:30:00+00:00,MIN,3.218568,LL,True,-18.84,7.01,13,1,NORMAL,T(-)C(-)W(+),LL
AAPL,2008-11-13 14:30:00+00:00,MAX,3.444282,LH,True,7.01,-16.54,1,7,MAJOR,T(-)C(-)W(+),HH_TO_LH
AAPL,2008-11-20 14:30:00+00:00,MIN,2.87464,LL,True,-16.54,18.03,7,6,MAJOR,T(-)C(-)W(-),LL
AAPL,2008-11-26 14:30:00+00:00,MAX,3.392854,LH,True,18.03,-6.39,6,5,MINOR,T(-)C(-)W(-),LH
AAPL,2008-12-01 14:30:00+00:00,MIN,3.176068,HL,True,-6.39,12.52,5,8,NORMAL,T(-)C(-)W(-),LL_TO_HL
AAPL,2008-12-09 14:30:00+00:00,MAX,3.573568,HH,True,12.52,-15.01,8,15,MAJOR,T(-)C(-)W(-),HH
AAPL,2008-12-24 14:30:00+00:00,MIN,3.037139,LL,True,-15.01,11.22,15,12,NORMAL,T(-)C(-)W(+),LL
AAPL,2009-01-05 14:30:00+00:00,MAX,3.377854,LH,True,11.22,-17.32,12,15,MAJOR,T(-)C(-)W(-),HH_TO_LH
AAPL,2009-01-20 14:30:00+00:00,MIN,2.792854,LL,True,-17.32,31.09,15,20,EXTREME,T(-)C(-)W(-),LL
AAPL,2009-02-09 14:30:00+00:00,MAX,3.661067,HH,True,31.09,-18.92,20,27,MAJOR,T(-)C(+)W(+),HH
AAPL,2009-03-09 13:30:00+00:00,MIN,2.968211,HL,True,-18.92,59.68,27,57,EXTREME,T(-)C(+)W(-),LL_TO_HL
AAPL,2009-05-05 13:30:00+00:00,MAX,4.739638,HH,True,59.68,-9.96,57,8,NORMAL,T(-)C(+)W(+),HH
AAPL,2009-05-13 13:30:00+00:00,MIN,4.267496,HL,True,-9.96,21.07,8,23,MAJOR,T(-)C(+)W(+),HL
AAPL,2009-06-05 13:30:00+00:00,MAX,5.166781,HH,True,21.07,-7.37,23,18,NORMAL,T(-)C(+)W(+),HH
AAPL,2009-06-23 13:30:00+00:00,MIN,4.786066,HL,True,-7.37,6.58,18,8,MINOR,T(-)C(+)W(+),HL
AAPL,2009-07-01 13:30:00+00:00,MAX,5.101066,LH,True,6.58,-5.2,8,6,MINOR,T(-)C(+)W(+),HH_TO_LH
AAPL,2009-07-07 13:30:00+00:00,MIN,4.835709,HL,True,-5.2,24.39,6,37,MAJOR,T(-)C(+)W(+),HL
AAPL,2009-08-13 13:30:00+00:00,MAX,6.014994,HH,True,24.39,-5.24,37,4,MINOR,T(+)C(+)W(+),HH
AAPL,2009-08-17 13:30:00+00:00,MIN,5.699637,HL,True,-5.24,28.58,4,66,MAJOR,T(+)C(+)W(+),HL
AAPL,2009-10-22 13:30:00+00:00,MAX,7.328564,HH,True,28.58,-8.14,66,8,NORMAL,T(+)C(+)W(+),HH
AAPL,2009-10-30 13:30:00+00:00,MIN,6.732136,HL,True,-8.14,9.81,8,18,NORMAL,T(+)C(+)W(+),HL
AAPL,2009-11-17 14:30:00+00:00,MAX,7.39285,HH,True,9.81,-8.72,18,20,NORMAL,T(+)C(+)W(+),HH
AAPL,2009-12-07 14:30:00+00:00,MIN,6.748208,HL,True,-8.72,13.81,20,43,NORMAL,T(+)C(+)W(+),HL
AAPL,2010-01-19 14:30:00+00:00,MAX,7.679992,HH,True,13.81,-8.04,43,3,NORMAL,T(+)C(+)W(+),HH
AAPL,2010-01-22 14:30:00+00:00,MIN,7.062493,HL,True,-8.04,5.12,3,5,MINOR,T(+)C(+)W(+),HL
AAPL,2010-01-27 14:30:00+00:00,MAX,7.424421,LH,True,5.12,-7.62,5,8,NORMAL,T(+)C(+)W(+),HH_TO_LH
AAPL,2010-02-04 14:30:00+00:00,MIN,6.858922,LL,True,-7.62,41.02,8,77,EXTREME,T(+)C(+)W(-),LL
AAPL,2010-04-23 13:30:00+00:00,MAX,9.672493,HH,True,41.02,-12.91,77,14,NORMAL,T(+)C(+)W(+),HH
AAPL,2010-05-07 13:30:00+00:00,MIN,8.423563,HL,True,-12.91,11.12,14,5,NORMAL,T(+)C(+)W(+),LL_TO_HL
AAPL,2010-05-12 13:30:00+00:00,MAX,9.360351,LH,True,11.12,-9.28,5,8,NORMAL,T(+)C(+)W(+),HH_TO_LH
AAPL,2010-05-20 13:30:00+00:00,MIN,8.49142,HL,True,-9.28,11.02,8,13,NORMAL,T(+)C(+)W(+),HL
AAPL,2010-06-02 13:30:00+00:00,MAX,9.426775,HH,True,11.02,-7.86,13,7,NORMAL,T(+)C(+)W(-),HH
AAPL,2010-06-09 13:30:00+00:00,MIN,8.685706,HL,True,-7.86,12.69,7,9,NORMAL,T(+)C(+)W(-),HL
AAPL,2010-06-18 13:30:00+00:00,MAX,9.788346,HH,True,12.69,-9.9,9,14,NORMAL,T(+)C(+)W(+),HH
AAPL,2010-07-02 13:30:00+00:00,MIN,8.819277,HL,True,-9.9,5.13,14,7,MINOR,T(+)C(+)W(+),HL
AAPL,2010-07-09 13:30:00+00:00,MAX,9.272138,LH,True,5.13,-5.41,7,10,MINOR,T(+)C(+)W(+),HH_TO_LH
AAPL,2010-07-19 13:30:00+00:00,MIN,8.770706,LL,True,-5.41,7.53,10,8,NORMAL,T(+)C(-)W(-),LL
AAPL,2010-07-27 13:30:00+00:00,MAX,9.431422,HH,True,7.53,-9.14,8,28,NORMAL,T(+)C(+)W(-),HH
AAPL,2010-08-24 13:30:00+00:00,MIN,8.56892,LL,True,-9.14,32.54,28,55,EXTREME,T(+)C(-)W(-),LL
AAPL,2010-10-18 13:30:00+00:00,MAX,11.357132,HH,True,32.54,-5.35,55,11,MINOR,T(+)C(+)W(+),HH
AAPL,2010-10-29 13:30:00+00:00,MIN,10.749274,HL,True,-5.35,5.86,11,10,MINOR,T(+)C(+)W(+),LL_TO_HL
AAPL,2010-11-08 14:30:00+00:00,MAX,11.379279,HH,True,5.86,-5.69,10,9,MINOR,T(+)C(+)W(+),HH
AAPL,2010-11-17 14:30:00+00:00,MIN,10.732132,LL,True,-5.69,15.97,9,58,MAJOR,T(+)C(+)W(+),LL
AAPL,2011-01-14 14:30:00+00:00,MAX,12.445701,HH,True,15.97,-6.24,58,7,MINOR,T(+)C(+)W(+),HH
AAPL,2011-01-21 14:30:00+00:00,MIN,11.668559,HL,True,-6.24,11.14,7,26,NORMAL,T(+)C(+)W(+),LL_TO_HL
AAPL,2011-02-16 14:30:00+00:00,MAX,12.968911,HH,True,11.14,-6.75,26,6,MINOR,T(+)C(+)W(+),HH
AAPL,2011-02-22 14:30:00+00:00,MIN,12.093206,HL,True,-6.75,6.32,6,10,MINOR,T(+)C(+)W(+),HL
AAPL,2011-03-04 14:30:00+00:00,MAX,12.85713,LH,True,6.32,-8.33,10,11,NORMAL,T(+)C(+)W(+),HH_TO_LH
AAPL,2011-03-16 13:30:00+00:00,MIN,11.78606,LL,True,-8.33,6.52,11,9,MINOR,T(+)C(+)W(-),LL
AAPL,2011-03-25 13:30:00+00:00,MAX,12.554989,LH,True,6.52,-6.85,9,21,MINOR,T(+)C(+)W(-),LH
AAPL,2011-04-15 13:30:00+00:00,MIN,11.694987,LL,True,-6.85,7.8,21,10,NORMAL,T(+)C(-)W(-),LL
AAPL,2011-04-25 13:30:00+00:00,MAX,12.607453,HH,True,7.8,-10.68,10,56,NORMAL,T(+)C(-)W(-),HH
AAPL,2011-06-20 13:30:00+00:00,MIN,11.26142,LL,True,-10.68,27.94,56,36,MAJOR,T(+)C(-)W(-),LL
AAPL,2011-07-26 13:30:00+00:00,MAX,14.407482,HH,True,27.94,-12.44,36,13,NORMAL,T(+)C(+)W(+),HH
AAPL,2011-08-08 13:30:00+00:00,MIN,12.614629,HL,True,-12.44,8.55,13,7,NORMAL,T(+)C(+)W(+),LL_TO_HL
AAPL,2011-08-15 13:30:00+00:00,MAX,13.693197,LH,True,8.55,-7.14,7,4,NORMAL,T(+)C(+)W(+),HH_TO_LH
AAPL,2011-08-19 13:30:00+00:00,MIN,12.715345,HL,True,-7.14,16.13,4,32,MAJOR,T(+)C(+)W(+),HL
AAPL,2011-09-20 13:30:00+00:00,MAX,14.766055,HH,True,16.13,-10.56,32,17,NORMAL,T(+)C(+)W(+),HH
AAPL,2011-10-07 13:30:00+00:00,MIN,13.207131,HL,True,-10.56,14.18,17,11,NORMAL,T(+)C(+)W(+),HL
AAPL,2011-10-18 13:30:00+00:00,MAX,15.079985,HH,True,14.18,-13.89,11,38,NORMAL,T(+)C(+)W(+),HH
AAPL,2011-11-25 14:30:00+00:00,MIN,12.984632,LL,True,-13.89,75.0,38,135,EXTREME,T(+)C(-)W(-),LL
AAPL,2012-04-09 13:30:00+00:00,MAX,22.722477,HH,True,75.0,-8.82,135,7,NORMAL,T(+)C(+)W(+),HH
AAPL,2012-04-16 13:30:00+00:00,MIN,20.718904,HL,True,-8.82,5.1,7,1,MINOR,T(+)C(+)W(+),LL_TO_HL
AAPL,2012-04-17 13:30:00+00:00,MAX,21.774976,LH,True,5.1,-8.11,1,7,NORMAL,T(+)C(+)W(+),HH_TO_LH
AAPL,2012-04-24 13:30:00+00:00,MIN,20.009981,LL,True,-8.11,8.87,7,1,NORMAL,T(+)C(+)W(-),LL
AAPL,2012-04-25 13:30:00+00:00,MAX,21.785693,HH,True,8.87,-13.1,1,22,NORMAL,T(+)C(+)W(-),HH
AAPL,2012-05-17 13:30:00+00:00,MIN,18.932842,LL,True,-13.1,15.88,22,63,MAJOR,T(+)C(+)W(-),LL
AAPL,2012-07-19 13:30:00+00:00,MAX,21.939981,HH,True,15.88,-6.42,63,7,MINOR,T(+)C(+)W(+),HH
AAPL,2012-07-26 13:30:00+00:00,MIN,20.531404,HL,True,-6.42,22.13,7,55,MAJOR,T(+)C(+)W(+),LL_TO_HL
AAPL,2012-09-19 13:30:00+00:00,MAX,25.074978,HH,True,22.13,-25.14,55,57,MAJOR,T(+)C(+)W(+),HH
AAPL,2012-11-15 14:30:00+00:00,MIN,18.772128,LL,True,-25.14,12.16,57,11,NORMAL,T(+)C(-)W(-),LL
AAPL,2012-11-26 14:30:00+00:00,MAX,21.054623,LH,True,12.16,-13.56,11,32,NORMAL,T(+)C(-)W(-),HH_TO_LH
AAPL,2012-12-28 14:30:00+00:00,MIN,18.199593,LL,True,-13.56,7.74,32,5,NORMAL,T(+)C(-)W(-),LL
AAPL,2013-01-02 14:30:00+00:00,MAX,19.608196,LH,True,7.74,-11.49,5,13,NORMAL,T(+)C(-)W(-),LH
AAPL,2013-01-15 14:30:00+00:00,MIN,17.354266,LL,True,-11.49,5.78,13,8,MINOR,T(+)C(-)W(-),LL
AAPL,2013-01-23 14:30:00+00:00,MAX,18.357299,LH,True,5.78,-14.42,8,2,NORMAL,T(+)C(-)W(-),LH
AAPL,2013-01-25 14:30:00+00:00,MIN,15.70998,LL,True,-14.42,9.1,2,17,NORMAL,T(-)C(-)W(-),LL
AAPL,2013-02-11 14:30:00+00:00,MAX,17.140338,LH,True,9.1,-12.48,17,21,NORMAL,T(-)C(-)W(-),LH
AAPL,2013-03-04 14:30:00+00:00,MIN,15.001772,LL,True,-12.48,10.36,21,20,NORMAL,T(-)C(-)W(-),LL
AAPL,2013-03-25 13:30:00+00:00,MAX,16.556415,LH,True,10.36,-15.76,20,25,MAJOR,T(-)C(-)W(-),LH
AAPL,2013-04-19 13:30:00+00:00,MIN,13.947487,LL,True,-15.76,18.77,25,19,MAJOR,T(-)C(-)W(-),LL
AAPL,2013-05-08 13:30:00+00:00,MAX,16.565701,HH,True,18.77,-7.54,19,7,NORMAL,T(-)C(-)W(+),HH
AAPL,2013-05-15 13:30:00+00:00,MIN,15.31606,HL,True,-7.54,5.3,7,15,MINOR,T(-)C(-)W(+),LL_TO_HL
AAPL,2013-05-30 13:30:00+00:00,MAX,16.127844,LH,True,5.3,-12.8,15,28,NORMAL,T(-)C(+)W(+),HH_TO_LH
AAPL,2013-06-27 13:30:00+00:00,MIN,14.063558,LL,True,-12.8,28.94,28,53,MAJOR,T(-)C(+)W(-),LL
AAPL,2013-08-19 13:30:00+00:00,MAX,18.133553,HH,True,28.94,-11.35,53,28,NORMAL,T(-)C(+)W(+),HH
AAPL,2013-09-16 13:30:00+00:00,MIN,16.075702,HL,True,-11.35,26.65,28,98,MAJOR,T(-)C(+)W(+),LL_TO_HL
AAPL,2013-12-23 14:30:00+00:00,MAX,20.360337,HH,True,26.65,-12.33,98,38,NORMAL,T(+)C(+)W(+),HH
AAPL,2014-01-30 14:30:00+00:00,MIN,17.849339,HL,True,-12.33,9.25,38,19,NORMAL,T(+)C(+)W(-),HL
AAPL,2014-02-18 14:30:00+00:00,MAX,19.499623,LH,True,9.25,-5.25,19,8,MINOR,T(+)C(-)W(-),HH_TO_LH
AAPL,2014-02-26 14:30:00+00:00,MIN,18.476767,HL,True,-5.25,39.77,8,187,EXTREME,T(+)C(-)W(-),HL
AAPL,2014-09-02 13:30:00+00:00,MAX,25.825,HH,True,39.77,-6.82,187,44,MINOR,T(+)C(+)W(+),HH
AAPL,2014-10-16 13:30:00+00:00,MIN,24.065,HL,True,-6.82,23.62,44,41,MAJOR,T(+)C(+)W(-),HL
AAPL,2014-11-26 14:30:00+00:00,MAX,29.75,HH,True,23.62,-10.3,41,20,NORMAL,T(+)C(+)W(+),HH
AAPL,2014-12-16 14:30:00+00:00,MIN,26.68625,HL,True,-10.3,6.79,20,10,MINOR,T(+)C(+)W(+),HL
AAPL,2014-12-26 14:30:00+00:00,MAX,28.4975,LH,True,6.79,-6.79,10,10,MINOR,T(+)C(+)W(-),HH_TO_LH
AAPL,2015-01-05 14:30:00+00:00,MIN,26.5625,LL,True,-6.79,5.42,10,4,MINOR,T(+)C(+)W(-),LL
AAPL,2015-01-09 14:30:00+00:00,MAX,28.0025,LH,True,5.42,-5.37,4,7,MINOR,T(+)C(+)W(-),LH
AAPL,2015-01-16 14:30:00+00:00,MIN,26.4975,LL,True,-5.37,25.48,7,38,MAJOR,T(+)C(+)W(-),LL
AAPL,2015-02-23 14:30:00+00:00,MAX,33.25,HH,True,25.48,-8.09,38,15,NORMAL,T(+)C(+)W(+),HH
AAPL,2015-03-11 13:30:00+00:00,MIN,30.56,HL,True,-8.09,8.52,15,47,NORMAL,T(+)C(+)W(+),LL_TO_HL
AAPL,2015-04-27 13:30:00+00:00,MAX,33.1625,LH,True,8.52,-5.76,47,9,MINOR,T(+)C(+)W(+),HH_TO_LH
AAPL,2015-05-06 13:30:00+00:00,MIN,31.2525,HL,True,-5.76,6.02,9,16,MINOR,T(+)C(-)W(+),HL
AAPL,2015-05-22 13:30:00+00:00,MAX,33.135,LH,True,6.02,-9.41,16,48,NORMAL,T(+)C(+)W(+),LH
AAPL,2015-07-09 13:30:00+00:00,MIN,30.0175,LL,True,-9.41,9.99,48,11,NORMAL,T(+)C(-)W(-),LL
AAPL,2015-07-20 13:30:00+00:00,MAX,33.0175,LH,True,9.99,-21.92,11,35,MAJOR,T(+)C(-)W(-),LH
AAPL,2015-08-24 13:30:00+00:00,MIN,25.78,LL,True,-21.92,12.89,35,23,NORMAL,T(+)C(-)W(-),LL
AAPL,2015-09-16 13:30:00+00:00,MAX,29.1025,LH,True,12.89,-6.31,23,13,MINOR,T(+)C(-)W(-),LH
AAPL,2015-09-29 13:30:00+00:00,MIN,27.265,HL,True,-6.31,12.39,13,35,NORMAL,T(+)C(-)W(+),LL_TO_HL
AAPL,2015-11-03 14:30:00+00:00,MAX,30.6425,HH,True,12.39,-8.35,35,10,NORMAL,T(-)C(+)W(+),HH
AAPL,2015-11-13 14:30:00+00:00,MIN,28.085,HL,True,-8.35,6.2,10,7,MINOR,T(-)C(+)W(+),HL
AAPL,2015-11-20 14:30:00+00:00,MAX,29.825,LH,True,6.2,-19.28,7,62,MAJOR,T(-)C(+)W(+),HH_TO_LH
AAPL,2016-01-21 14:30:00+00:00,MIN,24.075,LL,True,-19.28,5.32,62,1,MINOR,T(-)C(-)W(-),LL
AAPL,2016-01-22 14:30:00+00:00,MAX,25.355,LH,True,5.32,-7.89,1,5,NORMAL,T(-)C(-)W(-),LH
AAPL,2016-01-27 14:30:00+00:00,MIN,23.355,LL,True,-7.89,20.0,5,77,MAJOR,T(-)C(-)W(-),LL
AAPL,2016-04-14 13:30:00+00:00,MAX,28.025,HH,True,20.0,-19.41,77,28,MAJOR,T(-)C(+)W(+),HH
AAPL,2016-05-12 13:30:00+00:00,MIN,22.585,LL,True,-19.41,11.15,28,14,NORMAL,T(-)C(-)W(-),LL
AAPL,2016-05-26 13:30:00+00:00,MAX,25.1025,LH,True,11.15,-8.34,14,32,NORMAL,T(-)C(-)W(-),HH_TO_LH
AAPL,2016-06-27 13:30:00+00:00,MIN,23.01,HL,True,-8.34,18.95,32,49,MAJOR,T(-)C(-)W(-),LL_TO_HL
AAPL,2016-08-15 13:30:00+00:00,MAX,27.37,HH,True,18.95,-5.8,49,25,MINOR,T(-)C(+)W(+),HH
AAPL,2016-09-09 13:30:00+00:00,MIN,25.7825,HL,True,-5.8,14.66,25,46,NORMAL,T(-)C(+)W(-),HL
AAPL,2016-10-25 13:30:00+00:00,MAX,29.5625,HH,True,14.66,-10.6,46,20,NORMAL,T(+)C(+)W(+),HH
AAPL,2016-11-14 14:30:00+00:00,MIN,26.4275,HL,True,-10.6,47.67,20,178,EXTREME,T(+)C(+)W(-),HL
AAPL,2017-05-12 13:30:00+00:00,MAX,39.025,HH,True,47.67,-8.86,178,35,NORMAL,T(+)C(+)W(+),HH
AAPL,2017-06-16 13:30:00+00:00,MIN,35.5675,HL,True,-8.86,15.31,35,77,MAJOR,T(+)C(+)W(-),HL
AAPL,2017-09-01 13:30:00+00:00,MAX,41.0125,HH,True,15.31,-8.23,77,24,NORMAL,T(+)C(+)W(+),HH
AAPL,2017-09-25 13:30:00+00:00,MIN,37.6375,HL,True,-8.23,19.07,24,115,MAJOR,T(+)C(+)W(-),HL
AAPL,2018-01-18 14:30:00+00:00,MAX,44.815,HH,True,19.07,-13.45,115,21,NORMAL,T(+)C(+)W(+),HH
AAPL,2018-02-08 14:30:00+00:00,MIN,38.7875,HL,True,-13.45,17.13,21,31,MAJOR,T(+)C(-)W(-),HL
AAPL,2018-03-12 13:30:00+00:00,MAX,45.43,HH,True,17.13,-9.23,31,11,NORMAL,T(+)C(-)W(+),HH
AAPL,2018-03-23 13:30:00+00:00,MIN,41.235,HL,True,-9.23,8.06,11,25,NORMAL,T(+)C(+)W(+),HL
AAPL,2018-04-17 13:30:00+00:00,MAX,44.56,LH,True,8.06,-8.93,25,10,NORMAL,T(+)C(+)W(-),HH_TO_LH
AAPL,2018-04-27 13:30:00+00:00,MIN,40.58,LL,True,-8.93,19.5,10,40,MAJOR,T(+)C(+)W(-),LL
AAPL,2018-06-06 13:30:00+00:00,MAX,48.495,HH,True,19.5,-6.09,40,19,MINOR,T(+)C(+)W(+),HH
AAPL,2018-06-25 13:30:00+00:00,MIN,45.5425,HL,True,-6.09,27.39,19,100,MAJOR,T(+)C(+)W(-),LL_TO_HL
AAPL,2018-10-03 13:30:00+00:00,MAX,58.0175,HH,True,27.39,-25.76,100,51,MAJOR,T(+)C(+)W(+),HH
AAPL,2018-11-23 14:30:00+00:00,MIN,43.0725,LL,True,-25.76,7.27,51,10,NORMAL,T(+)C(-)W(-),LL
AAPL,2018-12-03 14:30:00+00:00,MAX,46.205,LH,True,7.27,-20.56,10,21,MAJOR,T(+)C(-)W(-),HH_TO_LH
AAPL,2018-12-24 14:30:00+00:00,MIN,36.7075,LL,True,-20.56,7.55,21,9,NORMAL,T(+)C(-)W(-),LL
AAPL,2019-01-02 14:30:00+00:00,MAX,39.48,LH,True,7.55,-9.96,9,1,NORMAL,T(+)C(-)W(-),LH
AAPL,2019-01-03 14:30:00+00:00,MIN,35.5475,LL,True,-9.96,48.92,1,119,EXTREME,T(+)C(-)W(-),LL
AAPL,2019-05-03 13:30:00+00:00,MAX,52.9375,HH,True,48.92,-18.16,119,31,MAJOR,T(-)C(+)W(+),HH
AAPL,2019-06-03 13:30:00+00:00,MIN,43.325,HL,True,-18.16,22.93,31,58,MAJOR,T(-)C(-)W(-),LL_TO_HL
AAPL,2019-07-31 13:30:00+00:00,MAX,53.26,HH,True,22.93,-9.25,58,5,NORMAL,T(-)C(+)W(+),HH
AAPL,2019-08-05 13:30:00+00:00,MIN,48.335,HL,True,-9.25,69.24,5,191,EXTREME,T(-)C(+)W(+),HL
AAPL,2020-02-12 14:30:00+00:00,MAX,81.8,HH,True,69.24,-16.45,191,16,MAJOR,T(+)C(+)W(+),HH
AAPL,2020-02-28 14:30:00+00:00,MIN,68.34,HL,True,-16.45,10.75,16,5,NORMAL,T(+)C(+)W(-),HL
AAPL,2020-03-04 14:30:00+00:00,MAX,75.685,LH,True,10.75,-12.08,5,4,NORMAL,T(+)C(+)W(-),HH_TO_LH
AAPL,2020-03-09 13:30:00+00:00,MIN,66.5425,LL,True,-12.08,7.2,4,1,NORMAL,T(+)C(+)W(-),LL
AAPL,2020-03-10 13:30:00+00:00,MAX,71.335,LH,True,7.2,-13.01,1,2,NORMAL,T(+)C(+)W(-),LH
AAPL,2020-03-12 13:30:00+00:00,MIN,62.0575,LL,True,-13.01,11.98,2,1,NORMAL,T(+)C(-)W(-),LL
AAPL,2020-03-13 13:30:00+00:00,MAX,69.4925,LH,True,11.98,-19.28,1,10,MAJOR,T(+)C(-)W(-),LH
AAPL,2020-03-23 13:30:00+00:00,MIN,56.0925,LL,True,-19.28,15.18,10,3,MAJOR,T(+)C(-)W(-),LL
AAPL,2020-03-26 13:30:00+00:00,MAX,64.61,LH,True,15.18,-6.78,3,6,MINOR,T(+)C(-)W(-),LH
AAPL,2020-04-01 13:30:00+00:00,MIN,60.2275,HL,True,-6.78,19.15,6,13,MAJOR,T(+)C(-)W(-),LL_TO_HL
AAPL,2020-04-14 13:30:00+00:00,MAX,71.7625,HH,True,19.15,-6.51,13,7,MINOR,T(+)C(-)W(-),HH
AAPL,2020-04-21 13:30:00+00:00,MIN,67.0925,HL,True,-6.51,46.6,7,90,EXTREME,T(+)C(-)W(+),HL
AAPL,2020-07-20 13:30:00+00:00,MAX,98.3575,HH,True,46.6,-5.84,90,4,MINOR,T(+)C(+)W(+),HH
AAPL,2020-07-24 13:30:00+00:00,MIN,92.615,HL,True,-5.84,44.88,4,39,EXTREME,T(+)C(+)W(+),HL
AAPL,2020-09-01 13:30:00+00:00,MAX,134.18,HH,True,44.88,-20.38,39,17,MAJOR,T(+)C(+)W(+),HH
AAPL,2020-09-18 13:30:00+00:00,MIN,106.84,HL,True,-20.38,16.44,17,24,MAJOR,T(+)C(+)W(-),HL
AAPL,2020-10-12 13:30:00+00:00,MAX,124.4,LH,True,16.44,-12.56,24,21,NORMAL,T(+)C(+)W(-),HH_TO_LH
AAPL,2020-11-02 14:30:00+00:00,MIN,108.77,HL,True,-12.56,10.6,21,14,NORMAL,T(+)C(-)W(+),HL
AAPL,2020-11-16 14:30:00+00:00,MAX,120.3,LH,True,10.6,-5.36,14,7,MINOR,T(+)C(-)W(-),LH
AAPL,2020-11-23 14:30:00+00:00,MIN,113.85,HL,True,-5.36,20.06,7,35,MAJOR,T(+)C(-)W(-),HL
AAPL,2020-12-28 14:30:00+00:00,MAX,136.69,HH,True,20.06,-7.38,35,9,NORMAL,T(+)C(+)W(+),HH
AAPL,2021-01-06 14:30:00+00:00,MIN,126.6,HL,True,-7.38,13.08,9,20,NORMAL,T(+)C(+)W(+),HL
AAPL,2021-01-26 14:30:00+00:00,MAX,143.16,HH,True,13.08,-15.49,20,30,MAJOR,T(+)C(+)W(+),HH
AAPL,2021-02-25 14:30:00+00:00,MIN,120.99,LL,True,-15.49,5.62,30,4,MINOR,T(+)C(+)W(-),LL
AAPL,2021-03-01 14:30:00+00:00,MAX,127.79,LH,True,5.62,-8.94,4,7,NORMAL,T(+)C(+)W(-),HH_TO_LH
AAPL,2021-03-08 14:30:00+00:00,MIN,116.36,LL,True,-8.94,15.88,7,41,MAJOR,T(+)C(-)W(-),LL
AAPL,2021-04-19 13:30:00+00:00,MAX,134.84,HH,True,15.88,-11.17,41,22,NORMAL,T(+)C(-)W(+),HH
AAPL,2021-05-12 00:00:00+00:00,MIN,119.78055572509766,HL,True,-11.17,27.82,22,118,MAJOR,T(+)C(+)W(-),LL_TO_HL
AAPL,2021-09-07 00:00:00+00:00,MAX,153.10365295410156,HH,True,27.82,-11.2,118,27,NORMAL,T(+)C(+)W(+),HH
AAPL,2021-10-04 00:00:00+00:00,MIN,135.95533752441406,HL,True,-11.2,29.16,27,67,MAJOR,T(+)C(-)W(-),HL
AAPL,2021-12-10 00:00:00+00:00,MAX,175.5986328125,HH,True,29.16,-5.41,67,10,MINOR,T(+)C(+)W(+),HH
AAPL,2021-12-20 00:00:00+00:00,MIN,166.1068115234375,HL,True,-5.41,7.22,10,14,NORMAL,T(+)C(+)W(+),HL
AAPL,2022-01-03 00:00:00+00:00,MAX,178.10366821289062,HH,True,7.22,-12.52,14,24,NORMAL,T(+)C(+)W(+),HH
AAPL,2022-01-27 00:00:00+00:00,MIN,155.80276489257812,LL,True,-12.52,10.86,24,13,NORMAL,T(+)C(+)W(-),LL
AAPL,2022-02-09 00:00:00+00:00,MAX,172.71644592285156,LH,True,10.86,-14.56,13,33,NORMAL,T(+)C(+)W(-),HH_TO_LH
AAPL,2022-03-14 00:00:00+00:00,MIN,147.57518005371094,LL,True,-14.56,18.82,33,15,MAJOR,T(+)C(-)W(-),LL
AAPL,2022-03-29 00:00:00+00:00,MAX,175.34222412109375,HH,True,18.82,-12.51,15,29,NORMAL,T(+)C(-)W(+),HH
AAPL,2022-04-27 00:00:00+00:00,MIN,153.40487670898438,HL,True,-12.51,6.04,29,7,MINOR,T(+)C(-)W(-),LL_TO_HL
AAPL,2022-05-04 00:00:00+00:00,MAX,162.66383361816406,LH,True,6.04,-17.15,7,15,MAJOR,T(+)C(-)W(-),HH_TO_LH
AAPL,2022-05-19 00:00:00+00:00,MIN,134.7711181640625,LL,True,-17.15,10.09,15,14,NORMAL,T(+)C(-)W(-),LL
AAPL,2022-06-02 00:00:00+00:00,MAX,148.37091064453125,LH,True,10.09,-13.99,14,14,NORMAL,T(+)C(-)W(-),LH
AAPL,2022-06-16 00:00:00+00:00,MIN,127.61799621582031,LL,True,-13.99,34.39,14,62,EXTREME,T(+)C(-)W(-),LL
AAPL,2022-08-17 00:00:00+00:00,MAX,171.5105438232422,HH,True,34.39,-11.51,62,22,NORMAL,T(-)C(+)W(+),HH
AAPL,2022-09-08 00:00:00+00:00,MIN,151.77040100097656,HL,True,-11.51,5.81,22,4,MINOR,T(-)C(+)W(-),LL_TO_HL
AAPL,2022-09-12 00:00:00+00:00,MAX,160.5841827392578,LH,True,5.81,-15.44,4,18,MAJOR,T(-)C(+)W(-),HH_TO_LH
AAPL,2022-09-30 00:00:00+00:00,MIN,135.79354858398438,LL,True,-15.44,5.93,18,5,MINOR,T(-)C(-)W(-),LL
AAPL,2022-10-05 00:00:00+00:00,MAX,143.85073852539062,LH,True,5.93,-5.51,5,7,MINOR,T(-)C(-)W(-),LH
AAPL,2022-10-12 00:00:00+00:00,MIN,135.93109130859375,HL,True,-5.51,12.58,7,16,NORMAL,T(-)C(-)W(-),LL_TO_HL
AAPL,2022-10-28 00:00:00+00:00,MAX,153.0281219482422,HH,True,12.58,-13.26,16,12,NORMAL,T(-)C(-)W(-),HH
AAPL,2022-11-09 00:00:00+00:00,MIN,132.74134826660156,LL,True,-13.26,12.17,12,9,NORMAL,T(-)C(-)W(+),LL
AAPL,2022-11-18 00:00:00+00:00,MAX,148.90219116210938,LH,True,12.17,-6.69,9,11,MINOR,T(-)C(-)W(+),HH_TO_LH
AAPL,2022-11-29 00:00:00+00:00,MIN,138.94192504882812,HL,True,-6.69,5.06,11,2,MINOR,T(-)C(-)W(+),LL_TO_HL
AAPL,2022-12-01 00:00:00+00:00,MAX,145.96923828125,LH,True,5.06,-15.7,2,35,MAJOR,T(-)C(-)W(+),LH
AAPL,2023-01-05 00:00:00+00:00,MIN,123.04681396484375,LL,True,-15.7,24.43,35,41,MAJOR,T(-)C(-)W(-),LL
AAPL,2023-02-15 00:00:00+00:00,MAX,153.11183166503906,HH,True,24.43,-6.45,41,14,MINOR,T(-)C(+)W(+),HH
AAPL,2023-03-01 00:00:00+00:00,MIN,143.23492431640625,HL,True,-6.45,35.38,14,152,EXTREME,T(-)C(+)W(+),LL_TO_HL
AAPL,2023-07-31 00:00:00+00:00,MAX,193.91249084472656,HH,True,35.38,-11.31,152,17,NORMAL,T(+)C(+)W(+),HH
AAPL,2023-08-17 00:00:00+00:00,MIN,171.9844207763672,HL,True,-11.31,9.02,17,19,NORMAL,T(+)C(+)W(-),HL
AAPL,2023-09-05 00:00:00+00:00,MAX,187.50253295898438,LH,True,9.02,-10.16,19,22,NORMAL,T(+)C(-)W(-),HH_TO_LH
AAPL,2023-09-27 00:00:00+00:00,MIN,168.45574951171875,LL,True,-10.16,6.03,22,15,MINOR,T(+)C(-)W(-),LL
AAPL,2023-10-12 00:00:00+00:00,MAX,178.61671447753906,LH,True,6.03,-7.65,15,14,NORMAL,T(+)C(-)W(-),LH
AAPL,2023-10-26 00:00:00+00:00,MIN,164.9567413330078,LL,True,-7.65,18.86,14,49,MAJOR,T(+)C(-)W(-),LL
AAPL,2023-12-14 00:00:00+00:00,MAX,196.0731201171875,HH,True,18.86,-8.55,49,22,NORMAL,T(+)C(+)W(+),HH
AAPL,2024-01-05 00:00:00+00:00,MIN,179.31715393066406,HL,True,-8.55,7.73,22,18,NORMAL,T(+)C(+)W(-),LL_TO_HL
AAPL,2024-01-23 00:00:00+00:00,MAX,193.1732177734375,LH,True,7.73,-13.3,18,44,NORMAL,T(+)C(+)W(-),HH_TO_LH
AAPL,2024-03-07 00:00:00+00:00,MIN,167.475830078125,LL,True,-13.3,5.72,44,13,MINOR,T(+)C(-)W(-),LL
AAPL,2024-03-20 00:00:00+00:00,MAX,177.05860900878906,LH,True,5.72,-6.1,13,21,MINOR,T(+)C(-)W(-),LH
AAPL,2024-04-10 00:00:00+00:00,MIN,166.26683044433594,LL,True,-6.1,5.23,21,2,MINOR,T(+)C(-)W(-),LL
AAPL,2024-04-12 00:00:00+00:00,MAX,174.95774841308594,LH,True,5.23,-6.54,2,7,MINOR,T(+)C(-)W(-),LH
AAPL,2024-04-19 00:00:00+00:00,MIN,163.5119171142578,LL,True,-6.54,42.51,7,88,EXTREME,T(-)C(-)W(-),LL
AAPL,2024-07-16 00:00:00+00:00,MAX,233.0178680419922,HH,True,42.51,-11.75,88,21,NORMAL,T(+)C(+)W(+),HH
AAPL,2024-08-06 00:00:00+00:00,MIN,205.63958740234375,HL,True,-11.75,11.01,21,23,NORMAL,T(+)C(+)W(-),LL_TO_HL
AAPL,2024-08-29 00:00:00+00:00,MAX,228.29037475585938,LH,True,11.01,-5.86,23,18,MINOR,T(+)C(+)W(+),HH_TO_LH
AAPL,2024-09-16 00:00:00+00:00,MIN,214.90829467773438,HL,True,-5.86,9.32,18,35,NORMAL,T(+)C(+)W(+),HL
AAPL,2024-10-21 00:00:00+00:00,MAX,234.9367218017578,HH,True,9.32,-6.12,35,14,MINOR,T(+)C(+)W(+),HH
AAPL,2024-11-04 00:00:00+00:00,MIN,220.5611572265625,HL,True,-6.12,16.8,14,52,MAJOR,T(+)C(+)W(+),HL
AAPL,2024-12-26 00:00:00+00:00,MAX,257.6127014160156,HH,True,16.8,-14.05,52,26,NORMAL,T(+)C(+)W(+),HH
AAPL,2025-01-21 00:00:00+00:00,MIN,221.4303741455078,HL,True,-14.05,11.11,26,34,NORMAL,T(+)C(+)W(-),HL
AAPL,2025-02-24 00:00:00+00:00,MAX,246.0277099609375,LH,True,11.11,-15.14,34,17,MAJOR,T(+)C(-)W(+),HH_TO_LH
AAPL,2025-03-13 00:00:00+00:00,MIN,208.77008056640625,LL,True,-15.14,6.78,17,20,MINOR,T(+)C(-)W(-),LL
AAPL,2025-04-02 00:00:00+00:00,MAX,222.91844177246094,LH,True,6.78,-22.99,20,6,MAJOR,T(+)C(-)W(-),LH
AAPL,2025-04-08 00:00:00+00:00,MIN,171.67176818847656,LL,True,-22.99,23.72,6,23,MAJOR,T(+)C(-)W(-),LL
AAPL,2025-05-01 00:00:00+00:00,MAX,212.39430236816406,LH,True,23.72,-8.0,23,6,NORMAL,T(+)C(-)W(-),LH
AAPL,2025-05-07 00:00:00+00:00,MIN,195.39837646484375,HL,True,-8.0,8.64,6,6,NORMAL,T(+)C(-)W(-),LL_TO_HL
AAPL,2025-05-13 00:00:00+00:00,MAX,212.28399658203125,LH,True,8.64,-8.29,6,10,NORMAL,T(+)C(-)W(+),LH
AAPL,2025-05-23 00:00:00+00:00,MIN,194.67759704589844,LL,True,-8.29,9.8,10,60,NORMAL,T(-)C(-)W(+),LL
AAPL,2025-07-22 00:00:00+00:00,MAX,213.74954223632812,HH,True,9.8,-5.61,60,10,MINOR,T(-)C(+)W(+),HH
AAPL,2025-08-01 00:00:00+00:00,MIN,201.76602172851562,HL,True,-5.61,18.61,10,34,MAJOR,T(-)C(+)W(+),LL_TO_HL
AAPL,2025-09-04 00:00:00+00:00,MAX,239.32383728027344,HH,True,18.61,-5.42,34,6,MINOR,T(-)C(+)W(+),HH
AAPL,2025-09-10 00:00:00+00:00,MIN,226.35855102539062,HL,True,-5.42,26.31,6,83,MAJOR,T(-)C(+)W(+),HL
AAPL,2025-12-02 00:00:00+00:00,MAX,285.9224548339844,HH,True,26.31,-13.8,83,49,NORMAL,T(+)C(+)W(+),HH
AAPL,2026-01-20 00:00:00+00:00,MIN,246.46937561035156,HL,True,-13.8,12.74,49,17,NORMAL,T(+)C(-)W(-),HL
AAPL,2026-02-06 00:00:00+00:00,MAX,277.8599853515625,LH,True,12.74,-7.95,17,7,NORMAL,T(+)C(-)W(-),HH_TO_LH
AAPL,2026-02-13 00:00:00+00:00,MIN,255.77999877929688,HL,True,-7.95,7.21,7,12,NORMAL,T(+)C(-)W(+),HL
AAPL,2026-02-25 00:00:00+00:00,MAX,274.2300109863281,LH,True,7.21,-10.06,12,33,NORMAL,T(+)C(-)W(+),LH
AAPL,2026-03-30 00:00:00+00:00,MIN,246.6300048828125,LL,True,-10.06,0.0,33,0,MINOR,T(+)C(-)W(-),LL
AMZN,2006-03-03 14:30:00+00:00,MAX,1.860501,HH,True,0.0,-5.27,0,24,MINOR,UNKNOWN,HH
AMZN,2006-03-27 14:30:00+00:00,MIN,1.7625,LL,True,-5.27,9.25,24,9,NORMAL,UNKNOWN,LL
AMZN,2006-04-06 13:30:00+00:00,MAX,1.9255,HH,True,9.25,-17.92,9,41,MAJOR,UNKNOWN,HH
AMZN,2006-05-17 13:30:00+00:00,MIN,1.5805,LL,True,-17.92,14.11,41,9,NORMAL,UNKNOWN,LL
AMZN,2006-05-26 13:30:00+00:00,MAX,1.803501,LH,True,14.11,-7.37,9,11,NORMAL,UNKNOWN,HH_TO_LH
AMZN,2006-06-06 13:30:00+00:00,MIN,1.6705,HL,True,-7.37,15.77,11,24,MAJOR,UNKNOWN,LL_TO_HL
AMZN,2006-06-30 13:30:00+00:00,MAX,1.933999,HH,True,15.77,-32.6,24,42,EXTREME,UNKNOWN,HH
AMZN,2006-08-11 13:30:00+00:00,MIN,1.303501,LL,True,-32.6,23.63,42,25,MAJOR,UNKNOWN,LL
AMZN,2006-09-05 13:30:00+00:00,MAX,1.6115,LH,True,23.63,-7.76,25,2,NORMAL,UNKNOWN,HH_TO_LH
AMZN,2006-09-07 13:30:00+00:00,MIN,1.4865,HL,True,-7.76,9.38,2,8,NORMAL,UNKNOWN,LL_TO_HL
AMZN,2006-09-15 13:30:00+00:00,MAX,1.626,HH,True,9.38,-7.07,8,6,NORMAL,UNKNOWN,HH
AMZN,2006-09-21 13:30:00+00:00,MIN,1.511,HL,True,-7.07,7.54,6,5,NORMAL,UNKNOWN,HL
AMZN,2006-09-26 13:30:00+00:00,MAX,1.625,LH,True,7.54,-5.02,5,6,MINOR,UNKNOWN,HH_TO_LH
AMZN,2006-10-02 13:30:00+00:00,MIN,1.5435,HL,True,-5.02,39.16,6,51,EXTREME,UNKNOWN,HL
AMZN,2006-11-22 14:30:00+00:00,MAX,2.148,HH,True,39.16,-11.27,51,15,NORMAL,UNKNOWN,HH
AMZN,2006-12-07 14:30:00+00:00,MIN,1.906,HL,True,-11.27,5.69,15,20,MINOR,UNKNOWN,HL
AMZN,2006-12-27 14:30:00+00:00,MAX,2.0145,LH,True,5.69,-9.58,20,27,NORMAL,UNKNOWN,HH_TO_LH
AMZN,2007-01-23 14:30:00+00:00,MIN,1.821499,LL,True,-9.58,13.94,27,28,NORMAL,UNKNOWN,LL
AMZN,2007-02-20 14:30:00+00:00,MAX,2.0755,HH,True,13.94,-10.74,28,13,NORMAL,UNKNOWN,HH
AMZN,2007-03-05 14:30:00+00:00,MIN,1.8525,HL,True,-10.74,98.79,13,91,EXTREME,T(+)C(+)W(+),LL_TO_HL
AMZN,2007-06-05 13:30:00+00:00,MAX,3.6825,HH,True,98.79,-8.38,91,21,NORMAL,T(+)C(+)W(+),HH
AMZN,2007-06-26 13:30:00+00:00,MIN,3.374,HL,True,-8.38,11.29,21,17,NORMAL,T(+)C(+)W(+),HL
AMZN,2007-07-13 13:30:00+00:00,MAX,3.755001,HH,True,11.29,-7.79,17,11,NORMAL,T(+)C(+)W(+),HH
AMZN,2007-07-24 13:30:00+00:00,MIN,3.4625,HL,True,-7.79,24.45,11,1,MAJOR,T(+)C(+)W(+),HL
AMZN,2007-07-25 13:30:00+00:00,MAX,4.308995,HH,True,24.45,-16.01,1,21,MAJOR,T(+)C(+)W(+),HH
AMZN,2007-08-15 13:30:00+00:00,MIN,3.619,HL,True,-16.01,32.43,21,54,EXTREME,T(+)C(+)W(+),HL
AMZN,2007-10-08 13:30:00+00:00,MAX,4.792501,HH,True,32.43,-6.79,54,3,MINOR,T(+)C(+)W(+),HH
AMZN,2007-10-11 13:30:00+00:00,MIN,4.467,HL,True,-6.79,12.85,3,12,NORMAL,T(+)C(+)W(+),HL
AMZN,2007-10-23 13:30:00+00:00,MAX,5.041001,HH,True,12.85,-23.63,12,20,MAJOR,T(+)C(+)W(+),HH
AMZN,2007-11-12 14:30:00+00:00,MIN,3.85,LL,True,-23.63,22.61,20,22,MAJOR,T(+)C(+)W(-),LL
AMZN,2007-12-04 14:30:00+00:00,MAX,4.7205,LH,True,22.61,-9.87,22,13,NORMAL,T(+)C(-)W(-),HH_TO_LH
AMZN,2007-12-17 14:30:00+00:00,MIN,4.2545,HL,True,-9.87,13.12,13,16,NORMAL,T(+)C(-)W(+),LL_TO_HL
AMZN,2008-01-02 14:30:00+00:00,MAX,4.8125,HH,True,13.12,-23.15,16,21,MAJOR,T(+)C(+)W(+),HH
AMZN,2008-01-23 14:30:00+00:00,MIN,3.6985,LL,True,-23.15,5.04,21,8,MINOR,T(+)C(+)W(-),LL
AMZN,2008-01-31 14:30:00+00:00,MAX,3.885,LH,True,5.04,-11.85,8,6,NORMAL,T(+)C(-)W(-),HH_TO_LH
AMZN,2008-02-06 14:30:00+00:00,MIN,3.4245,LL,True,-11.85,13.49,6,7,NORMAL,T(+)C(-)W(-),LL
AMZN,2008-02-13 14:30:00+00:00,MAX,3.8865,HH,True,13.49,-19.68,7,19,MAJOR,T(+)C(-)W(-),HH
AMZN,2008-03-03 14:30:00+00:00,MIN,3.121499,LL,True,-19.68,21.66,19,20,MAJOR,T(+)C(-)W(-),LL
AMZN,2008-03-24 13:30:00+00:00,MAX,3.7975,LH,True,21.66,-8.15,20,4,NORMAL,T(+)C(-)W(-),HH_TO_LH
AMZN,2008-03-28 13:30:00+00:00,MIN,3.488,HL,True,-8.15,10.91,4,5,NORMAL,T(+)C(-)W(-),LL_TO_HL
AMZN,2008-04-02 13:30:00+00:00,MAX,3.8685,HH,True,10.91,-6.95,5,9,MINOR,T(+)C(-)W(-),HH
AMZN,2008-04-11 13:30:00+00:00,MIN,3.599501,HL,True,-6.95,13.86,9,17,NORMAL,T(+)C(-)W(+),HL
AMZN,2008-04-28 13:30:00+00:00,MAX,4.0985,HH,True,13.86,-11.66,17,11,NORMAL,T(+)C(+)W(+),HH
AMZN,2008-05-09 13:30:00+00:00,MIN,3.6205,HL,True,-11.66,16.71,11,27,MAJOR,T(-)C(+)W(+),HL
AMZN,2008-06-05 13:30:00+00:00,MAX,4.2255,HH,True,16.71,-9.89,27,7,NORMAL,T(-)C(+)W(+),HH
AMZN,2008-06-12 13:30:00+00:00,MIN,3.8075,HL,True,-9.89,10.65,7,7,NORMAL,T(-)C(+)W(+),HL
AMZN,2008-06-19 13:30:00+00:00,MAX,4.213,LH,True,10.65,-15.21,7,13,MAJOR,T(-)C(+)W(+),HH_TO_LH
AMZN,2008-07-02 13:30:00+00:00,MIN,3.572,LL,True,-15.21,5.04,13,6,MINOR,T(-)C(+)W(-),LL
AMZN,2008-07-08 13:30:00+00:00,MAX,3.752,LH,True,5.04,-11.67,6,6,NORMAL,T(-)C(+)W(-),LH
AMZN,2008-07-14 13:30:00+00:00,MIN,3.314,LL,True,-11.67,8.8,6,3,NORMAL,T(-)C(-)W(-),LL
AMZN,2008-07-17 13:30:00+00:00,MAX,3.6055,LH,True,8.8,-5.74,3,5,MINOR,T(-)C(-)W(-),LH
AMZN,2008-07-22 13:30:00+00:00,MIN,3.3985,HL,True,-5.74,29.6,5,20,MAJOR,T(-)C(-)W(-),LL_TO_HL
AMZN,2008-08-11 13:30:00+00:00,MAX,4.4045,HH,True,29.6,-18.79,20,37,MAJOR,T(-)C(-)W(+),HH
AMZN,2008-09-17 13:30:00+00:00,MIN,3.577,HL,True,-18.79,13.22,37,2,NORMAL,T(-)C(+)W(-),HL
AMZN,2008-09-19 13:30:00+00:00,MAX,4.05,LH,True,13.22,-21.79,2,10,MAJOR,T(-)C(+)W(-),HH_TO_LH
AMZN,2008-09-29 13:30:00+00:00,MIN,3.167501,LL,True,-21.79,14.85,10,1,NORMAL,T(-)C(+)W(-),LL
AMZN,2008-09-30 13:30:00+00:00,MAX,3.638,LH,True,14.85,-23.03,1,9,MAJOR,T(-)C(+)W(-),LH
AMZN,2008-10-09 13:30:00+00:00,MIN,2.8,LL,True,-23.03,10.75,9,4,NORMAL,T(-)C(-)W(-),LL
AMZN,2008-10-13 13:30:00+00:00,MAX,3.101,LH,True,10.75,-21.44,4,2,MAJOR,T(-)C(-)W(-),LH
AMZN,2008-10-15 13:30:00+00:00,MIN,2.436,LL,True,-21.44,8.72,2,5,NORMAL,T(-)C(-)W(-),LL
AMZN,2008-10-20 13:30:00+00:00,MAX,2.6485,LH,True,8.72,-7.57,5,4,NORMAL,T(-)C(-)W(-),LH
AMZN,2008-10-24 13:30:00+00:00,MIN,2.448001,HL,True,-7.57,19.38,4,11,MAJOR,T(-)C(-)W(-),LL_TO_HL
AMZN,2008-11-04 14:30:00+00:00,MAX,2.9225,HH,True,19.38,-28.9,11,8,MAJOR,T(-)C(-)W(-),HH
AMZN,2008-11-12 14:30:00+00:00,MIN,2.078,LL,True,-28.9,8.11,8,1,NORMAL,T(-)C(-)W(-),LL
AMZN,2008-11-13 14:30:00+00:00,MAX,2.246499,LH,True,8.11,-22.03,1,7,MAJOR,T(-)C(-)W(-),HH_TO_LH
AMZN,2008-11-20 14:30:00+00:00,MIN,1.7515,LL,True,-22.03,25.49,7,6,MAJOR,T(-)C(-)W(-),LL
AMZN,2008-11-26 14:30:00+00:00,MAX,2.198001,LH,True,25.49,-7.94,6,5,NORMAL,T(-)C(-)W(-),LH
AMZN,2008-12-01 14:30:00+00:00,MIN,2.0235,HL,True,-7.94,27.03,5,7,MAJOR,T(-)C(-)W(-),LL_TO_HL
AMZN,2008-12-08 14:30:00+00:00,MAX,2.5705,HH,True,27.03,-6.15,7,3,MINOR,T(-)C(-)W(-),HH
AMZN,2008-12-11 14:30:00+00:00,MIN,2.4125,HL,True,-6.15,10.22,3,6,NORMAL,T(-)C(-)W(-),HL
AMZN,2008-12-17 14:30:00+00:00,MAX,2.658999,HH,True,10.22,-7.11,6,12,NORMAL,T(-)C(-)W(-),HH
AMZN,2008-12-29 14:30:00+00:00,MIN,2.47,HL,True,-7.11,16.11,12,8,MAJOR,T(-)C(-)W(+),HL
AMZN,2009-01-06 14:30:00+00:00,MAX,2.868,HH,True,16.11,-15.46,8,8,MAJOR,T(-)C(-)W(+),HH
AMZN,2009-01-14 14:30:00+00:00,MIN,2.4245,LL,True,-15.46,6.39,8,2,MINOR,T(-)C(+)W(+),LL
AMZN,2009-01-16 14:30:00+00:00,MAX,2.5795,LH,True,6.39,-6.11,2,4,MINOR,T(-)C(+)W(+),HH_TO_LH
AMZN,2009-01-20 14:30:00+00:00,MIN,2.422,LL,True,-6.11,37.72,4,20,EXTREME,T(-)C(+)W(+),LL
AMZN,2009-02-09 14:30:00+00:00,MAX,3.3355,HH,True,37.72,-7.56,20,8,NORMAL,T(-)C(+)W(+),HH
AMZN,2009-02-17 14:30:00+00:00,MIN,3.0835,HL,True,-7.56,6.37,8,7,MINOR,T(-)C(+)W(+),LL_TO_HL
AMZN,2009-02-24 14:30:00+00:00,MAX,3.280001,LH,True,6.37,-5.95,7,7,MINOR,T(-)C(+)W(+),HH_TO_LH
AMZN,2009-03-03 14:30:00+00:00,MIN,3.085,HL,True,-5.95,5.04,7,1,MINOR,T(-)C(+)W(+),HL
AMZN,2009-03-04 14:30:00+00:00,MAX,3.2405,LH,True,5.04,-6.67,1,4,MINOR,T(-)C(+)W(+),LH
AMZN,2009-03-09 13:30:00+00:00,MIN,3.024501,LL,True,-6.67,24.95,4,14,MAJOR,T(-)C(+)W(+),LL
AMZN,2009-03-23 13:30:00+00:00,MAX,3.779,HH,True,24.95,-6.69,14,4,MINOR,T(-)C(+)W(+),HH
AMZN,2009-03-27 13:30:00+00:00,MIN,3.526,HL,True,-6.69,13.12,4,13,NORMAL,T(-)C(+)W(+),LL_TO_HL
AMZN,2009-04-09 13:30:00+00:00,MAX,3.9885,HH,True,13.12,-6.34,13,6,MINOR,T(-)C(+)W(+),HH
AMZN,2009-04-15 13:30:00+00:00,MIN,3.7355,HL,True,-6.34,13.05,6,9,NORMAL,T(-)C(+)W(+),HL
AMZN,2009-04-24 13:30:00+00:00,MAX,4.223,HH,True,13.05,-12.86,9,21,NORMAL,T(-)C(+)W(+),HH
AMZN,2009-05-15 13:30:00+00:00,MIN,3.680001,LL,True,-12.86,18.97,21,21,MAJOR,T(-)C(+)W(+),LL
AMZN,2009-06-05 13:30:00+00:00,MAX,4.378,HH,True,18.97,-11.28,21,18,NORMAL,T(+)C(+)W(+),HH
AMZN,2009-06-23 13:30:00+00:00,MIN,3.884,HL,True,-11.28,7.98,18,3,NORMAL,T(+)C(+)W(+),LL_TO_HL
AMZN,2009-06-26 13:30:00+00:00,MAX,4.194,LH,True,7.98,-9.84,3,11,NORMAL,T(+)C(+)W(+),HH_TO_LH
AMZN,2009-07-07 13:30:00+00:00,MIN,3.7815,LL,True,-9.84,24.12,11,16,MAJOR,T(+)C(+)W(+),LL
AMZN,2009-07-23 13:30:00+00:00,MAX,4.6935,HH,True,24.12,-16.76,16,41,MAJOR,T(+)C(+)W(+),HH
AMZN,2009-09-02 13:30:00+00:00,MIN,3.907,HL,True,-16.76,19.98,41,20,MAJOR,T(+)C(+)W(-),LL_TO_HL
AMZN,2009-09-22 13:30:00+00:00,MAX,4.6875,LH,True,19.98,-5.42,20,13,MINOR,T(+)C(+)W(+),HH_TO_LH
AMZN,2009-10-05 13:30:00+00:00,MIN,4.4335,HL,True,-5.42,40.57,13,21,EXTREME,T(+)C(+)W(+),HL
AMZN,2009-10-26 13:30:00+00:00,MAX,6.231995,HH,True,40.57,-6.05,21,9,MINOR,T(+)C(+)W(+),HH
AMZN,2009-11-04 14:30:00+00:00,MIN,5.855001,HL,True,-6.05,21.48,9,28,MAJOR,T(+)C(+)W(+),HL
AMZN,2009-12-02 14:30:00+00:00,MAX,7.1125,HH,True,21.48,-10.78,28,15,NORMAL,T(+)C(+)W(+),HH
AMZN,2009-12-17 14:30:00+00:00,MIN,6.3455,HL,True,-10.78,9.85,15,12,NORMAL,T(+)C(+)W(+),HL
AMZN,2009-12-29 14:30:00+00:00,MAX,6.9705,LH,True,9.85,-14.3,12,28,NORMAL,T(+)C(+)W(+),HH_TO_LH
AMZN,2010-01-26 14:30:00+00:00,MIN,5.974,LL,True,-14.3,5.48,28,2,MINOR,T(+)C(+)W(-),LL
AMZN,2010-01-28 14:30:00+00:00,MAX,6.3015,LH,True,5.48,-8.01,2,7,NORMAL,T(+)C(-)W(-),LH
AMZN,2010-02-04 14:30:00+00:00,MIN,5.797,LL,True,-8.01,29.45,7,76,MAJOR,T(+)C(-)W(-),LL
AMZN,2010-04-22 13:30:00+00:00,MAX,7.5045,HH,True,29.45,-16.73,76,15,MAJOR,T(+)C(+)W(+),HH
AMZN,2010-05-07 13:30:00+00:00,MIN,6.249,HL,True,-16.73,7.11,15,5,NORMAL,T(+)C(+)W(+),LL_TO_HL
AMZN,2010-05-12 13:30:00+00:00,MAX,6.6935,LH,True,7.11,-10.58,5,8,NORMAL,T(+)C(+)W(-),HH_TO_LH
AMZN,2010-05-20 13:30:00+00:00,MIN,5.985501,LL,True,-10.58,7.56,8,14,NORMAL,T(+)C(+)W(-),LL
AMZN,2010-06-03 13:30:00+00:00,MAX,6.437999,LH,True,7.56,-8.43,14,6,NORMAL,T(+)C(-)W(-),LH
AMZN,2010-06-09 13:30:00+00:00,MIN,5.8955,LL,True,-8.43,7.62,6,7,NORMAL,T(+)C(-)W(-),LL
AMZN,2010-06-16 13:30:00+00:00,MAX,6.345,LH,True,7.62,-14.41,7,13,NORMAL,T(+)C(-)W(-),LH
AMZN,2010-06-29 13:30:00+00:00,MIN,5.4305,LL,True,-14.41,13.85,13,14,NORMAL,T(+)C(-)W(-),LL
AMZN,2010-07-13 13:30:00+00:00,MAX,6.1825,LH,True,13.85,-5.49,14,16,MINOR,T(+)C(-)W(-),LH
AMZN,2010-07-29 13:30:00+00:00,MIN,5.843,HL,True,-5.49,48.32,16,104,EXTREME,T(+)C(-)W(-),LL_TO_HL
AMZN,2010-11-10 14:30:00+00:00,MAX,8.6665,HH,True,48.32,-8.97,104,6,NORMAL,T(+)C(+)W(+),HH
AMZN,2010-11-16 14:30:00+00:00,MIN,7.889,HL,True,-8.97,21.21,6,63,MAJOR,T(+)C(+)W(+),HL
AMZN,2011-01-18 14:30:00+00:00,MAX,9.5625,HH,True,21.21,-8.29,63,8,NORMAL,T(+)C(+)W(+),HH
AMZN,2011-01-26 14:30:00+00:00,MIN,8.7695,HL,True,-8.29,5.17,8,1,MINOR,T(+)C(+)W(+),HL
AMZN,2011-01-27 14:30:00+00:00,MAX,9.2225,LH,True,5.17,-8.03,1,4,NORMAL,T(+)C(+)W(+),HH_TO_LH
AMZN,2011-01-31 14:30:00+00:00,MIN,8.482,LL,True,-8.03,12.25,4,14,NORMAL,T(+)C(+)W(+),LL
AMZN,2011-02-14 14:30:00+00:00,MAX,9.521,HH,True,12.25,-15.47,14,30,MAJOR,T(+)C(+)W(-),HH
AMZN,2011-03-17 13:30:00+00:00,MIN,8.0485,LL,True,-15.47,28.02,30,56,MAJOR,T(+)C(-)W(-),LL
AMZN,2011-05-12 13:30:00+00:00,MAX,10.303501,HH,True,28.02,-10.88,56,35,NORMAL,T(+)C(+)W(+),HH
AMZN,2011-06-16 13:30:00+00:00,MIN,9.1825,HL,True,-10.88,21.92,35,42,MAJOR,T(+)C(+)W(-),LL_TO_HL
AMZN,2011-07-28 13:30:00+00:00,MAX,11.195,HH,True,21.92,-13.49,42,11,NORMAL,T(+)C(+)W(+),HH
AMZN,2011-08-08 13:30:00+00:00,MIN,9.685,HL,True,-13.49,5.88,11,1,MINOR,T(+)C(+)W(+),HL
AMZN,2011-08-09 13:30:00+00:00,MAX,10.2545,LH,True,5.88,-13.43,1,13,NORMAL,T(+)C(+)W(+),HH_TO_LH
AMZN,2011-08-22 13:30:00+00:00,MIN,8.877,LL,True,-13.43,36.13,13,28,EXTREME,T(+)C(+)W(-),LL
AMZN,2011-09-19 13:30:00+00:00,MAX,12.0845,HH,True,36.13,-12.29,28,14,NORMAL,T(+)C(+)W(+),HH
AMZN,2011-10-03 13:30:00+00:00,MIN,10.599,HL,True,-12.29,16.38,14,11,MAJOR,T(+)C(+)W(+),LL_TO_HL
AMZN,2011-10-14 13:30:00+00:00,MAX,12.335501,HH,True,16.38,-19.58,11,12,MAJOR,T(+)C(+)W(+),HH
AMZN,2011-10-26 13:30:00+00:00,MIN,9.92,LL,True,-19.58,10.35,12,19,NORMAL,T(+)C(+)W(+),LL
AMZN,2011-11-14 14:30:00+00:00,MAX,10.9465,LH,True,10.35,-16.69,19,11,MAJOR,T(+)C(+)W(-),HH_TO_LH
AMZN,2011-11-25 14:30:00+00:00,MIN,9.11995,LL,True,-16.69,8.08,11,6,NORMAL,T(+)C(-)W(-),LL
AMZN,2011-12-01 14:30:00+00:00,MAX,9.8565,LH,True,8.08,-12.19,6,29,NORMAL,T(+)C(-)W(-),LH
AMZN,2011-12-30 14:30:00+00:00,MIN,8.655001,LL,True,-12.19,12.87,29,28,NORMAL,T(+)C(-)W(-),LL
AMZN,2012-01-27 14:30:00+00:00,MAX,9.7685,LH,True,12.87,-8.14,28,5,NORMAL,T(+)C(-)W(+),LH
AMZN,2012-02-01 14:30:00+00:00,MIN,8.973001,HL,True,-8.14,6.76,5,12,MINOR,T(+)C(-)W(+),LL_TO_HL
AMZN,2012-02-13 14:30:00+00:00,MAX,9.5795,LH,True,6.76,-6.82,12,14,MINOR,T(+)C(-)W(+),LH
AMZN,2012-02-27 14:30:00+00:00,MIN,8.9265,LL,True,-6.82,15.07,14,28,MAJOR,T(+)C(-)W(-),LL
AMZN,2012-03-27 13:30:00+00:00,MAX,10.272,HH,True,15.07,-9.71,28,20,NORMAL,T(-)C(+)W(+),HH
AMZN,2012-04-16 13:30:00+00:00,MIN,9.275,HL,True,-9.71,25.01,20,14,MAJOR,T(-)C(+)W(+),LL_TO_HL
AMZN,2012-04-30 13:30:00+00:00,MAX,11.595,HH,True,25.01,-10.21,14,32,NORMAL,T(-)C(+)W(+),HH
AMZN,2012-06-01 13:30:00+00:00,MIN,10.411,HL,True,-10.21,10.23,32,32,NORMAL,T(-)C(+)W(+),HL
AMZN,2012-07-03 13:30:00+00:00,MAX,11.4765,LH,True,10.23,-6.17,32,9,MINOR,T(-)C(+)W(+),HH_TO_LH
AMZN,2012-07-12 13:30:00+00:00,MIN,10.768,HL,True,-6.17,21.51,9,69,MAJOR,T(+)C(+)W(+),HL
AMZN,2012-09-19 13:30:00+00:00,MAX,13.083997,HH,True,21.51,-14.81,69,36,NORMAL,T(+)C(+)W(+),HH
AMZN,2012-10-25 13:30:00+00:00,MIN,11.146,HL,True,-14.81,6.87,36,1,MINOR,T(+)C(+)W(-),HL
AMZN,2012-10-26 13:30:00+00:00,MAX,11.912001,LH,True,6.87,-7.4,1,20,NORMAL,T(+)C(+)W(-),HH_TO_LH
AMZN,2012-11-15 14:30:00+00:00,MIN,11.02995,LL,True,-7.4,18.54,20,35,MAJOR,T(+)C(-)W(-),LL
AMZN,2012-12-20 14:30:00+00:00,MAX,13.075,HH,True,18.54,-6.24,35,8,MINOR,T(+)C(+)W(+),HH
AMZN,2012-12-28 14:30:00+00:00,MIN,12.259,HL,True,-6.24,15.83,8,28,MAJOR,T(+)C(+)W(+),LL_TO_HL
AMZN,2013-01-25 14:30:00+00:00,MAX,14.199499,HH,True,15.83,-9.43,28,17,NORMAL,T(+)C(+)W(+),HH
AMZN,2013-02-11 14:30:00+00:00,MIN,12.860498,HL,True,-9.43,7.15,17,22,NORMAL,T(+)C(+)W(+),HL
AMZN,2013-03-05 14:30:00+00:00,MAX,13.779504,LH,True,7.15,-8.06,22,15,NORMAL,T(+)C(+)W(-),HH_TO_LH
AMZN,2013-03-21 13:30:00+00:00,MIN,12.6695,LL,True,-8.06,8.41,15,35,NORMAL,T(+)C(+)W(+),LL
AMZN,2013-04-25 13:30:00+00:00,MAX,13.734998,LH,True,8.41,-9.64,35,6,NORMAL,T(+)C(-)W(-),LH
AMZN,2013-05-01 13:30:00+00:00,MIN,12.4115,LL,True,-9.64,25.69,6,86,MAJOR,T(+)C(-)W(-),LL
AMZN,2013-07-26 13:30:00+00:00,MAX,15.600501,HH,True,25.69,-9.96,86,32,NORMAL,T(+)C(+)W(+),HH
AMZN,2013-08-27 13:30:00+00:00,MIN,14.046497,HL,True,-9.96,14.25,32,35,NORMAL,T(+)C(+)W(-),LL_TO_HL
AMZN,2013-10-01 13:30:00+00:00,MAX,16.047497,HH,True,14.25,-7.08,35,8,NORMAL,T(+)C(+)W(+),HH
AMZN,2013-10-09 13:30:00+00:00,MIN,14.911499,HL,True,-7.08,22.06,8,22,MAJOR,T(+)C(+)W(+),HL
AMZN,2013-10-31 13:30:00+00:00,MAX,18.2015,HH,True,22.06,-5.62,22,7,MINOR,T(+)C(+)W(+),HH
AMZN,2013-11-07 14:30:00+00:00,MIN,17.178,HL,True,-5.62,18.48,7,75,MAJOR,T(+)C(+)W(+),HL
AMZN,2014-01-21 14:30:00+00:00,MAX,20.3525,HH,True,18.48,-14.96,75,13,NORMAL,T(+)C(+)W(+),HH
AMZN,2014-02-03 14:30:00+00:00,MIN,17.3075,HL,True,-14.96,9.42,13,42,NORMAL,T(+)C(+)W(-),HL
AMZN,2014-03-18 13:30:00+00:00,MAX,18.9385,LH,True,9.42,-17.7,42,24,MAJOR,T(+)C(-)W(+),HH_TO_LH
AMZN,2014-04-11 13:30:00+00:00,MIN,15.5865,LL,True,-17.7,8.15,24,13,NORMAL,T(+)C(-)W(-),LL
AMZN,2014-04-24 13:30:00+00:00,MAX,16.8575,LH,True,8.15,-14.48,13,14,NORMAL,T(+)C(-)W(-),LH
AMZN,2014-05-08 13:30:00+00:00,MIN,14.416,LL,True,-14.48,25.15,14,75,MAJOR,T(+)C(-)W(-),LL
AMZN,2014-07-22 13:30:00+00:00,MAX,18.042,HH,True,25.15,-14.9,75,10,NORMAL,T(+)C(+)W(+),HH
AMZN,2014-08-01 13:30:00+00:00,MIN,15.353,HL,True,-14.9,12.81,10,35,NORMAL,T(-)C(+)W(+),LL_TO_HL
AMZN,2014-09-05 13:30:00+00:00,MAX,17.319,LH,True,12.81,-17.13,35,49,MAJOR,T(-)C(+)W(-),HH_TO_LH
AMZN,2014-10-24 13:30:00+00:00,MIN,14.353,LL,True,-17.13,17.97,49,35,MAJOR,T(-)C(-)W(-),LL
AMZN,2014-11-28 14:30:00+00:00,MAX,16.932,LH,True,17.97,-12.87,35,18,NORMAL,T(-)C(-)W(+),LH
AMZN,2014-12-16 14:30:00+00:00,MIN,14.753,HL,True,-12.87,5.75,18,13,MINOR,T(-)C(-)W(+),LL_TO_HL
AMZN,2014-12-29 14:30:00+00:00,MAX,15.602,LH,True,5.75,-8.04,13,17,NORMAL,T(-)C(+)W(-),LH
AMZN,2015-01-15 14:30:00+00:00,MIN,14.3475,LL,True,-8.04,35.16,17,49,EXTREME,T(-)C(-)W(-),LL
AMZN,2015-03-05 14:30:00+00:00,MAX,19.3915,HH,True,35.16,-5.53,49,5,MINOR,T(+)C(+)W(+),HH
AMZN,2015-03-11 13:30:00+00:00,MIN,18.3185,HL,True,-5.53,21.49,5,44,MAJOR,T(+)C(+)W(+),LL_TO_HL
AMZN,2015-04-24 13:30:00+00:00,MAX,22.255,HH,True,21.49,-5.84,44,12,MINOR,T(+)C(+)W(+),HH
AMZN,2015-05-06 13:30:00+00:00,MIN,20.955,HL,True,-5.84,28.13,12,91,MAJOR,T(+)C(+)W(+),HL
AMZN,2015-08-05 13:30:00+00:00,MAX,26.8505,HH,True,28.13,-13.71,91,19,NORMAL,T(+)C(+)W(+),HH
AMZN,2015-08-24 13:30:00+00:00,MIN,23.1685,HL,True,-13.71,18.35,19,28,MAJOR,T(+)C(+)W(+),HL
AMZN,2015-09-21 13:30:00+00:00,MAX,27.4195,HH,True,18.35,-9.54,28,8,NORMAL,T(+)C(+)W(-),HH
AMZN,2015-09-29 13:30:00+00:00,MIN,24.8035,HL,True,-9.54,36.89,8,63,EXTREME,T(+)C(+)W(+),HL
AMZN,2015-12-01 14:30:00+00:00,MAX,33.953,HH,True,36.89,-5.73,63,10,MINOR,T(+)C(+)W(+),HH
AMZN,2015-12-11 14:30:00+00:00,MIN,32.0075,HL,True,-5.73,8.41,10,18,NORMAL,T(+)C(+)W(+),HL
AMZN,2015-12-29 14:30:00+00:00,MAX,34.6985,HH,True,8.41,-17.84,18,17,MAJOR,T(+)C(+)W(+),HH
AMZN,2016-01-15 14:30:00+00:00,MIN,28.509,LL,True,-17.84,11.43,17,13,NORMAL,T(+)C(+)W(-),LL
AMZN,2016-01-28 14:30:00+00:00,MAX,31.7675,LH,True,11.43,-24.13,13,12,MAJOR,T(+)C(-)W(-),HH_TO_LH
AMZN,2016-02-09 14:30:00+00:00,MIN,24.1035,LL,True,-24.13,31.8,12,68,EXTREME,T(+)C(-)W(-),LL
AMZN,2016-04-18 13:30:00+00:00,MAX,31.7675,LH,True,31.8,-5.25,68,10,MINOR,T(+)C(+)W(+),LH
AMZN,2016-04-28 13:30:00+00:00,MIN,30.1,HL,True,-5.25,20.97,10,35,MAJOR,T(+)C(+)W(+),LL_TO_HL
AMZN,2016-06-02 13:30:00+00:00,MAX,36.412,HH,True,20.97,-5.06,35,25,MINOR,T(+)C(+)W(+),HH
AMZN,2016-06-27 13:30:00+00:00,MIN,34.568,HL,True,-5.06,22.13,25,100,MAJOR,T(+)C(+)W(+),HL
AMZN,2016-10-05 13:30:00+00:00,MAX,42.218,HH,True,22.13,-14.84,100,40,NORMAL,T(+)C(+)W(+),HH
AMZN,2016-11-14 14:30:00+00:00,MIN,35.9535,HL,True,-14.84,9.21,40,8,NORMAL,T(+)C(+)W(-),HL
AMZN,2016-11-22 14:30:00+00:00,MAX,39.2665,LH,True,9.21,-5.73,8,10,MINOR,T(+)C(-)W(-),HH_TO_LH
AMZN,2016-12-02 14:30:00+00:00,MIN,37.017,HL,True,-5.73,36.6,10,184,EXTREME,T(+)C(-)W(-),HL
AMZN,2017-06-05 13:30:00+00:00,MAX,50.567,HH,True,36.6,-5.7,184,28,MINOR,T(+)C(+)W(+),HH
AMZN,2017-07-03 13:30:00+00:00,MIN,47.683,HL,True,-5.7,10.4,28,23,NORMAL,T(+)C(+)W(+),HL
AMZN,2017-07-26 13:30:00+00:00,MAX,52.64,HH,True,10.4,-10.21,23,30,NORMAL,T(+)C(+)W(+),HH
AMZN,2017-08-25 13:30:00+00:00,MIN,47.263,LL,True,-10.21,5.75,30,19,MINOR,T(+)C(-)W(-),LL
AMZN,2017-09-13 13:30:00+00:00,MAX,49.98,LH,True,5.75,-6.1,19,13,MINOR,T(+)C(-)W(-),HH_TO_LH
AMZN,2017-09-26 13:30:00+00:00,MIN,46.93,LL,True,-6.1,27.41,13,62,MAJOR,T(+)C(-)W(-),LL
AMZN,2017-11-27 14:30:00+00:00,MAX,59.7915,HH,True,27.41,-5.17,62,7,MINOR,T(+)C(+)W(+),HH
AMZN,2017-12-04 14:30:00+00:00,MIN,56.6975,HL,True,-5.17,27.95,7,58,MAJOR,T(+)C(+)W(+),LL_TO_HL
AMZN,2018-01-31 14:30:00+00:00,MAX,72.5445,HH,True,27.95,-7.67,58,9,NORMAL,T(+)C(+)W(+),HH
AMZN,2018-02-09 14:30:00+00:00,MIN,66.98,HL,True,-7.67,19.32,9,30,MAJOR,T(+)C(+)W(+),HL
AMZN,2018-03-12 13:30:00+00:00,MAX,79.9195,HH,True,19.32,-14.16,30,21,NORMAL,T(+)C(+)W(+),HH
AMZN,2018-04-02 13:30:00+00:00,MIN,68.5995,HL,True,-14.16,13.48,21,17,NORMAL,T(+)C(+)W(+),HL
AMZN,2018-04-19 13:30:00+00:00,MAX,77.8455,LH,True,13.48,-6.22,17,5,MINOR,T(+)C(+)W(-),HH_TO_LH
AMZN,2018-04-24 13:30:00+00:00,MIN,73.0045,HL,True,-6.22,19.86,5,57,MAJOR,T(+)C(+)W(-),HL
AMZN,2018-06-20 13:30:00+00:00,MAX,87.504,HH,True,19.86,-5.12,57,7,MINOR,T(+)C(+)W(+),HH
AMZN,2018-06-27 13:30:00+00:00,MIN,83.0255,HL,True,-5.12,22.82,7,69,MAJOR,T(+)C(+)W(+),HL
AMZN,2018-09-04 13:30:00+00:00,MAX,101.9755,HH,True,22.82,-6.45,69,13,MINOR,T(+)C(+)W(+),HH
AMZN,2018-09-17 13:30:00+00:00,MIN,95.4015,HL,True,-6.45,5.5,13,10,MINOR,T(+)C(+)W(+),HL
AMZN,2018-09-27 13:30:00+00:00,MAX,100.649,LH,True,5.5,-14.59,10,14,NORMAL,T(+)C(+)W(+),HH_TO_LH
AMZN,2018-10-11 13:30:00+00:00,MIN,85.968,LL,True,-14.59,6.54,14,6,MINOR,T(+)C(+)W(-),LL
AMZN,2018-10-17 13:30:00+00:00,MAX,91.5865,LH,True,6.54,-9.15,6,7,NORMAL,T(+)C(+)W(-),LH
AMZN,2018-10-24 13:30:00+00:00,MIN,83.21,LL,True,-9.15,7.09,7,1,NORMAL,T(+)C(-)W(-),LL
AMZN,2018-10-25 13:30:00+00:00,MAX,89.1085,LH,True,7.09,-14.13,1,5,NORMAL,T(+)C(-)W(-),LH
AMZN,2018-10-30 13:30:00+00:00,MIN,76.521,LL,True,-14.13,14.71,5,8,NORMAL,T(+)C(-)W(-),LL
AMZN,2018-11-07 14:30:00+00:00,MAX,87.7745,LH,True,14.71,-14.81,8,13,NORMAL,T(+)C(-)W(-),LH
AMZN,2018-11-20 14:30:00+00:00,MIN,74.773,LL,True,-14.81,18.52,13,13,MAJOR,T(+)C(-)W(-),LL
AMZN,2018-12-03 14:30:00+00:00,MAX,88.618,HH,True,18.52,-24.17,13,21,MAJOR,T(+)C(-)W(-),HH
AMZN,2018-12-24 14:30:00+00:00,MIN,67.198,LL,True,-24.17,26.21,21,25,MAJOR,T(+)C(-)W(-),LL
AMZN,2019-01-18 14:30:00+00:00,MAX,84.81,LH,True,26.21,-6.03,25,11,MINOR,T(+)C(-)W(-),HH_TO_LH
AMZN,2019-01-29 14:30:00+00:00,MIN,79.694,HL,True,-6.03,7.83,11,2,NORMAL,T(+)C(-)W(+),LL_TO_HL
AMZN,2019-01-31 14:30:00+00:00,MAX,85.9365,HH,True,7.83,-7.59,2,8,NORMAL,T(+)C(-)W(+),HH
AMZN,2019-02-08 14:30:00+00:00,MIN,79.411,LL,True,-7.59,23.56,8,83,MAJOR,T(+)C(+)W(+),LL
AMZN,2019-05-03 13:30:00+00:00,MAX,98.123,HH,True,23.56,-13.75,83,31,NORMAL,T(-)C(+)W(+),HH
AMZN,2019-06-03 13:30:00+00:00,MIN,84.6345,HL,True,-13.75,19.4,31,42,MAJOR,T(-)C(+)W(-),LL_TO_HL
AMZN,2019-07-15 13:30:00+00:00,MAX,101.0495,HH,True,19.4,-13.43,42,39,NORMAL,T(+)C(+)W(+),HH
AMZN,2019-08-23 13:30:00+00:00,MIN,87.481,HL,True,-13.43,5.37,39,20,MINOR,T(+)C(-)W(-),HL
AMZN,2019-09-12 13:30:00+00:00,MAX,92.1775,LH,True,5.37,-7.49,20,26,NORMAL,T(+)C(-)W(-),HH_TO_LH
AMZN,2019-10-08 13:30:00+00:00,MIN,85.2755,LL,True,-7.49,27.25,26,134,MAJOR,T(+)C(-)W(-),LL
AMZN,2020-02-19 14:30:00+00:00,MAX,108.511,HH,True,27.25,-17.03,134,18,MAJOR,T(+)C(+)W(+),HH
AMZN,2020-03-09 13:30:00+00:00,MIN,90.0305,HL,True,-17.03,5.07,18,1,MINOR,T(+)C(+)W(+),LL_TO_HL
AMZN,2020-03-10 13:30:00+00:00,MAX,94.591,LH,True,5.07,-11.38,1,2,NORMAL,T(+)C(+)W(+),HH_TO_LH
AMZN,2020-03-12 13:30:00+00:00,MIN,83.8305,LL,True,-11.38,6.46,2,1,MINOR,T(+)C(+)W(-),LL
AMZN,2020-03-13 13:30:00+00:00,MAX,89.25,LH,True,6.46,-5.37,1,3,MINOR,T(+)C(+)W(-),LH
AMZN,2020-03-16 13:30:00+00:00,MIN,84.4575,HL,True,-5.37,46.46,3,45,EXTREME,T(+)C(+)W(-),LL_TO_HL
AMZN,2020-04-30 13:30:00+00:00,MAX,123.7,HH,True,46.46,-7.6,45,1,NORMAL,T(+)C(+)W(+),HH
AMZN,2020-05-01 13:30:00+00:00,MIN,114.302,HL,True,-7.6,39.98,1,70,EXTREME,T(+)C(+)W(+),HL
AMZN,2020-07-10 13:30:00+00:00,MAX,160.0,HH,True,39.98,-7.44,70,7,NORMAL,T(+)C(+)W(+),HH
AMZN,2020-07-17 13:30:00+00:00,MIN,148.0985,HL,True,-7.44,7.93,7,3,NORMAL,T(+)C(+)W(+),HL
AMZN,2020-07-20 13:30:00+00:00,MAX,159.842,LH,True,7.93,-6.58,3,3,MINOR,T(+)C(+)W(+),HH_TO_LH
AMZN,2020-07-23 13:30:00+00:00,MIN,149.3275,HL,True,-6.58,18.25,3,41,MAJOR,T(+)C(+)W(+),HL
AMZN,2020-09-02 13:30:00+00:00,MAX,176.5725,HH,True,18.25,-16.33,41,16,MAJOR,T(+)C(+)W(+),HH
AMZN,2020-09-18 13:30:00+00:00,MIN,147.7455,LL,True,-16.33,16.54,16,25,MAJOR,T(+)C(+)W(+),LL
AMZN,2020-10-13 13:30:00+00:00,MAX,172.1815,LH,True,16.54,-12.75,25,20,NORMAL,T(+)C(+)W(-),HH_TO_LH
AMZN,2020-11-02 14:30:00+00:00,MIN,150.224,HL,True,-12.75,10.57,20,3,NORMAL,T(+)C(-)W(+),LL_TO_HL
AMZN,2020-11-05 14:30:00+00:00,MAX,166.1,LH,True,10.57,-8.64,3,5,NORMAL,T(+)C(-)W(+),LH
AMZN,2020-11-10 14:30:00+00:00,MIN,151.751,HL,True,-8.64,9.46,5,49,NORMAL,T(+)C(-)W(+),HL
AMZN,2020-12-29 14:30:00+00:00,MAX,166.1,LH,True,9.46,-6.55,49,17,MINOR,T(+)C(-)W(+),LH
AMZN,2021-01-15 14:30:00+00:00,MIN,155.2125,HL,True,-6.55,8.88,17,18,NORMAL,T(+)C(+)W(-),HL
AMZN,2021-02-02 14:30:00+00:00,MAX,169.0,HH,True,8.88,-12.66,18,34,NORMAL,T(+)C(+)W(+),HH
AMZN,2021-03-08 14:30:00+00:00,MIN,147.5975,LL,True,-12.66,17.59,34,51,MAJOR,T(+)C(-)W(-),LL
AMZN,2021-04-29 13:30:00+00:00,MAX,173.5655,HH,True,17.59,-9.2,51,12,NORMAL,T(+)C(+)W(+),HH
AMZN,2021-05-12 00:00:00+00:00,MIN,157.5970001220703,HL,True,-9.2,18.38,12,57,MAJOR,T(+)C(+)W(+),LL_TO_HL
AMZN,2021-07-08 00:00:00+00:00,MAX,186.57049560546875,HH,True,18.38,-14.57,57,42,NORMAL,T(+)C(+)W(+),HH
AMZN,2021-08-19 00:00:00+00:00,MIN,159.3874969482422,HL,True,-14.57,10.6,42,20,NORMAL,T(+)C(+)W(-),HL
AMZN,2021-09-08 00:00:00+00:00,MAX,176.27499389648438,LH,True,10.6,-9.52,20,26,NORMAL,T(+)C(-)W(-),HH_TO_LH
AMZN,2021-10-04 00:00:00+00:00,MIN,159.48899841308594,HL,True,-9.52,15.87,26,45,MAJOR,T(+)C(-)W(+),HL
AMZN,2021-11-18 00:00:00+00:00,MAX,184.80299377441406,HH,True,15.87,-24.85,45,69,MAJOR,T(+)C(+)W(+),HH
AMZN,2022-01-26 00:00:00+00:00,MIN,138.87249755859375,LL,True,-24.85,8.87,69,6,NORMAL,T(+)C(-)W(-),LL
AMZN,2022-02-01 00:00:00+00:00,MAX,151.19349670410156,LH,True,8.87,-8.17,6,2,NORMAL,T(+)C(-)W(-),HH_TO_LH
AMZN,2022-02-03 00:00:00+00:00,MIN,138.8455047607422,LL,True,-8.17,16.25,2,5,MAJOR,T(+)C(-)W(-),LL
AMZN,2022-02-08 00:00:00+00:00,MAX,161.4134979248047,HH,True,16.25,-10.28,5,15,NORMAL,T(+)C(-)W(-),HH
AMZN,2022-02-23 00:00:00+00:00,MIN,144.82699584960938,HL,True,-10.28,6.19,15,2,MINOR,T(-)C(-)W(-),LL_TO_HL
AMZN,2022-02-25 00:00:00+00:00,MAX,153.7884979248047,LH,True,6.19,-11.56,2,11,NORMAL,T(-)C(-)W(-),HH_TO_LH
AMZN,2022-03-08 00:00:00+00:00,MIN,136.01449584960938,LL,True,-11.56,24.48,11,21,MAJOR,T(-)C(-)W(-),LL
AMZN,2022-03-29 00:00:00+00:00,MAX,169.31500244140625,HH,True,24.48,-37.77,21,43,EXTREME,T(-)C(-)W(+),HH
AMZN,2022-05-11 00:00:00+00:00,MIN,105.37200164794922,LL,True,-37.77,9.49,43,6,NORMAL,T(-)C(-)W(-),LL
AMZN,2022-05-17 00:00:00+00:00,MAX,115.36849975585938,LH,True,9.49,-9.77,6,7,NORMAL,T(-)C(-)W(-),HH_TO_LH
AMZN,2022-05-24 00:00:00+00:00,MIN,104.0999984741211,LL,True,-9.77,20.57,7,9,MAJOR,T(-)C(-)W(-),LL
AMZN,2022-06-02 00:00:00+00:00,MAX,125.51100158691406,HH,True,20.57,-18.49,9,12,MAJOR,T(-)C(-)W(-),HH
AMZN,2022-06-14 00:00:00+00:00,MIN,102.30999755859375,LL,True,-18.49,13.83,12,10,NORMAL,T(-)C(-)W(-),LL
AMZN,2022-06-24 00:00:00+00:00,MAX,116.45999908447266,LH,True,13.83,-8.8,10,6,NORMAL,T(-)C(-)W(-),HH_TO_LH
AMZN,2022-06-30 00:00:00+00:00,MIN,106.20999908447266,HL,True,-8.8,9.53,6,7,NORMAL,T(-)C(-)W(-),LL_TO_HL
AMZN,2022-07-07 00:00:00+00:00,MAX,116.33000183105469,LH,True,9.53,-6.11,7,5,MINOR,T(-)C(-)W(-),LH
AMZN,2022-07-12 00:00:00+00:00,MIN,109.22000122070312,HL,True,-6.11,14.11,5,9,NORMAL,T(-)C(-)W(-),HL
AMZN,2022-07-21 00:00:00+00:00,MAX,124.62999725341797,HH,True,14.11,-7.88,9,5,NORMAL,T(-)C(-)W(-),HH
AMZN,2022-07-26 00:00:00+00:00,MIN,114.80999755859375,HL,True,-7.88,26.1,5,21,MAJOR,T(-)C(+)W(+),HL
AMZN,2022-08-16 00:00:00+00:00,MAX,144.77999877929688,HH,True,26.1,-12.9,21,21,NORMAL,T(-)C(+)W(+),HH
AMZN,2022-09-06 00:00:00+00:00,MIN,126.11000061035156,HL,True,-12.9,8.2,21,6,NORMAL,T(-)C(+)W(+),HL
AMZN,2022-09-12 00:00:00+00:00,MAX,136.4499969482422,LH,True,8.2,-17.19,6,18,MAJOR,T(-)C(+)W(+),HH_TO_LH
AMZN,2022-09-30 00:00:00+00:00,MIN,113.0,LL,True,-17.19,7.16,18,4,NORMAL,T(-)C(+)W(-),LL
AMZN,2022-10-04 00:00:00+00:00,MAX,121.08999633789062,LH,True,7.16,-11.72,4,10,NORMAL,T(-)C(-)W(-),LH
AMZN,2022-10-14 00:00:00+00:00,MIN,106.9000015258789,LL,True,-11.72,12.82,10,11,NORMAL,T(-)C(-)W(-),LL
AMZN,2022-10-25 00:00:00+00:00,MAX,120.5999984741211,LH,True,12.82,-28.57,11,15,MAJOR,T(-)C(-)W(-),LH
AMZN,2022-11-09 00:00:00+00:00,MIN,86.13999938964844,LL,True,-28.57,17.01,15,2,MAJOR,T(-)C(-)W(-),LL
AMZN,2022-11-11 00:00:00+00:00,MAX,100.79000091552734,LH,True,17.01,-18.82,2,47,MAJOR,T(-)C(-)W(-),LH
AMZN,2022-12-28 00:00:00+00:00,MIN,81.81999969482422,LL,True,-18.82,38.0,47,36,EXTREME,T(-)C(-)W(-),LL
AMZN,2023-02-02 00:00:00+00:00,MAX,112.91000366210938,HH,True,38.0,-19.64,36,36,MAJOR,T(-)C(+)W(+),HH
AMZN,2023-03-10 00:00:00+00:00,MIN,90.7300033569336,HL,True,-19.64,14.57,36,25,NORMAL,T(-)C(+)W(-),LL_TO_HL
AMZN,2023-04-04 00:00:00+00:00,MAX,103.94999694824219,LH,True,14.57,-5.89,25,8,MINOR,T(-)C(+)W(+),HH_TO_LH
AMZN,2023-04-12 00:00:00+00:00,MIN,97.83000183105469,HL,True,-5.89,12.26,8,15,NORMAL,T(-)C(+)W(+),HL
AMZN,2023-04-27 00:00:00+00:00,MAX,109.81999969482422,HH,True,12.26,-7.08,15,4,NORMAL,T(-)C(+)W(+),HH
AMZN,2023-05-01 00:00:00+00:00,MIN,102.05000305175781,HL,True,-7.08,32.64,4,79,EXTREME,T(-)C(+)W(+),HL
AMZN,2023-07-19 00:00:00+00:00,MAX,135.36000061035156,HH,True,32.64,-5.33,79,7,MINOR,T(-)C(+)W(+),HH
AMZN,2023-07-26 00:00:00+00:00,MIN,128.14999389648438,HL,True,-5.33,10.98,7,12,NORMAL,T(+)C(+)W(+),HL
AMZN,2023-08-07 00:00:00+00:00,MAX,142.22000122070312,HH,True,10.98,-7.3,12,17,NORMAL,T(+)C(+)W(+),HH
AMZN,2023-08-24 00:00:00+00:00,MIN,131.83999633789062,HL,True,-7.3,9.87,17,20,NORMAL,T(+)C(+)W(+),HL
AMZN,2023-09-13 00:00:00+00:00,MAX,144.85000610351562,HH,True,9.87,-13.9,20,20,NORMAL,T(+)C(+)W(+),HH
AMZN,2023-10-03 00:00:00+00:00,MIN,124.72000122070312,LL,True,-13.9,6.28,20,13,MINOR,T(+)C(+)W(-),LL
AMZN,2023-10-16 00:00:00+00:00,MAX,132.5500030517578,LH,True,6.28,-9.79,13,10,NORMAL,T(+)C(-)W(-),HH_TO_LH
AMZN,2023-10-26 00:00:00+00:00,MIN,119.56999969482422,LL,True,-9.79,28.85,10,53,MAJOR,T(+)C(-)W(-),LL
AMZN,2023-12-18 00:00:00+00:00,MAX,154.07000732421875,HH,True,28.85,-6.17,53,17,MINOR,T(+)C(+)W(+),HH
AMZN,2024-01-04 00:00:00+00:00,MIN,144.57000732421875,HL,True,-6.17,30.77,17,98,EXTREME,T(+)C(+)W(+),LL_TO_HL
AMZN,2024-04-11 00:00:00+00:00,MAX,189.0500030517578,HH,True,30.77,-8.14,98,14,NORMAL,T(+)C(+)W(+),HH
AMZN,2024-04-25 00:00:00+00:00,MIN,173.6699981689453,HL,True,-8.14,9.11,14,14,NORMAL,T(+)C(+)W(+),HL
AMZN,2024-05-09 00:00:00+00:00,MAX,189.5,HH,True,9.11,-6.89,14,22,MINOR,T(+)C(+)W(+),HH
AMZN,2024-05-31 00:00:00+00:00,MIN,176.44000244140625,HL,True,-6.89,13.35,22,32,NORMAL,T(+)C(+)W(+),HL
AMZN,2024-07-02 00:00:00+00:00,MAX,200.0,HH,True,13.35,-19.49,32,34,MAJOR,T(+)C(+)W(+),HH
AMZN,2024-08-05 00:00:00+00:00,MIN,161.02000427246094,LL,True,-19.49,11.86,34,16,NORMAL,T(+)C(+)W(-),LL
AMZN,2024-08-21 00:00:00+00:00,MAX,180.11000061035156,LH,True,11.86,-5.17,16,7,MINOR,T(+)C(-)W(-),HH_TO_LH
AMZN,2024-08-28 00:00:00+00:00,MIN,170.8000030517578,HL,True,-5.17,13.56,7,27,NORMAL,T(+)C(-)W(-),LL_TO_HL
AMZN,2024-09-24 00:00:00+00:00,MAX,193.9600067138672,HH,True,13.56,-6.78,27,13,MINOR,T(+)C(-)W(+),HH
AMZN,2024-10-07 00:00:00+00:00,MIN,180.8000030517578,HL,True,-6.78,18.42,13,37,MAJOR,T(+)C(+)W(+),HL
AMZN,2024-11-13 00:00:00+00:00,MAX,214.10000610351562,HH,True,18.42,-7.93,37,9,NORMAL,T(+)C(+)W(+),HH
AMZN,2024-11-22 00:00:00+00:00,MIN,197.1199951171875,HL,True,-7.93,18.17,9,24,MAJOR,T(+)C(+)W(+),HL
AMZN,2024-12-16 00:00:00+00:00,MAX,232.92999267578125,HH,True,18.17,-6.51,24,29,MINOR,T(+)C(+)W(+),HH
AMZN,2025-01-14 00:00:00+00:00,MIN,217.75999450683594,HL,True,-6.51,11.16,29,21,NORMAL,T(+)C(+)W(+),HL
AMZN,2025-02-04 00:00:00+00:00,MAX,242.05999755859375,HH,True,11.16,-20.34,21,42,MAJOR,T(+)C(+)W(+),HH
AMZN,2025-03-18 00:00:00+00:00,MIN,192.82000732421875,LL,True,-20.34,6.68,42,7,MINOR,T(+)C(-)W(-),LL
AMZN,2025-03-25 00:00:00+00:00,MAX,205.7100067138672,LH,True,6.68,-17.04,7,14,MAJOR,T(+)C(-)W(-),HH_TO_LH
AMZN,2025-04-08 00:00:00+00:00,MIN,170.66000366210938,LL,True,-17.04,11.98,14,1,NORMAL,T(+)C(-)W(-),LL
AMZN,2025-04-09 00:00:00+00:00,MAX,191.10000610351562,LH,True,11.98,-12.44,1,12,NORMAL,T(+)C(-)W(-),LH
AMZN,2025-04-21 00:00:00+00:00,MIN,167.32000732421875,LL,True,-12.44,39.92,12,101,EXTREME,T(+)C(-)W(-),LL
AMZN,2025-07-31 00:00:00+00:00,MAX,234.11000061035156,HH,True,39.92,-9.59,101,4,NORMAL,T(+)C(+)W(+),HH
AMZN,2025-08-04 00:00:00+00:00,MIN,211.64999389648438,HL,True,-9.59,12.56,4,36,NORMAL,T(+)C(+)W(+),LL_TO_HL
AMZN,2025-09-09 00:00:00+00:00,MAX,238.24000549316406,HH,True,12.56,-10.58,36,38,NORMAL,T(+)C(+)W(+),HH
AMZN,2025-10-17 00:00:00+00:00,MIN,213.0399932861328,HL,True,-10.58,19.23,38,17,MAJOR,T(+)C(-)W(-),HL
AMZN,2025-11-03 00:00:00+00:00,MAX,254.0,HH,True,19.23,-14.51,17,17,NORMAL,T(+)C(-)W(+),HH
AMZN,2025-11-20 00:00:00+00:00,MIN,217.13999938964844,HL,True,-14.51,7.96,17,12,NORMAL,T(+)C(+)W(+),HL
AMZN,2025-12-02 00:00:00+00:00,MAX,234.4199981689453,LH,True,7.96,-5.61,12,15,MINOR,T(+)C(+)W(+),HH_TO_LH
AMZN,2025-12-17 00:00:00+00:00,MIN,221.27000427246094,HL,True,-5.61,11.8,15,23,NORMAL,T(+)C(+)W(-),HL
AMZN,2026-01-09 00:00:00+00:00,MAX,247.3800048828125,HH,True,11.8,-6.62,23,11,MINOR,T(+)C(+)W(+),HH
AMZN,2026-01-20 00:00:00+00:00,MIN,231.0,HL,True,-6.62,5.92,11,7,MINOR,T(+)C(+)W(+),HL
AMZN,2026-01-27 00:00:00+00:00,MAX,244.67999267578125,LH,True,5.92,-18.76,7,17,MAJOR,T(+)C(-)W(+),HH_TO_LH
AMZN,2026-02-13 00:00:00+00:00,MIN,198.7899932861328,LL,True,-18.76,10.14,17,20,NORMAL,T(+)C(-)W(-),LL
AMZN,2026-03-05 00:00:00+00:00,MAX,218.94000244140625,LH,True,10.14,-8.95,20,22,NORMAL,T(+)C(-)W(-),LH
AMZN,2026-03-27 00:00:00+00:00,MIN,199.33999633789062,HL,True,-8.95,37.95,22,40,EXTREME,T(+)C(-)W(+),LL_TO_HL
AMZN,2026-05-06 00:00:00+00:00,MAX,274.989990234375,HH,True,37.95,0.0,40,0,MINOR,T(+)C(+)W(+),HH
COST,2006-05-08 13:30:00+00:00,MAX,56.85001,HH,True,0.0,-8.02,0,30,NORMAL,UNKNOWN,HH
COST,2006-06-07 13:30:00+00:00,MIN,52.28999,LL,True,-8.02,10.12,30,26,NORMAL,UNKNOWN,LL
COST,2006-07-03 13:30:00+00:00,MAX,57.58,HH,True,10.12,-18.74,26,59,MAJOR,UNKNOWN,HH
COST,2006-08-31 13:30:00+00:00,MIN,46.78999,LL,True,-18.74,10.86,59,20,NORMAL,UNKNOWN,LL
COST,2006-09-20 13:30:00+00:00,MAX,51.87,LH,True,10.86,-6.02,20,12,MINOR,UNKNOWN,HH_TO_LH
COST,2006-10-02 13:30:00+00:00,MIN,48.75,HL,True,-6.02,19.55,12,141,MAJOR,UNKNOWN,LL_TO_HL
COST,2007-02-20 14:30:00+00:00,MAX,58.28,HH,True,19.55,-9.87,141,21,NORMAL,T(-)C(+)W(+),HH
COST,2007-03-14 13:30:00+00:00,MIN,52.53,HL,True,-9.87,19.89,21,121,MAJOR,T(+)C(+)W(-),HL
COST,2007-07-13 13:30:00+00:00,MAX,62.98,HH,True,19.89,-7.0,121,14,NORMAL,T(+)C(+)W(+),HH
COST,2007-07-27 13:30:00+00:00,MIN,58.57001,HL,True,-7.0,10.89,14,12,NORMAL,T(+)C(+)W(-),HL
COST,2007-08-08 13:30:00+00:00,MAX,64.95,HH,True,10.89,-10.81,12,12,NORMAL,T(+)C(+)W(+),HH
COST,2007-08-20 13:30:00+00:00,MIN,57.92999,LL,True,-10.81,6.59,12,11,MINOR,T(+)C(+)W(-),LL
COST,2007-08-31 13:30:00+00:00,MAX,61.75,LH,True,6.59,-7.69,11,7,NORMAL,T(+)C(+)W(-),HH_TO_LH
COST,2007-09-07 13:30:00+00:00,MIN,57.0,LL,True,-7.69,21.47,7,34,MAJOR,T(+)C(+)W(-),LL
COST,2007-10-11 13:30:00+00:00,MAX,69.24001,HH,True,21.47,-6.38,34,14,MINOR,T(+)C(+)W(+),HH
COST,2007-10-25 13:30:00+00:00,MIN,64.82001,HL,True,-6.38,10.81,14,43,NORMAL,T(+)C(+)W(+),LL_TO_HL
COST,2007-12-07 14:30:00+00:00,MAX,71.83,HH,True,10.81,-9.55,43,32,NORMAL,T(+)C(+)W(+),HH
COST,2008-01-08 14:30:00+00:00,MIN,64.97,HL,True,-9.55,7.53,32,2,NORMAL,T(+)C(+)W(-),HL
COST,2008-01-10 14:30:00+00:00,MAX,69.86,LH,True,7.53,-8.42,2,5,NORMAL,T(+)C(+)W(-),HH_TO_LH
COST,2008-01-15 14:30:00+00:00,MIN,63.98,LL,True,-8.42,7.24,5,8,NORMAL,T(+)C(+)W(-),LL
COST,2008-01-23 14:30:00+00:00,MAX,68.61,LH,True,7.24,-8.42,8,27,NORMAL,T(+)C(+)W(-),LH
COST,2008-02-19 14:30:00+00:00,MIN,62.83,LL,True,-8.42,5.78,27,7,MINOR,T(+)C(-)W(-),LL
COST,2008-02-26 14:30:00+00:00,MAX,66.46001,LH,True,5.78,-9.66,7,9,NORMAL,T(+)C(-)W(-),LH
COST,2008-03-06 14:30:00+00:00,MIN,60.03999,LL,True,-9.66,24.0,9,69,MAJOR,T(+)C(-)W(-),LL
COST,2008-05-15 13:30:00+00:00,MAX,74.45,HH,True,24.0,-6.8,69,6,MINOR,T(+)C(+)W(+),HH
COST,2008-05-21 13:30:00+00:00,MIN,69.39,HL,True,-6.8,5.92,6,15,MINOR,T(+)C(+)W(+),LL_TO_HL
COST,2008-06-05 13:30:00+00:00,MAX,73.5,LH,True,5.92,-7.21,15,7,NORMAL,T(+)C(+)W(-),HH_TO_LH
COST,2008-06-12 13:30:00+00:00,MIN,68.2,LL,True,-7.21,9.47,7,26,NORMAL,T(+)C(+)W(-),LL
COST,2008-07-08 13:30:00+00:00,MAX,74.66,HH,True,9.47,-6.82,26,6,MINOR,T(+)C(+)W(+),HH
COST,2008-07-14 13:30:00+00:00,MIN,69.57001,HL,True,-6.82,6.55,6,3,MINOR,T(+)C(-)W(+),LL_TO_HL
COST,2008-07-17 13:30:00+00:00,MAX,74.13,LH,True,6.55,-18.59,3,11,MAJOR,T(+)C(-)W(+),HH_TO_LH
COST,2008-07-28 13:30:00+00:00,MIN,60.35001,LL,True,-18.59,16.6,11,45,MAJOR,T(+)C(-)W(-),LL
COST,2008-09-11 13:30:00+00:00,MAX,70.37,LH,True,16.6,-23.4,45,29,MAJOR,T(+)C(-)W(+),LH
COST,2008-10-10 13:30:00+00:00,MIN,53.89999,LL,True,-23.4,10.43,29,3,NORMAL,T(+)C(-)W(-),LL
COST,2008-10-13 13:30:00+00:00,MAX,59.52,LH,True,10.43,-9.93,3,2,NORMAL,T(-)C(-)W(-),LH
COST,2008-10-15 13:30:00+00:00,MIN,53.61,LL,True,-9.93,8.34,2,5,NORMAL,T(-)C(-)W(-),LL
COST,2008-10-20 13:30:00+00:00,MAX,58.08,LH,True,8.34,-12.31,5,4,NORMAL,T(-)C(-)W(-),LH
COST,2008-10-24 13:30:00+00:00,MIN,50.92999,LL,True,-12.31,12.86,4,4,NORMAL,T(-)C(-)W(-),LL
COST,2008-10-28 13:30:00+00:00,MAX,57.48,LH,True,12.86,-21.73,4,23,MAJOR,T(-)C(-)W(-),LH
COST,2008-11-20 14:30:00+00:00,MIN,44.99001,LL,True,-21.73,14.4,23,8,NORMAL,T(-)C(-)W(-),LL
COST,2008-11-28 14:30:00+00:00,MAX,51.47,LH,True,14.4,-6.92,8,3,MINOR,T(-)C(-)W(-),LH
COST,2008-12-01 14:30:00+00:00,MIN,47.91,HL,True,-6.92,16.01,3,4,MAJOR,T(-)C(-)W(-),LL_TO_HL
COST,2008-12-05 14:30:00+00:00,MAX,55.58,HH,True,16.01,-22.67,4,61,MAJOR,T(-)C(-)W(+),HH
COST,2009-02-04 14:30:00+00:00,MIN,42.98,LL,True,-22.67,5.19,61,2,MINOR,T(-)C(-)W(-),LL
COST,2009-02-06 14:30:00+00:00,MAX,45.21001,LH,True,5.19,-14.97,2,30,NORMAL,T(-)C(-)W(-),HH_TO_LH
COST,2009-03-09 13:30:00+00:00,MIN,38.44,LL,True,-14.97,27.24,30,25,MAJOR,T(-)C(-)W(-),LL
COST,2009-04-03 13:30:00+00:00,MAX,48.91,HH,True,27.24,-9.34,25,17,NORMAL,T(-)C(-)W(+),HH
COST,2009-04-20 13:30:00+00:00,MIN,44.34,HL,True,-9.34,9.61,17,10,NORMAL,T(-)C(+)W(-),LL_TO_HL
COST,2009-04-30 13:30:00+00:00,MAX,48.60001,LH,True,9.61,-7.92,10,15,NORMAL,T(-)C(+)W(+),HH_TO_LH
COST,2009-05-15 13:30:00+00:00,MIN,44.75,HL,True,-7.92,11.06,15,17,NORMAL,T(-)C(+)W(-),HL
COST,2009-06-01 13:30:00+00:00,MAX,49.7,HH,True,11.06,-10.38,17,36,NORMAL,T(-)C(+)W(+),HH
COST,2009-07-07 13:30:00+00:00,MIN,44.53999,LL,True,-10.38,12.48,36,31,NORMAL,T(-)C(-)W(-),LL
COST,2009-08-07 13:30:00+00:00,MAX,50.10001,HH,True,12.48,-5.39,31,11,MINOR,T(-)C(+)W(+),HH
COST,2009-08-18 13:30:00+00:00,MIN,47.39999,HL,True,-5.39,28.95,11,90,MAJOR,T(-)C(+)W(-),LL_TO_HL
COST,2009-11-16 14:30:00+00:00,MAX,61.12,HH,True,28.95,-6.63,90,67,MINOR,T(+)C(+)W(+),HH
COST,2010-01-22 14:30:00+00:00,MIN,57.07001,HL,True,-6.63,8.18,67,73,NORMAL,T(+)C(-)W(-),HL
COST,2010-04-06 13:30:00+00:00,MAX,61.74001,HH,True,8.18,-9.33,73,50,NORMAL,T(+)C(+)W(+),HH
COST,2010-05-26 13:30:00+00:00,MIN,55.98,LL,True,-9.33,5.31,50,7,MINOR,T(+)C(-)W(-),LL
COST,2010-06-02 13:30:00+00:00,MAX,58.95,LH,True,5.31,-5.26,7,5,MINOR,T(+)C(-)W(+),HH_TO_LH
COST,2010-06-07 13:30:00+00:00,MIN,55.85001,LL,True,-5.26,5.93,5,8,MINOR,T(+)C(-)W(-),LL
COST,2010-06-15 13:30:00+00:00,MAX,59.16,HH,True,5.93,-9.38,8,36,NORMAL,T(+)C(-)W(+),HH
COST,2010-07-21 13:30:00+00:00,MIN,53.61,LL,True,-9.38,40.7,36,212,EXTREME,T(+)C(-)W(-),LL
COST,2011-02-18 14:30:00+00:00,MAX,75.42999,HH,True,40.7,-7.52,212,25,NORMAL,T(+)C(+)W(+),HH
COST,2011-03-16 13:30:00+00:00,MIN,69.75999,HL,True,-7.52,20.21,25,64,MAJOR,T(+)C(+)W(-),LL_TO_HL
COST,2011-05-19 13:30:00+00:00,MAX,83.86,HH,True,20.21,-7.36,64,18,NORMAL,T(+)C(+)W(+),HH
COST,2011-06-06 13:30:00+00:00,MIN,77.69,HL,True,-7.36,6.37,18,30,MINOR,T(+)C(+)W(-),HL
COST,2011-07-06 13:30:00+00:00,MAX,82.64,LH,True,6.37,-14.55,30,33,NORMAL,T(+)C(+)W(+),HH_TO_LH
COST,2011-08-08 13:30:00+00:00,MIN,70.62,LL,True,-14.55,5.72,33,1,MINOR,T(+)C(-)W(-),LL
COST,2011-08-09 13:30:00+00:00,MAX,74.66,LH,True,5.72,-5.72,1,1,MINOR,T(+)C(-)W(-),LH
COST,2011-08-10 13:30:00+00:00,MIN,70.39,LL,True,-5.72,20.86,1,41,MAJOR,T(+)C(-)W(-),LL
COST,2011-09-20 13:30:00+00:00,MAX,85.07001,HH,True,20.86,-7.11,41,17,NORMAL,T(+)C(-)W(+),HH
COST,2011-10-07 13:30:00+00:00,MIN,79.02,HL,True,-7.11,7.95,17,14,NORMAL,T(+)C(+)W(-),LL_TO_HL
COST,2011-10-21 13:30:00+00:00,MAX,85.3,HH,True,7.95,-5.32,14,33,MINOR,T(+)C(+)W(+),HH
COST,2011-11-23 14:30:00+00:00,MIN,80.75999,HL,True,-5.32,9.04,33,13,NORMAL,T(+)C(+)W(-),HL
COST,2011-12-06 14:30:00+00:00,MAX,88.06,HH,True,9.04,-10.28,13,34,NORMAL,T(+)C(+)W(+),HH
COST,2012-01-09 14:30:00+00:00,MIN,79.00999,LL,True,-10.28,16.24,34,83,MAJOR,T(+)C(-)W(-),LL
COST,2012-04-02 13:30:00+00:00,MAX,91.84,HH,True,16.24,-10.04,83,37,NORMAL,T(+)C(+)W(+),HH
COST,2012-05-09 13:30:00+00:00,MIN,82.62,HL,True,-10.04,24.36,37,127,MAJOR,T(+)C(+)W(-),LL_TO_HL
COST,2012-09-13 13:30:00+00:00,MAX,102.75,HH,True,24.36,-8.06,127,62,NORMAL,T(+)C(+)W(+),HH
COST,2012-11-14 14:30:00+00:00,MIN,94.47,HL,True,-8.06,12.15,62,21,NORMAL,T(+)C(-)W(-),HL
COST,2012-12-05 14:30:00+00:00,MAX,105.9483,HH,True,12.15,-8.52,21,9,NORMAL,T(+)C(-)W(+),HH
COST,2012-12-14 14:30:00+00:00,MIN,96.9173,HL,True,-8.52,18.48,9,164,MAJOR,T(+)C(-)W(+),HL
COST,2013-05-28 13:30:00+00:00,MAX,114.83,HH,True,18.48,-6.33,164,23,MINOR,T(+)C(+)W(+),HH
COST,2013-06-20 13:30:00+00:00,MIN,107.56,HL,True,-6.33,11.63,23,46,NORMAL,T(+)C(+)W(-),HL
COST,2013-08-05 13:30:00+00:00,MAX,120.07001,HH,True,11.63,-8.0,46,23,NORMAL,T(+)C(+)W(+),HH
COST,2013-08-28 13:30:00+00:00,MIN,110.46001,HL,True,-8.0,7.96,23,14,NORMAL,T(+)C(+)W(-),HL
COST,2013-09-11 13:30:00+00:00,MAX,119.25,LH,True,7.96,-5.9,14,27,MINOR,T(+)C(+)W(+),HH_TO_LH
COST,2013-10-08 13:30:00+00:00,MIN,112.21001,HL,True,-5.9,11.78,27,52,NORMAL,T(+)C(-)W(-),HL
COST,2013-11-29 14:30:00+00:00,MAX,125.43,HH,True,11.78,-12.16,52,66,NORMAL,T(+)C(+)W(+),HH
COST,2014-02-03 14:30:00+00:00,MIN,110.18,LL,True,-12.16,6.01,66,25,MINOR,T(+)C(-)W(-),LL
COST,2014-02-28 14:30:00+00:00,MAX,116.8,LH,True,6.01,-5.27,25,34,MINOR,T(+)C(-)W(+),HH_TO_LH
COST,2014-04-04 13:30:00+00:00,MIN,110.65,HL,True,-5.27,40.91,34,306,EXTREME,T(+)C(-)W(-),LL_TO_HL
COST,2015-02-04 14:30:00+00:00,MAX,155.92,HH,True,40.91,-13.38,306,145,NORMAL,T(+)C(+)W(+),HH
COST,2015-06-30 13:30:00+00:00,MIN,135.06,HL,True,-13.38,8.76,145,36,NORMAL,T(+)C(-)W(-),HL
COST,2015-08-05 13:30:00+00:00,MAX,146.89,LH,True,8.76,-9.65,36,20,NORMAL,T(+)C(+)W(+),HH_TO_LH
COST,2015-08-25 13:30:00+00:00,MIN,132.71,LL,True,-9.65,27.25,20,105,MAJOR,T(+)C(+)W(-),LL
COST,2015-12-08 14:30:00+00:00,MAX,168.87,HH,True,27.25,-15.15,105,58,MAJOR,T(+)C(+)W(+),HH
COST,2016-02-04 14:30:00+00:00,MIN,143.28,HL,True,-15.15,10.45,58,56,NORMAL,T(+)C(-)W(-),LL_TO_HL
COST,2016-04-01 13:30:00+00:00,MAX,158.25,LH,True,10.45,-10.72,56,47,NORMAL,T(+)C(+)W(+),HH_TO_LH
COST,2016-05-18 13:30:00+00:00,MIN,141.29,LL,True,-10.72,19.64,47,86,MAJOR,T(+)C(-)W(-),LL
COST,2016-08-12 13:30:00+00:00,MAX,169.04,HH,True,19.64,-15.85,86,84,MAJOR,T(+)C(+)W(+),HH
COST,2016-11-04 13:30:00+00:00,MIN,142.24,HL,True,-15.85,25.13,84,118,MAJOR,T(-)C(-)W(-),LL_TO_HL
COST,2017-03-02 14:30:00+00:00,MAX,177.98,HH,True,25.13,-7.55,118,10,NORMAL,T(+)C(+)W(+),HH
COST,2017-03-13 13:30:00+00:00,MIN,164.55,HL,True,-7.55,10.88,10,52,NORMAL,T(+)C(+)W(-),HL
COST,2017-05-04 13:30:00+00:00,MAX,182.45,HH,True,10.88,-7.29,52,13,NORMAL,T(+)C(+)W(+),HH
COST,2017-05-17 13:30:00+00:00,MIN,169.15,HL,True,-7.29,7.72,13,21,NORMAL,T(+)C(+)W(-),HL
COST,2017-06-07 13:30:00+00:00,MAX,182.2,LH,True,7.72,-17.43,21,44,MAJOR,T(+)C(+)W(+),HH_TO_LH
COST,2017-07-21 13:30:00+00:00,MIN,150.44,LL,True,-17.43,7.21,44,12,NORMAL,T(+)C(-)W(-),LL
COST,2017-08-02 13:30:00+00:00,MAX,161.28,LH,True,7.21,-6.17,12,22,MINOR,T(+)C(-)W(+),LH
COST,2017-08-24 13:30:00+00:00,MIN,151.33,HL,True,-6.17,10.4,22,42,NORMAL,T(+)C(-)W(-),LL_TO_HL
COST,2017-10-05 13:30:00+00:00,MAX,167.07,HH,True,10.4,-7.46,42,4,NORMAL,T(+)C(+)W(+),HH
COST,2017-10-09 13:30:00+00:00,MIN,154.61,HL,True,-7.46,28.65,4,109,MAJOR,T(+)C(+)W(-),HL
COST,2018-01-26 14:30:00+00:00,MAX,198.91,HH,True,28.65,-10.21,109,13,NORMAL,T(+)C(+)W(+),HH
COST,2018-02-08 14:30:00+00:00,MIN,178.61,HL,True,-10.21,7.95,13,18,NORMAL,T(+)C(+)W(-),HL
COST,2018-02-26 14:30:00+00:00,MAX,192.81,LH,True,7.95,-6.21,18,24,MINOR,T(+)C(+)W(-),HH_TO_LH
COST,2018-03-23 13:30:00+00:00,MIN,180.84,HL,True,-6.21,35.04,24,172,EXTREME,T(+)C(-)W(-),HL
COST,2018-09-11 13:30:00+00:00,MAX,244.21,HH,True,35.04,-10.65,172,45,NORMAL,T(+)C(+)W(+),HH
COST,2018-10-26 13:30:00+00:00,MIN,218.19,HL,True,-10.65,10.17,45,12,NORMAL,T(+)C(+)W(-),HL
COST,2018-11-07 14:30:00+00:00,MAX,240.37,LH,True,10.17,-9.07,12,14,NORMAL,T(+)C(-)W(+),HH_TO_LH
COST,2018-11-21 14:30:00+00:00,MIN,218.57,HL,True,-9.07,6.69,14,15,MINOR,T(+)C(-)W(+),HL
COST,2018-12-06 14:30:00+00:00,MAX,233.2,LH,True,6.69,-18.53,15,18,MAJOR,T(+)C(-)W(-),LH
COST,2018-12-24 14:30:00+00:00,MIN,189.99,LL,True,-18.53,48.91,18,205,EXTREME,T(+)C(-)W(-),LL
COST,2019-07-18 13:30:00+00:00,MAX,282.91,HH,True,48.91,-6.3,205,18,MINOR,T(+)C(+)W(+),HH
COST,2019-08-05 13:30:00+00:00,MIN,265.1,HL,True,-6.3,14.58,18,32,NORMAL,T(+)C(+)W(-),LL_TO_HL
COST,2019-09-06 13:30:00+00:00,MAX,303.76,HH,True,14.58,-6.53,32,25,MINOR,T(+)C(+)W(+),HH
COST,2019-10-01 13:30:00+00:00,MIN,283.93,HL,True,-6.53,14.14,25,142,NORMAL,T(+)C(+)W(-),HL
COST,2020-02-20 14:30:00+00:00,MAX,324.08,HH,True,14.14,-13.25,142,8,NORMAL,T(+)C(+)W(+),HH
COST,2020-02-28 14:30:00+00:00,MIN,281.14,LL,True,-13.25,14.09,8,5,NORMAL,T(+)C(+)W(-),LL
COST,2020-03-04 14:30:00+00:00,MAX,320.74,LH,True,14.09,-12.75,5,7,NORMAL,T(+)C(+)W(-),HH_TO_LH
COST,2020-03-12 13:30:00+00:00,MIN,279.85,LL,True,-12.75,8.01,7,1,NORMAL,T(+)C(+)W(-),LL
COST,2020-03-13 13:30:00+00:00,MAX,302.27,LH,True,8.01,-6.32,1,3,MINOR,T(+)C(+)W(-),LH
COST,2020-03-16 13:30:00+00:00,MIN,283.18,HL,True,-6.32,8.59,3,2,NORMAL,T(+)C(+)W(-),LL_TO_HL
COST,2020-03-18 13:30:00+00:00,MAX,307.5,HH,True,8.59,-8.66,2,7,NORMAL,T(+)C(+)W(-),HH
COST,2020-03-25 13:30:00+00:00,MIN,280.86,LL,True,-8.66,14.49,7,22,NORMAL,T(+)C(-)W(-),LL
COST,2020-04-16 13:30:00+00:00,MAX,321.56,HH,True,14.49,-7.77,22,71,NORMAL,T(+)C(-)W(+),HH
COST,2020-06-26 13:30:00+00:00,MIN,296.56,HL,True,-7.77,21.01,71,68,MAJOR,T(+)C(-)W(-),LL_TO_HL
COST,2020-09-02 13:30:00+00:00,MAX,358.86,HH,True,21.01,-6.38,68,16,MINOR,T(+)C(+)W(+),HH
COST,2020-09-18 13:30:00+00:00,MIN,335.96,HL,True,-6.38,13.57,16,28,NORMAL,T(+)C(+)W(-),HL
COST,2020-10-16 13:30:00+00:00,MAX,381.54,HH,True,13.57,-6.27,28,14,MINOR,T(+)C(+)W(+),HH
COST,2020-10-30 13:30:00+00:00,MIN,357.62,HL,True,-6.27,7.84,14,7,NORMAL,T(+)C(+)W(-),HL
COST,2020-11-06 14:30:00+00:00,MAX,385.66,HH,True,7.84,-5.36,7,3,MINOR,T(+)C(+)W(-),HH
COST,2020-11-09 14:30:00+00:00,MIN,365.0,HL,True,-5.36,7.33,3,21,NORMAL,T(+)C(+)W(-),HL
COST,2020-11-30 14:30:00+00:00,MAX,391.77,HH,True,7.33,-7.63,21,23,NORMAL,T(+)C(+)W(+),HH
COST,2020-12-23 14:30:00+00:00,MIN,361.89,LL,True,-7.63,5.05,23,12,MINOR,T(+)C(+)W(-),LL
COST,2021-01-04 14:30:00+00:00,MAX,380.15,LH,True,5.05,-18.08,12,63,MAJOR,T(+)C(-)W(-),HH_TO_LH
COST,2021-03-08 14:30:00+00:00,MIN,311.42,LL,True,-18.08,20.12,63,43,MAJOR,T(+)C(-)W(-),LL
COST,2021-04-21 13:30:00+00:00,MAX,374.09,LH,True,20.12,-5.63,43,8,MINOR,T(+)C(+)W(+),LH
COST,2021-04-30 00:00:00+00:00,MIN,353.0308532714844,HL,True,-5.63,25.94,8,147,MAJOR,T(+)C(+)W(+),LL_TO_HL
COST,2021-09-24 00:00:00+00:00,MAX,444.622802734375,HH,True,25.94,-5.9,147,10,MINOR,T(+)C(+)W(-),HH
COST,2021-10-04 00:00:00+00:00,MIN,418.37799072265625,HL,True,-5.9,26.27,10,56,MAJOR,T(+)C(+)W(-),HL
COST,2021-11-29 00:00:00+00:00,MAX,528.298095703125,HH,True,26.27,-5.51,56,10,MINOR,T(+)C(+)W(+),HH
COST,2021-12-09 00:00:00+00:00,MIN,499.2117919921875,HL,True,-5.51,8.28,10,20,NORMAL,T(+)C(+)W(+),HL
COST,2021-12-29 00:00:00+00:00,MAX,540.5706176757812,HH,True,8.28,-15.93,20,27,MAJOR,T(+)C(+)W(+),HH
COST,2022-01-25 00:00:00+00:00,MIN,454.4537353515625,LL,True,-15.93,10.96,27,15,NORMAL,T(+)C(+)W(-),LL
COST,2022-02-09 00:00:00+00:00,MAX,504.2592468261719,LH,True,10.96,-6.35,15,14,MINOR,T(+)C(-)W(+),HH_TO_LH
COST,2022-02-23 00:00:00+00:00,MIN,472.24896240234375,HL,True,-6.35,22.77,14,43,MAJOR,T(+)C(-)W(+),LL_TO_HL
COST,2022-04-07 00:00:00+00:00,MAX,579.79833984375,HH,True,22.77,-31.4,43,43,EXTREME,T(+)C(+)W(+),HH
COST,2022-05-20 00:00:00+00:00,MIN,397.7276916503906,LL,True,-31.4,17.09,43,13,MAJOR,T(+)C(-)W(-),LL
COST,2022-06-02 00:00:00+00:00,MAX,465.7108459472656,LH,True,17.09,-8.39,13,15,NORMAL,T(+)C(-)W(-),HH_TO_LH
COST,2022-06-17 00:00:00+00:00,MIN,426.62860107421875,HL,True,-8.39,25.8,15,62,MAJOR,T(+)C(-)W(+),LL_TO_HL
COST,2022-08-18 00:00:00+00:00,MAX,536.6913452148438,HH,True,25.8,-18.95,62,57,MAJOR,T(+)C(+)W(+),HH
COST,2022-10-14 00:00:00+00:00,MIN,434.9805603027344,HL,True,-18.95,12.57,57,14,NORMAL,T(-)C(-)W(-),HL
COST,2022-10-28 00:00:00+00:00,MAX,489.6507873535156,LH,True,12.57,-5.36,14,5,MINOR,T(-)C(-)W(+),HH_TO_LH
COST,2022-11-02 00:00:00+00:00,MIN,463.42718505859375,HL,True,-5.36,11.53,5,28,NORMAL,T(-)C(-)W(+),HL
COST,2022-11-30 00:00:00+00:00,MAX,516.8519897460938,HH,True,11.53,-16.52,28,36,MAJOR,T(-)C(+)W(+),HH
COST,2023-01-05 00:00:00+00:00,MIN,431.4910888671875,LL,True,-16.52,16.47,36,28,MAJOR,T(-)C(-)W(-),LL
COST,2023-02-02 00:00:00+00:00,MAX,502.5623779296875,LH,True,16.47,-9.99,28,36,NORMAL,T(-)C(-)W(+),HH_TO_LH
COST,2023-03-10 00:00:00+00:00,MIN,452.3570861816406,HL,True,-9.99,8.55,36,45,NORMAL,T(-)C(+)W(-),LL_TO_HL
COST,2023-04-24 00:00:00+00:00,MAX,491.0312805175781,LH,True,8.55,-5.41,45,30,MINOR,T(+)C(-)W(+),LH
COST,2023-05-24 00:00:00+00:00,MIN,464.48052978515625,HL,True,-5.41,17.28,30,63,MAJOR,T(-)C(+)W(-),HL
COST,2023-07-26 00:00:00+00:00,MAX,544.7322998046875,HH,True,17.28,-5.91,63,29,MINOR,T(+)C(+)W(+),HH
COST,2023-08-24 00:00:00+00:00,MIN,512.5437622070312,HL,True,-5.91,8.07,29,55,NORMAL,T(+)C(+)W(-),HL
COST,2023-10-18 00:00:00+00:00,MAX,553.9261474609375,HH,True,8.07,-5.5,55,9,MINOR,T(+)C(+)W(+),HH
COST,2023-10-27 00:00:00+00:00,MIN,523.4556884765625,HL,True,-5.5,48.45,9,132,EXTREME,T(+)C(+)W(-),HL
COST,2024-03-07 00:00:00+00:00,MAX,777.0548706054688,HH,True,48.45,-10.27,132,28,NORMAL,T(+)C(+)W(+),HH
COST,2024-04-04 00:00:00+00:00,MIN,697.2217407226562,HL,True,-10.27,26.02,28,96,MAJOR,T(+)C(+)W(-),HL
COST,2024-07-09 00:00:00+00:00,MAX,878.6226196289062,HH,True,26.02,-9.46,96,27,NORMAL,T(+)C(+)W(+),HH
COST,2024-08-05 00:00:00+00:00,MIN,795.5224609375,HL,True,-9.46,24.22,27,128,MAJOR,T(+)C(+)W(-),HL
COST,2024-12-11 00:00:00+00:00,MAX,988.176513671875,HH,True,24.22,-8.53,128,22,NORMAL,T(+)C(+)W(+),HH
COST,2025-01-02 00:00:00+00:00,MIN,903.852294921875,HL,True,-8.53,18.49,22,42,MAJOR,T(+)C(+)W(-),HL
COST,2025-02-13 00:00:00+00:00,MAX,1070.990478515625,HH,True,18.49,-17.29,42,28,MAJOR,T(+)C(+)W(+),HH
COST,2025-03-13 00:00:00+00:00,MIN,885.765625,LL,True,-17.29,8.59,28,21,NORMAL,T(+)C(+)W(-),LL
COST,2025-04-03 00:00:00+00:00,MAX,961.808837890625,LH,True,8.59,-6.1,21,4,MINOR,T(+)C(-)W(+),HH_TO_LH
COST,2025-04-07 00:00:00+00:00,MIN,903.18017578125,HL,True,-6.1,16.53,4,56,MAJOR,T(+)C(-)W(+),LL_TO_HL
COST,2025-06-02 00:00:00+00:00,MAX,1052.458984375,HH,True,16.53,-12.24,56,58,NORMAL,T(+)C(+)W(+),HH
COST,2025-07-30 00:00:00+00:00,MIN,923.6564331054688,HL,True,-12.24,7.38,58,21,NORMAL,T(+)C(-)W(-),HL
COST,2025-08-20 00:00:00+00:00,MAX,991.8099365234375,LH,True,7.38,-14.42,21,124,NORMAL,T(+)C(-)W(+),HH_TO_LH
COST,2025-12-22 00:00:00+00:00,MIN,848.84033203125,LL,True,-14.42,19.98,124,53,MAJOR,T(-)C(-)W(-),LL
COST,2026-02-13 00:00:00+00:00,MAX,1018.47998046875,HH,True,19.98,-5.18,53,38,MINOR,T(-)C(+)W(+),HH
COST,2026-03-23 00:00:00+00:00,MIN,965.72998046875,HL,True,-5.18,6.87,38,17,MINOR,T(-)C(+)W(-),LL_TO_HL
COST,2026-04-09 00:00:00+00:00,MAX,1032.030029296875,HH,True,6.87,-5.55,17,5,MINOR,T(-)C(+)W(+),HH
COST,2026-04-14 00:00:00+00:00,MIN,974.7999877929688,HL,True,-5.55,0.0,5,0,MINOR,T(-)C(+)W(+),HL
HD,2006-03-23 14:30:00+00:00,MAX,43.81,HH,True,0.0,-24.38,0,116,MAJOR,UNKNOWN,HH
HD,2006-07-18 13:30:00+00:00,MIN,33.13,LL,True,-24.38,6.37,116,7,MINOR,UNKNOWN,LL
HD,2006-07-25 13:30:00+00:00,MAX,35.24001,LH,True,6.37,-5.62,7,20,MINOR,UNKNOWN,HH_TO_LH
HD,2006-08-14 13:30:00+00:00,MIN,33.25999,HL,True,-5.62,14.01,20,58,NORMAL,UNKNOWN,LL_TO_HL
HD,2006-10-11 13:30:00+00:00,MAX,37.92,HH,True,14.01,-5.7,58,6,MINOR,UNKNOWN,HH
HD,2006-10-17 13:30:00+00:00,MIN,35.75999,HL,True,-5.7,16.78,6,119,MAJOR,UNKNOWN,HL
HD,2007-02-13 14:30:00+00:00,MAX,41.75999,HH,True,16.78,-12.02,119,44,NORMAL,T(-)C(+)W(+),HH
HD,2007-03-30 13:30:00+00:00,MIN,36.74001,HL,True,-12.02,8.33,44,66,NORMAL,T(+)C(-)W(-),HL
HD,2007-06-04 13:30:00+00:00,MAX,39.8,LH,True,8.33,-6.13,66,8,MINOR,T(+)C(+)W(-),HH_TO_LH
HD,2007-06-12 13:30:00+00:00,MIN,37.36,HL,True,-6.13,9.58,8,30,NORMAL,T(+)C(+)W(-),HL
HD,2007-07-12 13:30:00+00:00,MAX,40.94,HH,True,9.58,-19.83,30,35,MAJOR,T(+)C(+)W(+),HH
HD,2007-08-16 13:30:00+00:00,MIN,32.82001,LL,True,-19.83,16.73,35,15,MAJOR,T(+)C(-)W(-),LL
HD,2007-08-31 13:30:00+00:00,MAX,38.31,LH,True,16.73,-11.75,15,10,NORMAL,T(-)C(-)W(-),HH_TO_LH
HD,2007-09-10 13:30:00+00:00,MIN,33.81,HL,True,-11.75,7.54,10,8,NORMAL,T(-)C(-)W(-),LL_TO_HL
HD,2007-09-18 13:30:00+00:00,MAX,36.36,LH,True,7.54,-10.78,8,10,NORMAL,T(-)C(-)W(+),LH
HD,2007-09-28 13:30:00+00:00,MIN,32.44,LL,True,-10.78,5.49,10,7,MINOR,T(-)C(-)W(-),LL
HD,2007-10-05 13:30:00+00:00,MAX,34.22,LH,True,5.49,-20.66,7,53,MAJOR,T(-)C(-)W(-),LH
HD,2007-11-27 14:30:00+00:00,MIN,27.14999,LL,True,-20.66,8.99,53,13,NORMAL,T(-)C(-)W(-),LL
HD,2007-12-10 14:30:00+00:00,MAX,29.59,LH,True,8.99,-16.49,13,32,MAJOR,T(-)C(-)W(-),LH
HD,2008-01-11 14:30:00+00:00,MIN,24.71001,LL,True,-16.49,24.0,32,20,MAJOR,T(-)C(-)W(-),LL
HD,2008-01-31 14:30:00+00:00,MAX,30.64,HH,True,24.0,-10.87,20,19,NORMAL,T(-)C(-)W(+),HH
HD,2008-02-19 14:30:00+00:00,MIN,27.31,HL,True,-10.87,5.86,19,8,MINOR,T(-)C(+)W(+),LL_TO_HL
HD,2008-02-27 14:30:00+00:00,MAX,28.91,LH,True,5.86,-13.52,8,11,NORMAL,T(-)C(+)W(+),HH_TO_LH
HD,2008-03-10 13:30:00+00:00,MIN,25.0,LL,True,-13.52,17.04,11,14,MAJOR,T(-)C(+)W(-),LL
HD,2008-03-24 13:30:00+00:00,MAX,29.25999,HH,True,17.04,-6.43,14,4,MINOR,T(-)C(+)W(-),HH
HD,2008-03-28 13:30:00+00:00,MIN,27.38,HL,True,-6.43,7.71,4,4,NORMAL,T(-)C(+)W(-),LL_TO_HL
HD,2008-04-01 13:30:00+00:00,MAX,29.49001,HH,True,7.71,-6.17,4,8,MINOR,T(-)C(+)W(+),HH
HD,2008-04-09 13:30:00+00:00,MIN,27.67,HL,True,-6.17,8.85,8,23,NORMAL,T(-)C(-)W(+),HL
HD,2008-05-02 13:30:00+00:00,MAX,30.12,HH,True,8.85,-7.3,23,6,NORMAL,T(-)C(+)W(+),HH
HD,2008-05-08 13:30:00+00:00,MIN,27.92,HL,True,-7.3,5.77,6,7,MINOR,T(-)C(+)W(+),HL
HD,2008-05-15 13:30:00+00:00,MAX,29.53,LH,True,5.77,-12.26,7,27,NORMAL,T(-)C(+)W(+),HH_TO_LH
HD,2008-06-11 13:30:00+00:00,MIN,25.91,LL,True,-12.26,6.25,27,2,MINOR,T(-)C(-)W(-),LL
HD,2008-06-13 13:30:00+00:00,MAX,27.53,LH,True,6.25,-22.05,2,32,MAJOR,T(-)C(-)W(-),LH
HD,2008-07-15 13:30:00+00:00,MIN,21.46001,LL,True,-22.05,16.64,32,8,MAJOR,T(-)C(-)W(-),LL
HD,2008-07-23 13:30:00+00:00,MAX,25.03,LH,True,16.64,-7.47,8,5,NORMAL,T(-)C(-)W(-),LH
HD,2008-07-28 13:30:00+00:00,MIN,23.16,HL,True,-7.47,18.87,5,18,MAJOR,T(-)C(-)W(-),LL_TO_HL
HD,2008-08-15 13:30:00+00:00,MAX,27.53,HH,True,18.87,-5.7,18,4,MINOR,T(-)C(-)W(+),HH
HD,2008-08-19 13:30:00+00:00,MIN,25.96001,HL,True,-5.7,16.18,4,20,MAJOR,T(-)C(-)W(+),HL
HD,2008-09-08 13:30:00+00:00,MAX,30.16,HH,True,16.18,-15.05,20,9,MAJOR,T(-)C(+)W(+),HH
HD,2008-09-17 13:30:00+00:00,MIN,25.62,LL,True,-15.05,6.83,9,2,MINOR,T(-)C(+)W(+),LL
HD,2008-09-19 13:30:00+00:00,MAX,27.37,LH,True,6.83,-8.59,2,5,NORMAL,T(-)C(+)W(+),HH_TO_LH
HD,2008-09-24 13:30:00+00:00,MIN,25.02,LL,True,-8.59,5.76,5,2,MINOR,T(-)C(+)W(+),LL
HD,2008-09-26 13:30:00+00:00,MAX,26.46001,LH,True,5.76,-25.36,2,14,MAJOR,T(-)C(+)W(-),LH
HD,2008-10-10 13:30:00+00:00,MIN,19.75,LL,True,-25.36,9.92,14,3,NORMAL,T(-)C(-)W(-),LL
HD,2008-10-13 13:30:00+00:00,MAX,21.71001,LH,True,9.92,-9.26,3,3,NORMAL,T(-)C(-)W(-),LH
HD,2008-10-16 13:30:00+00:00,MIN,19.7,LL,True,-9.26,5.48,3,4,MINOR,T(-)C(-)W(-),LL
HD,2008-10-20 13:30:00+00:00,MAX,20.78,LH,True,5.48,-10.92,4,4,NORMAL,T(-)C(-)W(-),LH
HD,2008-10-24 13:30:00+00:00,MIN,18.50999,LL,True,-10.92,27.44,4,7,MAJOR,T(-)C(-)W(-),LL
HD,2008-10-31 13:30:00+00:00,MAX,23.59,HH,True,27.44,-5.81,7,3,MINOR,T(-)C(-)W(-),HH
HD,2008-11-03 14:30:00+00:00,MIN,22.22,HL,True,-5.81,5.27,3,1,MINOR,T(-)C(-)W(-),LL_TO_HL
HD,2008-11-04 14:30:00+00:00,MAX,23.39,LH,True,5.27,-15.35,1,8,MAJOR,T(-)C(-)W(-),HH_TO_LH
HD,2008-11-12 14:30:00+00:00,MIN,19.8,LL,True,-15.35,12.27,8,1,NORMAL,T(-)C(-)W(-),LL
HD,2008-11-13 14:30:00+00:00,MAX,22.23,LH,True,12.27,-16.69,1,7,MAJOR,T(-)C(-)W(+),LH
HD,2008-11-20 14:30:00+00:00,MIN,18.52,LL,True,-16.69,27.16,7,6,MAJOR,T(-)C(-)W(+),LL
HD,2008-11-26 14:30:00+00:00,MAX,23.55,HH,True,27.16,-9.94,6,5,NORMAL,T(-)C(-)W(+),HH
HD,2008-12-01 14:30:00+00:00,MIN,21.21001,HL,True,-9.94,15.04,5,4,MAJOR,T(-)C(-)W(+),LL_TO_HL
HD,2008-12-05 14:30:00+00:00,MAX,24.39999,HH,True,15.04,-5.78,4,6,MINOR,T(-)C(-)W(+),HH
HD,2008-12-11 14:30:00+00:00,MIN,22.99001,HL,True,-5.78,7.44,6,6,NORMAL,T(-)C(-)W(+),HL
HD,2008-12-17 14:30:00+00:00,MAX,24.7,HH,True,7.44,-6.8,6,14,MINOR,T(-)C(-)W(+),HH
HD,2008-12-31 14:30:00+00:00,MIN,23.02,HL,True,-6.8,9.73,14,6,NORMAL,T(-)C(+)W(+),HL
HD,2009-01-06 14:30:00+00:00,MAX,25.25999,HH,True,9.73,-13.26,6,8,NORMAL,T(-)C(+)W(+),HH
HD,2009-01-14 14:30:00+00:00,MIN,21.91,LL,True,-13.26,5.89,8,2,MINOR,T(-)C(+)W(+),LL
HD,2009-01-16 14:30:00+00:00,MAX,23.2,LH,True,5.89,-6.38,2,7,MINOR,T(-)C(+)W(-),HH_TO_LH
HD,2009-01-23 14:30:00+00:00,MIN,21.72,LL,True,-6.38,5.89,7,5,MINOR,T(-)C(+)W(-),LL
HD,2009-01-28 14:30:00+00:00,MAX,23.0,LH,True,5.89,-6.39,5,2,MINOR,T(-)C(+)W(-),LH
HD,2009-01-30 14:30:00+00:00,MIN,21.53,LL,True,-6.39,9.29,2,7,NORMAL,T(-)C(+)W(-),LL
HD,2009-02-06 14:30:00+00:00,MAX,23.53,HH,True,9.29,-20.48,7,17,MAJOR,T(-)C(+)W(-),HH
HD,2009-02-23 14:30:00+00:00,MIN,18.71001,LL,True,-20.48,11.65,17,4,NORMAL,T(-)C(-)W(-),LL
HD,2009-02-27 14:30:00+00:00,MAX,20.89,LH,True,11.65,-13.83,4,7,NORMAL,T(-)C(-)W(-),HH_TO_LH
HD,2009-03-06 14:30:00+00:00,MIN,18.0,LL,True,-13.83,46.33,7,53,EXTREME,T(-)C(-)W(-),LL
HD,2009-04-29 13:30:00+00:00,MAX,26.34,HH,True,46.33,-7.37,53,16,NORMAL,T(-)C(+)W(+),HH
HD,2009-05-15 13:30:00+00:00,MIN,24.39999,HL,True,-7.37,6.64,16,3,MINOR,T(-)C(+)W(-),LL_TO_HL
HD,2009-05-18 13:30:00+00:00,MAX,26.02,LH,True,6.64,-12.76,3,10,NORMAL,T(-)C(+)W(-),HH_TO_LH
HD,2009-05-28 13:30:00+00:00,MIN,22.7,LL,True,-12.76,8.24,10,7,NORMAL,T(-)C(+)W(-),LL
HD,2009-06-04 13:30:00+00:00,MAX,24.57001,LH,True,8.24,-7.69,7,20,NORMAL,T(-)C(+)W(-),LH
HD,2009-06-24 13:30:00+00:00,MIN,22.67999,LL,True,-7.69,5.25,20,5,MINOR,T(-)C(-)W(-),LL
HD,2009-06-29 13:30:00+00:00,MAX,23.87,LH,True,5.25,-6.16,5,8,MINOR,T(-)C(-)W(-),LH
HD,2009-07-07 13:30:00+00:00,MIN,22.39999,LL,True,-6.16,23.57,8,37,MAJOR,T(-)C(-)W(-),LL
HD,2009-08-13 13:30:00+00:00,MAX,27.67999,HH,True,23.57,-5.67,37,4,MINOR,T(+)C(+)W(+),HH
HD,2009-08-17 13:30:00+00:00,MIN,26.11,HL,True,-5.67,8.12,4,32,NORMAL,T(+)C(+)W(+),LL_TO_HL
HD,2009-09-18 13:30:00+00:00,MAX,28.23,HH,True,8.12,-7.79,32,14,NORMAL,T(+)C(+)W(+),HH
HD,2009-10-02 13:30:00+00:00,MIN,26.03,LL,True,-7.79,6.15,14,17,MINOR,T(+)C(+)W(-),LL
HD,2009-10-19 13:30:00+00:00,MAX,27.63,LH,True,6.15,-9.66,17,16,NORMAL,T(+)C(+)W(-),HH_TO_LH
HD,2009-11-04 14:30:00+00:00,MIN,24.96001,LL,True,-9.66,17.35,16,48,MAJOR,T(+)C(-)W(-),LL
HD,2009-12-22 14:30:00+00:00,MAX,29.28999,HH,True,17.35,-6.66,48,37,MINOR,T(+)C(+)W(+),HH
HD,2010-01-28 14:30:00+00:00,MIN,27.34,HL,True,-6.66,33.47,37,87,EXTREME,T(+)C(+)W(-),LL_TO_HL
HD,2010-04-26 13:30:00+00:00,MAX,36.49001,HH,True,33.47,-8.39,87,11,NORMAL,T(+)C(+)W(+),HH
HD,2010-05-07 13:30:00+00:00,MIN,33.42999,HL,True,-8.39,7.36,11,5,NORMAL,T(+)C(+)W(+),HL
HD,2010-05-12 13:30:00+00:00,MAX,35.89,LH,True,7.36,-8.36,5,8,NORMAL,T(+)C(+)W(+),HH_TO_LH
HD,2010-05-20 13:30:00+00:00,MIN,32.89,LL,True,-8.36,5.05,8,7,MINOR,T(+)C(+)W(+),LL
HD,2010-05-27 13:30:00+00:00,MAX,34.55,LH,True,5.05,-21.65,7,53,MAJOR,T(+)C(+)W(-),LH
HD,2010-07-19 13:30:00+00:00,MIN,27.07001,LL,True,-21.65,7.57,53,14,NORMAL,T(+)C(-)W(-),LL
HD,2010-08-02 13:30:00+00:00,MAX,29.12,LH,True,7.57,-6.22,14,11,MINOR,T(+)C(-)W(-),LH
HD,2010-08-13 13:30:00+00:00,MIN,27.31,HL,True,-6.22,16.95,11,83,MAJOR,T(+)C(-)W(+),LL_TO_HL
HD,2010-11-04 13:30:00+00:00,MAX,31.94,HH,True,16.95,-5.42,83,26,MINOR,T(+)C(+)W(-),HH
HD,2010-11-30 14:30:00+00:00,MIN,30.21001,HL,True,-5.42,27.37,26,80,MAJOR,T(-)C(+)W(-),HL
HD,2011-02-18 14:30:00+00:00,MAX,38.48,HH,True,27.37,-7.28,80,25,NORMAL,T(+)C(+)W(+),HH
HD,2011-03-16 13:30:00+00:00,MIN,35.67999,HL,True,-7.28,6.98,25,30,MINOR,T(+)C(+)W(-),HL
HD,2011-04-15 13:30:00+00:00,MAX,38.17,LH,True,6.98,-12.31,30,56,NORMAL,T(+)C(+)W(+),HH_TO_LH
HD,2011-06-10 13:30:00+00:00,MIN,33.47,LL,True,-12.31,10.7,56,27,NORMAL,T(+)C(-)W(-),LL
HD,2011-07-07 13:30:00+00:00,MAX,37.05,LH,True,10.7,-23.05,27,34,MAJOR,T(+)C(-)W(+),LH
HD,2011-08-10 13:30:00+00:00,MIN,28.50999,LL,True,-23.05,20.55,34,14,MAJOR,T(+)C(-)W(-),LL
HD,2011-08-24 13:30:00+00:00,MAX,34.37,LH,True,20.55,-7.27,14,16,NORMAL,T(+)C(-)W(-),LH
HD,2011-09-09 13:30:00+00:00,MIN,31.87,HL,True,-7.27,9.22,16,11,NORMAL,T(+)C(-)W(+),LL_TO_HL
HD,2011-09-20 13:30:00+00:00,MAX,34.81,HH,True,9.22,-9.25,11,13,NORMAL,T(+)C(-)W(+),HH
HD,2011-10-03 13:30:00+00:00,MIN,31.59,LL,True,-9.25,66.86,13,212,EXTREME,T(+)C(-)W(+),LL
HD,2012-05-02 13:30:00+00:00,MAX,52.71001,HH,True,66.86,-10.79,212,15,NORMAL,T(+)C(+)W(+),HH
HD,2012-05-17 13:30:00+00:00,MIN,47.02,HL,True,-10.79,34.41,15,141,EXTREME,T(+)C(+)W(-),LL_TO_HL
HD,2012-10-05 13:30:00+00:00,MAX,63.2,HH,True,34.41,-6.63,141,6,MINOR,T(+)C(+)W(+),HH
HD,2012-10-11 13:30:00+00:00,MIN,59.00999,HL,True,-6.63,10.27,6,50,NORMAL,T(+)C(+)W(+),HL
HD,2012-11-30 14:30:00+00:00,MAX,65.07001,HH,True,10.27,-6.79,50,28,MINOR,T(+)C(+)W(+),HH
HD,2012-12-28 14:30:00+00:00,MIN,60.64999,HL,True,-6.79,11.82,28,28,NORMAL,T(+)C(+)W(-),HL
HD,2013-01-25 14:30:00+00:00,MAX,67.82001,HH,True,11.82,-5.75,28,31,MINOR,T(+)C(+)W(+),HH
HD,2013-02-25 14:30:00+00:00,MIN,63.92,HL,True,-5.75,24.87,31,91,MAJOR,T(+)C(+)W(+),HL
HD,2013-05-28 13:30:00+00:00,MAX,79.82001,HH,True,24.87,-7.91,91,27,NORMAL,T(+)C(+)W(+),HH
HD,2013-06-24 13:30:00+00:00,MIN,73.50999,HL,True,-7.91,9.56,27,18,NORMAL,T(+)C(+)W(-),HL
HD,2013-07-12 13:30:00+00:00,MAX,80.53999,HH,True,9.56,-9.73,18,56,NORMAL,T(+)C(+)W(+),HH
HD,2013-09-06 13:30:00+00:00,MIN,72.7,LL,True,-9.73,7.99,56,13,NORMAL,T(+)C(-)W(-),LL
HD,2013-09-19 13:30:00+00:00,MAX,78.50999,LH,True,7.99,-5.57,13,20,MINOR,T(+)C(-)W(-),HH_TO_LH
HD,2013-10-09 13:30:00+00:00,MIN,74.14,HL,True,-5.57,11.06,20,83,NORMAL,T(+)C(-)W(+),LL_TO_HL
HD,2013-12-31 14:30:00+00:00,MAX,82.34,HH,True,11.06,-8.95,83,35,NORMAL,T(+)C(+)W(+),HH
HD,2014-02-04 14:30:00+00:00,MIN,74.97,HL,True,-8.95,10.59,35,29,NORMAL,T(+)C(+)W(-),HL
HD,2014-03-05 14:30:00+00:00,MAX,82.91,HH,True,10.59,-8.7,29,36,NORMAL,T(+)C(-)W(+),HH
HD,2014-04-11 13:30:00+00:00,MIN,75.7,HL,True,-8.7,24.29,36,180,MAJOR,T(+)C(+)W(-),HL
HD,2014-10-08 13:30:00+00:00,MAX,94.09,HH,True,24.29,-6.63,180,7,MINOR,T(+)C(+)W(+),HH
HD,2014-10-15 13:30:00+00:00,MIN,87.85,HL,True,-6.63,21.48,7,85,MAJOR,T(+)C(+)W(+),HL
HD,2015-01-08 14:30:00+00:00,MAX,106.72,HH,True,21.48,-5.35,85,7,MINOR,T(+)C(+)W(+),HH
HD,2015-01-15 14:30:00+00:00,MIN,101.01,HL,True,-5.35,16.32,7,63,MAJOR,T(+)C(+)W(+),HL
HD,2015-03-20 13:30:00+00:00,MAX,117.49,HH,True,16.32,-8.95,63,41,NORMAL,T(+)C(+)W(+),HH
HD,2015-04-30 13:30:00+00:00,MIN,106.98,HL,True,-8.95,14.79,41,110,NORMAL,T(+)C(+)W(-),HL
HD,2015-08-18 13:30:00+00:00,MAX,122.8,HH,True,14.79,-9.63,110,7,NORMAL,T(+)C(+)W(+),HH
HD,2015-08-25 13:30:00+00:00,MIN,110.97,HL,True,-9.63,21.42,7,94,MAJOR,T(+)C(+)W(+),HL
HD,2015-11-27 14:30:00+00:00,MAX,134.74,HH,True,21.42,-13.57,94,54,NORMAL,T(+)C(+)W(+),HH
HD,2016-01-20 14:30:00+00:00,MIN,116.46,HL,True,-13.57,8.63,54,12,NORMAL,T(+)C(+)W(-),HL
HD,2016-02-01 14:30:00+00:00,MAX,126.51,LH,True,8.63,-11.59,12,7,NORMAL,T(+)C(-)W(-),HH_TO_LH
HD,2016-02-08 14:30:00+00:00,MIN,111.85,LL,True,-11.59,22.94,7,91,MAJOR,T(+)C(-)W(-),LL
HD,2016-05-10 13:30:00+00:00,MAX,137.51,HH,True,22.94,-9.34,91,48,NORMAL,T(+)C(+)W(+),HH
HD,2016-06-27 13:30:00+00:00,MIN,124.67,HL,True,-9.34,11.31,48,35,NORMAL,T(+)C(-)W(-),LL_TO_HL
HD,2016-08-01 13:30:00+00:00,MAX,138.77,HH,True,11.31,-13.61,35,92,NORMAL,T(+)C(+)W(+),HH
HD,2016-11-01 13:30:00+00:00,MIN,119.89,LL,True,-13.61,32.46,92,230,EXTREME,T(+)C(-)W(-),LL
HD,2017-06-19 13:30:00+00:00,MAX,158.81,HH,True,32.46,-8.96,230,35,NORMAL,T(+)C(+)W(-),HH
HD,2017-07-24 13:30:00+00:00,MIN,144.58,HL,True,-8.96,7.39,35,16,NORMAL,T(+)C(-)W(-),LL_TO_HL
HD,2017-08-09 13:30:00+00:00,MAX,155.26,LH,True,7.39,-5.0,16,9,MINOR,T(+)C(-)W(-),HH_TO_LH
HD,2017-08-18 13:30:00+00:00,MIN,147.49,HL,True,-5.0,40.5,9,161,EXTREME,T(+)C(-)W(+),HL
HD,2018-01-26 14:30:00+00:00,MAX,207.23,HH,True,40.5,-17.1,161,55,MAJOR,T(+)C(+)W(+),HH
HD,2018-03-23 13:30:00+00:00,MIN,171.8,HL,True,-17.1,24.48,55,172,MAJOR,T(+)C(-)W(-),HL
HD,2018-09-11 13:30:00+00:00,MAX,213.85,HH,True,24.48,-19.46,172,45,MAJOR,T(+)C(+)W(+),HH
HD,2018-10-26 13:30:00+00:00,MIN,172.23,HL,True,-19.46,9.16,45,13,NORMAL,T(+)C(-)W(-),HL
HD,2018-11-08 14:30:00+00:00,MAX,188.0,LH,True,9.16,-10.19,13,15,NORMAL,T(+)C(-)W(-),HH_TO_LH
HD,2018-11-23 14:30:00+00:00,MIN,168.85,LL,True,-10.19,7.63,15,10,NORMAL,T(+)C(-)W(-),LL
HD,2018-12-03 14:30:00+00:00,MAX,181.74,LH,True,7.63,-12.99,10,21,NORMAL,T(+)C(-)W(-),LH
HD,2018-12-24 14:30:00+00:00,MIN,158.14,LL,True,-12.99,21.66,21,53,MAJOR,T(-)C(-)W(-),LL
HD,2019-02-15 14:30:00+00:00,MAX,192.39,HH,True,21.66,-5.85,53,25,MINOR,T(-)C(+)W(+),HH
HD,2019-03-13 13:30:00+00:00,MIN,181.14,HL,True,-5.85,14.12,25,42,NORMAL,T(-)C(+)W(-),LL_TO_HL
HD,2019-04-24 13:30:00+00:00,MAX,206.72,HH,True,14.12,-8.62,42,28,NORMAL,T(-)C(+)W(+),HH
HD,2019-05-22 13:30:00+00:00,MIN,188.91,HL,True,-8.62,15.77,28,54,MAJOR,T(-)C(+)W(-),HL
HD,2019-07-15 13:30:00+00:00,MAX,218.7,HH,True,15.77,-7.82,54,30,NORMAL,T(+)C(+)W(+),HH
HD,2019-08-14 13:30:00+00:00,MIN,201.59,HL,True,-7.82,18.48,30,96,MAJOR,T(+)C(+)W(-),HL
HD,2019-11-18 14:30:00+00:00,MAX,238.85,HH,True,18.48,-11.24,96,23,NORMAL,T(+)C(+)W(+),HH
HD,2019-12-11 14:30:00+00:00,MIN,212.0,HL,True,-11.24,16.52,23,71,MAJOR,T(+)C(-)W(-),HL
HD,2020-02-20 14:30:00+00:00,MAX,247.02,HH,True,16.52,-11.81,71,8,NORMAL,T(+)C(+)W(+),HH
HD,2020-02-28 14:30:00+00:00,MIN,217.84,HL,True,-11.81,10.67,8,5,NORMAL,T(+)C(+)W(+),HL
HD,2020-03-04 14:30:00+00:00,MAX,241.08,LH,True,10.67,-12.7,5,4,NORMAL,T(+)C(+)W(+),HH_TO_LH
HD,2020-03-09 13:30:00+00:00,MIN,210.46,LL,True,-12.7,7.24,4,1,NORMAL,T(+)C(+)W(-),LL
HD,2020-03-10 13:30:00+00:00,MAX,225.7,LH,True,7.24,-15.56,1,2,MAJOR,T(+)C(+)W(-),LH
HD,2020-03-12 13:30:00+00:00,MIN,190.59,LL,True,-15.56,7.91,2,1,NORMAL,T(+)C(+)W(-),LL
HD,2020-03-13 13:30:00+00:00,MAX,205.67,LH,True,7.91,-19.79,1,3,MAJOR,T(+)C(+)W(-),LH
HD,2020-03-16 13:30:00+00:00,MIN,164.96,LL,True,-19.79,5.26,3,1,MINOR,T(+)C(+)W(-),LL
HD,2020-03-17 13:30:00+00:00,MAX,173.64,LH,True,5.26,-12.38,1,3,NORMAL,T(+)C(-)W(-),LH
HD,2020-03-20 13:30:00+00:00,MIN,152.15,LL,True,-12.38,28.89,3,10,MAJOR,T(+)C(-)W(-),LL
HD,2020-03-30 13:30:00+00:00,MAX,196.1,HH,True,28.89,-8.91,10,2,NORMAL,T(+)C(-)W(-),HH
HD,2020-04-01 13:30:00+00:00,MIN,178.63,HL,True,-8.91,43.74,2,68,EXTREME,T(+)C(-)W(-),LL_TO_HL
HD,2020-06-08 13:30:00+00:00,MAX,256.77,HH,True,43.74,-6.74,68,3,MINOR,T(+)C(+)W(+),HH
HD,2020-06-11 13:30:00+00:00,MIN,239.47,HL,True,-6.74,21.91,3,76,MAJOR,T(+)C(+)W(+),HL
HD,2020-08-26 13:30:00+00:00,MAX,291.93,HH,True,21.91,-7.77,76,13,NORMAL,T(+)C(+)W(+),HH
HD,2020-09-08 13:30:00+00:00,MIN,269.26,HL,True,-7.77,6.06,13,7,MINOR,T(+)C(+)W(+),HL
HD,2020-09-15 13:30:00+00:00,MAX,285.58,LH,True,6.06,-6.96,7,9,MINOR,T(+)C(+)W(+),HH_TO_LH
HD,2020-09-24 13:30:00+00:00,MIN,265.7,LL,True,-6.96,9.28,9,19,NORMAL,T(+)C(+)W(-),LL
HD,2020-10-13 13:30:00+00:00,MAX,290.36,HH,True,9.28,-8.15,19,17,NORMAL,T(+)C(+)W(+),HH
HD,2020-10-30 13:30:00+00:00,MIN,266.71,HL,True,-8.15,7.18,17,6,NORMAL,T(+)C(-)W(+),LL_TO_HL
HD,2020-11-05 14:30:00+00:00,MAX,285.85,LH,True,7.18,-8.44,6,33,NORMAL,T(+)C(-)W(-),HH_TO_LH
HD,2020-12-08 14:30:00+00:00,MIN,261.72,LL,True,-8.44,8.93,33,48,NORMAL,T(+)C(-)W(-),LL
HD,2021-01-25 14:30:00+00:00,MAX,285.08,LH,True,8.93,-11.98,48,38,NORMAL,T(+)C(-)W(+),LH
HD,2021-03-04 14:30:00+00:00,MIN,250.93,LL,True,-11.98,30.75,38,42,EXTREME,T(+)C(+)W(-),LL
HD,2021-04-16 13:30:00+00:00,MAX,328.08,HH,True,30.75,-12.69,42,13,NORMAL,T(+)C(+)W(+),HH
HD,2021-04-30 00:00:00+00:00,MIN,286.4356994628906,HL,True,-12.69,5.39,13,10,MINOR,T(+)C(+)W(+),LL_TO_HL
HD,2021-05-10 00:00:00+00:00,MAX,301.8783874511719,LH,True,5.39,-10.82,10,39,NORMAL,T(+)C(+)W(-),HH_TO_LH
HD,2021-06-18 00:00:00+00:00,MIN,269.20269775390625,LL,True,-10.82,38.8,39,172,EXTREME,T(+)C(-)W(-),LL
HD,2021-12-07 00:00:00+00:00,MAX,373.65631103515625,HH,True,38.8,-6.78,172,10,MINOR,T(+)C(+)W(+),HH
HD,2021-12-17 00:00:00+00:00,MIN,348.3376159667969,HL,True,-6.78,6.97,10,14,MINOR,T(+)C(+)W(+),LL_TO_HL
HD,2021-12-31 00:00:00+00:00,MAX,372.6058654785156,LH,True,6.97,-15.88,14,21,MAJOR,T(+)C(+)W(-),HH_TO_LH
HD,2022-01-21 00:00:00+00:00,MIN,313.4303283691406,LL,True,-15.88,7.06,21,12,NORMAL,T(+)C(+)W(-),LL
HD,2022-02-02 00:00:00+00:00,MAX,335.5436706542969,LH,True,7.06,-17.47,12,21,MAJOR,T(+)C(-)W(-),LH
HD,2022-02-23 00:00:00+00:00,MIN,276.93365478515625,LL,True,-17.47,11.14,21,23,NORMAL,T(+)C(-)W(-),LL
HD,2022-03-18 00:00:00+00:00,MAX,307.77069091796875,LH,True,11.14,-12.38,23,19,NORMAL,T(+)C(-)W(-),LH
HD,2022-04-06 00:00:00+00:00,MIN,269.6539001464844,LL,True,-12.38,5.62,19,28,MINOR,T(+)C(-)W(-),LL
HD,2022-05-04 00:00:00+00:00,MAX,284.80120849609375,LH,True,5.62,-10.26,28,7,NORMAL,T(+)C(-)W(-),LH
HD,2022-05-11 00:00:00+00:00,MIN,255.58131408691406,LL,True,-10.26,6.36,7,6,MINOR,T(+)C(-)W(-),LL
HD,2022-05-17 00:00:00+00:00,MAX,271.8306884765625,LH,True,6.36,-5.24,6,1,MINOR,T(+)C(-)W(-),LH
HD,2022-05-18 00:00:00+00:00,MIN,257.5865783691406,HL,True,-5.24,8.16,1,9,NORMAL,T(+)C(-)W(-),LL_TO_HL
HD,2022-05-27 00:00:00+00:00,MAX,278.6139221191406,HH,True,8.16,-12.25,9,26,NORMAL,T(-)C(-)W(-),HH
HD,2022-06-22 00:00:00+00:00,MIN,244.4884033203125,LL,True,-12.25,21.71,26,55,MAJOR,T(-)C(-)W(-),LL
HD,2022-08-16 00:00:00+00:00,MAX,297.57080078125,HH,True,21.71,-18.04,55,41,MAJOR,T(-)C(+)W(+),HH
HD,2022-09-26 00:00:00+00:00,MIN,243.8878936767578,LL,True,-18.04,8.93,41,10,NORMAL,T(-)C(-)W(-),LL
HD,2022-10-06 00:00:00+00:00,MAX,265.6711730957031,LH,True,8.93,-7.21,10,14,NORMAL,T(-)C(-)W(-),HH_TO_LH
HD,2022-10-20 00:00:00+00:00,MIN,246.5227508544922,HL,True,-7.21,10.83,14,8,NORMAL,T(-)C(-)W(-),LL_TO_HL
HD,2022-10-28 00:00:00+00:00,MAX,273.2279968261719,HH,True,10.83,-5.74,8,6,MINOR,T(-)C(-)W(+),HH
HD,2022-11-03 00:00:00+00:00,MIN,257.53790283203125,HL,True,-5.74,19.16,6,41,MAJOR,T(-)C(-)W(+),HL
HD,2022-12-14 00:00:00+00:00,MAX,306.89288330078125,HH,True,19.16,-5.58,41,6,MINOR,T(-)C(+)W(+),HH
HD,2022-12-20 00:00:00+00:00,MIN,289.7824401855469,HL,True,-5.58,5.2,6,24,MINOR,T(-)C(+)W(+),HL
HD,2023-01-13 00:00:00+00:00,MAX,304.849609375,LH,True,5.2,-6.14,24,6,MINOR,T(-)C(+)W(-),HH_TO_LH
HD,2023-01-19 00:00:00+00:00,MIN,286.1376037597656,LL,True,-6.14,9.3,6,14,NORMAL,T(-)C(+)W(-),LL
HD,2023-02-02 00:00:00+00:00,MAX,312.7467346191406,HH,True,9.3,-16.76,14,54,MAJOR,T(+)C(+)W(+),HH
HD,2023-03-28 00:00:00+00:00,MIN,260.3417663574219,LL,True,-16.76,7.41,54,27,NORMAL,T(+)C(-)W(-),LL
HD,2023-04-24 00:00:00+00:00,MAX,279.64349365234375,LH,True,7.41,-6.4,27,22,MINOR,T(+)C(-)W(+),HH_TO_LH
HD,2023-05-16 00:00:00+00:00,MIN,261.7416076660156,HL,True,-6.4,19.58,22,108,MAJOR,T(+)C(+)W(-),LL_TO_HL
HD,2023-09-01 00:00:00+00:00,MAX,312.9998779296875,HH,True,19.58,-17.0,108,56,MAJOR,T(+)C(+)W(-),HH
HD,2023-10-27 00:00:00+00:00,MIN,259.7933044433594,LL,True,-17.0,44.77,56,146,EXTREME,T(+)C(-)W(-),LL
HD,2024-03-21 00:00:00+00:00,MAX,376.1047668457031,HH,True,44.77,-16.0,146,41,MAJOR,T(+)C(+)W(+),HH
HD,2024-05-01 00:00:00+00:00,MIN,315.92987060546875,HL,True,-16.0,5.03,41,14,MINOR,T(+)C(-)W(-),LL_TO_HL
HD,2024-05-15 00:00:00+00:00,MAX,331.8229675292969,LH,True,5.03,-6.76,14,9,MINOR,T(+)C(-)W(-),HH_TO_LH
HD,2024-05-24 00:00:00+00:00,MIN,309.3918151855469,LL,True,-6.76,10.2,9,28,NORMAL,T(+)C(-)W(+),LL
HD,2024-06-21 00:00:00+00:00,MAX,340.9624328613281,HH,True,10.2,-6.23,28,12,MINOR,T(+)C(-)W(+),HH
HD,2024-07-03 00:00:00+00:00,MIN,319.7265625,HL,True,-6.23,11.46,12,14,NORMAL,T(+)C(+)W(+),LL_TO_HL
HD,2024-07-17 00:00:00+00:00,MAX,356.38140869140625,HH,True,11.46,-5.8,14,7,MINOR,T(+)C(+)W(+),HH
HD,2024-07-24 00:00:00+00:00,MIN,335.70135498046875,HL,True,-5.8,5.1,7,7,MINOR,T(+)C(+)W(+),HL
HD,2024-07-31 00:00:00+00:00,MAX,352.8069763183594,LH,True,5.1,-7.0,7,7,MINOR,T(+)C(+)W(+),HH_TO_LH
HD,2024-08-07 00:00:00+00:00,MIN,328.1211853027344,LL,True,-7.0,23.0,7,70,MAJOR,T(+)C(+)W(+),LL
HD,2024-10-16 00:00:00+00:00,MAX,403.5896301269531,HH,True,23.0,-7.22,70,21,NORMAL,T(+)C(+)W(+),HH
HD,2024-11-06 00:00:00+00:00,MIN,374.4346618652344,HL,True,-7.22,11.66,21,30,NORMAL,T(+)C(+)W(-),LL_TO_HL
HD,2024-12-06 00:00:00+00:00,MAX,418.08184814453125,HH,True,11.66,-10.93,30,32,NORMAL,T(+)C(+)W(+),HH
HD,2025-01-07 00:00:00+00:00,MIN,372.39398193359375,LL,True,-10.93,10.58,32,20,NORMAL,T(+)C(-)W(-),LL
HD,2025-01-27 00:00:00+00:00,MAX,411.7821044921875,LH,True,10.58,-17.75,20,45,MAJOR,T(+)C(-)W(+),HH_TO_LH
HD,2025-03-13 00:00:00+00:00,MIN,338.6889343261719,LL,True,-17.75,6.81,45,20,MINOR,T(+)C(-)W(-),LL
HD,2025-04-02 00:00:00+00:00,MAX,361.7461242675781,LH,True,6.81,-9.61,20,6,NORMAL,T(+)C(-)W(-),LH
HD,2025-04-08 00:00:00+00:00,MIN,326.97503662109375,LL,True,-9.61,13.58,6,38,NORMAL,T(+)C(-)W(-),LL
HD,2025-05-16 00:00:00+00:00,MAX,371.3923034667969,HH,True,13.58,-8.3,38,33,NORMAL,T(+)C(-)W(+),HH
HD,2025-06-18 00:00:00+00:00,MIN,340.57781982421875,HL,True,-8.3,22.7,33,85,MAJOR,T(-)C(+)W(-),LL_TO_HL
HD,2025-09-11 00:00:00+00:00,MAX,417.90509033203125,HH,True,22.7,-21.5,85,70,MAJOR,T(-)C(+)W(+),HH
HD,2025-11-20 00:00:00+00:00,MIN,328.05084228515625,LL,True,-21.5,18.41,70,85,MAJOR,T(+)C(-)W(-),LL
HD,2026-02-13 00:00:00+00:00,MAX,388.45294189453125,LH,True,18.41,-17.94,85,53,MAJOR,T(+)C(+)W(+),HH_TO_LH
HD,2026-04-07 00:00:00+00:00,MIN,318.7699890136719,LL,True,-17.94,10.11,53,13,NORMAL,T(-)C(-)W(-),LL
HD,2026-04-20 00:00:00+00:00,MAX,350.989990234375,LH,True,10.11,-15.24,13,25,MAJOR,T(-)C(-)W(-),LH
HD,2026-05-15 00:00:00+00:00,MIN,297.510009765625,LL,True,-15.24,0.0,25,0,MINOR,T(-)C(-)W(-),LL
HON,2006-02-15 14:30:00+00:00,MIN,36.63159755,LL,True,0.0,8.13,0,61,NORMAL,UNKNOWN,LL
HON,2006-04-18 13:30:00+00:00,MAX,39.60948433,HH,True,8.13,-14.81,61,56,NORMAL,UNKNOWN,HH
HON,2006-06-13 13:30:00+00:00,MIN,33.74340582,LL,True,-14.81,7.12,56,17,NORMAL,UNKNOWN,LL
HON,2006-06-30 13:30:00+00:00,MAX,36.14724183,LH,True,7.12,-10.15,17,21,NORMAL,UNKNOWN,HH_TO_LH
HON,2006-07-21 13:30:00+00:00,MIN,32.47870947,LL,True,-10.15,33.42,21,215,EXTREME,UNKNOWN,LL
HON,2007-02-21 14:30:00+00:00,MAX,43.33184258,HH,True,33.42,-5.05,215,12,MINOR,T(+)C(+)W(+),HH
HON,2007-03-05 14:30:00+00:00,MIN,41.14327525,HL,True,-5.05,28.34,12,101,MAJOR,T(+)C(+)W(+),LL_TO_HL
HON,2007-06-15 13:30:00+00:00,MAX,52.80367605,HH,True,28.34,-5.42,101,7,MINOR,T(+)C(+)W(+),HH
HON,2007-06-22 13:30:00+00:00,MIN,49.94238407,HL,True,-5.42,10.36,7,31,NORMAL,T(+)C(+)W(+),HL
HON,2007-07-23 13:30:00+00:00,MAX,55.11781702,HH,True,10.36,-11.93,31,24,NORMAL,T(+)C(+)W(+),HH
HON,2007-08-16 13:30:00+00:00,MIN,48.54314563,LL,True,-11.93,14.02,24,57,NORMAL,T(+)C(+)W(-),LL
HON,2007-10-12 13:30:00+00:00,MAX,55.35103394,HH,True,14.02,-13.81,57,45,NORMAL,T(+)C(+)W(+),HH
HON,2007-11-26 14:30:00+00:00,MIN,47.70897817,LL,True,-13.81,16.13,45,30,MAJOR,T(+)C(+)W(-),LL
HON,2007-12-26 14:30:00+00:00,MAX,55.40484287,HH,True,16.13,-12.66,30,27,NORMAL,T(+)C(-)W(+),HH
HON,2008-01-22 14:30:00+00:00,MIN,48.39058273,HL,True,-12.66,12.1,27,13,NORMAL,T(+)C(-)W(-),LL_TO_HL
HON,2008-02-04 14:30:00+00:00,MAX,54.24777192,LH,True,12.1,-8.22,13,17,NORMAL,T(+)C(+)W(-),HH_TO_LH
HON,2008-02-21 14:30:00+00:00,MIN,49.78990221,HL,True,-8.22,7.42,17,6,NORMAL,T(+)C(-)W(-),HL
HON,2008-02-27 14:30:00+00:00,MAX,53.48536164,LH,True,7.42,-8.96,6,21,NORMAL,T(+)C(-)W(+),LH
HON,2008-03-20 13:30:00+00:00,MIN,48.69561807,LL,True,-8.96,14.99,21,56,NORMAL,T(+)C(-)W(-),LL
HON,2008-05-15 13:30:00+00:00,MAX,55.99682304,HH,True,14.99,-23.37,56,61,MAJOR,T(+)C(+)W(+),HH
HON,2008-07-15 13:30:00+00:00,MIN,42.91027462,LL,True,-23.37,10.22,61,8,NORMAL,T(-)C(-)W(-),LL
HON,2008-07-23 13:30:00+00:00,MAX,47.29637962,LH,True,10.22,-41.97,8,79,EXTREME,T(-)C(-)W(-),HH_TO_LH
HON,2008-10-10 13:30:00+00:00,MIN,27.44679841,LL,True,-41.97,9.25,79,3,NORMAL,T(-)C(-)W(-),LL
HON,2008-10-13 13:30:00+00:00,MAX,29.98515957,LH,True,9.25,-13.01,3,2,NORMAL,T(-)C(-)W(-),LH
HON,2008-10-15 13:30:00+00:00,MIN,26.0834197,LL,True,-13.01,6.36,2,1,MINOR,T(-)C(-)W(-),LL
HON,2008-10-16 13:30:00+00:00,MAX,27.74277483,LH,True,6.36,-15.23,1,11,MAJOR,T(-)C(-)W(-),LH
HON,2008-10-27 13:30:00+00:00,MIN,23.51813147,LL,True,-15.23,25.1,11,8,MAJOR,T(-)C(-)W(-),LL
HON,2008-11-04 14:30:00+00:00,MAX,29.42008763,HH,True,25.1,-18.54,8,8,MAJOR,T(-)C(-)W(-),HH
HON,2008-11-12 14:30:00+00:00,MIN,23.96660861,HL,True,-18.54,7.75,8,1,NORMAL,T(-)C(-)W(-),LL_TO_HL
HON,2008-11-13 14:30:00+00:00,MAX,25.8232936,LH,True,7.75,-17.78,1,7,MAJOR,T(-)C(-)W(-),HH_TO_LH
HON,2008-11-20 14:30:00+00:00,MIN,21.23089874,LL,True,-17.78,17.7,7,8,MAJOR,T(-)C(-)W(-),LL
HON,2008-11-28 14:30:00+00:00,MAX,24.98913557,LH,True,17.7,-8.54,8,6,NORMAL,T(-)C(-)W(-),LH
HON,2008-12-04 14:30:00+00:00,MIN,22.85438565,HL,True,-8.54,41.44,6,33,EXTREME,T(-)C(-)W(-),LL_TO_HL
HON,2009-01-06 14:30:00+00:00,MAX,32.3262097,HH,True,41.44,-12.51,33,14,NORMAL,T(-)C(+)W(+),HH
HON,2009-01-20 14:30:00+00:00,MIN,28.28095644,HL,True,-12.51,10.09,14,8,NORMAL,T(-)C(+)W(+),HL
HON,2009-01-28 14:30:00+00:00,MAX,31.13327901,LH,True,10.09,-8.7,8,6,NORMAL,T(-)C(+)W(+),HH_TO_LH
HON,2009-02-03 14:30:00+00:00,MIN,28.4244689,HL,True,-8.7,5.87,6,6,MINOR,T(-)C(+)W(+),HL
HON,2009-02-09 14:30:00+00:00,MAX,30.0928038,LH,True,5.87,-30.76,6,27,EXTREME,T(-)C(+)W(+),LH
HON,2009-03-09 13:30:00+00:00,MIN,20.83623901,LL,True,-30.76,30.95,27,17,EXTREME,T(-)C(-)W(-),LL
HON,2009-03-26 13:30:00+00:00,MAX,27.28533771,LH,True,30.95,-8.58,17,4,NORMAL,T(-)C(-)W(-),LH
HON,2009-03-30 13:30:00+00:00,MIN,24.94428757,HL,True,-8.58,13.23,4,17,NORMAL,T(-)C(-)W(-),LL_TO_HL
HON,2009-04-16 13:30:00+00:00,MAX,28.24508728,HH,True,13.23,-5.4,17,4,MINOR,T(-)C(-)W(+),HH
HON,2009-04-20 13:30:00+00:00,MIN,26.72024787,HL,True,-5.4,8.69,4,3,NORMAL,T(-)C(-)W(+),HL
HON,2009-04-23 13:30:00+00:00,MAX,29.04336767,HH,True,8.69,-9.11,3,5,NORMAL,T(-)C(-)W(+),HH
HON,2009-04-28 13:30:00+00:00,MIN,26.39734437,LL,True,-9.11,17.97,5,10,MAJOR,T(-)C(-)W(+),LL
HON,2009-05-08 13:30:00+00:00,MAX,31.14223994,HH,True,17.97,-9.65,10,5,NORMAL,T(-)C(+)W(+),HH
HON,2009-05-13 13:30:00+00:00,MIN,28.13744398,HL,True,-9.65,14.09,5,29,NORMAL,T(-)C(+)W(+),LL_TO_HL
HON,2009-06-11 13:30:00+00:00,MAX,32.10197161,HH,True,14.09,-18.11,29,26,MAJOR,T(-)C(+)W(+),HH
HON,2009-07-07 13:30:00+00:00,MIN,26.28971898,LL,True,-18.11,37.05,26,73,EXTREME,T(-)C(+)W(-),LL
HON,2009-09-18 13:30:00+00:00,MAX,36.03063855,HH,True,37.05,-11.38,73,14,NORMAL,T(+)C(+)W(+),HH
HON,2009-10-02 13:30:00+00:00,MIN,31.93156788,HL,True,-11.38,8.23,14,20,NORMAL,T(+)C(+)W(+),LL_TO_HL
HON,2009-10-22 13:30:00+00:00,MAX,34.55963351,LH,True,8.23,-6.85,20,8,MINOR,T(+)C(+)W(-),HH_TO_LH
HON,2009-10-30 13:30:00+00:00,MIN,32.19167514,HL,True,-6.85,15.1,8,45,MAJOR,T(+)C(+)W(-),HL
HON,2009-12-14 14:30:00+00:00,MAX,37.05316551,HH,True,15.1,-5.23,45,4,MINOR,T(+)C(+)W(+),HH
HON,2009-12-18 14:30:00+00:00,MIN,35.11573603,HL,True,-5.23,9.45,4,32,NORMAL,T(+)C(+)W(+),HL
HON,2010-01-19 14:30:00+00:00,MAX,38.43448398,HH,True,9.45,-13.96,32,20,NORMAL,T(+)C(+)W(+),HH
HON,2010-02-08 14:30:00+00:00,MIN,33.07069059,LL,True,-13.96,31.6,20,79,EXTREME,T(+)C(+)W(-),LL
HON,2010-04-29 13:30:00+00:00,MAX,43.52020303,HH,True,31.6,-10.31,79,8,NORMAL,T(+)C(+)W(+),HH
HON,2010-05-07 13:30:00+00:00,MIN,39.03543356,HL,True,-10.31,7.7,8,5,NORMAL,T(+)C(+)W(+),LL_TO_HL
HON,2010-05-12 13:30:00+00:00,MAX,42.04022952,LH,True,7.7,-14.66,5,26,NORMAL,T(+)C(+)W(+),HH_TO_LH
HON,2010-06-07 13:30:00+00:00,MIN,35.87815574,LL,True,-14.66,7.6,26,8,NORMAL,T(+)C(-)W(-),LL
HON,2010-06-15 13:30:00+00:00,MAX,38.60488677,LH,True,7.6,-10.48,8,17,NORMAL,T(+)C(-)W(-),LH
HON,2010-07-02 13:30:00+00:00,MIN,34.55963351,LL,True,-10.48,14.51,17,34,NORMAL,T(+)C(-)W(-),LL
HON,2010-08-05 13:30:00+00:00,MAX,39.57360575,HH,True,14.51,-12.28,34,21,NORMAL,T(+)C(-)W(+),HH
HON,2010-08-26 13:30:00+00:00,MIN,34.71211632,HL,True,-12.28,49.84,21,176,EXTREME,T(+)C(+)W(-),LL_TO_HL
HON,2011-02-18 14:30:00+00:00,MAX,52.01436602,HH,True,49.84,-6.31,176,25,MINOR,T(+)C(+)W(+),HH
HON,2011-03-16 13:30:00+00:00,MIN,48.73150514,HL,True,-6.31,14.12,25,41,NORMAL,T(+)C(+)W(-),HL
HON,2011-04-26 13:30:00+00:00,MAX,55.61114215,HH,True,14.12,-10.44,41,45,NORMAL,T(+)C(+)W(+),HH
HON,2011-06-10 13:30:00+00:00,MIN,49.80785045,HL,True,-10.44,8.84,45,27,NORMAL,T(+)C(+)W(-),HL
HON,2011-07-07 13:30:00+00:00,MAX,54.21189428,LH,True,8.84,-26.72,27,32,MAJOR,T(+)C(-)W(-),HH_TO_LH
HON,2011-08-08 13:30:00+00:00,MIN,39.72607914,LL,True,-26.72,5.58,32,1,MINOR,T(+)C(-)W(-),LL
HON,2011-08-09 13:30:00+00:00,MAX,41.94155564,LH,True,5.58,-7.57,1,1,NORMAL,T(+)C(-)W(-),LH
HON,2011-08-10 13:30:00+00:00,MIN,38.76634747,LL,True,-7.57,9.28,1,5,NORMAL,T(+)C(-)W(-),LL
HON,2011-08-15 13:30:00+00:00,MAX,42.36313302,HH,True,9.28,-11.2,5,7,NORMAL,T(+)C(-)W(-),HH
HON,2011-08-22 13:30:00+00:00,MIN,37.61824687,LL,True,-11.2,14.0,7,9,NORMAL,T(+)C(-)W(-),LL
HON,2011-08-31 13:30:00+00:00,MAX,42.88336638,HH,True,14.0,-7.68,9,12,NORMAL,T(+)C(-)W(-),HH
HON,2011-09-12 13:30:00+00:00,MIN,39.59154551,HL,True,-7.68,7.2,12,7,NORMAL,T(+)C(-)W(-),LL_TO_HL
HON,2011-09-19 13:30:00+00:00,MAX,42.44386808,LH,True,7.2,-11.31,7,3,NORMAL,T(+)C(-)W(-),HH_TO_LH
HON,2011-09-22 13:30:00+00:00,MIN,37.6451551,LL,True,-11.31,7.55,3,5,NORMAL,T(+)C(-)W(-),LL
HON,2011-09-27 13:30:00+00:00,MAX,40.48849884,LH,True,7.55,-6.25,5,6,MINOR,T(-)C(-)W(-),LH
HON,2011-10-03 13:30:00+00:00,MIN,37.95909767,HL,True,-6.25,27.76,6,24,MAJOR,T(-)C(-)W(-),LL_TO_HL
HON,2011-10-27 13:30:00+00:00,MAX,48.49830611,HH,True,27.76,-5.31,24,5,MINOR,T(-)C(+)W(+),HH
HON,2011-11-01 13:30:00+00:00,MIN,45.92403999,HL,True,-5.31,7.01,5,10,NORMAL,T(-)C(+)W(+),HL
HON,2011-11-11 14:30:00+00:00,MAX,49.14409521,HH,True,7.01,-10.31,10,14,NORMAL,T(-)C(+)W(+),HH
HON,2011-11-25 14:30:00+00:00,MIN,44.07631498,LL,True,-10.31,11.31,14,10,NORMAL,T(-)C(+)W(+),LL
HON,2011-12-05 14:30:00+00:00,MAX,49.06337805,LH,True,11.31,-5.76,10,9,MINOR,T(-)C(+)W(+),HH_TO_LH
HON,2011-12-14 14:30:00+00:00,MIN,46.23797407,HL,True,-5.76,19.84,9,102,MAJOR,T(-)C(+)W(+),LL_TO_HL
HON,2012-03-26 13:30:00+00:00,MAX,55.41381228,HH,True,19.84,-8.42,102,15,NORMAL,T(+)C(+)W(+),HH
HON,2012-04-10 13:30:00+00:00,MIN,50.74965177,HL,True,-8.42,8.32,15,17,NORMAL,T(+)C(+)W(+),HL
HON,2012-04-27 13:30:00+00:00,MAX,54.97429608,LH,True,8.32,-13.2,17,38,NORMAL,T(+)C(-)W(-),HH_TO_LH
HON,2012-06-04 13:30:00+00:00,MIN,47.71794758,LL,True,-13.2,6.35,38,15,MINOR,T(+)C(-)W(-),LL
HON,2012-06-19 13:30:00+00:00,MAX,50.74965177,LH,True,6.35,-6.47,15,9,MINOR,T(+)C(-)W(-),LH
HON,2012-06-28 13:30:00+00:00,MIN,47.46680031,LL,True,-6.47,20.05,9,131,MAJOR,T(+)C(-)W(-),LL
HON,2012-11-06 14:30:00+00:00,MAX,56.98348179,HH,True,20.05,-6.89,131,10,MINOR,T(+)C(+)W(+),HH
HON,2012-11-16 14:30:00+00:00,MIN,53.0548139,HL,True,-6.89,27.61,10,129,MAJOR,T(+)C(+)W(+),LL_TO_HL
HON,2013-03-26 13:30:00+00:00,MAX,67.70208032,HH,True,27.61,-5.31,129,23,MINOR,T(+)C(+)W(+),HH
HON,2013-04-18 13:30:00+00:00,MIN,64.10529571,HL,True,-5.31,12.98,23,29,NORMAL,T(+)C(+)W(+),HL
HON,2013-05-17 13:30:00+00:00,MAX,72.42902765,HH,True,12.98,-5.02,29,19,MINOR,T(+)C(+)W(+),HH
HON,2013-06-05 13:30:00+00:00,MIN,68.79636446,HL,True,-5.02,5.41,19,13,MINOR,T(+)C(+)W(+),HL
HON,2013-06-18 13:30:00+00:00,MAX,72.51873212,HH,True,5.41,-5.19,13,6,MINOR,T(+)C(+)W(+),HH
HON,2013-06-24 13:30:00+00:00,MIN,68.75150798,LL,True,-5.19,10.48,6,39,NORMAL,T(+)C(+)W(+),LL
HON,2013-08-02 13:30:00+00:00,MAX,75.95404755,HH,True,10.48,-6.41,39,25,MINOR,T(+)C(+)W(+),HH
HON,2013-08-27 13:30:00+00:00,MIN,71.08359719,HL,True,-6.41,9.51,25,23,NORMAL,T(+)C(+)W(-),LL_TO_HL
HON,2013-09-19 13:30:00+00:00,MAX,77.84662055,HH,True,9.51,-6.15,23,14,MINOR,T(+)C(+)W(+),HH
HON,2013-10-03 13:30:00+00:00,MIN,73.05689488,HL,True,-6.15,17.18,14,155,MAJOR,T(+)C(+)W(+),HL
HON,2014-03-07 14:30:00+00:00,MAX,85.60528055,HH,True,17.18,-5.39,155,19,MINOR,T(+)C(+)W(+),HH
HON,2014-03-27 13:30:00+00:00,MIN,80.99493744,HL,True,-5.39,7.8,19,116,NORMAL,T(+)C(+)W(-),HL
HON,2014-07-21 13:30:00+00:00,MAX,87.3094931,HH,True,7.8,-6.97,116,16,MINOR,T(+)C(+)W(+),HH
HON,2014-08-06 13:30:00+00:00,MIN,81.22814495,HL,True,-6.97,6.56,16,44,MINOR,T(+)C(+)W(-),HL
HON,2014-09-19 13:30:00+00:00,MAX,86.55605128,LH,True,6.56,-11.8,44,26,NORMAL,T(+)C(+)W(+),HH_TO_LH
HON,2014-10-15 13:30:00+00:00,MIN,76.33974635,LL,True,-11.8,25.54,26,212,MAJOR,T(+)C(-)W(-),LL
HON,2015-05-15 13:30:00+00:00,MAX,95.83952431,HH,True,25.54,-5.5,212,54,MINOR,T(+)C(-)W(-),HH
HON,2015-07-08 13:30:00+00:00,MIN,90.56543538,HL,True,-5.5,6.27,54,33,MINOR,T(+)C(+)W(-),LL_TO_HL
HON,2015-08-10 13:30:00+00:00,MAX,96.24315344,HH,True,6.27,-12.46,33,15,NORMAL,T(+)C(-)W(+),HH
HON,2015-08-25 13:30:00+00:00,MIN,84.25087973,LL,True,-12.46,7.48,15,22,NORMAL,T(+)C(-)W(-),LL
HON,2015-09-16 13:30:00+00:00,MAX,90.55646597,LH,True,7.48,-9.28,22,12,NORMAL,T(+)C(-)W(-),HH_TO_LH
HON,2015-09-28 13:30:00+00:00,MIN,82.15200745,LL,True,-9.28,15.33,12,53,MAJOR,T(+)C(-)W(-),LL
HON,2015-11-20 14:30:00+00:00,MAX,94.74524111,HH,True,15.33,-7.01,53,21,NORMAL,T(-)C(+)W(+),HH
HON,2015-12-11 14:30:00+00:00,MIN,88.10778196,HL,True,-7.01,7.24,21,18,NORMAL,T(-)C(+)W(-),LL_TO_HL
HON,2015-12-29 14:30:00+00:00,MAX,94.48512443,LH,True,7.24,-8.64,18,22,NORMAL,T(-)C(+)W(-),HH_TO_LH
HON,2016-01-20 14:30:00+00:00,MIN,86.32284378,LL,True,-8.64,11.46,22,30,NORMAL,T(-)C(-)W(-),LL
HON,2016-02-19 14:30:00+00:00,MAX,96.21624521,HH,True,11.46,-5.52,30,10,MINOR,T(-)C(-)W(+),HH
HON,2016-02-29 14:30:00+00:00,MIN,90.9062777,HL,True,-5.52,18.28,10,141,MAJOR,T(-)C(+)W(+),LL_TO_HL
HON,2016-07-20 13:30:00+00:00,MAX,107.52683334,HH,True,18.28,-11.26,141,83,NORMAL,T(+)C(+)W(+),HH
HON,2016-10-11 13:30:00+00:00,MIN,95.42290648,HL,True,-11.26,55.97,83,472,EXTREME,T(+)C(-)W(-),HL
HON,2018-01-26 14:30:00+00:00,MAX,148.83555748,HH,True,55.97,-11.5,472,13,NORMAL,T(+)C(+)W(+),HH
HON,2018-02-08 14:30:00+00:00,MIN,131.72294109,HL,True,-11.5,7.18,13,18,NORMAL,T(+)C(+)W(+),HL
HON,2018-02-26 14:30:00+00:00,MAX,141.17682727,LH,True,7.18,-8.99,18,34,NORMAL,T(+)C(+)W(-),HH_TO_LH
HON,2018-04-02 13:30:00+00:00,MIN,128.48444393,LL,True,-8.99,5.72,34,18,MINOR,T(+)C(-)W(-),LL
HON,2018-04-20 13:30:00+00:00,MAX,135.82744334,LH,True,5.72,-5.04,18,12,MINOR,T(+)C(-)W(-),LH
HON,2018-05-02 13:30:00+00:00,MIN,128.98059273,HL,True,-5.04,6.49,12,41,MINOR,T(+)C(-)W(-),LL_TO_HL
HON,2018-06-12 13:30:00+00:00,MAX,137.35197278,HH,True,6.49,-6.0,41,16,MINOR,T(+)C(+)W(+),HH
HON,2018-06-28 13:30:00+00:00,MIN,129.11590647,HL,True,-6.0,17.59,16,95,MAJOR,T(+)C(+)W(-),HL
HON,2018-10-01 13:30:00+00:00,MAX,151.83164971,HH,True,17.59,-12.68,95,23,NORMAL,T(+)C(+)W(+),HH
HON,2018-10-24 13:30:00+00:00,MIN,132.58358621,HL,True,-12.68,6.98,23,15,MINOR,T(+)C(+)W(-),HL
HON,2018-11-08 14:30:00+00:00,MAX,141.84294075,LH,True,6.98,-17.08,15,46,MAJOR,T(+)C(-)W(-),HH_TO_LH
HON,2018-12-24 14:30:00+00:00,MIN,117.61045695,LL,True,-17.08,39.09,46,126,EXTREME,T(+)C(-)W(-),LL
HON,2019-04-30 13:30:00+00:00,MAX,163.58810895,HH,True,39.09,-5.37,126,31,MINOR,T(+)C(+)W(+),HH
HON,2019-05-31 13:30:00+00:00,MIN,154.80713115,HL,True,-5.37,8.58,31,33,NORMAL,T(+)C(+)W(+),LL_TO_HL
HON,2019-07-03 13:30:00+00:00,MAX,168.082236,HH,True,8.58,-12.28,33,51,NORMAL,T(+)C(+)W(+),HH
HON,2019-08-23 13:30:00+00:00,MIN,147.43940085,LL,True,-12.28,9.45,51,19,NORMAL,T(+)C(-)W(-),LL
HON,2019-09-11 13:30:00+00:00,MAX,161.3740212,LH,True,9.45,-7.39,19,27,NORMAL,T(+)C(-)W(-),HH_TO_LH
HON,2019-10-08 13:30:00+00:00,MIN,149.4462123,HL,True,-7.39,14.75,27,35,NORMAL,T(+)C(-)W(+),LL_TO_HL
HON,2019-11-12 14:30:00+00:00,MAX,171.48345165,HH,True,14.75,-5.2,35,21,MINOR,T(+)C(+)W(+),HH
HON,2019-12-03 14:30:00+00:00,MIN,162.57057075,HL,True,-5.2,6.19,21,45,MINOR,T(+)C(+)W(+),HL
HON,2020-01-17 14:30:00+00:00,MAX,172.63289295,HH,True,6.19,-6.5,45,17,MINOR,T(+)C(+)W(+),HH
HON,2020-02-03 14:30:00+00:00,MIN,161.4117078,LL,True,-6.5,5.76,17,9,MINOR,T(+)C(-)W(+),LL
HON,2020-02-12 14:30:00+00:00,MAX,170.7014547,LH,True,5.76,-11.94,9,15,NORMAL,T(+)C(+)W(-),HH_TO_LH
HON,2020-02-27 14:30:00+00:00,MIN,150.32242575,LL,True,-11.94,7.3,15,6,NORMAL,T(+)C(-)W(-),LL
HON,2020-03-04 14:30:00+00:00,MAX,161.28922635,LH,True,7.3,-10.71,6,4,NORMAL,T(+)C(-)W(-),LH
HON,2020-03-09 13:30:00+00:00,MIN,144.0193419,LL,True,-10.71,5.78,4,1,MINOR,T(+)C(-)W(-),LL
HON,2020-03-10 13:30:00+00:00,MAX,152.33865885,LH,True,5.78,-16.6,1,2,MAJOR,T(+)C(-)W(-),LH
HON,2020-03-12 13:30:00+00:00,MIN,127.05095025,LL,True,-16.6,10.8,2,1,NORMAL,T(+)C(-)W(-),LL
HON,2020-03-13 13:30:00+00:00,MAX,140.76887265,LH,True,10.8,-30.49,1,10,EXTREME,T(+)C(-)W(-),LH
HON,2020-03-23 13:30:00+00:00,MIN,97.8532569,LL,True,-30.49,32.29,10,3,EXTREME,T(-)C(-)W(-),LL
HON,2020-03-26 13:30:00+00:00,MAX,129.453471,LH,True,32.29,-7.24,3,8,NORMAL,T(-)C(-)W(-),LH
HON,2020-04-03 13:30:00+00:00,MIN,120.07892925,HL,True,-7.24,12.54,8,6,NORMAL,T(-)C(-)W(-),LL_TO_HL
HON,2020-04-09 13:30:00+00:00,MAX,135.13472595,HH,True,12.54,-7.97,6,12,NORMAL,T(-)C(-)W(-),HH
HON,2020-04-21 13:30:00+00:00,MIN,124.36578,HL,True,-7.97,10.73,12,8,NORMAL,T(-)C(-)W(-),HL
HON,2020-04-29 13:30:00+00:00,MAX,137.7068364,HH,True,10.73,-15.87,8,14,MAJOR,T(-)C(-)W(+),HH
HON,2020-05-13 13:30:00+00:00,MIN,115.85803005,LL,True,-15.87,32.49,14,26,EXTREME,T(-)C(-)W(+),LL
HON,2020-06-08 13:30:00+00:00,MAX,153.4975218,HH,True,32.49,-15.17,26,18,MAJOR,T(-)C(+)W(+),HH
HON,2020-06-26 13:30:00+00:00,MIN,130.21662465,HL,True,-15.17,24.79,18,68,MAJOR,T(-)C(+)W(+),LL_TO_HL
HON,2020-09-02 13:30:00+00:00,MAX,162.49519755,HH,True,24.79,-7.95,68,22,NORMAL,T(-)C(+)W(+),HH
HON,2020-09-24 13:30:00+00:00,MIN,149.5781154,HL,True,-7.95,11.39,22,28,NORMAL,T(-)C(+)W(+),HL
HON,2020-10-22 13:30:00+00:00,MAX,166.62188025,HH,True,11.39,-8.87,28,6,NORMAL,T(-)C(+)W(+),HH
HON,2020-10-28 13:30:00+00:00,MIN,151.8393114,HL,True,-8.87,33.18,6,44,EXTREME,T(-)C(+)W(+),HL
HON,2020-12-11 14:30:00+00:00,MAX,202.21687395,HH,True,33.18,-8.97,44,49,NORMAL,T(+)C(+)W(+),HH
HON,2021-01-29 14:30:00+00:00,MIN,184.07077605,HL,True,-8.97,18.81,49,76,MAJOR,T(+)C(+)W(-),HL
HON,2021-04-16 13:30:00+00:00,MAX,218.68591815,HH,True,18.81,-14.41,76,25,NORMAL,T(+)C(+)W(+),HH
HON,2021-05-12 00:00:00+00:00,MIN,187.18096923828125,HL,True,-14.41,6.32,25,20,MINOR,T(+)C(+)W(-),HL
HON,2021-06-01 00:00:00+00:00,MAX,199.0042266845703,LH,True,6.32,-8.78,20,17,NORMAL,T(+)C(-)W(-),HH_TO_LH
HON,2021-06-18 00:00:00+00:00,MIN,181.53419494628906,LL,True,-8.78,9.56,17,27,NORMAL,T(+)C(-)W(-),LL
HON,2021-07-15 00:00:00+00:00,MAX,198.88461303710938,LH,True,9.56,-5.22,27,4,MINOR,T(+)C(-)W(-),LH
HON,2021-07-19 00:00:00+00:00,MIN,188.50511169433594,HL,True,-5.22,6.35,4,28,MINOR,T(+)C(-)W(-),LL_TO_HL
HON,2021-08-16 00:00:00+00:00,MAX,200.47523498535156,HH,True,6.35,-9.18,28,45,NORMAL,T(+)C(+)W(+),HH
HON,2021-09-30 00:00:00+00:00,MIN,182.0692901611328,LL,True,-9.18,7.29,45,40,NORMAL,T(+)C(-)W(-),LL
HON,2021-11-09 00:00:00+00:00,MAX,195.33767700195312,LH,True,7.29,-12.06,40,22,NORMAL,T(-)C(-)W(+),HH_TO_LH
HON,2021-12-01 00:00:00+00:00,MIN,171.77862548828125,LL,True,-12.06,10.03,22,43,NORMAL,T(-)C(-)W(-),LL
HON,2022-01-13 00:00:00+00:00,MAX,189.01504516601562,LH,True,10.03,-18.44,43,41,MAJOR,T(-)C(-)W(+),LH
HON,2022-02-23 00:00:00+00:00,MIN,154.1545867919922,LL,True,-18.44,11.13,41,30,NORMAL,T(-)C(-)W(-),LL
HON,2022-03-25 00:00:00+00:00,MAX,171.31268310546875,LH,True,11.13,-5.78,30,33,MINOR,T(-)C(-)W(+),LH
HON,2022-04-27 00:00:00+00:00,MIN,161.40408325195312,HL,True,-5.78,10.46,33,7,NORMAL,T(-)C(+)W(+),LL_TO_HL
HON,2022-05-04 00:00:00+00:00,MAX,178.29373168945312,HH,True,10.46,-17.23,7,71,MAJOR,T(-)C(+)W(+),HH
HON,2022-07-14 00:00:00+00:00,MIN,147.57154846191406,LL,True,-17.23,20.78,71,35,MAJOR,T(-)C(-)W(-),LL
HON,2022-08-18 00:00:00+00:00,MAX,178.23963928222656,LH,True,20.78,-18.04,35,43,MAJOR,T(-)C(+)W(+),HH_TO_LH
HON,2022-09-30 00:00:00+00:00,MIN,146.086181640625,LL,True,-18.04,32.44,43,56,EXTREME,T(-)C(-)W(-),LL
HON,2022-11-25 00:00:00+00:00,MAX,193.469970703125,HH,True,32.44,-7.08,56,41,NORMAL,T(-)C(+)W(+),HH
HON,2023-01-05 00:00:00+00:00,MIN,179.7718963623047,HL,True,-7.08,5.94,41,8,MINOR,T(+)C(+)W(-),LL_TO_HL
HON,2023-01-13 00:00:00+00:00,MAX,190.445556640625,LH,True,5.94,-14.31,8,63,NORMAL,T(+)C(+)W(-),HH_TO_LH
HON,2023-03-17 00:00:00+00:00,MIN,163.19705200195312,LL,True,-14.31,14.16,63,130,NORMAL,T(+)C(-)W(-),LL
HON,2023-07-25 00:00:00+00:00,MAX,186.3014373779297,LH,True,14.16,-11.71,130,44,NORMAL,T(+)C(+)W(+),LH
HON,2023-09-07 00:00:00+00:00,MIN,164.486572265625,HL,True,-11.71,6.1,44,12,MINOR,T(+)C(-)W(-),LL_TO_HL
HON,2023-09-19 00:00:00+00:00,MAX,174.51907348632812,LH,True,6.1,-9.87,12,37,NORMAL,T(-)C(-)W(+),LH
HON,2023-10-26 00:00:00+00:00,MIN,157.28602600097656,LL,True,-9.87,19.81,37,64,MAJOR,T(-)C(-)W(-),LL
HON,2023-12-29 00:00:00+00:00,MAX,188.45021057128906,HH,True,19.81,-7.96,64,38,NORMAL,T(-)C(+)W(+),HH
HON,2024-02-05 00:00:00+00:00,MIN,173.4431915283203,HL,True,-7.96,6.93,38,52,MINOR,T(+)C(+)W(-),LL_TO_HL
HON,2024-03-28 00:00:00+00:00,MAX,185.4561309814453,LH,True,6.93,-7.25,52,20,NORMAL,T(+)C(+)W(+),HH_TO_LH
HON,2024-04-17 00:00:00+00:00,MIN,172.00209045410156,LL,True,-7.25,16.29,20,91,MAJOR,T(+)C(-)W(-),LL
HON,2024-07-17 00:00:00+00:00,MAX,200.0269012451172,HH,True,16.29,-10.66,91,27,NORMAL,T(+)C(+)W(+),HH
HON,2024-08-13 00:00:00+00:00,MIN,178.69894409179688,HL,True,-10.66,13.64,27,70,NORMAL,T(+)C(-)W(-),LL_TO_HL
HON,2024-10-22 00:00:00+00:00,MAX,203.07589721679688,HH,True,13.64,-8.16,70,8,NORMAL,T(+)C(+)W(+),HH
HON,2024-10-30 00:00:00+00:00,MIN,186.4991912841797,HL,True,-8.16,16.14,8,47,MAJOR,T(+)C(+)W(+),HL
HON,2024-12-16 00:00:00+00:00,MAX,216.60374450683594,HH,True,16.14,-14.09,47,60,NORMAL,T(+)C(+)W(+),HH
HON,2025-02-14 00:00:00+00:00,MIN,186.08648681640625,LL,True,-14.09,7.1,60,47,NORMAL,T(+)C(-)W(-),LL
HON,2025-04-02 00:00:00+00:00,MAX,199.2992706298828,LH,True,7.1,-15.34,47,6,MAJOR,T(+)C(-)W(+),HH_TO_LH
HON,2025-04-08 00:00:00+00:00,MIN,168.7294158935547,LL,True,-15.34,32.14,6,86,EXTREME,T(+)C(-)W(-),LL
HON,2025-07-03 00:00:00+00:00,MAX,222.95635986328125,HH,True,32.14,-15.99,86,99,MAJOR,T(+)C(+)W(+),HH
HON,2025-10-10 00:00:00+00:00,MIN,187.30178833007812,HL,True,-15.99,9.84,99,13,NORMAL,T(+)C(-)W(-),LL_TO_HL
HON,2025-10-23 00:00:00+00:00,MAX,205.72337341308594,LH,True,9.84,-9.0,13,28,NORMAL,T(-)C(-)W(-),HH_TO_LH
HON,2025-11-20 00:00:00+00:00,MIN,187.21054077148438,LL,True,-9.0,32.49,28,102,EXTREME,T(-)C(-)W(+),LL
HON,2026-03-02 00:00:00+00:00,MAX,248.0399932861328,HH,True,32.49,-10.7,102,18,NORMAL,T(+)C(+)W(+),HH
HON,2026-03-20 00:00:00+00:00,MIN,221.5,HL,True,-10.7,6.57,18,20,MINOR,T(+)C(+)W(+),LL_TO_HL
HON,2026-04-09 00:00:00+00:00,MAX,236.05999755859375,LH,True,6.57,-11.44,20,26,NORMAL,T(+)C(+)W(-),HH_TO_LH
HON,2026-05-05 00:00:00+00:00,MIN,209.05999755859375,LL,True,-11.44,0.0,26,0,MINOR,T(+)C(-)W(-),LL
IBM,2006-03-22 14:30:00+00:00,MAX,80.6636,HH,True,0.0,-12.88,0,113,NORMAL,UNKNOWN,HH
IBM,2006-07-14 13:30:00+00:00,MIN,70.271425,LL,True,-12.88,37.04,113,186,EXTREME,UNKNOWN,LL
IBM,2007-01-16 14:30:00+00:00,MAX,96.299644,HH,True,37.04,-9.84,186,45,NORMAL,UNKNOWN,HH
IBM,2007-03-02 14:30:00+00:00,MIN,86.824398,HL,True,-9.84,18.8,45,76,MAJOR,T(+)C(+)W(-),LL_TO_HL
IBM,2007-05-18 13:30:00+00:00,MAX,103.14817,HH,True,18.8,-5.73,76,20,MINOR,T(+)C(+)W(+),HH
IBM,2007-06-07 13:30:00+00:00,MIN,97.235695,HL,True,-5.73,16.01,20,48,MAJOR,T(+)C(+)W(+),HL
IBM,2007-07-25 13:30:00+00:00,MAX,112.804878,HH,True,16.01,-7.67,48,27,NORMAL,T(+)C(+)W(+),HH
IBM,2007-08-21 13:30:00+00:00,MIN,104.151073,HL,True,-7.67,9.68,27,56,NORMAL,T(+)C(+)W(+),HL
IBM,2007-10-16 13:30:00+00:00,MAX,114.237624,HH,True,9.68,-16.18,56,24,MAJOR,T(+)C(+)W(+),HH
IBM,2007-11-09 14:30:00+00:00,MIN,95.759203,LL,True,-16.18,11.37,24,45,NORMAL,T(+)C(-)W(-),LL
IBM,2007-12-24 14:30:00+00:00,MAX,106.644051,LH,True,11.37,-12.59,45,15,NORMAL,T(+)C(-)W(-),HH_TO_LH
IBM,2008-01-08 14:30:00+00:00,MIN,93.214455,LL,True,-12.59,11.77,15,24,NORMAL,T(+)C(-)W(+),LL
IBM,2008-02-01 14:30:00+00:00,MAX,104.189289,LH,True,11.77,-6.18,24,6,MINOR,T(+)C(-)W(-),LH
IBM,2008-02-07 14:30:00+00:00,MIN,97.751484,HL,True,-6.18,26.74,6,111,MAJOR,T(+)C(-)W(-),LL_TO_HL
IBM,2008-05-29 13:30:00+00:00,MAX,123.894332,HH,True,26.74,-8.62,111,32,NORMAL,T(+)C(+)W(+),HH
IBM,2008-06-30 13:30:00+00:00,MIN,113.215589,HL,True,-8.62,9.68,32,22,NORMAL,T(+)C(+)W(-),HL
IBM,2008-07-22 13:30:00+00:00,MAX,124.17132,HH,True,9.68,-14.25,22,57,NORMAL,T(+)C(-)W(-),HH
IBM,2008-09-17 13:30:00+00:00,MIN,106.472131,LL,True,-14.25,7.75,57,8,NORMAL,T(+)C(-)W(-),LL
IBM,2008-09-25 13:30:00+00:00,MAX,114.724748,LH,True,7.75,-26.94,8,15,MAJOR,T(+)C(-)W(-),HH_TO_LH
IBM,2008-10-10 13:30:00+00:00,MIN,83.815641,LL,True,-26.94,6.67,15,4,MINOR,T(+)C(-)W(-),LL
IBM,2008-10-14 13:30:00+00:00,MAX,89.40336,LH,True,6.67,-14.89,4,13,NORMAL,T(+)C(-)W(-),LH
IBM,2008-10-27 13:30:00+00:00,MIN,76.088364,LL,True,-14.89,17.25,13,8,MAJOR,T(+)C(-)W(-),LL
IBM,2008-11-04 14:30:00+00:00,MAX,89.212308,LH,True,17.25,-14.63,8,8,NORMAL,T(+)C(-)W(-),LH
IBM,2008-11-12 14:30:00+00:00,MIN,76.164787,HL,True,-14.63,5.61,8,1,MINOR,T(-)C(-)W(-),LL_TO_HL
IBM,2008-11-13 14:30:00+00:00,MAX,80.43437,LH,True,5.61,-14.81,1,7,NORMAL,T(-)C(-)W(-),LH
IBM,2008-11-20 14:30:00+00:00,MIN,68.523475,LL,True,-14.81,13.84,7,6,NORMAL,T(-)C(-)W(-),LL
IBM,2008-11-26 14:30:00+00:00,MAX,78.008244,LH,True,13.84,-5.84,6,5,MINOR,T(-)C(-)W(-),LH
IBM,2008-12-01 14:30:00+00:00,MIN,73.452102,HL,True,-5.84,10.35,5,7,NORMAL,T(-)C(-)W(-),LL_TO_HL
IBM,2008-12-08 14:30:00+00:00,MAX,81.055217,HH,True,10.35,-5.04,7,3,MINOR,T(-)C(-)W(-),HH
IBM,2008-12-11 14:30:00+00:00,MIN,76.967115,HL,True,-5.04,7.22,3,5,NORMAL,T(-)C(-)W(-),HL
IBM,2008-12-16 14:30:00+00:00,MAX,82.52616,HH,True,7.22,-6.81,5,8,MINOR,T(-)C(-)W(-),HH
IBM,2008-12-24 14:30:00+00:00,MIN,76.909805,LL,True,-6.81,10.82,8,13,NORMAL,T(-)C(-)W(-),LL
IBM,2009-01-06 14:30:00+00:00,MAX,85.229284,HH,True,10.82,-8.13,13,14,NORMAL,T(-)C(-)W(+),HH
IBM,2009-01-20 14:30:00+00:00,MIN,78.304345,HL,True,-8.13,18.1,14,20,MAJOR,T(-)C(-)W(+),LL_TO_HL
IBM,2009-02-09 14:30:00+00:00,MAX,92.478988,HH,True,18.1,-12.86,20,14,NORMAL,T(-)C(+)W(+),HH
IBM,2009-02-23 14:30:00+00:00,MIN,80.587187,HL,True,-12.86,9.08,14,4,NORMAL,T(-)C(+)W(+),HL
IBM,2009-02-27 14:30:00+00:00,MAX,87.903743,LH,True,9.08,-9.29,4,9,NORMAL,T(-)C(+)W(+),HH_TO_LH
IBM,2009-03-09 13:30:00+00:00,MIN,79.737091,LL,True,-9.29,31.05,9,94,EXTREME,T(-)C(+)W(+),LL
IBM,2009-06-11 13:30:00+00:00,MAX,104.494932,HH,True,31.05,-8.42,94,26,NORMAL,T(-)C(+)W(+),HH
IBM,2009-07-07 13:30:00+00:00,MIN,95.697881,HL,True,-8.42,28.11,26,99,MAJOR,T(-)C(+)W(+),LL_TO_HL
IBM,2009-10-14 13:30:00+00:00,MAX,122.595309,HH,True,28.11,-6.42,99,12,MINOR,T(+)C(+)W(+),HH
IBM,2009-10-26 13:30:00+00:00,MIN,114.724748,HL,True,-6.42,11.68,12,85,NORMAL,T(+)C(+)W(+),HL
IBM,2010-01-19 14:30:00+00:00,MAX,128.125699,HH,True,11.68,-9.14,85,20,NORMAL,T(+)C(+)W(+),HH
IBM,2010-02-08 14:30:00+00:00,MIN,116.415388,HL,True,-9.14,8.49,20,69,NORMAL,T(+)C(-)W(-),HL
IBM,2010-04-19 13:30:00+00:00,MAX,126.301336,LH,True,8.49,-7.66,69,18,NORMAL,T(+)C(+)W(+),HH_TO_LH
IBM,2010-05-07 13:30:00+00:00,MIN,116.625534,HL,True,-7.66,8.67,18,5,NORMAL,T(+)C(+)W(+),HL
IBM,2010-05-12 13:30:00+00:00,MAX,126.73115,HH,True,8.67,-7.12,5,14,NORMAL,T(+)C(+)W(-),HH
IBM,2010-05-26 13:30:00+00:00,MIN,117.70486,HL,True,-7.12,6.29,14,22,MINOR,T(+)C(-)W(-),HL
IBM,2010-06-17 13:30:00+00:00,MAX,125.107381,LH,True,6.29,-6.96,22,15,MINOR,T(+)C(-)W(-),HH_TO_LH
IBM,2010-07-02 13:30:00+00:00,MIN,116.396285,LL,True,-6.96,8.32,15,38,NORMAL,T(+)C(-)W(-),LL
IBM,2010-08-09 13:30:00+00:00,MAX,126.081648,HH,True,8.32,-6.98,38,17,MINOR,T(+)C(+)W(+),HH
IBM,2010-08-26 13:30:00+00:00,MIN,117.275036,HL,True,-6.98,35.24,17,166,EXTREME,T(+)C(+)W(+),LL_TO_HL
IBM,2011-02-08 14:30:00+00:00,MAX,158.604982,HH,True,35.24,-7.86,166,35,NORMAL,T(+)C(+)W(+),HH
IBM,2011-03-16 13:30:00+00:00,MIN,146.140092,HL,True,-7.86,12.99,35,48,NORMAL,T(+)C(+)W(+),HL
IBM,2011-05-03 13:30:00+00:00,MAX,165.119201,HH,True,12.99,-6.1,48,43,MINOR,T(+)C(+)W(+),HH
IBM,2011-06-15 13:30:00+00:00,MIN,155.051772,HL,True,-6.1,14.09,43,34,NORMAL,T(+)C(+)W(-),HL
IBM,2011-07-19 13:30:00+00:00,MAX,176.905934,HH,True,14.09,-12.24,34,22,NORMAL,T(+)C(+)W(+),HH
IBM,2011-08-10 13:30:00+00:00,MIN,155.252347,HL,True,-12.24,6.43,22,5,MINOR,T(+)C(+)W(+),HL
IBM,2011-08-15 13:30:00+00:00,MAX,165.23383,LH,True,6.43,-8.93,5,4,NORMAL,T(+)C(+)W(+),HH_TO_LH
IBM,2011-08-19 13:30:00+00:00,MIN,150.476527,LL,True,-8.93,9.57,4,10,NORMAL,T(+)C(+)W(-),LL
IBM,2011-08-29 13:30:00+00:00,MAX,164.88041,LH,True,9.57,-6.52,10,11,MINOR,T(+)C(+)W(-),LH
IBM,2011-09-09 13:30:00+00:00,MIN,154.134815,HL,True,-6.52,18.07,11,35,MAJOR,T(+)C(-)W(-),LL_TO_HL
IBM,2011-10-14 13:30:00+00:00,MAX,181.987397,HH,True,18.07,-6.97,35,6,MINOR,T(+)C(+)W(+),HH
IBM,2011-10-20 13:30:00+00:00,MIN,169.302819,HL,True,-6.97,6.49,6,26,MINOR,T(+)C(+)W(+),HL
IBM,2011-11-15 14:30:00+00:00,MAX,180.287205,LH,True,6.49,-6.19,26,10,MINOR,T(+)C(+)W(+),HH_TO_LH
IBM,2011-11-25 14:30:00+00:00,MIN,169.121338,LL,True,-6.19,9.88,10,14,NORMAL,T(+)C(+)W(+),LL
IBM,2011-12-09 14:30:00+00:00,MAX,185.836708,HH,True,9.88,-7.92,14,35,NORMAL,T(+)C(+)W(+),HH
IBM,2012-01-13 14:30:00+00:00,MIN,171.127182,HL,True,-7.92,16.93,35,80,MAJOR,T(+)C(+)W(-),LL_TO_HL
IBM,2012-04-03 13:30:00+00:00,MAX,200.106858,HH,True,16.93,-10.0,80,62,NORMAL,T(+)C(+)W(+),HH
IBM,2012-06-04 13:30:00+00:00,MIN,180.086611,HL,True,-10.0,5.6,62,11,MINOR,T(+)C(-)W(-),HL
IBM,2012-06-15 13:30:00+00:00,MAX,190.173162,LH,True,5.6,-8.04,11,27,NORMAL,T(+)C(-)W(-),HH_TO_LH
IBM,2012-07-12 13:30:00+00:00,MIN,174.880977,LL,True,-8.04,15.24,27,96,MAJOR,T(+)C(-)W(-),LL
IBM,2012-10-16 13:30:00+00:00,MAX,201.539604,HH,True,15.24,-12.08,96,29,NORMAL,T(+)C(+)W(+),HH
IBM,2012-11-14 14:30:00+00:00,MIN,177.192464,HL,True,-12.08,16.33,29,119,MAJOR,T(+)C(-)W(-),LL_TO_HL
IBM,2013-03-14 13:30:00+00:00,MAX,206.124391,HH,True,16.33,-12.96,119,39,NORMAL,T(-)C(+)W(+),HH
IBM,2013-04-22 13:30:00+00:00,MIN,179.408454,HL,True,-12.96,11.46,39,38,NORMAL,T(+)C(+)W(+),HL
IBM,2013-05-30 13:30:00+00:00,MAX,199.973135,LH,True,11.46,-12.99,38,90,NORMAL,T(+)C(-)W(-),HH_TO_LH
IBM,2013-08-28 13:30:00+00:00,MIN,173.992674,LL,True,-12.99,6.73,90,21,MINOR,T(-)C(-)W(-),LL
IBM,2013-09-18 13:30:00+00:00,MAX,185.702985,LH,True,6.73,-11.09,21,33,NORMAL,T(-)C(-)W(-),LH
IBM,2013-10-21 13:30:00+00:00,MIN,165.109649,LL,True,-11.09,7.17,33,29,NORMAL,T(-)C(-)W(-),LL
IBM,2013-11-19 14:30:00+00:00,MAX,176.944131,LH,True,7.17,-6.72,29,24,MINOR,T(-)C(-)W(-),LH
IBM,2013-12-13 14:30:00+00:00,MIN,165.052339,LL,True,-6.72,10.01,24,35,NORMAL,T(-)C(-)W(-),LL
IBM,2014-01-17 14:30:00+00:00,MAX,181.567125,HH,True,10.01,-9.07,35,18,NORMAL,T(-)C(+)W(+),HH
IBM,2014-02-04 14:30:00+00:00,MIN,165.090546,HL,True,-9.07,14.42,18,68,NORMAL,T(-)C(+)W(+),LL_TO_HL
IBM,2014-04-14 13:30:00+00:00,MAX,188.902784,HH,True,14.42,-8.8,68,73,NORMAL,T(-)C(+)W(+),HH
IBM,2014-06-26 13:30:00+00:00,MIN,172.282931,HL,True,-8.8,8.54,73,32,NORMAL,T(-)C(-)W(-),HL
IBM,2014-07-28 13:30:00+00:00,MAX,187.002008,LH,True,8.54,-5.86,32,10,MINOR,T(+)C(+)W(+),HH_TO_LH
IBM,2014-08-07 13:30:00+00:00,MIN,176.036725,HL,True,-5.86,5.26,10,43,MINOR,T(+)C(+)W(+),HL
IBM,2014-09-19 13:30:00+00:00,MAX,185.301816,LH,True,5.26,-21.95,43,88,MAJOR,T(+)C(+)W(+),LH
IBM,2014-12-16 14:30:00+00:00,MIN,144.621381,LL,True,-21.95,7.22,88,10,NORMAL,T(-)C(-)W(-),LL
IBM,2014-12-26 14:30:00+00:00,MAX,155.061324,LH,True,7.22,-6.65,10,33,MINOR,T(-)C(-)W(-),LH
IBM,2015-01-28 14:30:00+00:00,MIN,144.755104,HL,True,-6.65,8.76,33,27,NORMAL,T(-)C(-)W(-),LL_TO_HL
IBM,2015-02-24 14:30:00+00:00,MAX,157.439682,HH,True,8.76,-6.4,27,16,MINOR,T(-)C(-)W(+),HH
IBM,2015-03-13 13:30:00+00:00,MIN,147.362702,HL,True,-6.4,13.04,16,47,NORMAL,T(-)C(+)W(+),HL
IBM,2015-04-29 13:30:00+00:00,MAX,166.580602,HH,True,13.04,-6.73,47,62,MINOR,T(-)C(+)W(+),HH
IBM,2015-06-30 13:30:00+00:00,MIN,155.366976,HL,True,-6.73,6.49,62,20,MINOR,T(-)C(+)W(-),HL
IBM,2015-07-20 13:30:00+00:00,MAX,165.453508,LH,True,6.49,-18.62,20,36,MAJOR,T(-)C(-)W(-),HH_TO_LH
IBM,2015-08-25 13:30:00+00:00,MIN,134.639917,LL,True,-18.62,8.11,36,45,NORMAL,T(-)C(-)W(-),LL
IBM,2015-10-09 13:30:00+00:00,MAX,145.557442,LH,True,8.11,-13.54,45,35,NORMAL,T(-)C(-)W(-),LH
IBM,2015-11-13 14:30:00+00:00,MIN,125.842857,LL,True,-13.54,7.23,35,18,NORMAL,T(-)C(-)W(-),LL
IBM,2015-12-01 14:30:00+00:00,MAX,134.94557,LH,True,7.23,-14.38,18,57,NORMAL,T(-)C(-)W(-),LH
IBM,2016-01-27 14:30:00+00:00,MIN,115.536637,LL,True,-14.38,6.29,57,9,MINOR,T(-)C(-)W(-),LL
IBM,2016-02-05 14:30:00+00:00,MAX,122.805435,LH,True,6.29,-8.34,9,6,NORMAL,T(-)C(-)W(-),LH
IBM,2016-02-11 14:30:00+00:00,MIN,112.566077,LL,True,-8.34,29.43,6,66,MAJOR,T(-)C(-)W(-),LL
IBM,2016-04-18 13:30:00+00:00,MAX,145.691165,HH,True,29.43,-5.59,66,1,MINOR,T(-)C(+)W(+),HH
IBM,2016-04-19 13:30:00+00:00,MIN,137.543616,HL,True,-5.59,7.88,1,65,NORMAL,T(-)C(+)W(+),LL_TO_HL
IBM,2016-06-23 13:30:00+00:00,MAX,148.384727,HH,True,7.88,-7.63,65,4,NORMAL,T(-)C(+)W(+),HH
IBM,2016-06-27 13:30:00+00:00,MIN,137.066034,LL,True,-7.63,13.96,4,45,NORMAL,T(-)C(+)W(+),LL
IBM,2016-08-11 13:30:00+00:00,MAX,156.197969,HH,True,13.96,-8.5,45,71,NORMAL,T(+)C(+)W(+),HH
IBM,2016-10-21 13:30:00+00:00,MIN,142.921189,HL,True,-8.5,21.6,71,131,MAJOR,T(+)C(-)W(-),LL_TO_HL
IBM,2017-03-01 14:30:00+00:00,MAX,173.79209,HH,True,21.6,-23.22,131,169,MAJOR,T(+)C(+)W(+),HH
IBM,2017-08-18 13:30:00+00:00,MIN,133.436411,LL,True,-23.22,16.01,169,63,MAJOR,T(-)C(-)W(-),LL
IBM,2017-10-20 13:30:00+00:00,MAX,154.803429,LH,True,16.01,-9.24,63,26,NORMAL,T(-)C(+)W(+),HH_TO_LH
IBM,2017-11-15 14:30:00+00:00,MIN,140.504624,HL,True,-9.24,14.97,26,64,NORMAL,T(-)C(+)W(+),LL_TO_HL
IBM,2018-01-18 14:30:00+00:00,MAX,161.537336,HH,True,14.97,-12.73,64,21,NORMAL,T(-)C(+)W(+),HH
IBM,2018-02-08 14:30:00+00:00,MIN,140.972655,HL,True,-12.73,8.58,21,31,NORMAL,T(-)C(+)W(+),HL
IBM,2018-03-12 13:30:00+00:00,MAX,153.074583,LH,True,8.58,-7.09,31,11,NORMAL,T(-)C(-)W(-),HH_TO_LH
IBM,2018-03-23 13:30:00+00:00,MIN,142.214368,HL,True,-7.09,8.07,11,25,NORMAL,T(+)C(-)W(-),HL
IBM,2018-04-17 13:30:00+00:00,MAX,153.695439,HH,True,8.07,-14.56,25,71,NORMAL,T(+)C(-)W(-),HH
IBM,2018-06-27 13:30:00+00:00,MIN,131.315947,LL,True,-14.56,11.83,71,97,NORMAL,T(+)C(-)W(-),LL
IBM,2018-10-02 13:30:00+00:00,MAX,146.856465,LH,True,11.83,-24.94,97,28,MAJOR,T(-)C(+)W(+),HH_TO_LH
IBM,2018-10-30 13:30:00+00:00,MIN,110.225926,LL,True,-24.94,8.18,28,8,NORMAL,T(-)C(-)W(-),LL
IBM,2018-11-07 14:30:00+00:00,MAX,119.242674,LH,True,8.18,-6.13,8,16,MINOR,T(-)C(-)W(-),LH
IBM,2018-11-23 14:30:00+00:00,MIN,111.935669,HL,True,-6.13,6.93,16,10,MINOR,T(-)C(-)W(-),LL_TO_HL
IBM,2018-12-03 14:30:00+00:00,MAX,119.691601,HH,True,6.93,-14.16,10,21,NORMAL,T(-)C(-)W(-),HH
IBM,2018-12-24 14:30:00+00:00,MIN,102.746991,LL,True,-14.16,34.93,21,112,EXTREME,T(-)C(-)W(-),LL
IBM,2019-04-16 13:30:00+00:00,MAX,138.632503,HH,True,34.93,-12.51,112,45,NORMAL,T(-)C(+)W(+),HH
IBM,2019-05-31 13:30:00+00:00,MIN,121.296276,HL,True,-12.51,19.19,45,56,MAJOR,T(-)C(-)W(-),LL_TO_HL
IBM,2019-07-26 13:30:00+00:00,MAX,144.573623,HH,True,19.19,-14.4,56,28,NORMAL,T(+)C(+)W(+),HH
IBM,2019-08-23 13:30:00+00:00,MIN,123.760599,HL,True,-14.4,12.23,28,38,NORMAL,T(+)C(+)W(-),HL
IBM,2019-09-30 13:30:00+00:00,MAX,138.899949,LH,True,12.23,-9.29,38,66,NORMAL,T(+)C(-)W(+),HH_TO_LH
IBM,2019-12-05 14:30:00+00:00,MIN,125.995683,HL,True,-9.29,18.84,66,63,MAJOR,T(+)C(-)W(-),HL
IBM,2020-02-06 14:30:00+00:00,MAX,149.731509,HH,True,18.84,-24.85,63,31,MAJOR,T(-)C(+)W(+),HH
IBM,2020-03-09 13:30:00+00:00,MIN,112.527871,LL,True,-24.85,5.91,31,1,MINOR,T(-)C(+)W(-),LL
IBM,2020-03-10 13:30:00+00:00,MAX,119.175812,LH,True,5.91,-20.59,1,6,MAJOR,T(-)C(+)W(-),HH_TO_LH
IBM,2020-03-16 13:30:00+00:00,MIN,94.637649,LL,True,-20.59,7.64,6,1,NORMAL,T(-)C(-)W(-),LL
IBM,2020-03-17 13:30:00+00:00,MAX,101.868241,LH,True,7.64,-11.14,1,6,NORMAL,T(-)C(-)W(-),LH
IBM,2020-03-23 13:30:00+00:00,MIN,90.520892,LL,True,-11.14,19.16,6,7,MAJOR,T(-)C(-)W(-),LL
IBM,2020-03-30 13:30:00+00:00,MAX,107.866671,HH,True,19.16,-6.9,7,2,MINOR,T(-)C(-)W(-),HH
IBM,2020-04-01 13:30:00+00:00,MIN,100.425943,HL,True,-6.9,17.85,2,13,MAJOR,T(-)C(-)W(-),LL_TO_HL
IBM,2020-04-14 13:30:00+00:00,MAX,118.354371,HH,True,17.85,-6.6,13,2,MINOR,T(-)C(-)W(-),HH
IBM,2020-04-16 13:30:00+00:00,MIN,110.54113,HL,True,-6.6,11.2,2,13,NORMAL,T(-)C(-)W(-),HL
IBM,2020-04-29 13:30:00+00:00,MAX,122.920055,HH,True,11.2,-10.07,13,14,NORMAL,T(-)C(-)W(+),HH
IBM,2020-05-13 13:30:00+00:00,MIN,110.54113,LL,True,-10.07,17.3,14,26,MAJOR,T(-)C(-)W(+),LL
IBM,2020-06-08 13:30:00+00:00,MAX,129.663513,HH,True,17.3,-13.07,26,3,NORMAL,T(-)C(+)W(+),HH
IBM,2020-06-11 13:30:00+00:00,MIN,112.718904,HL,True,-13.07,6.05,3,5,MINOR,T(-)C(+)W(+),LL_TO_HL
IBM,2020-06-16 13:30:00+00:00,MAX,119.538775,LH,True,6.05,-7.54,5,23,NORMAL,T(-)C(+)W(+),HH_TO_LH
IBM,2020-07-09 13:30:00+00:00,MIN,110.522026,LL,True,-7.54,11.2,23,13,NORMAL,T(-)C(-)W(-),LL
IBM,2020-07-22 13:30:00+00:00,MAX,122.900952,HH,True,11.2,-8.22,13,64,NORMAL,T(-)C(-)W(-),HH
IBM,2020-09-24 13:30:00+00:00,MIN,112.795317,HL,True,-8.22,11.35,64,14,NORMAL,T(-)C(+)W(-),LL_TO_HL
IBM,2020-10-08 13:30:00+00:00,MAX,125.594514,HH,True,11.35,-18.89,14,20,MAJOR,T(-)C(-)W(-),HH
IBM,2020-10-28 13:30:00+00:00,MIN,101.868241,LL,True,-18.89,23.44,20,85,MAJOR,T(-)C(-)W(-),LL
IBM,2021-01-21 14:30:00+00:00,MAX,125.747341,HH,True,23.44,-9.93,85,4,NORMAL,T(-)C(+)W(+),HH
IBM,2021-01-25 14:30:00+00:00,MIN,113.263347,HL,True,-9.93,21.64,4,93,MAJOR,T(-)C(+)W(+),LL_TO_HL
IBM,2021-04-29 13:30:00+00:00,MAX,137.772855,HH,True,21.64,-19.35,93,0,MAJOR,T(+)C(+)W(+),HH
IBM,2021-04-30 00:00:00+00:00,MIN,111.12017059326172,LL,True,-19.35,7.82,0,42,NORMAL,T(+)C(+)W(+),LL
IBM,2021-06-11 00:00:00+00:00,MAX,119.8060531616211,LH,True,7.82,-8.83,42,38,NORMAL,T(+)C(-)W(-),HH_TO_LH
IBM,2021-07-19 00:00:00+00:00,MIN,109.22562408447266,LL,True,-8.83,5.31,38,28,MINOR,T(+)C(-)W(-),LL
IBM,2021-08-16 00:00:00+00:00,MAX,115.02515411376953,LH,True,5.31,-7.4,28,36,NORMAL,T(+)C(-)W(-),LH
IBM,2021-09-21 00:00:00+00:00,MIN,106.517822265625,LL,True,-7.4,8.75,36,24,NORMAL,T(-)C(-)W(-),LL
IBM,2021-10-15 00:00:00+00:00,MAX,115.84224700927734,HH,True,8.75,-15.11,24,42,MAJOR,T(-)C(-)W(+),HH
IBM,2021-11-26 00:00:00+00:00,MIN,98.33390808105469,LL,True,-15.11,19.35,42,40,MAJOR,T(-)C(-)W(-),LL
IBM,2022-01-05 00:00:00+00:00,MAX,117.36219787597656,HH,True,19.35,-6.8,40,19,MINOR,T(-)C(+)W(+),HH
IBM,2022-01-24 00:00:00+00:00,MIN,109.38069915771484,HL,True,-6.8,6.96,19,16,MINOR,T(-)C(+)W(+),LL_TO_HL
IBM,2022-02-09 00:00:00+00:00,MAX,116.99705505371094,LH,True,6.96,-10.87,16,20,NORMAL,T(-)C(+)W(+),HH_TO_LH
IBM,2022-03-01 00:00:00+00:00,MIN,104.27906799316406,LL,True,-10.87,15.25,20,51,MAJOR,T(-)C(+)W(-),LL
IBM,2022-04-21 00:00:00+00:00,MAX,120.17660522460938,HH,True,15.25,-6.55,51,19,MINOR,T(-)C(-)W(+),HH
IBM,2022-05-10 00:00:00+00:00,MIN,112.3106918334961,HL,True,-6.55,7.16,19,7,NORMAL,T(-)C(+)W(+),LL_TO_HL
IBM,2022-05-17 00:00:00+00:00,MAX,120.34715270996094,HH,True,7.16,-7.15,7,3,NORMAL,T(-)C(+)W(+),HH
IBM,2022-05-20 00:00:00+00:00,MIN,111.74533081054688,LL,True,-7.15,11.21,3,17,NORMAL,T(+)C(+)W(+),LL
IBM,2022-06-06 00:00:00+00:00,MAX,124.2697525024414,HH,True,11.21,-5.5,17,11,MINOR,T(+)C(+)W(+),HH
IBM,2022-06-17 00:00:00+00:00,MIN,117.43351745605469,HL,True,-5.5,5.76,11,10,MINOR,T(+)C(+)W(+),LL_TO_HL
IBM,2022-06-27 00:00:00+00:00,MAX,124.20015716552734,LH,True,5.76,-10.96,10,24,NORMAL,T(+)C(+)W(+),HH_TO_LH
IBM,2022-07-21 00:00:00+00:00,MIN,110.58856201171875,LL,True,-10.96,10.75,24,28,NORMAL,T(+)C(+)W(+),LL
IBM,2022-08-18 00:00:00+00:00,MAX,122.47996520996094,LH,True,10.75,-14.57,28,43,NORMAL,T(+)C(-)W(-),LH
IBM,2022-09-30 00:00:00+00:00,MIN,104.63683319091797,LL,True,-14.57,5.83,43,5,MINOR,T(+)C(-)W(-),LL
IBM,2022-10-05 00:00:00+00:00,MAX,110.74010467529297,LH,True,5.83,-6.5,5,7,MINOR,T(+)C(-)W(-),LH
IBM,2022-10-12 00:00:00+00:00,MIN,103.54473114013672,LL,True,-6.5,29.6,7,62,MAJOR,T(+)C(-)W(-),LL
IBM,2022-12-13 00:00:00+00:00,MAX,134.1891326904297,HH,True,29.6,-7.77,62,6,NORMAL,T(+)C(+)W(+),HH
IBM,2022-12-19 00:00:00+00:00,MIN,123.76200103759766,HL,True,-7.77,5.06,6,25,MINOR,T(+)C(+)W(+),LL_TO_HL
IBM,2023-01-13 00:00:00+00:00,MAX,130.01829528808594,LH,True,5.06,-14.46,25,61,NORMAL,T(+)C(+)W(-),HH_TO_LH
IBM,2023-03-15 00:00:00+00:00,MIN,111.21760559082031,LL,True,-14.46,7.19,61,21,NORMAL,T(+)C(-)W(-),LL
IBM,2023-04-05 00:00:00+00:00,MAX,119.21070098876953,LH,True,7.19,-7.26,21,36,NORMAL,T(+)C(-)W(-),LH
IBM,2023-05-11 00:00:00+00:00,MIN,110.5577392578125,LL,True,-7.26,14.47,36,35,NORMAL,T(+)C(-)W(-),LL
IBM,2023-06-15 00:00:00+00:00,MAX,126.56071472167969,HH,True,14.47,-6.48,35,8,MINOR,T(+)C(+)W(+),HH
IBM,2023-06-23 00:00:00+00:00,MIN,118.3580322265625,HL,True,-6.48,17.09,8,89,MAJOR,T(+)C(+)W(+),LL_TO_HL
IBM,2023-09-20 00:00:00+00:00,MAX,138.5896759033203,HH,True,17.09,-8.98,89,33,NORMAL,T(+)C(+)W(+),HH
IBM,2023-10-23 00:00:00+00:00,MIN,126.14869689941406,HL,True,-8.98,48.0,33,141,EXTREME,T(+)C(-)W(-),HL
IBM,2024-03-12 00:00:00+00:00,MAX,186.7039794921875,HH,True,48.0,-16.86,141,50,MAJOR,T(+)C(+)W(+),HH
IBM,2024-05-01 00:00:00+00:00,MIN,155.22161865234375,HL,True,-16.86,45.76,50,166,EXTREME,T(+)C(-)W(-),HL
IBM,2024-10-14 00:00:00+00:00,MAX,226.25131225585938,HH,True,45.76,-12.9,166,16,NORMAL,T(+)C(+)W(+),HH
IBM,2024-10-30 00:00:00+00:00,MIN,197.0538787841797,HL,True,-12.9,17.09,16,37,MAJOR,T(+)C(+)W(+),HL
IBM,2024-12-06 00:00:00+00:00,MAX,230.7290496826172,HH,True,17.09,-8.67,37,38,NORMAL,T(+)C(+)W(-),HH
IBM,2025-01-13 00:00:00+00:00,MIN,210.72296142578125,HL,True,-8.67,21.65,38,22,MAJOR,T(+)C(+)W(+),HL
IBM,2025-02-04 00:00:00+00:00,MAX,256.33758544921875,HH,True,21.65,-5.12,22,6,MINOR,T(+)C(+)W(+),HH
IBM,2025-02-10 00:00:00+00:00,MIN,243.22381591796875,HL,True,-5.12,6.21,6,10,MINOR,T(+)C(+)W(+),HL
IBM,2025-02-20 00:00:00+00:00,MAX,258.31854248046875,HH,True,6.21,-6.06,10,14,MINOR,T(+)C(+)W(+),HH
IBM,2025-03-06 00:00:00+00:00,MIN,242.65786743164062,LL,True,-6.06,5.17,14,1,MINOR,T(+)C(+)W(+),LL
IBM,2025-03-07 00:00:00+00:00,MAX,255.19618225097656,LH,True,5.17,-15.49,1,32,MAJOR,T(+)C(+)W(+),HH_TO_LH
IBM,2025-04-08 00:00:00+00:00,MIN,215.66879272460938,LL,True,-15.49,11.06,32,15,NORMAL,T(+)C(+)W(-),LL
IBM,2025-04-23 00:00:00+00:00,MAX,239.52572631835938,LH,True,11.06,-6.58,15,1,MINOR,T(+)C(-)W(-),LH
IBM,2025-04-24 00:00:00+00:00,MIN,223.76747131347656,HL,True,-6.58,29.4,1,67,MAJOR,T(+)C(-)W(-),LL_TO_HL
IBM,2025-06-30 00:00:00+00:00,MAX,289.5439758300781,HH,True,29.4,-19.82,67,43,MAJOR,T(+)C(+)W(+),HH
IBM,2025-08-12 00:00:00+00:00,MIN,232.1590118408203,HL,True,-19.82,25.17,43,56,MAJOR,T(+)C(-)W(-),HL
IBM,2025-10-07 00:00:00+00:00,MAX,290.60174560546875,HH,True,25.17,-6.09,56,9,MINOR,T(+)C(+)W(+),HH
IBM,2025-10-16 00:00:00+00:00,MIN,272.90081787109375,HL,True,-6.09,14.76,9,27,NORMAL,T(+)C(+)W(+),HL
IBM,2025-11-12 00:00:00+00:00,MAX,313.1943359375,HH,True,14.76,-8.4,27,7,NORMAL,T(+)C(+)W(+),HH
IBM,2025-11-19 00:00:00+00:00,MIN,286.8942565917969,HL,True,-8.4,8.37,7,21,NORMAL,T(+)C(+)W(+),HL
IBM,2025-12-10 00:00:00+00:00,MAX,310.8974304199219,LH,True,8.37,-6.77,21,23,MINOR,T(+)C(+)W(+),HH_TO_LH
IBM,2026-01-02 00:00:00+00:00,MIN,289.8474426269531,HL,True,-6.77,7.09,23,10,NORMAL,T(+)C(+)W(-),HL
IBM,2026-01-12 00:00:00+00:00,MAX,310.4101867675781,LH,True,7.09,-6.67,10,8,MINOR,T(+)C(+)W(-),LH
IBM,2026-01-20 00:00:00+00:00,MIN,289.69830322265625,LL,True,-6.67,8.02,8,13,NORMAL,T(+)C(-)W(+),LL
IBM,2026-02-02 00:00:00+00:00,MAX,312.94573974609375,HH,True,8.02,-28.63,13,21,MAJOR,T(+)C(-)W(-),HH
IBM,2026-02-23 00:00:00+00:00,MIN,223.35000610351562,LL,True,-28.63,15.89,21,11,MAJOR,T(+)C(-)W(-),LL
IBM,2026-03-06 00:00:00+00:00,MAX,258.8500061035156,LH,True,15.89,-8.7,11,21,NORMAL,T(+)C(-)W(-),HH_TO_LH
IBM,2026-03-27 00:00:00+00:00,MIN,236.33999633789062,HL,True,-8.7,5.0,21,6,MINOR,T(+)C(-)W(-),LL_TO_HL
IBM,2026-04-02 00:00:00+00:00,MAX,248.16000366210938,LH,True,5.0,-7.01,6,8,NORMAL,T(+)C(-)W(-),LH
IBM,2026-04-10 00:00:00+00:00,MIN,230.75999450683594,LL,True,-7.01,10.8,8,11,NORMAL,T(+)C(-)W(-),LL
IBM,2026-04-21 00:00:00+00:00,MAX,255.67999267578125,HH,True,10.8,-16.05,11,22,MAJOR,T(+)C(-)W(+),HH
IBM,2026-05-13 00:00:00+00:00,MIN,214.63999938964844,LL,True,-16.05,0.0,22,0,MINOR,T(-)C(-)W(-),LL
JNJ,2006-03-22 14:30:00+00:00,MAX,61.0,HH,True,0.0,-5.49,0,25,MINOR,UNKNOWN,HH
JNJ,2006-04-17 13:30:00+00:00,MIN,57.64999,LL,True,-5.49,19.86,25,189,MAJOR,UNKNOWN,LL
JNJ,2006-10-23 13:30:00+00:00,MAX,69.10001,HH,True,19.86,-13.17,189,156,NORMAL,UNKNOWN,HH
JNJ,2007-03-28 13:30:00+00:00,MIN,60.0,HL,True,-13.17,8.53,156,23,NORMAL,T(+)C(-)W(-),LL_TO_HL
JNJ,2007-04-20 13:30:00+00:00,MAX,65.12,LH,True,8.53,-6.74,23,63,MINOR,T(+)C(-)W(+),HH_TO_LH
JNJ,2007-06-22 13:30:00+00:00,MIN,60.73,HL,True,-6.74,5.06,63,24,MINOR,T(-)C(+)W(-),HL
JNJ,2007-07-16 13:30:00+00:00,MAX,63.8,LH,True,5.06,-6.32,24,11,MINOR,T(-)C(-)W(+),LH
JNJ,2007-07-27 13:30:00+00:00,MIN,59.77,LL,True,-6.32,14.44,11,125,NORMAL,T(-)C(-)W(-),LL
JNJ,2007-11-29 14:30:00+00:00,MAX,68.39999,HH,True,14.44,-10.34,125,101,NORMAL,T(-)C(+)W(+),HH
JNJ,2008-03-10 13:30:00+00:00,MIN,61.33,HL,True,-10.34,11.3,101,53,NORMAL,T(+)C(-)W(-),LL_TO_HL
JNJ,2008-05-02 13:30:00+00:00,MAX,68.25999,LH,True,11.3,-6.87,53,56,MINOR,T(+)C(+)W(+),HH_TO_LH
JNJ,2008-06-27 13:30:00+00:00,MIN,63.57001,HL,True,-6.87,13.61,56,73,NORMAL,T(+)C(-)W(-),HL
JNJ,2008-09-08 13:30:00+00:00,MAX,72.22,HH,True,13.61,-22.67,73,32,MAJOR,T(+)C(+)W(-),HH
JNJ,2008-10-10 13:30:00+00:00,MIN,55.85001,LL,True,-22.67,14.59,32,4,NORMAL,T(+)C(-)W(-),LL
JNJ,2008-10-14 13:30:00+00:00,MAX,64.0,LH,True,14.59,-5.41,4,1,MINOR,T(+)C(-)W(-),HH_TO_LH
JNJ,2008-10-15 13:30:00+00:00,MIN,60.53999,HL,True,-5.41,6.44,1,5,MINOR,T(+)C(-)W(-),LL_TO_HL
JNJ,2008-10-20 13:30:00+00:00,MAX,64.44,HH,True,6.44,-6.66,5,7,MINOR,T(+)C(-)W(-),HH
JNJ,2008-10-27 13:30:00+00:00,MIN,60.14999,LL,True,-6.66,6.72,7,1,MINOR,T(+)C(-)W(-),LL
JNJ,2008-10-28 13:30:00+00:00,MAX,64.19,LH,True,6.72,-9.77,1,9,NORMAL,T(+)C(-)W(-),HH_TO_LH
JNJ,2008-11-06 14:30:00+00:00,MIN,57.92,LL,True,-9.77,8.6,9,7,NORMAL,T(+)C(-)W(-),LL
JNJ,2008-11-13 14:30:00+00:00,MAX,62.89999,LH,True,8.6,-11.27,7,7,NORMAL,T(+)C(-)W(-),LH
JNJ,2008-11-20 14:30:00+00:00,MIN,55.81,LL,True,-11.27,5.91,7,4,MINOR,T(-)C(-)W(-),LL
JNJ,2008-11-24 14:30:00+00:00,MAX,59.11,LH,True,5.91,-6.39,4,7,MINOR,T(-)C(-)W(-),LH
JNJ,2008-12-01 14:30:00+00:00,MIN,55.33,LL,True,-6.39,9.62,7,32,NORMAL,T(-)C(-)W(-),LL
JNJ,2009-01-02 14:30:00+00:00,MAX,60.64999,HH,True,9.62,-23.17,32,65,MAJOR,T(-)C(-)W(+),HH
JNJ,2009-03-09 13:30:00+00:00,MIN,46.60001,LL,True,-23.17,34.18,65,217,EXTREME,T(-)C(-)W(-),LL
JNJ,2009-10-12 13:30:00+00:00,MAX,62.53,HH,True,34.18,-5.76,217,22,MINOR,T(+)C(+)W(+),HH
JNJ,2009-11-03 14:30:00+00:00,MIN,58.92999,HL,True,-5.76,12.05,22,166,NORMAL,T(+)C(-)W(-),LL_TO_HL
JNJ,2010-04-19 13:30:00+00:00,MAX,66.03,HH,True,12.05,-12.16,166,49,NORMAL,T(+)C(+)W(+),HH
JNJ,2010-06-07 13:30:00+00:00,MIN,58.0,LL,True,-12.16,5.83,49,31,MINOR,T(+)C(-)W(-),LL
JNJ,2010-07-08 13:30:00+00:00,MAX,61.38,LH,True,5.83,-7.1,31,14,NORMAL,T(+)C(-)W(+),HH_TO_LH
JNJ,2010-07-22 13:30:00+00:00,MIN,57.02,LL,True,-7.1,5.31,14,18,MINOR,T(+)C(-)W(-),LL
JNJ,2010-08-09 13:30:00+00:00,MAX,60.05,LH,True,5.31,-5.05,18,22,MINOR,T(-)C(-)W(-),LH
JNJ,2010-08-31 13:30:00+00:00,MIN,57.02,LL,True,-5.05,13.57,22,65,NORMAL,T(-)C(-)W(-),LL
JNJ,2010-11-04 13:30:00+00:00,MAX,64.75999,HH,True,13.57,-10.96,65,132,NORMAL,T(-)C(+)W(+),HH
JNJ,2011-03-16 13:30:00+00:00,MIN,57.66,HL,True,-10.96,17.79,132,113,MAJOR,T(-)C(-)W(-),LL_TO_HL
JNJ,2011-07-07 13:30:00+00:00,MAX,67.92,HH,True,17.79,-11.37,113,34,NORMAL,T(+)C(+)W(+),HH
JNJ,2011-08-10 13:30:00+00:00,MIN,60.2,HL,True,-11.37,9.4,34,19,NORMAL,T(+)C(-)W(-),HL
JNJ,2011-08-29 13:30:00+00:00,MAX,65.86,LH,True,9.4,-6.48,19,25,MINOR,T(+)C(-)W(+),HH_TO_LH
JNJ,2011-09-23 13:30:00+00:00,MIN,61.59,HL,True,-6.48,6.51,25,35,MINOR,T(+)C(-)W(-),HL
JNJ,2011-10-28 13:30:00+00:00,MAX,65.60001,LH,True,6.51,-6.6,35,28,MINOR,T(+)C(+)W(+),LH
JNJ,2011-11-25 14:30:00+00:00,MIN,61.27,LL,True,-6.6,8.06,28,128,NORMAL,T(+)C(-)W(-),LL
JNJ,2012-04-02 13:30:00+00:00,MAX,66.21001,HH,True,8.06,-6.69,128,60,MINOR,T(-)C(-)W(+),HH
JNJ,2012-06-01 13:30:00+00:00,MIN,61.78,HL,True,-6.69,17.38,60,139,MAJOR,T(-)C(-)W(-),LL_TO_HL
JNJ,2012-10-18 13:30:00+00:00,MAX,72.52,HH,True,17.38,-5.12,139,40,MINOR,T(+)C(+)W(+),HH
JNJ,2012-11-27 14:30:00+00:00,MIN,68.81,HL,True,-5.12,28.75,40,174,MAJOR,T(+)C(+)W(-),HL
JNJ,2013-05-21 13:30:00+00:00,MAX,88.59,HH,True,28.75,-6.74,174,30,MINOR,T(+)C(+)W(+),HH
JNJ,2013-06-20 13:30:00+00:00,MIN,82.62,HL,True,-6.74,14.25,30,43,NORMAL,T(+)C(+)W(-),HL
JNJ,2013-08-02 13:30:00+00:00,MAX,94.39,HH,True,14.25,-9.3,43,67,NORMAL,T(+)C(+)W(+),HH
JNJ,2013-10-08 13:30:00+00:00,MIN,85.61,HL,True,-9.3,11.7,67,48,NORMAL,T(+)C(-)W(-),HL
JNJ,2013-11-25 14:30:00+00:00,MAX,95.63,HH,True,11.7,-9.42,48,71,NORMAL,T(+)C(+)W(+),HH
JNJ,2014-02-04 14:30:00+00:00,MIN,86.62,HL,True,-9.42,22.92,71,152,MAJOR,T(+)C(-)W(-),HL
JNJ,2014-07-07 13:30:00+00:00,MAX,106.47,HH,True,22.92,-6.25,152,29,MINOR,T(+)C(+)W(+),HH
JNJ,2014-08-05 13:30:00+00:00,MIN,99.82,HL,True,-6.25,8.84,29,50,NORMAL,T(+)C(+)W(-),HL
JNJ,2014-09-24 13:30:00+00:00,MAX,108.64,HH,True,8.84,-10.92,50,22,NORMAL,T(+)C(+)W(+),HH
JNJ,2014-10-16 13:30:00+00:00,MIN,96.78,LL,True,-10.92,12.7,22,28,NORMAL,T(+)C(+)W(-),LL
JNJ,2014-11-13 14:30:00+00:00,MAX,109.07,HH,True,12.7,-9.86,28,117,NORMAL,T(+)C(+)W(+),HH
JNJ,2015-03-11 13:30:00+00:00,MIN,98.32,HL,True,-9.86,5.74,117,69,MINOR,T(+)C(-)W(+),LL_TO_HL
JNJ,2015-05-19 13:30:00+00:00,MAX,103.96,LH,True,5.74,-12.73,69,98,NORMAL,T(-)C(-)W(+),HH_TO_LH
JNJ,2015-08-25 13:30:00+00:00,MIN,90.73,LL,True,-12.73,6.05,98,2,MINOR,T(-)C(-)W(-),LL
JNJ,2015-08-27 13:30:00+00:00,MAX,96.22,LH,True,6.05,-5.43,2,29,MINOR,T(-)C(-)W(-),LH
JNJ,2015-09-25 13:30:00+00:00,MIN,91.0,HL,True,-5.43,15.66,29,82,MAJOR,T(-)C(-)W(-),LL_TO_HL
JNJ,2015-12-16 14:30:00+00:00,MAX,105.25,HH,True,15.66,-9.03,82,35,NORMAL,T(-)C(+)W(+),HH
JNJ,2016-01-20 14:30:00+00:00,MIN,95.75,HL,True,-9.03,30.97,35,193,EXTREME,T(-)C(-)W(-),HL
JNJ,2016-08-01 13:30:00+00:00,MAX,125.4,HH,True,30.97,-9.54,193,81,NORMAL,T(+)C(+)W(+),HH
JNJ,2016-10-21 13:30:00+00:00,MIN,113.44,HL,True,-9.54,6.06,81,19,MINOR,T(+)C(-)W(-),HL
JNJ,2016-11-09 14:30:00+00:00,MAX,120.31,LH,True,6.06,-7.75,19,29,NORMAL,T(+)C(-)W(-),HH_TO_LH
JNJ,2016-12-08 14:30:00+00:00,MIN,110.99,LL,True,-7.75,16.19,29,96,MAJOR,T(+)C(-)W(-),LL
JNJ,2017-03-15 13:30:00+00:00,MAX,128.96,HH,True,16.19,-5.89,96,35,MINOR,T(+)C(+)W(+),HH
JNJ,2017-04-19 13:30:00+00:00,MIN,121.37,HL,True,-5.89,12.52,35,92,NORMAL,T(+)C(+)W(-),LL_TO_HL
JNJ,2017-07-20 13:30:00+00:00,MAX,136.57,HH,True,12.52,-5.2,92,70,MINOR,T(+)C(+)W(-),HH
JNJ,2017-09-28 13:30:00+00:00,MIN,129.47,HL,True,-5.2,14.42,70,116,NORMAL,T(+)C(-)W(-),HL
JNJ,2018-01-22 14:30:00+00:00,MAX,148.14,HH,True,14.42,-14.7,116,17,NORMAL,T(+)C(+)W(+),HH
JNJ,2018-02-08 14:30:00+00:00,MIN,126.36,LL,True,-14.7,6.32,17,32,MINOR,T(+)C(+)W(-),LL
JNJ,2018-03-13 13:30:00+00:00,MAX,134.35,LH,True,6.32,-7.29,32,20,NORMAL,T(+)C(-)W(+),HH_TO_LH
JNJ,2018-04-02 13:30:00+00:00,MIN,124.56,LL,True,-7.29,5.78,20,14,MINOR,T(+)C(-)W(-),LL
JNJ,2018-04-16 13:30:00+00:00,MAX,131.76,LH,True,5.78,-9.38,14,43,NORMAL,T(+)C(-)W(+),LH
JNJ,2018-05-29 13:30:00+00:00,MIN,119.4,LL,True,-9.38,19.66,43,115,MAJOR,T(-)C(-)W(-),LL
JNJ,2018-09-21 13:30:00+00:00,MAX,142.88,HH,True,19.66,-6.33,115,20,MINOR,T(-)C(+)W(+),HH
JNJ,2018-10-11 13:30:00+00:00,MIN,133.84,HL,True,-6.33,10.46,20,63,NORMAL,T(-)C(+)W(-),LL_TO_HL
JNJ,2018-12-13 14:30:00+00:00,MAX,147.84,HH,True,10.46,-16.91,63,11,MAJOR,T(+)C(+)W(+),HH
JNJ,2018-12-24 14:30:00+00:00,MIN,122.84,LL,True,-16.91,15.67,11,132,MAJOR,T(+)C(+)W(-),LL
JNJ,2019-05-06 13:30:00+00:00,MAX,142.09,LH,True,15.67,-7.7,132,25,NORMAL,T(+)C(+)W(+),HH_TO_LH
JNJ,2019-05-31 13:30:00+00:00,MIN,131.15,HL,True,-7.7,9.98,25,25,NORMAL,T(+)C(-)W(-),LL_TO_HL
JNJ,2019-06-25 13:30:00+00:00,MAX,144.24,HH,True,9.98,-11.99,25,76,NORMAL,T(+)C(+)W(+),HH
JNJ,2019-09-09 13:30:00+00:00,MIN,126.95,LL,True,-11.99,7.26,76,38,NORMAL,T(-)C(-)W(-),LL
JNJ,2019-10-17 13:30:00+00:00,MAX,136.17,LH,True,7.26,-6.37,38,7,MINOR,T(-)C(+)W(+),HH_TO_LH
JNJ,2019-10-24 13:30:00+00:00,MIN,127.5,HL,True,-6.37,20.78,7,104,MAJOR,T(-)C(+)W(-),LL_TO_HL
JNJ,2020-02-05 14:30:00+00:00,MAX,153.99,HH,True,20.78,-12.67,104,23,NORMAL,T(+)C(+)W(+),HH
JNJ,2020-02-28 14:30:00+00:00,MIN,134.48,HL,True,-12.67,6.69,23,5,MINOR,T(+)C(+)W(-),HL
JNJ,2020-03-04 14:30:00+00:00,MAX,143.48,LH,True,6.69,-12.59,5,7,NORMAL,T(+)C(+)W(-),HH_TO_LH
JNJ,2020-03-12 13:30:00+00:00,MIN,125.41,LL,True,-12.59,7.08,7,1,NORMAL,T(+)C(-)W(-),LL
JNJ,2020-03-13 13:30:00+00:00,MAX,134.29,LH,True,7.08,-5.33,1,3,MINOR,T(+)C(-)W(-),LH
JNJ,2020-03-16 13:30:00+00:00,MIN,127.13,HL,True,-5.33,7.44,3,1,NORMAL,T(+)C(-)W(-),LL_TO_HL
JNJ,2020-03-17 13:30:00+00:00,MAX,136.59,HH,True,7.44,-18.63,1,6,MAJOR,T(+)C(-)W(-),HH
JNJ,2020-03-23 13:30:00+00:00,MIN,111.14,LL,True,-18.63,39.92,6,31,EXTREME,T(+)C(-)W(-),LL
JNJ,2020-04-23 13:30:00+00:00,MAX,155.51,HH,True,39.92,-11.38,31,64,NORMAL,T(+)C(-)W(+),HH
JNJ,2020-06-26 13:30:00+00:00,MIN,137.81,HL,True,-11.38,11.62,64,68,NORMAL,T(+)C(-)W(-),LL_TO_HL
JNJ,2020-09-02 13:30:00+00:00,MAX,153.83,LH,True,11.62,-6.25,68,20,MINOR,T(+)C(+)W(+),HH_TO_LH
JNJ,2020-09-22 13:30:00+00:00,MIN,144.21,HL,True,-6.25,5.29,20,20,MINOR,T(+)C(+)W(-),HL
JNJ,2020-10-12 13:30:00+00:00,MAX,151.84,LH,True,5.29,-9.7,20,18,NORMAL,T(+)C(-)W(+),LH
JNJ,2020-10-30 13:30:00+00:00,MIN,137.11,LL,True,-9.7,24.34,18,88,MAJOR,T(+)C(-)W(-),LL
JNJ,2021-01-26 14:30:00+00:00,MAX,170.48,HH,True,24.34,-10.21,88,37,NORMAL,T(+)C(+)W(+),HH
JNJ,2021-03-04 14:30:00+00:00,MIN,153.07,HL,True,-10.21,8.83,37,47,NORMAL,T(+)C(+)W(-),LL_TO_HL
JNJ,2021-04-21 13:30:00+00:00,MAX,166.59,LH,True,8.83,-15.17,47,8,MAJOR,T(+)C(-)W(+),HH_TO_LH
JNJ,2021-04-30 00:00:00+00:00,MIN,141.31187438964844,LL,True,-15.17,5.46,8,24,MINOR,T(+)C(-)W(-),LL
JNJ,2021-05-24 00:00:00+00:00,MAX,149.0266571044922,LH,True,5.46,-5.02,24,25,MINOR,T(+)C(-)W(-),LH
JNJ,2021-06-18 00:00:00+00:00,MIN,141.53814697265625,HL,True,-5.02,10.8,25,60,NORMAL,T(+)C(-)W(-),LL_TO_HL
JNJ,2021-08-17 00:00:00+00:00,MAX,156.8209228515625,HH,True,10.8,-11.61,60,56,NORMAL,T(+)C(+)W(+),HH
JNJ,2021-10-12 00:00:00+00:00,MIN,138.6083526611328,LL,True,-11.61,5.11,56,14,MINOR,T(-)C(-)W(-),LL
JNJ,2021-10-26 00:00:00+00:00,MAX,145.69300842285156,LH,True,5.11,-5.31,14,35,MINOR,T(-)C(-)W(+),HH_TO_LH
JNJ,2021-11-30 00:00:00+00:00,MIN,137.95907592773438,LL,True,-5.31,11.56,35,38,NORMAL,T(-)C(-)W(-),LL
JNJ,2022-01-07 00:00:00+00:00,MAX,153.9022674560547,HH,True,11.56,-6.31,38,17,MINOR,T(-)C(+)W(+),HH
JNJ,2022-01-24 00:00:00+00:00,MIN,144.187744140625,HL,True,-6.31,6.01,17,9,MINOR,T(-)C(+)W(-),LL_TO_HL
JNJ,2022-02-02 00:00:00+00:00,MAX,152.85826110839844,LH,True,6.01,-7.88,9,22,NORMAL,T(-)C(+)W(-),HH_TO_LH
JNJ,2022-02-24 00:00:00+00:00,MIN,140.81251525878906,LL,True,-7.88,17.62,22,60,MAJOR,T(-)C(+)W(-),LL
JNJ,2022-04-25 00:00:00+00:00,MAX,165.62879943847656,HH,True,17.62,-9.0,60,50,NORMAL,T(+)C(+)W(+),HH
JNJ,2022-06-14 00:00:00+00:00,MIN,150.72372436523438,HL,True,-9.0,8.38,50,10,NORMAL,T(+)C(-)W(-),LL_TO_HL
JNJ,2022-06-24 00:00:00+00:00,MAX,163.3594207763672,LH,True,8.38,-11.53,10,105,NORMAL,T(+)C(-)W(-),HH_TO_LH
JNJ,2022-10-07 00:00:00+00:00,MIN,144.5280303955078,LL,True,-11.53,13.24,105,91,NORMAL,T(+)C(-)W(-),LL
JNJ,2023-01-06 00:00:00+00:00,MAX,163.66624450683594,HH,True,13.24,-15.6,91,75,MAJOR,T(+)C(+)W(+),HH
JNJ,2023-03-22 00:00:00+00:00,MIN,138.1392059326172,LL,True,-15.6,9.97,75,22,NORMAL,T(-)C(-)W(-),LL
JNJ,2023-04-13 00:00:00+00:00,MAX,151.91200256347656,LH,True,9.97,-6.38,22,43,MINOR,T(-)C(-)W(+),HH_TO_LH
JNJ,2023-05-26 00:00:00+00:00,MIN,142.22218322753906,HL,True,-6.38,13.04,43,63,NORMAL,T(-)C(+)W(-),LL_TO_HL
JNJ,2023-07-28 00:00:00+00:00,MAX,160.7705078125,HH,True,13.04,-15.95,63,91,MAJOR,T(-)C(+)W(+),HH
JNJ,2023-10-27 00:00:00+00:00,MIN,135.1337890625,LL,True,-15.95,13.52,91,137,NORMAL,T(-)C(-)W(-),LL
JNJ,2024-03-12 00:00:00+00:00,MAX,153.40725708007812,LH,True,13.52,-11.24,137,35,NORMAL,T(-)C(+)W(+),HH_TO_LH
JNJ,2024-04-16 00:00:00+00:00,MIN,136.16612243652344,HL,True,-11.24,7.12,35,36,NORMAL,T(-)C(-)W(-),LL_TO_HL
JNJ,2024-05-22 00:00:00+00:00,MAX,145.8667755126953,LH,True,7.12,-5.94,36,6,MINOR,T(-)C(-)W(+),LH
JNJ,2024-05-28 00:00:00+00:00,MIN,137.2003173828125,HL,True,-5.94,16.81,6,105,MAJOR,T(-)C(-)W(+),HL
JNJ,2024-09-10 00:00:00+00:00,MAX,160.26382446289062,HH,True,16.81,-14.45,105,122,NORMAL,T(+)C(+)W(+),HH
JNJ,2025-01-10 00:00:00+00:00,MIN,137.1116943359375,LL,True,-14.45,18.99,122,59,MAJOR,T(+)C(-)W(-),LL
JNJ,2025-03-10 00:00:00+00:00,MAX,163.15420532226562,HH,True,18.99,-11.34,59,31,NORMAL,T(+)C(+)W(+),HH
JNJ,2025-04-10 00:00:00+00:00,MIN,144.65951538085938,HL,True,-11.34,6.09,31,12,MINOR,T(+)C(+)W(-),LL_TO_HL
JNJ,2025-04-22 00:00:00+00:00,MAX,153.4739227294922,LH,True,6.09,-7.22,12,22,NORMAL,T(+)C(+)W(-),HH_TO_LH
JNJ,2025-05-14 00:00:00+00:00,MIN,142.39266967773438,LL,True,-7.22,74.56,22,292,EXTREME,T(+)C(-)W(-),LL
JNJ,2026-03-02 00:00:00+00:00,MAX,248.55999755859375,HH,True,74.56,-11.28,292,70,NORMAL,T(+)C(+)W(+),HH
JNJ,2026-05-11 00:00:00+00:00,MIN,220.52169799804688,HL,True,-11.28,0.0,70,0,MINOR,T(+)C(-)W(-),LL_TO_HL
JPM,2006-05-05 13:30:00+00:00,MAX,46.64999,HH,True,0.0,-14.36,0,45,NORMAL,UNKNOWN,HH
JPM,2006-06-19 13:30:00+00:00,MIN,39.95,LL,True,-14.36,7.31,45,14,NORMAL,UNKNOWN,LL
JPM,2006-07-03 13:30:00+00:00,MAX,42.87,LH,True,7.31,-5.04,14,15,MINOR,UNKNOWN,HH_TO_LH
JPM,2006-07-18 13:30:00+00:00,MIN,40.71001,HL,True,-5.04,26.87,15,218,MAJOR,UNKNOWN,LL_TO_HL
JPM,2007-02-21 14:30:00+00:00,MAX,51.64999,HH,True,26.87,-9.58,218,19,NORMAL,T(+)C(+)W(+),HH
JPM,2007-03-13 13:30:00+00:00,MIN,46.7,HL,True,-9.58,13.92,19,57,NORMAL,T(+)C(+)W(+),HL
JPM,2007-05-09 13:30:00+00:00,MAX,53.2,HH,True,13.92,-10.7,57,62,NORMAL,T(+)C(+)W(+),HH
JPM,2007-07-10 13:30:00+00:00,MIN,47.50999,HL,True,-10.7,5.35,62,3,MINOR,T(+)C(-)W(-),HL
JPM,2007-07-13 13:30:00+00:00,MAX,50.05,LH,True,5.35,-12.79,3,21,NORMAL,T(+)C(-)W(-),HH_TO_LH
JPM,2007-08-03 13:30:00+00:00,MIN,43.64999,LL,True,-12.79,6.55,21,5,MINOR,T(+)C(-)W(-),LL
JPM,2007-08-08 13:30:00+00:00,MAX,46.50999,LH,True,6.55,-7.55,5,7,NORMAL,T(+)C(-)W(-),LH
JPM,2007-08-15 13:30:00+00:00,MIN,43.0,LL,True,-7.55,9.33,7,2,NORMAL,T(+)C(-)W(-),LL
JPM,2007-08-17 13:30:00+00:00,MAX,47.00999,HH,True,9.33,-7.42,2,21,NORMAL,T(+)C(-)W(-),HH
JPM,2007-09-07 13:30:00+00:00,MIN,43.52,HL,True,-7.42,9.88,21,11,NORMAL,T(-)C(-)W(-),LL_TO_HL
JPM,2007-09-18 13:30:00+00:00,MAX,47.82001,HH,True,9.88,-5.86,11,31,MINOR,T(-)C(-)W(-),HH
JPM,2007-10-19 13:30:00+00:00,MIN,45.02,HL,True,-5.86,5.11,31,7,MINOR,T(-)C(+)W(+),HL
JPM,2007-10-26 13:30:00+00:00,MAX,47.32001,LH,True,5.11,-10.74,7,12,NORMAL,T(-)C(+)W(+),HH_TO_LH
JPM,2007-11-07 14:30:00+00:00,MIN,42.24001,LL,True,-10.74,6.89,12,7,MINOR,T(-)C(+)W(-),LL
JPM,2007-11-14 14:30:00+00:00,MAX,45.14999,LH,True,6.89,-10.39,7,12,NORMAL,T(-)C(-)W(-),LH
JPM,2007-11-26 14:30:00+00:00,MIN,40.46001,LL,True,-10.39,17.2,12,14,MAJOR,T(-)C(-)W(-),LL
JPM,2007-12-10 14:30:00+00:00,MAX,47.42,HH,True,17.2,-17.4,14,36,MAJOR,T(-)C(-)W(-),HH
JPM,2008-01-15 14:30:00+00:00,MIN,39.17,LL,True,-17.4,23.18,36,17,MAJOR,T(-)C(-)W(-),LL
JPM,2008-02-01 14:30:00+00:00,MAX,48.25,HH,True,23.18,-24.39,17,37,MAJOR,T(-)C(+)W(-),HH
JPM,2008-03-10 13:30:00+00:00,MIN,36.48,LL,True,-24.39,6.47,37,1,MINOR,T(-)C(-)W(-),LL
JPM,2008-03-11 13:30:00+00:00,MAX,38.84,LH,True,6.47,-5.92,1,3,MINOR,T(-)C(-)W(-),HH_TO_LH
JPM,2008-03-14 13:30:00+00:00,MIN,36.53999,HL,True,-5.92,27.39,3,10,MAJOR,T(-)C(-)W(-),LL_TO_HL
JPM,2008-03-24 13:30:00+00:00,MAX,46.55,HH,True,27.39,-8.25,10,4,NORMAL,T(-)C(-)W(-),HH
JPM,2008-03-28 13:30:00+00:00,MIN,42.71001,HL,True,-8.25,10.04,4,4,NORMAL,T(-)C(-)W(-),HL
JPM,2008-04-01 13:30:00+00:00,MAX,47.0,HH,True,10.04,-11.7,4,13,NORMAL,T(-)C(-)W(-),HH
JPM,2008-04-14 13:30:00+00:00,MIN,41.5,LL,True,-11.7,18.67,13,17,MAJOR,T(-)C(-)W(+),LL
JPM,2008-05-01 13:30:00+00:00,MAX,49.25,HH,True,18.67,-24.61,17,41,MAJOR,T(-)C(+)W(+),HH
JPM,2008-06-11 13:30:00+00:00,MIN,37.13,LL,True,-24.61,7.57,41,5,NORMAL,T(-)C(-)W(-),LL
JPM,2008-06-16 13:30:00+00:00,MAX,39.94,LH,True,7.57,-14.82,5,15,NORMAL,T(-)C(-)W(-),HH_TO_LH
JPM,2008-07-01 13:30:00+00:00,MIN,34.02,LL,True,-14.82,5.14,15,7,MINOR,T(-)C(-)W(-),LL
JPM,2008-07-08 13:30:00+00:00,MAX,35.77,LH,True,5.14,-13.28,7,7,NORMAL,T(-)C(-)W(-),LH
JPM,2008-07-15 13:30:00+00:00,MIN,31.02,LL,True,-13.28,31.53,7,2,EXTREME,T(-)C(-)W(-),LL
JPM,2008-07-17 13:30:00+00:00,MAX,40.8,HH,True,31.53,-5.27,2,4,MINOR,T(-)C(-)W(-),HH
JPM,2008-07-21 13:30:00+00:00,MIN,38.64999,HL,True,-5.27,8.56,4,2,NORMAL,T(-)C(-)W(-),LL_TO_HL
JPM,2008-07-23 13:30:00+00:00,MAX,41.96001,HH,True,8.56,-10.25,2,5,NORMAL,T(-)C(-)W(-),HH
JPM,2008-07-28 13:30:00+00:00,MIN,37.66,LL,True,-10.25,11.23,5,8,NORMAL,T(-)C(-)W(-),LL
JPM,2008-08-05 13:30:00+00:00,MAX,41.89,LH,True,11.23,-15.06,8,14,MAJOR,T(-)C(-)W(+),HH_TO_LH
JPM,2008-08-19 13:30:00+00:00,MIN,35.58,LL,True,-15.06,16.78,14,20,MAJOR,T(-)C(-)W(+),LL
JPM,2008-09-08 13:30:00+00:00,MAX,41.55,LH,True,16.78,-5.17,20,2,MINOR,T(-)C(+)W(+),LH
JPM,2008-09-10 13:30:00+00:00,MIN,39.39999,HL,True,-5.17,5.71,2,1,MINOR,T(-)C(+)W(+),LL_TO_HL
JPM,2008-09-11 13:30:00+00:00,MAX,41.64999,HH,True,5.71,-11.16,1,4,NORMAL,T(-)C(+)W(+),HH
JPM,2008-09-15 13:30:00+00:00,MIN,37.0,LL,True,-11.16,10.11,4,1,NORMAL,T(-)C(+)W(-),LL
JPM,2008-09-16 13:30:00+00:00,MAX,40.74001,LH,True,10.11,-12.2,1,1,NORMAL,T(-)C(+)W(-),HH_TO_LH
JPM,2008-09-17 13:30:00+00:00,MIN,35.77,LL,True,-12.2,31.53,1,2,EXTREME,T(-)C(+)W(-),LL
JPM,2008-09-19 13:30:00+00:00,MAX,47.05,HH,True,31.53,-13.92,2,5,NORMAL,T(-)C(+)W(-),HH
JPM,2008-09-24 13:30:00+00:00,MIN,40.5,HL,True,-13.92,19.11,5,2,MAJOR,T(-)C(+)W(+),LL_TO_HL
JPM,2008-09-26 13:30:00+00:00,MAX,48.24001,HH,True,19.11,-15.01,2,3,MAJOR,T(-)C(+)W(+),HH
JPM,2008-09-29 13:30:00+00:00,MIN,41.0,HL,True,-15.01,21.59,3,3,MAJOR,T(-)C(+)W(+),HL
JPM,2008-10-02 13:30:00+00:00,MAX,49.85001,HH,True,21.59,-26.42,3,7,MAJOR,T(-)C(+)W(+),HH
JPM,2008-10-09 13:30:00+00:00,MIN,36.67999,LL,True,-26.42,14.48,7,4,NORMAL,T(-)C(+)W(+),LL
JPM,2008-10-13 13:30:00+00:00,MAX,41.99001,LH,True,14.48,-8.34,4,2,NORMAL,T(-)C(+)W(+),HH_TO_LH
JPM,2008-10-15 13:30:00+00:00,MIN,38.49001,HL,True,-8.34,5.64,2,5,MINOR,T(-)C(+)W(+),LL_TO_HL
JPM,2008-10-20 13:30:00+00:00,MAX,40.66,LH,True,5.64,-16.38,5,7,MAJOR,T(-)C(+)W(+),LH
JPM,2008-10-27 13:30:00+00:00,MIN,34.0,LL,True,-16.38,10.59,7,1,NORMAL,T(-)C(+)W(+),LL
JPM,2008-10-28 13:30:00+00:00,MAX,37.60001,LH,True,10.59,-5.03,1,1,MINOR,T(-)C(+)W(-),LH
JPM,2008-10-29 13:30:00+00:00,MIN,35.71001,HL,True,-5.03,18.09,1,6,MAJOR,T(-)C(+)W(-),LL_TO_HL
JPM,2008-11-04 14:30:00+00:00,MAX,42.17,HH,True,18.09,-18.02,6,8,MAJOR,T(-)C(+)W(-),HH
JPM,2008-11-12 14:30:00+00:00,MIN,34.57001,LL,True,-18.02,7.58,8,1,NORMAL,T(-)C(-)W(-),LL
JPM,2008-11-13 14:30:00+00:00,MAX,37.19,LH,True,7.58,-38.91,1,8,EXTREME,T(-)C(-)W(-),HH_TO_LH
JPM,2008-11-21 14:30:00+00:00,MIN,22.72,LL,True,-38.91,39.35,8,7,EXTREME,T(-)C(-)W(-),LL
JPM,2008-11-28 14:30:00+00:00,MAX,31.66,LH,True,39.35,-17.5,7,3,MAJOR,T(-)C(-)W(-),LH
JPM,2008-12-01 14:30:00+00:00,MIN,26.12,HL,True,-17.5,39.7,3,7,EXTREME,T(-)C(-)W(-),LL_TO_HL
JPM,2008-12-08 14:30:00+00:00,MAX,36.49001,HH,True,39.7,-21.54,7,7,MAJOR,T(-)C(-)W(-),HH
JPM,2008-12-15 14:30:00+00:00,MIN,28.63,HL,True,-21.54,12.99,7,1,NORMAL,T(-)C(-)W(-),HL
JPM,2008-12-16 14:30:00+00:00,MAX,32.35001,LH,True,12.99,-10.02,1,7,NORMAL,T(-)C(-)W(-),HH_TO_LH
JPM,2008-12-23 14:30:00+00:00,MIN,29.11,HL,True,-10.02,8.31,7,8,NORMAL,T(-)C(-)W(-),HL
JPM,2008-12-31 14:30:00+00:00,MAX,31.53,LH,True,8.31,-21.0,8,12,MAJOR,T(-)C(-)W(-),LH
JPM,2009-01-12 14:30:00+00:00,MIN,24.91,LL,True,-21.0,5.78,12,1,MINOR,T(-)C(-)W(-),LL
JPM,2009-01-13 14:30:00+00:00,MAX,26.35001,LH,True,5.78,-31.35,1,7,EXTREME,T(-)C(-)W(-),LH
JPM,2009-01-20 14:30:00+00:00,MIN,18.09,LL,True,-31.35,52.9,7,8,EXTREME,T(-)C(-)W(-),LL
JPM,2009-01-28 14:30:00+00:00,MAX,27.66,HH,True,52.9,-13.09,8,7,NORMAL,T(-)C(-)W(-),HH
JPM,2009-02-04 14:30:00+00:00,MIN,24.03999,HL,True,-13.09,14.93,7,2,NORMAL,T(-)C(-)W(-),LL_TO_HL
JPM,2009-02-06 14:30:00+00:00,MAX,27.63,LH,True,14.93,-10.89,2,4,NORMAL,T(-)C(-)W(-),HH_TO_LH
JPM,2009-02-10 14:30:00+00:00,MIN,24.62,HL,True,-10.89,6.38,4,2,MINOR,T(-)C(-)W(-),HL
JPM,2009-02-12 14:30:00+00:00,MAX,26.19,LH,True,6.38,-25.51,2,11,MAJOR,T(-)C(-)W(-),LH
JPM,2009-02-23 14:30:00+00:00,MIN,19.50999,LL,True,-25.51,18.14,11,3,MAJOR,T(-)C(-)W(-),LL
JPM,2009-02-26 14:30:00+00:00,MAX,23.05,LH,True,18.14,-31.02,3,10,EXTREME,T(-)C(-)W(-),LH
JPM,2009-03-09 13:30:00+00:00,MIN,15.9,LL,True,-31.02,70.5,10,9,EXTREME,T(-)C(-)W(-),LL
JPM,2009-03-18 13:30:00+00:00,MAX,27.11,HH,True,70.5,-14.61,9,2,NORMAL,T(-)C(-)W(-),HH
JPM,2009-03-20 13:30:00+00:00,MIN,23.14999,HL,True,-14.61,24.67,2,3,MAJOR,T(-)C(-)W(-),LL_TO_HL
JPM,2009-03-23 13:30:00+00:00,MAX,28.86,HH,True,24.67,-8.52,3,1,NORMAL,T(-)C(-)W(-),HH
JPM,2009-03-24 13:30:00+00:00,MIN,26.39999,HL,True,-8.52,10.23,1,2,NORMAL,T(-)C(-)W(-),HL
JPM,2009-03-26 13:30:00+00:00,MAX,29.10001,HH,True,10.23,-14.6,2,4,NORMAL,T(-)C(-)W(-),HH
JPM,2009-03-30 13:30:00+00:00,MIN,24.85001,LL,True,-14.6,17.83,4,4,MAJOR,T(-)C(-)W(-),LL
JPM,2009-04-03 13:30:00+00:00,MAX,29.28,HH,True,17.83,-6.93,4,4,MINOR,T(-)C(+)W(+),HH
JPM,2009-04-07 13:30:00+00:00,MIN,27.25,HL,True,-6.93,23.67,4,6,MAJOR,T(-)C(+)W(+),LL_TO_HL
JPM,2009-04-13 13:30:00+00:00,MAX,33.7,HH,True,23.67,-8.9,6,1,NORMAL,T(-)C(+)W(+),HH
JPM,2009-04-14 13:30:00+00:00,MIN,30.7,HL,True,-8.9,8.34,1,3,NORMAL,T(-)C(+)W(+),HL
JPM,2009-04-17 13:30:00+00:00,MAX,33.25999,LH,True,8.34,-10.73,3,3,NORMAL,T(-)C(+)W(+),HH_TO_LH
JPM,2009-04-20 13:30:00+00:00,MIN,29.69,LL,True,-10.73,16.13,3,9,MAJOR,T(-)C(+)W(+),LL
JPM,2009-04-29 13:30:00+00:00,MAX,34.48,HH,True,16.13,-5.77,9,2,MINOR,T(-)C(+)W(+),HH
JPM,2009-05-01 13:30:00+00:00,MIN,32.49001,HL,True,-5.77,14.56,2,5,NORMAL,T(-)C(+)W(+),LL_TO_HL
JPM,2009-05-06 13:30:00+00:00,MAX,37.22,HH,True,14.56,-5.32,5,1,MINOR,T(-)C(+)W(+),HH
JPM,2009-05-07 13:30:00+00:00,MIN,35.24001,HL,True,-5.32,10.5,1,1,NORMAL,T(-)C(+)W(+),HL
JPM,2009-05-08 13:30:00+00:00,MAX,38.94,HH,True,10.5,-12.56,1,5,NORMAL,T(-)C(+)W(+),HH
JPM,2009-05-13 13:30:00+00:00,MIN,34.05,LL,True,-12.56,9.43,5,5,NORMAL,T(-)C(+)W(+),LL
JPM,2009-05-18 13:30:00+00:00,MAX,37.25999,LH,True,9.43,-7.65,5,4,NORMAL,T(-)C(+)W(+),HH_TO_LH
JPM,2009-05-22 13:30:00+00:00,MIN,34.41,HL,True,-7.65,6.19,4,4,MINOR,T(-)C(+)W(+),LL_TO_HL
JPM,2009-05-26 13:30:00+00:00,MAX,36.53999,LH,True,6.19,-5.15,4,1,MINOR,T(-)C(+)W(+),LH
JPM,2009-05-27 13:30:00+00:00,MIN,34.66,HL,True,-5.15,6.46,1,2,MINOR,T(-)C(+)W(+),HL
JPM,2009-05-29 13:30:00+00:00,MAX,36.89999,HH,True,6.46,-11.3,2,19,NORMAL,T(-)C(+)W(+),HH
JPM,2009-06-17 13:30:00+00:00,MIN,32.73,LL,True,-11.3,6.94,19,2,MINOR,T(-)C(+)W(+),LL
JPM,2009-06-19 13:30:00+00:00,MAX,35.0,LH,True,6.94,-6.09,2,3,MINOR,T(-)C(+)W(+),HH_TO_LH
JPM,2009-06-22 13:30:00+00:00,MIN,32.87,HL,True,-6.09,5.26,3,7,MINOR,T(-)C(+)W(+),LL_TO_HL
JPM,2009-06-29 13:30:00+00:00,MAX,34.60001,LH,True,5.26,-6.73,7,3,MINOR,T(-)C(+)W(-),LH
JPM,2009-07-02 13:30:00+00:00,MIN,32.27,LL,True,-6.73,32.94,3,42,EXTREME,T(-)C(+)W(-),LL
JPM,2009-08-13 13:30:00+00:00,MAX,42.89999,HH,True,32.94,-5.06,42,4,MINOR,T(-)C(+)W(+),HH
JPM,2009-08-17 13:30:00+00:00,MIN,40.73,HL,True,-5.06,7.19,4,4,NORMAL,T(-)C(+)W(+),LL_TO_HL
JPM,2009-08-21 13:30:00+00:00,MAX,43.66,HH,True,7.19,-6.41,4,12,MINOR,T(+)C(+)W(+),HH
JPM,2009-09-02 13:30:00+00:00,MIN,40.86,HL,True,-6.41,13.73,12,20,NORMAL,T(+)C(+)W(+),HL
JPM,2009-09-22 13:30:00+00:00,MAX,46.47,HH,True,13.73,-10.97,20,9,NORMAL,T(+)C(+)W(+),HH
JPM,2009-10-01 13:30:00+00:00,MIN,41.37,HL,True,-10.97,14.0,9,13,NORMAL,T(+)C(+)W(+),HL
JPM,2009-10-14 13:30:00+00:00,MAX,47.16,HH,True,14.0,-11.43,13,16,NORMAL,T(+)C(+)W(+),HH
JPM,2009-10-30 13:30:00+00:00,MIN,41.77,HL,True,-11.43,6.18,16,10,MINOR,T(+)C(+)W(+),HL
JPM,2009-11-09 14:30:00+00:00,MAX,44.35001,LH,True,6.18,-9.2,10,38,NORMAL,T(+)C(+)W(-),HH_TO_LH
JPM,2009-12-17 14:30:00+00:00,MIN,40.27,LL,True,-9.2,11.22,38,21,NORMAL,T(+)C(-)W(-),LL
JPM,2010-01-07 14:30:00+00:00,MAX,44.78999,HH,True,11.22,-14.18,21,19,NORMAL,T(+)C(-)W(-),HH
JPM,2010-01-26 14:30:00+00:00,MIN,38.44,LL,True,-14.18,5.49,19,7,MINOR,T(+)C(-)W(+),LL
JPM,2010-02-02 14:30:00+00:00,MAX,40.55,LH,True,5.49,-7.03,7,6,NORMAL,T(+)C(-)W(-),HH_TO_LH
JPM,2010-02-08 14:30:00+00:00,MIN,37.7,LL,True,-7.03,26.82,6,65,MAJOR,T(+)C(-)W(-),LL
JPM,2010-04-15 13:30:00+00:00,MAX,47.81,HH,True,26.82,-20.87,65,35,MAJOR,T(+)C(+)W(+),HH
JPM,2010-05-20 13:30:00+00:00,MIN,37.83,HL,True,-20.87,6.85,35,7,MINOR,T(+)C(-)W(-),LL_TO_HL
JPM,2010-05-27 13:30:00+00:00,MAX,40.42,LH,True,6.85,-9.15,7,11,NORMAL,T(+)C(-)W(-),HH_TO_LH
JPM,2010-06-07 13:30:00+00:00,MIN,36.72,LL,True,-9.15,7.41,11,18,NORMAL,T(+)C(-)W(-),LL
JPM,2010-06-25 13:30:00+00:00,MAX,39.44,LH,True,7.41,-9.15,18,7,NORMAL,T(-)C(-)W(-),LH
JPM,2010-07-02 13:30:00+00:00,MIN,35.83,LL,True,-9.15,12.98,7,11,NORMAL,T(-)C(-)W(-),LL
JPM,2010-07-13 13:30:00+00:00,MAX,40.48,HH,True,12.98,-5.09,11,8,MINOR,T(-)C(-)W(-),HH
JPM,2010-07-21 13:30:00+00:00,MIN,38.42,HL,True,-5.09,8.38,8,12,NORMAL,T(-)C(-)W(-),LL_TO_HL
JPM,2010-08-02 13:30:00+00:00,MAX,41.64,HH,True,8.38,-14.43,12,24,NORMAL,T(-)C(-)W(+),HH
JPM,2010-08-26 13:30:00+00:00,MIN,35.63,LL,True,-14.43,15.6,24,25,MAJOR,T(-)C(+)W(-),LL
JPM,2010-09-20 13:30:00+00:00,MAX,41.19,LH,True,15.6,-7.6,25,10,NORMAL,T(-)C(+)W(-),HH_TO_LH
JPM,2010-09-30 13:30:00+00:00,MIN,38.06,HL,True,-7.6,6.15,10,12,MINOR,T(-)C(-)W(+),LL_TO_HL
JPM,2010-10-12 13:30:00+00:00,MAX,40.39999,LH,True,6.15,-8.51,12,21,NORMAL,T(-)C(+)W(+),LH
JPM,2010-11-02 13:30:00+00:00,MIN,36.96001,LL,True,-8.51,10.77,21,3,NORMAL,T(-)C(+)W(-),LL
JPM,2010-11-05 13:30:00+00:00,MAX,40.94,HH,True,10.77,-8.65,3,25,NORMAL,T(-)C(+)W(-),HH
JPM,2010-11-30 14:30:00+00:00,MIN,37.39999,HL,True,-8.65,28.34,25,80,MAJOR,T(-)C(-)W(-),LL_TO_HL
JPM,2011-02-18 14:30:00+00:00,MAX,48.0,HH,True,28.34,-8.73,80,25,NORMAL,T(+)C(+)W(+),HH
JPM,2011-03-16 13:30:00+00:00,MIN,43.81,HL,True,-8.73,8.74,25,21,NORMAL,T(+)C(+)W(+),HL
JPM,2011-04-06 13:30:00+00:00,MAX,47.64,LH,True,8.74,-17.11,21,79,MAJOR,T(+)C(+)W(-),HH_TO_LH
JPM,2011-06-24 13:30:00+00:00,MIN,39.49001,LL,True,-17.11,5.29,79,7,MINOR,T(+)C(-)W(-),LL
JPM,2011-07-01 13:30:00+00:00,MAX,41.58,LH,True,5.29,-5.27,7,11,MINOR,T(+)C(-)W(-),LH
JPM,2011-07-12 13:30:00+00:00,MIN,39.39,LL,True,-5.27,7.36,11,9,NORMAL,T(+)C(-)W(-),LL
JPM,2011-07-21 13:30:00+00:00,MAX,42.28999,HH,True,7.36,-19.46,9,18,MAJOR,T(+)C(-)W(-),HH
JPM,2011-08-08 13:30:00+00:00,MIN,34.06,LL,True,-19.46,6.87,18,1,MINOR,T(+)C(-)W(-),LL
JPM,2011-08-09 13:30:00+00:00,MAX,36.39999,LH,True,6.87,-5.58,1,1,MINOR,T(+)C(-)W(-),HH_TO_LH
JPM,2011-08-10 13:30:00+00:00,MIN,34.37,HL,True,-5.58,7.3,1,5,NORMAL,T(+)C(-)W(-),LL_TO_HL
JPM,2011-08-15 13:30:00+00:00,MAX,36.88,HH,True,7.3,-9.41,5,7,NORMAL,T(+)C(-)W(-),HH
JPM,2011-08-22 13:30:00+00:00,MIN,33.41,LL,True,-9.41,12.66,7,7,NORMAL,T(+)C(-)W(-),LL
JPM,2011-08-29 13:30:00+00:00,MAX,37.64,HH,True,12.66,-14.77,7,11,NORMAL,T(+)C(-)W(-),HH
JPM,2011-09-09 13:30:00+00:00,MIN,32.08,LL,True,-14.77,5.39,11,6,MINOR,T(-)C(-)W(-),LL
JPM,2011-09-15 13:30:00+00:00,MAX,33.81,LH,True,5.39,-13.43,6,7,NORMAL,T(-)C(-)W(-),HH_TO_LH
JPM,2011-09-22 13:30:00+00:00,MIN,29.27,LL,True,-13.43,8.13,7,4,NORMAL,T(-)C(-)W(-),LL
JPM,2011-09-26 13:30:00+00:00,MAX,31.64999,LH,True,8.13,-9.48,4,7,NORMAL,T(-)C(-)W(-),LH
JPM,2011-10-03 13:30:00+00:00,MIN,28.64999,LL,True,-9.48,13.02,7,3,NORMAL,T(-)C(-)W(-),LL
JPM,2011-10-06 13:30:00+00:00,MAX,32.38,HH,True,13.02,-5.19,3,1,MINOR,T(-)C(-)W(-),HH
JPM,2011-10-07 13:30:00+00:00,MIN,30.7,HL,True,-5.19,8.14,1,5,NORMAL,T(-)C(-)W(-),LL_TO_HL
JPM,2011-10-12 13:30:00+00:00,MAX,33.2,HH,True,8.14,-6.51,5,5,MINOR,T(-)C(-)W(-),HH
JPM,2011-10-17 13:30:00+00:00,MIN,31.03999,HL,True,-6.51,19.27,5,10,MAJOR,T(-)C(-)W(-),HL
JPM,2011-10-27 13:30:00+00:00,MAX,37.02,HH,True,19.27,-11.64,10,5,NORMAL,T(-)C(-)W(-),HH
JPM,2011-11-01 13:30:00+00:00,MIN,32.71001,HL,True,-11.64,7.06,5,7,NORMAL,T(-)C(-)W(+),HL
JPM,2011-11-08 14:30:00+00:00,MAX,35.02,LH,True,7.06,-18.96,7,15,MAJOR,T(-)C(-)W(+),HH_TO_LH
JPM,2011-11-23 14:30:00+00:00,MIN,28.38,LL,True,-18.96,19.8,15,14,MAJOR,T(-)C(-)W(+),LL
JPM,2011-12-07 14:30:00+00:00,MAX,34.0,LH,True,19.8,-9.71,14,12,NORMAL,T(-)C(+)W(-),LH
JPM,2011-12-19 14:30:00+00:00,MIN,30.7,HL,True,-9.71,20.03,12,24,MAJOR,T(-)C(-)W(-),LL_TO_HL
JPM,2012-01-12 14:30:00+00:00,MAX,36.85001,HH,True,20.03,-5.26,24,5,MINOR,T(-)C(+)W(+),HH
JPM,2012-01-17 14:30:00+00:00,MIN,34.91,HL,True,-5.26,32.54,5,70,EXTREME,T(-)C(+)W(+),HL
JPM,2012-03-28 13:30:00+00:00,MAX,46.27,HH,True,32.54,-29.74,70,54,MAJOR,T(-)C(+)W(+),HH
JPM,2012-05-21 13:30:00+00:00,MIN,32.50999,LL,True,-29.74,5.38,54,2,MINOR,T(+)C(-)W(-),LL
JPM,2012-05-23 13:30:00+00:00,MAX,34.25999,LH,True,5.38,-9.52,2,12,NORMAL,T(+)C(-)W(-),HH_TO_LH
JPM,2012-06-04 13:30:00+00:00,MIN,31.0,LL,True,-9.52,18.65,12,23,MAJOR,T(+)C(-)W(-),LL
JPM,2012-06-27 13:30:00+00:00,MAX,36.78,HH,True,18.65,-7.83,23,9,NORMAL,T(+)C(-)W(-),HH
JPM,2012-07-06 13:30:00+00:00,MIN,33.89999,HL,True,-7.83,6.4,9,7,MINOR,T(+)C(-)W(-),LL_TO_HL
JPM,2012-07-13 13:30:00+00:00,MAX,36.07001,LH,True,6.4,-6.02,7,7,MINOR,T(+)C(-)W(+),HH_TO_LH
JPM,2012-07-20 13:30:00+00:00,MIN,33.89999,LL,True,-6.02,27.79,7,89,MAJOR,T(+)C(-)W(+),LL
JPM,2012-10-17 13:30:00+00:00,MAX,43.32001,HH,True,27.79,-9.3,89,28,NORMAL,T(+)C(+)W(+),HH
JPM,2012-11-14 14:30:00+00:00,MIN,39.28999,HL,True,-9.3,29.8,28,119,MAJOR,T(+)C(+)W(+),LL_TO_HL
JPM,2013-03-14 13:30:00+00:00,MAX,51.0,HH,True,29.8,-8.14,119,20,NORMAL,T(+)C(+)W(+),HH
JPM,2013-04-03 13:30:00+00:00,MIN,46.85001,HL,True,-8.14,5.25,20,8,MINOR,T(+)C(+)W(+),HL
JPM,2013-04-11 13:30:00+00:00,MAX,49.31,LH,True,5.25,-5.41,8,7,MINOR,T(+)C(+)W(-),HH_TO_LH
JPM,2013-04-18 13:30:00+00:00,MIN,46.64,LL,True,-5.41,19.25,7,42,MAJOR,T(+)C(+)W(-),LL
JPM,2013-05-30 13:30:00+00:00,MAX,55.62,HH,True,19.25,-8.45,42,25,NORMAL,T(+)C(+)W(+),HH
JPM,2013-06-24 13:30:00+00:00,MIN,50.92,HL,True,-8.45,11.29,25,29,NORMAL,T(+)C(+)W(+),LL_TO_HL
JPM,2013-07-23 13:30:00+00:00,MAX,56.67,HH,True,11.29,-10.83,29,38,NORMAL,T(+)C(+)W(+),HH
JPM,2013-08-30 13:30:00+00:00,MIN,50.53,LL,True,-10.83,6.21,38,11,MINOR,T(+)C(-)W(-),LL
JPM,2013-09-10 13:30:00+00:00,MAX,53.67,LH,True,6.21,-6.24,11,14,MINOR,T(+)C(-)W(-),HH_TO_LH
JPM,2013-09-24 13:30:00+00:00,MIN,50.32001,LL,True,-6.24,7.91,14,24,NORMAL,T(+)C(-)W(-),LL
JPM,2013-10-18 13:30:00+00:00,MAX,54.3,HH,True,7.91,-5.08,24,13,MINOR,T(+)C(-)W(+),HH
JPM,2013-10-31 13:30:00+00:00,MIN,51.54,HL,True,-5.08,15.42,13,76,MAJOR,T(+)C(-)W(+),LL_TO_HL
JPM,2014-01-15 14:30:00+00:00,MAX,59.49,HH,True,15.42,-8.71,76,19,NORMAL,T(+)C(+)W(+),HH
JPM,2014-02-03 14:30:00+00:00,MIN,54.31,HL,True,-8.71,12.45,19,48,NORMAL,T(+)C(+)W(-),HL
JPM,2014-03-24 13:30:00+00:00,MAX,61.07,HH,True,12.45,-12.71,48,53,NORMAL,T(+)C(+)W(+),HH
JPM,2014-05-16 13:30:00+00:00,MIN,53.31,LL,True,-12.71,11.03,53,73,NORMAL,T(+)C(-)W(-),LL
JPM,2014-07-28 13:30:00+00:00,MAX,59.19,LH,True,11.03,-5.54,73,10,MINOR,T(+)C(+)W(+),HH_TO_LH
JPM,2014-08-07 13:30:00+00:00,MIN,55.91,HL,True,-5.54,10.23,10,48,NORMAL,T(+)C(+)W(+),LL_TO_HL
JPM,2014-09-24 13:30:00+00:00,MAX,61.63,HH,True,10.23,-10.63,48,22,NORMAL,T(+)C(+)W(+),HH
JPM,2014-10-16 13:30:00+00:00,MIN,55.08,LL,True,-10.63,13.83,22,50,NORMAL,T(+)C(+)W(+),LL
JPM,2014-12-05 14:30:00+00:00,MAX,62.7,HH,True,13.83,-6.81,50,11,MINOR,T(+)C(+)W(+),HH
JPM,2014-12-16 14:30:00+00:00,MIN,58.43,HL,True,-6.81,8.08,11,14,NORMAL,T(+)C(+)W(+),LL_TO_HL
JPM,2014-12-30 14:30:00+00:00,MAX,63.15,HH,True,8.08,-13.89,14,31,NORMAL,T(+)C(+)W(+),HH
JPM,2015-01-30 14:30:00+00:00,MIN,54.38,LL,True,-13.89,28.26,31,143,MAJOR,T(+)C(-)W(-),LL
JPM,2015-06-23 13:30:00+00:00,MAX,69.75,HH,True,28.26,-6.19,143,15,MINOR,T(+)C(+)W(+),HH
JPM,2015-07-08 13:30:00+00:00,MIN,65.43,HL,True,-6.19,7.11,15,14,NORMAL,T(+)C(+)W(+),LL_TO_HL
JPM,2015-07-22 13:30:00+00:00,MAX,70.08,HH,True,7.11,-14.51,14,34,NORMAL,T(+)C(+)W(+),HH
JPM,2015-08-25 13:30:00+00:00,MIN,59.91,LL,True,-14.51,7.63,34,2,NORMAL,T(+)C(-)W(-),LL
JPM,2015-08-27 13:30:00+00:00,MAX,64.48,LH,True,7.63,-7.2,2,33,NORMAL,T(+)C(-)W(-),HH_TO_LH
JPM,2015-09-29 13:30:00+00:00,MIN,59.84,LL,True,-7.2,14.41,33,38,NORMAL,T(+)C(-)W(-),LL
JPM,2015-11-06 14:30:00+00:00,MAX,68.46,HH,True,14.41,-6.41,38,35,MINOR,T(+)C(+)W(+),HH
JPM,2015-12-11 14:30:00+00:00,MIN,64.07,HL,True,-6.41,5.4,35,5,MINOR,T(+)C(+)W(+),LL_TO_HL
JPM,2015-12-16 14:30:00+00:00,MAX,67.53,LH,True,5.4,-18.18,5,36,MAJOR,T(+)C(+)W(+),HH_TO_LH
JPM,2016-01-21 14:30:00+00:00,MIN,55.25,LL,True,-18.18,7.69,36,8,NORMAL,T(+)C(-)W(-),LL
JPM,2016-01-29 14:30:00+00:00,MAX,59.5,LH,True,7.69,-10.81,8,13,NORMAL,T(+)C(-)W(-),LH
JPM,2016-02-11 14:30:00+00:00,MIN,53.07,LL,True,-10.81,13.96,13,35,NORMAL,T(-)C(-)W(-),LL
JPM,2016-03-18 13:30:00+00:00,MAX,60.48,HH,True,13.96,-5.22,35,20,MINOR,T(-)C(-)W(+),HH
JPM,2016-04-07 13:30:00+00:00,MIN,57.32,HL,True,-5.22,14.81,20,56,NORMAL,T(-)C(+)W(+),LL_TO_HL
JPM,2016-06-02 13:30:00+00:00,MAX,65.81,HH,True,14.81,-12.46,56,25,NORMAL,T(-)C(+)W(+),HH
JPM,2016-06-27 13:30:00+00:00,MIN,57.61,HL,True,-12.46,62.47,25,247,EXTREME,T(-)C(+)W(-),HL
JPM,2017-03-01 14:30:00+00:00,MAX,93.6,HH,True,62.47,-12.23,247,90,NORMAL,T(+)C(+)W(+),HH
JPM,2017-05-31 13:30:00+00:00,MIN,82.15,HL,True,-12.23,14.45,90,68,NORMAL,T(+)C(-)W(-),HL
JPM,2017-08-07 13:30:00+00:00,MAX,94.02,HH,True,14.45,-5.96,68,32,MINOR,T(+)C(+)W(+),HH
JPM,2017-09-08 13:30:00+00:00,MIN,88.42,HL,True,-5.96,32.18,32,146,EXTREME,T(+)C(+)W(-),HL
JPM,2018-02-01 14:30:00+00:00,MAX,116.87,HH,True,32.18,-7.69,146,7,NORMAL,T(+)C(+)W(+),HH
JPM,2018-02-08 14:30:00+00:00,MIN,107.88,HL,True,-7.69,10.09,7,18,NORMAL,T(+)C(+)W(+),HL
JPM,2018-02-26 14:30:00+00:00,MAX,118.77,HH,True,10.09,-9.9,18,24,NORMAL,T(+)C(+)W(+),HH
JPM,2018-03-23 13:30:00+00:00,MIN,107.01,LL,True,-9.9,5.94,24,20,MINOR,T(+)C(+)W(-),LL
JPM,2018-04-12 13:30:00+00:00,MAX,113.37,LH,True,5.94,-5.41,20,21,MINOR,T(+)C(-)W(-),HH_TO_LH
JPM,2018-05-03 13:30:00+00:00,MIN,107.24,HL,True,-5.41,6.57,21,7,MINOR,T(+)C(-)W(-),LL_TO_HL
JPM,2018-05-10 13:30:00+00:00,MAX,114.29,HH,True,6.57,-9.67,7,48,NORMAL,T(+)C(-)W(-),HH
JPM,2018-06-27 13:30:00+00:00,MIN,103.24,LL,True,-9.67,14.91,48,85,NORMAL,T(+)C(-)W(-),LL
JPM,2018-09-20 13:30:00+00:00,MAX,118.63,HH,True,14.91,-12.93,85,34,NORMAL,T(+)C(+)W(-),HH
JPM,2018-10-24 13:30:00+00:00,MIN,103.29,HL,True,-12.93,8.8,34,15,NORMAL,T(+)C(-)W(-),LL_TO_HL
JPM,2018-11-08 14:30:00+00:00,MAX,112.38,LH,True,8.8,-5.1,15,15,MINOR,T(+)C(-)W(-),HH_TO_LH
JPM,2018-11-23 14:30:00+00:00,MIN,106.65,HL,True,-5.1,5.24,15,10,MINOR,T(-)C(-)W(-),HL
JPM,2018-12-03 14:30:00+00:00,MAX,112.24,LH,True,5.24,-17.91,10,21,MAJOR,T(-)C(-)W(-),LH
JPM,2018-12-24 14:30:00+00:00,MIN,92.14,LL,True,-17.91,16.33,21,83,MAJOR,T(-)C(-)W(-),LL
JPM,2019-03-18 13:30:00+00:00,MAX,107.19,LH,True,16.33,-7.71,83,7,NORMAL,T(-)C(+)W(+),LH
JPM,2019-03-25 13:30:00+00:00,MIN,98.93,HL,True,-7.71,17.38,7,35,MAJOR,T(-)C(+)W(+),LL_TO_HL
JPM,2019-04-29 13:30:00+00:00,MAX,116.12,HH,True,17.38,-8.75,35,32,NORMAL,T(-)C(+)W(+),HH
JPM,2019-05-31 13:30:00+00:00,MIN,105.96,HL,True,-8.75,10.26,32,54,NORMAL,T(-)C(+)W(+),HL
JPM,2019-07-24 13:30:00+00:00,MAX,116.83,HH,True,10.26,-10.3,54,21,NORMAL,T(-)C(+)W(+),HH
JPM,2019-08-14 13:30:00+00:00,MIN,104.8,LL,True,-10.3,14.72,21,30,NORMAL,T(+)C(+)W(+),LL
JPM,2019-09-13 13:30:00+00:00,MAX,120.23,HH,True,14.72,-6.99,30,25,MINOR,T(+)C(-)W(-),HH
JPM,2019-10-08 13:30:00+00:00,MIN,111.82,HL,True,-6.99,26.18,25,86,MAJOR,T(+)C(+)W(+),LL_TO_HL
JPM,2020-01-02 14:30:00+00:00,MAX,141.09,HH,True,26.18,-33.77,86,66,EXTREME,T(+)C(+)W(+),HH
JPM,2020-03-09 13:30:00+00:00,MIN,93.44,LL,True,-33.77,7.77,66,1,NORMAL,T(+)C(-)W(-),LL
JPM,2020-03-10 13:30:00+00:00,MAX,100.7,LH,True,7.77,-12.56,1,2,NORMAL,T(+)C(-)W(-),HH_TO_LH
JPM,2020-03-12 13:30:00+00:00,MIN,88.05,LL,True,-12.56,18.01,2,1,MAJOR,T(+)C(-)W(-),LL
JPM,2020-03-13 13:30:00+00:00,MAX,103.91,HH,True,18.01,-14.96,1,3,NORMAL,T(+)C(-)W(-),HH
JPM,2020-03-16 13:30:00+00:00,MIN,88.36,HL,True,-14.96,6.11,3,1,MINOR,T(+)C(-)W(-),LL_TO_HL
JPM,2020-03-17 13:30:00+00:00,MAX,93.76,LH,True,6.11,-15.71,1,6,MAJOR,T(+)C(-)W(-),HH_TO_LH
JPM,2020-03-23 13:30:00+00:00,MIN,79.03,LL,True,-15.71,24.16,6,3,MAJOR,T(+)C(-)W(-),LL
JPM,2020-03-26 13:30:00+00:00,MAX,98.12,HH,True,24.16,-14.34,3,8,NORMAL,T(+)C(-)W(-),HH
JPM,2020-04-03 13:30:00+00:00,MIN,84.05,HL,True,-14.34,22.26,8,6,MAJOR,T(+)C(-)W(-),LL_TO_HL
JPM,2020-04-09 13:30:00+00:00,MAX,102.76,HH,True,22.26,-15.02,6,7,MAJOR,T(+)C(-)W(-),HH
JPM,2020-04-16 13:30:00+00:00,MIN,87.33,HL,True,-15.02,8.99,7,1,NORMAL,T(+)C(-)W(-),HL
JPM,2020-04-17 13:30:00+00:00,MAX,95.18,LH,True,8.99,-6.44,1,4,MINOR,T(+)C(-)W(-),HH_TO_LH
JPM,2020-04-21 13:30:00+00:00,MIN,89.05,HL,True,-6.44,9.89,4,8,NORMAL,T(+)C(-)W(-),HL
JPM,2020-04-29 13:30:00+00:00,MAX,97.86,HH,True,9.89,-14.13,8,14,NORMAL,T(-)C(-)W(-),HH
JPM,2020-05-13 13:30:00+00:00,MIN,84.03,LL,True,-14.13,35.01,14,26,EXTREME,T(-)C(-)W(+),LL
JPM,2020-06-08 13:30:00+00:00,MAX,113.45,HH,True,35.01,-19.54,26,31,MAJOR,T(-)C(+)W(+),HH
JPM,2020-07-09 13:30:00+00:00,MIN,91.28,HL,True,-19.54,13.74,31,33,NORMAL,T(-)C(+)W(+),LL_TO_HL
JPM,2020-08-11 13:30:00+00:00,MAX,103.82,LH,True,13.74,-6.26,33,10,MINOR,T(-)C(-)W(+),HH_TO_LH
JPM,2020-08-21 13:30:00+00:00,MIN,97.32,HL,True,-6.26,6.37,10,14,MINOR,T(-)C(-)W(+),HL
JPM,2020-09-04 13:30:00+00:00,MAX,103.52,LH,True,6.37,-10.49,14,20,NORMAL,T(-)C(+)W(+),LH
JPM,2020-09-24 13:30:00+00:00,MIN,92.66,LL,True,-10.49,12.03,20,29,NORMAL,T(-)C(+)W(-),LL
JPM,2020-10-23 13:30:00+00:00,MAX,103.81,HH,True,12.03,-7.0,29,5,NORMAL,T(-)C(+)W(-),HH
JPM,2020-10-28 13:30:00+00:00,MIN,96.54,HL,True,-7.0,46.23,5,78,EXTREME,T(-)C(-)W(-),LL_TO_HL
JPM,2021-01-14 14:30:00+00:00,MAX,141.17,HH,True,46.23,-9.43,78,13,NORMAL,T(+)C(+)W(+),HH
JPM,2021-01-27 14:30:00+00:00,MIN,127.86,HL,True,-9.43,23.3,13,49,MAJOR,T(+)C(+)W(+),HL
JPM,2021-03-18 13:30:00+00:00,MAX,157.65,HH,True,23.3,-6.52,49,35,MINOR,T(+)C(+)W(+),HH
JPM,2021-04-22 13:30:00+00:00,MIN,147.37,HL,True,-6.52,5.31,35,7,MINOR,T(+)C(+)W(+),HL
JPM,2021-04-29 13:30:00+00:00,MAX,155.19,LH,True,5.31,-12.91,7,3,NORMAL,T(+)C(+)W(-),HH_TO_LH
JPM,2021-05-03 00:00:00+00:00,MIN,135.15663146972656,LL,True,-12.91,8.53,3,32,NORMAL,T(+)C(+)W(-),LL
JPM,2021-06-04 00:00:00+00:00,MAX,146.68405151367188,LH,True,8.53,-11.13,32,14,NORMAL,T(+)C(-)W(-),LH
JPM,2021-06-18 00:00:00+00:00,MIN,130.3623504638672,LL,True,-11.13,7.43,14,24,NORMAL,T(+)C(-)W(-),LL
JPM,2021-07-12 00:00:00+00:00,MAX,140.0482940673828,LH,True,7.43,-6.98,24,7,MINOR,T(+)C(-)W(-),LH
JPM,2021-07-19 00:00:00+00:00,MIN,130.2715301513672,LL,True,-6.98,10.94,7,39,NORMAL,T(+)C(-)W(-),LL
JPM,2021-08-27 00:00:00+00:00,MAX,144.5245361328125,HH,True,10.94,-6.19,39,24,MINOR,T(+)C(+)W(+),HH
JPM,2021-09-20 00:00:00+00:00,MIN,135.58091735839844,HL,True,-6.19,11.95,24,18,NORMAL,T(+)C(+)W(+),LL_TO_HL
JPM,2021-10-08 00:00:00+00:00,MAX,151.7890625,HH,True,11.95,-5.42,18,5,MINOR,T(+)C(+)W(+),HH
JPM,2021-10-13 00:00:00+00:00,MIN,143.56736755371094,HL,True,-5.42,6.7,5,9,MINOR,T(+)C(+)W(+),HL
JPM,2021-10-22 00:00:00+00:00,MAX,153.18016052246094,HH,True,6.7,-10.39,9,59,NORMAL,T(+)C(+)W(+),HH
JPM,2021-12-20 00:00:00+00:00,MIN,137.27178955078125,LL,True,-10.39,10.08,59,23,NORMAL,T(+)C(-)W(-),LL
JPM,2022-01-12 00:00:00+00:00,MAX,151.10214233398438,LH,True,10.08,-13.95,23,12,NORMAL,T(-)C(-)W(-),HH_TO_LH
JPM,2022-01-24 00:00:00+00:00,MIN,130.02999877929688,LL,True,-13.95,8.04,12,16,NORMAL,T(-)C(-)W(-),LL
JPM,2022-02-09 00:00:00+00:00,MAX,140.48081970214844,LH,True,8.04,-18.07,16,27,MAJOR,T(-)C(-)W(-),LH
JPM,2022-03-08 00:00:00+00:00,MIN,115.09381866455078,LL,True,-18.07,11.16,27,14,NORMAL,T(-)C(-)W(-),LL
JPM,2022-03-22 00:00:00+00:00,MAX,127.93980407714844,LH,True,11.16,-15.69,14,38,MAJOR,T(-)C(-)W(-),LH
JPM,2022-04-29 00:00:00+00:00,MIN,107.8676986694336,LL,True,-15.69,6.48,38,5,MINOR,T(-)C(-)W(-),LL
JPM,2022-05-04 00:00:00+00:00,MAX,114.86247253417969,LH,True,6.48,-7.68,5,16,NORMAL,T(-)C(-)W(-),LH
JPM,2022-05-20 00:00:00+00:00,MIN,106.04219055175781,LL,True,-7.68,12.69,16,11,NORMAL,T(-)C(-)W(-),LL
JPM,2022-05-31 00:00:00+00:00,MAX,119.49854278564453,HH,True,12.69,-17.6,11,44,MAJOR,T(-)C(-)W(-),HH
JPM,2022-07-14 00:00:00+00:00,MIN,98.4648208618164,LL,True,-17.6,14.47,44,33,NORMAL,T(-)C(-)W(-),LL
JPM,2022-08-16 00:00:00+00:00,MAX,112.71485137939453,LH,True,14.47,-8.02,33,17,NORMAL,T(-)C(-)W(+),HH_TO_LH
JPM,2022-09-02 00:00:00+00:00,MIN,103.6706771850586,HL,True,-8.02,6.04,17,10,MINOR,T(-)C(+)W(+),LL_TO_HL
JPM,2022-09-12 00:00:00+00:00,MAX,109.93413543701172,LH,True,6.04,-13.34,10,18,NORMAL,T(-)C(+)W(+),LH
JPM,2022-09-30 00:00:00+00:00,MIN,95.27381896972656,LL,True,-13.34,7.91,18,4,NORMAL,T(-)C(-)W(-),LL
JPM,2022-10-04 00:00:00+00:00,MAX,102.81367492675781,LH,True,7.91,-8.78,4,7,NORMAL,T(-)C(-)W(-),LH
JPM,2022-10-11 00:00:00+00:00,MIN,93.78977966308594,LL,True,-8.78,35.52,7,50,EXTREME,T(-)C(-)W(-),LL
JPM,2022-11-30 00:00:00+00:00,MAX,127.1073989868164,HH,True,35.52,-6.43,50,16,MINOR,T(-)C(+)W(+),HH
JPM,2022-12-16 00:00:00+00:00,MIN,118.92974853515625,HL,True,-6.43,11.43,16,28,NORMAL,T(-)C(+)W(+),LL_TO_HL
JPM,2023-01-13 00:00:00+00:00,MAX,132.52207946777344,HH,True,11.43,-5.78,28,6,MINOR,T(-)C(+)W(+),HH
JPM,2023-01-19 00:00:00+00:00,MIN,124.86783599853516,HL,True,-5.78,6.72,6,27,MINOR,T(-)C(+)W(+),HL
JPM,2023-02-15 00:00:00+00:00,MAX,133.25413513183594,HH,True,6.72,-13.14,27,37,NORMAL,T(+)C(+)W(+),HH
JPM,2023-03-24 00:00:00+00:00,MIN,115.74948120117188,LL,True,-13.14,14.09,37,25,NORMAL,T(+)C(-)W(-),LL
JPM,2023-04-18 00:00:00+00:00,MAX,132.0584716796875,LH,True,14.09,-5.16,25,24,MINOR,T(+)C(-)W(-),HH_TO_LH
JPM,2023-05-12 00:00:00+00:00,MIN,125.24075317382812,HL,True,-5.16,18.63,24,73,MAJOR,T(+)C(-)W(+),LL_TO_HL
JPM,2023-07-24 00:00:00+00:00,MAX,148.57521057128906,HH,True,18.63,-13.49,73,95,NORMAL,T(+)C(+)W(+),HH
JPM,2023-10-27 00:00:00+00:00,MIN,128.53750610351562,HL,True,-13.49,48.53,95,153,EXTREME,T(+)C(-)W(-),HL
JPM,2024-03-28 00:00:00+00:00,MAX,190.91183471679688,HH,True,48.53,-9.57,153,20,NORMAL,T(+)C(+)W(+),HH
JPM,2024-04-17 00:00:00+00:00,MIN,172.64073181152344,HL,True,-9.57,13.72,20,30,NORMAL,T(+)C(+)W(+),HL
JPM,2024-05-17 00:00:00+00:00,MAX,196.32994079589844,HH,True,13.72,-6.47,30,26,MINOR,T(+)C(+)W(+),HH
JPM,2024-06-12 00:00:00+00:00,MIN,183.6177215576172,HL,True,-6.47,13.86,26,35,NORMAL,T(+)C(+)W(+),HL
JPM,2024-07-17 00:00:00+00:00,MAX,209.06295776367188,HH,True,13.86,-10.13,35,19,NORMAL,T(+)C(+)W(+),HH
JPM,2024-08-05 00:00:00+00:00,MIN,187.8838348388672,HL,True,-10.13,15.34,19,25,MAJOR,T(+)C(+)W(+),HL
JPM,2024-08-30 00:00:00+00:00,MAX,216.70750427246094,HH,True,15.34,-9.11,25,14,NORMAL,T(+)C(+)W(+),HH
JPM,2024-09-13 00:00:00+00:00,MIN,196.96475219726562,HL,True,-9.11,23.25,14,73,MAJOR,T(+)C(+)W(+),HL
JPM,2024-11-25 00:00:00+00:00,MAX,242.75845336914062,HH,True,23.25,-7.96,73,23,NORMAL,T(+)C(+)W(+),HH
JPM,2024-12-18 00:00:00+00:00,MIN,223.43785095214844,HL,True,-7.96,22.15,23,62,MAJOR,T(+)C(+)W(+),HL
JPM,2025-02-18 00:00:00+00:00,MAX,272.9283142089844,HH,True,22.15,-19.56,62,23,MAJOR,T(+)C(+)W(+),HH
JPM,2025-03-13 00:00:00+00:00,MIN,219.54177856445312,LL,True,-19.56,11.52,23,12,NORMAL,T(+)C(+)W(-),LL
JPM,2025-03-25 00:00:00+00:00,MAX,244.83114624023438,LH,True,11.52,-15.75,12,10,MAJOR,T(+)C(-)W(-),HH_TO_LH
JPM,2025-04-04 00:00:00+00:00,MIN,206.26849365234375,LL,True,-15.75,51.03,10,175,EXTREME,T(+)C(-)W(-),LL
JPM,2025-09-26 00:00:00+00:00,MAX,311.5241394042969,HH,True,51.03,-6.49,175,26,MINOR,T(+)C(+)W(+),HH
JPM,2025-10-22 00:00:00+00:00,MIN,291.2984924316406,HL,True,-6.49,8.94,26,21,NORMAL,T(+)C(+)W(+),LL_TO_HL
JPM,2025-11-12 00:00:00+00:00,MAX,317.34710693359375,HH,True,8.94,-6.99,21,12,MINOR,T(+)C(+)W(-),HH
JPM,2025-11-24 00:00:00+00:00,MIN,295.1513366699219,HL,True,-6.99,12.79,12,43,NORMAL,T(+)C(+)W(-),HL
JPM,2026-01-06 00:00:00+00:00,MAX,332.90625,HH,True,12.79,-11.02,43,17,NORMAL,T(+)C(+)W(+),HH
JPM,2026-01-23 00:00:00+00:00,MIN,296.2041015625,HL,True,-11.02,8.29,17,14,NORMAL,T(+)C(+)W(+),HL
JPM,2026-02-06 00:00:00+00:00,MAX,320.7584533691406,LH,True,8.29,-12.27,14,49,NORMAL,T(+)C(+)W(-),HH_TO_LH
JPM,2026-03-27 00:00:00+00:00,MIN,281.3998718261719,LL,True,-12.27,12.65,49,24,NORMAL,T(+)C(-)W(-),LL
JPM,2026-04-20 00:00:00+00:00,MAX,316.989990234375,LH,True,12.65,0.0,24,0,MINOR,T(+)C(-)W(+),LH
MCD,2006-02-17 14:30:00+00:00,MAX,36.06,HH,True,0.0,-6.13,0,66,MINOR,UNKNOWN,HH
MCD,2006-04-25 13:30:00+00:00,MIN,33.85001,LL,True,-6.13,6.23,66,15,MINOR,UNKNOWN,LL
MCD,2006-05-10 13:30:00+00:00,MAX,35.96001,LH,True,6.23,-11.18,15,34,NORMAL,UNKNOWN,HH_TO_LH
MCD,2006-06-13 13:30:00+00:00,MIN,31.94,LL,True,-11.18,44.18,34,254,EXTREME,UNKNOWN,LL
MCD,2007-02-22 14:30:00+00:00,MAX,46.05,HH,True,44.18,-6.82,254,11,MINOR,T(+)C(+)W(+),HH
MCD,2007-03-05 14:30:00+00:00,MIN,42.91,HL,True,-6.82,22.75,11,135,MAJOR,T(+)C(+)W(-),LL_TO_HL
MCD,2007-07-19 13:30:00+00:00,MAX,52.67,HH,True,22.75,-9.11,135,12,NORMAL,T(+)C(+)W(+),HH
MCD,2007-07-31 13:30:00+00:00,MIN,47.87,HL,True,-9.11,5.06,12,8,MINOR,T(+)C(-)W(-),HL
MCD,2007-08-08 13:30:00+00:00,MAX,50.28999,LH,True,5.06,-5.43,8,7,MINOR,T(+)C(-)W(+),HH_TO_LH
MCD,2007-08-15 13:30:00+00:00,MIN,47.56,LL,True,-5.43,25.63,7,77,MAJOR,T(+)C(-)W(-),LL
MCD,2007-10-31 13:30:00+00:00,MAX,59.74989,HH,True,25.63,-5.1,77,14,MINOR,T(+)C(+)W(+),HH
MCD,2007-11-14 14:30:00+00:00,MIN,56.7,HL,True,-5.1,11.34,14,27,NORMAL,T(+)C(+)W(-),LL_TO_HL
MCD,2007-12-11 14:30:00+00:00,MAX,63.13,HH,True,11.34,-19.61,27,49,MAJOR,T(+)C(+)W(+),HH
MCD,2008-01-29 14:30:00+00:00,MIN,50.75,LL,True,-19.61,11.61,49,15,NORMAL,T(+)C(-)W(-),LL
MCD,2008-02-13 14:30:00+00:00,MAX,56.64,LH,True,11.61,-7.72,15,23,NORMAL,T(+)C(-)W(+),HH_TO_LH
MCD,2008-03-07 14:30:00+00:00,MIN,52.27,HL,True,-7.72,17.03,23,66,MAJOR,T(+)C(-)W(-),LL_TO_HL
MCD,2008-05-13 13:30:00+00:00,MAX,61.17,HH,True,17.03,-6.9,66,24,MINOR,T(+)C(+)W(+),HH
MCD,2008-06-06 13:30:00+00:00,MIN,56.95,HL,True,-6.9,5.27,24,7,MINOR,T(+)C(+)W(-),HL
MCD,2008-06-13 13:30:00+00:00,MAX,59.95,LH,True,5.27,-6.22,7,17,MINOR,T(+)C(+)W(+),HH_TO_LH
MCD,2008-06-30 13:30:00+00:00,MIN,56.22,LL,True,-6.22,17.31,17,42,MAJOR,T(+)C(+)W(-),LL
MCD,2008-08-11 13:30:00+00:00,MAX,65.95,HH,True,17.31,-8.99,42,24,NORMAL,T(+)C(+)W(+),HH
MCD,2008-09-04 13:30:00+00:00,MIN,60.02,HL,True,-8.99,7.56,24,7,NORMAL,T(+)C(+)W(-),LL_TO_HL
MCD,2008-09-11 13:30:00+00:00,MAX,64.56,LH,True,7.56,-6.82,7,18,MINOR,T(+)C(+)W(+),HH_TO_LH
MCD,2008-09-29 13:30:00+00:00,MIN,60.16,HL,True,-6.82,5.82,18,2,MINOR,T(+)C(+)W(-),HL
MCD,2008-10-01 13:30:00+00:00,MAX,63.66,LH,True,5.82,-18.19,2,8,MAJOR,T(+)C(+)W(-),LH
MCD,2008-10-09 13:30:00+00:00,MIN,52.08,LL,True,-18.19,9.93,8,4,NORMAL,T(+)C(-)W(-),LL
MCD,2008-10-13 13:30:00+00:00,MAX,57.25,LH,True,9.93,-9.96,4,2,NORMAL,T(+)C(-)W(-),LH
MCD,2008-10-15 13:30:00+00:00,MIN,51.55,LL,True,-9.96,10.26,2,5,NORMAL,T(+)C(-)W(-),LL
MCD,2008-10-20 13:30:00+00:00,MAX,56.84,LH,True,10.26,-8.94,5,7,NORMAL,T(+)C(-)W(+),LH
MCD,2008-10-27 13:30:00+00:00,MIN,51.75999,HL,True,-8.94,11.92,7,4,NORMAL,T(+)C(-)W(-),LL_TO_HL
MCD,2008-10-31 13:30:00+00:00,MAX,57.92999,HH,True,11.92,-8.67,4,20,NORMAL,T(+)C(-)W(+),HH
MCD,2008-11-20 14:30:00+00:00,MIN,52.91,HL,True,-8.67,20.49,20,43,MAJOR,T(+)C(-)W(-),HL
MCD,2009-01-02 14:30:00+00:00,MAX,63.75,HH,True,20.49,-20.22,43,62,MAJOR,T(+)C(+)W(+),HH
MCD,2009-03-05 14:30:00+00:00,MIN,50.86,LL,True,-20.22,11.42,62,34,NORMAL,T(-)C(-)W(-),LL
MCD,2009-04-09 13:30:00+00:00,MAX,56.67,LH,True,11.42,-7.53,34,22,NORMAL,T(-)C(-)W(+),HH_TO_LH
MCD,2009-05-01 13:30:00+00:00,MIN,52.39999,HL,True,-7.53,16.39,22,33,MAJOR,T(-)C(-)W(-),LL_TO_HL
MCD,2009-06-03 13:30:00+00:00,MAX,60.99001,HH,True,16.39,-11.08,33,103,NORMAL,T(-)C(+)W(+),HH
MCD,2009-09-14 13:30:00+00:00,MIN,54.23,HL,True,-11.08,18.99,103,63,MAJOR,T(-)C(-)W(-),HL
MCD,2009-11-16 14:30:00+00:00,MAX,64.53,HH,True,18.99,-6.09,63,23,MINOR,T(-)C(+)W(+),HH
MCD,2009-12-09 14:30:00+00:00,MIN,60.60001,HL,True,-6.09,18.02,23,140,MAJOR,T(+)C(+)W(-),HL
MCD,2010-04-29 13:30:00+00:00,MAX,71.52,HH,True,18.02,-7.7,140,27,NORMAL,T(+)C(+)W(+),HH
MCD,2010-05-26 13:30:00+00:00,MIN,66.00999,HL,True,-7.7,6.65,27,20,MINOR,T(+)C(+)W(-),HL
MCD,2010-06-15 13:30:00+00:00,MAX,70.39999,LH,True,6.65,-6.43,20,15,MINOR,T(+)C(+)W(+),HH_TO_LH
MCD,2010-06-30 13:30:00+00:00,MIN,65.87,LL,True,-6.43,21.97,15,160,MAJOR,T(+)C(-)W(-),LL
MCD,2010-12-07 14:30:00+00:00,MAX,80.34,HH,True,21.97,-9.55,160,37,NORMAL,T(+)C(+)W(+),HH
MCD,2011-01-13 14:30:00+00:00,MIN,72.67,HL,True,-9.55,21.87,37,189,MAJOR,T(+)C(-)W(-),LL_TO_HL
MCD,2011-07-22 13:30:00+00:00,MAX,88.56,HH,True,21.87,-7.28,189,17,NORMAL,T(+)C(+)W(+),HH
MCD,2011-08-08 13:30:00+00:00,MIN,82.11,HL,True,-7.28,10.57,17,21,NORMAL,T(+)C(+)W(-),HL
MCD,2011-08-29 13:30:00+00:00,MAX,90.78999,HH,True,10.57,-6.34,21,11,MINOR,T(+)C(+)W(+),HH
MCD,2011-09-09 13:30:00+00:00,MIN,85.03,HL,True,-6.34,19.65,11,133,MAJOR,T(+)C(+)W(-),HL
MCD,2012-01-20 14:30:00+00:00,MAX,101.74001,HH,True,19.65,-15.16,133,135,MAJOR,T(+)C(+)W(+),HH
MCD,2012-06-04 13:30:00+00:00,MIN,86.32001,HL,True,-15.16,7.46,135,45,NORMAL,T(+)C(-)W(-),HL
MCD,2012-07-19 13:30:00+00:00,MAX,92.75999,LH,True,7.46,-6.05,45,21,MINOR,T(+)C(-)W(+),HH_TO_LH
MCD,2012-08-09 13:30:00+00:00,MIN,87.14999,HL,True,-6.05,7.96,21,68,NORMAL,T(-)C(-)W(-),HL
MCD,2012-10-16 13:30:00+00:00,MAX,94.09,HH,True,7.96,-10.67,68,30,NORMAL,T(-)C(+)W(+),HH
MCD,2012-11-15 14:30:00+00:00,MIN,84.05,LL,True,-10.67,23.25,30,147,MAJOR,T(-)C(-)W(-),LL
MCD,2013-04-12 13:30:00+00:00,MAX,103.59,HH,True,23.25,-6.92,147,54,MINOR,T(+)C(+)W(+),HH
MCD,2013-06-05 13:30:00+00:00,MIN,96.42,HL,True,-6.92,5.35,54,37,MINOR,T(+)C(+)W(-),LL_TO_HL
MCD,2013-07-12 13:30:00+00:00,MAX,101.58,LH,True,5.35,-8.18,37,89,NORMAL,T(+)C(-)W(+),HH_TO_LH
MCD,2013-10-09 13:30:00+00:00,MIN,93.27,LL,True,-8.18,6.06,89,47,MINOR,T(+)C(-)W(-),LL
MCD,2013-11-25 14:30:00+00:00,MAX,98.92,LH,True,6.06,-5.96,47,70,MINOR,T(+)C(+)W(+),LH
MCD,2014-02-03 14:30:00+00:00,MIN,93.02,LL,True,-5.96,11.3,70,98,NORMAL,T(-)C(-)W(-),LL
MCD,2014-05-13 13:30:00+00:00,MAX,103.53,HH,True,11.3,-12.02,98,119,NORMAL,T(+)C(+)W(+),HH
MCD,2014-09-09 13:30:00+00:00,MIN,91.09,LL,True,-12.02,5.63,119,20,MINOR,T(+)C(-)W(-),LL
MCD,2014-09-29 13:30:00+00:00,MAX,96.22,LH,True,5.63,-6.56,20,17,MINOR,T(+)C(-)W(+),HH_TO_LH
MCD,2014-10-16 13:30:00+00:00,MIN,89.91,LL,True,-6.56,8.07,17,39,NORMAL,T(-)C(-)W(-),LL
MCD,2014-11-24 14:30:00+00:00,MAX,97.17,HH,True,8.07,-8.96,39,21,NORMAL,T(-)C(+)W(+),HH
MCD,2014-12-15 14:30:00+00:00,MIN,88.46,LL,True,-8.96,7.44,21,14,NORMAL,T(-)C(+)W(-),LL
MCD,2014-12-29 14:30:00+00:00,MAX,95.04,LH,True,7.44,-6.59,14,30,MINOR,T(-)C(+)W(+),HH_TO_LH
MCD,2015-01-28 14:30:00+00:00,MIN,88.78,HL,True,-6.59,12.92,30,35,NORMAL,T(-)C(-)W(-),LL_TO_HL
MCD,2015-03-04 14:30:00+00:00,MAX,100.25,HH,True,12.92,-5.37,35,47,MINOR,T(-)C(+)W(+),HH
MCD,2015-04-21 13:30:00+00:00,MIN,94.87,HL,True,-5.37,6.12,47,28,MINOR,T(-)C(+)W(-),HL
MCD,2015-05-19 13:30:00+00:00,MAX,100.68,HH,True,6.12,-6.34,28,27,MINOR,T(-)C(-)W(+),HH
MCD,2015-06-15 13:30:00+00:00,MIN,94.3,LL,True,-6.34,7.21,27,65,NORMAL,T(+)C(-)W(-),LL
MCD,2015-08-19 13:30:00+00:00,MAX,101.1,HH,True,7.21,-9.78,65,6,NORMAL,T(+)C(+)W(+),HH
MCD,2015-08-25 13:30:00+00:00,MIN,91.21,LL,True,-9.78,36.62,6,160,EXTREME,T(+)C(+)W(-),LL
MCD,2016-02-01 14:30:00+00:00,MAX,124.61,HH,True,36.62,-7.39,160,4,NORMAL,T(+)C(+)W(+),HH
MCD,2016-02-05 14:30:00+00:00,MIN,115.4,HL,True,-7.39,14.04,4,94,NORMAL,T(+)C(+)W(-),LL_TO_HL
MCD,2016-05-10 13:30:00+00:00,MAX,131.6,HH,True,14.04,-11.63,94,48,NORMAL,T(+)C(+)W(+),HH
MCD,2016-06-27 13:30:00+00:00,MIN,116.3,HL,True,-11.63,10.28,48,25,NORMAL,T(+)C(-)W(-),HL
MCD,2016-07-22 13:30:00+00:00,MAX,128.26,LH,True,10.28,-13.79,25,90,NORMAL,T(+)C(-)W(+),HH_TO_LH
MCD,2016-10-20 13:30:00+00:00,MIN,110.57,LL,True,-13.79,46.09,90,326,EXTREME,T(+)C(-)W(-),LL
MCD,2017-09-11 13:30:00+00:00,MAX,161.53,HH,True,46.09,-5.06,326,15,MINOR,T(+)C(+)W(+),HH
MCD,2017-09-26 13:30:00+00:00,MIN,153.35,HL,True,-5.06,16.31,15,122,MAJOR,T(+)C(+)W(-),LL_TO_HL
MCD,2018-01-26 14:30:00+00:00,MAX,178.36,HH,True,16.31,-16.87,122,35,MAJOR,T(+)C(+)W(+),HH
MCD,2018-03-02 14:30:00+00:00,MIN,148.27,LL,True,-16.87,14.3,35,96,NORMAL,T(+)C(-)W(-),LL
MCD,2018-06-07 13:30:00+00:00,MAX,169.48,LH,True,14.3,-8.3,96,56,NORMAL,T(+)C(+)W(+),HH_TO_LH
MCD,2018-08-02 13:30:00+00:00,MIN,155.41,HL,True,-8.3,21.78,56,119,MAJOR,T(-)C(-)W(-),LL_TO_HL
MCD,2018-11-29 14:30:00+00:00,MAX,189.26,HH,True,21.78,-10.03,119,25,NORMAL,T(+)C(+)W(+),HH
MCD,2018-12-24 14:30:00+00:00,MIN,170.28,HL,True,-10.03,10.04,25,31,NORMAL,T(+)C(+)W(-),HL
MCD,2019-01-24 14:30:00+00:00,MAX,187.37,LH,True,10.04,-7.15,31,19,NORMAL,T(+)C(-)W(+),HH_TO_LH
MCD,2019-02-12 14:30:00+00:00,MIN,173.97,HL,True,-7.15,27.12,19,177,MAJOR,T(+)C(-)W(-),HL
MCD,2019-08-09 13:30:00+00:00,MAX,221.15,HH,True,27.12,-14.69,177,87,NORMAL,T(+)C(+)W(+),HH
MCD,2019-11-04 14:30:00+00:00,MIN,188.66,HL,True,-14.69,15.27,87,100,MAJOR,T(+)C(-)W(-),HL
MCD,2020-02-12 14:30:00+00:00,MAX,217.46,LH,True,15.27,-10.71,100,16,NORMAL,T(+)C(+)W(+),HH_TO_LH
MCD,2020-02-28 14:30:00+00:00,MIN,194.17,HL,True,-10.71,6.62,16,5,MINOR,T(+)C(+)W(-),HL
MCD,2020-03-04 14:30:00+00:00,MAX,207.02,LH,True,6.62,-9.74,5,4,NORMAL,T(+)C(+)W(-),LH
MCD,2020-03-09 13:30:00+00:00,MIN,186.86,LL,True,-9.74,6.96,4,1,MINOR,T(+)C(+)W(-),LL
MCD,2020-03-10 13:30:00+00:00,MAX,199.86,LH,True,6.96,-31.3,1,8,EXTREME,T(+)C(+)W(-),LH
MCD,2020-03-18 13:30:00+00:00,MIN,137.3,LL,True,-31.3,8.89,8,1,NORMAL,T(-)C(-)W(-),LL
MCD,2020-03-19 13:30:00+00:00,MAX,149.5,LH,True,8.89,-8.29,1,4,NORMAL,T(-)C(-)W(-),LH
MCD,2020-03-23 13:30:00+00:00,MIN,137.1,LL,True,-8.29,22.63,4,7,MAJOR,T(-)C(-)W(-),LL
MCD,2020-03-30 13:30:00+00:00,MAX,168.13,HH,True,22.63,-5.92,7,2,MINOR,T(-)C(-)W(+),HH
MCD,2020-04-01 13:30:00+00:00,MIN,158.17,HL,True,-5.92,18.75,2,28,MAJOR,T(-)C(-)W(+),LL_TO_HL
MCD,2020-04-29 13:30:00+00:00,MAX,187.82,HH,True,18.75,-7.99,28,14,NORMAL,T(-)C(-)W(+),HH
MCD,2020-05-13 13:30:00+00:00,MIN,172.82,HL,True,-7.99,17.26,14,26,MAJOR,T(-)C(-)W(-),HL
MCD,2020-06-08 13:30:00+00:00,MAX,202.65,HH,True,17.26,-11.31,26,18,NORMAL,T(-)C(+)W(+),HH
MCD,2020-06-26 13:30:00+00:00,MIN,179.74,HL,True,-11.31,27.76,18,111,MAJOR,T(-)C(+)W(-),HL
MCD,2020-10-15 13:30:00+00:00,MAX,229.64,HH,True,27.76,-10.8,111,140,NORMAL,T(+)C(+)W(+),HH
MCD,2021-03-04 14:30:00+00:00,MIN,204.84,HL,True,-10.8,14.83,140,55,NORMAL,T(+)C(-)W(-),HL
MCD,2021-04-29 13:30:00+00:00,MAX,235.21,HH,True,14.83,-13.5,55,12,NORMAL,T(+)C(+)W(+),HH
MCD,2021-05-12 00:00:00+00:00,MIN,203.46014404296875,LL,True,-13.5,8.67,12,76,NORMAL,T(+)C(+)W(-),LL
MCD,2021-07-27 00:00:00+00:00,MAX,221.1073760986328,LH,True,8.67,-5.24,76,14,MINOR,T(-)C(+)W(+),HH_TO_LH
MCD,2021-08-10 00:00:00+00:00,MIN,209.52920532226562,HL,True,-5.24,16.8,14,149,MAJOR,T(-)C(+)W(-),LL_TO_HL
MCD,2022-01-06 00:00:00+00:00,MAX,244.73223876953125,HH,True,16.8,-7.77,149,21,NORMAL,T(+)C(+)W(+),HH
MCD,2022-01-27 00:00:00+00:00,MIN,225.720947265625,HL,True,-7.77,5.44,21,6,MINOR,T(+)C(+)W(-),HL
MCD,2022-02-02 00:00:00+00:00,MAX,238.00794982910156,LH,True,5.44,-14.89,6,36,NORMAL,T(+)C(+)W(+),HH_TO_LH
MCD,2022-03-10 00:00:00+00:00,MIN,202.57623291015625,LL,True,-14.89,15.25,36,41,MAJOR,T(+)C(-)W(-),LL
MCD,2022-04-20 00:00:00+00:00,MAX,233.4645233154297,LH,True,15.25,-10.49,41,29,NORMAL,T(+)C(-)W(+),LH
MCD,2022-05-19 00:00:00+00:00,MIN,208.9637451171875,HL,True,-10.49,10.14,29,12,NORMAL,T(+)C(+)W(-),LL_TO_HL
MCD,2022-05-31 00:00:00+00:00,MAX,230.14303588867188,LH,True,10.14,-6.55,12,17,MINOR,T(+)C(+)W(+),LH
MCD,2022-06-17 00:00:00+00:00,MIN,215.05836486816406,HL,True,-6.55,13.84,17,61,NORMAL,T(+)C(-)W(-),HL
MCD,2022-08-17 00:00:00+00:00,MAX,244.82412719726562,HH,True,13.84,-13.05,61,44,NORMAL,T(+)C(+)W(+),HH
MCD,2022-09-30 00:00:00+00:00,MIN,212.87734985351562,LL,True,-13.05,20.66,44,39,MAJOR,T(+)C(-)W(-),LL
MCD,2022-11-08 00:00:00+00:00,MAX,256.8477783203125,HH,True,20.66,-5.84,39,93,MINOR,T(+)C(+)W(+),HH
MCD,2023-02-09 00:00:00+00:00,MIN,241.83547973632812,HL,True,-5.84,15.75,93,141,MAJOR,T(+)C(-)W(-),LL_TO_HL
MCD,2023-06-30 00:00:00+00:00,MAX,279.9358215332031,HH,True,15.75,-17.06,141,104,MAJOR,T(+)C(+)W(+),HH
MCD,2023-10-12 00:00:00+00:00,MIN,232.1903533935547,LL,True,-17.06,22.8,104,99,MAJOR,T(+)C(-)W(-),LL
MCD,2024-01-19 00:00:00+00:00,MAX,285.13861083984375,HH,True,22.8,-16.55,99,131,MAJOR,T(+)C(+)W(+),HH
MCD,2024-05-29 00:00:00+00:00,MIN,237.94493103027344,HL,True,-16.55,6.04,131,6,MINOR,T(-)C(-)W(-),LL_TO_HL
MCD,2024-06-04 00:00:00+00:00,MAX,252.31082153320312,LH,True,6.04,-6.43,6,35,MINOR,T(-)C(-)W(-),HH_TO_LH
MCD,2024-07-09 00:00:00+00:00,MIN,236.0803985595703,LL,True,-6.43,29.53,35,101,MAJOR,T(-)C(-)W(-),LL
MCD,2024-10-18 00:00:00+00:00,MAX,305.7867126464844,HH,True,29.53,-8.87,101,34,NORMAL,T(+)C(+)W(+),HH
MCD,2024-11-21 00:00:00+00:00,MIN,278.65264892578125,HL,True,-8.87,5.1,34,18,MINOR,T(+)C(+)W(-),LL_TO_HL
MCD,2024-12-09 00:00:00+00:00,MAX,292.8648376464844,LH,True,5.1,-7.18,18,38,NORMAL,T(+)C(-)W(+),HH_TO_LH
MCD,2025-01-16 00:00:00+00:00,MIN,271.84527587890625,LL,True,-7.18,15.52,38,50,MAJOR,T(+)C(-)W(-),LL
MCD,2025-03-07 00:00:00+00:00,MAX,314.025390625,HH,True,15.52,-7.4,50,6,NORMAL,T(+)C(+)W(+),HH
MCD,2025-03-13 00:00:00+00:00,MIN,290.7732849121094,HL,True,-7.4,6.98,6,21,MINOR,T(+)C(+)W(-),LL_TO_HL
MCD,2025-04-03 00:00:00+00:00,MAX,311.0736389160156,LH,True,6.98,-5.79,21,5,MINOR,T(+)C(+)W(+),HH_TO_LH
MCD,2025-04-08 00:00:00+00:00,MIN,293.05059814453125,HL,True,-5.79,7.14,5,41,NORMAL,T(+)C(+)W(-),HL
MCD,2025-05-19 00:00:00+00:00,MAX,313.9667663574219,HH,True,7.14,-10.6,41,37,NORMAL,T(+)C(+)W(+),HH
MCD,2025-06-25 00:00:00+00:00,MIN,280.6763916015625,LL,True,-10.6,11.64,37,71,NORMAL,T(+)C(-)W(-),LL
MCD,2025-09-04 00:00:00+00:00,MAX,313.34869384765625,LH,True,11.64,-7.31,71,35,NORMAL,T(+)C(+)W(+),HH_TO_LH
MCD,2025-10-09 00:00:00+00:00,MIN,290.43499755859375,HL,True,-7.31,9.45,35,70,NORMAL,T(+)C(+)W(-),LL_TO_HL
MCD,2025-12-18 00:00:00+00:00,MAX,317.874267578125,HH,True,9.45,-6.19,70,18,MINOR,T(+)C(+)W(+),HH
MCD,2026-01-05 00:00:00+00:00,MIN,298.1942138671875,HL,True,-6.19,13.74,18,53,NORMAL,T(+)C(+)W(-),HL
MCD,2026-02-27 00:00:00+00:00,MAX,339.16534423828125,HH,True,13.74,0.0,53,0,MINOR,T(+)C(+)W(+),HH
MRK,2006-03-22 14:30:00+00:00,MAX,34.546211,HH,True,0.0,-8.53,0,68,NORMAL,UNKNOWN,HH
MRK,2006-05-30 13:30:00+00:00,MIN,31.599818,LL,True,-8.53,25.5,68,65,MAJOR,UNKNOWN,LL
MRK,2006-08-03 13:30:00+00:00,MAX,39.657105,HH,True,25.5,-6.64,65,14,MINOR,UNKNOWN,HH
MRK,2006-08-17 13:30:00+00:00,MIN,37.025376,HL,True,-6.64,19.01,14,70,MAJOR,UNKNOWN,LL_TO_HL
MRK,2006-10-26 13:30:00+00:00,MAX,44.06239,HH,True,19.01,-7.21,70,14,NORMAL,UNKNOWN,HH
MRK,2006-11-09 14:30:00+00:00,MIN,40.887152,HL,True,-7.21,5.85,14,26,MINOR,UNKNOWN,HL
MRK,2006-12-05 14:30:00+00:00,MAX,43.2805,LH,True,5.85,-5.73,26,21,MINOR,UNKNOWN,HH_TO_LH
MRK,2006-12-26 14:30:00+00:00,MIN,40.801335,LL,True,-5.73,8.02,21,29,NORMAL,UNKNOWN,LL
MRK,2007-01-24 14:30:00+00:00,MAX,44.071926,HH,True,8.02,-7.1,29,30,NORMAL,UNKNOWN,HH
MRK,2007-02-23 14:30:00+00:00,MIN,40.944363,HL,True,-7.1,26.57,30,88,MAJOR,T(+)C(+)W(-),LL_TO_HL
MRK,2007-05-23 13:30:00+00:00,MAX,51.824084,HH,True,26.57,-11.06,88,33,NORMAL,T(+)C(+)W(+),HH
MRK,2007-06-25 13:30:00+00:00,MIN,46.093399,HL,True,-11.06,10.43,33,30,NORMAL,T(+)C(+)W(-),HL
MRK,2007-07-25 13:30:00+00:00,MAX,50.899165,LH,True,10.43,-6.99,30,6,MINOR,T(+)C(-)W(+),HH_TO_LH
MRK,2007-07-31 13:30:00+00:00,MIN,47.342516,HL,True,-6.99,5.46,6,8,MINOR,T(+)C(-)W(+),HL
MRK,2007-08-08 13:30:00+00:00,MAX,49.926569,LH,True,5.46,-6.02,8,20,MINOR,T(+)C(-)W(+),LH
MRK,2007-08-28 13:30:00+00:00,MIN,46.922965,LL,True,-6.02,18.39,20,64,MAJOR,T(+)C(+)W(-),LL
MRK,2007-10-31 13:30:00+00:00,MAX,55.552367,HH,True,18.39,-6.97,64,7,MINOR,T(+)C(+)W(+),HH
MRK,2007-11-07 14:30:00+00:00,MIN,51.681055,HL,True,-6.97,12.12,7,33,NORMAL,T(+)C(+)W(+),LL_TO_HL
MRK,2007-12-10 14:30:00+00:00,MAX,57.945714,HH,True,12.12,-6.45,33,25,MINOR,T(+)C(+)W(+),HH
MRK,2008-01-04 14:30:00+00:00,MIN,54.207896,HL,True,-6.45,6.51,25,7,MINOR,T(+)C(+)W(-),HL
MRK,2008-01-11 14:30:00+00:00,MAX,57.735939,LH,True,6.51,-26.46,7,28,MAJOR,T(+)C(+)W(-),HH_TO_LH
MRK,2008-02-08 14:30:00+00:00,MIN,42.460468,LL,True,-26.46,6.83,28,5,MINOR,T(+)C(-)W(-),LL
MRK,2008-02-13 14:30:00+00:00,MAX,45.359184,LH,True,6.83,-13.87,5,29,NORMAL,T(+)C(-)W(-),LH
MRK,2008-03-14 13:30:00+00:00,MIN,39.065919,LL,True,-13.87,9.3,29,13,NORMAL,T(+)C(-)W(-),LL
MRK,2008-03-27 13:30:00+00:00,MAX,42.69885,LH,True,9.3,-17.15,13,6,MAJOR,T(-)C(-)W(-),LH
MRK,2008-04-02 13:30:00+00:00,MIN,35.375778,LL,True,-17.15,12.43,6,8,NORMAL,T(-)C(-)W(-),LL
MRK,2008-04-10 13:30:00+00:00,MAX,39.771528,LH,True,12.43,-7.67,8,12,NORMAL,T(-)C(-)W(-),LH
MRK,2008-04-22 13:30:00+00:00,MIN,36.720248,HL,True,-7.67,7.61,12,6,NORMAL,T(-)C(-)W(-),LL_TO_HL
MRK,2008-04-28 13:30:00+00:00,MAX,39.514076,LH,True,7.61,-10.38,6,1,NORMAL,T(-)C(-)W(-),LH
MRK,2008-04-29 13:30:00+00:00,MIN,35.413919,LL,True,-10.38,7.75,1,20,NORMAL,T(-)C(-)W(-),LL
MRK,2008-05-19 13:30:00+00:00,MAX,38.160071,LH,True,7.75,-13.34,20,29,NORMAL,T(-)C(-)W(-),LH
MRK,2008-06-17 13:30:00+00:00,MIN,33.068247,LL,True,-13.34,10.87,29,16,NORMAL,T(-)C(-)W(-),LL
MRK,2008-07-03 13:30:00+00:00,MAX,36.663036,LH,True,10.87,-18.52,16,19,MAJOR,T(-)C(-)W(-),LH
MRK,2008-07-22 13:30:00+00:00,MIN,29.873938,LL,True,-18.52,16.18,19,37,MAJOR,T(-)C(-)W(+),LL
MRK,2008-08-28 13:30:00+00:00,MAX,34.70831,LH,True,16.18,-15.52,37,26,MAJOR,T(-)C(-)W(+),LH
MRK,2008-09-23 13:30:00+00:00,MIN,29.320894,LL,True,-15.52,5.27,26,2,MINOR,T(-)C(-)W(-),LL
MRK,2008-09-25 13:30:00+00:00,MAX,30.865604,LH,True,5.27,-6.27,2,4,MINOR,T(-)C(-)W(-),LH
MRK,2008-09-29 13:30:00+00:00,MIN,28.929949,LL,True,-6.27,5.77,4,2,MINOR,T(-)C(-)W(-),LL
MRK,2008-10-01 13:30:00+00:00,MAX,30.598617,LH,True,5.77,-18.32,2,8,MAJOR,T(-)C(-)W(-),LH
MRK,2008-10-09 13:30:00+00:00,MIN,24.99189,LL,True,-18.32,12.25,8,4,NORMAL,T(-)C(-)W(-),LL
MRK,2008-10-13 13:30:00+00:00,MAX,28.052706,LH,True,12.25,-9.72,4,2,NORMAL,T(-)C(-)W(-),LH
MRK,2008-10-15 13:30:00+00:00,MIN,25.325624,HL,True,-9.72,16.72,2,5,MAJOR,T(-)C(-)W(-),LL_TO_HL
MRK,2008-10-20 13:30:00+00:00,MAX,29.559275,HH,True,16.72,-13.48,5,7,NORMAL,T(-)C(-)W(-),HH
MRK,2008-10-27 13:30:00+00:00,MIN,25.573541,HL,True,-13.48,16.07,7,8,MAJOR,T(-)C(-)W(-),HL
MRK,2008-11-04 14:30:00+00:00,MAX,29.683233,HH,True,16.07,-14.17,8,8,NORMAL,T(-)C(-)W(-),HH
MRK,2008-11-12 14:30:00+00:00,MIN,25.478188,LL,True,-14.17,6.77,8,1,MINOR,T(-)C(-)W(+),LL
MRK,2008-11-13 14:30:00+00:00,MAX,27.204068,LH,True,6.77,-17.42,1,7,MAJOR,T(-)C(-)W(+),HH_TO_LH
MRK,2008-11-20 14:30:00+00:00,MIN,22.465049,LL,True,-17.42,13.41,7,8,NORMAL,T(-)C(-)W(-),LL
MRK,2008-11-28 14:30:00+00:00,MAX,25.478188,LH,True,13.41,-7.0,8,3,MINOR,T(-)C(-)W(-),LH
MRK,2008-12-01 14:30:00+00:00,MIN,23.695096,HL,True,-7.0,7.36,3,1,NORMAL,T(-)C(-)W(-),LL_TO_HL
MRK,2008-12-02 14:30:00+00:00,MAX,25.440047,LH,True,7.36,-6.3,1,2,MINOR,T(-)C(-)W(-),LH
MRK,2008-12-04 14:30:00+00:00,MIN,23.838125,HL,True,-6.3,24.0,2,29,MAJOR,T(-)C(-)W(-),HL
MRK,2009-01-02 14:30:00+00:00,MAX,29.559275,HH,True,24.0,-11.45,29,20,NORMAL,T(-)C(-)W(+),HH
MRK,2009-01-22 14:30:00+00:00,MIN,26.174261,HL,True,-11.45,12.09,20,15,NORMAL,T(-)C(+)W(+),HL
MRK,2009-02-06 14:30:00+00:00,MAX,29.339964,LH,True,12.09,-31.78,15,30,EXTREME,T(-)C(+)W(-),HH_TO_LH
MRK,2009-03-09 13:30:00+00:00,MIN,20.01449,LL,True,-31.78,33.3,30,14,EXTREME,T(-)C(-)W(-),LL
MRK,2009-03-23 13:30:00+00:00,MAX,26.679629,LH,True,33.3,-17.91,14,30,MAJOR,T(-)C(-)W(-),LH
MRK,2009-04-22 13:30:00+00:00,MIN,21.902469,HL,True,-17.91,20.59,30,41,MAJOR,T(-)C(-)W(-),LL_TO_HL
MRK,2009-06-02 13:30:00+00:00,MAX,26.412642,LH,True,20.59,-11.81,41,14,NORMAL,T(-)C(+)W(+),LH
MRK,2009-06-16 13:30:00+00:00,MIN,23.294616,HL,True,-11.81,14.82,14,15,NORMAL,T(-)C(-)W(+),HL
MRK,2009-07-01 13:30:00+00:00,MAX,26.746376,HH,True,14.82,-5.7,15,9,MINOR,T(-)C(+)W(-),HH
MRK,2009-07-10 13:30:00+00:00,MIN,25.220736,HL,True,-5.7,17.16,9,14,MAJOR,T(-)C(+)W(+),HL
MRK,2009-07-24 13:30:00+00:00,MAX,29.54974,HH,True,17.16,-5.26,14,13,MINOR,T(-)C(+)W(+),HH
MRK,2009-08-06 13:30:00+00:00,MIN,27.995494,HL,True,-5.26,12.23,13,19,NORMAL,T(-)C(+)W(+),HL
MRK,2009-08-25 13:30:00+00:00,MAX,31.418649,HH,True,12.23,-8.22,19,9,NORMAL,T(-)C(+)W(+),HH
MRK,2009-09-03 13:30:00+00:00,MIN,28.834596,HL,True,-8.22,8.76,9,11,NORMAL,T(+)C(+)W(+),HL
MRK,2009-09-14 13:30:00+00:00,MAX,31.361437,LH,True,8.76,-5.72,11,10,MINOR,T(+)C(+)W(+),HH_TO_LH
MRK,2009-09-24 13:30:00+00:00,MIN,29.56881,HL,True,-5.72,8.77,10,25,NORMAL,T(+)C(+)W(-),HL
MRK,2009-10-19 13:30:00+00:00,MAX,32.162398,HH,True,8.77,-9.07,25,15,NORMAL,T(+)C(+)W(+),HH
MRK,2009-11-03 14:30:00+00:00,MIN,29.244612,LL,True,-9.07,33.78,15,78,EXTREME,T(+)C(+)W(-),LL
MRK,2010-01-20 14:30:00+00:00,MAX,39.123131,HH,True,33.78,-11.77,78,21,NORMAL,T(+)C(+)W(+),HH
MRK,2010-02-10 14:30:00+00:00,MIN,34.517605,HL,True,-11.77,6.35,21,40,MINOR,T(+)C(+)W(-),LL_TO_HL
MRK,2010-03-23 13:30:00+00:00,MAX,36.710713,LH,True,6.35,-12.29,40,30,NORMAL,T(+)C(-)W(+),HH_TO_LH
MRK,2010-04-22 13:30:00+00:00,MIN,32.200539,LL,True,-12.29,6.04,30,12,MINOR,T(+)C(-)W(-),LL
MRK,2010-05-04 13:30:00+00:00,MAX,34.14573,LH,True,6.04,-11.14,12,16,NORMAL,T(+)C(-)W(-),LH
MRK,2010-05-20 13:30:00+00:00,MIN,30.341175,LL,True,-11.14,14.68,16,56,NORMAL,T(+)C(-)W(-),LL
MRK,2010-07-15 13:30:00+00:00,MAX,34.794137,HH,True,14.68,-5.62,56,36,MINOR,T(+)C(+)W(+),HH
MRK,2010-08-20 13:30:00+00:00,MIN,32.839401,HL,True,-5.62,8.65,36,66,NORMAL,T(+)C(+)W(-),LL_TO_HL
MRK,2010-10-25 13:30:00+00:00,MAX,35.680906,HH,True,8.65,-8.87,66,22,NORMAL,T(-)C(+)W(+),HH
MRK,2010-11-16 14:30:00+00:00,MIN,32.515212,LL,True,-8.87,9.53,22,52,NORMAL,T(-)C(+)W(-),LL
MRK,2011-01-07 14:30:00+00:00,MAX,35.614168,LH,True,9.53,-16.79,52,67,MAJOR,T(-)C(-)W(+),HH_TO_LH
MRK,2011-03-16 13:30:00+00:00,MIN,29.635557,LL,True,-16.79,20.91,67,63,MAJOR,T(-)C(-)W(-),LL
MRK,2011-05-18 13:30:00+00:00,MAX,35.83347,HH,True,20.91,-8.12,63,40,NORMAL,T(-)C(+)W(+),HH
MRK,2011-06-27 13:30:00+00:00,MIN,32.925218,HL,True,-8.12,5.15,40,17,MINOR,T(-)C(+)W(-),LL_TO_HL
MRK,2011-07-14 13:30:00+00:00,MAX,34.622493,LH,True,5.15,-17.9,17,27,MAJOR,T(-)C(-)W(+),HH_TO_LH
MRK,2011-08-10 13:30:00+00:00,MIN,28.42458,LL,True,-17.9,11.02,27,21,NORMAL,T(-)C(-)W(-),LL
MRK,2011-08-31 13:30:00+00:00,MAX,31.55691,LH,True,11.02,-6.18,21,23,MINOR,T(-)C(-)W(-),LH
MRK,2011-09-23 13:30:00+00:00,MIN,29.606951,HL,True,-6.18,15.85,23,49,MAJOR,T(-)C(-)W(+),LL_TO_HL
MRK,2011-11-11 14:30:00+00:00,MAX,34.298294,HH,True,15.85,-7.81,49,14,NORMAL,T(-)C(+)W(+),HH
MRK,2011-11-25 14:30:00+00:00,MIN,31.618889,HL,True,-7.81,18.73,14,157,MAJOR,T(-)C(+)W(+),HL
MRK,2012-05-01 13:30:00+00:00,MAX,37.540279,HH,True,18.73,-5.56,157,31,MINOR,T(+)C(+)W(+),HH
MRK,2012-06-01 13:30:00+00:00,MIN,35.45205,HL,True,-5.56,21.29,31,56,MAJOR,T(+)C(-)W(-),HL
MRK,2012-07-27 13:30:00+00:00,MAX,42.99921,HH,True,21.29,-5.09,56,27,MINOR,T(+)C(+)W(+),HH
MRK,2012-08-23 13:30:00+00:00,MIN,40.81087,HL,True,-5.09,12.06,27,56,NORMAL,T(+)C(+)W(-),HL
MRK,2012-10-18 13:30:00+00:00,MAX,45.731069,HH,True,12.06,-10.76,56,28,NORMAL,T(+)C(+)W(+),HH
MRK,2012-11-15 14:30:00+00:00,MIN,40.81087,LL,True,-10.76,5.75,28,27,MINOR,T(+)C(+)W(-),LL
MRK,2012-12-12 14:30:00+00:00,MAX,43.156532,LH,True,5.75,-10.21,27,16,NORMAL,T(+)C(-)W(+),HH_TO_LH
MRK,2012-12-28 14:30:00+00:00,MIN,38.751256,LL,True,-10.21,7.43,16,32,NORMAL,T(+)C(-)W(-),LL
MRK,2013-01-29 14:30:00+00:00,MAX,41.630901,LH,True,7.43,-6.44,32,6,MINOR,T(+)C(-)W(+),LH
MRK,2013-02-04 14:30:00+00:00,MIN,38.951506,HL,True,-6.44,19.05,6,77,MAJOR,T(+)C(-)W(+),LL_TO_HL
MRK,2013-04-23 13:30:00+00:00,MAX,46.369921,HH,True,19.05,-7.51,77,13,NORMAL,T(+)C(+)W(+),HH
MRK,2013-05-06 13:30:00+00:00,MIN,42.889554,HL,True,-7.51,9.92,13,29,NORMAL,T(+)C(+)W(+),HL
MRK,2013-06-04 13:30:00+00:00,MAX,47.142276,HH,True,9.92,-6.49,29,21,MINOR,T(+)C(+)W(+),HH
MRK,2013-06-25 13:30:00+00:00,MIN,44.081461,HL,True,-6.49,5.43,21,98,MINOR,T(+)C(+)W(+),HL
MRK,2013-10-01 13:30:00+00:00,MAX,46.474818,LH,True,5.43,-7.49,98,30,NORMAL,T(+)C(-)W(+),HH_TO_LH
MRK,2013-10-31 13:30:00+00:00,MIN,42.994442,LL,True,-7.49,27.46,30,127,MAJOR,T(+)C(-)W(-),LL
MRK,2014-03-07 14:30:00+00:00,MAX,54.799082,HH,True,27.46,-6.42,127,16,MINOR,T(+)C(+)W(+),HH
MRK,2014-03-24 13:30:00+00:00,MIN,51.280575,HL,True,-6.42,10.86,16,38,NORMAL,T(+)C(+)W(-),LL_TO_HL
MRK,2014-05-01 13:30:00+00:00,MAX,56.849161,HH,True,10.86,-8.03,38,7,NORMAL,T(+)C(+)W(+),HH
MRK,2014-05-08 13:30:00+00:00,MIN,52.281776,HL,True,-8.03,7.97,7,56,NORMAL,T(+)C(+)W(+),HL
MRK,2014-07-03 13:30:00+00:00,MAX,56.44868,LH,True,7.97,-6.01,56,35,MINOR,T(+)C(+)W(+),HH_TO_LH
MRK,2014-08-07 13:30:00+00:00,MIN,53.054131,HL,True,-6.01,9.96,35,29,NORMAL,T(+)C(+)W(-),HL
MRK,2014-09-05 13:30:00+00:00,MAX,58.336659,HH,True,9.96,-12.67,29,41,NORMAL,T(+)C(+)W(+),HH
MRK,2014-10-16 13:30:00+00:00,MIN,50.946841,LL,True,-12.67,15.82,41,53,MAJOR,T(+)C(+)W(-),LL
MRK,2014-12-08 14:30:00+00:00,MAX,59.004127,HH,True,15.82,-8.23,53,23,NORMAL,T(+)C(+)W(+),HH
MRK,2014-12-31 14:30:00+00:00,MIN,54.150685,HL,True,-8.23,10.99,23,16,NORMAL,T(+)C(+)W(-),LL_TO_HL
MRK,2015-01-16 14:30:00+00:00,MAX,60.100681,HH,True,10.99,-11.06,16,53,NORMAL,T(+)C(+)W(+),HH
MRK,2015-03-11 13:30:00+00:00,MIN,53.454612,LL,True,-11.06,8.62,53,79,NORMAL,T(+)C(-)W(-),LL
MRK,2015-05-29 13:30:00+00:00,MAX,58.060137,LH,True,8.62,-15.96,79,88,MAJOR,T(+)C(+)W(+),HH_TO_LH
MRK,2015-08-25 13:30:00+00:00,MIN,48.791874,LL,True,-15.96,8.21,88,3,NORMAL,T(-)C(-)W(-),LL
MRK,2015-08-28 13:30:00+00:00,MAX,52.796679,LH,True,8.21,-12.55,3,31,NORMAL,T(-)C(-)W(-),LH
MRK,2015-09-28 13:30:00+00:00,MIN,46.169681,LL,True,-12.55,14.68,31,37,NORMAL,T(-)C(-)W(-),LL
MRK,2015-11-04 14:30:00+00:00,MAX,52.949243,HH,True,14.68,-12.5,37,92,NORMAL,T(-)C(-)W(+),HH
MRK,2016-02-04 14:30:00+00:00,MIN,46.33178,HL,True,-12.5,17.02,92,74,MAJOR,T(-)C(-)W(-),LL_TO_HL
MRK,2016-04-19 13:30:00+00:00,MAX,54.217432,HH,True,17.02,-5.73,74,17,MINOR,T(-)C(+)W(+),HH
MRK,2016-05-06 13:30:00+00:00,MIN,51.10894,HL,True,-5.73,19.22,17,157,MAJOR,T(-)C(+)W(+),HL
MRK,2016-10-10 13:30:00+00:00,MAX,60.930247,HH,True,19.22,-8.56,157,24,NORMAL,T(+)C(+)W(+),HH
MRK,2016-11-03 13:30:00+00:00,MIN,55.714466,HL,True,-8.56,11.18,24,7,NORMAL,T(+)C(-)W(-),HL
MRK,2016-11-10 14:30:00+00:00,MAX,61.940984,HH,True,11.18,-9.37,7,50,NORMAL,T(+)C(-)W(-),HH
MRK,2016-12-30 14:30:00+00:00,MIN,56.134017,HL,True,-9.37,13.1,50,63,NORMAL,T(+)C(-)W(-),HL
MRK,2017-03-03 14:30:00+00:00,MAX,63.485694,HH,True,13.1,-7.04,63,48,NORMAL,T(+)C(+)W(+),HH
MRK,2017-04-21 13:30:00+00:00,MIN,59.013662,HL,True,-7.04,6.9,48,63,MINOR,T(+)C(-)W(-),HL
MRK,2017-06-23 13:30:00+00:00,MAX,63.085214,LH,True,6.9,-7.06,63,56,NORMAL,T(+)C(+)W(+),HH_TO_LH
MRK,2017-08-18 13:30:00+00:00,MIN,58.632252,LL,True,-7.06,7.59,56,28,NORMAL,T(+)C(-)W(-),LL
MRK,2017-09-15 13:30:00+00:00,MAX,63.085214,LH,True,7.59,-18.23,28,66,MAJOR,T(+)C(-)W(+),LH
MRK,2017-11-20 14:30:00+00:00,MIN,51.585703,LL,True,-18.23,14.73,66,57,NORMAL,T(-)C(-)W(-),LL
MRK,2018-01-16 14:30:00+00:00,MAX,59.185297,LH,True,14.73,-14.18,57,75,NORMAL,T(-)C(-)W(+),LH
MRK,2018-04-02 13:30:00+00:00,MIN,50.794277,LL,True,-14.18,13.1,75,21,NORMAL,T(-)C(-)W(-),LL
MRK,2018-04-23 13:30:00+00:00,MAX,57.449881,LH,True,13.1,-5.79,21,15,MINOR,T(-)C(-)W(+),LH
MRK,2018-05-08 13:30:00+00:00,MIN,54.122079,HL,True,-5.79,27.45,15,154,MAJOR,T(-)C(+)W(+),LL_TO_HL
MRK,2018-10-09 13:30:00+00:00,MAX,68.977999,HH,True,27.45,-5.49,154,2,MINOR,T(+)C(+)W(+),HH
MRK,2018-10-11 13:30:00+00:00,MIN,65.192504,HL,True,-5.49,16.05,2,50,MAJOR,T(+)C(+)W(+),HL
MRK,2018-11-30 14:30:00+00:00,MAX,75.652673,HH,True,16.05,-10.32,50,24,NORMAL,T(+)C(+)W(+),HH
MRK,2018-12-24 14:30:00+00:00,MIN,67.843304,HL,True,-10.32,17.08,24,97,MAJOR,T(+)C(+)W(-),HL
MRK,2019-04-01 13:30:00+00:00,MAX,79.428632,HH,True,17.08,-12.14,97,17,NORMAL,T(+)C(+)W(+),HH
MRK,2019-04-18 13:30:00+00:00,MIN,69.788495,HL,True,-12.14,18.73,17,76,MAJOR,T(+)C(+)W(-),HL
MRK,2019-07-03 13:30:00+00:00,MAX,82.861323,HH,True,18.73,-8.25,76,9,NORMAL,T(+)C(+)W(+),HH
MRK,2019-07-12 13:30:00+00:00,MIN,76.024548,HL,True,-8.25,9.01,9,40,NORMAL,T(+)C(+)W(+),HL
MRK,2019-08-21 13:30:00+00:00,MAX,82.870858,HH,True,9.01,-6.45,40,62,MINOR,T(+)C(+)W(+),HH
MRK,2019-10-22 13:30:00+00:00,MIN,77.521583,HL,True,-6.45,13.21,62,72,NORMAL,T(+)C(-)W(+),HL
MRK,2020-01-02 14:30:00+00:00,MAX,87.762441,HH,True,13.21,-16.82,72,57,MAJOR,T(+)C(+)W(+),HH
MRK,2020-02-28 14:30:00+00:00,MIN,73.001874,LL,True,-16.82,8.37,57,5,NORMAL,T(+)C(-)W(-),LL
MRK,2020-03-04 14:30:00+00:00,MAX,79.113969,LH,True,8.37,-15.73,5,11,MAJOR,T(+)C(-)W(-),HH_TO_LH
MRK,2020-03-16 13:30:00+00:00,MIN,66.670468,LL,True,-15.73,6.52,11,1,MINOR,T(+)C(-)W(-),LL
MRK,2020-03-17 13:30:00+00:00,MAX,71.018542,LH,True,6.52,-10.85,1,6,NORMAL,T(+)C(-)W(-),LH
MRK,2020-03-23 13:30:00+00:00,MIN,63.31406,LL,True,-10.85,25.69,6,25,MAJOR,T(+)C(-)W(-),LL
MRK,2020-04-17 13:30:00+00:00,MAX,79.581196,HH,True,25.69,-5.87,25,4,MINOR,T(-)C(-)W(+),HH
MRK,2020-04-21 13:30:00+00:00,MIN,74.908924,HL,True,-5.87,6.9,4,6,MINOR,T(-)C(-)W(+),LL_TO_HL
MRK,2020-04-27 13:30:00+00:00,MAX,80.07703,HH,True,6.9,-9.98,6,10,NORMAL,T(-)C(-)W(+),HH
MRK,2020-05-07 13:30:00+00:00,MIN,72.08649,LL,True,-9.98,9.66,10,32,NORMAL,T(-)C(-)W(+),LL
MRK,2020-06-08 13:30:00+00:00,MAX,79.047223,LH,True,9.66,-10.71,32,7,NORMAL,T(-)C(+)W(+),HH_TO_LH
MRK,2020-06-15 13:30:00+00:00,MIN,70.57992,LL,True,-10.71,17.44,7,79,MAJOR,T(-)C(+)W(+),LL
MRK,2020-09-02 13:30:00+00:00,MAX,82.889928,HH,True,17.44,-13.48,79,58,NORMAL,T(-)C(+)W(+),HH
MRK,2020-10-30 13:30:00+00:00,MIN,71.714615,HL,True,-13.48,10.98,58,40,NORMAL,T(-)C(-)W(-),LL_TO_HL
MRK,2020-12-09 14:30:00+00:00,MAX,79.590732,LH,True,10.98,-5.01,40,12,MINOR,T(-)C(-)W(+),HH_TO_LH
MRK,2020-12-21 14:30:00+00:00,MIN,75.604997,HL,True,-5.01,7.2,12,21,NORMAL,T(-)C(+)W(+),HL
MRK,2021-01-11 14:30:00+00:00,MAX,81.049625,HH,True,7.2,-15.09,21,52,MAJOR,T(+)C(+)W(+),HH
MRK,2021-03-04 14:30:00+00:00,MIN,68.815899,LL,True,-15.09,9.78,52,47,NORMAL,T(+)C(-)W(-),LL
MRK,2021-04-21 13:30:00+00:00,MAX,75.547786,LH,True,9.78,-19.61,47,8,MAJOR,T(-)C(+)W(+),HH_TO_LH
MRK,2021-04-30 00:00:00+00:00,MIN,60.73639678955078,LL,True,-19.61,7.21,8,17,NORMAL,T(-)C(+)W(-),LL
MRK,2021-05-17 00:00:00+00:00,MAX,65.11430358886719,LH,True,7.21,-5.87,17,15,MINOR,T(-)C(-)W(-),LH
MRK,2021-06-01 00:00:00+00:00,MIN,61.29075241088867,HL,True,-5.87,10.83,15,77,NORMAL,T(-)C(-)W(-),LL_TO_HL
MRK,2021-08-17 00:00:00+00:00,MAX,67.93014526367188,HH,True,10.83,-8.26,77,31,NORMAL,T(-)C(+)W(-),HH
MRK,2021-09-17 00:00:00+00:00,MIN,62.32235336303711,HL,True,-8.26,15.93,31,17,MAJOR,T(-)C(-)W(-),HL
MRK,2021-10-04 00:00:00+00:00,MAX,72.25149536132812,HH,True,15.93,-7.16,17,14,NORMAL,T(-)C(-)W(+),HH
MRK,2021-10-18 00:00:00+00:00,MIN,67.07826232910156,HL,True,-7.16,17.36,14,17,MAJOR,T(-)C(+)W(+),HL
MRK,2021-11-04 00:00:00+00:00,MAX,78.7202377319336,HH,True,17.36,-20.17,17,33,MAJOR,T(-)C(+)W(+),HH
MRK,2021-12-07 00:00:00+00:00,MIN,62.84402847290039,LL,True,-20.17,15.04,33,34,MAJOR,T(-)C(+)W(-),LL
MRK,2022-01-10 00:00:00+00:00,MAX,72.2962417602539,LH,True,15.04,-10.76,34,45,NORMAL,T(-)C(-)W(+),HH_TO_LH
MRK,2022-02-24 00:00:00+00:00,MIN,64.51980590820312,HL,True,-10.76,29.89,45,89,MAJOR,T(+)C(+)W(-),LL_TO_HL
MRK,2022-05-24 00:00:00+00:00,MAX,83.80452728271484,HH,True,29.89,-10.19,89,20,NORMAL,T(+)C(+)W(+),HH
MRK,2022-06-13 00:00:00+00:00,MIN,75.26822662353516,HL,True,-10.19,12.63,20,32,NORMAL,T(+)C(+)W(-),HL
MRK,2022-07-15 00:00:00+00:00,MAX,84.77606201171875,HH,True,12.63,-8.57,32,20,NORMAL,T(+)C(+)W(+),HH
MRK,2022-08-04 00:00:00+00:00,MIN,77.50904083251953,HL,True,-8.57,6.06,20,15,MINOR,T(+)C(+)W(-),HL
MRK,2022-08-19 00:00:00+00:00,MAX,82.20494079589844,LH,True,6.06,-7.46,15,33,NORMAL,T(+)C(+)W(-),HH_TO_LH
MRK,2022-09-21 00:00:00+00:00,MIN,76.072998046875,LL,True,-7.46,36.76,33,107,EXTREME,T(+)C(-)W(-),LL
MRK,2023-01-06 00:00:00+00:00,MAX,104.03531646728516,HH,True,36.76,-10.36,107,28,NORMAL,T(+)C(+)W(+),HH
MRK,2023-02-03 00:00:00+00:00,MIN,93.25491333007812,HL,True,-10.36,8.09,28,32,NORMAL,T(+)C(+)W(-),LL_TO_HL
MRK,2023-03-07 00:00:00+00:00,MAX,100.80118560791016,LH,True,8.09,-5.79,32,10,MINOR,T(+)C(-)W(+),HH_TO_LH
MRK,2023-03-17 00:00:00+00:00,MIN,94.96141815185547,HL,True,-5.79,13.72,10,52,NORMAL,T(+)C(-)W(-),HL
MRK,2023-05-08 00:00:00+00:00,MAX,107.98783874511719,HH,True,13.72,-8.25,52,30,NORMAL,T(+)C(+)W(+),HH
MRK,2023-06-07 00:00:00+00:00,MIN,99.07550811767578,HL,True,-8.25,6.95,30,23,MINOR,T(+)C(+)W(-),HL
MRK,2023-06-30 00:00:00+00:00,MAX,105.96358489990234,LH,True,6.95,-9.0,23,35,NORMAL,T(+)C(-)W(+),HH_TO_LH
MRK,2023-08-04 00:00:00+00:00,MIN,96.42237854003906,LL,True,-9.0,6.0,35,19,MINOR,T(+)C(-)W(-),LL
MRK,2023-08-23 00:00:00+00:00,MAX,102.20771026611328,LH,True,6.0,-9.15,19,57,NORMAL,T(+)C(-)W(+),LH
MRK,2023-10-19 00:00:00+00:00,MIN,92.85444641113281,LL,True,-9.15,5.1,57,7,MINOR,T(+)C(-)W(-),LL
MRK,2023-10-26 00:00:00+00:00,MAX,97.58824157714844,LH,True,5.1,-5.09,7,33,MINOR,T(+)C(-)W(-),LH
MRK,2023-11-28 00:00:00+00:00,MIN,92.6233139038086,LL,True,-5.09,30.15,33,87,EXTREME,T(-)C(-)W(-),LL
MRK,2024-02-23 00:00:00+00:00,MAX,120.55204772949219,HH,True,30.15,-6.32,87,20,MINOR,T(+)C(+)W(+),HH
MRK,2024-03-14 00:00:00+00:00,MIN,112.93842315673828,HL,True,-6.32,9.49,20,14,NORMAL,T(+)C(+)W(-),LL_TO_HL
MRK,2024-03-28 00:00:00+00:00,MAX,123.65966033935547,HH,True,9.49,-5.22,14,19,MINOR,T(+)C(+)W(-),HH
MRK,2024-04-16 00:00:00+00:00,MIN,117.20256042480469,HL,True,-5.22,5.33,19,29,MINOR,T(+)C(+)W(+),HL
MRK,2024-05-15 00:00:00+00:00,MAX,123.45347595214844,LH,True,5.33,-5.47,29,15,MINOR,T(+)C(+)W(+),HH_TO_LH
MRK,2024-05-30 00:00:00+00:00,MIN,116.70585632324219,LL,True,-5.47,7.41,15,25,NORMAL,T(+)C(+)W(-),LL
MRK,2024-06-24 00:00:00+00:00,MAX,125.35166931152344,HH,True,7.41,-16.4,25,43,MAJOR,T(+)C(+)W(+),HH
MRK,2024-08-06 00:00:00+00:00,MIN,104.78968811035156,LL,True,-16.4,7.45,43,43,NORMAL,T(+)C(-)W(-),LL
MRK,2024-09-18 00:00:00+00:00,MAX,112.59941864013672,LH,True,7.45,-18.82,43,58,MAJOR,T(+)C(-)W(+),HH_TO_LH
MRK,2024-11-15 00:00:00+00:00,MIN,91.40635681152344,LL,True,-18.82,7.77,58,24,NORMAL,T(-)C(-)W(-),LL
MRK,2024-12-09 00:00:00+00:00,MAX,98.50550842285156,LH,True,7.77,-19.38,24,67,MAJOR,T(-)C(-)W(+),LH
MRK,2025-02-14 00:00:00+00:00,MIN,79.41416931152344,LL,True,-19.38,15.18,67,31,MAJOR,T(-)C(-)W(-),LL
MRK,2025-03-17 00:00:00+00:00,MAX,91.4673080444336,LH,True,15.18,-19.34,31,30,MAJOR,T(-)C(-)W(+),LH
MRK,2025-04-16 00:00:00+00:00,MIN,73.77983856201172,LL,True,-19.34,11.43,30,14,NORMAL,T(-)C(-)W(-),LL
MRK,2025-04-30 00:00:00+00:00,MAX,82.21346282958984,LH,True,11.43,-10.83,14,9,NORMAL,T(-)C(-)W(-),LH
MRK,2025-05-09 00:00:00+00:00,MIN,73.30701446533203,LL,True,-10.83,5.87,9,3,MINOR,T(-)C(-)W(-),LL
MRK,2025-05-12 00:00:00+00:00,MAX,77.61067199707031,LH,True,5.87,-8.65,3,2,NORMAL,T(-)C(-)W(-),LH
MRK,2025-05-14 00:00:00+00:00,MIN,70.89463806152344,LL,True,-8.65,15.5,2,57,MAJOR,T(-)C(-)W(-),LL
MRK,2025-07-10 00:00:00+00:00,MAX,81.88658142089844,HH,True,15.5,-5.61,57,11,MINOR,T(-)C(+)W(+),HH
MRK,2025-07-21 00:00:00+00:00,MIN,77.29618072509766,HL,True,-5.61,6.81,11,4,MINOR,T(-)C(+)W(+),LL_TO_HL
MRK,2025-07-25 00:00:00+00:00,MAX,82.55906677246094,HH,True,6.81,-7.78,4,6,NORMAL,T(-)C(+)W(+),HH
MRK,2025-07-31 00:00:00+00:00,MIN,76.13639831542969,LL,True,-7.78,11.84,6,22,NORMAL,T(-)C(+)W(+),LL
MRK,2025-08-22 00:00:00+00:00,MAX,85.15151977539062,HH,True,11.84,-10.3,22,34,NORMAL,T(-)C(+)W(+),HH
MRK,2025-09-25 00:00:00+00:00,MIN,76.37666320800781,HL,True,-10.3,16.15,34,6,MAJOR,T(-)C(+)W(-),LL_TO_HL
MRK,2025-10-01 00:00:00+00:00,MAX,88.70913696289062,HH,True,16.15,-8.48,6,33,NORMAL,T(-)C(+)W(-),HH
MRK,2025-11-03 00:00:00+00:00,MIN,81.1895751953125,HL,True,-8.48,28.09,33,22,MAJOR,T(-)C(+)W(+),HL
MRK,2025-11-25 00:00:00+00:00,MAX,103.99432373046875,HH,True,28.09,-8.3,22,14,NORMAL,T(-)C(+)W(+),HH
MRK,2025-12-09 00:00:00+00:00,MIN,95.3625717163086,HL,True,-8.3,29.0,14,77,MAJOR,T(-)C(+)W(+),HL
MRK,2026-02-24 00:00:00+00:00,MAX,123.01882934570312,HH,True,29.0,-7.18,77,24,NORMAL,T(+)C(+)W(+),HH
MRK,2026-03-20 00:00:00+00:00,MIN,114.18000030517578,HL,True,-7.18,7.88,24,19,NORMAL,T(+)C(+)W(-),HL
MRK,2026-04-08 00:00:00+00:00,MAX,123.18000030517578,HH,True,7.88,-11.37,19,22,NORMAL,T(+)C(+)W(+),HH
MRK,2026-04-30 00:00:00+00:00,MIN,109.18000030517578,LL,True,-11.37,0.0,22,0,MINOR,T(+)C(-)W(-),LL
MSFT,2006-05-19 13:30:00+00:00,MIN,22.56,LL,True,0.0,5.23,0,6,MINOR,UNKNOWN,LL
MSFT,2006-05-25 13:30:00+00:00,MAX,23.74001,HH,True,5.23,-9.39,6,19,NORMAL,UNKNOWN,HH
MSFT,2006-06-13 13:30:00+00:00,MIN,21.50999,LL,True,-9.39,10.18,19,20,NORMAL,UNKNOWN,LL
MSFT,2006-07-03 13:30:00+00:00,MAX,23.7,LH,True,10.18,-6.08,20,10,MINOR,UNKNOWN,HH_TO_LH
MSFT,2006-07-13 13:30:00+00:00,MIN,22.25999,HL,True,-6.08,40.21,10,183,EXTREME,UNKNOWN,LL_TO_HL
MSFT,2007-01-12 14:30:00+00:00,MAX,31.21001,HH,True,40.21,-14.39,183,59,NORMAL,UNKNOWN,HH
MSFT,2007-03-13 13:30:00+00:00,MIN,26.72,HL,True,-14.39,16.43,59,78,MAJOR,T(+)C(-)W(-),HL
MSFT,2007-05-30 13:30:00+00:00,MAX,31.11,LH,True,16.43,-5.72,78,41,MINOR,T(+)C(+)W(+),HH_TO_LH
MSFT,2007-07-10 13:30:00+00:00,MIN,29.33,HL,True,-5.72,7.43,41,9,NORMAL,T(+)C(+)W(-),HL
MSFT,2007-07-19 13:30:00+00:00,MAX,31.50999,HH,True,7.43,-11.74,9,28,NORMAL,T(+)C(-)W(-),HH
MSFT,2007-08-16 13:30:00+00:00,MIN,27.81,LL,True,-11.74,33.26,28,77,EXTREME,T(+)C(-)W(-),LL
MSFT,2007-11-01 13:30:00+00:00,MAX,37.06,HH,True,33.26,-11.58,77,33,NORMAL,T(+)C(+)W(+),HH
MSFT,2007-12-04 14:30:00+00:00,MIN,32.77,HL,True,-11.58,11.72,33,22,NORMAL,T(+)C(+)W(+),LL_TO_HL
MSFT,2007-12-26 14:30:00+00:00,MAX,36.61,LH,True,11.72,-26.28,22,68,MAJOR,T(+)C(+)W(-),HH_TO_LH
MSFT,2008-03-03 14:30:00+00:00,MIN,26.99001,LL,True,-26.28,9.0,68,14,NORMAL,T(+)C(-)W(-),LL
MSFT,2008-03-18 13:30:00+00:00,MAX,29.42,LH,True,9.0,-5.13,14,10,MINOR,T(+)C(-)W(-),LH
MSFT,2008-03-28 13:30:00+00:00,MIN,27.91,HL,True,-5.13,13.94,10,27,NORMAL,T(+)C(-)W(-),LL_TO_HL
MSFT,2008-04-24 13:30:00+00:00,MAX,31.8,HH,True,13.94,-10.31,27,6,NORMAL,T(+)C(+)W(+),HH
MSFT,2008-04-30 13:30:00+00:00,MIN,28.52,HL,True,-10.31,6.77,6,15,MINOR,T(+)C(+)W(+),HL
MSFT,2008-05-15 13:30:00+00:00,MAX,30.4501,LH,True,6.77,-10.94,15,27,NORMAL,T(-)C(+)W(+),HH_TO_LH
MSFT,2008-06-11 13:30:00+00:00,MIN,27.12,LL,True,-10.94,7.19,27,2,NORMAL,T(-)C(-)W(-),LL
MSFT,2008-06-13 13:30:00+00:00,MAX,29.07001,LH,True,7.19,-13.48,2,31,NORMAL,T(-)C(-)W(-),LH
MSFT,2008-07-14 13:30:00+00:00,MIN,25.14999,LL,True,-13.48,9.42,31,3,NORMAL,T(-)C(-)W(-),LL
MSFT,2008-07-17 13:30:00+00:00,MAX,27.52,LH,True,9.42,-8.14,3,18,NORMAL,T(-)C(-)W(-),LH
MSFT,2008-08-04 13:30:00+00:00,MIN,25.28,HL,True,-8.14,11.27,18,4,NORMAL,T(-)C(-)W(-),LL_TO_HL
MSFT,2008-08-08 13:30:00+00:00,MAX,28.13,HH,True,11.27,-8.82,4,28,NORMAL,T(-)C(-)W(-),HH
MSFT,2008-09-05 13:30:00+00:00,MIN,25.64999,HL,True,-8.82,7.68,28,7,NORMAL,T(-)C(-)W(+),HL
MSFT,2008-09-12 13:30:00+00:00,MAX,27.62,LH,True,7.68,-11.04,7,5,NORMAL,T(-)C(+)W(+),HH_TO_LH
MSFT,2008-09-17 13:30:00+00:00,MIN,24.57001,LL,True,-11.04,11.52,5,9,NORMAL,T(-)C(+)W(+),LL
MSFT,2008-09-26 13:30:00+00:00,MAX,27.39999,LH,True,11.52,-8.72,9,3,NORMAL,T(-)C(+)W(-),LH
MSFT,2008-09-29 13:30:00+00:00,MIN,25.00999,HL,True,-8.72,6.72,3,1,MINOR,T(-)C(+)W(-),LL_TO_HL
MSFT,2008-09-30 13:30:00+00:00,MAX,26.69,LH,True,6.72,-19.45,1,10,MAJOR,T(-)C(+)W(-),LH
MSFT,2008-10-10 13:30:00+00:00,MIN,21.5,LL,True,-19.45,18.6,10,3,MAJOR,T(-)C(-)W(-),LL
MSFT,2008-10-13 13:30:00+00:00,MAX,25.5,LH,True,18.6,-11.14,3,2,NORMAL,T(-)C(-)W(-),LH
MSFT,2008-10-15 13:30:00+00:00,MIN,22.66,HL,True,-11.14,9.09,2,5,NORMAL,T(-)C(-)W(-),LL_TO_HL
MSFT,2008-10-20 13:30:00+00:00,MAX,24.72,LH,True,9.09,-14.32,5,7,NORMAL,T(-)C(-)W(-),LH
MSFT,2008-10-27 13:30:00+00:00,MIN,21.17999,LL,True,-14.32,11.1,7,8,NORMAL,T(-)C(-)W(-),LL
MSFT,2008-11-04 14:30:00+00:00,MAX,23.53,LH,True,11.1,-25.5,8,16,MAJOR,T(-)C(-)W(-),LH
MSFT,2008-11-20 14:30:00+00:00,MIN,17.53,LL,True,-25.5,18.03,16,4,MAJOR,T(-)C(-)W(-),LL
MSFT,2008-11-24 14:30:00+00:00,MAX,20.69,LH,True,18.03,-10.05,4,7,NORMAL,T(-)C(-)W(-),LH
MSFT,2008-12-01 14:30:00+00:00,MIN,18.61,HL,True,-10.05,12.9,7,7,NORMAL,T(-)C(-)W(-),LL_TO_HL
MSFT,2008-12-08 14:30:00+00:00,MAX,21.00999,HH,True,12.9,-9.38,7,7,NORMAL,T(-)C(-)W(-),HH
MSFT,2008-12-15 14:30:00+00:00,MIN,19.03999,HL,True,-9.38,5.62,7,1,MINOR,T(-)C(-)W(-),HL
MSFT,2008-12-16 14:30:00+00:00,MAX,20.11,LH,True,5.62,-5.72,1,13,MINOR,T(-)C(-)W(-),HH_TO_LH
MSFT,2008-12-29 14:30:00+00:00,MIN,18.96001,LL,True,-5.72,9.49,13,8,NORMAL,T(-)C(-)W(-),LL
MSFT,2009-01-06 14:30:00+00:00,MAX,20.75999,HH,True,9.49,-17.58,8,16,MAJOR,T(-)C(-)W(-),HH
MSFT,2009-01-22 14:30:00+00:00,MIN,17.11,LL,True,-17.58,5.44,16,6,MINOR,T(-)C(-)W(-),LL
MSFT,2009-01-28 14:30:00+00:00,MAX,18.03999,LH,True,5.44,-5.21,6,2,MINOR,T(-)C(-)W(-),HH_TO_LH
MSFT,2009-01-30 14:30:00+00:00,MIN,17.10001,LL,True,-5.21,14.97,2,7,NORMAL,T(-)C(-)W(-),LL
MSFT,2009-02-06 14:30:00+00:00,MAX,19.66,HH,True,14.97,-22.94,7,30,MAJOR,T(-)C(-)W(-),HH
MSFT,2009-03-09 13:30:00+00:00,MIN,15.15,LL,True,-22.94,12.94,30,2,NORMAL,T(-)C(-)W(-),LL
MSFT,2009-03-11 13:30:00+00:00,MAX,17.11,LH,True,12.94,-5.03,2,5,MINOR,T(-)C(-)W(-),HH_TO_LH
MSFT,2009-03-16 13:30:00+00:00,MIN,16.25,HL,True,-5.03,15.88,5,10,MAJOR,T(-)C(-)W(-),LL_TO_HL
MSFT,2009-03-26 13:30:00+00:00,MAX,18.83,HH,True,15.88,-7.17,10,4,NORMAL,T(-)C(-)W(-),HH
MSFT,2009-03-30 13:30:00+00:00,MIN,17.48,HL,True,-7.17,13.04,4,17,NORMAL,T(-)C(-)W(-),HL
MSFT,2009-04-16 13:30:00+00:00,MAX,19.75999,HH,True,13.04,-5.82,17,4,MINOR,T(-)C(+)W(+),HH
MSFT,2009-04-20 13:30:00+00:00,MIN,18.61,HL,True,-5.82,12.36,4,4,NORMAL,T(-)C(+)W(+),HL
MSFT,2009-04-24 13:30:00+00:00,MAX,20.91,HH,True,12.36,-7.6,4,13,NORMAL,T(-)C(+)W(+),HH
MSFT,2009-05-07 13:30:00+00:00,MIN,19.32001,HL,True,-7.6,24.59,13,43,MAJOR,T(-)C(+)W(+),HL
MSFT,2009-06-19 13:30:00+00:00,MAX,24.07001,HH,True,24.59,-6.98,43,21,MINOR,T(-)C(+)W(+),HH
MSFT,2009-07-10 13:30:00+00:00,MIN,22.39,HL,True,-6.98,14.16,21,13,NORMAL,T(-)C(+)W(+),HL
MSFT,2009-07-23 13:30:00+00:00,MAX,25.56,HH,True,14.16,-9.59,13,4,NORMAL,T(-)C(+)W(+),HH
MSFT,2009-07-27 13:30:00+00:00,MIN,23.11,HL,True,-9.59,12.25,4,59,NORMAL,T(-)C(+)W(+),HL
MSFT,2009-09-24 13:30:00+00:00,MAX,25.94,HH,True,12.25,-5.01,59,11,MINOR,T(+)C(+)W(+),HH
MSFT,2009-10-05 13:30:00+00:00,MIN,24.64,HL,True,-5.01,27.39,11,85,MAJOR,T(+)C(+)W(+),HL
MSFT,2009-12-29 14:30:00+00:00,MAX,31.39,HH,True,27.39,-11.69,85,41,NORMAL,T(+)C(+)W(+),HH
MSFT,2010-02-08 14:30:00+00:00,MIN,27.72,HL,True,-11.69,13.24,41,72,NORMAL,T(+)C(-)W(-),HL
MSFT,2010-04-22 13:30:00+00:00,MAX,31.39,LH,True,13.24,-20.32,72,34,MAJOR,T(+)C(+)W(+),HH_TO_LH
MSFT,2010-05-26 13:30:00+00:00,MIN,25.00999,LL,True,-20.32,7.4,34,8,NORMAL,T(+)C(-)W(-),LL
MSFT,2010-06-03 13:30:00+00:00,MAX,26.86,LH,True,7.4,-7.71,8,6,NORMAL,T(+)C(-)W(-),LH
MSFT,2010-06-09 13:30:00+00:00,MIN,24.78999,LL,True,-7.71,7.23,6,6,NORMAL,T(+)C(-)W(-),LL
MSFT,2010-06-15 13:30:00+00:00,MAX,26.5825,LH,True,7.23,-13.44,6,15,NORMAL,T(+)C(-)W(-),LH
MSFT,2010-06-30 13:30:00+00:00,MIN,23.00999,LL,True,-13.44,14.43,15,33,NORMAL,T(+)C(-)W(-),LL
MSFT,2010-08-02 13:30:00+00:00,MAX,26.33,LH,True,14.43,-10.88,33,29,NORMAL,T(+)C(-)W(+),LH
MSFT,2010-08-31 13:30:00+00:00,MIN,23.465,HL,True,-10.88,8.37,29,20,NORMAL,T(-)C(-)W(-),LL_TO_HL
MSFT,2010-09-20 13:30:00+00:00,MAX,25.42999,LH,True,8.37,-5.98,20,14,MINOR,T(-)C(-)W(-),LH
MSFT,2010-10-04 13:30:00+00:00,MIN,23.91,HL,True,-5.98,14.55,14,29,NORMAL,T(-)C(-)W(+),HL
MSFT,2010-11-02 13:30:00+00:00,MAX,27.39,HH,True,14.55,-8.29,29,21,NORMAL,T(-)C(+)W(+),HH
MSFT,2010-11-23 14:30:00+00:00,MIN,25.12,HL,True,-8.29,14.93,21,65,NORMAL,T(-)C(+)W(+),HL
MSFT,2011-01-27 14:30:00+00:00,MAX,28.87,HH,True,14.93,-14.17,65,48,NORMAL,T(-)C(+)W(+),HH
MSFT,2011-03-17 13:30:00+00:00,MIN,24.78,LL,True,-14.17,7.79,48,42,NORMAL,T(-)C(-)W(-),LL
MSFT,2011-04-28 13:30:00+00:00,MAX,26.71001,LH,True,7.79,-11.25,42,43,NORMAL,T(+)C(-)W(+),HH_TO_LH
MSFT,2011-06-10 13:30:00+00:00,MIN,23.705,LL,True,-11.25,18.46,43,46,MAJOR,T(+)C(-)W(-),LL
MSFT,2011-07-26 13:30:00+00:00,MAX,28.08,HH,True,18.46,-13.82,46,15,NORMAL,T(+)C(+)W(+),HH
MSFT,2011-08-10 13:30:00+00:00,MIN,24.2,HL,True,-13.82,5.41,15,5,MINOR,T(-)C(+)W(+),LL_TO_HL
MSFT,2011-08-15 13:30:00+00:00,MAX,25.50999,LH,True,5.41,-6.0,5,7,MINOR,T(-)C(+)W(+),HH_TO_LH
MSFT,2011-08-22 13:30:00+00:00,MIN,23.98,LL,True,-6.0,13.47,7,28,NORMAL,T(-)C(+)W(-),LL
MSFT,2011-09-19 13:30:00+00:00,MAX,27.21001,HH,True,13.47,-9.85,28,14,NORMAL,T(-)C(-)W(+),HH
MSFT,2011-10-03 13:30:00+00:00,MIN,24.53,HL,True,-9.85,11.33,14,15,NORMAL,T(-)C(-)W(+),LL_TO_HL
MSFT,2011-10-18 13:30:00+00:00,MAX,27.31,HH,True,11.33,-11.02,15,38,NORMAL,T(-)C(+)W(+),HH
MSFT,2011-11-25 14:30:00+00:00,MIN,24.3,LL,True,-11.02,35.19,38,110,EXTREME,T(-)C(-)W(-),LL
MSFT,2012-03-15 13:30:00+00:00,MAX,32.85001,HH,True,35.19,-7.63,110,27,NORMAL,T(+)C(+)W(+),HH
MSFT,2012-04-11 13:30:00+00:00,MIN,30.345,HL,True,-7.63,6.84,27,9,MINOR,T(+)C(+)W(+),LL_TO_HL
MSFT,2012-04-20 13:30:00+00:00,MAX,32.42,LH,True,6.84,-12.25,9,42,NORMAL,T(+)C(+)W(-),HH_TO_LH
MSFT,2012-06-01 13:30:00+00:00,MIN,28.45,LL,True,-12.25,8.72,42,19,NORMAL,T(+)C(-)W(-),LL
MSFT,2012-06-20 13:30:00+00:00,MAX,30.92999,LH,True,8.72,-7.44,19,22,NORMAL,T(+)C(-)W(-),LH
MSFT,2012-07-12 13:30:00+00:00,MIN,28.63,HL,True,-7.44,7.11,22,7,NORMAL,T(+)C(-)W(+),LL_TO_HL
MSFT,2012-07-19 13:30:00+00:00,MAX,30.66499,LH,True,7.11,-5.98,7,6,MINOR,T(+)C(-)W(+),LH
MSFT,2012-07-25 13:30:00+00:00,MIN,28.83,HL,True,-5.98,9.09,6,57,NORMAL,T(+)C(-)W(+),HL
MSFT,2012-09-20 13:30:00+00:00,MAX,31.45,HH,True,9.09,-11.35,57,35,NORMAL,T(+)C(+)W(+),HH
MSFT,2012-10-25 13:30:00+00:00,MIN,27.88,LL,True,-11.35,7.1,35,12,NORMAL,T(+)C(-)W(-),LL
MSFT,2012-11-06 14:30:00+00:00,MAX,29.86,LH,True,7.1,-11.69,12,28,NORMAL,T(+)C(-)W(-),HH_TO_LH
MSFT,2012-12-04 14:30:00+00:00,MIN,26.37,LL,True,-11.69,14.83,28,126,NORMAL,T(-)C(-)W(-),LL
MSFT,2013-04-10 13:30:00+00:00,MAX,30.28,HH,True,14.83,-5.25,126,5,MINOR,T(-)C(+)W(+),HH
MSFT,2013-04-15 13:30:00+00:00,MIN,28.69,HL,True,-5.25,24.33,5,53,MAJOR,T(-)C(+)W(+),LL_TO_HL
MSFT,2013-06-07 13:30:00+00:00,MAX,35.67,HH,True,24.33,-6.74,53,14,MINOR,T(+)C(+)W(+),HH
MSFT,2013-06-21 13:30:00+00:00,MIN,33.265,HL,True,-6.74,9.03,14,25,NORMAL,T(+)C(+)W(+),HL
MSFT,2013-07-16 13:30:00+00:00,MAX,36.27,HH,True,9.03,-13.45,25,9,NORMAL,T(+)C(+)W(+),HH
MSFT,2013-07-25 13:30:00+00:00,MIN,31.39,LL,True,-13.45,10.7,9,29,NORMAL,T(+)C(+)W(-),LL
MSFT,2013-08-23 13:30:00+00:00,MAX,34.75,LH,True,10.7,-10.35,29,14,NORMAL,T(+)C(-)W(-),HH_TO_LH
MSFT,2013-09-06 13:30:00+00:00,MIN,31.15199,LL,True,-10.35,25.0,14,89,MAJOR,T(+)C(-)W(-),LL
MSFT,2013-12-04 14:30:00+00:00,MAX,38.94,HH,True,25.0,-10.17,89,40,NORMAL,T(+)C(+)W(+),HH
MSFT,2014-01-13 14:30:00+00:00,MIN,34.98,HL,True,-10.17,8.18,40,18,NORMAL,T(+)C(+)W(-),LL_TO_HL
MSFT,2014-01-31 14:30:00+00:00,MAX,37.84,LH,True,8.18,-5.34,18,5,MINOR,T(+)C(-)W(-),HH_TO_LH
MSFT,2014-02-05 14:30:00+00:00,MIN,35.82,HL,True,-5.34,15.63,5,54,MAJOR,T(+)C(-)W(-),HL
MSFT,2014-04-01 13:30:00+00:00,MAX,41.42,HH,True,15.63,-5.7,54,35,MINOR,T(+)C(+)W(+),HH
MSFT,2014-05-06 13:30:00+00:00,MIN,39.06,HL,True,-5.7,21.66,35,136,MAJOR,T(+)C(+)W(+),HL
MSFT,2014-09-19 13:30:00+00:00,MAX,47.52,HH,True,21.66,-10.06,136,27,NORMAL,T(+)C(+)W(+),HH
MSFT,2014-10-16 13:30:00+00:00,MIN,42.74,HL,True,-10.06,16.07,27,28,MAJOR,T(+)C(+)W(-),HL
MSFT,2014-11-13 14:30:00+00:00,MAX,49.61,HH,True,16.07,-8.97,28,33,NORMAL,T(+)C(+)W(+),HH
MSFT,2014-12-16 14:30:00+00:00,MIN,45.16,HL,True,-8.97,7.29,33,7,NORMAL,T(+)C(+)W(+),HL
MSFT,2014-12-23 14:30:00+00:00,MAX,48.45,LH,True,7.29,-16.62,7,38,MAJOR,T(+)C(+)W(-),HH_TO_LH
MSFT,2015-01-30 14:30:00+00:00,MIN,40.4,LL,True,-16.62,9.28,38,24,NORMAL,T(+)C(-)W(-),LL
MSFT,2015-02-23 14:30:00+00:00,MAX,44.15,LH,True,9.28,-8.74,24,37,NORMAL,T(+)C(-)W(-),LH
MSFT,2015-04-02 13:30:00+00:00,MIN,40.29,LL,True,-8.74,22.0,37,26,MAJOR,T(+)C(-)W(-),LL
MSFT,2015-04-28 13:30:00+00:00,MAX,49.155,HH,True,22.0,-5.85,26,8,MINOR,T(+)C(+)W(+),HH
MSFT,2015-05-06 13:30:00+00:00,MIN,46.28,HL,True,-5.85,5.27,8,8,MINOR,T(+)C(+)W(+),LL_TO_HL
MSFT,2015-05-14 13:30:00+00:00,MAX,48.72,LH,True,5.27,-9.38,8,47,NORMAL,T(+)C(+)W(+),HH_TO_LH
MSFT,2015-06-30 13:30:00+00:00,MIN,44.15,LL,True,-9.38,7.77,47,36,NORMAL,T(-)C(+)W(-),LL
MSFT,2015-08-05 13:30:00+00:00,MAX,47.58,LH,True,7.77,-14.94,36,20,NORMAL,T(-)C(-)W(+),LH
MSFT,2015-08-25 13:30:00+00:00,MIN,40.47,LL,True,-14.94,39.73,20,126,EXTREME,T(-)C(-)W(+),LL
MSFT,2015-12-29 14:30:00+00:00,MAX,56.55,HH,True,39.73,-10.73,126,23,NORMAL,T(+)C(+)W(+),HH
MSFT,2016-01-21 14:30:00+00:00,MIN,50.48,HL,True,-10.73,9.13,23,8,NORMAL,T(+)C(-)W(-),LL_TO_HL
MSFT,2016-01-29 14:30:00+00:00,MAX,55.09,LH,True,9.13,-10.55,8,11,NORMAL,T(+)C(-)W(-),HH_TO_LH
MSFT,2016-02-09 14:30:00+00:00,MIN,49.28,LL,True,-10.55,14.57,11,68,NORMAL,T(+)C(-)W(-),LL
MSFT,2016-04-18 13:30:00+00:00,MAX,56.46,HH,True,14.57,-11.83,68,15,NORMAL,T(+)C(+)W(+),HH
MSFT,2016-05-03 13:30:00+00:00,MIN,49.78,HL,True,-11.83,6.47,15,28,MINOR,T(+)C(+)W(-),LL_TO_HL
MSFT,2016-05-31 13:30:00+00:00,MAX,53.0,LH,True,6.47,-8.62,28,27,NORMAL,T(+)C(-)W(-),HH_TO_LH
MSFT,2016-06-27 13:30:00+00:00,MIN,48.43,LL,True,-8.62,49.74,27,344,EXTREME,T(+)C(-)W(-),LL
MSFT,2017-06-06 13:30:00+00:00,MAX,72.52,HH,True,49.74,-6.0,344,27,MINOR,T(+)C(+)W(+),HH
MSFT,2017-07-03 13:30:00+00:00,MIN,68.17,HL,True,-6.0,39.37,27,212,EXTREME,T(+)C(+)W(+),LL_TO_HL
MSFT,2018-01-31 14:30:00+00:00,MAX,95.01,HH,True,39.37,-10.53,212,8,NORMAL,T(+)C(+)W(+),HH
MSFT,2018-02-08 14:30:00+00:00,MIN,85.01,HL,True,-10.53,13.83,8,31,NORMAL,T(+)C(+)W(+),HL
MSFT,2018-03-12 13:30:00+00:00,MAX,96.77,HH,True,13.83,-9.91,31,11,NORMAL,T(+)C(+)W(+),HH
MSFT,2018-03-23 13:30:00+00:00,MIN,87.18,HL,True,-9.91,7.57,11,3,NORMAL,T(+)C(+)W(+),HL
MSFT,2018-03-26 13:30:00+00:00,MAX,93.78,LH,True,7.57,-5.61,3,7,MINOR,T(+)C(+)W(+),HH_TO_LH
MSFT,2018-04-02 13:30:00+00:00,MIN,88.52,HL,True,-5.61,30.6,7,182,EXTREME,T(+)C(+)W(+),HL
MSFT,2018-10-01 13:30:00+00:00,MAX,115.61,HH,True,30.6,-11.5,182,23,NORMAL,T(+)C(+)W(+),HH
MSFT,2018-10-24 13:30:00+00:00,MIN,102.32,HL,True,-11.5,9.42,23,14,NORMAL,T(+)C(+)W(-),HL
MSFT,2018-11-07 14:30:00+00:00,MAX,111.96,LH,True,9.42,-9.16,14,13,NORMAL,T(+)C(-)W(-),HH_TO_LH
MSFT,2018-11-20 14:30:00+00:00,MIN,101.71,LL,True,-9.16,10.21,13,13,NORMAL,T(+)C(-)W(-),LL
MSFT,2018-12-03 14:30:00+00:00,MAX,112.09,HH,True,10.21,-16.02,13,21,MAJOR,T(+)C(-)W(-),HH
MSFT,2018-12-24 14:30:00+00:00,MIN,94.13,LL,True,-16.02,38.74,21,126,EXTREME,T(+)C(-)W(-),LL
MSFT,2019-04-30 13:30:00+00:00,MAX,130.6,HH,True,38.74,-8.24,126,34,NORMAL,T(+)C(+)W(+),HH
MSFT,2019-06-03 13:30:00+00:00,MIN,119.84,HL,True,-8.24,17.94,34,53,MAJOR,T(+)C(+)W(+),LL_TO_HL
MSFT,2019-07-26 13:30:00+00:00,MAX,141.34,HH,True,17.94,-6.46,53,10,MINOR,T(+)C(+)W(+),HH
MSFT,2019-08-05 13:30:00+00:00,MIN,132.21,HL,True,-6.46,42.73,10,189,EXTREME,T(+)C(+)W(+),HL
MSFT,2020-02-10 14:30:00+00:00,MAX,188.7,HH,True,42.73,-16.17,189,17,MAJOR,T(+)C(+)W(+),HH
MSFT,2020-02-27 14:30:00+00:00,MIN,158.18,HL,True,-16.17,9.24,17,4,NORMAL,T(+)C(+)W(+),HL
MSFT,2020-03-02 14:30:00+00:00,MAX,172.79,LH,True,9.24,-12.83,4,6,NORMAL,T(+)C(+)W(+),HH_TO_LH
MSFT,2020-03-09 13:30:00+00:00,MIN,150.62,LL,True,-12.83,6.84,6,1,MINOR,T(+)C(+)W(+),LL
MSFT,2020-03-10 13:30:00+00:00,MAX,160.92,LH,True,6.84,-13.58,1,2,NORMAL,T(+)C(+)W(-),LH
MSFT,2020-03-12 13:30:00+00:00,MIN,139.06,LL,True,-13.58,14.22,2,1,NORMAL,T(+)C(+)W(-),LL
MSFT,2020-03-13 13:30:00+00:00,MAX,158.83,LH,True,14.22,-14.74,1,3,NORMAL,T(+)C(+)W(-),LH
MSFT,2020-03-16 13:30:00+00:00,MIN,135.42,LL,True,-14.74,8.23,3,1,NORMAL,T(+)C(+)W(-),LL
MSFT,2020-03-17 13:30:00+00:00,MAX,146.57,LH,True,8.23,-7.23,1,6,NORMAL,T(+)C(+)W(-),LH
MSFT,2020-03-23 13:30:00+00:00,MIN,135.98,HL,True,-7.23,17.83,6,7,MAJOR,T(+)C(-)W(-),LL_TO_HL
MSFT,2020-03-30 13:30:00+00:00,MAX,160.23,HH,True,17.83,-5.07,7,2,MINOR,T(+)C(-)W(-),HH
MSFT,2020-04-01 13:30:00+00:00,MIN,152.11,HL,True,-5.07,17.42,2,16,MAJOR,T(+)C(-)W(-),HL
MSFT,2020-04-17 13:30:00+00:00,MAX,178.6,HH,True,17.42,-6.04,16,4,MINOR,T(+)C(-)W(+),HH
MSFT,2020-04-21 13:30:00+00:00,MIN,167.82,HL,True,-6.04,17.29,4,50,MAJOR,T(+)C(-)W(+),HL
MSFT,2020-06-10 13:30:00+00:00,MAX,196.84,HH,True,17.29,-5.37,50,1,MINOR,T(+)C(+)W(+),HH
MSFT,2020-06-11 13:30:00+00:00,MIN,186.27,HL,True,-5.37,15.06,1,28,MAJOR,T(+)C(+)W(+),HL
MSFT,2020-07-09 13:30:00+00:00,MAX,214.32,HH,True,15.06,-6.08,28,15,MINOR,T(+)C(+)W(+),HH
MSFT,2020-07-24 13:30:00+00:00,MIN,201.3,HL,True,-6.08,7.57,15,10,NORMAL,T(+)C(+)W(+),HL
MSFT,2020-08-03 13:30:00+00:00,MAX,216.54,HH,True,7.57,-6.08,10,8,MINOR,T(+)C(+)W(+),HH
MSFT,2020-08-11 13:30:00+00:00,MIN,203.38,HL,True,-6.08,13.9,8,22,NORMAL,T(+)C(+)W(+),HL
MSFT,2020-09-02 13:30:00+00:00,MAX,231.65,HH,True,13.9,-13.49,22,16,NORMAL,T(+)C(+)W(+),HH
MSFT,2020-09-18 13:30:00+00:00,MIN,200.39,LL,True,-13.49,11.21,16,25,NORMAL,T(+)C(+)W(+),LL
MSFT,2020-10-13 13:30:00+00:00,MAX,222.86,LH,True,11.21,-9.21,25,20,NORMAL,T(+)C(+)W(-),HH_TO_LH
MSFT,2020-11-02 14:30:00+00:00,MIN,202.33,HL,True,-9.21,10.57,20,4,NORMAL,T(+)C(-)W(+),LL_TO_HL
MSFT,2020-11-06 14:30:00+00:00,MAX,223.72,HH,True,10.57,-6.08,4,17,MINOR,T(+)C(-)W(+),HH
MSFT,2020-11-23 14:30:00+00:00,MIN,210.11,HL,True,-6.08,7.07,17,35,NORMAL,T(+)C(+)W(+),HL
MSFT,2020-12-28 14:30:00+00:00,MAX,224.96,HH,True,7.07,-5.65,35,9,MINOR,T(+)C(+)W(+),HH
MSFT,2021-01-06 14:30:00+00:00,MIN,212.25,HL,True,-5.65,15.43,9,37,MAJOR,T(+)C(+)W(+),HL
MSFT,2021-02-12 14:30:00+00:00,MAX,244.99,HH,True,15.43,-7.45,37,20,NORMAL,T(+)C(+)W(+),HH
MSFT,2021-03-04 14:30:00+00:00,MIN,226.73,HL,True,-7.45,15.54,20,53,MAJOR,T(+)C(+)W(+),HL
MSFT,2021-04-27 13:30:00+00:00,MAX,261.97,HH,True,15.54,-12.46,53,14,NORMAL,T(+)C(+)W(+),HH
MSFT,2021-05-12 00:00:00+00:00,MIN,229.3347625732422,HL,True,-12.46,28.25,14,127,MAJOR,T(+)C(+)W(+),HL
MSFT,2021-09-16 00:00:00+00:00,MAX,294.11505126953125,HH,True,28.25,-7.63,127,14,NORMAL,T(+)C(+)W(+),HH
MSFT,2021-09-30 00:00:00+00:00,MIN,271.662841796875,HL,True,-7.63,21.93,14,50,MAJOR,T(+)C(+)W(+),HL
MSFT,2021-11-19 00:00:00+00:00,MAX,331.2313537597656,HH,True,21.93,-5.86,50,14,MINOR,T(+)C(+)W(+),HH
MSFT,2021-12-03 00:00:00+00:00,MIN,311.8272705078125,HL,True,-5.86,6.05,14,7,MINOR,T(+)C(+)W(+),HL
MSFT,2021-12-10 00:00:00+00:00,MAX,330.68115234375,LH,True,6.05,-6.61,7,10,MINOR,T(+)C(+)W(+),HH_TO_LH
MSFT,2021-12-20 00:00:00+00:00,MIN,308.83453369140625,LL,True,-6.61,7.05,10,7,NORMAL,T(+)C(+)W(-),LL
MSFT,2021-12-27 00:00:00+00:00,MAX,330.59423828125,LH,True,7.05,-15.76,7,29,MAJOR,T(+)C(+)W(-),LH
MSFT,2022-01-25 00:00:00+00:00,MIN,278.5022888183594,LL,True,-15.76,8.66,29,8,NORMAL,T(+)C(-)W(-),LL
MSFT,2022-02-02 00:00:00+00:00,MAX,302.60784912109375,LH,True,8.66,-10.4,8,21,NORMAL,T(+)C(-)W(-),LH
MSFT,2022-02-23 00:00:00+00:00,MIN,271.1263427734375,LL,True,-10.4,7.11,21,7,NORMAL,T(+)C(-)W(-),LL
MSFT,2022-03-02 00:00:00+00:00,MAX,290.396484375,LH,True,7.11,-8.11,7,6,NORMAL,T(+)C(-)W(-),LH
MSFT,2022-03-08 00:00:00+00:00,MIN,266.8505554199219,LL,True,-8.11,14.34,6,21,NORMAL,T(+)C(-)W(-),LL
MSFT,2022-03-29 00:00:00+00:00,MAX,305.1199645996094,HH,True,14.34,-14.33,21,28,NORMAL,T(+)C(-)W(+),HH
MSFT,2022-04-26 00:00:00+00:00,MIN,261.4042053222656,LL,True,-14.33,7.31,28,8,NORMAL,T(+)C(-)W(-),LL
MSFT,2022-05-04 00:00:00+00:00,MAX,280.5195617675781,LH,True,7.31,-12.7,8,16,NORMAL,T(+)C(-)W(-),HH_TO_LH
MSFT,2022-05-20 00:00:00+00:00,MIN,244.889404296875,LL,True,-12.7,8.72,16,13,NORMAL,T(+)C(-)W(-),LL
MSFT,2022-06-02 00:00:00+00:00,MAX,266.24066162109375,LH,True,8.72,-11.77,13,11,NORMAL,T(-)C(-)W(-),LH
MSFT,2022-06-13 00:00:00+00:00,MIN,234.90225219726562,LL,True,-11.77,10.79,11,24,NORMAL,T(-)C(-)W(-),LL
MSFT,2022-07-07 00:00:00+00:00,MAX,260.24835205078125,LH,True,10.79,-6.15,24,19,MINOR,T(-)C(-)W(-),LH
MSFT,2022-07-26 00:00:00+00:00,MIN,244.2494354248047,HL,True,-6.15,16.5,19,20,MAJOR,T(-)C(-)W(-),LL_TO_HL
MSFT,2022-08-15 00:00:00+00:00,MAX,284.55694580078125,HH,True,16.5,-13.52,20,22,NORMAL,T(-)C(+)W(+),HH
MSFT,2022-09-06 00:00:00+00:00,MIN,246.07969665527344,HL,True,-13.52,5.29,22,6,MINOR,T(-)C(+)W(+),HL
MSFT,2022-09-12 00:00:00+00:00,MAX,259.1003112792969,LH,True,5.29,-12.66,6,18,NORMAL,T(-)C(+)W(-),HH_TO_LH
MSFT,2022-09-30 00:00:00+00:00,MIN,226.30587768554688,LL,True,-12.66,7.0,18,5,MINOR,T(-)C(-)W(-),LL
MSFT,2022-10-05 00:00:00+00:00,MAX,242.14437866210938,LH,True,7.0,-9.55,5,6,NORMAL,T(-)C(-)W(-),LH
MSFT,2022-10-11 00:00:00+00:00,MIN,219.0279541015625,LL,True,-9.55,11.2,6,14,NORMAL,T(-)C(-)W(-),LL
MSFT,2022-10-25 00:00:00+00:00,MAX,243.5630340576172,HH,True,11.2,-14.53,14,9,NORMAL,T(-)C(-)W(-),HH
MSFT,2022-11-03 00:00:00+00:00,MIN,208.18389892578125,LL,True,-14.53,20.39,9,41,MAJOR,T(-)C(-)W(-),LL
MSFT,2022-12-14 00:00:00+00:00,MAX,250.64169311523438,HH,True,20.39,-13.57,41,22,NORMAL,T(-)C(+)W(+),HH
MSFT,2023-01-05 00:00:00+00:00,MIN,216.62445068359375,HL,True,-13.57,22.43,22,40,MAJOR,T(-)C(+)W(-),LL_TO_HL
MSFT,2023-02-14 00:00:00+00:00,MAX,265.2093505859375,HH,True,22.43,-9.29,40,15,NORMAL,T(-)C(+)W(+),HH
MSFT,2023-03-01 00:00:00+00:00,MIN,240.57278442382812,HL,True,-9.29,18.41,15,36,MAJOR,T(-)C(+)W(+),HL
MSFT,2023-04-06 00:00:00+00:00,MAX,284.8541259765625,HH,True,18.41,-5.55,36,19,MINOR,T(-)C(+)W(+),HH
MSFT,2023-04-25 00:00:00+00:00,MIN,269.0484313964844,HL,True,-5.55,26.67,19,51,MAJOR,T(+)C(+)W(+),HL
MSFT,2023-06-15 00:00:00+00:00,MAX,340.7904052734375,HH,True,26.67,-5.6,51,11,MINOR,T(+)C(+)W(+),HH
MSFT,2023-06-26 00:00:00+00:00,MIN,321.69989013671875,HL,True,-5.6,9.4,11,22,NORMAL,T(+)C(+)W(+),HL
MSFT,2023-07-18 00:00:00+00:00,MAX,351.9411926269531,HH,True,9.4,-11.78,22,31,NORMAL,T(+)C(+)W(+),HH
MSFT,2023-08-18 00:00:00+00:00,MIN,310.4903564453125,LL,True,-11.78,7.02,31,27,NORMAL,T(+)C(-)W(-),LL
MSFT,2023-09-14 00:00:00+00:00,MAX,332.289794921875,LH,True,7.02,-7.84,27,12,NORMAL,T(+)C(-)W(-),HH_TO_LH
MSFT,2023-09-26 00:00:00+00:00,MIN,306.23248291015625,LL,True,-7.84,38.09,12,177,EXTREME,T(+)C(-)W(+),LL
MSFT,2024-03-21 00:00:00+00:00,MAX,422.8793640136719,HH,True,38.09,-9.33,177,40,NORMAL,T(+)C(+)W(+),HH
MSFT,2024-04-30 00:00:00+00:00,MIN,383.44464111328125,HL,True,-9.33,20.31,40,66,MAJOR,T(+)C(+)W(-),LL_TO_HL
MSFT,2024-07-05 00:00:00+00:00,MAX,461.3226013183594,HH,True,20.31,-15.49,66,31,MAJOR,T(+)C(+)W(+),HH
MSFT,2024-08-05 00:00:00+00:00,MIN,389.87860107421875,HL,True,-15.49,7.7,31,15,NORMAL,T(+)C(+)W(-),HL
MSFT,2024-08-20 00:00:00+00:00,MAX,419.8885192871094,LH,True,7.7,-5.44,15,17,MINOR,T(+)C(-)W(-),HH_TO_LH
MSFT,2024-09-06 00:00:00+00:00,MIN,397.0555725097656,HL,True,-5.44,9.21,17,13,NORMAL,T(+)C(-)W(-),HL
MSFT,2024-09-19 00:00:00+00:00,MAX,433.617919921875,HH,True,9.21,-6.64,13,18,MINOR,T(+)C(-)W(+),HH
MSFT,2024-10-07 00:00:00+00:00,MIN,404.8049621582031,HL,True,-6.64,5.61,18,23,MINOR,T(+)C(-)W(+),HL
MSFT,2024-10-30 00:00:00+00:00,MAX,427.5290832519531,LH,True,5.61,-6.05,23,1,MINOR,T(+)C(+)W(-),HH_TO_LH
MSFT,2024-10-31 00:00:00+00:00,MIN,401.65185546875,LL,True,-6.05,12.06,1,47,NORMAL,T(+)C(+)W(-),LL
MSFT,2024-12-17 00:00:00+00:00,MAX,450.1047058105469,HH,True,12.06,-8.54,47,28,NORMAL,T(+)C(+)W(+),HH
MSFT,2025-01-14 00:00:00+00:00,MIN,411.6864929199219,HL,True,-8.54,7.59,28,14,NORMAL,T(+)C(+)W(+),LL_TO_HL
MSFT,2025-01-28 00:00:00+00:00,MAX,442.9143371582031,LH,True,7.59,-20.56,14,70,MAJOR,T(+)C(+)W(-),HH_TO_LH
MSFT,2025-04-08 00:00:00+00:00,MIN,351.8662414550781,LL,True,-20.56,10.13,70,1,NORMAL,T(-)C(-)W(-),LL
MSFT,2025-04-09 00:00:00+00:00,MAX,387.52325439453125,LH,True,10.13,-8.03,1,12,NORMAL,T(-)C(-)W(-),LH
MSFT,2025-04-21 00:00:00+00:00,MIN,356.3916015625,HL,True,-8.03,49.43,12,105,EXTREME,T(-)C(-)W(-),LL_TO_HL
MSFT,2025-08-04 00:00:00+00:00,MAX,532.54638671875,HH,True,49.43,-7.44,105,32,NORMAL,T(+)C(+)W(+),HH
MSFT,2025-09-05 00:00:00+00:00,MIN,492.9501647949219,HL,True,-7.44,9.51,32,53,NORMAL,T(+)C(+)W(-),HL
MSFT,2025-10-28 00:00:00+00:00,MAX,539.8252563476562,HH,True,9.51,-17.92,53,85,MAJOR,T(+)C(+)W(+),HH
MSFT,2026-01-21 00:00:00+00:00,MIN,443.0986328125,LL,True,-17.92,8.45,85,7,NORMAL,T(+)C(-)W(-),LL
MSFT,2026-01-28 00:00:00+00:00,MAX,480.533203125,LH,True,8.45,-18.26,7,8,MAJOR,T(+)C(-)W(-),HH_TO_LH
MSFT,2026-02-05 00:00:00+00:00,MIN,392.7735290527344,LL,True,-18.26,5.06,8,4,MINOR,T(+)C(-)W(-),LL
MSFT,2026-02-09 00:00:00+00:00,MAX,412.65814208984375,LH,True,5.06,-6.83,4,14,MINOR,T(+)C(-)W(-),LH
MSFT,2026-02-23 00:00:00+00:00,MIN,384.4700012207031,LL,True,-6.83,6.82,14,10,MINOR,T(+)C(-)W(-),LL
MSFT,2026-03-05 00:00:00+00:00,MAX,410.67999267578125,LH,True,6.82,-13.13,10,22,NORMAL,T(+)C(-)W(-),LH
MSFT,2026-03-27 00:00:00+00:00,MIN,356.7699890136719,LL,True,-13.13,21.34,22,26,MAJOR,T(-)C(-)W(-),LL
MSFT,2026-04-22 00:00:00+00:00,MAX,432.9200134277344,HH,True,21.34,0.0,26,0,MINOR,T(-)C(-)W(-),HH
PEP,2004-06-22 13:30:00+00:00,MAX,55.55,HH,True,0.0,-13.86,0,114,NORMAL,UNKNOWN,HH
PEP,2004-10-14 13:30:00+00:00,MIN,47.85001,LL,True,-13.86,15.99,114,117,MAJOR,UNKNOWN,LL
PEP,2005-02-08 14:30:00+00:00,MAX,55.5,LH,True,15.99,-6.45,117,44,MINOR,UNKNOWN,HH_TO_LH
PEP,2005-03-24 14:30:00+00:00,MIN,51.92,HL,True,-6.45,10.02,44,56,NORMAL,T(-)C(+)W(-),LL_TO_HL
PEP,2005-05-20 13:30:00+00:00,MAX,57.12,HH,True,10.02,-7.95,56,47,NORMAL,T(+)C(+)W(+),HH
PEP,2005-07-06 13:30:00+00:00,MIN,52.58,HL,True,-7.95,13.92,47,142,NORMAL,T(+)C(-)W(-),HL
PEP,2005-11-25 14:30:00+00:00,MAX,59.89999,HH,True,13.92,-5.23,142,73,MINOR,T(+)C(+)W(+),HH
PEP,2006-02-06 14:30:00+00:00,MIN,56.77,HL,True,-5.23,6.55,73,35,MINOR,T(+)C(-)W(-),HL
PEP,2006-03-13 14:30:00+00:00,MAX,60.49001,HH,True,6.55,-5.44,35,38,MINOR,T(+)C(-)W(+),HH
PEP,2006-04-21 13:30:00+00:00,MIN,57.2,HL,True,-5.44,15.23,38,159,MAJOR,T(+)C(+)W(-),HL
PEP,2006-09-27 13:30:00+00:00,MAX,65.91,HH,True,15.23,-7.09,159,49,NORMAL,T(+)C(+)W(+),HH
PEP,2006-11-15 14:30:00+00:00,MIN,61.24001,HL,True,-7.09,13.46,49,183,NORMAL,T(+)C(-)W(-),HL
PEP,2007-05-18 13:30:00+00:00,MAX,69.48,HH,True,13.46,-6.95,183,38,MINOR,T(+)C(+)W(+),HH
PEP,2007-06-25 13:30:00+00:00,MIN,64.64999,HL,True,-6.95,23.08,38,199,MAJOR,T(+)C(+)W(-),HL
PEP,2008-01-10 14:30:00+00:00,MAX,79.57001,HH,True,23.08,-16.14,199,27,MAJOR,T(+)C(+)W(+),HH
PEP,2008-02-06 14:30:00+00:00,MIN,66.73,HL,True,-16.14,8.2,27,53,NORMAL,T(+)C(-)W(-),HL
PEP,2008-03-31 13:30:00+00:00,MAX,72.2,LH,True,8.2,-11.93,53,91,NORMAL,T(+)C(-)W(+),HH_TO_LH
PEP,2008-06-30 13:30:00+00:00,MIN,63.59,LL,True,-11.93,15.16,91,80,MAJOR,T(-)C(-)W(-),LL
PEP,2008-09-18 13:30:00+00:00,MAX,73.23,HH,True,15.16,-21.07,80,22,MAJOR,T(-)C(+)W(+),HH
PEP,2008-10-10 13:30:00+00:00,MIN,57.8,LL,True,-21.07,6.87,22,3,MINOR,T(-)C(+)W(-),LL
PEP,2008-10-13 13:30:00+00:00,MAX,61.77,LH,True,6.87,-17.03,3,2,MAJOR,T(-)C(+)W(-),HH_TO_LH
PEP,2008-10-15 13:30:00+00:00,MIN,51.25,LL,True,-17.03,10.75,2,5,NORMAL,T(-)C(-)W(-),LL
PEP,2008-10-20 13:30:00+00:00,MAX,56.75999,LH,True,10.75,-9.28,5,7,NORMAL,T(-)C(-)W(-),LH
PEP,2008-10-27 13:30:00+00:00,MIN,51.49001,HL,True,-9.28,13.3,7,8,NORMAL,T(-)C(-)W(-),LL_TO_HL
PEP,2008-11-04 14:30:00+00:00,MAX,58.34,HH,True,13.3,-13.8,8,16,NORMAL,T(-)C(-)W(+),HH
PEP,2008-11-20 14:30:00+00:00,MIN,50.28999,LL,True,-13.8,12.75,16,8,NORMAL,T(-)C(-)W(-),LL
PEP,2008-11-28 14:30:00+00:00,MAX,56.7,LH,True,12.75,-8.24,8,14,NORMAL,T(-)C(-)W(+),HH_TO_LH
PEP,2008-12-12 14:30:00+00:00,MIN,52.03,HL,True,-8.24,7.57,14,21,NORMAL,T(-)C(-)W(-),LL_TO_HL
PEP,2009-01-02 14:30:00+00:00,MAX,55.97,LH,True,7.57,-10.43,21,31,NORMAL,T(-)C(-)W(+),LH
PEP,2009-02-02 14:30:00+00:00,MIN,50.13,LL,True,-10.43,6.78,31,4,MINOR,T(-)C(-)W(+),LL
PEP,2009-02-06 14:30:00+00:00,MAX,53.53,LH,True,6.78,-7.47,4,4,NORMAL,T(-)C(-)W(+),LH
PEP,2009-02-10 14:30:00+00:00,MIN,49.53,LL,True,-7.47,6.14,4,3,MINOR,T(-)C(-)W(-),LL
PEP,2009-02-13 14:30:00+00:00,MAX,52.57001,LH,True,6.14,-12.86,3,23,NORMAL,T(-)C(-)W(+),LH
PEP,2009-03-09 13:30:00+00:00,MIN,45.81,LL,True,-12.86,16.04,23,17,MAJOR,T(-)C(-)W(-),LL
PEP,2009-03-26 13:30:00+00:00,MAX,53.16,HH,True,16.04,-9.91,17,28,NORMAL,T(-)C(-)W(+),HH
PEP,2009-04-23 13:30:00+00:00,MIN,47.89,HL,True,-9.91,15.62,28,40,MAJOR,T(-)C(+)W(-),LL_TO_HL
PEP,2009-06-02 13:30:00+00:00,MAX,55.37,HH,True,15.62,-5.47,40,14,MINOR,T(-)C(+)W(+),HH
PEP,2009-06-16 13:30:00+00:00,MIN,52.34,HL,True,-5.47,22.72,14,174,MAJOR,T(-)C(+)W(-),HL
PEP,2009-12-07 14:30:00+00:00,MAX,64.23,HH,True,22.72,-7.4,174,11,NORMAL,T(+)C(+)W(+),HH
PEP,2009-12-18 14:30:00+00:00,MIN,59.48,HL,True,-7.4,5.58,11,27,MINOR,T(+)C(+)W(-),HL
PEP,2010-01-14 14:30:00+00:00,MAX,62.8,LH,True,5.58,-6.11,27,25,MINOR,T(+)C(-)W(+),HH_TO_LH
PEP,2010-02-08 14:30:00+00:00,MIN,58.96001,LL,True,-6.11,13.53,25,92,NORMAL,T(+)C(-)W(-),LL
PEP,2010-05-12 13:30:00+00:00,MAX,66.94,HH,True,13.53,-8.53,92,14,NORMAL,T(+)C(+)W(+),HH
PEP,2010-05-26 13:30:00+00:00,MIN,61.23,HL,True,-8.53,5.32,14,22,MINOR,T(+)C(-)W(-),LL_TO_HL
PEP,2010-06-17 13:30:00+00:00,MAX,64.49001,LH,True,5.32,-5.77,22,8,MINOR,T(+)C(-)W(+),HH_TO_LH
PEP,2010-06-25 13:30:00+00:00,MIN,60.77,LL,True,-5.77,12.08,8,103,NORMAL,T(+)C(-)W(-),LL
PEP,2010-10-06 13:30:00+00:00,MAX,68.11,HH,True,12.08,-8.52,103,161,NORMAL,T(+)C(+)W(+),HH
PEP,2011-03-16 13:30:00+00:00,MIN,62.31,HL,True,-8.52,15.2,161,64,MAJOR,T(+)C(-)W(-),LL_TO_HL
PEP,2011-05-19 13:30:00+00:00,MAX,71.78,HH,True,15.2,-15.97,64,83,MAJOR,T(+)C(+)W(+),HH
PEP,2011-08-10 13:30:00+00:00,MIN,60.32001,LL,True,-15.97,7.13,83,7,NORMAL,T(+)C(-)W(-),LL
PEP,2011-08-17 13:30:00+00:00,MAX,64.62,LH,True,7.13,-7.16,7,23,NORMAL,T(+)C(-)W(+),HH_TO_LH
PEP,2011-09-09 13:30:00+00:00,MIN,59.99001,LL,True,-7.16,11.29,23,151,NORMAL,T(+)C(-)W(-),LL
PEP,2012-02-07 14:30:00+00:00,MAX,66.75999,HH,True,11.29,-6.71,151,28,MINOR,T(-)C(+)W(+),HH
PEP,2012-03-06 14:30:00+00:00,MIN,62.28,HL,True,-6.71,18.14,28,162,MAJOR,T(-)C(-)W(-),LL_TO_HL
PEP,2012-08-16 13:30:00+00:00,MAX,73.58,HH,True,18.14,-7.56,162,134,NORMAL,T(+)C(+)W(+),HH
PEP,2012-12-28 14:30:00+00:00,MIN,68.02,HL,True,-7.56,23.86,134,137,MAJOR,T(+)C(-)W(-),HL
PEP,2013-05-15 13:30:00+00:00,MAX,84.25,HH,True,23.86,-6.34,137,36,MINOR,T(+)C(+)W(+),HH
PEP,2013-06-20 13:30:00+00:00,MIN,78.91,HL,True,-6.34,10.0,36,28,NORMAL,T(+)C(+)W(-),HL
PEP,2013-07-18 13:30:00+00:00,MAX,86.8,HH,True,10.0,-9.07,28,82,NORMAL,T(+)C(+)W(+),HH
PEP,2013-10-08 13:30:00+00:00,MIN,78.92999,HL,True,-9.07,9.82,82,29,NORMAL,T(+)C(-)W(-),HL
PEP,2013-11-06 14:30:00+00:00,MAX,86.68,LH,True,9.82,-11.05,29,105,NORMAL,T(+)C(+)W(+),HH_TO_LH
PEP,2014-02-19 14:30:00+00:00,MIN,77.1,LL,True,-11.05,30.21,105,286,EXTREME,T(+)C(-)W(-),LL
PEP,2014-12-02 14:30:00+00:00,MAX,100.39,HH,True,30.21,-7.77,286,14,NORMAL,T(+)C(+)W(+),HH
PEP,2014-12-16 14:30:00+00:00,MIN,92.59,HL,True,-7.77,6.81,14,37,MINOR,T(+)C(+)W(-),LL_TO_HL
PEP,2015-01-22 14:30:00+00:00,MAX,98.9,LH,True,6.81,-5.18,37,8,MINOR,T(+)C(-)W(+),HH_TO_LH
PEP,2015-01-30 14:30:00+00:00,MIN,93.78,HL,True,-5.18,7.06,8,12,NORMAL,T(+)C(-)W(-),HL
PEP,2015-02-11 14:30:00+00:00,MAX,100.4,HH,True,7.06,-7.73,12,123,NORMAL,T(+)C(-)W(+),HH
PEP,2015-06-15 13:30:00+00:00,MIN,92.64,LL,True,-7.73,7.79,123,63,NORMAL,T(+)C(-)W(-),LL
PEP,2015-08-17 13:30:00+00:00,MAX,99.86,LH,True,7.79,-10.23,63,8,NORMAL,T(+)C(+)W(+),HH_TO_LH
PEP,2015-08-25 13:30:00+00:00,MIN,89.64,LL,True,-10.23,14.99,8,58,NORMAL,T(+)C(+)W(-),LL
PEP,2015-10-22 13:30:00+00:00,MAX,103.08,HH,True,14.99,-9.03,58,90,NORMAL,T(-)C(+)W(+),HH
PEP,2016-01-20 14:30:00+00:00,MIN,93.77,HL,True,-9.03,13.65,90,110,NORMAL,T(+)C(-)W(-),LL_TO_HL
PEP,2016-05-10 13:30:00+00:00,MAX,106.57,HH,True,13.65,-6.07,110,10,MINOR,T(+)C(+)W(+),HH
PEP,2016-05-20 13:30:00+00:00,MIN,100.1,HL,True,-6.07,9.85,10,55,NORMAL,T(+)C(+)W(-),HL
PEP,2016-07-14 13:30:00+00:00,MAX,109.96,HH,True,9.85,-9.94,55,140,NORMAL,T(+)C(+)W(+),HH
PEP,2016-12-01 14:30:00+00:00,MIN,99.03,LL,True,-9.94,20.27,140,257,MAJOR,T(+)C(-)W(-),LL
PEP,2017-08-16 13:30:00+00:00,MAX,119.1,HH,True,20.27,-8.38,257,47,NORMAL,T(+)C(-)W(+),HH
PEP,2017-10-02 13:30:00+00:00,MIN,109.12,HL,True,-8.38,11.58,47,116,NORMAL,T(+)C(-)W(-),LL_TO_HL
PEP,2018-01-26 14:30:00+00:00,MAX,121.76,HH,True,11.58,-11.3,116,26,NORMAL,T(+)C(+)W(+),HH
PEP,2018-02-21 14:30:00+00:00,MIN,108.0,LL,True,-11.3,5.19,26,19,MINOR,T(+)C(-)W(-),LL
PEP,2018-03-13 13:30:00+00:00,MAX,113.6,LH,True,5.19,-15.35,19,57,MAJOR,T(+)C(-)W(+),HH_TO_LH
PEP,2018-05-09 13:30:00+00:00,MIN,96.16,LL,True,-15.35,22.07,57,89,MAJOR,T(-)C(-)W(-),LL
PEP,2018-08-06 13:30:00+00:00,MAX,117.38,HH,True,22.07,-10.5,89,66,NORMAL,T(-)C(+)W(+),HH
PEP,2018-10-11 13:30:00+00:00,MIN,105.06,HL,True,-10.5,16.07,66,50,MAJOR,T(-)C(-)W(-),LL_TO_HL
PEP,2018-11-30 14:30:00+00:00,MAX,121.94,HH,True,16.07,-13.05,50,24,NORMAL,T(-)C(+)W(+),HH
PEP,2018-12-24 14:30:00+00:00,MIN,106.03,HL,True,-13.05,26.77,24,197,MAJOR,T(+)C(+)W(-),HL
PEP,2019-07-10 13:30:00+00:00,MAX,134.41,HH,True,26.77,-7.45,197,26,NORMAL,T(+)C(+)W(+),HH
PEP,2019-08-05 13:30:00+00:00,MIN,124.4,HL,True,-7.45,12.77,26,60,NORMAL,T(+)C(+)W(-),HL
PEP,2019-10-04 13:30:00+00:00,MAX,140.28,HH,True,12.77,-5.92,60,39,MINOR,T(+)C(+)W(+),HH
PEP,2019-11-12 14:30:00+00:00,MIN,131.98,HL,True,-5.92,11.37,39,94,NORMAL,T(+)C(+)W(-),HL
PEP,2020-02-14 14:30:00+00:00,MAX,146.99,HH,True,11.37,-10.18,94,14,NORMAL,T(+)C(+)W(+),HH
PEP,2020-02-28 14:30:00+00:00,MIN,132.03,HL,True,-10.18,7.85,14,5,NORMAL,T(+)C(+)W(-),HL
PEP,2020-03-04 14:30:00+00:00,MAX,142.39,LH,True,7.85,-19.0,5,7,MAJOR,T(+)C(+)W(-),HH_TO_LH
PEP,2020-03-12 13:30:00+00:00,MIN,115.34,LL,True,-19.0,10.5,7,1,NORMAL,T(+)C(+)W(-),LL
PEP,2020-03-13 13:30:00+00:00,MAX,127.45,LH,True,10.5,-11.27,1,3,NORMAL,T(+)C(-)W(-),LH
PEP,2020-03-16 13:30:00+00:00,MIN,113.09,LL,True,-11.27,12.94,3,1,NORMAL,T(+)C(-)W(-),LL
PEP,2020-03-17 13:30:00+00:00,MAX,127.72,HH,True,12.94,-18.63,1,3,MAJOR,T(+)C(-)W(-),HH
PEP,2020-03-20 13:30:00+00:00,MIN,103.93,LL,True,-18.63,20.74,3,10,MAJOR,T(+)C(-)W(-),LL
PEP,2020-03-30 13:30:00+00:00,MAX,125.48,LH,True,20.74,-5.87,10,2,MINOR,T(+)C(-)W(+),HH_TO_LH
PEP,2020-04-01 13:30:00+00:00,MIN,118.12,HL,True,-5.87,17.17,2,13,MAJOR,T(+)C(-)W(+),LL_TO_HL
PEP,2020-04-14 13:30:00+00:00,MAX,138.4,HH,True,17.17,-7.63,13,58,NORMAL,T(+)C(-)W(+),HH
PEP,2020-06-11 13:30:00+00:00,MIN,127.84,HL,True,-7.63,12.09,58,83,NORMAL,T(-)C(+)W(-),HL
PEP,2020-09-02 13:30:00+00:00,MAX,143.29,HH,True,12.09,-8.58,83,21,NORMAL,T(-)C(+)W(+),HH
PEP,2020-09-23 13:30:00+00:00,MIN,131.0,HL,True,-8.58,9.57,21,20,NORMAL,T(-)C(+)W(-),HL
PEP,2020-10-13 13:30:00+00:00,MAX,143.54,HH,True,9.57,-7.14,20,17,NORMAL,T(-)C(+)W(+),HH
PEP,2020-10-30 13:30:00+00:00,MIN,133.29,HL,True,-7.14,11.26,17,62,NORMAL,T(+)C(+)W(-),HL
PEP,2020-12-31 14:30:00+00:00,MAX,148.3,HH,True,11.26,-13.13,62,63,NORMAL,T(+)C(+)W(+),HH
PEP,2021-03-04 14:30:00+00:00,MIN,128.83,LL,True,-13.13,14.09,63,47,NORMAL,T(+)C(-)W(-),LL
PEP,2021-04-21 13:30:00+00:00,MAX,146.98,LH,True,14.09,-16.17,47,13,MAJOR,T(+)C(+)W(+),HH_TO_LH
PEP,2021-05-05 00:00:00+00:00,MIN,123.21106719970703,LL,True,-16.17,24.64,13,254,MAJOR,T(+)C(+)W(-),LL
PEP,2022-01-14 00:00:00+00:00,MAX,153.56613159179688,HH,True,24.64,-11.9,254,56,NORMAL,T(+)C(+)W(+),HH
PEP,2022-03-11 00:00:00+00:00,MIN,135.29373168945312,HL,True,-11.9,15.46,56,48,MAJOR,T(+)C(-)W(-),LL_TO_HL
PEP,2022-04-28 00:00:00+00:00,MAX,156.21310424804688,HH,True,15.46,-9.18,48,21,NORMAL,T(+)C(+)W(+),HH
PEP,2022-05-19 00:00:00+00:00,MIN,141.8678741455078,HL,True,-9.18,6.56,21,8,MINOR,T(+)C(+)W(-),HL
PEP,2022-05-27 00:00:00+00:00,MAX,151.17025756835938,LH,True,6.56,-8.48,8,18,NORMAL,T(+)C(+)W(-),HH_TO_LH
PEP,2022-06-14 00:00:00+00:00,MIN,138.3527374267578,LL,True,-8.48,15.55,18,65,MAJOR,T(+)C(-)W(-),LL
PEP,2022-08-18 00:00:00+00:00,MAX,159.8695526123047,HH,True,15.55,-9.81,65,50,NORMAL,T(+)C(+)W(+),HH
PEP,2022-10-07 00:00:00+00:00,MIN,144.18045043945312,HL,True,-9.81,15.75,50,55,MAJOR,T(+)C(-)W(-),LL_TO_HL
PEP,2022-12-01 00:00:00+00:00,MAX,166.88531494140625,HH,True,15.75,-9.03,55,53,NORMAL,T(+)C(+)W(+),HH
PEP,2023-01-23 00:00:00+00:00,MIN,151.82164001464844,HL,True,-9.03,16.75,53,109,MAJOR,T(+)C(-)W(-),HL
PEP,2023-05-12 00:00:00+00:00,MAX,177.24974060058594,HH,True,16.75,-7.52,109,26,NORMAL,T(+)C(+)W(+),HH
PEP,2023-06-07 00:00:00+00:00,MIN,163.9172821044922,HL,True,-7.52,6.38,26,49,MINOR,T(+)C(+)W(-),HL
PEP,2023-07-26 00:00:00+00:00,MAX,174.37429809570312,LH,True,6.38,-16.91,49,78,MAJOR,T(+)C(-)W(+),HH_TO_LH
PEP,2023-10-12 00:00:00+00:00,MIN,144.87998962402344,LL,True,-16.91,10.81,78,119,NORMAL,T(+)C(-)W(-),LL
PEP,2024-02-08 00:00:00+00:00,MAX,160.5481414794922,LH,True,10.81,-6.08,119,26,MINOR,T(-)C(+)W(+),LH
PEP,2024-03-05 00:00:00+00:00,MIN,150.78372192382812,HL,True,-6.08,13.0,26,72,NORMAL,T(-)C(-)W(-),LL_TO_HL
PEP,2024-05-16 00:00:00+00:00,MAX,170.39007568359375,HH,True,13.0,-10.89,72,54,NORMAL,T(-)C(+)W(+),HH
PEP,2024-07-09 00:00:00+00:00,MIN,151.84132385253906,HL,True,-10.89,10.9,54,62,NORMAL,T(-)C(-)W(-),HL
PEP,2024-09-09 00:00:00+00:00,MAX,168.391845703125,LH,True,10.9,-6.16,62,28,MINOR,T(+)C(+)W(+),HH_TO_LH
PEP,2024-10-07 00:00:00+00:00,MIN,158.01560974121094,HL,True,-6.16,5.32,28,7,MINOR,T(+)C(+)W(-),HL
PEP,2024-10-14 00:00:00+00:00,MAX,166.41676330566406,LH,True,5.32,-18.31,7,88,MAJOR,T(+)C(+)W(+),LH
PEP,2025-01-10 00:00:00+00:00,MIN,135.94439697265625,LL,True,-18.31,8.39,88,17,NORMAL,T(-)C(-)W(-),LL
PEP,2025-01-27 00:00:00+00:00,MAX,147.35250854492188,LH,True,8.39,-7.26,17,18,NORMAL,T(-)C(-)W(+),LH
PEP,2025-02-14 00:00:00+00:00,MIN,136.6591796875,HL,True,-7.26,9.93,18,24,NORMAL,T(-)C(-)W(-),LL_TO_HL
PEP,2025-03-10 00:00:00+00:00,MAX,150.23214721679688,HH,True,9.93,-17.79,24,65,MAJOR,T(-)C(-)W(+),HH
PEP,2025-05-14 00:00:00+00:00,MIN,123.50286102294922,LL,True,-17.79,14.94,65,69,NORMAL,T(-)C(-)W(-),LL
PEP,2025-07-22 00:00:00+00:00,MAX,141.9561004638672,LH,True,14.94,-5.56,69,9,MINOR,T(-)C(+)W(+),HH_TO_LH
PEP,2025-07-31 00:00:00+00:00,MIN,134.06317138671875,HL,True,-5.56,10.32,9,19,NORMAL,T(-)C(+)W(-),LL_TO_HL
PEP,2025-08-19 00:00:00+00:00,MAX,147.90496826171875,HH,True,10.32,-7.86,19,50,NORMAL,T(-)C(+)W(+),HH
PEP,2025-10-08 00:00:00+00:00,MIN,136.27764892578125,HL,True,-7.86,10.71,50,9,NORMAL,T(-)C(-)W(-),HL
PEP,2025-10-17 00:00:00+00:00,MAX,150.8732147216797,HH,True,10.71,-7.89,9,20,NORMAL,T(-)C(+)W(+),HH
PEP,2025-11-06 00:00:00+00:00,MIN,138.96707153320312,HL,True,-7.89,7.85,20,39,NORMAL,T(-)C(+)W(-),HL
PEP,2025-12-15 00:00:00+00:00,MAX,149.88095092773438,LH,True,7.85,-9.4,39,23,NORMAL,T(+)C(+)W(+),HH_TO_LH
PEP,2026-01-07 00:00:00+00:00,MIN,135.79676818847656,LL,True,-9.4,24.44,23,30,MAJOR,T(+)C(-)W(-),LL
PEP,2026-02-06 00:00:00+00:00,MAX,168.98031616210938,HH,True,24.44,-11.21,30,42,NORMAL,T(+)C(+)W(+),HH
PEP,2026-03-20 00:00:00+00:00,MIN,150.0399932861328,HL,True,-11.21,5.63,42,41,MINOR,T(+)C(+)W(-),LL_TO_HL
PEP,2026-04-30 00:00:00+00:00,MAX,158.49000549316406,LH,True,5.63,0.0,41,0,MINOR,T(+)C(-)W(+),HH_TO_LH
PG,2006-03-10 14:30:00+00:00,MAX,62.25,HH,True,0.0,-14.57,0,86,NORMAL,UNKNOWN,HH
PG,2006-06-05 13:30:00+00:00,MIN,53.17999,LL,True,-14.57,24.28,86,228,MAJOR,UNKNOWN,LL
PG,2007-01-19 14:30:00+00:00,MAX,66.09,HH,True,24.28,-7.44,228,52,NORMAL,UNKNOWN,HH
PG,2007-03-13 13:30:00+00:00,MIN,61.17,HL,True,-7.44,5.28,52,48,MINOR,T(+)C(-)W(-),LL_TO_HL
PG,2007-04-30 13:30:00+00:00,MAX,64.39999,LH,True,5.28,-5.23,48,53,MINOR,T(+)C(-)W(-),HH_TO_LH
PG,2007-06-22 13:30:00+00:00,MIN,61.03,LL,True,-5.23,22.35,53,173,MAJOR,T(+)C(-)W(-),LL
PG,2007-12-12 14:30:00+00:00,MAX,74.67,HH,True,22.35,-13.38,173,48,NORMAL,T(+)C(+)W(+),HH
PG,2008-01-29 14:30:00+00:00,MIN,64.67999,HL,True,-13.38,9.99,48,62,NORMAL,T(+)C(-)W(-),LL_TO_HL
PG,2008-04-01 13:30:00+00:00,MAX,71.14,LH,True,9.99,-14.97,62,87,NORMAL,T(+)C(-)W(+),HH_TO_LH
PG,2008-06-27 13:30:00+00:00,MIN,60.49001,LL,True,-14.97,20.93,87,77,MAJOR,T(-)C(-)W(-),LL
PG,2008-09-12 13:30:00+00:00,MAX,73.14999,HH,True,20.93,-8.75,77,17,NORMAL,T(-)C(+)W(+),HH
PG,2008-09-29 13:30:00+00:00,MIN,66.75,HL,True,-8.75,7.03,17,3,NORMAL,T(-)C(+)W(-),LL_TO_HL
PG,2008-10-02 13:30:00+00:00,MAX,71.44,LH,True,7.03,-16.63,3,8,MAJOR,T(-)C(+)W(+),HH_TO_LH
PG,2008-10-10 13:30:00+00:00,MIN,59.56,LL,True,-16.63,7.62,8,4,NORMAL,T(-)C(+)W(-),LL
PG,2008-10-14 13:30:00+00:00,MAX,64.10001,LH,True,7.62,-6.68,4,1,MINOR,T(-)C(+)W(-),LH
PG,2008-10-15 13:30:00+00:00,MIN,59.82001,HL,True,-6.68,6.84,1,5,MINOR,T(-)C(-)W(-),LL_TO_HL
PG,2008-10-20 13:30:00+00:00,MAX,63.91,LH,True,6.84,-10.23,5,7,NORMAL,T(-)C(-)W(-),LH
PG,2008-10-27 13:30:00+00:00,MIN,57.37,LL,True,-10.23,15.16,7,8,MAJOR,T(-)C(-)W(-),LL
PG,2008-11-04 14:30:00+00:00,MAX,66.07001,HH,True,15.16,-6.39,8,8,MINOR,T(-)C(-)W(+),HH
PG,2008-11-12 14:30:00+00:00,MIN,61.85001,HL,True,-6.39,5.17,8,1,MINOR,T(-)C(-)W(-),LL_TO_HL
PG,2008-11-13 14:30:00+00:00,MAX,65.05,LH,True,5.17,-8.79,1,7,NORMAL,T(-)C(-)W(-),HH_TO_LH
PG,2008-11-20 14:30:00+00:00,MIN,59.33,LL,True,-8.79,9.02,7,4,NORMAL,T(-)C(-)W(-),LL
PG,2008-11-24 14:30:00+00:00,MAX,64.67999,LH,True,9.02,-9.43,4,17,NORMAL,T(-)C(-)W(-),LH
PG,2008-12-11 14:30:00+00:00,MIN,58.58,LL,True,-9.43,7.2,17,22,NORMAL,T(-)C(-)W(-),LL
PG,2009-01-02 14:30:00+00:00,MAX,62.8,LH,True,7.2,-29.65,22,65,MAJOR,T(-)C(-)W(+),LH
PG,2009-03-09 13:30:00+00:00,MIN,44.17999,LL,True,-29.65,8.69,65,9,NORMAL,T(-)C(-)W(-),LL
PG,2009-03-18 13:30:00+00:00,MAX,48.02,LH,True,8.69,-5.06,9,2,MINOR,T(-)C(-)W(+),LH
PG,2009-03-20 13:30:00+00:00,MIN,45.59,HL,True,-5.06,18.49,2,61,MAJOR,T(-)C(-)W(+),LL_TO_HL
PG,2009-05-20 13:30:00+00:00,MAX,54.02,HH,True,18.49,-7.42,61,28,NORMAL,T(-)C(+)W(+),HH
PG,2009-06-17 13:30:00+00:00,MIN,50.00999,HL,True,-7.42,12.44,28,43,NORMAL,T(-)C(+)W(-),HL
PG,2009-07-30 13:30:00+00:00,MAX,56.23,HH,True,12.44,-8.48,43,7,NORMAL,T(-)C(+)W(+),HH
PG,2009-08-06 13:30:00+00:00,MIN,51.46001,HL,True,-8.48,22.79,7,118,MAJOR,T(-)C(+)W(-),HL
PG,2009-12-02 14:30:00+00:00,MAX,63.19,HH,True,22.79,-5.3,118,50,MINOR,T(+)C(+)W(+),HH
PG,2010-01-21 14:30:00+00:00,MIN,59.84,HL,True,-5.3,7.84,50,60,NORMAL,T(+)C(+)W(+),HL
PG,2010-03-23 13:30:00+00:00,MAX,64.53,HH,True,7.84,-6.54,60,45,MINOR,T(+)C(+)W(+),HH
PG,2010-05-07 13:30:00+00:00,MIN,60.31,HL,True,-6.54,5.09,45,10,MINOR,T(+)C(-)W(-),HL
PG,2010-05-17 13:30:00+00:00,MAX,63.38,LH,True,5.09,-6.37,10,50,MINOR,T(+)C(-)W(+),HH_TO_LH
PG,2010-07-06 13:30:00+00:00,MIN,59.34,LL,True,-6.37,6.3,50,21,MINOR,T(+)C(-)W(-),LL
PG,2010-07-27 13:30:00+00:00,MAX,63.08,LH,True,6.3,-5.88,21,34,MINOR,T(+)C(-)W(-),LH
PG,2010-08-30 13:30:00+00:00,MIN,59.37,HL,True,-5.88,9.48,34,66,NORMAL,T(+)C(-)W(-),LL_TO_HL
PG,2010-11-04 13:30:00+00:00,MAX,65.0,HH,True,9.48,-6.05,66,26,MINOR,T(-)C(+)W(+),HH
PG,2010-11-30 14:30:00+00:00,MIN,61.07001,HL,True,-6.05,9.22,26,56,NORMAL,T(-)C(+)W(-),HL
PG,2011-01-25 14:30:00+00:00,MAX,66.7,HH,True,9.22,-10.45,56,49,NORMAL,T(+)C(+)W(+),HH
PG,2011-03-16 13:30:00+00:00,MIN,59.73,LL,True,-10.45,12.94,49,64,NORMAL,T(+)C(-)W(-),LL
PG,2011-05-19 13:30:00+00:00,MAX,67.46001,HH,True,12.94,-13.27,64,83,NORMAL,T(+)C(+)W(+),HH
PG,2011-08-10 13:30:00+00:00,MIN,58.50999,LL,True,-13.27,13.25,83,72,NORMAL,T(+)C(-)W(-),LL
PG,2011-10-21 13:30:00+00:00,MAX,66.25999,LH,True,13.25,-7.94,72,35,NORMAL,T(-)C(+)W(+),HH_TO_LH
PG,2011-11-25 14:30:00+00:00,MIN,61.0,HL,True,-7.94,9.79,35,34,NORMAL,T(-)C(+)W(-),LL_TO_HL
PG,2011-12-29 14:30:00+00:00,MAX,66.97,HH,True,9.79,-6.27,34,36,MINOR,T(+)C(+)W(+),HH
PG,2012-02-03 14:30:00+00:00,MIN,62.77,HL,True,-6.27,8.17,36,38,NORMAL,T(+)C(+)W(-),HL
PG,2012-03-13 13:30:00+00:00,MAX,67.89999,HH,True,8.17,-12.71,38,105,NORMAL,T(+)C(+)W(+),HH
PG,2012-06-26 13:30:00+00:00,MIN,59.27,LL,True,-12.71,18.22,105,121,MAJOR,T(+)C(-)W(-),LL
PG,2012-10-25 13:30:00+00:00,MAX,70.07001,HH,True,18.22,-5.35,121,21,MINOR,T(+)C(+)W(+),HH
PG,2012-11-15 14:30:00+00:00,MIN,66.32001,HL,True,-5.35,6.69,21,27,MINOR,T(+)C(+)W(-),LL_TO_HL
PG,2012-12-12 14:30:00+00:00,MAX,70.75999,HH,True,6.69,-5.1,27,16,MINOR,T(+)C(+)W(+),HH
PG,2012-12-28 14:30:00+00:00,MIN,67.14999,HL,True,-5.1,22.92,16,115,MAJOR,T(+)C(+)W(-),HL
PG,2013-04-23 13:30:00+00:00,MAX,82.53999,HH,True,22.92,-7.22,115,2,NORMAL,T(+)C(+)W(+),HH
PG,2013-04-25 13:30:00+00:00,MIN,76.58,HL,True,-7.22,6.92,2,29,MINOR,T(+)C(+)W(-),HL
PG,2013-05-24 13:30:00+00:00,MAX,81.88,LH,True,6.92,-8.1,29,27,NORMAL,T(+)C(+)W(+),HH_TO_LH
PG,2013-06-20 13:30:00+00:00,MIN,75.25,LL,True,-8.1,9.2,27,49,NORMAL,T(+)C(-)W(-),LL
PG,2013-08-08 13:30:00+00:00,MAX,82.17,HH,True,9.2,-8.01,49,53,NORMAL,T(+)C(+)W(+),HH
PG,2013-09-30 13:30:00+00:00,MIN,75.59,HL,True,-8.01,12.99,53,56,NORMAL,T(+)C(-)W(-),LL_TO_HL
PG,2013-11-25 14:30:00+00:00,MAX,85.41,HH,True,12.99,-11.37,56,70,NORMAL,T(+)C(+)W(+),HH
PG,2014-02-03 14:30:00+00:00,MIN,75.7,HL,True,-11.37,9.56,70,83,NORMAL,T(+)C(-)W(-),HL
PG,2014-04-28 13:30:00+00:00,MAX,82.94,LH,True,9.56,-6.78,83,94,MINOR,T(+)C(+)W(+),HH_TO_LH
PG,2014-07-31 13:30:00+00:00,MIN,77.32,HL,True,-6.78,20.87,94,148,MAJOR,T(+)C(-)W(-),HL
PG,2014-12-26 14:30:00+00:00,MAX,93.46,HH,True,20.87,-17.15,148,160,MAJOR,T(+)C(+)W(+),HH
PG,2015-06-05 13:30:00+00:00,MIN,77.43,HL,True,-17.15,6.29,160,41,MINOR,T(+)C(-)W(-),HL
PG,2015-07-16 13:30:00+00:00,MAX,82.3,LH,True,6.29,-17.3,41,60,MAJOR,T(-)C(-)W(+),HH_TO_LH
PG,2015-09-14 13:30:00+00:00,MIN,68.06,LL,True,-17.3,19.0,60,93,MAJOR,T(-)C(-)W(-),LL
PG,2015-12-16 14:30:00+00:00,MAX,80.99,LH,True,19.0,-7.42,93,30,NORMAL,T(-)C(+)W(+),LH
PG,2016-01-15 14:30:00+00:00,MIN,74.98,HL,True,-7.42,11.78,30,81,NORMAL,T(-)C(+)W(-),LL_TO_HL
PG,2016-04-06 13:30:00+00:00,MAX,83.81,HH,True,11.78,-5.08,81,20,MINOR,T(+)C(+)W(+),HH
PG,2016-04-26 13:30:00+00:00,MIN,79.55,HL,True,-5.08,13.14,20,164,NORMAL,T(+)C(+)W(-),HL
PG,2016-10-07 13:30:00+00:00,MAX,90.0,HH,True,13.14,-9.04,164,55,NORMAL,T(+)C(+)W(+),HH
PG,2016-12-01 14:30:00+00:00,MIN,81.86,HL,True,-9.04,11.98,55,82,NORMAL,T(+)C(-)W(-),HL
PG,2017-02-21 14:30:00+00:00,MAX,91.67,HH,True,11.98,-6.33,82,85,MINOR,T(+)C(+)W(+),HH
PG,2017-05-18 13:30:00+00:00,MIN,85.87,HL,True,-6.33,9.93,85,125,NORMAL,T(+)C(-)W(-),HL
PG,2017-09-20 13:30:00+00:00,MAX,94.4,HH,True,9.93,-8.85,125,47,NORMAL,T(+)C(+)W(+),HH
PG,2017-11-06 14:30:00+00:00,MIN,86.05,HL,True,-8.85,7.47,47,50,NORMAL,T(+)C(-)W(-),HL
PG,2017-12-26 14:30:00+00:00,MAX,92.48,LH,True,7.47,-23.29,50,126,MAJOR,T(+)C(+)W(+),HH_TO_LH
PG,2018-05-02 13:30:00+00:00,MIN,70.94,LL,True,-23.29,20.98,126,142,MAJOR,T(-)C(-)W(-),LL
PG,2018-09-21 13:30:00+00:00,MAX,85.82,LH,True,20.98,-8.1,142,20,NORMAL,T(-)C(+)W(+),LH
PG,2018-10-11 13:30:00+00:00,MIN,78.87,HL,True,-8.1,22.53,20,64,MAJOR,T(-)C(+)W(-),LL_TO_HL
PG,2018-12-14 14:30:00+00:00,MAX,96.64,HH,True,22.53,-9.6,64,10,NORMAL,T(+)C(+)W(+),HH
PG,2018-12-24 14:30:00+00:00,MIN,87.36,HL,True,-9.6,37.83,10,217,EXTREME,T(+)C(+)W(-),HL
PG,2019-07-30 13:30:00+00:00,MAX,120.41,HH,True,37.83,-6.09,217,6,MINOR,T(+)C(+)W(+),HH
PG,2019-08-05 13:30:00+00:00,MIN,113.08,HL,True,-6.09,10.16,6,53,NORMAL,T(+)C(+)W(+),HL
PG,2019-09-27 13:30:00+00:00,MAX,124.57,HH,True,10.16,-6.37,53,20,MINOR,T(+)C(+)W(+),HH
PG,2019-10-17 13:30:00+00:00,MIN,116.63,HL,True,-6.37,9.01,20,112,NORMAL,T(+)C(+)W(-),HL
PG,2020-02-06 14:30:00+00:00,MAX,127.14,HH,True,9.01,-10.94,112,22,NORMAL,T(+)C(+)W(+),HH
PG,2020-02-28 14:30:00+00:00,MIN,113.23,LL,True,-10.94,9.95,22,5,NORMAL,T(+)C(-)W(-),LL
PG,2020-03-04 14:30:00+00:00,MAX,124.5,LH,True,9.95,-18.2,5,7,MAJOR,T(+)C(-)W(-),HH_TO_LH
PG,2020-03-12 13:30:00+00:00,MIN,101.84,LL,True,-18.2,16.1,7,5,MAJOR,T(+)C(-)W(-),LL
PG,2020-03-17 13:30:00+00:00,MAX,118.24,LH,True,16.1,-17.37,5,6,MAJOR,T(+)C(-)W(-),LH
PG,2020-03-23 13:30:00+00:00,MIN,97.7,LL,True,-17.37,27.63,6,25,MAJOR,T(+)C(-)W(-),LL
PG,2020-04-17 13:30:00+00:00,MAX,124.69,HH,True,27.63,-10.48,25,34,NORMAL,T(+)C(-)W(+),HH
PG,2020-05-21 13:30:00+00:00,MIN,111.62,HL,True,-10.48,29.45,34,144,MAJOR,T(+)C(+)W(-),LL_TO_HL
PG,2020-10-12 13:30:00+00:00,MAX,144.49,HH,True,29.45,-5.11,144,18,MINOR,T(+)C(+)W(+),HH
PG,2020-10-30 13:30:00+00:00,MIN,137.1,HL,True,-5.11,5.24,18,14,MINOR,T(+)C(+)W(-),HL
PG,2020-11-13 14:30:00+00:00,MAX,144.28,LH,True,5.24,-15.34,14,111,MAJOR,T(+)C(+)W(+),HH_TO_LH
PG,2021-03-04 14:30:00+00:00,MIN,122.15,LL,True,-15.34,12.77,111,46,NORMAL,T(+)C(-)W(-),LL
PG,2021-04-20 13:30:00+00:00,MAX,137.75,LH,True,12.77,-15.61,46,58,MAJOR,T(+)C(+)W(+),LH
PG,2021-06-18 00:00:00+00:00,MIN,116.25,LL,True,-15.61,26.56,58,230,MAJOR,T(-)C(-)W(-),LL
PG,2022-02-03 00:00:00+00:00,MAX,147.1229248046875,HH,True,26.56,-12.75,230,36,NORMAL,T(+)C(+)W(+),HH
PG,2022-03-11 00:00:00+00:00,MIN,128.37176513671875,HL,True,-12.75,14.74,36,48,NORMAL,T(+)C(-)W(-),LL_TO_HL
PG,2022-04-28 00:00:00+00:00,MAX,147.29031372070312,HH,True,14.74,-19.0,48,50,MAJOR,T(+)C(+)W(+),HH
PG,2022-06-17 00:00:00+00:00,MIN,119.30327606201172,LL,True,-19.0,12.59,50,41,NORMAL,T(+)C(-)W(-),LL
PG,2022-07-28 00:00:00+00:00,MAX,134.32089233398438,LH,True,12.59,-6.18,41,1,MINOR,T(+)C(-)W(+),HH_TO_LH
PG,2022-07-29 00:00:00+00:00,MIN,126.01998138427734,HL,True,-6.18,7.93,1,18,NORMAL,T(+)C(-)W(+),LL_TO_HL
PG,2022-08-16 00:00:00+00:00,MAX,136.0173797607422,HH,True,7.93,-17.45,18,55,MAJOR,T(+)C(+)W(+),HH
PG,2022-10-10 00:00:00+00:00,MIN,112.27581024169922,LL,True,-17.45,25.28,55,78,MAJOR,T(-)C(-)W(-),LL
PG,2022-12-27 00:00:00+00:00,MAX,140.65553283691406,HH,True,25.28,-10.73,78,72,NORMAL,T(-)C(+)W(+),HH
PG,2023-03-09 00:00:00+00:00,MIN,125.55941772460938,HL,True,-10.73,15.36,72,53,MAJOR,T(-)C(-)W(-),LL_TO_HL
PG,2023-05-01 00:00:00+00:00,MAX,144.84815979003906,HH,True,15.36,-8.99,53,30,NORMAL,T(+)C(+)W(+),HH
PG,2023-05-31 00:00:00+00:00,MIN,131.83155822753906,HL,True,-8.99,10.93,30,69,NORMAL,T(+)C(+)W(-),HL
PG,2023-08-08 00:00:00+00:00,MAX,146.244873046875,HH,True,10.93,-8.97,69,64,NORMAL,T(+)C(+)W(+),HH
PG,2023-10-11 00:00:00+00:00,MIN,133.12762451171875,HL,True,-8.97,8.03,64,50,NORMAL,T(+)C(-)W(-),HL
PG,2023-11-30 00:00:00+00:00,MAX,143.82342529296875,LH,True,8.03,-6.26,50,20,MINOR,T(+)C(+)W(+),HH_TO_LH
PG,2023-12-20 00:00:00+00:00,MIN,134.82041931152344,HL,True,-6.26,20.31,20,222,MAJOR,T(+)C(+)W(-),HL
PG,2024-07-29 00:00:00+00:00,MAX,162.20651245117188,HH,True,20.31,-5.4,222,2,MINOR,T(+)C(+)W(+),HH
PG,2024-07-31 00:00:00+00:00,MIN,153.4532928466797,HL,True,-5.4,10.59,2,41,NORMAL,T(+)C(+)W(-),HL
PG,2024-09-10 00:00:00+00:00,MAX,169.70928955078125,HH,True,10.59,-8.88,41,57,NORMAL,T(+)C(+)W(+),HH
PG,2024-11-06 00:00:00+00:00,MIN,154.6339874267578,HL,True,-8.88,11.58,57,26,NORMAL,T(+)C(-)W(-),HL
PG,2024-12-02 00:00:00+00:00,MAX,172.54100036621094,HH,True,11.58,-11.76,26,39,NORMAL,T(+)C(-)W(+),HH
PG,2025-01-10 00:00:00+00:00,MIN,152.24317932128906,LL,True,-11.76,11.84,39,59,NORMAL,T(+)C(-)W(-),LL
PG,2025-03-10 00:00:00+00:00,MAX,170.27000427246094,LH,True,11.84,-7.61,59,15,NORMAL,T(+)C(+)W(+),HH_TO_LH
PG,2025-03-25 00:00:00+00:00,MIN,157.31573486328125,HL,True,-7.61,5.86,15,9,MINOR,T(+)C(+)W(-),LL_TO_HL
PG,2025-04-03 00:00:00+00:00,MAX,166.53150939941406,LH,True,5.86,-8.12,9,5,NORMAL,T(+)C(+)W(+),LH
PG,2025-04-08 00:00:00+00:00,MIN,153.00729370117188,LL,True,-8.12,7.73,5,9,NORMAL,T(+)C(+)W(-),LL
PG,2025-04-17 00:00:00+00:00,MAX,164.83132934570312,LH,True,7.73,-7.03,9,22,NORMAL,T(+)C(-)W(+),LH
PG,2025-05-09 00:00:00+00:00,MIN,153.25146484375,HL,True,-7.03,7.76,22,21,NORMAL,T(+)C(-)W(-),LL_TO_HL
PG,2025-05-30 00:00:00+00:00,MAX,165.1394805908203,HH,True,7.76,-10.83,21,62,NORMAL,T(-)C(-)W(+),HH
PG,2025-07-31 00:00:00+00:00,MIN,147.2627410888672,LL,True,-10.83,6.55,62,48,MINOR,T(-)C(-)W(-),LL
PG,2025-09-17 00:00:00+00:00,MAX,156.91258239746094,LH,True,6.55,-13.11,48,82,NORMAL,T(-)C(+)W(-),HH_TO_LH
PG,2025-12-08 00:00:00+00:00,MIN,136.33807373046875,LL,True,-13.11,6.85,82,9,MINOR,T(-)C(-)W(-),LL
PG,2025-12-17 00:00:00+00:00,MAX,145.67103576660156,LH,True,6.85,-6.61,9,21,MINOR,T(-)C(-)W(+),LH
PG,2026-01-07 00:00:00+00:00,MIN,136.04241943359375,LL,True,-6.61,21.98,21,51,MAJOR,T(-)C(-)W(-),LL
PG,2026-02-27 00:00:00+00:00,MAX,165.95037841796875,HH,True,21.98,-15.49,51,39,MAJOR,T(-)C(+)W(+),HH
PG,2026-04-07 00:00:00+00:00,MIN,140.24395751953125,HL,True,-15.49,6.36,39,21,MINOR,T(-)C(-)W(-),LL_TO_HL
PG,2026-04-28 00:00:00+00:00,MAX,149.1699981689453,LH,True,6.36,0.0,21,0,MINOR,T(-)C(-)W(+),HH_TO_LH
QQQ,1999-03-23 14:30:00+00:00,MIN,48.8125,LL,True,0.0,14.34,0,16,NORMAL,UNKNOWN,LL
QQQ,1999-04-09 13:30:00+00:00,MAX,55.8125,HH,True,14.34,-11.25,16,10,NORMAL,UNKNOWN,HH
QQQ,1999-04-19 13:30:00+00:00,MIN,49.53125,HL,True,-11.25,14.24,10,7,NORMAL,UNKNOWN,LL_TO_HL
QQQ,1999-04-26 13:30:00+00:00,MAX,56.585935,HH,True,14.24,-7.72,7,10,NORMAL,UNKNOWN,HH
QQQ,1999-05-06 13:30:00+00:00,MIN,52.21875,HL,True,-7.72,6.22,10,6,MINOR,UNKNOWN,HL
QQQ,1999-05-12 13:30:00+00:00,MAX,55.46875,LH,True,6.22,-10.14,6,13,NORMAL,UNKNOWN,HH_TO_LH
QQQ,1999-05-25 13:30:00+00:00,MIN,49.84375,LL,True,-10.14,7.65,13,13,NORMAL,UNKNOWN,LL
QQQ,1999-06-07 13:30:00+00:00,MAX,53.65625,LH,True,7.65,-5.31,13,7,MINOR,UNKNOWN,LH
QQQ,1999-06-14 13:30:00+00:00,MIN,50.804685,HL,True,-5.31,20.81,7,32,MAJOR,UNKNOWN,LL_TO_HL
QQQ,1999-07-16 13:30:00+00:00,MAX,61.375,HH,True,20.81,-11.81,32,25,NORMAL,UNKNOWN,HH
QQQ,1999-08-10 13:30:00+00:00,MIN,54.125,HL,True,-11.81,17.25,25,41,MAJOR,UNKNOWN,HL
QQQ,1999-09-20 13:30:00+00:00,MAX,63.460935,HH,True,17.25,-6.14,41,9,MINOR,UNKNOWN,HH
QQQ,1999-09-29 13:30:00+00:00,MIN,59.5625,HL,True,-6.14,8.55,9,12,NORMAL,UNKNOWN,HL
QQQ,1999-10-11 13:30:00+00:00,MAX,64.65625,HH,True,8.55,-8.57,12,7,NORMAL,UNKNOWN,HH
QQQ,1999-10-18 13:30:00+00:00,MIN,59.117185,LL,True,-8.57,60.27,7,77,EXTREME,UNKNOWN,LL
QQQ,2000-01-03 14:30:00+00:00,MAX,94.75,HH,True,60.27,-14.78,77,3,NORMAL,UNKNOWN,HH
QQQ,2000-01-06 14:30:00+00:00,MIN,80.75,HL,True,-14.78,14.24,3,4,NORMAL,UNKNOWN,LL_TO_HL
QQQ,2000-01-10 14:30:00+00:00,MAX,92.25,LH,True,14.24,-6.17,4,2,MINOR,UNKNOWN,HH_TO_LH
QQQ,2000-01-12 14:30:00+00:00,MIN,86.5625,HL,True,-6.17,11.19,2,9,NORMAL,UNKNOWN,HL
QQQ,2000-01-21 14:30:00+00:00,MAX,96.25,HH,True,11.19,-10.91,9,7,NORMAL,UNKNOWN,HH
QQQ,2000-01-28 14:30:00+00:00,MIN,85.75,LL,True,-10.91,34.11,7,41,EXTREME,UNKNOWN,LL
QQQ,2000-03-09 14:30:00+00:00,MAX,115.0,HH,True,34.11,-10.46,41,6,NORMAL,T(+)C(+)W(+),HH
QQQ,2000-03-15 14:30:00+00:00,MIN,102.96875,HL,True,-10.46,14.48,6,9,NORMAL,T(+)C(+)W(+),LL_TO_HL
QQQ,2000-03-24 14:30:00+00:00,MAX,117.875,HH,True,14.48,-16.01,9,11,MAJOR,T(+)C(+)W(+),HH
QQQ,2000-04-05 13:30:00+00:00,MIN,99.0,LL,True,-16.01,7.07,11,2,NORMAL,T(+)C(+)W(-),LL
QQQ,2000-04-07 13:30:00+00:00,MAX,106.0,LH,True,7.07,-24.76,2,7,MAJOR,T(+)C(+)W(-),HH_TO_LH
QQQ,2000-04-14 13:30:00+00:00,MIN,79.75,LL,True,-24.76,15.05,7,4,MAJOR,T(+)C(+)W(-),LL
QQQ,2000-04-18 13:30:00+00:00,MAX,91.75,LH,True,15.05,-7.36,4,6,NORMAL,T(+)C(+)W(-),LH
QQQ,2000-04-24 13:30:00+00:00,MIN,85.0,HL,True,-7.36,12.65,6,7,NORMAL,T(+)C(-)W(-),LL_TO_HL
QQQ,2000-05-01 13:30:00+00:00,MAX,95.75,HH,True,12.65,-16.45,7,9,MAJOR,T(+)C(-)W(-),HH
QQQ,2000-05-10 13:30:00+00:00,MIN,80.0,LL,True,-16.45,13.83,9,6,NORMAL,T(+)C(-)W(-),LL
QQQ,2000-05-16 13:30:00+00:00,MAX,91.0625,LH,True,13.83,-17.5,6,7,MAJOR,T(+)C(-)W(-),HH_TO_LH
QQQ,2000-05-23 13:30:00+00:00,MIN,75.125,LL,True,-17.5,31.36,7,29,EXTREME,T(+)C(-)W(-),LL
QQQ,2000-06-21 13:30:00+00:00,MAX,98.6875,HH,True,31.36,-7.54,29,14,NORMAL,T(+)C(-)W(+),HH
QQQ,2000-07-05 13:30:00+00:00,MIN,91.25,HL,True,-7.54,11.16,14,12,NORMAL,T(+)C(+)W(+),LL_TO_HL
QQQ,2000-07-17 13:30:00+00:00,MAX,101.4375,HH,True,11.16,-14.42,12,11,NORMAL,T(+)C(+)W(+),HH
QQQ,2000-07-28 13:30:00+00:00,MIN,86.8125,LL,True,-14.42,18.07,11,35,MAJOR,T(+)C(+)W(+),LL
QQQ,2000-09-01 13:30:00+00:00,MAX,102.5,HH,True,18.07,-12.38,35,17,NORMAL,T(+)C(+)W(+),HH
QQQ,2000-09-18 13:30:00+00:00,MIN,89.8125,HL,True,-12.38,5.43,17,2,MINOR,T(+)C(+)W(-),LL_TO_HL
QQQ,2000-09-20 13:30:00+00:00,MAX,94.6875,LH,True,5.43,-20.66,2,22,MAJOR,T(+)C(+)W(-),HH_TO_LH
QQQ,2000-10-12 13:30:00+00:00,MIN,75.125,LL,True,-20.66,14.89,22,8,NORMAL,T(+)C(-)W(-),LL
QQQ,2000-10-20 13:30:00+00:00,MAX,86.3125,LH,True,14.89,-11.06,8,10,NORMAL,T(+)C(-)W(-),LH
QQQ,2000-10-30 14:30:00+00:00,MIN,76.76562,HL,True,-11.06,8.2,10,4,NORMAL,T(-)C(-)W(-),LL_TO_HL
QQQ,2000-11-03 14:30:00+00:00,MAX,83.0625,LH,True,8.2,-15.65,4,10,MAJOR,T(-)C(-)W(+),LH
QQQ,2000-11-13 14:30:00+00:00,MIN,70.0625,LL,True,-15.65,10.44,10,2,NORMAL,T(-)C(-)W(-),LL
QQQ,2000-11-15 14:30:00+00:00,MAX,77.375,LH,True,10.44,-13.89,2,7,NORMAL,T(-)C(-)W(-),LH
QQQ,2000-11-22 14:30:00+00:00,MIN,66.625,LL,True,-13.89,5.72,7,2,MINOR,T(-)C(-)W(-),LL
QQQ,2000-11-24 14:30:00+00:00,MAX,70.4375,LH,True,5.72,-10.65,2,5,NORMAL,T(-)C(-)W(-),LH
QQQ,2000-11-29 14:30:00+00:00,MIN,62.9375,LL,True,-10.65,12.31,5,6,NORMAL,T(-)C(-)W(-),LL
QQQ,2000-12-05 14:30:00+00:00,MAX,70.6875,HH,True,12.31,-5.92,6,2,MINOR,T(-)C(-)W(-),HH
QQQ,2000-12-07 14:30:00+00:00,MIN,66.5,HL,True,-5.92,11.84,2,4,NORMAL,T(-)C(-)W(-),LL_TO_HL
QQQ,2000-12-11 14:30:00+00:00,MAX,74.375,HH,True,11.84,-25.06,4,9,MAJOR,T(-)C(-)W(-),HH
QQQ,2000-12-20 14:30:00+00:00,MIN,55.73437,LL,True,-25.06,10.46,9,7,NORMAL,T(-)C(-)W(-),LL
QQQ,2000-12-27 14:30:00+00:00,MAX,61.5625,LH,True,10.46,-13.2,7,6,NORMAL,T(-)C(-)W(-),HH_TO_LH
QQQ,2001-01-02 14:30:00+00:00,MIN,53.4375,LL,True,-13.2,16.84,6,1,MAJOR,T(-)C(-)W(-),LL
QQQ,2001-01-03 14:30:00+00:00,MAX,62.4375,HH,True,16.84,-9.31,1,2,NORMAL,T(-)C(-)W(-),HH
QQQ,2001-01-05 14:30:00+00:00,MIN,56.625,HL,True,-9.31,19.67,2,18,MAJOR,T(-)C(-)W(-),LL_TO_HL
QQQ,2001-01-23 14:30:00+00:00,MAX,67.76562,HH,True,19.67,-18.4,18,21,MAJOR,T(-)C(-)W(+),HH
QQQ,2001-02-13 14:30:00+00:00,MIN,55.3,LL,True,-18.4,5.61,21,2,MINOR,T(-)C(-)W(-),LL
QQQ,2001-02-15 14:30:00+00:00,MAX,58.39999,LH,True,5.61,-20.03,2,15,MAJOR,T(-)C(-)W(-),HH_TO_LH
QQQ,2001-03-02 14:30:00+00:00,MIN,46.7,LL,True,-20.03,5.82,15,5,MINOR,T(-)C(-)W(-),LL
QQQ,2001-03-07 14:30:00+00:00,MAX,49.42,LH,True,5.82,-14.41,5,5,NORMAL,T(-)C(-)W(-),LH
QQQ,2001-03-12 14:30:00+00:00,MIN,42.3,LL,True,-14.41,5.08,5,1,MINOR,T(-)C(-)W(-),LL
QQQ,2001-03-13 14:30:00+00:00,MAX,44.45,LH,True,5.08,-7.54,1,3,NORMAL,T(-)C(-)W(-),LH
QQQ,2001-03-16 14:30:00+00:00,MIN,41.10001,LL,True,-7.54,5.26,3,3,MINOR,T(-)C(-)W(-),LL
QQQ,2001-03-19 14:30:00+00:00,MAX,43.25999,LH,True,5.26,-6.73,3,1,MINOR,T(-)C(-)W(-),LH
QQQ,2001-03-20 14:30:00+00:00,MIN,40.35001,LL,True,-6.73,7.19,1,7,NORMAL,T(-)C(-)W(-),LL
QQQ,2001-03-27 14:30:00+00:00,MAX,43.25,LH,True,7.19,-21.27,7,7,MAJOR,T(-)C(-)W(-),LH
QQQ,2001-04-04 13:30:00+00:00,MIN,34.05,LL,True,-21.27,25.7,7,8,MAJOR,T(-)C(-)W(-),LL
QQQ,2001-04-12 13:30:00+00:00,MAX,42.8,LH,True,25.7,-5.96,8,4,MINOR,T(-)C(-)W(-),LH
QQQ,2001-04-16 13:30:00+00:00,MIN,40.25,HL,True,-5.96,20.25,4,4,MAJOR,T(-)C(-)W(-),LL_TO_HL
QQQ,2001-04-20 13:30:00+00:00,MAX,48.39999,HH,True,20.25,-9.19,4,6,NORMAL,T(-)C(-)W(+),HH
QQQ,2001-04-26 13:30:00+00:00,MIN,43.95,HL,True,-9.19,11.44,6,6,NORMAL,T(-)C(-)W(+),HL
QQQ,2001-05-02 13:30:00+00:00,MAX,48.98,HH,True,11.44,-8.49,6,12,NORMAL,T(-)C(-)W(+),HH
QQQ,2001-05-14 13:30:00+00:00,MIN,44.82001,HL,True,-8.49,13.9,12,7,NORMAL,T(-)C(-)W(+),HL
QQQ,2001-05-21 13:30:00+00:00,MAX,51.05,HH,True,13.9,-12.97,7,9,NORMAL,T(-)C(+)W(+),HH
QQQ,2001-05-30 13:30:00+00:00,MIN,44.42999,LL,True,-12.97,9.61,9,8,NORMAL,T(-)C(+)W(+),LL
QQQ,2001-06-07 13:30:00+00:00,MAX,48.7,LH,True,9.61,-14.13,8,12,NORMAL,T(-)C(+)W(+),HH_TO_LH
QQQ,2001-06-19 13:30:00+00:00,MIN,41.82001,LL,True,-14.13,9.28,12,10,NORMAL,T(-)C(+)W(-),LL
QQQ,2001-06-29 13:30:00+00:00,MAX,45.7,LH,True,9.28,-11.38,10,11,NORMAL,T(-)C(+)W(-),LH
QQQ,2001-07-10 13:30:00+00:00,MIN,40.5,LL,True,-11.38,7.65,11,2,NORMAL,T(-)C(-)W(-),LL
QQQ,2001-07-12 13:30:00+00:00,MAX,43.60001,LH,True,7.65,-7.91,2,12,NORMAL,T(-)C(-)W(-),LH
QQQ,2001-07-24 13:30:00+00:00,MIN,40.14999,LL,True,-7.91,9.36,12,9,NORMAL,T(-)C(-)W(-),LL
QQQ,2001-08-02 13:30:00+00:00,MAX,43.91,HH,True,9.36,-16.44,9,19,MAJOR,T(-)C(-)W(-),HH
QQQ,2001-08-21 13:30:00+00:00,MIN,36.69,LL,True,-16.44,7.25,19,6,NORMAL,T(-)C(-)W(-),LL
QQQ,2001-08-27 13:30:00+00:00,MAX,39.35001,LH,True,7.25,-28.36,6,25,MAJOR,T(-)C(-)W(-),HH_TO_LH
QQQ,2001-09-21 13:30:00+00:00,MIN,28.19,LL,True,-28.36,24.02,25,25,MAJOR,T(-)C(-)W(-),LL
QQQ,2001-10-16 13:30:00+00:00,MAX,34.96001,LH,True,24.02,-7.18,25,1,NORMAL,T(-)C(-)W(+),LH
QQQ,2001-10-17 13:30:00+00:00,MIN,32.45,HL,True,-7.18,13.41,1,8,NORMAL,T(-)C(-)W(+),LL_TO_HL
QQQ,2001-10-25 13:30:00+00:00,MAX,36.8,HH,True,13.41,-9.29,8,5,NORMAL,T(-)C(-)W(+),HH
QQQ,2001-10-30 14:30:00+00:00,MIN,33.38,HL,True,-9.29,28.55,5,37,MAJOR,T(-)C(-)W(+),HL
QQQ,2001-12-06 14:30:00+00:00,MAX,42.91,HH,True,28.55,-9.6,37,14,NORMAL,T(-)C(+)W(+),HH
QQQ,2001-12-20 14:30:00+00:00,MIN,38.78999,HL,True,-9.6,7.42,14,15,NORMAL,T(-)C(+)W(+),HL
QQQ,2002-01-04 14:30:00+00:00,MAX,41.67,LH,True,7.42,-15.55,15,34,MAJOR,T(-)C(+)W(-),HH_TO_LH
QQQ,2002-02-07 14:30:00+00:00,MIN,35.19,LL,True,-15.55,5.0,34,6,MINOR,T(-)C(-)W(-),LL
QQQ,2002-02-13 14:30:00+00:00,MAX,36.95,LH,True,5.0,-9.39,6,8,NORMAL,T(-)C(-)W(-),LH
QQQ,2002-02-21 14:30:00+00:00,MIN,33.48,LL,True,-9.39,15.5,8,15,MAJOR,T(-)C(-)W(-),LL
QQQ,2002-03-08 14:30:00+00:00,MAX,38.67,HH,True,15.5,-14.66,15,33,NORMAL,T(-)C(-)W(+),HH
QQQ,2002-04-11 13:30:00+00:00,MIN,33.0,LL,True,-14.66,6.67,33,5,MINOR,T(-)C(-)W(-),LL
QQQ,2002-04-16 13:30:00+00:00,MAX,35.2,LH,True,6.67,-18.47,5,21,MAJOR,T(-)C(-)W(-),HH_TO_LH
QQQ,2002-05-07 13:30:00+00:00,MIN,28.7,LL,True,-18.47,10.7,21,1,NORMAL,T(-)C(-)W(-),LL
QQQ,2002-05-08 13:30:00+00:00,MAX,31.77,LH,True,10.7,-6.96,1,2,MINOR,T(-)C(-)W(-),LH
QQQ,2002-05-10 13:30:00+00:00,MIN,29.56,HL,True,-6.96,11.4,2,7,NORMAL,T(-)C(-)W(-),LL_TO_HL
QQQ,2002-05-17 13:30:00+00:00,MAX,32.92999,HH,True,11.4,-16.61,7,25,MAJOR,T(-)C(-)W(-),HH
QQQ,2002-06-11 13:30:00+00:00,MIN,27.46001,LL,True,-16.61,5.68,25,7,MINOR,T(-)C(-)W(-),LL
QQQ,2002-06-18 13:30:00+00:00,MAX,29.02,LH,True,5.68,-17.47,7,14,MAJOR,T(-)C(-)W(-),HH_TO_LH
QQQ,2002-07-02 13:30:00+00:00,MIN,23.95,LL,True,-17.47,9.98,14,3,NORMAL,T(-)C(-)W(-),LL
QQQ,2002-07-05 13:30:00+00:00,MAX,26.34,LH,True,9.98,-9.26,3,5,NORMAL,T(-)C(-)W(-),LH
QQQ,2002-07-10 13:30:00+00:00,MIN,23.89999,LL,True,-9.26,7.32,5,7,NORMAL,T(-)C(-)W(-),LL
QQQ,2002-07-17 13:30:00+00:00,MAX,25.64999,LH,True,7.32,-12.67,7,6,NORMAL,T(-)C(-)W(-),LH
QQQ,2002-07-23 13:30:00+00:00,MIN,22.39999,LL,True,-12.67,5.45,6,1,MINOR,T(-)C(-)W(-),LL
QQQ,2002-07-24 13:30:00+00:00,MAX,23.62,LH,True,5.45,-5.8,1,1,MINOR,T(-)C(-)W(-),LH
QQQ,2002-07-25 13:30:00+00:00,MIN,22.25,LL,True,-5.8,9.26,1,5,NORMAL,T(-)C(-)W(-),LL
QQQ,2002-07-30 13:30:00+00:00,MAX,24.31,HH,True,9.26,-11.81,5,6,NORMAL,T(-)C(-)W(-),HH
QQQ,2002-08-05 13:30:00+00:00,MIN,21.44,LL,True,-11.81,22.01,6,17,MAJOR,T(-)C(-)W(-),LL
QQQ,2002-08-22 13:30:00+00:00,MAX,26.16,HH,True,22.01,-15.25,17,14,MAJOR,T(-)C(-)W(+),HH
QQQ,2002-09-05 13:30:00+00:00,MIN,22.17,HL,True,-15.25,6.68,14,5,MINOR,T(-)C(-)W(-),LL_TO_HL
QQQ,2002-09-10 13:30:00+00:00,MAX,23.64999,LH,True,6.68,-12.39,5,20,NORMAL,T(-)C(-)W(-),HH_TO_LH
QQQ,2002-09-30 13:30:00+00:00,MIN,20.72,LL,True,-12.39,6.08,20,1,MINOR,T(-)C(-)W(-),LL
QQQ,2002-10-01 13:30:00+00:00,MAX,21.98,LH,True,6.08,-8.74,1,8,NORMAL,T(-)C(-)W(-),LH
QQQ,2002-10-09 13:30:00+00:00,MIN,20.06,LL,True,-8.74,31.95,8,28,EXTREME,T(-)C(-)W(-),LL
QQQ,2002-11-06 14:30:00+00:00,MAX,26.47,HH,True,31.95,-8.16,28,5,NORMAL,T(-)C(-)W(+),HH
QQQ,2002-11-11 14:30:00+00:00,MIN,24.31,HL,True,-8.16,15.18,5,21,MAJOR,T(-)C(+)W(+),LL_TO_HL
QQQ,2002-12-02 14:30:00+00:00,MAX,28.0,HH,True,15.18,-12.96,21,29,NORMAL,T(-)C(+)W(+),HH
QQQ,2002-12-31 14:30:00+00:00,MIN,24.37,HL,True,-12.96,11.2,29,10,NORMAL,T(-)C(+)W(-),HL
QQQ,2003-01-10 14:30:00+00:00,MAX,27.10001,LH,True,11.2,-12.14,10,28,NORMAL,T(-)C(+)W(+),HH_TO_LH
QQQ,2003-02-07 14:30:00+00:00,MIN,23.81,LL,True,-12.14,6.05,28,11,MINOR,T(-)C(-)W(-),LL
QQQ,2003-02-18 14:30:00+00:00,MAX,25.25,LH,True,6.05,-5.74,11,21,MINOR,T(-)C(-)W(-),LH
QQQ,2003-03-11 14:30:00+00:00,MIN,23.8,LL,True,-5.74,14.16,21,10,NORMAL,T(-)C(-)W(+),LL
QQQ,2003-03-21 14:30:00+00:00,MAX,27.17,HH,True,14.16,-7.07,10,10,NORMAL,T(-)C(-)W(+),HH
QQQ,2003-03-31 14:30:00+00:00,MIN,25.25,HL,True,-7.07,27.84,10,98,MAJOR,T(-)C(-)W(+),LL_TO_HL
QQQ,2003-07-08 13:30:00+00:00,MAX,32.28,HH,True,27.84,-6.85,98,31,MINOR,T(+)C(+)W(+),HH
QQQ,2003-08-08 13:30:00+00:00,MIN,30.07001,HL,True,-6.85,15.66,31,41,MAJOR,T(+)C(+)W(-),HL
QQQ,2003-09-18 13:30:00+00:00,MAX,34.78,HH,True,15.66,-6.79,41,12,MINOR,T(+)C(+)W(+),HH
QQQ,2003-09-30 13:30:00+00:00,MIN,32.42,HL,True,-6.79,10.85,12,37,NORMAL,T(+)C(+)W(-),HL
QQQ,2003-11-06 14:30:00+00:00,MAX,35.939,HH,True,10.85,-5.73,37,12,MINOR,T(+)C(+)W(+),HH
QQQ,2003-11-18 14:30:00+00:00,MIN,33.88,HL,True,-5.73,13.9,12,69,NORMAL,T(+)C(+)W(+),HL
QQQ,2004-01-26 14:30:00+00:00,MAX,38.59,HH,True,13.9,-11.82,69,57,NORMAL,T(+)C(+)W(+),HH
QQQ,2004-03-23 14:30:00+00:00,MIN,34.03,HL,True,-11.82,10.05,57,12,NORMAL,T(+)C(-)W(-),HL
QQQ,2004-04-05 13:30:00+00:00,MAX,37.45,LH,True,10.05,-8.09,12,42,NORMAL,T(+)C(-)W(+),HH_TO_LH
QQQ,2004-05-17 13:30:00+00:00,MIN,34.42,HL,True,-8.09,9.65,42,44,NORMAL,T(+)C(-)W(-),HL
QQQ,2004-06-30 13:30:00+00:00,MAX,37.74001,HH,True,9.65,-13.96,44,43,NORMAL,T(+)C(+)W(+),HH
QQQ,2004-08-12 13:30:00+00:00,MIN,32.47,LL,True,-13.96,24.66,43,124,MAJOR,T(+)C(-)W(-),LL
QQQ,2004-12-14 14:30:00+00:00,MAX,40.47701,HH,True,24.66,-14.26,124,126,NORMAL,T(+)C(+)W(+),HH
QQQ,2005-04-20 13:30:00+00:00,MIN,34.70399,HL,True,-14.26,11.4,126,43,NORMAL,T(+)C(-)W(-),LL_TO_HL
QQQ,2005-06-02 13:30:00+00:00,MAX,38.66,LH,True,11.4,-5.01,43,29,MINOR,T(+)C(+)W(+),HH_TO_LH
QQQ,2005-07-01 13:30:00+00:00,MIN,36.72501,HL,True,-5.01,9.14,29,32,NORMAL,T(+)C(+)W(-),HL
QQQ,2005-08-02 13:30:00+00:00,MAX,40.08,HH,True,9.14,-6.47,32,71,MINOR,T(+)C(+)W(+),HH
QQQ,2005-10-12 13:30:00+00:00,MIN,37.487,HL,True,-6.47,15.27,71,91,MAJOR,T(+)C(-)W(-),HL
QQQ,2006-01-11 14:30:00+00:00,MAX,43.21001,HH,True,15.27,-6.29,91,33,MINOR,T(+)C(+)W(+),HH
QQQ,2006-02-13 14:30:00+00:00,MIN,40.49001,HL,True,-6.29,5.53,33,51,MINOR,T(+)C(-)W(-),HL
QQQ,2006-04-06 13:30:00+00:00,MAX,42.73,LH,True,5.53,-16.45,51,106,MAJOR,T(+)C(-)W(+),HH_TO_LH
QQQ,2006-07-21 13:30:00+00:00,MIN,35.7,LL,True,-16.45,27.23,106,216,MAJOR,T(-)C(-)W(-),LL
QQQ,2007-02-22 14:30:00+00:00,MAX,45.42,HH,True,27.23,-7.2,216,11,NORMAL,T(+)C(+)W(+),HH
QQQ,2007-03-05 14:30:00+00:00,MIN,42.14999,HL,True,-7.2,19.38,11,135,MAJOR,T(+)C(+)W(-),LL_TO_HL
QQQ,2007-07-19 13:30:00+00:00,MAX,50.32001,HH,True,19.38,-9.68,135,28,NORMAL,T(+)C(+)W(+),HH
QQQ,2007-08-16 13:30:00+00:00,MIN,45.45,HL,True,-9.68,21.08,28,76,MAJOR,T(+)C(+)W(-),HL
QQQ,2007-10-31 13:30:00+00:00,MAX,55.03,HH,True,21.08,-11.45,76,12,NORMAL,T(+)C(+)W(+),HH
QQQ,2007-11-12 14:30:00+00:00,MIN,48.73,HL,True,-11.45,7.82,12,28,NORMAL,T(+)C(+)W(-),HL
QQQ,2007-12-10 14:30:00+00:00,MAX,52.53999,LH,True,7.82,-5.35,28,7,MINOR,T(+)C(-)W(+),HH_TO_LH
QQQ,2007-12-17 14:30:00+00:00,MIN,49.73,HL,True,-5.35,5.57,7,9,MINOR,T(+)C(-)W(+),HL
QQQ,2007-12-26 14:30:00+00:00,MAX,52.5,LH,True,5.57,-21.41,9,74,MAJOR,T(+)C(-)W(+),LH
QQQ,2008-03-10 13:30:00+00:00,MIN,41.25999,LL,True,-21.41,22.52,74,87,MAJOR,T(+)C(-)W(-),LL
QQQ,2008-06-05 13:30:00+00:00,MAX,50.55,LH,True,22.52,-12.5,87,39,NORMAL,T(-)C(+)W(+),LH
QQQ,2008-07-14 13:30:00+00:00,MIN,44.23,HL,True,-12.5,9.09,39,31,NORMAL,T(-)C(-)W(-),LL_TO_HL
QQQ,2008-08-14 13:30:00+00:00,MAX,48.25,LH,True,9.09,-16.66,31,34,MAJOR,T(-)C(-)W(+),LH
QQQ,2008-09-17 13:30:00+00:00,MIN,40.21001,LL,True,-16.66,6.69,34,2,MINOR,T(-)C(-)W(-),LL
QQQ,2008-09-19 13:30:00+00:00,MAX,42.89999,LH,True,6.69,-26.99,2,21,MAJOR,T(-)C(-)W(-),LH
QQQ,2008-10-10 13:30:00+00:00,MIN,31.32001,LL,True,-26.99,12.16,21,3,NORMAL,T(-)C(-)W(-),LL
QQQ,2008-10-13 13:30:00+00:00,MAX,35.13,LH,True,12.16,-12.89,3,2,NORMAL,T(-)C(-)W(-),LH
QQQ,2008-10-15 13:30:00+00:00,MIN,30.60001,LL,True,-12.89,8.5,2,5,NORMAL,T(-)C(-)W(-),LL
QQQ,2008-10-20 13:30:00+00:00,MAX,33.2,LH,True,8.5,-13.58,5,7,NORMAL,T(-)C(-)W(-),LH
QQQ,2008-10-27 13:30:00+00:00,MIN,28.69,LL,True,-13.58,17.64,7,8,MAJOR,T(-)C(-)W(-),LL
QQQ,2008-11-04 14:30:00+00:00,MAX,33.75,HH,True,17.64,-14.93,8,8,NORMAL,T(-)C(-)W(-),HH
QQQ,2008-11-12 14:30:00+00:00,MIN,28.71001,HL,True,-14.93,6.1,8,1,MINOR,T(-)C(-)W(-),LL_TO_HL
QQQ,2008-11-13 14:30:00+00:00,MAX,30.46001,LH,True,6.1,-16.09,1,7,MAJOR,T(-)C(-)W(-),HH_TO_LH
QQQ,2008-11-20 14:30:00+00:00,MIN,25.56,LL,True,-16.09,14.83,7,6,NORMAL,T(-)C(-)W(-),LL
QQQ,2008-11-26 14:30:00+00:00,MAX,29.35001,LH,True,14.83,-8.25,6,5,NORMAL,T(-)C(-)W(-),LH
QQQ,2008-12-01 14:30:00+00:00,MIN,26.92999,HL,True,-8.25,13.48,5,15,NORMAL,T(-)C(-)W(-),LL_TO_HL
QQQ,2008-12-16 14:30:00+00:00,MAX,30.56,HH,True,13.48,-5.46,15,13,MINOR,T(-)C(-)W(+),HH
QQQ,2008-12-29 14:30:00+00:00,MIN,28.89,HL,True,-5.46,8.45,13,8,NORMAL,T(-)C(-)W(+),HL
QQQ,2009-01-06 14:30:00+00:00,MAX,31.33,HH,True,8.45,-10.76,8,14,NORMAL,T(-)C(-)W(+),HH
QQQ,2009-01-20 14:30:00+00:00,MIN,27.96001,LL,True,-10.76,12.66,14,20,NORMAL,T(-)C(-)W(-),LL
QQQ,2009-02-09 14:30:00+00:00,MAX,31.5,HH,True,12.66,-18.29,20,27,MAJOR,T(-)C(+)W(+),HH
QQQ,2009-03-09 13:30:00+00:00,MIN,25.74001,LL,True,-18.29,36.17,27,56,EXTREME,T(-)C(-)W(-),LL
QQQ,2009-05-04 13:30:00+00:00,MAX,35.05,HH,True,36.17,-5.79,56,9,MINOR,T(-)C(+)W(+),HH
QQQ,2009-05-13 13:30:00+00:00,MIN,33.02,HL,True,-5.79,11.9,9,27,NORMAL,T(-)C(+)W(+),LL_TO_HL
QQQ,2009-06-09 13:30:00+00:00,MAX,36.95,HH,True,11.9,-6.55,27,28,MINOR,T(-)C(+)W(+),HH
QQQ,2009-07-07 13:30:00+00:00,MIN,34.53,HL,True,-6.55,25.43,28,107,MAJOR,T(-)C(+)W(-),HL
QQQ,2009-10-22 13:30:00+00:00,MAX,43.31,HH,True,25.43,-5.43,107,8,MINOR,T(+)C(+)W(+),HH
QQQ,2009-10-30 13:30:00+00:00,MIN,40.96001,HL,True,-5.43,13.75,8,81,NORMAL,T(+)C(+)W(+),HL
QQQ,2010-01-19 14:30:00+00:00,MAX,46.59,HH,True,13.75,-8.52,81,16,NORMAL,T(+)C(+)W(+),HH
QQQ,2010-02-04 14:30:00+00:00,MIN,42.62,HL,True,-8.52,18.54,16,77,MAJOR,T(+)C(+)W(-),HL
QQQ,2010-04-23 13:30:00+00:00,MAX,50.52,HH,True,18.54,-10.11,77,14,NORMAL,T(+)C(+)W(+),HH
QQQ,2010-05-07 13:30:00+00:00,MIN,45.41,HL,True,-10.11,7.07,14,5,NORMAL,T(+)C(+)W(-),HL
QQQ,2010-05-12 13:30:00+00:00,MAX,48.62,LH,True,7.07,-9.09,5,14,NORMAL,T(+)C(+)W(-),HH_TO_LH
QQQ,2010-05-26 13:30:00+00:00,MIN,44.2,LL,True,-9.09,5.63,14,8,MINOR,T(+)C(-)W(-),LL
QQQ,2010-06-03 13:30:00+00:00,MAX,46.69,LH,True,5.63,-6.15,8,6,MINOR,T(+)C(-)W(-),LH
QQQ,2010-06-09 13:30:00+00:00,MIN,43.82001,LL,True,-6.15,7.37,6,8,NORMAL,T(+)C(-)W(-),LL
QQQ,2010-06-17 13:30:00+00:00,MAX,47.05,HH,True,7.37,-9.73,8,15,NORMAL,T(+)C(-)W(+),HH
QQQ,2010-07-02 13:30:00+00:00,MIN,42.47,LL,True,-9.73,10.85,15,38,NORMAL,T(+)C(-)W(-),LL
QQQ,2010-08-09 13:30:00+00:00,MAX,47.08,HH,True,10.85,-7.69,38,22,NORMAL,T(+)C(+)W(+),HH
QQQ,2010-08-31 13:30:00+00:00,MIN,43.46001,HL,True,-7.69,35.48,22,169,EXTREME,T(+)C(-)W(-),LL_TO_HL
QQQ,2011-02-16 14:30:00+00:00,MAX,58.881,HH,True,35.48,-8.03,169,27,NORMAL,T(+)C(+)W(+),HH
QQQ,2011-03-16 13:30:00+00:00,MIN,54.14999,HL,True,-8.03,9.36,27,42,NORMAL,T(+)C(+)W(-),HL
QQQ,2011-04-27 13:30:00+00:00,MAX,59.22,HH,True,9.36,-9.17,42,51,NORMAL,T(+)C(-)W(+),HH
QQQ,2011-06-17 13:30:00+00:00,MIN,53.78999,LL,True,-9.17,10.85,51,39,NORMAL,T(+)C(-)W(-),LL
QQQ,2011-07-26 13:30:00+00:00,MAX,59.625,HH,True,10.85,-15.15,39,13,MAJOR,T(+)C(-)W(+),HH
QQQ,2011-08-08 13:30:00+00:00,MIN,50.59,LL,True,-15.15,7.45,13,7,NORMAL,T(+)C(+)W(-),LL
QQQ,2011-08-15 13:30:00+00:00,MAX,54.36,LH,True,7.45,-7.97,7,4,NORMAL,T(+)C(-)W(-),HH_TO_LH
QQQ,2011-08-19 13:30:00+00:00,MIN,50.03,LL,True,-7.97,13.15,4,31,NORMAL,T(+)C(-)W(-),LL
QQQ,2011-09-19 13:30:00+00:00,MAX,56.61,HH,True,13.15,-9.66,31,14,NORMAL,T(+)C(-)W(+),HH
QQQ,2011-10-03 13:30:00+00:00,MIN,51.14,HL,True,-9.66,15.25,14,25,MAJOR,T(+)C(-)W(-),LL_TO_HL
QQQ,2011-10-28 13:30:00+00:00,MAX,58.94,HH,True,15.25,-10.28,25,28,NORMAL,T(+)C(+)W(+),HH
QQQ,2011-11-25 14:30:00+00:00,MIN,52.88,HL,True,-10.28,8.25,28,10,NORMAL,T(-)C(+)W(-),HL
QQQ,2011-12-05 14:30:00+00:00,MAX,57.24001,LH,True,8.25,-5.1,10,14,MINOR,T(-)C(+)W(-),HH_TO_LH
QQQ,2011-12-19 14:30:00+00:00,MIN,54.32001,HL,True,-5.1,25.64,14,104,MAJOR,T(-)C(+)W(+),HL
QQQ,2012-04-02 13:30:00+00:00,MAX,68.25,HH,True,25.64,-11.49,104,60,NORMAL,T(+)C(+)W(+),HH
QQQ,2012-06-01 13:30:00+00:00,MIN,60.409,HL,True,-11.49,16.54,60,110,MAJOR,T(+)C(-)W(-),HL
QQQ,2012-09-19 13:30:00+00:00,MAX,70.39999,HH,True,16.54,-11.89,110,57,NORMAL,T(+)C(+)W(+),HH
QQQ,2012-11-15 14:30:00+00:00,MIN,62.02991,HL,True,-11.89,19.78,57,182,MAJOR,T(+)C(-)W(-),HL
QQQ,2013-05-17 13:30:00+00:00,MAX,74.3,HH,True,19.78,-6.15,182,38,MINOR,T(+)C(+)W(+),HH
QQQ,2013-06-24 13:30:00+00:00,MIN,69.73,HL,True,-6.15,27.32,38,212,MAJOR,T(+)C(+)W(-),HL
QQQ,2014-01-22 14:30:00+00:00,MAX,88.78,HH,True,27.32,-5.06,212,12,MINOR,T(+)C(+)W(+),HH
QQQ,2014-02-03 14:30:00+00:00,MIN,84.29,HL,True,-5.06,8.03,12,30,NORMAL,T(+)C(+)W(-),HL
QQQ,2014-03-05 14:30:00+00:00,MAX,91.06,HH,True,8.03,-7.63,30,36,NORMAL,T(+)C(+)W(+),HH
QQQ,2014-04-11 13:30:00+00:00,MIN,84.11,LL,True,-7.63,19.22,36,160,MAJOR,T(+)C(+)W(-),LL
QQQ,2014-09-18 13:30:00+00:00,MAX,100.28,HH,True,19.22,-8.47,160,28,NORMAL,T(+)C(+)W(+),HH
QQQ,2014-10-16 13:30:00+00:00,MIN,91.79,HL,True,-8.47,15.49,28,43,MAJOR,T(+)C(+)W(-),LL_TO_HL
QQQ,2014-11-28 14:30:00+00:00,MAX,106.01,HH,True,15.49,-5.69,43,18,MINOR,T(+)C(+)W(+),HH
QQQ,2014-12-16 14:30:00+00:00,MIN,99.98,HL,True,-5.69,5.06,18,10,MINOR,T(+)C(+)W(-),HL
QQQ,2014-12-26 14:30:00+00:00,MAX,105.04,LH,True,5.06,-5.13,10,20,MINOR,T(+)C(+)W(-),HH_TO_LH
QQQ,2015-01-15 14:30:00+00:00,MIN,99.65,LL,True,-5.13,14.38,20,185,NORMAL,T(+)C(+)W(-),LL
QQQ,2015-07-20 13:30:00+00:00,MAX,113.98,HH,True,14.38,-13.94,185,36,NORMAL,T(+)C(+)W(+),HH
QQQ,2015-08-25 13:30:00+00:00,MIN,98.09,LL,True,-13.94,9.22,36,23,NORMAL,T(+)C(-)W(-),LL
QQQ,2015-09-17 13:30:00+00:00,MAX,107.13,LH,True,9.22,-7.15,23,12,NORMAL,T(+)C(-)W(+),HH_TO_LH
QQQ,2015-09-29 13:30:00+00:00,MIN,99.47,HL,True,-7.15,15.77,12,63,MAJOR,T(+)C(-)W(-),LL_TO_HL
QQQ,2015-12-01 14:30:00+00:00,MAX,115.16,HH,True,15.77,-16.36,63,70,MAJOR,T(+)C(+)W(-),HH
QQQ,2016-02-09 14:30:00+00:00,MIN,96.32,LL,True,-16.36,15.48,70,68,MAJOR,T(-)C(-)W(-),LL
QQQ,2016-04-18 13:30:00+00:00,MAX,111.23,LH,True,15.48,-5.58,68,17,MINOR,T(-)C(+)W(+),HH_TO_LH
QQQ,2016-05-05 13:30:00+00:00,MIN,105.02,HL,True,-5.58,5.29,17,28,MINOR,T(-)C(+)W(-),LL_TO_HL
QQQ,2016-06-02 13:30:00+00:00,MAX,110.58,LH,True,5.29,-7.56,28,25,NORMAL,T(-)C(-)W(+),LH
QQQ,2016-06-27 13:30:00+00:00,MIN,102.22,LL,True,-7.56,40.45,25,346,EXTREME,T(-)C(-)W(-),LL
QQQ,2017-06-08 13:30:00+00:00,MAX,143.57,HH,True,40.45,-5.14,346,25,MINOR,T(+)C(+)W(+),HH
QQQ,2017-07-03 13:30:00+00:00,MIN,136.19,HL,True,-5.14,25.51,25,207,MAJOR,T(+)C(+)W(-),LL_TO_HL
QQQ,2018-01-26 14:30:00+00:00,MAX,170.93,HH,True,25.51,-10.23,207,13,NORMAL,T(+)C(+)W(+),HH
QQQ,2018-02-08 14:30:00+00:00,MIN,153.45,HL,True,-10.23,13.44,13,31,NORMAL,T(+)C(+)W(-),HL
QQQ,2018-03-12 13:30:00+00:00,MAX,174.08,HH,True,13.44,-10.67,31,21,NORMAL,T(+)C(+)W(+),HH
QQQ,2018-04-02 13:30:00+00:00,MIN,155.51,HL,True,-10.67,20.08,21,149,MAJOR,T(+)C(+)W(-),HL
QQQ,2018-08-29 13:30:00+00:00,MAX,186.74,HH,True,20.08,-12.59,149,61,NORMAL,T(+)C(+)W(+),HH
QQQ,2018-10-29 13:30:00+00:00,MIN,163.23,HL,True,-12.59,7.57,61,9,NORMAL,T(+)C(-)W(-),HL
QQQ,2018-11-07 14:30:00+00:00,MAX,175.58,LH,True,7.57,-9.35,9,13,NORMAL,T(+)C(-)W(-),HH_TO_LH
QQQ,2018-11-20 14:30:00+00:00,MIN,159.16,LL,True,-9.35,8.27,13,13,NORMAL,T(+)C(-)W(-),LL
QQQ,2018-12-03 14:30:00+00:00,MAX,172.33,LH,True,8.27,-16.73,13,21,MAJOR,T(+)C(-)W(-),LH
QQQ,2018-12-24 14:30:00+00:00,MIN,143.5,LL,True,-16.73,33.18,21,129,EXTREME,T(+)C(-)W(-),LL
QQQ,2019-05-03 13:30:00+00:00,MAX,191.11,HH,True,33.18,-10.98,129,31,NORMAL,T(-)C(+)W(+),HH
QQQ,2019-06-03 13:30:00+00:00,MIN,170.12,HL,True,-10.98,14.8,31,53,NORMAL,T(+)C(+)W(-),LL_TO_HL
QQQ,2019-07-26 13:30:00+00:00,MAX,195.29,HH,True,14.8,-7.46,53,10,NORMAL,T(+)C(+)W(+),HH
QQQ,2019-08-05 13:30:00+00:00,MIN,180.73,HL,True,-7.46,31.12,10,198,EXTREME,T(+)C(+)W(-),HL
QQQ,2020-02-19 14:30:00+00:00,MAX,236.98,HH,True,31.12,-13.22,198,8,NORMAL,T(+)C(+)W(+),HH
QQQ,2020-02-27 14:30:00+00:00,MIN,205.64,HL,True,-13.22,6.12,8,6,MINOR,T(+)C(+)W(-),HL
QQQ,2020-03-04 14:30:00+00:00,MAX,218.22,LH,True,6.12,-11.3,6,4,NORMAL,T(+)C(+)W(-),HH_TO_LH
QQQ,2020-03-09 13:30:00+00:00,MIN,193.57,LL,True,-11.3,5.45,4,1,MINOR,T(+)C(+)W(-),LL
QQQ,2020-03-10 13:30:00+00:00,MAX,204.11,LH,True,5.45,-13.13,1,2,NORMAL,T(+)C(+)W(-),LH
QQQ,2020-03-12 13:30:00+00:00,MIN,177.32,LL,True,-13.13,8.47,2,1,NORMAL,T(+)C(-)W(-),LL
QQQ,2020-03-13 13:30:00+00:00,MAX,192.34,LH,True,8.47,-11.98,1,3,NORMAL,T(+)C(-)W(-),LH
QQQ,2020-03-16 13:30:00+00:00,MIN,169.3,LL,True,-11.98,7.58,3,1,NORMAL,T(+)C(-)W(-),LL
QQQ,2020-03-17 13:30:00+00:00,MAX,182.14,LH,True,7.58,-6.41,1,6,MINOR,T(+)C(-)W(-),LH
QQQ,2020-03-23 13:30:00+00:00,MIN,170.46,HL,True,-6.41,12.66,6,7,NORMAL,T(+)C(-)W(-),LL_TO_HL
QQQ,2020-03-30 13:30:00+00:00,MAX,192.04,HH,True,12.66,-5.07,7,2,MINOR,T(+)C(-)W(-),HH
QQQ,2020-04-01 13:30:00+00:00,MIN,182.31,HL,True,-5.07,66.07,2,154,EXTREME,T(+)C(-)W(-),HL
QQQ,2020-09-02 13:30:00+00:00,MAX,302.76,HH,True,66.07,-12.75,154,21,NORMAL,T(+)C(+)W(+),HH
QQQ,2020-09-23 13:30:00+00:00,MIN,264.16,HL,True,-12.75,11.5,21,19,NORMAL,T(+)C(+)W(-),HL
QQQ,2020-10-12 13:30:00+00:00,MAX,294.53,LH,True,11.5,-8.54,19,18,NORMAL,T(+)C(+)W(+),HH_TO_LH
QQQ,2020-10-30 13:30:00+00:00,MIN,269.38,HL,True,-8.54,24.9,18,105,MAJOR,T(+)C(+)W(-),HL
QQQ,2021-02-12 14:30:00+00:00,MAX,336.45,HH,True,24.9,-10.85,105,24,NORMAL,T(+)C(+)W(+),HH
QQQ,2021-03-08 14:30:00+00:00,MIN,299.94,HL,True,-10.85,14.03,24,38,NORMAL,T(+)C(+)W(-),HL
QQQ,2021-04-16 13:30:00+00:00,MAX,342.01,HH,True,14.03,-7.34,38,26,NORMAL,T(+)C(+)W(+),HH
QQQ,2021-05-12 13:30:00+00:00,MIN,316.89,HL,True,-7.34,20.58,26,118,MAJOR,T(+)C(+)W(-),HL
QQQ,2021-09-07 13:30:00+00:00,MAX,382.11,HH,True,20.58,-7.72,118,27,NORMAL,T(+)C(+)W(+),HH
QQQ,2021-10-04 13:30:00+00:00,MIN,352.62,HL,True,-7.72,14.57,27,46,NORMAL,T(+)C(+)W(-),HL
QQQ,2021-11-19 14:30:00+00:00,MAX,403.99,HH,True,14.57,-5.77,46,31,MINOR,T(+)C(+)W(+),HH
QQQ,2021-12-20 14:30:00+00:00,MIN,380.69,HL,True,-5.77,5.99,31,7,MINOR,T(+)C(+)W(-),HL
QQQ,2021-12-27 14:30:00+00:00,MAX,403.48,LH,True,5.99,-15.46,7,31,MAJOR,T(+)C(+)W(+),HH_TO_LH
QQQ,2022-01-27 14:30:00+00:00,MIN,341.1,LL,True,-15.46,8.03,31,6,NORMAL,T(+)C(-)W(-),LL
QQQ,2022-02-02 14:30:00+00:00,MAX,368.49,LH,True,8.03,-10.6,6,21,NORMAL,T(+)C(-)W(-),LH
QQQ,2022-02-23 14:30:00+00:00,MIN,329.42,LL,True,-10.6,5.4,21,7,MINOR,T(+)C(-)W(-),LL
QQQ,2022-03-02 14:30:00+00:00,MAX,347.22,LH,True,5.4,-8.37,7,11,NORMAL,T(+)C(-)W(-),LH
QQQ,2022-03-14 13:30:00+00:00,MIN,318.17,LL,True,-8.37,16.66,11,15,MAJOR,T(+)C(-)W(-),LL
QQQ,2022-03-29 13:30:00+00:00,MAX,371.19,HH,True,16.66,-15.61,15,31,MAJOR,T(+)C(-)W(+),HH
QQQ,2022-04-29 13:30:00+00:00,MIN,313.25,LL,True,-15.61,5.22,31,5,MINOR,T(-)C(-)W(-),LL
QQQ,2022-05-04 13:30:00+00:00,MAX,329.6,LH,True,5.22,-11.67,5,8,NORMAL,T(-)C(-)W(-),HH_TO_LH
QQQ,2022-05-12 13:30:00+00:00,MIN,291.15,LL,True,-11.67,5.16,8,5,MINOR,T(-)C(-)W(-),LL
QQQ,2022-05-17 13:30:00+00:00,MAX,306.17,LH,True,5.16,-6.18,5,7,MINOR,T(-)C(-)W(-),LH
QQQ,2022-05-24 13:30:00+00:00,MIN,287.24,LL,True,-6.18,9.45,7,9,NORMAL,T(-)C(-)W(-),LL
QQQ,2022-06-02 13:30:00+00:00,MAX,314.38,HH,True,9.45,-13.67,9,14,NORMAL,T(-)C(-)W(-),HH
QQQ,2022-06-16 13:30:00+00:00,MIN,271.39,LL,True,-13.67,22.72,14,60,MAJOR,T(-)C(-)W(-),LL
QQQ,2022-08-15 13:30:00+00:00,MAX,333.06,HH,True,22.72,-12.01,60,22,NORMAL,T(-)C(+)W(+),HH
QQQ,2022-09-06 13:30:00+00:00,MIN,293.05,HL,True,-12.01,6.04,22,6,MINOR,T(-)C(+)W(-),LL_TO_HL
QQQ,2022-09-12 13:30:00+00:00,MAX,310.74,LH,True,6.04,-13.99,6,18,NORMAL,T(-)C(+)W(-),HH_TO_LH
QQQ,2022-09-30 13:30:00+00:00,MIN,267.26,LL,True,-13.99,5.56,18,4,MINOR,T(-)C(-)W(-),LL
QQQ,2022-10-04 13:30:00+00:00,MAX,282.13,LH,True,5.56,-7.58,4,10,NORMAL,T(-)C(-)W(-),LH
QQQ,2022-10-14 13:30:00+00:00,MIN,260.74,LL,True,-7.58,9.0,10,11,NORMAL,T(-)C(-)W(-),LL
QQQ,2022-10-25 13:30:00+00:00,MAX,284.21,HH,True,9.0,-8.35,11,9,NORMAL,T(-)C(-)W(-),HH
QQQ,2022-11-03 13:30:00+00:00,MIN,260.49,LL,True,-8.35,12.76,9,28,NORMAL,T(-)C(-)W(+),LL
QQQ,2022-12-01 14:30:00+00:00,MAX,293.72,HH,True,12.76,-11.45,28,27,NORMAL,T(-)C(-)W(+),HH
QQQ,2022-12-28 14:30:00+00:00,MIN,260.1,LL,True,-11.45,19.85,27,36,MAJOR,T(-)C(+)W(-),LL
QQQ,2023-02-02 14:30:00+00:00,MAX,311.72,HH,True,19.85,-7.43,36,36,NORMAL,T(-)C(+)W(+),HH
QQQ,2023-03-10 14:30:00+00:00,MIN,288.55,HL,True,-7.43,33.68,36,129,EXTREME,T(-)C(+)W(-),LL_TO_HL
QQQ,2023-07-18 13:30:00+00:00,MAX,385.74,HH,True,33.68,-7.16,129,31,NORMAL,T(+)C(+)W(+),HH
QQQ,2023-08-18 13:30:00+00:00,MIN,358.13,HL,True,-7.16,5.57,31,18,MINOR,T(+)C(+)W(-),HL
QQQ,2023-09-05 13:30:00+00:00,MAX,378.07,LH,True,5.57,-9.1,18,51,NORMAL,T(+)C(+)W(+),HH_TO_LH
QQQ,2023-10-26 13:30:00+00:00,MIN,343.66,LL,True,-9.1,29.89,51,148,MAJOR,T(+)C(-)W(-),LL
QQQ,2024-03-22 13:30:00+00:00,MAX,446.38,HH,True,29.89,-7.11,148,28,NORMAL,T(+)C(+)W(+),HH
QQQ,2024-04-19 13:30:00+00:00,MIN,414.65,HL,True,-7.11,21.3,28,82,MAJOR,T(+)C(+)W(-),LL_TO_HL
QQQ,2024-07-10 13:30:00+00:00,MAX,502.96,HH,True,21.3,-13.56,82,28,NORMAL,T(+)C(+)W(+),HH
QQQ,2024-08-07 13:30:00+00:00,MIN,434.77,HL,True,-13.56,10.98,28,14,NORMAL,T(+)C(+)W(-),HL
QQQ,2024-08-21 13:30:00+00:00,MAX,482.5,LH,True,10.98,-7.01,14,16,NORMAL,T(+)C(-)W(+),HH_TO_LH
QQQ,2024-09-06 13:30:00+00:00,MIN,448.69,HL,True,-7.01,19.94,16,101,MAJOR,T(+)C(-)W(+),HL
QQQ,2024-12-16 14:30:00+00:00,MAX,538.17,HH,True,19.94,-6.15,101,29,MINOR,T(+)C(+)W(+),HH
QQQ,2025-01-14 14:30:00+00:00,MIN,505.08,HL,True,-6.15,6.82,29,36,MINOR,T(+)C(+)W(-),HL
QQQ,2025-02-19 14:30:00+00:00,MAX,539.52,HH,True,6.82,-13.19,36,21,NORMAL,T(+)C(+)W(+),HH
QQQ,2025-03-13 13:30:00+00:00,MIN,468.34,LL,True,-13.19,5.36,21,12,MINOR,T(+)C(-)W(-),LL
QQQ,2025-03-25 13:30:00+00:00,MAX,493.46,LH,True,5.36,-15.69,12,14,MAJOR,T(+)C(-)W(-),HH_TO_LH
QQQ,2025-04-08 13:30:00+00:00,MIN,416.06,LL,True,-15.69,12.0,14,1,NORMAL,T(+)C(-)W(-),LL
QQQ,2025-04-09 13:30:00+00:00,MAX,466.0,LH,True,12.0,-7.06,1,12,NORMAL,T(+)C(-)W(-),LH
QQQ,2025-04-21 13:30:00+00:00,MIN,433.11,HL,True,-7.06,46.79,12,191,EXTREME,T(+)C(-)W(-),LL_TO_HL
QQQ,2025-10-29 13:30:00+00:00,MAX,635.77,HH,True,46.79,-7.88,191,22,NORMAL,T(+)C(+)W(+),HH
QQQ,2025-11-20 14:30:00+00:00,MIN,585.67,HL,True,-7.88,8.12,22,69,NORMAL,T(+)C(+)W(-),HL
QQQ,2026-01-28 14:30:00+00:00,MAX,633.22,LH,True,8.12,-11.83,69,60,NORMAL,T(+)C(+)W(+),HH_TO_LH
QQQ,2026-03-30 13:30:00+00:00,MIN,558.28,LL,True,-11.83,0.0,60,0,MINOR,T(+)C(-)W(-),LL
SPY,1993-03-08 14:30:00+00:00,MAX,45.75,HH,True,0.0,-5.12,0,48,MINOR,UNKNOWN,HH
SPY,1993-04-26 13:30:00+00:00,MIN,43.40625,LL,True,-5.12,11.23,48,282,NORMAL,UNKNOWN,LL
SPY,1994-02-02 14:30:00+00:00,MAX,48.28125,HH,True,11.23,-9.06,282,60,NORMAL,UNKNOWN,HH
SPY,1994-04-04 13:30:00+00:00,MIN,43.90625,HL,True,-9.06,5.98,60,71,MINOR,T(+)C(-)W(-),LL_TO_HL
SPY,1994-06-14 13:30:00+00:00,MAX,46.53125,LH,True,5.98,-5.31,71,10,MINOR,T(+)C(+)W(+),HH_TO_LH
SPY,1994-06-24 13:30:00+00:00,MIN,44.0625,HL,True,-5.31,8.44,10,67,NORMAL,T(-)C(+)W(-),HL
SPY,1994-08-30 13:30:00+00:00,MAX,47.78125,HH,True,8.44,-5.3,67,37,MINOR,T(-)C(+)W(+),HH
SPY,1994-10-06 13:30:00+00:00,MIN,45.25,HL,True,-5.3,5.32,37,22,MINOR,T(-)C(+)W(-),HL
SPY,1994-10-28 13:30:00+00:00,MAX,47.65625,LH,True,5.32,-5.84,22,41,MINOR,T(-)C(-)W(+),HH_TO_LH
SPY,1994-12-08 14:30:00+00:00,MIN,44.875,LL,True,-5.84,47.81,41,431,EXTREME,T(-)C(-)W(-),LL
SPY,1996-02-12 14:30:00+00:00,MAX,66.32812,HH,True,47.81,-5.14,431,58,MINOR,T(+)C(+)W(+),HH
SPY,1996-04-11 13:30:00+00:00,MIN,62.92187,HL,True,-5.14,8.37,58,41,NORMAL,T(+)C(+)W(-),LL_TO_HL
SPY,1996-05-22 13:30:00+00:00,MAX,68.1875,HH,True,8.37,-8.11,41,54,NORMAL,T(+)C(+)W(+),HH
SPY,1996-07-15 13:30:00+00:00,MIN,62.65625,LL,True,-8.11,30.67,54,218,EXTREME,T(+)C(+)W(-),LL
SPY,1997-02-18 14:30:00+00:00,MAX,81.875,HH,True,30.67,-10.38,218,51,NORMAL,T(+)C(+)W(+),HH
SPY,1997-04-11 13:30:00+00:00,MIN,73.375,HL,True,-10.38,30.88,51,117,EXTREME,T(+)C(-)W(-),LL_TO_HL
SPY,1997-08-06 13:30:00+00:00,MAX,96.03125,HH,True,30.88,-6.51,117,9,MINOR,T(+)C(+)W(+),HH
SPY,1997-08-15 13:30:00+00:00,MIN,89.78125,HL,True,-6.51,9.36,9,53,NORMAL,T(+)C(+)W(-),HL
SPY,1997-10-07 13:30:00+00:00,MAX,98.1875,HH,True,9.36,-11.2,53,20,NORMAL,T(+)C(+)W(+),HH
SPY,1997-10-27 14:30:00+00:00,MIN,87.1875,LL,True,-11.2,13.48,20,39,NORMAL,T(+)C(+)W(-),LL
SPY,1997-12-05 14:30:00+00:00,MAX,98.9375,HH,True,13.48,-6.7,39,35,MINOR,T(+)C(+)W(+),HH
SPY,1998-01-09 14:30:00+00:00,MIN,92.3125,HL,True,-6.7,28.44,35,188,MAJOR,T(+)C(+)W(-),LL_TO_HL
SPY,1998-07-17 13:30:00+00:00,MAX,118.5625,HH,True,28.44,-19.03,188,45,MAJOR,T(+)C(+)W(+),HH
SPY,1998-08-31 13:30:00+00:00,MIN,96.0,HL,True,-19.03,11.46,45,23,NORMAL,T(+)C(-)W(-),HL
SPY,1998-09-23 13:30:00+00:00,MAX,107.0,LH,True,11.46,-9.73,23,15,NORMAL,T(+)C(-)W(-),HH_TO_LH
SPY,1998-10-08 13:30:00+00:00,MIN,96.59375,HL,True,-9.73,32.25,15,92,EXTREME,T(+)C(-)W(-),HL
SPY,1999-01-08 14:30:00+00:00,MAX,127.75,HH,True,32.25,-5.11,92,6,MINOR,T(+)C(+)W(+),HH
SPY,1999-01-14 14:30:00+00:00,MIN,121.21875,HL,True,-5.11,13.3,6,118,NORMAL,T(+)C(+)W(+),HL
SPY,1999-05-13 13:30:00+00:00,MAX,137.34375,HH,True,13.3,-6.39,118,14,MINOR,T(+)C(+)W(+),HH
SPY,1999-05-27 13:30:00+00:00,MIN,128.5625,HL,True,-6.39,10.31,14,50,NORMAL,T(+)C(+)W(-),HL
SPY,1999-07-16 13:30:00+00:00,MAX,141.8125,HH,True,10.31,-9.28,50,25,NORMAL,T(+)C(+)W(+),HH
SPY,1999-08-10 13:30:00+00:00,MIN,128.65625,HL,True,-9.28,7.55,25,15,NORMAL,T(+)C(+)W(-),HL
SPY,1999-08-25 13:30:00+00:00,MAX,138.375,LH,True,7.55,-8.36,15,35,NORMAL,T(+)C(+)W(+),HH_TO_LH
SPY,1999-09-29 13:30:00+00:00,MIN,126.8125,LL,True,-8.36,5.57,35,9,MINOR,T(+)C(-)W(-),LL
SPY,1999-10-08 13:30:00+00:00,MAX,133.875,LH,True,5.57,-6.72,9,7,MINOR,T(+)C(-)W(-),LH
SPY,1999-10-15 13:30:00+00:00,MIN,124.875,LL,True,-6.72,17.62,7,77,MAJOR,T(+)C(-)W(-),LL
SPY,1999-12-31 14:30:00+00:00,MAX,146.875,HH,True,17.62,-6.21,77,6,MINOR,T(+)C(+)W(+),HH
SPY,2000-01-06 14:30:00+00:00,MIN,137.75,HL,True,-6.21,6.69,6,8,MINOR,T(+)C(+)W(+),LL_TO_HL
SPY,2000-01-14 14:30:00+00:00,MAX,146.96875,HH,True,6.69,-7.55,8,14,NORMAL,T(+)C(+)W(+),HH
SPY,2000-01-28 14:30:00+00:00,MIN,135.875,LL,True,-7.55,6.21,14,11,MINOR,T(+)C(+)W(-),LL
SPY,2000-02-08 14:30:00+00:00,MAX,144.3125,LH,True,6.21,-7.61,11,17,NORMAL,T(+)C(+)W(-),HH_TO_LH
SPY,2000-02-25 14:30:00+00:00,MIN,133.32812,LL,True,-7.61,15.18,17,28,MAJOR,T(+)C(-)W(-),LL
SPY,2000-03-24 14:30:00+00:00,MAX,153.5625,HH,True,15.18,-9.89,28,20,NORMAL,T(+)C(-)W(+),HH
SPY,2000-04-14 13:30:00+00:00,MIN,138.375,HL,True,-9.89,7.07,20,11,NORMAL,T(+)C(+)W(-),LL_TO_HL
SPY,2000-04-25 13:30:00+00:00,MAX,148.15625,LH,True,7.07,-6.77,11,15,MINOR,T(+)C(+)W(-),HH_TO_LH
SPY,2000-05-10 13:30:00+00:00,MIN,138.125,LL,True,-6.77,6.11,15,6,MINOR,T(+)C(+)W(-),LL
SPY,2000-05-16 13:30:00+00:00,MAX,146.5625,LH,True,6.11,-5.95,6,9,MINOR,T(+)C(+)W(-),LH
SPY,2000-05-25 13:30:00+00:00,MIN,137.84375,LL,True,-5.95,9.73,9,50,NORMAL,T(+)C(-)W(-),LL
SPY,2000-07-14 13:30:00+00:00,MAX,151.25,HH,True,9.73,-6.05,50,14,MINOR,T(+)C(+)W(+),HH
SPY,2000-07-28 13:30:00+00:00,MIN,142.09375,HL,True,-6.05,7.24,14,35,NORMAL,T(+)C(+)W(+),LL_TO_HL
SPY,2000-09-01 13:30:00+00:00,MAX,152.375,HH,True,7.24,-12.63,35,41,NORMAL,T(+)C(+)W(+),HH
SPY,2000-10-12 13:30:00+00:00,MIN,133.125,LL,True,-12.63,8.0,41,25,NORMAL,T(+)C(-)W(-),LL
SPY,2000-11-06 14:30:00+00:00,MAX,143.78125,LH,True,8.0,-12.19,25,44,NORMAL,T(+)C(-)W(+),HH_TO_LH
SPY,2000-12-20 14:30:00+00:00,MIN,126.25,LL,True,-12.19,9.25,44,43,NORMAL,T(-)C(-)W(-),LL
SPY,2001-02-01 14:30:00+00:00,MAX,137.92999,LH,True,9.25,-19.44,43,49,MAJOR,T(-)C(-)W(+),LH
SPY,2001-03-22 14:30:00+00:00,MIN,111.12,LL,True,-19.44,6.47,49,5,MINOR,T(-)C(-)W(-),LL
SPY,2001-03-27 14:30:00+00:00,MAX,118.31,LH,True,6.47,-6.69,5,6,MINOR,T(-)C(-)W(-),LH
SPY,2001-04-03 13:30:00+00:00,MIN,110.39,LL,True,-6.69,19.26,6,48,MAJOR,T(-)C(-)W(-),LL
SPY,2001-05-21 13:30:00+00:00,MAX,131.64999,HH,True,19.26,-26.11,48,123,MAJOR,T(-)C(+)W(+),HH
SPY,2001-09-21 13:30:00+00:00,MIN,97.28,LL,True,-26.11,20.91,123,105,MAJOR,T(-)C(-)W(-),LL
SPY,2002-01-04 14:30:00+00:00,MAX,117.62,LH,True,20.91,-8.16,105,34,NORMAL,T(-)C(+)W(+),HH_TO_LH
SPY,2002-02-07 14:30:00+00:00,MIN,108.02,HL,True,-8.16,8.73,34,40,NORMAL,T(-)C(-)W(-),LL_TO_HL
SPY,2002-03-19 14:30:00+00:00,MAX,117.45,LH,True,8.73,-10.52,40,48,NORMAL,T(-)C(-)W(+),LH
SPY,2002-05-07 13:30:00+00:00,MIN,105.10001,LL,True,-10.52,5.52,48,10,MINOR,T(-)C(-)W(-),LL
SPY,2002-05-17 13:30:00+00:00,MAX,110.89999,LH,True,5.52,-27.91,10,67,MAJOR,T(-)C(-)W(-),LH
SPY,2002-07-23 13:30:00+00:00,MIN,79.95,LL,True,-27.91,14.02,67,8,NORMAL,T(-)C(-)W(-),LL
SPY,2002-07-31 13:30:00+00:00,MAX,91.16,LH,True,14.02,-8.11,8,5,NORMAL,T(-)C(-)W(-),LH
SPY,2002-08-05 13:30:00+00:00,MIN,83.77,HL,True,-8.11,15.41,5,17,MAJOR,T(-)C(-)W(-),LL_TO_HL
SPY,2002-08-22 13:30:00+00:00,MAX,96.67999,HH,True,15.41,-19.22,17,48,MAJOR,T(-)C(-)W(+),HH
SPY,2002-10-09 13:30:00+00:00,MIN,78.10001,LL,True,-19.22,19.13,48,28,MAJOR,T(-)C(-)W(-),LL
SPY,2002-11-06 14:30:00+00:00,MAX,93.03999,LH,True,19.13,-5.14,28,5,MINOR,T(-)C(-)W(+),HH_TO_LH
SPY,2002-11-11 14:30:00+00:00,MIN,88.25999,HL,True,-5.14,6.82,5,16,MINOR,T(-)C(-)W(+),LL_TO_HL
SPY,2002-11-27 14:30:00+00:00,MAX,94.28,HH,True,6.82,-7.32,16,30,NORMAL,T(-)C(+)W(+),HH
SPY,2002-12-27 14:30:00+00:00,MIN,87.38,LL,True,-7.32,6.81,30,18,MINOR,T(-)C(+)W(-),LL
SPY,2003-01-14 14:30:00+00:00,MAX,93.33,LH,True,6.81,-13.73,18,56,NORMAL,T(-)C(+)W(+),HH_TO_LH
SPY,2003-03-11 14:30:00+00:00,MIN,80.52,LL,True,-13.73,11.36,56,10,NORMAL,T(-)C(-)W(-),LL
SPY,2003-03-21 14:30:00+00:00,MAX,89.67,LH,True,11.36,-5.5,10,10,MINOR,T(-)C(-)W(+),LH
SPY,2003-03-31 14:30:00+00:00,MIN,84.74001,HL,True,-5.5,19.97,10,76,MAJOR,T(-)C(-)W(+),LL_TO_HL
SPY,2003-06-16 13:30:00+00:00,MAX,101.66,HH,True,19.97,-5.15,76,50,MINOR,T(+)C(+)W(+),HH
SPY,2003-08-05 13:30:00+00:00,MIN,96.42,HL,True,-5.15,20.7,50,213,MAJOR,T(+)C(+)W(-),HL
SPY,2004-03-05 14:30:00+00:00,MAX,116.38,HH,True,20.7,-5.95,213,18,MINOR,T(+)C(+)W(+),HH
SPY,2004-03-23 14:30:00+00:00,MIN,109.46001,HL,True,-5.95,5.31,18,12,MINOR,T(+)C(+)W(-),HL
SPY,2004-04-05 13:30:00+00:00,MAX,115.27,LH,True,5.31,-5.59,12,35,MINOR,T(+)C(-)W(+),HH_TO_LH
SPY,2004-05-10 13:30:00+00:00,MIN,108.83,LL,True,-5.59,5.54,35,29,MINOR,T(+)C(-)W(-),LL
SPY,2004-06-08 13:30:00+00:00,MAX,114.86,LH,True,5.54,-6.97,29,59,MINOR,T(+)C(-)W(+),LH
SPY,2004-08-06 13:30:00+00:00,MIN,106.85001,LL,True,-6.97,14.92,59,213,NORMAL,T(+)C(-)W(-),LL
SPY,2005-03-07 14:30:00+00:00,MAX,122.78999,HH,True,14.92,-7.32,213,43,NORMAL,T(+)C(+)W(+),HH
SPY,2005-04-20 13:30:00+00:00,MIN,113.8,HL,True,-7.32,9.6,43,105,NORMAL,T(+)C(-)W(-),LL_TO_HL
SPY,2005-08-03 13:30:00+00:00,MAX,124.72,HH,True,9.6,-5.85,105,71,MINOR,T(+)C(+)W(+),HH
SPY,2005-10-13 13:30:00+00:00,MIN,117.42999,HL,True,-5.85,12.94,71,208,NORMAL,T(+)C(-)W(-),HL
SPY,2006-05-09 13:30:00+00:00,MAX,132.62,HH,True,12.94,-7.59,208,35,NORMAL,T(+)C(+)W(+),HH
SPY,2006-06-13 13:30:00+00:00,MIN,122.55,HL,True,-7.59,19.17,35,252,MAJOR,T(+)C(-)W(-),HL
SPY,2007-02-20 14:30:00+00:00,MAX,146.03999,HH,True,19.17,-5.95,252,13,MINOR,T(+)C(+)W(+),HH
SPY,2007-03-05 14:30:00+00:00,MIN,137.35001,HL,True,-5.95,12.9,13,135,NORMAL,T(+)C(+)W(-),HL
SPY,2007-07-19 13:30:00+00:00,MAX,155.07001,HH,True,12.9,-9.05,135,27,NORMAL,T(+)C(+)W(+),HH
SPY,2007-08-15 13:30:00+00:00,MIN,141.03999,HL,True,-9.05,10.95,27,55,NORMAL,T(+)C(-)W(-),HL
SPY,2007-10-09 13:30:00+00:00,MAX,156.48,HH,True,10.95,-9.92,55,48,NORMAL,T(+)C(+)W(+),HH
SPY,2007-11-26 14:30:00+00:00,MIN,140.95,LL,True,-9.92,7.9,48,14,NORMAL,T(+)C(-)W(-),LL
SPY,2007-12-10 14:30:00+00:00,MAX,152.08,LH,True,7.9,-14.05,14,43,NORMAL,T(+)C(-)W(+),HH_TO_LH
SPY,2008-01-22 14:30:00+00:00,MIN,130.72,LL,True,-14.05,6.78,43,10,MINOR,T(+)C(-)W(-),LL
SPY,2008-02-01 14:30:00+00:00,MAX,139.58,LH,True,6.78,-8.3,10,37,NORMAL,T(-)C(-)W(-),LH
SPY,2008-03-10 13:30:00+00:00,MIN,128.0,LL,True,-8.3,11.76,37,70,NORMAL,T(-)C(-)W(-),LL
SPY,2008-05-19 13:30:00+00:00,MAX,143.05,HH,True,11.76,-15.42,70,57,MAJOR,T(-)C(+)W(+),HH
SPY,2008-07-15 13:30:00+00:00,MIN,120.99001,LL,True,-15.42,8.03,57,27,NORMAL,T(-)C(-)W(-),LL
SPY,2008-08-11 13:30:00+00:00,MAX,130.71001,LH,True,8.03,-10.79,27,37,NORMAL,T(-)C(-)W(+),HH_TO_LH
SPY,2008-09-17 13:30:00+00:00,MIN,116.61,LL,True,-10.79,6.44,37,2,MINOR,T(-)C(-)W(-),LL
SPY,2008-09-19 13:30:00+00:00,MAX,124.12,LH,True,6.44,-28.7,2,21,MAJOR,T(-)C(-)W(-),LH
SPY,2008-10-10 13:30:00+00:00,MIN,88.5,LL,True,-28.7,14.52,21,3,NORMAL,T(-)C(-)W(-),LL
SPY,2008-10-13 13:30:00+00:00,MAX,101.35001,LH,True,14.52,-11.18,3,2,NORMAL,T(-)C(-)W(-),LH
SPY,2008-10-15 13:30:00+00:00,MIN,90.02,HL,True,-11.18,9.76,2,5,NORMAL,T(-)C(-)W(-),LL_TO_HL
SPY,2008-10-20 13:30:00+00:00,MAX,98.81,LH,True,9.76,-15.04,5,7,MAJOR,T(-)C(-)W(-),LH
SPY,2008-10-27 13:30:00+00:00,MIN,83.95,LL,True,-15.04,19.61,7,8,MAJOR,T(-)C(-)W(-),LL
SPY,2008-11-04 14:30:00+00:00,MAX,100.41,HH,True,19.61,-14.53,8,8,NORMAL,T(-)C(-)W(-),HH
SPY,2008-11-12 14:30:00+00:00,MIN,85.82001,HL,True,-14.53,6.23,8,1,MINOR,T(-)C(-)W(-),LL_TO_HL
SPY,2008-11-13 14:30:00+00:00,MAX,91.17,LH,True,6.23,-17.24,1,7,MAJOR,T(-)C(-)W(-),HH_TO_LH
SPY,2008-11-20 14:30:00+00:00,MIN,75.45,LL,True,-17.24,19.4,7,8,MAJOR,T(-)C(-)W(-),LL
SPY,2008-11-28 14:30:00+00:00,MAX,90.09,LH,True,19.4,-8.86,8,3,NORMAL,T(-)C(-)W(-),LH
SPY,2008-12-01 14:30:00+00:00,MIN,82.11,HL,True,-8.86,11.9,3,15,NORMAL,T(-)C(-)W(-),LL_TO_HL
SPY,2008-12-16 14:30:00+00:00,MAX,91.88,HH,True,11.9,-6.23,15,7,MINOR,T(-)C(-)W(+),HH
SPY,2008-12-23 14:30:00+00:00,MIN,86.16,HL,True,-6.23,8.48,7,14,NORMAL,T(-)C(-)W(+),HL
SPY,2009-01-06 14:30:00+00:00,MAX,93.47,HH,True,8.48,-13.8,14,14,NORMAL,T(-)C(-)W(+),HH
SPY,2009-01-20 14:30:00+00:00,MIN,80.57001,LL,True,-13.8,8.46,14,8,NORMAL,T(-)C(-)W(-),LL
SPY,2009-01-28 14:30:00+00:00,MAX,87.39,LH,True,8.46,-5.5,8,5,MINOR,T(-)C(-)W(-),HH_TO_LH
SPY,2009-02-02 14:30:00+00:00,MIN,82.58,HL,True,-5.5,5.47,5,7,MINOR,T(-)C(-)W(-),LL_TO_HL
SPY,2009-02-09 14:30:00+00:00,MAX,87.10001,LH,True,5.47,-21.8,7,27,MAJOR,T(-)C(-)W(-),LH
SPY,2009-03-09 13:30:00+00:00,MIN,68.11,LL,True,-21.8,22.02,27,17,MAJOR,T(-)C(-)W(-),LL
SPY,2009-03-26 13:30:00+00:00,MAX,83.11,LH,True,22.02,-5.2,17,4,MINOR,T(-)C(-)W(+),LH
SPY,2009-03-30 13:30:00+00:00,MIN,78.78999,HL,True,-5.2,20.68,4,74,MAJOR,T(-)C(-)W(+),LL_TO_HL
SPY,2009-06-12 13:30:00+00:00,MAX,95.08,HH,True,20.68,-7.49,74,28,NORMAL,T(-)C(+)W(+),HH
SPY,2009-07-10 13:30:00+00:00,MIN,87.96001,HL,True,-7.49,24.82,28,101,MAJOR,T(-)C(+)W(-),HL
SPY,2009-10-19 13:30:00+00:00,MAX,109.78999,HH,True,24.82,-5.67,101,11,MINOR,T(+)C(+)W(+),HH
SPY,2009-10-30 13:30:00+00:00,MIN,103.56,HL,True,-5.67,11.1,11,81,NORMAL,T(+)C(+)W(+),HL
SPY,2010-01-19 14:30:00+00:00,MAX,115.06,HH,True,11.1,-7.97,81,20,NORMAL,T(+)C(+)W(+),HH
SPY,2010-02-08 14:30:00+00:00,MIN,105.89,HL,True,-7.97,15.04,20,73,MAJOR,T(+)C(-)W(-),HL
SPY,2010-04-23 13:30:00+00:00,MAX,121.8125,HH,True,15.04,-8.66,73,14,NORMAL,T(+)C(+)W(+),HH
SPY,2010-05-07 13:30:00+00:00,MIN,111.25999,HL,True,-8.66,5.56,14,5,MINOR,T(+)C(+)W(-),HL
SPY,2010-05-12 13:30:00+00:00,MAX,117.45,LH,True,5.56,-10.18,5,26,NORMAL,T(+)C(+)W(-),HH_TO_LH
SPY,2010-06-07 13:30:00+00:00,MIN,105.49001,LL,True,-10.18,6.3,26,10,MINOR,T(+)C(-)W(-),LL
SPY,2010-06-17 13:30:00+00:00,MAX,112.14,LH,True,6.3,-8.86,10,15,NORMAL,T(+)C(-)W(+),LH
SPY,2010-07-02 13:30:00+00:00,MIN,102.2,LL,True,-8.86,10.56,15,38,NORMAL,T(+)C(-)W(-),LL
SPY,2010-08-09 13:30:00+00:00,MAX,112.992,HH,True,10.56,-6.87,38,17,MINOR,T(+)C(+)W(+),HH
SPY,2010-08-26 13:30:00+00:00,MIN,105.23,HL,True,-6.87,27.84,17,176,MAJOR,T(+)C(+)W(-),LL_TO_HL
SPY,2011-02-18 14:30:00+00:00,MAX,134.53,HH,True,27.84,-6.21,176,25,MINOR,T(+)C(+)W(+),HH
SPY,2011-03-16 13:30:00+00:00,MIN,126.175,HL,True,-6.21,8.13,25,44,NORMAL,T(+)C(+)W(-),HL
SPY,2011-04-29 13:30:00+00:00,MAX,136.42999,HH,True,8.13,-7.05,44,56,NORMAL,T(+)C(+)W(+),HH
SPY,2011-06-24 13:30:00+00:00,MIN,126.81,HL,True,-7.05,6.74,56,13,MINOR,T(+)C(-)W(-),HL
SPY,2011-07-07 13:30:00+00:00,MAX,135.36,LH,True,6.74,-17.07,13,32,MAJOR,T(+)C(-)W(+),HH_TO_LH
SPY,2011-08-08 13:30:00+00:00,MIN,112.25999,LL,True,-17.07,7.45,32,7,NORMAL,T(+)C(-)W(-),LL
SPY,2011-08-15 13:30:00+00:00,MAX,120.62,LH,True,7.45,-6.62,7,4,MINOR,T(+)C(-)W(-),LH
SPY,2011-08-19 13:30:00+00:00,MIN,112.64,HL,True,-6.62,8.5,4,12,NORMAL,T(+)C(-)W(-),LL_TO_HL
SPY,2011-08-31 13:30:00+00:00,MAX,122.22,HH,True,8.5,-10.06,12,33,NORMAL,T(+)C(-)W(+),HH
SPY,2011-10-03 13:30:00+00:00,MIN,109.92999,LL,True,-10.06,17.01,33,24,MAJOR,T(-)C(-)W(-),LL
SPY,2011-10-27 13:30:00+00:00,MAX,128.63,HH,True,17.01,-9.55,24,29,NORMAL,T(-)C(+)W(+),HH
SPY,2011-11-25 14:30:00+00:00,MIN,116.34,HL,True,-9.55,8.93,29,12,NORMAL,T(-)C(+)W(-),LL_TO_HL
SPY,2011-12-07 14:30:00+00:00,MAX,126.73,LH,True,8.93,-5.08,12,12,MINOR,T(-)C(+)W(-),HH_TO_LH
SPY,2011-12-19 14:30:00+00:00,MIN,120.28999,HL,True,-5.08,17.92,12,104,MAJOR,T(-)C(+)W(+),HL
SPY,2012-04-02 13:30:00+00:00,MAX,141.84,HH,True,17.92,-9.69,104,63,NORMAL,T(+)C(+)W(+),HH
SPY,2012-06-04 13:30:00+00:00,MIN,128.10001,HL,True,-9.69,14.94,63,102,NORMAL,T(+)C(-)W(-),HL
SPY,2012-09-14 13:30:00+00:00,MAX,147.24001,HH,True,14.94,-7.84,102,62,NORMAL,T(+)C(+)W(+),HH
SPY,2012-11-15 14:30:00+00:00,MIN,135.7,HL,True,-7.84,23.19,62,186,MAJOR,T(+)C(-)W(-),HL
SPY,2013-05-21 13:30:00+00:00,MAX,167.17,HH,True,23.19,-6.05,186,34,MINOR,T(+)C(+)W(+),HH
SPY,2013-06-24 13:30:00+00:00,MIN,157.06,HL,True,-6.05,17.59,34,190,MAJOR,T(+)C(+)W(-),HL
SPY,2013-12-31 14:30:00+00:00,MAX,184.69,HH,True,17.59,-5.7,190,34,MINOR,T(+)C(+)W(+),HH
SPY,2014-02-03 14:30:00+00:00,MIN,174.17,HL,True,-5.7,15.88,34,226,MAJOR,T(+)C(+)W(-),HL
SPY,2014-09-18 13:30:00+00:00,MAX,201.82,HH,True,15.88,-7.7,226,28,NORMAL,T(+)C(+)W(+),HH
SPY,2014-10-16 13:30:00+00:00,MIN,186.27,HL,True,-7.7,14.62,28,217,NORMAL,T(+)C(-)W(-),HL
SPY,2015-05-21 13:30:00+00:00,MAX,213.5,HH,True,14.62,-12.29,217,96,NORMAL,T(+)C(+)W(+),HH
SPY,2015-08-25 13:30:00+00:00,MIN,187.27,HL,True,-12.29,6.89,96,22,MINOR,T(+)C(-)W(-),HL
SPY,2015-09-16 13:30:00+00:00,MAX,200.18,LH,True,6.89,-6.08,22,12,MINOR,T(+)C(-)W(-),HH_TO_LH
SPY,2015-09-28 13:30:00+00:00,MIN,188.01,HL,True,-6.08,12.23,12,36,NORMAL,T(+)C(-)W(-),HL
SPY,2015-11-03 14:30:00+00:00,MAX,211.0,HH,True,12.23,-13.34,36,100,NORMAL,T(-)C(+)W(+),HH
SPY,2016-02-11 14:30:00+00:00,MIN,182.86,LL,True,-13.34,16.14,100,117,MAJOR,T(-)C(-)W(-),LL
SPY,2016-06-08 13:30:00+00:00,MAX,212.37,HH,True,16.14,-6.01,117,19,MINOR,T(-)C(+)W(+),HH
SPY,2016-06-27 13:30:00+00:00,MIN,199.6,HL,True,-6.01,43.58,19,578,EXTREME,T(+)C(+)W(-),LL_TO_HL
SPY,2018-01-26 14:30:00+00:00,MAX,286.58,HH,True,43.58,-10.1,578,13,NORMAL,T(+)C(+)W(+),HH
SPY,2018-02-08 14:30:00+00:00,MIN,257.63,HL,True,-10.1,8.24,13,29,NORMAL,T(+)C(+)W(-),HL
SPY,2018-03-09 14:30:00+00:00,MAX,278.87,LH,True,8.24,-7.67,29,23,NORMAL,T(+)C(+)W(+),HH_TO_LH
SPY,2018-04-02 13:30:00+00:00,MIN,257.47,LL,True,-7.67,14.02,23,171,NORMAL,T(+)C(-)W(-),LL
SPY,2018-09-20 13:30:00+00:00,MAX,293.58,HH,True,14.02,-10.12,171,39,NORMAL,T(+)C(+)W(+),HH
SPY,2018-10-29 13:30:00+00:00,MIN,263.86,HL,True,-10.12,6.5,39,9,MINOR,T(+)C(-)W(-),LL_TO_HL
SPY,2018-11-07 14:30:00+00:00,MAX,281.01,LH,True,6.5,-6.32,9,16,MINOR,T(+)C(-)W(-),HH_TO_LH
SPY,2018-11-23 14:30:00+00:00,MIN,263.25,LL,True,-6.32,6.1,16,10,MINOR,T(+)C(-)W(-),LL
SPY,2018-12-03 14:30:00+00:00,MAX,279.3,LH,True,6.1,-16.1,10,21,MAJOR,T(+)C(-)W(-),LH
SPY,2018-12-24 14:30:00+00:00,MIN,234.34,LL,True,-16.1,25.47,21,129,MAJOR,T(+)C(-)W(-),LL
SPY,2019-05-03 13:30:00+00:00,MAX,294.03,HH,True,25.47,-6.62,129,31,MINOR,T(-)C(+)W(+),HH
SPY,2019-06-03 13:30:00+00:00,MIN,274.57,HL,True,-6.62,9.99,31,53,NORMAL,T(+)C(+)W(-),LL_TO_HL
SPY,2019-07-26 13:30:00+00:00,MAX,302.01,HH,True,9.99,-6.02,53,10,MINOR,T(+)C(+)W(+),HH
SPY,2019-08-05 13:30:00+00:00,MIN,283.82,HL,True,-6.02,19.21,10,198,MAJOR,T(+)C(+)W(-),HL
SPY,2020-02-19 14:30:00+00:00,MAX,338.34,HH,True,19.21,-12.44,198,9,NORMAL,T(+)C(+)W(+),HH
SPY,2020-02-28 14:30:00+00:00,MIN,296.26,HL,True,-12.44,5.6,9,5,MINOR,T(+)C(+)W(-),HL
SPY,2020-03-04 14:30:00+00:00,MAX,312.86,LH,True,5.6,-12.35,5,4,NORMAL,T(+)C(+)W(-),HH_TO_LH
SPY,2020-03-09 13:30:00+00:00,MIN,274.23,LL,True,-12.35,5.17,4,1,MINOR,T(+)C(-)W(-),LL
SPY,2020-03-10 13:30:00+00:00,MAX,288.42,LH,True,5.17,-13.98,1,2,NORMAL,T(+)C(-)W(-),LH
SPY,2020-03-12 13:30:00+00:00,MIN,248.11,LL,True,-13.98,8.55,2,1,NORMAL,T(+)C(-)W(-),LL
SPY,2020-03-13 13:30:00+00:00,MAX,269.32,LH,True,8.55,-10.94,1,3,NORMAL,T(+)C(-)W(-),LH
SPY,2020-03-16 13:30:00+00:00,MIN,239.85,LL,True,-10.94,5.4,3,1,MINOR,T(+)C(-)W(-),LL
SPY,2020-03-17 13:30:00+00:00,MAX,252.8,LH,True,5.4,-11.81,1,6,NORMAL,T(+)C(-)W(-),LH
SPY,2020-03-23 13:30:00+00:00,MIN,222.95,LL,True,-11.81,17.36,6,7,MAJOR,T(+)C(-)W(-),LL
SPY,2020-03-30 13:30:00+00:00,MAX,261.65,HH,True,17.36,-5.92,7,2,MINOR,T(+)C(-)W(-),HH
SPY,2020-04-01 13:30:00+00:00,MIN,246.15,HL,True,-5.92,31.3,2,68,EXTREME,T(+)C(-)W(-),LL_TO_HL
SPY,2020-06-08 13:30:00+00:00,MAX,323.2,HH,True,31.3,-7.16,68,18,NORMAL,T(-)C(+)W(+),HH
SPY,2020-06-26 13:30:00+00:00,MIN,300.05,HL,True,-7.16,19.21,18,68,MAJOR,T(-)C(+)W(-),HL
SPY,2020-09-02 13:30:00+00:00,MAX,357.7,HH,True,19.21,-9.8,68,21,NORMAL,T(+)C(+)W(+),HH
SPY,2020-09-23 13:30:00+00:00,MIN,322.64,HL,True,-9.8,9.23,21,19,NORMAL,T(+)C(+)W(-),HL
SPY,2020-10-12 13:30:00+00:00,MAX,352.43,LH,True,9.23,-7.35,19,18,NORMAL,T(+)C(+)W(+),HH_TO_LH
SPY,2020-10-30 13:30:00+00:00,MIN,326.54,HL,True,-7.35,38.79,18,307,EXTREME,T(+)C(-)W(-),HL
SPY,2021-09-02 13:30:00+00:00,MAX,453.19,HH,True,38.79,-5.42,307,32,MINOR,T(+)C(+)W(+),HH
SPY,2021-10-04 13:30:00+00:00,MIN,428.64,HL,True,-5.42,11.45,32,91,NORMAL,T(+)C(+)W(-),HL
SPY,2022-01-03 14:30:00+00:00,MAX,477.71,HH,True,11.45,-9.73,91,24,NORMAL,T(+)C(+)W(+),HH
SPY,2022-01-27 14:30:00+00:00,MIN,431.24,HL,True,-9.73,6.1,24,13,MINOR,T(+)C(-)W(-),HL
SPY,2022-02-09 14:30:00+00:00,MAX,457.54,LH,True,6.1,-9.02,13,27,NORMAL,T(+)C(-)W(-),HH_TO_LH
SPY,2022-03-08 14:30:00+00:00,MIN,416.25,LL,True,-9.02,10.88,27,20,NORMAL,T(+)C(-)W(-),LL
SPY,2022-03-29 13:30:00+00:00,MAX,461.55,HH,True,10.88,-15.62,20,51,MAJOR,T(+)C(-)W(+),HH
SPY,2022-05-19 13:30:00+00:00,MIN,389.46,LL,True,-15.62,7.17,51,14,NORMAL,T(-)C(-)W(-),LL
SPY,2022-06-02 13:30:00+00:00,MAX,417.39,LH,True,7.17,-12.35,14,15,NORMAL,T(-)C(-)W(-),HH_TO_LH
SPY,2022-06-17 13:30:00+00:00,MIN,365.86,LL,True,-12.35,17.45,15,60,MAJOR,T(-)C(-)W(-),LL
SPY,2022-08-16 13:30:00+00:00,MAX,429.7,HH,True,17.45,-9.06,60,21,NORMAL,T(-)C(+)W(+),HH
SPY,2022-09-06 13:30:00+00:00,MIN,390.76,HL,True,-9.06,5.17,21,6,MINOR,T(-)C(+)W(-),LL_TO_HL
SPY,2022-09-12 13:30:00+00:00,MAX,410.97,LH,True,5.17,-13.09,6,18,NORMAL,T(-)C(+)W(-),HH_TO_LH
SPY,2022-09-30 13:30:00+00:00,MIN,357.18,LL,True,-13.09,5.82,18,4,MINOR,T(-)C(-)W(-),LL
SPY,2022-10-04 13:30:00+00:00,MAX,377.97,LH,True,5.82,-5.66,4,8,MINOR,T(-)C(-)W(-),LH
SPY,2022-10-12 13:30:00+00:00,MIN,356.56,LL,True,-5.66,14.34,8,49,NORMAL,T(-)C(-)W(-),LL
SPY,2022-11-30 14:30:00+00:00,MAX,407.68,HH,True,14.34,-7.61,49,28,NORMAL,T(-)C(+)W(+),HH
SPY,2022-12-28 14:30:00+00:00,MIN,376.66,HL,True,-7.61,10.65,28,36,NORMAL,T(-)C(+)W(-),LL_TO_HL
SPY,2023-02-02 14:30:00+00:00,MAX,416.78,HH,True,10.65,-7.54,36,38,NORMAL,T(-)C(+)W(+),HH
SPY,2023-03-13 13:30:00+00:00,MIN,385.36,HL,True,-7.54,18.8,38,140,MAJOR,T(-)C(+)W(-),HL
SPY,2023-07-31 13:30:00+00:00,MAX,457.79,HH,True,18.8,-10.29,140,88,NORMAL,T(+)C(+)W(+),HH
SPY,2023-10-27 13:30:00+00:00,MIN,410.68,HL,True,-10.29,27.39,88,152,MAJOR,T(+)C(-)W(-),HL
SPY,2024-03-27 13:30:00+00:00,MAX,523.17,HH,True,27.39,-5.35,152,23,MINOR,T(+)C(+)W(+),HH
SPY,2024-04-19 13:30:00+00:00,MIN,495.16,HL,True,-5.35,14.08,23,88,NORMAL,T(+)C(+)W(-),HL
SPY,2024-07-16 13:30:00+00:00,MAX,564.86,HH,True,14.08,-8.41,88,20,NORMAL,T(+)C(+)W(+),HH
SPY,2024-08-05 13:30:00+00:00,MIN,517.38,HL,True,-8.41,18.47,20,198,MAJOR,T(+)C(+)W(-),HL
SPY,2025-02-19 14:30:00+00:00,MAX,612.93,HH,True,18.47,-19.0,198,47,MAJOR,T(+)C(+)W(+),HH
SPY,2025-04-08 13:30:00+00:00,MIN,496.48,LL,True,-19.0,10.5,47,1,NORMAL,T(+)C(-)W(-),LL
SPY,2025-04-09 13:30:00+00:00,MAX,548.62,LH,True,10.5,-6.33,1,12,MINOR,T(+)C(-)W(-),HH_TO_LH
SPY,2025-04-21 13:30:00+00:00,MIN,513.88,HL,True,-6.33,33.76,12,191,EXTREME,T(+)C(-)W(-),LL_TO_HL
SPY,2025-10-29 13:30:00+00:00,MAX,687.39,HH,True,33.76,-5.07,191,22,MINOR,T(+)C(+)W(+),HH
SPY,2025-11-20 14:30:00+00:00,MIN,652.53,HL,True,-5.07,6.58,22,68,MINOR,T(+)C(+)W(-),HL
SPY,2026-01-27 14:30:00+00:00,MAX,695.49,HH,True,6.58,-9.13,68,61,NORMAL,T(+)C(+)W(+),HH
SPY,2026-03-30 13:30:00+00:00,MIN,631.97,LL,True,-9.13,0.0,61,0,MINOR,T(+)C(-)W(-),LL
WMT,2006-03-02 14:30:00+00:00,MIN,15.019985,LL,True,0.0,7.72,0,21,NORMAL,UNKNOWN,LL
WMT,2006-03-23 14:30:00+00:00,MAX,16.17998,HH,True,7.72,-7.23,21,35,NORMAL,UNKNOWN,HH
WMT,2006-04-28 13:30:00+00:00,MIN,15.009985,LL,True,-7.23,10.26,35,28,NORMAL,UNKNOWN,LL
WMT,2006-05-26 13:30:00+00:00,MAX,16.54998,HH,True,10.26,-13.35,28,52,NORMAL,UNKNOWN,HH
WMT,2006-07-17 13:30:00+00:00,MIN,14.339986,LL,True,-13.35,20.29,52,101,MAJOR,UNKNOWN,LL
WMT,2006-10-26 13:30:00+00:00,MAX,17.249983,HH,True,20.29,-12.0,101,57,NORMAL,UNKNOWN,HH
WMT,2006-12-22 14:30:00+00:00,MIN,15.179981,HL,True,-12.0,10.36,57,60,NORMAL,UNKNOWN,LL_TO_HL
WMT,2007-02-20 14:30:00+00:00,MAX,16.753313,LH,True,10.36,-9.01,60,21,NORMAL,UNKNOWN,HH_TO_LH
WMT,2007-03-14 13:30:00+00:00,MIN,15.243318,HL,True,-9.01,8.81,21,37,NORMAL,T(+)C(+)W(-),HL
WMT,2007-04-20 13:30:00+00:00,MAX,16.586647,LH,True,8.81,-6.89,37,33,MINOR,T(+)C(-)W(+),LH
WMT,2007-05-23 13:30:00+00:00,MIN,15.443318,HL,True,-6.89,10.53,33,12,NORMAL,T(+)C(+)W(-),HL
WMT,2007-06-04 13:30:00+00:00,MAX,17.069986,HH,True,10.53,-11.11,12,60,NORMAL,T(+)C(+)W(-),HH
WMT,2007-08-03 13:30:00+00:00,MIN,15.173318,LL,True,-11.11,6.37,60,5,MINOR,T(+)C(-)W(-),LL
WMT,2007-08-08 13:30:00+00:00,MAX,16.139984,LH,True,6.37,-12.7,5,33,NORMAL,T(+)C(-)W(-),HH_TO_LH
WMT,2007-09-10 13:30:00+00:00,MIN,14.089986,LL,True,-12.7,11.33,33,32,NORMAL,T(-)C(-)W(-),LL
WMT,2007-10-12 13:30:00+00:00,MAX,15.686651,LH,True,11.33,-8.84,32,28,NORMAL,T(-)C(-)W(+),LH
WMT,2007-11-09 14:30:00+00:00,MIN,14.299982,HL,True,-8.84,15.22,28,31,MAJOR,T(-)C(+)W(-),LL_TO_HL
WMT,2007-12-10 14:30:00+00:00,MAX,16.476647,HH,True,15.22,-7.51,31,25,NORMAL,T(-)C(+)W(+),HH
WMT,2008-01-04 14:30:00+00:00,MIN,15.239985,HL,True,-7.51,12.49,25,54,NORMAL,T(-)C(+)W(+),HL
WMT,2008-02-27 14:30:00+00:00,MAX,17.143313,HH,True,12.49,-5.02,54,11,MINOR,T(-)C(+)W(+),HH
WMT,2008-03-10 13:30:00+00:00,MIN,16.28332,HL,True,-5.02,19.98,11,50,MAJOR,T(+)C(+)W(+),HL
WMT,2008-04-29 13:30:00+00:00,MAX,19.536647,HH,True,19.98,-5.77,50,22,MINOR,T(+)C(+)W(+),HH
WMT,2008-05-21 13:30:00+00:00,MIN,18.409982,HL,True,-5.77,8.27,22,15,NORMAL,T(+)C(+)W(+),HL
WMT,2008-06-05 13:30:00+00:00,MAX,19.933313,HH,True,8.27,-6.02,15,25,MINOR,T(+)C(+)W(+),HH
WMT,2008-06-30 13:30:00+00:00,MIN,18.733315,HL,True,-6.02,5.18,25,8,MINOR,T(+)C(+)W(+),HL
WMT,2008-07-08 13:30:00+00:00,MAX,19.703314,LH,True,5.18,-5.23,8,20,MINOR,T(+)C(+)W(+),HH_TO_LH
WMT,2008-07-28 13:30:00+00:00,MIN,18.673315,LL,True,-5.23,8.46,20,9,NORMAL,T(+)C(+)W(-),LL
WMT,2008-08-06 13:30:00+00:00,MAX,20.25331,HH,True,8.46,-6.25,9,1,MINOR,T(+)C(+)W(+),HH
WMT,2008-08-07 13:30:00+00:00,MIN,18.986651,HL,True,-6.25,10.9,1,35,NORMAL,T(+)C(+)W(+),LL_TO_HL
WMT,2008-09-11 13:30:00+00:00,MAX,21.056646,HH,True,10.9,-19.34,35,29,MAJOR,T(+)C(+)W(+),HH
WMT,2008-10-10 13:30:00+00:00,MIN,16.983316,LL,True,-19.34,6.97,29,3,MINOR,T(+)C(+)W(-),LL
WMT,2008-10-13 13:30:00+00:00,MAX,18.166648,LH,True,6.97,-8.17,3,2,NORMAL,T(+)C(-)W(-),HH_TO_LH
WMT,2008-10-15 13:30:00+00:00,MIN,16.683317,LL,True,-8.17,9.13,2,1,NORMAL,T(+)C(-)W(-),LL
WMT,2008-10-16 13:30:00+00:00,MAX,18.206648,HH,True,9.13,-9.06,1,11,NORMAL,T(+)C(-)W(-),HH
WMT,2008-10-27 13:30:00+00:00,MIN,16.55665,LL,True,-9.06,13.01,11,8,NORMAL,T(+)C(-)W(-),LL
WMT,2008-11-04 14:30:00+00:00,MAX,18.709981,HH,True,13.01,-9.75,8,16,NORMAL,T(+)C(-)W(-),HH
WMT,2008-11-20 14:30:00+00:00,MIN,16.88665,HL,True,-9.75,11.9,16,6,NORMAL,T(+)C(-)W(-),LL_TO_HL
WMT,2008-11-26 14:30:00+00:00,MAX,18.896648,HH,True,11.9,-6.49,6,5,MINOR,T(+)C(-)W(-),HH
WMT,2008-12-01 14:30:00+00:00,MIN,17.669979,HL,True,-6.49,9.81,5,4,NORMAL,T(+)C(-)W(+),HL
WMT,2008-12-05 14:30:00+00:00,MAX,19.403317,HH,True,9.81,-20.25,4,61,MAJOR,T(+)C(-)W(+),HH
WMT,2009-02-04 14:30:00+00:00,MIN,15.473318,LL,True,-20.25,6.92,61,2,MINOR,T(-)C(-)W(-),LL
WMT,2009-02-06 14:30:00+00:00,MAX,16.543317,LH,True,6.92,-6.25,2,7,MINOR,T(-)C(-)W(-),HH_TO_LH
WMT,2009-02-13 14:30:00+00:00,MIN,15.509984,HL,True,-6.25,8.42,7,6,NORMAL,T(-)C(-)W(-),LL_TO_HL
WMT,2009-02-19 14:30:00+00:00,MAX,16.81665,HH,True,8.42,-6.09,6,12,MINOR,T(-)C(-)W(-),HH
WMT,2009-03-03 14:30:00+00:00,MIN,15.793318,HL,True,-6.09,13.55,12,30,NORMAL,T(-)C(-)W(-),HL
WMT,2009-04-03 13:30:00+00:00,MAX,17.933315,HH,True,13.55,-11.02,30,21,NORMAL,T(-)C(+)W(+),HH
WMT,2009-04-24 13:30:00+00:00,MIN,15.956651,HL,True,-11.02,6.33,21,18,MINOR,T(-)C(+)W(+),HL
WMT,2009-05-12 13:30:00+00:00,MAX,16.966646,LH,True,6.33,-5.4,18,3,MINOR,T(-)C(+)W(-),HH_TO_LH
WMT,2009-05-15 13:30:00+00:00,MIN,16.049981,HL,True,-5.4,6.06,3,21,MINOR,T(-)C(+)W(-),HL
WMT,2009-06-05 13:30:00+00:00,MAX,17.02332,HH,True,6.06,-6.85,21,35,MINOR,T(-)C(-)W(+),HH
WMT,2009-07-10 13:30:00+00:00,MIN,15.856654,LL,True,-6.85,9.06,35,34,NORMAL,T(-)C(-)W(-),LL
WMT,2009-08-13 13:30:00+00:00,MAX,17.293316,HH,True,9.06,-5.55,34,49,MINOR,T(-)C(-)W(+),HH
WMT,2009-10-01 13:30:00+00:00,MIN,16.333317,HL,True,-5.55,14.27,49,166,NORMAL,T(-)C(+)W(-),LL_TO_HL
WMT,2010-03-16 13:30:00+00:00,MAX,18.663318,HH,True,14.27,-14.27,166,108,NORMAL,T(+)C(+)W(+),HH
WMT,2010-07-02 13:30:00+00:00,MIN,15.999984,LL,True,-14.27,19.94,108,209,MAJOR,T(+)C(-)W(-),LL
WMT,2011-01-27 14:30:00+00:00,MAX,19.189984,HH,True,19.94,-10.77,209,48,NORMAL,T(+)C(+)W(+),HH
WMT,2011-03-17 13:30:00+00:00,MIN,17.123316,HL,True,-10.77,9.13,48,60,NORMAL,T(+)C(-)W(-),LL_TO_HL
WMT,2011-05-16 13:30:00+00:00,MAX,18.686648,LH,True,9.13,-13.65,60,86,NORMAL,T(+)C(+)W(+),HH_TO_LH
WMT,2011-08-10 13:30:00+00:00,MIN,16.136651,LL,True,-13.65,10.25,86,14,NORMAL,T(-)C(-)W(-),LL
WMT,2011-08-24 13:30:00+00:00,MAX,17.789982,LH,True,10.25,-5.79,14,29,MINOR,T(-)C(-)W(-),LH
WMT,2011-09-22 13:30:00+00:00,MIN,16.759983,HL,True,-5.79,24.26,29,148,MAJOR,T(-)C(-)W(+),LL_TO_HL
WMT,2012-02-17 14:30:00+00:00,MAX,20.826646,HH,True,24.26,-6.43,148,10,MINOR,T(+)C(+)W(+),HH
WMT,2012-02-27 14:30:00+00:00,MIN,19.486651,HL,True,-6.43,6.83,10,52,MINOR,T(+)C(+)W(+),HL
WMT,2012-04-20 13:30:00+00:00,MAX,20.816646,LH,True,6.83,-8.15,52,5,NORMAL,T(+)C(-)W(+),HH_TO_LH
WMT,2012-04-25 13:30:00+00:00,MIN,19.119981,LL,True,-8.15,34.5,5,173,EXTREME,T(+)C(-)W(+),LL
WMT,2012-10-15 13:30:00+00:00,MAX,25.716638,HH,True,34.5,-11.82,173,32,NORMAL,T(+)C(+)W(+),HH
WMT,2012-11-16 14:30:00+00:00,MIN,22.676644,HL,True,-11.82,6.26,32,21,MINOR,T(+)C(-)W(-),LL_TO_HL
WMT,2012-12-07 14:30:00+00:00,MAX,24.096639,LH,True,6.26,-6.47,21,21,MINOR,T(+)C(-)W(-),HH_TO_LH
WMT,2012-12-28 14:30:00+00:00,MIN,22.536644,LL,True,-6.47,18.12,21,137,MAJOR,T(+)C(-)W(-),LL
WMT,2013-05-15 13:30:00+00:00,MAX,26.619973,HH,True,18.12,-8.55,137,36,NORMAL,T(+)C(+)W(+),HH
WMT,2013-06-20 13:30:00+00:00,MIN,24.343309,HL,True,-8.55,7.86,36,46,NORMAL,T(+)C(-)W(-),LL_TO_HL
WMT,2013-08-05 13:30:00+00:00,MAX,26.25664,LH,True,7.86,-8.11,46,23,NORMAL,T(+)C(+)W(+),HH_TO_LH
WMT,2013-08-28 13:30:00+00:00,MIN,24.126643,LL,True,-8.11,5.58,23,21,MINOR,T(+)C(+)W(-),LL
WMT,2013-09-18 13:30:00+00:00,MAX,25.473308,LH,True,5.58,-5.95,21,19,MINOR,T(+)C(-)W(-),LH
WMT,2013-10-07 13:30:00+00:00,MIN,23.956643,LL,True,-5.95,13.0,19,57,NORMAL,T(+)C(-)W(+),LL
WMT,2013-12-03 14:30:00+00:00,MAX,27.069973,HH,True,13.0,-10.53,57,62,NORMAL,T(+)C(+)W(+),HH
WMT,2014-02-03 14:30:00+00:00,MIN,24.219976,HL,True,-10.53,9.77,62,83,NORMAL,T(+)C(-)W(-),LL_TO_HL
WMT,2014-04-28 13:30:00+00:00,MAX,26.58664,LH,True,9.77,-8.05,83,99,NORMAL,T(+)C(+)W(+),HH_TO_LH
WMT,2014-08-05 13:30:00+00:00,MIN,24.446642,HL,True,-8.05,6.75,99,66,MINOR,T(+)C(-)W(-),HL
WMT,2014-10-10 13:30:00+00:00,MAX,26.096641,LH,True,6.75,-5.71,66,6,MINOR,T(-)C(+)W(+),LH
WMT,2014-10-16 13:30:00+00:00,MIN,24.606642,HL,True,-5.71,18.59,6,43,MAJOR,T(-)C(+)W(+),HL
WMT,2014-11-28 14:30:00+00:00,MAX,29.179971,HH,True,18.59,-5.23,43,18,MINOR,T(+)C(+)W(+),HH
WMT,2014-12-16 14:30:00+00:00,MIN,27.653306,HL,True,-5.23,9.05,18,23,NORMAL,T(+)C(+)W(+),HL
WMT,2015-01-08 14:30:00+00:00,MAX,30.156637,HH,True,9.05,-30.25,23,228,EXTREME,T(+)C(+)W(+),HH
WMT,2015-08-25 13:30:00+00:00,MIN,21.033312,LL,True,-30.25,6.07,228,48,MINOR,T(-)C(-)W(-),LL
WMT,2015-10-12 13:30:00+00:00,MAX,22.309978,LH,True,6.07,-15.7,48,32,MAJOR,T(-)C(-)W(-),HH_TO_LH
WMT,2015-11-13 14:30:00+00:00,MIN,18.806648,LL,True,-15.7,15.26,32,55,MAJOR,T(-)C(-)W(-),LL
WMT,2016-01-07 14:30:00+00:00,MAX,21.676645,LH,True,15.26,-6.44,55,13,MINOR,T(-)C(+)W(+),LH
WMT,2016-01-20 14:30:00+00:00,MIN,20.27998,HL,True,-6.44,10.95,13,12,NORMAL,T(-)C(+)W(+),LL_TO_HL
WMT,2016-02-01 14:30:00+00:00,MAX,22.499978,HH,True,10.95,-5.01,12,17,MINOR,T(-)C(+)W(+),HH
WMT,2016-02-18 14:30:00+00:00,MIN,21.373312,HL,True,-5.01,8.95,17,59,NORMAL,T(-)C(+)W(+),HL
WMT,2016-04-18 13:30:00+00:00,MAX,23.286643,HH,True,8.95,-9.6,59,30,NORMAL,T(-)C(+)W(+),HH
WMT,2016-05-18 13:30:00+00:00,MIN,21.049979,LL,True,-9.6,17.66,30,92,MAJOR,T(-)C(+)W(-),LL
WMT,2016-08-18 13:30:00+00:00,MAX,24.766642,HH,True,17.66,-9.3,92,54,NORMAL,T(+)C(+)W(+),HH
WMT,2016-10-11 13:30:00+00:00,MIN,22.463311,HL,True,-9.3,6.57,54,70,MINOR,T(+)C(-)W(-),LL_TO_HL
WMT,2016-12-20 14:30:00+00:00,MAX,23.939976,LH,True,6.57,-8.58,70,38,NORMAL,T(+)C(+)W(+),HH_TO_LH
WMT,2017-01-27 14:30:00+00:00,MIN,21.886645,LL,True,-8.58,22.24,38,128,MAJOR,T(+)C(-)W(-),LL
WMT,2017-06-05 13:30:00+00:00,MAX,26.753307,HH,True,22.24,-8.76,128,35,NORMAL,T(+)C(+)W(+),HH
WMT,2017-07-10 13:30:00+00:00,MIN,24.409976,HL,True,-8.76,49.6,35,203,EXTREME,T(+)C(+)W(-),LL_TO_HL
WMT,2018-01-29 14:30:00+00:00,MAX,36.51663,HH,True,49.6,-9.29,203,11,NORMAL,T(+)C(+)W(+),HH
WMT,2018-02-09 14:30:00+00:00,MIN,33.1233,HL,True,-9.29,5.44,11,7,MINOR,T(+)C(+)W(+),HL
WMT,2018-02-16 14:30:00+00:00,MAX,34.926632,LH,True,5.44,-21.36,7,101,MAJOR,T(+)C(+)W(+),HH_TO_LH
WMT,2018-05-29 13:30:00+00:00,MIN,27.466639,LL,True,-21.36,19.71,101,79,MAJOR,T(+)C(-)W(-),LL
WMT,2018-08-16 13:30:00+00:00,MAX,32.879967,LH,True,19.71,-5.4,79,50,MINOR,T(-)C(+)W(+),LH
WMT,2018-10-05 13:30:00+00:00,MIN,31.103302,HL,True,-5.4,13.13,50,35,NORMAL,T(-)C(+)W(-),LL_TO_HL
WMT,2018-11-09 14:30:00+00:00,MAX,35.186631,HH,True,13.13,-18.7,35,45,MAJOR,T(-)C(+)W(+),HH
WMT,2018-12-24 14:30:00+00:00,MIN,28.606638,LL,True,-18.7,19.09,45,57,MAJOR,T(+)C(-)W(-),LL
WMT,2019-02-19 14:30:00+00:00,MAX,34.066633,LH,True,19.09,-5.15,57,41,MINOR,T(+)C(+)W(+),HH_TO_LH
WMT,2019-04-02 13:30:00+00:00,MIN,32.313301,HL,True,-5.15,18.61,41,104,MAJOR,T(+)C(+)W(-),LL_TO_HL
WMT,2019-07-15 13:30:00+00:00,MAX,38.326628,HH,True,18.61,-8.49,104,28,NORMAL,T(+)C(+)W(+),HH
WMT,2019-08-12 13:30:00+00:00,MIN,35.073298,HL,True,-8.49,15.26,28,127,MAJOR,T(+)C(+)W(-),HL
WMT,2019-12-17 14:30:00+00:00,MAX,40.426626,HH,True,15.26,-11.21,127,73,NORMAL,T(+)C(+)W(+),HH
WMT,2020-02-28 14:30:00+00:00,MIN,35.893297,HL,True,-11.21,11.25,73,10,NORMAL,T(+)C(-)W(-),HL
WMT,2020-03-10 13:30:00+00:00,MAX,39.92996,LH,True,11.25,-13.14,10,2,NORMAL,T(+)C(-)W(+),HH_TO_LH
WMT,2020-03-12 13:30:00+00:00,MIN,34.683299,LL,True,-13.14,9.66,2,1,NORMAL,T(+)C(-)W(-),LL
WMT,2020-03-13 13:30:00+00:00,MAX,38.033295,LH,True,9.66,-6.43,1,3,MINOR,T(+)C(-)W(-),LH
WMT,2020-03-16 13:30:00+00:00,MIN,35.586631,HL,True,-6.43,14.82,3,2,NORMAL,T(+)C(-)W(-),LL_TO_HL
WMT,2020-03-18 13:30:00+00:00,MAX,40.859959,HH,True,14.82,-10.75,2,7,NORMAL,T(+)C(-)W(-),HH
WMT,2020-03-25 13:30:00+00:00,MIN,36.46663,HL,True,-10.75,20.96,7,22,MAJOR,T(+)C(-)W(-),HL
WMT,2020-04-16 13:30:00+00:00,MAX,44.109956,HH,True,20.96,-8.15,22,14,NORMAL,T(+)C(+)W(+),HH
WMT,2020-04-30 13:30:00+00:00,MIN,40.516626,HL,True,-8.15,5.03,14,18,MINOR,T(+)C(+)W(+),HL
WMT,2020-05-18 13:30:00+00:00,MAX,42.553291,LH,True,5.03,-7.77,18,25,NORMAL,T(+)C(+)W(+),HH_TO_LH
WMT,2020-06-12 13:30:00+00:00,MIN,39.246627,LL,True,-7.77,25.43,25,82,MAJOR,T(+)C(+)W(-),LL
WMT,2020-09-02 13:30:00+00:00,MAX,49.226617,HH,True,25.43,-8.39,82,16,NORMAL,T(+)C(+)W(+),HH
WMT,2020-09-18 13:30:00+00:00,MIN,45.096622,HL,True,-8.39,8.09,16,25,NORMAL,T(+)C(+)W(+),LL_TO_HL
WMT,2020-10-13 13:30:00+00:00,MAX,48.743285,LH,True,8.09,-5.12,25,17,MINOR,T(+)C(+)W(+),HH_TO_LH
WMT,2020-10-30 13:30:00+00:00,MIN,46.249954,HL,True,-5.12,10.12,17,31,NORMAL,T(+)C(+)W(+),HL
WMT,2020-11-30 14:30:00+00:00,MAX,50.929949,HH,True,10.12,-8.85,31,63,NORMAL,T(+)C(+)W(+),HH
WMT,2021-02-01 14:30:00+00:00,MIN,46.423287,HL,True,-8.85,5.69,63,16,MINOR,T(+)C(-)W(-),HL
WMT,2021-02-17 14:30:00+00:00,MAX,49.066618,LH,True,5.69,-13.36,16,15,NORMAL,T(+)C(-)W(-),HH_TO_LH
WMT,2021-03-04 14:30:00+00:00,MIN,42.509957,LL,True,-13.36,10.72,15,47,NORMAL,T(+)C(-)W(-),LL
WMT,2021-04-21 13:30:00+00:00,MAX,47.06662,LH,True,10.72,-10.02,47,57,NORMAL,T(+)C(-)W(+),LH
WMT,2021-06-18 00:00:00+00:00,MIN,42.351470947265625,LL,True,-10.02,12.46,57,63,NORMAL,T(-)C(-)W(-),LL
WMT,2021-08-20 00:00:00+00:00,MAX,47.626949310302734,HH,True,12.46,-10.38,63,45,NORMAL,T(-)C(+)W(+),HH
WMT,2021-10-04 00:00:00+00:00,MIN,42.68341827392578,HL,True,-10.38,11.46,45,31,NORMAL,T(-)C(+)W(-),LL_TO_HL
WMT,2021-11-04 00:00:00+00:00,MAX,47.5734748840332,LH,True,11.46,-10.45,31,28,NORMAL,T(-)C(-)W(+),HH_TO_LH
WMT,2021-12-02 00:00:00+00:00,MIN,42.601661682128906,LL,True,-10.45,8.04,28,13,NORMAL,T(-)C(+)W(-),LL
WMT,2021-12-15 00:00:00+00:00,MAX,46.025306701660156,LH,True,8.04,-8.4,13,63,NORMAL,T(-)C(+)W(-),LH
WMT,2022-02-16 00:00:00+00:00,MIN,42.16065216064453,LL,True,-8.4,20.19,63,64,MAJOR,T(-)C(-)W(-),LL
WMT,2022-04-21 00:00:00+00:00,MAX,50.67246627807617,HH,True,20.19,-25.25,64,28,MAJOR,T(+)C(+)W(+),HH
WMT,2022-05-19 00:00:00+00:00,MIN,37.87766647338867,LL,True,-25.25,8.03,28,12,NORMAL,T(+)C(+)W(-),LL
WMT,2022-05-31 00:00:00+00:00,MAX,40.918827056884766,LH,True,8.03,-8.04,12,17,NORMAL,T(+)C(-)W(-),HH_TO_LH
WMT,2022-06-17 00:00:00+00:00,MIN,37.6295280456543,LL,True,-8.04,12.06,17,34,NORMAL,T(-)C(-)W(-),LL
WMT,2022-07-21 00:00:00+00:00,MAX,42.16582107543945,HH,True,12.06,-7.97,34,5,NORMAL,T(-)C(-)W(+),HH
WMT,2022-07-26 00:00:00+00:00,MIN,38.80337142944336,HL,True,-7.97,8.77,5,7,NORMAL,T(-)C(-)W(+),LL_TO_HL
WMT,2022-08-02 00:00:00+00:00,MAX,42.20716857910156,HH,True,8.77,-5.36,7,2,MINOR,T(-)C(-)W(+),HH
WMT,2022-08-04 00:00:00+00:00,MIN,39.94539260864258,HL,True,-5.36,11.59,2,13,NORMAL,T(-)C(-)W(+),HL
WMT,2022-08-17 00:00:00+00:00,MAX,44.57636260986328,HH,True,11.59,-7.86,13,51,NORMAL,T(-)C(+)W(+),HH
WMT,2022-10-07 00:00:00+00:00,MIN,41.074668884277344,HL,True,-7.86,19.41,51,52,MAJOR,T(-)C(+)W(-),HL
WMT,2022-11-28 00:00:00+00:00,MAX,49.04613494873047,HH,True,19.41,-9.22,52,52,NORMAL,T(-)C(+)W(+),HH
WMT,2023-01-19 00:00:00+00:00,MIN,44.52312088012695,HL,True,-9.22,6.12,52,33,MINOR,T(+)C(+)W(-),HL
WMT,2023-02-21 00:00:00+00:00,MAX,47.24909591674805,LH,True,6.12,-7.03,33,17,NORMAL,T(+)C(-)W(+),HH_TO_LH
WMT,2023-03-10 00:00:00+00:00,MIN,43.92661666870117,LL,True,-7.03,22.03,17,188,MAJOR,T(+)C(-)W(-),LL
WMT,2023-09-14 00:00:00+00:00,MAX,53.605323791503906,HH,True,22.03,-5.69,188,25,MINOR,T(+)C(+)W(+),HH
WMT,2023-10-09 00:00:00+00:00,MIN,50.552825927734375,HL,True,-5.69,8.95,25,37,NORMAL,T(+)C(+)W(+),LL_TO_HL
WMT,2023-11-15 00:00:00+00:00,MAX,55.07481002807617,HH,True,8.95,-10.81,37,23,NORMAL,T(+)C(+)W(+),HH
WMT,2023-12-08 00:00:00+00:00,MIN,49.11912536621094,LL,True,-10.81,42.22,23,222,EXTREME,T(+)C(-)W(-),LL
WMT,2024-07-17 00:00:00+00:00,MAX,69.85810089111328,HH,True,42.22,-5.8,222,21,MINOR,T(+)C(+)W(+),HH
WMT,2024-08-07 00:00:00+00:00,MIN,65.80608367919922,HL,True,-5.8,43.44,21,121,EXTREME,T(+)C(+)W(+),LL_TO_HL
WMT,2024-12-06 00:00:00+00:00,MAX,94.38937377929688,HH,True,43.44,-5.75,121,27,MINOR,T(+)C(+)W(+),HH
WMT,2025-01-02 00:00:00+00:00,MIN,88.96410369873047,HL,True,-5.75,16.72,27,42,MAJOR,T(+)C(+)W(+),HL
WMT,2025-02-13 00:00:00+00:00,MAX,103.84088897705078,HH,True,16.72,-10.83,42,11,NORMAL,T(+)C(+)W(+),HH
WMT,2025-02-24 00:00:00+00:00,MIN,92.59186553955078,HL,True,-10.83,5.27,11,4,MINOR,T(+)C(+)W(+),HL
WMT,2025-02-28 00:00:00+00:00,MAX,97.4749984741211,LH,True,5.27,-14.31,4,13,NORMAL,T(+)C(+)W(+),HH_TO_LH
WMT,2025-03-13 00:00:00+00:00,MIN,83.52741241455078,LL,True,-14.31,6.52,13,20,MINOR,T(+)C(+)W(-),LL
WMT,2025-04-02 00:00:00+00:00,MAX,88.97052001953125,LH,True,6.52,-8.88,20,6,NORMAL,T(+)C(-)W(-),LH
WMT,2025-04-08 00:00:00+00:00,MIN,81.07062530517578,LL,True,-8.88,22.54,6,56,MAJOR,T(+)C(-)W(-),LL
WMT,2025-06-03 00:00:00+00:00,MAX,99.34024047851562,HH,True,22.54,-5.73,56,14,MINOR,T(+)C(+)W(+),HH
WMT,2025-06-17 00:00:00+00:00,MIN,93.64690399169922,HL,True,-5.73,10.27,14,55,NORMAL,T(+)C(+)W(-),LL_TO_HL
WMT,2025-08-11 00:00:00+00:00,MAX,103.26496124267578,HH,True,10.27,-7.37,55,15,NORMAL,T(+)C(+)W(+),HH
WMT,2025-08-26 00:00:00+00:00,MIN,95.65829467773438,HL,True,-7.37,13.51,15,50,NORMAL,T(+)C(+)W(+),HL
WMT,2025-10-15 00:00:00+00:00,MAX,108.5853500366211,HH,True,13.51,-7.72,50,35,NORMAL,T(+)C(+)W(+),HH
WMT,2025-11-19 00:00:00+00:00,MIN,100.19969177246094,HL,True,-7.72,16.32,35,26,MAJOR,T(+)C(+)W(-),HL
WMT,2025-12-15 00:00:00+00:00,MAX,116.5508041381836,HH,True,16.32,-5.04,26,8,MINOR,T(+)C(+)W(+),HH
WMT,2025-12-23 00:00:00+00:00,MIN,110.67286682128906,HL,True,-5.04,20.73,8,52,MAJOR,T(+)C(+)W(+),HL
WMT,2026-02-13 00:00:00+00:00,MAX,133.61578369140625,HH,True,20.73,-10.92,52,35,NORMAL,T(+)C(+)W(+),HH
WMT,2026-03-20 00:00:00+00:00,MIN,119.0199966430664,HL,True,-10.92,12.75,35,60,NORMAL,T(+)C(+)W(-),HL
WMT,2026-05-19 00:00:00+00:00,MAX,134.1999969482422,HH,True,12.75,0.0,60,0,MINOR,T(+)C(+)W(+),HH
XOM,2006-03-09 14:30:00+00:00,MIN,58.92,LL,True,0.0,10.32,0,42,NORMAL,UNKNOWN,LL
XOM,2006-04-21 13:30:00+00:00,MAX,65.0,HH,True,10.32,-12.85,42,53,NORMAL,UNKNOWN,HH
XOM,2006-06-13 13:30:00+00:00,MIN,56.64999,LL,True,-12.85,24.84,53,72,MAJOR,UNKNOWN,LL
XOM,2006-08-24 13:30:00+00:00,MAX,70.72,HH,True,24.84,-9.35,72,27,NORMAL,UNKNOWN,HH
XOM,2006-09-20 13:30:00+00:00,MIN,64.11,HL,True,-9.35,22.8,27,85,MAJOR,UNKNOWN,LL_TO_HL
XOM,2006-12-14 14:30:00+00:00,MAX,78.73,HH,True,22.8,-9.84,85,28,NORMAL,UNKNOWN,HH
XOM,2007-01-11 14:30:00+00:00,MIN,70.98,HL,True,-9.84,6.61,28,25,MINOR,UNKNOWN,HL
XOM,2007-02-05 14:30:00+00:00,MAX,75.67,LH,True,6.61,-7.68,25,38,NORMAL,UNKNOWN,HH_TO_LH
XOM,2007-03-16 13:30:00+00:00,MIN,69.86,LL,True,-7.68,23.62,38,94,MAJOR,T(+)C(-)W(-),LL
XOM,2007-06-18 13:30:00+00:00,MAX,86.36,HH,True,23.62,-5.26,94,8,MINOR,T(+)C(+)W(+),HH
XOM,2007-06-26 13:30:00+00:00,MIN,81.82001,HL,True,-5.26,14.2,8,27,NORMAL,T(+)C(+)W(-),LL_TO_HL
XOM,2007-07-23 13:30:00+00:00,MAX,93.44,HH,True,14.2,-12.16,27,11,NORMAL,T(+)C(+)W(+),HH
XOM,2007-08-03 13:30:00+00:00,MIN,82.08,HL,True,-12.16,7.09,11,5,NORMAL,T(+)C(+)W(-),HL
XOM,2007-08-08 13:30:00+00:00,MAX,87.89999,LH,True,7.09,-8.23,5,8,NORMAL,T(+)C(+)W(-),HH_TO_LH
XOM,2007-08-16 13:30:00+00:00,MIN,80.67,LL,True,-8.23,17.83,8,63,MAJOR,T(+)C(+)W(-),LL
XOM,2007-10-18 13:30:00+00:00,MAX,95.05,HH,True,17.83,-11.51,63,32,NORMAL,T(+)C(+)W(+),HH
XOM,2007-11-19 14:30:00+00:00,MIN,84.11,HL,True,-11.51,12.95,32,39,NORMAL,T(+)C(+)W(-),LL_TO_HL
XOM,2007-12-28 14:30:00+00:00,MAX,95.0,LH,True,12.95,-14.27,39,40,NORMAL,T(+)C(-)W(+),HH_TO_LH
XOM,2008-02-06 14:30:00+00:00,MIN,81.44,LL,True,-14.27,10.38,40,20,NORMAL,T(+)C(-)W(-),LL
XOM,2008-02-26 14:30:00+00:00,MAX,89.89,LH,True,10.38,-8.27,20,12,NORMAL,T(+)C(-)W(+),LH
XOM,2008-03-10 13:30:00+00:00,MIN,82.46001,HL,True,-8.27,14.47,12,43,NORMAL,T(+)C(-)W(-),LL_TO_HL
XOM,2008-04-22 13:30:00+00:00,MAX,94.39,HH,True,14.47,-5.9,43,15,MINOR,T(+)C(+)W(+),HH
XOM,2008-05-07 13:30:00+00:00,MIN,88.82001,HL,True,-5.9,6.46,15,13,MINOR,T(+)C(+)W(-),HL
XOM,2008-05-20 13:30:00+00:00,MAX,94.56,HH,True,6.46,-15.05,13,58,MAJOR,T(+)C(+)W(+),HH
XOM,2008-07-17 13:30:00+00:00,MIN,80.33,LL,True,-15.05,5.04,58,13,MINOR,T(-)C(-)W(-),LL
XOM,2008-07-30 13:30:00+00:00,MAX,84.38,LH,True,5.04,-9.3,13,19,NORMAL,T(-)C(-)W(-),HH_TO_LH
XOM,2008-08-18 13:30:00+00:00,MIN,76.53,LL,True,-9.3,6.08,19,10,MINOR,T(-)C(-)W(-),LL
XOM,2008-08-28 13:30:00+00:00,MAX,81.17999,LH,True,6.08,-9.76,10,12,NORMAL,T(-)C(-)W(+),LH
XOM,2008-09-09 13:30:00+00:00,MIN,73.25999,LL,True,-9.76,5.79,12,3,MINOR,T(-)C(-)W(-),LL
XOM,2008-09-12 13:30:00+00:00,MAX,77.5,LH,True,5.79,-5.48,3,3,MINOR,T(-)C(-)W(-),LH
XOM,2008-09-15 13:30:00+00:00,MIN,73.25,LL,True,-5.48,10.13,3,10,NORMAL,T(-)C(-)W(-),LL
XOM,2008-09-25 13:30:00+00:00,MAX,80.67,HH,True,10.13,-8.19,10,4,NORMAL,T(-)C(-)W(+),HH
XOM,2008-09-29 13:30:00+00:00,MIN,74.06,HL,True,-8.19,6.1,4,2,MINOR,T(-)C(-)W(+),LL_TO_HL
XOM,2008-10-01 13:30:00+00:00,MAX,78.58,LH,True,6.1,-20.64,2,9,MAJOR,T(-)C(-)W(+),HH_TO_LH
XOM,2008-10-10 13:30:00+00:00,MIN,62.36,LL,True,-20.64,17.19,9,3,MAJOR,T(-)C(-)W(-),LL
XOM,2008-10-13 13:30:00+00:00,MAX,73.08,LH,True,17.19,-14.68,3,2,NORMAL,T(-)C(-)W(-),LH
XOM,2008-10-15 13:30:00+00:00,MIN,62.35001,LL,True,-14.68,20.27,2,5,MAJOR,T(-)C(-)W(-),LL
XOM,2008-10-20 13:30:00+00:00,MAX,74.99001,HH,True,20.27,-13.9,5,2,NORMAL,T(-)C(-)W(-),HH
XOM,2008-10-22 13:30:00+00:00,MIN,64.57001,HL,True,-13.9,9.01,2,1,NORMAL,T(-)C(-)W(-),LL_TO_HL
XOM,2008-10-23 13:30:00+00:00,MAX,70.39,LH,True,9.01,-6.11,1,4,MINOR,T(-)C(-)W(-),HH_TO_LH
XOM,2008-10-27 13:30:00+00:00,MIN,66.09,HL,True,-6.11,17.25,4,8,MAJOR,T(-)C(-)W(-),HL
XOM,2008-11-04 14:30:00+00:00,MAX,77.49001,HH,True,17.25,-9.72,8,2,NORMAL,T(-)C(-)W(+),HH
XOM,2008-11-06 14:30:00+00:00,MIN,69.96001,HL,True,-9.72,5.8,2,4,MINOR,T(-)C(-)W(+),HL
XOM,2008-11-10 14:30:00+00:00,MAX,74.02,LH,True,5.8,-6.88,4,2,MINOR,T(-)C(-)W(+),HH_TO_LH
XOM,2008-11-12 14:30:00+00:00,MIN,68.92999,LL,True,-6.88,10.74,2,6,NORMAL,T(-)C(-)W(+),LL
XOM,2008-11-18 14:30:00+00:00,MAX,76.33,HH,True,10.74,-10.25,6,2,NORMAL,T(-)C(-)W(+),HH
XOM,2008-11-20 14:30:00+00:00,MIN,68.50999,LL,True,-10.25,18.07,2,6,MAJOR,T(-)C(-)W(-),LL
XOM,2008-11-26 14:30:00+00:00,MAX,80.89,HH,True,18.07,-8.13,6,5,NORMAL,T(-)C(-)W(+),HH
XOM,2008-12-01 14:30:00+00:00,MIN,74.31,HL,True,-8.13,11.88,5,15,NORMAL,T(-)C(-)W(+),LL_TO_HL
XOM,2008-12-16 14:30:00+00:00,MAX,83.14,HH,True,11.88,-9.9,15,6,NORMAL,T(-)C(+)W(+),HH
XOM,2008-12-22 14:30:00+00:00,MIN,74.91,HL,True,-9.9,8.98,6,11,NORMAL,T(-)C(+)W(+),HL
XOM,2009-01-02 14:30:00+00:00,MAX,81.64,LH,True,8.98,-8.01,11,12,NORMAL,T(-)C(+)W(-),HH_TO_LH
XOM,2009-01-14 14:30:00+00:00,MIN,75.10001,HL,True,-8.01,6.98,12,23,MINOR,T(-)C(+)W(+),HL
XOM,2009-02-06 14:30:00+00:00,MAX,80.34,LH,True,6.98,-22.55,23,27,MAJOR,T(-)C(+)W(+),LH
XOM,2009-03-05 14:30:00+00:00,MIN,62.22,LL,True,-22.55,14.48,27,20,NORMAL,T(-)C(-)W(-),LL
XOM,2009-03-26 13:30:00+00:00,MAX,71.23,LH,True,14.48,-9.1,20,27,NORMAL,T(-)C(-)W(+),LH
XOM,2009-04-22 13:30:00+00:00,MIN,64.75,HL,True,-9.1,14.36,27,50,NORMAL,T(-)C(-)W(-),LL_TO_HL
XOM,2009-06-11 13:30:00+00:00,MAX,74.05,HH,True,14.36,-12.06,50,29,NORMAL,T(-)C(+)W(+),HH
XOM,2009-07-10 13:30:00+00:00,MIN,65.12,HL,True,-12.06,11.72,29,17,NORMAL,T(-)C(+)W(-),HL
XOM,2009-07-27 13:30:00+00:00,MAX,72.75,LH,True,11.72,-8.6,17,22,NORMAL,T(-)C(-)W(+),HH_TO_LH
XOM,2009-08-18 13:30:00+00:00,MIN,66.49001,HL,True,-8.6,7.34,22,8,NORMAL,T(-)C(-)W(-),HL
XOM,2009-08-26 13:30:00+00:00,MAX,71.37,LH,True,7.34,-6.71,8,37,MINOR,T(-)C(-)W(+),LH
XOM,2009-10-02 13:30:00+00:00,MIN,66.58,HL,True,-6.71,14.85,37,54,NORMAL,T(-)C(-)W(-),HL
XOM,2009-11-25 14:30:00+00:00,MAX,76.47,HH,True,14.85,-15.85,54,75,MAJOR,T(-)C(+)W(+),HH
XOM,2010-02-08 14:30:00+00:00,MIN,64.35001,LL,True,-15.85,7.68,75,76,NORMAL,T(+)C(-)W(-),LL
XOM,2010-04-26 13:30:00+00:00,MAX,69.28999,LH,True,7.68,-14.49,76,36,NORMAL,T(-)C(+)W(+),HH_TO_LH
XOM,2010-06-01 13:30:00+00:00,MIN,59.25,LL,True,-14.49,6.55,36,20,MINOR,T(-)C(-)W(-),LL
XOM,2010-06-21 13:30:00+00:00,MAX,63.13,LH,True,6.55,-10.39,20,11,NORMAL,T(-)C(-)W(+),LH
XOM,2010-07-02 13:30:00+00:00,MIN,56.57001,LL,True,-10.39,10.87,11,32,NORMAL,T(-)C(-)W(-),LL
XOM,2010-08-03 13:30:00+00:00,MAX,62.72,LH,True,10.87,-6.76,32,23,MINOR,T(-)C(-)W(+),LH
XOM,2010-08-26 13:30:00+00:00,MIN,58.48,HL,True,-6.76,48.89,23,181,EXTREME,T(-)C(-)W(-),LL_TO_HL
XOM,2011-02-23 14:30:00+00:00,MAX,87.07001,HH,True,48.89,-8.91,181,20,NORMAL,T(+)C(+)W(+),HH
XOM,2011-03-16 13:30:00+00:00,MIN,79.31,HL,True,-8.91,10.93,20,44,NORMAL,T(+)C(+)W(-),HL
XOM,2011-04-29 13:30:00+00:00,MAX,87.98,HH,True,10.93,-12.73,44,56,NORMAL,T(+)C(+)W(+),HH
XOM,2011-06-24 13:30:00+00:00,MIN,76.78,LL,True,-12.73,10.99,56,28,NORMAL,T(+)C(-)W(-),LL
XOM,2011-07-22 13:30:00+00:00,MAX,85.22,LH,True,10.99,-20.17,28,19,MAJOR,T(+)C(-)W(+),HH_TO_LH
XOM,2011-08-10 13:30:00+00:00,MIN,68.03,LL,True,-20.17,9.2,19,5,NORMAL,T(+)C(-)W(-),LL
XOM,2011-08-15 13:30:00+00:00,MAX,74.28999,LH,True,9.2,-6.04,5,4,MINOR,T(+)C(-)W(-),LH
XOM,2011-08-19 13:30:00+00:00,MIN,69.8,HL,True,-6.04,6.81,4,28,MINOR,T(+)C(-)W(-),LL_TO_HL
XOM,2011-09-16 13:30:00+00:00,MAX,74.55,HH,True,6.81,-7.12,28,6,NORMAL,T(+)C(-)W(-),HH
XOM,2011-09-22 13:30:00+00:00,MIN,69.24001,LL,True,-7.12,18.26,6,35,MAJOR,T(+)C(-)W(-),LL
XOM,2011-10-27 13:30:00+00:00,MAX,81.88,HH,True,18.26,-7.25,35,5,NORMAL,T(-)C(+)W(+),HH
XOM,2011-11-01 13:30:00+00:00,MIN,75.94,HL,True,-7.25,5.03,5,7,MINOR,T(-)C(+)W(+),LL_TO_HL
XOM,2011-11-08 14:30:00+00:00,MAX,79.75999,LH,True,5.03,-7.35,7,17,NORMAL,T(-)C(+)W(-),HH_TO_LH
XOM,2011-11-25 14:30:00+00:00,MIN,73.89999,LL,True,-7.35,18.39,17,56,MAJOR,T(-)C(+)W(-),LL
XOM,2012-01-20 14:30:00+00:00,MAX,87.49001,HH,True,18.39,-6.08,56,80,MINOR,T(-)C(+)W(+),HH
XOM,2012-04-10 13:30:00+00:00,MIN,82.17,HL,True,-6.08,5.93,80,21,MINOR,T(+)C(-)W(-),LL_TO_HL
XOM,2012-05-01 13:30:00+00:00,MAX,87.03999,LH,True,5.93,-10.85,21,35,NORMAL,T(+)C(-)W(+),HH_TO_LH
XOM,2012-06-05 13:30:00+00:00,MIN,77.60001,LL,True,-10.85,20.46,35,135,MAJOR,T(+)C(-)W(-),LL
XOM,2012-10-18 13:30:00+00:00,MAX,93.48,HH,True,20.46,-8.96,135,71,NORMAL,T(+)C(+)W(+),HH
XOM,2012-12-28 14:30:00+00:00,MIN,85.10001,HL,True,-8.96,7.83,71,32,NORMAL,T(+)C(-)W(-),LL_TO_HL
XOM,2013-01-29 14:30:00+00:00,MAX,91.75999,LH,True,7.83,-6.19,32,77,MINOR,T(+)C(+)W(+),HH_TO_LH
XOM,2013-04-17 13:30:00+00:00,MIN,86.08,HL,True,-6.19,10.59,77,97,NORMAL,T(+)C(-)W(-),HL
XOM,2013-07-23 13:30:00+00:00,MAX,95.2,HH,True,10.59,-10.55,97,78,NORMAL,T(+)C(+)W(+),HH
XOM,2013-10-09 13:30:00+00:00,MIN,85.16,LL,True,-10.55,19.2,78,79,MAJOR,T(+)C(-)W(-),LL
XOM,2013-12-27 14:30:00+00:00,MAX,101.51,HH,True,19.2,-11.81,79,45,NORMAL,T(+)C(+)W(+),HH
XOM,2014-02-10 14:30:00+00:00,MIN,89.52,HL,True,-11.81,16.6,45,132,MAJOR,T(+)C(-)W(-),LL_TO_HL
XOM,2014-06-23 13:30:00+00:00,MAX,104.38,HH,True,16.6,-13.57,132,114,NORMAL,T(+)C(+)W(+),HH
XOM,2014-10-15 13:30:00+00:00,MIN,90.22,HL,True,-13.57,7.3,114,37,NORMAL,T(+)C(-)W(-),HL
XOM,2014-11-21 14:30:00+00:00,MAX,96.81,LH,True,7.3,-10.74,37,25,NORMAL,T(-)C(-)W(+),HH_TO_LH
XOM,2014-12-16 14:30:00+00:00,MIN,86.41,LL,True,-10.74,9.47,25,7,NORMAL,T(-)C(-)W(-),LL
XOM,2014-12-23 14:30:00+00:00,MAX,94.59,LH,True,9.47,-7.58,7,38,NORMAL,T(-)C(-)W(-),LH
XOM,2015-01-30 14:30:00+00:00,MIN,87.42,HL,True,-7.58,6.81,38,14,MINOR,T(-)C(-)W(-),LL_TO_HL
XOM,2015-02-13 14:30:00+00:00,MAX,93.37,LH,True,6.81,-10.49,14,41,NORMAL,T(-)C(-)W(+),LH
XOM,2015-03-27 13:30:00+00:00,MIN,83.58,LL,True,-10.49,6.62,41,38,MINOR,T(-)C(-)W(-),LL
XOM,2015-05-04 13:30:00+00:00,MAX,89.11,LH,True,6.62,-22.89,38,113,MAJOR,T(-)C(-)W(+),LH
XOM,2015-08-25 13:30:00+00:00,MIN,68.71,LL,True,-22.89,26.4,113,70,MAJOR,T(-)C(-)W(-),LL
XOM,2015-11-03 14:30:00+00:00,MAX,86.85,LH,True,26.4,-14.4,70,38,NORMAL,T(-)C(+)W(+),LH
XOM,2015-12-11 14:30:00+00:00,MIN,74.34,HL,True,-14.4,7.87,38,12,NORMAL,T(-)C(+)W(-),LL_TO_HL
XOM,2015-12-23 14:30:00+00:00,MAX,80.19,LH,True,7.87,-8.11,12,19,NORMAL,T(-)C(-)W(-),LH
XOM,2016-01-11 14:30:00+00:00,MIN,73.69,LL,True,-8.11,7.37,19,3,NORMAL,T(-)C(-)W(-),LL
XOM,2016-01-14 14:30:00+00:00,MAX,79.12,LH,True,7.37,-7.51,3,6,NORMAL,T(-)C(-)W(-),LH
XOM,2016-01-20 14:30:00+00:00,MIN,73.18,LL,True,-7.51,29.98,6,176,MAJOR,T(-)C(-)W(-),LL
XOM,2016-07-15 13:30:00+00:00,MAX,95.12,HH,True,29.98,-13.23,176,67,NORMAL,T(+)C(+)W(+),HH
XOM,2016-09-20 13:30:00+00:00,MIN,82.54,HL,True,-13.23,7.15,67,20,NORMAL,T(+)C(-)W(-),LL_TO_HL
XOM,2016-10-10 13:30:00+00:00,MAX,88.44,LH,True,7.15,-5.79,20,21,MINOR,T(+)C(-)W(+),HH_TO_LH
XOM,2016-10-31 13:30:00+00:00,MIN,83.32,HL,True,-5.79,11.11,21,43,NORMAL,T(+)C(-)W(-),HL
XOM,2016-12-13 14:30:00+00:00,MAX,92.58,HH,True,11.11,-14.13,43,170,NORMAL,T(+)C(+)W(+),HH
XOM,2017-06-02 13:30:00+00:00,MIN,79.5,LL,True,-14.13,5.02,170,14,MINOR,T(-)C(-)W(-),LL
XOM,2017-06-16 13:30:00+00:00,MAX,83.49,LH,True,5.02,-8.85,14,75,NORMAL,T(-)C(-)W(+),HH_TO_LH
XOM,2017-08-30 13:30:00+00:00,MIN,76.1,LL,True,-8.85,17.04,75,155,MAJOR,T(-)C(-)W(-),LL
XOM,2018-02-01 14:30:00+00:00,MAX,89.07,HH,True,17.04,-15.92,155,20,MAJOR,T(+)C(+)W(+),HH
XOM,2018-02-21 14:30:00+00:00,MIN,74.89,LL,True,-15.92,5.27,20,5,MINOR,T(+)C(-)W(-),LL
XOM,2018-02-26 14:30:00+00:00,MAX,78.84,LH,True,5.27,-7.65,5,29,NORMAL,T(+)C(-)W(-),HH_TO_LH
XOM,2018-03-28 13:30:00+00:00,MIN,72.81,LL,True,-7.65,11.06,29,29,NORMAL,T(-)C(-)W(-),LL
XOM,2018-04-26 13:30:00+00:00,MAX,80.86,HH,True,11.06,-5.34,29,7,MINOR,T(-)C(-)W(+),HH
XOM,2018-05-03 13:30:00+00:00,MIN,76.54,HL,True,-5.34,10.06,7,84,NORMAL,T(-)C(+)W(-),LL_TO_HL
XOM,2018-07-26 13:30:00+00:00,MAX,84.24,HH,True,10.06,-8.67,84,20,NORMAL,T(-)C(+)W(+),HH
XOM,2018-08-15 13:30:00+00:00,MIN,76.94,HL,True,-8.67,12.56,20,40,NORMAL,T(-)C(-)W(-),HL
XOM,2018-09-24 13:30:00+00:00,MAX,86.6,HH,True,12.56,-11.03,40,35,NORMAL,T(-)C(+)W(+),HH
XOM,2018-10-29 13:30:00+00:00,MIN,77.05,HL,True,-11.03,7.76,35,9,NORMAL,T(+)C(+)W(-),HL
XOM,2018-11-07 14:30:00+00:00,MAX,83.03,LH,True,7.76,-9.08,9,16,NORMAL,T(+)C(+)W(+),HH_TO_LH
XOM,2018-11-23 14:30:00+00:00,MIN,75.49,LL,True,-9.08,7.59,16,10,NORMAL,T(+)C(-)W(-),LL
XOM,2018-12-03 14:30:00+00:00,MAX,81.22,LH,True,7.59,-19.34,10,21,MAJOR,T(+)C(-)W(-),LH
XOM,2018-12-24 14:30:00+00:00,MIN,65.51,LL,True,-19.34,27.28,21,119,MAJOR,T(-)C(-)W(-),LL
XOM,2019-04-23 13:30:00+00:00,MAX,83.38,HH,True,27.28,-15.12,119,38,MAJOR,T(-)C(+)W(+),HH
XOM,2019-05-31 13:30:00+00:00,MIN,70.77,HL,True,-15.12,9.78,38,21,NORMAL,T(-)C(-)W(-),LL_TO_HL
XOM,2019-06-21 13:30:00+00:00,MAX,77.69,LH,True,9.78,-13.52,21,67,NORMAL,T(-)C(-)W(+),HH_TO_LH
XOM,2019-08-27 13:30:00+00:00,MIN,67.19,LL,True,-13.52,9.73,67,20,NORMAL,T(-)C(-)W(-),LL
XOM,2019-09-16 13:30:00+00:00,MAX,73.73,LH,True,9.73,-9.53,20,22,NORMAL,T(-)C(-)W(+),LH
XOM,2019-10-08 13:30:00+00:00,MIN,66.7,LL,True,-9.53,9.58,22,28,NORMAL,T(-)C(-)W(-),LL
XOM,2019-11-05 14:30:00+00:00,MAX,73.09,LH,True,9.58,-31.84,28,114,EXTREME,T(-)C(-)W(+),LH
XOM,2020-02-27 14:30:00+00:00,MIN,49.82,LL,True,-31.84,8.15,114,4,NORMAL,T(-)C(-)W(-),LL
XOM,2020-03-02 14:30:00+00:00,MAX,53.88,LH,True,8.15,-35.99,4,13,EXTREME,T(-)C(-)W(-),LH
XOM,2020-03-16 13:30:00+00:00,MIN,34.49,LL,True,-35.99,6.73,13,1,MINOR,T(-)C(-)W(-),LL
XOM,2020-03-17 13:30:00+00:00,MAX,36.81,LH,True,6.73,-14.56,1,6,NORMAL,T(-)C(-)W(-),LH
XOM,2020-03-23 13:30:00+00:00,MIN,31.45,LL,True,-14.56,39.43,6,16,EXTREME,T(-)C(-)W(-),LL
XOM,2020-04-08 13:30:00+00:00,MAX,43.85,HH,True,39.43,-10.72,16,8,NORMAL,T(-)C(-)W(+),HH
XOM,2020-04-16 13:30:00+00:00,MIN,39.15,HL,True,-10.72,10.4,8,1,NORMAL,T(-)C(-)W(+),LL_TO_HL
XOM,2020-04-17 13:30:00+00:00,MAX,43.22,LH,True,10.4,-5.23,1,4,MINOR,T(-)C(-)W(+),HH_TO_LH
XOM,2020-04-21 13:30:00+00:00,MIN,40.96,HL,True,-5.23,15.87,4,8,MAJOR,T(-)C(-)W(+),HL
XOM,2020-04-29 13:30:00+00:00,MAX,47.46,HH,True,15.87,-9.1,8,2,NORMAL,T(-)C(-)W(+),HH
XOM,2020-05-01 13:30:00+00:00,MIN,43.14,HL,True,-9.1,7.05,2,7,NORMAL,T(-)C(-)W(+),HL
XOM,2020-05-08 13:30:00+00:00,MAX,46.18,LH,True,7.05,-9.2,7,5,NORMAL,T(-)C(-)W(+),HH_TO_LH
XOM,2020-05-13 13:30:00+00:00,MIN,41.93,LL,True,-9.2,30.55,5,26,EXTREME,T(-)C(-)W(+),LL
XOM,2020-06-08 13:30:00+00:00,MAX,54.74,HH,True,30.55,-24.44,26,31,MAJOR,T(-)C(+)W(+),HH
XOM,2020-07-09 13:30:00+00:00,MIN,41.36,LL,True,-24.44,7.95,31,12,NORMAL,T(-)C(+)W(-),LL
XOM,2020-07-21 13:30:00+00:00,MAX,44.65,LH,True,7.95,-6.23,12,9,MINOR,T(-)C(-)W(-),HH_TO_LH
XOM,2020-07-30 13:30:00+00:00,MIN,41.87,HL,True,-6.23,7.4,9,12,NORMAL,T(-)C(-)W(+),LL_TO_HL
XOM,2020-08-11 13:30:00+00:00,MAX,44.97,HH,True,7.4,-26.66,12,52,MAJOR,T(-)C(-)W(+),HH
XOM,2020-10-02 13:30:00+00:00,MIN,32.98,LL,True,-26.66,6.91,52,6,MINOR,T(-)C(-)W(-),LL
XOM,2020-10-08 13:30:00+00:00,MAX,35.26,LH,True,6.91,-5.96,6,13,MINOR,T(-)C(-)W(-),HH_TO_LH
XOM,2020-10-21 13:30:00+00:00,MIN,33.16,HL,True,-5.96,5.13,13,1,MINOR,T(-)C(-)W(-),LL_TO_HL
XOM,2020-10-22 13:30:00+00:00,MAX,34.86,LH,True,5.13,-9.44,1,6,NORMAL,T(-)C(-)W(+),LH
XOM,2020-10-28 13:30:00+00:00,MIN,31.57,LL,True,-9.44,32.97,6,27,EXTREME,T(-)C(-)W(-),LL
XOM,2020-11-24 14:30:00+00:00,MAX,41.98,HH,True,32.97,-9.17,27,6,NORMAL,T(-)C(-)W(+),HH
XOM,2020-11-30 14:30:00+00:00,MIN,38.13,HL,True,-9.17,15.42,6,10,MAJOR,T(-)C(+)W(+),LL_TO_HL
XOM,2020-12-10 14:30:00+00:00,MAX,44.01,HH,True,15.42,-6.34,10,21,MINOR,T(-)C(+)W(+),HH
XOM,2020-12-31 14:30:00+00:00,MIN,41.22,HL,True,-6.34,22.05,21,14,MAJOR,T(-)C(+)W(-),HL
XOM,2021-01-14 14:30:00+00:00,MAX,50.31,HH,True,22.05,-10.87,14,15,NORMAL,T(-)C(+)W(+),HH
XOM,2021-01-29 14:30:00+00:00,MIN,44.84,HL,True,-10.87,38.2,15,42,EXTREME,T(-)C(+)W(-),HL
XOM,2021-03-12 14:30:00+00:00,MAX,61.97,HH,True,38.2,-10.89,42,10,NORMAL,T(+)C(+)W(+),HH
XOM,2021-03-23 13:30:00+00:00,MIN,55.22,HL,True,-10.89,6.74,10,37,MINOR,T(+)C(+)W(-),HL
XOM,2021-04-29 13:30:00+00:00,MAX,58.94,LH,True,6.74,-19.81,37,0,MAJOR,T(+)C(+)W(+),HH_TO_LH
XOM,2021-04-30 00:00:00+00:00,MIN,47.26228713989258,LL,True,-19.81,10.23,0,17,NORMAL,T(+)C(+)W(-),LL
XOM,2021-05-17 00:00:00+00:00,MAX,52.097496032714844,LH,True,10.23,-6.32,17,8,MINOR,T(+)C(-)W(-),LH
XOM,2021-05-25 00:00:00+00:00,MIN,48.805274963378906,HL,True,-6.32,10.42,8,21,NORMAL,T(+)C(-)W(-),LL_TO_HL
XOM,2021-06-15 00:00:00+00:00,MAX,53.89020538330078,HH,True,10.42,-6.11,21,3,MINOR,T(+)C(-)W(+),HH
XOM,2021-06-18 00:00:00+00:00,MIN,50.59798812866211,HL,True,-6.11,7.05,3,7,NORMAL,T(+)C(-)W(+),HL
XOM,2021-06-25 00:00:00+00:00,MAX,54.16665267944336,HH,True,7.05,-14.4,7,24,NORMAL,T(+)C(-)W(+),HH
XOM,2021-07-19 00:00:00+00:00,MIN,46.36751937866211,LL,True,-14.4,6.47,24,10,MINOR,T(+)C(-)W(-),LL
XOM,2021-07-29 00:00:00+00:00,MAX,49.366546630859375,LH,True,6.47,-9.17,10,21,NORMAL,T(+)C(-)W(-),HH_TO_LH
XOM,2021-08-19 00:00:00+00:00,MIN,44.8412971496582,LL,True,-9.17,25.85,21,82,MAJOR,T(+)C(-)W(-),LL
XOM,2021-11-09 00:00:00+00:00,MAX,56.43217086791992,HH,True,25.85,-8.69,82,22,NORMAL,T(+)C(+)W(+),HH
XOM,2021-12-01 00:00:00+00:00,MIN,51.52840042114258,HL,True,-8.69,5.39,22,9,MINOR,T(+)C(+)W(-),LL_TO_HL
XOM,2021-12-10 00:00:00+00:00,MAX,54.30347442626953,LH,True,5.39,-6.11,9,10,MINOR,T(+)C(+)W(-),HH_TO_LH
XOM,2021-12-20 00:00:00+00:00,MIN,50.98545455932617,LL,True,-6.11,39.27,10,49,EXTREME,T(-)C(+)W(-),LL
XOM,2022-02-07 00:00:00+00:00,MAX,71.00559997558594,HH,True,39.27,-6.98,49,17,MINOR,T(+)C(+)W(+),HH
XOM,2022-02-24 00:00:00+00:00,MIN,66.05039978027344,HL,True,-6.98,15.8,17,12,MAJOR,T(+)C(+)W(-),LL_TO_HL
XOM,2022-03-08 00:00:00+00:00,MAX,76.48948669433594,HH,True,15.8,-12.36,12,8,NORMAL,T(+)C(+)W(+),HH
XOM,2022-03-16 00:00:00+00:00,MIN,67.03504943847656,HL,True,-12.36,15.1,8,33,MAJOR,T(+)C(+)W(+),HL
XOM,2022-04-18 00:00:00+00:00,MAX,77.16044616699219,HH,True,15.1,-7.1,33,7,NORMAL,T(+)C(+)W(+),HH
XOM,2022-04-25 00:00:00+00:00,MIN,71.67947387695312,HL,True,-7.1,11.48,7,9,NORMAL,T(+)C(+)W(+),HL
XOM,2022-05-04 00:00:00+00:00,MAX,79.9052963256836,HH,True,11.48,-7.9,9,5,NORMAL,T(+)C(+)W(+),HH
XOM,2022-05-09 00:00:00+00:00,MIN,73.59651184082031,HL,True,-7.9,25.1,5,30,MAJOR,T(+)C(+)W(+),HL
XOM,2022-06-08 00:00:00+00:00,MAX,92.07087707519531,HH,True,25.1,-17.66,30,9,MAJOR,T(+)C(+)W(+),HH
XOM,2022-06-17 00:00:00+00:00,MIN,75.81168365478516,HL,True,-17.66,6.22,9,4,MINOR,T(+)C(+)W(-),HL
XOM,2022-06-21 00:00:00+00:00,MAX,80.53012084960938,LH,True,6.22,-6.85,4,2,MINOR,T(+)C(+)W(-),HH_TO_LH
XOM,2022-06-23 00:00:00+00:00,MIN,75.0106201171875,LL,True,-6.85,7.38,2,5,NORMAL,T(+)C(+)W(-),LL
XOM,2022-06-28 00:00:00+00:00,MAX,80.54771423339844,HH,True,7.38,-9.14,5,16,NORMAL,T(+)C(+)W(-),HH
XOM,2022-07-14 00:00:00+00:00,MIN,73.18839263916016,LL,True,-9.14,16.59,16,15,MAJOR,T(+)C(+)W(-),LL
XOM,2022-07-29 00:00:00+00:00,MAX,85.3277587890625,HH,True,16.59,-10.05,15,6,NORMAL,T(+)C(-)W(+),HH
XOM,2022-08-04 00:00:00+00:00,MIN,76.75360107421875,HL,True,-10.05,15.95,6,25,MAJOR,T(+)C(-)W(+),LL_TO_HL
XOM,2022-08-29 00:00:00+00:00,MAX,88.99227905273438,HH,True,15.95,-16.12,25,28,MAJOR,T(+)C(+)W(+),HH
XOM,2022-09-26 00:00:00+00:00,MIN,74.64614868164062,LL,True,-16.12,37.06,28,57,EXTREME,T(+)C(+)W(-),LL
XOM,2022-11-22 00:00:00+00:00,MAX,102.30661010742188,HH,True,37.06,-9.32,57,17,NORMAL,T(+)C(+)W(+),HH
XOM,2022-12-09 00:00:00+00:00,MIN,92.77305603027344,HL,True,-9.32,13.73,17,48,NORMAL,T(+)C(+)W(-),LL_TO_HL
XOM,2023-01-26 00:00:00+00:00,MAX,105.51432800292969,HH,True,13.73,-5.61,48,7,MINOR,T(+)C(+)W(+),HH
XOM,2023-02-02 00:00:00+00:00,MIN,99.5916976928711,HL,True,-5.61,7.22,7,8,NORMAL,T(+)C(+)W(+),HL
XOM,2023-02-10 00:00:00+00:00,MAX,106.77771759033203,HH,True,7.22,-15.58,8,35,MAJOR,T(+)C(+)W(+),HH
XOM,2023-03-17 00:00:00+00:00,MIN,90.14616394042969,LL,True,-15.58,18.53,35,42,MAJOR,T(+)C(+)W(-),LL
XOM,2023-04-28 00:00:00+00:00,MAX,106.84994506835938,HH,True,18.53,-12.91,42,33,NORMAL,T(+)C(+)W(+),HH
XOM,2023-05-31 00:00:00+00:00,MIN,93.05953979492188,HL,True,-12.91,6.21,33,7,MINOR,T(+)C(-)W(-),LL_TO_HL
XOM,2023-06-07 00:00:00+00:00,MAX,98.84275817871094,LH,True,6.21,-7.01,7,41,NORMAL,T(+)C(-)W(+),HH_TO_LH
XOM,2023-07-18 00:00:00+00:00,MIN,91.91200256347656,LL,True,-7.01,20.08,41,71,MAJOR,T(+)C(-)W(-),LL
XOM,2023-09-27 00:00:00+00:00,MAX,110.36846923828125,HH,True,20.08,-11.42,71,15,NORMAL,T(+)C(+)W(+),HH
XOM,2023-10-12 00:00:00+00:00,MIN,97.76148986816406,HL,True,-11.42,6.15,15,7,MINOR,T(+)C(+)W(-),LL_TO_HL
XOM,2023-10-19 00:00:00+00:00,MAX,103.77574920654297,LH,True,6.15,-12.45,7,54,NORMAL,T(+)C(+)W(-),HH_TO_LH
XOM,2023-12-12 00:00:00+00:00,MIN,90.85346221923828,LL,True,-12.45,5.27,54,22,MINOR,T(-)C(-)W(-),LL
XOM,2024-01-03 00:00:00+00:00,MAX,95.64399719238281,LH,True,5.27,-6.22,22,15,MINOR,T(-)C(-)W(+),LH
XOM,2024-01-18 00:00:00+00:00,MIN,89.69520568847656,LL,True,-6.22,27.41,15,83,MAJOR,T(-)C(-)W(-),LL
XOM,2024-04-10 00:00:00+00:00,MAX,114.28325653076172,HH,True,27.41,-10.61,83,68,NORMAL,T(+)C(+)W(+),HH
XOM,2024-06-17 00:00:00+00:00,MIN,102.16301727294922,HL,True,-10.61,10.53,68,70,NORMAL,T(+)C(-)W(-),LL_TO_HL
XOM,2024-08-26 00:00:00+00:00,MAX,112.91720581054688,LH,True,10.53,-7.65,70,16,NORMAL,T(+)C(+)W(+),HH_TO_LH
XOM,2024-09-11 00:00:00+00:00,MIN,104.27806091308594,HL,True,-7.65,14.26,16,26,NORMAL,T(+)C(+)W(-),HL
XOM,2024-10-07 00:00:00+00:00,MAX,119.15184783935547,HH,True,14.26,-8.31,26,25,NORMAL,T(+)C(+)W(+),HH
XOM,2024-11-01 00:00:00+00:00,MIN,109.24866485595703,HL,True,-8.31,6.94,25,20,MINOR,T(+)C(+)W(-),HL
XOM,2024-11-21 00:00:00+00:00,MAX,116.83468627929688,LH,True,6.94,-13.47,20,28,NORMAL,T(+)C(+)W(+),HH_TO_LH
XOM,2024-12-19 00:00:00+00:00,MIN,101.1008529663086,LL,True,-13.47,7.1,28,63,NORMAL,T(+)C(-)W(-),LL
XOM,2025-02-20 00:00:00+00:00,MAX,108.27959442138672,LH,True,7.1,-5.86,63,13,MINOR,T(-)C(-)W(+),LH
XOM,2025-03-05 00:00:00+00:00,MIN,101.93750762939453,HL,True,-5.86,12.9,13,27,NORMAL,T(-)C(+)W(-),LL_TO_HL
XOM,2025-04-01 00:00:00+00:00,MAX,115.08573913574219,HH,True,12.9,-16.05,27,9,MAJOR,T(-)C(+)W(+),HH
XOM,2025-04-10 00:00:00+00:00,MIN,96.61054229736328,LL,True,-16.05,9.66,9,35,NORMAL,T(-)C(+)W(-),LL
XOM,2025-05-15 00:00:00+00:00,MAX,105.94002532958984,LH,True,9.66,-6.22,35,21,MINOR,T(-)C(-)W(+),HH_TO_LH
XOM,2025-06-05 00:00:00+00:00,MIN,99.35414123535156,HL,True,-6.22,12.64,21,15,NORMAL,T(-)C(-)W(-),LL_TO_HL
XOM,2025-06-20 00:00:00+00:00,MAX,111.91120910644531,HH,True,12.64,-6.02,15,10,MINOR,T(-)C(-)W(+),HH
XOM,2025-06-30 00:00:00+00:00,MIN,105.1789779663086,HL,True,-6.02,7.08,10,11,NORMAL,T(-)C(+)W(+),HL
XOM,2025-07-11 00:00:00+00:00,MAX,112.62347412109375,HH,True,7.08,-8.32,11,31,NORMAL,T(-)C(+)W(+),HH
XOM,2025-08-11 00:00:00+00:00,MIN,103.25688171386719,LL,True,-8.32,11.79,31,46,NORMAL,T(-)C(+)W(-),LL
XOM,2025-09-26 00:00:00+00:00,MAX,115.4342041015625,HH,True,11.79,-5.61,46,20,MINOR,T(-)C(+)W(+),HH
XOM,2025-10-16 00:00:00+00:00,MIN,108.9544448852539,HL,True,-5.61,14.3,20,81,NORMAL,T(+)C(+)W(-),LL_TO_HL
XOM,2026-01-05 00:00:00+00:00,MAX,124.52996063232422,HH,True,14.3,-5.48,81,2,MINOR,T(+)C(+)W(+),HH
XOM,2026-01-07 00:00:00+00:00,MIN,117.7054443359375,HL,True,-5.48,31.29,2,35,EXTREME,T(+)C(+)W(+),HL
XOM,2026-02-11 00:00:00+00:00,MAX,154.52999877929688,HH,True,31.29,-5.4,35,6,MINOR,T(+)C(+)W(+),HH
XOM,2026-02-17 00:00:00+00:00,MIN,146.19000244140625,HL,True,-5.4,17.29,6,41,MAJOR,T(+)C(+)W(+),HL
XOM,2026-03-30 00:00:00+00:00,MAX,171.47000122070312,HH,True,17.29,-14.6,41,18,NORMAL,T(+)C(+)W(+),HH
XOM,2026-04-17 00:00:00+00:00,MIN,146.44000244140625,HL,True,-14.6,5.76,18,18,MINOR,T(+)C(+)W(-),HL
XOM,2026-05-05 00:00:00+00:00,MAX,154.8800048828125,LH,True,5.76,-6.66,18,3,MINOR,T(+)C(+)W(+),HH_TO_LH
XOM,2026-05-08 00:00:00+00:00,MIN,144.57000732421875,LL,True,-6.66,0.0,3,0,MINOR,T(+)C(+)W(+),LL
