[14:45:07] ══════════════════════════════════════════════════════════════════════════════════════════
[14:45:07]   TEMPORAL PROFILE FORENSICS — When does each signal fire?
[14:45:07] ══════════════════════════════════════════════════════════════════════════════════════════
[14:45:07]   ZigZag: 5%   Z-threshold: 2.0
[14:45:07]   Scan window: t-10 to t+5
[14:45:07]   Features: 35
[14:45:09]   Tickers: ['AAPL', 'AMZN', 'COST', 'HD', 'HON', 'IBM', 'JNJ', 'JPM', 'MCD', 'MRK', 'MSFT', 'PEP', 'PG', 'QQQ', 'SPY', 'WMT', 'XOM']
[14:45:09] 
  Processing AAPL...
[14:45:10] ══════════════════════════════════════════════════════════════════════════════════════════
[14:45:10]   TICKER: AAPL
[14:45:10] ══════════════════════════════════════════════════════════════════════════════════════════
[14:45:10] 
  ── LL (159 turns) ──
[14:45:10]   Feature                      │     μ │  med │  p25 │  p75 │ t-10→t-3 │ t-2,t-1 │  t=0 │ t+1,t+2 │  t+3→t+5 │        Class
[14:45:10]   ──────────────────────────── │ ───── │ ──── │ ──── │ ──── │ ──────── │ ─────── │ ──── │ ─────── │ ──────── │ ────────────
[14:45:10]   conj_current_tide            │ -2.1 │  -2 │  -6 │  +2 │      13% │     16% │  16% │     16% │      15% │       ALERTA
[14:45:10]   tide_slope                   │ -2.3 │  -2 │  -6 │  +2 │      10% │     10% │  10% │     11% │      11% │       ALERTA
[14:45:10]   sigma_tide                   │ -2.0 │  -1 │  -5 │  +1 │       8% │     12% │  21% │      9% │       8% │       ALERTA
[14:45:10]   wave_accel                   │ -2.5 │  -2 │  -6 │  +1 │       9% │      9% │  14% │      9% │       9% │       ALERTA
[14:45:10]   kf_conj_filt_vel             │ -2.6 │  -2 │  -7 │  +1 │      10% │     10% │  10% │     11% │       9% │       ALERTA
[14:45:10]   current_slope                │ -1.8 │  -2 │  -6 │  +2 │       9% │     11% │  11% │     11% │      12% │       ALERTA
[14:45:10]   kf_price_pred_val            │ -2.0 │  -1 │  -6 │  +2 │       8% │      8% │  21% │     14% │       8% │       ALERTA
[14:45:10]   current_accel                │ -1.8 │  -2 │  -5 │  +2 │       8% │     11% │  15% │     10% │      10% │       ALERTA
[14:45:10]   conj_wave_tide               │ -2.4 │  -2 │  -6 │  +1 │       9% │      9% │   9% │      8% │       9% │       ALERTA
[14:45:10]   kf_price_innovation          │ -1.6 │  +0 │  -5 │  +2 │      10% │      7% │   8% │     26% │      12% │    DETECTION
[14:45:10]   vwap_spread_current_wave     │ -1.8 │  -1 │  -6 │  +2 │       8% │     10% │  11% │     11% │      12% │       ALERTA
[14:45:10]   kf_conj_pred_val             │ -2.3 │  -2 │  -6 │  +2 │       9% │      9% │   9% │      8% │      10% │       ALERTA
[14:45:10]   conj_wave_current            │ -1.9 │  -1 │  -6 │  +2 │       8% │     11% │  11% │     12% │      11% │       ALERTA
[14:45:10]   vwap_spread_tide_current     │ -2.2 │  -2 │  -6 │  +2 │       9% │      9% │   9% │      9% │      10% │       ALERTA
[14:45:10]   kf_price_filt_vel            │ -2.0 │  -1 │  -6 │  +2 │       9% │      7% │  13% │     23% │       8% │       ALERTA
[14:45:10] 
  HEATMAP (% of LL turns where feature fires at each offset):
[14:45:10]                                 t-10 t-9  t-8  t-7  t-6  t-5  t-4  t-3  t-2  t-1  t=0  t+1  t+2  t+3  t+4  t+5
[14:45:10]                                 ──── ──── ──── ──── ──── ──── ──── ──── ──── ──── ──── ──── ──── ──── ──── ────
[14:45:10]   conj_current_tide               ▓12   ▓12   ▓12   ▓13   ▓13   ▓14   ▓14   ▓14   ▓16   ▓16   ▓16   ▓16   ▓15   ▓14   ▓15   ▓15
[14:45:10]   tide_slope                      ▒9   ▒9   ▓10   ▓11   ▓11   ▓10   ▓10   ▓10   ▓10   ▓10   ▓10   ▓11   ▓11   ▓11   ▓11   ▓11
[14:45:10]   sigma_tide                      ▒5   ▒6   ▒6   ▒9   ▒8   ▒9   ▓10   ▓11   ▓11   ▓13   █21   ▓10   ▒9   ▒9   ▒8   ▒6
[14:45:10]   wave_accel                      ▓10   ▒9   ▓11   ▒8   ▒9   ▒8   ▒9   ▓10   ▒8   ▓10   ▓14   ▓11   ▒8   ▒8   ▒9   ▓11
[14:45:10]   kf_conj_filt_vel                ▓10   ▓10   ▒9   ▓10   ▒9   ▒9   ▓10   ▒8   ▓10   ▒9   ▓10   ▓12   ▒9   ▒8   ▒9   ▒8
[14:45:10] 
  ── HL (185 turns) ──
[14:45:10]   Feature                      │     μ │  med │  p25 │  p75 │ t-10→t-3 │ t-2,t-1 │  t=0 │ t+1,t+2 │  t+3→t+5 │        Class
[14:45:10]   ──────────────────────────── │ ───── │ ──── │ ──── │ ──── │ ──────── │ ─────── │ ──── │ ─────── │ ──────── │ ────────────
[14:45:10]   tide_slope                   │ -2.5 │  -3 │  -7 │  +2 │      12% │     12% │  12% │     12% │      12% │   EARLY WARN
[14:45:10]   vwap_spread_tide_wave        │ -2.8 │  -3 │  -7 │  +1 │      11% │     11% │  11% │     10% │       9% │   EARLY WARN
[14:45:10]   vwap_spread_current_wave     │ -2.7 │  -3 │  -7 │  +1 │      10% │     11% │  10% │      9% │       8% │   EARLY WARN
[14:45:10]   vwap_spread_tide_current     │ -2.7 │  -3 │  -7 │  +1 │      10% │     10% │  10% │      9% │       9% │   EARLY WARN
[14:45:10]   kf_tension_filt_vel          │ -2.5 │  -2 │  -6 │  +0 │       8% │     11% │  18% │      6% │       8% │       ALERTA
[14:45:10]   kf_price_pred_val            │ -2.7 │  -3 │  -6 │  +1 │       9% │      7% │  17% │      9% │       7% │   EARLY WARN
[14:45:10]   kf_price_filt_vel            │ -2.3 │  -2 │  -6 │  +1 │       9% │      8% │  18% │     14% │       6% │       ALERTA
[14:45:10]   compression_ratio            │ -1.6 │  -1 │  -5 │  +2 │       8% │     11% │  13% │     12% │      12% │       ALERTA
[14:45:10]   kf_price_innovation          │ -2.3 │  -2 │  -6 │  +1 │       9% │      9% │   4% │     18% │       9% │       ALERTA
[14:45:10]   kf_rsi_filt_vel              │ -2.4 │  -2 │  -6 │  +0 │       6% │     11% │  19% │      4% │       7% │       ALERTA
[14:45:10]   kf_conj_filt_vel             │ -3.0 │  -3 │  -7 │  +1 │       9% │      7% │   8% │      7% │       6% │   EARLY WARN
[14:45:10]   wave_accel                   │ -3.4 │  -4 │  -7 │  +0 │       9% │      8% │   4% │      5% │       5% │   EARLY WARN
[14:45:10]   conj_current_tide            │ -2.6 │  -3 │  -7 │  +2 │       8% │      8% │   7% │      7% │       8% │   EARLY WARN
[14:45:10]   current_slope                │ -3.0 │  -3 │  -7 │  +1 │       8% │      7% │   6% │      6% │       6% │   EARLY WARN
[14:45:10]   current_accel                │ -3.4 │  -4 │  -7 │  +0 │       8% │      6% │   6% │      4% │       5% │   EARLY WARN
[14:45:10] 
  HEATMAP (% of HL turns where feature fires at each offset):
[14:45:10]                                 t-10 t-9  t-8  t-7  t-6  t-5  t-4  t-3  t-2  t-1  t=0  t+1  t+2  t+3  t+4  t+5
[14:45:10]                                 ──── ──── ──── ──── ──── ──── ──── ──── ──── ──── ──── ──── ──── ──── ──── ────
[14:45:10]   tide_slope                      ▓12   ▓12   ▓13   ▓13   ▓12   ▓12   ▓12   ▓12   ▓12   ▓12   ▓12   ▓12   ▓12   ▓12   ▓12   ▓12
[14:45:10]   vwap_spread_tide_wave           ▓11   ▓11   ▓11   ▓11   ▓11   ▓11   ▓11   ▓11   ▓11   ▓10   ▓11   ▒10   ▒10   ▒10   ▒9   ▒9
[14:45:10]   vwap_spread_current_wave        ▒9   ▒10   ▒9   ▓11   ▓11   ▓11   ▒9   ▒10   ▓11   ▓10   ▓10   ▒9   ▒9   ▒9   ▒8   ▒8
[14:45:10]   vwap_spread_tide_current        ▒10   ▒10   ▒10   ▒10   ▒10   ▒10   ▓10   ▓10   ▒10   ▒10   ▒10   ▒10   ▒9   ▒8   ▒9   ▒9
[14:45:10]   kf_tension_filt_vel             ▒9   ▒9   ▒6   ▒9   ▒5   ▒6   ▓11   ▓10   ▒10   ▓11   ▓18   ▒7   ░5   ▒7   ▒7   ▒9
[14:45:10] 
  ── HH (180 turns) ──
[14:45:10]   Feature                      │     μ │  med │  p25 │  p75 │ t-10→t-3 │ t-2,t-1 │  t=0 │ t+1,t+2 │  t+3→t+5 │        Class
[14:45:10]   ──────────────────────────── │ ───── │ ──── │ ──── │ ──── │ ──────── │ ─────── │ ──── │ ─────── │ ──────── │ ────────────
[14:45:10]   tide_slope                   │ -2.6 │  -3 │  -6 │  +1 │      13% │     14% │  13% │     12% │      12% │   EARLY WARN
[14:45:10]   vwap_spread_tide_wave        │ -2.5 │  -2 │  -6 │  +1 │      11% │     12% │  11% │     11% │      11% │       ALERTA
[14:45:10]   vwap_spread_tide_current     │ -2.6 │  -3 │  -6 │  +1 │      11% │     11% │  11% │     10% │      10% │   EARLY WARN
[14:45:10]   current_accel                │ -2.6 │  -2 │  -6 │  +1 │       8% │      9% │  12% │      9% │       7% │       ALERTA
[14:45:10]   kf_price_pred_val            │ -2.0 │  -1 │  -6 │  +2 │       7% │      9% │  22% │      7% │       9% │       ALERTA
[14:45:10]   conj_current_tide            │ -3.0 │  -3 │  -7 │  +1 │       9% │      8% │   8% │      7% │       7% │   EARLY WARN
[14:45:10]   kf_price_filt_vel            │ -1.8 │  -1 │  -5 │  +2 │       7% │      8% │  17% │     14% │       8% │       ALERTA
[14:45:10]   vwap_spread_current_wave     │ -2.4 │  -2 │  -6 │  +2 │       8% │      8% │   8% │      9% │       8% │       ALERTA
[14:45:10]   compression_ratio            │ -2.7 │  -3 │  -7 │  +1 │       8% │      7% │  10% │      8% │       6% │   EARLY WARN
[14:45:10]   wave_accel                   │ -2.2 │  -2 │  -6 │  +1 │       7% │      8% │  14% │      6% │       8% │       ALERTA
[14:45:10]   kf_price_innovation          │ -2.2 │  -2 │  -6 │  +1 │       8% │      5% │   7% │     15% │       7% │       ALERTA
[14:45:10]   kf_tension_filt_vel          │ -1.1 │  -1 │  -5 │  +3 │       6% │      9% │  14% │      5% │      13% │       ALERTA
[14:45:10]   kf_conj_filt_vel             │ -1.8 │  -1 │  -6 │  +2 │       6% │      8% │   9% │      9% │       8% │       ALERTA
[14:45:10]   kf_rvol_filt_vel             │ -1.6 │  -1 │  -5 │  +2 │       6% │      6% │  13% │      9% │       7% │       ALERTA
[14:45:10]   tide_accel                   │ -2.7 │  -3 │  -6 │  +1 │       6% │      7% │   8% │      5% │       4% │   EARLY WARN
[14:45:10] 
  HEATMAP (% of HH turns where feature fires at each offset):
[14:45:10]                                 t-10 t-9  t-8  t-7  t-6  t-5  t-4  t-3  t-2  t-1  t=0  t+1  t+2  t+3  t+4  t+5
[14:45:10]                                 ──── ──── ──── ──── ──── ──── ──── ──── ──── ──── ──── ──── ──── ──── ──── ────
[14:45:10]   tide_slope                      ▓13   ▓13   ▓13   ▓13   ▓14   ▓14   ▓14   ▓14   ▓14   ▓14   ▓13   ▓13   ▓12   ▓12   ▓12   ▓12
[14:45:10]   vwap_spread_tide_wave           ▓11   ▓12   ▓12   ▓11   ▓11   ▓11   ▓11   ▓12   ▓12   ▓11   ▓11   ▓11   ▓11   ▓11   ▓11   ▓11
[14:45:10]   vwap_spread_tide_current        ▓11   ▓10   ▓11   ▓11   ▓11   ▓11   ▓11   ▓11   ▓11   ▓11   ▓11   ▓10   ▓10   ▓11   ▓10   ▓10
[14:45:10]   current_accel                   ▒8   ▒8   ▒7   ▒9   ▒7   ▒9   ▒9   ▒9   ▒9   ▒9   ▓12   ▓11   ▒8   ▒6   ▒7   ▒7
[14:45:10]   kf_price_pred_val               ▒8   ▒6   ▒8   ▒6   ▒8   ▒7   ▒8   ▒7   ▒6   ▓11   █22   ▒5   ▒9   ▒8   ▓10   ▒7
[14:45:10] 
  ── LH (164 turns) ──
[14:45:10]   Feature                      │     μ │  med │  p25 │  p75 │ t-10→t-3 │ t-2,t-1 │  t=0 │ t+1,t+2 │  t+3→t+5 │        Class
[14:45:10]   ──────────────────────────── │ ───── │ ──── │ ──── │ ──── │ ──────── │ ─────── │ ──── │ ─────── │ ──────── │ ────────────
[14:45:10]   conj_current_tide            │ -2.2 │  -2 │  -6 │  +2 │      12% │     14% │  14% │     14% │      14% │       ALERTA
[14:45:10]   kf_price_innovation          │ -2.3 │  -2 │  -6 │  +1 │      11% │     14% │  15% │     19% │       9% │       ALERTA
[14:45:10]   kf_price_filt_vel            │ -2.6 │  -2 │  -6 │  +1 │      10% │     12% │  21% │      9% │       9% │       ALERTA
[14:45:10]   kf_price_pred_val            │ -2.8 │  -3 │  -7 │  +1 │      10% │     11% │  15% │      7% │       9% │   EARLY WARN
[14:45:10]   kf_conj_filt_vel             │ -2.7 │  -3 │  -6 │  +1 │      11% │     11% │  12% │      9% │       8% │   EARLY WARN
[14:45:10]   wave_accel                   │ -2.8 │  -3 │  -7 │  +1 │      11% │     11% │   8% │      9% │       9% │   EARLY WARN
[14:45:10]   current_slope                │ -2.2 │  -2 │  -6 │  +2 │      10% │     11% │  12% │     11% │      11% │       ALERTA
[14:45:10]   conj_wave_tide               │ -2.7 │  -3 │  -7 │  +1 │      10% │      9% │   9% │      9% │      10% │   EARLY WARN
[14:45:10]   kf_conj_pred_val             │ -2.8 │  -3 │  -7 │  +1 │      10% │      9% │   9% │      9% │       9% │   EARLY WARN
[14:45:10]   vwap_spread_current_wave     │ -2.1 │  -2 │  -6 │  +2 │      10% │     11% │  11% │     11% │      11% │       ALERTA
[14:45:10]   compression_ratio            │ -2.5 │  -2 │  -6 │  +1 │       9% │     10% │  10% │     10% │       9% │       ALERTA
[14:45:10]   kf_tension_filt_vel          │ -3.7 │  -5 │  -7 │  +0 │      10% │      7% │   8% │      3% │       6% │   EARLY WARN
[14:45:10]   tide_slope                   │ -2.4 │  -2 │  -6 │  +1 │       9% │     10% │  10% │      9% │       9% │       ALERTA
[14:45:10]   conj_wave_current            │ -2.3 │  -2 │  -6 │  +2 │       9% │      9% │   9% │      9% │      11% │       ALERTA
[14:45:10]   wave_slope                   │ -2.7 │  -3 │  -7 │  +1 │       9% │      9% │   8% │      8% │       9% │   EARLY WARN
[14:45:10] 
  HEATMAP (% of LH turns where feature fires at each offset):
[14:45:10]                                 t-10 t-9  t-8  t-7  t-6  t-5  t-4  t-3  t-2  t-1  t=0  t+1  t+2  t+3  t+4  t+5
[14:45:10]                                 ──── ──── ──── ──── ──── ──── ──── ──── ──── ──── ──── ──── ──── ──── ──── ────
[14:45:10]   conj_current_tide               ▓12   ▓12   ▓12   ▓12   ▓12   ▓12   ▓12   ▓13   ▓13   ▓14   ▓14   ▓15   ▓14   ▓14   ▓14   ▓13
[14:45:10]   kf_price_innovation             ▓13   ▓14   ▓10   ▒9   ▒7   ▓12   ▒9   ▓12   ▓14   ▓14   ▓15   █30   ▒8   ▒9   ▒9   ▒10
[14:45:10]   kf_price_filt_vel               ▓12   ▒10   ▓12   ▒8   ▓12   ▒9   ▓12   ▒7   ▓13   ▓12   █21   ▒7   ▓12   ▒9   ▒9   ▒9
[14:45:10]   kf_price_pred_val               ▓11   ▒9   ▓12   ▒9   ▓11   ▒8   ▓13   ▒9   ▓13   ▒9   ▓15   ░4   ▒9   ▒9   ▒9   ▒9
[14:45:10]   kf_conj_filt_vel                ▒9   ▒9   ▒9   ▓12   ▓13   ▒10   ▓12   ▓12   ▓10   ▓11   ▓12   ▒9   ▒9   ▒9   ▒8   ▒9
[14:45:10] 
  Processing AMZN...
[14:45:11] ══════════════════════════════════════════════════════════════════════════════════════════
[14:45:11]   TICKER: AMZN
[14:45:11] ══════════════════════════════════════════════════════════════════════════════════════════
[14:45:11] 
  ── LL (66 turns) ──
[14:45:11]   Feature                      │     μ │  med │  p25 │  p75 │ t-10→t-3 │ t-2,t-1 │  t=0 │ t+1,t+2 │  t+3→t+5 │        Class
[14:45:11]   ──────────────────────────── │ ───── │ ──── │ ──── │ ──── │ ──────── │ ─────── │ ──── │ ─────── │ ──────── │ ────────────
[14:45:11]   fear_level                   │ -1.9 │  -2 │  -5 │  +2 │      16% │     20% │  23% │     22% │      20% │       ALERTA
[14:45:11]   vwap_sigma_tide              │ -2.0 │  -2 │  -5 │  +2 │      15% │     18% │  29% │     20% │      18% │       ALERTA
[14:45:11]   vwap_sigma_current           │ -2.3 │  -1 │  -5 │  +0 │      11% │     20% │  48% │     12% │       4% │       ALERTA
[14:45:11]   conj_wave_tide               │ -1.9 │  -1 │  -6 │  +2 │      15% │     14% │  18% │     20% │      21% │       ALERTA
[14:45:11]   kf_conj_pred_val             │ -1.8 │  -1 │  -6 │  +2 │      15% │     14% │  21% │     21% │      22% │       ALERTA
[14:45:11]   sigma_tide                   │ -1.9 │  -1 │  -5 │  +1 │      11% │     18% │  38% │     16% │      10% │       ALERTA
[14:45:11]   kf_price_pred_val            │ -2.1 │  -2 │  -5 │  +1 │      11% │     16% │  24% │     18% │       9% │       ALERTA
[14:45:11]   current_accel                │ -2.3 │  -2 │  -6 │  +1 │      11% │     14% │  24% │     11% │      11% │       ALERTA
[14:45:11]   wave_accel                   │ -3.0 │  -3 │  -7 │  +0 │      11% │     14% │  24% │      8% │       7% │   EARLY WARN
[14:45:11]   conj_wave_current            │ -2.2 │  -2 │  -6 │  +2 │      12% │     12% │  14% │     15% │      14% │       ALERTA
[14:45:11]   kf_tension_pred_val          │ -2.0 │  -2 │  -5 │  +2 │      11% │     14% │  18% │     14% │      12% │       ALERTA
[14:45:11]   tension_tide                 │ -2.0 │  -2 │  -6 │  +2 │      11% │     14% │  15% │     16% │      13% │       ALERTA
[14:45:11]   kf_price_innovation          │ -1.9 │  -1 │  -6 │  +1 │      11% │     12% │  14% │     31% │      10% │       ALERTA
[14:45:11]   vwap_sigma_wave              │ -2.8 │  -2 │  -6 │  +0 │       8% │     14% │  33% │      2% │       3% │       ALERTA
[14:45:11]   wave_slope                   │ -1.7 │  -1 │  -6 │  +2 │      10% │     13% │  14% │     15% │      16% │       ALERTA
[14:45:11] 
  HEATMAP (% of LL turns where feature fires at each offset):
[14:45:11]                                 t-10 t-9  t-8  t-7  t-6  t-5  t-4  t-3  t-2  t-1  t=0  t+1  t+2  t+3  t+4  t+5
[14:45:11]                                 ──── ──── ──── ──── ──── ──── ──── ──── ──── ──── ──── ──── ──── ──── ──── ────
[14:45:11]   fear_level                      ▓12   ▓15   ▓15   ▓14   ▓18   ▓20   ▓18   ▓18   ▓20   █21   █23   █23   █21   ▓20   ▓20   █21
[14:45:11]   vwap_sigma_tide                 ▓12   ▓14   ▓17   ▓14   ▓14   ▓17   ▓17   ▓20   ▓18   ▓18   █29   █21   ▓18   ▓18   ▓17   ▓18
[14:45:11]   vwap_sigma_current              ▒9   ░5   ▓11   ▒9   ▓11   ▓12   ▓14   ▓15   ▓17   █23   █48   ▓17   ▒8   ░5   ░5   ░3
[14:45:11]   conj_wave_tide                  ▓14   ▓15   ▓15   ▓15   ▓17   ▓15   ▓15   ▓14   ▓15   ▓14   ▓18   █21   ▓20   █21   █23   ▓20
[14:45:11]   kf_conj_pred_val                ▓15   ▓15   ▓17   ▓15   ▓14   ▓12   ▓14   ▓15   ▓14   ▓15   █21   █21   █21   █21   █21   █23
[14:45:11] 
  ── HL (97 turns) ──
[14:45:11]   Feature                      │     μ │  med │  p25 │  p75 │ t-10→t-3 │ t-2,t-1 │  t=0 │ t+1,t+2 │  t+3→t+5 │        Class
[14:45:11]   ──────────────────────────── │ ───── │ ──── │ ──── │ ──── │ ──────── │ ─────── │ ──── │ ─────── │ ──────── │ ────────────
[14:45:11]   vwap_spread_tide_current     │ -2.6 │  -3 │  -7 │  +1 │      13% │     12% │  12% │     12% │      12% │   EARLY WARN
[14:45:11]   vwap_spread_tide_wave        │ -2.4 │  -2 │  -6 │  +2 │      11% │     11% │  11% │     11% │      12% │       ALERTA
[14:45:11]   conj_current_tide            │ -3.3 │  -4 │  -7 │  +0 │      11% │      9% │   9% │      8% │       7% │   EARLY WARN
[14:45:11]   tide_slope                   │ -2.3 │  -2 │  -6 │  +2 │      10% │     11% │  11% │     12% │      12% │       ALERTA
[14:45:11]   vwap_spread_current_wave     │ -3.2 │  -3 │  -7 │  +0 │      10% │      9% │  10% │      8% │       6% │   EARLY WARN
[14:45:11]   current_accel                │ -2.5 │  -3 │  -6 │  +2 │       9% │      8% │   7% │      8% │       9% │   EARLY WARN
[14:45:11]   current_slope                │ -2.9 │  -3 │  -7 │  +1 │       9% │      8% │   6% │      7% │       7% │   EARLY WARN
[14:45:11]   tide_accel                   │ -4.1 │  -5 │  -8 │  -1 │       9% │      5% │   4% │      4% │       4% │   EARLY WARN
[14:45:11]   tension_current              │ -4.0 │  -4 │  -7 │  -1 │       7% │      7% │  11% │      2% │       2% │   EARLY WARN
[14:45:11]   wave_accel                   │ -3.1 │  -3 │  -7 │  +1 │       8% │      6% │   9% │      7% │       5% │   EARLY WARN
[14:45:11]   kf_conj_pred_val             │ -2.6 │  -3 │  -6 │  +1 │       7% │      7% │   7% │      7% │       6% │   EARLY WARN
[14:45:11]   conj_wave_tide               │ -2.6 │  -3 │  -6 │  +1 │       7% │      6% │   7% │      7% │       6% │   EARLY WARN
[14:45:11]   kf_rsi_filt_vel              │ -2.6 │  -2 │  -6 │  +0 │       5% │      8% │  15% │      5% │       4% │       ALERTA
[14:45:11]   kf_tension_filt_vel          │ -2.4 │  -1 │  -6 │  +0 │       5% │      8% │  20% │      4% │       4% │       ALERTA
[14:45:11]   conj_wave_current            │ -2.5 │  -3 │  -6 │  +2 │       7% │      6% │   5% │      7% │       7% │   EARLY WARN
[14:45:11] 
  HEATMAP (% of HL turns where feature fires at each offset):
[14:45:11]                                 t-10 t-9  t-8  t-7  t-6  t-5  t-4  t-3  t-2  t-1  t=0  t+1  t+2  t+3  t+4  t+5
[14:45:11]                                 ──── ──── ──── ──── ──── ──── ──── ──── ──── ──── ──── ──── ──── ──── ──── ────
[14:45:11]   vwap_spread_tide_current        ▓12   ▓12   ▓14   ▓13   ▓13   ▓13   ▓11   ▓11   ▓12   ▓12   ▓12   ▓12   ▓12   ▓12   ▓12   ▓12
[14:45:11]   vwap_spread_tide_wave           ▓11   ▓11   ▓11   ▓11   ▓11   ▓11   ▓11   ▓11   ▓11   ▓11   ▓11   ▓11   ▓11   ▓12   ▓12   ▓12
[14:45:11]   conj_current_tide               ▓13   ▓12   ▓12   ▓10   ▓10   ▓10   ▓10   ▓11   ▒9   ▒9   ▒9   ▒8   ▒8   ▒8   ▒7   ▒6
[14:45:11]   tide_slope                      ▓11   ▓10   ▓10   ▓10   ▓10   ▓10   ▓10   ▓10   ▓11   ▓11   ▓11   ▓12   ▓12   ▓11   ▓11   ▓12
[14:45:11]   vwap_spread_current_wave        ▓11   ▓10   ▒8   ▒9   ▓10   ▓10   ▓10   ▒8   ▒9   ▒9   ▓10   ▒9   ▒7   ▒7   ▒6   ▒5
[14:45:11] 
  ── HH (90 turns) ──
[14:45:11]   Feature                      │     μ │  med │  p25 │  p75 │ t-10→t-3 │ t-2,t-1 │  t=0 │ t+1,t+2 │  t+3→t+5 │        Class
[14:45:11]   ──────────────────────────── │ ───── │ ──── │ ──── │ ──── │ ──────── │ ─────── │ ──── │ ─────── │ ──────── │ ────────────
[14:45:11]   vwap_spread_tide_wave        │ -2.5 │  -3 │  -7 │  +1 │      13% │     12% │  13% │     13% │      13% │   EARLY WARN
[14:45:11]   tide_slope                   │ -2.6 │  -3 │  -7 │  +1 │      12% │     11% │  11% │     11% │      11% │   EARLY WARN
[14:45:11]   vwap_spread_tide_current     │ -2.3 │  -2 │  -6 │  +2 │      11% │     11% │  11% │     12% │      13% │       ALERTA
[14:45:11]   conj_wave_tide               │ -2.5 │  -3 │  -6 │  +1 │      11% │     11% │  11% │     11% │      10% │   EARLY WARN
[14:45:11]   kf_conj_pred_val             │ -2.6 │  -3 │  -6 │  +1 │      11% │     10% │  11% │     11% │      10% │   EARLY WARN
[14:45:11]   current_accel                │ -3.4 │  -4 │  -7 │  +0 │      11% │      8% │  12% │      9% │       6% │   EARLY WARN
[14:45:11]   conj_current_tide            │ -2.3 │  -2 │  -6 │  +2 │      10% │     11% │  10% │     11% │      10% │       ALERTA
[14:45:11]   vwap_spread_current_wave     │ -3.1 │  -3 │  -7 │  +0 │       9% │      8% │   7% │      7% │       6% │   EARLY WARN
[14:45:11]   tide_accel                   │ -2.4 │  -2 │  -6 │  +1 │       8% │      8% │  11% │      9% │       7% │       ALERTA
[14:45:11]   wave_slope                   │ -2.1 │  -2 │  -6 │  +1 │       7% │     11% │  11% │      9% │       7% │       ALERTA
[14:45:11]   conj_wave_current            │ -3.3 │  -4 │  -7 │  +0 │       8% │      6% │   7% │      5% │       6% │   EARLY WARN
[14:45:11]   current_slope                │ -3.5 │  -4 │  -8 │  +0 │       8% │      6% │   7% │      6% │       5% │   EARLY WARN
[14:45:11]   fear_level                   │ -4.1 │  -5 │  -7 │  -1 │       7% │      6% │   6% │      3% │       3% │   EARLY WARN
[14:45:11]   kf_rvol_filt_vel             │ -1.3 │  +0 │  -5 │  +2 │       5% │     10% │  16% │     12% │       8% │    DETECTION
[14:45:11]   kf_price_pred_val            │ -1.8 │  -1 │  -5 │  +2 │       5% │      7% │  14% │      7% │       7% │       ALERTA
[14:45:11] 
  HEATMAP (% of HH turns where feature fires at each offset):
[14:45:11]                                 t-10 t-9  t-8  t-7  t-6  t-5  t-4  t-3  t-2  t-1  t=0  t+1  t+2  t+3  t+4  t+5
[14:45:11]                                 ──── ──── ──── ──── ──── ──── ──── ──── ──── ──── ──── ──── ──── ──── ──── ────
[14:45:11]   vwap_spread_tide_wave           ▓12   ▓12   ▓13   ▓14   ▓14   ▓12   ▓12   ▓12   ▓12   ▓12   ▓13   ▓13   ▓13   ▓13   ▓12   ▓12
[14:45:11]   tide_slope                      ▓11   ▓12   ▓12   ▓12   ▓11   ▓11   ▓11   ▓11   ▓11   ▓11   ▓11   ▓11   ▓11   ▓11   ▓11   ▓12
[14:45:11]   vwap_spread_tide_current        ▓11   ▓11   ▓11   ▓11   ▓11   ▓11   ▓11   ▓12   ▓11   ▓11   ▓11   ▓11   ▓12   ▓12   ▓12   ▓13
[14:45:11]   conj_wave_tide                  ▓10   ▓10   ▓10   ▓10   ▓10   ▓11   ▓12   ▓13   ▓11   ▓10   ▓11   ▓11   ▓11   ▓10   ▓10   ▓10
[14:45:11]   kf_conj_pred_val                ▓10   ▓10   ▓10   ▓10   ▓11   ▓12   ▓12   ▓10   ▓10   ▓10   ▓11   ▓12   ▓10   ▓10   ▓10   ▒9
[14:45:11] 
  ── LH (73 turns) ──
[14:45:11]   Feature                      │     μ │  med │  p25 │  p75 │ t-10→t-3 │ t-2,t-1 │  t=0 │ t+1,t+2 │  t+3→t+5 │        Class
[14:45:11]   ──────────────────────────── │ ───── │ ──── │ ──── │ ──── │ ──────── │ ─────── │ ──── │ ─────── │ ──────── │ ────────────
[14:45:11]   fear_level                   │ -2.3 │  -2 │  -6 │  +2 │      14% │     16% │  11% │     13% │      17% │       ALERTA
[14:45:11]   kf_conj_pred_val             │ -2.2 │  -2 │  -5 │  +1 │      13% │     16% │  14% │     12% │      12% │       ALERTA
[14:45:11]   conj_wave_tide               │ -1.9 │  -2 │  -5 │  +2 │      11% │     17% │  14% │     12% │      14% │       ALERTA
[14:45:11]   vwap_sigma_tide              │ -2.0 │  -2 │  -6 │  +2 │      12% │     16% │  10% │     14% │      16% │       ALERTA
[14:45:11]   vwap_spread_current_wave     │ -2.9 │  -3 │  -7 │  +1 │      13% │     12% │  11% │     10% │      10% │   EARLY WARN
[14:45:11]   tension_tide                 │ -3.1 │  -3 │  -7 │  +1 │      12% │     12% │  11% │      9% │      10% │   EARLY WARN
[14:45:11]   kf_price_innovation          │ -2.1 │  -1 │  -6 │  +1 │      10% │     11% │  19% │     21% │      10% │       ALERTA
[14:45:11]   conj_wave_current            │ -2.2 │  -2 │  -5 │  +1 │      10% │     13% │  12% │     10% │      11% │       ALERTA
[14:45:11]   kf_tension_pred_val          │ -3.0 │  -3 │  -7 │  +1 │      11% │     10% │  11% │      9% │       9% │   EARLY WARN
[14:45:11]   kf_price_pred_val            │ -2.0 │  -1 │  -6 │  +2 │       9% │     11% │  21% │     12% │      11% │       ALERTA
[14:45:11]   kf_price_filt_vel            │ -1.9 │  -1 │  -5 │  +2 │       8% │     12% │  23% │     13% │       9% │       ALERTA
[14:45:11]   tide_slope                   │ -2.0 │  -2 │  -6 │  +2 │      10% │     11% │  11% │     12% │      12% │       ALERTA
[14:45:11]   conj_current_tide            │ -3.0 │  -3 │  -7 │  +1 │      10% │     10% │  10% │      8% │       8% │   EARLY WARN
[14:45:11]   current_slope                │ -2.1 │  -2 │  -6 │  +2 │       9% │     10% │  10% │     11% │      11% │       ALERTA
[14:45:11]   current_accel                │ -2.2 │  -2 │  -7 │  +2 │      10% │      8% │   7% │     11% │      14% │       ALERTA
[14:45:11] 
  HEATMAP (% of LH turns where feature fires at each offset):
[14:45:11]                                 t-10 t-9  t-8  t-7  t-6  t-5  t-4  t-3  t-2  t-1  t=0  t+1  t+2  t+3  t+4  t+5
[14:45:11]                                 ──── ──── ──── ──── ──── ──── ──── ──── ──── ──── ──── ──── ──── ──── ──── ────
[14:45:11]   fear_level                      ▓14   ▓15   ▓14   ▓15   ▓14   ▓14   ▓14   ▓14   ▓15   ▓18   ▓11   ▓11   ▓15   ▓16   ▓16   ▓18
[14:45:11]   kf_conj_pred_val                ▒10   ▒8   ▒8   ▓11   ▓15   ▓15   ▓16   ▓18   ▓18   ▓15   ▓14   ▓14   ▓11   ▓12   ▓12   ▓12
[14:45:11]   conj_wave_tide                  ▒10   ▒8   ▒8   ▒10   ▓11   ▓15   ▓15   ▓15   ▓16   ▓18   ▓14   ▓12   ▓12   ▓12   ▓15   ▓14
[14:45:11]   vwap_sigma_tide                 ▓11   ▒10   ▓11   ▓14   ▓12   ▓12   ▓12   ▓15   ▓15   ▓16   ▒10   ▓12   ▓15   ▓14   ▓18   ▓16
[14:45:11]   vwap_spread_current_wave        ▓12   ▓14   ▓12   ▓12   ▓12   ▓12   ▓14   ▓12   ▓12   ▓12   ▓11   ▓11   ▒8   ▒10   ▓11   ▒10
[14:45:11] 
  Processing COST...
[14:45:12] ══════════════════════════════════════════════════════════════════════════════════════════
[14:45:12]   TICKER: COST
[14:45:12] ══════════════════════════════════════════════════════════════════════════════════════════
[14:45:12] 
  ── LL (35 turns) ──
[14:45:12]   Feature                      │     μ │  med │  p25 │  p75 │ t-10→t-3 │ t-2,t-1 │  t=0 │ t+1,t+2 │  t+3→t+5 │        Class
[14:45:12]   ──────────────────────────── │ ───── │ ──── │ ──── │ ──── │ ──────── │ ─────── │ ──── │ ─────── │ ──────── │ ────────────
[14:45:12]   kf_price_pred_val            │ -2.2 │  -2 │  -5 │  +1 │      21% │     30% │  34% │     33% │      19% │       ALERTA
[14:45:12]   sigma_tide                   │ -1.8 │  -1 │  -4 │  +1 │      16% │     33% │  51% │     31% │      12% │       ALERTA
[14:45:12]   vwap_sigma_tide              │ -2.2 │  -2 │  -6 │  +1 │      19% │     23% │  31% │     20% │      20% │       ALERTA
[14:45:12]   wave_slope                   │ -1.1 │  +0 │  -4 │  +2 │      16% │     26% │  34% │     36% │      31% │    DETECTION
[14:45:12]   compression_ratio            │ -1.9 │  -2 │  -6 │  +2 │      17% │     24% │  23% │     20% │      23% │       ALERTA
[14:45:12]   kf_tension_pred_val          │ -2.8 │  -2 │  -6 │  +0 │      16% │     24% │  29% │     17% │      10% │       ALERTA
[14:45:12]   kf_tension_filt_vel          │ -2.3 │  -2 │  -6 │  +2 │      19% │     20% │  20% │     13% │      23% │       ALERTA
[14:45:12]   vwap_sigma_current           │ -2.3 │  -2 │  -4 │  +0 │      12% │     26% │  57% │     11% │       3% │       ALERTA
[14:45:12]   tension_tide                 │ -2.4 │  -2 │  -6 │  +1 │      15% │     23% │  26% │     16% │      12% │       ALERTA
[14:45:12]   kf_price_filt_vel            │ -1.6 │  -1 │  -5 │  +1 │      16% │     20% │  11% │     46% │      16% │       ALERTA
[14:45:12]   kf_price_innovation          │ -1.7 │  -1 │  -5 │  +1 │      15% │     23% │  17% │     47% │      15% │       ALERTA
[14:45:12]   kf_conj_pred_val             │ -0.6 │  +0 │  -3 │  +3 │      12% │     27% │  31% │     34% │      32% │    DETECTION
[14:45:12]   conj_wave_tide               │ -0.7 │  +0 │  -3 │  +3 │      12% │     26% │  31% │     33% │      31% │    DETECTION
[14:45:12]   rsi_value                    │ -2.9 │  -2 │  -5 │  +0 │      11% │     23% │  40% │      7% │       0% │       ALERTA
[14:45:12]   kf_rsi_pred_val              │ -2.9 │  -2 │  -5 │  +0 │      10% │     26% │  34% │     10% │       0% │       ALERTA
[14:45:12] 
  HEATMAP (% of LL turns where feature fires at each offset):
[14:45:12]                                 t-10 t-9  t-8  t-7  t-6  t-5  t-4  t-3  t-2  t-1  t=0  t+1  t+2  t+3  t+4  t+5
[14:45:12]                                 ──── ──── ──── ──── ──── ──── ──── ──── ──── ──── ──── ──── ──── ──── ──── ────
[14:45:12]   kf_price_pred_val               █20   █20   ▓17   ▓17   █23   █23   █23   █29   █26   █34   █34   █34   █31   █26   █23   ▒9
[14:45:12]   sigma_tide                      ▒9   ▓11   ▓11   ▓14   █23   ▓11   █23   █29   █31   █34   █51   █31   █31   ▓17   ▓11   ▒9
[14:45:12]   vwap_sigma_tide                 ▓14   █20   ▓17   ▓17   █20   █23   █20   █20   █23   █23   █31   █20   █20   █20   █20   █20
[14:45:12]   wave_slope                      ▓14   ▓14   ▓17   ▓17   ▓14   ▓17   ▓17   ▓14   █23   █29   █34   █37   █34   █31   █31   █31
[14:45:12]   compression_ratio               ▓17   ▓14   ▓14   ▓14   █20   █20   ▓17   █20   █23   █26   █23   █20   █20   █20   █20   █29
[14:45:12] 
  ── HL (57 turns) ──
[14:45:12]   Feature                      │     μ │  med │  p25 │  p75 │ t-10→t-3 │ t-2,t-1 │  t=0 │ t+1,t+2 │  t+3→t+5 │        Class
[14:45:12]   ──────────────────────────── │ ───── │ ──── │ ──── │ ──── │ ──────── │ ─────── │ ──── │ ─────── │ ──────── │ ────────────
[14:45:12]   wave_accel                   │ -3.2 │  -3 │  -6 │  +0 │       9% │     11% │  18% │      5% │       3% │   EARLY WARN
[14:45:12]   kf_tension_filt_vel          │ -2.7 │  -2 │  -7 │  +1 │       8% │     10% │  16% │      6% │       8% │       ALERTA
[14:45:12]   kf_conj_filt_vel             │ -2.7 │  -2 │  -6 │  +1 │       8% │     10% │  14% │     13% │       3% │       ALERTA
[14:45:12]   kf_rsi_filt_vel              │ -2.1 │  -3 │  -5 │  +0 │       8% │      9% │  11% │      4% │       8% │   EARLY WARN
[14:45:12]   kf_price_pred_val            │ -1.2 │  +0 │  -5 │  +2 │       6% │     10% │  21% │     11% │      11% │    DETECTION
[14:45:12]   conj_current_tide            │ -2.4 │  -2 │  -7 │  +2 │       8% │      7% │   7% │      9% │       9% │       ALERTA
[14:45:12]   kf_tension_pred_val          │ -2.0 │  -1 │  -5 │  +1 │       6% │     10% │  16% │      9% │       6% │       ALERTA
[14:45:12]   tension_current              │ -2.3 │  -3 │  -6 │  +1 │       7% │      9% │   7% │      4% │       7% │   EARLY WARN
[14:45:12]   vwap_spread_tide_wave        │ -2.7 │  -3 │  -7 │  +1 │       7% │      7% │   7% │      7% │       7% │   EARLY WARN
[14:45:12]   compression_ratio            │ -3.1 │  -4 │  -7 │  +1 │       8% │      6% │   7% │      7% │       6% │   EARLY WARN
[14:45:12]   tide_slope                   │ -2.5 │  -2 │  -6 │  +1 │       7% │      7% │   7% │      7% │       7% │       ALERTA
[14:45:12]   vwap_spread_current_wave     │ -2.7 │  -3 │  -6 │  +1 │       6% │      8% │   7% │      5% │       5% │   EARLY WARN
[14:45:12]   tension_tide                 │ -1.8 │  -1 │  -5 │  +2 │       5% │      7% │  14% │      7% │       7% │       ALERTA
[14:45:12]   current_slope                │ -2.6 │  -3 │  -7 │  +2 │       7% │      4% │   5% │      7% │       7% │   EARLY WARN
[14:45:12]   vwap_sigma_wave              │ -2.4 │  -1 │  -4 │  +0 │       3% │     10% │  25% │      0% │       0% │       ALERTA
[14:45:12] 
  HEATMAP (% of HL turns where feature fires at each offset):
[14:45:12]                                 t-10 t-9  t-8  t-7  t-6  t-5  t-4  t-3  t-2  t-1  t=0  t+1  t+2  t+3  t+4  t+5
[14:45:12]                                 ──── ──── ──── ──── ──── ──── ──── ──── ──── ──── ──── ──── ──── ──── ──── ────
[14:45:12]   wave_accel                      ▒7   ▒5   ▒7   ▓11   ▓12   ▒9   ▒7   ▓12   ▒7   ▓14   ▓18   ▒5   ▒5   ░4   ░2   ░4
[14:45:12]   kf_tension_filt_vel             ▓11   ▓12   ▒7   ▒9   ▒7   ▒5   ▒7   ▒9   ▒9   ▓11   ▓16   ▒5   ▒7   ▒7   ▒7   ▒9
[14:45:12]   kf_conj_filt_vel                ▒5   ▒7   ▒7   ▒9   ▒9   ▒9   ▒9   ▒7   ▒7   ▓12   ▓14   ▓18   ▒9   ▒5   ░2   ░2
[14:45:12]   kf_rsi_filt_vel                 ░2   ▒5   ▒5   ▒7   ▒7   ▓11   ▓14   ▓14   ▒9   ▒9   ▓11   ░4   ░4   ░4   ▓11   ▓11
[14:45:12]   kf_price_pred_val               ▒7    ·   ▒7   ▒7   ▒7   ▒9   ▒7   ▒5   ▓11   ▒9   █21   ▒9   ▓12   ▒9   ▓14   ▓11
[14:45:12] 
  ── HH (56 turns) ──
[14:45:12]   Feature                      │     μ │  med │  p25 │  p75 │ t-10→t-3 │ t-2,t-1 │  t=0 │ t+1,t+2 │  t+3→t+5 │        Class
[14:45:12]   ──────────────────────────── │ ───── │ ──── │ ──── │ ──── │ ──────── │ ─────── │ ──── │ ─────── │ ──────── │ ────────────
[14:45:12]   vwap_spread_tide_wave        │ -2.3 │  -2 │  -6 │  +2 │      12% │     12% │  12% │     12% │      12% │       ALERTA
[14:45:12]   current_accel                │ -3.5 │  -4 │  -7 │  +0 │       7% │      5% │  11% │      6% │       3% │   EARLY WARN
[14:45:12]   tide_slope                   │ -2.5 │  -2 │  -6 │  +1 │       7% │      7% │   7% │      7% │       7% │       ALERTA
[14:45:12]   wave_accel                   │ -2.3 │  -1 │  -7 │  +1 │       6% │      7% │  12% │      7% │       7% │       ALERTA
[14:45:12]   vwap_spread_tide_current     │ -2.2 │  -2 │  -6 │  +2 │       6% │      7% │   7% │      7% │       7% │       ALERTA
[14:45:12]   tide_accel                   │ -3.4 │  -4 │  -7 │  +0 │       6% │      4% │   7% │      4% │       4% │   EARLY WARN
[14:45:12]   kf_price_pred_val            │ -0.6 │  +1 │  -3 │  +2 │       4% │      9% │  14% │     23% │       8% │      CONFIRM
[14:45:12]   kf_tension_pred_val          │ -2.0 │  -2 │  -6 │  +2 │       6% │      6% │   9% │      5% │       8% │       ALERTA
[14:45:12]   kf_conj_filt_vel             │ -2.8 │  -2 │  -8 │  +2 │       6% │      4% │   9% │      5% │       7% │       ALERTA
[14:45:12]   rsi_value                    │ -2.4 │  -2 │  -4 │  +0 │       4% │     10% │  16% │      2% │       0% │       ALERTA
[14:45:12]   kf_rsi_pred_val              │ -1.8 │  -2 │  -4 │  +0 │       4% │      8% │  16% │      2% │       2% │       ALERTA
[14:45:12]   kf_tension_filt_vel          │ +0.1 │  +1 │  -2 │  +4 │       4% │      9% │  11% │      9% │      21% │      CONFIRM
[14:45:12]   tension_tide                 │ -2.1 │  -2 │  -6 │  +2 │       6% │      6% │   5% │      5% │       7% │       ALERTA
[14:45:12]   kf_price_filt_vel            │ -1.4 │  +1 │  -4 │  +2 │       6% │      5% │   5% │     23% │       5% │      CONFIRM
[14:45:12]   current_slope                │ -4.2 │  -5 │  -8 │  -1 │       6% │      4% │   4% │      3% │       2% │   EARLY WARN
[14:45:12] 
  HEATMAP (% of HH turns where feature fires at each offset):
[14:45:12]                                 t-10 t-9  t-8  t-7  t-6  t-5  t-4  t-3  t-2  t-1  t=0  t+1  t+2  t+3  t+4  t+5
[14:45:12]                                 ──── ──── ──── ──── ──── ──── ──── ──── ──── ──── ──── ──── ──── ──── ──── ────
[14:45:12]   vwap_spread_tide_wave           ▓11   ▓11   ▓11   ▓11   ▓12   ▓12   ▓12   ▓12   ▓12   ▓12   ▓12   ▓12   ▓12   ▓12   ▓12   ▓12
[14:45:12]   current_accel                   ▒9   ▒9   ▒7   ▒7   ▒5   ▒5   ▒9   ▒7   ░4   ▒7   ▓11   ▒7   ▒5   ░4   ░4   ░2
[14:45:12]   tide_slope                      ▒7   ▒7   ▒7   ▒7   ▒7   ▒7   ▒7   ▒7   ▒7   ▒7   ▒7   ▒7   ▒7   ▒7   ▒7   ▒7
[14:45:12]   wave_accel                      ▒9   ▒7   ▒5   ▒7   ▒5   ▒5   ░2   ▒5   ▒5   ▒9   ▓12   ▒7   ▒7   ▒5   ▒5   ▒9
[14:45:12]   vwap_spread_tide_current        ▒5   ▒5   ▒5   ▒7   ▒7   ▒7   ▒7   ▒7   ▒7   ▒7   ▒7   ▒7   ▒7   ▒7   ▒7   ▒7
[14:45:12] 
  ── LH (36 turns) ──
[14:45:12]   Feature                      │     μ │  med │  p25 │  p75 │ t-10→t-3 │ t-2,t-1 │  t=0 │ t+1,t+2 │  t+3→t+5 │        Class
[14:45:12]   ──────────────────────────── │ ───── │ ──── │ ──── │ ──── │ ──────── │ ─────── │ ──── │ ─────── │ ──────── │ ────────────
[14:45:12]   kf_price_pred_val            │ -2.4 │  -2 │  -6 │  +2 │      20% │     18% │  28% │     24% │      19% │       ALERTA
[14:45:12]   kf_price_filt_vel            │ -2.1 │  -2 │  -5 │  +1 │      15% │     19% │  31% │     24% │      11% │       ALERTA
[14:45:12]   wave_slope                   │ -3.5 │  -4 │  -7 │  +0 │      17% │     15% │  11% │     10% │      10% │   EARLY WARN
[14:45:12]   conj_wave_tide               │ -3.4 │  -4 │  -7 │  +0 │      15% │     15% │  11% │      8% │       8% │   EARLY WARN
[14:45:12]   kf_conj_pred_val             │ -3.4 │  -4 │  -7 │  -1 │      15% │     17% │   6% │      8% │       9% │   EARLY WARN
[14:45:12]   vwap_sigma_tide              │ -2.8 │  -3 │  -7 │  +1 │      15% │     14% │  14% │     14% │      13% │   EARLY WARN
[14:45:12]   kf_price_innovation          │ -1.8 │  -1 │  -6 │  +2 │      12% │     19% │  17% │     29% │      16% │       ALERTA
[14:45:12]   kf_tension_filt_vel          │ -2.7 │  -4 │  -6 │  +1 │      15% │     11% │  14% │     10% │      14% │   EARLY WARN
[14:45:12]   compression_ratio            │ -2.3 │  -2 │  -6 │  +2 │      13% │     15% │  14% │     17% │      13% │       ALERTA
[14:45:12]   wave_accel                   │ -1.7 │  -1 │  -4 │  +1 │      10% │     17% │  28% │     10% │      12% │       ALERTA
[14:45:12]   vwap_spread_current_wave     │ -2.0 │  -2 │  -6 │  +2 │      13% │     12% │  14% │     14% │      17% │       ALERTA
[14:45:12]   conj_wave_current            │ -3.4 │  -4 │  -7 │  +1 │      15% │      8% │   6% │     10% │      11% │   EARLY WARN
[14:45:12]   current_slope                │ -1.5 │  -1 │  -5 │  +2 │       9% │     14% │  14% │     12% │      14% │       ALERTA
[14:45:12]   kf_conj_filt_vel             │ -1.7 │  -1 │  -4 │  +1 │       8% │     15% │  14% │     15% │       9% │       ALERTA
[14:45:12]   vwap_spread_tide_wave        │ -1.6 │  -1 │  -5 │  +2 │       9% │     11% │  11% │     12% │      14% │       ALERTA
[14:45:12] 
  HEATMAP (% of LH turns where feature fires at each offset):
[14:45:12]                                 t-10 t-9  t-8  t-7  t-6  t-5  t-4  t-3  t-2  t-1  t=0  t+1  t+2  t+3  t+4  t+5
[14:45:12]                                 ──── ──── ──── ──── ──── ──── ──── ──── ──── ──── ──── ──── ──── ──── ──── ────
[14:45:12]   kf_price_pred_val               ▓19   ▓19   ▓19   ▓19   ▓14   █22   █25   █22   █22   ▓14   █28   ▓19   █28   █22   █22   ▓11
[14:45:12]   kf_price_filt_vel               ▒8   ▓11   ▓11   ▓19   ▓14   ▓19   █22   ▓14   ▓17   █22   █31   ▓17   █31   ▒8   ▓11   ▓14
[14:45:12]   wave_slope                      ▓17   ▓17   ▓17   ▓19   █22   ▓17   ▓14   ▓14   ▓14   ▓17   ▓11   ▓11   ▒8   ▓11   ▒8   ▓11
[14:45:12]   conj_wave_tide                  ▓14   ▓14   ▓14   ▓17   ▓17   ▓17   ▓14   ▓14   ▓17   ▓14   ▓11   ▒8   ▒8   ▒8   ▒8   ▒8
[14:45:12]   kf_conj_pred_val                ▓14   ▓14   ▓14   ▓17   ▓17   ▓17   ▓14   ▓17   ▓17   ▓17   ▒6   ▒8   ▒8   ▒8   ▒8   ▓11
[14:45:12] 
  Processing HD...
[14:45:12] ══════════════════════════════════════════════════════════════════════════════════════════
[14:45:12]   TICKER: HD
[14:45:12] ══════════════════════════════════════════════════════════════════════════════════════════
[14:45:12] 
  ── LL (59 turns) ──
[14:45:12]   Feature                      │     μ │  med │  p25 │  p75 │ t-10→t-3 │ t-2,t-1 │  t=0 │ t+1,t+2 │  t+3→t+5 │        Class
[14:45:12]   ──────────────────────────── │ ───── │ ──── │ ──── │ ──── │ ──────── │ ─────── │ ──── │ ─────── │ ──────── │ ────────────
[14:45:12]   fear_level                   │ -1.7 │  -1 │  -5 │  +2 │      18% │     27% │  29% │     26% │      25% │       ALERTA
[14:45:12]   vwap_sigma_tide              │ -1.7 │  -1 │  -4 │  +1 │      14% │     31% │  39% │     21% │      16% │       ALERTA
[14:45:12]   kf_price_pred_val            │ -2.2 │  -2 │  -6 │  +2 │      17% │     19% │  25% │     24% │      19% │       ALERTA
[14:45:12]   kf_price_filt_vel            │ -2.0 │  -2 │  -5 │  +2 │      17% │     17% │  14% │     38% │      17% │       ALERTA
[14:45:12]   current_accel                │ -2.4 │  -2 │  -6 │  +1 │      15% │     19% │  24% │     13% │      16% │       ALERTA
[14:45:12]   kf_price_innovation          │ -1.8 │  -1 │  -5 │  +2 │      17% │     19% │  12% │     40% │      19% │       ALERTA
[14:45:12]   wave_accel                   │ -2.7 │  -3 │  -6 │  +0 │      15% │     14% │  27% │     14% │      10% │   EARLY WARN
[14:45:12]   conj_current_tide            │ -2.8 │  -3 │  -7 │  +1 │      15% │     14% │  14% │     14% │      13% │   EARLY WARN
[14:45:12]   kf_conj_filt_vel             │ -2.3 │  -2 │  -6 │  +1 │      14% │     12% │  17% │     19% │      12% │       ALERTA
[14:45:12]   wave_slope                   │ -1.1 │  +0 │  -5 │  +2 │      10% │     15% │  20% │     21% │      20% │    DETECTION
[14:45:12]   current_slope                │ -1.8 │  -2 │  -6 │  +2 │      12% │     11% │  14% │     15% │      16% │       ALERTA
[14:45:12]   tide_slope                   │ -2.1 │  -2 │  -6 │  +2 │      11% │     12% │  12% │     12% │      14% │       ALERTA
[14:45:12]   kf_conj_pred_val             │ -1.5 │  -0 │  -5 │  +3 │      10% │     11% │  15% │     17% │      18% │    DETECTION
[14:45:12]   vwap_sigma_current           │ -2.6 │  -2 │  -5 │  +0 │       7% │     18% │  27% │      4% │       3% │       ALERTA
[14:45:12]   conj_wave_tide               │ -1.5 │  +0 │  -6 │  +3 │      10% │     10% │  15% │     16% │      19% │    DETECTION
[14:45:12] 
  HEATMAP (% of LL turns where feature fires at each offset):
[14:45:12]                                 t-10 t-9  t-8  t-7  t-6  t-5  t-4  t-3  t-2  t-1  t=0  t+1  t+2  t+3  t+4  t+5
[14:45:12]                                 ──── ──── ──── ──── ──── ──── ──── ──── ──── ──── ──── ──── ──── ──── ──── ────
[14:45:12]   fear_level                      ▓12   ▓14   ▓19   ▓19   █20   █20   █20   █24   █25   █29   █29   █25   █27   █29   █25   █22
[14:45:12]   vwap_sigma_tide                 ▒8   ▓12   ▓12   ▓12   ▓14   ▓15   ▓19   █22   █32   █31   █39   █24   ▓19   ▓19   ▓15   ▓15
[14:45:12]   kf_price_pred_val               ▓19   ▓15   ▓19   ▓19   ▓19   ▓19   ▓17   ▓12   ▓19   ▓19   █25   █20   █27   █25   ▓14   ▓19
[14:45:12]   kf_price_filt_vel               █20   ▓17   ▓19   ▓12   ▓10   █22   █22   ▓17   ▓19   ▓15   ▓14   █41   █36   █22   ▓14   ▓15
[14:45:12]   current_accel                   ▓15   ▓14   ▓17   ▓12   ▓19   ▓14   ▓15   ▓17   █20   ▓19   █24   ▓14   ▓12   ▓17   ▓15   ▓17
[14:45:12] 
  ── HL (59 turns) ──
[14:45:12]   Feature                      │     μ │  med │  p25 │  p75 │ t-10→t-3 │ t-2,t-1 │  t=0 │ t+1,t+2 │  t+3→t+5 │        Class
[14:45:12]   ──────────────────────────── │ ───── │ ──── │ ──── │ ──── │ ──────── │ ─────── │ ──── │ ─────── │ ──────── │ ────────────
[14:45:12]   kf_tension_pred_val          │ -2.4 │  -2 │  -6 │  +1 │      15% │     17% │  24% │     16% │      14% │       ALERTA
[14:45:12]   tension_tide                 │ -2.3 │  -2 │  -6 │  +1 │      15% │     17% │  19% │     16% │      15% │       ALERTA
[14:45:12]   tide_slope                   │ -2.5 │  -3 │  -6 │  +1 │      15% │     14% │  15% │     14% │      14% │   EARLY WARN
[14:45:12]   vwap_spread_tide_wave        │ -2.8 │  -3 │  -7 │  +1 │      14% │     13% │  12% │     12% │      12% │   EARLY WARN
[14:45:12]   conj_wave_tide               │ -3.4 │  -4 │  -7 │  +0 │      12% │     14% │  12% │      7% │       7% │   EARLY WARN
[14:45:12]   kf_conj_pred_val             │ -3.4 │  -4 │  -7 │  -1 │      12% │     14% │   8% │      6% │       7% │   EARLY WARN
[14:45:12]   current_slope                │ -2.8 │  -3 │  -7 │  +1 │      11% │     12% │  12% │     11% │       9% │   EARLY WARN
[14:45:12]   vwap_spread_current_wave     │ -2.8 │  -3 │  -7 │  +1 │      12% │     10% │  10% │     12% │      10% │   EARLY WARN
[14:45:12]   conj_wave_current            │ -3.0 │  -4 │  -7 │  +1 │      12% │      8% │   8% │      9% │      10% │   EARLY WARN
[14:45:12]   vwap_spread_tide_current     │ -2.3 │  -2 │  -7 │  +2 │      11% │     11% │  12% │     12% │      14% │       ALERTA
[14:45:12]   conj_current_tide            │ -2.5 │  -2 │  -6 │  +1 │      10% │     13% │  12% │     11% │       9% │       ALERTA
[14:45:12]   kf_price_pred_val            │ -2.2 │  -2 │  -6 │  +1 │       9% │     12% │  20% │     10% │      10% │       ALERTA
[14:45:12]   kf_tension_filt_vel          │ -1.9 │  -1 │  -5 │  +1 │       8% │     14% │  20% │      8% │      10% │       ALERTA
[14:45:12]   wave_slope                   │ -3.2 │  -3 │  -7 │  +0 │       9% │     13% │  10% │      8% │       5% │   EARLY WARN
[14:45:12]   kf_price_filt_vel            │ -2.2 │  -2 │  -6 │  +1 │       8% │     12% │  17% │     16% │       8% │       ALERTA
[14:45:12] 
  HEATMAP (% of HL turns where feature fires at each offset):
[14:45:12]                                 t-10 t-9  t-8  t-7  t-6  t-5  t-4  t-3  t-2  t-1  t=0  t+1  t+2  t+3  t+4  t+5
[14:45:12]                                 ──── ──── ──── ──── ──── ──── ──── ──── ──── ──── ──── ──── ──── ──── ──── ────
[14:45:12]   kf_tension_pred_val             ▓15   ▓15   ▓14   ▓15   ▓15   ▓14   ▓14   ▓17   ▓17   ▓17   █24   ▓17   ▓15   ▓15   ▓14   ▓14
[14:45:12]   tension_tide                    ▓14   ▓15   ▓14   ▓15   ▓15   ▓14   ▓15   ▓17   ▓17   ▓17   ▓19   ▓17   ▓15   ▓17   ▓15   ▓14
[14:45:12]   tide_slope                      ▓14   ▓14   ▓14   ▓15   ▓15   ▓15   ▓15   ▓15   ▓15   ▓14   ▓15   ▓15   ▓14   ▓14   ▓14   ▓14
[14:45:12]   vwap_spread_tide_wave           ▓14   ▓14   ▓14   ▓14   ▓14   ▓14   ▓14   ▓15   ▓14   ▓12   ▓12   ▓12   ▓12   ▓12   ▓12   ▓12
[14:45:12]   conj_wave_tide                  ▓14   ▓12   ▓12   ▓12   ▓12   ▓12   ▓14   ▓14   ▓14   ▓14   ▓12   ▒7   ▒7   ▒7   ▒7   ▒7
[14:45:12] 
  ── HH (63 turns) ──
[14:45:12]   Feature                      │     μ │  med │  p25 │  p75 │ t-10→t-3 │ t-2,t-1 │  t=0 │ t+1,t+2 │  t+3→t+5 │        Class
[14:45:12]   ──────────────────────────── │ ───── │ ──── │ ──── │ ──── │ ──────── │ ─────── │ ──── │ ─────── │ ──────── │ ────────────
[14:45:12]   current_accel                │ -2.9 │  -3 │  -7 │  +1 │      14% │     13% │  11% │     10% │      11% │   EARLY WARN
[14:45:12]   conj_wave_current            │ -3.4 │  -4 │  -7 │  +0 │      13% │     12% │  13% │      9% │       8% │   EARLY WARN
[14:45:12]   vwap_spread_tide_wave        │ -3.0 │  -3 │  -7 │  +1 │      12% │     13% │  11% │     11% │      10% │   EARLY WARN
[14:45:12]   conj_wave_tide               │ -2.9 │  -3 │  -7 │  +1 │      12% │     12% │  13% │     12% │       8% │   EARLY WARN
[14:45:12]   vwap_spread_tide_current     │ -2.6 │  -3 │  -7 │  +2 │      12% │     11% │  11% │     11% │      13% │   EARLY WARN
[14:45:12]   kf_conj_pred_val             │ -3.0 │  -3 │  -7 │  +1 │      11% │     12% │  13% │     10% │       7% │   EARLY WARN
[14:45:12]   kf_tension_pred_val          │ -2.4 │  -2 │  -6 │  +1 │      11% │     12% │  13% │     10% │      10% │       ALERTA
[14:45:12]   tension_tide                 │ -2.3 │  -2 │  -6 │  +2 │      11% │     11% │  13% │     11% │      11% │       ALERTA
[14:45:12]   tide_accel                   │ -2.9 │  -3 │  -6 │  +0 │      10% │     11% │  13% │      8% │       6% │   EARLY WARN
[14:45:12]   kf_price_innovation          │ -2.6 │  -3 │  -6 │  +1 │      11% │     10% │   5% │     13% │      10% │   EARLY WARN
[14:45:12]   tide_slope                   │ -2.6 │  -3 │  -6 │  +1 │      10% │     10% │  10% │      8% │       9% │   EARLY WARN
[14:45:12]   kf_price_pred_val            │ -2.3 │  -2 │  -6 │  +2 │       9% │      9% │  17% │     10% │       8% │       ALERTA
[14:45:12]   wave_slope                   │ -3.1 │  -3 │  -7 │  +1 │       9% │      7% │  10% │     10% │       6% │   EARLY WARN
[14:45:12]   kf_price_filt_vel            │ -2.7 │  -3 │  -7 │  +2 │       9% │      7% │   6% │     13% │       7% │   EARLY WARN
[14:45:12]   kf_tension_filt_vel          │ -1.8 │  -2 │  -6 │  +3 │       9% │      8% │  10% │      5% │      14% │       ALERTA
[14:45:12] 
  HEATMAP (% of HH turns where feature fires at each offset):
[14:45:12]                                 t-10 t-9  t-8  t-7  t-6  t-5  t-4  t-3  t-2  t-1  t=0  t+1  t+2  t+3  t+4  t+5
[14:45:12]                                 ──── ──── ──── ──── ──── ──── ──── ──── ──── ──── ──── ──── ──── ──── ──── ────
[14:45:12]   current_accel                   ▓14   ▓13   ▓14   ▒10   ▓13   ▓16   ▓14   ▓17   ▓11   ▓14   ▓11   ▓13   ▒8   ▒8   ▓13   ▓11
[14:45:12]   conj_wave_current               ▓13   ▓14   ▓16   ▓16   ▓13   ▓11   ▓11   ▓11   ▓13   ▓11   ▓13   ▒10   ▒8   ▒8   ▒8   ▒8
[14:45:12]   vwap_spread_tide_wave           ▓14   ▓14   ▓13   ▓13   ▓13   ▓11   ▓11   ▓11   ▓13   ▓13   ▓11   ▓11   ▓11   ▒10   ▒10   ▒10
[14:45:12]   conj_wave_tide                  ▓11   ▓13   ▓13   ▓11   ▓11   ▓11   ▓11   ▓13   ▓11   ▓13   ▓13   ▓13   ▓11   ▒10   ▒8   ▒6
[14:45:12]   vwap_spread_tide_current        ▓13   ▓13   ▓13   ▓13   ▓11   ▓13   ▓11   ▓11   ▓11   ▓11   ▓11   ▓11   ▓11   ▓13   ▓13   ▓13
[14:45:12] 
  ── LH (55 turns) ──
[14:45:12]   Feature                      │     μ │  med │  p25 │  p75 │ t-10→t-3 │ t-2,t-1 │  t=0 │ t+1,t+2 │  t+3→t+5 │        Class
[14:45:12]   ──────────────────────────── │ ───── │ ──── │ ──── │ ──── │ ──────── │ ─────── │ ──── │ ─────── │ ──────── │ ────────────
[14:45:12]   wave_accel                   │ -2.0 │  -2 │  -5 │  +1 │      14% │     22% │  24% │     13% │      15% │       ALERTA
[14:45:12]   kf_price_pred_val            │ -2.2 │  -2 │  -7 │  +2 │      17% │     12% │  20% │     22% │      20% │       ALERTA
[14:45:12]   fear_level                   │ -1.9 │  -2 │  -5 │  +2 │      15% │     19% │  16% │     17% │      20% │       ALERTA
[14:45:12]   kf_price_filt_vel            │ -1.9 │  -1 │  -6 │  +2 │      15% │     15% │  24% │     28% │      17% │       ALERTA
[14:45:12]   kf_price_innovation          │ -2.0 │  -1 │  -6 │  +1 │      16% │     17% │  13% │     27% │      19% │       ALERTA
[14:45:12]   wave_slope                   │ -3.9 │  -5 │  -8 │  +0 │      18% │     12% │   9% │     10% │      10% │   EARLY WARN
[14:45:12]   conj_current_tide            │ -3.0 │  -3 │  -7 │  +1 │      16% │     15% │  15% │     13% │      12% │   EARLY WARN
[14:45:12]   conj_wave_tide               │ -4.1 │  -5 │  -8 │  -1 │      18% │     11% │   5% │      9% │      10% │   EARLY WARN
[14:45:12]   kf_conj_filt_vel             │ -1.5 │  -1 │  -4 │  +2 │      12% │     24% │  22% │     22% │      16% │       ALERTA
[14:45:12]   kf_conj_pred_val             │ -4.2 │  -5 │  -8 │  -1 │      18% │      8% │   5% │      8% │      10% │   EARLY WARN
[14:45:12]   current_slope                │ -2.3 │  -2 │  -6 │  +2 │      14% │     15% │  16% │     15% │      15% │       ALERTA
[14:45:12]   vwap_spread_current_wave     │ -2.4 │  -2 │  -6 │  +1 │      13% │     15% │  15% │     14% │      12% │       ALERTA
[14:45:12]   current_accel                │ -2.8 │  -3 │  -7 │  +2 │      14% │      9% │   9% │     15% │      14% │   EARLY WARN
[14:45:12]   vwap_sigma_tide              │ -2.0 │  -2 │  -6 │  +3 │      13% │     11% │   7% │     15% │      19% │       ALERTA
[14:45:12]   tide_slope                   │ -2.2 │  -2 │  -6 │  +2 │      11% │     13% │  13% │     13% │      13% │       ALERTA
[14:45:12] 
  HEATMAP (% of LH turns where feature fires at each offset):
[14:45:12]                                 t-10 t-9  t-8  t-7  t-6  t-5  t-4  t-3  t-2  t-1  t=0  t+1  t+2  t+3  t+4  t+5
[14:45:12]                                 ──── ──── ──── ──── ──── ──── ──── ──── ──── ──── ──── ──── ──── ──── ──── ────
[14:45:12]   wave_accel                      ▒9   ▒9   ▓11   ▓11   ▓15   ▓16   █24   █20   █20   █24   █24   ▓13   ▓13   ▓16   ▓13   ▓15
[14:45:12]   kf_price_pred_val               ▓15   █20   █20   █24   ▓13   ▓11   ▓18   ▓18   ▓16   ▒7   █20   ▓18   █25   █22   ▓18   █20
[14:45:12]   fear_level                      ▓13   ▓13   ▓13   ▓13   ▓15   ▓18   █20   █20   ▓18   █20   ▓16   ▓16   ▓18   █20   █22   ▓18
[14:45:12]   kf_price_filt_vel               ▒9   ▓15   ▓16   █20   ▓16   █20   ▓15   ▓13   ▓18   ▓13   █24   █27   █29   ▓18   ▓15   ▓18
[14:45:12]   kf_price_innovation             ▓13   ▓13   ▓16   ▓16   █24   █20   ▓15   ▓15   ▓13   █22   ▓13   █40   ▓15   █20   █20   ▓16
[14:45:12] 
  Processing HON...
[14:45:13] ══════════════════════════════════════════════════════════════════════════════════════════
[14:45:13]   TICKER: HON
[14:45:13] ══════════════════════════════════════════════════════════════════════════════════════════
[14:45:13] 
  ── LL (48 turns) ──
[14:45:13]   Feature                      │     μ │  med │  p25 │  p75 │ t-10→t-3 │ t-2,t-1 │  t=0 │ t+1,t+2 │  t+3→t+5 │        Class
[14:45:13]   ──────────────────────────── │ ───── │ ──── │ ──── │ ──── │ ──────── │ ─────── │ ──── │ ─────── │ ──────── │ ────────────
[14:45:13]   vwap_sigma_current           │ -3.1 │  -2 │  -6 │  +0 │      17% │     33% │  54% │      8% │       3% │       ALERTA
[14:45:13]   vwap_sigma_tide              │ -1.8 │  -1 │  -5 │  +1 │      19% │     30% │  42% │     30% │      22% │       ALERTA
[14:45:13]   sigma_tide                   │ -2.0 │  -2 │  -5 │  +1 │      17% │     29% │  44% │     22% │      15% │       ALERTA
[14:45:13]   wave_accel                   │ -2.5 │  -2 │  -6 │  +0 │      16% │     28% │  33% │     19% │      10% │       ALERTA
[14:45:13]   fear_level                   │ -2.3 │  -2 │  -6 │  +2 │      18% │     19% │  21% │     20% │      21% │       ALERTA
[14:45:13]   rsi_value                    │ -2.3 │  -2 │  -5 │  +0 │      12% │     30% │  48% │      7% │       6% │       ALERTA
[14:45:13]   kf_price_pred_val            │ -1.5 │  -1 │  -4 │  +2 │      14% │     25% │  40% │     26% │      19% │       ALERTA
[14:45:13]   kf_rsi_pred_val              │ -3.1 │  -2 │  -6 │  +0 │      14% │     24% │  44% │      7% │       3% │       ALERTA
[14:45:13]   wave_slope                   │ -1.8 │  -1 │  -5 │  +2 │      17% │     20% │  21% │     24% │      24% │       ALERTA
[14:45:13]   kf_conj_filt_vel             │ -2.2 │  -1 │  -6 │  +1 │      16% │     22% │  27% │     25% │      16% │       ALERTA
[14:45:13]   tide_accel                   │ -1.4 │  -1 │  -5 │  +2 │      15% │     22% │  25% │     24% │      24% │       ALERTA
[14:45:13]   kf_conj_pred_val             │ -1.7 │  -1 │  -6 │  +2 │      15% │     16% │  17% │     21% │      23% │       ALERTA
[14:45:13]   conj_wave_tide               │ -1.8 │  -2 │  -6 │  +2 │      15% │     16% │  17% │     19% │      22% │       ALERTA
[14:45:13]   current_accel                │ -1.9 │  -1 │  -5 │  +2 │      13% │     20% │  23% │     21% │      15% │       ALERTA
[14:45:13]   conj_wave_current            │ -1.1 │  +0 │  -4 │  +3 │      12% │     21% │  23% │     24% │      24% │    DETECTION
[14:45:13] 
  HEATMAP (% of LL turns where feature fires at each offset):
[14:45:13]                                 t-10 t-9  t-8  t-7  t-6  t-5  t-4  t-3  t-2  t-1  t=0  t+1  t+2  t+3  t+4  t+5
[14:45:13]                                 ──── ──── ──── ──── ──── ──── ──── ──── ──── ──── ──── ──── ──── ──── ──── ────
[14:45:13]   vwap_sigma_current              ▓15   ▓12   ▓15   ▓19   ▓19   ▓15   ▓19   █23   █31   █35   █54   ▒8   ▒8   ░4   ░2   ░4
[14:45:13]   vwap_sigma_tide                 ▓17   ▓15   ▓17   ▓17   ▓17   █21   █23   █27   █27   █33   █42   █31   █29   █23   █23   ▓19
[14:45:13]   sigma_tide                      ▓15   ▓10   ▓15   ▓17   ▓19   ▓17   ▓19   █25   █29   █29   █44   █23   █21   ▓12   ▓17   ▓17
[14:45:13]   wave_accel                      ▓17   ▓17   ▓15   ▓15   ▓15   ▓12   ▓19   ▓17   █23   █33   █33   █21   ▓17   ▒8   ▓10   ▓12
[14:45:13]   fear_level                      ▓17   ▓19   ▓19   ▓19   ▓19   ▓19   ▓19   ▓19   ▓19   ▓19   █21   ▓19   █21   ▓19   █21   █23
[14:45:13] 
  ── HL (56 turns) ──
[14:45:13]   Feature                      │     μ │  med │  p25 │  p75 │ t-10→t-3 │ t-2,t-1 │  t=0 │ t+1,t+2 │  t+3→t+5 │        Class
[14:45:13]   ──────────────────────────── │ ───── │ ──── │ ──── │ ──── │ ──────── │ ─────── │ ──── │ ─────── │ ──────── │ ────────────
[14:45:13]   conj_current_tide            │ -2.9 │  -3 │  -7 │  +1 │      18% │     18% │  18% │     17% │      14% │   EARLY WARN
[14:45:13]   vwap_spread_current_wave     │ -2.5 │  -3 │  -6 │  +1 │      18% │     18% │  18% │     19% │      16% │   EARLY WARN
[14:45:13]   kf_tension_pred_val          │ -1.8 │  -2 │  -5 │  +2 │      14% │     20% │  21% │     19% │      17% │       ALERTA
[14:45:13]   current_slope                │ -2.9 │  -3 │  -7 │  +1 │      15% │     13% │  14% │     14% │      14% │   EARLY WARN
[14:45:13]   kf_conj_filt_vel             │ -2.7 │  -2 │  -7 │  +1 │      14% │     18% │  16% │     14% │      12% │       ALERTA
[14:45:13]   tension_tide                 │ -1.7 │  -1 │  -5 │  +2 │      13% │     18% │  21% │     17% │      18% │       ALERTA
[14:45:13]   vwap_spread_tide_current     │ -2.6 │  -3 │  -7 │  +1 │      15% │     14% │  14% │     14% │      14% │   EARLY WARN
[14:45:13]   wave_accel                   │ -2.4 │  -2 │  -6 │  +1 │      12% │     16% │  21% │     11% │      13% │       ALERTA
[14:45:13]   vwap_spread_tide_wave        │ -2.5 │  -3 │  -7 │  +2 │      14% │     12% │  14% │     14% │      14% │   EARLY WARN
[14:45:13]   conj_wave_tide               │ -3.1 │  -3 │  -7 │  +1 │      14% │     12% │  12% │     11% │      11% │   EARLY WARN
[14:45:13]   kf_conj_pred_val             │ -3.1 │  -3 │  -7 │  +1 │      14% │     12% │  11% │     11% │      10% │   EARLY WARN
[14:45:13]   tide_slope                   │ -2.5 │  -2 │  -6 │  +1 │      12% │     12% │  12% │     12% │      12% │       ALERTA
[14:45:13]   wave_slope                   │ -3.6 │  -4 │  -7 │  +0 │      13% │     12% │   9% │      7% │       8% │   EARLY WARN
[14:45:13]   conj_wave_current            │ -3.1 │  -4 │  -7 │  +1 │      13% │     10% │   7% │     10% │      12% │   EARLY WARN
[14:45:13]   tide_accel                   │ -3.4 │  -4 │  -7 │  +1 │      12% │     11% │   9% │     11% │       8% │   EARLY WARN
[14:45:13] 
  HEATMAP (% of HL turns where feature fires at each offset):
[14:45:13]                                 t-10 t-9  t-8  t-7  t-6  t-5  t-4  t-3  t-2  t-1  t=0  t+1  t+2  t+3  t+4  t+5
[14:45:13]                                 ──── ──── ──── ──── ──── ──── ──── ──── ──── ──── ──── ──── ──── ──── ──── ────
[14:45:13]   conj_current_tide               ▓18   ▓20   ▓20   ▓18   ▓18   ▓18   ▓18   ▓18   ▓18   ▓18   ▓18   ▓18   ▓16   ▓14   ▓14   ▓14
[14:45:13]   vwap_spread_current_wave        ▓16   ▓16   ▓14   ▓16   ▓20   █21   ▓20   ▓18   ▓18   ▓18   ▓18   ▓20   ▓18   ▓16   ▓16   ▓16
[14:45:13]   kf_tension_pred_val             ▓11   ▒9   ▓11   ▓14   ▓16   ▓18   ▓16   ▓18   ▓20   ▓20   █21   █21   ▓16   ▓18   ▓18   ▓16
[14:45:13]   current_slope                   ▓20   ▓18   ▓16   ▓16   ▓14   ▓14   ▓12   ▓12   ▓12   ▓14   ▓14   ▓14   ▓14   ▓14   ▓14   ▓12
[14:45:13]   kf_conj_filt_vel                ▓14   ▓14   ▓16   ▓16   ▓12   ▓12   ▓12   ▓12   ▓18   ▓18   ▓16   ▓16   ▓12   ▓14   ▓11   ▓11
[14:45:13] 
  ── HH (59 turns) ──
[14:45:13]   Feature                      │     μ │  med │  p25 │  p75 │ t-10→t-3 │ t-2,t-1 │  t=0 │ t+1,t+2 │  t+3→t+5 │        Class
[14:45:13]   ──────────────────────────── │ ───── │ ──── │ ──── │ ──── │ ──────── │ ─────── │ ──── │ ─────── │ ──────── │ ────────────
[14:45:13]   kf_conj_pred_val             │ -2.3 │  -2 │  -6 │  +2 │      18% │     20% │  20% │     23% │      18% │       ALERTA
[14:45:13]   conj_wave_tide               │ -2.2 │  -2 │  -6 │  +2 │      18% │     20% │  20% │     20% │      19% │       ALERTA
[14:45:13]   wave_slope                   │ -2.1 │  -2 │  -6 │  +2 │      13% │     15% │  17% │     17% │      15% │       ALERTA
[14:45:13]   current_accel                │ -3.9 │  -4 │  -8 │  -1 │      14% │     13% │  12% │      9% │       5% │   EARLY WARN
[14:45:13]   conj_wave_current            │ -3.0 │  -3 │  -7 │  +0 │      12% │     17% │  12% │      9% │       8% │   EARLY WARN
[14:45:13]   conj_current_tide            │ -1.2 │  -1 │  -5 │  +3 │      11% │     14% │  15% │     19% │      20% │       ALERTA
[14:45:13]   kf_conj_filt_vel             │ -2.7 │  -3 │  -6 │  +1 │      11% │     12% │  14% │     13% │       8% │   EARLY WARN
[14:45:13]   current_slope                │ -2.3 │  -2 │  -6 │  +2 │      11% │     12% │  12% │     10% │      12% │       ALERTA
[14:45:13]   tide_accel                   │ -2.4 │  -2 │  -6 │  +1 │      11% │     12% │  12% │     12% │      11% │       ALERTA
[14:45:13]   wave_accel                   │ -3.0 │  -3 │  -7 │  +1 │      11% │     10% │  12% │      9% │       8% │   EARLY WARN
[14:45:13]   vwap_spread_current_wave     │ -2.6 │  -3 │  -7 │  +1 │      11% │     11% │   8% │      9% │      11% │   EARLY WARN
[14:45:13]   vwap_spread_tide_current     │ -2.7 │  -3 │  -7 │  +1 │      11% │     10% │  10% │     10% │      10% │   EARLY WARN
[14:45:13]   tide_slope                   │ -2.2 │  -2 │  -6 │  +2 │       9% │     10% │  10% │     10% │      10% │       ALERTA
[14:45:13]   vwap_spread_tide_wave        │ -2.3 │  -2 │  -6 │  +2 │       9% │     10% │   8% │      8% │      10% │       ALERTA
[14:45:13]   tension_tide                 │ -2.7 │  -2 │  -7 │  +1 │       9% │     10% │  10% │      8% │       8% │       ALERTA
[14:45:13] 
  HEATMAP (% of HH turns where feature fires at each offset):
[14:45:13]                                 t-10 t-9  t-8  t-7  t-6  t-5  t-4  t-3  t-2  t-1  t=0  t+1  t+2  t+3  t+4  t+5
[14:45:13]                                 ──── ──── ──── ──── ──── ──── ──── ──── ──── ──── ──── ──── ──── ──── ──── ────
[14:45:13]   kf_conj_pred_val                ▓17   ▓15   ▓17   ▓17   ▓19   █22   █20   █20   █20   █20   █20   █22   █24   █20   ▓17   ▓17
[14:45:13]   conj_wave_tide                  ▓15   ▓15   ▓17   ▓17   ▓17   █20   █22   █20   █20   █20   █20   █20   █20   █22   ▓19   ▓17
[14:45:13]   wave_slope                      ▓14   ▓14   ▓12   ▓12   ▓10   ▓14   ▓15   ▓15   ▓15   ▓15   ▓17   ▓17   ▓17   ▓15   ▓15   ▓14
[14:45:13]   current_accel                   ▓14   █20   ▓15   ▓14   ▓14   ▓12   ▓14   ▓12   ▓12   ▓14   ▓12   ▓12   ▒7   ░3   ▒5   ▒7
[14:45:13]   conj_wave_current               ▓12   ▓12   ▓12   ▓14   ▓12   ▓12   ▓12   ▓15   ▓17   ▓17   ▓12   ▓10   ▒8   ▒8   ▒8   ▒7
[14:45:13] 
  ── LH (45 turns) ──
[14:45:13]   Feature                      │     μ │  med │  p25 │  p75 │ t-10→t-3 │ t-2,t-1 │  t=0 │ t+1,t+2 │  t+3→t+5 │        Class
[14:45:13]   ──────────────────────────── │ ───── │ ──── │ ──── │ ──── │ ──────── │ ─────── │ ──── │ ─────── │ ──────── │ ────────────
[14:45:13]   kf_conj_filt_vel             │ -2.2 │  -2 │  -6 │  +1 │      19% │     24% │  22% │     20% │      18% │       ALERTA
[14:45:13]   wave_accel                   │ -2.6 │  -3 │  -6 │  +1 │      19% │     21% │  20% │     19% │      15% │   EARLY WARN
[14:45:13]   kf_price_pred_val            │ -2.3 │  -2 │  -6 │  +2 │      18% │     19% │  24% │     18% │      19% │       ALERTA
[14:45:13]   conj_current_tide            │ -1.9 │  -2 │  -5 │  +2 │      17% │     22% │  22% │     22% │      22% │       ALERTA
[14:45:13]   current_slope                │ -1.5 │  -1 │  -5 │  +2 │      16% │     22% │  22% │     22% │      23% │       ALERTA
[14:45:13]   wave_slope                   │ -3.2 │  -4 │  -7 │  +1 │      19% │     13% │  13% │     12% │      14% │   EARLY WARN
[14:45:13]   conj_wave_tide               │ -2.4 │  -2 │  -6 │  +1 │      17% │     18% │  20% │     18% │      16% │       ALERTA
[14:45:13]   vwap_spread_current_wave     │ -1.3 │  -1 │  -5 │  +2 │      15% │     21% │  24% │     24% │      24% │       ALERTA
[14:45:13]   kf_conj_pred_val             │ -2.6 │  -2 │  -7 │  +1 │      16% │     19% │  20% │     16% │      15% │       ALERTA
[14:45:13]   tide_accel                   │ -1.9 │  -2 │  -5 │  +2 │      15% │     19% │  16% │     19% │      19% │       ALERTA
[14:45:13]   kf_price_innovation          │ -1.7 │  -1 │  -6 │  +2 │      14% │     18% │  22% │     23% │      21% │       ALERTA
[14:45:13]   vwap_spread_tide_wave        │ -2.4 │  -2 │  -6 │  +2 │      15% │     16% │  16% │     16% │      16% │       ALERTA
[14:45:13]   fear_level                   │ -2.5 │  -3 │  -7 │  +2 │      15% │     13% │  13% │     14% │      16% │   EARLY WARN
[14:45:13]   vwap_sigma_tide              │ -1.9 │  -2 │  -6 │  +2 │      14% │     17% │  11% │     18% │      21% │       ALERTA
[14:45:13]   conj_wave_current            │ -1.2 │  -1 │  -5 │  +3 │      13% │     16% │  16% │     19% │      24% │       ALERTA
[14:45:13] 
  HEATMAP (% of LH turns where feature fires at each offset):
[14:45:13]                                 t-10 t-9  t-8  t-7  t-6  t-5  t-4  t-3  t-2  t-1  t=0  t+1  t+2  t+3  t+4  t+5
[14:45:13]                                 ──── ──── ──── ──── ──── ──── ──── ──── ──── ──── ──── ──── ──── ──── ──── ────
[14:45:13]   kf_conj_filt_vel                ▓13   ▓11   ▓18   █20   █20   █20   █22   █24   █24   █24   █22   █22   ▓18   ▓18   ▓18   ▓18
[14:45:13]   wave_accel                      ▓13   ▓11   █22   ▓18   █20   █20   █24   █27   █20   █22   █20   ▓18   █20   ▓18   ▓16   ▓11
[14:45:13]   kf_price_pred_val               █20   ▒9   █22   ▓18   ▓18   ▓16   █24   ▓16   ▓11   █27   █24   ▓13   █22   █20   █22   ▓13
[14:45:13]   conj_current_tide               ▓16   ▓16   ▓16   ▓16   ▓16   ▓18   ▓18   █20   █22   █22   █22   █22   █22   █22   █22   █22
[14:45:13]   current_slope                   ▓11   ▓11   ▓13   ▓13   ▓13   █20   █22   █22   █22   █22   █22   █22   █22   █22   █22   █24
[14:45:13] 
  Processing IBM...
[14:45:13] ══════════════════════════════════════════════════════════════════════════════════════════
[14:45:13]   TICKER: IBM
[14:45:13] ══════════════════════════════════════════════════════════════════════════════════════════
[14:45:13] 
  ── LL (48 turns) ──
[14:45:13]   Feature                      │     μ │  med │  p25 │  p75 │ t-10→t-3 │ t-2,t-1 │  t=0 │ t+1,t+2 │  t+3→t+5 │        Class
[14:45:13]   ──────────────────────────── │ ───── │ ──── │ ──── │ ──── │ ──────── │ ─────── │ ──── │ ─────── │ ──────── │ ────────────
[14:45:13]   kf_price_pred_val            │ -1.5 │  +0 │  -5 │  +2 │      12% │     20% │  42% │     23% │      17% │    DETECTION
[14:45:13]   current_accel                │ -1.3 │  -1 │  -4 │  +2 │      12% │     21% │  27% │     22% │      19% │       ALERTA
[14:45:13]   wave_accel                   │ -2.1 │  -1 │  -6 │  +1 │      14% │     12% │  25% │     19% │      15% │       ALERTA
[14:45:13]   kf_price_innovation          │ -2.0 │  -1 │  -5 │  +1 │      14% │     16% │  10% │     39% │      11% │       ALERTA
[14:45:13]   kf_price_filt_vel            │ -1.6 │  +0 │  -6 │  +2 │      12% │     17% │  19% │     36% │      17% │    DETECTION
[14:45:13]   kf_conj_filt_vel             │ -1.9 │  -2 │  -6 │  +2 │      13% │     12% │  15% │     21% │      17% │       ALERTA
[14:45:13]   current_slope                │ -2.9 │  -3 │  -7 │  +1 │      14% │     11% │  10% │     12% │      12% │   EARLY WARN
[14:45:13]   vwap_spread_current_wave     │ -2.9 │  -3 │  -6 │  +0 │      12% │     12% │  12% │      9% │       8% │   EARLY WARN
[14:45:13]   vwap_sigma_tide              │ -1.6 │  -1 │  -4 │  +1 │       7% │     20% │  25% │     11% │       7% │       ALERTA
[14:45:13]   conj_current_tide            │ -3.0 │  -4 │  -8 │  +1 │      12% │      9% │   8% │      8% │      11% │   EARLY WARN
[14:45:13]   tide_accel                   │ -1.8 │  -1 │  -6 │  +2 │       8% │     14% │  21% │     11% │      10% │       ALERTA
[14:45:13]   sigma_tide                   │ -1.1 │  +0 │  -4 │  +2 │       7% │     15% │  25% │     17% │      11% │    DETECTION
[14:45:13]   compression_ratio            │ -1.7 │  -1 │  -6 │  +2 │      10% │     10% │  10% │     12% │      15% │       ALERTA
[14:45:13]   wave_slope                   │ -1.3 │  -1 │  -5 │  +3 │       8% │     12% │  12% │     14% │      15% │       ALERTA
[14:45:13]   vwap_sigma_wave              │ -3.1 │  -2 │  -6 │  +0 │       6% │     14% │  25% │      2% │       1% │       ALERTA
[14:45:13] 
  HEATMAP (% of LL turns where feature fires at each offset):
[14:45:13]                                 t-10 t-9  t-8  t-7  t-6  t-5  t-4  t-3  t-2  t-1  t=0  t+1  t+2  t+3  t+4  t+5
[14:45:13]                                 ──── ──── ──── ──── ──── ──── ──── ──── ──── ──── ──── ──── ──── ──── ──── ────
[14:45:13]   kf_price_pred_val               ▓12   ▓10   ▓10   ▓15   ▓17   ▓12   ▒6   ▓10   ▓15   █25   █42   ▓17   █29   █23   ▓15   ▓12
[14:45:13]   current_accel                   ▓10   ▒8   ▓10   ▒6   ▓10   ▓12   █21   ▓19   █21   █21   █27   █23   █21   █21   █21   ▓17
[14:45:13]   wave_accel                      ▓10   ▒8   ▓15   ▓19   ▓19   ▓17   ▓12   ▒8   ▓10   ▓15   █25   █23   ▓15   ▓15   ▓15   ▓15
[14:45:13]   kf_price_innovation             ▓12   ▓15   ▓15   ▓15   ▒8   ▓17   █21   ▒8   ▓17   ▓15   ▓10   █52   █25   ▓10   ▓15   ▒8
[14:45:13]   kf_price_filt_vel               ▓15   ▓15   ▓12   ▓12   ▓15   ▓10   ▓10   ▒8   ▓19   ▓15   ▓19   █29   █44   █27   ▓15   ▒8
[14:45:13] 
  ── HL (60 turns) ──
[14:45:13]   Feature                      │     μ │  med │  p25 │  p75 │ t-10→t-3 │ t-2,t-1 │  t=0 │ t+1,t+2 │  t+3→t+5 │        Class
[14:45:13]   ──────────────────────────── │ ───── │ ──── │ ──── │ ──── │ ──────── │ ─────── │ ──── │ ─────── │ ──────── │ ────────────
[14:45:13]   current_slope                │ -2.7 │  -3 │  -6 │  +1 │      16% │     17% │  15% │     15% │      12% │   EARLY WARN
[14:45:13]   conj_wave_tide               │ -3.6 │  -4 │  -7 │  +0 │      17% │     15% │  15% │     11% │       8% │   EARLY WARN
[14:45:13]   kf_conj_pred_val             │ -3.7 │  -4 │  -7 │  +0 │      16% │     14% │  13% │     10% │       8% │   EARLY WARN
[14:45:13]   conj_current_tide            │ -2.2 │  -2 │  -6 │  +1 │      14% │     17% │  18% │     16% │      15% │       ALERTA
[14:45:13]   wave_slope                   │ -3.6 │  -4 │  -7 │  +0 │      15% │     12% │  12% │     11% │       7% │   EARLY WARN
[14:45:13]   kf_tension_filt_vel          │ -3.0 │  -3 │  -7 │  +0 │      11% │      9% │  15% │      1% │      11% │   EARLY WARN
[14:45:13]   tide_accel                   │ -2.4 │  -2 │  -6 │  +1 │      10% │     11% │  10% │     12% │       8% │       ALERTA
[14:45:13]   current_accel                │ -3.1 │  -3 │  -7 │  +1 │      10% │      8% │  12% │      9% │       7% │   EARLY WARN
[14:45:13]   wave_accel                   │ -1.8 │  -1 │  -5 │  +2 │       8% │     13% │  18% │      9% │      11% │       ALERTA
[14:45:13]   kf_price_pred_val            │ -2.3 │  -2 │  -5 │  +0 │       8% │      9% │  25% │      3% │       8% │       ALERTA
[14:45:13]   conj_wave_current            │ -3.2 │  -4 │  -7 │  +1 │      11% │      8% │   5% │      7% │       8% │   EARLY WARN
[14:45:13]   vwap_spread_current_wave     │ -1.3 │  -1 │  -5 │  +2 │       9% │     12% │  12% │     14% │      15% │       ALERTA
[14:45:13]   vwap_spread_tide_wave        │ -2.7 │  -3 │  -7 │  +1 │      10% │      8% │   8% │      9% │       9% │   EARLY WARN
[14:45:13]   kf_price_filt_vel            │ -2.1 │  -2 │  -5 │  +1 │       8% │      8% │  17% │     12% │       8% │       ALERTA
[14:45:13]   kf_conj_filt_vel             │ -2.0 │  -2 │  -6 │  +2 │       8% │     11% │  12% │     11% │       9% │       ALERTA
[14:45:13] 
  HEATMAP (% of HL turns where feature fires at each offset):
[14:45:13]                                 t-10 t-9  t-8  t-7  t-6  t-5  t-4  t-3  t-2  t-1  t=0  t+1  t+2  t+3  t+4  t+5
[14:45:13]                                 ──── ──── ──── ──── ──── ──── ──── ──── ──── ──── ──── ──── ──── ──── ──── ────
[14:45:13]   current_slope                   ▓13   ▓13   ▓15   ▓15   ▓18   ▓18   ▓18   ▓18   ▓17   ▓17   ▓15   ▓15   ▓15   ▓13   ▓12   ▓12
[14:45:13]   conj_wave_tide                  ▓18   ▓18   ▓18   ▓17   ▓17   ▓15   ▓15   ▓15   ▓15   ▓15   ▓15   ▓12   ▓10   ▒8   ▒8   ▒7
[14:45:13]   kf_conj_pred_val                ▓18   ▓17   ▓17   ▓17   ▓17   ▓15   ▓15   ▓15   ▓15   ▓13   ▓13   ▓10   ▓10   ▒8   ▒8   ▒7
[14:45:13]   conj_current_tide               ▓12   ▓13   ▓13   ▓13   ▓13   ▓15   ▓17   ▓17   ▓17   ▓17   ▓18   ▓17   ▓15   ▓15   ▓15   ▓15
[14:45:13]   wave_slope                      ▓15   ▓15   ▓17   ▓17   ▓17   ▓13   ▓12   ▓12   ▓12   ▓12   ▓12   ▓10   ▓12   ▒7   ▒7   ▒7
[14:45:13] 
  ── HH (61 turns) ──
[14:45:13]   Feature                      │     μ │  med │  p25 │  p75 │ t-10→t-3 │ t-2,t-1 │  t=0 │ t+1,t+2 │  t+3→t+5 │        Class
[14:45:13]   ──────────────────────────── │ ───── │ ──── │ ──── │ ──── │ ──────── │ ─────── │ ──── │ ─────── │ ──────── │ ────────────
[14:45:13]   current_slope                │ -2.1 │  -2 │  -6 │  +2 │      14% │     18% │  18% │     18% │      16% │       ALERTA
[14:45:13]   conj_current_tide            │ -2.2 │  -2 │  -6 │  +1 │      12% │     16% │  16% │     16% │      12% │       ALERTA
[14:45:13]   vwap_spread_current_wave     │ -1.4 │  -1 │  -5 │  +2 │      11% │     16% │  16% │     18% │      16% │       ALERTA
[14:45:13]   conj_wave_current            │ -2.3 │  -2 │  -6 │  +1 │      11% │     13% │  13% │     15% │      10% │       ALERTA
[14:45:13]   current_accel                │ -2.5 │  -2 │  -6 │  +1 │      10% │     11% │  15% │     12% │       9% │       ALERTA
[14:45:13]   kf_conj_filt_vel             │ -2.8 │  -3 │  -8 │  +2 │      11% │      9% │  10% │     11% │      11% │   EARLY WARN
[14:45:13]   wave_slope                   │ -3.6 │  -4 │  -8 │  +0 │      11% │      8% │   8% │      7% │       6% │   EARLY WARN
[14:45:13]   conj_wave_tide               │ -3.6 │  -4 │  -7 │  +0 │      11% │      8% │   7% │      6% │       6% │   EARLY WARN
[14:45:13]   vwap_spread_tide_wave        │ -2.5 │  -2 │  -6 │  +1 │      10% │     10% │  10% │     10% │      10% │       ALERTA
[14:45:13]   vwap_spread_tide_current     │ -2.3 │  -2 │  -6 │  +2 │       9% │     10% │  10% │     10% │      10% │       ALERTA
[14:45:13]   kf_conj_pred_val             │ -3.6 │  -4 │  -7 │  +0 │      10% │      7% │   5% │      6% │       6% │   EARLY WARN
[14:45:13]   tide_accel                   │ -2.2 │  -2 │  -6 │  +2 │       8% │     11% │  10% │      9% │      10% │       ALERTA
[14:45:13]   wave_accel                   │ -2.0 │  -2 │  -6 │  +2 │       8% │     10% │  10% │     14% │      10% │       ALERTA
[14:45:13]   rsi_value                    │ -2.8 │  -2 │  -4 │  +0 │       5% │     12% │  21% │      2% │       0% │       ALERTA
[14:45:13]   kf_price_innovation          │ -1.5 │  +0 │  -5 │  +2 │       8% │      8% │  10% │     24% │      11% │    DETECTION
[14:45:13] 
  HEATMAP (% of HH turns where feature fires at each offset):
[14:45:13]                                 t-10 t-9  t-8  t-7  t-6  t-5  t-4  t-3  t-2  t-1  t=0  t+1  t+2  t+3  t+4  t+5
[14:45:13]                                 ──── ──── ──── ──── ──── ──── ──── ──── ──── ──── ──── ──── ──── ──── ──── ────
[14:45:13]   current_slope                   ▓13   ▓13   ▓13   ▓11   ▓13   ▓15   ▓16   ▓16   ▓18   ▓18   ▓18   ▓18   ▓18   ▓18   ▓16   ▓13
[14:45:13]   conj_current_tide               ▓11   ▓11   ▓11   ▒10   ▓11   ▓13   ▓15   ▓15   ▓16   ▓16   ▓16   ▓16   ▓16   ▓13   ▓11   ▓11
[14:45:13]   vwap_spread_current_wave        ▒8   ▒8   ▒8   ▒8   ▒10   ▓13   ▓15   ▓16   ▓16   ▓16   ▓16   ▓18   ▓18   ▓16   ▓16   ▓15
[14:45:13]   conj_wave_current               ▓13   ▒10   ▒10   ▒8   ▒10   ▓11   ▓13   ▓13   ▓13   ▓13   ▓13   ▓15   ▓15   ▓13   ▒10   ▒8
[14:45:13]   current_accel                   ▓11   ▓11   ▒10   ▒10   ▓13   ▒10   ▓11   ▒7   ▓11   ▓11   ▓15   ▓11   ▓13   ▒8   ▒10   ▒10
[14:45:13] 
  ── LH (46 turns) ──
[14:45:13]   Feature                      │     μ │  med │  p25 │  p75 │ t-10→t-3 │ t-2,t-1 │  t=0 │ t+1,t+2 │  t+3→t+5 │        Class
[14:45:13]   ──────────────────────────── │ ───── │ ──── │ ──── │ ──── │ ──────── │ ─────── │ ──── │ ─────── │ ──────── │ ────────────
[14:45:13]   wave_slope                   │ -2.0 │  -2 │  -5 │  +2 │      14% │     16% │  15% │     15% │      16% │       ALERTA
[14:45:13]   conj_current_tide            │ -2.2 │  -2 │  -6 │  +2 │      14% │     15% │  15% │     15% │      14% │       ALERTA
[14:45:13]   kf_price_pred_val            │ -2.6 │  -3 │  -7 │  +2 │      14% │     14% │  15% │     13% │      12% │   EARLY WARN
[14:45:13]   kf_conj_pred_val             │ -2.2 │  -2 │  -6 │  +2 │      13% │     15% │  15% │     13% │      14% │       ALERTA
[14:45:13]   conj_wave_tide               │ -2.2 │  -2 │  -6 │  +2 │      13% │     14% │  15% │     15% │      14% │       ALERTA
[14:45:13]   compression_ratio            │ -2.0 │  -2 │  -5 │  +2 │      12% │     15% │  15% │     14% │      14% │       ALERTA
[14:45:13]   kf_price_innovation          │ -2.3 │  -2 │  -6 │  +1 │      13% │     11% │   9% │     17% │      13% │       ALERTA
[14:45:13]   kf_price_filt_vel            │ -1.8 │  -1 │  -5 │  +2 │      11% │     11% │  17% │     20% │      13% │       ALERTA
[14:45:13]   current_accel                │ -3.3 │  -4 │  -7 │  +0 │      11% │      9% │   9% │     11% │       6% │   EARLY WARN
[14:45:13]   vwap_spread_current_wave     │ -2.9 │  -3 │  -7 │  +1 │      11% │     10% │   9% │      9% │       9% │   EARLY WARN
[14:45:13]   current_slope                │ -1.5 │  -1 │  -5 │  +3 │       9% │     13% │  13% │     13% │      16% │       ALERTA
[14:45:13]   tide_accel                   │ -2.5 │  -3 │  -6 │  +1 │      11% │     11% │   7% │     10% │      11% │   EARLY WARN
[14:45:13]   wave_accel                   │ -2.1 │  -2 │  -6 │  +1 │       8% │     13% │   9% │     10% │       9% │       ALERTA
[14:45:13]   vwap_sigma_tide              │ -2.9 │  -3 │  -7 │  +1 │      10% │      8% │   2% │      8% │       9% │   EARLY WARN
[14:45:13]   kf_conj_filt_vel             │ -1.8 │  -1 │  -5 │  +2 │       8% │     10% │  11% │     11% │       9% │       ALERTA
[14:45:13] 
  HEATMAP (% of LH turns where feature fires at each offset):
[14:45:13]                                 t-10 t-9  t-8  t-7  t-6  t-5  t-4  t-3  t-2  t-1  t=0  t+1  t+2  t+3  t+4  t+5
[14:45:13]                                 ──── ──── ──── ──── ──── ──── ──── ──── ──── ──── ──── ──── ──── ──── ──── ────
[14:45:13]   wave_slope                      ▓11   ▓11   ▓11   ▓13   ▓13   ▓15   ▓17   ▓17   ▓17   ▓15   ▓15   ▓15   ▓15   ▓15   ▓17   ▓15
[14:45:13]   conj_current_tide               ▓11   ▓11   ▓13   ▓13   ▓13   ▓15   ▓17   ▓17   ▓15   ▓15   ▓15   ▓15   ▓15   ▓15   ▓15   ▓13
[14:45:13]   kf_price_pred_val               ▒9   ▓20   ▒7   ▓20   ▓17   ▓13   ▓13   ▓11   ▒9   ▓20   ▓15   ▒7   ▓20   ▒9   ▓11   ▓15
[14:45:13]   kf_conj_pred_val                ▓11   ▓11   ▓13   ▓13   ▓13   ▓13   ▓17   ▓15   ▓15   ▓15   ▓15   ▓13   ▓13   ▓13   ▓15   ▓15
[14:45:13]   conj_wave_tide                  ▓11   ▓11   ▓13   ▓13   ▓13   ▓13   ▓15   ▓15   ▓15   ▓13   ▓15   ▓15   ▓15   ▓13   ▓13   ▓15
[14:45:13] 
  Processing JNJ...
[14:45:14] ══════════════════════════════════════════════════════════════════════════════════════════
[14:45:14]   TICKER: JNJ
[14:45:14] ══════════════════════════════════════════════════════════════════════════════════════════
[14:45:14] 
  ── LL (31 turns) ──
[14:45:14]   Feature                      │     μ │  med │  p25 │  p75 │ t-10→t-3 │ t-2,t-1 │  t=0 │ t+1,t+2 │  t+3→t+5 │        Class
[14:45:14]   ──────────────────────────── │ ───── │ ──── │ ──── │ ──── │ ──────── │ ─────── │ ──── │ ─────── │ ──────── │ ────────────
[14:45:14]   kf_price_pred_val            │ -2.3 │  -1 │  -6 │  +1 │      18% │     23% │  39% │     23% │      15% │       ALERTA
[14:45:14]   kf_price_innovation          │ -2.1 │  -1 │  -6 │  +1 │      18% │     23% │  23% │     35% │      17% │       ALERTA
[14:45:14]   kf_price_filt_vel            │ -1.8 │  -1 │  -6 │  +1 │      17% │     21% │  23% │     39% │      18% │       ALERTA
[14:45:14]   wave_slope                   │ -0.9 │  +0 │  -4 │  +3 │      13% │     24% │  29% │     26% │      28% │    DETECTION
[14:45:14]   vwap_spread_current_wave     │ -1.8 │  -1 │  -6 │  +2 │      15% │     19% │  19% │     23% │      23% │       ALERTA
[14:45:14]   kf_conj_pred_val             │ -0.8 │  +0 │  -4 │  +3 │      13% │     26% │  26% │     26% │      29% │    DETECTION
[14:45:14]   conj_wave_tide               │ -0.9 │  +0 │  -4 │  +3 │      12% │     26% │  26% │     26% │      27% │    DETECTION
[14:45:14]   wave_accel                   │ -2.3 │  -2 │  -6 │  +0 │      12% │     19% │  39% │     16% │       8% │       ALERTA
[14:45:14]   compression_ratio            │ -1.4 │  +0 │  -5 │  +2 │      14% │     18% │  26% │     24% │      25% │    DETECTION
[14:45:14]   sigma_current                │ -3.7 │  -3 │  -6 │  -1 │      12% │     21% │  26% │      2% │       1% │   EARLY WARN
[14:45:14]   current_slope                │ -1.4 │  -1 │  -5 │  +2 │      13% │     16% │  19% │     23% │      23% │       ALERTA
[14:45:14]   conj_current_tide            │ -1.7 │  -1 │  -5 │  +2 │      12% │     18% │  19% │     19% │      16% │       ALERTA
[14:45:14]   fear_level                   │ -0.6 │  +0 │  -3 │  +3 │      10% │     21% │  29% │     29% │      25% │    DETECTION
[14:45:14]   current_accel                │ -2.5 │  -1 │  -6 │  +0 │      10% │     16% │  32% │     16% │       5% │       ALERTA
[14:45:14]   vwap_sigma_current           │ -2.5 │  -2 │  -5 │  +0 │       9% │     18% │  39% │      8% │       3% │       ALERTA
[14:45:14] 
  HEATMAP (% of LL turns where feature fires at each offset):
[14:45:14]                                 t-10 t-9  t-8  t-7  t-6  t-5  t-4  t-3  t-2  t-1  t=0  t+1  t+2  t+3  t+4  t+5
[14:45:14]                                 ──── ──── ──── ──── ──── ──── ──── ──── ──── ──── ──── ──── ──── ──── ──── ────
[14:45:14]   kf_price_pred_val               ▓19   ▓16   ▒10   ▓19   █26   ▓19   ▓13   ▓19   ▓13   █32   █39   █23   █23   ▓13   ▓16   ▓16
[14:45:14]   kf_price_innovation             ▓16   ▓19   ▓16   ▓16   ▓19   █23   ▓16   ▓16   █23   █23   █23   █55   ▓16   ▓19   ▓16   ▓16
[14:45:14]   kf_price_filt_vel               ▓19   ▓19   ▓13   ▒10   █23   ▓13   ▓16   █23   ▓13   █29   █23   █52   █26   ▓19   ▓19   ▓16
[14:45:14]   wave_slope                      ▒10   ▒10   ▒10   ▓13   ▓13   ▓16   ▓16   ▓16   █23   █26   █29   █26   █26   █29   █32   █23
[14:45:14]   vwap_spread_current_wave        ▓16   ▓16   ▓16   ▓16   ▓16   ▓13   ▓13   ▓16   ▓19   ▓19   ▓19   █23   █23   █23   █23   █23
[14:45:14] 
  ── HL (36 turns) ──
[14:45:14]   Feature                      │     μ │  med │  p25 │  p75 │ t-10→t-3 │ t-2,t-1 │  t=0 │ t+1,t+2 │  t+3→t+5 │        Class
[14:45:14]   ──────────────────────────── │ ───── │ ──── │ ──── │ ──── │ ──────── │ ─────── │ ──── │ ─────── │ ──────── │ ────────────
[14:45:14]   kf_tension_pred_val          │ -2.6 │  -2 │  -6 │  +0 │       9% │     14% │  14% │     11% │       5% │       ALERTA
[14:45:14]   vwap_sigma_current           │ -2.3 │  -2 │  -4 │  +0 │       6% │     15% │  31% │      1% │       2% │       ALERTA
[14:45:14]   tension_tide                 │ -2.5 │  -2 │  -6 │  +0 │       8% │     12% │  14% │     10% │       6% │       ALERTA
[14:45:14]   current_accel                │ -2.4 │  -2 │  -5 │  +0 │       8% │     12% │  17% │      7% │       6% │       ALERTA
[14:45:14]   sigma_current                │ -2.8 │  -3 │  -5 │  +0 │       8% │     11% │  17% │      4% │       2% │   EARLY WARN
[14:45:14]   kf_price_pred_val            │ -0.8 │  +0 │  -4 │  +2 │       7% │     14% │  17% │     12% │      14% │    DETECTION
[14:45:14]   kf_price_innovation          │ -1.7 │  -1 │  -4 │  +1 │       7% │     14% │   8% │     17% │       6% │       ALERTA
[14:45:14]   kf_conj_pred_val             │ -1.1 │  +0 │  -4 │  +2 │       7% │     10% │  17% │     17% │      11% │    DETECTION
[14:45:14]   conj_wave_tide               │ -1.0 │  +0 │  -4 │  +2 │       6% │     10% │  11% │     17% │      11% │    DETECTION
[14:45:14]   conj_wave_current            │ -0.8 │  +0 │  -4 │  +2 │       5% │      8% │  14% │     12% │      10% │    DETECTION
[14:45:14]   kf_rsi_filt_vel              │ -0.4 │  +1 │  -5 │  +4 │       5% │      7% │  14% │      7% │      20% │      CONFIRM
[14:45:14]   kf_rvol_pred_val             │ -1.4 │  -1 │  -3 │  +1 │       4% │     10% │  17% │      8% │       5% │       ALERTA
[14:45:14]   kf_rsi_pred_val              │ -2.4 │  -2 │  -4 │  +0 │       5% │      8% │  14% │      4% │       0% │       ALERTA
[14:45:14]   conj_current_tide            │ -2.5 │  -2 │  -6 │  +1 │       6% │      6% │   6% │      6% │       6% │       ALERTA
[14:45:14]   vwap_spread_tide_current     │ -3.0 │  -3 │  -7 │  +1 │       6% │      6% │   6% │      6% │       4% │   EARLY WARN
[14:45:14] 
  HEATMAP (% of HL turns where feature fires at each offset):
[14:45:14]                                 t-10 t-9  t-8  t-7  t-6  t-5  t-4  t-3  t-2  t-1  t=0  t+1  t+2  t+3  t+4  t+5
[14:45:14]                                 ──── ──── ──── ──── ──── ──── ──── ──── ──── ──── ──── ──── ──── ──── ──── ────
[14:45:14]   kf_tension_pred_val             ▒6   ▒6   ▒8   ▒8   ▓11   ▓11   ▓11   ▓14   ▓14   ▓14   ▓14   ▓14   ▒8   ▒6   ▒6   ░3
[14:45:14]   vwap_sigma_current               ·    ·   ░3   ▒6   ▓11   ▒6   ▓17   ▒8   ▓19   ▓11   █31   ░3    ·    ·   ░3   ░3
[14:45:14]   tension_tide                    ▒8   ▒6   ▒8   ▒8   ▒8   ▒8   ▓11   ▒8   ▓11   ▓14   ▓14   ▓11   ▒8   ▒6   ▒6   ▒6
[14:45:14]   current_accel                   ▒6   ▒8   ░3   ▒8   ▒8   ▒8   ▒8   ▓11   ▓11   ▓14   ▓17   ▒8   ▒6   ▒6   ▒6   ▒6
[14:45:14]   sigma_current                    ·   ░3    ·   ▓11   ▓14   ▒8   ▓14   ▓11   ▓14   ▒8   ▓17   ░3   ▒6    ·   ░3   ░3
[14:45:14] 
  ── HH (36 turns) ──
[14:45:14]   Feature                      │     μ │  med │  p25 │  p75 │ t-10→t-3 │ t-2,t-1 │  t=0 │ t+1,t+2 │  t+3→t+5 │        Class
[14:45:14]   ──────────────────────────── │ ───── │ ──── │ ──── │ ──── │ ──────── │ ─────── │ ──── │ ─────── │ ──────── │ ────────────
[14:45:14]   wave_slope                   │ -2.8 │  -3 │  -6 │  +0 │      13% │     14% │  11% │      8% │       9% │   EARLY WARN
[14:45:14]   conj_wave_tide               │ -2.3 │  -3 │  -6 │  +1 │      10% │     11% │  11% │      8% │       9% │   EARLY WARN
[14:45:14]   kf_conj_pred_val             │ -2.4 │  -3 │  -6 │  +1 │      10% │     11% │   8% │      8% │       9% │   EARLY WARN
[14:45:14]   conj_wave_current            │ -2.5 │  -3 │  -6 │  +0 │       9% │     11% │  11% │      6% │       7% │   EARLY WARN
[14:45:14]   rsi_value                    │ -3.8 │  -4 │  -8 │  +0 │       8% │      6% │  19% │      4% │       3% │   EARLY WARN
[14:45:14]   current_accel                │ -2.6 │  -4 │  -6 │  +2 │      10% │      6% │   6% │      6% │       9% │   EARLY WARN
[14:45:14]   kf_rsi_pred_val              │ -3.5 │  -4 │  -8 │  +0 │       8% │      7% │  17% │      6% │       4% │   EARLY WARN
[14:45:14]   vwap_spread_tide_wave        │ -1.4 │  -1 │  -4 │  +2 │       7% │     11% │  11% │     11% │      11% │       ALERTA
[14:45:14]   tide_accel                   │ -4.0 │  -5 │  -8 │  +0 │       8% │      4% │   8% │      6% │       3% │   EARLY WARN
[14:45:14]   kf_price_innovation          │ -2.6 │  -2 │  -6 │  +1 │       7% │      7% │   6% │     17% │       4% │       ALERTA
[14:45:14]   wave_accel                   │ -2.8 │  -4 │  -7 │  +1 │       8% │      4% │   3% │      6% │       7% │   EARLY WARN
[14:45:14]   kf_conj_filt_vel             │ -3.6 │  -4 │  -7 │  -0 │       8% │      4% │   3% │      3% │       6% │   EARLY WARN
[14:45:14]   compression_ratio            │ -1.1 │  +0 │  -5 │  +3 │       6% │      6% │   8% │     11% │      14% │    DETECTION
[14:45:14]   kf_price_pred_val            │ -2.2 │  -2 │  -6 │  +1 │       6% │      6% │   8% │     10% │       6% │       ALERTA
[14:45:14]   vwap_spread_tide_current     │ -1.0 │  -1 │  -4 │  +2 │       5% │      8% │   8% │      8% │       8% │       ALERTA
[14:45:14] 
  HEATMAP (% of HH turns where feature fires at each offset):
[14:45:14]                                 t-10 t-9  t-8  t-7  t-6  t-5  t-4  t-3  t-2  t-1  t=0  t+1  t+2  t+3  t+4  t+5
[14:45:14]                                 ──── ──── ──── ──── ──── ──── ──── ──── ──── ──── ──── ──── ──── ──── ──── ────
[14:45:14]   wave_slope                      ▒6   ▒8   ▓14   ▓14   ▓14   ▓17   ▓17   ▓14   ▓14   ▓14   ▓11   ▒8   ▒8   ▒8   ▒8   ▓11
[14:45:14]   conj_wave_tide                  ░3   ▒6   ▓11   ▓11   ▓11   ▓11   ▓14   ▓14   ▓11   ▓11   ▓11   ▒8   ▒8   ▒8   ▓11   ▒8
[14:45:14]   kf_conj_pred_val                ░3   ▒8   ▓11   ▓11   ▒8   ▓14   ▓14   ▓11   ▓11   ▓11   ▒8   ▒8   ▒8   ▒8   ▓11   ▒8
[14:45:14]   conj_wave_current               ▒6   ▒6   ▒8   ▒8   ▒8   ▓11   ▓11   ▓11   ▓11   ▓11   ▓11   ▒6   ▒6   ▒6   ▒8   ▒8
[14:45:14]   rsi_value                       ▒6   ▓14   ▓11   ▓11   ▒8   ▒6   ▒8   ░3   ▒6   ▒6   ▓19   ░3   ▒6   ░3   ░3   ░3
[14:45:14] 
  ── LH (30 turns) ──
[14:45:14]   Feature                      │     μ │  med │  p25 │  p75 │ t-10→t-3 │ t-2,t-1 │  t=0 │ t+1,t+2 │  t+3→t+5 │        Class
[14:45:14]   ──────────────────────────── │ ───── │ ──── │ ──── │ ──── │ ──────── │ ─────── │ ──── │ ─────── │ ──────── │ ────────────
[14:45:14]   kf_price_pred_val            │ -2.0 │  -2 │  -5 │  +1 │      13% │     27% │  30% │     15% │      13% │       ALERTA
[14:45:14]   kf_price_filt_vel            │ -2.2 │  -2 │  -5 │  +1 │      15% │     15% │  27% │     17% │      12% │       ALERTA
[14:45:14]   conj_wave_current            │ -2.6 │  -3 │  -6 │  +1 │      14% │     15% │  13% │     13% │      12% │   EARLY WARN
[14:45:14]   kf_price_innovation          │ -1.6 │  -0 │  -4 │  +1 │      12% │     13% │  20% │     28% │      14% │    DETECTION
[14:45:14]   wave_slope                   │ -2.3 │  -2 │  -6 │  +1 │      12% │     15% │  10% │     12% │      11% │       ALERTA
[14:45:14]   current_accel                │ -2.9 │  -2 │  -6 │  +0 │      10% │     18% │  17% │      8% │       4% │       ALERTA
[14:45:14]   compression_ratio            │ -1.8 │  -1 │  -6 │  +2 │      11% │     13% │  17% │     17% │      18% │       ALERTA
[14:45:14]   kf_conj_pred_val             │ -2.1 │  -2 │  -6 │  +2 │      12% │     12% │  13% │     13% │      13% │       ALERTA
[14:45:14]   conj_wave_tide               │ -1.9 │  -2 │  -5 │  +2 │      11% │     13% │  10% │     13% │      13% │       ALERTA
[14:45:14]   vwap_spread_current_wave     │ -1.7 │  -2 │  -5 │  +2 │      10% │     12% │  10% │     13% │      13% │       ALERTA
[14:45:14]   sigma_current                │ -3.4 │  -3 │  -6 │  -1 │       8% │     12% │  13% │      0% │       2% │   EARLY WARN
[14:45:14]   current_slope                │ -2.5 │  -2 │  -7 │  +2 │       9% │     10% │  10% │     10% │      10% │       ALERTA
[14:45:14]   wave_accel                   │ -2.0 │  -2 │  -4 │  +1 │       8% │     12% │  13% │      7% │      10% │       ALERTA
[14:45:14]   conj_current_tide            │ -2.3 │  -2 │  -7 │  +2 │       8% │     10% │  10% │     10% │      10% │       ALERTA
[14:45:14]   kf_conj_filt_vel             │ -2.9 │  -2 │  -8 │  +1 │       8% │     13% │   3% │      7% │       8% │       ALERTA
[14:45:14] 
  HEATMAP (% of LH turns where feature fires at each offset):
[14:45:14]                                 t-10 t-9  t-8  t-7  t-6  t-5  t-4  t-3  t-2  t-1  t=0  t+1  t+2  t+3  t+4  t+5
[14:45:14]                                 ──── ──── ──── ──── ──── ──── ──── ──── ──── ──── ──── ──── ──── ──── ──── ────
[14:45:14]   kf_price_pred_val               ▓13   ░3   ▓13   ▓13   ▓13   ▓13   █20   ▓17   █27   █27   █30   ▒7   █23   ▓13   ▓17   ▓10
[14:45:14]   kf_price_filt_vel               ▓13   ▒7   ░3   ▓13   █23   █20   █20   ▓17   ▓10   █20   █27   ▓17   ▓17   ▓13   ▓13   ▓10
[14:45:14]   conj_wave_current               ▓13   ▓13   ▓13   ▓13   ▓13   ▓10   ▓13   █20   ▓17   ▓13   ▓13   ▓13   ▓13   ▓13   ▓13   ▓10
[14:45:14]   kf_price_innovation             ▓10   ▓13   ▒7   ▓17   ▓13    ·   ▓17   ▓17   ▓13   ▓13   █20   █43   ▓13   ▓17   █20   ▒7
[14:45:14]   wave_slope                      ▒7   ▒7   ▓10   ▓13   ▓13   ▓13   ▓17   ▓17   ▓13   ▓17   ▓10   ▓10   ▓13   ▓13   ▓10   ▓10
[14:45:14] 
  Processing JPM...
[14:45:15] ══════════════════════════════════════════════════════════════════════════════════════════
[14:45:15]   TICKER: JPM
[14:45:15] ══════════════════════════════════════════════════════════════════════════════════════════
[14:45:15] 
  ── LL (79 turns) ──
[14:45:15]   Feature                      │     μ │  med │  p25 │  p75 │ t-10→t-3 │ t-2,t-1 │  t=0 │ t+1,t+2 │  t+3→t+5 │        Class
[14:45:15]   ──────────────────────────── │ ───── │ ──── │ ──── │ ──── │ ──────── │ ─────── │ ──── │ ─────── │ ──────── │ ────────────
[14:45:15]   vwap_sigma_tide              │ -1.8 │  -1 │  -4 │  +1 │      12% │     26% │  41% │     16% │      12% │       ALERTA
[14:45:15]   current_accel                │ -2.1 │  -2 │  -6 │  +1 │      15% │     20% │  24% │     19% │      16% │       ALERTA
[14:45:15]   wave_accel                   │ -2.3 │  -2 │  -6 │  +1 │      14% │     19% │  20% │     16% │      14% │       ALERTA
[14:45:15]   conj_wave_current            │ -2.6 │  -3 │  -7 │  +2 │      16% │     13% │  15% │     14% │      16% │   EARLY WARN
[14:45:15]   kf_price_pred_val            │ -1.9 │  -1 │  -5 │  +2 │      14% │     15% │  27% │     25% │      15% │       ALERTA
[14:45:15]   kf_conj_filt_vel             │ -2.2 │  -2 │  -6 │  +2 │      14% │     15% │  18% │     19% │      14% │       ALERTA
[14:45:15]   kf_price_innovation          │ -1.7 │  -1 │  -5 │  +2 │      14% │     13% │  11% │     30% │      20% │       ALERTA
[14:45:15]   current_slope                │ -1.9 │  -2 │  -6 │  +2 │      13% │     13% │  15% │     16% │      18% │       ALERTA
[14:45:15]   wave_slope                   │ -1.7 │  -1 │  -6 │  +2 │      13% │     14% │  16% │     16% │      20% │       ALERTA
[14:45:15]   kf_rsi_pred_val              │ -3.2 │  -2 │  -7 │  +0 │       9% │     20% │  32% │      7% │       1% │       ALERTA
[14:45:15]   tide_slope                   │ -2.5 │  -3 │  -6 │  +2 │      12% │     12% │  11% │     11% │      13% │   EARLY WARN
[14:45:15]   kf_price_filt_vel            │ -1.5 │  +0 │  -5 │  +2 │      11% │     11% │  15% │     30% │      15% │    DETECTION
[14:45:15]   rsi_value                    │ -3.1 │  -2 │  -6 │  +0 │       8% │     15% │  29% │      3% │       2% │       ALERTA
[14:45:15]   vwap_spread_tide_wave        │ -2.6 │  -3 │  -7 │  +1 │      10% │     10% │  10% │     10% │      10% │   EARLY WARN
[14:45:15]   vwap_spread_tide_current     │ -2.3 │  -2 │  -6 │  +2 │      10% │     11% │  10% │     10% │      11% │       ALERTA
[14:45:15] 
  HEATMAP (% of LL turns where feature fires at each offset):
[14:45:15]                                 t-10 t-9  t-8  t-7  t-6  t-5  t-4  t-3  t-2  t-1  t=0  t+1  t+2  t+3  t+4  t+5
[14:45:15]                                 ──── ──── ──── ──── ──── ──── ──── ──── ──── ──── ──── ──── ──── ──── ──── ────
[14:45:15]   vwap_sigma_tide                 ▓13   ▓10   ▒9   ▒8   ▓11   ▓13   ▓13   █22   █23   █29   █41   ▓15   ▓16   ▓11   ▓11   ▓13
[14:45:15]   current_accel                   ▓15   ▓13   ▒9   ▓18   ▓19   ▓14   ▓15   ▓16   ▓16   █23   █24   █20   ▓18   ▓14   ▓16   ▓18
[14:45:15]   wave_accel                      ▓13   ▓14   ▓15   ▓15   ▓11   ▓15   ▓15   ▓15   ▓18   █20   █20   ▓13   ▓19   ▓14   ▓13   ▓14
[14:45:15]   conj_wave_current               ▓14   ▓15   ▓18   ▓18   ▓18   ▓16   ▓16   ▓14   ▓13   ▓13   ▓15   ▓13   ▓15   ▓16   ▓15   ▓18
[14:45:15]   kf_price_pred_val               ▓11   ▓10   ▓14   ▓13   ▓13   █20   ▓15   ▓15   ▓13   ▓18   █27   █22   █28   █20   ▓15   ▒9
[14:45:15] 
  ── HL (85 turns) ──
[14:45:15]   Feature                      │     μ │  med │  p25 │  p75 │ t-10→t-3 │ t-2,t-1 │  t=0 │ t+1,t+2 │  t+3→t+5 │        Class
[14:45:15]   ──────────────────────────── │ ───── │ ──── │ ──── │ ──── │ ──────── │ ─────── │ ──── │ ─────── │ ──────── │ ────────────
[14:45:15]   current_slope                │ -2.7 │  -3 │  -7 │  +1 │      21% │     22% │  22% │     21% │      18% │   EARLY WARN
[14:45:15]   wave_slope                   │ -2.7 │  -3 │  -7 │  +1 │      20% │     20% │  20% │     19% │      18% │   EARLY WARN
[14:45:15]   vwap_spread_current_wave     │ -3.1 │  -3 │  -7 │  +1 │      20% │     18% │  16% │     16% │      15% │   EARLY WARN
[14:45:15]   conj_current_tide            │ -2.7 │  -3 │  -7 │  +1 │      18% │     16% │  18% │     18% │      16% │   EARLY WARN
[14:45:15]   kf_conj_pred_val             │ -2.5 │  -2 │  -6 │  +1 │      17% │     20% │  20% │     18% │      15% │       ALERTA
[14:45:15]   conj_wave_tide               │ -2.4 │  -2 │  -6 │  +1 │      16% │     18% │  20% │     18% │      16% │       ALERTA
[14:45:15]   tide_slope                   │ -2.5 │  -3 │  -6 │  +1 │      16% │     16% │  18% │     16% │      14% │   EARLY WARN
[14:45:15]   wave_accel                   │ -2.2 │  -2 │  -6 │  +2 │      16% │     16% │  19% │     16% │      19% │       ALERTA
[14:45:15]   kf_conj_filt_vel             │ -2.2 │  -2 │  -6 │  +2 │      16% │     17% │  15% │     15% │      18% │       ALERTA
[14:45:15]   kf_price_pred_val            │ -2.5 │  -2 │  -6 │  +1 │      15% │     21% │  15% │     13% │      15% │       ALERTA
[14:45:15]   kf_price_filt_vel            │ -2.7 │  -3 │  -7 │  +1 │      15% │     18% │  15% │     15% │      13% │   EARLY WARN
[14:45:15]   kf_price_innovation          │ -2.2 │  -2 │  -6 │  +1 │      14% │     19% │  16% │     24% │      14% │       ALERTA
[14:45:15]   current_accel                │ -2.5 │  -2 │  -6 │  +2 │      14% │     14% │  13% │     15% │      13% │       ALERTA
[14:45:15]   vwap_spread_tide_current     │ -2.9 │  -3 │  -7 │  +1 │      14% │     13% │  12% │     12% │      11% │   EARLY WARN
[14:45:15]   vwap_spread_tide_wave        │ -2.5 │  -3 │  -7 │  +2 │      13% │     11% │  12% │     13% │      14% │   EARLY WARN
[14:45:15] 
  HEATMAP (% of HL turns where feature fires at each offset):
[14:45:15]                                 t-10 t-9  t-8  t-7  t-6  t-5  t-4  t-3  t-2  t-1  t=0  t+1  t+2  t+3  t+4  t+5
[14:45:15]                                 ──── ──── ──── ──── ──── ──── ──── ──── ──── ──── ──── ──── ──── ──── ──── ────
[14:45:15]   current_slope                   █24   █20   █20   █21   █21   █20   █20   █21   █22   █22   █22   █21   █20   ▓19   ▓18   ▓18
[14:45:15]   wave_slope                      █21   █20   █20   █20   █21   ▓19   ▓19   ▓16   █20   █20   █20   ▓19   ▓19   ▓19   ▓18   ▓18
[14:45:15]   vwap_spread_current_wave        █20   █22   █21   █21   ▓19   ▓18   ▓18   ▓18   ▓18   ▓18   ▓16   ▓16   ▓15   ▓15   ▓13   ▓15
[14:45:15]   conj_current_tide               ▓19   ▓19   █20   ▓19   ▓18   ▓18   ▓16   ▓15   ▓16   ▓16   ▓18   ▓18   ▓19   ▓19   ▓16   ▓14
[14:45:15]   kf_conj_pred_val                ▓15   ▓15   ▓15   ▓18   ▓18   ▓16   ▓18   ▓19   █20   █20   █20   ▓18   ▓18   ▓16   ▓15   ▓14
[14:45:15] 
  ── HH (95 turns) ──
[14:45:15]   Feature                      │     μ │  med │  p25 │  p75 │ t-10→t-3 │ t-2,t-1 │  t=0 │ t+1,t+2 │  t+3→t+5 │        Class
[14:45:15]   ──────────────────────────── │ ───── │ ──── │ ──── │ ──── │ ──────── │ ─────── │ ──── │ ─────── │ ──────── │ ────────────
[14:45:15]   current_slope                │ -2.7 │  -3 │  -7 │  +1 │      18% │     17% │  17% │     17% │      16% │   EARLY WARN
[14:45:15]   wave_slope                   │ -3.0 │  -3 │  -7 │  +1 │      17% │     15% │  16% │     14% │      13% │   EARLY WARN
[14:45:15]   kf_price_pred_val            │ -2.4 │  -2 │  -6 │  +2 │      14% │     14% │  20% │     13% │      14% │       ALERTA
[14:45:15]   vwap_spread_current_wave     │ -2.4 │  -2 │  -6 │  +1 │      14% │     16% │  16% │     15% │      14% │       ALERTA
[14:45:15]   kf_conj_pred_val             │ -2.1 │  -2 │  -6 │  +2 │      14% │     15% │  16% │     17% │      16% │       ALERTA
[14:45:15]   conj_wave_tide               │ -2.2 │  -2 │  -6 │  +2 │      14% │     15% │  17% │     15% │      16% │       ALERTA
[14:45:15]   kf_price_innovation          │ -2.6 │  -3 │  -6 │  +1 │      14% │     15% │  11% │     17% │      12% │   EARLY WARN
[14:45:15]   current_accel                │ -2.3 │  -2 │  -6 │  +1 │      13% │     16% │  17% │     11% │      13% │       ALERTA
[14:45:15]   conj_current_tide            │ -2.2 │  -2 │  -6 │  +2 │      14% │     14% │  15% │     15% │      15% │       ALERTA
[14:45:15]   kf_price_filt_vel            │ -2.3 │  -2 │  -6 │  +2 │      14% │     11% │  16% │     21% │      13% │       ALERTA
[14:45:15]   wave_accel                   │ -1.8 │  -1 │  -5 │  +2 │      12% │     14% │  22% │     17% │      15% │       ALERTA
[14:45:15]   tide_accel                   │ -2.9 │  -3 │  -7 │  +1 │      13% │     12% │  11% │     13% │      11% │   EARLY WARN
[14:45:15]   tide_slope                   │ -2.7 │  -3 │  -7 │  +1 │      13% │     12% │  12% │     12% │      12% │   EARLY WARN
[14:45:15]   kf_conj_filt_vel             │ -1.7 │  -1 │  -6 │  +2 │      12% │     12% │  17% │     19% │      18% │       ALERTA
[14:45:15]   vwap_spread_tide_current     │ -2.6 │  -3 │  -6 │  +1 │      12% │     13% │  12% │     12% │      11% │   EARLY WARN
[14:45:15] 
  HEATMAP (% of HH turns where feature fires at each offset):
[14:45:15]                                 t-10 t-9  t-8  t-7  t-6  t-5  t-4  t-3  t-2  t-1  t=0  t+1  t+2  t+3  t+4  t+5
[14:45:15]                                 ──── ──── ──── ──── ──── ──── ──── ──── ──── ──── ──── ──── ──── ──── ──── ────
[14:45:15]   current_slope                   ▓17   ▓18   ▓19   ▓19   ▓18   ▓19   ▓19   ▓19   ▓18   ▓17   ▓17   ▓17   ▓17   ▓17   ▓17   ▓14
[14:45:15]   wave_slope                      ▓17   ▓17   ▓18   ▓17   ▓17   ▓17   ▓16   ▓16   ▓15   ▓16   ▓16   ▓15   ▓14   ▓13   ▓13   ▓13
[14:45:15]   kf_price_pred_val               ▓13   ▓17   ▓12   ▓13   ▓11   ▓15   ▓14   ▓19   ▓12   ▓16   █20   ▒9   ▓16   ▓14   ▓13   ▓16
[14:45:15]   vwap_spread_current_wave        ▓13   ▓15   ▓15   ▓14   ▓13   ▓14   ▓13   ▓14   ▓16   ▓16   ▓16   ▓16   ▓15   ▓14   ▓14   ▓14
[14:45:15]   kf_conj_pred_val                ▓13   ▓13   ▓14   ▓14   ▓14   ▓15   ▓15   ▓14   ▓15   ▓16   ▓16   ▓17   ▓17   ▓17   ▓16   ▓16
[14:45:15] 
  ── LH (70 turns) ──
[14:45:15]   Feature                      │     μ │  med │  p25 │  p75 │ t-10→t-3 │ t-2,t-1 │  t=0 │ t+1,t+2 │  t+3→t+5 │        Class
[14:45:15]   ──────────────────────────── │ ───── │ ──── │ ──── │ ──── │ ──────── │ ─────── │ ──── │ ─────── │ ──────── │ ────────────
[14:45:15]   kf_conj_filt_vel             │ -2.8 │  -3 │  -6 │  +1 │      18% │     20% │  20% │     17% │      12% │   EARLY WARN
[14:45:15]   wave_accel                   │ -2.8 │  -3 │  -6 │  +1 │      19% │     17% │  17% │     16% │      14% │   EARLY WARN
[14:45:15]   wave_slope                   │ -1.8 │  -1 │  -6 │  +2 │      17% │     21% │  21% │     22% │      24% │       ALERTA
[14:45:15]   kf_price_pred_val            │ -2.0 │  -2 │  -6 │  +2 │      16% │     18% │  24% │     16% │      19% │       ALERTA
[14:45:15]   current_accel                │ -2.7 │  -3 │  -7 │  +1 │      17% │     16% │  11% │     15% │      17% │   EARLY WARN
[14:45:15]   current_slope                │ -2.2 │  -2 │  -6 │  +2 │      16% │     17% │  17% │     17% │      20% │       ALERTA
[14:45:15]   tide_slope                   │ -2.4 │  -2 │  -6 │  +1 │      15% │     16% │  16% │     15% │      14% │       ALERTA
[14:45:15]   kf_price_innovation          │ -2.3 │  -2 │  -6 │  +1 │      14% │     14% │  23% │     26% │      11% │       ALERTA
[14:45:15]   kf_price_filt_vel            │ -2.3 │  -2 │  -6 │  +1 │      14% │     14% │  26% │     15% │      13% │       ALERTA
[14:45:15]   vwap_spread_current_wave     │ -2.6 │  -3 │  -7 │  +2 │      14% │     11% │  11% │     14% │      15% │   EARLY WARN
[14:45:15]   conj_wave_current            │ -1.7 │  -1 │  -5 │  +2 │      12% │     17% │  16% │     19% │      16% │       ALERTA
[14:45:15]   conj_current_tide            │ -2.6 │  -3 │  -7 │  +2 │      13% │     12% │  10% │     12% │      15% │   EARLY WARN
[14:45:15]   kf_conj_pred_val             │ -1.9 │  -2 │  -5 │  +2 │      12% │     15% │  14% │     15% │      14% │       ALERTA
[14:45:15]   conj_wave_tide               │ -1.7 │  -1 │  -5 │  +2 │      11% │     15% │  14% │     16% │      14% │       ALERTA
[14:45:15]   vwap_spread_tide_wave        │ -2.3 │  -2 │  -6 │  +2 │      11% │     13% │  13% │     13% │      11% │       ALERTA
[14:45:15] 
  HEATMAP (% of LH turns where feature fires at each offset):
[14:45:15]                                 t-10 t-9  t-8  t-7  t-6  t-5  t-4  t-3  t-2  t-1  t=0  t+1  t+2  t+3  t+4  t+5
[14:45:15]                                 ──── ──── ──── ──── ──── ──── ──── ──── ──── ──── ──── ──── ──── ──── ──── ────
[14:45:15]   kf_conj_filt_vel                ▓14   ▓13   ▓19   ▓19   █21   █20   ▓19   ▓19   ▓19   █21   █20   ▓19   ▓16   ▓11   ▓14   ▓11
[14:45:15]   wave_accel                      ▓14   ▓19   ▓17   ▓17   ▓19   █23   ▓19   █21   ▓16   ▓19   ▓17   █23   ▓10   ▓14   ▓16   ▓13
[14:45:15]   wave_slope                      ▓14   ▓14   ▓17   ▓17   ▓17   ▓17   ▓17   ▓19   █20   █21   █21   █21   █23   █24   █24   █23
[14:45:15]   kf_price_pred_val               ▓11   ▓10   █20   ▓17   █20   ▓17   ▓11   █20   ▓17   ▓19   █24   ▓13   ▓19   ▓16   ▓19   █23
[14:45:15]   current_accel                   ▓19   ▓19   ▓19   ▓17   ▓14   ▓14   ▓17   █20   ▓17   ▓14   ▓11   ▓16   ▓14   █20   ▓17   ▓14
[14:45:15] 
  Processing MCD...
[14:45:15] ══════════════════════════════════════════════════════════════════════════════════════════
[14:45:15]   TICKER: MCD
[14:45:15] ══════════════════════════════════════════════════════════════════════════════════════════
[14:45:15] 
  ── LL (27 turns) ──
[14:45:15]   Feature                      │     μ │  med │  p25 │  p75 │ t-10→t-3 │ t-2,t-1 │  t=0 │ t+1,t+2 │  t+3→t+5 │        Class
[14:45:15]   ──────────────────────────── │ ───── │ ──── │ ──── │ ──── │ ──────── │ ─────── │ ──── │ ─────── │ ──────── │ ────────────
[14:45:15]   vwap_sigma_tide              │ -1.2 │  -1 │  -4 │  +1 │      20% │     44% │  63% │     31% │      25% │       ALERTA
[14:45:15]   wave_slope                   │ -2.1 │  -2 │  -5 │  +1 │      21% │     33% │  37% │     28% │      17% │       ALERTA
[14:45:15]   vwap_sigma_current           │ -3.0 │  -3 │  -5 │  +0 │      20% │     24% │  59% │      6% │       5% │   EARLY WARN
[14:45:15]   conj_wave_tide               │ -2.0 │  -2 │  -5 │  +1 │      19% │     30% │  37% │     26% │      16% │       ALERTA
[14:45:15]   kf_rsi_pred_val              │ -2.8 │  -3 │  -5 │  +0 │      17% │     30% │  41% │     15% │       1% │   EARLY WARN
[14:45:15]   rsi_value                    │ -2.8 │  -3 │  -5 │  +0 │      17% │     24% │  52% │      9% │       4% │   EARLY WARN
[14:45:15]   conj_wave_current            │ -2.4 │  -2 │  -5 │  +0 │      16% │     30% │  33% │     19% │      11% │       ALERTA
[14:45:15]   sigma_tide                   │ -2.1 │  -1 │  -5 │  +1 │      14% │     26% │  41% │     20% │      12% │       ALERTA
[14:45:15]   compression_ratio            │ -0.9 │  +0 │  -4 │  +3 │      16% │     26% │  30% │     26% │      33% │    DETECTION
[14:45:15]   kf_price_pred_val            │ -1.8 │  -1 │  -5 │  +2 │      16% │     20% │  37% │     24% │      17% │       ALERTA
[14:45:15]   current_accel                │ -1.9 │  -2 │  -6 │  +2 │      16% │     17% │  26% │     15% │      20% │       ALERTA
[14:45:15]   kf_conj_pred_val             │ -1.6 │  -1 │  -4 │  +1 │      14% │     26% │  26% │     22% │      16% │       ALERTA
[14:45:15]   sigma_current                │ -3.7 │  -4 │  -6 │  -1 │      15% │     17% │  22% │      0% │       4% │   EARLY WARN
[14:45:15]   kf_price_filt_vel            │ -1.5 │  -1 │  -5 │  +2 │      15% │     17% │  22% │     31% │      20% │       ALERTA
[14:45:15]   tide_accel                   │ -1.6 │  -1 │  -4 │  +2 │      12% │     22% │  26% │     13% │      17% │       ALERTA
[14:45:15] 
  HEATMAP (% of LL turns where feature fires at each offset):
[14:45:15]                                 t-10 t-9  t-8  t-7  t-6  t-5  t-4  t-3  t-2  t-1  t=0  t+1  t+2  t+3  t+4  t+5
[14:45:15]                                 ──── ──── ──── ──── ──── ──── ──── ──── ──── ──── ──── ──── ──── ──── ──── ────
[14:45:15]   vwap_sigma_tide                 ▒7   ░4   ▒7   ▓15   ▓11   █33   █41   █44   █44   █44   █63   █33   █30   █26   █26   █22
[14:45:15]   wave_slope                      ▓15   ▓11   ▓15   ▓19   █22   █26   █30   █33   █37   █30   █37   █30   █26   ▓19   ▓19   ▓15
[14:45:15]   vwap_sigma_current              ▓11   ▓11   ▓11   █22   ▓15   █22   █30   █41   █26   █22   █59   ▓11    ·   ░4   ▒7   ░4
[14:45:15]   conj_wave_tide                  ▓11   ▓11   ▓11   ▓19   ▓19   █22   █30   █33   █33   █26   █37   █30   █22   ▓15   ▓19   ▓15
[14:45:15]   kf_rsi_pred_val                 ▓11   ░4   ▒7   ▓15   ▓15   █22   █26   █37   █30   █30   █41   █30    ·    ·    ·   ░4
[14:45:15] 
  ── HL (43 turns) ──
[14:45:15]   Feature                      │     μ │  med │  p25 │  p75 │ t-10→t-3 │ t-2,t-1 │  t=0 │ t+1,t+2 │  t+3→t+5 │        Class
[14:45:15]   ──────────────────────────── │ ───── │ ──── │ ──── │ ──── │ ──────── │ ─────── │ ──── │ ─────── │ ──────── │ ────────────
[14:45:15]   kf_price_pred_val            │ -1.4 │  +0 │  -4 │  +2 │       7% │     10% │  33% │     14% │      12% │    DETECTION
[14:45:15]   kf_rvol_filt_vel             │ -2.7 │  -3 │  -6 │  +0 │       9% │      9% │  16% │      5% │       7% │   EARLY WARN
[14:45:15]   wave_accel                   │ -2.1 │  -2 │  -6 │  +2 │       8% │     10% │  14% │      7% │      11% │       ALERTA
[14:45:15]   kf_price_filt_vel            │ -1.6 │  +0 │  -5 │  +2 │       7% │      9% │  21% │     26% │       7% │    DETECTION
[14:45:15]   current_slope                │ -2.8 │  -3 │  -6 │  +1 │       9% │      8% │   9% │      7% │       7% │   EARLY WARN
[14:45:15]   conj_current_tide            │ -2.8 │  -3 │  -7 │  +2 │       9% │      7% │   7% │      8% │       9% │   EARLY WARN
[14:45:15]   kf_tension_filt_vel          │ -2.5 │  -2 │  -6 │  +0 │       7% │     10% │  21% │      3% │       5% │       ALERTA
[14:45:15]   kf_rvol_pred_val             │ -3.3 │  -2 │  -7 │  +0 │       7% │     12% │  14% │      8% │       2% │       ALERTA
[14:45:15]   current_accel                │ -3.4 │  -4 │  -7 │  +0 │       8% │      6% │  12% │      7% │       3% │   EARLY WARN
[14:45:15]   kf_conj_filt_vel             │ -2.6 │  -3 │  -7 │  +2 │       9% │      5% │   7% │      5% │       9% │   EARLY WARN
[14:45:15]   vwap_spread_tide_current     │ -3.1 │  -4 │  -7 │  +1 │       8% │      7% │   5% │      6% │       7% │   EARLY WARN
[14:45:15]   kf_price_innovation          │ -2.1 │  +0 │  -6 │  +1 │       8% │      7% │   7% │     27% │       6% │    DETECTION
[14:45:15]   sigma_tide                   │ -2.6 │  -2 │  -6 │  +0 │       6% │      9% │  16% │      6% │       4% │       ALERTA
[14:45:15]   tension_tide                 │ -2.0 │  -2 │  -5 │  +1 │       6% │     10% │  12% │      9% │       5% │       ALERTA
[14:45:15]   kf_tension_pred_val          │ -2.2 │  -2 │  -6 │  +1 │       6% │      8% │  14% │      9% │       4% │       ALERTA
[14:45:15] 
  HEATMAP (% of HL turns where feature fires at each offset):
[14:45:15]                                 t-10 t-9  t-8  t-7  t-6  t-5  t-4  t-3  t-2  t-1  t=0  t+1  t+2  t+3  t+4  t+5
[14:45:15]                                 ──── ──── ──── ──── ──── ──── ──── ──── ──── ──── ──── ──── ──── ──── ──── ────
[14:45:15]   kf_price_pred_val               ▓12   ░5   ▒9   ░5   ░5   ▒7   ▒9   ▒7   ▒9   ▓12   █33   ▓14   ▓14   █21   ▒9   ▒7
[14:45:15]   kf_rvol_filt_vel                ░5   ▒7   ▓12   ▒9   ▒9   ▒7   ▓12   ▓14   ▒9   ▒9   ▓16   ▒9    ·   ▒7   ▒7   ▒7
[14:45:15]   wave_accel                      ▒7   ▓12   ▒9   ░5   ▒9   ▒9   ░5   ▒9   ▒9   ▓12   ▓14   ▒7   ▒7   ▒9   ▓12   ▓12
[14:45:15]   kf_price_filt_vel               ▒9   ▒7   ▓12   ▒7   ░5   ▒7   ░5   ▒7   ▒7   ▓12   █21   █26   █26   ▓14   ░2   ░5
[14:45:15]   current_slope                   ▒7   ▒7   ▒9   ▒9   ▒9   ▒9   ▒9   ▒9   ▒7   ▒9   ▒9   ▒7   ▒7   ▒7   ▒7   ▒7
[14:45:15] 
  ── HH (42 turns) ──
[14:45:15]   Feature                      │     μ │  med │  p25 │  p75 │ t-10→t-3 │ t-2,t-1 │  t=0 │ t+1,t+2 │  t+3→t+5 │        Class
[14:45:15]   ──────────────────────────── │ ───── │ ──── │ ──── │ ──── │ ──────── │ ─────── │ ──── │ ─────── │ ──────── │ ────────────
[14:45:15]   current_accel                │ -2.7 │  -3 │  -6 │  +1 │      10% │     12% │  14% │     10% │       8% │   EARLY WARN
[14:45:15]   conj_current_tide            │ -2.2 │  -2 │  -5 │  +1 │       9% │     12% │  12% │     11% │       8% │       ALERTA
[14:45:15]   vwap_spread_tide_current     │ -2.3 │  -2 │  -6 │  +2 │      10% │     10% │  10% │     10% │      11% │       ALERTA
[14:45:15]   current_slope                │ -2.0 │  -2 │  -6 │  +2 │       9% │     11% │  12% │     12% │      10% │       ALERTA
[14:45:15]   conj_wave_tide               │ -2.6 │  -2 │  -6 │  +1 │       8% │     10% │  12% │     11% │       4% │       ALERTA
[14:45:15]   vwap_spread_current_wave     │ -2.6 │  -2 │  -7 │  +1 │       8% │      7% │   7% │      7% │       9% │       ALERTA
[14:45:15]   kf_price_pred_val            │ -1.7 │  -1 │  -6 │  +3 │       8% │      5% │  10% │     12% │      13% │       ALERTA
[14:45:15]   kf_conj_pred_val             │ -2.5 │  -2 │  -6 │  +1 │       7% │      7% │  12% │     10% │       4% │       ALERTA
[14:45:15]   tide_slope                   │ -3.0 │  -3 │  -7 │  +0 │       7% │      7% │   7% │      5% │       6% │   EARLY WARN
[14:45:15]   wave_slope                   │ -2.4 │  -2 │  -6 │  +1 │       7% │      6% │  12% │     10% │       5% │       ALERTA
[14:45:15]   conj_wave_current            │ -2.4 │  -2 │  -6 │  +2 │       7% │      7% │   7% │      7% │       7% │       ALERTA
[14:45:15]   kf_price_innovation          │ -2.9 │  -4 │  -7 │  +1 │       8% │      5% │   2% │     10% │       8% │   EARLY WARN
[14:45:15]   kf_price_filt_vel            │ -1.4 │  +0 │  -5 │  +2 │       7% │      5% │   2% │     18% │      10% │    DETECTION
[14:45:15]   vwap_spread_tide_wave        │ -4.1 │  -4 │  -8 │  -1 │       6% │      5% │   5% │      2% │       2% │   EARLY WARN
[14:45:15]   sigma_tide                   │ -4.2 │  -4 │  -8 │  -0 │       5% │      5% │  10% │      1% │       2% │   EARLY WARN
[14:45:15] 
  HEATMAP (% of HH turns where feature fires at each offset):
[14:45:15]                                 t-10 t-9  t-8  t-7  t-6  t-5  t-4  t-3  t-2  t-1  t=0  t+1  t+2  t+3  t+4  t+5
[14:45:15]                                 ──── ──── ──── ──── ──── ──── ──── ──── ──── ──── ──── ──── ──── ──── ──── ────
[14:45:15]   current_accel                   ▒10   ▒10   ▒10   ▓12   ▒10   ▒10   ▓12   ▓12   ▓12   ▓12   ▓14   ▓12   ▒7   ▒10   ▒10   ░5
[14:45:15]   conj_current_tide               ▒7   ▒7   ▒7   ▒7   ▒7   ▒10   ▓12   ▓12   ▓12   ▓12   ▓12   ▓12   ▒10   ▒10   ▒7   ▒7
[14:45:15]   vwap_spread_tide_current        ▒10   ▒10   ▒10   ▒10   ▒10   ▒10   ▒10   ▒10   ▒10   ▒10   ▒10   ▒10   ▒10   ▒10   ▓12   ▓12
[14:45:15]   current_slope                   ▒10   ▒7   ▒7   ▒7   ▒10   ▒10   ▒10   ▒10   ▒10   ▓12   ▓12   ▓12   ▓12   ▓12   ▒10   ▒10
[14:45:15]   conj_wave_tide                  ░5   ▒7   ▒7   ▒7   ▒10   ▒7   ▒10   ▒10   ▒10   ▒10   ▓12   ▒10   ▓12   ░5   ░2   ░5
[14:45:15] 
  ── LH (29 turns) ──
[14:45:15]   Feature                      │     μ │  med │  p25 │  p75 │ t-10→t-3 │ t-2,t-1 │  t=0 │ t+1,t+2 │  t+3→t+5 │        Class
[14:45:15]   ──────────────────────────── │ ───── │ ──── │ ──── │ ──── │ ──────── │ ─────── │ ──── │ ─────── │ ──────── │ ────────────
[14:45:15]   kf_price_pred_val            │ -2.0 │  -2 │  -6 │  +2 │      17% │     14% │  24% │     16% │      21% │       ALERTA
[14:45:15]   conj_wave_current            │ -2.6 │  -3 │  -6 │  +0 │      16% │     17% │  17% │     16% │       8% │   EARLY WARN
[14:45:15]   compression_ratio            │ -1.6 │  -1 │  -5 │  +2 │      15% │     21% │  17% │     17% │      23% │       ALERTA
[14:45:15]   kf_price_filt_vel            │ -1.9 │  -2 │  -5 │  +2 │      16% │     12% │  24% │     22% │      18% │       ALERTA
[14:45:15]   wave_slope                   │ -2.3 │  -3 │  -5 │  +1 │      15% │     17% │  14% │     14% │      11% │   EARLY WARN
[14:45:15]   conj_wave_tide               │ -2.3 │  -3 │  -5 │  +1 │      15% │     17% │  14% │     14% │      11% │   EARLY WARN
[14:45:15]   kf_conj_pred_val             │ -2.2 │  -3 │  -5 │  +0 │      13% │     17% │  14% │     12% │       9% │   EARLY WARN
[14:45:15]   wave_accel                   │ -0.7 │  +0 │  -4 │  +3 │      12% │     17% │  21% │     16% │      31% │    DETECTION
[14:45:15]   kf_price_innovation          │ -1.6 │  -1 │  -5 │  +2 │      12% │     16% │  14% │     22% │      17% │       ALERTA
[14:45:15]   kf_conj_filt_vel             │ -1.1 │  -1 │  -4 │  +2 │       9% │     17% │  17% │     14% │      17% │       ALERTA
[14:45:15]   current_accel                │ -1.0 │  -1 │  -4 │  +3 │      10% │     16% │   7% │     14% │      18% │       ALERTA
[14:45:15]   sigma_current                │ -3.1 │  -4 │  -7 │  -1 │      10% │     10% │   3% │      2% │       9% │   EARLY WARN
[14:45:15]   kf_rsi_pred_val              │ -3.9 │  -4 │  -7 │  -2 │      10% │      9% │   3% │      0% │       5% │   EARLY WARN
[14:45:15]   kf_rsi_filt_vel              │ -2.1 │  -2 │  -6 │  +2 │       9% │     10% │  10% │      5% │      10% │       ALERTA
[14:45:15]   vwap_sigma_current           │ -2.3 │  -3 │  -5 │  +2 │       9% │     10% │   3% │      3% │       9% │   EARLY WARN
[14:45:15] 
  HEATMAP (% of LH turns where feature fires at each offset):
[14:45:15]                                 t-10 t-9  t-8  t-7  t-6  t-5  t-4  t-3  t-2  t-1  t=0  t+1  t+2  t+3  t+4  t+5
[14:45:15]                                 ──── ──── ──── ──── ──── ──── ──── ──── ──── ──── ──── ──── ──── ──── ──── ────
[14:45:15]   kf_price_pred_val               ▓10   ▓10   █24   █21   ▓14   ▓17   ▓17   █21   ▓17   ▓10   █24   ▓10   █21   ▓17   █21   █24
[14:45:15]   conj_wave_current               ▒7   ▓10   ▓14   ▓14   ▓14   ▓14   █24   █28   ▓17   ▓17   ▓17   ▓14   ▓17   ▓10   ▒7   ▒7
[14:45:15]   compression_ratio               ▓10   ▓10   ▓10   ▓17   ▓14   ▓14   █21   █21   █21   █21   ▓17   ▓17   ▓17   █24   █24   █21
[14:45:15]   kf_price_filt_vel               ▓10   ▒7   █21   ▓10   █21   ▓17   █24   ▓17   ▓17   ▒7   █24   ▓17   █28   █21   █21   ▓14
[14:45:15]   wave_slope                      ▒7   ▒7   ▓10   ▓14   ▓14   ▓17   █21   █28   █21   ▓14   ▓14   ▓14   ▓14   ▓14   ▓10   ▓10
[14:45:15] 
  Processing MRK...
[14:45:16] ══════════════════════════════════════════════════════════════════════════════════════════
[14:45:16]   TICKER: MRK
[14:45:16] ══════════════════════════════════════════════════════════════════════════════════════════
[14:45:16] 
  ── LL (50 turns) ──
[14:45:16]   Feature                      │     μ │  med │  p25 │  p75 │ t-10→t-3 │ t-2,t-1 │  t=0 │ t+1,t+2 │  t+3→t+5 │        Class
[14:45:16]   ──────────────────────────── │ ───── │ ──── │ ──── │ ──── │ ──────── │ ─────── │ ──── │ ─────── │ ──────── │ ────────────
[14:45:16]   tide_slope                   │ -2.2 │  -2 │  -6 │  +2 │      19% │     21% │  22% │     22% │      22% │       ALERTA
[14:45:16]   vwap_spread_tide_wave        │ -1.8 │  -1 │  -5 │  +2 │      16% │     21% │  22% │     22% │      22% │       ALERTA
[14:45:16]   vwap_spread_tide_current     │ -2.4 │  -2 │  -6 │  +2 │      16% │     16% │  18% │     18% │      18% │       ALERTA
[14:45:16]   rsi_value                    │ -2.7 │  -2 │  -5 │  +0 │      11% │     18% │  38% │     10% │       2% │       ALERTA
[14:45:16]   sigma_tide                   │ -1.7 │  -1 │  -4 │  +1 │      11% │     21% │  28% │     21% │      10% │       ALERTA
[14:45:16]   kf_price_innovation          │ -1.8 │  -1 │  -5 │  +1 │      13% │     15% │  18% │     28% │      15% │       ALERTA
[14:45:16]   kf_price_pred_val            │ -1.8 │  -1 │  -5 │  +2 │      11% │     15% │  30% │     15% │      16% │       ALERTA
[14:45:16]   kf_price_filt_vel            │ -1.7 │  -1 │  -5 │  +2 │      12% │     11% │  24% │     24% │      15% │       ALERTA
[14:45:16]   kf_rsi_pred_val              │ -2.5 │  -2 │  -5 │  +0 │       9% │     17% │  30% │     13% │       1% │       ALERTA
[14:45:16]   wave_accel                   │ -2.7 │  -3 │  -6 │  +1 │      11% │      9% │  16% │      9% │       9% │   EARLY WARN
[14:45:16]   vwap_spread_current_wave     │ -1.6 │  -1 │  -6 │  +2 │      10% │     11% │  14% │     15% │      16% │       ALERTA
[14:45:16]   wave_slope                   │ -0.4 │  +1 │  -3 │  +3 │       8% │     13% │  20% │     22% │      26% │      CONFIRM
[14:45:16]   tide_accel                   │ -2.0 │  -1 │  -6 │  +1 │       9% │     12% │  18% │     14% │      10% │       ALERTA
[14:45:16]   kf_conj_filt_vel             │ -2.5 │  -3 │  -6 │  +1 │      10% │     10% │  10% │     11% │       7% │   EARLY WARN
[14:45:16]   kf_tension_filt_vel          │ -2.9 │  -4 │  -6 │  +0 │      11% │      4% │  16% │      2% │      10% │   EARLY WARN
[14:45:16] 
  HEATMAP (% of LL turns where feature fires at each offset):
[14:45:16]                                 t-10 t-9  t-8  t-7  t-6  t-5  t-4  t-3  t-2  t-1  t=0  t+1  t+2  t+3  t+4  t+5
[14:45:16]                                 ──── ──── ──── ──── ──── ──── ──── ──── ──── ──── ──── ──── ──── ──── ──── ────
[14:45:16]   tide_slope                      ▓18   ▓18   ▓18   ▓18   █20   █20   █20   █20   █20   █22   █22   █22   █22   █22   █22   █22
[14:45:16]   vwap_spread_tide_wave           ▓16   ▓16   ▓16   ▓14   ▓14   ▓14   █20   █20   █20   █22   █22   █22   █22   █22   █22   █22
[14:45:16]   vwap_spread_tide_current        ▓18   ▓18   ▓16   ▓16   ▓16   ▓16   ▓16   ▓16   ▓16   ▓16   ▓18   ▓18   ▓18   ▓18   ▓18   ▓18
[14:45:16]   rsi_value                       ▒6   ▒6   ▒6   ▓10   ▓16   ▓12   ▓14   ▓18   ▓16   █20   █38   ▓14   ▒6   ░4   ░2    ·
[14:45:16]   sigma_tide                      ▓10   ▒8   ░4   ▒8   ▒8   ▓16   ▓18   ▓16   █20   █22   █28   █20   █22   ▓14   ▓12   ░4
[14:45:16] 
  ── HL (60 turns) ──
[14:45:16]   Feature                      │     μ │  med │  p25 │  p75 │ t-10→t-3 │ t-2,t-1 │  t=0 │ t+1,t+2 │  t+3→t+5 │        Class
[14:45:16]   ──────────────────────────── │ ───── │ ──── │ ──── │ ──── │ ──────── │ ─────── │ ──── │ ─────── │ ──────── │ ────────────
[14:45:16]   vwap_spread_tide_current     │ -2.5 │  -2 │  -6 │  +1 │      12% │     12% │  12% │     12% │      12% │       ALERTA
[14:45:16]   vwap_spread_tide_wave        │ -2.7 │  -3 │  -7 │  +2 │      12% │     10% │  10% │     12% │      12% │   EARLY WARN
[14:45:16]   tide_slope                   │ -2.5 │  -2 │  -7 │  +2 │      11% │     11% │  12% │     12% │      12% │       ALERTA
[14:45:16]   wave_slope                   │ -3.2 │  -4 │  -7 │  +0 │      11% │      9% │  10% │      8% │       7% │   EARLY WARN
[14:45:16]   kf_price_pred_val            │ -2.1 │  -1 │  -6 │  +2 │       9% │     11% │  22% │      7% │      11% │       ALERTA
[14:45:16]   tension_current              │ -3.2 │  -3 │  -7 │  +0 │       9% │     11% │  13% │      8% │       3% │   EARLY WARN
[14:45:16]   kf_tension_filt_vel          │ -1.6 │  -1 │  -5 │  +3 │       8% │     10% │  17% │      4% │      13% │       ALERTA
[14:45:16]   current_slope                │ -2.3 │  -2 │  -7 │  +2 │       9% │      8% │   8% │      9% │      11% │       ALERTA
[14:45:16]   vwap_spread_current_wave     │ -2.5 │  -2 │  -7 │  +2 │       9% │      9% │   7% │      9% │       9% │       ALERTA
[14:45:16]   kf_price_filt_vel            │ -1.9 │  -1 │  -6 │  +2 │       8% │      8% │  12% │     14% │       9% │       ALERTA
[14:45:16]   current_accel                │ -3.5 │  -4 │  -7 │  +0 │       8% │      7% │  12% │      5% │       3% │   EARLY WARN
[14:45:16]   wave_accel                   │ -2.5 │  -2 │  -7 │  +1 │       7% │      8% │  12% │      7% │       7% │       ALERTA
[14:45:16]   sigma_current                │ -2.9 │  -2 │  -6 │  +0 │       5% │     12% │  15% │      2% │       2% │       ALERTA
[14:45:16]   conj_wave_tide               │ -4.0 │  -5 │  -8 │  +0 │       8% │      5% │   5% │      5% │       4% │   EARLY WARN
[14:45:16]   kf_conj_filt_vel             │ -2.8 │  -4 │  -7 │  +1 │       8% │      5% │   5% │      8% │       6% │   EARLY WARN
[14:45:16] 
  HEATMAP (% of HL turns where feature fires at each offset):
[14:45:16]                                 t-10 t-9  t-8  t-7  t-6  t-5  t-4  t-3  t-2  t-1  t=0  t+1  t+2  t+3  t+4  t+5
[14:45:16]                                 ──── ──── ──── ──── ──── ──── ──── ──── ──── ──── ──── ──── ──── ──── ──── ────
[14:45:16]   vwap_spread_tide_current        ▓12   ▓12   ▓12   ▓12   ▓12   ▓12   ▓12   ▓12   ▓12   ▓12   ▓12   ▓12   ▓12   ▓12   ▓12   ▓12
[14:45:16]   vwap_spread_tide_wave           ▓13   ▓13   ▓13   ▓12   ▓12   ▓12   ▓12   ▓10   ▓10   ▓10   ▓10   ▓12   ▓12   ▓12   ▓12   ▓12
[14:45:16]   tide_slope                      ▓12   ▓12   ▓12   ▓12   ▓12   ▓10   ▓10   ▓10   ▓10   ▓12   ▓12   ▓12   ▓12   ▓12   ▓12   ▓12
[14:45:16]   wave_slope                      ▓10   ▓12   ▓13   ▓12   ▓10   ▓10   ▓10   ▒8   ▒8   ▓10   ▓10   ▒8   ▒8   ▓10   ▒7   ▒5
[14:45:16]   kf_price_pred_val               ▒8   ▓13   ▒7   ▒5   ▓10   ▒8   ▒8   ▒8   ▒7   ▓15   █22   ░3   ▓10   ▓13   ▒8   ▓10
[14:45:16] 
  ── HH (56 turns) ──
[14:45:16]   Feature                      │     μ │  med │  p25 │  p75 │ t-10→t-3 │ t-2,t-1 │  t=0 │ t+1,t+2 │  t+3→t+5 │        Class
[14:45:16]   ──────────────────────────── │ ───── │ ──── │ ──── │ ──── │ ──────── │ ─────── │ ──── │ ─────── │ ──────── │ ────────────
[14:45:16]   vwap_spread_tide_wave        │ -2.5 │  -2 │  -6 │  +1 │      11% │     11% │  11% │     11% │      11% │       ALERTA
[14:45:16]   tide_accel                   │ -2.0 │  -2 │  -5 │  +1 │       8% │     14% │  14% │     11% │       7% │       ALERTA
[14:45:16]   vwap_spread_current_wave     │ -2.7 │  -3 │  -7 │  +2 │      10% │      8% │   9% │      9% │      11% │   EARLY WARN
[14:45:16]   tide_slope                   │ -2.9 │  -3 │  -7 │  +1 │       9% │      9% │   9% │      8% │       7% │   EARLY WARN
[14:45:16]   tension_tide                 │ -2.1 │  -2 │  -6 │  +1 │       8% │     10% │  14% │     10% │       8% │       ALERTA
[14:45:16]   kf_tension_pred_val          │ -2.5 │  -2 │  -6 │  +1 │       8% │     10% │  14% │     12% │       5% │       ALERTA
[14:45:16]   vwap_spread_tide_current     │ -2.0 │  -2 │  -6 │  +2 │       8% │      9% │   9% │      9% │      10% │       ALERTA
[14:45:16]   kf_price_pred_val            │ -2.4 │  -2 │  -5 │  +0 │       6% │      9% │  18% │      7% │       4% │       ALERTA
[14:45:16]   current_accel                │ -2.7 │  -2 │  -6 │  +0 │       6% │     10% │  14% │      7% │       3% │       ALERTA
[14:45:16]   kf_price_innovation          │ -2.1 │  -1 │  -5 │  +1 │       6% │     10% │   9% │     16% │       6% │       ALERTA
[14:45:16]   kf_price_filt_vel            │ -1.9 │  -1 │  -5 │  +2 │       6% │      8% │  11% │     16% │       5% │       ALERTA
[14:45:16]   kf_tension_filt_vel          │ -0.4 │  +0 │  -4 │  +4 │       4% │      9% │  16% │      7% │      15% │    DETECTION
[14:45:16]   current_slope                │ -2.1 │  -1 │  -6 │  +2 │       6% │      4% │   7% │      9% │       9% │       ALERTA
[14:45:16]   wave_accel                   │ -2.7 │  -2 │  -7 │  +1 │       5% │      4% │  14% │      6% │       4% │       ALERTA
[14:45:16]   rsi_value                    │ -3.1 │  -2 │  -6 │  +0 │       3% │      8% │  14% │      2% │       0% │       ALERTA
[14:45:16] 
  HEATMAP (% of HH turns where feature fires at each offset):
[14:45:16]                                 t-10 t-9  t-8  t-7  t-6  t-5  t-4  t-3  t-2  t-1  t=0  t+1  t+2  t+3  t+4  t+5
[14:45:16]                                 ──── ──── ──── ──── ──── ──── ──── ──── ──── ──── ──── ──── ──── ──── ──── ────
[14:45:16]   vwap_spread_tide_wave           ▓11   ▓11   ▓11   ▓11   ▓11   ▓11   ▓11   ▓11   ▓11   ▓11   ▓11   ▓11   ▓11   ▓11   ▓11   ▓11
[14:45:16]   tide_accel                      ▒5   ▒5   ▒7   ▒7   ▒7   ▒9   ▒9   ▓14   ▓14   ▓14   ▓14   ▓11   ▓11   ▒7   ▒7   ▒7
[14:45:16]   vwap_spread_current_wave        ▓12   ▓12   ▓11   ▒9   ▒9   ▒9   ▒9   ▒9   ▒7   ▒9   ▒9   ▒9   ▒9   ▓11   ▓11   ▓11
[14:45:16]   tide_slope                      ▓11   ▒9   ▒9   ▒9   ▒9   ▒9   ▒9   ▒9   ▒9   ▒9   ▒9   ▒9   ▒7   ▒7   ▒7   ▒7
[14:45:16]   tension_tide                    ▒5   ▒9   ▒7   ▒7   ▒7   ▒9   ▒7   ▒9   ▒9   ▓11   ▓14   ▓11   ▒9   ▒9   ▒7   ▒7
[14:45:16] 
  ── LH (53 turns) ──
[14:45:16]   Feature                      │     μ │  med │  p25 │  p75 │ t-10→t-3 │ t-2,t-1 │  t=0 │ t+1,t+2 │  t+3→t+5 │        Class
[14:45:16]   ──────────────────────────── │ ───── │ ──── │ ──── │ ──── │ ──────── │ ─────── │ ──── │ ─────── │ ──────── │ ────────────
[14:45:16]   tide_slope                   │ -2.5 │  -2 │  -6 │  +1 │      21% │     21% │  21% │     21% │      21% │       ALERTA
[14:45:16]   vwap_spread_tide_current     │ -2.7 │  -3 │  -7 │  +1 │      21% │     21% │  21% │     19% │      19% │   EARLY WARN
[14:45:16]   vwap_spread_tide_wave        │ -2.1 │  -2 │  -6 │  +2 │      19% │     23% │  23% │     23% │      23% │       ALERTA
[14:45:16]   vwap_spread_current_wave     │ -2.2 │  -2 │  -6 │  +2 │      13% │     14% │  15% │     12% │      16% │       ALERTA
[14:45:16]   kf_conj_filt_vel             │ -4.1 │  -5 │  -8 │  -1 │      15% │      8% │   8% │      7% │       8% │   EARLY WARN
[14:45:16]   kf_price_pred_val            │ -2.0 │  -2 │  -6 │  +2 │      12% │     13% │  19% │     15% │      16% │       ALERTA
[14:45:16]   wave_slope                   │ -2.1 │  -2 │  -6 │  +2 │      12% │     16% │  13% │     13% │      14% │       ALERTA
[14:45:16]   kf_price_filt_vel            │ -2.2 │  -2 │  -6 │  +2 │      12% │     12% │  17% │     19% │      11% │       ALERTA
[14:45:16]   current_slope                │ -2.2 │  -2 │  -6 │  +2 │      12% │     12% │  11% │     13% │      16% │       ALERTA
[14:45:16]   wave_accel                   │ -3.4 │  -4 │  -8 │  +1 │      13% │     10% │   8% │      8% │      11% │   EARLY WARN
[14:45:16]   kf_price_innovation          │ -1.4 │  +0 │  -5 │  +2 │       9% │     14% │  15% │     22% │      16% │    DETECTION
[14:45:16]   conj_wave_current            │ -2.2 │  -2 │  -5 │  +1 │       8% │     14% │  15% │     11% │       8% │       ALERTA
[14:45:16]   conj_current_tide            │ -2.3 │  -2 │  -6 │  +1 │       8% │     10% │  11% │     10% │       8% │       ALERTA
[14:45:16]   kf_conj_pred_val             │ -2.3 │  -2 │  -6 │  +1 │       8% │      9% │   9% │      8% │       9% │       ALERTA
[14:45:16]   compression_ratio            │ -2.2 │  -2 │  -6 │  +2 │       8% │     11% │   9% │      8% │       9% │       ALERTA
[14:45:16] 
  HEATMAP (% of LH turns where feature fires at each offset):
[14:45:16]                                 t-10 t-9  t-8  t-7  t-6  t-5  t-4  t-3  t-2  t-1  t=0  t+1  t+2  t+3  t+4  t+5
[14:45:16]                                 ──── ──── ──── ──── ──── ──── ──── ──── ──── ──── ──── ──── ──── ──── ──── ────
[14:45:16]   tide_slope                      █21   █21   █21   █21   █21   █21   █21   █21   █21   █21   █21   █21   █21   █21   █21   █21
[14:45:16]   vwap_spread_tide_current        █21   █21   █21   █21   █21   █21   █21   █21   █21   █21   █21   ▓19   ▓19   ▓19   ▓19   ▓19
[14:45:16]   vwap_spread_tide_wave           ▓19   ▓19   ▓19   ▓19   ▓19   ▓19   ▓19   █21   █23   █23   █23   █23   █23   █23   █23   █23
[14:45:16]   vwap_spread_current_wave        ▓15   ▓13   ▓11   ▓13   ▓11   ▓13   ▒9   ▓17   ▓13   ▓15   ▓15   ▓13   ▓11   ▓15   ▓13   ▓19
[14:45:16]   kf_conj_filt_vel                ▓13   █23   ▓19   █21   ▓15   ▓11   ▓11   ▒9   ▒8   ▒9   ▒8   ▒8   ▒6   ▒8   ▒8   ▒9
[14:45:16] 
  Processing MSFT...
[14:45:16] ══════════════════════════════════════════════════════════════════════════════════════════
[14:45:16]   TICKER: MSFT
[14:45:16] ══════════════════════════════════════════════════════════════════════════════════════════
[14:45:16] 
  ── LL (54 turns) ──
[14:45:16]   Feature                      │     μ │  med │  p25 │  p75 │ t-10→t-3 │ t-2,t-1 │  t=0 │ t+1,t+2 │  t+3→t+5 │        Class
[14:45:16]   ──────────────────────────── │ ───── │ ──── │ ──── │ ──── │ ──────── │ ─────── │ ──── │ ─────── │ ──────── │ ────────────
[14:45:16]   fear_level                   │ -1.4 │  -1 │  -5 │  +2 │      16% │     26% │  28% │     27% │      28% │       ALERTA
[14:45:16]   vwap_sigma_tide              │ -2.2 │  -2 │  -5 │  +0 │      13% │     28% │  33% │     16% │       9% │       ALERTA
[14:45:16]   kf_price_pred_val            │ -2.1 │  -1 │  -5 │  +1 │      12% │     22% │  30% │     24% │      11% │       ALERTA
[14:45:16]   vwap_sigma_current           │ -2.9 │  -2 │  -5 │  -0 │      10% │     24% │  39% │      1% │       1% │       ALERTA
[14:45:16]   tide_slope                   │ -2.2 │  -2 │  -6 │  +2 │      15% │     17% │  17% │     17% │      17% │       ALERTA
[14:45:16]   kf_price_innovation          │ -2.4 │  -2 │  -7 │  +1 │      14% │     18% │   9% │     30% │      11% │       ALERTA
[14:45:16]   wave_slope                   │ -1.3 │  -1 │  -5 │  +2 │      12% │     17% │  19% │     20% │      21% │       ALERTA
[14:45:16]   kf_price_filt_vel            │ -1.6 │  -1 │  -5 │  +2 │      12% │     16% │  15% │     34% │      11% │       ALERTA
[14:45:16]   rsi_value                    │ -2.9 │  -2 │  -5 │  +0 │       7% │     19% │  35% │      6% │       0% │       ALERTA
[14:45:16]   kf_rsi_pred_val              │ -2.9 │  -1 │  -5 │  +0 │       8% │     19% │  35% │      9% │       0% │       ALERTA
[14:45:16]   current_accel                │ -1.5 │  -1 │  -4 │  +1 │       8% │     18% │  30% │      8% │       9% │       ALERTA
[14:45:16]   wave_accel                   │ -2.5 │  -1 │  -7 │  +1 │      10% │      9% │  28% │      9% │      10% │       ALERTA
[14:45:16]   vwap_sigma_wave              │ -1.9 │  -1 │  -3 │  +0 │       5% │     21% │  37% │      3% │       1% │       ALERTA
[14:45:16]   current_slope                │ -1.2 │  +0 │  -5 │  +3 │      10% │     12% │  15% │     16% │      19% │    DETECTION
[14:45:16]   kf_conj_filt_vel             │ -2.8 │  -2 │  -7 │  +1 │      11% │      8% │  13% │     14% │       9% │       ALERTA
[14:45:16] 
  HEATMAP (% of LL turns where feature fires at each offset):
[14:45:16]                                 t-10 t-9  t-8  t-7  t-6  t-5  t-4  t-3  t-2  t-1  t=0  t+1  t+2  t+3  t+4  t+5
[14:45:16]                                 ──── ──── ──── ──── ──── ──── ──── ──── ──── ──── ──── ──── ──── ──── ──── ────
[14:45:16]   fear_level                      ▓15   ▓15   ▓15   ▓15   ▓17   ▓17   ▓17   ▓19   █24   █28   █28   █26   █28   █28   █30   █26
[14:45:16]   vwap_sigma_tide                 ▓13   ▒6   ▓11   ▓13   ▓13   ▓15   ▓13   ▓19   █26   █30   █33   ▓19   ▓13   ▓13   ▒7   ▒7
[14:45:16]   kf_price_pred_val               █20   ▓17   ▓11   ▒6   ▒9   ▓13   ▓13   ▓11   █20   █24   █30   █22   █26   ▓11   ▒7   ▓15
[14:45:16]   vwap_sigma_current              ▒6   ▒7   ░4   ▒9   ▒9   ▓13   ▓15   ▓19   █24   █24   █39    ·   ░2   ░2    ·   ░2
[14:45:16]   tide_slope                      ▓15   ▓15   ▓15   ▓15   ▓15   ▓15   ▓15   ▓15   ▓17   ▓17   ▓17   ▓17   ▓17   ▓17   ▓17   ▓19
[14:45:16] 
  ── HL (70 turns) ──
[14:45:16]   Feature                      │     μ │  med │  p25 │  p75 │ t-10→t-3 │ t-2,t-1 │  t=0 │ t+1,t+2 │  t+3→t+5 │        Class
[14:45:16]   ──────────────────────────── │ ───── │ ──── │ ──── │ ──── │ ──────── │ ─────── │ ──── │ ─────── │ ──────── │ ────────────
[14:45:16]   tide_slope                   │ -2.7 │  -3 │  -7 │  +1 │      13% │     13% │  13% │     11% │      11% │   EARLY WARN
[14:45:16]   fear_level                   │ -2.5 │  -2 │  -6 │  +1 │      12% │     13% │  14% │     12% │      11% │       ALERTA
[14:45:16]   kf_price_pred_val            │ -2.5 │  -2 │  -6 │  +1 │      10% │     13% │  26% │     10% │       9% │       ALERTA
[14:45:16]   compression_ratio            │ -1.6 │  -1 │  -5 │  +2 │      11% │     15% │  16% │     17% │      14% │       ALERTA
[14:45:16]   wave_accel                   │ -2.4 │  -2 │  -6 │  +1 │      11% │     12% │  17% │     10% │       9% │       ALERTA
[14:45:16]   kf_conj_filt_vel             │ -2.0 │  -1 │  -5 │  +1 │       9% │     15% │  17% │     14% │      10% │       ALERTA
[14:45:16]   kf_price_innovation          │ -2.3 │  -2 │  -6 │  +1 │      10% │     11% │   9% │     22% │       8% │       ALERTA
[14:45:16]   kf_tension_filt_vel          │ -2.5 │  -3 │  -6 │  +0 │       9% │     11% │  14% │      6% │       8% │   EARLY WARN
[14:45:16]   kf_tension_pred_val          │ -2.3 │  -2 │  -6 │  +2 │       9% │      9% │  14% │     11% │      10% │       ALERTA
[14:45:16]   vwap_spread_tide_current     │ -2.8 │  -3 │  -7 │  +1 │      10% │      9% │   9% │      9% │       9% │   EARLY WARN
[14:45:16]   tension_tide                 │ -2.4 │  -2 │  -6 │  +2 │      10% │      9% │  11% │     11% │      10% │       ALERTA
[14:45:16]   kf_price_filt_vel            │ -2.3 │  -2 │  -6 │  +1 │       9% │      9% │  14% │     16% │       8% │       ALERTA
[14:45:16]   vwap_spread_tide_wave        │ -3.0 │  -3 │  -7 │  +1 │       9% │      9% │   9% │      7% │       7% │   EARLY WARN
[14:45:16]   conj_current_tide            │ -3.1 │  -3 │  -7 │  +0 │       9% │      9% │   9% │      6% │       6% │   EARLY WARN
[14:45:16]   kf_rsi_filt_vel              │ -2.7 │  -3 │  -6 │  +0 │       8% │     11% │  14% │      1% │       6% │   EARLY WARN
[14:45:16] 
  HEATMAP (% of HL turns where feature fires at each offset):
[14:45:16]                                 t-10 t-9  t-8  t-7  t-6  t-5  t-4  t-3  t-2  t-1  t=0  t+1  t+2  t+3  t+4  t+5
[14:45:16]                                 ──── ──── ──── ──── ──── ──── ──── ──── ──── ──── ──── ──── ──── ──── ──── ────
[14:45:16]   tide_slope                      ▓13   ▓13   ▓13   ▓13   ▓13   ▓13   ▓13   ▓13   ▓13   ▓13   ▓13   ▓11   ▓11   ▓11   ▓11   ▓11
[14:45:16]   fear_level                      ▓11   ▓11   ▓13   ▓13   ▓13   ▓11   ▓11   ▓13   ▓13   ▓13   ▓14   ▓13   ▓11   ▓11   ▓11   ▓11
[14:45:16]   kf_price_pred_val               ▓14   ▒7   ▒7   ▓14   ▒9   ▓10   ▓13   ▒9   ▓16   ▓10   █26   ▒9   ▓11   ▒7   ▒7   ▓11
[14:45:16]   compression_ratio               ▒6   ▒7   ▓10   ▓11   ▓11   ▓13   ▓13   ▓14   ▓14   ▓16   ▓16   ▓17   ▓17   ▓16   ▓13   ▓13
[14:45:16]   wave_accel                      ▒7   ▒6   ▒9   ▓13   ▓13   ▓14   ▓14   ▓13   ▓10   ▓14   ▓17   ▓13   ▒7   ▓10   ▒7   ▓10
[14:45:16] 
  ── HH (66 turns) ──
[14:45:16]   Feature                      │     μ │  med │  p25 │  p75 │ t-10→t-3 │ t-2,t-1 │  t=0 │ t+1,t+2 │  t+3→t+5 │        Class
[14:45:16]   ──────────────────────────── │ ───── │ ──── │ ──── │ ──── │ ──────── │ ─────── │ ──── │ ─────── │ ──────── │ ────────────
[14:45:16]   tide_slope                   │ -2.3 │  -2 │  -6 │  +2 │      13% │     14% │  14% │     14% │      14% │       ALERTA
[14:45:16]   vwap_spread_tide_wave        │ -2.6 │  -3 │  -7 │  +1 │      12% │     11% │  11% │     11% │      12% │   EARLY WARN
[14:45:16]   kf_tension_pred_val          │ -3.0 │  -3 │  -7 │  +0 │      11% │     12% │  17% │     10% │       6% │   EARLY WARN
[14:45:16]   tension_tide                 │ -2.9 │  -3 │  -7 │  +0 │      11% │     12% │  14% │     10% │       7% │   EARLY WARN
[14:45:16]   vwap_spread_tide_current     │ -2.3 │  -2 │  -6 │  +2 │      11% │     11% │  11% │     11% │      12% │       ALERTA
[14:45:16]   fear_level                   │ -3.9 │  -4 │  -7 │  -1 │      11% │     10% │   5% │      6% │       4% │   EARLY WARN
[14:45:16]   wave_accel                   │ -2.4 │  -2 │  -6 │  +0 │       8% │     13% │  17% │      7% │       8% │       ALERTA
[14:45:16]   kf_conj_filt_vel             │ -2.2 │  -2 │  -6 │  +1 │       8% │      9% │  12% │     11% │       9% │       ALERTA
[14:45:16]   current_accel                │ -2.3 │  -2 │  -6 │  +1 │       7% │     10% │  12% │      8% │       7% │       ALERTA
[14:45:16]   current_slope                │ -3.2 │  -4 │  -7 │  +0 │       8% │      8% │   8% │      5% │       5% │   EARLY WARN
[14:45:16]   conj_wave_tide               │ -2.4 │  -2 │  -6 │  +2 │       8% │      8% │   8% │      8% │       9% │       ALERTA
[14:45:16]   kf_conj_pred_val             │ -2.5 │  -2 │  -7 │  +2 │       8% │      7% │   8% │      9% │       9% │       ALERTA
[14:45:16]   vwap_spread_current_wave     │ -3.0 │  -4 │  -7 │  +1 │       8% │      6% │   6% │      6% │       7% │   EARLY WARN
[14:45:16]   kf_price_innovation          │ -2.3 │  -2 │  -7 │  +1 │       7% │      5% │   6% │     12% │       9% │       ALERTA
[14:45:16]   wave_slope                   │ -2.2 │  -2 │  -6 │  +2 │       7% │      5% │   8% │      9% │       8% │       ALERTA
[14:45:16] 
  HEATMAP (% of HH turns where feature fires at each offset):
[14:45:16]                                 t-10 t-9  t-8  t-7  t-6  t-5  t-4  t-3  t-2  t-1  t=0  t+1  t+2  t+3  t+4  t+5
[14:45:16]                                 ──── ──── ──── ──── ──── ──── ──── ──── ──── ──── ──── ──── ──── ──── ──── ────
[14:45:16]   tide_slope                      ▓12   ▓12   ▓12   ▓12   ▓12   ▓14   ▓14   ▓14   ▓14   ▓14   ▓14   ▓14   ▓14   ▓14   ▓14   ▓14
[14:45:16]   vwap_spread_tide_wave           ▓12   ▓12   ▓12   ▓12   ▓12   ▓12   ▓12   ▓12   ▓12   ▓11   ▓11   ▓11   ▓11   ▓12   ▓12   ▓12
[14:45:16]   kf_tension_pred_val             ▓12   ▒9   ▓11   ▓11   ▓14   ▓11   ▓11   ▓11   ▓12   ▓12   ▓17   ▓12   ▒8   ▒6   ▒6   ▒6
[14:45:16]   tension_tide                    ▒9   ▓11   ▓12   ▓11   ▓14   ▓11   ▓11   ▓11   ▓11   ▓14   ▓14   ▓11   ▒9   ▒8   ▒6   ▒8
[14:45:16]   vwap_spread_tide_current        ▓11   ▓11   ▓11   ▓11   ▓11   ▓11   ▓11   ▓11   ▓11   ▓11   ▓11   ▓11   ▓11   ▓12   ▓12   ▓12
[14:45:16] 
  ── LH (58 turns) ──
[14:45:16]   Feature                      │     μ │  med │  p25 │  p75 │ t-10→t-3 │ t-2,t-1 │  t=0 │ t+1,t+2 │  t+3→t+5 │        Class
[14:45:16]   ──────────────────────────── │ ───── │ ──── │ ──── │ ──── │ ──────── │ ─────── │ ──── │ ─────── │ ──────── │ ────────────
[14:45:16]   fear_level                   │ -1.9 │  -2 │  -6 │  +2 │      19% │     22% │  22% │     24% │      25% │       ALERTA
[14:45:16]   kf_price_pred_val            │ -1.9 │  -1 │  -5 │  +1 │      13% │     18% │  33% │     18% │      12% │       ALERTA
[14:45:16]   kf_price_innovation          │ -2.1 │  -2 │  -5 │  +1 │      14% │     14% │  21% │     28% │      11% │       ALERTA
[14:45:16]   tide_slope                   │ -1.8 │  -1 │  -6 │  +2 │      12% │     15% │  16% │     16% │      17% │       ALERTA
[14:45:16]   wave_slope                   │ -2.0 │  -2 │  -6 │  +2 │      13% │     13% │  12% │     16% │      17% │       ALERTA
[14:45:16]   kf_price_filt_vel            │ -1.9 │  -1 │  -5 │  +2 │      11% │     13% │  28% │     22% │      10% │       ALERTA
[14:45:16]   vwap_sigma_tide              │ -2.9 │  -3 │  -7 │  +2 │      12% │      9% │   3% │      9% │      11% │   EARLY WARN
[14:45:16]   wave_accel                   │ -1.9 │  -2 │  -5 │  +2 │      10% │     15% │   7% │     14% │      13% │       ALERTA
[14:45:16]   kf_conj_filt_vel             │ -1.9 │  -1 │  -5 │  +2 │       9% │     15% │  12% │     13% │      12% │       ALERTA
[14:45:16]   current_accel                │ -2.4 │  -3 │  -7 │  +2 │      11% │      9% │   3% │     11% │      13% │   EARLY WARN
[14:45:16]   conj_wave_current            │ -1.8 │  -2 │  -5 │  +2 │       8% │     13% │  10% │      9% │      11% │       ALERTA
[14:45:16]   kf_tension_filt_vel          │ -2.9 │  -3 │  -6 │  +0 │       9% │     11% │  10% │      5% │       6% │   EARLY WARN
[14:45:16]   kf_conj_pred_val             │ -1.8 │  -2 │  -5 │  +2 │       8% │     12% │  12% │     10% │      11% │       ALERTA
[14:45:16]   vwap_sigma_current           │ -4.3 │  -6 │  -8 │  -2 │      11% │      6% │   0% │      3% │       5% │   EARLY WARN
[14:45:16]   compression_ratio            │ -2.5 │  -2 │  -7 │  +1 │       9% │      9% │   9% │      9% │       9% │       ALERTA
[14:45:16] 
  HEATMAP (% of LH turns where feature fires at each offset):
[14:45:16]                                 t-10 t-9  t-8  t-7  t-6  t-5  t-4  t-3  t-2  t-1  t=0  t+1  t+2  t+3  t+4  t+5
[14:45:16]                                 ──── ──── ──── ──── ──── ──── ──── ──── ──── ──── ──── ──── ──── ──── ──── ────
[14:45:16]   fear_level                      ▓17   ▓17   ▓17   ▓19   ▓19   ▓19   ▓19   █22   █22   █22   █22   █24   █24   █24   █24   █26
[14:45:16]   kf_price_pred_val               ▓12   ▒9   ▒9   ▒7   ▓16   ▓17   ▓16   █21   ▓16   █21   █33   ▓16   █21   ▓14   ▓10   ▓12
[14:45:16]   kf_price_innovation             ▓12   ▓10   ▓12   ▓10   ▓10   ▓19   ▓19   ▓17   ▓14   ▓14   █21   █43   ▓12   ▓14   ▓10   ▒9
[14:45:16]   tide_slope                      ▓12   ▓12   ▓12   ▓12   ▓12   ▓12   ▓12   ▓14   ▓14   ▓16   ▓16   ▓16   ▓17   ▓17   ▓17   ▓17
[14:45:16]   wave_slope                      ▓12   ▓12   ▓12   ▓14   ▓14   ▓14   ▓12   ▓16   ▓14   ▓12   ▓12   ▓16   ▓16   ▓17   ▓17   ▓17
[14:45:16] 
  Processing PEP...
[14:45:17] ══════════════════════════════════════════════════════════════════════════════════════════
[14:45:17]   TICKER: PEP
[14:45:17] ══════════════════════════════════════════════════════════════════════════════════════════
[14:45:17] 
  ── LL (27 turns) ──
[14:45:17]   Feature                      │     μ │  med │  p25 │  p75 │ t-10→t-3 │ t-2,t-1 │  t=0 │ t+1,t+2 │  t+3→t+5 │        Class
[14:45:17]   ──────────────────────────── │ ───── │ ──── │ ──── │ ──── │ ──────── │ ─────── │ ──── │ ─────── │ ──────── │ ────────────
[14:45:17]   vwap_sigma_tide              │ -1.1 │  -1 │  -4 │  +2 │      21% │     43% │  67% │     37% │      36% │       ALERTA
[14:45:17]   wave_slope                   │ -2.1 │  -2 │  -6 │  +2 │      24% │     22% │  37% │     35% │      27% │       ALERTA
[14:45:17]   kf_price_pred_val            │ -1.5 │  -1 │  -5 │  +2 │      18% │     30% │  44% │     28% │      26% │       ALERTA
[14:45:17]   kf_conj_pred_val             │ -2.2 │  -1 │  -6 │  +2 │      21% │     22% │  30% │     33% │      26% │       ALERTA
[14:45:17]   vwap_spread_tide_wave        │ -1.2 │  +0 │  -5 │  +3 │      20% │     24% │  30% │     35% │      38% │    DETECTION
[14:45:17]   compression_ratio            │ -1.9 │  -2 │  -6 │  +2 │      20% │     24% │  26% │     26% │      27% │       ALERTA
[14:45:17]   fear_level                   │ -2.5 │  -3 │  -6 │  +1 │      21% │     22% │  22% │     22% │      16% │   EARLY WARN
[14:45:17]   wave_accel                   │ -1.4 │  -1 │  -5 │  +3 │      19% │     19% │  41% │     20% │      32% │       ALERTA
[14:45:17]   conj_wave_tide               │ -1.7 │  -0 │  -5 │  +2 │      19% │     22% │  33% │     37% │      28% │    DETECTION
[14:45:17]   sigma_tide                   │ -0.7 │  +0 │  -3 │  +2 │      12% │     26% │  67% │     30% │      23% │    DETECTION
[14:45:17]   conj_wave_current            │ -1.9 │  -1 │  -6 │  +2 │      18% │     22% │  30% │     26% │      26% │       ALERTA
[14:45:17]   kf_price_filt_vel            │ -1.6 │  -1 │  -5 │  +2 │      16% │     26% │  33% │     37% │      21% │       ALERTA
[14:45:17]   kf_price_innovation          │ -1.9 │  -2 │  -5 │  +1 │      18% │     26% │  19% │     39% │      16% │       ALERTA
[14:45:17]   rsi_value                    │ -2.8 │  -2 │  -6 │  +0 │      15% │     20% │  41% │     11% │       6% │       ALERTA
[14:45:17]   kf_rsi_pred_val              │ -3.5 │  -3 │  -6 │  +0 │      16% │     20% │  33% │     13% │       2% │   EARLY WARN
[14:45:17] 
  HEATMAP (% of LL turns where feature fires at each offset):
[14:45:17]                                 t-10 t-9  t-8  t-7  t-6  t-5  t-4  t-3  t-2  t-1  t=0  t+1  t+2  t+3  t+4  t+5
[14:45:17]                                 ──── ──── ──── ──── ──── ──── ──── ──── ──── ──── ──── ──── ──── ──── ──── ────
[14:45:17]   vwap_sigma_tide                 ▓15   ▓19   ▓15   ▓15   ▓19   █26   █33   █26   █41   █44   █67   █33   █41   █37   █33   █37
[14:45:17]   wave_slope                      █22   █33   █26   ▓19   ▓19   █22   █22   █26   █22   █22   █37   █37   █33   █33   █26   █22
[14:45:17]   kf_price_pred_val               ▓19   ▓11   ▓15   ▓15   ▓19   █30   ▓11   █26   █30   █30   █44   █22   █33   █30   ▓19   █30
[14:45:17]   kf_conj_pred_val                █26   █30   █22   ▓19   ▓19   ▓19   ▓19   ▓19   █22   █22   █30   █33   █33   █37   █26   ▓15
[14:45:17]   vwap_spread_tide_wave           ▓19   ▓19   ▓19   ▓19   ▓19   █22   █22   █22   █22   █26   █30   █33   █37   █37   █37   █41
[14:45:17] 
  ── HL (44 turns) ──
[14:45:17]   Feature                      │     μ │  med │  p25 │  p75 │ t-10→t-3 │ t-2,t-1 │  t=0 │ t+1,t+2 │  t+3→t+5 │        Class
[14:45:17]   ──────────────────────────── │ ───── │ ──── │ ──── │ ──── │ ──────── │ ─────── │ ──── │ ─────── │ ──────── │ ────────────
[14:45:17]   kf_tension_filt_vel          │ -2.0 │  -2 │  -5 │  +1 │      11% │     20% │  25% │      9% │      13% │       ALERTA
[14:45:17]   kf_tension_pred_val          │ -2.3 │  -2 │  -5 │  +1 │      11% │     16% │  23% │     18% │       7% │       ALERTA
[14:45:17]   tension_tide                 │ -2.3 │  -2 │  -6 │  +1 │      10% │     17% │  20% │     15% │       8% │       ALERTA
[14:45:17]   conj_wave_current            │ -2.5 │  -1 │  -7 │  +1 │      12% │      9% │  20% │     19% │      11% │       ALERTA
[14:45:17]   kf_conj_pred_val             │ -2.8 │  -2 │  -7 │  +1 │      11% │      9% │  20% │     18% │       8% │       ALERTA
[14:45:17]   kf_conj_filt_vel             │ -2.1 │  -2 │  -7 │  +2 │      11% │     14% │  16% │      9% │      14% │       ALERTA
[14:45:17]   conj_wave_tide               │ -2.7 │  -2 │  -7 │  +1 │      11% │     11% │  18% │     17% │       7% │       ALERTA
[14:45:17]   vwap_spread_tide_current     │ -2.5 │  -3 │  -6 │  +1 │      11% │     11% │  11% │      9% │      11% │   EARLY WARN
[14:45:17]   fear_level                   │ -2.3 │  -2 │  -6 │  +1 │       9% │     16% │  16% │     15% │       6% │       ALERTA
[14:45:17]   wave_slope                   │ -2.5 │  -1 │  -6 │  +1 │       9% │     12% │  18% │     17% │       5% │       ALERTA
[14:45:17]   vwap_spread_tide_wave        │ -2.7 │  -3 │  -7 │  +1 │      11% │     11% │  11% │     11% │       8% │   EARLY WARN
[14:45:17]   wave_accel                   │ -1.5 │  -1 │  -6 │  +3 │      10% │     11% │  16% │      9% │      19% │       ALERTA
[14:45:17]   current_accel                │ -3.2 │  -3 │  -8 │  +0 │      10% │      8% │  14% │      7% │       7% │   EARLY WARN
[14:45:17]   sigma_tide                   │ -3.5 │  -4 │  -7 │  +0 │       9% │      6% │  23% │      3% │       3% │   EARLY WARN
[14:45:17]   compression_ratio            │ -2.0 │  -1 │  -7 │  +2 │      10% │      9% │   9% │     11% │      14% │       ALERTA
[14:45:17] 
  HEATMAP (% of HL turns where feature fires at each offset):
[14:45:17]                                 t-10 t-9  t-8  t-7  t-6  t-5  t-4  t-3  t-2  t-1  t=0  t+1  t+2  t+3  t+4  t+5
[14:45:17]                                 ──── ──── ──── ──── ──── ──── ──── ──── ──── ──── ──── ──── ──── ──── ──── ────
[14:45:17]   kf_tension_filt_vel             ▒9   ▒9   ▒7   ▒9   ▓14   ▓11   ▓11   ▓18   █25   ▓16   █25   ▓14   ░5   ▓14   ▓16   ▒9
[14:45:17]   kf_tension_pred_val             ▒9   ▒9   ▒9   ▓11   ▓11   ▓11   ▓11   ▓16   ▓18   ▓14   █23   █20   ▓16   ▒7   ▒7   ▒7
[14:45:17]   tension_tide                    ▒9   ▒9   ▒9   ▒9   ▓11   ▓11   ▓11   ▓11   ▓16   ▓18   █20   ▓14   ▓16   ▒9   ▒7   ▒7
[14:45:17]   conj_wave_current               ▓11   ▓14   ▓16   ▓18   ▓16   ▓11   ░5   ░2   ░5   ▓14   █20   █20   ▓18   ▒9   ▒9   ▓14
[14:45:17]   kf_conj_pred_val                ▓11   ▓14   ▓18   ▓14   ▓11   ▓11   ▒7   ░2   ▒7   ▓11   █20   █20   ▓16   ▒9   ░5   ▒9
[14:45:17] 
  ── HH (44 turns) ──
[14:45:17]   Feature                      │     μ │  med │  p25 │  p75 │ t-10→t-3 │ t-2,t-1 │  t=0 │ t+1,t+2 │  t+3→t+5 │        Class
[14:45:17]   ──────────────────────────── │ ───── │ ──── │ ──── │ ──── │ ──────── │ ─────── │ ──── │ ─────── │ ──────── │ ────────────
[14:45:17]   conj_wave_tide               │ -2.5 │  -2 │  -6 │  +1 │      11% │     16% │  16% │     16% │       8% │       ALERTA
[14:45:17]   kf_conj_pred_val             │ -2.5 │  -2 │  -6 │  +1 │      10% │     16% │  16% │     16% │       6% │       ALERTA
[14:45:17]   wave_slope                   │ -2.2 │  -2 │  -6 │  +1 │       9% │     16% │  16% │     15% │       7% │       ALERTA
[14:45:17]   kf_tension_pred_val          │ -2.6 │  -3 │  -6 │  +1 │      10% │     11% │   9% │      8% │       8% │   EARLY WARN
[14:45:17]   conj_wave_current            │ -2.2 │  -1 │  -6 │  +2 │       8% │     14% │  14% │     15% │       8% │       ALERTA
[14:45:17]   tension_tide                 │ -2.7 │  -3 │  -6 │  +1 │       9% │     11% │   9% │      8% │       8% │   EARLY WARN
[14:45:17]   kf_conj_filt_vel             │ -2.8 │  -3 │  -7 │  +1 │       9% │     10% │   9% │      3% │      11% │   EARLY WARN
[14:45:17]   wave_accel                   │ -2.4 │  -2 │  -7 │  +3 │       9% │      6% │   9% │      8% │      13% │       ALERTA
[14:45:17]   conj_current_tide            │ -2.2 │  -2 │  -6 │  +2 │       8% │      9% │   9% │      9% │       9% │       ALERTA
[14:45:17]   vwap_spread_tide_wave        │ -2.9 │  -3 │  -7 │  +1 │       8% │      7% │   7% │      6% │       8% │   EARLY WARN
[14:45:17]   compression_ratio            │ -3.1 │  -4 │  -8 │  +2 │       9% │      5% │   7% │      8% │       8% │   EARLY WARN
[14:45:17]   kf_price_pred_val            │ -1.8 │  -1 │  -5 │  +2 │       7% │      8% │  16% │     12% │       7% │       ALERTA
[14:45:17]   current_slope                │ -2.2 │  -2 │  -6 │  +2 │       7% │      7% │   7% │      9% │       9% │       ALERTA
[14:45:17]   vwap_spread_current_wave     │ -2.6 │  -3 │  -7 │  +2 │       8% │      5% │   7% │      8% │       9% │   EARLY WARN
[14:45:17]   kf_price_filt_vel            │ -1.5 │  -0 │  -5 │  +2 │       7% │      9% │   9% │     22% │       6% │    DETECTION
[14:45:17] 
  HEATMAP (% of HH turns where feature fires at each offset):
[14:45:17]                                 t-10 t-9  t-8  t-7  t-6  t-5  t-4  t-3  t-2  t-1  t=0  t+1  t+2  t+3  t+4  t+5
[14:45:17]                                 ──── ──── ──── ──── ──── ──── ──── ──── ──── ──── ──── ──── ──── ──── ──── ────
[14:45:17]   conj_wave_tide                  ▒9   ▒9   ▓14   ▓14   ▒9   ▒7   ▒9   ▓16   ▓16   ▓16   ▓16   ▓16   ▓16   ▓11   ▒7   ░5
[14:45:17]   kf_conj_pred_val                ▒9   ▒9   ▓11   ▓11   ▒9   ▒7   ▒9   ▓16   ▓16   ▓16   ▓16   ▓16   ▓16   ▒7   ░5   ▒7
[14:45:17]   wave_slope                      ▒7   ▒9   ▓11   ▒9   ▒7   ░5   ▒9   ▓11   ▓16   ▓16   ▓16   ▓14   ▓16   ▒9   ▒7   ░5
[14:45:17]   kf_tension_pred_val             ▒7   ▒9   ▒9   ▒9   ▓14   ▒9   ▓11   ▓11   ▓11   ▓11   ▒9   ▒9   ▒7   ▒7   ▒9   ▒9
[14:45:17]   conj_wave_current               ▒9   ▓11   ▒9   ▒9   ▒7   ▒7   ░5   ▒9   ▓14   ▓14   ▓14   ▓14   ▓16   ▓14   ▒7   ░5
[14:45:17] 
  ── LH (27 turns) ──
[14:45:17]   Feature                      │     μ │  med │  p25 │  p75 │ t-10→t-3 │ t-2,t-1 │  t=0 │ t+1,t+2 │  t+3→t+5 │        Class
[14:45:17]   ──────────────────────────── │ ───── │ ──── │ ──── │ ──── │ ──────── │ ─────── │ ──── │ ─────── │ ──────── │ ────────────
[14:45:17]   vwap_spread_tide_wave        │ -2.2 │  -2 │  -6 │  +2 │      22% │     26% │  26% │     26% │      25% │       ALERTA
[14:45:17]   compression_ratio            │ -1.9 │  -2 │  -5 │  +1 │      19% │     28% │  30% │     22% │      22% │       ALERTA
[14:45:17]   kf_price_pred_val            │ -2.1 │  -2 │  -5 │  +1 │      20% │     17% │  37% │     22% │      19% │       ALERTA
[14:45:17]   current_accel                │ -2.5 │  -2 │  -6 │  +1 │      19% │     20% │  22% │     20% │      16% │       ALERTA
[14:45:17]   kf_price_filt_vel            │ -2.0 │  -2 │  -5 │  +1 │      19% │     17% │  22% │     28% │      19% │       ALERTA
[14:45:17]   tide_slope                   │ -2.5 │  -2 │  -6 │  +1 │      19% │     19% │  19% │     19% │      19% │       ALERTA
[14:45:17]   kf_price_innovation          │ -2.2 │  -2 │  -5 │  +1 │      17% │     22% │  19% │     30% │      15% │       ALERTA
[14:45:17]   vwap_spread_tide_current     │ -2.3 │  -2 │  -6 │  +2 │      17% │     19% │  19% │     19% │      19% │       ALERTA
[14:45:17]   wave_accel                   │ -1.9 │  -2 │  -5 │  +2 │      16% │     11% │  26% │     17% │      20% │       ALERTA
[14:45:17]   kf_tension_filt_vel          │ -2.4 │  -2 │  -6 │  +1 │      15% │     20% │  19% │      9% │      15% │       ALERTA
[14:45:17]   conj_wave_current            │ -1.9 │  -1 │  -5 │  +1 │      12% │     17% │  26% │     22% │      12% │       ALERTA
[14:45:17]   kf_conj_pred_val             │ -2.2 │  -2 │  -6 │  +1 │      13% │     17% │  22% │     20% │      12% │       ALERTA
[14:45:17]   kf_conj_filt_vel             │ -2.0 │  -1 │  -5 │  +1 │      12% │     19% │  22% │     22% │      11% │       ALERTA
[14:45:17]   vwap_sigma_tide              │ -2.3 │  -2 │  -6 │  +1 │      14% │     15% │   7% │     15% │      15% │       ALERTA
[14:45:17]   conj_wave_tide               │ -1.8 │  -1 │  -5 │  +2 │      12% │     19% │  19% │     20% │      15% │       ALERTA
[14:45:17] 
  HEATMAP (% of LH turns where feature fires at each offset):
[14:45:17]                                 t-10 t-9  t-8  t-7  t-6  t-5  t-4  t-3  t-2  t-1  t=0  t+1  t+2  t+3  t+4  t+5
[14:45:17]                                 ──── ──── ──── ──── ──── ──── ──── ──── ──── ──── ──── ──── ──── ──── ──── ────
[14:45:17]   vwap_spread_tide_wave           █22   █22   █22   ▓19   ▓19   █22   █26   █26   █26   █26   █26   █26   █26   █26   █26   █22
[14:45:17]   compression_ratio               ▓11   ▓15   ▓15   ▓19   ▓19   ▓19   █26   █30   █30   █26   █30   █26   ▓19   █22   █26   ▓19
[14:45:17]   kf_price_pred_val               █22   ▓19   ░4   ▓15   ▓15   █26   █30   █33   ▓15   ▓19   █37   █22   █22   ▒7   █22   █26
[14:45:17]   current_accel                   █22   ▓11   ▓19   ▓19   █22   ▓19   ▓19   █22   ▓19   █22   █22   █22   ▓19   ▓11   ▓19   ▓19
[14:45:17]   kf_price_filt_vel               █22   ▓15   ░4   ▓15   ▓11   ▓19   █33   █33   ▓19   ▓15   █22   █33   █22   ▓11   █22   █22
[14:45:17] 
  Processing PG...
[14:45:17] ══════════════════════════════════════════════════════════════════════════════════════════
[14:45:17]   TICKER: PG
[14:45:17] ══════════════════════════════════════════════════════════════════════════════════════════
[14:45:17] 
  ── LL (26 turns) ──
[14:45:17]   Feature                      │     μ │  med │  p25 │  p75 │ t-10→t-3 │ t-2,t-1 │  t=0 │ t+1,t+2 │  t+3→t+5 │        Class
[14:45:17]   ──────────────────────────── │ ───── │ ──── │ ──── │ ──── │ ──────── │ ─────── │ ──── │ ─────── │ ──────── │ ────────────
[14:45:17]   fear_level                   │ -2.0 │  -1 │  -6 │  +2 │      25% │     33% │  46% │     42% │      27% │       ALERTA
[14:45:17]   kf_price_pred_val            │ -1.9 │  -1 │  -5 │  +1 │      19% │     23% │  42% │     21% │      24% │       ALERTA
[14:45:17]   wave_slope                   │ -1.8 │  -1 │  -5 │  +1 │      16% │     23% │  38% │     40% │      13% │       ALERTA
[14:45:17]   vwap_sigma_tide              │ -1.8 │  -1 │  -5 │  +1 │      14% │     23% │  50% │     21% │      14% │       ALERTA
[14:45:17]   wave_accel                   │ -0.9 │  +0 │  -5 │  +3 │      17% │     17% │  38% │     15% │      40% │    DETECTION
[14:45:17]   kf_price_innovation          │ -2.3 │  -2 │  -6 │  +1 │      16% │     25% │  15% │     33% │      15% │       ALERTA
[14:45:17]   rsi_value                    │ -2.8 │  -2 │  -5 │  +0 │      11% │     25% │  50% │     10% │       0% │       ALERTA
[14:45:17]   kf_conj_filt_vel             │ -1.4 │  -1 │  -5 │  +3 │      16% │     15% │  27% │     19% │      28% │       ALERTA
[14:45:17]   conj_wave_tide               │ -1.9 │  -1 │  -5 │  +1 │      14% │     15% │  38% │     31% │      13% │       ALERTA
[14:45:17]   kf_rsi_pred_val              │ -3.0 │  -2 │  -5 │  +0 │      12% │     21% │  42% │     10% │       0% │       ALERTA
[14:45:17]   kf_conj_pred_val             │ -1.7 │  -1 │  -5 │  +1 │      14% │     17% │  35% │     35% │      14% │       ALERTA
[14:45:17]   tide_accel                   │ -1.8 │  -1 │  -5 │  +1 │      12% │     23% │  35% │     25% │      10% │       ALERTA
[14:45:17]   kf_price_filt_vel            │ -2.0 │  -1 │  -6 │  +1 │      15% │     17% │  19% │     37% │      14% │       ALERTA
[14:45:17]   compression_ratio            │ -0.9 │  +0 │  -4 │  +3 │      13% │     21% │  23% │     23% │      31% │    DETECTION
[14:45:17]   current_accel                │ -2.6 │  -2 │  -6 │  +1 │      12% │     15% │  31% │     19% │       5% │       ALERTA
[14:45:17] 
  HEATMAP (% of LL turns where feature fires at each offset):
[14:45:17]                                 t-10 t-9  t-8  t-7  t-6  t-5  t-4  t-3  t-2  t-1  t=0  t+1  t+2  t+3  t+4  t+5
[14:45:17]                                 ──── ──── ──── ──── ──── ──── ──── ──── ──── ──── ──── ──── ──── ──── ──── ────
[14:45:17]   fear_level                      █23   █27   █27   █27   █23   █23   █23   █23   █31   █35   █46   █42   █42   █31   █27   █23
[14:45:17]   kf_price_pred_val               ▓19   ▓12   █27   ▓12   ▓15   ▓15   █23   █27   ▓15   █31   █42   █27   ▓15   █31   █27   ▓15
[14:45:17]   wave_slope                      ▓15   ▓15   ▒8   ▓19   ▓15   ▓19   ▓19   ▓19   ▓19   █27   █38   █42   █38   ▓19   ▒8   ▓12
[14:45:17]   vwap_sigma_tide                 ▒8   ▓12   ▓15   ▓15   ▓15   ▓15   ▓15   ▓19   ▓15   █31   █50   █23   ▓19   █23   ▓12   ▒8
[14:45:17]   wave_accel                      ▒8   ▒8   ▓19   ▓19   █23   ▓19   █23   ▓15   ▓12   █23   █38   ▓15   ▓15   █31   █46   █42
[14:45:17] 
  ── HL (42 turns) ──
[14:45:17]   Feature                      │     μ │  med │  p25 │  p75 │ t-10→t-3 │ t-2,t-1 │  t=0 │ t+1,t+2 │  t+3→t+5 │        Class
[14:45:17]   ──────────────────────────── │ ───── │ ──── │ ──── │ ──── │ ──────── │ ─────── │ ──── │ ─────── │ ──────── │ ────────────
[14:45:17]   tide_slope                   │ -2.7 │  -3 │  -6 │  +1 │      11% │     12% │  10% │     10% │      10% │   EARLY WARN
[14:45:17]   wave_slope                   │ -2.6 │  -2 │  -6 │  +0 │       9% │     12% │  17% │     11% │       4% │       ALERTA
[14:45:17]   vwap_spread_tide_current     │ -2.9 │  -3 │  -7 │  +1 │      11% │     10% │  10% │     10% │      10% │   EARLY WARN
[14:45:17]   conj_wave_current            │ -2.0 │  -2 │  -5 │  +1 │       8% │     13% │  17% │     13% │       6% │       ALERTA
[14:45:17]   kf_conj_pred_val             │ -2.3 │  -2 │  -5 │  +1 │       9% │     12% │  14% │     14% │       6% │       ALERTA
[14:45:17]   conj_wave_tide               │ -2.8 │  -2 │  -6 │  +0 │       8% │     12% │  14% │     10% │       3% │       ALERTA
[14:45:17]   wave_accel                   │ -2.0 │  -2 │  -5 │  +2 │       9% │     10% │  14% │      6% │      13% │       ALERTA
[14:45:17]   kf_price_pred_val            │ -1.8 │  -1 │  -5 │  +1 │       7% │     11% │  24% │     14% │       6% │       ALERTA
[14:45:17]   kf_rsi_filt_vel              │ -2.1 │  -2 │  -6 │  +3 │       9% │      5% │  17% │      4% │      13% │       ALERTA
[14:45:17]   kf_conj_filt_vel             │ -1.4 │  -1 │  -5 │  +3 │       8% │     10% │  10% │      8% │      14% │       ALERTA
[14:45:17]   sigma_current                │ -2.8 │  -2 │  -5 │  +0 │       5% │     12% │  24% │      1% │       1% │       ALERTA
[14:45:17]   current_accel                │ -1.7 │  -1 │  -5 │  +2 │       7% │     10% │  12% │      8% │       9% │       ALERTA
[14:45:17]   tension_tide                 │ -2.8 │  -3 │  -6 │  +0 │       7% │     11% │  10% │      6% │       2% │   EARLY WARN
[14:45:17]   kf_rsi_pred_val              │ -4.3 │  -4 │  -7 │  -1 │       7% │      6% │  12% │      4% │       0% │   EARLY WARN
[14:45:17]   rsi_value                    │ -3.8 │  -4 │  -6 │  -1 │       7% │      6% │  17% │      2% │       0% │   EARLY WARN
[14:45:17] 
  HEATMAP (% of HL turns where feature fires at each offset):
[14:45:17]                                 t-10 t-9  t-8  t-7  t-6  t-5  t-4  t-3  t-2  t-1  t=0  t+1  t+2  t+3  t+4  t+5
[14:45:17]                                 ──── ──── ──── ──── ──── ──── ──── ──── ──── ──── ──── ──── ──── ──── ──── ────
[14:45:17]   tide_slope                      ▒10   ▒10   ▓12   ▓12   ▓12   ▓12   ▓12   ▓12   ▓12   ▓12   ▒10   ▒10   ▒10   ▒10   ▒10   ▒10
[14:45:17]   wave_slope                      ░5   ░5   ▒7   ▓14   ▒10   ▒7   ▓14   ▓12   ▓12   ▓12   ▓17   ▓12   ▒10   ░2   ░5   ░5
[14:45:17]   vwap_spread_tide_current        ▓12   ▓12   ▓12   ▓12   ▒10   ▒10   ▒10   ▒10   ▒10   ▒10   ▒10   ▒10   ▒10   ▒10   ▒10   ▒10
[14:45:17]   conj_wave_current               ░2   ░5   ░5   ▒10   ▒10   ▒10   ▓12   ▓14   ▓12   ▓14   ▓17   ▓17   ▒10   ░5   ░5   ▒7
[14:45:17]   kf_conj_pred_val                ░5   ▒7   ▒7   ▓12   ▒7   ▒7   ▓12   ▓14   ▓12   ▓12   ▓14   ▓17   ▓12   ░5   ▒7   ░5
[14:45:17] 
  ── HH (39 turns) ──
[14:45:17]   Feature                      │     μ │  med │  p25 │  p75 │ t-10→t-3 │ t-2,t-1 │  t=0 │ t+1,t+2 │  t+3→t+5 │        Class
[14:45:17]   ──────────────────────────── │ ───── │ ──── │ ──── │ ──── │ ──────── │ ─────── │ ──── │ ─────── │ ──────── │ ────────────
[14:45:17]   tide_slope                   │ -2.5 │  -2 │  -6 │  +1 │      10% │     10% │  10% │     10% │      10% │       ALERTA
[14:45:17]   vwap_spread_tide_current     │ -2.8 │  -3 │  -6 │  +1 │      10% │      9% │   8% │      8% │       8% │   EARLY WARN
[14:45:17]   vwap_spread_current_wave     │ -3.0 │  -3 │  -7 │  +1 │       8% │      8% │   8% │      9% │       5% │   EARLY WARN
[14:45:17]   conj_current_tide            │ -1.4 │  -1 │  -4 │  +2 │       6% │     12% │  10% │     10% │      10% │       ALERTA
[14:45:17]   vwap_spread_tide_wave        │ -2.8 │  -3 │  -7 │  +1 │       8% │      8% │   8% │      8% │       6% │   EARLY WARN
[14:45:17]   tide_accel                   │ -2.2 │  -2 │  -5 │  +1 │       7% │      6% │  10% │      9% │       6% │       ALERTA
[14:45:17]   kf_tension_filt_vel          │ -0.6 │  +1 │  -4 │  +3 │       8% │      3% │   5% │     13% │      19% │      CONFIRM
[14:45:17]   kf_rvol_filt_vel             │ -1.7 │  -2 │  -4 │  +2 │       6% │      6% │   8% │      8% │       8% │       ALERTA
[14:45:17]   current_slope                │ -1.4 │  -1 │  -5 │  +2 │       6% │      6% │   8% │     10% │       9% │       ALERTA
[14:45:17]   tension_tide                 │ -2.9 │  -3 │  -7 │  +1 │       6% │      5% │   5% │      5% │       5% │   EARLY WARN
[14:45:17]   kf_rvol_pred_val             │ -1.3 │  +0 │  -5 │  +3 │       6% │      1% │   8% │     10% │       9% │    DETECTION
[14:45:17]   current_accel                │ -5.6 │  -6 │  -9 │  -2 │       5% │      3% │   8% │      1% │       0% │   EARLY WARN
[14:45:17]   kf_tension_pred_val          │ -2.7 │  -2 │  -7 │  +1 │       5% │      5% │   5% │      5% │       5% │       ALERTA
[14:45:17]   kf_price_pred_val            │ -0.9 │  +0 │  -3 │  +2 │       4% │      4% │   8% │     14% │       6% │    DETECTION
[14:45:17]   wave_slope                   │ -3.0 │  -2 │  -7 │  +0 │       4% │      5% │   5% │      5% │       2% │       ALERTA
[14:45:17] 
  HEATMAP (% of HH turns where feature fires at each offset):
[14:45:17]                                 t-10 t-9  t-8  t-7  t-6  t-5  t-4  t-3  t-2  t-1  t=0  t+1  t+2  t+3  t+4  t+5
[14:45:17]                                 ──── ──── ──── ──── ──── ──── ──── ──── ──── ──── ──── ──── ──── ──── ──── ────
[14:45:17]   tide_slope                      ▓10   ▓10   ▓10   ▓10   ▓10   ▓10   ▓10   ▓10   ▓10   ▓10   ▓10   ▓10   ▓10   ▓10   ▓10   ▓10
[14:45:17]   vwap_spread_tide_current        ▒8   ▒8   ▓10   ▓10   ▓10   ▓10   ▓10   ▓10   ▓10   ▒8   ▒8   ▒8   ▒8   ▒8   ▒8   ▒8
[14:45:17]   vwap_spread_current_wave        ▒8   ▓10   ▒8   ▒8   ▒8   ▒8   ▒8   ▒8   ▒8   ▒8   ▒8   ▓10   ▒8   ▒8   ▒8    ·
[14:45:17]   conj_current_tide               ▒5   ▒5   ▒5   ▒5   ▒5   ▒5   ▓10   ▓10   ▓13   ▓10   ▓10   ▓10   ▓10   ▓10   ▓10   ▓10
[14:45:17]   vwap_spread_tide_wave           ▒8   ▒8   ▒8   ▒8   ▒8   ▒8   ▒8   ▒8   ▒8   ▒8   ▒8   ▒8   ▒8   ▒8   ▒5   ▒5
[14:45:17] 
  ── LH (29 turns) ──
[14:45:17]   Feature                      │     μ │  med │  p25 │  p75 │ t-10→t-3 │ t-2,t-1 │  t=0 │ t+1,t+2 │  t+3→t+5 │        Class
[14:45:17]   ──────────────────────────── │ ───── │ ──── │ ──── │ ──── │ ──────── │ ─────── │ ──── │ ─────── │ ──────── │ ────────────
[14:45:17]   wave_accel                   │ -2.1 │  -2 │  -7 │  +2 │      17% │     26% │  28% │     14% │      23% │       ALERTA
[14:45:17]   kf_conj_filt_vel             │ -2.1 │  -2 │  -6 │  +1 │      16% │     24% │  28% │     21% │      16% │       ALERTA
[14:45:17]   kf_price_pred_val            │ -2.0 │  -2 │  -6 │  +2 │      17% │     21% │  24% │     21% │      22% │       ALERTA
[14:45:17]   kf_price_filt_vel            │ -1.8 │  -1 │  -6 │  +2 │      16% │     17% │  24% │     22% │      22% │       ALERTA
[14:45:17]   compression_ratio            │ -1.5 │  -1 │  -5 │  +2 │      15% │     21% │  21% │     22% │      24% │       ALERTA
[14:45:17]   current_accel                │ -2.0 │  -2 │  -5 │  +2 │      15% │     19% │  14% │     10% │      18% │       ALERTA
[14:45:17]   kf_price_innovation          │ -1.2 │  -1 │  -5 │  +2 │      15% │     16% │  17% │     28% │      25% │       ALERTA
[14:45:17]   kf_conj_pred_val             │ -2.3 │  -2 │  -6 │  +1 │      12% │     16% │  17% │     17% │       8% │       ALERTA
[14:45:17]   wave_slope                   │ -2.9 │  -3 │  -6 │  -0 │      13% │     14% │  10% │      5% │       8% │   EARLY WARN
[14:45:17]   conj_wave_tide               │ -3.0 │  -3 │  -6 │  +0 │      11% │     14% │  14% │      7% │       6% │   EARLY WARN
[14:45:17]   current_slope                │ -2.8 │  -3 │  -7 │  +1 │      11% │     10% │  10% │     10% │      10% │   EARLY WARN
[14:45:17]   conj_wave_current            │ -2.6 │  -3 │  -5 │  +0 │      10% │     16% │  10% │      7% │       6% │   EARLY WARN
[14:45:17]   fear_level                   │ -2.1 │  -2 │  -5 │  +2 │      10% │     12% │   7% │      7% │      13% │       ALERTA
[14:45:17]   kf_tension_filt_vel          │ -2.5 │  -3 │  -6 │  +0 │       8% │      9% │  14% │      7% │       6% │   EARLY WARN
[14:45:17]   tension_tide                 │ -3.0 │  -4 │  -6 │  -0 │       9% │      9% │   3% │      3% │       7% │   EARLY WARN
[14:45:17] 
  HEATMAP (% of LH turns where feature fires at each offset):
[14:45:17]                                 t-10 t-9  t-8  t-7  t-6  t-5  t-4  t-3  t-2  t-1  t=0  t+1  t+2  t+3  t+4  t+5
[14:45:17]                                 ──── ──── ──── ──── ──── ──── ──── ──── ──── ──── ──── ──── ──── ──── ──── ────
[14:45:17]   wave_accel                      ▓14   ▓17   █24   █28   ▒7   ▒7   ▓17   █21   █31   █21   █28   ▓14   ▓14   █24   █21   █24
[14:45:17]   kf_conj_filt_vel                ▒7   ▓10   █21   █28   █21   ▓10   ▓14   █21   █21   █28   █28   █24   ▓17   ▓10   █21   ▓17
[14:45:17]   kf_price_pred_val               ▓10   █21   ▓17   █21   ▓17   ▓14   ▓17   ▓17   █28   ▓14   █24   ▓17   █24   █28   █21   ▓17
[14:45:17]   kf_price_filt_vel               ▓10   ▓14   ▓17   ▓17   █21   ▓17   █21   ▓14   ▓17   ▓17   █24   ▓17   █28   █28   █21   ▓17
[14:45:17]   compression_ratio               ▓10   ▓17   ▓17   ▓10   ▓14   ▓17   ▓17   ▓17   █21   █21   █21   █21   █24   █24   █24   █24
[14:45:17] 
  Processing QQQ...
[14:45:18] ══════════════════════════════════════════════════════════════════════════════════════════
[14:45:18]   TICKER: QQQ
[14:45:18] ══════════════════════════════════════════════════════════════════════════════════════════
[14:45:18] 
  ── LL (78 turns) ──
[14:45:18]   Feature                      │     μ │  med │  p25 │  p75 │ t-10→t-3 │ t-2,t-1 │  t=0 │ t+1,t+2 │  t+3→t+5 │        Class
[14:45:18]   ──────────────────────────── │ ───── │ ──── │ ──── │ ──── │ ──────── │ ─────── │ ──── │ ─────── │ ──────── │ ────────────
[14:45:18]   fear_level                   │ -2.1 │  -2 │  -6 │  +2 │      36% │     42% │  46% │     42% │      42% │       ALERTA
[14:45:18]   vwap_spread_tide_wave        │ -2.3 │  -2 │  -6 │  +2 │      33% │     34% │  33% │     35% │      37% │       ALERTA
[14:45:18]   vwap_sigma_tide              │ -1.8 │  -1 │  -5 │  +1 │      23% │     38% │  46% │     31% │      27% │       ALERTA
[14:45:18]   kf_price_pred_val            │ -2.0 │  -1 │  -6 │  +2 │      23% │     30% │  42% │     31% │      25% │       ALERTA
[14:45:18]   vwap_spread_tide_current     │ -2.2 │  -2 │  -6 │  +2 │      25% │     28% │  28% │     29% │      29% │       ALERTA
[14:45:18]   current_slope                │ -1.9 │  -2 │  -6 │  +2 │      24% │     28% │  28% │     31% │      31% │       ALERTA
[14:45:18]   tide_slope                   │ -2.4 │  -2 │  -6 │  +2 │      24% │     24% │  26% │     26% │      26% │       ALERTA
[14:45:18]   wave_slope                   │ -1.4 │  +0 │  -5 │  +2 │      21% │     30% │  40% │     41% │      35% │    DETECTION
[14:45:18]   vwap_spread_current_wave     │ -1.8 │  -2 │  -6 │  +2 │      21% │     25% │  27% │     28% │      27% │       ALERTA
[14:45:18]   kf_price_filt_vel            │ -1.9 │  -1 │  -5 │  +2 │      21% │     20% │  24% │     45% │      22% │       ALERTA
[14:45:18]   kf_price_innovation          │ -1.6 │  -1 │  -5 │  +2 │      19% │     23% │  21% │     43% │      25% │       ALERTA
[14:45:18]   current_accel                │ -2.1 │  -2 │  -6 │  +1 │      16% │     22% │  27% │     17% │      18% │       ALERTA
[14:45:18]   tide_accel                   │ -2.4 │  -2 │  -6 │  +1 │      16% │     19% │  23% │     18% │      16% │       ALERTA
[14:45:18]   conj_wave_tide               │ -1.0 │  +0 │  -4 │  +2 │      15% │     22% │  29% │     32% │      27% │    DETECTION
[14:45:18]   kf_conj_pred_val             │ -0.9 │  +0 │  -4 │  +3 │      13% │     23% │  29% │     33% │      29% │    DETECTION
[14:45:18] 
  HEATMAP (% of LL turns where feature fires at each offset):
[14:45:18]                                 t-10 t-9  t-8  t-7  t-6  t-5  t-4  t-3  t-2  t-1  t=0  t+1  t+2  t+3  t+4  t+5
[14:45:18]                                 ──── ──── ──── ──── ──── ──── ──── ──── ──── ──── ──── ──── ──── ──── ──── ────
[14:45:18]   fear_level                      █35   █35   █33   █33   █35   █38   █38   █37   █41   █42   █46   █45   █40   █42   █42   █41
[14:45:18]   vwap_spread_tide_wave           █32   █32   █32   █33   █33   █35   █35   █35   █35   █33   █33   █35   █36   █36   █37   █37
[14:45:18]   vwap_sigma_tide                 ▓17   ▓19   █21   █22   █22   █24   █29   █32   █38   █37   █46   █31   █31   █29   █26   █26
[14:45:18]   kf_price_pred_val               █21   █24   █21   ▓19   █23   █23   █23   █28   █28   █32   █42   █27   █35   █27   █24   █24
[14:45:18]   vwap_spread_tide_current        █24   █24   █24   █24   █24   █24   █26   █27   █28   █28   █28   █29   █28   █28   █29   █29
[14:45:18] 
  ── HL (76 turns) ──
[14:45:18]   Feature                      │     μ │  med │  p25 │  p75 │ t-10→t-3 │ t-2,t-1 │  t=0 │ t+1,t+2 │  t+3→t+5 │        Class
[14:45:18]   ──────────────────────────── │ ───── │ ──── │ ──── │ ──── │ ──────── │ ─────── │ ──── │ ─────── │ ──────── │ ────────────
[14:45:18]   conj_wave_current            │ -3.2 │  -4 │  -7 │  +0 │      16% │     13% │  14% │     12% │      10% │   EARLY WARN
[14:45:18]   vwap_spread_tide_wave        │ -2.6 │  -3 │  -7 │  +1 │      15% │     14% │  14% │     14% │      14% │   EARLY WARN
[14:45:18]   conj_wave_tide               │ -3.2 │  -3 │  -7 │  +0 │      14% │     16% │  14% │     13% │       8% │   EARLY WARN
[14:45:18]   kf_conj_pred_val             │ -3.3 │  -3 │  -7 │  +0 │      14% │     15% │  14% │     11% │       7% │   EARLY WARN
[14:45:18]   vwap_spread_tide_current     │ -2.7 │  -3 │  -7 │  +1 │      15% │     13% │  13% │     13% │      13% │   EARLY WARN
[14:45:18]   current_slope                │ -2.8 │  -3 │  -7 │  +1 │      14% │     12% │  14% │     14% │      13% │   EARLY WARN
[14:45:18]   tide_accel                   │ -2.4 │  -3 │  -6 │  +1 │      14% │     14% │  16% │     11% │      14% │   EARLY WARN
[14:45:18]   wave_slope                   │ -3.5 │  -4 │  -7 │  +0 │      14% │     14% │  11% │     10% │       6% │   EARLY WARN
[14:45:18]   wave_accel                   │ -2.6 │  -3 │  -6 │  +1 │      13% │     13% │  18% │      9% │      12% │   EARLY WARN
[14:45:18]   vwap_spread_current_wave     │ -2.9 │  -3 │  -7 │  +1 │      14% │     12% │  12% │     13% │      12% │   EARLY WARN
[14:45:18]   tide_slope                   │ -2.4 │  -2 │  -6 │  +2 │      13% │     13% │  13% │     13% │      14% │       ALERTA
[14:45:18]   kf_price_pred_val            │ -2.6 │  -3 │  -6 │  +1 │      13% │     11% │  22% │      9% │      13% │   EARLY WARN
[14:45:18]   conj_current_tide            │ -2.4 │  -2 │  -7 │  +2 │      13% │     13% │  13% │     13% │      15% │       ALERTA
[14:45:18]   kf_conj_filt_vel             │ -2.5 │  -2 │  -6 │  +1 │      12% │     12% │  16% │     14% │      11% │       ALERTA
[14:45:18]   current_accel                │ -2.6 │  -2 │  -6 │  +1 │      12% │     11% │  14% │     14% │      10% │       ALERTA
[14:45:18] 
  HEATMAP (% of HL turns where feature fires at each offset):
[14:45:18]                                 t-10 t-9  t-8  t-7  t-6  t-5  t-4  t-3  t-2  t-1  t=0  t+1  t+2  t+3  t+4  t+5
[14:45:18]                                 ──── ──── ──── ──── ──── ──── ──── ──── ──── ──── ──── ──── ──── ──── ──── ────
[14:45:18]   conj_wave_current               ▓16   ▓14   ▓16   ▓14   ▓17   ▓16   ▓17   ▓16   ▓13   ▓13   ▓14   ▓13   ▓11   ▒9   ▒9   ▓11
[14:45:18]   vwap_spread_tide_wave           ▓16   ▓16   ▓16   ▓16   ▓14   ▓14   ▓16   ▓16   ▓14   ▓14   ▓14   ▓14   ▓14   ▓14   ▓14   ▓14
[14:45:18]   conj_wave_tide                  ▓14   ▓16   ▓14   ▓14   ▓14   ▓13   ▓13   ▓14   ▓16   ▓16   ▓14   ▓14   ▓12   ▒8   ▒8   ▒8
[14:45:18]   kf_conj_pred_val                ▓13   ▓14   ▓16   ▓14   ▓13   ▓16   ▓13   ▓16   ▓17   ▓13   ▓14   ▓13   ▒9   ▒8   ▒7   ▒8
[14:45:18]   vwap_spread_tide_current        ▓16   ▓14   ▓13   ▓13   ▓16   ▓17   ▓16   ▓13   ▓13   ▓13   ▓13   ▓13   ▓13   ▓13   ▓13   ▓13
[14:45:18] 
  ── HH (83 turns) ──
[14:45:18]   Feature                      │     μ │  med │  p25 │  p75 │ t-10→t-3 │ t-2,t-1 │  t=0 │ t+1,t+2 │  t+3→t+5 │        Class
[14:45:18]   ──────────────────────────── │ ───── │ ──── │ ──── │ ──── │ ──────── │ ─────── │ ──── │ ─────── │ ──────── │ ────────────
[14:45:18]   vwap_spread_tide_current     │ -2.4 │  -2 │  -6 │  +2 │      20% │     21% │  22% │     22% │      20% │       ALERTA
[14:45:18]   vwap_spread_tide_wave        │ -2.4 │  -2 │  -6 │  +2 │      19% │     21% │  20% │     20% │      20% │       ALERTA
[14:45:18]   conj_current_tide            │ -2.6 │  -3 │  -7 │  +1 │      17% │     17% │  17% │     16% │      15% │   EARLY WARN
[14:45:18]   current_slope                │ -2.5 │  -2 │  -6 │  +1 │      15% │     17% │  18% │     17% │      15% │       ALERTA
[14:45:18]   vwap_spread_current_wave     │ -2.4 │  -2 │  -6 │  +2 │      15% │     14% │  16% │     16% │      16% │       ALERTA
[14:45:18]   tide_slope                   │ -2.6 │  -3 │  -7 │  +1 │      15% │     14% │  14% │     14% │      14% │   EARLY WARN
[14:45:18]   current_accel                │ -3.4 │  -4 │  -8 │  +0 │      15% │     12% │  13% │     14% │       8% │   EARLY WARN
[14:45:18]   conj_wave_tide               │ -2.5 │  -2 │  -6 │  +1 │      14% │     13% │  17% │     17% │      12% │       ALERTA
[14:45:18]   kf_conj_pred_val             │ -2.8 │  -3 │  -7 │  +1 │      13% │     13% │  18% │     16% │       9% │   EARLY WARN
[14:45:18]   fear_level                   │ -4.4 │  -5 │  -8 │  -1 │      15% │      7% │   7% │      5% │       6% │   EARLY WARN
[14:45:18]   tension_tide                 │ -2.3 │  -2 │  -6 │  +2 │      12% │     13% │  13% │     13% │      14% │       ALERTA
[14:45:18]   kf_conj_filt_vel             │ -2.5 │  -2 │  -6 │  +1 │      12% │     14% │  16% │     13% │      10% │       ALERTA
[14:45:18]   wave_slope                   │ -3.7 │  -4 │  -8 │  +0 │      13% │     11% │  10% │      9% │       6% │   EARLY WARN
[14:45:18]   wave_accel                   │ -2.7 │  -2 │  -6 │  +1 │      11% │     13% │  17% │     10% │       9% │       ALERTA
[14:45:18]   kf_tension_pred_val          │ -2.3 │  -2 │  -6 │  +2 │      12% │     13% │  13% │     13% │      13% │       ALERTA
[14:45:18] 
  HEATMAP (% of HH turns where feature fires at each offset):
[14:45:18]                                 t-10 t-9  t-8  t-7  t-6  t-5  t-4  t-3  t-2  t-1  t=0  t+1  t+2  t+3  t+4  t+5
[14:45:18]                                 ──── ──── ──── ──── ──── ──── ──── ──── ──── ──── ──── ──── ──── ──── ──── ────
[14:45:18]   vwap_spread_tide_current        ▓19   ▓19   ▓18   █20   █20   █20   █22   █22   █22   █20   █22   █22   █22   █20   █20   █20
[14:45:18]   vwap_spread_tide_wave           ▓18   ▓18   ▓18   ▓18   ▓19   █20   █20   █20   █20   █22   █20   █20   █20   █20   ▓19   ▓19
[14:45:18]   conj_current_tide               ▓16   ▓17   ▓17   ▓17   ▓17   ▓16   ▓17   ▓17   ▓16   ▓18   ▓17   ▓17   ▓16   ▓16   ▓16   ▓14
[14:45:18]   current_slope                   ▓17   ▓16   ▓14   ▓14   ▓14   ▓16   ▓16   ▓14   ▓17   ▓17   ▓18   ▓17   ▓17   ▓16   ▓14   ▓14
[14:45:18]   vwap_spread_current_wave        ▓16   ▓14   ▓13   ▓16   ▓14   ▓16   ▓16   ▓16   ▓16   ▓13   ▓16   ▓16   ▓16   ▓17   ▓16   ▓14
[14:45:18] 
  ── LH (71 turns) ──
[14:45:18]   Feature                      │     μ │  med │  p25 │  p75 │ t-10→t-3 │ t-2,t-1 │  t=0 │ t+1,t+2 │  t+3→t+5 │        Class
[14:45:18]   ──────────────────────────── │ ───── │ ──── │ ──── │ ──── │ ──────── │ ─────── │ ──── │ ─────── │ ──────── │ ────────────
[14:45:18]   fear_level                   │ -2.2 │  -2 │  -6 │  +2 │      31% │     36% │  30% │     32% │      37% │       ALERTA
[14:45:18]   vwap_spread_tide_wave        │ -2.4 │  -2 │  -6 │  +2 │      29% │     30% │  30% │     30% │      31% │       ALERTA
[14:45:18]   wave_slope                   │ -1.5 │  -1 │  -5 │  +2 │      21% │     32% │  31% │     30% │      34% │       ALERTA
[14:45:18]   kf_price_pred_val            │ -2.2 │  -2 │  -6 │  +2 │      22% │     26% │  39% │     20% │      26% │       ALERTA
[14:45:18]   tide_slope                   │ -2.6 │  -3 │  -7 │  +1 │      24% │     23% │  24% │     23% │      23% │   EARLY WARN
[14:45:18]   current_slope                │ -2.0 │  -2 │  -6 │  +2 │      22% │     25% │  27% │     27% │      27% │       ALERTA
[14:45:18]   vwap_spread_tide_current     │ -2.2 │  -2 │  -6 │  +2 │      21% │     24% │  24% │     25% │      25% │       ALERTA
[14:45:18]   kf_price_filt_vel            │ -2.0 │  -2 │  -5 │  +2 │      19% │     24% │  34% │     25% │      22% │       ALERTA
[14:45:18]   kf_price_innovation          │ -1.8 │  -1 │  -5 │  +1 │      19% │     25% │  23% │     35% │      22% │       ALERTA
[14:45:18]   vwap_spread_current_wave     │ -2.1 │  -2 │  -6 │  +2 │      20% │     21% │  23% │     23% │      24% │       ALERTA
[14:45:18]   conj_wave_tide               │ -1.9 │  -1 │  -6 │  +2 │      18% │     26% │  21% │     23% │      27% │       ALERTA
[14:45:18]   vwap_sigma_tide              │ -2.0 │  -2 │  -6 │  +2 │      19% │     25% │  17% │     25% │      23% │       ALERTA
[14:45:18]   kf_conj_pred_val             │ -1.7 │  -1 │  -5 │  +2 │      18% │     25% │  23% │     23% │      25% │       ALERTA
[14:45:18]   wave_accel                   │ -3.0 │  -3 │  -7 │  +0 │      18% │     20% │  23% │      6% │      14% │   EARLY WARN
[14:45:18]   conj_wave_current            │ -2.2 │  -2 │  -6 │  +2 │      17% │     22% │  20% │     21% │      20% │       ALERTA
[14:45:18] 
  HEATMAP (% of LH turns where feature fires at each offset):
[14:45:18]                                 t-10 t-9  t-8  t-7  t-6  t-5  t-4  t-3  t-2  t-1  t=0  t+1  t+2  t+3  t+4  t+5
[14:45:18]                                 ──── ──── ──── ──── ──── ──── ──── ──── ──── ──── ──── ──── ──── ──── ──── ────
[14:45:18]   fear_level                      █30   █30   █30   █31   █28   █31   █35   █35   █37   █35   █30   █32   █32   █34   █38   █38
[14:45:18]   vwap_spread_tide_wave           █28   █28   █28   █30   █30   █30   █30   █28   █30   █30   █30   █30   █30   █31   █30   █32
[14:45:18]   wave_slope                      ▓20   ▓17   ▓20   ▓20   ▓20   █23   █27   █27   █31   █34   █31   █30   █31   █34   █34   █35
[14:45:18]   kf_price_pred_val               █25   █23   ▓17   ▓18   ▓20   █24   █27   █23   █27   █25   █39   ▓15   █24   █37   █23   ▓20
[14:45:18]   tide_slope                      █24   █24   █24   █24   █24   █24   █24   █24   █23   █23   █24   █24   █23   █23   █23   █23
[14:45:18] 
  Processing SPY...
[14:45:19] ══════════════════════════════════════════════════════════════════════════════════════════
[14:45:19]   TICKER: SPY
[14:45:19] ══════════════════════════════════════════════════════════════════════════════════════════
[14:45:19] 
  ── LL (50 turns) ──
[14:45:19]   Feature                      │     μ │  med │  p25 │  p75 │ t-10→t-3 │ t-2,t-1 │  t=0 │ t+1,t+2 │  t+3→t+5 │        Class
[14:45:19]   ──────────────────────────── │ ───── │ ──── │ ──── │ ──── │ ──────── │ ─────── │ ──── │ ─────── │ ──────── │ ────────────
[14:45:19]   vwap_sigma_tide              │ -1.8 │  -1 │  -5 │  +2 │      31% │     47% │  58% │     42% │      36% │       ALERTA
[14:45:19]   vwap_sigma_current           │ -3.3 │  -3 │  -6 │  +0 │      22% │     32% │  64% │      6% │       5% │   EARLY WARN
[14:45:19]   fear_level                   │ -2.0 │  -2 │  -6 │  +2 │      24% │     31% │  34% │     31% │      30% │       ALERTA
[14:45:19]   wave_slope                   │ -1.4 │  -1 │  -5 │  +2 │      23% │     32% │  38% │     37% │      35% │       ALERTA
[14:45:19]   sigma_tide                   │ -1.7 │  -1 │  -4 │  +1 │      16% │     38% │  58% │     24% │      17% │       ALERTA
[14:45:19]   kf_price_pred_val            │ -1.7 │  -1 │  -5 │  +2 │      21% │     24% │  42% │     39% │      25% │       ALERTA
[14:45:19]   current_accel                │ -2.2 │  -2 │  -5 │  +1 │      19% │     30% │  38% │     23% │      16% │       ALERTA
[14:45:19]   kf_price_innovation          │ -2.0 │  -1 │  -6 │  +1 │      21% │     24% │  16% │     50% │      19% │       ALERTA
[14:45:19]   tide_accel                   │ -1.5 │  -1 │  -4 │  +2 │      16% │     28% │  44% │     31% │      20% │       ALERTA
[14:45:19]   rsi_value                    │ -3.0 │  -2 │  -6 │  +0 │      14% │     30% │  48% │      7% │       4% │       ALERTA
[14:45:19]   kf_price_filt_vel            │ -1.7 │  -0 │  -5 │  +2 │      19% │     20% │  22% │     53% │      21% │    DETECTION
[14:45:19]   kf_rsi_pred_val              │ -3.1 │  -2 │  -6 │  +0 │      14% │     25% │  44% │     10% │       1% │       ALERTA
[14:45:19]   conj_wave_tide               │ -0.8 │  +0 │  -4 │  +3 │      14% │     23% │  28% │     32% │      30% │    DETECTION
[14:45:19]   kf_conj_pred_val             │ -0.9 │  +0 │  -4 │  +3 │      15% │     22% │  28% │     33% │      29% │    DETECTION
[14:45:19]   conj_wave_current            │ -1.9 │  -2 │  -5 │  +2 │      15% │     18% │  22% │     24% │      16% │       ALERTA
[14:45:19] 
  HEATMAP (% of LL turns where feature fires at each offset):
[14:45:19]                                 t-10 t-9  t-8  t-7  t-6  t-5  t-4  t-3  t-2  t-1  t=0  t+1  t+2  t+3  t+4  t+5
[14:45:19]                                 ──── ──── ──── ──── ──── ──── ──── ──── ──── ──── ──── ──── ──── ──── ──── ────
[14:45:19]   vwap_sigma_tide                 █24   █22   █24   █30   █32   █32   █38   █44   █46   █48   █58   █44   █40   █38   █40   █30
[14:45:19]   vwap_sigma_current              ▓14   █22   █20   █24   ▓18   █22   █28   █30   █28   █36   █64   ▒6   ▒6   ▒8   ▒6   ░2
[14:45:19]   fear_level                      █20   █24   █26   █24   █26   █26   █24   █24   █30   █32   █34   █32   █30   █30   █30   █30
[14:45:19]   wave_slope                      ▓14   ▓16   █20   █24   █24   █26   █32   █30   █32   █32   █38   █38   █36   █34   █36   █34
[14:45:19]   sigma_tide                      ▓12   ▓14   ▓12   ▓14   ▓16   ▓16   █22   █22   █32   █44   █58   █28   █20   █20   █20   ▓12
[14:45:19] 
  ── HL (68 turns) ──
[14:45:19]   Feature                      │     μ │  med │  p25 │  p75 │ t-10→t-3 │ t-2,t-1 │  t=0 │ t+1,t+2 │  t+3→t+5 │        Class
[14:45:19]   ──────────────────────────── │ ───── │ ──── │ ──── │ ──── │ ──────── │ ─────── │ ──── │ ─────── │ ──────── │ ────────────
[14:45:19]   sigma_tide                   │ -2.6 │  -2 │  -6 │  +0 │      11% │     19% │  37% │     15% │       4% │       ALERTA
[14:45:19]   kf_price_pred_val            │ -2.0 │  -1 │  -6 │  +2 │      12% │     17% │  29% │     12% │      15% │       ALERTA
[14:45:19]   kf_conj_filt_vel             │ -2.2 │  -2 │  -6 │  +1 │      12% │     18% │  22% │     17% │      13% │       ALERTA
[14:45:19]   sigma_current                │ -3.8 │  -3 │  -7 │  -1 │      11% │     18% │  28% │      4% │       0% │   EARLY WARN
[14:45:19]   wave_accel                   │ -2.4 │  -2 │  -7 │  +1 │      13% │     13% │  24% │     12% │      14% │       ALERTA
[14:45:19]   conj_current_tide            │ -3.1 │  -3 │  -7 │  +1 │      14% │     12% │  12% │     11% │      11% │   EARLY WARN
[14:45:19]   current_slope                │ -2.8 │  -3 │  -7 │  +1 │      13% │     15% │  13% │     13% │       9% │   EARLY WARN
[14:45:19]   kf_tension_pred_val          │ -3.0 │  -2 │  -7 │  +0 │      12% │     14% │  24% │     14% │       6% │       ALERTA
[14:45:19]   tension_tide                 │ -2.8 │  -2 │  -7 │  +0 │      12% │     14% │  24% │     12% │       7% │       ALERTA
[14:45:19]   vwap_spread_current_wave     │ -3.1 │  -3 │  -7 │  +0 │      13% │     13% │  12% │     10% │       9% │   EARLY WARN
[14:45:19]   kf_conj_pred_val             │ -2.2 │  -2 │  -5 │  +1 │      12% │     15% │  15% │     15% │      11% │       ALERTA
[14:45:19]   kf_price_filt_vel            │ -1.6 │  -1 │  -5 │  +2 │      11% │     17% │  18% │     26% │      14% │       ALERTA
[14:45:19]   kf_tension_filt_vel          │ -2.0 │  -2 │  -5 │  +1 │      11% │     14% │  21% │      7% │      13% │       ALERTA
[14:45:19]   conj_wave_tide               │ -2.2 │  -2 │  -5 │  +1 │      11% │     18% │  15% │     13% │       9% │       ALERTA
[14:45:19]   vwap_spread_tide_wave        │ -2.4 │  -2 │  -7 │  +2 │      12% │     12% │  13% │     13% │      13% │       ALERTA
[14:45:19] 
  HEATMAP (% of HL turns where feature fires at each offset):
[14:45:19]                                 t-10 t-9  t-8  t-7  t-6  t-5  t-4  t-3  t-2  t-1  t=0  t+1  t+2  t+3  t+4  t+5
[14:45:19]                                 ──── ──── ──── ──── ──── ──── ──── ──── ──── ──── ──── ──── ──── ──── ──── ────
[14:45:19]   sigma_tide                      ▓12   ▓10   ▓12   ▓10   ▓12   ▓10   ▒9   ▓12   ▓15   █24   █37   ▓18   ▓12   ░1   ░4   ▒6
[14:45:19]   kf_price_pred_val               ▓12   ▓12   ▓12   ▓10   ▓13   ▓15   ▓12   ▓10   ▓16   ▓18   █29   ▓12   ▓13   ▓19   ▓10   ▓16
[14:45:19]   kf_conj_filt_vel                ▓10   ▓13   ▓15   ▓13   ▓13   ▓12   ▓10   ▓12   ▓16   ▓19   █22   ▓18   ▓16   ▓15   ▓12   ▓12
[14:45:19]   sigma_current                   ▓12   ▓15   ▒9   ▒7   ▒9   ▒9   ▓12   ▓18   █22   ▓15   █28   ░4   ░3    ·    ·    ·
[14:45:19]   wave_accel                      ▓15   ▓18   ▓13   ▓10   ▓12   ▓12   ▓10   ▓12   ▓13   ▓13   █24   ▓13   ▓12   ▓15   ▓10   ▓16
[14:45:19] 
  ── HH (68 turns) ──
[14:45:19]   Feature                      │     μ │  med │  p25 │  p75 │ t-10→t-3 │ t-2,t-1 │  t=0 │ t+1,t+2 │  t+3→t+5 │        Class
[14:45:19]   ──────────────────────────── │ ───── │ ──── │ ──── │ ──── │ ──────── │ ─────── │ ──── │ ─────── │ ──────── │ ────────────
[14:45:19]   current_accel                │ -3.3 │  -3 │  -7 │  +0 │      14% │     15% │  13% │     14% │       6% │   EARLY WARN
[14:45:19]   tide_accel                   │ -2.8 │  -3 │  -7 │  +2 │      11% │      8% │   6% │     11% │       9% │   EARLY WARN
[14:45:19]   vwap_spread_current_wave     │ -3.2 │  -3 │  -7 │  +1 │      10% │      8% │   9% │      8% │       7% │   EARLY WARN
[14:45:19]   conj_current_tide            │ -2.6 │  -3 │  -6 │  +1 │       9% │     10% │   9% │      8% │       8% │   EARLY WARN
[14:45:19]   current_slope                │ -3.1 │  -4 │  -7 │  +1 │      10% │      8% │   7% │      7% │       7% │   EARLY WARN
[14:45:19]   vwap_spread_tide_current     │ -2.5 │  -2 │  -6 │  +1 │       9% │     10% │   9% │      9% │       9% │       ALERTA
[14:45:19]   tension_tide                 │ -2.4 │  -2 │  -6 │  +2 │       8% │      9% │   9% │      9% │       9% │       ALERTA
[14:45:19]   vwap_spread_tide_wave        │ -2.1 │  -2 │  -6 │  +2 │       8% │      9% │   9% │     10% │      10% │       ALERTA
[14:45:19]   kf_tension_pred_val          │ -2.2 │  -2 │  -6 │  +1 │       8% │     10% │  10% │      8% │       9% │       ALERTA
[14:45:19]   kf_conj_pred_val             │ -2.6 │  -2 │  -6 │  +1 │       8% │     10% │  10% │      9% │       5% │       ALERTA
[14:45:19]   conj_wave_current            │ -2.6 │  -2 │  -7 │  +1 │       8% │      7% │  10% │     10% │       7% │       ALERTA
[14:45:19]   conj_wave_tide               │ -2.3 │  -2 │  -6 │  +1 │       7% │     10% │  12% │     11% │       6% │       ALERTA
[14:45:19]   kf_conj_filt_vel             │ -3.9 │  -4 │  -7 │  -1 │       8% │      5% │   6% │      5% │       2% │   EARLY WARN
[14:45:19]   tide_slope                   │ -2.2 │  -2 │  -6 │  +2 │       7% │      7% │   7% │      7% │       7% │       ALERTA
[14:45:19]   wave_accel                   │ -2.8 │  -4 │  -7 │  +1 │       7% │      4% │   7% │      3% │       8% │   EARLY WARN
[14:45:19] 
  HEATMAP (% of HH turns where feature fires at each offset):
[14:45:19]                                 t-10 t-9  t-8  t-7  t-6  t-5  t-4  t-3  t-2  t-1  t=0  t+1  t+2  t+3  t+4  t+5
[14:45:19]                                 ──── ──── ──── ──── ──── ──── ──── ──── ──── ──── ──── ──── ──── ──── ──── ────
[14:45:19]   current_accel                   ▓13   ▓15   ▓13   ▓15   ▓13   ▓15   ▓16   ▓15   ▓15   ▓16   ▓13   ▓15   ▓13   ▒9   ░4   ░4
[14:45:19]   tide_accel                      ▓12   ▓12   ▓12   ▒9   ▒9   ▓10   ▓10   ▓12   ▒7   ▒9   ▒6   ▓10   ▓12   ▓12   ▓10   ▒6
[14:45:19]   vwap_spread_current_wave        ▓10   ▓10   ▓10   ▓10   ▓10   ▓10   ▒9   ▓10   ▒9   ▒7   ▒9   ▒9   ▒7   ▒7   ▒7   ▒6
[14:45:19]   conj_current_tide               ▒7   ▒9   ▒9   ▒9   ▓10   ▓10   ▓10   ▓10   ▓10   ▒9   ▒9   ▒9   ▒7   ▒7   ▒9   ▒9
[14:45:19]   current_slope                   ▒9   ▒9   ▓10   ▓10   ▓10   ▓10   ▓10   ▒9   ▒9   ▒7   ▒7   ▒7   ▒7   ▒7   ▒7   ▒6
[14:45:19] 
  ── LH (49 turns) ──
[14:45:19]   Feature                      │     μ │  med │  p25 │  p75 │ t-10→t-3 │ t-2,t-1 │  t=0 │ t+1,t+2 │  t+3→t+5 │        Class
[14:45:19]   ──────────────────────────── │ ───── │ ──── │ ──── │ ──── │ ──────── │ ─────── │ ──── │ ─────── │ ──────── │ ────────────
[14:45:19]   wave_slope                   │ -2.4 │  -2 │  -6 │  +1 │      26% │     29% │  29% │     29% │      26% │       ALERTA
[14:45:19]   kf_conj_filt_vel             │ -2.2 │  -2 │  -5 │  +1 │      21% │     34% │  37% │     32% │      16% │       ALERTA
[14:45:19]   kf_price_pred_val            │ -2.3 │  -2 │  -6 │  +1 │      22% │     24% │  31% │     21% │      24% │       ALERTA
[14:45:19]   wave_accel                   │ -2.9 │  -3 │  -6 │  +0 │      21% │     29% │  27% │     17% │      13% │   EARLY WARN
[14:45:19]   conj_wave_tide               │ -2.5 │  -2 │  -6 │  +1 │      22% │     24% │  24% │     24% │      19% │       ALERTA
[14:45:19]   kf_conj_pred_val             │ -2.6 │  -2 │  -6 │  +1 │      21% │     26% │  27% │     21% │      18% │       ALERTA
[14:45:19]   fear_level                   │ -2.9 │  -3 │  -7 │  +1 │      23% │     21% │  20% │     18% │      18% │   EARLY WARN
[14:45:19]   kf_price_filt_vel            │ -2.4 │  -2 │  -6 │  +1 │      22% │     20% │  27% │     27% │      19% │       ALERTA
[14:45:19]   kf_price_innovation          │ -2.5 │  -3 │  -6 │  +1 │      22% │     21% │  22% │     34% │      15% │   EARLY WARN
[14:45:19]   vwap_sigma_tide              │ -2.1 │  -2 │  -6 │  +2 │      21% │     26% │  12% │     21% │      28% │       ALERTA
[14:45:19]   conj_wave_current            │ -1.5 │  -1 │  -5 │  +2 │      17% │     26% │  22% │     26% │      26% │       ALERTA
[14:45:19]   sigma_tide                   │ -3.1 │  -4 │  -7 │  +1 │      20% │     15% │   8% │     16% │      16% │   EARLY WARN
[14:45:19]   vwap_spread_tide_wave        │ -2.2 │  -2 │  -6 │  +2 │      18% │     18% │  18% │     18% │      20% │       ALERTA
[14:45:19]   compression_ratio            │ -2.8 │  -3 │  -6 │  +0 │      15% │     21% │  20% │     15% │       7% │   EARLY WARN
[14:45:19]   current_accel                │ -2.0 │  -2 │  -6 │  +2 │      18% │     15% │  10% │     19% │      22% │       ALERTA
[14:45:19] 
  HEATMAP (% of LH turns where feature fires at each offset):
[14:45:19]                                 t-10 t-9  t-8  t-7  t-6  t-5  t-4  t-3  t-2  t-1  t=0  t+1  t+2  t+3  t+4  t+5
[14:45:19]                                 ──── ──── ──── ──── ──── ──── ──── ──── ──── ──── ──── ──── ──── ──── ──── ────
[14:45:19]   wave_slope                      █22   █24   █29   █27   █24   █29   █27   █24   █27   █31   █29   █29   █29   █29   █27   █22
[14:45:19]   kf_conj_filt_vel                ▓14   ▓14   █24   ▓18   ▓18   █29   █22   █24   █33   █35   █37   █37   █27   █20   ▓16   ▓12
[14:45:19]   kf_price_pred_val               █22   ▓16   █20   █27   █24   █20   █27   █22   █27   █22   █31   █22   █20   █27   ▓14   █31
[14:45:19]   wave_accel                      ▓16   ▓16   █27   ▓18   █27   ▓16   █20   █29   █27   █31   █27   █22   ▓12   ▓12   ▓14   ▓12
[14:45:19]   conj_wave_tide                  █22   ▓18   █22   █22   █22   █20   █20   █24   █22   █27   █24   █27   █22   ▓18   ▓18   █20
[14:45:19] 
  Processing WMT...
[14:45:19] ══════════════════════════════════════════════════════════════════════════════════════════
[14:45:19]   TICKER: WMT
[14:45:19] ══════════════════════════════════════════════════════════════════════════════════════════
[14:45:19] 
  ── LL (32 turns) ──
[14:45:19]   Feature                      │     μ │  med │  p25 │  p75 │ t-10→t-3 │ t-2,t-1 │  t=0 │ t+1,t+2 │  t+3→t+5 │        Class
[14:45:19]   ──────────────────────────── │ ───── │ ──── │ ──── │ ──── │ ──────── │ ─────── │ ──── │ ─────── │ ──────── │ ────────────
[14:45:19]   tension_tide                 │ -2.8 │  -3 │  -6 │  +0 │      18% │     20% │  25% │     12% │      15% │   EARLY WARN
[14:45:19]   sigma_tide                   │ -1.6 │  -1 │  -4 │  +1 │      12% │     30% │  34% │     20% │      14% │       ALERTA
[14:45:19]   vwap_sigma_current           │ -2.9 │  -2 │  -5 │  +0 │      11% │     27% │  44% │      5% │       1% │       ALERTA
[14:45:19]   vwap_sigma_tide              │ -1.7 │  -1 │  -5 │  +1 │      12% │     25% │  28% │     19% │      17% │       ALERTA
[14:45:19]   compression_ratio            │ -2.0 │  -2 │  -6 │  +2 │      14% │     19% │  19% │     20% │      18% │       ALERTA
[14:45:19]   kf_tension_pred_val          │ -2.6 │  -2 │  -6 │  +0 │      14% │     17% │  25% │     11% │      11% │       ALERTA
[14:45:19]   wave_slope                   │ -0.6 │  +0 │  -4 │  +3 │      13% │     22% │  22% │     25% │      31% │    DETECTION
[14:45:19]   conj_wave_current            │ -1.3 │  -1 │  -4 │  +2 │      13% │     17% │  19% │     22% │      20% │       ALERTA
[14:45:19]   kf_rsi_pred_val              │ -2.7 │  -2 │  -4 │  +0 │      10% │     23% │  31% │      8% │       2% │       ALERTA
[14:45:19]   current_accel                │ -2.2 │  -2 │  -6 │  +0 │      11% │     20% │  28% │      9% │      10% │       ALERTA
[14:45:19]   rsi_value                    │ -2.4 │  -2 │  -4 │  +0 │       9% │     23% │  31% │      8% │       4% │       ALERTA
[14:45:19]   kf_tension_filt_vel          │ -1.7 │  -1 │  -5 │  +3 │      13% │     16% │  16% │     17% │      22% │       ALERTA
[14:45:19]   kf_price_pred_val            │ -1.0 │  +0 │  -3 │  +2 │      10% │     22% │  25% │     33% │      17% │    DETECTION
[14:45:19]   kf_conj_pred_val             │ -0.3 │  +1 │  -3 │  +3 │      10% │     19% │  25% │     30% │      30% │      CONFIRM
[14:45:19]   wave_accel                   │ -1.1 │  -0 │  -3 │  +2 │       8% │     22% │  31% │     16% │      16% │    DETECTION
[14:45:19] 
  HEATMAP (% of LL turns where feature fires at each offset):
[14:45:19]                                 t-10 t-9  t-8  t-7  t-6  t-5  t-4  t-3  t-2  t-1  t=0  t+1  t+2  t+3  t+4  t+5
[14:45:19]                                 ──── ──── ──── ──── ──── ──── ──── ──── ──── ──── ──── ──── ──── ──── ──── ────
[14:45:19]   tension_tide                    ▓19   █22   ▒9   ▓19   ▓19   ▓16   ▓19   ▓19   ▓19   █22   █25   ▓12   ▓12   ▓12   ▓16   ▓16
[14:45:19]   sigma_tide                      ▒9   ▒9   ▒6   ▒9   ▒9   ▓16   ▓19   █22   █31   █28   █34   ▓19   █22   ▓16   ▓16   ▒9
[14:45:19]   vwap_sigma_current              ▒9   ▒9   ▒6   ▒6   ▒6   ▓16   ▓19   ▓16   █28   █25   █44   ▒6   ░3   ░3    ·    ·
[14:45:19]   vwap_sigma_tide                 ▓12   ▓12   ▒9   ▒9   ▒9   ▓16   ▓16   ▓16   █25   █25   █28   █22   ▓16   ▓16   ▓16   ▓19
[14:45:19]   compression_ratio               ▓16   ▓16   ▓12   ▓12   ▓16   ▓16   ▓12   ▓16   ▓19   ▓19   ▓19   █22   ▓19   ▓19   ▓16   ▓19
[14:45:19] 
  ── HL (52 turns) ──
[14:45:19]   Feature                      │     μ │  med │  p25 │  p75 │ t-10→t-3 │ t-2,t-1 │  t=0 │ t+1,t+2 │  t+3→t+5 │        Class
[14:45:19]   ──────────────────────────── │ ───── │ ──── │ ──── │ ──── │ ──────── │ ─────── │ ──── │ ─────── │ ──────── │ ────────────
[14:45:19]   vwap_spread_current_wave     │ -2.9 │  -3 │  -6 │  +1 │      12% │     12% │  12% │     12% │       8% │   EARLY WARN
[14:45:19]   kf_price_pred_val            │ -1.9 │  -1 │  -5 │  +1 │       9% │     12% │  27% │     11% │      10% │       ALERTA
[14:45:19]   kf_price_innovation          │ -1.7 │  -1 │  -5 │  +2 │      10% │     11% │  10% │     22% │      13% │       ALERTA
[14:45:19]   kf_price_filt_vel            │ -2.1 │  -2 │  -6 │  +2 │      10% │     10% │  12% │     15% │      10% │       ALERTA
[14:45:19]   kf_tension_filt_vel          │ -2.5 │  -2 │  -6 │  +0 │       8% │     14% │  15% │      4% │       8% │       ALERTA
[14:45:19]   current_slope                │ -3.1 │  -3 │  -7 │  +0 │      10% │      8% │  10% │      9% │       6% │   EARLY WARN
[14:45:19]   conj_current_tide            │ -2.9 │  -3 │  -6 │  +1 │       9% │      8% │   8% │      8% │       6% │   EARLY WARN
[14:45:19]   vwap_spread_tide_wave        │ -3.2 │  -4 │  -7 │  +1 │       9% │      6% │   6% │      6% │       6% │   EARLY WARN
[14:45:19]   kf_rsi_filt_vel              │ -1.9 │  -2 │  -6 │  +1 │       6% │     12% │  13% │      3% │       9% │       ALERTA
[14:45:19]   tide_slope                   │ -2.5 │  -2 │  -6 │  +1 │       8% │      8% │   8% │      8% │       8% │       ALERTA
[14:45:19]   vwap_spread_tide_current     │ -2.5 │  -2 │  -6 │  +1 │       8% │      8% │   8% │      8% │       8% │       ALERTA
[14:45:19]   kf_tension_pred_val          │ -2.0 │  -1 │  -6 │  +1 │       6% │     11% │  13% │     11% │       6% │       ALERTA
[14:45:19]   tension_tide                 │ -1.9 │  -1 │  -5 │  +1 │       6% │     10% │  15% │      9% │       6% │       ALERTA
[14:45:19]   conj_wave_current            │ -2.4 │  -2 │  -6 │  +1 │       6% │      8% │   8% │      5% │       7% │       ALERTA
[14:45:19]   wave_slope                   │ -4.5 │  -5 │  -8 │  -2 │       7% │      6% │   4% │      2% │       2% │   EARLY WARN
[14:45:19] 
  HEATMAP (% of HL turns where feature fires at each offset):
[14:45:19]                                 t-10 t-9  t-8  t-7  t-6  t-5  t-4  t-3  t-2  t-1  t=0  t+1  t+2  t+3  t+4  t+5
[14:45:19]                                 ──── ──── ──── ──── ──── ──── ──── ──── ──── ──── ──── ──── ──── ──── ──── ────
[14:45:19]   vwap_spread_current_wave        ▒10   ▓12   ▓12   ▓13   ▓15   ▓13   ▓13   ▓12   ▓12   ▓12   ▓12   ▓13   ▓12   ▓12   ▒8   ▒6
[14:45:19]   kf_price_pred_val               ▒8   ▒10   ▒10   ░4   ▒10   ▒10   ▒8   ▓15   ▓13   ▓12   █27   ▒10   ▓12   ▓15   ▓12   ░4
[14:45:19]   kf_price_innovation             ▒10   ▒8   ▒6   ▓15   ▒10   ▒10   ▓13   ▓12   ▓13   ▒8   ▒10   █31   ▓13   ▓12   ▓17   ▒10
[14:45:19]   kf_price_filt_vel               ▓12   ▒8   ▒10   ░2   ▓13   ▒10   ▒10   ▓13   ▓12   ▒8   ▓12   ▓13   ▓17   ▓13   ▒10   ▒6
[14:45:19]   kf_tension_filt_vel             ▒6   ▒8   ▓12   ▒6   ▓13   ▒6   ▒6   ▒8   ▓13   ▓15   ▓15   ▒6   ░2   ▒6   ▒10   ▒10
[14:45:19] 
  ── HH (52 turns) ──
[14:45:19]   Feature                      │     μ │  med │  p25 │  p75 │ t-10→t-3 │ t-2,t-1 │  t=0 │ t+1,t+2 │  t+3→t+5 │        Class
[14:45:19]   ──────────────────────────── │ ───── │ ──── │ ──── │ ──── │ ──────── │ ─────── │ ──── │ ─────── │ ──────── │ ────────────
[14:45:19]   kf_price_pred_val            │ -2.0 │  -1 │  -5 │  +2 │      10% │     15% │  19% │     16% │      10% │       ALERTA
[14:45:19]   kf_price_innovation          │ -2.0 │  -2 │  -5 │  +1 │      11% │     12% │  12% │     19% │      12% │       ALERTA
[14:45:19]   current_accel                │ -3.1 │  -4 │  -7 │  +0 │      11% │     10% │  12% │      9% │       7% │   EARLY WARN
[14:45:19]   kf_price_filt_vel            │ -1.8 │  -1 │  -5 │  +2 │      10% │     13% │  12% │     20% │      10% │       ALERTA
[14:45:19]   conj_wave_current            │ -3.4 │  -4 │  -7 │  +0 │      11% │      7% │  10% │      9% │       6% │   EARLY WARN
[14:45:19]   vwap_spread_current_wave     │ -2.5 │  -2 │  -6 │  +1 │       9% │     12% │  13% │     11% │       8% │       ALERTA
[14:45:19]   conj_current_tide            │ -3.3 │  -4 │  -7 │  +0 │       9% │     10% │   8% │      6% │       6% │   EARLY WARN
[14:45:19]   kf_rsi_pred_val              │ -2.8 │  -3 │  -6 │  +0 │       8% │     10% │  17% │      4% │       4% │   EARLY WARN
[14:45:19]   sigma_tide                   │ -2.6 │  -2 │  -6 │  +0 │       8% │     11% │  13% │      8% │       6% │       ALERTA
[14:45:19]   rsi_value                    │ -3.9 │  -4 │  -6 │  -1 │       8% │      9% │  12% │      2% │       1% │   EARLY WARN
[14:45:19]   kf_tension_filt_vel          │ -2.2 │  -2 │  -6 │  +2 │       9% │      5% │  12% │     12% │      10% │       ALERTA
[14:45:19]   wave_accel                   │ -3.1 │  -2 │  -6 │  +0 │       6% │     12% │  17% │      4% │       1% │       ALERTA
[14:45:19]   tide_accel                   │ -2.9 │  -3 │  -7 │  +1 │       7% │      9% │   8% │      6% │       6% │   EARLY WARN
[14:45:19]   vwap_spread_tide_current     │ -3.0 │  -3 │  -7 │  +0 │       8% │      8% │   8% │      6% │       6% │   EARLY WARN
[14:45:19]   current_slope                │ -3.3 │  -4 │  -7 │  +0 │       8% │      7% │   6% │      6% │       4% │   EARLY WARN
[14:45:19] 
  HEATMAP (% of HH turns where feature fires at each offset):
[14:45:19]                                 t-10 t-9  t-8  t-7  t-6  t-5  t-4  t-3  t-2  t-1  t=0  t+1  t+2  t+3  t+4  t+5
[14:45:19]                                 ──── ──── ──── ──── ──── ──── ──── ──── ──── ──── ──── ──── ──── ──── ──── ────
[14:45:19]   kf_price_pred_val               ▒8   ▓13   ▒8   ▒10   ▒10   ▒10   ▒10   ▓13   ▒8   █23   ▓19   ▒10   █23   ▓12   ▒10   ▒8
[14:45:19]   kf_price_innovation             ▒8   ▓12   ▓12   ▒8   ▒10   ▓17   ▓12   ▓13   ▓13   ▒10   ▓12   █27   ▓12   ▓12   ▒10   ▓13
[14:45:19]   current_accel                   ▒10   ▒10   ▒10   ▓13   ▒10   ▓13   ▓15   ▒10   ▒10   ▒10   ▓12   ▓12   ▒6   ▒8   ▒8   ▒6
[14:45:19]   kf_price_filt_vel               ▒6   ▓15   ▒8   ▒8   ▒10   ▓12   ▒8   ▓15   ▒8   ▓19   ▓12   ▓15   █25   ▓12   ▒10   ▒10
[14:45:19]   conj_wave_current               ▓13   ▓12   ▓12   ▒10   ▓12   ▒10   ▒10   ▒10   ▒8   ▒6   ▒10   ▒10   ▒8   ▒8   ▒6   ▒6
[14:45:19] 
  ── LH (32 turns) ──
[14:45:19]   Feature                      │     μ │  med │  p25 │  p75 │ t-10→t-3 │ t-2,t-1 │  t=0 │ t+1,t+2 │  t+3→t+5 │        Class
[14:45:19]   ──────────────────────────── │ ───── │ ──── │ ──── │ ──── │ ──────── │ ─────── │ ──── │ ─────── │ ──────── │ ────────────
[14:45:19]   kf_conj_filt_vel             │ -3.8 │  -5 │  -8 │  +0 │      16% │      9% │   9% │      8% │       9% │   EARLY WARN
[14:45:19]   wave_accel                   │ -3.1 │  -4 │  -7 │  +1 │      14% │     11% │  12% │     12% │      10% │   EARLY WARN
[14:45:19]   tide_slope                   │ -2.5 │  -2 │  -6 │  +1 │      12% │     12% │  12% │     12% │      12% │       ALERTA
[14:45:19]   vwap_spread_tide_current     │ -3.0 │  -3 │  -7 │  +0 │      12% │     12% │  12% │      9% │       9% │   EARLY WARN
[14:45:19]   vwap_spread_tide_wave        │ -3.0 │  -3 │  -7 │  +0 │      12% │     12% │  12% │      9% │       9% │   EARLY WARN
[14:45:19]   compression_ratio            │ -1.6 │  -1 │  -5 │  +2 │      12% │     14% │  16% │     17% │      18% │       ALERTA
[14:45:19]   kf_price_pred_val            │ -1.0 │  +0 │  -4 │  +2 │       9% │     14% │  22% │     28% │      19% │    DETECTION
[14:45:19]   kf_tension_filt_vel          │ -1.1 │  +0 │  -5 │  +3 │      10% │     11% │  19% │     17% │      23% │    DETECTION
[14:45:19]   current_accel                │ -1.7 │  -2 │  -5 │  +2 │      10% │     12% │  12% │     11% │      12% │       ALERTA
[14:45:19]   conj_wave_current            │ -1.7 │  -1 │  -5 │  +2 │      10% │     12% │  12% │     16% │      14% │       ALERTA
[14:45:19]   kf_price_innovation          │ -1.0 │  +1 │  -5 │  +2 │      11% │     11% │   9% │     36% │      21% │      CONFIRM
[14:45:19]   kf_tension_pred_val          │ -1.9 │  -2 │  -6 │  +2 │      11% │      9% │   9% │     14% │      15% │       ALERTA
[14:45:19]   tension_tide                 │ -2.0 │  -2 │  -6 │  +2 │      10% │     11% │   6% │     17% │      12% │       ALERTA
[14:45:19]   kf_rsi_filt_vel              │ -2.7 │  -2 │  -8 │  +2 │       9% │      8% │  12% │     11% │      10% │       ALERTA
[14:45:19]   kf_conj_pred_val             │ -1.5 │  -1 │  -5 │  +2 │       9% │      9% │   9% │     12% │      12% │       ALERTA
[14:45:19] 
  HEATMAP (% of LH turns where feature fires at each offset):
[14:45:19]                                 t-10 t-9  t-8  t-7  t-6  t-5  t-4  t-3  t-2  t-1  t=0  t+1  t+2  t+3  t+4  t+5
[14:45:19]                                 ──── ──── ──── ──── ──── ──── ──── ──── ──── ──── ──── ──── ──── ──── ──── ────
[14:45:19]   kf_conj_filt_vel                ▓19   ▓16   ▓16   ▓19   ▓19   ▓16   ▓12   ▒9   ▒9   ▒9   ▒9   ▒9   ▒6   ▒9   ▒9   ▒9
[14:45:19]   wave_accel                      ▓16   ▓12   █22   ▓12   ▓19   ▓16   ▒9   ▒9   ▒9   ▓12   ▓12   ▓12   ▓12   ▒6   ▒9   ▓16
[14:45:19]   tide_slope                      ▓12   ▓12   ▓12   ▓12   ▓12   ▓12   ▓12   ▓12   ▓12   ▓12   ▓12   ▓12   ▓12   ▓12   ▓12   ▓12
[14:45:19]   vwap_spread_tide_current        ▓12   ▓12   ▓12   ▓12   ▓12   ▓12   ▓12   ▓12   ▓12   ▓12   ▓12   ▒9   ▒9   ▒9   ▒9   ▒9
[14:45:19]   vwap_spread_tide_wave           ▓12   ▓12   ▓12   ▓12   ▓12   ▓12   ▓12   ▓12   ▓12   ▓12   ▓12   ▒9   ▒9   ▒9   ▒9   ▒9
[14:45:19] 
  Processing XOM...
[14:45:20] ══════════════════════════════════════════════════════════════════════════════════════════
[14:45:20]   TICKER: XOM
[14:45:20] ══════════════════════════════════════════════════════════════════════════════════════════
[14:45:20] 
  ── LL (55 turns) ──
[14:45:20]   Feature                      │     μ │  med │  p25 │  p75 │ t-10→t-3 │ t-2,t-1 │  t=0 │ t+1,t+2 │  t+3→t+5 │        Class
[14:45:20]   ──────────────────────────── │ ───── │ ──── │ ──── │ ──── │ ──────── │ ─────── │ ──── │ ─────── │ ──────── │ ────────────
[14:45:20]   kf_price_pred_val            │ -1.4 │  +0 │  -4 │  +2 │      10% │     16% │  36% │     20% │      15% │    DETECTION
[14:45:20]   rsi_value                    │ -3.0 │  -2 │  -6 │  +0 │      10% │     19% │  25% │      5% │       4% │       ALERTA
[14:45:20]   vwap_spread_tide_wave        │ -2.9 │  -3 │  -7 │  +1 │      13% │     13% │  11% │     12% │      11% │   EARLY WARN
[14:45:20]   compression_ratio            │ -2.0 │  -2 │  -6 │  +2 │      12% │     15% │  16% │     15% │      15% │       ALERTA
[14:45:20]   tide_slope                   │ -2.6 │  -3 │  -6 │  +1 │      13% │     13% │  13% │     13% │      12% │   EARLY WARN
[14:45:20]   vwap_spread_tide_current     │ -1.9 │  -2 │  -6 │  +2 │      12% │     15% │  15% │     15% │      16% │       ALERTA
[14:45:20]   kf_rsi_pred_val              │ -3.0 │  -2 │  -6 │  +0 │      10% │     16% │  25% │      6% │       3% │       ALERTA
[14:45:20]   kf_conj_pred_val             │ -1.2 │  +0 │  -5 │  +2 │      10% │     15% │  20% │     25% │      19% │    DETECTION
[14:45:20]   wave_accel                   │ -1.7 │  -1 │  -5 │  +1 │      10% │     12% │  31% │     11% │      11% │       ALERTA
[14:45:20]   conj_wave_current            │ -1.8 │  -1 │  -6 │  +2 │      11% │     12% │  18% │     15% │      16% │       ALERTA
[14:45:20]   kf_price_filt_vel            │ -1.2 │  +0 │  -4 │  +2 │      10% │     15% │  18% │     31% │      16% │    DETECTION
[14:45:20]   sigma_tide                   │ -2.1 │  -1 │  -5 │  +1 │       8% │     16% │  27% │     14% │       7% │       ALERTA
[14:45:20]   kf_conj_filt_vel             │ -2.3 │  -2 │  -5 │  +1 │      10% │     14% │  18% │     15% │       8% │       ALERTA
[14:45:20]   kf_price_innovation          │ -1.0 │  +0 │  -4 │  +2 │      10% │     15% │  16% │     27% │      19% │    DETECTION
[14:45:20]   conj_wave_tide               │ -0.9 │  +0 │  -5 │  +3 │      10% │     11% │  20% │     21% │      21% │    DETECTION
[14:45:20] 
  HEATMAP (% of LL turns where feature fires at each offset):
[14:45:20]                                 t-10 t-9  t-8  t-7  t-6  t-5  t-4  t-3  t-2  t-1  t=0  t+1  t+2  t+3  t+4  t+5
[14:45:20]                                 ──── ──── ──── ──── ──── ──── ──── ──── ──── ──── ──── ──── ──── ──── ──── ────
[14:45:20]   kf_price_pred_val               ▓15   ▒9   ▒5   ▒5   ▒5   ▓11   ▓16   ▓15   █20   ▓13   █36   █20   █20   █24   ▒9   ▓11
[14:45:20]   rsi_value                       ▒9   ▒7   ▒9   ▓11   ▓11   ▒9   ▓11   ▓16   ▓18   █20   █25   ▒5   ░4   ░4   ░4   ░4
[14:45:20]   vwap_spread_tide_wave           ▓15   ▓15   ▓15   ▓13   ▓13   ▓13   ▓13   ▓13   ▓13   ▓13   ▓11   ▓11   ▓13   ▓11   ▓11   ▓11
[14:45:20]   compression_ratio               ▓13   ▓11   ▓11   ▓11   ▓11   ▓11   ▓15   ▓15   ▓15   ▓16   ▓16   ▓15   ▓16   ▓16   ▓16   ▓13
[14:45:20]   tide_slope                      ▓13   ▓13   ▓13   ▓13   ▓13   ▓13   ▓13   ▓13   ▓13   ▓13   ▓13   ▓13   ▓13   ▓13   ▓13   ▓11
[14:45:20] 
  ── HL (65 turns) ──
[14:45:20]   Feature                      │     μ │  med │  p25 │  p75 │ t-10→t-3 │ t-2,t-1 │  t=0 │ t+1,t+2 │  t+3→t+5 │        Class
[14:45:20]   ──────────────────────────── │ ───── │ ──── │ ──── │ ──── │ ──────── │ ─────── │ ──── │ ─────── │ ──────── │ ────────────
[14:45:20]   vwap_spread_tide_wave        │ -2.6 │  -3 │  -6 │  +1 │      20% │     22% │  22% │     22% │      17% │   EARLY WARN
[14:45:20]   vwap_spread_tide_current     │ -2.6 │  -3 │  -7 │  +1 │      20% │     20% │  20% │     18% │      19% │   EARLY WARN
[14:45:20]   current_slope                │ -2.6 │  -3 │  -7 │  +1 │      16% │     15% │  15% │     15% │      15% │   EARLY WARN
[14:45:20]   conj_current_tide            │ -2.5 │  -2 │  -6 │  +1 │      14% │     15% │  15% │     15% │      14% │       ALERTA
[14:45:20]   vwap_spread_current_wave     │ -3.1 │  -3 │  -7 │  +0 │      14% │     15% │  14% │     12% │       9% │   EARLY WARN
[14:45:20]   tide_slope                   │ -2.3 │  -2 │  -6 │  +2 │      14% │     14% │  14% │     14% │      14% │       ALERTA
[14:45:20]   tide_accel                   │ -3.0 │  -3 │  -7 │  +1 │      14% │     12% │  14% │     12% │      11% │   EARLY WARN
[14:45:20]   wave_accel                   │ -2.6 │  -2 │  -6 │  +1 │      12% │     15% │  20% │     12% │       8% │       ALERTA
[14:45:20]   kf_conj_filt_vel             │ -2.6 │  -2 │  -6 │  +1 │      12% │     16% │  15% │     12% │      10% │       ALERTA
[14:45:20]   kf_price_pred_val            │ -2.3 │  -2 │  -6 │  +1 │      11% │     12% │  25% │      9% │      11% │       ALERTA
[14:45:20]   kf_price_innovation          │ -3.1 │  -3 │  -7 │  +1 │      13% │     12% │  12% │     20% │       5% │   EARLY WARN
[14:45:20]   conj_wave_tide               │ -3.8 │  -4 │  -7 │  +0 │      13% │      9% │   9% │      7% │       7% │   EARLY WARN
[14:45:20]   wave_slope                   │ -4.9 │  -5 │  -8 │  -2 │      13% │      9% │   6% │      4% │       2% │   EARLY WARN
[14:45:20]   kf_price_filt_vel            │ -2.4 │  -2 │  -6 │  +1 │      11% │     12% │  22% │     14% │       9% │       ALERTA
[14:45:20]   conj_wave_current            │ -1.9 │  -2 │  -5 │  +2 │      11% │     13% │  15% │     14% │      12% │       ALERTA
[14:45:20] 
  HEATMAP (% of HL turns where feature fires at each offset):
[14:45:20]                                 t-10 t-9  t-8  t-7  t-6  t-5  t-4  t-3  t-2  t-1  t=0  t+1  t+2  t+3  t+4  t+5
[14:45:20]                                 ──── ──── ──── ──── ──── ──── ──── ──── ──── ──── ──── ──── ──── ──── ──── ────
[14:45:20]   vwap_spread_tide_wave           █20   █20   █20   █20   █20   █22   █20   █22   █22   █22   █22   █22   █22   ▓18   ▓17   ▓17
[14:45:20]   vwap_spread_tide_current        █20   █20   █20   ▓18   ▓18   █20   █20   █20   █20   █20   █20   ▓18   ▓18   ▓18   ▓18   █20
[14:45:20]   current_slope                   ▓17   ▓17   ▓17   ▓15   ▓15   ▓15   ▓15   ▓17   ▓15   ▓15   ▓15   ▓15   ▓15   ▓15   ▓15   ▓15
[14:45:20]   conj_current_tide               ▓14   ▓14   ▓14   ▓14   ▓14   ▓14   ▓15   ▓15   ▓15   ▓15   ▓15   ▓15   ▓14   ▓14   ▓14   ▓14
[14:45:20]   vwap_spread_current_wave        ▓14   ▓14   ▓15   ▓14   ▓15   ▓14   ▓14   ▓14   ▓15   ▓14   ▓14   ▓12   ▓12   ▓12   ▒8   ▒8
[14:45:20] 
  ── HH (61 turns) ──
[14:45:20]   Feature                      │     μ │  med │  p25 │  p75 │ t-10→t-3 │ t-2,t-1 │  t=0 │ t+1,t+2 │  t+3→t+5 │        Class
[14:45:20]   ──────────────────────────── │ ───── │ ──── │ ──── │ ──── │ ──────── │ ─────── │ ──── │ ─────── │ ──────── │ ────────────
[14:45:20]   vwap_spread_tide_current     │ -2.8 │  -3 │  -7 │  +1 │      23% │     21% │  21% │     21% │      20% │   EARLY WARN
[14:45:20]   vwap_spread_tide_wave        │ -2.3 │  -2 │  -6 │  +2 │      18% │     19% │  20% │     20% │      19% │       ALERTA
[14:45:20]   tide_slope                   │ -2.1 │  -2 │  -6 │  +2 │      15% │     18% │  18% │     18% │      18% │       ALERTA
[14:45:20]   tide_accel                   │ -2.5 │  -2 │  -6 │  +1 │      14% │     16% │  16% │     13% │      13% │       ALERTA
[14:45:20]   current_accel                │ -2.5 │  -2 │  -6 │  +0 │      12% │     17% │  20% │      9% │      10% │       ALERTA
[14:45:20]   conj_current_tide            │ -2.2 │  -2 │  -6 │  +2 │      13% │     13% │  15% │     15% │      15% │       ALERTA
[14:45:20]   vwap_spread_current_wave     │ -1.7 │  -1 │  -6 │  +2 │      11% │     14% │  16% │     16% │      16% │       ALERTA
[14:45:20]   wave_accel                   │ -2.5 │  -3 │  -7 │  +2 │      11% │     11% │  10% │      7% │      14% │   EARLY WARN
[14:45:20]   current_slope                │ -1.4 │  -1 │  -5 │  +3 │      10% │     11% │  15% │     16% │      17% │       ALERTA
[14:45:20]   wave_slope                   │ -2.2 │  -1 │  -6 │  +1 │       9% │     12% │  16% │     16% │       8% │       ALERTA
[14:45:20]   conj_wave_tide               │ -1.5 │  -1 │  -5 │  +2 │       8% │     15% │  18% │     14% │      12% │       ALERTA
[14:45:20]   kf_price_pred_val            │ -1.5 │  +0 │  -6 │  +2 │      10% │      6% │  20% │     16% │      15% │    DETECTION
[14:45:20]   kf_conj_pred_val             │ -1.5 │  -1 │  -4 │  +1 │       7% │     16% │  20% │     14% │       9% │       ALERTA
[14:45:20]   kf_price_filt_vel            │ -1.7 │  -0 │  -6 │  +2 │      10% │      6% │   8% │     24% │      13% │    DETECTION
[14:45:20]   kf_conj_filt_vel             │ -2.5 │  -3 │  -6 │  +0 │       9% │     12% │   8% │      6% │       7% │   EARLY WARN
[14:45:20] 
  HEATMAP (% of HH turns where feature fires at each offset):
[14:45:20]                                 t-10 t-9  t-8  t-7  t-6  t-5  t-4  t-3  t-2  t-1  t=0  t+1  t+2  t+3  t+4  t+5
[14:45:20]                                 ──── ──── ──── ──── ──── ──── ──── ──── ──── ──── ──── ──── ──── ──── ──── ────
[14:45:20]   vwap_spread_tide_current        █25   █25   █23   █25   █25   █23   █21   █21   █21   █21   █21   █21   █21   ▓20   ▓20   ▓20
[14:45:20]   vwap_spread_tide_wave           ▓18   ▓16   ▓16   ▓16   ▓18   ▓20   ▓20   ▓20   ▓20   ▓18   ▓20   ▓20   ▓20   ▓20   ▓18   ▓18
[14:45:20]   tide_slope                      ▓15   ▓15   ▓15   ▓15   ▓15   ▓15   ▓15   ▓15   ▓18   ▓18   ▓18   ▓18   ▓18   ▓18   ▓18   ▓18
[14:45:20]   tide_accel                      ▓13   ▓15   ▓13   ▓15   ▓13   ▓11   ▓16   ▓16   ▓15   ▓18   ▓16   ▓15   ▓11   ▓13   ▓13   ▓13
[14:45:20]   current_accel                   ▒10   ▓11   ▒10   ▒10   ▓13   ▓11   ▓13   ▓15   ▓18   ▓16   ▓20   ▓11   ▒7   ▒7   ▓15   ▒8
[14:45:20] 
  ── LH (58 turns) ──
[14:45:20]   Feature                      │     μ │  med │  p25 │  p75 │ t-10→t-3 │ t-2,t-1 │  t=0 │ t+1,t+2 │  t+3→t+5 │        Class
[14:45:20]   ──────────────────────────── │ ───── │ ──── │ ──── │ ──── │ ──────── │ ─────── │ ──── │ ─────── │ ──────── │ ────────────
[14:45:20]   vwap_spread_tide_current     │ -2.1 │  -2 │  -6 │  +2 │      13% │     14% │  14% │     16% │      16% │       ALERTA
[14:45:20]   vwap_spread_tide_wave        │ -2.6 │  -3 │  -7 │  +1 │      12% │     12% │  14% │     12% │      12% │   EARLY WARN
[14:45:20]   kf_price_pred_val            │ -2.4 │  -2 │  -7 │  +2 │      11% │     13% │  22% │      9% │      13% │       ALERTA
[14:45:20]   kf_price_filt_vel            │ -2.1 │  -1 │  -6 │  +2 │      11% │     13% │  22% │     10% │      14% │       ALERTA
[14:45:20]   kf_conj_pred_val             │ -2.8 │  -3 │  -6 │  +1 │      12% │     13% │  10% │      9% │       9% │   EARLY WARN
[14:45:20]   kf_conj_filt_vel             │ -2.4 │  -2 │  -6 │  +1 │      10% │     14% │  12% │      9% │      10% │       ALERTA
[14:45:20]   conj_wave_tide               │ -2.4 │  -3 │  -6 │  +1 │      11% │     12% │  10% │      9% │       9% │   EARLY WARN
[14:45:20]   wave_accel                   │ -2.5 │  -2 │  -6 │  +1 │      10% │     13% │   7% │     10% │       9% │       ALERTA
[14:45:20]   vwap_spread_current_wave     │ -2.8 │  -3 │  -7 │  +1 │      10% │     10% │   9% │      9% │       8% │   EARLY WARN
[14:45:20]   tide_slope                   │ -2.4 │  -2 │  -6 │  +2 │      10% │     10% │  10% │     10% │      10% │       ALERTA
[14:45:20]   conj_wave_current            │ -2.3 │  -2 │  -6 │  +1 │      10% │     11% │   9% │     14% │       9% │       ALERTA
[14:45:20]   kf_price_innovation          │ -2.0 │  -1 │  -5 │  +1 │       9% │     11% │  12% │     18% │      11% │       ALERTA
[14:45:20]   compression_ratio            │ -1.6 │  -1 │  -5 │  +2 │       8% │     15% │  16% │     13% │      10% │       ALERTA
[14:45:20]   wave_slope                   │ -2.2 │  -2 │  -5 │  +1 │       8% │     13% │  10% │      8% │       9% │       ALERTA
[14:45:20]   current_accel                │ -2.6 │  -3 │  -7 │  +2 │       9% │      9% │   9% │      9% │       9% │   EARLY WARN
[14:45:20] 
  HEATMAP (% of LH turns where feature fires at each offset):
[14:45:20]                                 t-10 t-9  t-8  t-7  t-6  t-5  t-4  t-3  t-2  t-1  t=0  t+1  t+2  t+3  t+4  t+5
[14:45:20]                                 ──── ──── ──── ──── ──── ──── ──── ──── ──── ──── ──── ──── ──── ──── ──── ────
[14:45:20]   vwap_spread_tide_current        ▓12   ▓12   ▓12   ▓12   ▓14   ▓14   ▓14   ▓14   ▓14   ▓14   ▓14   ▓16   ▓16   ▓16   ▓16   ▓16
[14:45:20]   vwap_spread_tide_wave           ▓14   ▓14   ▓12   ▓12   ▓12   ▓12   ▓12   ▓12   ▓12   ▓12   ▓14   ▓12   ▓12   ▓12   ▓12   ▓12
[14:45:20]   kf_price_pred_val               ▓14   ▒9   ▓19   ▒9   ▓10   ▓12   ░3   ▓12   ▓14   ▓12   █22   ▒9   ▓10   ▓16   ▓16   ▒9
[14:45:20]   kf_price_filt_vel               ▒9   ▓10   ▓17   ▒7   ▓14   ▓12   ▒9   ▓10   ▓10   ▓16   █22   ▒9   ▓12   ▓19   ▓10   ▓14
[14:45:20]   kf_conj_pred_val                ▒7   ▓10   ▓12   ▓10   ▓14   ▓14   ▓14   ▓14   ▓14   ▓12   ▓10   ▒9   ▓10   ▒9   ▒9   ▒9
[14:45:20] ══════════════════════════════════════════════════════════════════════════════════════════
[14:45:20]   CROSS-TICKER TEMPORAL SUMMARY
[14:45:20] ══════════════════════════════════════════════════════════════════════════════════════════
[14:45:20]   For each feature: median offset across all tickers (where it fired ≥3 times)
[14:45:20] 
  ── LL ──
[14:45:20]   Feature                      │ #Tickers │ Med(μ) │ Med(med) │      Range μ │ Temporal Class
[14:45:20]   ──────────────────────────── │ ──────── │ ────── │ ──────── │ ──────────── │ ──────────────
[14:45:20]   current_slope                │       17 │  -1.2 │    +0.0 │  -2.9..+2.4 │    ★ DETECTION
[14:45:20]   conj_wave_tide               │       17 │  -1.1 │    +0.0 │  -2.4..-0.1 │    ★ DETECTION
[14:45:20]   kf_conj_pred_val             │       17 │  -1.2 │    +0.0 │  -2.3..-0.3 │    ★ DETECTION
[14:45:20]   sigma_tide                   │       17 │  -1.7 │    -1.0 │  -2.5..-0.7 │         ALERTA
[14:45:20]   vwap_sigma_tide              │       17 │  -1.8 │    -1.0 │  -2.2..-0.7 │         ALERTA
[14:45:20]   wave_slope                   │       17 │  -1.4 │    -1.0 │  -2.1..-0.4 │         ALERTA
[14:45:20]   tide_accel                   │       17 │  -1.7 │    -1.0 │  -2.4..-0.1 │         ALERTA
[14:45:20]   wave_accel                   │       17 │  -2.2 │    -1.0 │  -3.0..-0.6 │         ALERTA
[14:45:20]   conj_current_tide            │       17 │  -1.5 │    -1.0 │  -3.1..+3.3 │         ALERTA
[14:45:20]   conj_wave_current            │       17 │  -1.8 │    -1.0 │  -2.6..-0.9 │         ALERTA
[14:45:20]   vwap_spread_current_wave     │       17 │  -1.7 │    -1.0 │  -4.1..+0.8 │         ALERTA
[14:45:20]   kf_price_pred_val            │       17 │  -1.9 │    -1.0 │  -2.3..-1.0 │         ALERTA
[14:45:20]   kf_price_filt_vel            │       17 │  -1.6 │    -1.0 │  -2.0..-0.6 │         ALERTA
[14:45:20]   kf_price_innovation          │       17 │  -1.8 │    -1.0 │  -2.4..-0.9 │         ALERTA
[14:45:20]   kf_rsi_filt_vel              │       17 │  -1.6 │    -1.0 │  -3.5..-0.6 │         ALERTA
[14:45:20]   kf_tension_filt_vel          │       17 │  -1.8 │    -1.0 │  -2.9..-0.5 │         ALERTA
[14:45:20]   current_accel                │       17 │  -2.1 │    -1.5 │  -2.6..-0.9 │         ALERTA
[14:45:20]   tension_current              │       17 │  -1.1 │    +1.5 │  -5.9..+3.4 │   CONFIRMATION
[14:45:20]   fear_level                   │       12 │  -1.9 │    -1.5 │  -2.5..-0.6 │         ALERTA
[14:45:20]   kf_conj_filt_vel             │       17 │  -2.2 │    -1.5 │  -2.9..-0.3 │         ALERTA
[14:45:20] 
  ── HL ──
[14:45:20]   Feature                      │ #Tickers │ Med(μ) │ Med(med) │      Range μ │ Temporal Class
[14:45:20]   ──────────────────────────── │ ──────── │ ────── │ ──────── │ ──────────── │ ──────────────
[14:45:20]   sigma_wave                   │       17 │  -2.4 │    -1.0 │  -3.9..+0.0 │         ALERTA
[14:45:20]   compression_ratio            │       17 │  -1.7 │    -1.0 │  -3.2..-0.9 │         ALERTA
[14:45:20]   kf_price_pred_val            │       17 │  -2.0 │    -1.0 │  -2.7..-0.8 │         ALERTA
[14:45:20]   kf_price_innovation          │       17 │  -2.1 │    -1.0 │  -3.1..-0.7 │         ALERTA
[14:45:20]   kf_price_filt_vel            │       17 │  -2.1 │    -1.5 │  -2.7..-0.4 │         ALERTA
[14:45:20]   sigma_current                │       17 │  -3.0 │    -2.0 │  -4.4..-2.4 │         ALERTA
[14:45:20]   vwap_sigma_wave              │       17 │  -2.9 │    -2.0 │  -4.2..-1.1 │         ALERTA
[14:45:20]   wave_accel                   │       17 │  -2.4 │    -2.0 │  -3.4..-0.6 │         ALERTA
[14:45:20]   conj_wave_current            │       17 │  -2.5 │    -2.0 │  -4.6..-0.8 │         ALERTA
[14:45:20]   tension_tide                 │       17 │  -2.3 │    -2.0 │  -3.9..-1.3 │         ALERTA
[14:45:20]   tension_wave                 │       17 │  -2.7 │    -2.0 │  -6.1..+1.6 │         ALERTA
[14:45:20]   fear_level                   │       12 │  -2.5 │    -2.0 │  -3.5..-1.1 │         ALERTA
[14:45:20]   kf_rsi_filt_vel              │       17 │  -1.8 │    -2.0 │  -2.8..+0.2 │         ALERTA
[14:45:20]   kf_tension_pred_val          │       17 │  -2.3 │    -2.0 │  -3.0..-1.8 │         ALERTA
[14:45:20]   kf_tension_filt_vel          │       17 │  -2.4 │    -2.0 │  -3.0..-0.2 │         ALERTA
[14:45:20]   kf_conj_filt_vel             │       17 │  -2.2 │    -2.0 │  -3.4..-1.4 │         ALERTA
[14:45:20]   kf_rvol_pred_val             │       17 │  -2.5 │    -2.0 │  -3.4..-0.6 │         ALERTA
[14:45:20]   kf_rvol_filt_vel             │       17 │  -2.0 │    -2.0 │  -3.5..-0.8 │         ALERTA
[14:45:20]   sigma_tide                   │       17 │  -3.1 │    -2.5 │  -5.7..-2.0 │         ALERTA
[14:45:20]   vwap_sigma_current           │       17 │  -3.3 │    -2.5 │  -4.6..-2.3 │         ALERTA
[14:45:20] 
  ── HH ──
[14:45:20]   Feature                      │ #Tickers │ Med(μ) │ Med(med) │      Range μ │ Temporal Class
[14:45:20]   ──────────────────────────── │ ──────── │ ────── │ ──────── │ ──────────── │ ──────────────
[14:45:20]   sigma_current                │       17 │  -1.3 │    +0.0 │  -2.9..+0.3 │    ★ DETECTION
[14:45:20]   sigma_wave                   │       17 │  -0.7 │    +0.0 │  -2.2..+1.8 │    ★ DETECTION
[14:45:20]   tension_current              │       17 │  -1.2 │    +0.0 │  -2.2..+1.9 │    ★ DETECTION
[14:45:20]   kf_tension_filt_vel          │       17 │  -0.6 │    +0.0 │  -2.2..+0.5 │    ★ DETECTION
[14:45:20]   kf_rvol_pred_val             │       17 │  -1.3 │    +0.0 │  -3.6..+0.7 │    ★ DETECTION
[14:45:20]   kf_rvol_filt_vel             │       17 │  -1.3 │    +0.0 │  -3.3..+0.1 │    ★ DETECTION
[14:45:20]   kf_price_filt_vel            │       17 │  -1.7 │    -0.5 │  -2.7..-0.5 │    ★ DETECTION
[14:45:20]   tension_wave                 │       16 │  -0.6 │    +1.0 │  -4.8..+0.3 │   CONFIRMATION
[14:45:20]   kf_price_pred_val            │       17 │  -2.0 │    -1.0 │  -2.4..-0.6 │         ALERTA
[14:45:20]   vwap_sigma_wave              │       17 │  -3.2 │    -2.0 │  -4.7..+1.9 │         ALERTA
[14:45:20]   current_slope                │       17 │  -2.4 │    -2.0 │  -4.2..-1.4 │         ALERTA
[14:45:20]   wave_slope                   │       17 │  -2.4 │    -2.0 │  -3.7..-0.4 │         ALERTA
[14:45:20]   tide_accel                   │       17 │  -2.5 │    -2.0 │  -4.0..-1.4 │         ALERTA
[14:45:20]   wave_accel                   │       17 │  -2.4 │    -2.0 │  -3.5..-0.2 │         ALERTA
[14:45:20]   conj_wave_tide               │       17 │  -2.4 │    -2.0 │  -3.6..+0.1 │         ALERTA
[14:45:20]   conj_current_tide            │       17 │  -2.2 │    -2.0 │  -3.3..-1.2 │         ALERTA
[14:45:20]   conj_wave_current            │       17 │  -2.3 │    -2.0 │  -3.4..-0.9 │         ALERTA
[14:45:20]   tension_tide                 │       17 │  -2.3 │    -2.0 │  -5.0..+0.2 │         ALERTA
[14:45:20]   vwap_spread_tide_current     │       17 │  -2.5 │    -2.0 │  -3.0..-1.0 │         ALERTA
[14:45:20]   compression_ratio            │       17 │  -2.2 │    -2.0 │  -3.2..+0.7 │         ALERTA
[14:45:20] 
  ── LH ──
[14:45:20]   Feature                      │ #Tickers │ Med(μ) │ Med(med) │      Range μ │ Temporal Class
[14:45:20]   ──────────────────────────── │ ──────── │ ────── │ ──────── │ ──────────── │ ──────────────
[14:45:21]   kf_price_innovation          │       17 │  -2.0 │    -1.0 │  -2.5..-1.0 │         ALERTA
[14:45:21]   kf_rvol_filt_vel             │       17 │  -2.1 │    -1.5 │  -3.4..-0.5 │         ALERTA
[14:45:21]   vwap_sigma_tide              │       17 │  -2.1 │    -2.0 │  -2.9..+0.2 │         ALERTA
[14:45:21]   current_slope                │       17 │  -2.1 │    -2.0 │  -2.8..-0.9 │         ALERTA
[14:45:21]   wave_slope                   │       17 │  -2.2 │    -2.0 │  -3.9..-1.5 │         ALERTA
[14:45:21]   tide_accel                   │       17 │  -2.1 │    -2.0 │  -6.9..-0.2 │         ALERTA
[14:45:21]   current_accel                │       17 │  -2.2 │    -2.0 │  -3.3..-1.0 │         ALERTA
[14:45:21]   conj_wave_tide               │       17 │  -2.3 │    -2.0 │  -4.1..-1.1 │         ALERTA
[14:45:21]   conj_current_tide            │       17 │  -2.2 │    -2.0 │  -3.3..+0.5 │         ALERTA
[14:45:21]   conj_wave_current            │       17 │  -2.2 │    -2.0 │  -3.4..-1.2 │         ALERTA
[14:45:21]   vwap_spread_tide_wave        │       16 │  -2.2 │    -2.0 │  -3.0..+1.6 │         ALERTA
[14:45:21]   vwap_spread_current_wave     │       17 │  -2.1 │    -2.0 │  -2.9..+3.0 │         ALERTA
[14:45:21]   compression_ratio            │       17 │  -2.1 │    -2.0 │  -2.8..-1.2 │         ALERTA
[14:45:21]   kf_price_pred_val            │       17 │  -2.1 │    -2.0 │  -2.8..-1.0 │         ALERTA
[14:45:21]   kf_price_filt_vel            │       17 │  -2.0 │    -2.0 │  -2.6..-0.5 │         ALERTA
[14:45:21]   kf_rsi_filt_vel              │       17 │  -2.7 │    -2.0 │  -4.6..-1.4 │         ALERTA
[14:45:21]   kf_conj_pred_val             │       17 │  -2.2 │    -2.0 │  -4.2..-1.5 │         ALERTA
[14:45:21]   kf_conj_filt_vel             │       17 │  -2.2 │    -2.0 │  -4.1..-1.1 │         ALERTA
[14:45:21]   kf_rvol_pred_val             │       17 │  -2.7 │    -2.0 │  -4.8..-0.6 │         ALERTA
[14:45:21]   vwap_spread_tide_current     │       16 │  -2.5 │    -2.2 │  -8.5..-1.1 │         ALERTA
[14:45:21] 
  COMPLETE in 13s (0.2min)