ticker,archetype,feature,n_turns,det_rate,alert_rate,combined_rate,base_rate,lift,mean_z_at_turn
AAPL,LL,vwap_sigma_current,159,0.22641509433962265,0.1509433962264151,0.2389937106918239,0.01,23.89937106918239,-1.470696259929033
AAPL,LL,conj_current_tide,159,0.15723270440251572,0.16352201257861634,0.16352201257861634,0.008,20.440251572327043,-0.4833853341172109
AAPL,LL,kf_price_filt_vel,159,0.12578616352201258,0.11949685534591195,0.22012578616352202,0.012,18.343815513626833,-0.8538174675945498
AAPL,LL,current_accel,159,0.1509433962264151,0.14465408805031446,0.1949685534591195,0.012,16.247379454926627,-0.9795182846403375
AAPL,LL,vwap_sigma_wave,159,0.1949685534591195,0.14465408805031446,0.25157232704402516,0.02,12.578616352201257,-1.6124847376254883
AAPL,LL,conj_wave_current,159,0.11320754716981132,0.11320754716981132,0.12578616352201258,0.01,12.578616352201257,-0.7051988778828548
AAPL,LL,vwap_sigma_tide,159,0.16352201257861634,0.1069182389937107,0.16352201257861634,0.014,11.680143755615452,-0.9916478871540997
AAPL,LL,kf_price_pred_val,159,0.20754716981132076,0.14465408805031446,0.2578616352201258,0.024,10.744234800838575,-1.4504789400968399
AAPL,LL,wave_accel,159,0.14465408805031446,0.11949685534591195,0.18238993710691823,0.02,9.119496855345911,-1.073180497859862
AAPL,LL,kf_price_innovation,159,0.07547169811320754,0.1320754716981132,0.16352201257861634,0.018,9.084556254367575,-0.38897145211889206
AAPL,LL,kf_conj_pred_val,159,0.0880503144654088,0.10062893081761007,0.1069182389937107,0.012,8.90985324947589,-0.920240362257023
AAPL,LL,conj_wave_tide,159,0.09433962264150944,0.09433962264150944,0.10062893081761007,0.012,8.385744234800839,-0.8844430414411083
AAPL,LL,vwap_spread_tide_current,159,0.0880503144654088,0.09433962264150944,0.10062893081761007,0.012,8.385744234800839,0.2225100321302129
AAPL,LL,vwap_spread_current_wave,159,0.11320754716981132,0.10062893081761007,0.11949685534591195,0.016,7.468553459119497,0.5538307269730294
AAPL,LL,sigma_current,159,0.15723270440251572,0.07547169811320754,0.16352201257861634,0.022,7.43281875357347,-1.207710693564984
AAPL,LL,kf_rvol_filt_vel,159,0.07547169811320754,0.14465408805031446,0.20754716981132076,0.028,7.412398921832884,0.5206355277810363
AAPL,LL,kf_conj_filt_vel,159,0.10062893081761007,0.11320754716981132,0.1320754716981132,0.018,7.337526205450734,-0.8370557543020266
AAPL,LL,kf_rvol_pred_val,159,0.11320754716981132,0.0880503144654088,0.15723270440251572,0.022,7.14694110920526,0.6037292216581285
AAPL,LL,current_slope,159,0.1069182389937107,0.11320754716981132,0.11320754716981132,0.016,7.0754716981132075,-0.5470697368567481
AAPL,LL,tide_slope,159,0.10062893081761007,0.10062893081761007,0.10062893081761007,0.016,6.289308176100629,-0.13167548313297964
AAPL,LL,kf_rsi_filt_vel,159,0.10062893081761007,0.05660377358490566,0.11320754716981132,0.018,6.289308176100629,-0.9970532052742699
AAPL,LL,vwap_spread_tide_wave,159,0.07547169811320754,0.08176100628930817,0.0880503144654088,0.014,6.289308176100628,0.34415579325539375
AAPL,LL,wave_slope,159,0.09433962264150944,0.0880503144654088,0.09433962264150944,0.018,5.241090146750525,-0.9548045245539459
AAPL,LL,sigma_tide,159,0.20754716981132076,0.12578616352201258,0.2138364779874214,0.042,5.091344713986223,-1.165940925099636
AAPL,LL,kf_tension_filt_vel,159,0.1509433962264151,0.09433962264150944,0.15723270440251572,0.032,4.913522012578616,-0.7329847921859431
AAPL,LL,kf_rsi_pred_val,159,0.18238993710691823,0.10062893081761007,0.18238993710691823,0.044,4.145225843339051,-1.5259064189456144
AAPL,LL,kf_tension_pred_val,159,0.09433962264150944,0.08176100628930817,0.11949685534591195,0.03,3.9832285115303985,-0.31008435978860815
AAPL,LL,tide_accel,159,0.09433962264150944,0.08176100628930817,0.09433962264150944,0.024,3.9308176100628933,-0.7525507444293134
AAPL,LL,sigma_wave,159,0.07547169811320754,0.06289308176100629,0.10062893081761007,0.026,3.8703434929850027,-1.0916980037893114
AAPL,LL,tension_tide,159,0.09433962264150944,0.07547169811320754,0.11320754716981132,0.034,3.329633740288568,-0.2899863089452412
AAPL,LL,rsi_value,159,0.1949685534591195,0.13836477987421383,0.1949685534591195,0.06,3.2494758909853254,-1.5543018712903052
AAPL,LL,compression_ratio,159,0.06289308176100629,0.06918238993710692,0.07547169811320754,0.026,2.9027576197387517,0.12710317283592076
AAPL,LL,tension_current,159,0.03773584905660377,0.0440251572327044,0.050314465408805034,0.028,1.7969451931716083,0.2070700298885071
AAPL,LL,tension_wave,159,0.0,0.012578616352201259,0.012578616352201259,0.008,1.5723270440251573,0.5620221408103446
AAPL,LL,fear_level,159,0.0,0.0,0.0,0.0,0.0,0.7857489446596878
AAPL,HL,kf_price_filt_vel,185,0.1783783783783784,0.12972972972972974,0.22702702702702704,0.012,18.91891891891892,-1.103468224240154
AAPL,HL,kf_rsi_filt_vel,185,0.1891891891891892,0.15135135135135136,0.23783783783783785,0.018,13.213213213213216,-1.2769761146662126
AAPL,HL,conj_current_tide,185,0.07027027027027027,0.08108108108108109,0.08108108108108109,0.008,10.135135135135135,0.08807110048736513
AAPL,HL,kf_price_innovation,185,0.03783783783783784,0.15135135135135136,0.17297297297297298,0.018,9.609609609609612,-0.4361083138472853
AAPL,HL,tension_wave,185,0.03783783783783784,0.05945945945945946,0.07567567567567568,0.008,9.45945945945946,-0.2673392705066164
AAPL,HL,kf_price_pred_val,185,0.16756756756756758,0.11351351351351352,0.22162162162162163,0.024,9.234234234234235,-1.3260309474281393
AAPL,HL,vwap_spread_tide_current,185,0.0972972972972973,0.0972972972972973,0.0972972972972973,0.012,8.108108108108109,-0.06594406075315538
AAPL,HL,vwap_spread_tide_wave,185,0.10810810810810811,0.10810810810810811,0.11351351351351352,0.014,8.108108108108109,-0.10176004270165576
AAPL,HL,sigma_current,185,0.12972972972972974,0.10810810810810811,0.16756756756756758,0.022,7.616707616707617,-0.7789496265388247
AAPL,HL,conj_wave_current,185,0.04864864864864865,0.07027027027027027,0.07567567567567568,0.01,7.5675675675675675,0.0908327052537117
AAPL,HL,tide_slope,185,0.11891891891891893,0.11891891891891893,0.11891891891891893,0.016,7.4324324324324325,0.036429095359815616
AAPL,HL,current_accel,185,0.06486486486486487,0.07027027027027027,0.08648648648648649,0.012,7.207207207207207,-0.3266195639483738
AAPL,HL,vwap_spread_current_wave,185,0.10270270270270271,0.11351351351351352,0.11351351351351352,0.016,7.094594594594595,-0.1288648891258661
AAPL,HL,kf_tension_filt_vel,185,0.1837837837837838,0.14054054054054055,0.22162162162162163,0.032,6.925675675675676,-1.0883522893599273
AAPL,HL,wave_accel,185,0.043243243243243246,0.10810810810810811,0.12972972972972974,0.02,6.486486486486487,-0.507260453088806
AAPL,HL,sigma_wave,185,0.10810810810810811,0.10270270270270271,0.16756756756756758,0.026,6.4449064449064455,-1.0102466303022828
AAPL,HL,conj_wave_tide,185,0.04864864864864865,0.07027027027027027,0.07027027027027027,0.012,5.855855855855856,0.1320182029108249
AAPL,HL,compression_ratio,185,0.12972972972972974,0.12432432432432433,0.14594594594594595,0.026,5.613305613305614,0.3520517585972366
AAPL,HL,kf_conj_filt_vel,185,0.07567567567567568,0.08648648648648649,0.0972972972972973,0.018,5.405405405405406,-0.11065403075253946
AAPL,HL,kf_rvol_pred_val,185,0.03783783783783784,0.10270270270270271,0.11891891891891893,0.022,5.405405405405406,0.20001224606467513
AAPL,HL,kf_conj_pred_val,185,0.04864864864864865,0.05945945945945946,0.06486486486486487,0.012,5.405405405405405,0.14244344392314692
AAPL,HL,kf_rvol_filt_vel,185,0.07567567567567568,0.11351351351351352,0.14594594594594595,0.028,5.212355212355212,0.13552232886000254
AAPL,HL,current_slope,185,0.05945945945945946,0.07567567567567568,0.07567567567567568,0.016,4.72972972972973,0.10590634642058659
AAPL,HL,tension_current,185,0.08108108108108109,0.08648648648648649,0.11891891891891893,0.028,4.2471042471042475,-0.35253906356354975
AAPL,HL,wave_slope,185,0.043243243243243246,0.06486486486486487,0.06486486486486487,0.018,3.603603603603604,0.1485943318591349
AAPL,HL,tide_accel,185,0.05405405405405406,0.08648648648648649,0.08648648648648649,0.024,3.6036036036036037,-0.1095555619587912
AAPL,HL,vwap_sigma_current,185,0.016216216216216217,0.016216216216216217,0.02702702702702703,0.01,2.7027027027027026,-0.45973210047876745
AAPL,HL,vwap_sigma_wave,185,0.03783783783783784,0.02702702702702703,0.05405405405405406,0.02,2.7027027027027026,-0.7239705379584421
AAPL,HL,kf_tension_pred_val,185,0.05945945945945946,0.04864864864864865,0.07027027027027027,0.03,2.3423423423423424,-0.10943012117834248
AAPL,HL,tension_tide,185,0.05405405405405406,0.043243243243243246,0.05945945945945946,0.034,1.7488076311605723,-0.07884508744103652
AAPL,HL,vwap_sigma_tide,185,0.016216216216216217,0.016216216216216217,0.016216216216216217,0.014,1.1583011583011584,-0.22333582096565674
AAPL,HL,kf_rsi_pred_val,185,0.02702702702702703,0.03783783783783784,0.04864864864864865,0.044,1.1056511056511058,-0.71734619460875
AAPL,HL,sigma_tide,185,0.021621621621621623,0.021621621621621623,0.03783783783783784,0.042,0.9009009009009009,-0.2750225256425416
AAPL,HL,rsi_value,185,0.016216216216216217,0.016216216216216217,0.02702702702702703,0.06,0.4504504504504505,-0.7213657205279461
AAPL,HL,fear_level,185,0.0,0.0,0.0,0.0,0.0,-0.020241838088209146
AAPL,HH,kf_price_filt_vel,180,0.16666666666666666,0.12222222222222222,0.22777777777777777,0.012,18.98148148148148,0.7981944166175279
AAPL,HH,current_accel,180,0.12222222222222222,0.1111111111111111,0.1388888888888889,0.012,11.574074074074074,0.7600784068001728
AAPL,HH,kf_price_pred_val,180,0.21666666666666667,0.15,0.2611111111111111,0.024,10.87962962962963,1.2565717450641476
AAPL,HH,conj_current_tide,180,0.07777777777777778,0.08333333333333333,0.08333333333333333,0.008,10.416666666666666,0.21991955321653756
AAPL,HH,vwap_spread_tide_current,180,0.10555555555555556,0.10555555555555556,0.10555555555555556,0.012,8.796296296296296,-0.049768586547805506
AAPL,HH,vwap_spread_tide_wave,180,0.1111111111111111,0.12222222222222222,0.12222222222222222,0.014,8.73015873015873,-0.1127355868683554
AAPL,HH,tide_slope,180,0.12777777777777777,0.1388888888888889,0.1388888888888889,0.016,8.680555555555555,0.010022511349408939
AAPL,HH,kf_price_innovation,180,0.06666666666666667,0.1,0.15555555555555556,0.018,8.641975308641976,0.34357660330278383
AAPL,HH,wave_accel,180,0.14444444444444443,0.1111111111111111,0.17222222222222222,0.02,8.61111111111111,0.9804620237111326
AAPL,HH,kf_rvol_pred_val,180,0.14444444444444443,0.07777777777777778,0.18333333333333332,0.022,8.333333333333334,0.7202003857815826
AAPL,HH,conj_wave_current,180,0.06666666666666667,0.06666666666666667,0.07222222222222222,0.01,7.222222222222221,0.37412747549476977
AAPL,HH,kf_rvol_filt_vel,180,0.13333333333333333,0.10555555555555556,0.2,0.028,7.142857142857143,0.6155474108184147
AAPL,HH,kf_conj_filt_vel,180,0.09444444444444444,0.1,0.11666666666666667,0.018,6.481481481481482,0.7045177067993432
AAPL,HH,sigma_wave,180,0.13333333333333333,0.07222222222222222,0.15555555555555556,0.026,5.982905982905983,1.0957840074158396
AAPL,HH,kf_rsi_filt_vel,180,0.08333333333333333,0.05555555555555555,0.10555555555555556,0.018,5.864197530864198,0.9505598404291956
AAPL,HH,sigma_current,180,0.1,0.06666666666666667,0.12222222222222222,0.022,5.555555555555555,1.1118177877164568
AAPL,HH,conj_wave_tide,180,0.05555555555555555,0.06111111111111111,0.06666666666666667,0.012,5.555555555555555,0.4436056616504218
AAPL,HH,kf_tension_filt_vel,180,0.1388888888888889,0.12222222222222222,0.17777777777777778,0.032,5.555555555555555,0.8766138844401274
AAPL,HH,kf_conj_pred_val,180,0.05555555555555555,0.06666666666666667,0.06666666666666667,0.012,5.555555555555555,0.476175616503858
AAPL,HH,vwap_spread_current_wave,180,0.08333333333333333,0.08333333333333333,0.08333333333333333,0.016,5.208333333333333,-0.21683722412730705
AAPL,HH,wave_slope,180,0.07777777777777778,0.07222222222222222,0.08888888888888889,0.018,4.938271604938272,0.45861273620147924
AAPL,HH,tension_wave,180,0.011111111111111112,0.027777777777777776,0.03333333333333333,0.008,4.166666666666667,-0.05068564422474632
AAPL,HH,compression_ratio,180,0.1,0.07222222222222222,0.10555555555555556,0.026,4.05982905982906,0.08201124169774975
AAPL,HH,tide_accel,180,0.08333333333333333,0.07777777777777778,0.09444444444444444,0.024,3.935185185185185,0.4483014976903334
AAPL,HH,current_slope,180,0.06111111111111111,0.05,0.06111111111111111,0.016,3.819444444444444,0.22389925689857698
AAPL,HH,tension_current,180,0.07777777777777778,0.08333333333333333,0.09444444444444444,0.028,3.373015873015873,0.2220897117689214
AAPL,HH,kf_tension_pred_val,180,0.07777777777777778,0.06666666666666667,0.08333333333333333,0.03,2.7777777777777777,0.4782777569653322
AAPL,HH,tension_tide,180,0.07777777777777778,0.06666666666666667,0.08333333333333333,0.034,2.4509803921568625,0.45477037999088715
AAPL,HH,vwap_sigma_current,180,0.016666666666666666,0.005555555555555556,0.022222222222222223,0.01,2.2222222222222223,0.9388750473844987
AAPL,HH,kf_rsi_pred_val,180,0.07222222222222222,0.05555555555555555,0.08333333333333333,0.044,1.893939393939394,1.0838740774725095
AAPL,HH,sigma_tide,180,0.05,0.027777777777777776,0.06111111111111111,0.042,1.455026455026455,0.8245342753406951
AAPL,HH,rsi_value,180,0.06666666666666667,0.05555555555555555,0.07777777777777778,0.06,1.2962962962962963,1.1041046382277035
AAPL,HH,vwap_sigma_wave,180,0.016666666666666666,0.005555555555555556,0.022222222222222223,0.02,1.1111111111111112,1.1176135515508991
AAPL,HH,vwap_sigma_tide,180,0.005555555555555556,0.011111111111111112,0.011111111111111112,0.014,0.7936507936507937,0.44843883940991697
AAPL,HH,fear_level,180,0.0,0.0,0.0,0.0,0.0,-0.3627738352529216
AAPL,LH,kf_price_filt_vel,164,0.21341463414634146,0.2073170731707317,0.35365853658536583,0.012,29.471544715447152,1.2055023848957673
AAPL,LH,kf_price_innovation,164,0.1524390243902439,0.23780487804878048,0.32926829268292684,0.018,18.292682926829272,0.6045480366410397
AAPL,LH,conj_current_tide,164,0.1402439024390244,0.1402439024390244,0.14634146341463414,0.008,18.29268292682927,-0.3509025632241768
AAPL,LH,tension_wave,164,0.12195121951219512,0.09146341463414634,0.1402439024390244,0.008,17.53048780487805,0.7443752487408626
AAPL,LH,kf_price_pred_val,164,0.1524390243902439,0.1951219512195122,0.27439024390243905,0.024,11.432926829268293,1.2649091010057572
AAPL,LH,conj_wave_current,164,0.08536585365853659,0.09146341463414634,0.0975609756097561,0.01,9.75609756097561,-0.4593309588262552
AAPL,LH,current_accel,164,0.07317073170731707,0.10365853658536585,0.11585365853658537,0.012,9.654471544715447,-0.1373676955632836
AAPL,LH,kf_conj_pred_val,164,0.09146341463414634,0.0975609756097561,0.10365853658536585,0.012,8.63821138211382,-0.6209357024112552
AAPL,LH,wave_accel,164,0.07926829268292683,0.14634146341463414,0.16463414634146342,0.02,8.231707317073171,0.1253724444209248
AAPL,LH,conj_wave_tide,164,0.08536585365853659,0.0975609756097561,0.0975609756097561,0.012,8.130081300813009,-0.601360840030448
AAPL,LH,vwap_spread_current_wave,164,0.10975609756097561,0.12195121951219512,0.12804878048780488,0.016,8.003048780487806,0.3688887316435057
AAPL,LH,current_slope,164,0.11585365853658537,0.11585365853658537,0.12195121951219512,0.016,7.621951219512195,-0.37996464486328235
AAPL,LH,kf_conj_filt_vel,164,0.11585365853658537,0.11585365853658537,0.13414634146341464,0.018,7.452574525745258,-0.18546692648157856
AAPL,LH,vwap_spread_tide_current,164,0.07926829268292683,0.08536585365853659,0.08536585365853659,0.012,7.1138211382113825,0.121127428689773
AAPL,LH,tide_slope,164,0.0975609756097561,0.0975609756097561,0.0975609756097561,0.016,6.097560975609756,-0.06132160626908797
AAPL,LH,kf_rsi_filt_vel,164,0.07926829268292683,0.054878048780487805,0.10365853658536585,0.018,5.758807588075881,0.9792999492543294
AAPL,LH,vwap_sigma_tide,164,0.024390243902439025,0.07926829268292683,0.07926829268292683,0.014,5.662020905923345,-0.3376936485918695
AAPL,LH,vwap_spread_tide_wave,164,0.07926829268292683,0.07926829268292683,0.07926829268292683,0.014,5.662020905923345,0.20117923192235673
AAPL,LH,vwap_sigma_current,164,0.0,0.054878048780487805,0.054878048780487805,0.01,5.48780487804878,-0.23987013031824947
AAPL,LH,wave_slope,164,0.07926829268292683,0.09146341463414634,0.09146341463414634,0.018,5.081300813008131,-0.6389880786708653
AAPL,LH,compression_ratio,164,0.10365853658536585,0.11585365853658537,0.11585365853658537,0.026,4.455909943714822,0.32899491689073884
AAPL,LH,kf_rvol_pred_val,164,0.042682926829268296,0.06707317073170732,0.0975609756097561,0.022,4.434589800443459,0.05384502723593577
AAPL,LH,kf_tension_filt_vel,164,0.07926829268292683,0.10365853658536585,0.1402439024390244,0.032,4.382621951219512,0.6644731381439724
AAPL,LH,tide_accel,164,0.0975609756097561,0.0975609756097561,0.10365853658536585,0.024,4.31910569105691,-0.20581922549495052
AAPL,LH,sigma_current,164,0.024390243902439025,0.06097560975609756,0.07926829268292683,0.022,3.603104212860311,0.18037344482137393
AAPL,LH,tension_current,164,0.07926829268292683,0.07317073170731707,0.0975609756097561,0.028,3.4843205574912894,0.42601626271629134
AAPL,LH,sigma_wave,164,0.04878048780487805,0.042682926829268296,0.08536585365853659,0.026,3.283302063789869,0.6902412554062389
AAPL,LH,kf_rvol_filt_vel,164,0.04878048780487805,0.04878048780487805,0.07926829268292683,0.028,2.8310104529616726,0.08815114375886274
AAPL,LH,vwap_sigma_wave,164,0.0,0.04878048780487805,0.04878048780487805,0.02,2.4390243902439024,-0.05336022574641331
AAPL,LH,kf_tension_pred_val,164,0.036585365853658534,0.06097560975609756,0.06707317073170732,0.03,2.2357723577235773,0.05352261084707071
AAPL,LH,tension_tide,164,0.036585365853658534,0.07317073170731707,0.07317073170731707,0.034,2.152080344332855,0.044193810699302
AAPL,LH,sigma_tide,164,0.024390243902439025,0.07926829268292683,0.07926829268292683,0.042,1.8873403019744481,-0.26574329157783333
AAPL,LH,kf_rsi_pred_val,164,0.006097560975609756,0.06097560975609756,0.06097560975609756,0.044,1.3858093126385809,-0.09900845898431518
AAPL,LH,rsi_value,164,0.012195121951219513,0.054878048780487805,0.054878048780487805,0.06,0.9146341463414634,-0.11574703893878964
AAPL,LH,fear_level,164,0.0,0.0,0.0,0.0,0.0,0.49929879989004905
AMZN,LL,vwap_sigma_current,66,0.48484848484848486,0.25757575757575757,0.5,0.014,35.714285714285715,-1.8871129131176654
AMZN,LL,vwap_sigma_wave,66,0.3333333333333333,0.24242424242424243,0.3939393939393939,0.016,24.62121212121212,-1.8343884906793544
AMZN,LL,kf_price_pred_val,66,0.24242424242424243,0.2727272727272727,0.42424242424242425,0.018,23.56902356902357,-1.591482927961462
AMZN,LL,kf_price_filt_vel,66,0.15151515151515152,0.15151515151515152,0.2727272727272727,0.012,22.727272727272727,-0.9043544153854247
AMZN,LL,kf_price_innovation,66,0.13636363636363635,0.21212121212121213,0.2727272727272727,0.012,22.727272727272727,-0.3887384254722269
AMZN,LL,sigma_tide,66,0.3787878787878788,0.24242424242424243,0.3787878787878788,0.018,21.043771043771045,-1.5892479758892615
AMZN,LL,vwap_sigma_tide,66,0.2878787878787879,0.18181818181818182,0.2878787878787879,0.016,17.992424242424242,-1.4252009997491546
AMZN,LL,kf_tension_pred_val,66,0.18181818181818182,0.19696969696969696,0.21212121212121213,0.012,17.67676767676768,-0.5819821288917026
AMZN,LL,rsi_value,66,0.3333333333333333,0.16666666666666666,0.3333333333333333,0.024,13.888888888888888,-1.835634420810567
AMZN,LL,tension_tide,66,0.15151515151515152,0.18181818181818182,0.18181818181818182,0.014,12.987012987012987,-0.5497827362372345
AMZN,LL,kf_tension_filt_vel,66,0.12121212121212122,0.12121212121212122,0.16666666666666666,0.016,10.416666666666666,-0.7857744662970135
AMZN,LL,current_accel,66,0.24242424242424243,0.19696969696969696,0.2878787878787879,0.028,10.281385281385282,-1.376608472784372
AMZN,LL,wave_accel,66,0.24242424242424243,0.18181818181818182,0.2878787878787879,0.028,10.281385281385282,-1.3025524107705915
AMZN,LL,conj_wave_tide,66,0.18181818181818182,0.15151515151515152,0.19696969696969696,0.02,9.848484848484848,-1.068242105235298
AMZN,LL,kf_conj_pred_val,66,0.21212121212121213,0.15151515151515152,0.21212121212121213,0.024,8.83838383838384,-1.10306555331127
AMZN,LL,kf_rsi_pred_val,66,0.25757575757575757,0.12121212121212122,0.25757575757575757,0.03,8.585858585858587,-1.761215733604414
AMZN,LL,sigma_wave,66,0.10606060606060606,0.09090909090909091,0.18181818181818182,0.022,8.264462809917356,-1.215821570680756
AMZN,LL,fear_level,66,0.22727272727272727,0.21212121212121213,0.22727272727272727,0.028,8.116883116883116,1.0503669729118081
AMZN,LL,wave_slope,66,0.13636363636363635,0.13636363636363635,0.15151515151515152,0.02,7.575757575757576,-1.1577155275966888
AMZN,LL,conj_current_tide,66,0.13636363636363635,0.13636363636363635,0.13636363636363635,0.018,7.575757575757576,-0.7995321689780286
AMZN,LL,vwap_spread_current_wave,66,0.15151515151515152,0.12121212121212122,0.15151515151515152,0.02,7.575757575757576,0.7752597086762919
AMZN,LL,sigma_current,66,0.16666666666666666,0.16666666666666666,0.21212121212121213,0.03,7.070707070707071,-1.3485303106461446
AMZN,LL,kf_conj_filt_vel,66,0.16666666666666666,0.10606060606060606,0.18181818181818182,0.026,6.993006993006993,-0.9710411971389181
AMZN,LL,conj_wave_current,66,0.13636363636363635,0.12121212121212122,0.13636363636363635,0.02,6.8181818181818175,-0.7256009297197156
AMZN,LL,kf_rvol_pred_val,66,0.07575757575757576,0.10606060606060606,0.15151515151515152,0.026,5.827505827505828,0.5657216274897457
AMZN,LL,kf_rvol_filt_vel,66,0.09090909090909091,0.18181818181818182,0.21212121212121213,0.04,5.303030303030303,0.296152616471468
AMZN,LL,tide_slope,66,0.12121212121212122,0.12121212121212122,0.12121212121212122,0.026,4.662004662004662,-0.18852444143702782
AMZN,LL,current_slope,66,0.13636363636363635,0.13636363636363635,0.13636363636363635,0.03,4.545454545454545,-0.8789055535032744
AMZN,LL,tide_accel,66,0.10606060606060606,0.10606060606060606,0.10606060606060606,0.024,4.41919191919192,-1.0715964977169916
AMZN,LL,kf_rsi_filt_vel,66,0.06060606060606061,0.045454545454545456,0.09090909090909091,0.024,3.787878787878788,-0.9511917829634795
AMZN,LL,vwap_spread_tide_wave,66,0.12121212121212122,0.13636363636363635,0.13636363636363635,0.038,3.588516746411483,0.4558901510175272
AMZN,LL,vwap_spread_tide_current,66,0.09090909090909091,0.09090909090909091,0.10606060606060606,0.03,3.5353535353535355,0.30153414278369683
AMZN,LL,tension_wave,66,0.015151515151515152,0.030303030303030304,0.030303030303030304,0.012,2.525252525252525,0.5787565547793541
AMZN,LL,compression_ratio,66,0.07575757575757576,0.07575757575757576,0.09090909090909091,0.046,1.9762845849802373,0.23989790962704818
AMZN,LL,tension_current,66,0.015151515151515152,0.015151515151515152,0.015151515151515152,0.036,0.4208754208754209,0.41521577195633913
AMZN,HL,kf_price_filt_vel,97,0.1134020618556701,0.08247422680412371,0.15463917525773196,0.012,12.88659793814433,-0.8811042400083866
AMZN,HL,kf_tension_filt_vel,97,0.1958762886597938,0.12371134020618557,0.1958762886597938,0.016,12.242268041237113,-1.0383660271312956
AMZN,HL,kf_price_pred_val,97,0.13402061855670103,0.1134020618556701,0.21649484536082475,0.018,12.02749140893471,-1.2491597338870868
AMZN,HL,kf_price_innovation,97,0.041237113402061855,0.10309278350515463,0.13402061855670103,0.012,11.168384879725085,-0.33308433640966945
AMZN,HL,kf_rsi_filt_vel,97,0.15463917525773196,0.13402061855670103,0.1958762886597938,0.024,8.161512027491408,-1.3301584118987706
AMZN,HL,sigma_wave,97,0.14432989690721648,0.10309278350515463,0.16494845360824742,0.022,7.497656982193065,-1.2108166412837043
AMZN,HL,tension_wave,97,0.041237113402061855,0.041237113402061855,0.07216494845360824,0.012,6.013745704467353,-0.364696658249623
AMZN,HL,kf_tension_pred_val,97,0.05154639175257732,0.030927835051546393,0.07216494845360824,0.012,6.013745704467353,-0.07937705012625144
AMZN,HL,vwap_sigma_wave,97,0.08247422680412371,0.05154639175257732,0.09278350515463918,0.016,5.798969072164948,-0.8997699328026787
AMZN,HL,sigma_current,97,0.14432989690721648,0.08247422680412371,0.15463917525773196,0.03,5.154639175257732,-0.9983155453452858
AMZN,HL,conj_current_tide,97,0.09278350515463918,0.09278350515463918,0.09278350515463918,0.018,5.154639175257732,0.14139525002736678
AMZN,HL,vwap_spread_current_wave,97,0.10309278350515463,0.09278350515463918,0.10309278350515463,0.02,5.154639175257731,-0.09417709124835005
AMZN,HL,wave_accel,97,0.09278350515463918,0.08247422680412371,0.13402061855670103,0.028,4.786450662739322,-0.7608818697156345
AMZN,HL,vwap_sigma_tide,97,0.07216494845360824,0.061855670103092786,0.07216494845360824,0.016,4.5103092783505145,-0.43830615602316164
AMZN,HL,tide_slope,97,0.1134020618556701,0.1134020618556701,0.1134020618556701,0.026,4.36161776367962,-0.07971874571091421
AMZN,HL,kf_rvol_pred_val,97,0.061855670103092786,0.08247422680412371,0.1134020618556701,0.026,4.36161776367962,0.41117871596066863
AMZN,HL,vwap_spread_tide_current,97,0.12371134020618557,0.12371134020618557,0.12371134020618557,0.03,4.123711340206186,0.04635723882217743
AMZN,HL,current_accel,97,0.07216494845360824,0.10309278350515463,0.1134020618556701,0.028,4.0500736377025035,-0.451327020339635
AMZN,HL,tension_current,97,0.1134020618556701,0.09278350515463918,0.13402061855670103,0.036,3.722794959908362,-0.42619717086100173
AMZN,HL,conj_wave_tide,97,0.07216494845360824,0.061855670103092786,0.07216494845360824,0.02,3.608247422680412,0.12705278542798515
AMZN,HL,kf_rvol_filt_vel,97,0.061855670103092786,0.1134020618556701,0.14432989690721648,0.04,3.608247422680412,0.3680968911597982
AMZN,HL,kf_conj_filt_vel,97,0.05154639175257732,0.08247422680412371,0.09278350515463918,0.026,3.568596352101507,-0.39520222213972567
AMZN,HL,conj_wave_current,97,0.05154639175257732,0.061855670103092786,0.061855670103092786,0.02,3.0927835051546393,0.03205717435684902
AMZN,HL,tide_accel,97,0.041237113402061855,0.061855670103092786,0.07216494845360824,0.024,3.0068728522336765,-0.19579445151049504
AMZN,HL,kf_conj_pred_val,97,0.07216494845360824,0.07216494845360824,0.07216494845360824,0.024,3.0068728522336765,0.11351395360224836
AMZN,HL,vwap_spread_tide_wave,97,0.1134020618556701,0.1134020618556701,0.1134020618556701,0.038,2.984264785675529,0.008937757414838226
AMZN,HL,vwap_sigma_current,97,0.030927835051546393,0.020618556701030927,0.041237113402061855,0.014,2.945508100147275,-0.6676912101100397
AMZN,HL,tension_tide,97,0.041237113402061855,0.020618556701030927,0.041237113402061855,0.014,2.945508100147275,-0.03596810724245947
AMZN,HL,current_slope,97,0.061855670103092786,0.08247422680412371,0.08247422680412371,0.03,2.7491408934707904,0.10429215681706228
AMZN,HL,rsi_value,97,0.061855670103092786,0.020618556701030927,0.061855670103092786,0.024,2.577319587628866,-0.9796686032280596
AMZN,HL,wave_slope,97,0.041237113402061855,0.05154639175257732,0.05154639175257732,0.02,2.5773195876288657,0.10188519417196285
AMZN,HL,kf_rsi_pred_val,97,0.061855670103092786,0.020618556701030927,0.061855670103092786,0.03,2.061855670103093,-0.9963846702353482
AMZN,HL,fear_level,97,0.05154639175257732,0.041237113402061855,0.05154639175257732,0.028,1.840942562592047,-0.0053390414780196405
AMZN,HL,compression_ratio,97,0.07216494845360824,0.07216494845360824,0.08247422680412371,0.046,1.7929179740026893,0.2165498930784381
AMZN,HL,sigma_tide,97,0.0,0.020618556701030927,0.020618556701030927,0.018,1.1454753722794961,-0.3855436019557101
AMZN,HH,kf_price_filt_vel,90,0.07777777777777778,0.13333333333333333,0.2,0.012,16.666666666666668,0.8401819509055453
AMZN,HH,kf_price_innovation,90,0.07777777777777778,0.1,0.15555555555555556,0.012,12.962962962962964,0.3617950952992225
AMZN,HH,kf_price_pred_val,90,0.14444444444444443,0.14444444444444443,0.2222222222222222,0.018,12.345679012345679,1.23364132938589
AMZN,HH,kf_rvol_pred_val,90,0.14444444444444443,0.12222222222222222,0.2111111111111111,0.026,8.11965811965812,0.8181197855720577
AMZN,HH,kf_tension_filt_vel,90,0.1,0.05555555555555555,0.1111111111111111,0.016,6.944444444444444,0.8101387951363547
AMZN,HH,conj_current_tide,90,0.1,0.12222222222222222,0.12222222222222222,0.018,6.790123456790123,0.29289457708023164
AMZN,HH,kf_rvol_filt_vel,90,0.15555555555555556,0.15555555555555556,0.26666666666666666,0.04,6.666666666666666,0.6916573651658281
AMZN,HH,tension_wave,90,0.044444444444444446,0.06666666666666667,0.07777777777777778,0.012,6.481481481481482,-0.019129417949316163
AMZN,HH,kf_tension_pred_val,90,0.07777777777777778,0.05555555555555555,0.07777777777777778,0.012,6.481481481481482,0.5501612680136311
AMZN,HH,conj_wave_tide,90,0.1111111111111111,0.1111111111111111,0.12222222222222222,0.02,6.111111111111111,0.45341132583253074
AMZN,HH,wave_accel,90,0.15555555555555556,0.08888888888888889,0.16666666666666666,0.028,5.952380952380952,0.8533609260986874
AMZN,HH,sigma_tide,90,0.1,0.06666666666666667,0.1,0.018,5.555555555555556,0.9358326939805317
AMZN,HH,vwap_sigma_tide,90,0.044444444444444446,0.07777777777777778,0.08888888888888889,0.016,5.555555555555555,0.6407850275329333
AMZN,HH,wave_slope,90,0.1111111111111111,0.1111111111111111,0.1111111111111111,0.02,5.555555555555555,0.4492843952853302
AMZN,HH,tension_tide,90,0.07777777777777778,0.044444444444444446,0.07777777777777778,0.014,5.555555555555555,0.5325809341833302
AMZN,HH,rsi_value,90,0.12222222222222222,0.07777777777777778,0.13333333333333333,0.024,5.555555555555555,1.2798920864348722
AMZN,HH,current_accel,90,0.12222222222222222,0.1,0.13333333333333333,0.028,4.761904761904762,0.825365340910769
AMZN,HH,tide_accel,90,0.1111111111111111,0.08888888888888889,0.1111111111111111,0.024,4.629629629629629,0.5139101393770467
AMZN,HH,kf_conj_pred_val,90,0.1111111111111111,0.1,0.1111111111111111,0.024,4.629629629629629,0.47315325569335664
AMZN,HH,sigma_current,90,0.1111111111111111,0.06666666666666667,0.13333333333333333,0.03,4.444444444444445,1.164421322845271
AMZN,HH,conj_wave_current,90,0.06666666666666667,0.07777777777777778,0.08888888888888889,0.02,4.444444444444445,0.3624115534215636
AMZN,HH,tide_slope,90,0.1111111111111111,0.1111111111111111,0.1111111111111111,0.026,4.273504273504273,-0.0400763481596828
AMZN,HH,sigma_wave,90,0.07777777777777778,0.06666666666666667,0.08888888888888889,0.022,4.040404040404041,1.1324436108326832
AMZN,HH,vwap_spread_current_wave,90,0.06666666666666667,0.07777777777777778,0.07777777777777778,0.02,3.888888888888889,-0.24077508907933648
AMZN,HH,vwap_spread_tide_current,90,0.1111111111111111,0.1111111111111111,0.1111111111111111,0.03,3.7037037037037037,-0.0059771479545400585
AMZN,HH,vwap_spread_tide_wave,90,0.13333333333333333,0.12222222222222222,0.13333333333333333,0.038,3.5087719298245617,-0.07645587864814994
AMZN,HH,kf_rsi_filt_vel,90,0.05555555555555555,0.044444444444444446,0.07777777777777778,0.024,3.240740740740741,0.9410543058883238
AMZN,HH,kf_conj_filt_vel,90,0.06666666666666667,0.03333333333333333,0.07777777777777778,0.026,2.9914529914529915,0.5573674990975066
AMZN,HH,kf_rsi_pred_val,90,0.08888888888888889,0.05555555555555555,0.08888888888888889,0.03,2.9629629629629632,1.2162963642199802
AMZN,HH,vwap_sigma_current,90,0.03333333333333333,0.022222222222222223,0.03333333333333333,0.014,2.380952380952381,1.1058234266788347
AMZN,HH,fear_level,90,0.05555555555555555,0.06666666666666667,0.06666666666666667,0.028,2.380952380952381,-0.40537905863789353
AMZN,HH,current_slope,90,0.06666666666666667,0.05555555555555555,0.06666666666666667,0.03,2.2222222222222223,0.2726043512250768
AMZN,HH,vwap_sigma_wave,90,0.011111111111111112,0.022222222222222223,0.03333333333333333,0.016,2.0833333333333335,1.1963901526873446
AMZN,HH,tension_current,90,0.05555555555555555,0.06666666666666667,0.06666666666666667,0.036,1.8518518518518519,0.16816946406725417
AMZN,HH,compression_ratio,90,0.044444444444444446,0.03333333333333333,0.044444444444444446,0.046,0.9661835748792271,-0.04560900757127911
AMZN,LH,kf_price_filt_vel,73,0.2328767123287671,0.2191780821917808,0.3698630136986301,0.012,30.821917808219176,1.235911544344732
AMZN,LH,kf_price_innovation,73,0.1917808219178082,0.2054794520547945,0.3424657534246575,0.012,28.538812785388124,0.6960350968573217
AMZN,LH,kf_price_pred_val,73,0.2054794520547945,0.2054794520547945,0.3287671232876712,0.018,18.264840182648403,1.330717947089437
AMZN,LH,kf_tension_pred_val,73,0.1095890410958904,0.136986301369863,0.1506849315068493,0.012,12.557077625570775,0.1336754422805223
AMZN,LH,tension_wave,73,0.0958904109589041,0.0958904109589041,0.136986301369863,0.012,11.41552511415525,0.8333875813893086
AMZN,LH,vwap_sigma_tide,73,0.0958904109589041,0.1780821917808219,0.1780821917808219,0.016,11.13013698630137,-0.5325406936381822
AMZN,LH,vwap_sigma_current,73,0.0,0.136986301369863,0.136986301369863,0.014,9.784735812133071,-0.30013264931925054
AMZN,LH,tension_tide,73,0.1095890410958904,0.136986301369863,0.136986301369863,0.014,9.784735812133071,0.11664986946713637
AMZN,LH,conj_wave_tide,73,0.136986301369863,0.1780821917808219,0.1780821917808219,0.02,8.904109589041095,-0.6665631977789191
AMZN,LH,kf_tension_filt_vel,73,0.0958904109589041,0.0821917808219178,0.136986301369863,0.016,8.561643835616438,0.8018701749990162
AMZN,LH,kf_conj_pred_val,73,0.136986301369863,0.1780821917808219,0.1780821917808219,0.024,7.4200913242009126,-0.6734821236062329
AMZN,LH,vwap_sigma_wave,73,0.0,0.1095890410958904,0.1095890410958904,0.016,6.8493150684931505,-0.05552363485441712
AMZN,LH,conj_wave_current,73,0.1232876712328767,0.136986301369863,0.136986301369863,0.02,6.8493150684931505,-0.4347583448117086
AMZN,LH,fear_level,73,0.1095890410958904,0.1780821917808219,0.1780821917808219,0.028,6.360078277886497,0.6775682702311886
AMZN,LH,vwap_spread_current_wave,73,0.1095890410958904,0.1232876712328767,0.1232876712328767,0.02,6.164383561643835,0.5732330148065976
AMZN,LH,sigma_tide,73,0.0,0.1095890410958904,0.1095890410958904,0.018,6.088280060882801,-0.3440999912453054
AMZN,LH,wave_slope,73,0.0958904109589041,0.1095890410958904,0.1095890410958904,0.02,5.47945205479452,-0.7574292240655013
AMZN,LH,conj_current_tide,73,0.0958904109589041,0.0958904109589041,0.0958904109589041,0.018,5.327245053272451,-0.5142607483678562
AMZN,LH,current_accel,73,0.0684931506849315,0.1095890410958904,0.136986301369863,0.028,4.892367906066536,-0.11831642364092881
AMZN,LH,kf_conj_filt_vel,73,0.0547945205479452,0.1095890410958904,0.1232876712328767,0.026,4.7418335089567965,-0.007084627837748896
AMZN,LH,wave_accel,73,0.0136986301369863,0.1095890410958904,0.1232876712328767,0.028,4.403131115459883,0.35882638248181925
AMZN,LH,tide_slope,73,0.1095890410958904,0.1095890410958904,0.1095890410958904,0.026,4.214963119072708,-0.21757197030327807
AMZN,LH,kf_rvol_pred_val,73,0.0821917808219178,0.0136986301369863,0.0958904109589041,0.026,3.6880927291886194,0.29250249259635097
AMZN,LH,current_slope,73,0.0958904109589041,0.1095890410958904,0.1095890410958904,0.03,3.65296803652968,-0.6088792620930512
AMZN,LH,kf_rsi_filt_vel,73,0.0410958904109589,0.0410958904109589,0.0684931506849315,0.024,2.8538812785388123,1.053977719669328
AMZN,LH,vwap_spread_tide_current,73,0.0821917808219178,0.0821917808219178,0.0821917808219178,0.03,2.73972602739726,0.27917884710055124
AMZN,LH,vwap_spread_tide_wave,73,0.0958904109589041,0.0958904109589041,0.0958904109589041,0.038,2.523431867339582,0.3872556138971278
AMZN,LH,sigma_wave,73,0.0136986301369863,0.0547945205479452,0.0547945205479452,0.022,2.4906600249066004,0.7361444568902034
AMZN,LH,kf_rvol_filt_vel,73,0.0821917808219178,0.0273972602739726,0.0958904109589041,0.04,2.3972602739726026,0.34214144603344393
AMZN,LH,sigma_current,73,0.0136986301369863,0.0547945205479452,0.0684931506849315,0.03,2.2831050228310503,0.30974778679126547
AMZN,LH,tension_current,73,0.0684931506849315,0.0821917808219178,0.0821917808219178,0.036,2.2831050228310503,0.6424861680783821
AMZN,LH,compression_ratio,73,0.0547945205479452,0.0821917808219178,0.0821917808219178,0.046,1.7867778439547348,0.3088117869545816
AMZN,LH,tide_accel,73,0.0410958904109589,0.0273972602739726,0.0410958904109589,0.024,1.7123287671232876,-0.22403230231724475
AMZN,LH,rsi_value,73,0.0,0.0410958904109589,0.0410958904109589,0.024,1.7123287671232876,-0.035736369493846
AMZN,LH,kf_rsi_pred_val,73,0.0,0.0410958904109589,0.0410958904109589,0.03,1.36986301369863,-0.02494477569603432
COST,LL,sigma_tide,35,0.5142857142857142,0.4,0.5142857142857142,0.014,36.73469387755102,-1.9347440622750753
COST,LL,vwap_sigma_current,35,0.5714285714285714,0.34285714285714286,0.6,0.018,33.333333333333336,-2.0684147154796433
COST,LL,kf_price_pred_val,35,0.34285714285714286,0.4,0.5142857142857142,0.018,28.57142857142857,-1.8184992809398808
COST,LL,kf_price_innovation,35,0.17142857142857143,0.34285714285714286,0.4,0.02,20.0,-0.4848220941903991
COST,LL,kf_rsi_pred_val,35,0.34285714285714286,0.34285714285714286,0.4,0.024,16.666666666666668,-1.8898403084426114
COST,LL,vwap_sigma_tide,35,0.3142857142857143,0.2571428571428571,0.3142857142857143,0.022,14.285714285714286,-1.6309347091214317
COST,LL,vwap_sigma_wave,35,0.11428571428571428,0.14285714285714285,0.2,0.014,14.285714285714286,-1.633028903839941
COST,LL,kf_price_filt_vel,35,0.11428571428571428,0.3142857142857143,0.34285714285714286,0.024,14.285714285714285,-0.8907538772685837
COST,LL,rsi_value,35,0.4,0.3142857142857143,0.42857142857142855,0.034,12.60504201680672,-1.9212262272901874
COST,LL,kf_tension_filt_vel,35,0.2,0.2571428571428571,0.3142857142857143,0.026,12.087912087912088,-1.1816209896220076
COST,LL,sigma_current,35,0.22857142857142856,0.2,0.2857142857142857,0.026,10.989010989010989,-1.6590796777976984
COST,LL,wave_slope,35,0.34285714285714286,0.2857142857142857,0.34285714285714286,0.032,10.714285714285714,-1.7766609584508721
COST,LL,conj_wave_tide,35,0.3142857142857143,0.2571428571428571,0.3142857142857143,0.03,10.476190476190476,-1.6988358474216076
COST,LL,kf_conj_pred_val,35,0.3142857142857143,0.2857142857142857,0.3142857142857143,0.03,10.476190476190476,-1.6760021964034066
COST,LL,wave_accel,35,0.3142857142857143,0.2857142857142857,0.37142857142857144,0.036,10.317460317460318,-1.4806037630789617
COST,LL,fear_level,35,0.14285714285714285,0.14285714285714285,0.14285714285714285,0.014,10.204081632653061,1.1084873535235942
COST,LL,kf_rvol_pred_val,35,0.17142857142857143,0.2857142857142857,0.4,0.042,9.523809523809524,0.8854824084341769
COST,LL,compression_ratio,35,0.22857142857142856,0.2571428571428571,0.2571428571428571,0.028,9.183673469387754,1.051572412794182
COST,LL,tide_accel,35,0.3142857142857143,0.2571428571428571,0.37142857142857144,0.044,8.441558441558442,-1.5139393961621472
COST,LL,conj_wave_current,35,0.22857142857142856,0.2,0.22857142857142856,0.028,8.16326530612245,-1.3232366311492183
COST,LL,kf_rvol_filt_vel,35,0.17142857142857143,0.2571428571428571,0.34285714285714286,0.042,8.16326530612245,0.2058536251158183
COST,LL,kf_rsi_filt_vel,35,0.08571428571428572,0.14285714285714285,0.17142857142857143,0.024,7.142857142857142,-1.07825471731512
COST,LL,current_accel,35,0.2571428571428571,0.17142857142857143,0.2571428571428571,0.038,6.7669172932330826,-1.5549320765577899
COST,LL,sigma_wave,35,0.08571428571428572,0.14285714285714285,0.17142857142857143,0.026,6.593406593406594,-1.0095857989124926
COST,LL,vwap_spread_tide_current,35,0.11428571428571428,0.11428571428571428,0.11428571428571428,0.02,5.714285714285714,0.36984547266772
COST,LL,kf_tension_pred_val,35,0.2857142857142857,0.2571428571428571,0.2857142857142857,0.052,5.4945054945054945,-0.8615369271851213
COST,LL,tension_tide,35,0.2571428571428571,0.2571428571428571,0.2857142857142857,0.056,5.1020408163265305,-0.8131658764883793
COST,LL,vwap_spread_current_wave,35,0.14285714285714285,0.14285714285714285,0.14285714285714285,0.028,5.1020408163265305,1.1634068740855439
COST,LL,kf_conj_filt_vel,35,0.17142857142857143,0.14285714285714285,0.2,0.04,5.0,-1.0671999772855614
COST,LL,vwap_spread_tide_wave,35,0.14285714285714285,0.14285714285714285,0.14285714285714285,0.032,4.4642857142857135,0.7552030580249666
COST,LL,tide_slope,35,0.08571428571428572,0.08571428571428572,0.08571428571428572,0.028,3.061224489795918,-0.14789668111011456
COST,LL,current_slope,35,0.11428571428571428,0.11428571428571428,0.11428571428571428,0.05,2.2857142857142856,-0.882585282675848
COST,LL,conj_current_tide,35,0.05714285714285714,0.02857142857142857,0.05714285714285714,0.042,1.3605442176870748,-0.813360882206114
COST,LL,tension_wave,35,0.0,0.02857142857142857,0.02857142857142857,0.024,1.1904761904761905,0.798717327559351
COST,LL,tension_current,35,0.0,0.0,0.0,0.036,0.0,0.2985190617466803
COST,HL,vwap_sigma_wave,57,0.24561403508771928,0.17543859649122806,0.3157894736842105,0.014,22.556390977443606,-1.6479924136045614
COST,HL,kf_price_pred_val,57,0.21052631578947367,0.15789473684210525,0.2807017543859649,0.018,15.594541910331385,-1.3306830567668388
COST,HL,kf_price_innovation,57,0.08771929824561403,0.10526315789473684,0.17543859649122806,0.02,8.771929824561402,-0.45107754112841814
COST,HL,kf_price_filt_vel,57,0.08771929824561403,0.10526315789473684,0.19298245614035087,0.024,8.04093567251462,-0.8936363799916752
COST,HL,sigma_current,57,0.15789473684210525,0.08771929824561403,0.19298245614035087,0.026,7.422402159244265,-1.1672166598805356
COST,HL,kf_rsi_filt_vel,57,0.10526315789473684,0.15789473684210525,0.17543859649122806,0.024,7.309941520467835,-1.2712927792605406
COST,HL,wave_accel,57,0.17543859649122806,0.17543859649122806,0.24561403508771928,0.036,6.822612085769981,-0.988210928518329
COST,HL,kf_tension_filt_vel,57,0.15789473684210525,0.12280701754385964,0.17543859649122806,0.026,6.747638326585695,-0.9413505837781281
COST,HL,vwap_sigma_current,57,0.08771929824561403,0.07017543859649122,0.10526315789473684,0.018,5.847953216374269,-1.0716348574024643
COST,HL,fear_level,57,0.07017543859649122,0.03508771929824561,0.07017543859649122,0.014,5.012531328320802,0.7193380169195353
COST,HL,sigma_wave,57,0.08771929824561403,0.05263157894736842,0.12280701754385964,0.026,4.723346828609986,-1.1677405548581314
COST,HL,kf_rsi_pred_val,57,0.08771929824561403,0.05263157894736842,0.10526315789473684,0.024,4.385964912280701,-1.3283997985324179
COST,HL,kf_conj_filt_vel,57,0.14035087719298245,0.12280701754385964,0.17543859649122806,0.04,4.385964912280701,-0.7603845601220507
COST,HL,tension_current,57,0.07017543859649122,0.10526315789473684,0.12280701754385964,0.036,3.4113060428849904,-0.18710347973393326
COST,HL,kf_rvol_filt_vel,57,0.05263157894736842,0.08771929824561403,0.14035087719298245,0.042,3.341687552213868,0.4995603586917941
COST,HL,vwap_spread_current_wave,57,0.07017543859649122,0.08771929824561403,0.08771929824561403,0.028,3.132832080200501,0.12165237601382453
COST,HL,kf_tension_pred_val,57,0.15789473684210525,0.12280701754385964,0.15789473684210525,0.052,3.0364372469635628,-0.3617709748891535
COST,HL,kf_rvol_pred_val,57,0.10526315789473684,0.05263157894736842,0.12280701754385964,0.042,2.923976608187134,0.5052236859650698
COST,HL,vwap_spread_tide_current,57,0.05263157894736842,0.05263157894736842,0.05263157894736842,0.02,2.631578947368421,-0.06351634354167239
COST,HL,tide_slope,57,0.07017543859649122,0.07017543859649122,0.07017543859649122,0.028,2.506265664160401,-0.02924765189564187
COST,HL,tension_tide,57,0.14035087719298245,0.08771929824561403,0.14035087719298245,0.056,2.506265664160401,-0.32221177412083657
COST,HL,compression_ratio,57,0.07017543859649122,0.07017543859649122,0.07017543859649122,0.028,2.506265664160401,0.32699185049566304
COST,HL,vwap_sigma_tide,57,0.05263157894736842,0.03508771929824561,0.05263157894736842,0.022,2.3923444976076556,-0.5530868673766686
COST,HL,vwap_spread_tide_wave,57,0.07017543859649122,0.07017543859649122,0.07017543859649122,0.032,2.1929824561403506,-0.0003889001635300297
COST,HL,conj_wave_current,57,0.03508771929824561,0.03508771929824561,0.05263157894736842,0.028,1.8796992481203005,-0.534592280682788
COST,HL,conj_current_tide,57,0.07017543859649122,0.07017543859649122,0.07017543859649122,0.042,1.670843776106934,-0.13904771062816146
COST,HL,rsi_value,57,0.05263157894736842,0.05263157894736842,0.05263157894736842,0.034,1.547987616099071,-1.33934875364489
COST,HL,tension_wave,57,0.017543859649122806,0.03508771929824561,0.03508771929824561,0.024,1.461988304093567,0.6644243845257153
COST,HL,current_slope,57,0.05263157894736842,0.05263157894736842,0.07017543859649122,0.05,1.4035087719298245,-0.15270857678898994
COST,HL,sigma_tide,57,0.017543859649122806,0.017543859649122806,0.017543859649122806,0.014,1.2531328320802004,-0.6915495390673163
COST,HL,tide_accel,57,0.05263157894736842,0.03508771929824561,0.05263157894736842,0.044,1.1961722488038278,-0.27761749022950527
COST,HL,kf_conj_pred_val,57,0.0,0.03508771929824561,0.03508771929824561,0.03,1.1695906432748537,-0.6239758207315125
COST,HL,current_accel,57,0.017543859649122806,0.017543859649122806,0.03508771929824561,0.038,0.9233610341643582,-0.7309211000646522
COST,HL,conj_wave_tide,57,0.0,0.017543859649122806,0.017543859649122806,0.03,0.5847953216374269,-0.5906378088492534
COST,HL,wave_slope,57,0.017543859649122806,0.017543859649122806,0.017543859649122806,0.032,0.5482456140350876,-0.6124147072422782
COST,HH,kf_price_pred_val,56,0.14285714285714285,0.14285714285714285,0.17857142857142858,0.018,9.920634920634921,1.025395014447104
COST,HH,sigma_tide,56,0.08928571428571429,0.05357142857142857,0.10714285714285714,0.014,7.653061224489796,1.131880858016928
COST,HH,kf_price_filt_vel,56,0.05357142857142857,0.10714285714285714,0.16071428571428573,0.024,6.696428571428572,0.5932857379814523
COST,HH,kf_rsi_pred_val,56,0.16071428571428573,0.08928571428571429,0.16071428571428573,0.024,6.696428571428572,1.3008438021906972
COST,HH,sigma_wave,56,0.05357142857142857,0.08928571428571429,0.14285714285714285,0.026,5.4945054945054945,0.8967042499234472
COST,HH,kf_tension_filt_vel,56,0.10714285714285714,0.125,0.14285714285714285,0.026,5.4945054945054945,1.0222141661255237
COST,HH,sigma_current,56,0.10714285714285714,0.08928571428571429,0.125,0.026,4.8076923076923075,1.0050261577854154
COST,HH,rsi_value,56,0.16071428571428573,0.10714285714285714,0.16071428571428573,0.034,4.726890756302521,1.3388534067861246
COST,HH,kf_price_innovation,56,0.05357142857142857,0.07142857142857142,0.08928571428571429,0.02,4.464285714285714,0.11053118418777474
COST,HH,wave_accel,56,0.125,0.08928571428571429,0.14285714285714285,0.036,3.9682539682539684,0.862258542912732
COST,HH,vwap_spread_tide_wave,56,0.125,0.125,0.125,0.032,3.90625,-0.402007778402014
COST,HH,compression_ratio,56,0.07142857142857142,0.10714285714285714,0.10714285714285714,0.028,3.826530612244898,0.12437558910461752
COST,HH,kf_rsi_filt_vel,56,0.07142857142857142,0.05357142857142857,0.08928571428571429,0.024,3.7202380952380953,0.8747135490070355
COST,HH,vwap_spread_tide_current,56,0.07142857142857142,0.07142857142857142,0.07142857142857142,0.02,3.571428571428571,-0.16956986914410524
COST,HH,kf_rvol_filt_vel,56,0.08928571428571429,0.07142857142857142,0.14285714285714285,0.042,3.401360544217687,0.42862668803889786
COST,HH,conj_wave_current,56,0.08928571428571429,0.03571428571428571,0.08928571428571429,0.028,3.188775510204082,0.5394995741902108
COST,HH,current_accel,56,0.10714285714285714,0.08928571428571429,0.10714285714285714,0.038,2.819548872180451,0.7168602571676385
COST,HH,tide_slope,56,0.07142857142857142,0.07142857142857142,0.07142857142857142,0.028,2.5510204081632653,0.07514096059559226
COST,HH,kf_rvol_pred_val,56,0.08928571428571429,0.05357142857142857,0.10714285714285714,0.042,2.551020408163265,0.5443772973319132
COST,HH,vwap_sigma_tide,56,0.03571428571428571,0.03571428571428571,0.05357142857142857,0.022,2.435064935064935,0.8924742532227121
COST,HH,kf_conj_filt_vel,56,0.08928571428571429,0.05357142857142857,0.08928571428571429,0.04,2.232142857142857,0.6246365042862211
COST,HH,kf_tension_pred_val,56,0.08928571428571429,0.07142857142857142,0.10714285714285714,0.052,2.0604395604395602,0.589518030556054
COST,HH,vwap_spread_current_wave,56,0.05357142857142857,0.03571428571428571,0.05357142857142857,0.028,1.913265306122449,-0.6293521350794476
COST,HH,tide_accel,56,0.07142857142857142,0.05357142857142857,0.07142857142857142,0.044,1.6233766233766234,0.7676642944061142
COST,HH,tension_current,56,0.03571428571428571,0.03571428571428571,0.05357142857142857,0.036,1.4880952380952381,-0.03073222133770931
COST,HH,vwap_sigma_wave,56,0.0,0.017857142857142856,0.017857142857142856,0.014,1.2755102040816326,1.1825204021630482
COST,HH,tension_tide,56,0.05357142857142857,0.07142857142857142,0.07142857142857142,0.056,1.2755102040816326,0.5408759732237617
COST,HH,fear_level,56,0.0,0.017857142857142856,0.017857142857142856,0.014,1.2755102040816326,-0.8334634364012145
COST,HH,conj_current_tide,56,0.05357142857142857,0.05357142857142857,0.05357142857142857,0.042,1.2755102040816324,0.529310493754772
COST,HH,conj_wave_tide,56,0.03571428571428571,0.03571428571428571,0.03571428571428571,0.03,1.1904761904761905,0.7924435987462949
COST,HH,kf_conj_pred_val,56,0.03571428571428571,0.03571428571428571,0.03571428571428571,0.03,1.1904761904761905,0.7966671716074691
COST,HH,wave_slope,56,0.03571428571428571,0.03571428571428571,0.03571428571428571,0.032,1.1160714285714284,0.830211613634243
COST,HH,vwap_sigma_current,56,0.0,0.017857142857142856,0.017857142857142856,0.018,0.9920634920634921,1.1080127337817665
COST,HH,current_slope,56,0.03571428571428571,0.03571428571428571,0.03571428571428571,0.05,0.7142857142857142,0.5646342383666468
COST,HH,tension_wave,56,0.0,0.0,0.0,0.024,0.0,-0.4208486304753995
COST,LH,kf_price_pred_val,36,0.2777777777777778,0.3055555555555556,0.3888888888888889,0.018,21.60493827160494,1.7003132064006345
COST,LH,kf_price_innovation,36,0.16666666666666666,0.3333333333333333,0.3888888888888889,0.02,19.444444444444443,1.1615326706833402
COST,LH,kf_price_filt_vel,36,0.3055555555555556,0.3611111111111111,0.4166666666666667,0.024,17.36111111111111,1.5280417142071108
COST,LH,wave_accel,36,0.2777777777777778,0.2222222222222222,0.3611111111111111,0.036,10.030864197530866,1.3028271459850183
COST,LH,kf_tension_filt_vel,36,0.1388888888888889,0.19444444444444445,0.2222222222222222,0.026,8.547008547008547,1.0060215185707369
COST,LH,sigma_tide,36,0.027777777777777776,0.1111111111111111,0.1111111111111111,0.014,7.936507936507936,-0.23849606383053412
COST,LH,vwap_sigma_current,36,0.0,0.1388888888888889,0.1388888888888889,0.018,7.71604938271605,0.006944485277478625
COST,LH,compression_ratio,36,0.1388888888888889,0.16666666666666666,0.19444444444444445,0.028,6.944444444444445,0.823584623232132
COST,LH,vwap_sigma_tide,36,0.1388888888888889,0.1388888888888889,0.1388888888888889,0.022,6.313131313131314,-0.3274736225736266
COST,LH,fear_level,36,0.08333333333333333,0.08333333333333333,0.08333333333333333,0.014,5.952380952380952,0.2097823264882404
COST,LH,kf_rsi_filt_vel,36,0.1111111111111111,0.08333333333333333,0.1388888888888889,0.024,5.787037037037037,1.110151988754128
COST,LH,conj_wave_tide,36,0.1111111111111111,0.16666666666666666,0.16666666666666666,0.03,5.555555555555555,-0.3474639590437645
COST,LH,kf_conj_pred_val,36,0.05555555555555555,0.16666666666666666,0.16666666666666666,0.03,5.555555555555555,-0.26608244545073007
COST,LH,wave_slope,36,0.1111111111111111,0.16666666666666666,0.16666666666666666,0.032,5.208333333333333,-0.3841320705405119
COST,LH,vwap_spread_current_wave,36,0.1388888888888889,0.1388888888888889,0.1388888888888889,0.028,4.9603174603174605,0.8601079218601538
COST,LH,kf_conj_filt_vel,36,0.1388888888888889,0.19444444444444445,0.19444444444444445,0.04,4.861111111111111,0.8159043475288057
COST,LH,sigma_current,36,0.027777777777777776,0.08333333333333333,0.1111111111111111,0.026,4.273504273504273,0.6189165740106023
COST,LH,vwap_spread_tide_current,36,0.08333333333333333,0.08333333333333333,0.08333333333333333,0.02,4.166666666666666,0.2700879252644216
COST,LH,conj_wave_current,36,0.05555555555555555,0.1111111111111111,0.1111111111111111,0.028,3.968253968253968,-0.008477549550149701
COST,LH,current_accel,36,0.05555555555555555,0.1111111111111111,0.1388888888888889,0.038,3.6549707602339185,0.10788294285742371
COST,LH,vwap_spread_tide_wave,36,0.1111111111111111,0.1111111111111111,0.1111111111111111,0.032,3.472222222222222,0.5674803657528952
COST,LH,conj_current_tide,36,0.1388888888888889,0.1388888888888889,0.1388888888888889,0.042,3.306878306878307,-0.6718889760242908
COST,LH,kf_rvol_pred_val,36,0.08333333333333333,0.1111111111111111,0.1388888888888889,0.042,3.306878306878307,0.23113886885693694
COST,LH,kf_rvol_filt_vel,36,0.08333333333333333,0.1111111111111111,0.1388888888888889,0.042,3.306878306878307,0.021651446758939243
COST,LH,sigma_wave,36,0.0,0.08333333333333333,0.08333333333333333,0.026,3.2051282051282053,1.0717899207414205
COST,LH,tide_accel,36,0.05555555555555555,0.1388888888888889,0.1388888888888889,0.044,3.156565656565657,-0.3513082581001067
COST,LH,current_slope,36,0.1388888888888889,0.1388888888888889,0.1388888888888889,0.05,2.7777777777777777,-0.7268632084172207
COST,LH,rsi_value,36,0.0,0.08333333333333333,0.08333333333333333,0.034,2.4509803921568625,0.26383653255363326
COST,LH,tension_current,36,0.05555555555555555,0.08333333333333333,0.08333333333333333,0.036,2.314814814814815,0.6803431885251032
COST,LH,kf_rsi_pred_val,36,0.0,0.05555555555555555,0.05555555555555555,0.024,2.3148148148148144,0.27241841935317623
COST,LH,vwap_sigma_wave,36,0.0,0.027777777777777776,0.027777777777777776,0.014,1.984126984126984,0.7661606728034922
COST,LH,tide_slope,36,0.05555555555555555,0.05555555555555555,0.05555555555555555,0.028,1.984126984126984,-0.11737733188157622
COST,LH,kf_tension_pred_val,36,0.08333333333333333,0.08333333333333333,0.08333333333333333,0.052,1.6025641025641026,0.03799425205003413
COST,LH,tension_tide,36,0.05555555555555555,0.08333333333333333,0.08333333333333333,0.056,1.488095238095238,0.03332586648723745
COST,LH,tension_wave,36,0.0,0.027777777777777776,0.027777777777777776,0.024,1.1574074074074072,0.19410460861912418
HD,LL,vwap_sigma_tide,59,0.3898305084745763,0.3389830508474576,0.3898305084745763,0.008,48.728813559322035,-1.5891943940920514
HD,LL,fear_level,59,0.288135593220339,0.288135593220339,0.3050847457627119,0.008,38.13559322033898,1.1192658906494226
HD,LL,kf_price_pred_val,59,0.2542372881355932,0.3220338983050847,0.4576271186440678,0.018,25.423728813559325,-1.6845847013949868
HD,LL,kf_price_filt_vel,59,0.13559322033898305,0.288135593220339,0.3728813559322034,0.022,16.949152542372882,-0.8813298015346896
HD,LL,vwap_sigma_current,59,0.2711864406779661,0.2542372881355932,0.3389830508474576,0.02,16.94915254237288,-1.631262475289534
HD,LL,wave_accel,59,0.2711864406779661,0.1694915254237288,0.3050847457627119,0.02,15.254237288135593,-1.4107217649716652
HD,LL,sigma_tide,59,0.2542372881355932,0.1694915254237288,0.2542372881355932,0.018,14.124293785310735,-1.3621648522867043
HD,LL,kf_price_innovation,59,0.11864406779661017,0.2711864406779661,0.288135593220339,0.024,12.005649717514125,-0.45186750871244263
HD,LL,vwap_sigma_wave,59,0.1864406779661017,0.11864406779661017,0.23728813559322035,0.024,9.887005649717514,-1.6870331939660999
HD,LL,conj_current_tide,59,0.13559322033898305,0.13559322033898305,0.15254237288135594,0.016,9.533898305084746,-0.5866944248064814
HD,LL,sigma_current,59,0.15254237288135594,0.15254237288135594,0.22033898305084745,0.026,8.474576271186441,-1.2699135351718687
HD,LL,current_slope,59,0.13559322033898305,0.13559322033898305,0.1694915254237288,0.02,8.47457627118644,-0.8035507393856934
HD,LL,kf_conj_filt_vel,59,0.1694915254237288,0.11864406779661017,0.1694915254237288,0.02,8.47457627118644,-1.012761715953807
HD,LL,wave_slope,59,0.2033898305084746,0.1694915254237288,0.2033898305084746,0.026,7.822685788787485,-1.2800044946903768
HD,LL,conj_wave_current,59,0.1694915254237288,0.11864406779661017,0.1694915254237288,0.022,7.704160246533128,-0.8796838154280257
HD,LL,vwap_spread_tide_wave,59,0.1016949152542373,0.1016949152542373,0.1016949152542373,0.014,7.263922518159807,0.7159884013045679
HD,LL,kf_rsi_pred_val,59,0.2033898305084746,0.15254237288135594,0.2033898305084746,0.028,7.263922518159807,-1.6202037600407688
HD,LL,current_accel,59,0.23728813559322035,0.22033898305084745,0.288135593220339,0.042,6.860371267150928,-1.4714193936832172
HD,LL,rsi_value,59,0.2033898305084746,0.15254237288135594,0.2033898305084746,0.03,6.779661016949153,-1.6515989211848499
HD,LL,vwap_spread_current_wave,59,0.1016949152542373,0.1016949152542373,0.1016949152542373,0.016,6.3559322033898304,0.7491407535309372
HD,LL,conj_wave_tide,59,0.15254237288135594,0.1016949152542373,0.15254237288135594,0.026,5.867014341590614,-1.1116618927692672
HD,LL,kf_conj_pred_val,59,0.15254237288135594,0.11864406779661017,0.15254237288135594,0.026,5.867014341590614,-1.1455821598265008
HD,LL,tension_wave,59,0.0,0.05084745762711865,0.05084745762711865,0.01,5.084745762711865,0.7136532489922344
HD,LL,kf_rvol_pred_val,59,0.0847457627118644,0.13559322033898305,0.2033898305084746,0.04,5.084745762711865,0.5303199252554025
HD,LL,sigma_wave,59,0.0847457627118644,0.06779661016949153,0.13559322033898305,0.034,3.9880358923230306,-1.072482933824437
HD,LL,compression_ratio,59,0.0847457627118644,0.11864406779661017,0.11864406779661017,0.03,3.954802259887006,0.3724628986296402
HD,LL,kf_rvol_filt_vel,59,0.0847457627118644,0.13559322033898305,0.1694915254237288,0.044,3.852080123266564,0.20538189410331673
HD,LL,tide_accel,59,0.1694915254237288,0.15254237288135594,0.2033898305084746,0.056,3.6319612590799033,-1.0429850943825645
HD,LL,kf_rsi_filt_vel,59,0.0847457627118644,0.03389830508474576,0.1016949152542373,0.038,2.6761819803746656,-0.9532931212214565
HD,LL,tide_slope,59,0.11864406779661017,0.11864406779661017,0.11864406779661017,0.046,2.5792188651436994,-0.5661963826787976
HD,LL,kf_tension_filt_vel,59,0.1016949152542373,0.06779661016949153,0.1016949152542373,0.046,2.210759027266028,-0.560909708361491
HD,LL,kf_tension_pred_val,59,0.06779661016949153,0.06779661016949153,0.0847457627118644,0.048,1.7655367231638417,0.10261414355321717
HD,LL,vwap_spread_tide_current,59,0.03389830508474576,0.05084745762711865,0.05084745762711865,0.032,1.5889830508474576,0.5416435650858329
HD,LL,tension_tide,59,0.05084745762711865,0.06779661016949153,0.06779661016949153,0.052,1.303780964797914,0.11971960366918828
HD,LL,tension_current,59,0.0,0.01694915254237288,0.01694915254237288,0.026,0.651890482398957,0.3429792107588007
HD,HL,kf_price_pred_val,59,0.2033898305084746,0.1864406779661017,0.3050847457627119,0.018,16.949152542372882,-1.538078389391881
HD,HL,kf_price_filt_vel,59,0.1694915254237288,0.1694915254237288,0.2711864406779661,0.022,12.326656394453005,-1.2209693000539288
HD,HL,sigma_current,59,0.22033898305084745,0.13559322033898305,0.2542372881355932,0.026,9.778357235984355,-1.1330702081083825
HD,HL,vwap_spread_tide_wave,59,0.11864406779661017,0.13559322033898305,0.13559322033898305,0.014,9.685230024213075,0.18807250696549832
HD,HL,conj_current_tide,59,0.11864406779661017,0.13559322033898305,0.13559322033898305,0.016,8.474576271186441,0.038650486030627075
HD,HL,fear_level,59,0.03389830508474576,0.05084745762711865,0.06779661016949153,0.008,8.474576271186441,0.24583559836461144
HD,HL,kf_price_innovation,59,0.11864406779661017,0.11864406779661017,0.2033898305084746,0.024,8.474576271186441,-0.5472140610881067
HD,HL,wave_accel,59,0.1016949152542373,0.1016949152542373,0.1694915254237288,0.02,8.47457627118644,-0.8022393553034255
HD,HL,tension_wave,59,0.05084745762711865,0.06779661016949153,0.0847457627118644,0.01,8.47457627118644,0.006878425409018398
HD,HL,vwap_sigma_wave,59,0.11864406779661017,0.06779661016949153,0.1694915254237288,0.024,7.062146892655367,-1.1409793978643241
HD,HL,kf_rvol_pred_val,59,0.15254237288135594,0.1694915254237288,0.2711864406779661,0.04,6.779661016949152,0.6891249683367373
HD,HL,kf_rsi_filt_vel,59,0.23728813559322035,0.13559322033898305,0.2542372881355932,0.038,6.6904549509366635,-1.3281118591994223
HD,HL,kf_rvol_filt_vel,59,0.1016949152542373,0.2033898305084746,0.288135593220339,0.044,6.548536209553159,0.5071694263230961
HD,HL,sigma_wave,59,0.1694915254237288,0.11864406779661017,0.22033898305084745,0.034,6.480558325024925,-1.2093300929995232
HD,HL,vwap_spread_current_wave,59,0.1016949152542373,0.1016949152542373,0.1016949152542373,0.016,6.3559322033898304,0.033521793108025916
HD,HL,current_slope,59,0.11864406779661017,0.11864406779661017,0.11864406779661017,0.02,5.932203389830509,-0.05504402322120915
HD,HL,tension_current,59,0.1016949152542373,0.11864406779661017,0.15254237288135594,0.026,5.867014341590614,-0.29030002443795294
HD,HL,wave_slope,59,0.1016949152542373,0.13559322033898305,0.13559322033898305,0.026,5.215123859191656,-0.1838387479055642
HD,HL,conj_wave_tide,59,0.11864406779661017,0.13559322033898305,0.13559322033898305,0.026,5.215123859191656,-0.11954141670293796
HD,HL,kf_conj_pred_val,59,0.0847457627118644,0.13559322033898305,0.13559322033898305,0.026,5.215123859191656,-0.12981964587694242
HD,HL,kf_tension_pred_val,59,0.23728813559322035,0.1694915254237288,0.23728813559322035,0.048,4.943502824858757,-0.1300047178458745
HD,HL,kf_rsi_pred_val,59,0.13559322033898305,0.03389830508474576,0.13559322033898305,0.028,4.842615012106537,-1.1057875663215584
HD,HL,conj_wave_current,59,0.0847457627118644,0.1016949152542373,0.1016949152542373,0.022,4.622496147919877,-0.1743728262933401
HD,HL,kf_tension_filt_vel,59,0.2033898305084746,0.1864406779661017,0.2033898305084746,0.046,4.421518054532056,-1.2411425744028028
HD,HL,vwap_sigma_current,59,0.0847457627118644,0.03389830508474576,0.0847457627118644,0.02,4.23728813559322,-0.8634429831938564
HD,HL,sigma_tide,59,0.06779661016949153,0.01694915254237288,0.06779661016949153,0.018,3.7664783427495294,-0.6228210456608727
HD,HL,vwap_spread_tide_current,59,0.11864406779661017,0.11864406779661017,0.11864406779661017,0.032,3.707627118644068,0.21207909016827747
HD,HL,tide_slope,59,0.15254237288135594,0.15254237288135594,0.1694915254237288,0.046,3.6845983787767134,-0.23398981395919058
HD,HL,tension_tide,59,0.1864406779661017,0.1694915254237288,0.1864406779661017,0.052,3.5853976531942635,-0.08197674448246547
HD,HL,kf_conj_filt_vel,59,0.06779661016949153,0.05084745762711865,0.06779661016949153,0.02,3.389830508474576,-0.4158853141814626
HD,HL,compression_ratio,59,0.06779661016949153,0.0847457627118644,0.0847457627118644,0.03,2.824858757062147,0.3983518943365616
HD,HL,rsi_value,59,0.0847457627118644,0.03389830508474576,0.0847457627118644,0.03,2.824858757062147,-1.1075038144131097
HD,HL,current_accel,59,0.05084745762711865,0.1016949152542373,0.11864406779661017,0.042,2.8248587570621466,-0.5944318057935258
HD,HL,vwap_sigma_tide,59,0.01694915254237288,0.01694915254237288,0.01694915254237288,0.008,2.1186440677966103,-0.603459544383056
HD,HL,tide_accel,59,0.05084745762711865,0.05084745762711865,0.06779661016949153,0.056,1.2106537530266344,-0.35959994920982097
HD,HH,kf_price_pred_val,63,0.1746031746031746,0.12698412698412698,0.23809523809523808,0.018,13.227513227513228,1.106705427867375
HD,HH,vwap_spread_tide_wave,63,0.1111111111111111,0.12698412698412698,0.12698412698412698,0.014,9.070294784580499,0.05889320371641477
HD,HH,kf_price_innovation,63,0.047619047619047616,0.1746031746031746,0.19047619047619047,0.024,7.936507936507936,0.309600213387498
HD,HH,kf_price_filt_vel,63,0.06349206349206349,0.1111111111111111,0.15873015873015872,0.022,7.215007215007215,0.6467581071775265
HD,HH,conj_current_tide,63,0.1111111111111111,0.09523809523809523,0.1111111111111111,0.016,6.944444444444444,0.47263218922778516
HD,HH,conj_wave_current,63,0.12698412698412698,0.12698412698412698,0.14285714285714285,0.022,6.4935064935064934,0.384684625593808
HD,HH,fear_level,63,0.015873015873015872,0.047619047619047616,0.047619047619047616,0.008,5.952380952380952,-0.41097011746067313
HD,HH,kf_conj_pred_val,63,0.12698412698412698,0.14285714285714285,0.14285714285714285,0.026,5.4945054945054945,0.6392470225954322
HD,HH,vwap_spread_current_wave,63,0.06349206349206349,0.07936507936507936,0.07936507936507936,0.016,4.96031746031746,-0.33559102118711764
HD,HH,conj_wave_tide,63,0.12698412698412698,0.12698412698412698,0.12698412698412698,0.026,4.8840048840048835,0.626713370820643
HD,HH,current_slope,63,0.09523809523809523,0.07936507936507936,0.09523809523809523,0.02,4.761904761904762,0.36053398046160673
HD,HH,wave_accel,63,0.07936507936507936,0.06349206349206349,0.09523809523809523,0.02,4.761904761904762,0.6694846987568976
HD,HH,tension_wave,63,0.0,0.047619047619047616,0.047619047619047616,0.01,4.761904761904762,-0.2298285268656116
HD,HH,wave_slope,63,0.09523809523809523,0.09523809523809523,0.1111111111111111,0.026,4.273504273504273,0.5658739514302671
HD,HH,kf_conj_filt_vel,63,0.047619047619047616,0.07936507936507936,0.07936507936507936,0.02,3.968253968253968,0.4749233940989313
HD,HH,current_accel,63,0.1111111111111111,0.14285714285714285,0.15873015873015872,0.042,3.7792894935752073,0.7692916055289065
HD,HH,vwap_spread_tide_current,63,0.1111111111111111,0.1111111111111111,0.1111111111111111,0.032,3.472222222222222,0.21196321814683328
HD,HH,kf_rsi_pred_val,63,0.09523809523809523,0.031746031746031744,0.09523809523809523,0.028,3.401360544217687,1.1350346369032844
HD,HH,sigma_wave,63,0.09523809523809523,0.015873015873015872,0.1111111111111111,0.034,3.26797385620915,1.002257421335902
HD,HH,kf_rvol_filt_vel,63,0.06349206349206349,0.07936507936507936,0.14285714285714285,0.044,3.2467532467532467,0.42849787005260676
HD,HH,kf_tension_filt_vel,63,0.09523809523809523,0.1111111111111111,0.14285714285714285,0.046,3.1055900621118013,0.702998432802233
HD,HH,tide_accel,63,0.12698412698412698,0.14285714285714285,0.15873015873015872,0.056,2.834467120181406,0.6117340363711122
HD,HH,sigma_tide,63,0.047619047619047616,0.047619047619047616,0.047619047619047616,0.018,2.6455026455026456,0.987476971479097
HD,HH,compression_ratio,63,0.07936507936507936,0.047619047619047616,0.07936507936507936,0.03,2.6455026455026456,-0.04570405823939817
HD,HH,kf_tension_pred_val,63,0.12698412698412698,0.12698412698412698,0.12698412698412698,0.048,2.645502645502645,0.6910592730920153
HD,HH,tension_tide,63,0.12698412698412698,0.1111111111111111,0.12698412698412698,0.052,2.4420024420024418,0.6784800540205007
HD,HH,tide_slope,63,0.09523809523809523,0.1111111111111111,0.1111111111111111,0.046,2.4154589371980677,-0.26441721675545016
HD,HH,kf_rvol_pred_val,63,0.06349206349206349,0.031746031746031744,0.09523809523809523,0.04,2.380952380952381,0.35300089044615973
HD,HH,rsi_value,63,0.06349206349206349,0.047619047619047616,0.06349206349206349,0.03,2.1164021164021163,1.1602266080568122
HD,HH,kf_rsi_filt_vel,63,0.06349206349206349,0.031746031746031744,0.07936507936507936,0.038,2.0885547201336676,0.8712720883964978
HD,HH,vwap_sigma_current,63,0.015873015873015872,0.031746031746031744,0.031746031746031744,0.02,1.5873015873015872,0.9626907739893444
HD,HH,sigma_current,63,0.031746031746031744,0.015873015873015872,0.031746031746031744,0.026,1.2210012210012209,0.9438355504713515
HD,HH,vwap_sigma_wave,63,0.015873015873015872,0.0,0.015873015873015872,0.024,0.6613756613756613,1.15947927083938
HD,HH,tension_current,63,0.015873015873015872,0.015873015873015872,0.015873015873015872,0.026,0.6105006105006104,-0.0033960283693723636
HD,HH,vwap_sigma_tide,63,0.0,0.0,0.0,0.008,0.0,0.46263579321395354
HD,LH,fear_level,55,0.16363636363636364,0.2,0.2,0.008,25.0,0.6728459634816301
HD,LH,kf_price_pred_val,55,0.2,0.21818181818181817,0.34545454545454546,0.018,19.191919191919194,1.3376357479667123
HD,LH,kf_price_filt_vel,55,0.23636363636363636,0.2545454545454545,0.36363636363636365,0.022,16.528925619834713,1.2125431326292777
HD,LH,wave_accel,55,0.23636363636363636,0.2909090909090909,0.32727272727272727,0.02,16.363636363636363,0.5404240932189077
HD,LH,kf_conj_filt_vel,55,0.21818181818181817,0.2909090909090909,0.32727272727272727,0.02,16.363636363636363,0.17067071512893897
HD,LH,vwap_sigma_tide,55,0.07272727272727272,0.12727272727272726,0.12727272727272726,0.008,15.909090909090907,-0.5149474716917838
HD,LH,kf_price_innovation,55,0.12727272727272726,0.2909090909090909,0.32727272727272727,0.024,13.636363636363637,0.91215464044137
HD,LH,conj_current_tide,55,0.14545454545454545,0.16363636363636364,0.16363636363636364,0.016,10.227272727272727,-0.2976252339609839
HD,LH,vwap_spread_current_wave,55,0.14545454545454545,0.14545454545454545,0.14545454545454545,0.016,9.09090909090909,0.45886993455544145
HD,LH,current_slope,55,0.16363636363636364,0.14545454545454545,0.16363636363636364,0.02,8.181818181818182,-0.4588260393799336
HD,LH,tension_wave,55,0.01818181818181818,0.05454545454545454,0.07272727272727272,0.01,7.2727272727272725,0.657867632150668
HD,LH,compression_ratio,55,0.18181818181818182,0.18181818181818182,0.2,0.03,6.666666666666667,0.6798714193389458
HD,LH,vwap_spread_tide_wave,55,0.09090909090909091,0.09090909090909091,0.09090909090909091,0.014,6.4935064935064934,0.4980773959561787
HD,LH,conj_wave_current,55,0.10909090909090909,0.10909090909090909,0.10909090909090909,0.022,4.958677685950414,-0.505903970841643
HD,LH,wave_slope,55,0.09090909090909091,0.12727272727272726,0.12727272727272726,0.026,4.895104895104895,-0.7339193505345163
HD,LH,conj_wave_tide,55,0.05454545454545454,0.12727272727272726,0.12727272727272726,0.026,4.895104895104895,-0.6134305878451537
HD,LH,sigma_wave,55,0.05454545454545454,0.10909090909090909,0.14545454545454545,0.034,4.27807486631016,0.8493150222845531
HD,LH,tension_current,55,0.10909090909090909,0.10909090909090909,0.10909090909090909,0.026,4.195804195804196,0.5823101504854714
HD,LH,kf_conj_pred_val,55,0.05454545454545454,0.10909090909090909,0.10909090909090909,0.026,4.195804195804196,-0.6021186173723068
HD,LH,sigma_tide,55,0.03636363636363636,0.07272727272727272,0.07272727272727272,0.018,4.040404040404041,-0.1530092727435157
HD,LH,kf_rsi_filt_vel,55,0.09090909090909091,0.09090909090909091,0.14545454545454545,0.038,3.827751196172249,1.0125431250536991
HD,LH,vwap_sigma_current,55,0.01818181818181818,0.07272727272727272,0.07272727272727272,0.02,3.6363636363636362,-0.18800026920722782
HD,LH,sigma_current,55,0.01818181818181818,0.09090909090909091,0.09090909090909091,0.026,3.4965034965034967,0.3838312076400835
HD,LH,tide_slope,55,0.12727272727272726,0.12727272727272726,0.12727272727272726,0.046,2.7667984189723316,-0.41583921260111556
HD,LH,kf_tension_filt_vel,55,0.07272727272727272,0.09090909090909091,0.12727272727272726,0.046,2.7667984189723316,0.6100639247070977
HD,LH,current_accel,55,0.09090909090909091,0.10909090909090909,0.10909090909090909,0.042,2.597402597402597,-0.21304188114595612
HD,LH,vwap_sigma_wave,55,0.0,0.05454545454545454,0.05454545454545454,0.024,2.2727272727272725,0.16894744473280457
HD,LH,kf_tension_pred_val,55,0.09090909090909091,0.07272727272727272,0.09090909090909091,0.048,1.893939393939394,0.39150475413241
HD,LH,kf_rvol_pred_val,55,0.05454545454545454,0.03636363636363636,0.07272727272727272,0.04,1.8181818181818181,0.02092952321374853
HD,LH,tension_tide,55,0.09090909090909091,0.07272727272727272,0.09090909090909091,0.052,1.7482517482517483,0.3868971839871719
HD,LH,vwap_spread_tide_current,55,0.05454545454545454,0.05454545454545454,0.05454545454545454,0.032,1.7045454545454544,0.40141459720716566
HD,LH,kf_rvol_filt_vel,55,0.03636363636363636,0.03636363636363636,0.07272727272727272,0.044,1.6528925619834711,0.05388455051165593
HD,LH,tide_accel,55,0.07272727272727272,0.07272727272727272,0.09090909090909091,0.056,1.6233766233766234,0.0012678250598054375
HD,LH,kf_rsi_pred_val,55,0.0,0.01818181818181818,0.01818181818181818,0.028,0.6493506493506493,0.12868510686335777
HD,LH,rsi_value,55,0.0,0.01818181818181818,0.01818181818181818,0.03,0.6060606060606061,0.09352737780750198
HON,LL,sigma_tide,48,0.4375,0.3125,0.4375,0.01,43.75,-1.7844455832086992
HON,LL,wave_slope,48,0.20833333333333334,0.20833333333333334,0.22916666666666666,0.008,28.645833333333332,-1.315996762031412
HON,LL,vwap_sigma_current,48,0.5416666666666666,0.3958333333333333,0.5416666666666666,0.022,24.62121212121212,-2.006151460583954
HON,LL,kf_price_filt_vel,48,0.1875,0.3333333333333333,0.375,0.018,20.833333333333336,-1.0958743638628305
HON,LL,kf_price_pred_val,48,0.3958333333333333,0.4166666666666667,0.5416666666666666,0.026,20.833333333333332,-1.9835549846044984
HON,LL,kf_conj_pred_val,48,0.16666666666666666,0.16666666666666666,0.1875,0.01,18.75,-1.2135954559512918
HON,LL,kf_price_innovation,48,0.10416666666666667,0.375,0.375,0.022,17.045454545454547,-0.3858740168330268
HON,LL,rsi_value,48,0.4791666666666667,0.3333333333333333,0.5,0.03,16.666666666666668,-2.007055114576055
HON,LL,current_slope,48,0.16666666666666666,0.16666666666666666,0.16666666666666666,0.01,16.666666666666664,-1.0875614193251513
HON,LL,current_accel,48,0.22916666666666666,0.22916666666666666,0.2916666666666667,0.018,16.203703703703706,-1.3887861397377803
HON,LL,conj_wave_tide,48,0.16666666666666666,0.16666666666666666,0.16666666666666666,0.012,13.888888888888888,-1.1618538763647186
HON,LL,vwap_sigma_tide,48,0.4166666666666667,0.3333333333333333,0.4166666666666667,0.032,13.020833333333334,-1.733173609075773
HON,LL,vwap_sigma_wave,48,0.25,0.22916666666666666,0.3125,0.024,13.020833333333334,-1.8211047604281727
HON,LL,kf_rsi_pred_val,48,0.4375,0.2916666666666667,0.4583333333333333,0.036,12.731481481481483,-1.9576252040328501
HON,LL,wave_accel,48,0.3333333333333333,0.3333333333333333,0.3958333333333333,0.032,12.369791666666666,-1.6832744416691139
HON,LL,conj_current_tide,48,0.16666666666666666,0.14583333333333334,0.16666666666666666,0.014,11.904761904761903,-0.9256524478379461
HON,LL,vwap_spread_current_wave,48,0.125,0.14583333333333334,0.14583333333333334,0.014,10.416666666666668,0.9128763657844816
HON,LL,vwap_spread_tide_wave,48,0.14583333333333334,0.14583333333333334,0.14583333333333334,0.016,9.114583333333334,0.6680722171563659
HON,LL,tide_slope,48,0.10416666666666667,0.08333333333333333,0.10416666666666667,0.012,8.680555555555555,-0.34872563813460333
HON,LL,kf_conj_filt_vel,48,0.2708333333333333,0.22916666666666666,0.2916666666666667,0.034,8.57843137254902,-1.2788187984123884
HON,LL,sigma_wave,48,0.10416666666666667,0.16666666666666666,0.20833333333333334,0.026,8.012820512820513,-1.323131840910787
HON,LL,conj_wave_current,48,0.22916666666666666,0.20833333333333334,0.22916666666666666,0.03,7.638888888888889,-0.7096074011947366
HON,LL,sigma_current,48,0.22916666666666666,0.20833333333333334,0.25,0.034,7.352941176470588,-1.5194274022887704
HON,LL,tide_accel,48,0.25,0.22916666666666666,0.25,0.034,7.352941176470588,-1.2419540536018767
HON,LL,kf_rvol_pred_val,48,0.22916666666666666,0.16666666666666666,0.3333333333333333,0.048,6.944444444444444,0.9004307273965434
HON,LL,vwap_spread_tide_current,48,0.125,0.125,0.125,0.02,6.25,0.49877766847999094
HON,LL,fear_level,48,0.20833333333333334,0.1875,0.20833333333333334,0.042,4.9603174603174605,0.9868953914873488
HON,LL,kf_tension_pred_val,48,0.14583333333333334,0.125,0.16666666666666666,0.034,4.901960784313725,-0.3142920309512684
HON,LL,kf_rvol_filt_vel,48,0.14583333333333334,0.16666666666666666,0.3125,0.068,4.595588235294118,0.472943819579082
HON,LL,tension_tide,48,0.125,0.125,0.14583333333333334,0.036,4.0509259259259265,-0.29097508996102167
HON,LL,kf_rsi_filt_vel,48,0.0625,0.0625,0.0625,0.016,3.90625,-1.0927412934124654
HON,LL,kf_tension_filt_vel,48,0.10416666666666667,0.08333333333333333,0.10416666666666667,0.04,2.6041666666666665,-0.5523708627434968
HON,LL,compression_ratio,48,0.08333333333333333,0.041666666666666664,0.08333333333333333,0.036,2.314814814814815,0.3683171504447911
HON,LL,tension_current,48,0.0,0.041666666666666664,0.041666666666666664,0.03,1.3888888888888888,0.4487494769478048
HON,LL,tension_wave,48,0.0,0.0,0.0,0.022,0.0,0.5260150585329719
HON,HL,wave_slope,56,0.08928571428571429,0.125,0.125,0.008,15.625,-0.24266984895749857
HON,HL,current_slope,56,0.14285714285714285,0.14285714285714285,0.14285714285714285,0.01,14.285714285714285,-0.14581396783003006
HON,HL,kf_rsi_filt_vel,56,0.16071428571428573,0.125,0.21428571428571427,0.016,13.392857142857142,-1.3038027751328138
HON,HL,conj_current_tide,56,0.17857142857142858,0.17857142857142858,0.17857142857142858,0.014,12.755102040816327,-0.022402206953042576
HON,HL,vwap_spread_current_wave,56,0.17857142857142858,0.17857142857142858,0.17857142857142858,0.014,12.755102040816327,0.062289928827779346
HON,HL,kf_conj_pred_val,56,0.10714285714285714,0.125,0.125,0.01,12.5,-0.16820652072957823
HON,HL,kf_price_pred_val,56,0.25,0.14285714285714285,0.32142857142857145,0.026,12.362637362637365,-1.4573811897223994
HON,HL,kf_price_filt_vel,56,0.16071428571428573,0.125,0.21428571428571427,0.018,11.904761904761905,-1.002306866884618
HON,HL,conj_wave_tide,56,0.125,0.125,0.14285714285714285,0.012,11.904761904761903,-0.14497992782645425
HON,HL,kf_price_innovation,56,0.05357142857142857,0.21428571428571427,0.25,0.022,11.363636363636365,-0.46040741545123115
HON,HL,sigma_tide,56,0.10714285714285714,0.03571428571428571,0.10714285714285714,0.01,10.714285714285714,-0.7327765808145149
HON,HL,tide_slope,56,0.125,0.125,0.125,0.012,10.416666666666666,-0.27057190333771863
HON,HL,current_accel,56,0.08928571428571429,0.125,0.16071428571428573,0.018,8.92857142857143,-0.6276114040302377
HON,HL,vwap_sigma_wave,56,0.21428571428571427,0.03571428571428571,0.21428571428571427,0.024,8.928571428571427,-1.3161119057052058
HON,HL,wave_accel,56,0.21428571428571427,0.19642857142857142,0.2857142857142857,0.032,8.928571428571427,-0.8349117639917408
HON,HL,vwap_spread_tide_wave,56,0.14285714285714285,0.125,0.14285714285714285,0.016,8.928571428571427,0.23226367392009534
HON,HL,sigma_current,56,0.23214285714285715,0.14285714285714285,0.26785714285714285,0.034,7.878151260504201,-1.181451875237735
HON,HL,vwap_spread_tide_current,56,0.14285714285714285,0.14285714285714285,0.14285714285714285,0.02,7.142857142857142,0.25718701717257647
HON,HL,kf_tension_pred_val,56,0.21428571428571427,0.21428571428571427,0.23214285714285715,0.034,6.8277310924369745,-0.23622770836525153
HON,HL,tension_tide,56,0.21428571428571427,0.19642857142857142,0.21428571428571427,0.036,5.9523809523809526,-0.20260144820997397
HON,HL,kf_conj_filt_vel,56,0.16071428571428573,0.17857142857142858,0.19642857142857142,0.034,5.777310924369748,-0.5559010196183997
HON,HL,sigma_wave,56,0.08928571428571429,0.08928571428571429,0.125,0.026,4.8076923076923075,-1.2229519825044792
HON,HL,tension_current,56,0.03571428571428571,0.125,0.125,0.03,4.166666666666667,-0.2960018875538288
HON,HL,kf_tension_filt_vel,56,0.16071428571428573,0.125,0.16071428571428573,0.04,4.017857142857143,-0.9094807038769864
HON,HL,kf_rsi_pred_val,56,0.14285714285714285,0.05357142857142857,0.14285714285714285,0.036,3.9682539682539684,-1.2922261244147408
HON,HL,conj_wave_current,56,0.07142857142857142,0.10714285714285714,0.10714285714285714,0.03,3.571428571428571,-0.19073324145614134
HON,HL,rsi_value,56,0.10714285714285714,0.03571428571428571,0.10714285714285714,0.03,3.571428571428571,-1.2895262143523951
HON,HL,tide_accel,56,0.08928571428571429,0.10714285714285714,0.10714285714285714,0.034,3.15126050420168,-0.49263034728255556
HON,HL,kf_rvol_pred_val,56,0.125,0.07142857142857142,0.14285714285714285,0.048,2.976190476190476,0.5859853368803087
HON,HL,kf_rvol_filt_vel,56,0.10714285714285714,0.10714285714285714,0.19642857142857142,0.068,2.888655462184874,0.4359384825953941
HON,HL,vwap_sigma_current,56,0.03571428571428571,0.017857142857142856,0.05357142857142857,0.022,2.435064935064935,-0.9341201927878561
HON,HL,vwap_sigma_tide,56,0.07142857142857142,0.05357142857142857,0.07142857142857142,0.032,2.2321428571428568,-0.6340899405520576
HON,HL,fear_level,56,0.08928571428571429,0.08928571428571429,0.08928571428571429,0.042,2.1258503401360542,0.3897206890402512
HON,HL,compression_ratio,56,0.03571428571428571,0.05357142857142857,0.05357142857142857,0.036,1.4880952380952381,0.19695807730119824
HON,HL,tension_wave,56,0.0,0.017857142857142856,0.017857142857142856,0.022,0.8116883116883117,0.10336671546322165
HON,HH,wave_slope,59,0.1694915254237288,0.15254237288135594,0.1694915254237288,0.008,21.1864406779661,0.5252145286822069
HON,HH,kf_conj_pred_val,59,0.2033898305084746,0.2033898305084746,0.2033898305084746,0.01,20.33898305084746,0.5788506908897614
HON,HH,conj_wave_tide,59,0.2033898305084746,0.2033898305084746,0.2033898305084746,0.012,16.949152542372882,0.5497077984021013
HON,HH,current_slope,59,0.11864406779661017,0.11864406779661017,0.11864406779661017,0.01,11.864406779661017,0.2961400928621641
HON,HH,conj_current_tide,59,0.15254237288135594,0.15254237288135594,0.15254237288135594,0.014,10.89588377723971,0.3483475384749501
HON,HH,tide_slope,59,0.1016949152542373,0.1016949152542373,0.1016949152542373,0.012,8.474576271186441,-0.1169569629552783
HON,HH,current_accel,59,0.11864406779661017,0.15254237288135594,0.15254237288135594,0.018,8.474576271186441,0.8181362352825902
HON,HH,vwap_spread_current_wave,59,0.0847457627118644,0.11864406779661017,0.11864406779661017,0.014,8.474576271186441,-0.21753083340046928
HON,HH,kf_price_pred_val,59,0.13559322033898305,0.15254237288135594,0.2033898305084746,0.026,7.822685788787485,0.9847974484671822
HON,HH,kf_price_filt_vel,59,0.01694915254237288,0.1016949152542373,0.11864406779661017,0.018,6.5913370998116765,0.5953869665902402
HON,HH,vwap_spread_tide_wave,59,0.0847457627118644,0.1016949152542373,0.1016949152542373,0.016,6.3559322033898304,0.028866532472479806
HON,HH,conj_wave_current,59,0.11864406779661017,0.1694915254237288,0.1694915254237288,0.03,5.649717514124294,0.43408327533836455
HON,HH,sigma_tide,59,0.05084745762711865,0.03389830508474576,0.05084745762711865,0.01,5.084745762711865,0.841712533898547
HON,HH,vwap_spread_tide_current,59,0.1016949152542373,0.1016949152542373,0.1016949152542373,0.02,5.084745762711865,0.10480359454155012
HON,HH,wave_accel,59,0.11864406779661017,0.11864406779661017,0.13559322033898305,0.032,4.237288135593221,0.7622960146103449
HON,HH,kf_rsi_filt_vel,59,0.05084745762711865,0.05084745762711865,0.06779661016949153,0.016,4.237288135593221,0.842661186925577
HON,HH,kf_conj_filt_vel,59,0.13559322033898305,0.13559322033898305,0.13559322033898305,0.034,3.9880358923230306,0.6149294987515281
HON,HH,rsi_value,59,0.1016949152542373,0.06779661016949153,0.11864406779661017,0.03,3.954802259887006,1.2079830912625953
HON,HH,tension_wave,59,0.03389830508474576,0.0847457627118644,0.0847457627118644,0.022,3.852080123266564,-0.29645286208907096
HON,HH,kf_price_innovation,59,0.03389830508474576,0.0847457627118644,0.0847457627118644,0.022,3.852080123266564,0.29408322348425964
HON,HH,kf_tension_filt_vel,59,0.13559322033898305,0.11864406779661017,0.15254237288135594,0.04,3.8135593220338984,0.758350165670997
HON,HH,tide_accel,59,0.11864406779661017,0.11864406779661017,0.11864406779661017,0.034,3.489531405782652,0.4814113277600788
HON,HH,sigma_wave,59,0.06779661016949153,0.03389830508474576,0.0847457627118644,0.026,3.259452411994785,0.8679636231750186
HON,HH,kf_tension_pred_val,59,0.0847457627118644,0.1016949152542373,0.1016949152542373,0.034,2.991026919242273,0.4717529900608364
HON,HH,tension_tide,59,0.1016949152542373,0.1016949152542373,0.1016949152542373,0.036,2.8248587570621475,0.4512574323767662
HON,HH,vwap_sigma_wave,59,0.05084745762711865,0.03389830508474576,0.06779661016949153,0.024,2.8248587570621466,1.1480161209218667
HON,HH,kf_rsi_pred_val,59,0.06779661016949153,0.03389830508474576,0.0847457627118644,0.036,2.354048964218456,1.1697008564748808
HON,HH,compression_ratio,59,0.05084745762711865,0.06779661016949153,0.06779661016949153,0.036,1.8832391713747647,-0.06782179767326772
HON,HH,sigma_current,59,0.05084745762711865,0.01694915254237288,0.05084745762711865,0.034,1.4955134596211366,1.0107249581251672
HON,HH,kf_rvol_pred_val,59,0.01694915254237288,0.05084745762711865,0.06779661016949153,0.048,1.4124293785310733,0.014411717504172122
HON,HH,kf_rvol_filt_vel,59,0.03389830508474576,0.06779661016949153,0.0847457627118644,0.068,1.246261216350947,0.0597935201063026
HON,HH,fear_level,59,0.03389830508474576,0.05084745762711865,0.05084745762711865,0.042,1.2106537530266344,-0.5720875785857967
HON,HH,vwap_sigma_current,59,0.01694915254237288,0.0,0.01694915254237288,0.022,0.7704160246533128,1.0965598932638578
HON,HH,tension_current,59,0.01694915254237288,0.01694915254237288,0.01694915254237288,0.03,0.5649717514124294,-0.05329593173139893
HON,HH,vwap_sigma_tide,59,0.01694915254237288,0.01694915254237288,0.01694915254237288,0.032,0.5296610169491526,0.5242310966167246
HON,LH,current_slope,45,0.2222222222222222,0.2222222222222222,0.2222222222222222,0.01,22.22222222222222,-0.8747685344602502
HON,LH,kf_conj_pred_val,45,0.2,0.2,0.2,0.01,20.0,-0.6556238180278244
HON,LH,vwap_spread_current_wave,45,0.24444444444444444,0.2222222222222222,0.24444444444444444,0.014,17.46031746031746,0.7701827049631973
HON,LH,kf_price_filt_vel,45,0.24444444444444444,0.24444444444444444,0.3111111111111111,0.018,17.283950617283953,1.2881380866807022
HON,LH,wave_slope,45,0.13333333333333333,0.13333333333333333,0.13333333333333333,0.008,16.666666666666668,-0.8430746725117002
HON,LH,conj_wave_tide,45,0.2,0.17777777777777778,0.2,0.012,16.666666666666668,-0.6739524392034758
HON,LH,kf_price_pred_val,45,0.24444444444444444,0.3111111111111111,0.4222222222222222,0.026,16.23931623931624,1.422782994589529
HON,LH,kf_price_innovation,45,0.2222222222222222,0.26666666666666666,0.35555555555555557,0.022,16.161616161616163,0.9468254608868326
HON,LH,conj_current_tide,45,0.2222222222222222,0.2222222222222222,0.2222222222222222,0.014,15.873015873015872,-0.6752525970369814
HON,LH,sigma_tide,45,0.1111111111111111,0.15555555555555556,0.15555555555555556,0.01,15.555555555555555,-0.25109008207954103
HON,LH,wave_accel,45,0.2,0.28888888888888886,0.3111111111111111,0.032,9.722222222222221,0.4466418150998514
HON,LH,vwap_spread_tide_wave,45,0.15555555555555556,0.15555555555555556,0.15555555555555556,0.016,9.722222222222221,0.6977955424584887
HON,LH,tide_slope,45,0.1111111111111111,0.1111111111111111,0.1111111111111111,0.012,9.259259259259258,-0.43297090843340824
HON,LH,current_accel,45,0.044444444444444446,0.15555555555555556,0.15555555555555556,0.018,8.641975308641976,0.0044711653049780515
HON,LH,kf_conj_filt_vel,45,0.2222222222222222,0.24444444444444444,0.26666666666666666,0.034,7.8431372549019605,0.21359550413939601
HON,LH,vwap_spread_tide_current,45,0.15555555555555556,0.15555555555555556,0.15555555555555556,0.02,7.777777777777778,0.5752752503642441
HON,LH,tension_wave,45,0.08888888888888889,0.15555555555555556,0.15555555555555556,0.022,7.070707070707071,0.6865603092608084
HON,LH,vwap_sigma_tide,45,0.1111111111111111,0.2,0.2,0.032,6.25,-0.5123833542013584
HON,LH,tide_accel,45,0.15555555555555556,0.2,0.2,0.034,5.88235294117647,-0.5232617613258225
HON,LH,conj_wave_current,45,0.15555555555555556,0.15555555555555556,0.15555555555555556,0.03,5.185185185185185,-0.25981331036396144
HON,LH,tension_current,45,0.15555555555555556,0.1111111111111111,0.15555555555555556,0.03,5.185185185185185,0.7778071231765225
HON,LH,kf_rvol_pred_val,45,0.08888888888888889,0.13333333333333333,0.2222222222222222,0.048,4.629629629629629,0.05475405902191354
HON,LH,kf_rsi_filt_vel,45,0.06666666666666667,0.0,0.06666666666666667,0.016,4.166666666666667,1.0442761443597626
HON,LH,vwap_sigma_current,45,0.0,0.08888888888888889,0.08888888888888889,0.022,4.040404040404041,-0.09015274006672441
HON,LH,rsi_value,45,0.06666666666666667,0.1111111111111111,0.1111111111111111,0.03,3.7037037037037037,0.18102008647270115
HON,LH,sigma_wave,45,0.022222222222222223,0.06666666666666667,0.08888888888888889,0.026,3.418803418803419,0.9410043463973564
HON,LH,sigma_current,45,0.022222222222222223,0.08888888888888889,0.1111111111111111,0.034,3.26797385620915,0.6428655591356155
HON,LH,kf_tension_pred_val,45,0.08888888888888889,0.1111111111111111,0.1111111111111111,0.034,3.26797385620915,0.2640239302199931
HON,LH,fear_level,45,0.13333333333333333,0.13333333333333333,0.13333333333333333,0.042,3.1746031746031744,0.6458374928334468
HON,LH,tension_tide,45,0.08888888888888889,0.1111111111111111,0.1111111111111111,0.036,3.0864197530864197,0.24652365672667828
HON,LH,kf_rsi_pred_val,45,0.06666666666666667,0.1111111111111111,0.1111111111111111,0.036,3.0864197530864197,0.21949558088289692
HON,LH,kf_rvol_filt_vel,45,0.15555555555555556,0.08888888888888889,0.2,0.068,2.941176470588235,-0.14674922770219104
HON,LH,compression_ratio,45,0.08888888888888889,0.08888888888888889,0.08888888888888889,0.036,2.469135802469136,0.2052502364047235
HON,LH,vwap_sigma_wave,45,0.0,0.044444444444444446,0.044444444444444446,0.024,1.8518518518518519,0.27803330164997725
HON,LH,kf_tension_filt_vel,45,0.06666666666666667,0.022222222222222223,0.06666666666666667,0.04,1.6666666666666665,0.6802311901183196
IBM,LL,vwap_sigma_current,48,0.25,0.14583333333333334,0.25,0.012,20.833333333333332,-1.6037161995054674
IBM,LL,kf_price_pred_val,48,0.4166666666666667,0.3333333333333333,0.5833333333333334,0.03,19.444444444444446,-1.9461577876641913
IBM,LL,kf_price_filt_vel,48,0.1875,0.2708333333333333,0.3541666666666667,0.022,16.09848484848485,-1.152842119803615
IBM,LL,kf_price_innovation,48,0.10416666666666667,0.22916666666666666,0.2708333333333333,0.018,15.046296296296296,-0.4597132914848765
IBM,LL,vwap_sigma_wave,48,0.25,0.16666666666666666,0.2916666666666667,0.02,14.583333333333334,-1.6613837915942622
IBM,LL,kf_rsi_filt_vel,48,0.125,0.1875,0.20833333333333334,0.018,11.574074074074076,-1.2154094274715193
IBM,LL,vwap_sigma_tide,48,0.25,0.20833333333333334,0.2708333333333333,0.034,7.965686274509803,-1.4035655647322833
IBM,LL,sigma_current,48,0.25,0.14583333333333334,0.25,0.032,7.8125,-1.3440713694915287
IBM,LL,current_slope,48,0.10416666666666667,0.125,0.125,0.016,7.8125,-0.7446399359243875
IBM,LL,kf_rsi_pred_val,48,0.2708333333333333,0.125,0.2916666666666667,0.038,7.675438596491229,-1.6612766946956337
IBM,LL,current_accel,48,0.2708333333333333,0.20833333333333334,0.2708333333333333,0.038,7.12719298245614,-1.0175686173023764
IBM,LL,rsi_value,48,0.3125,0.1875,0.3125,0.044,7.1022727272727275,-1.6865696493261044
IBM,LL,tide_accel,48,0.20833333333333334,0.1875,0.22916666666666666,0.034,6.740196078431372,-1.0759544097453442
IBM,LL,sigma_wave,48,0.14583333333333334,0.125,0.1875,0.03,6.25,-1.3709719425054898
IBM,LL,kf_rvol_pred_val,48,0.10416666666666667,0.14583333333333334,0.1875,0.03,6.25,0.6045962076844292
IBM,LL,vwap_spread_current_wave,48,0.125,0.125,0.125,0.022,5.6818181818181825,0.6068398359848798
IBM,LL,sigma_tide,48,0.25,0.1875,0.2708333333333333,0.048,5.642361111111111,-1.496928897997541
IBM,LL,wave_accel,48,0.25,0.14583333333333334,0.2708333333333333,0.048,5.642361111111111,-1.3355603387012245
IBM,LL,wave_slope,48,0.125,0.125,0.14583333333333334,0.032,4.557291666666667,-0.789519370129533
IBM,LL,kf_tension_filt_vel,48,0.16666666666666666,0.16666666666666666,0.1875,0.05,3.75,-0.9659062482829563
IBM,LL,kf_rvol_filt_vel,48,0.0625,0.14583333333333334,0.16666666666666666,0.046,3.623188405797101,0.27571291566214334
IBM,LL,compression_ratio,48,0.10416666666666667,0.10416666666666667,0.10416666666666667,0.03,3.4722222222222223,0.4476015412901222
IBM,LL,kf_conj_filt_vel,48,0.14583333333333334,0.14583333333333334,0.16666666666666666,0.056,2.976190476190476,-0.945038057639206
IBM,LL,kf_tension_pred_val,48,0.08333333333333333,0.08333333333333333,0.08333333333333333,0.03,2.7777777777777777,-0.2078496341059722
IBM,LL,conj_current_tide,48,0.08333333333333333,0.10416666666666667,0.10416666666666667,0.04,2.6041666666666665,-0.613596255663161
IBM,LL,conj_wave_current,48,0.10416666666666667,0.10416666666666667,0.10416666666666667,0.04,2.6041666666666665,-0.32866536648763645
IBM,LL,vwap_spread_tide_wave,48,0.0625,0.08333333333333333,0.08333333333333333,0.034,2.4509803921568625,0.5976904341481627
IBM,LL,tension_tide,48,0.0625,0.0625,0.0625,0.028,2.232142857142857,-0.17707695072249918
IBM,LL,kf_conj_pred_val,48,0.125,0.10416666666666667,0.125,0.056,2.232142857142857,-0.7074165610470261
IBM,LL,conj_wave_tide,48,0.10416666666666667,0.10416666666666667,0.10416666666666667,0.056,1.8601190476190477,-0.6707202495856451
IBM,LL,tide_slope,48,0.041666666666666664,0.041666666666666664,0.041666666666666664,0.026,1.6025641025641026,-0.29634562697317296
IBM,LL,vwap_spread_tide_current,48,0.041666666666666664,0.041666666666666664,0.041666666666666664,0.034,1.2254901960784312,0.5258755269458838
IBM,LL,tension_current,48,0.020833333333333332,0.0,0.020833333333333332,0.032,0.6510416666666666,0.19957209961618863
IBM,LL,tension_wave,48,0.020833333333333332,0.0,0.020833333333333332,0.038,0.5482456140350876,0.24760966191530334
IBM,LL,fear_level,48,0.0,0.0,0.0,0.0,0.0,0.737534927791598
IBM,HL,kf_rsi_filt_vel,60,0.21666666666666667,0.21666666666666667,0.2833333333333333,0.018,15.740740740740742,-1.3136127566514402
IBM,HL,kf_price_filt_vel,60,0.16666666666666666,0.15,0.26666666666666666,0.022,12.121212121212121,-0.9425174759255142
IBM,HL,kf_price_innovation,60,0.13333333333333333,0.15,0.21666666666666667,0.018,12.037037037037038,-0.3442048262587731
IBM,HL,kf_price_pred_val,60,0.25,0.16666666666666666,0.35,0.03,11.666666666666666,-1.4174649183991057
IBM,HL,current_slope,60,0.15,0.16666666666666666,0.16666666666666666,0.016,10.416666666666666,-0.11283296877141989
IBM,HL,vwap_sigma_current,60,0.1,0.06666666666666667,0.1,0.012,8.333333333333334,-0.9712324710924432
IBM,HL,kf_rvol_pred_val,60,0.16666666666666666,0.13333333333333333,0.25,0.03,8.333333333333334,0.48668324176352057
IBM,HL,sigma_wave,60,0.2,0.13333333333333333,0.21666666666666667,0.03,7.222222222222222,-1.1666417012055206
IBM,HL,sigma_current,60,0.21666666666666667,0.15,0.21666666666666667,0.032,6.770833333333333,-1.2167609981921994
IBM,HL,tension_tide,60,0.13333333333333333,0.11666666666666667,0.15,0.028,5.357142857142857,-0.35474032883039414
IBM,HL,vwap_spread_current_wave,60,0.11666666666666667,0.11666666666666667,0.11666666666666667,0.022,5.303030303030304,0.044416330935362576
IBM,HL,kf_rvol_filt_vel,60,0.13333333333333333,0.13333333333333333,0.23333333333333334,0.046,5.072463768115942,0.2844189027615103
IBM,HL,vwap_sigma_wave,60,0.08333333333333333,0.06666666666666667,0.1,0.02,5.0,-1.1065400846753024
IBM,HL,conj_current_tide,60,0.18333333333333332,0.16666666666666666,0.18333333333333332,0.04,4.583333333333333,-0.12279441828619173
IBM,HL,kf_tension_pred_val,60,0.11666666666666667,0.11666666666666667,0.13333333333333333,0.03,4.444444444444445,-0.3838472818819556
IBM,HL,current_accel,60,0.11666666666666667,0.1,0.15,0.038,3.9473684210526314,-0.8853662593893394
IBM,HL,wave_accel,60,0.18333333333333332,0.15,0.18333333333333332,0.048,3.819444444444444,-0.8020341554489098
IBM,HL,wave_slope,60,0.11666666666666667,0.11666666666666667,0.11666666666666667,0.032,3.6458333333333335,-0.2865367948376135
IBM,HL,tension_current,60,0.1,0.1,0.11666666666666667,0.032,3.6458333333333335,-0.3092721086077019
IBM,HL,tide_accel,60,0.1,0.11666666666666667,0.11666666666666667,0.034,3.4313725490196076,-0.5485299378363083
IBM,HL,compression_ratio,60,0.08333333333333333,0.06666666666666667,0.1,0.03,3.3333333333333335,0.28053117891106355
IBM,HL,kf_tension_filt_vel,60,0.15,0.13333333333333333,0.16666666666666666,0.05,3.333333333333333,-0.9163872357255589
IBM,HL,conj_wave_tide,60,0.15,0.16666666666666666,0.18333333333333332,0.056,3.2738095238095237,-0.2879806907760155
IBM,HL,kf_conj_pred_val,60,0.13333333333333333,0.16666666666666666,0.16666666666666666,0.056,2.976190476190476,-0.30633966279844527
IBM,HL,vwap_spread_tide_current,60,0.08333333333333333,0.1,0.1,0.034,2.941176470588235,0.0006582399537345064
IBM,HL,tide_slope,60,0.06666666666666667,0.06666666666666667,0.06666666666666667,0.026,2.5641025641025643,0.026216991100087288
IBM,HL,conj_wave_current,60,0.05,0.1,0.1,0.04,2.5,-0.34160914069535636
IBM,HL,vwap_spread_tide_wave,60,0.08333333333333333,0.08333333333333333,0.08333333333333333,0.034,2.4509803921568625,0.00631786507469899
IBM,HL,kf_conj_filt_vel,60,0.11666666666666667,0.13333333333333333,0.13333333333333333,0.056,2.380952380952381,-0.5205313016640513
IBM,HL,tension_wave,60,0.05,0.06666666666666667,0.08333333333333333,0.038,2.1929824561403506,-0.1034981360958637
IBM,HL,kf_rsi_pred_val,60,0.08333333333333333,0.06666666666666667,0.08333333333333333,0.038,2.1929824561403506,-1.1971613233482468
IBM,HL,rsi_value,60,0.08333333333333333,0.05,0.08333333333333333,0.044,1.893939393939394,-1.163589923702482
IBM,HL,sigma_tide,60,0.08333333333333333,0.06666666666666667,0.08333333333333333,0.048,1.736111111111111,-0.7366455054303671
IBM,HL,vwap_sigma_tide,60,0.016666666666666666,0.016666666666666666,0.016666666666666666,0.034,0.49019607843137253,-0.4415154501791077
IBM,HL,fear_level,60,0.0,0.0,0.0,0.0,0.0,0.10448520315800934
IBM,HH,current_slope,61,0.18032786885245902,0.19672131147540983,0.19672131147540983,0.016,12.295081967213115,0.24585762744470097
IBM,HH,kf_price_innovation,61,0.09836065573770492,0.13114754098360656,0.19672131147540983,0.018,10.928961748633881,0.3830393885750996
IBM,HH,vwap_spread_current_wave,61,0.16393442622950818,0.16393442622950818,0.16393442622950818,0.022,7.451564828614009,-0.14955726059716243
IBM,HH,kf_price_pred_val,61,0.11475409836065574,0.11475409836065574,0.21311475409836064,0.03,7.103825136612022,1.0023707472735721
IBM,HH,kf_rvol_pred_val,61,0.16393442622950818,0.08196721311475409,0.21311475409836064,0.03,7.103825136612022,0.6878590908670837
IBM,HH,vwap_sigma_current,61,0.04918032786885246,0.06557377049180328,0.08196721311475409,0.012,6.830601092896174,1.1740523204039364
IBM,HH,kf_price_filt_vel,61,0.08196721311475409,0.09836065573770492,0.14754098360655737,0.022,6.7064083457526085,0.5394962923741451
IBM,HH,rsi_value,61,0.21311475409836064,0.14754098360655737,0.21311475409836064,0.044,4.843517138599106,1.3018254021007698
IBM,HH,current_accel,61,0.14754098360655737,0.14754098360655737,0.18032786885245902,0.038,4.745470232959448,0.8887735500345043
IBM,HH,kf_rsi_pred_val,61,0.18032786885245902,0.13114754098360656,0.18032786885245902,0.038,4.745470232959448,1.2681814140644532
IBM,HH,kf_rsi_filt_vel,61,0.06557377049180328,0.04918032786885246,0.08196721311475409,0.018,4.553734061930784,0.8946022216161252
IBM,HH,sigma_wave,61,0.08196721311475409,0.09836065573770492,0.13114754098360656,0.03,4.371584699453552,1.0476091059314618
IBM,HH,kf_rvol_filt_vel,61,0.13114754098360656,0.08196721311475409,0.19672131147540983,0.046,4.276550249465431,0.6710300918557103
IBM,HH,sigma_current,61,0.13114754098360656,0.09836065573770492,0.13114754098360656,0.032,4.0983606557377055,1.101204116355546
IBM,HH,conj_current_tide,61,0.16393442622950818,0.16393442622950818,0.16393442622950818,0.04,4.098360655737705,0.26755536704355265
IBM,HH,tide_accel,61,0.09836065573770492,0.11475409836065574,0.13114754098360656,0.034,3.8572806171648986,0.5648366887907923
IBM,HH,conj_wave_current,61,0.13114754098360656,0.13114754098360656,0.14754098360655737,0.04,3.6885245901639343,0.41589187924236515
IBM,HH,vwap_sigma_wave,61,0.03278688524590164,0.04918032786885246,0.06557377049180328,0.02,3.278688524590164,1.2271007527653097
IBM,HH,wave_slope,61,0.08196721311475409,0.09836065573770492,0.09836065573770492,0.032,3.0737704918032787,0.4364834431915383
IBM,HH,vwap_spread_tide_current,61,0.09836065573770492,0.09836065573770492,0.09836065573770492,0.034,2.8929604628736736,0.018284530666771
IBM,HH,vwap_spread_tide_wave,61,0.09836065573770492,0.09836065573770492,0.09836065573770492,0.034,2.8929604628736736,-0.022364703187569272
IBM,HH,wave_accel,61,0.09836065573770492,0.11475409836065574,0.13114754098360656,0.048,2.73224043715847,0.8837610406503894
IBM,HH,kf_tension_filt_vel,61,0.09836065573770492,0.08196721311475409,0.13114754098360656,0.05,2.622950819672131,0.6189930448609458
IBM,HH,kf_conj_filt_vel,61,0.09836065573770492,0.11475409836065574,0.11475409836065574,0.056,2.0491803278688523,0.6781527168827988
IBM,HH,conj_wave_tide,61,0.06557377049180328,0.09836065573770492,0.09836065573770492,0.056,1.756440281030445,0.44440284736402047
IBM,HH,tension_tide,61,0.04918032786885246,0.04918032786885246,0.04918032786885246,0.028,1.756440281030445,0.38532277736518367
IBM,HH,kf_conj_pred_val,61,0.04918032786885246,0.09836065573770492,0.09836065573770492,0.056,1.756440281030445,0.47569919906168745
IBM,HH,compression_ratio,61,0.04918032786885246,0.04918032786885246,0.04918032786885246,0.03,1.639344262295082,-0.02003733990324736
IBM,HH,kf_tension_pred_val,61,0.04918032786885246,0.04918032786885246,0.04918032786885246,0.03,1.639344262295082,0.39505090484612626
IBM,HH,tension_current,61,0.03278688524590164,0.03278688524590164,0.04918032786885246,0.032,1.5368852459016393,-0.02090568521445921
IBM,HH,vwap_sigma_tide,61,0.04918032786885246,0.03278688524590164,0.04918032786885246,0.034,1.4464802314368368,0.685290522419826
IBM,HH,tide_slope,61,0.03278688524590164,0.03278688524590164,0.03278688524590164,0.026,1.2610340479192939,-0.057106944163582016
IBM,HH,sigma_tide,61,0.04918032786885246,0.03278688524590164,0.04918032786885246,0.048,1.0245901639344261,0.9964826423957642
IBM,HH,tension_wave,61,0.01639344262295082,0.01639344262295082,0.03278688524590164,0.038,0.8628127696289906,-0.14582203535941032
IBM,HH,fear_level,61,0.0,0.0,0.0,0.0,0.0,-0.39751381599481744
IBM,LH,kf_price_filt_vel,46,0.17391304347826086,0.17391304347826086,0.2608695652173913,0.022,11.857707509881424,0.8196973138362101
IBM,LH,kf_price_innovation,46,0.08695652173913043,0.15217391304347827,0.1956521739130435,0.018,10.869565217391306,0.3457883820238003
IBM,LH,kf_price_pred_val,46,0.15217391304347827,0.21739130434782608,0.2826086956521739,0.03,9.420289855072463,1.0747505680965093
IBM,LH,current_slope,46,0.13043478260869565,0.13043478260869565,0.13043478260869565,0.016,8.152173913043478,-0.5747188123036081
IBM,LH,wave_slope,46,0.15217391304347827,0.1956521739130435,0.1956521739130435,0.032,6.114130434782608,-0.6925981632196713
IBM,LH,kf_rsi_filt_vel,46,0.06521739130434782,0.10869565217391304,0.10869565217391304,0.018,6.038647342995169,1.0381012298478824
IBM,LH,vwap_sigma_current,46,0.0,0.06521739130434782,0.06521739130434782,0.012,5.434782608695652,0.10864902688371966
IBM,LH,compression_ratio,46,0.15217391304347827,0.15217391304347827,0.15217391304347827,0.03,5.072463768115942,0.5816627491720682
IBM,LH,vwap_spread_current_wave,46,0.08695652173913043,0.10869565217391304,0.10869565217391304,0.022,4.940711462450593,0.4221866016161864
IBM,LH,sigma_current,46,0.043478260869565216,0.13043478260869565,0.13043478260869565,0.032,4.076086956521739,0.636322693177904
IBM,LH,tide_accel,46,0.06521739130434782,0.13043478260869565,0.13043478260869565,0.034,3.8363171355498715,-0.3403587241365654
IBM,LH,conj_current_tide,46,0.15217391304347827,0.15217391304347827,0.15217391304347827,0.04,3.8043478260869565,-0.5415331013780272
IBM,LH,current_accel,46,0.08695652173913043,0.13043478260869565,0.13043478260869565,0.038,3.4324942791762014,-0.07556932317532256
IBM,LH,vwap_sigma_tide,46,0.021739130434782608,0.10869565217391304,0.10869565217391304,0.034,3.19693094629156,-0.2000014240130486
IBM,LH,wave_accel,46,0.08695652173913043,0.15217391304347827,0.15217391304347827,0.048,3.170289855072464,0.32288801275370993
IBM,LH,conj_wave_tide,46,0.15217391304347827,0.15217391304347827,0.17391304347826086,0.056,3.105590062111801,-0.6527824159442407
IBM,LH,kf_conj_pred_val,46,0.15217391304347827,0.17391304347826086,0.17391304347826086,0.056,3.105590062111801,-0.6475742196932517
IBM,LH,tension_current,46,0.043478260869565216,0.06521739130434782,0.08695652173913043,0.032,2.717391304347826,0.5687864598745589
IBM,LH,kf_tension_filt_vel,46,0.10869565217391304,0.10869565217391304,0.13043478260869565,0.05,2.6086956521739126,0.8323164491884579
IBM,LH,kf_rvol_filt_vel,46,0.06521739130434782,0.06521739130434782,0.10869565217391304,0.046,2.3629489603024574,0.0321882149450245
IBM,LH,kf_conj_filt_vel,46,0.10869565217391304,0.10869565217391304,0.13043478260869565,0.056,2.329192546583851,0.11468821158421269
IBM,LH,kf_rvol_pred_val,46,0.021739130434782608,0.043478260869565216,0.06521739130434782,0.03,2.1739130434782608,0.058857023625761326
IBM,LH,rsi_value,46,0.021739130434782608,0.08695652173913043,0.08695652173913043,0.044,1.9762845849802373,0.3692266364141377
IBM,LH,tension_wave,46,0.043478260869565216,0.043478260869565216,0.06521739130434782,0.038,1.7162471395881007,0.6557853788820303
IBM,LH,tension_tide,46,0.0,0.043478260869565216,0.043478260869565216,0.028,1.5527950310559004,-0.00929329278669588
IBM,LH,sigma_wave,46,0.021739130434782608,0.043478260869565216,0.043478260869565216,0.03,1.4492753623188406,0.8771926122337035
IBM,LH,kf_tension_pred_val,46,0.021739130434782608,0.043478260869565216,0.043478260869565216,0.03,1.4492753623188406,0.01430411770969071
IBM,LH,sigma_tide,46,0.043478260869565216,0.06521739130434782,0.06521739130434782,0.048,1.358695652173913,-0.1991396426202477
IBM,LH,vwap_spread_tide_current,46,0.043478260869565216,0.021739130434782608,0.043478260869565216,0.034,1.2787723785166238,0.2683056210391426
IBM,LH,vwap_spread_tide_wave,46,0.021739130434782608,0.043478260869565216,0.043478260869565216,0.034,1.2787723785166238,0.3312047003450903
IBM,LH,kf_rsi_pred_val,46,0.021739130434782608,0.043478260869565216,0.043478260869565216,0.038,1.1441647597254005,0.43164492614967165
IBM,LH,vwap_sigma_wave,46,0.0,0.021739130434782608,0.021739130434782608,0.02,1.0869565217391304,0.2668645172093686
IBM,LH,conj_wave_current,46,0.043478260869565216,0.043478260869565216,0.043478260869565216,0.04,1.0869565217391304,-0.3992025416286569
IBM,LH,tide_slope,46,0.021739130434782608,0.021739130434782608,0.021739130434782608,0.026,0.8361204013377926,-0.06663548318886384
IBM,LH,fear_level,46,0.0,0.0,0.0,0.0,0.0,0.406608024216709
JNJ,LL,vwap_sigma_wave,31,0.2903225806451613,0.1935483870967742,0.41935483870967744,0.012,34.946236559139784,-1.7433343957154173
JNJ,LL,vwap_sigma_tide,31,0.3548387096774194,0.25806451612903225,0.3548387096774194,0.018,19.713261648745522,-1.8429922932182268
JNJ,LL,kf_price_innovation,31,0.22580645161290322,0.3548387096774194,0.4838709677419355,0.026,18.61042183622829,-0.678394854124092
JNJ,LL,sigma_tide,31,0.3548387096774194,0.16129032258064516,0.3548387096774194,0.02,17.741935483870968,-1.848017158194012
JNJ,LL,kf_price_pred_val,31,0.3870967741935484,0.3870967741935484,0.5483870967741935,0.034,16.129032258064512,-2.637909504953031
JNJ,LL,vwap_sigma_current,31,0.3870967741935484,0.22580645161290322,0.3870967741935484,0.026,14.88833746898263,-1.8925517958882918
JNJ,LL,kf_price_filt_vel,31,0.22580645161290322,0.3225806451612903,0.41935483870967744,0.032,13.10483870967742,-1.8083293614751548
JNJ,LL,rsi_value,31,0.2903225806451613,0.16129032258064516,0.2903225806451613,0.024,12.096774193548388,-1.765861197210244
JNJ,LL,kf_rsi_pred_val,31,0.3225806451612903,0.25806451612903225,0.3548387096774194,0.032,11.088709677419356,-1.6955100088307196
JNJ,LL,sigma_wave,31,0.12903225806451613,0.12903225806451613,0.1935483870967742,0.02,9.67741935483871,-1.2258025732708357
JNJ,LL,current_accel,31,0.3225806451612903,0.1935483870967742,0.3225806451612903,0.034,9.487666034155597,-1.5402822946295007
JNJ,LL,conj_wave_current,31,0.22580645161290322,0.22580645161290322,0.22580645161290322,0.024,9.408602150537634,-0.8563236985143086
JNJ,LL,wave_accel,31,0.3870967741935484,0.2903225806451613,0.41935483870967744,0.048,8.736559139784946,-1.680591437291474
JNJ,LL,kf_rvol_pred_val,31,0.22580645161290322,0.0967741935483871,0.25806451612903225,0.032,8.064516129032258,0.6316863000925146
JNJ,LL,sigma_current,31,0.25806451612903225,0.25806451612903225,0.2903225806451613,0.038,7.640067911714771,-1.3489137107048068
JNJ,LL,wave_slope,31,0.2903225806451613,0.25806451612903225,0.2903225806451613,0.04,7.258064516129033,-1.501155995239842
JNJ,LL,conj_wave_tide,31,0.25806451612903225,0.2903225806451613,0.2903225806451613,0.042,6.912442396313364,-1.3932912139139007
JNJ,LL,fear_level,31,0.2903225806451613,0.22580645161290322,0.2903225806451613,0.042,6.912442396313364,1.1107301003177055
JNJ,LL,kf_conj_pred_val,31,0.25806451612903225,0.2903225806451613,0.2903225806451613,0.042,6.912442396313364,-1.3985489288558797
JNJ,LL,compression_ratio,31,0.25806451612903225,0.1935483870967742,0.25806451612903225,0.04,6.451612903225806,0.9974848376761799
JNJ,LL,kf_rvol_filt_vel,31,0.16129032258064516,0.16129032258064516,0.22580645161290322,0.036,6.272401433691757,0.350431031708369
JNJ,LL,kf_conj_filt_vel,31,0.22580645161290322,0.22580645161290322,0.25806451612903225,0.046,5.610098176718092,-1.096092760059944
JNJ,LL,current_slope,31,0.1935483870967742,0.16129032258064516,0.1935483870967742,0.038,5.093378607809847,-1.230702370621913
JNJ,LL,conj_current_tide,31,0.1935483870967742,0.1935483870967742,0.1935483870967742,0.048,4.032258064516129,-1.1115883583619477
JNJ,LL,vwap_spread_current_wave,31,0.1935483870967742,0.1935483870967742,0.1935483870967742,0.05,3.8709677419354835,1.1798501769322334
JNJ,LL,tide_accel,31,0.1935483870967742,0.0967741935483871,0.1935483870967742,0.054,3.5842293906810037,-1.3814183348164828
JNJ,LL,kf_rsi_filt_vel,31,0.12903225806451613,0.0967741935483871,0.16129032258064516,0.048,3.3602150537634405,-1.1572507835869115
JNJ,LL,tension_current,31,0.03225806451612903,0.0967741935483871,0.0967741935483871,0.03,3.2258064516129035,0.5444145522698953
JNJ,LL,kf_tension_filt_vel,31,0.0967741935483871,0.12903225806451613,0.16129032258064516,0.066,2.443792766373411,-0.671605713730778
JNJ,LL,kf_tension_pred_val,31,0.0967741935483871,0.06451612903225806,0.0967741935483871,0.076,1.2733446519524618,-0.1471931467288137
JNJ,LL,tension_tide,31,0.0967741935483871,0.06451612903225806,0.0967741935483871,0.078,1.2406947890818858,-0.1422141424896108
JNJ,LL,vwap_spread_tide_wave,31,0.03225806451612903,0.03225806451612903,0.03225806451612903,0.064,0.5040322580645161,0.8205536563106847
JNJ,LL,vwap_spread_tide_current,31,0.03225806451612903,0.03225806451612903,0.03225806451612903,0.068,0.4743833017077798,0.43812036367530255
JNJ,LL,tide_slope,31,0.03225806451612903,0.03225806451612903,0.03225806451612903,0.078,0.4135649296939619,-0.3510142229338893
JNJ,LL,tension_wave,31,0.0,0.0,0.0,0.02,0.0,0.6813396228537668
JNJ,HL,vwap_sigma_wave,36,0.16666666666666666,0.08333333333333333,0.19444444444444445,0.012,16.203703703703702,-1.609014325995744
JNJ,HL,vwap_sigma_current,36,0.3055555555555556,0.2222222222222222,0.3333333333333333,0.026,12.820512820512821,-1.5317579238416867
JNJ,HL,kf_price_innovation,36,0.08333333333333333,0.25,0.25,0.026,9.615384615384615,-0.6768174514769787
JNJ,HL,kf_price_pred_val,36,0.16666666666666666,0.2222222222222222,0.3055555555555556,0.034,8.986928104575163,-1.3704223529337025
JNJ,HL,kf_rvol_pred_val,36,0.16666666666666666,0.1388888888888889,0.2777777777777778,0.032,8.680555555555555,0.8949742708078021
JNJ,HL,rsi_value,36,0.16666666666666666,0.1388888888888889,0.19444444444444445,0.024,8.101851851851851,-1.571004194979104
JNJ,HL,kf_rvol_filt_vel,36,0.19444444444444445,0.1111111111111111,0.2777777777777778,0.036,7.71604938271605,0.5209144452694173
JNJ,HL,sigma_tide,36,0.1388888888888889,0.08333333333333333,0.1388888888888889,0.02,6.944444444444445,-1.1417864066237358
JNJ,HL,sigma_current,36,0.16666666666666666,0.16666666666666666,0.25,0.038,6.578947368421053,-1.4452747137006612
JNJ,HL,kf_price_filt_vel,36,0.1111111111111111,0.1111111111111111,0.19444444444444445,0.032,6.076388888888889,-0.8613244181171934
JNJ,HL,conj_wave_current,36,0.1388888888888889,0.08333333333333333,0.1388888888888889,0.024,5.787037037037037,-0.9082780376100771
JNJ,HL,sigma_wave,36,0.08333333333333333,0.08333333333333333,0.1111111111111111,0.02,5.555555555555555,-1.1130113908607393
JNJ,HL,kf_rsi_pred_val,36,0.1388888888888889,0.1388888888888889,0.16666666666666666,0.032,5.208333333333333,-1.5304401925801852
JNJ,HL,current_accel,36,0.16666666666666666,0.1388888888888889,0.16666666666666666,0.034,4.901960784313725,-1.2702505774128865
JNJ,HL,kf_conj_pred_val,36,0.16666666666666666,0.1111111111111111,0.16666666666666666,0.042,3.968253968253968,-1.1095353777717978
JNJ,HL,kf_rsi_filt_vel,36,0.1388888888888889,0.1111111111111111,0.16666666666666666,0.048,3.472222222222222,-1.078842722156952
JNJ,HL,vwap_sigma_tide,36,0.05555555555555555,0.0,0.05555555555555555,0.018,3.0864197530864197,-0.8396013561414922
JNJ,HL,wave_accel,36,0.1111111111111111,0.08333333333333333,0.1388888888888889,0.048,2.8935185185185186,-1.0412190237753929
JNJ,HL,wave_slope,36,0.1111111111111111,0.08333333333333333,0.1111111111111111,0.04,2.7777777777777777,-1.0869516970684718
JNJ,HL,conj_wave_tide,36,0.1111111111111111,0.1111111111111111,0.1111111111111111,0.042,2.645502645502645,-1.0906491015506707
JNJ,HL,kf_tension_filt_vel,36,0.05555555555555555,0.1111111111111111,0.1388888888888889,0.066,2.1043771043771042,-0.5858419030945536
JNJ,HL,kf_tension_pred_val,36,0.1388888888888889,0.1388888888888889,0.1388888888888889,0.076,1.8274853801169593,-0.4425743747661983
JNJ,HL,kf_conj_filt_vel,36,0.05555555555555555,0.08333333333333333,0.08333333333333333,0.046,1.8115942028985506,-0.8217237874006842
JNJ,HL,tension_tide,36,0.1388888888888889,0.1388888888888889,0.1388888888888889,0.078,1.7806267806267808,-0.42949096416627824
JNJ,HL,tension_wave,36,0.0,0.027777777777777776,0.027777777777777776,0.02,1.3888888888888888,0.6463542469334134
JNJ,HL,compression_ratio,36,0.027777777777777776,0.05555555555555555,0.05555555555555555,0.04,1.3888888888888888,0.25902429423037876
JNJ,HL,fear_level,36,0.05555555555555555,0.05555555555555555,0.05555555555555555,0.042,1.3227513227513226,0.7069572271825832
JNJ,HL,conj_current_tide,36,0.05555555555555555,0.05555555555555555,0.05555555555555555,0.048,1.1574074074074072,-0.4466128022220706
JNJ,HL,tide_accel,36,0.027777777777777776,0.027777777777777776,0.05555555555555555,0.054,1.02880658436214,-0.7561972763091107
JNJ,HL,tension_current,36,0.027777777777777776,0.0,0.027777777777777776,0.03,0.9259259259259259,0.07467789683848303
JNJ,HL,vwap_spread_tide_current,36,0.05555555555555555,0.05555555555555555,0.05555555555555555,0.068,0.8169934640522875,-0.17767932462814656
JNJ,HL,current_slope,36,0.027777777777777776,0.027777777777777776,0.027777777777777776,0.038,0.7309941520467836,-0.3887417367693753
JNJ,HL,vwap_spread_current_wave,36,0.027777777777777776,0.027777777777777776,0.027777777777777776,0.05,0.5555555555555555,0.4680080039659381
JNJ,HL,tide_slope,36,0.027777777777777776,0.027777777777777776,0.027777777777777776,0.078,0.3561253561253561,0.1200900318900208
JNJ,HL,vwap_spread_tide_wave,36,0.0,0.0,0.0,0.064,0.0,0.0548322209019586
JNJ,HH,vwap_sigma_wave,36,0.1111111111111111,0.0,0.1111111111111111,0.012,9.259259259259258,1.2613244312679743
JNJ,HH,rsi_value,36,0.19444444444444445,0.05555555555555555,0.19444444444444445,0.024,8.101851851851851,1.3380895056279876
JNJ,HH,sigma_wave,36,0.1388888888888889,0.027777777777777776,0.1388888888888889,0.02,6.944444444444445,0.9349510796459458
JNJ,HH,kf_rsi_pred_val,36,0.16666666666666666,0.08333333333333333,0.16666666666666666,0.032,5.208333333333333,1.283636533529933
JNJ,HH,kf_rvol_filt_vel,36,0.08333333333333333,0.1111111111111111,0.16666666666666666,0.036,4.62962962962963,0.25846862448909447
JNJ,HH,conj_wave_current,36,0.1111111111111111,0.1111111111111111,0.1111111111111111,0.024,4.629629629629629,0.3340330885377348
JNJ,HH,kf_rvol_pred_val,36,0.08333333333333333,0.08333333333333333,0.1388888888888889,0.032,4.340277777777778,0.4233122373654585
JNJ,HH,kf_price_innovation,36,0.05555555555555555,0.08333333333333333,0.1111111111111111,0.026,4.273504273504273,0.49678811456649086
JNJ,HH,tension_wave,36,0.027777777777777776,0.08333333333333333,0.08333333333333333,0.02,4.166666666666666,-0.44707933090512497
JNJ,HH,wave_slope,36,0.1111111111111111,0.1388888888888889,0.1388888888888889,0.04,3.4722222222222223,0.681728230726197
JNJ,HH,kf_price_pred_val,36,0.08333333333333333,0.08333333333333333,0.1111111111111111,0.034,3.26797385620915,1.0820566683684643
JNJ,HH,conj_wave_tide,36,0.1111111111111111,0.1111111111111111,0.1111111111111111,0.042,2.645502645502645,0.6215266105148595
JNJ,HH,kf_conj_pred_val,36,0.08333333333333333,0.1111111111111111,0.1111111111111111,0.042,2.645502645502645,0.6014783487657139
JNJ,HH,current_accel,36,0.05555555555555555,0.05555555555555555,0.08333333333333333,0.034,2.4509803921568625,0.5775847614947337
JNJ,HH,sigma_current,36,0.08333333333333333,0.027777777777777776,0.08333333333333333,0.038,2.1929824561403506,0.8363693608476832
JNJ,HH,vwap_sigma_current,36,0.05555555555555555,0.027777777777777776,0.05555555555555555,0.026,2.1367521367521367,1.1279817865996837
JNJ,HH,compression_ratio,36,0.08333333333333333,0.05555555555555555,0.08333333333333333,0.04,2.083333333333333,-0.10956840052311172
JNJ,HH,wave_accel,36,0.027777777777777776,0.05555555555555555,0.08333333333333333,0.048,1.736111111111111,0.46691259689819475
JNJ,HH,vwap_spread_tide_wave,36,0.1111111111111111,0.1111111111111111,0.1111111111111111,0.064,1.736111111111111,-0.5355809435959729
JNJ,HH,kf_price_filt_vel,36,0.027777777777777776,0.05555555555555555,0.05555555555555555,0.032,1.736111111111111,0.7829104779030501
JNJ,HH,kf_rsi_filt_vel,36,0.08333333333333333,0.05555555555555555,0.08333333333333333,0.048,1.736111111111111,0.852953182542096
JNJ,HH,vwap_sigma_tide,36,0.027777777777777776,0.0,0.027777777777777776,0.018,1.5432098765432098,1.0178749930136954
JNJ,HH,tide_accel,36,0.08333333333333333,0.05555555555555555,0.08333333333333333,0.054,1.5432098765432098,0.8105047699347859
JNJ,HH,sigma_tide,36,0.027777777777777776,0.0,0.027777777777777776,0.02,1.3888888888888888,1.092055435751128
JNJ,HH,vwap_spread_tide_current,36,0.08333333333333333,0.08333333333333333,0.08333333333333333,0.068,1.2254901960784312,-0.3150107804335363
JNJ,HH,kf_conj_filt_vel,36,0.027777777777777776,0.05555555555555555,0.05555555555555555,0.046,1.2077294685990339,0.23735054751966736
JNJ,HH,vwap_spread_current_wave,36,0.05555555555555555,0.05555555555555555,0.05555555555555555,0.05,1.111111111111111,-0.6825073472504637
JNJ,HH,current_slope,36,0.027777777777777776,0.027777777777777776,0.027777777777777776,0.038,0.7309941520467836,0.6545132141935603
JNJ,HH,tide_slope,36,0.05555555555555555,0.05555555555555555,0.05555555555555555,0.078,0.7122507122507122,0.2107250936954951
JNJ,HH,kf_tension_filt_vel,36,0.027777777777777776,0.027777777777777776,0.027777777777777776,0.066,0.42087542087542085,0.38563144513286773
JNJ,HH,kf_tension_pred_val,36,0.0,0.027777777777777776,0.027777777777777776,0.076,0.3654970760233918,0.16532984322579003
JNJ,HH,tension_tide,36,0.027777777777777776,0.027777777777777776,0.027777777777777776,0.078,0.3561253561253561,0.1653800058632006
JNJ,HH,conj_current_tide,36,0.0,0.0,0.0,0.048,0.0,0.5812228076444264
JNJ,HH,tension_current,36,0.0,0.0,0.0,0.03,0.0,-0.2909355808598347
JNJ,HH,fear_level,36,0.0,0.0,0.0,0.042,0.0,-0.68381600250506
JNJ,LH,kf_price_pred_val,30,0.3,0.4,0.43333333333333335,0.034,12.745098039215685,1.7262439429234042
JNJ,LH,kf_price_innovation,30,0.2,0.2,0.26666666666666666,0.026,10.256410256410257,0.7932697855881211
JNJ,LH,kf_price_filt_vel,30,0.26666666666666666,0.23333333333333334,0.3,0.032,9.375,1.5807120914447677
JNJ,LH,sigma_wave,30,0.13333333333333333,0.1,0.16666666666666666,0.02,8.333333333333332,1.059413886769614
JNJ,LH,vwap_sigma_tide,30,0.0,0.13333333333333333,0.13333333333333333,0.018,7.407407407407407,-0.26207125666912295
JNJ,LH,sigma_current,30,0.13333333333333333,0.2,0.26666666666666666,0.038,7.017543859649123,0.9010505928291447
JNJ,LH,conj_wave_current,30,0.13333333333333333,0.16666666666666666,0.16666666666666666,0.024,6.944444444444444,0.08682692666136592
JNJ,LH,current_accel,30,0.16666666666666666,0.2,0.23333333333333334,0.034,6.862745098039215,0.27518948423234474
JNJ,LH,sigma_tide,30,0.0,0.13333333333333333,0.13333333333333333,0.02,6.666666666666666,-0.09757596655995601
JNJ,LH,wave_accel,30,0.13333333333333333,0.2,0.3,0.048,6.25,1.0316935407118064
JNJ,LH,vwap_sigma_wave,30,0.03333333333333333,0.06666666666666667,0.06666666666666667,0.012,5.555555555555555,0.8652305076301077
JNJ,LH,kf_rsi_filt_vel,30,0.2,0.1,0.23333333333333334,0.048,4.861111111111111,1.1271431332113437
JNJ,LH,tension_current,30,0.1,0.06666666666666667,0.13333333333333333,0.03,4.444444444444445,0.7001731223939004
JNJ,LH,kf_conj_filt_vel,30,0.03333333333333333,0.2,0.2,0.046,4.347826086956522,0.5675164573709982
JNJ,LH,kf_rvol_pred_val,30,0.06666666666666667,0.1,0.13333333333333333,0.032,4.166666666666667,0.18249374839124718
JNJ,LH,wave_slope,30,0.1,0.16666666666666666,0.16666666666666666,0.04,4.166666666666666,-0.3274725849392632
JNJ,LH,compression_ratio,30,0.16666666666666666,0.13333333333333333,0.16666666666666666,0.04,4.166666666666666,0.8452365648066844
JNJ,LH,conj_wave_tide,30,0.1,0.16666666666666666,0.16666666666666666,0.042,3.968253968253968,-0.27362398897656937
JNJ,LH,kf_conj_pred_val,30,0.13333333333333333,0.13333333333333333,0.16666666666666666,0.042,3.968253968253968,-0.23083296845433715
JNJ,LH,vwap_sigma_current,30,0.0,0.1,0.1,0.026,3.8461538461538467,0.22679055586123897
JNJ,LH,rsi_value,30,0.0,0.06666666666666667,0.06666666666666667,0.024,2.7777777777777777,0.41776945642768293
JNJ,LH,vwap_spread_current_wave,30,0.1,0.13333333333333333,0.13333333333333333,0.05,2.6666666666666665,0.7660923146177689
JNJ,LH,current_slope,30,0.1,0.1,0.1,0.038,2.6315789473684212,-0.7454029044123062
JNJ,LH,conj_current_tide,30,0.1,0.1,0.1,0.048,2.0833333333333335,-0.6721470865278995
JNJ,LH,kf_rsi_pred_val,30,0.0,0.06666666666666667,0.06666666666666667,0.032,2.0833333333333335,0.42945430644408084
JNJ,LH,kf_tension_filt_vel,30,0.06666666666666667,0.06666666666666667,0.13333333333333333,0.066,2.02020202020202,0.71625611640112
JNJ,LH,kf_rvol_filt_vel,30,0.06666666666666667,0.0,0.06666666666666667,0.036,1.8518518518518519,0.05891605305307719
JNJ,LH,tension_wave,30,0.0,0.03333333333333333,0.03333333333333333,0.02,1.6666666666666665,0.09234420786106305
JNJ,LH,fear_level,30,0.03333333333333333,0.03333333333333333,0.03333333333333333,0.042,0.7936507936507936,-0.10142971257335961
JNJ,LH,tide_accel,30,0.0,0.03333333333333333,0.03333333333333333,0.054,0.6172839506172839,-0.15922378155398603
JNJ,LH,tide_slope,30,0.0,0.0,0.0,0.078,0.0,-0.2152879671765165
JNJ,LH,tension_tide,30,0.0,0.0,0.0,0.078,0.0,0.18068891940828483
JNJ,LH,vwap_spread_tide_current,30,0.0,0.0,0.0,0.068,0.0,0.30823383981127483
JNJ,LH,vwap_spread_tide_wave,30,0.0,0.0,0.0,0.064,0.0,0.5573818924146214
JNJ,LH,kf_tension_pred_val,30,0.0,0.0,0.0,0.076,0.0,0.19689724969634959
JPM,LL,vwap_sigma_tide,79,0.4050632911392405,0.3037974683544304,0.4050632911392405,0.006,67.51054852320675,-1.5081979986272918
JPM,LL,kf_conj_filt_vel,79,0.17721518987341772,0.16455696202531644,0.20253164556962025,0.004,50.63291139240506,-0.8612259316396643
JPM,LL,kf_price_innovation,79,0.11392405063291139,0.21518987341772153,0.24050632911392406,0.006,40.08438818565401,-0.307183919326408
JPM,LL,wave_slope,79,0.16455696202531644,0.13924050632911392,0.16455696202531644,0.006,27.42616033755274,-0.8943667145634395
JPM,LL,current_slope,79,0.1518987341772152,0.13924050632911392,0.1518987341772152,0.006,25.31645569620253,-0.8244424916840749
JPM,LL,kf_price_pred_val,79,0.26582278481012656,0.24050632911392406,0.35443037974683544,0.014,25.31645569620253,-1.7125815782054148
JPM,LL,wave_accel,79,0.20253164556962025,0.22784810126582278,0.27848101265822783,0.012,23.20675105485232,-1.2699402927267396
JPM,LL,kf_price_filt_vel,79,0.1518987341772152,0.17721518987341772,0.25316455696202533,0.012,21.09704641350211,-0.9771896733865223
JPM,LL,sigma_tide,79,0.24050632911392406,0.17721518987341772,0.24050632911392406,0.014,17.179023508137433,-1.4081157391843913
JPM,LL,current_accel,79,0.24050632911392406,0.24050632911392406,0.2911392405063291,0.02,14.556962025316455,-1.2036292771867212
JPM,LL,conj_wave_current,79,0.1518987341772152,0.12658227848101267,0.1518987341772152,0.012,12.658227848101266,-0.3908879623863361
JPM,LL,vwap_spread_current_wave,79,0.12658227848101267,0.12658227848101267,0.13924050632911392,0.012,11.60337552742616,0.6672706878472507
JPM,LL,vwap_sigma_wave,79,0.21518987341772153,0.1518987341772152,0.24050632911392406,0.024,10.021097046413502,-1.6498482753974304
JPM,LL,vwap_sigma_current,79,0.27848101265822783,0.17721518987341772,0.2911392405063291,0.034,8.562918838421444,-1.6891793246934563
JPM,LL,kf_tension_pred_val,79,0.12658227848101267,0.10126582278481013,0.16455696202531644,0.02,8.227848101265822,-0.04846618423832005
JPM,LL,tension_tide,79,0.10126582278481013,0.11392405063291139,0.1518987341772152,0.02,7.59493670886076,-0.023282673697930936
JPM,LL,kf_rsi_pred_val,79,0.31645569620253167,0.25316455696202533,0.3291139240506329,0.044,7.479861910241657,-1.6308377552812559
JPM,LL,conj_current_tide,79,0.11392405063291139,0.11392405063291139,0.12658227848101267,0.018,7.032348804500704,-0.6116467320029961
JPM,LL,rsi_value,79,0.2911392405063291,0.189873417721519,0.2911392405063291,0.046,6.329113924050633,-1.6736828745218937
JPM,LL,kf_tension_filt_vel,79,0.12658227848101267,0.12658227848101267,0.17721518987341772,0.03,5.9071729957805905,-0.8063268590564303
JPM,LL,kf_rvol_pred_val,79,0.16455696202531644,0.1518987341772152,0.22784810126582278,0.04,5.696202531645569,0.8135628663544202
JPM,LL,tide_slope,79,0.11392405063291139,0.12658227848101267,0.12658227848101267,0.024,5.274261603375527,-0.4535816753572538
JPM,LL,compression_ratio,79,0.11392405063291139,0.0759493670886076,0.11392405063291139,0.022,5.178365937859609,0.4320692810894497
JPM,LL,vwap_spread_tide_wave,79,0.10126582278481013,0.10126582278481013,0.10126582278481013,0.02,5.063291139240506,0.598949787152387
JPM,LL,vwap_spread_tide_current,79,0.10126582278481013,0.11392405063291139,0.11392405063291139,0.024,4.746835443037974,0.5205636770925145
JPM,LL,kf_rvol_filt_vel,79,0.08860759493670886,0.1518987341772152,0.20253164556962025,0.044,4.602991944764097,0.4388702973749538
JPM,LL,conj_wave_tide,79,0.11392405063291139,0.10126582278481013,0.11392405063291139,0.026,4.381694255111976,-0.6963831939844534
JPM,LL,kf_conj_pred_val,79,0.11392405063291139,0.11392405063291139,0.11392405063291139,0.026,4.381694255111976,-0.7234976350693378
JPM,LL,sigma_current,79,0.11392405063291139,0.12658227848101267,0.1518987341772152,0.038,3.997335109926716,-1.2131578732241985
JPM,LL,sigma_wave,79,0.10126582278481013,0.11392405063291139,0.1518987341772152,0.042,3.6166365280289328,-1.1152971732051913
JPM,LL,tide_accel,79,0.1518987341772152,0.12658227848101267,0.17721518987341772,0.062,2.8583095140873827,-0.9514719421926838
JPM,LL,kf_rsi_filt_vel,79,0.08860759493670886,0.05063291139240506,0.12658227848101267,0.05,2.5316455696202533,-1.0750472177092418
JPM,LL,tension_current,79,0.0,0.02531645569620253,0.02531645569620253,0.03,0.8438818565400844,0.448111564513135
JPM,LL,tension_wave,79,0.0,0.012658227848101266,0.012658227848101266,0.022,0.5753739930955121,0.5321582878605157
JPM,LL,fear_level,79,0.0,0.0,0.0,0.0,0.0,1.0031996555489457
JPM,HL,kf_price_innovation,85,0.16470588235294117,0.29411764705882354,0.3176470588235294,0.006,52.94117647058823,-0.9929894784586752
JPM,HL,kf_conj_filt_vel,85,0.15294117647058825,0.18823529411764706,0.2,0.004,50.0,-0.15379376208639328
JPM,HL,current_slope,85,0.2235294117647059,0.2235294117647059,0.2235294117647059,0.006,37.254901960784316,-0.1384955339810371
JPM,HL,wave_slope,85,0.2,0.2,0.2,0.006,33.333333333333336,-0.15735025093390242
JPM,HL,kf_price_filt_vel,85,0.15294117647058825,0.27058823529411763,0.3058823529411765,0.012,25.490196078431374,-1.2176561558350751
JPM,HL,wave_accel,85,0.18823529411764706,0.2,0.27058823529411763,0.012,22.549019607843135,-0.582803023796605
JPM,HL,kf_price_pred_val,85,0.15294117647058825,0.29411764705882354,0.3058823529411765,0.014,21.84873949579832,-1.2990190992470687
JPM,HL,conj_wave_current,85,0.16470588235294117,0.16470588235294117,0.2,0.012,16.666666666666668,-0.08017144640057514
JPM,HL,vwap_spread_current_wave,85,0.16470588235294117,0.18823529411764706,0.2,0.012,16.666666666666668,0.025371855596255332
JPM,HL,vwap_sigma_tide,85,0.047058823529411764,0.047058823529411764,0.07058823529411765,0.006,11.76470588235294,-0.6756674247082736
JPM,HL,current_accel,85,0.12941176470588237,0.18823529411764706,0.2235294117647059,0.02,11.176470588235295,-0.4007935695698605
JPM,HL,conj_current_tide,85,0.17647058823529413,0.16470588235294117,0.18823529411764706,0.018,10.457516339869281,0.0665623681040058
JPM,HL,conj_wave_tide,85,0.2,0.18823529411764706,0.21176470588235294,0.026,8.144796380090497,0.01815311094345133
JPM,HL,kf_conj_pred_val,85,0.2,0.21176470588235294,0.21176470588235294,0.026,8.144796380090497,0.021656694519179488
JPM,HL,tide_slope,85,0.17647058823529413,0.16470588235294117,0.17647058823529413,0.024,7.352941176470589,-0.4764651005341166
JPM,HL,sigma_tide,85,0.058823529411764705,0.058823529411764705,0.08235294117647059,0.014,5.88235294117647,-0.47324052293520213
JPM,HL,vwap_spread_tide_current,85,0.11764705882352941,0.1411764705882353,0.1411764705882353,0.024,5.88235294117647,0.4203721426942392
JPM,HL,vwap_spread_tide_wave,85,0.11764705882352941,0.10588235294117647,0.11764705882352941,0.02,5.88235294117647,0.38984021146563486
JPM,HL,kf_rvol_pred_val,85,0.07058823529411765,0.18823529411764706,0.2235294117647059,0.04,5.588235294117648,0.35897952060860744
JPM,HL,vwap_sigma_wave,85,0.11764705882352941,0.058823529411764705,0.12941176470588237,0.024,5.392156862745098,-0.8672203480191701
JPM,HL,sigma_current,85,0.16470588235294117,0.09411764705882353,0.2,0.038,5.2631578947368425,-0.8567900466504881
JPM,HL,kf_tension_filt_vel,85,0.11764705882352941,0.11764705882352941,0.15294117647058825,0.03,5.098039215686275,-0.6657995635885553
JPM,HL,kf_rvol_filt_vel,85,0.09411764705882353,0.17647058823529413,0.2235294117647059,0.044,5.080213903743316,0.26230854009158433
JPM,HL,kf_tension_pred_val,85,0.08235294117647059,0.08235294117647059,0.09411764705882353,0.02,4.705882352941177,0.1584246985409897
JPM,HL,tension_current,85,0.09411764705882353,0.08235294117647059,0.11764705882352941,0.03,3.9215686274509807,-0.1695680060066496
JPM,HL,sigma_wave,85,0.12941176470588237,0.09411764705882353,0.16470588235294117,0.042,3.9215686274509802,-0.9299936109188128
JPM,HL,compression_ratio,85,0.08235294117647059,0.047058823529411764,0.08235294117647059,0.022,3.7433155080213907,0.19036771317338444
JPM,HL,tension_tide,85,0.058823529411764705,0.07058823529411765,0.07058823529411765,0.02,3.5294117647058822,0.16686624073526077
JPM,HL,kf_rsi_filt_vel,85,0.09411764705882353,0.10588235294117647,0.1411764705882353,0.05,2.8235294117647056,-0.9188918093592368
JPM,HL,vwap_sigma_current,85,0.07058823529411765,0.03529411764705882,0.08235294117647059,0.034,2.422145328719723,-0.7236010896560702
JPM,HL,tide_accel,85,0.09411764705882353,0.1411764705882353,0.1411764705882353,0.062,2.2770398481973433,-0.21615667137157155
JPM,HL,tension_wave,85,0.023529411764705882,0.03529411764705882,0.047058823529411764,0.022,2.1390374331550803,-0.0853683317209939
JPM,HL,kf_rsi_pred_val,85,0.047058823529411764,0.03529411764705882,0.07058823529411765,0.044,1.6042780748663101,-0.8756825193576796
JPM,HL,rsi_value,85,0.047058823529411764,0.023529411764705882,0.07058823529411765,0.046,1.5345268542199488,-0.9267620351085474
JPM,HL,fear_level,85,0.0,0.0,0.0,0.0,0.0,0.2532282998506321
JPM,HH,kf_conj_filt_vel,95,0.16842105263157894,0.1368421052631579,0.18947368421052632,0.004,47.36842105263158,0.6911344530749809
JPM,HH,kf_price_innovation,95,0.10526315789473684,0.22105263157894736,0.25263157894736843,0.006,42.10526315789474,0.5236915109813635
JPM,HH,wave_slope,95,0.15789473684210525,0.17894736842105263,0.18947368421052632,0.006,31.57894736842105,0.15054843352864314
JPM,HH,current_slope,95,0.16842105263157894,0.17894736842105263,0.17894736842105263,0.006,29.82456140350877,0.018637493905026156
JPM,HH,wave_accel,95,0.22105263157894736,0.17894736842105263,0.24210526315789474,0.012,20.17543859649123,1.0892540448473118
JPM,HH,kf_price_filt_vel,95,0.15789473684210525,0.17894736842105263,0.24210526315789474,0.012,20.17543859649123,1.0436725469447548
JPM,HH,kf_price_pred_val,95,0.2,0.22105263157894736,0.2736842105263158,0.014,19.548872180451127,1.5012869822082608
JPM,HH,conj_wave_current,95,0.1368421052631579,0.15789473684210525,0.17894736842105263,0.012,14.912280701754385,0.27482161046313397
JPM,HH,vwap_spread_current_wave,95,0.15789473684210525,0.16842105263157894,0.17894736842105263,0.012,14.912280701754385,-0.03006623913873451
JPM,HH,current_accel,95,0.16842105263157894,0.18947368421052632,0.22105263157894736,0.02,11.052631578947368,1.0728556577857742
JPM,HH,conj_current_tide,95,0.14736842105263157,0.14736842105263157,0.14736842105263157,0.018,8.187134502923977,0.15717642633947443
JPM,HH,sigma_tide,95,0.07368421052631578,0.06315789473684211,0.10526315789473684,0.014,7.518796992481202,0.7545854665302751
JPM,HH,vwap_sigma_tide,95,0.0,0.042105263157894736,0.042105263157894736,0.006,7.017543859649122,0.30902893606963233
JPM,HH,conj_wave_tide,95,0.16842105263157894,0.15789473684210525,0.17894736842105263,0.026,6.8825910931174095,0.26084618877156923
JPM,HH,kf_conj_pred_val,95,0.15789473684210525,0.15789473684210525,0.16842105263157894,0.026,6.477732793522267,0.2850445483568923
JPM,HH,vwap_spread_tide_wave,95,0.11578947368421053,0.11578947368421053,0.11578947368421053,0.02,5.7894736842105265,0.2770237783280137
JPM,HH,tide_slope,95,0.11578947368421053,0.12631578947368421,0.12631578947368421,0.024,5.2631578947368425,-0.32864031722069015
JPM,HH,vwap_spread_tide_current,95,0.11578947368421053,0.12631578947368421,0.12631578947368421,0.024,5.2631578947368425,0.30997666979214017
JPM,HH,kf_tension_filt_vel,95,0.12631578947368421,0.06315789473684211,0.1368421052631579,0.03,4.561403508771931,0.7934048992758518
JPM,HH,tension_current,95,0.10526315789473684,0.07368421052631578,0.10526315789473684,0.03,3.508771929824561,0.32029014637412634
JPM,HH,sigma_current,95,0.10526315789473684,0.042105263157894736,0.12631578947368421,0.038,3.32409972299169,1.1727999799189222
JPM,HH,sigma_wave,95,0.11578947368421053,0.06315789473684211,0.1368421052631579,0.042,3.2581453634085213,1.1792022419143322
JPM,HH,kf_tension_pred_val,95,0.05263157894736842,0.05263157894736842,0.06315789473684211,0.02,3.1578947368421053,0.544473617108053
JPM,HH,kf_rvol_filt_vel,95,0.07368421052631578,0.09473684210526316,0.1368421052631579,0.044,3.1100478468899526,0.37255325121451804
JPM,HH,tension_wave,95,0.031578947368421054,0.05263157894736842,0.06315789473684211,0.022,2.870813397129187,0.16300180249783536
JPM,HH,tension_tide,95,0.05263157894736842,0.042105263157894736,0.05263157894736842,0.02,2.631578947368421,0.5291143217015711
JPM,HH,kf_rvol_pred_val,95,0.05263157894736842,0.07368421052631578,0.10526315789473684,0.04,2.631578947368421,0.2598707632004321
JPM,HH,compression_ratio,95,0.05263157894736842,0.05263157894736842,0.05263157894736842,0.022,2.3923444976076556,0.06082267043835866
JPM,HH,tide_accel,95,0.10526315789473684,0.12631578947368421,0.1368421052631579,0.062,2.2071307300509337,0.4904796097918476
JPM,HH,vwap_sigma_wave,95,0.05263157894736842,0.0,0.05263157894736842,0.024,2.1929824561403506,1.0469821365443208
JPM,HH,rsi_value,95,0.05263157894736842,0.07368421052631578,0.08421052631578947,0.046,1.8306636155606406,1.0191333180849913
JPM,HH,kf_rsi_filt_vel,95,0.07368421052631578,0.042105263157894736,0.07368421052631578,0.05,1.4736842105263155,0.9647886248729158
JPM,HH,kf_rsi_pred_val,95,0.042105263157894736,0.042105263157894736,0.06315789473684211,0.044,1.4354066985645935,0.9804998367723132
JPM,HH,vwap_sigma_current,95,0.031578947368421054,0.010526315789473684,0.042105263157894736,0.034,1.2383900928792568,0.9053304998463437
JPM,HH,fear_level,95,0.0,0.0,0.0,0.0,0.0,-0.029626523287099468
JPM,LH,kf_conj_filt_vel,70,0.2,0.22857142857142856,0.2714285714285714,0.004,67.85714285714285,-0.05058226538225503
JPM,LH,kf_price_innovation,70,0.22857142857142856,0.24285714285714285,0.35714285714285715,0.006,59.523809523809526,0.9233668218362592
JPM,LH,wave_slope,70,0.21428571428571427,0.21428571428571427,0.21428571428571427,0.006,35.71428571428571,-0.6765714753004696
JPM,LH,current_slope,70,0.17142857142857143,0.18571428571428572,0.2,0.006,33.333333333333336,-0.6048606903673709
JPM,LH,kf_price_filt_vel,70,0.2571428571428571,0.21428571428571427,0.37142857142857144,0.012,30.952380952380953,1.3582461347974821
JPM,LH,kf_price_pred_val,70,0.24285714285714285,0.24285714285714285,0.37142857142857144,0.014,26.53061224489796,1.3844857186509836
JPM,LH,vwap_sigma_tide,70,0.04285714285714286,0.14285714285714285,0.14285714285714285,0.006,23.809523809523807,-0.6415562392951742
JPM,LH,wave_accel,70,0.17142857142857143,0.24285714285714285,0.2714285714285714,0.012,22.619047619047617,0.3035493155182685
JPM,LH,conj_wave_current,70,0.15714285714285714,0.2,0.2,0.012,16.666666666666668,-0.32843254869190414
JPM,LH,current_accel,70,0.11428571428571428,0.21428571428571427,0.22857142857142856,0.02,11.428571428571429,0.0011761124197616117
JPM,LH,vwap_spread_current_wave,70,0.11428571428571428,0.11428571428571428,0.11428571428571428,0.012,9.523809523809524,0.4739044552012479
JPM,LH,conj_current_tide,70,0.1,0.12857142857142856,0.12857142857142856,0.018,7.142857142857142,-0.35628226209747527
JPM,LH,vwap_spread_tide_wave,70,0.12857142857142856,0.14285714285714285,0.14285714285714285,0.02,7.142857142857142,0.6006633979451068
JPM,LH,tide_slope,70,0.15714285714285714,0.15714285714285714,0.15714285714285714,0.024,6.5476190476190474,-0.5513576927843111
JPM,LH,conj_wave_tide,70,0.14285714285714285,0.15714285714285714,0.15714285714285714,0.026,6.043956043956044,-0.4529544158106688
JPM,LH,kf_conj_pred_val,70,0.14285714285714285,0.15714285714285714,0.15714285714285714,0.026,6.043956043956044,-0.4647013077998537
JPM,LH,kf_rvol_pred_val,70,0.1,0.12857142857142856,0.2,0.04,5.0,0.17395081882201724
JPM,LH,kf_tension_filt_vel,70,0.11428571428571428,0.11428571428571428,0.14285714285714285,0.03,4.761904761904762,0.7836258947637578
JPM,LH,tension_tide,70,0.07142857142857142,0.07142857142857142,0.08571428571428572,0.02,4.285714285714286,0.4291568039038517
JPM,LH,kf_tension_pred_val,70,0.07142857142857142,0.08571428571428572,0.08571428571428572,0.02,4.285714285714286,0.4421455452426455
JPM,LH,vwap_spread_tide_current,70,0.1,0.1,0.1,0.024,4.166666666666667,0.5595886723708319
JPM,LH,sigma_tide,70,0.02857142857142857,0.05714285714285714,0.05714285714285714,0.014,4.081632653061225,-0.20872379773219651
JPM,LH,tension_wave,70,0.07142857142857142,0.05714285714285714,0.08571428571428572,0.022,3.8961038961038965,0.6914421100663775
JPM,LH,compression_ratio,70,0.07142857142857142,0.08571428571428572,0.08571428571428572,0.022,3.8961038961038965,0.355402012004786
JPM,LH,kf_rvol_filt_vel,70,0.07142857142857142,0.11428571428571428,0.17142857142857143,0.044,3.8961038961038965,0.02064163912873943
JPM,LH,vwap_sigma_wave,70,0.014285714285714285,0.07142857142857142,0.07142857142857142,0.024,2.976190476190476,-0.04659843127298976
JPM,LH,kf_rsi_filt_vel,70,0.1,0.07142857142857142,0.12857142857142856,0.05,2.571428571428571,0.9852865896075667
JPM,LH,vwap_sigma_current,70,0.0,0.08571428571428572,0.08571428571428572,0.034,2.5210084033613445,-0.20917707436818503
JPM,LH,sigma_wave,70,0.04285714285714286,0.07142857142857142,0.1,0.042,2.380952380952381,0.6053790655780674
JPM,LH,sigma_current,70,0.02857142857142857,0.07142857142857142,0.07142857142857142,0.038,1.8796992481203008,0.38768037134260636
JPM,LH,tide_accel,70,0.08571428571428572,0.11428571428571428,0.11428571428571428,0.062,1.8433179723502304,-0.3042864138460739
JPM,LH,kf_rsi_pred_val,70,0.02857142857142857,0.07142857142857142,0.07142857142857142,0.044,1.6233766233766234,-0.014270885353882757
JPM,LH,rsi_value,70,0.02857142857142857,0.07142857142857142,0.07142857142857142,0.046,1.5527950310559007,-0.020832717257586748
JPM,LH,tension_current,70,0.04285714285714286,0.04285714285714286,0.04285714285714286,0.03,1.4285714285714286,0.63237278286764
JPM,LH,fear_level,70,0.0,0.0,0.0,0.0,0.0,0.7120050251837817
MCD,LL,vwap_sigma_current,27,0.5925925925925926,0.25925925925925924,0.5925925925925926,0.018,32.92181069958848,-2.040637051519108
MCD,LL,compression_ratio,27,0.2962962962962963,0.25925925925925924,0.2962962962962963,0.012,24.691358024691358,1.0853815897757835
MCD,LL,kf_price_pred_val,27,0.37037037037037035,0.25925925925925924,0.37037037037037035,0.018,20.5761316872428,-1.8356008453614616
MCD,LL,vwap_sigma_tide,27,0.6296296296296297,0.4444444444444444,0.6296296296296297,0.032,19.675925925925927,-1.941013387885465
MCD,LL,kf_price_filt_vel,27,0.2222222222222222,0.25925925925925924,0.37037037037037035,0.022,16.835016835016834,-1.0987736291141275
MCD,LL,wave_accel,27,0.18518518518518517,0.2962962962962963,0.3333333333333333,0.022,15.151515151515152,-0.7988309759322969
MCD,LL,current_accel,27,0.25925925925925924,0.2222222222222222,0.2962962962962963,0.02,14.814814814814813,-1.7933057211786818
MCD,LL,rsi_value,27,0.5185185185185185,0.2962962962962963,0.5185185185185185,0.036,14.40329218106996,-2.033022859149623
MCD,LL,kf_price_innovation,27,0.18518518518518517,0.2222222222222222,0.25925925925925924,0.018,14.40329218106996,-0.9111613421488732
MCD,LL,conj_wave_tide,27,0.37037037037037035,0.3333333333333333,0.4074074074074074,0.03,13.580246913580247,-2.3899580731187635
MCD,LL,sigma_tide,27,0.4074074074074074,0.3333333333333333,0.4074074074074074,0.032,12.731481481481481,-1.8897517881780939
MCD,LL,kf_rsi_pred_val,27,0.4074074074074074,0.37037037037037035,0.48148148148148145,0.04,12.037037037037036,-1.9412709193810715
MCD,LL,wave_slope,27,0.37037037037037035,0.37037037037037035,0.4074074074074074,0.034,11.982570806100217,-2.461221876490367
MCD,LL,conj_wave_current,27,0.3333333333333333,0.2962962962962963,0.3333333333333333,0.028,11.904761904761903,-2.0646880572513195
MCD,LL,kf_conj_pred_val,27,0.25925925925925924,0.25925925925925924,0.2962962962962963,0.026,11.396011396011396,-2.157431333861354
MCD,LL,kf_conj_filt_vel,27,0.14814814814814814,0.14814814814814814,0.2222222222222222,0.022,10.1010101010101,-0.7379054791382764
MCD,LL,kf_tension_filt_vel,27,0.18518518518518517,0.2962962962962963,0.3333333333333333,0.034,9.80392156862745,-0.6896589513355368
MCD,LL,sigma_current,27,0.2222222222222222,0.18518518518518517,0.25925925925925924,0.028,9.259259259259258,-1.622038216508507
MCD,LL,vwap_spread_current_wave,27,0.25925925925925924,0.25925925925925924,0.25925925925925924,0.03,8.641975308641975,1.6253142178564854
MCD,LL,tension_wave,27,0.037037037037037035,0.1111111111111111,0.14814814814814814,0.018,8.23045267489712,1.1393042314140438
MCD,LL,tide_accel,27,0.25925925925925924,0.2222222222222222,0.2962962962962963,0.054,5.486968449931413,-1.4705674318742714
MCD,LL,vwap_spread_tide_wave,27,0.1111111111111111,0.07407407407407407,0.1111111111111111,0.022,5.05050505050505,1.141412550423745
MCD,LL,kf_rvol_pred_val,27,0.14814814814814814,0.1111111111111111,0.14814814814814814,0.038,3.898635477582846,0.8897918602909594
MCD,LL,current_slope,27,0.1111111111111111,0.07407407407407407,0.1111111111111111,0.032,3.472222222222222,-0.9162131607524655
MCD,LL,kf_rsi_filt_vel,27,0.07407407407407407,0.07407407407407407,0.1111111111111111,0.032,3.472222222222222,-0.85792352069518
MCD,LL,kf_rvol_filt_vel,27,0.07407407407407407,0.1111111111111111,0.18518518518518517,0.054,3.429355281207133,0.3341478493612789
MCD,LL,fear_level,27,0.07407407407407407,0.07407407407407407,0.07407407407407407,0.024,3.0864197530864197,0.8950508444452099
MCD,LL,tension_tide,27,0.1111111111111111,0.14814814814814814,0.14814814814814814,0.05,2.962962962962963,-0.3380127792380056
MCD,LL,kf_tension_pred_val,27,0.1111111111111111,0.1111111111111111,0.1111111111111111,0.052,2.1367521367521367,-0.3601179678622053
MCD,LL,vwap_sigma_wave,27,0.0,0.037037037037037035,0.037037037037037035,0.018,2.05761316872428,-1.3118650146194009
MCD,LL,tension_current,27,0.0,0.037037037037037035,0.037037037037037035,0.036,1.02880658436214,0.4234394990937165
MCD,LL,conj_current_tide,27,0.037037037037037035,0.0,0.037037037037037035,0.038,0.9746588693957114,-0.8028901023118337
MCD,LL,sigma_wave,27,0.0,0.0,0.0,0.014,0.0,-0.38544823841851206
MCD,LL,tide_slope,27,0.0,0.0,0.0,0.034,0.0,-0.275917975626075
MCD,LL,vwap_spread_tide_current,27,0.0,0.0,0.0,0.016,0.0,0.37856742575417285
MCD,HL,kf_price_pred_val,43,0.32558139534883723,0.18604651162790697,0.4418604651162791,0.018,24.547803617571063,-1.616100998039314
MCD,HL,kf_price_filt_vel,43,0.20930232558139536,0.16279069767441862,0.27906976744186046,0.022,12.684989429175475,-1.059472036620936
MCD,HL,vwap_sigma_wave,43,0.11627906976744186,0.09302325581395349,0.20930232558139536,0.018,11.627906976744187,-1.514685048075461
MCD,HL,compression_ratio,43,0.09302325581395349,0.11627906976744186,0.13953488372093023,0.012,11.627906976744185,0.2345335883719253
MCD,HL,wave_accel,43,0.13953488372093023,0.18604651162790697,0.23255813953488372,0.022,10.570824524312897,-1.0403342015922594
MCD,HL,sigma_wave,43,0.023255813953488372,0.11627906976744186,0.13953488372093023,0.014,9.966777408637874,-0.8875626462922689
MCD,HL,vwap_sigma_current,43,0.16279069767441862,0.06976744186046512,0.16279069767441862,0.018,9.043927648578812,-1.254816940228592
MCD,HL,kf_price_innovation,43,0.06976744186046512,0.09302325581395349,0.16279069767441862,0.018,9.043927648578812,-0.3278698250411686
MCD,HL,sigma_current,43,0.18604651162790697,0.11627906976744186,0.20930232558139536,0.028,7.475083056478406,-1.4465590854972756
MCD,HL,kf_rvol_pred_val,43,0.13953488372093023,0.18604651162790697,0.27906976744186046,0.038,7.343941248470013,0.8595531417741977
MCD,HL,kf_tension_filt_vel,43,0.20930232558139536,0.16279069767441862,0.23255813953488372,0.034,6.839945280437756,-0.9252007619743845
MCD,HL,conj_wave_tide,43,0.16279069767441862,0.09302325581395349,0.18604651162790697,0.03,6.2015503875969,-1.1900578233899464
MCD,HL,kf_rvol_filt_vel,43,0.16279069767441862,0.16279069767441862,0.32558139534883723,0.054,6.029285099052541,0.6345710807244523
MCD,HL,conj_wave_current,43,0.16279069767441862,0.11627906976744186,0.16279069767441862,0.028,5.813953488372094,-1.0850366908072577
MCD,HL,current_accel,43,0.11627906976744186,0.06976744186046512,0.11627906976744186,0.02,5.813953488372093,-1.0707342654733476
MCD,HL,kf_rsi_filt_vel,43,0.13953488372093023,0.09302325581395349,0.18604651162790697,0.032,5.813953488372093,-1.2819429298229261
MCD,HL,wave_slope,43,0.16279069767441862,0.09302325581395349,0.18604651162790697,0.034,5.471956224350205,-1.2147671265403694
MCD,HL,kf_conj_pred_val,43,0.13953488372093023,0.06976744186046512,0.13953488372093023,0.026,5.366726296958856,-1.0757595249824061
MCD,HL,kf_rsi_pred_val,43,0.20930232558139536,0.11627906976744186,0.20930232558139536,0.04,5.232558139534884,-1.4759327280040218
MCD,HL,rsi_value,43,0.18604651162790697,0.11627906976744186,0.18604651162790697,0.036,5.167958656330749,-1.4795910755025892
MCD,HL,sigma_tide,43,0.16279069767441862,0.09302325581395349,0.16279069767441862,0.032,5.087209302325582,-0.9649539221632162
MCD,HL,vwap_spread_tide_current,43,0.046511627906976744,0.06976744186046512,0.06976744186046512,0.016,4.3604651162790695,0.05283722277538791
MCD,HL,kf_conj_filt_vel,43,0.06976744186046512,0.046511627906976744,0.09302325581395349,0.022,4.2283298097251585,-0.732449160279484
MCD,HL,tension_wave,43,0.0,0.06976744186046512,0.06976744186046512,0.018,3.8759689922480622,0.9427426801530234
MCD,HL,fear_level,43,0.09302325581395349,0.09302325581395349,0.09302325581395349,0.024,3.875968992248062,1.0295219641324402
MCD,HL,vwap_sigma_tide,43,0.11627906976744186,0.06976744186046512,0.11627906976744186,0.032,3.633720930232558,-0.8181842337605573
MCD,HL,current_slope,43,0.09302325581395349,0.09302325581395349,0.09302325581395349,0.032,2.9069767441860463,-0.2592755730417392
MCD,HL,kf_tension_pred_val,43,0.13953488372093023,0.09302325581395349,0.13953488372093023,0.052,2.683363148479428,-0.3802296410627964
MCD,HL,conj_current_tide,43,0.06976744186046512,0.06976744186046512,0.09302325581395349,0.038,2.4479804161566707,-0.23448109945179743
MCD,HL,tension_tide,43,0.11627906976744186,0.11627906976744186,0.11627906976744186,0.05,2.325581395348837,-0.35561369177517244
MCD,HL,tide_slope,43,0.06976744186046512,0.06976744186046512,0.06976744186046512,0.034,2.0519835841313268,-0.05928118019319895
MCD,HL,tension_current,43,0.06976744186046512,0.06976744186046512,0.06976744186046512,0.036,1.9379844961240311,-0.21747148503650043
MCD,HL,tide_accel,43,0.09302325581395349,0.06976744186046512,0.09302325581395349,0.054,1.7226528854435832,-0.628074501658384
MCD,HL,vwap_spread_current_wave,43,0.046511627906976744,0.046511627906976744,0.046511627906976744,0.03,1.550387596899225,0.5049554651620517
MCD,HL,vwap_spread_tide_wave,43,0.023255813953488372,0.023255813953488372,0.023255813953488372,0.022,1.0570824524312896,0.30643866678378234
MCD,HH,kf_price_pred_val,42,0.09523809523809523,0.07142857142857142,0.16666666666666666,0.018,9.25925925925926,0.9947848441574462
MCD,HH,current_accel,42,0.14285714285714285,0.14285714285714285,0.16666666666666666,0.02,8.333333333333332,0.6528503935578297
MCD,HH,vwap_spread_tide_current,42,0.09523809523809523,0.09523809523809523,0.09523809523809523,0.016,5.952380952380952,-0.09548790208676687
MCD,HH,conj_wave_tide,42,0.11904761904761904,0.14285714285714285,0.16666666666666666,0.03,5.555555555555555,0.9876379889663615
MCD,HH,kf_price_filt_vel,42,0.023809523809523808,0.09523809523809523,0.11904761904761904,0.022,5.411255411255412,0.5334991134565066
MCD,HH,kf_conj_pred_val,42,0.11904761904761904,0.09523809523809523,0.11904761904761904,0.026,4.5787545787545785,0.9639599478672622
MCD,HH,conj_wave_current,42,0.07142857142857142,0.11904761904761904,0.11904761904761904,0.028,4.2517006802721085,0.7907677884595091
MCD,HH,wave_slope,42,0.11904761904761904,0.09523809523809523,0.14285714285714285,0.034,4.201680672268907,1.0028659811673135
MCD,HH,kf_price_innovation,42,0.023809523809523808,0.07142857142857142,0.07142857142857142,0.018,3.9682539682539684,0.2542967692218454
MCD,HH,compression_ratio,42,0.047619047619047616,0.047619047619047616,0.047619047619047616,0.012,3.968253968253968,0.05490185350489447
MCD,HH,vwap_sigma_tide,42,0.11904761904761904,0.023809523809523808,0.11904761904761904,0.032,3.720238095238095,0.9545199244556616
MCD,HH,current_slope,42,0.11904761904761904,0.11904761904761904,0.11904761904761904,0.032,3.720238095238095,0.5210556575151923
MCD,HH,kf_tension_filt_vel,42,0.07142857142857142,0.07142857142857142,0.11904761904761904,0.034,3.501400560224089,0.6792173742457033
MCD,HH,sigma_current,42,0.09523809523809523,0.023809523809523808,0.09523809523809523,0.028,3.401360544217687,0.9987652240780479
MCD,HH,sigma_wave,42,0.047619047619047616,0.0,0.047619047619047616,0.014,3.401360544217687,0.9126636037613866
MCD,HH,wave_accel,42,0.047619047619047616,0.047619047619047616,0.07142857142857142,0.022,3.2467532467532467,0.65873910901228
MCD,HH,conj_current_tide,42,0.11904761904761904,0.11904761904761904,0.11904761904761904,0.038,3.132832080200501,0.5130959530739769
MCD,HH,sigma_tide,42,0.09523809523809523,0.047619047619047616,0.09523809523809523,0.032,2.976190476190476,1.0879823967962186
MCD,HH,vwap_sigma_current,42,0.023809523809523808,0.047619047619047616,0.047619047619047616,0.018,2.6455026455026456,1.1872591806731654
MCD,HH,vwap_spread_current_wave,42,0.07142857142857142,0.07142857142857142,0.07142857142857142,0.03,2.380952380952381,-0.7021257059573108
MCD,HH,vwap_spread_tide_wave,42,0.047619047619047616,0.047619047619047616,0.047619047619047616,0.022,2.1645021645021645,-0.44780802995273306
MCD,HH,tide_slope,42,0.07142857142857142,0.07142857142857142,0.07142857142857142,0.034,2.1008403361344534,0.010938080289102129
MCD,HH,tide_accel,42,0.09523809523809523,0.047619047619047616,0.09523809523809523,0.054,1.763668430335097,0.5995837197843246
MCD,HH,tension_tide,42,0.07142857142857142,0.047619047619047616,0.07142857142857142,0.05,1.4285714285714284,0.36706883172249677
MCD,HH,kf_tension_pred_val,42,0.07142857142857142,0.047619047619047616,0.07142857142857142,0.052,1.3736263736263736,0.38138312150559367
MCD,HH,vwap_sigma_wave,42,0.023809523809523808,0.0,0.023809523809523808,0.018,1.3227513227513228,1.2247415872197989
MCD,HH,rsi_value,42,0.047619047619047616,0.023809523809523808,0.047619047619047616,0.036,1.3227513227513228,1.2485698180333407
MCD,HH,kf_rvol_filt_vel,42,0.047619047619047616,0.023809523809523808,0.07142857142857142,0.054,1.3227513227513228,0.3598572006745052
MCD,HH,kf_rvol_pred_val,42,0.047619047619047616,0.023809523809523808,0.047619047619047616,0.038,1.2531328320802004,0.15566652046909876
MCD,HH,kf_rsi_pred_val,42,0.047619047619047616,0.023809523809523808,0.047619047619047616,0.04,1.1904761904761905,1.2089360356770196
MCD,HH,kf_conj_filt_vel,42,0.023809523809523808,0.023809523809523808,0.023809523809523808,0.022,1.0822510822510822,0.7056909376328658
MCD,HH,tension_current,42,0.0,0.023809523809523808,0.023809523809523808,0.036,0.6613756613756614,-0.1877918980397844
MCD,HH,tension_wave,42,0.0,0.0,0.0,0.018,0.0,-0.598048014315612
MCD,HH,fear_level,42,0.0,0.0,0.0,0.024,0.0,-0.7508276351265973
MCD,HH,kf_rsi_filt_vel,42,0.0,0.0,0.0,0.032,0.0,0.9088642394624212
MCD,LH,compression_ratio,29,0.1724137931034483,0.20689655172413793,0.2413793103448276,0.012,20.114942528735632,0.8287277842915326
MCD,LH,kf_price_pred_val,29,0.2413793103448276,0.20689655172413793,0.3103448275862069,0.018,17.24137931034483,1.6371324873825628
MCD,LH,kf_price_filt_vel,29,0.2413793103448276,0.2413793103448276,0.3103448275862069,0.022,14.106583072100316,1.5434204058217837
MCD,LH,kf_price_innovation,29,0.13793103448275862,0.2413793103448276,0.2413793103448276,0.018,13.409961685823756,1.0198530199174
MCD,LH,wave_accel,29,0.20689655172413793,0.20689655172413793,0.27586206896551724,0.022,12.539184952978056,1.122213771381106
MCD,LH,kf_conj_filt_vel,29,0.1724137931034483,0.20689655172413793,0.2413793103448276,0.022,10.9717868338558,0.6056906412958555
MCD,LH,kf_conj_pred_val,29,0.13793103448275862,0.20689655172413793,0.2413793103448276,0.026,9.283819628647215,-0.02179195539687174
MCD,LH,conj_wave_tide,29,0.13793103448275862,0.2413793103448276,0.27586206896551724,0.03,9.195402298850574,-0.05056735211700703
MCD,LH,current_accel,29,0.06896551724137931,0.1724137931034483,0.1724137931034483,0.02,8.620689655172415,0.025608074022935523
MCD,LH,wave_slope,29,0.13793103448275862,0.2413793103448276,0.27586206896551724,0.034,8.113590263691682,-0.06883746104898142
MCD,LH,vwap_sigma_current,29,0.034482758620689655,0.13793103448275862,0.13793103448275862,0.018,7.662835249042146,0.26394819858705004
MCD,LH,conj_wave_current,29,0.1724137931034483,0.1724137931034483,0.20689655172413793,0.028,7.389162561576354,0.027135515793148966
MCD,LH,kf_rvol_pred_val,29,0.10344827586206896,0.20689655172413793,0.27586206896551724,0.038,7.259528130671506,0.48481919454869116
MCD,LH,sigma_current,29,0.034482758620689655,0.1724137931034483,0.1724137931034483,0.028,6.157635467980296,0.570198032403173
MCD,LH,kf_rsi_filt_vel,29,0.10344827586206896,0.13793103448275862,0.1724137931034483,0.032,5.387931034482759,1.2138315097370247
MCD,LH,sigma_wave,29,0.034482758620689655,0.034482758620689655,0.06896551724137931,0.014,4.926108374384237,0.9978784666309221
MCD,LH,kf_rvol_filt_vel,29,0.1724137931034483,0.10344827586206896,0.2413793103448276,0.054,4.469987228607918,0.32362112353742467
MCD,LH,vwap_spread_current_wave,29,0.10344827586206896,0.10344827586206896,0.10344827586206896,0.03,3.4482758620689657,0.5594024403501608
MCD,LH,vwap_sigma_tide,29,0.034482758620689655,0.10344827586206896,0.10344827586206896,0.032,3.2327586206896552,-0.08071262025994565
MCD,LH,kf_tension_filt_vel,29,0.06896551724137931,0.10344827586206896,0.10344827586206896,0.034,3.042596348884381,0.5680630913984908
MCD,LH,kf_rsi_pred_val,29,0.034482758620689655,0.10344827586206896,0.10344827586206896,0.04,2.586206896551724,0.4483671487123631
MCD,LH,sigma_tide,29,0.034482758620689655,0.06896551724137931,0.06896551724137931,0.032,2.155172413793103,-0.04890170401356771
MCD,LH,vwap_sigma_wave,29,0.0,0.034482758620689655,0.034482758620689655,0.018,1.9157088122605366,0.9838777759667173
MCD,LH,tension_wave,29,0.0,0.034482758620689655,0.034482758620689655,0.018,1.9157088122605366,-0.25749300437510797
MCD,LH,rsi_value,29,0.0,0.06896551724137931,0.06896551724137931,0.036,1.9157088122605366,0.41778805792194473
MCD,LH,vwap_spread_tide_wave,29,0.034482758620689655,0.034482758620689655,0.034482758620689655,0.022,1.567398119122257,0.4876873463750256
MCD,LH,tide_accel,29,0.034482758620689655,0.06896551724137931,0.06896551724137931,0.054,1.277139208173691,-0.21625893114428224
MCD,LH,conj_current_tide,29,0.034482758620689655,0.034482758620689655,0.034482758620689655,0.038,0.9074410163339383,-0.22258175374985925
MCD,LH,tension_tide,29,0.0,0.034482758620689655,0.034482758620689655,0.05,0.689655172413793,0.023512699751224105
MCD,LH,kf_tension_pred_val,29,0.0,0.034482758620689655,0.034482758620689655,0.052,0.6631299734748011,0.03731332824087934
MCD,LH,tide_slope,29,0.0,0.0,0.0,0.034,0.0,-0.12733819247066996
MCD,LH,current_slope,29,0.0,0.0,0.0,0.032,0.0,-0.2738157643955057
MCD,LH,tension_current,29,0.0,0.0,0.0,0.036,0.0,0.32865737438652964
MCD,LH,vwap_spread_tide_current,29,0.0,0.0,0.0,0.016,0.0,0.2453394233004793
MCD,LH,fear_level,29,0.0,0.0,0.0,0.024,0.0,-0.5874005114032685
MRK,LL,kf_conj_pred_val,50,0.18,0.1,0.18,0.008,22.5,-1.0732261313275657
MRK,LL,vwap_sigma_current,50,0.32,0.22,0.36,0.018,20.0,-1.7773812094121864
MRK,LL,kf_price_pred_val,50,0.3,0.22,0.32,0.016,20.0,-2.0448850288910267
MRK,LL,conj_wave_tide,50,0.14,0.1,0.14,0.008,17.5,-1.046524246509727
MRK,LL,vwap_sigma_tide,50,0.24,0.12,0.24,0.014,17.142857142857142,-1.4262414514462327
MRK,LL,current_accel,50,0.24,0.12,0.26,0.016,16.25,-1.314259030899803
MRK,LL,kf_price_filt_vel,50,0.24,0.22,0.32,0.02,16.0,-1.4281420388016293
MRK,LL,rsi_value,50,0.38,0.24,0.38,0.024,15.833333333333334,-1.828305520006676
MRK,LL,vwap_sigma_wave,50,0.18,0.08,0.22,0.014,15.714285714285714,-1.6809364147364803
MRK,LL,sigma_tide,50,0.28,0.24,0.28,0.018,15.555555555555559,-1.4782306021722917
MRK,LL,kf_rsi_pred_val,50,0.3,0.22,0.32,0.024,13.333333333333334,-1.7456257393638743
MRK,LL,kf_price_innovation,50,0.18,0.22,0.32,0.028,11.428571428571429,-1.075422786682096
MRK,LL,sigma_wave,50,0.2,0.1,0.22,0.02,11.0,-1.2426265155755045
MRK,LL,sigma_current,50,0.24,0.14,0.26,0.028,9.285714285714286,-1.4098268344304035
MRK,LL,wave_slope,50,0.2,0.14,0.2,0.024,8.333333333333334,-1.2355828134680238
MRK,LL,vwap_spread_tide_wave,50,0.22,0.22,0.24,0.03,8.0,0.7637761055383419
MRK,LL,kf_rvol_pred_val,50,0.2,0.16,0.24,0.032,7.5,1.010945189603032
MRK,LL,wave_accel,50,0.16,0.12,0.22,0.03,7.333333333333334,-1.303451365533322
MRK,LL,tide_slope,50,0.22,0.22,0.22,0.036,6.111111111111112,-0.5172042788165045
MRK,LL,conj_wave_current,50,0.12,0.1,0.12,0.02,6.0,-0.6938529017323615
MRK,LL,vwap_spread_tide_current,50,0.18,0.16,0.18,0.03,6.0,0.5859004509046846
MRK,LL,kf_rvol_filt_vel,50,0.14,0.18,0.24,0.044,5.454545454545455,0.7408106417318718
MRK,LL,tide_accel,50,0.18,0.12,0.18,0.034,5.294117647058823,-1.1783669910032293
MRK,LL,kf_rsi_filt_vel,50,0.18,0.12,0.18,0.034,5.294117647058823,-1.0730392025821458
MRK,LL,tension_tide,50,0.06,0.08,0.08,0.016,5.0,-0.07223694461676526
MRK,LL,kf_tension_filt_vel,50,0.16,0.04,0.16,0.032,5.0,-0.6863801911967431
MRK,LL,kf_tension_pred_val,50,0.06,0.08,0.08,0.018,4.444444444444445,-0.07971593165728393
MRK,LL,vwap_spread_current_wave,50,0.14,0.12,0.14,0.032,4.375,0.973740292774504
MRK,LL,conj_current_tide,50,0.12,0.1,0.12,0.03,4.0,-0.7794667702268128
MRK,LL,current_slope,50,0.12,0.1,0.12,0.034,3.529411764705882,-1.0183292048708714
MRK,LL,kf_conj_filt_vel,50,0.1,0.1,0.1,0.032,3.125,-0.8981679805223273
MRK,LL,compression_ratio,50,0.06,0.02,0.06,0.052,1.153846153846154,0.30678729834379226
MRK,LL,tension_current,50,0.0,0.0,0.0,0.028,0.0,0.3280358517487011
MRK,LL,tension_wave,50,0.0,0.0,0.0,0.026,0.0,0.5071676844458889
MRK,LL,fear_level,50,0.0,0.0,0.0,0.0,0.0,0.8918950243097029
MRK,HL,kf_price_pred_val,60,0.21666666666666667,0.2,0.2833333333333333,0.016,17.708333333333332,-1.2822381625716304
MRK,HL,vwap_sigma_wave,60,0.1,0.08333333333333333,0.16666666666666666,0.014,11.904761904761903,-1.278493659913354
MRK,HL,kf_price_filt_vel,60,0.11666666666666667,0.15,0.23333333333333334,0.02,11.666666666666666,-0.8462995886258862
MRK,HL,current_accel,60,0.11666666666666667,0.1,0.15,0.016,9.375,-0.9648704486673108
MRK,HL,sigma_wave,60,0.15,0.1,0.15,0.02,7.5,-1.2206563704610205
MRK,HL,sigma_current,60,0.15,0.15,0.18333333333333332,0.028,6.5476190476190474,-1.2498806467738883
MRK,HL,conj_wave_tide,60,0.05,0.05,0.05,0.008,6.25,-0.22477469014373366
MRK,HL,kf_conj_pred_val,60,0.05,0.05,0.05,0.008,6.25,-0.27650965663807725
MRK,HL,kf_price_innovation,60,0.06666666666666667,0.13333333333333333,0.16666666666666666,0.028,5.952380952380952,-0.32097463031704065
MRK,HL,kf_tension_filt_vel,60,0.16666666666666666,0.15,0.18333333333333332,0.032,5.729166666666666,-1.1332871348796583
MRK,HL,kf_rvol_pred_val,60,0.11666666666666667,0.1,0.16666666666666666,0.032,5.208333333333333,0.6771530953833452
MRK,HL,wave_accel,60,0.11666666666666667,0.1,0.15,0.03,5.0,-1.0125634649156579
MRK,HL,kf_rsi_filt_vel,60,0.15,0.1,0.16666666666666666,0.034,4.901960784313725,-1.229047270127873
MRK,HL,wave_slope,60,0.1,0.11666666666666667,0.11666666666666667,0.024,4.861111111111111,-0.2870050983881001
MRK,HL,tension_current,60,0.13333333333333333,0.13333333333333333,0.13333333333333333,0.028,4.761904761904762,-0.4853397623896044
MRK,HL,kf_rvol_filt_vel,60,0.1,0.13333333333333333,0.2,0.044,4.545454545454546,0.569665485079912
MRK,HL,tension_tide,60,0.06666666666666667,0.06666666666666667,0.06666666666666667,0.016,4.166666666666667,-0.0942323108337954
MRK,HL,conj_wave_current,60,0.03333333333333333,0.08333333333333333,0.08333333333333333,0.02,4.166666666666666,-0.4057362754005789
MRK,HL,vwap_spread_tide_current,60,0.11666666666666667,0.11666666666666667,0.11666666666666667,0.03,3.8888888888888893,0.033516163191884586
MRK,HL,vwap_sigma_current,60,0.05,0.05,0.06666666666666667,0.018,3.7037037037037037,-0.8262379358221021
MRK,HL,kf_tension_pred_val,60,0.05,0.06666666666666667,0.06666666666666667,0.018,3.7037037037037037,-0.13364461771375932
MRK,HL,vwap_spread_tide_wave,60,0.1,0.1,0.1,0.03,3.3333333333333335,-0.022788084485608064
MRK,HL,tide_slope,60,0.11666666666666667,0.11666666666666667,0.11666666666666667,0.036,3.240740740740741,-0.17386297638397863
MRK,HL,vwap_spread_current_wave,60,0.06666666666666667,0.1,0.1,0.032,3.125,-0.15343371071845707
MRK,HL,rsi_value,60,0.06666666666666667,0.016666666666666666,0.06666666666666667,0.024,2.7777777777777777,-1.1489229752795431
MRK,HL,current_slope,60,0.08333333333333333,0.08333333333333333,0.08333333333333333,0.034,2.4509803921568625,0.08782925357879764
MRK,HL,kf_rsi_pred_val,60,0.05,0.016666666666666666,0.05,0.024,2.0833333333333335,-1.1642789335574333
MRK,HL,sigma_tide,60,0.03333333333333333,0.016666666666666666,0.03333333333333333,0.018,1.8518518518518519,-0.4028834044862233
MRK,HL,conj_current_tide,60,0.03333333333333333,0.05,0.05,0.03,1.6666666666666667,0.19179661872134118
MRK,HL,kf_conj_filt_vel,60,0.05,0.05,0.05,0.032,1.5625,-0.7544313123477444
MRK,HL,tide_accel,60,0.03333333333333333,0.05,0.05,0.034,1.4705882352941175,-0.0722314406933703
MRK,HL,compression_ratio,60,0.05,0.06666666666666667,0.06666666666666667,0.052,1.2820512820512822,0.14363162180411834
MRK,HL,vwap_sigma_tide,60,0.016666666666666666,0.016666666666666666,0.016666666666666666,0.014,1.1904761904761905,-0.31422357505106535
MRK,HL,tension_wave,60,0.0,0.0,0.0,0.026,0.0,0.10911326020208083
MRK,HL,fear_level,60,0.0,0.0,0.0,0.0,0.0,0.29875403741873624
MRK,HH,kf_price_pred_val,56,0.17857142857142858,0.17857142857142858,0.26785714285714285,0.016,16.741071428571427,1.2106979555312942
MRK,HH,kf_price_filt_vel,56,0.10714285714285714,0.14285714285714285,0.23214285714285715,0.02,11.607142857142858,0.7446780566303591
MRK,HH,conj_wave_tide,56,0.08928571428571429,0.05357142857142857,0.08928571428571429,0.008,11.160714285714286,0.7639348090929463
MRK,HH,kf_conj_pred_val,56,0.08928571428571429,0.05357142857142857,0.08928571428571429,0.008,11.160714285714286,0.7793135020063645
MRK,HH,current_accel,56,0.14285714285714285,0.10714285714285714,0.16071428571428573,0.016,10.044642857142858,0.946949044711967
MRK,HH,tension_tide,56,0.14285714285714285,0.10714285714285714,0.14285714285714285,0.016,8.928571428571427,0.4597159841460052
MRK,HH,kf_price_innovation,56,0.08928571428571429,0.19642857142857142,0.23214285714285715,0.028,8.290816326530612,0.22581427620970637
MRK,HH,kf_tension_pred_val,56,0.14285714285714285,0.10714285714285714,0.14285714285714285,0.018,7.936507936507937,0.4812980801879956
MRK,HH,kf_rsi_pred_val,56,0.16071428571428573,0.10714285714285714,0.16071428571428573,0.024,6.696428571428572,1.3852653893448148
MRK,HH,kf_tension_filt_vel,56,0.16071428571428573,0.125,0.19642857142857142,0.032,6.138392857142857,0.934221839286545
MRK,HH,rsi_value,56,0.14285714285714285,0.125,0.14285714285714285,0.024,5.952380952380952,1.4274858181449157
MRK,HH,sigma_wave,56,0.07142857142857142,0.10714285714285714,0.10714285714285714,0.02,5.357142857142857,1.0379458220203437
MRK,HH,sigma_tide,56,0.08928571428571429,0.03571428571428571,0.08928571428571429,0.018,4.9603174603174605,1.2247251111215702
MRK,HH,vwap_sigma_current,56,0.08928571428571429,0.0,0.08928571428571429,0.018,4.9603174603174605,1.3373519857930767
MRK,HH,wave_accel,56,0.14285714285714285,0.05357142857142857,0.14285714285714285,0.03,4.761904761904762,0.8497633604149925
MRK,HH,tide_accel,56,0.14285714285714285,0.14285714285714285,0.16071428571428573,0.034,4.726890756302521,0.9238911693959133
MRK,HH,kf_rvol_pred_val,56,0.08928571428571429,0.05357142857142857,0.125,0.032,3.90625,0.4015053931679945
MRK,HH,vwap_sigma_wave,56,0.05357142857142857,0.017857142857142856,0.05357142857142857,0.014,3.826530612244898,1.390191857052671
MRK,HH,conj_wave_current,56,0.07142857142857142,0.07142857142857142,0.07142857142857142,0.02,3.571428571428571,0.464088910933468
MRK,HH,vwap_spread_tide_wave,56,0.10714285714285714,0.10714285714285714,0.10714285714285714,0.03,3.571428571428571,-0.23344705592810536
MRK,HH,sigma_current,56,0.08928571428571429,0.03571428571428571,0.08928571428571429,0.028,3.188775510204082,1.097753405702551
MRK,HH,kf_rsi_filt_vel,56,0.08928571428571429,0.10714285714285714,0.10714285714285714,0.034,3.15126050420168,1.0448512228835998
MRK,HH,vwap_spread_tide_current,56,0.08928571428571429,0.08928571428571429,0.08928571428571429,0.03,2.9761904761904763,-0.0827233077817657
MRK,HH,wave_slope,56,0.07142857142857142,0.05357142857142857,0.07142857142857142,0.024,2.976190476190476,0.7601392460869176
MRK,HH,kf_rvol_filt_vel,56,0.07142857142857142,0.08928571428571429,0.125,0.044,2.8409090909090913,0.40301315032841967
MRK,HH,vwap_spread_current_wave,56,0.08928571428571429,0.08928571428571429,0.08928571428571429,0.032,2.7901785714285716,-0.546449830024628
MRK,HH,tension_wave,56,0.0,0.07142857142857142,0.07142857142857142,0.026,2.7472527472527473,-0.4091529935293435
MRK,HH,tide_slope,56,0.08928571428571429,0.08928571428571429,0.08928571428571429,0.036,2.4801587301587302,-0.03412557311138228
MRK,HH,kf_conj_filt_vel,56,0.07142857142857142,0.03571428571428571,0.07142857142857142,0.032,2.2321428571428568,0.5988483327018067
MRK,HH,current_slope,56,0.07142857142857142,0.05357142857142857,0.07142857142857142,0.034,2.1008403361344534,0.5771097330861897
MRK,HH,compression_ratio,56,0.07142857142857142,0.03571428571428571,0.07142857142857142,0.052,1.3736263736263736,-0.039336940646601995
MRK,HH,vwap_sigma_tide,56,0.017857142857142856,0.017857142857142856,0.017857142857142856,0.014,1.2755102040816326,0.7820745582065214
MRK,HH,tension_current,56,0.03571428571428571,0.03571428571428571,0.03571428571428571,0.028,1.2755102040816326,-0.20717016867564406
MRK,HH,conj_current_tide,56,0.03571428571428571,0.03571428571428571,0.03571428571428571,0.03,1.1904761904761905,0.6283270592280993
MRK,HH,fear_level,56,0.0,0.0,0.0,0.0,0.0,-0.6027620481639084
MRK,LH,kf_price_pred_val,53,0.18867924528301888,0.20754716981132076,0.3018867924528302,0.016,18.867924528301884,1.2926582326984404
MRK,LH,kf_price_filt_vel,53,0.16981132075471697,0.22641509433962265,0.3018867924528302,0.02,15.094339622641508,1.0561171287537046
MRK,LH,conj_wave_tide,53,0.09433962264150944,0.11320754716981132,0.11320754716981132,0.008,14.150943396226415,-0.13316467506262086
MRK,LH,kf_conj_pred_val,53,0.09433962264150944,0.09433962264150944,0.09433962264150944,0.008,11.79245283018868,-0.0690016600161012
MRK,LH,current_accel,53,0.05660377358490566,0.1509433962264151,0.1509433962264151,0.016,9.433962264150942,0.5866792333234093
MRK,LH,kf_price_innovation,53,0.1509433962264151,0.18867924528301888,0.24528301886792453,0.028,8.76010781671159,0.7467454533112808
MRK,LH,vwap_spread_tide_wave,53,0.22641509433962265,0.22641509433962265,0.22641509433962265,0.03,7.547169811320755,0.7458302462967173
MRK,LH,conj_wave_current,53,0.1509433962264151,0.1509433962264151,0.1509433962264151,0.02,7.547169811320754,0.19703246038411926
MRK,LH,wave_slope,53,0.1320754716981132,0.16981132075471697,0.16981132075471697,0.024,7.075471698113207,-0.33444565364630535
MRK,LH,vwap_spread_tide_current,53,0.20754716981132076,0.20754716981132076,0.20754716981132076,0.03,6.918238993710692,0.6217093670373275
MRK,LH,tide_slope,53,0.20754716981132076,0.20754716981132076,0.20754716981132076,0.036,5.765199161425577,-0.5803132006550117
MRK,LH,sigma_wave,53,0.05660377358490566,0.05660377358490566,0.11320754716981132,0.02,5.660377358490566,1.0311531301908383
MRK,LH,vwap_sigma_wave,53,0.018867924528301886,0.05660377358490566,0.07547169811320754,0.014,5.390835579514825,0.7138497888494462
MRK,LH,wave_accel,53,0.07547169811320754,0.1320754716981132,0.1509433962264151,0.03,5.031446540880503,0.8400241562188352
MRK,LH,vwap_spread_current_wave,53,0.1509433962264151,0.1509433962264151,0.1509433962264151,0.032,4.716981132075471,0.8120564892815301
MRK,LH,kf_tension_pred_val,53,0.07547169811320754,0.03773584905660377,0.07547169811320754,0.018,4.1928721174004195,0.45332274121798466
MRK,LH,kf_tension_filt_vel,53,0.07547169811320754,0.09433962264150944,0.1320754716981132,0.032,4.127358490566038,0.8473799442454443
MRK,LH,kf_rvol_pred_val,53,0.05660377358490566,0.09433962264150944,0.1320754716981132,0.032,4.127358490566038,0.24331409880427934
MRK,LH,current_slope,53,0.11320754716981132,0.1320754716981132,0.1320754716981132,0.034,3.884572697003329,-0.7860607811764706
MRK,LH,kf_rsi_filt_vel,53,0.09433962264150944,0.03773584905660377,0.1320754716981132,0.034,3.884572697003329,1.1241549921781737
MRK,LH,conj_current_tide,53,0.11320754716981132,0.11320754716981132,0.11320754716981132,0.03,3.7735849056603774,-0.4984324597825809
MRK,LH,tension_wave,53,0.07547169811320754,0.03773584905660377,0.09433962264150944,0.026,3.62844702467344,0.2900641077699897
MRK,LH,tension_tide,53,0.05660377358490566,0.018867924528301886,0.05660377358490566,0.016,3.5377358490566038,0.44004391840481977
MRK,LH,kf_conj_filt_vel,53,0.07547169811320754,0.11320754716981132,0.11320754716981132,0.032,3.5377358490566038,0.667413735456338
MRK,LH,kf_rvol_filt_vel,53,0.07547169811320754,0.07547169811320754,0.1509433962264151,0.044,3.430531732418525,0.21968160095168318
MRK,LH,sigma_tide,53,0.018867924528301886,0.05660377358490566,0.05660377358490566,0.018,3.1446540880503147,0.1041917639469757
MRK,LH,sigma_current,53,0.018867924528301886,0.05660377358490566,0.07547169811320754,0.028,2.6954177897574123,0.7964697545753333
MRK,LH,vwap_sigma_tide,53,0.018867924528301886,0.03773584905660377,0.03773584905660377,0.014,2.6954177897574123,-0.33410958053918716
MRK,LH,rsi_value,53,0.018867924528301886,0.03773584905660377,0.05660377358490566,0.024,2.358490566037736,0.4774824464852926
MRK,LH,kf_rsi_pred_val,53,0.03773584905660377,0.018867924528301886,0.05660377358490566,0.024,2.358490566037736,0.5022352979953146
MRK,LH,tide_accel,53,0.018867924528301886,0.07547169811320754,0.07547169811320754,0.034,2.2197558268590454,-0.11554657078549309
MRK,LH,compression_ratio,53,0.09433962264150944,0.11320754716981132,0.11320754716981132,0.052,2.177068214804064,0.12789042926083105
MRK,LH,vwap_sigma_current,53,0.0,0.03773584905660377,0.03773584905660377,0.018,2.0964360587002098,0.10686757736105774
MRK,LH,tension_current,53,0.03773584905660377,0.03773584905660377,0.03773584905660377,0.028,1.3477088948787062,0.7438457410515277
MRK,LH,fear_level,53,0.0,0.0,0.0,0.0,0.0,0.2560390016351435
MSFT,LL,fear_level,54,0.2777777777777778,0.2777777777777778,0.2777777777777778,0.004,69.44444444444444,1.1467651687799487
MSFT,LL,vwap_sigma_tide,54,0.3333333333333333,0.3148148148148148,0.3333333333333333,0.01,33.33333333333333,-1.464553078438858
MSFT,LL,kf_price_innovation,54,0.09259259259259259,0.2777777777777778,0.3148148148148148,0.01,31.48148148148148,-0.5458689199693305
MSFT,LL,kf_price_pred_val,54,0.2962962962962963,0.37037037037037035,0.48148148148148145,0.016,30.09259259259259,-1.6637536467322096
MSFT,LL,vwap_sigma_wave,54,0.37037037037037035,0.3148148148148148,0.42592592592592593,0.016,26.62037037037037,-1.9155226548591495
MSFT,LL,vwap_sigma_current,54,0.3888888888888889,0.3333333333333333,0.4074074074074074,0.018,22.63374485596708,-1.8975779905200127
MSFT,LL,sigma_tide,54,0.2777777777777778,0.2037037037037037,0.2777777777777778,0.014,19.841269841269842,-1.556110885677424
MSFT,LL,kf_price_filt_vel,54,0.14814814814814814,0.25925925925925924,0.2777777777777778,0.014,19.841269841269842,-0.9233064688364218
MSFT,LL,rsi_value,54,0.35185185185185186,0.2222222222222222,0.35185185185185186,0.024,14.660493827160494,-1.8543903843562588
MSFT,LL,kf_rsi_pred_val,54,0.35185185185185186,0.24074074074074073,0.35185185185185186,0.026,13.532763532763534,-1.8183500250439053
MSFT,LL,wave_slope,54,0.18518518518518517,0.18518518518518517,0.18518518518518517,0.014,13.227513227513226,-1.25035043953965
MSFT,LL,tide_slope,54,0.16666666666666666,0.16666666666666666,0.16666666666666666,0.018,9.25925925925926,-0.4014629127324818
MSFT,LL,sigma_wave,54,0.12962962962962962,0.05555555555555555,0.12962962962962962,0.014,9.259259259259258,-1.20140313830461
MSFT,LL,current_accel,54,0.2962962962962963,0.2777777777777778,0.3333333333333333,0.038,8.771929824561402,-1.4005739145264429
MSFT,LL,vwap_spread_tide_wave,54,0.1111111111111111,0.1111111111111111,0.1111111111111111,0.014,7.936507936507936,0.6799241869766577
MSFT,LL,kf_rvol_pred_val,54,0.1111111111111111,0.14814814814814814,0.2037037037037037,0.026,7.834757834757835,0.676432063555138
MSFT,LL,wave_accel,54,0.2777777777777778,0.12962962962962962,0.2777777777777778,0.036,7.71604938271605,-1.3585714511401594
MSFT,LL,sigma_current,54,0.16666666666666666,0.12962962962962962,0.18518518518518517,0.028,6.613756613756613,-1.320856463212313
MSFT,LL,current_slope,54,0.14814814814814814,0.12962962962962962,0.14814814814814814,0.024,6.172839506172839,-1.063509218631478
MSFT,LL,conj_wave_current,54,0.09259259259259259,0.07407407407407407,0.1111111111111111,0.018,6.172839506172839,-0.6515131452342444
MSFT,LL,kf_rvol_filt_vel,54,0.09259259259259259,0.16666666666666666,0.2222222222222222,0.036,6.172839506172839,0.321169728079757
MSFT,LL,vwap_spread_tide_current,54,0.09259259259259259,0.09259259259259259,0.09259259259259259,0.018,5.1440329218107,0.5459892990789954
MSFT,LL,conj_wave_tide,54,0.12962962962962962,0.09259259259259259,0.12962962962962962,0.026,4.985754985754986,-1.077725464345611
MSFT,LL,kf_conj_pred_val,54,0.12962962962962962,0.09259259259259259,0.12962962962962962,0.028,4.629629629629629,-1.1092346376015303
MSFT,LL,kf_rsi_filt_vel,54,0.07407407407407407,0.09259259259259259,0.14814814814814814,0.034,4.357298474945533,-1.0799912530261457
MSFT,LL,kf_conj_filt_vel,54,0.12962962962962962,0.1111111111111111,0.12962962962962962,0.03,4.320987654320987,-0.9606006894217929
MSFT,LL,tide_accel,54,0.14814814814814814,0.07407407407407407,0.14814814814814814,0.038,3.898635477582846,-1.245754627655465
MSFT,LL,vwap_spread_current_wave,54,0.09259259259259259,0.09259259259259259,0.09259259259259259,0.03,3.0864197530864197,0.8869270847899103
MSFT,LL,kf_tension_filt_vel,54,0.12962962962962962,0.09259259259259259,0.14814814814814814,0.054,2.7434842249657065,-0.7117534994731671
MSFT,LL,tension_tide,54,0.1111111111111111,0.09259259259259259,0.1111111111111111,0.05,2.222222222222222,-0.23169050403810218
MSFT,LL,kf_tension_pred_val,54,0.1111111111111111,0.07407407407407407,0.1111111111111111,0.05,2.222222222222222,-0.2508950056034777
MSFT,LL,conj_current_tide,54,0.07407407407407407,0.07407407407407407,0.07407407407407407,0.036,2.05761316872428,-0.885317688912677
MSFT,LL,compression_ratio,54,0.05555555555555555,0.05555555555555555,0.05555555555555555,0.044,1.2626262626262625,0.2607061141202365
MSFT,LL,tension_wave,54,0.0,0.018518518518518517,0.018518518518518517,0.022,0.8417508417508418,0.7541216048669447
MSFT,LL,tension_current,54,0.0,0.0,0.0,0.024,0.0,0.555565941499624
MSFT,HL,fear_level,70,0.14285714285714285,0.12857142857142856,0.14285714285714285,0.004,35.71428571428571,0.2515277837130325
MSFT,HL,kf_price_innovation,70,0.08571428571428572,0.17142857142857143,0.22857142857142856,0.01,22.857142857142858,-0.5296834043422524
MSFT,HL,kf_price_pred_val,70,0.2571428571428571,0.21428571428571427,0.35714285714285715,0.016,22.321428571428573,-1.4989200759878105
MSFT,HL,kf_price_filt_vel,70,0.14285714285714285,0.18571428571428572,0.2857142857142857,0.014,20.408163265306122,-1.1356618102436842
MSFT,HL,sigma_wave,70,0.15714285714285714,0.1,0.18571428571428572,0.014,13.26530612244898,-1.286791191271182
MSFT,HL,vwap_sigma_tide,70,0.08571428571428572,0.05714285714285714,0.08571428571428572,0.01,8.571428571428571,-0.5544753655278374
MSFT,HL,vwap_sigma_wave,70,0.11428571428571428,0.05714285714285714,0.12857142857142856,0.016,8.035714285714285,-1.167015634111909
MSFT,HL,sigma_current,70,0.18571428571428572,0.1,0.2,0.028,7.142857142857143,-1.1943266502259922
MSFT,HL,tide_slope,70,0.12857142857142856,0.12857142857142856,0.12857142857142856,0.018,7.142857142857142,-0.25417174768190787
MSFT,HL,wave_accel,70,0.17142857142857143,0.18571428571428572,0.2571428571428571,0.036,7.142857142857142,-1.121851351975081
MSFT,HL,kf_conj_filt_vel,70,0.17142857142857143,0.15714285714285714,0.21428571428571427,0.03,7.142857142857142,-0.7117844394908991
MSFT,HL,vwap_spread_tide_wave,70,0.08571428571428572,0.08571428571428572,0.08571428571428572,0.014,6.122448979591836,0.14410122944104858
MSFT,HL,kf_rsi_filt_vel,70,0.14285714285714285,0.15714285714285714,0.2,0.034,5.88235294117647,-1.2060100775565905
MSFT,HL,vwap_spread_tide_current,70,0.08571428571428572,0.1,0.1,0.018,5.555555555555556,0.17500186438328044
MSFT,HL,sigma_tide,70,0.07142857142857142,0.04285714285714286,0.07142857142857142,0.014,5.1020408163265305,-0.6519522202994598
MSFT,HL,wave_slope,70,0.05714285714285714,0.07142857142857142,0.07142857142857142,0.014,5.1020408163265305,-0.11963797461098633
MSFT,HL,kf_rvol_pred_val,70,0.04285714285714286,0.1,0.12857142857142856,0.026,4.945054945054944,0.38520138792100084
MSFT,HL,conj_wave_current,70,0.08571428571428572,0.08571428571428572,0.08571428571428572,0.018,4.761904761904763,-0.1698121019058773
MSFT,HL,tension_current,70,0.07142857142857142,0.07142857142857142,0.11428571428571428,0.024,4.761904761904762,-0.3134742412943342
MSFT,HL,kf_rsi_pred_val,70,0.08571428571428572,0.02857142857142857,0.11428571428571428,0.026,4.395604395604396,-1.1473825222036482
MSFT,HL,kf_tension_filt_vel,70,0.14285714285714285,0.14285714285714285,0.2,0.054,3.703703703703704,-1.098338364473441
MSFT,HL,compression_ratio,70,0.15714285714285714,0.15714285714285714,0.15714285714285714,0.044,3.5714285714285716,0.46953742852859476
MSFT,HL,kf_rvol_filt_vel,70,0.04285714285714286,0.08571428571428572,0.12857142857142856,0.036,3.571428571428571,0.21030735377204196
MSFT,HL,kf_tension_pred_val,70,0.14285714285714285,0.1,0.17142857142857143,0.05,3.4285714285714284,-0.1815802555065765
MSFT,HL,vwap_sigma_current,70,0.05714285714285714,0.02857142857142857,0.05714285714285714,0.018,3.174603174603175,-0.9136719466371168
MSFT,HL,current_slope,70,0.05714285714285714,0.07142857142857142,0.07142857142857142,0.024,2.976190476190476,-0.01701892598975146
MSFT,HL,vwap_spread_current_wave,70,0.08571428571428572,0.08571428571428572,0.08571428571428572,0.03,2.857142857142857,-0.033697598887784376
MSFT,HL,conj_current_tide,70,0.08571428571428572,0.1,0.1,0.036,2.777777777777778,0.10473576159368288
MSFT,HL,conj_wave_tide,70,0.07142857142857142,0.07142857142857142,0.07142857142857142,0.026,2.7472527472527473,-0.02374876375475581
MSFT,HL,current_accel,70,0.04285714285714286,0.07142857142857142,0.1,0.038,2.6315789473684212,-0.787797268397438
MSFT,HL,tension_tide,70,0.11428571428571428,0.08571428571428572,0.12857142857142856,0.05,2.571428571428571,-0.15746372028975736
MSFT,HL,kf_conj_pred_val,70,0.07142857142857142,0.07142857142857142,0.07142857142857142,0.028,2.5510204081632653,-0.05642199432405175
MSFT,HL,tension_wave,70,0.0,0.04285714285714286,0.04285714285714286,0.022,1.9480519480519483,-0.10820351004333756
MSFT,HL,rsi_value,70,0.02857142857142857,0.02857142857142857,0.04285714285714286,0.024,1.7857142857142856,-1.1732245729980966
MSFT,HL,tide_accel,70,0.02857142857142857,0.05714285714285714,0.05714285714285714,0.038,1.5037593984962405,-0.3459633750445086
MSFT,HH,fear_level,66,0.045454545454545456,0.10606060606060606,0.10606060606060606,0.004,26.515151515151516,-0.33154667559457585
MSFT,HH,kf_price_pred_val,66,0.12121212121212122,0.09090909090909091,0.19696969696969696,0.016,12.31060606060606,1.0459466090009675
MSFT,HH,kf_price_filt_vel,66,0.045454545454545456,0.10606060606060606,0.15151515151515152,0.014,10.822510822510823,0.5640378901244834
MSFT,HH,kf_price_innovation,66,0.06060606060606061,0.07575757575757576,0.10606060606060606,0.01,10.606060606060606,0.3641642061821272
MSFT,HH,vwap_spread_tide_wave,66,0.10606060606060606,0.12121212121212122,0.12121212121212122,0.014,8.658008658008658,0.041138549904583134
MSFT,HH,tide_slope,66,0.13636363636363635,0.13636363636363635,0.13636363636363635,0.018,7.575757575757576,-0.21440075554664756
MSFT,HH,kf_rvol_pred_val,66,0.10606060606060606,0.09090909090909091,0.19696969696969696,0.026,7.575757575757576,0.5816685800716551
MSFT,HH,sigma_tide,66,0.07575757575757576,0.06060606060606061,0.09090909090909091,0.014,6.4935064935064934,1.0604127014409777
MSFT,HH,sigma_wave,66,0.07575757575757576,0.09090909090909091,0.09090909090909091,0.014,6.4935064935064934,1.1523076321506476
MSFT,HH,conj_wave_current,66,0.09090909090909091,0.06060606060606061,0.10606060606060606,0.018,5.892255892255893,0.4247823068110895
MSFT,HH,vwap_spread_tide_current,66,0.10606060606060606,0.10606060606060606,0.10606060606060606,0.018,5.892255892255893,0.10360165655098395
MSFT,HH,kf_rvol_filt_vel,66,0.10606060606060606,0.10606060606060606,0.21212121212121213,0.036,5.892255892255893,0.5340261620525626
MSFT,HH,sigma_current,66,0.12121212121212122,0.09090909090909091,0.15151515151515152,0.028,5.411255411255412,1.1918119395947886
MSFT,HH,wave_slope,66,0.07575757575757576,0.06060606060606061,0.07575757575757576,0.014,5.411255411255412,0.5001794570284157
MSFT,HH,wave_accel,66,0.16666666666666666,0.16666666666666666,0.18181818181818182,0.036,5.050505050505051,0.973906667995877
MSFT,HH,rsi_value,66,0.09090909090909091,0.10606060606060606,0.12121212121212122,0.024,5.05050505050505,1.264192860459421
MSFT,HH,kf_rsi_pred_val,66,0.09090909090909091,0.10606060606060606,0.12121212121212122,0.026,4.662004662004662,1.255525918205619
MSFT,HH,vwap_sigma_tide,66,0.030303030303030304,0.045454545454545456,0.045454545454545456,0.01,4.545454545454546,0.5135739746295078
MSFT,HH,conj_wave_tide,66,0.07575757575757576,0.09090909090909091,0.10606060606060606,0.026,4.0792540792540795,0.5690761031716343
MSFT,HH,kf_conj_filt_vel,66,0.12121212121212122,0.09090909090909091,0.12121212121212122,0.03,4.040404040404041,0.7527087837144174
MSFT,HH,current_accel,66,0.12121212121212122,0.10606060606060606,0.13636363636363635,0.038,3.588516746411483,0.8981849647509007
MSFT,HH,kf_tension_pred_val,66,0.16666666666666666,0.13636363636363635,0.16666666666666666,0.05,3.333333333333333,0.6737675345500403
MSFT,HH,kf_conj_pred_val,66,0.07575757575757576,0.07575757575757576,0.09090909090909091,0.028,3.2467532467532467,0.6018451944948868
MSFT,HH,current_slope,66,0.07575757575757576,0.07575757575757576,0.07575757575757576,0.024,3.1565656565656566,0.29600110322555656
MSFT,HH,vwap_sigma_wave,66,0.015151515151515152,0.045454545454545456,0.045454545454545456,0.016,2.840909090909091,1.2146705935129924
MSFT,HH,kf_tension_filt_vel,66,0.10606060606060606,0.10606060606060606,0.15151515151515152,0.054,2.8058361391694726,0.7308026284379441
MSFT,HH,tension_tide,66,0.13636363636363635,0.13636363636363635,0.13636363636363635,0.05,2.727272727272727,0.6527927689003356
MSFT,HH,vwap_sigma_current,66,0.045454545454545456,0.030303030303030304,0.045454545454545456,0.018,2.5252525252525255,1.056146894707033
MSFT,HH,tension_current,66,0.06060606060606061,0.06060606060606061,0.06060606060606061,0.024,2.525252525252525,0.16595092311170861
MSFT,HH,kf_rsi_filt_vel,66,0.07575757575757576,0.030303030303030304,0.07575757575757576,0.034,2.228163992869875,0.9494689867992699
MSFT,HH,vwap_spread_current_wave,66,0.06060606060606061,0.06060606060606061,0.06060606060606061,0.03,2.0202020202020203,-0.18379409706432576
MSFT,HH,tide_accel,66,0.07575757575757576,0.06060606060606061,0.07575757575757576,0.038,1.9936204146730463,0.7007034360675727
MSFT,HH,conj_current_tide,66,0.06060606060606061,0.06060606060606061,0.06060606060606061,0.036,1.6835016835016836,0.40293193290443347
MSFT,HH,tension_wave,66,0.030303030303030304,0.015151515151515152,0.030303030303030304,0.022,1.3774104683195594,-0.07872183999375802
MSFT,HH,compression_ratio,66,0.06060606060606061,0.030303030303030304,0.06060606060606061,0.044,1.3774104683195594,-0.007751321598166322
MSFT,LH,fear_level,58,0.22413793103448276,0.2413793103448276,0.25862068965517243,0.004,64.65517241379311,0.8884325046026534
MSFT,LH,kf_price_innovation,58,0.20689655172413793,0.20689655172413793,0.3448275862068966,0.01,34.48275862068966,1.0596587621355822
MSFT,LH,kf_price_pred_val,58,0.3275862068965517,0.25862068965517243,0.41379310344827586,0.016,25.862068965517242,1.7602568359358701
MSFT,LH,kf_price_filt_vel,58,0.27586206896551724,0.20689655172413793,0.3620689655172414,0.014,25.862068965517242,1.59226642458921
MSFT,LH,sigma_wave,58,0.08620689655172414,0.10344827586206896,0.15517241379310345,0.014,11.083743842364532,0.9654051591799198
MSFT,LH,vwap_sigma_tide,58,0.034482758620689655,0.10344827586206896,0.10344827586206896,0.01,10.344827586206897,-0.49311901368581185
MSFT,LH,wave_slope,58,0.1206896551724138,0.13793103448275862,0.13793103448275862,0.014,9.852216748768473,-0.924384886127332
MSFT,LH,sigma_tide,58,0.017241379310344827,0.1206896551724138,0.1206896551724138,0.014,8.620689655172415,-0.26672905218664034
MSFT,LH,tide_slope,58,0.15517241379310345,0.15517241379310345,0.15517241379310345,0.018,8.620689655172415,-0.3279773453778623
MSFT,LH,conj_wave_current,58,0.10344827586206896,0.13793103448275862,0.13793103448275862,0.018,7.662835249042146,-0.6023893781090572
MSFT,LH,wave_accel,58,0.06896551724137931,0.22413793103448276,0.25862068965517243,0.036,7.183908045977012,0.3851733473939191
MSFT,LH,kf_rsi_filt_vel,58,0.15517241379310345,0.15517241379310345,0.2413793103448276,0.034,7.0993914807302225,1.2575985417988516
MSFT,LH,kf_conj_pred_val,58,0.1206896551724138,0.15517241379310345,0.1724137931034483,0.028,6.157635467980296,-0.796539430548914
MSFT,LH,conj_wave_tide,58,0.1206896551724138,0.10344827586206896,0.15517241379310345,0.026,5.96816976127321,-0.7852941162554172
MSFT,LH,vwap_sigma_current,58,0.0,0.10344827586206896,0.10344827586206896,0.018,5.74712643678161,-0.1953427032002795
MSFT,LH,sigma_current,58,0.034482758620689655,0.1206896551724138,0.15517241379310345,0.028,5.541871921182266,0.5248823431460191
MSFT,LH,vwap_sigma_wave,58,0.0,0.08620689655172414,0.08620689655172414,0.016,5.387931034482759,0.0027602668900103757
MSFT,LH,kf_rvol_pred_val,58,0.08620689655172414,0.05172413793103448,0.13793103448275862,0.026,5.305039787798409,0.33418629539701533
MSFT,LH,kf_conj_filt_vel,58,0.1206896551724138,0.15517241379310345,0.15517241379310345,0.03,5.172413793103448,-0.025499481268710423
MSFT,LH,tension_current,58,0.08620689655172414,0.06896551724137931,0.1206896551724138,0.024,5.028735632183908,0.7448359968478482
MSFT,LH,vwap_spread_tide_wave,58,0.06896551724137931,0.06896551724137931,0.06896551724137931,0.014,4.926108374384237,0.5455727477129364
MSFT,LH,tension_wave,58,0.08620689655172414,0.10344827586206896,0.10344827586206896,0.022,4.702194357366771,0.9848167168330887
MSFT,LH,vwap_spread_tide_current,58,0.06896551724137931,0.06896551724137931,0.06896551724137931,0.018,3.831417624521073,0.4753740520102324
MSFT,LH,kf_tension_filt_vel,58,0.10344827586206896,0.13793103448275862,0.20689655172413793,0.054,3.8314176245210727,0.9057634222422062
MSFT,LH,current_accel,58,0.034482758620689655,0.13793103448275862,0.13793103448275862,0.038,3.629764065335753,0.055992006429884784
MSFT,LH,current_slope,58,0.08620689655172414,0.08620689655172414,0.08620689655172414,0.024,3.591954022988506,-0.6910616175209229
MSFT,LH,kf_rsi_pred_val,58,0.0,0.08620689655172414,0.08620689655172414,0.026,3.3156498673740056,0.1303079876953568
MSFT,LH,kf_rvol_filt_vel,58,0.06896551724137931,0.05172413793103448,0.10344827586206896,0.036,2.873563218390805,0.2020954499816399
MSFT,LH,rsi_value,58,0.0,0.06896551724137931,0.06896551724137931,0.024,2.8735632183908044,0.09590718305980608
MSFT,LH,kf_tension_pred_val,58,0.08620689655172414,0.08620689655172414,0.13793103448275862,0.05,2.758620689655172,0.20051353121055374
MSFT,LH,conj_current_tide,58,0.05172413793103448,0.08620689655172414,0.08620689655172414,0.036,2.3946360153256707,-0.5430657205661543
MSFT,LH,compression_ratio,58,0.08620689655172414,0.10344827586206896,0.10344827586206896,0.044,2.3510971786833856,0.42946189532336243
MSFT,LH,tension_tide,58,0.034482758620689655,0.08620689655172414,0.08620689655172414,0.05,1.7241379310344829,0.20759741878658425
MSFT,LH,vwap_spread_current_wave,58,0.05172413793103448,0.05172413793103448,0.05172413793103448,0.03,1.7241379310344829,0.559781484107313
MSFT,LH,tide_accel,58,0.034482758620689655,0.034482758620689655,0.034482758620689655,0.038,0.9074410163339383,-0.44318148751968295
PEP,LL,sigma_tide,27,0.6666666666666666,0.37037037037037035,0.6666666666666666,0.006,111.1111111111111,-2.3040471127455113
PEP,LL,kf_price_filt_vel,27,0.3333333333333333,0.4444444444444444,0.5925925925925926,0.016,37.03703703703703,-1.9113395120634091
PEP,LL,vwap_sigma_current,27,0.48148148148148145,0.25925925925925924,0.5185185185185185,0.016,32.407407407407405,-2.0776105408346006
PEP,LL,kf_price_pred_val,27,0.4444444444444444,0.4444444444444444,0.6296296296296297,0.02,31.48148148148148,-2.8715652548545467
PEP,LL,kf_price_innovation,27,0.18518518518518517,0.37037037037037035,0.37037037037037035,0.014,26.455026455026452,-0.9570950501228672
PEP,LL,vwap_sigma_tide,27,0.6666666666666666,0.5185185185185185,0.6666666666666666,0.026,25.641025641025642,-2.2715629768101797
PEP,LL,wave_accel,27,0.4074074074074074,0.25925925925925924,0.48148148148148145,0.02,24.074074074074073,-1.8306757194525627
PEP,LL,kf_conj_filt_vel,27,0.2962962962962963,0.18518518518518517,0.3333333333333333,0.018,18.51851851851852,-1.208850578089646
PEP,LL,vwap_spread_current_wave,27,0.2962962962962963,0.25925925925925924,0.2962962962962963,0.016,18.518518518518515,1.7096912285626533
PEP,LL,wave_slope,27,0.37037037037037035,0.2222222222222222,0.37037037037037035,0.024,15.432098765432098,-2.374994112736429
PEP,LL,conj_wave_tide,27,0.3333333333333333,0.2222222222222222,0.3333333333333333,0.022,15.151515151515152,-2.2665629318655793
PEP,LL,tide_accel,27,0.2962962962962963,0.25925925925925924,0.2962962962962963,0.022,13.468013468013469,-1.9060922903673054
PEP,LL,conj_wave_current,27,0.2962962962962963,0.2222222222222222,0.2962962962962963,0.022,13.468013468013469,-1.8858981594008288
PEP,LL,kf_rsi_pred_val,27,0.3333333333333333,0.25925925925925924,0.37037037037037035,0.028,13.227513227513226,-1.925295322779664
PEP,LL,rsi_value,27,0.4074074074074074,0.2962962962962963,0.4444444444444444,0.034,13.0718954248366,-2.023630492743498
PEP,LL,compression_ratio,27,0.25925925925925924,0.25925925925925924,0.25925925925925924,0.02,12.962962962962962,1.7342877880288177
PEP,LL,kf_tension_filt_vel,27,0.18518518518518517,0.2222222222222222,0.25925925925925924,0.02,12.962962962962962,-0.8793015786471846
PEP,LL,sigma_wave,27,0.0,0.07407407407407407,0.07407407407407407,0.006,12.345679012345679,-0.9863396099618158
PEP,LL,current_accel,27,0.37037037037037035,0.25925925925925924,0.4074074074074074,0.034,11.982570806100217,-1.9124640540261344
PEP,LL,kf_conj_pred_val,27,0.2962962962962963,0.2222222222222222,0.2962962962962963,0.026,11.396011396011396,-2.040962606170375
PEP,LL,kf_rvol_pred_val,27,0.18518518518518517,0.2222222222222222,0.2962962962962963,0.026,11.396011396011396,1.2370945566757756
PEP,LL,vwap_spread_tide_wave,27,0.2962962962962963,0.25925925925925924,0.2962962962962963,0.03,9.876543209876543,1.4492169151917569
PEP,LL,fear_level,27,0.2222222222222222,0.2222222222222222,0.2222222222222222,0.024,9.259259259259258,1.0358876597710527
PEP,LL,sigma_current,27,0.25925925925925924,0.18518518518518517,0.25925925925925924,0.03,8.641975308641975,-1.6575472586129631
PEP,LL,vwap_sigma_wave,27,0.07407407407407407,0.037037037037037035,0.07407407407407407,0.01,7.4074074074074066,-1.4440430171706788
PEP,LL,kf_rvol_filt_vel,27,0.07407407407407407,0.18518518518518517,0.25925925925925924,0.042,6.1728395061728385,0.6835731350275304
PEP,LL,kf_rsi_filt_vel,27,0.18518518518518517,0.14814814814814814,0.2222222222222222,0.038,5.847953216374269,-1.1258892213293128
PEP,LL,tide_slope,27,0.18518518518518517,0.18518518518518517,0.18518518518518517,0.032,5.787037037037036,-0.5450215417347054
PEP,LL,vwap_spread_tide_current,27,0.14814814814814814,0.14814814814814814,0.14814814814814814,0.03,4.938271604938271,0.7546971169015911
PEP,LL,current_slope,27,0.1111111111111111,0.1111111111111111,0.1111111111111111,0.028,3.968253968253968,-1.1486266290527323
PEP,LL,tension_tide,27,0.1111111111111111,0.1111111111111111,0.1111111111111111,0.03,3.7037037037037037,-0.2652926494012288
PEP,LL,kf_tension_pred_val,27,0.1111111111111111,0.1111111111111111,0.1111111111111111,0.03,3.7037037037037037,-0.2740916573537142
PEP,LL,tension_wave,27,0.0,0.037037037037037035,0.037037037037037035,0.01,3.7037037037037033,0.8241166525850191
PEP,LL,conj_current_tide,27,0.037037037037037035,0.037037037037037035,0.037037037037037035,0.036,1.02880658436214,-0.9233132224996369
PEP,LL,tension_current,27,0.0,0.037037037037037035,0.037037037037037035,0.044,0.8417508417508418,0.3746963172087425
PEP,HL,sigma_tide,44,0.22727272727272727,0.06818181818181818,0.25,0.006,41.666666666666664,-1.1253425714092458
PEP,HL,vwap_sigma_wave,44,0.06818181818181818,0.13636363636363635,0.18181818181818182,0.01,18.181818181818183,-1.4724631970411008
PEP,HL,kf_tension_filt_vel,44,0.25,0.29545454545454547,0.36363636363636365,0.02,18.181818181818183,-1.453031272896897
PEP,HL,vwap_sigma_current,44,0.22727272727272727,0.13636363636363635,0.25,0.016,15.625,-1.520462810837387
PEP,HL,wave_accel,44,0.1590909090909091,0.18181818181818182,0.29545454545454547,0.02,14.772727272727273,-0.5092888342496718
PEP,HL,kf_price_pred_val,44,0.20454545454545456,0.13636363636363635,0.2727272727272727,0.02,13.636363636363635,-1.3957233583154567
PEP,HL,sigma_wave,44,0.022727272727272728,0.045454545454545456,0.06818181818181818,0.006,11.363636363636363,-0.8531184314248925
PEP,HL,kf_price_filt_vel,44,0.13636363636363635,0.11363636363636363,0.18181818181818182,0.016,11.363636363636363,-0.8761279649238722
PEP,HL,kf_price_innovation,44,0.045454545454545456,0.13636363636363635,0.1590909090909091,0.014,11.363636363636363,-0.3480631791155892
PEP,HL,sigma_current,44,0.20454545454545456,0.18181818181818182,0.29545454545454547,0.03,9.84848484848485,-1.3819279069628496
PEP,HL,kf_rsi_pred_val,44,0.22727272727272727,0.1590909090909091,0.2727272727272727,0.028,9.74025974025974,-1.6403651486159483
PEP,HL,wave_slope,44,0.18181818181818182,0.18181818181818182,0.22727272727272727,0.024,9.469696969696969,-1.1556987427863739
PEP,HL,rsi_value,44,0.2727272727272727,0.11363636363636363,0.3181818181818182,0.034,9.358288770053475,-1.678517446832579
PEP,HL,conj_wave_tide,44,0.18181818181818182,0.1590909090909091,0.20454545454545456,0.022,9.297520661157026,-1.133271317190816
PEP,HL,conj_wave_current,44,0.20454545454545456,0.13636363636363635,0.20454545454545456,0.022,9.297520661157026,-0.9965913758509477
PEP,HL,kf_conj_filt_vel,44,0.1590909090909091,0.13636363636363635,0.1590909090909091,0.018,8.83838383838384,-0.49658151294582903
PEP,HL,kf_tension_pred_val,44,0.22727272727272727,0.18181818181818182,0.25,0.03,8.333333333333334,-0.507655036436092
PEP,HL,kf_conj_pred_val,44,0.20454545454545456,0.11363636363636363,0.20454545454545456,0.026,7.867132867132868,-1.0318327062687027
PEP,HL,kf_rvol_pred_val,44,0.13636363636363635,0.1590909090909091,0.20454545454545456,0.026,7.867132867132868,0.602253246791787
PEP,HL,tension_tide,44,0.20454545454545456,0.20454545454545456,0.22727272727272727,0.03,7.575757575757576,-0.4589417964972313
PEP,HL,vwap_spread_current_wave,44,0.11363636363636363,0.11363636363636363,0.11363636363636363,0.016,7.102272727272727,0.7130461346803876
PEP,HL,fear_level,44,0.1590909090909091,0.1590909090909091,0.1590909090909091,0.024,6.628787878787879,0.9161659179307864
PEP,HL,kf_rsi_filt_vel,44,0.1590909090909091,0.1590909090909091,0.22727272727272727,0.038,5.980861244019139,-1.166025184182989
PEP,HL,compression_ratio,44,0.09090909090909091,0.11363636363636363,0.11363636363636363,0.02,5.681818181818182,0.3353501720506266
PEP,HL,kf_rvol_filt_vel,44,0.09090909090909091,0.13636363636363635,0.20454545454545456,0.042,4.87012987012987,0.45921718485996904
PEP,HL,current_accel,44,0.13636363636363635,0.11363636363636363,0.1590909090909091,0.034,4.679144385026738,-1.1805436614632256
PEP,HL,tension_wave,44,0.0,0.045454545454545456,0.045454545454545456,0.01,4.545454545454546,0.9675935695496934
PEP,HL,tide_accel,44,0.06818181818181818,0.06818181818181818,0.09090909090909091,0.022,4.132231404958678,-0.5387939153917691
PEP,HL,vwap_spread_tide_current,44,0.11363636363636363,0.11363636363636363,0.11363636363636363,0.03,3.787878787878788,-0.0714569317268086
PEP,HL,vwap_spread_tide_wave,44,0.11363636363636363,0.11363636363636363,0.11363636363636363,0.03,3.787878787878788,0.32465248057347285
PEP,HL,vwap_sigma_tide,44,0.09090909090909091,0.06818181818181818,0.09090909090909091,0.026,3.4965034965034967,-0.812768436909359
PEP,HL,current_slope,44,0.09090909090909091,0.09090909090909091,0.09090909090909091,0.028,3.2467532467532467,-0.322309531774294
PEP,HL,tide_slope,44,0.09090909090909091,0.09090909090909091,0.09090909090909091,0.032,2.840909090909091,-0.0502413611281668
PEP,HL,conj_current_tide,44,0.09090909090909091,0.09090909090909091,0.09090909090909091,0.036,2.5252525252525255,-0.3010784971706029
PEP,HL,tension_current,44,0.0,0.0,0.0,0.044,0.0,0.09318176946532658
PEP,HH,sigma_tide,44,0.13636363636363635,0.09090909090909091,0.13636363636363635,0.006,22.727272727272727,1.1627455705198932
PEP,HH,kf_price_innovation,44,0.09090909090909091,0.11363636363636363,0.18181818181818182,0.014,12.987012987012987,0.7198039038308217
PEP,HH,kf_price_pred_val,44,0.1590909090909091,0.11363636363636363,0.22727272727272727,0.02,11.363636363636363,1.3169994705307244
PEP,HH,kf_rvol_pred_val,44,0.11363636363636363,0.18181818181818182,0.2727272727272727,0.026,10.48951048951049,0.3375394299900704
PEP,HH,kf_price_filt_vel,44,0.09090909090909091,0.13636363636363635,0.1590909090909091,0.016,9.943181818181818,0.9240742458689822
PEP,HH,kf_conj_filt_vel,44,0.09090909090909091,0.13636363636363635,0.1590909090909091,0.018,8.83838383838384,0.5459019504790964
PEP,HH,conj_wave_tide,44,0.1590909090909091,0.18181818181818182,0.18181818181818182,0.022,8.264462809917356,0.984721917993155
PEP,HH,sigma_wave,44,0.045454545454545456,0.0,0.045454545454545456,0.006,7.575757575757576,0.931900178281784
PEP,HH,wave_slope,44,0.1590909090909091,0.18181818181818182,0.18181818181818182,0.024,7.575757575757576,0.9962733273538557
PEP,HH,kf_conj_pred_val,44,0.1590909090909091,0.18181818181818182,0.18181818181818182,0.026,6.993006993006993,0.8909555897857758
PEP,HH,wave_accel,44,0.09090909090909091,0.09090909090909091,0.13636363636363635,0.02,6.8181818181818175,0.8075654277407236
PEP,HH,kf_tension_filt_vel,44,0.13636363636363635,0.06818181818181818,0.13636363636363635,0.02,6.8181818181818175,1.0291776783608408
PEP,HH,conj_wave_current,44,0.13636363636363635,0.13636363636363635,0.13636363636363635,0.022,6.198347107438017,0.7971188434594861
PEP,HH,vwap_spread_current_wave,44,0.06818181818181818,0.06818181818181818,0.09090909090909091,0.016,5.681818181818182,-0.6395557425263173
PEP,HH,tide_accel,44,0.09090909090909091,0.06818181818181818,0.11363636363636363,0.022,5.1652892561983474,0.7885311882449346
PEP,HH,kf_rvol_filt_vel,44,0.09090909090909091,0.11363636363636363,0.20454545454545456,0.042,4.87012987012987,0.2665683982527328
PEP,HH,tension_wave,44,0.0,0.045454545454545456,0.045454545454545456,0.01,4.545454545454546,-0.7006501963712641
PEP,HH,tension_tide,44,0.09090909090909091,0.13636363636363635,0.13636363636363635,0.03,4.545454545454545,0.4554888997360621
PEP,HH,vwap_sigma_tide,44,0.06818181818181818,0.06818181818181818,0.11363636363636363,0.026,4.370629370629371,0.8566342353609806
PEP,HH,vwap_sigma_current,44,0.045454545454545456,0.045454545454545456,0.06818181818181818,0.016,4.261363636363636,1.2105756571705257
PEP,HH,kf_tension_pred_val,44,0.09090909090909091,0.11363636363636363,0.11363636363636363,0.03,3.787878787878788,0.4735488163350039
PEP,HH,compression_ratio,44,0.06818181818181818,0.06818181818181818,0.06818181818181818,0.02,3.4090909090909087,0.20484920952967978
PEP,HH,current_accel,44,0.09090909090909091,0.09090909090909091,0.11363636363636363,0.034,3.3422459893048124,0.6676293071809428
PEP,HH,rsi_value,44,0.11363636363636363,0.045454545454545456,0.11363636363636363,0.034,3.3422459893048124,1.3992609151797735
PEP,HH,kf_rsi_pred_val,44,0.09090909090909091,0.045454545454545456,0.09090909090909091,0.028,3.2467532467532467,1.3487591373394912
PEP,HH,vwap_spread_tide_wave,44,0.06818181818181818,0.09090909090909091,0.09090909090909091,0.03,3.0303030303030307,-0.44004766686168995
PEP,HH,conj_current_tide,44,0.09090909090909091,0.09090909090909091,0.09090909090909091,0.036,2.5252525252525255,0.4676438532080329
PEP,HH,current_slope,44,0.06818181818181818,0.06818181818181818,0.06818181818181818,0.028,2.435064935064935,0.46379287459603413
PEP,HH,kf_rsi_filt_vel,44,0.06818181818181818,0.06818181818181818,0.09090909090909091,0.038,2.3923444976076556,1.019633877499848
PEP,HH,sigma_current,44,0.045454545454545456,0.045454545454545456,0.06818181818181818,0.03,2.2727272727272725,1.0097402186907518
PEP,HH,tide_slope,44,0.06818181818181818,0.06818181818181818,0.06818181818181818,0.032,2.130681818181818,-0.011835995096375713
PEP,HH,vwap_spread_tide_current,44,0.045454545454545456,0.045454545454545456,0.045454545454545456,0.03,1.5151515151515154,-0.12866367190508468
PEP,HH,tension_current,44,0.0,0.022727272727272728,0.022727272727272728,0.044,0.5165289256198348,-0.17124040687572564
PEP,HH,vwap_sigma_wave,44,0.0,0.0,0.0,0.01,0.0,1.2959482967200449
PEP,HH,fear_level,44,0.0,0.0,0.0,0.024,0.0,-0.8642948524316808
PEP,LH,sigma_tide,27,0.07407407407407407,0.18518518518518517,0.18518518518518517,0.006,30.864197530864196,-0.09688625147002454
PEP,LH,kf_price_innovation,27,0.18518518518518517,0.3333333333333333,0.37037037037037035,0.014,26.455026455026452,1.328567958688077
PEP,LH,kf_price_filt_vel,27,0.2222222222222222,0.2962962962962963,0.3333333333333333,0.016,20.833333333333332,1.7090827072757473
PEP,LH,kf_price_pred_val,27,0.37037037037037035,0.2222222222222222,0.37037037037037035,0.02,18.518518518518515,1.9060540624864912
PEP,LH,wave_accel,27,0.25925925925925924,0.18518518518518517,0.3333333333333333,0.02,16.666666666666664,1.2430092243110618
PEP,LH,compression_ratio,27,0.2962962962962963,0.2962962962962963,0.3333333333333333,0.02,16.666666666666664,1.4679901717541897
PEP,LH,kf_tension_filt_vel,27,0.18518518518518517,0.25925925925925924,0.3333333333333333,0.02,16.666666666666664,1.2438073544797408
PEP,LH,conj_wave_current,27,0.25925925925925924,0.2222222222222222,0.2962962962962963,0.022,13.468013468013469,0.2243494571783554
PEP,LH,kf_conj_filt_vel,27,0.2222222222222222,0.2222222222222222,0.2222222222222222,0.018,12.345679012345679,0.6741167983901897
PEP,LH,conj_wave_tide,27,0.18518518518518517,0.2222222222222222,0.25925925925925924,0.022,11.784511784511784,0.06715998094844847
PEP,LH,kf_conj_pred_val,27,0.2222222222222222,0.2222222222222222,0.25925925925925924,0.026,9.971509971509972,0.08469975727696347
PEP,LH,vwap_sigma_current,27,0.07407407407407407,0.07407407407407407,0.14814814814814814,0.016,9.259259259259258,0.21518085233314815
PEP,LH,wave_slope,27,0.14814814814814814,0.18518518518518517,0.2222222222222222,0.024,9.259259259259258,0.018532349455039364
PEP,LH,vwap_spread_current_wave,27,0.1111111111111111,0.14814814814814814,0.14814814814814814,0.016,9.259259259259258,0.7329140918302053
PEP,LH,vwap_spread_tide_wave,27,0.25925925925925924,0.25925925925925924,0.25925925925925924,0.03,8.641975308641975,0.773432754578972
PEP,LH,current_accel,27,0.2222222222222222,0.2222222222222222,0.25925925925925924,0.034,7.625272331154683,0.3112848715257809
PEP,LH,vwap_sigma_tide,27,0.07407407407407407,0.18518518518518517,0.18518518518518517,0.026,7.122507122507122,-0.3203076650077085
PEP,LH,kf_rvol_pred_val,27,0.07407407407407407,0.1111111111111111,0.18518518518518517,0.026,7.122507122507122,-0.04139283138153086
PEP,LH,sigma_current,27,0.07407407407407407,0.14814814814814814,0.18518518518518517,0.03,6.172839506172839,0.7156472899134533
PEP,LH,sigma_wave,27,0.037037037037037035,0.0,0.037037037037037035,0.006,6.172839506172839,1.0199284510711348
PEP,LH,vwap_spread_tide_current,27,0.18518518518518517,0.18518518518518517,0.18518518518518517,0.03,6.172839506172839,0.5202178786244537
PEP,LH,tide_slope,27,0.18518518518518517,0.18518518518518517,0.18518518518518517,0.032,5.787037037037036,-0.34633466990243184
PEP,LH,tide_accel,27,0.0,0.1111111111111111,0.1111111111111111,0.022,5.05050505050505,-0.392117097582917
PEP,LH,kf_rsi_filt_vel,27,0.1111111111111111,0.1111111111111111,0.18518518518518517,0.038,4.8732943469785575,1.1597021657889757
PEP,LH,kf_rvol_filt_vel,27,0.1111111111111111,0.1111111111111111,0.18518518518518517,0.042,4.409171075837742,-0.1892495865917039
PEP,LH,current_slope,27,0.07407407407407407,0.1111111111111111,0.1111111111111111,0.028,3.968253968253968,-0.6197967012960883
PEP,LH,kf_rsi_pred_val,27,0.037037037037037035,0.1111111111111111,0.1111111111111111,0.028,3.968253968253968,0.47416119083680996
PEP,LH,kf_tension_pred_val,27,0.07407407407407407,0.1111111111111111,0.1111111111111111,0.03,3.7037037037037037,0.23989846565005984
PEP,LH,vwap_sigma_wave,27,0.037037037037037035,0.0,0.037037037037037035,0.01,3.7037037037037033,1.0300964509511672
PEP,LH,tension_wave,27,0.037037037037037035,0.0,0.037037037037037035,0.01,3.7037037037037033,-0.3241370599412085
PEP,LH,rsi_value,27,0.0,0.1111111111111111,0.1111111111111111,0.034,3.26797385620915,0.4804484369383458
PEP,LH,fear_level,27,0.07407407407407407,0.07407407407407407,0.07407407407407407,0.024,3.0864197530864197,-0.2035844910458246
PEP,LH,tension_tide,27,0.037037037037037035,0.07407407407407407,0.07407407407407407,0.03,2.4691358024691357,0.23837455848872027
PEP,LH,conj_current_tide,27,0.07407407407407407,0.07407407407407407,0.07407407407407407,0.036,2.05761316872428,-0.4768560164474179
PEP,LH,tension_current,27,0.07407407407407407,0.037037037037037035,0.07407407407407407,0.044,1.6835016835016836,0.5443076361104598
PG,LL,vwap_sigma_current,26,0.34615384615384615,0.2692307692307692,0.38461538461538464,0.016,24.03846153846154,-1.861235246351124
PG,LL,kf_price_innovation,26,0.15384615384615385,0.34615384615384615,0.38461538461538464,0.018,21.36752136752137,-0.14922882275548674
PG,LL,vwap_sigma_tide,26,0.5,0.3076923076923077,0.5,0.026,19.23076923076923,-1.8015741642732928
PG,LL,kf_price_pred_val,26,0.4230769230769231,0.34615384615384615,0.5384615384615384,0.028,19.23076923076923,-2.2362488600469135
PG,LL,compression_ratio,26,0.23076923076923078,0.23076923076923078,0.2692307692307692,0.016,16.826923076923077,1.220999479518879
PG,LL,rsi_value,26,0.5,0.34615384615384615,0.5,0.03,16.666666666666668,-1.8538110802719485
PG,LL,wave_accel,26,0.38461538461538464,0.3076923076923077,0.46153846153846156,0.028,16.483516483516485,-1.6778388622052156
PG,LL,sigma_tide,26,0.2692307692307692,0.2692307692307692,0.2692307692307692,0.018,14.957264957264957,-1.9453677370827203
PG,LL,kf_rsi_pred_val,26,0.4230769230769231,0.3076923076923077,0.4230769230769231,0.03,14.102564102564102,-1.8212808538097187
PG,LL,kf_rvol_pred_val,26,0.19230769230769232,0.15384615384615385,0.23076923076923078,0.018,12.820512820512823,0.8897683109897347
PG,LL,conj_wave_tide,26,0.38461538461538464,0.23076923076923078,0.4230769230769231,0.034,12.443438914027148,-1.851715699277011
PG,LL,kf_conj_filt_vel,26,0.2692307692307692,0.23076923076923078,0.38461538461538464,0.032,12.01923076923077,-1.2317514629557778
PG,LL,wave_slope,26,0.38461538461538464,0.3076923076923077,0.46153846153846156,0.04,11.538461538461538,-1.9393398774284032
PG,LL,kf_price_filt_vel,26,0.19230769230769232,0.2692307692307692,0.34615384615384615,0.03,11.538461538461538,-1.2661425761556506
PG,LL,fear_level,26,0.46153846153846156,0.34615384615384615,0.46153846153846156,0.042,10.989010989010989,1.3688877827762416
PG,LL,kf_conj_pred_val,26,0.34615384615384615,0.2692307692307692,0.38461538461538464,0.038,10.121457489878543,-1.69166477219353
PG,LL,tension_wave,26,0.0,0.038461538461538464,0.038461538461538464,0.004,9.615384615384615,0.9492560479023033
PG,LL,kf_rvol_filt_vel,26,0.11538461538461539,0.11538461538461539,0.19230769230769232,0.02,9.615384615384615,0.5335297865165226
PG,LL,vwap_spread_current_wave,26,0.23076923076923078,0.19230769230769232,0.23076923076923078,0.026,8.875739644970414,1.490801011699677
PG,LL,vwap_sigma_wave,26,0.038461538461538464,0.07692307692307693,0.11538461538461539,0.014,8.241758241758243,-1.4969325007311198
PG,LL,sigma_current,26,0.19230769230769232,0.15384615384615385,0.19230769230769232,0.024,8.012820512820513,-1.4349138403345343
PG,LL,conj_wave_current,26,0.2692307692307692,0.11538461538461539,0.2692307692307692,0.038,7.08502024291498,-1.4009484530499359
PG,LL,tide_accel,26,0.34615384615384615,0.2692307692307692,0.34615384615384615,0.056,6.181318681318681,-1.4972710434616234
PG,LL,kf_tension_filt_vel,26,0.19230769230769232,0.11538461538461539,0.19230769230769232,0.032,6.009615384615385,-0.9987231109561316
PG,LL,current_accel,26,0.3076923076923077,0.19230769230769232,0.3076923076923077,0.052,5.91715976331361,-1.599024773049527
PG,LL,sigma_wave,26,0.07692307692307693,0.038461538461538464,0.11538461538461539,0.02,5.769230769230769,-0.8847995634031811
PG,LL,kf_rsi_filt_vel,26,0.23076923076923078,0.11538461538461539,0.23076923076923078,0.042,5.4945054945054945,-1.1792179977999484
PG,LL,current_slope,26,0.15384615384615385,0.15384615384615385,0.15384615384615385,0.04,3.8461538461538463,-1.2188385644673136
PG,LL,kf_tension_pred_val,26,0.15384615384615385,0.11538461538461539,0.19230769230769232,0.06,3.2051282051282053,-0.3806095297847148
PG,LL,vwap_spread_tide_wave,26,0.15384615384615385,0.11538461538461539,0.15384615384615385,0.056,2.7472527472527473,1.0694089274204255
PG,LL,tension_tide,26,0.11538461538461539,0.11538461538461539,0.15384615384615385,0.058,2.6525198938992043,-0.3483247567949658
PG,LL,conj_current_tide,26,0.038461538461538464,0.038461538461538464,0.038461538461538464,0.046,0.8361204013377928,-1.069700113832537
PG,LL,vwap_spread_tide_current,26,0.038461538461538464,0.038461538461538464,0.038461538461538464,0.056,0.6868131868131868,0.4678703809175758
PG,LL,tide_slope,26,0.0,0.0,0.0,0.082,0.0,-0.27725633223051077
PG,LL,tension_current,26,0.0,0.0,0.0,0.036,0.0,0.39196411892760075
PG,HL,kf_rvol_filt_vel,42,0.16666666666666666,0.21428571428571427,0.35714285714285715,0.02,17.857142857142858,0.6713964661162729
PG,HL,tension_wave,42,0.0,0.07142857142857142,0.07142857142857142,0.004,17.857142857142854,0.8277505087302767
PG,HL,kf_rvol_pred_val,42,0.16666666666666666,0.16666666666666666,0.2857142857142857,0.018,15.873015873015873,0.7392340387053759
PG,HL,kf_price_innovation,42,0.11904761904761904,0.16666666666666666,0.23809523809523808,0.018,13.227513227513228,-0.5989438433916627
PG,HL,sigma_current,42,0.23809523809523808,0.19047619047619047,0.2857142857142857,0.024,11.904761904761903,-1.4036132986953163
PG,HL,vwap_sigma_current,42,0.16666666666666666,0.09523809523809523,0.19047619047619047,0.016,11.904761904761903,-1.3479686099331953
PG,HL,kf_price_pred_val,42,0.23809523809523808,0.19047619047619047,0.30952380952380953,0.028,11.054421768707483,-1.489982843410805
PG,HL,kf_price_filt_vel,42,0.19047619047619047,0.16666666666666666,0.2857142857142857,0.03,9.523809523809524,-1.0604027999401022
PG,HL,wave_accel,42,0.14285714285714285,0.19047619047619047,0.2619047619047619,0.028,9.353741496598639,-0.8595383023058922
PG,HL,sigma_tide,42,0.14285714285714285,0.023809523809523808,0.14285714285714285,0.018,7.936507936507937,-0.8839468066664468
PG,HL,compression_ratio,42,0.09523809523809523,0.09523809523809523,0.11904761904761904,0.016,7.44047619047619,0.18702794914281123
PG,HL,vwap_sigma_wave,42,0.07142857142857142,0.023809523809523808,0.09523809523809523,0.014,6.802721088435374,-1.410040661403735
PG,HL,rsi_value,42,0.16666666666666666,0.07142857142857142,0.19047619047619047,0.03,6.349206349206349,-1.527421492135706
PG,HL,conj_wave_tide,42,0.14285714285714285,0.14285714285714285,0.19047619047619047,0.034,5.602240896358543,-1.1211519301930097
PG,HL,conj_wave_current,42,0.16666666666666666,0.14285714285714285,0.19047619047619047,0.038,5.012531328320802,-1.0176859421344768
PG,HL,kf_conj_pred_val,42,0.14285714285714285,0.14285714285714285,0.19047619047619047,0.038,5.012531328320802,-0.9872633270667845
PG,HL,wave_slope,42,0.16666666666666666,0.14285714285714285,0.19047619047619047,0.04,4.761904761904762,-1.1455130616001015
PG,HL,kf_rsi_pred_val,42,0.11904761904761904,0.07142857142857142,0.14285714285714285,0.03,4.761904761904762,-1.4683216704123765
PG,HL,kf_rsi_filt_vel,42,0.16666666666666666,0.09523809523809523,0.19047619047619047,0.042,4.5351473922902485,-1.1379314903612383
PG,HL,kf_tension_filt_vel,42,0.14285714285714285,0.09523809523809523,0.14285714285714285,0.032,4.4642857142857135,-0.9226450173233641
PG,HL,kf_conj_filt_vel,42,0.09523809523809523,0.09523809523809523,0.14285714285714285,0.032,4.4642857142857135,-0.5090594485807974
PG,HL,sigma_wave,42,0.023809523809523808,0.047619047619047616,0.07142857142857142,0.02,3.571428571428571,-0.9132013587797513
PG,HL,current_accel,42,0.11904761904761904,0.11904761904761904,0.16666666666666666,0.052,3.2051282051282053,-1.1746697386789473
PG,HL,tension_tide,42,0.09523809523809523,0.11904761904761904,0.11904761904761904,0.058,2.052545155993432,-0.2906399416475918
PG,HL,kf_tension_pred_val,42,0.07142857142857142,0.11904761904761904,0.11904761904761904,0.06,1.9841269841269842,-0.31490594943326045
PG,HL,vwap_sigma_tide,42,0.047619047619047616,0.023809523809523808,0.047619047619047616,0.026,1.8315018315018314,-0.689629350650872
PG,HL,vwap_spread_tide_current,42,0.09523809523809523,0.09523809523809523,0.09523809523809523,0.056,1.7006802721088434,-0.13592901061920523
PG,HL,fear_level,42,0.07142857142857142,0.07142857142857142,0.07142857142857142,0.042,1.7006802721088434,0.6694396007551721
PG,HL,tide_slope,42,0.09523809523809523,0.11904761904761904,0.11904761904761904,0.082,1.451800232288037,-0.00030922610827594486
PG,HL,current_slope,42,0.047619047619047616,0.047619047619047616,0.047619047619047616,0.04,1.1904761904761905,-0.2073976019049907
PG,HL,conj_current_tide,42,0.047619047619047616,0.047619047619047616,0.047619047619047616,0.046,1.0351966873706004,-0.20218103735778023
PG,HL,vwap_spread_current_wave,42,0.023809523809523808,0.023809523809523808,0.023809523809523808,0.026,0.9157509157509157,0.5730255686773025
PG,HL,tide_accel,42,0.0,0.047619047619047616,0.047619047619047616,0.056,0.8503401360544217,-0.351423697834271
PG,HL,vwap_spread_tide_wave,42,0.047619047619047616,0.047619047619047616,0.047619047619047616,0.056,0.8503401360544217,0.16953262834508415
PG,HL,tension_current,42,0.0,0.023809523809523808,0.023809523809523808,0.036,0.6613756613756614,-0.0885198451023504
PG,HH,kf_rvol_filt_vel,39,0.07692307692307693,0.10256410256410256,0.1794871794871795,0.02,8.974358974358974,0.15968790113245893
PG,HH,tension_wave,39,0.0,0.02564102564102564,0.02564102564102564,0.004,6.41025641025641,-0.7914704183678946
PG,HH,kf_price_pred_val,39,0.07692307692307693,0.07692307692307693,0.1282051282051282,0.028,4.5787545787545785,0.8352448083382137
PG,HH,kf_price_innovation,39,0.02564102564102564,0.05128205128205128,0.07692307692307693,0.018,4.273504273504274,0.22906860578455188
PG,HH,kf_rvol_pred_val,39,0.07692307692307693,0.02564102564102564,0.07692307692307693,0.018,4.273504273504274,0.0709736167753417
PG,HH,vwap_spread_current_wave,39,0.07692307692307693,0.07692307692307693,0.10256410256410256,0.026,3.9447731755424065,-0.850423347638557
PG,HH,compression_ratio,39,0.02564102564102564,0.02564102564102564,0.05128205128205128,0.016,3.205128205128205,-0.03064580603672032
PG,HH,sigma_tide,39,0.05128205128205128,0.02564102564102564,0.05128205128205128,0.018,2.849002849002849,1.0595108321407711
PG,HH,conj_current_tide,39,0.10256410256410256,0.1282051282051282,0.1282051282051282,0.046,2.7870680044593086,0.545336043756286
PG,HH,kf_price_filt_vel,39,0.05128205128205128,0.02564102564102564,0.07692307692307693,0.03,2.5641025641025643,0.47209424222824947
PG,HH,current_slope,39,0.07692307692307693,0.07692307692307693,0.10256410256410256,0.04,2.564102564102564,0.6545510495173068
PG,HH,kf_tension_filt_vel,39,0.05128205128205128,0.05128205128205128,0.07692307692307693,0.032,2.4038461538461537,0.544577437390877
PG,HH,conj_wave_tide,39,0.05128205128205128,0.07692307692307693,0.07692307692307693,0.034,2.262443438914027,0.8581177720095656
PG,HH,sigma_current,39,0.02564102564102564,0.02564102564102564,0.05128205128205128,0.024,2.1367521367521367,0.9028577276665632
PG,HH,conj_wave_current,39,0.05128205128205128,0.07692307692307693,0.07692307692307693,0.038,2.0242914979757085,0.6303497774356429
PG,HH,current_accel,39,0.07692307692307693,0.05128205128205128,0.10256410256410256,0.052,1.9723865877712032,0.7159095072145494
PG,HH,wave_slope,39,0.05128205128205128,0.07692307692307693,0.07692307692307693,0.04,1.9230769230769231,0.913812175756974
PG,HH,tide_accel,39,0.10256410256410256,0.07692307692307693,0.10256410256410256,0.056,1.8315018315018314,0.8177189029892487
PG,HH,wave_accel,39,0.05128205128205128,0.02564102564102564,0.05128205128205128,0.028,1.8315018315018314,0.6514428335030011
PG,HH,vwap_spread_tide_current,39,0.07692307692307693,0.10256410256410256,0.10256410256410256,0.056,1.8315018315018314,-0.29391752861027787
PG,HH,kf_rsi_pred_val,39,0.02564102564102564,0.02564102564102564,0.05128205128205128,0.03,1.7094017094017093,1.2612364331988937
PG,HH,vwap_sigma_current,39,0.02564102564102564,0.0,0.02564102564102564,0.016,1.6025641025641024,1.2064992602321887
PG,HH,vwap_spread_tide_wave,39,0.07692307692307693,0.07692307692307693,0.07692307692307693,0.056,1.3736263736263736,-0.6435092418512416
PG,HH,kf_conj_pred_val,39,0.05128205128205128,0.02564102564102564,0.05128205128205128,0.038,1.349527665317139,0.7769905297150727
PG,HH,sigma_wave,39,0.02564102564102564,0.0,0.02564102564102564,0.02,1.282051282051282,0.6444563293014136
PG,HH,tide_slope,39,0.10256410256410256,0.10256410256410256,0.10256410256410256,0.082,1.2507817385866165,0.21659574194900394
PG,HH,kf_rsi_filt_vel,39,0.02564102564102564,0.02564102564102564,0.05128205128205128,0.042,1.2210012210012209,0.7982722064924272
PG,HH,vwap_sigma_tide,39,0.0,0.02564102564102564,0.02564102564102564,0.026,0.9861932938856016,0.9927977506673011
PG,HH,tension_tide,39,0.05128205128205128,0.05128205128205128,0.05128205128205128,0.058,0.8841732979664013,0.1778028357374363
PG,HH,rsi_value,39,0.02564102564102564,0.0,0.02564102564102564,0.03,0.8547008547008547,1.312113253026802
PG,HH,kf_tension_pred_val,39,0.05128205128205128,0.05128205128205128,0.05128205128205128,0.06,0.8547008547008547,0.18389388015917896
PG,HH,kf_conj_filt_vel,39,0.02564102564102564,0.02564102564102564,0.02564102564102564,0.032,0.8012820512820512,0.46040985236719467
PG,HH,vwap_sigma_wave,39,0.0,0.0,0.0,0.014,0.0,1.1791629498729013
PG,HH,tension_current,39,0.0,0.0,0.0,0.036,0.0,-0.2819688206800131
PG,HH,fear_level,39,0.0,0.0,0.0,0.042,0.0,-1.0335646685135194
PG,LH,kf_price_innovation,29,0.1724137931034483,0.20689655172413793,0.3103448275862069,0.018,17.24137931034483,0.7200911006730423
PG,LH,compression_ratio,29,0.20689655172413793,0.20689655172413793,0.2413793103448276,0.016,15.086206896551724,0.9437543157239868
PG,LH,wave_accel,29,0.27586206896551724,0.3448275862068966,0.3793103448275862,0.028,13.54679802955665,1.4117014170309816
PG,LH,kf_price_pred_val,29,0.2413793103448276,0.3103448275862069,0.3793103448275862,0.028,13.54679802955665,1.8047682344506857
PG,LH,kf_price_filt_vel,29,0.2413793103448276,0.27586206896551724,0.3448275862068966,0.03,11.49425287356322,1.5225462047618692
PG,LH,kf_conj_filt_vel,29,0.27586206896551724,0.3103448275862069,0.3103448275862069,0.032,9.698275862068966,0.6000983365227471
PG,LH,kf_rvol_pred_val,29,0.06896551724137931,0.10344827586206896,0.1724137931034483,0.018,9.578544061302683,0.3812982203426741
PG,LH,kf_rvol_filt_vel,29,0.10344827586206896,0.034482758620689655,0.13793103448275862,0.02,6.896551724137931,0.3823434739828012
PG,LH,sigma_tide,29,0.034482758620689655,0.06896551724137931,0.10344827586206896,0.018,5.74712643678161,0.23453895096026953
PG,LH,kf_conj_pred_val,29,0.1724137931034483,0.1724137931034483,0.20689655172413793,0.038,5.44464609800363,0.15465323183946966
PG,LH,conj_wave_tide,29,0.13793103448275862,0.13793103448275862,0.1724137931034483,0.034,5.070993914807302,0.22099063239930164
PG,LH,vwap_sigma_wave,29,0.034482758620689655,0.034482758620689655,0.06896551724137931,0.014,4.926108374384237,1.0654493472176663
PG,LH,conj_wave_current,29,0.10344827586206896,0.1724137931034483,0.1724137931034483,0.038,4.537205081669692,0.3018728185331143
PG,LH,wave_slope,29,0.10344827586206896,0.13793103448275862,0.1724137931034483,0.04,4.310344827586207,0.18607483253189774
PG,LH,kf_tension_filt_vel,29,0.13793103448275862,0.10344827586206896,0.13793103448275862,0.032,4.310344827586206,0.9814850660480104
PG,LH,fear_level,29,0.06896551724137931,0.1724137931034483,0.1724137931034483,0.042,4.105090311986864,-0.17577064618483118
PG,LH,current_accel,29,0.13793103448275862,0.20689655172413793,0.20689655172413793,0.052,3.9787798408488064,0.35546494632202164
PG,LH,kf_rsi_filt_vel,29,0.06896551724137931,0.10344827586206896,0.13793103448275862,0.042,3.2840722495894905,1.1336123930760988
PG,LH,vwap_sigma_tide,29,0.034482758620689655,0.06896551724137931,0.06896551724137931,0.026,2.6525198938992043,-0.032552058945492374
PG,LH,vwap_spread_current_wave,29,0.06896551724137931,0.06896551724137931,0.06896551724137931,0.026,2.6525198938992043,0.3186366630746886
PG,LH,current_slope,29,0.10344827586206896,0.10344827586206896,0.10344827586206896,0.04,2.586206896551724,-0.33433540267207484
PG,LH,vwap_sigma_current,29,0.0,0.034482758620689655,0.034482758620689655,0.016,2.155172413793103,0.46431665621422247
PG,LH,tension_tide,29,0.034482758620689655,0.10344827586206896,0.10344827586206896,0.058,1.78359096313912,0.2983074186333648
PG,LH,kf_tension_pred_val,29,0.034482758620689655,0.10344827586206896,0.10344827586206896,0.06,1.7241379310344829,0.31013478187012244
PG,LH,sigma_wave,29,0.034482758620689655,0.0,0.034482758620689655,0.02,1.7241379310344827,1.094501223926517
PG,LH,sigma_current,29,0.0,0.034482758620689655,0.034482758620689655,0.024,1.4367816091954022,0.8388048143209533
PG,LH,rsi_value,29,0.0,0.034482758620689655,0.034482758620689655,0.03,1.1494252873563218,0.5993310281134091
PG,LH,kf_rsi_pred_val,29,0.0,0.034482758620689655,0.034482758620689655,0.03,1.1494252873563218,0.5821187035066442
PG,LH,tension_current,29,0.034482758620689655,0.034482758620689655,0.034482758620689655,0.036,0.9578544061302683,0.3936055351547859
PG,LH,conj_current_tide,29,0.034482758620689655,0.034482758620689655,0.034482758620689655,0.046,0.7496251874062968,-0.22639131937016324
PG,LH,tide_accel,29,0.0,0.034482758620689655,0.034482758620689655,0.056,0.6157635467980296,0.014715734538855626
PG,LH,vwap_spread_tide_current,29,0.034482758620689655,0.034482758620689655,0.034482758620689655,0.056,0.6157635467980296,0.2952585825474333
PG,LH,vwap_spread_tide_wave,29,0.034482758620689655,0.034482758620689655,0.034482758620689655,0.056,0.6157635467980296,0.38336778342632394
PG,LH,tide_slope,29,0.034482758620689655,0.034482758620689655,0.034482758620689655,0.082,0.42052144659377627,-0.23188560845524359
PG,LH,tension_wave,29,0.0,0.0,0.0,0.004,0.0,-0.28872327151845445
QQQ,LL,kf_price_pred_val,78,0.4230769230769231,0.47435897435897434,0.5512820512820513,0.01,55.12820512820513,-2.0983133126050357
QQQ,LL,kf_price_innovation,78,0.20512820512820512,0.3974358974358974,0.48717948717948717,0.01,48.717948717948715,-0.6320476251153541
QQQ,LL,fear_level,78,0.46153846153846156,0.4358974358974359,0.46153846153846156,0.01,46.15384615384615,1.4073392076621165
QQQ,LL,vwap_sigma_tide,78,0.46153846153846156,0.41025641025641024,0.46153846153846156,0.012,38.46153846153846,-1.8099431640398076
QQQ,LL,kf_price_filt_vel,78,0.24358974358974358,0.3717948717948718,0.44871794871794873,0.012,37.39316239316239,-1.1875631806675346
QQQ,LL,sigma_tide,78,0.358974358974359,0.2692307692307692,0.358974358974359,0.012,29.914529914529915,-1.4638017602591746
QQQ,LL,current_slope,78,0.28205128205128205,0.28205128205128205,0.28205128205128205,0.01,28.205128205128204,-1.3208877379701747
QQQ,LL,vwap_spread_current_wave,78,0.2692307692307692,0.2564102564102564,0.2692307692307692,0.01,26.92307692307692,1.3863408123871837
QQQ,LL,vwap_sigma_current,78,0.3974358974358974,0.2564102564102564,0.4230769230769231,0.016,26.44230769230769,-1.9325062930534813
QQQ,LL,wave_slope,78,0.3974358974358974,0.3333333333333333,0.41025641025641024,0.016,25.64102564102564,-1.8336558672889833
QQQ,LL,wave_accel,78,0.3076923076923077,0.24358974358974358,0.358974358974359,0.016,22.435897435897434,-1.515744670158072
QQQ,LL,vwap_spread_tide_wave,78,0.3333333333333333,0.34615384615384615,0.34615384615384615,0.016,21.634615384615383,1.2334801213229452
QQQ,LL,conj_wave_current,78,0.23076923076923078,0.20512820512820512,0.2564102564102564,0.012,21.367521367521366,-1.1128235381801288
QQQ,LL,kf_rsi_pred_val,78,0.2564102564102564,0.19230769230769232,0.3076923076923077,0.018,17.094017094017097,-1.8373194828797061
QQQ,LL,rsi_value,78,0.34615384615384615,0.21794871794871795,0.3717948717948718,0.022,16.899766899766902,-1.9005139552543169
QQQ,LL,current_accel,78,0.2692307692307692,0.2948717948717949,0.3333333333333333,0.022,15.151515151515152,-1.5580005660726863
QQQ,LL,kf_conj_filt_vel,78,0.23076923076923078,0.15384615384615385,0.2692307692307692,0.018,14.957264957264957,-1.1104790564688942
QQQ,LL,conj_current_tide,78,0.19230769230769232,0.19230769230769232,0.19230769230769232,0.014,13.736263736263737,-0.9061867772190567
QQQ,LL,kf_conj_pred_val,78,0.2948717948717949,0.24358974358974358,0.3076923076923077,0.024,12.820512820512821,-1.5535782163278076
QQQ,LL,vwap_sigma_wave,78,0.20512820512820512,0.16666666666666666,0.2948717948717949,0.024,12.286324786324787,-1.7377060371298414
QQQ,LL,conj_wave_tide,78,0.2948717948717949,0.23076923076923078,0.2948717948717949,0.026,11.34122287968442,-1.54144448472577
QQQ,LL,vwap_spread_tide_current,78,0.28205128205128205,0.28205128205128205,0.28205128205128205,0.028,10.073260073260073,0.947042985305936
QQQ,LL,tide_slope,78,0.2564102564102564,0.24358974358974358,0.2564102564102564,0.028,9.157509157509157,-0.7802502089041702
QQQ,LL,kf_rvol_pred_val,78,0.11538461538461539,0.1282051282051282,0.1794871794871795,0.022,8.158508158508159,0.7731512502969518
QQQ,LL,kf_rvol_filt_vel,78,0.07692307692307693,0.15384615384615385,0.20512820512820512,0.028,7.326007326007326,0.32595823517505884
QQQ,LL,tide_accel,78,0.23076923076923078,0.23076923076923078,0.2692307692307692,0.038,7.08502024291498,-1.2877639732914123
QQQ,LL,tension_wave,78,0.0,0.05128205128205128,0.05128205128205128,0.008,6.41025641025641,0.9209381301901473
QQQ,LL,tension_tide,78,0.14102564102564102,0.15384615384615385,0.1794871794871795,0.03,5.982905982905983,0.2000920131632437
QQQ,LL,kf_tension_pred_val,78,0.14102564102564102,0.15384615384615385,0.1794871794871795,0.032,5.608974358974359,0.16941625445589442
QQQ,LL,sigma_wave,78,0.038461538461538464,0.038461538461538464,0.0641025641025641,0.012,5.3418803418803416,-1.014014748416676
QQQ,LL,sigma_current,78,0.11538461538461539,0.10256410256410256,0.15384615384615385,0.03,5.128205128205129,-1.2600268072517242
QQQ,LL,compression_ratio,78,0.10256410256410256,0.07692307692307693,0.10256410256410256,0.032,3.205128205128205,0.14040963508781348
QQQ,LL,kf_rsi_filt_vel,78,0.05128205128205128,0.0641025641025641,0.08974358974358974,0.036,2.492877492877493,-0.9328348643129818
QQQ,LL,kf_tension_filt_vel,78,0.08974358974358974,0.05128205128205128,0.10256410256410256,0.046,2.229654403567447,-0.6700218140511737
QQQ,LL,tension_current,78,0.0,0.02564102564102564,0.02564102564102564,0.028,0.9157509157509157,0.675794765995099
QQQ,HL,kf_price_pred_val,76,0.2236842105263158,0.17105263157894737,0.27631578947368424,0.01,27.631578947368425,-1.3834683608008835
QQQ,HL,kf_price_innovation,76,0.07894736842105263,0.18421052631578946,0.2236842105263158,0.01,22.36842105263158,-0.6962727034392178
QQQ,HL,sigma_tide,76,0.19736842105263158,0.13157894736842105,0.21052631578947367,0.012,17.543859649122805,-0.9850757743818503
QQQ,HL,wave_accel,76,0.18421052631578946,0.17105263157894737,0.23684210526315788,0.016,14.802631578947368,-0.8042489204834752
QQQ,HL,current_slope,76,0.14473684210526316,0.13157894736842105,0.14473684210526316,0.01,14.473684210526317,-0.37416745706289306
QQQ,HL,conj_wave_current,76,0.14473684210526316,0.15789473684210525,0.17105263157894737,0.012,14.25438596491228,-0.5148795003453972
QQQ,HL,kf_rvol_pred_val,76,0.14473684210526316,0.21052631578947367,0.2894736842105263,0.022,13.157894736842106,0.578048919866455
QQQ,HL,kf_price_filt_vel,76,0.13157894736842105,0.09210526315789473,0.15789473684210525,0.012,13.157894736842104,-1.0287578497242236
QQQ,HL,vwap_spread_current_wave,76,0.11842105263157894,0.11842105263157894,0.11842105263157894,0.01,11.842105263157894,0.3379181511901434
QQQ,HL,kf_conj_filt_vel,76,0.15789473684210525,0.15789473684210525,0.19736842105263158,0.018,10.964912280701755,-0.5927788058304756
QQQ,HL,fear_level,76,0.10526315789473684,0.09210526315789473,0.10526315789473684,0.01,10.526315789473683,0.741390964288452
QQQ,HL,sigma_wave,76,0.07894736842105263,0.07894736842105263,0.11842105263157894,0.012,9.868421052631579,-0.9939736052930149
QQQ,HL,wave_slope,76,0.10526315789473684,0.15789473684210525,0.15789473684210525,0.016,9.868421052631579,-0.7066089933208687
QQQ,HL,conj_current_tide,76,0.13157894736842105,0.13157894736842105,0.13157894736842105,0.014,9.398496240601503,-0.28681820367033223
QQQ,HL,vwap_sigma_wave,76,0.13157894736842105,0.17105263157894737,0.2236842105263158,0.024,9.320175438596491,-1.4818705091856401
QQQ,HL,vwap_sigma_current,76,0.13157894736842105,0.07894736842105263,0.14473684210526316,0.016,9.046052631578947,-1.2406815524126582
QQQ,HL,vwap_spread_tide_wave,76,0.14473684210526316,0.14473684210526316,0.14473684210526316,0.016,9.046052631578947,0.2525664611413884
QQQ,HL,kf_rsi_pred_val,76,0.14473684210526316,0.07894736842105263,0.15789473684210525,0.018,8.771929824561404,-1.3903417431722247
QQQ,HL,kf_rvol_filt_vel,76,0.09210526315789473,0.18421052631578946,0.23684210526315788,0.028,8.458646616541353,0.15368495078803665
QQQ,HL,current_accel,76,0.14473684210526316,0.14473684210526316,0.18421052631578946,0.022,8.373205741626794,-0.7290250614576209
QQQ,HL,sigma_current,76,0.21052631578947367,0.18421052631578946,0.25,0.03,8.333333333333334,-1.2766138193831813
QQQ,HL,kf_conj_pred_val,76,0.14473684210526316,0.17105263157894737,0.19736842105263158,0.024,8.223684210526315,-0.663090359214317
QQQ,HL,rsi_value,76,0.13157894736842105,0.05263157894736842,0.15789473684210525,0.022,7.177033492822966,-1.4180450708625634
QQQ,HL,conj_wave_tide,76,0.14473684210526316,0.15789473684210525,0.17105263157894737,0.026,6.578947368421053,-0.6376845474349521
QQQ,HL,vwap_sigma_tide,76,0.07894736842105263,0.039473684210526314,0.07894736842105263,0.012,6.578947368421052,-0.7625054879415974
QQQ,HL,kf_tension_pred_val,76,0.17105263157894737,0.15789473684210525,0.19736842105263158,0.032,6.167763157894737,-0.33615032159887537
QQQ,HL,tension_tide,76,0.17105263157894737,0.14473684210526316,0.18421052631578946,0.03,6.140350877192982,-0.30085646396846366
QQQ,HL,kf_tension_filt_vel,76,0.23684210526315788,0.19736842105263158,0.27631578947368424,0.046,6.006864988558353,-1.079980992890552
QQQ,HL,kf_rsi_filt_vel,76,0.15789473684210525,0.14473684210526316,0.21052631578947367,0.036,5.847953216374269,-1.0662550425581991
QQQ,HL,tide_accel,76,0.15789473684210525,0.17105263157894737,0.18421052631578946,0.038,4.84764542936288,-0.5484521559141073
QQQ,HL,tide_slope,76,0.13157894736842105,0.13157894736842105,0.13157894736842105,0.028,4.6992481203007515,-0.16942275349948796
QQQ,HL,vwap_spread_tide_current,76,0.13157894736842105,0.13157894736842105,0.13157894736842105,0.028,4.6992481203007515,0.17187611084955584
QQQ,HL,tension_current,76,0.06578947368421052,0.10526315789473684,0.11842105263157894,0.028,4.2293233082706765,-0.04089657228379551
QQQ,HL,compression_ratio,76,0.10526315789473684,0.10526315789473684,0.11842105263157894,0.032,3.700657894736842,0.4430252423965909
QQQ,HL,tension_wave,76,0.0,0.02631578947368421,0.02631578947368421,0.008,3.289473684210526,0.6639869239980204
QQQ,HH,kf_price_pred_val,83,0.10843373493975904,0.1686746987951807,0.2289156626506024,0.01,22.891566265060238,0.9527163586359194
QQQ,HH,vwap_spread_current_wave,83,0.1566265060240964,0.1566265060240964,0.1927710843373494,0.01,19.27710843373494,0.035801609276269276
QQQ,HH,current_slope,83,0.18072289156626506,0.1686746987951807,0.18072289156626506,0.01,18.072289156626507,-0.13423634683571153
QQQ,HH,wave_accel,83,0.1686746987951807,0.1927710843373494,0.2289156626506024,0.016,14.30722891566265,0.8967124401327176
QQQ,HH,vwap_spread_tide_wave,83,0.20481927710843373,0.21686746987951808,0.21686746987951808,0.016,13.55421686746988,0.22399546011622903
QQQ,HH,kf_price_innovation,83,0.08433734939759036,0.10843373493975904,0.13253012048192772,0.01,13.253012048192772,0.2816962278595313
QQQ,HH,conj_wave_current,83,0.13253012048192772,0.13253012048192772,0.1566265060240964,0.012,13.052208835341366,0.7319752003949476
QQQ,HH,conj_current_tide,83,0.1686746987951807,0.18072289156626506,0.18072289156626506,0.014,12.908777969018933,0.002006585481090059
QQQ,HH,kf_price_filt_vel,83,0.07228915662650602,0.12048192771084337,0.14457831325301204,0.012,12.048192771084336,0.4945293501818502
QQQ,HH,kf_conj_filt_vel,83,0.1566265060240964,0.1686746987951807,0.1927710843373494,0.018,10.709504685408302,0.7675916671948213
QQQ,HH,vwap_spread_tide_current,83,0.21686746987951808,0.21686746987951808,0.2289156626506024,0.028,8.175559380378656,0.2744635195473648
QQQ,HH,tension_wave,83,0.012048192771084338,0.04819277108433735,0.060240963855421686,0.008,7.53012048192771,-0.3380746818211271
QQQ,HH,kf_conj_pred_val,83,0.18072289156626506,0.1566265060240964,0.18072289156626506,0.024,7.53012048192771,0.7154771540304387
QQQ,HH,fear_level,83,0.07228915662650602,0.07228915662650602,0.07228915662650602,0.01,7.228915662650602,-0.3209870940653808
QQQ,HH,current_accel,83,0.13253012048192772,0.13253012048192772,0.1566265060240964,0.022,7.119386637458927,0.875398220194396
QQQ,HH,conj_wave_tide,83,0.1686746987951807,0.14457831325301204,0.18072289156626506,0.026,6.950880444856349,0.6752560047350659
QQQ,HH,wave_slope,83,0.0963855421686747,0.10843373493975904,0.10843373493975904,0.016,6.77710843373494,0.6059778632746936
QQQ,HH,vwap_sigma_tide,83,0.0,0.07228915662650602,0.07228915662650602,0.012,6.024096385542168,0.1529580441447377
QQQ,HH,tide_slope,83,0.14457831325301204,0.14457831325301204,0.14457831325301204,0.028,5.163511187607573,-0.24047794570939723
QQQ,HH,sigma_wave,83,0.024096385542168676,0.03614457831325301,0.060240963855421686,0.012,5.020080321285141,0.8265586491157784
QQQ,HH,tension_tide,83,0.13253012048192772,0.13253012048192772,0.13253012048192772,0.03,4.4176706827309244,0.5821923329621767
QQQ,HH,kf_tension_pred_val,83,0.13253012048192772,0.13253012048192772,0.13253012048192772,0.032,4.141566265060241,0.6041888296974322
QQQ,HH,tension_current,83,0.10843373493975904,0.08433734939759036,0.10843373493975904,0.028,3.87263339070568,0.3577140267018848
QQQ,HH,tide_accel,83,0.0963855421686747,0.13253012048192772,0.14457831325301204,0.038,3.804692454026633,0.1891522779857245
QQQ,HH,sigma_tide,83,0.03614457831325301,0.03614457831325301,0.03614457831325301,0.012,3.012048192771084,0.6967416403428022
QQQ,HH,sigma_current,83,0.060240963855421686,0.04819277108433735,0.07228915662650602,0.03,2.4096385542168672,1.044831188077519
QQQ,HH,kf_rvol_pred_val,83,0.012048192771084338,0.03614457831325301,0.04819277108433735,0.022,2.190580503833516,-0.11123828440500898
QQQ,HH,kf_rsi_pred_val,83,0.024096385542168676,0.024096385542168676,0.03614457831325301,0.018,2.0080321285140563,0.9335133916745201
QQQ,HH,compression_ratio,83,0.03614457831325301,0.04819277108433735,0.060240963855421686,0.032,1.8825301204819276,-0.12442733063091012
QQQ,HH,kf_rvol_filt_vel,83,0.012048192771084338,0.03614457831325301,0.04819277108433735,0.028,1.721170395869191,0.07063848776068765
QQQ,HH,rsi_value,83,0.03614457831325301,0.012048192771084338,0.03614457831325301,0.022,1.642935377875137,0.9323826714435541
QQQ,HH,kf_rsi_filt_vel,83,0.0,0.04819277108433735,0.04819277108433735,0.036,1.3386880856760377,0.7860717172604064
QQQ,HH,kf_tension_filt_vel,83,0.024096385542168676,0.04819277108433735,0.04819277108433735,0.046,1.0476689366160294,0.6131360645598857
QQQ,HH,vwap_sigma_wave,83,0.012048192771084338,0.024096385542168676,0.024096385542168676,0.024,1.0040160642570282,1.0336770476568766
QQQ,HH,vwap_sigma_current,83,0.0,0.012048192771084338,0.012048192771084338,0.016,0.7530120481927711,0.6948995385527654
QQQ,LH,kf_price_pred_val,71,0.39436619718309857,0.4084507042253521,0.5774647887323944,0.01,57.74647887323944,1.8045346154708657
QQQ,LH,kf_price_innovation,71,0.22535211267605634,0.39436619718309857,0.5070422535211268,0.01,50.70422535211267,0.9230208512742663
QQQ,LH,kf_price_filt_vel,71,0.3380281690140845,0.4084507042253521,0.5774647887323944,0.012,48.12206572769953,1.733459591565977
QQQ,LH,tension_wave,71,0.2112676056338028,0.18309859154929578,0.29577464788732394,0.008,36.97183098591549,1.043195627960274
QQQ,LH,fear_level,71,0.29577464788732394,0.36619718309859156,0.36619718309859156,0.01,36.61971830985915,0.9816290703869656
QQQ,LH,current_slope,71,0.2676056338028169,0.2535211267605634,0.2676056338028169,0.01,26.76056338028169,-0.9987361968433346
QQQ,LH,wave_accel,71,0.22535211267605634,0.29577464788732394,0.4225352112676056,0.016,26.408450704225352,0.841501659521515
QQQ,LH,vwap_sigma_tide,71,0.16901408450704225,0.28169014084507044,0.28169014084507044,0.012,23.474178403755868,-0.8905472488081801
QQQ,LH,vwap_spread_current_wave,71,0.22535211267605634,0.2112676056338028,0.22535211267605634,0.01,22.535211267605632,1.1208186487625516
QQQ,LH,wave_slope,71,0.30985915492957744,0.352112676056338,0.352112676056338,0.016,22.007042253521124,-1.2323712917987033
QQQ,LH,conj_wave_current,71,0.19718309859154928,0.23943661971830985,0.23943661971830985,0.012,19.953051643192488,-0.6770865514892135
QQQ,LH,vwap_spread_tide_wave,71,0.29577464788732394,0.29577464788732394,0.29577464788732394,0.016,18.485915492957744,0.9731481400942149
QQQ,LH,kf_conj_filt_vel,71,0.16901408450704225,0.2676056338028169,0.30985915492957744,0.018,17.21439749608764,0.20103346558209398
QQQ,LH,conj_current_tide,71,0.18309859154929578,0.16901408450704225,0.18309859154929578,0.014,13.078470824949699,-0.6520261455489998
QQQ,LH,kf_conj_pred_val,71,0.22535211267605634,0.28169014084507044,0.29577464788732394,0.024,12.32394366197183,-0.9746367460370884
QQQ,LH,conj_wave_tide,71,0.2112676056338028,0.28169014084507044,0.29577464788732394,0.026,11.375947995666305,-0.9952632453073866
QQQ,LH,current_accel,71,0.1267605633802817,0.2112676056338028,0.22535211267605634,0.022,10.243277848911653,-0.4214699409023159
QQQ,LH,vwap_sigma_current,71,0.0,0.15492957746478872,0.15492957746478872,0.016,9.683098591549294,-0.5845270616582793
QQQ,LH,vwap_spread_tide_current,71,0.23943661971830985,0.23943661971830985,0.2535211267605634,0.028,9.054325955734406,0.7397325023919062
QQQ,LH,tide_slope,71,0.23943661971830985,0.22535211267605634,0.23943661971830985,0.028,8.551307847082494,-0.6467392503135122
QQQ,LH,sigma_tide,71,0.028169014084507043,0.09859154929577464,0.09859154929577464,0.012,8.215962441314554,-0.37397177953686417
QQQ,LH,sigma_wave,71,0.056338028169014086,0.04225352112676056,0.08450704225352113,0.012,7.04225352112676,1.1180632170503002
QQQ,LH,kf_rvol_filt_vel,71,0.09859154929577464,0.14084507042253522,0.19718309859154928,0.028,7.04225352112676,-0.4708230234297634
QQQ,LH,rsi_value,71,0.0,0.14084507042253522,0.14084507042253522,0.022,6.402048655569783,-0.320914151304947
QQQ,LH,kf_rsi_pred_val,71,0.0,0.11267605633802817,0.11267605633802817,0.018,6.259780907668232,-0.2763425088007102
QQQ,LH,compression_ratio,71,0.15492957746478872,0.16901408450704225,0.19718309859154928,0.032,6.161971830985915,0.2724838473387126
QQQ,LH,tide_accel,71,0.15492957746478872,0.2112676056338028,0.22535211267605634,0.038,5.930318754633062,-0.46021291865319586
QQQ,LH,kf_rvol_pred_val,71,0.04225352112676056,0.11267605633802817,0.11267605633802817,0.022,5.1216389244558265,-0.2529398613714719
QQQ,LH,tension_tide,71,0.09859154929577464,0.1267605633802817,0.1267605633802817,0.03,4.225352112676056,0.46046545817658047
QQQ,LH,kf_tension_filt_vel,71,0.11267605633802817,0.1267605633802817,0.18309859154929578,0.046,3.9804041641151255,0.7483494855131861
QQQ,LH,kf_tension_pred_val,71,0.09859154929577464,0.1267605633802817,0.1267605633802817,0.032,3.9612676056338025,0.4700689394701654
QQQ,LH,sigma_current,71,0.028169014084507043,0.11267605633802817,0.11267605633802817,0.03,3.755868544600939,0.23780352384501202
QQQ,LH,tension_current,71,0.08450704225352113,0.08450704225352113,0.08450704225352113,0.028,3.0181086519114686,0.8327200808149756
QQQ,LH,kf_rsi_filt_vel,71,0.08450704225352113,0.014084507042253521,0.08450704225352113,0.036,2.347417840375587,1.0957956683269259
QQQ,LH,vwap_sigma_wave,71,0.0,0.04225352112676056,0.04225352112676056,0.024,1.76056338028169,0.006192686296740131
SPY,LL,sigma_tide,50,0.58,0.48,0.58,0.018,32.22222222222222,-2.1008425107014763
SPY,LL,kf_price_pred_val,50,0.42,0.4,0.56,0.018,31.111111111111118,-2.4128772261356257
SPY,LL,vwap_sigma_current,50,0.64,0.44,0.66,0.024,27.5,-2.1698686832708494
SPY,LL,kf_rsi_pred_val,50,0.44,0.3,0.46,0.02,23.0,-2.050195313673448
SPY,LL,rsi_value,50,0.48,0.36,0.48,0.024,20.0,-2.134320226051363
SPY,LL,vwap_sigma_tide,50,0.58,0.5,0.58,0.034,17.05882352941176,-2.1195411911261344
SPY,LL,wave_accel,50,0.32,0.28,0.36,0.022,16.363636363636363,-1.7226322287973743
SPY,LL,vwap_sigma_wave,50,0.34,0.24,0.42,0.026,16.153846153846153,-1.8664847809125755
SPY,LL,kf_price_filt_vel,50,0.22,0.36,0.42,0.026,16.153846153846153,-1.3806240512716101
SPY,LL,kf_price_innovation,50,0.16,0.36,0.42,0.026,16.153846153846153,-0.6782547309573959
SPY,LL,fear_level,50,0.34,0.34,0.34,0.022,15.454545454545457,1.3499031046900012
SPY,LL,wave_slope,50,0.38,0.34,0.4,0.028,14.285714285714286,-2.078045103922025
SPY,LL,kf_conj_filt_vel,50,0.28,0.18,0.3,0.024,12.5,-1.1711533133481498
SPY,LL,sigma_current,50,0.3,0.16,0.3,0.026,11.538461538461538,-1.5208986654086132
SPY,LL,tide_accel,50,0.44,0.34,0.44,0.042,10.476190476190476,-1.718205298821191
SPY,LL,sigma_wave,50,0.1,0.06,0.14,0.014,10.0,-1.1551376359575776
SPY,LL,conj_wave_tide,50,0.28,0.24,0.3,0.03,10.0,-1.8625876381315676
SPY,LL,kf_conj_pred_val,50,0.28,0.24,0.3,0.03,10.0,-1.8539115759516764
SPY,LL,kf_rvol_pred_val,50,0.14,0.18,0.2,0.024,8.333333333333334,0.8541194478661872
SPY,LL,current_accel,50,0.38,0.34,0.44,0.054,8.148148148148149,-2.0949335556867457
SPY,LL,tide_slope,50,0.14,0.14,0.14,0.018,7.7777777777777795,-0.6624245075945625
SPY,LL,conj_wave_current,50,0.22,0.2,0.24,0.032,7.5,-1.3480451457578517
SPY,LL,vwap_spread_tide_wave,50,0.22,0.2,0.22,0.032,6.875,1.22297370363829
SPY,LL,vwap_spread_current_wave,50,0.24,0.2,0.24,0.036,6.666666666666667,1.473144513073597
SPY,LL,conj_current_tide,50,0.14,0.14,0.14,0.026,5.384615384615385,-1.1028154204780707
SPY,LL,current_slope,50,0.2,0.2,0.2,0.042,4.761904761904762,-1.4057497368763194
SPY,LL,compression_ratio,50,0.2,0.14,0.2,0.042,4.761904761904762,0.826283119032152
SPY,LL,kf_rvol_filt_vel,50,0.0,0.12,0.12,0.034,3.529411764705882,0.3288387345539002
SPY,LL,tension_tide,50,0.16,0.1,0.18,0.052,3.4615384615384617,-0.24631054024841145
SPY,LL,tension_wave,50,0.02,0.04,0.06,0.018,3.3333333333333335,0.9323861032204563
SPY,LL,kf_rsi_filt_vel,50,0.08,0.02,0.1,0.03,3.3333333333333335,-1.0780981886044079
SPY,LL,kf_tension_pred_val,50,0.16,0.1,0.18,0.056,3.214285714285714,-0.2681406496933116
SPY,LL,vwap_spread_tide_current,50,0.1,0.1,0.1,0.032,3.125,0.860933077935907
SPY,LL,kf_tension_filt_vel,50,0.14,0.08,0.14,0.054,2.592592592592593,-0.8226567580535463
SPY,LL,tension_current,50,0.0,0.02,0.02,0.032,0.625,0.6239847597488657
SPY,HL,kf_price_pred_val,68,0.29411764705882354,0.2647058823529412,0.39705882352941174,0.018,22.058823529411764,-1.7547206487195144
SPY,HL,sigma_tide,68,0.36764705882352944,0.23529411764705882,0.36764705882352944,0.018,20.42483660130719,-1.2852543249467667
SPY,HL,kf_rsi_pred_val,68,0.3088235294117647,0.17647058823529413,0.3235294117647059,0.02,16.176470588235293,-1.766726865319408
SPY,HL,rsi_value,68,0.35294117647058826,0.16176470588235295,0.35294117647058826,0.024,14.705882352941178,-1.7671563945615296
SPY,HL,kf_rvol_pred_val,68,0.19117647058823528,0.27941176470588236,0.35294117647058826,0.024,14.705882352941178,1.0156407419538116
SPY,HL,vwap_sigma_wave,68,0.27941176470588236,0.23529411764705882,0.38235294117647056,0.026,14.705882352941176,-1.6731428746178825
SPY,HL,sigma_wave,68,0.11764705882352941,0.10294117647058823,0.19117647058823528,0.014,13.655462184873949,-1.1258738841993687
SPY,HL,sigma_current,68,0.27941176470588236,0.27941176470588236,0.35294117647058826,0.026,13.574660633484164,-1.6098035677174398
SPY,HL,vwap_sigma_current,68,0.3088235294117647,0.2647058823529412,0.3235294117647059,0.024,13.480392156862745,-1.6056692598325029
SPY,HL,kf_price_filt_vel,68,0.17647058823529413,0.2647058823529412,0.3382352941176471,0.026,13.009049773755658,-1.1405552265878738
SPY,HL,wave_accel,68,0.23529411764705882,0.19117647058823528,0.27941176470588236,0.022,12.70053475935829,-1.1956506652684844
SPY,HL,kf_conj_filt_vel,68,0.22058823529411764,0.20588235294117646,0.25,0.024,10.416666666666666,-0.907701953233622
SPY,HL,kf_rsi_filt_vel,68,0.22058823529411764,0.20588235294117646,0.29411764705882354,0.03,9.803921568627452,-1.3287632899872341
SPY,HL,kf_price_innovation,68,0.10294117647058823,0.23529411764705882,0.25,0.026,9.615384615384615,-0.5390508917782956
SPY,HL,kf_rvol_filt_vel,68,0.11764705882352941,0.22058823529411764,0.29411764705882354,0.034,8.650519031141869,0.44534010322859535
SPY,HL,conj_wave_current,68,0.19117647058823528,0.16176470588235295,0.22058823529411764,0.032,6.893382352941176,-0.8557834419257797
SPY,HL,conj_wave_tide,68,0.14705882352941177,0.19117647058823528,0.19117647058823528,0.03,6.372549019607843,-1.007700023917016
SPY,HL,kf_conj_pred_val,68,0.14705882352941177,0.16176470588235295,0.17647058823529413,0.03,5.882352941176471,-1.0351552862008826
SPY,HL,wave_slope,68,0.16176470588235295,0.14705882352941177,0.16176470588235295,0.028,5.777310924369748,-1.0807059828585026
SPY,HL,tide_slope,68,0.10294117647058823,0.10294117647058823,0.10294117647058823,0.018,5.718954248366013,-0.20832194827335412
SPY,HL,conj_current_tide,68,0.11764705882352941,0.1323529411764706,0.1323529411764706,0.026,5.090497737556562,-0.3750729200953787
SPY,HL,tension_tide,68,0.23529411764705882,0.16176470588235295,0.25,0.052,4.8076923076923075,-0.48195017217063146
SPY,HL,fear_level,68,0.08823529411764706,0.10294117647058823,0.10294117647058823,0.022,4.679144385026738,0.8375827913852827
SPY,HL,kf_tension_filt_vel,68,0.20588235294117646,0.17647058823529413,0.25,0.054,4.62962962962963,-1.0550672972944164
SPY,HL,tide_accel,68,0.17647058823529413,0.14705882352941177,0.19117647058823528,0.042,4.551820728291316,-0.7398519432197145
SPY,HL,kf_tension_pred_val,68,0.23529411764705882,0.17647058823529413,0.25,0.056,4.464285714285714,-0.527715652880369
SPY,HL,vwap_sigma_tide,68,0.14705882352941177,0.10294117647058823,0.14705882352941177,0.034,4.325259515570934,-0.9654987517971945
SPY,HL,vwap_spread_tide_current,68,0.1323529411764706,0.1323529411764706,0.1323529411764706,0.032,4.136029411764706,0.18497312774878677
SPY,HL,vwap_spread_tide_wave,68,0.1323529411764706,0.11764705882352941,0.1323529411764706,0.032,4.136029411764706,0.3340653979551198
SPY,HL,vwap_spread_current_wave,68,0.11764705882352941,0.1323529411764706,0.1323529411764706,0.036,3.6764705882352944,0.5285640379735491
SPY,HL,tension_current,68,0.058823529411764705,0.10294117647058823,0.11764705882352941,0.032,3.676470588235294,-0.06400525493732237
SPY,HL,current_slope,68,0.1323529411764706,0.14705882352941177,0.14705882352941177,0.042,3.5014005602240896,-0.46936321092359395
SPY,HL,current_accel,68,0.1323529411764706,0.11764705882352941,0.14705882352941177,0.054,2.7233115468409586,-1.1605357521227733
SPY,HL,compression_ratio,68,0.08823529411764706,0.10294117647058823,0.10294117647058823,0.042,2.4509803921568625,0.5830627909030108
SPY,HL,tension_wave,68,0.0,0.014705882352941176,0.014705882352941176,0.018,0.8169934640522877,0.7485987482021783
SPY,HH,kf_price_pred_val,68,0.058823529411764705,0.058823529411764705,0.11764705882352941,0.018,6.535947712418301,0.6360751549926822
SPY,HH,conj_current_tide,68,0.08823529411764706,0.10294117647058823,0.11764705882352941,0.026,4.524886877828054,0.24844871978301222
SPY,HH,tide_slope,68,0.07352941176470588,0.07352941176470588,0.07352941176470588,0.018,4.0849673202614385,-0.004525702794840642
SPY,HH,kf_price_innovation,68,0.04411764705882353,0.07352941176470588,0.10294117647058823,0.026,3.9592760180995477,0.3746117732168716
SPY,HH,conj_wave_tide,68,0.11764705882352941,0.11764705882352941,0.11764705882352941,0.03,3.9215686274509807,0.6814790721577247
SPY,HH,kf_conj_pred_val,68,0.10294117647058823,0.11764705882352941,0.11764705882352941,0.03,3.9215686274509807,0.7038535798901538
SPY,HH,current_accel,68,0.1323529411764706,0.19117647058823528,0.19117647058823528,0.054,3.540305010893246,0.7150711239943944
SPY,HH,wave_accel,68,0.07352941176470588,0.058823529411764705,0.07352941176470588,0.022,3.3422459893048133,0.6584828355029516
SPY,HH,conj_wave_current,68,0.10294117647058823,0.07352941176470588,0.10294117647058823,0.032,3.2169117647058822,0.5817111665410911
SPY,HH,vwap_spread_tide_current,68,0.08823529411764706,0.10294117647058823,0.10294117647058823,0.032,3.2169117647058822,0.012535643076639876
SPY,HH,wave_slope,68,0.07352941176470588,0.07352941176470588,0.08823529411764706,0.028,3.151260504201681,0.6886408463176922
SPY,HH,kf_rsi_pred_val,68,0.058823529411764705,0.04411764705882353,0.058823529411764705,0.02,2.941176470588235,1.0393157039339744
SPY,HH,vwap_spread_current_wave,68,0.08823529411764706,0.08823529411764706,0.10294117647058823,0.036,2.8594771241830066,-0.33452300684956743
SPY,HH,kf_price_filt_vel,68,0.04411764705882353,0.029411764705882353,0.07352941176470588,0.026,2.828054298642534,0.3163762990561928
SPY,HH,vwap_spread_tide_wave,68,0.08823529411764706,0.08823529411764706,0.08823529411764706,0.032,2.7573529411764706,-0.11620144277340816
SPY,HH,sigma_tide,68,0.029411764705882353,0.04411764705882353,0.04411764705882353,0.018,2.450980392156863,0.8201117670362629
SPY,HH,tide_accel,68,0.058823529411764705,0.10294117647058823,0.10294117647058823,0.042,2.4509803921568625,0.4338732891081005
SPY,HH,kf_conj_filt_vel,68,0.058823529411764705,0.058823529411764705,0.058823529411764705,0.024,2.4509803921568625,0.565928935552959
SPY,HH,kf_rvol_filt_vel,68,0.029411764705882353,0.04411764705882353,0.07352941176470588,0.034,2.162629757785467,-0.039757218376325364
SPY,HH,current_slope,68,0.07352941176470588,0.08823529411764706,0.08823529411764706,0.042,2.100840336134454,0.23752415691112094
SPY,HH,rsi_value,68,0.04411764705882353,0.04411764705882353,0.04411764705882353,0.024,1.8382352941176472,1.078679923368778
SPY,HH,kf_rvol_pred_val,68,0.0,0.04411764705882353,0.04411764705882353,0.024,1.8382352941176472,-0.1976062114915442
SPY,HH,kf_tension_pred_val,68,0.10294117647058823,0.10294117647058823,0.10294117647058823,0.056,1.838235294117647,0.4395112408009274
SPY,HH,sigma_current,68,0.029411764705882353,0.029411764705882353,0.04411764705882353,0.026,1.6968325791855206,0.9347014424516956
SPY,HH,tension_tide,68,0.08823529411764706,0.08823529411764706,0.08823529411764706,0.052,1.6968325791855206,0.4263118785627405
SPY,HH,tension_wave,68,0.0,0.029411764705882353,0.029411764705882353,0.018,1.6339869281045754,-0.4645272230729898
SPY,HH,tension_current,68,0.029411764705882353,0.04411764705882353,0.04411764705882353,0.032,1.3786764705882353,-0.022700177608349085
SPY,HH,vwap_sigma_wave,68,0.0,0.029411764705882353,0.029411764705882353,0.026,1.1312217194570136,1.0609974371375848
SPY,HH,sigma_wave,68,0.0,0.014705882352941176,0.014705882352941176,0.014,1.050420168067227,0.7245126009543865
SPY,HH,compression_ratio,68,0.029411764705882353,0.04411764705882353,0.04411764705882353,0.042,1.050420168067227,-0.279916029007733
SPY,HH,fear_level,68,0.0,0.014705882352941176,0.014705882352941176,0.022,0.6684491978609626,-0.6497297305310882
SPY,HH,vwap_sigma_current,68,0.0,0.014705882352941176,0.014705882352941176,0.024,0.6127450980392156,0.9894025641130395
SPY,HH,kf_tension_filt_vel,68,0.014705882352941176,0.029411764705882353,0.029411764705882353,0.054,0.5446623093681917,0.4175519460143919
SPY,HH,vwap_sigma_tide,68,0.014705882352941176,0.014705882352941176,0.014705882352941176,0.034,0.4325259515570934,0.4973192008187716
SPY,HH,kf_rsi_filt_vel,68,0.0,0.0,0.0,0.03,0.0,0.588807927355757
SPY,LH,kf_price_pred_val,49,0.30612244897959184,0.30612244897959184,0.40816326530612246,0.018,22.67573696145125,1.8875945907862195
SPY,LH,wave_accel,49,0.2653061224489796,0.3877551020408163,0.46938775510204084,0.022,21.335807050092768,1.1256978935927793
SPY,LH,kf_conj_filt_vel,49,0.3673469387755102,0.3673469387755102,0.4489795918367347,0.024,18.707482993197278,0.5200387416769383
SPY,LH,kf_price_filt_vel,49,0.2653061224489796,0.2857142857142857,0.3877551020408163,0.026,14.913657770800627,1.7522758087370705
SPY,LH,kf_price_innovation,49,0.22448979591836735,0.32653061224489793,0.3877551020408163,0.026,14.913657770800627,1.3672992570661175
SPY,LH,fear_level,49,0.20408163265306123,0.22448979591836735,0.24489795918367346,0.022,11.131725417439704,0.7805884339898674
SPY,LH,wave_slope,49,0.2857142857142857,0.30612244897959184,0.30612244897959184,0.028,10.932944606413994,-0.9700731880245389
SPY,LH,kf_conj_pred_val,49,0.2653061224489796,0.2653061224489796,0.2857142857142857,0.03,9.523809523809524,-0.6938903690058457
SPY,LH,sigma_tide,49,0.08163265306122448,0.16326530612244897,0.16326530612244897,0.018,9.070294784580499,-0.3592214083915927
SPY,LH,conj_wave_tide,49,0.24489795918367346,0.2653061224489796,0.2653061224489796,0.03,8.843537414965986,-0.7449603763931865
SPY,LH,vwap_sigma_tide,49,0.12244897959183673,0.2857142857142857,0.2857142857142857,0.034,8.403361344537814,-0.8260799572759334
SPY,LH,conj_wave_current,49,0.22448979591836735,0.2653061224489796,0.2653061224489796,0.032,8.290816326530612,-0.3425797490625204
SPY,LH,tide_slope,49,0.14285714285714285,0.14285714285714285,0.14285714285714285,0.018,7.936507936507937,-0.7435699303434863
SPY,LH,sigma_current,49,0.04081632653061224,0.14285714285714285,0.1836734693877551,0.026,7.064364207221351,0.582530232556776
SPY,LH,conj_current_tide,49,0.16326530612244897,0.12244897959183673,0.16326530612244897,0.026,6.279434850863422,-0.7855190092528727
SPY,LH,vwap_sigma_current,49,0.0,0.14285714285714285,0.14285714285714285,0.024,5.952380952380952,-0.33155712095910844
SPY,LH,sigma_wave,49,0.02040816326530612,0.061224489795918366,0.08163265306122448,0.014,5.830903790087463,1.0826567118155999
SPY,LH,tension_current,49,0.16326530612244897,0.16326530612244897,0.1836734693877551,0.032,5.7397959183673475,0.9798939490584678
SPY,LH,vwap_spread_tide_wave,49,0.1836734693877551,0.1836734693877551,0.1836734693877551,0.032,5.7397959183673475,1.1266088091183368
SPY,LH,tension_wave,49,0.08163265306122448,0.061224489795918366,0.10204081632653061,0.018,5.6689342403628125,0.6215106301634558
SPY,LH,vwap_spread_current_wave,49,0.20408163265306123,0.20408163265306123,0.20408163265306123,0.036,5.6689342403628125,1.2680555154194322
SPY,LH,compression_ratio,49,0.20408163265306123,0.22448979591836735,0.22448979591836735,0.042,5.344995140913508,0.9899836804346298
SPY,LH,vwap_spread_tide_current,49,0.16326530612244897,0.14285714285714285,0.16326530612244897,0.032,5.1020408163265305,0.8309780937758737
SPY,LH,rsi_value,49,0.0,0.12244897959183673,0.12244897959183673,0.024,5.1020408163265305,-0.049205244477326555
SPY,LH,kf_rsi_pred_val,49,0.0,0.10204081632653061,0.10204081632653061,0.02,5.1020408163265305,0.002472634575776618
SPY,LH,kf_rsi_filt_vel,49,0.12244897959183673,0.04081632653061224,0.14285714285714285,0.03,4.761904761904762,1.1702799007497706
SPY,LH,current_slope,49,0.16326530612244897,0.1836734693877551,0.1836734693877551,0.042,4.373177842565598,-1.141210976450928
SPY,LH,tide_accel,49,0.08163265306122448,0.1836734693877551,0.1836734693877551,0.042,4.373177842565598,-0.5929430715714975
SPY,LH,kf_rvol_filt_vel,49,0.08163265306122448,0.10204081632653061,0.14285714285714285,0.034,4.201680672268907,-0.2868968314080038
SPY,LH,kf_tension_filt_vel,49,0.14285714285714285,0.10204081632653061,0.20408163265306123,0.054,3.779289493575208,1.0792806320636523
SPY,LH,tension_tide,49,0.14285714285714285,0.16326530612244897,0.1836734693877551,0.052,3.5321821036106753,0.42163883166149335
SPY,LH,kf_rvol_pred_val,49,0.04081632653061224,0.061224489795918366,0.08163265306122448,0.024,3.401360544217687,-0.1562183478854995
SPY,LH,kf_tension_pred_val,49,0.16326530612244897,0.16326530612244897,0.1836734693877551,0.056,3.2798833819241984,0.43929986903036
SPY,LH,current_accel,49,0.10204081632653061,0.16326530612244897,0.16326530612244897,0.054,3.023431594860166,-0.20130030159924486
SPY,LH,vwap_sigma_wave,49,0.0,0.061224489795918366,0.061224489795918366,0.026,2.3547880690737832,0.38570955122432576
WMT,LL,vwap_sigma_current,32,0.4375,0.375,0.5,0.01,50.0,-1.9967481347549156
WMT,LL,kf_price_filt_vel,32,0.09375,0.28125,0.3125,0.01,31.25,-0.834333283569445
WMT,LL,vwap_sigma_wave,32,0.28125,0.25,0.40625,0.014,29.017857142857142,-1.8089783093515792
WMT,LL,kf_price_pred_val,32,0.25,0.3125,0.375,0.014,26.785714285714285,-1.62125640536442
WMT,LL,sigma_tide,32,0.34375,0.3125,0.34375,0.016,21.484375,-1.8401631341121347
WMT,LL,sigma_current,32,0.21875,0.1875,0.25,0.018,13.88888888888889,-1.4439376159275796
WMT,LL,kf_rsi_pred_val,32,0.3125,0.28125,0.375,0.028,13.392857142857142,-1.8490778191032455
WMT,LL,rsi_value,32,0.3125,0.3125,0.375,0.03,12.5,-1.893339802384044
WMT,LL,kf_price_innovation,32,0.25,0.34375,0.375,0.03,12.5,-0.3988214697833784
WMT,LL,tension_tide,32,0.25,0.21875,0.28125,0.024,11.71875,-0.6355694538997779
WMT,LL,vwap_sigma_tide,32,0.28125,0.25,0.28125,0.026,10.817307692307693,-1.5277493800685453
WMT,LL,wave_accel,32,0.3125,0.21875,0.3125,0.03,10.416666666666668,-1.466442106836096
WMT,LL,kf_tension_pred_val,32,0.25,0.1875,0.25,0.024,10.416666666666666,-0.6584673616136881
WMT,LL,kf_conj_pred_val,32,0.25,0.21875,0.25,0.024,10.416666666666666,-1.3716836105547219
WMT,LL,sigma_wave,32,0.1875,0.15625,0.21875,0.022,9.943181818181818,-1.1547113890801497
WMT,LL,compression_ratio,32,0.1875,0.1875,0.21875,0.022,9.943181818181818,0.6977115371695787
WMT,LL,conj_wave_tide,32,0.25,0.15625,0.25,0.026,9.615384615384615,-1.3279485260001995
WMT,LL,current_accel,32,0.28125,0.25,0.3125,0.034,9.191176470588236,-1.4264199181528587
WMT,LL,kf_rvol_pred_val,32,0.09375,0.15625,0.1875,0.022,8.522727272727273,0.5140356890263829
WMT,LL,kf_conj_filt_vel,32,0.21875,0.21875,0.21875,0.026,8.413461538461538,-1.13712001295424
WMT,LL,tide_accel,32,0.3125,0.1875,0.34375,0.052,6.610576923076923,-1.3227136219208409
WMT,LL,conj_wave_current,32,0.1875,0.1875,0.1875,0.03,6.25,-1.0046470283217217
WMT,LL,kf_rsi_filt_vel,32,0.125,0.15625,0.1875,0.034,5.514705882352941,-1.0001886789181558
WMT,LL,kf_rvol_filt_vel,32,0.03125,0.09375,0.125,0.028,4.464285714285714,0.08435768558894222
WMT,LL,kf_tension_filt_vel,32,0.15625,0.15625,0.1875,0.046,4.076086956521739,-0.6526229191126423
WMT,LL,wave_slope,32,0.21875,0.21875,0.21875,0.054,4.050925925925926,-1.3632930227341014
WMT,LL,conj_current_tide,32,0.125,0.0625,0.125,0.032,3.90625,-0.8979724586955498
WMT,LL,fear_level,32,0.09375,0.09375,0.09375,0.032,2.9296875,0.9401408754205577
WMT,LL,tide_slope,32,0.09375,0.09375,0.09375,0.048,1.953125,-0.044165711580748085
WMT,LL,vwap_spread_tide_current,32,0.0625,0.0625,0.0625,0.064,0.9765625,0.24080506368537735
WMT,LL,vwap_spread_tide_wave,32,0.0625,0.0625,0.0625,0.068,0.9191176470588235,0.3687769271772927
WMT,LL,current_slope,32,0.03125,0.03125,0.03125,0.036,0.8680555555555556,-0.906807556046928
WMT,LL,vwap_spread_current_wave,32,0.03125,0.03125,0.03125,0.044,0.7102272727272728,0.684540747964004
WMT,LL,tension_current,32,0.0,0.0,0.0,0.05,0.0,0.5187746121737641
WMT,LL,tension_wave,32,0.0,0.0,0.0,0.022,0.0,0.6871630647666284
WMT,HL,kf_price_pred_val,52,0.2692307692307692,0.21153846153846154,0.3269230769230769,0.014,23.35164835164835,-1.5430869091987514
WMT,HL,kf_price_filt_vel,52,0.11538461538461539,0.15384615384615385,0.23076923076923078,0.01,23.076923076923077,-1.0392769517900704
WMT,HL,vwap_sigma_current,52,0.17307692307692307,0.1346153846153846,0.17307692307692307,0.01,17.307692307692307,-1.0526095590539999
WMT,HL,vwap_sigma_wave,52,0.17307692307692307,0.1346153846153846,0.21153846153846154,0.014,15.10989010989011,-1.272628239241444
WMT,HL,sigma_current,52,0.15384615384615385,0.1346153846153846,0.17307692307692307,0.018,9.615384615384617,-1.3305318931332872
WMT,HL,kf_rvol_pred_val,52,0.11538461538461539,0.1346153846153846,0.21153846153846154,0.022,9.615384615384615,0.7552105299540333
WMT,HL,sigma_wave,52,0.09615384615384616,0.19230769230769232,0.19230769230769232,0.022,8.741258741258742,-1.3761878809530783
WMT,HL,kf_rvol_filt_vel,52,0.09615384615384616,0.1346153846153846,0.21153846153846154,0.028,7.554945054945055,0.5258583364897453
WMT,HL,sigma_tide,52,0.11538461538461539,0.07692307692307693,0.11538461538461539,0.016,7.211538461538462,-0.7147141705221098
WMT,HL,tension_tide,52,0.15384615384615385,0.1346153846153846,0.17307692307692307,0.024,7.211538461538461,-0.19965460799168294
WMT,HL,kf_price_innovation,52,0.09615384615384616,0.17307692307692307,0.21153846153846154,0.03,7.051282051282051,-0.4867002680894573
WMT,HL,kf_tension_pred_val,52,0.1346153846153846,0.15384615384615385,0.15384615384615385,0.024,6.410256410256411,-0.24698237036109544
WMT,HL,kf_rsi_filt_vel,52,0.1346153846153846,0.1346153846153846,0.21153846153846154,0.034,6.221719457013574,-1.3204661613090007
WMT,HL,kf_rsi_pred_val,52,0.15384615384615385,0.11538461538461539,0.15384615384615385,0.028,5.4945054945054945,-1.289117959809108
WMT,HL,wave_accel,52,0.09615384615384616,0.09615384615384616,0.15384615384615385,0.03,5.128205128205129,-0.9747337208931548
WMT,HL,kf_tension_filt_vel,52,0.15384615384615385,0.19230769230769232,0.19230769230769232,0.046,4.1806020066889635,-1.159964247862902
WMT,HL,rsi_value,52,0.11538461538461539,0.057692307692307696,0.11538461538461539,0.03,3.8461538461538467,-1.292171965337873
WMT,HL,vwap_sigma_tide,52,0.09615384615384616,0.038461538461538464,0.09615384615384616,0.026,3.6982248520710064,-0.637952729511054
WMT,HL,compression_ratio,52,0.057692307692307696,0.07692307692307693,0.07692307692307693,0.022,3.496503496503497,0.33581056607019844
WMT,HL,current_accel,52,0.09615384615384616,0.057692307692307696,0.11538461538461539,0.034,3.3936651583710407,-0.8751151471416825
WMT,HL,current_slope,52,0.09615384615384616,0.07692307692307693,0.09615384615384616,0.036,2.670940170940171,-0.0020179838859442547
WMT,HL,tension_wave,52,0.0,0.057692307692307696,0.057692307692307696,0.022,2.6223776223776225,-0.10021131490945111
WMT,HL,vwap_spread_current_wave,52,0.11538461538461539,0.11538461538461539,0.11538461538461539,0.044,2.6223776223776225,-0.027606042823991837
WMT,HL,conj_wave_current,52,0.07692307692307693,0.07692307692307693,0.07692307692307693,0.03,2.5641025641025643,-0.15159443440497047
WMT,HL,conj_current_tide,52,0.07692307692307693,0.07692307692307693,0.07692307692307693,0.032,2.4038461538461537,0.004024376636402205
WMT,HL,fear_level,52,0.07692307692307693,0.07692307692307693,0.07692307692307693,0.032,2.4038461538461537,0.2820694669010132
WMT,HL,kf_conj_filt_vel,52,0.057692307692307696,0.038461538461538464,0.057692307692307696,0.026,2.2189349112426036,-0.5914937675094756
WMT,HL,tide_slope,52,0.07692307692307693,0.07692307692307693,0.07692307692307693,0.048,1.6025641025641026,-0.012589214840228825
WMT,HL,kf_conj_pred_val,52,0.019230769230769232,0.038461538461538464,0.038461538461538464,0.024,1.6025641025641026,-0.12079475095169595
WMT,HL,tension_current,52,0.019230769230769232,0.07692307692307693,0.07692307692307693,0.05,1.5384615384615385,-0.34000989312884083
WMT,HL,tide_accel,52,0.057692307692307696,0.07692307692307693,0.07692307692307693,0.052,1.4792899408284026,-0.446556612930759
WMT,HL,conj_wave_tide,52,0.019230769230769232,0.038461538461538464,0.038461538461538464,0.026,1.4792899408284026,-0.0977784196208733
WMT,HL,vwap_spread_tide_current,52,0.07692307692307693,0.07692307692307693,0.07692307692307693,0.064,1.2019230769230769,-0.025725719190489858
WMT,HL,wave_slope,52,0.038461538461538464,0.057692307692307696,0.057692307692307696,0.054,1.0683760683760684,-0.10373963621909774
WMT,HL,vwap_spread_tide_wave,52,0.057692307692307696,0.057692307692307696,0.057692307692307696,0.068,0.8484162895927602,-0.029484556745534587
WMT,HH,kf_price_filt_vel,52,0.11538461538461539,0.23076923076923078,0.2692307692307692,0.01,26.92307692307692,0.7632103024114627
WMT,HH,kf_price_pred_val,52,0.19230769230769232,0.2692307692307692,0.3269230769230769,0.014,23.35164835164835,1.2998720531410723
WMT,HH,vwap_sigma_current,52,0.11538461538461539,0.11538461538461539,0.15384615384615385,0.01,15.384615384615385,1.2421423208660944
WMT,HH,sigma_tide,52,0.1346153846153846,0.15384615384615385,0.17307692307692307,0.016,10.817307692307692,0.9678314807333727
WMT,HH,sigma_current,52,0.1346153846153846,0.09615384615384616,0.19230769230769232,0.018,10.683760683760685,1.2344802572349427
WMT,HH,vwap_sigma_wave,52,0.057692307692307696,0.07692307692307693,0.11538461538461539,0.014,8.241758241758243,1.336911557931813
WMT,HH,wave_accel,52,0.17307692307692307,0.15384615384615385,0.21153846153846154,0.03,7.051282051282051,0.9897600547758405
WMT,HH,kf_rvol_pred_val,52,0.09615384615384616,0.09615384615384616,0.15384615384615385,0.022,6.993006993006994,0.4592483949413667
WMT,HH,kf_price_innovation,52,0.11538461538461539,0.17307692307692307,0.19230769230769232,0.03,6.410256410256411,0.03304062497628346
WMT,HH,kf_rsi_pred_val,52,0.17307692307692307,0.11538461538461539,0.17307692307692307,0.028,6.181318681318681,1.300573071956798
WMT,HH,sigma_wave,52,0.11538461538461539,0.07692307692307693,0.1346153846153846,0.022,6.118881118881119,1.2045274169574378
WMT,HH,kf_conj_filt_vel,52,0.15384615384615385,0.11538461538461539,0.15384615384615385,0.026,5.91715976331361,0.6721303071375634
WMT,HH,kf_conj_pred_val,52,0.11538461538461539,0.09615384615384616,0.11538461538461539,0.024,4.8076923076923075,0.5517130453534554
WMT,HH,current_accel,52,0.11538461538461539,0.11538461538461539,0.15384615384615385,0.034,4.524886877828054,1.022014105669957
WMT,HH,vwap_sigma_tide,52,0.07692307692307693,0.09615384615384616,0.11538461538461539,0.026,4.437869822485207,0.7930847908965869
WMT,HH,conj_wave_tide,52,0.11538461538461539,0.09615384615384616,0.11538461538461539,0.026,4.437869822485207,0.5281477213149184
WMT,HH,kf_rvol_filt_vel,52,0.09615384615384616,0.057692307692307696,0.11538461538461539,0.028,4.120879120879121,0.3871706824450568
WMT,HH,kf_tension_pred_val,52,0.09615384615384616,0.07692307692307693,0.09615384615384616,0.024,4.006410256410256,0.37597382756617514
WMT,HH,kf_rsi_filt_vel,52,0.09615384615384616,0.07692307692307693,0.1346153846153846,0.034,3.959276018099547,1.0699242258698345
WMT,HH,conj_wave_current,52,0.09615384615384616,0.07692307692307693,0.11538461538461539,0.03,3.8461538461538467,0.4885810324802233
WMT,HH,rsi_value,52,0.11538461538461539,0.09615384615384616,0.11538461538461539,0.03,3.8461538461538467,1.3226448316900017
WMT,HH,vwap_spread_current_wave,52,0.1346153846153846,0.1346153846153846,0.15384615384615385,0.044,3.496503496503497,-0.22453773048733006
WMT,HH,compression_ratio,52,0.057692307692307696,0.07692307692307693,0.07692307692307693,0.022,3.496503496503497,0.02050957350567243
WMT,HH,tension_tide,52,0.07692307692307693,0.07692307692307693,0.07692307692307693,0.024,3.2051282051282053,0.34532309870276756
WMT,HH,conj_current_tide,52,0.07692307692307693,0.09615384615384616,0.09615384615384616,0.032,3.0048076923076925,0.2766977923119656
WMT,HH,kf_tension_filt_vel,52,0.11538461538461539,0.09615384615384616,0.1346153846153846,0.046,2.9264214046822743,0.969180619827564
WMT,HH,tide_accel,52,0.07692307692307693,0.11538461538461539,0.11538461538461539,0.052,2.2189349112426036,0.596642165449122
WMT,HH,current_slope,52,0.057692307692307696,0.07692307692307693,0.07692307692307693,0.036,2.136752136752137,0.33565090516737645
WMT,HH,wave_slope,52,0.11538461538461539,0.038461538461538464,0.11538461538461539,0.054,2.1367521367521367,0.5833137405155848
WMT,HH,tension_wave,52,0.019230769230769232,0.038461538461538464,0.038461538461538464,0.022,1.7482517482517486,-0.14436834019162956
WMT,HH,tide_slope,52,0.057692307692307696,0.057692307692307696,0.057692307692307696,0.048,1.2019230769230769,0.13183504357501058
WMT,HH,vwap_spread_tide_current,52,0.07692307692307693,0.07692307692307693,0.07692307692307693,0.064,1.2019230769230769,-0.15344097106467117
WMT,HH,vwap_spread_tide_wave,52,0.057692307692307696,0.057692307692307696,0.057692307692307696,0.068,0.8484162895927602,-0.18987960110806706
WMT,HH,tension_current,52,0.019230769230769232,0.019230769230769232,0.038461538461538464,0.05,0.7692307692307693,0.039581471507543
WMT,HH,fear_level,52,0.019230769230769232,0.019230769230769232,0.019230769230769232,0.032,0.6009615384615384,-0.4410859270765084
WMT,LH,kf_price_pred_val,32,0.21875,0.1875,0.3125,0.014,22.32142857142857,1.410105202805804
WMT,LH,kf_price_filt_vel,32,0.15625,0.125,0.1875,0.01,18.75,1.1489357145695867
WMT,LH,vwap_sigma_current,32,0.0,0.09375,0.09375,0.01,9.375,0.3846148082528149
WMT,LH,kf_rvol_filt_vel,32,0.125,0.09375,0.21875,0.028,7.8125,0.7630076888691537
WMT,LH,kf_rsi_filt_vel,32,0.125,0.125,0.25,0.034,7.352941176470588,1.1490499120106126
WMT,LH,compression_ratio,32,0.15625,0.15625,0.15625,0.022,7.1022727272727275,0.47681821287572773
WMT,LH,kf_rvol_pred_val,32,0.125,0.03125,0.15625,0.022,7.1022727272727275,0.810802407780579
WMT,LH,kf_tension_pred_val,32,0.09375,0.125,0.15625,0.024,6.510416666666667,0.09617422015282617
WMT,LH,kf_price_innovation,32,0.09375,0.15625,0.1875,0.03,6.25,0.7262738766770296
WMT,LH,sigma_tide,32,0.0625,0.09375,0.09375,0.016,5.859375,0.06137294896401482
WMT,LH,sigma_wave,32,0.0625,0.0625,0.125,0.022,5.6818181818181825,0.9869480571875582
WMT,LH,tension_wave,32,0.09375,0.0625,0.125,0.022,5.6818181818181825,0.40281503857654133
WMT,LH,current_accel,32,0.125,0.15625,0.1875,0.034,5.514705882352941,0.6165122033095755
WMT,LH,kf_tension_filt_vel,32,0.1875,0.15625,0.25,0.046,5.434782608695652,0.9106609830778191
WMT,LH,sigma_current,32,0.03125,0.0625,0.09375,0.018,5.208333333333334,0.8647821785130532
WMT,LH,wave_accel,32,0.125,0.125,0.15625,0.03,5.208333333333334,0.33701333153199065
WMT,LH,tension_tide,32,0.0625,0.125,0.125,0.024,5.208333333333333,0.08779737272700003
WMT,LH,vwap_sigma_wave,32,0.0,0.0625,0.0625,0.014,4.464285714285714,0.5946421334178141
WMT,LH,conj_wave_current,32,0.125,0.125,0.125,0.03,4.166666666666667,-0.07572184408921968
WMT,LH,kf_conj_pred_val,32,0.09375,0.09375,0.09375,0.024,3.90625,-0.28251923704955806
WMT,LH,conj_wave_tide,32,0.09375,0.09375,0.09375,0.026,3.605769230769231,-0.27919724746661634
WMT,LH,kf_conj_filt_vel,32,0.09375,0.09375,0.09375,0.026,3.605769230769231,0.07355522912271979
WMT,LH,rsi_value,32,0.03125,0.0625,0.09375,0.03,3.125,0.6281402485715779
WMT,LH,tide_slope,32,0.125,0.125,0.125,0.048,2.6041666666666665,-0.029228392410977466
WMT,LH,vwap_sigma_tide,32,0.0,0.0625,0.0625,0.026,2.4038461538461537,-0.01195018023754707
WMT,LH,vwap_spread_tide_current,32,0.125,0.125,0.125,0.064,1.953125,0.1466615515984267
WMT,LH,fear_level,32,0.03125,0.0625,0.0625,0.032,1.953125,0.09404906446685754
WMT,LH,vwap_spread_tide_wave,32,0.125,0.125,0.125,0.068,1.838235294117647,0.20594707847527874
WMT,LH,tide_accel,32,0.0,0.09375,0.09375,0.052,1.8028846153846154,-0.09302451980013327
WMT,LH,wave_slope,32,0.09375,0.09375,0.09375,0.054,1.7361111111111112,-0.2938033633824905
WMT,LH,tension_current,32,0.0625,0.03125,0.0625,0.05,1.25,0.5322104504628107
WMT,LH,kf_rsi_pred_val,32,0.0,0.03125,0.03125,0.028,1.1160714285714286,0.6412386772947863
WMT,LH,conj_current_tide,32,0.03125,0.03125,0.03125,0.032,0.9765625,-0.3112449792598337
WMT,LH,current_slope,32,0.0,0.03125,0.03125,0.036,0.8680555555555556,-0.3209289931832749
WMT,LH,vwap_spread_current_wave,32,0.03125,0.0,0.03125,0.044,0.7102272727272728,0.3234118205416064
XOM,LL,kf_price_pred_val,55,0.36363636363636365,0.2727272727272727,0.4909090909090909,0.018,27.272727272727273,-1.8430315862810185
XOM,LL,kf_price_filt_vel,55,0.18181818181818182,0.2545454545454545,0.36363636363636365,0.014,25.974025974025974,-1.2277224918066276
XOM,LL,vwap_sigma_tide,55,0.23636363636363636,0.18181818181818182,0.23636363636363636,0.01,23.636363636363637,-1.2937413778404745
XOM,LL,kf_price_innovation,55,0.16363636363636364,0.2,0.2909090909090909,0.014,20.77922077922078,-0.7911492598310385
XOM,LL,vwap_sigma_wave,55,0.09090909090909091,0.14545454545454545,0.21818181818181817,0.014,15.584415584415583,-1.5187702614056158
XOM,LL,sigma_tide,55,0.2727272727272727,0.21818181818181817,0.2727272727272727,0.02,13.636363636363635,-1.5521077299561967
XOM,LL,conj_wave_tide,55,0.2,0.12727272727272726,0.2,0.016,12.5,-1.3392551521562035
XOM,LL,vwap_sigma_current,55,0.21818181818181817,0.16363636363636364,0.23636363636363636,0.02,11.818181818181818,-1.5482585419198716
XOM,LL,wave_accel,55,0.3090909090909091,0.2,0.34545454545454546,0.03,11.515151515151516,-1.319813665430518
XOM,LL,compression_ratio,55,0.16363636363636364,0.18181818181818182,0.18181818181818182,0.018,10.101010101010102,0.6375737534292166
XOM,LL,conj_wave_current,55,0.18181818181818182,0.12727272727272726,0.2,0.02,10.0,-0.9967568166715117
XOM,LL,kf_conj_pred_val,55,0.2,0.18181818181818182,0.2,0.022,9.090909090909092,-1.3371577838086552
XOM,LL,kf_tension_filt_vel,55,0.16363636363636364,0.18181818181818182,0.21818181818181817,0.026,8.391608391608392,-1.0563575881387386
XOM,LL,kf_rvol_pred_val,55,0.14545454545454545,0.23636363636363636,0.2909090909090909,0.036,8.080808080808081,0.7865497273328654
XOM,LL,sigma_wave,55,0.05454545454545454,0.10909090909090909,0.12727272727272726,0.016,7.954545454545453,-0.988935488653668
XOM,LL,current_accel,55,0.21818181818181817,0.12727272727272726,0.21818181818181817,0.028,7.792207792207791,-1.2060949347716396
XOM,LL,sigma_current,55,0.2545454545454545,0.16363636363636364,0.2727272727272727,0.036,7.575757575757576,-1.2808818276842815
XOM,LL,current_slope,55,0.07272727272727272,0.09090909090909091,0.09090909090909091,0.012,7.575757575757576,-0.822623854900055
XOM,LL,wave_slope,55,0.18181818181818182,0.12727272727272726,0.18181818181818182,0.024,7.575757575757576,-1.4069718531493256
XOM,LL,kf_rsi_pred_val,55,0.2545454545454545,0.2,0.2727272727272727,0.038,7.177033492822966,-1.5755409573888917
XOM,LL,kf_rvol_filt_vel,55,0.14545454545454545,0.14545454545454545,0.2727272727272727,0.038,7.177033492822966,0.3888085953262038
XOM,LL,rsi_value,55,0.2545454545454545,0.23636363636363636,0.2727272727272727,0.042,6.493506493506493,-1.6490345203888521
XOM,LL,vwap_spread_current_wave,55,0.09090909090909091,0.09090909090909091,0.09090909090909091,0.016,5.681818181818182,0.8915855821415198
XOM,LL,kf_conj_filt_vel,55,0.18181818181818182,0.14545454545454545,0.18181818181818182,0.036,5.050505050505051,-0.9765057251514815
XOM,LL,tide_slope,55,0.12727272727272726,0.12727272727272726,0.12727272727272726,0.026,4.895104895104895,-0.2049966938945616
XOM,LL,vwap_spread_tide_wave,55,0.10909090909090909,0.12727272727272726,0.12727272727272726,0.032,3.9772727272727266,0.6129897004340159
XOM,LL,vwap_spread_tide_current,55,0.14545454545454545,0.14545454545454545,0.14545454545454545,0.038,3.827751196172249,0.3184924106886646
XOM,LL,conj_current_tide,55,0.03636363636363636,0.05454545454545454,0.05454545454545454,0.016,3.4090909090909087,-0.7531284313965253
XOM,LL,kf_tension_pred_val,55,0.12727272727272726,0.10909090909090909,0.14545454545454545,0.044,3.3057851239669422,-0.31072671306462446
XOM,LL,tension_tide,55,0.10909090909090909,0.09090909090909091,0.10909090909090909,0.04,2.727272727272727,-0.2841476031249597
XOM,LL,kf_rsi_filt_vel,55,0.03636363636363636,0.07272727272727272,0.09090909090909091,0.034,2.6737967914438503,-0.9397857713150436
XOM,LL,tide_accel,55,0.10909090909090909,0.07272727272727272,0.10909090909090909,0.044,2.479338842975207,-1.0395184787069245
XOM,LL,tension_wave,55,0.0,0.03636363636363636,0.03636363636363636,0.022,1.6528925619834711,0.7420907158056165
XOM,LL,tension_current,55,0.0,0.01818181818181818,0.01818181818181818,0.032,0.5681818181818181,0.2805785158461116
XOM,LL,fear_level,55,0.0,0.0,0.0,0.0,0.0,0.9849133101052597
XOM,HL,kf_price_filt_vel,65,0.2153846153846154,0.2153846153846154,0.2923076923076923,0.014,20.87912087912088,-1.1264506136539703
XOM,HL,kf_price_innovation,65,0.12307692307692308,0.18461538461538463,0.26153846153846155,0.014,18.681318681318682,-0.5264187955183436
XOM,HL,kf_price_pred_val,65,0.24615384615384617,0.2,0.3076923076923077,0.018,17.094017094017097,-1.4941073915819412
XOM,HL,current_slope,65,0.15384615384615385,0.15384615384615385,0.15384615384615385,0.012,12.820512820512821,-0.04202882691572631
XOM,HL,conj_wave_current,65,0.15384615384615385,0.15384615384615385,0.2,0.02,10.0,-0.3146417805279117
XOM,HL,conj_current_tide,65,0.15384615384615385,0.15384615384615385,0.15384615384615385,0.016,9.615384615384615,-0.026962153994989198
XOM,HL,vwap_spread_current_wave,65,0.13846153846153847,0.15384615384615385,0.15384615384615385,0.016,9.615384615384615,-0.04692707294926794
XOM,HL,wave_accel,65,0.2,0.2,0.27692307692307694,0.03,9.230769230769232,-1.2012283860847426
XOM,HL,kf_tension_filt_vel,65,0.16923076923076924,0.13846153846153847,0.23076923076923078,0.026,8.875739644970414,-0.9775771724370741
XOM,HL,sigma_wave,65,0.1076923076923077,0.07692307692307693,0.13846153846153847,0.016,8.653846153846153,-1.0897614740427155
XOM,HL,compression_ratio,65,0.12307692307692308,0.12307692307692308,0.12307692307692308,0.018,6.837606837606838,0.3958303966526681
XOM,HL,conj_wave_tide,65,0.09230769230769231,0.1076923076923077,0.1076923076923077,0.016,6.730769230769231,-0.3182740590502419
XOM,HL,vwap_spread_tide_wave,65,0.2153846153846154,0.2153846153846154,0.2153846153846154,0.032,6.730769230769231,-0.05144467039655907
XOM,HL,vwap_sigma_wave,65,0.046153846153846156,0.07692307692307693,0.09230769230769231,0.014,6.593406593406594,-1.210628497733507
XOM,HL,kf_conj_filt_vel,65,0.15384615384615385,0.18461538461538463,0.2,0.036,5.555555555555556,-0.7699710358509145
XOM,HL,kf_rvol_pred_val,65,0.07692307692307693,0.16923076923076924,0.2,0.036,5.555555555555556,0.6899423747887022
XOM,HL,tide_slope,65,0.13846153846153847,0.13846153846153847,0.13846153846153847,0.026,5.325443786982249,-0.03473527244841738
XOM,HL,vwap_spread_tide_current,65,0.2,0.2,0.2,0.038,5.2631578947368425,-0.023453370985324958
XOM,HL,wave_slope,65,0.06153846153846154,0.1076923076923077,0.12307692307692308,0.024,5.128205128205129,-0.3310306730404154
XOM,HL,kf_conj_pred_val,65,0.046153846153846156,0.1076923076923077,0.1076923076923077,0.022,4.895104895104896,-0.3587457206189559
XOM,HL,kf_rvol_filt_vel,65,0.07692307692307693,0.12307692307692308,0.18461538461538463,0.038,4.858299595141701,0.556289525422453
XOM,HL,vwap_sigma_current,65,0.07692307692307693,0.06153846153846154,0.09230769230769231,0.02,4.615384615384616,-0.7545006763993147
XOM,HL,kf_rsi_filt_vel,65,0.12307692307692308,0.06153846153846154,0.15384615384615385,0.034,4.524886877828054,-1.1432444871712903
XOM,HL,current_accel,65,0.07692307692307693,0.1076923076923077,0.12307692307692308,0.028,4.395604395604396,-0.5803644008588922
XOM,HL,sigma_current,65,0.13846153846153847,0.09230769230769231,0.15384615384615385,0.036,4.273504273504274,-0.9907693270791096
XOM,HL,tide_accel,65,0.13846153846153847,0.15384615384615385,0.16923076923076924,0.044,3.8461538461538467,-0.14792212188855441
XOM,HL,tension_current,65,0.07692307692307693,0.09230769230769231,0.1076923076923077,0.032,3.3653846153846154,-0.24922107231879947
XOM,HL,sigma_tide,65,0.06153846153846154,0.046153846153846156,0.06153846153846154,0.02,3.076923076923077,-0.5419140555080062
XOM,HL,vwap_sigma_tide,65,0.015384615384615385,0.015384615384615385,0.03076923076923077,0.01,3.076923076923077,-0.37526643127630055
XOM,HL,tension_wave,65,0.03076923076923077,0.06153846153846154,0.06153846153846154,0.022,2.7972027972027975,0.3064531727458617
XOM,HL,kf_rsi_pred_val,65,0.03076923076923077,0.03076923076923077,0.046153846153846156,0.038,1.2145748987854252,-0.9683348351457878
XOM,HL,rsi_value,65,0.046153846153846156,0.03076923076923077,0.046153846153846156,0.042,1.098901098901099,-0.9630379014668013
XOM,HL,kf_tension_pred_val,65,0.046153846153846156,0.015384615384615385,0.046153846153846156,0.044,1.0489510489510492,-0.1962092995999443
XOM,HL,tension_tide,65,0.03076923076923077,0.015384615384615385,0.03076923076923077,0.04,0.7692307692307693,-0.18332150370500538
XOM,HL,fear_level,65,0.0,0.0,0.0,0.0,0.0,0.36688582693345617
XOM,HH,kf_price_pred_val,61,0.19672131147540983,0.09836065573770492,0.22950819672131148,0.018,12.750455373406194,1.2865527885442918
XOM,HH,current_slope,61,0.14754098360655737,0.11475409836065574,0.14754098360655737,0.012,12.295081967213115,0.4170382061772517
XOM,HH,vwap_sigma_tide,61,0.09836065573770492,0.09836065573770492,0.11475409836065574,0.01,11.475409836065573,0.8936908106867375
XOM,HH,conj_wave_tide,61,0.18032786885245902,0.16393442622950818,0.18032786885245902,0.016,11.270491803278688,0.9174760210338441
XOM,HH,kf_price_filt_vel,61,0.08196721311475409,0.11475409836065574,0.14754098360655737,0.014,10.53864168618267,0.7812130243502079
XOM,HH,vwap_spread_current_wave,61,0.16393442622950818,0.14754098360655737,0.16393442622950818,0.016,10.245901639344261,-0.6539344506458632
XOM,HH,conj_current_tide,61,0.14754098360655737,0.13114754098360656,0.14754098360655737,0.016,9.221311475409836,0.362080869660826
XOM,HH,kf_conj_pred_val,61,0.19672131147540983,0.18032786885245902,0.19672131147540983,0.022,8.941877794336811,0.9101846487721439
XOM,HH,current_accel,61,0.19672131147540983,0.19672131147540983,0.22950819672131148,0.028,8.19672131147541,1.1257761509861561
XOM,HH,kf_tension_filt_vel,61,0.16393442622950818,0.11475409836065574,0.19672131147540983,0.026,7.566204287515763,0.7983605691044122
XOM,HH,sigma_tide,61,0.14754098360655737,0.13114754098360656,0.14754098360655737,0.02,7.377049180327869,1.0469075392672316
XOM,HH,kf_price_innovation,61,0.03278688524590164,0.08196721311475409,0.09836065573770492,0.014,7.02576112412178,0.39025911305339134
XOM,HH,tide_slope,61,0.18032786885245902,0.18032786885245902,0.18032786885245902,0.026,6.935687263556116,0.14548192278235753
XOM,HH,wave_slope,61,0.16393442622950818,0.14754098360655737,0.16393442622950818,0.024,6.830601092896174,0.9650700680484812
XOM,HH,vwap_spread_tide_wave,61,0.19672131147540983,0.19672131147540983,0.21311475409836064,0.032,6.65983606557377,-0.43872409567080023
XOM,HH,conj_wave_current,61,0.08196721311475409,0.11475409836065574,0.11475409836065574,0.02,5.737704918032787,0.7615470671035961
XOM,HH,vwap_spread_tide_current,61,0.21311475409836064,0.21311475409836064,0.21311475409836064,0.038,5.608283002588438,-0.19005008207050628
XOM,HH,wave_accel,61,0.09836065573770492,0.14754098360655737,0.16393442622950818,0.03,5.46448087431694,0.7506048036559667
XOM,HH,compression_ratio,61,0.08196721311475409,0.08196721311475409,0.08196721311475409,0.018,4.553734061930784,-0.00821026063798501
XOM,HH,kf_conj_filt_vel,61,0.08196721311475409,0.14754098360655737,0.16393442622950818,0.036,4.553734061930784,0.5765455459282894
XOM,HH,kf_rsi_pred_val,61,0.16393442622950818,0.08196721311475409,0.16393442622950818,0.038,4.3140638481449525,1.3200990987953354
XOM,HH,kf_rvol_filt_vel,61,0.08196721311475409,0.08196721311475409,0.16393442622950818,0.038,4.3140638481449525,0.514317939510812
XOM,HH,sigma_wave,61,0.01639344262295082,0.06557377049180328,0.06557377049180328,0.016,4.0983606557377055,1.023863800971398
XOM,HH,tide_accel,61,0.16393442622950818,0.18032786885245902,0.18032786885245902,0.044,4.0983606557377055,0.8024532378542522
XOM,HH,kf_rvol_pred_val,61,0.08196721311475409,0.06557377049180328,0.14754098360655737,0.036,4.0983606557377055,0.4368938427266172
XOM,HH,vwap_sigma_current,61,0.04918032786885246,0.06557377049180328,0.08196721311475409,0.02,4.098360655737705,1.2156076151308104
XOM,HH,rsi_value,61,0.16393442622950818,0.11475409836065574,0.16393442622950818,0.042,3.9032006245120994,1.356535543936669
XOM,HH,kf_rsi_filt_vel,61,0.01639344262295082,0.04918032786885246,0.06557377049180328,0.034,1.9286403085824493,0.9202972941809278
XOM,HH,sigma_current,61,0.04918032786885246,0.03278688524590164,0.06557377049180328,0.036,1.8214936247723135,1.1699129556414192
XOM,HH,tension_wave,61,0.0,0.03278688524590164,0.03278688524590164,0.022,1.490312965722802,-0.4749444037497538
XOM,HH,vwap_sigma_wave,61,0.0,0.01639344262295082,0.01639344262295082,0.014,1.17096018735363,1.3067735019979843
XOM,HH,tension_current,61,0.01639344262295082,0.01639344262295082,0.01639344262295082,0.032,0.5122950819672132,-0.047374409540285545
XOM,HH,kf_tension_pred_val,61,0.0,0.01639344262295082,0.01639344262295082,0.044,0.3725782414307005,0.18225032705860697
XOM,HH,tension_tide,61,0.0,0.0,0.0,0.04,0.0,0.16849320746856833
XOM,HH,fear_level,61,0.0,0.0,0.0,0.0,0.0,-0.7555505037450769
XOM,LH,kf_price_filt_vel,58,0.22413793103448276,0.20689655172413793,0.29310344827586204,0.014,20.935960591133004,1.343843645993937
XOM,LH,kf_price_pred_val,58,0.22413793103448276,0.20689655172413793,0.3103448275862069,0.018,17.24137931034483,1.3907322282784107
XOM,LH,kf_price_innovation,58,0.1206896551724138,0.1724137931034483,0.2413793103448276,0.014,17.24137931034483,0.9203721070769897
XOM,LH,compression_ratio,58,0.15517241379310345,0.15517241379310345,0.15517241379310345,0.018,8.620689655172415,0.5242679096865618
XOM,LH,current_slope,58,0.10344827586206896,0.10344827586206896,0.10344827586206896,0.012,8.620689655172413,-0.5907811954246553
XOM,LH,conj_wave_tide,58,0.10344827586206896,0.13793103448275862,0.13793103448275862,0.016,8.620689655172413,-0.06609989076901018
XOM,LH,kf_conj_pred_val,58,0.10344827586206896,0.13793103448275862,0.1724137931034483,0.022,7.836990595611287,-0.05671136045767675
XOM,LH,sigma_wave,58,0.05172413793103448,0.08620689655172414,0.1206896551724138,0.016,7.543103448275862,0.948845870844024
XOM,LH,kf_tension_filt_vel,58,0.1206896551724138,0.1206896551724138,0.1896551724137931,0.026,7.294429708222812,0.6856288842396229
XOM,LH,vwap_sigma_tide,58,0.0,0.06896551724137931,0.06896551724137931,0.01,6.896551724137931,-0.27512498416627434
XOM,LH,conj_wave_current,58,0.08620689655172414,0.13793103448275862,0.13793103448275862,0.02,6.896551724137931,0.16260183773429215
XOM,LH,wave_slope,58,0.10344827586206896,0.13793103448275862,0.15517241379310345,0.024,6.4655172413793105,-0.1472223342673928
XOM,LH,vwap_spread_current_wave,58,0.08620689655172414,0.10344827586206896,0.10344827586206896,0.016,6.4655172413793105,0.5903212494300694
XOM,LH,wave_accel,58,0.06896551724137931,0.15517241379310345,0.1896551724137931,0.03,6.32183908045977,0.764292983901574
XOM,LH,kf_rvol_filt_vel,58,0.1206896551724138,0.10344827586206896,0.20689655172413793,0.038,5.44464609800363,0.15803558950025168
XOM,LH,kf_conj_filt_vel,58,0.1206896551724138,0.1724137931034483,0.1896551724137931,0.036,5.268199233716476,0.2906221301296559
XOM,LH,sigma_tide,58,0.05172413793103448,0.10344827586206896,0.10344827586206896,0.02,5.172413793103448,0.004672998618306477
XOM,LH,kf_rsi_filt_vel,58,0.1206896551724138,0.08620689655172414,0.1724137931034483,0.034,5.070993914807302,1.0132255714861038
XOM,LH,current_accel,58,0.08620689655172414,0.10344827586206896,0.13793103448275862,0.028,4.926108374384237,0.2212733442885593
XOM,LH,kf_rvol_pred_val,58,0.08620689655172414,0.08620689655172414,0.15517241379310345,0.036,4.310344827586207,0.1443643921973751
XOM,LH,vwap_spread_tide_wave,58,0.13793103448275862,0.1206896551724138,0.13793103448275862,0.032,4.310344827586206,0.54312727002938
XOM,LH,tide_slope,58,0.10344827586206896,0.10344827586206896,0.10344827586206896,0.026,3.9787798408488064,-0.33609904930378864
XOM,LH,vwap_spread_tide_current,58,0.13793103448275862,0.13793103448275862,0.13793103448275862,0.038,3.629764065335753,0.3849168202827287
XOM,LH,tension_current,58,0.06896551724137931,0.08620689655172414,0.10344827586206896,0.032,3.2327586206896552,0.5585091111895604
XOM,LH,sigma_current,58,0.034482758620689655,0.06896551724137931,0.10344827586206896,0.036,2.873563218390805,0.6686546708965745
XOM,LH,vwap_sigma_wave,58,0.0,0.034482758620689655,0.034482758620689655,0.014,2.4630541871921183,0.8218110678009058
XOM,LH,conj_current_tide,58,0.034482758620689655,0.034482758620689655,0.034482758620689655,0.016,2.155172413793103,-0.45121654140795736
XOM,LH,vwap_sigma_current,58,0.0,0.034482758620689655,0.034482758620689655,0.02,1.7241379310344827,0.13827838678718005
XOM,LH,tension_wave,58,0.034482758620689655,0.017241379310344827,0.034482758620689655,0.022,1.567398119122257,-0.01031704846136472
XOM,LH,kf_rsi_pred_val,58,0.017241379310344827,0.05172413793103448,0.05172413793103448,0.038,1.3611615245009074,0.3502715174725131
XOM,LH,rsi_value,58,0.017241379310344827,0.05172413793103448,0.05172413793103448,0.042,1.231527093596059,0.3720260825592089
XOM,LH,tide_accel,58,0.017241379310344827,0.05172413793103448,0.05172413793103448,0.044,1.1755485893416928,-0.16698046906040234
XOM,LH,kf_tension_pred_val,58,0.034482758620689655,0.05172413793103448,0.05172413793103448,0.044,1.1755485893416928,0.29920695316554985
XOM,LH,tension_tide,58,0.034482758620689655,0.034482758620689655,0.034482758620689655,0.04,0.8620689655172413,0.30788147807742144
XOM,LH,fear_level,58,0.0,0.0,0.0,0.0,0.0,0.06362275158396417
