[14:36:38] ══════════════════════════════════════════════════════════════════════════════════════════
[14:36:38]   PER-TICKER TURN FORENSICS — Zero Aggregation
[14:36:38] ══════════════════════════════════════════════════════════════════════════════════════════
[14:36:38]   ZigZag: 5%   Z-threshold: 2.0
[14:36:38]   Causal window: t-2..t=0 (no look-ahead)
[14:36:38]   Features: 35
[14:36:38]   Tickers: ['AAPL', 'AMZN', 'COST', 'HD', 'HON', 'IBM', 'JNJ', 'JPM', 'MCD', 'MRK', 'MSFT', 'PEP', 'PG', 'QQQ', 'SPY', 'WMT', 'XOM'] (17)
[14:36:38] 
  Processing AAPL...
[14:36:39] ══════════════════════════════════════════════════════════════════════════════════════════
[14:36:39]   TICKER: AAPL
[14:36:39] ══════════════════════════════════════════════════════════════════════════════════════════
[14:36:39]   Turns: {'LH': 164, 'LL': 159, 'HH': 180, 'HL': 185}
[14:36:39] 
  ── LL (159 turns) ──
[14:36:39]   Feature                        │  Det% │ Alert% │ Comb% │ Base% │  LIFT │   μ(z) │   Signal
[14:36:39]   ────────────────────────────── │ ───── │ ────── │ ───── │ ───── │ ───── │ ────── │ ────────
[14:36:39]   vwap_sigma_current             │   23% │    15% │   24% │    1% │  23.9 │ -1.47 │      ★★★
[14:36:39]   conj_current_tide              │   16% │    16% │   16% │    1% │  20.4 │ -0.48 │      ★★★
[14:36:39]   kf_price_filt_vel              │   13% │    12% │   22% │    1% │  18.3 │ -0.85 │      ★★★
[14:36:39]   current_accel                  │   15% │    14% │   19% │    1% │  16.2 │ -0.98 │      ★★★
[14:36:39]   vwap_sigma_wave                │   19% │    14% │   25% │    2% │  12.6 │ -1.61 │      ★★★
[14:36:39]   conj_wave_current              │   11% │    11% │   13% │    1% │  12.6 │ -0.71 │      ★★★
[14:36:39]   vwap_sigma_tide                │   16% │    11% │   16% │    1% │  11.7 │ -0.99 │      ★★★
[14:36:39]   kf_price_pred_val              │   21% │    14% │   26% │    2% │  10.7 │ -1.45 │      ★★★
[14:36:39]   wave_accel                     │   14% │    12% │   18% │    2% │   9.1 │ -1.07 │      ★★★
[14:36:39]   kf_price_innovation            │    8% │    13% │   16% │    2% │   9.1 │ -0.39 │      ★★★
[14:36:39] 
  ── HL (185 turns) ──
[14:36:39]   Feature                        │  Det% │ Alert% │ Comb% │ Base% │  LIFT │   μ(z) │   Signal
[14:36:39]   ────────────────────────────── │ ───── │ ────── │ ───── │ ───── │ ───── │ ────── │ ────────
[14:36:39]   kf_price_filt_vel              │   18% │    13% │   23% │    1% │  18.9 │ -1.10 │      ★★★
[14:36:39]   kf_rsi_filt_vel                │   19% │    15% │   24% │    2% │  13.2 │ -1.28 │      ★★★
[14:36:39]   conj_current_tide              │    7% │     8% │    8% │    1% │  10.1 │ +0.09 │      ★★★
[14:36:39]   kf_price_innovation            │    4% │    15% │   17% │    2% │   9.6 │ -0.44 │      ★★★
[14:36:39]   tension_wave                   │    4% │     6% │    8% │    1% │   9.5 │ -0.27 │      ★★★
[14:36:39]   kf_price_pred_val              │   17% │    11% │   22% │    2% │   9.2 │ -1.33 │      ★★★
[14:36:39]   vwap_spread_tide_current       │   10% │    10% │   10% │    1% │   8.1 │ -0.07 │      ★★★
[14:36:39]   vwap_spread_tide_wave          │   11% │    11% │   11% │    1% │   8.1 │ -0.10 │      ★★★
[14:36:39]   sigma_current                  │   13% │    11% │   17% │    2% │   7.6 │ -0.78 │      ★★★
[14:36:39]   conj_wave_current              │    5% │     7% │    8% │    1% │   7.6 │ +0.09 │      ★★★
[14:36:39] 
  ANTI-SIGNALS (go silent at HL turns):
[14:36:39]   rsi_value                      │    2% │ Base=6% │ LIFT=0.45 │ SILENCE = feature STOPS firing at turns
[14:36:39] 
  ── HH (180 turns) ──
[14:36:39]   Feature                        │  Det% │ Alert% │ Comb% │ Base% │  LIFT │   μ(z) │   Signal
[14:36:39]   ────────────────────────────── │ ───── │ ────── │ ───── │ ───── │ ───── │ ────── │ ────────
[14:36:39]   kf_price_filt_vel              │   17% │    12% │   23% │    1% │  19.0 │ +0.80 │      ★★★
[14:36:39]   current_accel                  │   12% │    11% │   14% │    1% │  11.6 │ +0.76 │      ★★★
[14:36:39]   kf_price_pred_val              │   22% │    15% │   26% │    2% │  10.9 │ +1.26 │      ★★★
[14:36:39]   conj_current_tide              │    8% │     8% │    8% │    1% │  10.4 │ +0.22 │      ★★★
[14:36:39]   vwap_spread_tide_current       │   11% │    11% │   11% │    1% │   8.8 │ -0.05 │      ★★★
[14:36:39]   vwap_spread_tide_wave          │   11% │    12% │   12% │    1% │   8.7 │ -0.11 │      ★★★
[14:36:39]   tide_slope                     │   13% │    14% │   14% │    2% │   8.7 │ +0.01 │      ★★★
[14:36:39]   kf_price_innovation            │    7% │    10% │   16% │    2% │   8.6 │ +0.34 │      ★★★
[14:36:39]   wave_accel                     │   14% │    11% │   17% │    2% │   8.6 │ +0.98 │      ★★★
[14:36:39]   kf_rvol_pred_val               │   14% │     8% │   18% │    2% │   8.3 │ +0.72 │      ★★★
[14:36:39] 
  ── LH (164 turns) ──
[14:36:39]   Feature                        │  Det% │ Alert% │ Comb% │ Base% │  LIFT │   μ(z) │   Signal
[14:36:39]   ────────────────────────────── │ ───── │ ────── │ ───── │ ───── │ ───── │ ────── │ ────────
[14:36:39]   kf_price_filt_vel              │   21% │    21% │   35% │    1% │  29.5 │ +1.21 │      ★★★
[14:36:39]   kf_price_innovation            │   15% │    24% │   33% │    2% │  18.3 │ +0.60 │      ★★★
[14:36:39]   conj_current_tide              │   14% │    14% │   15% │    1% │  18.3 │ -0.35 │      ★★★
[14:36:39]   tension_wave                   │   12% │     9% │   14% │    1% │  17.5 │ +0.74 │      ★★★
[14:36:39]   kf_price_pred_val              │   15% │    20% │   27% │    2% │  11.4 │ +1.26 │      ★★★
[14:36:39]   conj_wave_current              │    9% │     9% │   10% │    1% │   9.8 │ -0.46 │      ★★★
[14:36:39]   current_accel                  │    7% │    10% │   12% │    1% │   9.7 │ -0.14 │      ★★★
[14:36:39]   kf_conj_pred_val               │    9% │    10% │   10% │    1% │   8.6 │ -0.62 │      ★★★
[14:36:39]   wave_accel                     │    8% │    15% │   16% │    2% │   8.2 │ +0.13 │      ★★★
[14:36:39]   conj_wave_tide                 │    9% │    10% │   10% │    1% │   8.1 │ -0.60 │      ★★★
[14:36:39] 
  Processing AMZN...
[14:36:40] ══════════════════════════════════════════════════════════════════════════════════════════
[14:36:40]   TICKER: AMZN
[14:36:40] ══════════════════════════════════════════════════════════════════════════════════════════
[14:36:40]   Turns: {'HL': 97, 'HH': 90, 'LL': 66, 'LH': 73}
[14:36:40] 
  ── LL (66 turns) ──
[14:36:40]   Feature                        │  Det% │ Alert% │ Comb% │ Base% │  LIFT │   μ(z) │   Signal
[14:36:40]   ────────────────────────────── │ ───── │ ────── │ ───── │ ───── │ ───── │ ────── │ ────────
[14:36:40]   vwap_sigma_current             │   48% │    26% │   50% │    1% │  35.7 │ -1.89 │      ★★★
[14:36:40]   vwap_sigma_wave                │   33% │    24% │   39% │    2% │  24.6 │ -1.83 │      ★★★
[14:36:40]   kf_price_pred_val              │   24% │    27% │   42% │    2% │  23.6 │ -1.59 │      ★★★
[14:36:40]   kf_price_filt_vel              │   15% │    15% │   27% │    1% │  22.7 │ -0.90 │      ★★★
[14:36:40]   kf_price_innovation            │   14% │    21% │   27% │    1% │  22.7 │ -0.39 │      ★★★
[14:36:40]   sigma_tide                     │   38% │    24% │   38% │    2% │  21.0 │ -1.59 │      ★★★
[14:36:40]   vwap_sigma_tide                │   29% │    18% │   29% │    2% │  18.0 │ -1.43 │      ★★★
[14:36:40]   kf_tension_pred_val            │   18% │    20% │   21% │    1% │  17.7 │ -0.58 │      ★★★
[14:36:40]   rsi_value                      │   33% │    17% │   33% │    2% │  13.9 │ -1.84 │      ★★★
[14:36:40]   tension_tide                   │   15% │    18% │   18% │    1% │  13.0 │ -0.55 │      ★★★
[14:36:40] 
  ANTI-SIGNALS (go silent at LL turns):
[14:36:40]   tension_current                │    2% │ Base=4% │ LIFT=0.42 │ SILENCE = feature STOPS firing at turns
[14:36:40] 
  ── HL (97 turns) ──
[14:36:40]   Feature                        │  Det% │ Alert% │ Comb% │ Base% │  LIFT │   μ(z) │   Signal
[14:36:40]   ────────────────────────────── │ ───── │ ────── │ ───── │ ───── │ ───── │ ────── │ ────────
[14:36:40]   kf_price_filt_vel              │   11% │     8% │   15% │    1% │  12.9 │ -0.88 │      ★★★
[14:36:40]   kf_tension_filt_vel            │   20% │    12% │   20% │    2% │  12.2 │ -1.04 │      ★★★
[14:36:40]   kf_price_pred_val              │   13% │    11% │   22% │    2% │  12.0 │ -1.25 │      ★★★
[14:36:40]   kf_price_innovation            │    4% │    10% │   13% │    1% │  11.2 │ -0.33 │      ★★★
[14:36:40]   kf_rsi_filt_vel                │   15% │    13% │   20% │    2% │   8.2 │ -1.33 │      ★★★
[14:36:40]   sigma_wave                     │   14% │    10% │   16% │    2% │   7.5 │ -1.21 │      ★★★
[14:36:40]   tension_wave                   │    4% │     4% │    7% │    1% │   6.0 │ -0.36 │      ★★★
[14:36:40]   kf_tension_pred_val            │    5% │     3% │    7% │    1% │   6.0 │ -0.08 │      ★★★
[14:36:40]   vwap_sigma_wave                │    8% │     5% │    9% │    2% │   5.8 │ -0.90 │      ★★★
[14:36:40]   sigma_current                  │   14% │     8% │   15% │    3% │   5.2 │ -1.00 │      ★★★
[14:36:40] 
  ── HH (90 turns) ──
[14:36:40]   Feature                        │  Det% │ Alert% │ Comb% │ Base% │  LIFT │   μ(z) │   Signal
[14:36:40]   ────────────────────────────── │ ───── │ ────── │ ───── │ ───── │ ───── │ ────── │ ────────
[14:36:40]   kf_price_filt_vel              │    8% │    13% │   20% │    1% │  16.7 │ +0.84 │      ★★★
[14:36:40]   kf_price_innovation            │    8% │    10% │   16% │    1% │  13.0 │ +0.36 │      ★★★
[14:36:40]   kf_price_pred_val              │   14% │    14% │   22% │    2% │  12.3 │ +1.23 │      ★★★
[14:36:40]   kf_rvol_pred_val               │   14% │    12% │   21% │    3% │   8.1 │ +0.82 │      ★★★
[14:36:40]   kf_tension_filt_vel            │   10% │     6% │   11% │    2% │   6.9 │ +0.81 │      ★★★
[14:36:40]   conj_current_tide              │   10% │    12% │   12% │    2% │   6.8 │ +0.29 │      ★★★
[14:36:40]   kf_rvol_filt_vel               │   16% │    16% │   27% │    4% │   6.7 │ +0.69 │      ★★★
[14:36:40]   tension_wave                   │    4% │     7% │    8% │    1% │   6.5 │ -0.02 │      ★★★
[14:36:40]   kf_tension_pred_val            │    8% │     6% │    8% │    1% │   6.5 │ +0.55 │      ★★★
[14:36:40]   conj_wave_tide                 │   11% │    11% │   12% │    2% │   6.1 │ +0.45 │      ★★★
[14:36:40] 
  ── LH (73 turns) ──
[14:36:40]   Feature                        │  Det% │ Alert% │ Comb% │ Base% │  LIFT │   μ(z) │   Signal
[14:36:40]   ────────────────────────────── │ ───── │ ────── │ ───── │ ───── │ ───── │ ────── │ ────────
[14:36:40]   kf_price_filt_vel              │   23% │    22% │   37% │    1% │  30.8 │ +1.24 │      ★★★
[14:36:40]   kf_price_innovation            │   19% │    21% │   34% │    1% │  28.5 │ +0.70 │      ★★★
[14:36:40]   kf_price_pred_val              │   21% │    21% │   33% │    2% │  18.3 │ +1.33 │      ★★★
[14:36:40]   kf_tension_pred_val            │   11% │    14% │   15% │    1% │  12.6 │ +0.13 │      ★★★
[14:36:40]   tension_wave                   │   10% │    10% │   14% │    1% │  11.4 │ +0.83 │      ★★★
[14:36:40]   vwap_sigma_tide                │   10% │    18% │   18% │    2% │  11.1 │ -0.53 │      ★★★
[14:36:40]   vwap_sigma_current             │    0% │    14% │   14% │    1% │   9.8 │ -0.30 │      ★★★
[14:36:40]   tension_tide                   │   11% │    14% │   14% │    1% │   9.8 │ +0.12 │      ★★★
[14:36:40]   conj_wave_tide                 │   14% │    18% │   18% │    2% │   8.9 │ -0.67 │      ★★★
[14:36:40]   kf_tension_filt_vel            │   10% │     8% │   14% │    2% │   8.6 │ +0.80 │      ★★★
[14:36:40] 
  Processing COST...
[14:36:40] ══════════════════════════════════════════════════════════════════════════════════════════
[14:36:40]   TICKER: COST
[14:36:40] ══════════════════════════════════════════════════════════════════════════════════════════
[14:36:40]   Turns: {'HH': 56, 'HL': 57, 'LL': 35, 'LH': 36}
[14:36:40] 
  ── LL (35 turns) ──
[14:36:40]   Feature                        │  Det% │ Alert% │ Comb% │ Base% │  LIFT │   μ(z) │   Signal
[14:36:40]   ────────────────────────────── │ ───── │ ────── │ ───── │ ───── │ ───── │ ────── │ ────────
[14:36:40]   sigma_tide                     │   51% │    40% │   51% │    1% │  36.7 │ -1.93 │      ★★★
[14:36:40]   vwap_sigma_current             │   57% │    34% │   60% │    2% │  33.3 │ -2.07 │      ★★★
[14:36:40]   kf_price_pred_val              │   34% │    40% │   51% │    2% │  28.6 │ -1.82 │      ★★★
[14:36:40]   kf_price_innovation            │   17% │    34% │   40% │    2% │  20.0 │ -0.48 │      ★★★
[14:36:40]   kf_rsi_pred_val                │   34% │    34% │   40% │    2% │  16.7 │ -1.89 │      ★★★
[14:36:40]   vwap_sigma_tide                │   31% │    26% │   31% │    2% │  14.3 │ -1.63 │      ★★★
[14:36:40]   vwap_sigma_wave                │   11% │    14% │   20% │    1% │  14.3 │ -1.63 │      ★★★
[14:36:40]   kf_price_filt_vel              │   11% │    31% │   34% │    2% │  14.3 │ -0.89 │      ★★★
[14:36:40]   rsi_value                      │   40% │    31% │   43% │    3% │  12.6 │ -1.92 │      ★★★
[14:36:40]   kf_tension_filt_vel            │   20% │    26% │   31% │    3% │  12.1 │ -1.18 │      ★★★
[14:36:40] 
  ANTI-SIGNALS (go silent at LL turns):
[14:36:40]   tension_current                │    0% │ Base=4% │ LIFT=0.00 │ SILENCE = feature STOPS firing at turns
[14:36:40] 
  ── HL (57 turns) ──
[14:36:40]   Feature                        │  Det% │ Alert% │ Comb% │ Base% │  LIFT │   μ(z) │   Signal
[14:36:40]   ────────────────────────────── │ ───── │ ────── │ ───── │ ───── │ ───── │ ────── │ ────────
[14:36:40]   vwap_sigma_wave                │   25% │    18% │   32% │    1% │  22.6 │ -1.65 │      ★★★
[14:36:40]   kf_price_pred_val              │   21% │    16% │   28% │    2% │  15.6 │ -1.33 │      ★★★
[14:36:40]   kf_price_innovation            │    9% │    11% │   18% │    2% │   8.8 │ -0.45 │      ★★★
[14:36:40]   kf_price_filt_vel              │    9% │    11% │   19% │    2% │   8.0 │ -0.89 │      ★★★
[14:36:40]   sigma_current                  │   16% │     9% │   19% │    3% │   7.4 │ -1.17 │      ★★★
[14:36:40]   kf_rsi_filt_vel                │   11% │    16% │   18% │    2% │   7.3 │ -1.27 │      ★★★
[14:36:40]   wave_accel                     │   18% │    18% │   25% │    4% │   6.8 │ -0.99 │      ★★★
[14:36:40]   kf_tension_filt_vel            │   16% │    12% │   18% │    3% │   6.7 │ -0.94 │      ★★★
[14:36:40]   vwap_sigma_current             │    9% │     7% │   11% │    2% │   5.8 │ -1.07 │      ★★★
[14:36:40]   fear_level                     │    7% │     4% │    7% │    1% │   5.0 │ +0.72 │      ★★★
[14:36:40] 
  ANTI-SIGNALS (go silent at HL turns):
[14:36:40]   wave_slope                     │    2% │ Base=3% │ LIFT=0.55 │ SILENCE = feature STOPS firing at turns
[14:36:40]   conj_wave_tide                 │    0% │ Base=3% │ LIFT=0.58 │ SILENCE = feature STOPS firing at turns
[14:36:40] 
  ── HH (56 turns) ──
[14:36:40]   Feature                        │  Det% │ Alert% │ Comb% │ Base% │  LIFT │   μ(z) │   Signal
[14:36:40]   ────────────────────────────── │ ───── │ ────── │ ───── │ ───── │ ───── │ ────── │ ────────
[14:36:40]   kf_price_pred_val              │   14% │    14% │   18% │    2% │   9.9 │ +1.03 │      ★★★
[14:36:40]   sigma_tide                     │    9% │     5% │   11% │    1% │   7.7 │ +1.13 │      ★★★
[14:36:40]   kf_price_filt_vel              │    5% │    11% │   16% │    2% │   6.7 │ +0.59 │      ★★★
[14:36:40]   kf_rsi_pred_val                │   16% │     9% │   16% │    2% │   6.7 │ +1.30 │      ★★★
[14:36:40]   sigma_wave                     │    5% │     9% │   14% │    3% │   5.5 │ +0.90 │      ★★★
[14:36:40]   kf_tension_filt_vel            │   11% │    12% │   14% │    3% │   5.5 │ +1.02 │      ★★★
[14:36:40]   sigma_current                  │   11% │     9% │   12% │    3% │   4.8 │ +1.01 │      ★★★
[14:36:40]   rsi_value                      │   16% │    11% │   16% │    3% │   4.7 │ +1.34 │      ★★★
[14:36:40]   kf_price_innovation            │    5% │     7% │    9% │    2% │   4.5 │ +0.11 │      ★★★
[14:36:40]   wave_accel                     │   12% │     9% │   14% │    4% │   4.0 │ +0.86 │      ★★★
[14:36:40] 
  ANTI-SIGNALS (go silent at HH turns):
[14:36:40]   tension_wave                   │    0% │ Base=2% │ LIFT=0.00 │ SILENCE = feature STOPS firing at turns
[14:36:40] 
  ── LH (36 turns) ──
[14:36:40]   Feature                        │  Det% │ Alert% │ Comb% │ Base% │  LIFT │   μ(z) │   Signal
[14:36:40]   ────────────────────────────── │ ───── │ ────── │ ───── │ ───── │ ───── │ ────── │ ────────
[14:36:40]   kf_price_pred_val              │   28% │    31% │   39% │    2% │  21.6 │ +1.70 │      ★★★
[14:36:40]   kf_price_innovation            │   17% │    33% │   39% │    2% │  19.4 │ +1.16 │      ★★★
[14:36:40]   kf_price_filt_vel              │   31% │    36% │   42% │    2% │  17.4 │ +1.53 │      ★★★
[14:36:40]   wave_accel                     │   28% │    22% │   36% │    4% │  10.0 │ +1.30 │      ★★★
[14:36:40]   kf_tension_filt_vel            │   14% │    19% │   22% │    3% │   8.5 │ +1.01 │      ★★★
[14:36:40]   sigma_tide                     │    3% │    11% │   11% │    1% │   7.9 │ -0.24 │      ★★★
[14:36:40]   vwap_sigma_current             │    0% │    14% │   14% │    2% │   7.7 │ +0.01 │      ★★★
[14:36:40]   compression_ratio              │   14% │    17% │   19% │    3% │   6.9 │ +0.82 │      ★★★
[14:36:40]   vwap_sigma_tide                │   14% │    14% │   14% │    2% │   6.3 │ -0.33 │      ★★★
[14:36:40]   fear_level                     │    8% │     8% │    8% │    1% │   6.0 │ +0.21 │      ★★★
[14:36:40] 
  Processing HD...
[14:36:41] ══════════════════════════════════════════════════════════════════════════════════════════
[14:36:41]   TICKER: HD
[14:36:41] ══════════════════════════════════════════════════════════════════════════════════════════
[14:36:41]   Turns: {'LH': 55, 'HL': 59, 'HH': 63, 'LL': 59}
[14:36:41] 
  ── LL (59 turns) ──
[14:36:41]   Feature                        │  Det% │ Alert% │ Comb% │ Base% │  LIFT │   μ(z) │   Signal
[14:36:41]   ────────────────────────────── │ ───── │ ────── │ ───── │ ───── │ ───── │ ────── │ ────────
[14:36:41]   vwap_sigma_tide                │   39% │    34% │   39% │    1% │  48.7 │ -1.59 │      ★★★
[14:36:41]   fear_level                     │   29% │    29% │   31% │    1% │  38.1 │ +1.12 │      ★★★
[14:36:41]   kf_price_pred_val              │   25% │    32% │   46% │    2% │  25.4 │ -1.68 │      ★★★
[14:36:41]   kf_price_filt_vel              │   14% │    29% │   37% │    2% │  16.9 │ -0.88 │      ★★★
[14:36:41]   vwap_sigma_current             │   27% │    25% │   34% │    2% │  16.9 │ -1.63 │      ★★★
[14:36:41]   wave_accel                     │   27% │    17% │   31% │    2% │  15.3 │ -1.41 │      ★★★
[14:36:41]   sigma_tide                     │   25% │    17% │   25% │    2% │  14.1 │ -1.36 │      ★★★
[14:36:41]   kf_price_innovation            │   12% │    27% │   29% │    2% │  12.0 │ -0.45 │      ★★★
[14:36:41]   vwap_sigma_wave                │   19% │    12% │   24% │    2% │   9.9 │ -1.69 │      ★★★
[14:36:41]   conj_current_tide              │   14% │    14% │   15% │    2% │   9.5 │ -0.59 │      ★★★
[14:36:41] 
  ANTI-SIGNALS (go silent at LL turns):
[14:36:41]   tension_current                │    0% │ Base=3% │ LIFT=0.65 │ SILENCE = feature STOPS firing at turns
[14:36:41] 
  ── HL (59 turns) ──
[14:36:41]   Feature                        │  Det% │ Alert% │ Comb% │ Base% │  LIFT │   μ(z) │   Signal
[14:36:41]   ────────────────────────────── │ ───── │ ────── │ ───── │ ───── │ ───── │ ────── │ ────────
[14:36:41]   kf_price_pred_val              │   20% │    19% │   31% │    2% │  16.9 │ -1.54 │      ★★★
[14:36:41]   kf_price_filt_vel              │   17% │    17% │   27% │    2% │  12.3 │ -1.22 │      ★★★
[14:36:41]   sigma_current                  │   22% │    14% │   25% │    3% │   9.8 │ -1.13 │      ★★★
[14:36:41]   vwap_spread_tide_wave          │   12% │    14% │   14% │    1% │   9.7 │ +0.19 │      ★★★
[14:36:41]   conj_current_tide              │   12% │    14% │   14% │    2% │   8.5 │ +0.04 │      ★★★
[14:36:41]   fear_level                     │    3% │     5% │    7% │    1% │   8.5 │ +0.25 │      ★★★
[14:36:41]   kf_price_innovation            │   12% │    12% │   20% │    2% │   8.5 │ -0.55 │      ★★★
[14:36:41]   wave_accel                     │   10% │    10% │   17% │    2% │   8.5 │ -0.80 │      ★★★
[14:36:41]   tension_wave                   │    5% │     7% │    8% │    1% │   8.5 │ +0.01 │      ★★★
[14:36:41]   vwap_sigma_wave                │   12% │     7% │   17% │    2% │   7.1 │ -1.14 │      ★★★
[14:36:41] 
  ── HH (63 turns) ──
[14:36:41]   Feature                        │  Det% │ Alert% │ Comb% │ Base% │  LIFT │   μ(z) │   Signal
[14:36:41]   ────────────────────────────── │ ───── │ ────── │ ───── │ ───── │ ───── │ ────── │ ────────
[14:36:41]   kf_price_pred_val              │   17% │    13% │   24% │    2% │  13.2 │ +1.11 │      ★★★
[14:36:41]   vwap_spread_tide_wave          │   11% │    13% │   13% │    1% │   9.1 │ +0.06 │      ★★★
[14:36:41]   kf_price_innovation            │    5% │    17% │   19% │    2% │   7.9 │ +0.31 │      ★★★
[14:36:41]   kf_price_filt_vel              │    6% │    11% │   16% │    2% │   7.2 │ +0.65 │      ★★★
[14:36:41]   conj_current_tide              │   11% │    10% │   11% │    2% │   6.9 │ +0.47 │      ★★★
[14:36:41]   conj_wave_current              │   13% │    13% │   14% │    2% │   6.5 │ +0.38 │      ★★★
[14:36:41]   fear_level                     │    2% │     5% │    5% │    1% │   6.0 │ -0.41 │      ★★★
[14:36:41]   kf_conj_pred_val               │   13% │    14% │   14% │    3% │   5.5 │ +0.64 │      ★★★
[14:36:41]   vwap_spread_current_wave       │    6% │     8% │    8% │    2% │   5.0 │ -0.34 │      ★★★
[14:36:41]   conj_wave_tide                 │   13% │    13% │   13% │    3% │   4.9 │ +0.63 │      ★★★
[14:36:41] 
  ANTI-SIGNALS (go silent at HH turns):
[14:36:41]   tension_current                │    2% │ Base=3% │ LIFT=0.61 │ SILENCE = feature STOPS firing at turns
[14:36:41]   vwap_sigma_wave                │    2% │ Base=2% │ LIFT=0.66 │ SILENCE = feature STOPS firing at turns
[14:36:41] 
  ── LH (55 turns) ──
[14:36:41]   Feature                        │  Det% │ Alert% │ Comb% │ Base% │  LIFT │   μ(z) │   Signal
[14:36:41]   ────────────────────────────── │ ───── │ ────── │ ───── │ ───── │ ───── │ ────── │ ────────
[14:36:41]   fear_level                     │   16% │    20% │   20% │    1% │  25.0 │ +0.67 │      ★★★
[14:36:41]   kf_price_pred_val              │   20% │    22% │   35% │    2% │  19.2 │ +1.34 │      ★★★
[14:36:41]   kf_price_filt_vel              │   24% │    25% │   36% │    2% │  16.5 │ +1.21 │      ★★★
[14:36:41]   wave_accel                     │   24% │    29% │   33% │    2% │  16.4 │ +0.54 │      ★★★
[14:36:41]   kf_conj_filt_vel               │   22% │    29% │   33% │    2% │  16.4 │ +0.17 │      ★★★
[14:36:41]   vwap_sigma_tide                │    7% │    13% │   13% │    1% │  15.9 │ -0.51 │      ★★★
[14:36:41]   kf_price_innovation            │   13% │    29% │   33% │    2% │  13.6 │ +0.91 │      ★★★
[14:36:41]   conj_current_tide              │   15% │    16% │   16% │    2% │  10.2 │ -0.30 │      ★★★
[14:36:41]   vwap_spread_current_wave       │   15% │    15% │   15% │    2% │   9.1 │ +0.46 │      ★★★
[14:36:41]   current_slope                  │   16% │    15% │   16% │    2% │   8.2 │ -0.46 │      ★★★
[14:36:41] 
  ANTI-SIGNALS (go silent at LH turns):
[14:36:41]   rsi_value                      │    0% │ Base=3% │ LIFT=0.61 │ SILENCE = feature STOPS firing at turns
[14:36:41]   kf_rsi_pred_val                │    0% │ Base=3% │ LIFT=0.65 │ SILENCE = feature STOPS firing at turns
[14:36:41] 
  Processing HON...
[14:36:41] ══════════════════════════════════════════════════════════════════════════════════════════
[14:36:41]   TICKER: HON
[14:36:41] ══════════════════════════════════════════════════════════════════════════════════════════
[14:36:41]   Turns: {'HH': 59, 'HL': 56, 'LL': 48, 'LH': 45}
[14:36:41] 
  ── LL (48 turns) ──
[14:36:41]   Feature                        │  Det% │ Alert% │ Comb% │ Base% │  LIFT │   μ(z) │   Signal
[14:36:41]   ────────────────────────────── │ ───── │ ────── │ ───── │ ───── │ ───── │ ────── │ ────────
[14:36:41]   sigma_tide                     │   44% │    31% │   44% │    1% │  43.8 │ -1.78 │      ★★★
[14:36:41]   wave_slope                     │   21% │    21% │   23% │    1% │  28.6 │ -1.32 │      ★★★
[14:36:41]   vwap_sigma_current             │   54% │    40% │   54% │    2% │  24.6 │ -2.01 │      ★★★
[14:36:41]   kf_price_filt_vel              │   19% │    33% │   38% │    2% │  20.8 │ -1.10 │      ★★★
[14:36:41]   kf_price_pred_val              │   40% │    42% │   54% │    3% │  20.8 │ -1.98 │      ★★★
[14:36:41]   kf_conj_pred_val               │   17% │    17% │   19% │    1% │  18.8 │ -1.21 │      ★★★
[14:36:41]   kf_price_innovation            │   10% │    38% │   38% │    2% │  17.0 │ -0.39 │      ★★★
[14:36:41]   rsi_value                      │   48% │    33% │   50% │    3% │  16.7 │ -2.01 │      ★★★
[14:36:41]   current_slope                  │   17% │    17% │   17% │    1% │  16.7 │ -1.09 │      ★★★
[14:36:41]   current_accel                  │   23% │    23% │   29% │    2% │  16.2 │ -1.39 │      ★★★
[14:36:41] 
  ANTI-SIGNALS (go silent at LL turns):
[14:36:41]   tension_wave                   │    0% │ Base=2% │ LIFT=0.00 │ SILENCE = feature STOPS firing at turns
[14:36:41] 
  ── HL (56 turns) ──
[14:36:41]   Feature                        │  Det% │ Alert% │ Comb% │ Base% │  LIFT │   μ(z) │   Signal
[14:36:41]   ────────────────────────────── │ ───── │ ────── │ ───── │ ───── │ ───── │ ────── │ ────────
[14:36:41]   wave_slope                     │    9% │    12% │   12% │    1% │  15.6 │ -0.24 │      ★★★
[14:36:41]   current_slope                  │   14% │    14% │   14% │    1% │  14.3 │ -0.15 │      ★★★
[14:36:41]   kf_rsi_filt_vel                │   16% │    12% │   21% │    2% │  13.4 │ -1.30 │      ★★★
[14:36:41]   conj_current_tide              │   18% │    18% │   18% │    1% │  12.8 │ -0.02 │      ★★★
[14:36:41]   vwap_spread_current_wave       │   18% │    18% │   18% │    1% │  12.8 │ +0.06 │      ★★★
[14:36:41]   kf_conj_pred_val               │   11% │    12% │   12% │    1% │  12.5 │ -0.17 │      ★★★
[14:36:41]   kf_price_pred_val              │   25% │    14% │   32% │    3% │  12.4 │ -1.46 │      ★★★
[14:36:41]   kf_price_filt_vel              │   16% │    12% │   21% │    2% │  11.9 │ -1.00 │      ★★★
[14:36:41]   conj_wave_tide                 │   12% │    12% │   14% │    1% │  11.9 │ -0.14 │      ★★★
[14:36:41]   kf_price_innovation            │    5% │    21% │   25% │    2% │  11.4 │ -0.46 │      ★★★
[14:36:41] 
  ── HH (59 turns) ──
[14:36:41]   Feature                        │  Det% │ Alert% │ Comb% │ Base% │  LIFT │   μ(z) │   Signal
[14:36:41]   ────────────────────────────── │ ───── │ ────── │ ───── │ ───── │ ───── │ ────── │ ────────
[14:36:41]   wave_slope                     │   17% │    15% │   17% │    1% │  21.2 │ +0.53 │      ★★★
[14:36:41]   kf_conj_pred_val               │   20% │    20% │   20% │    1% │  20.3 │ +0.58 │      ★★★
[14:36:41]   conj_wave_tide                 │   20% │    20% │   20% │    1% │  16.9 │ +0.55 │      ★★★
[14:36:41]   current_slope                  │   12% │    12% │   12% │    1% │  11.9 │ +0.30 │      ★★★
[14:36:41]   conj_current_tide              │   15% │    15% │   15% │    1% │  10.9 │ +0.35 │      ★★★
[14:36:41]   tide_slope                     │   10% │    10% │   10% │    1% │   8.5 │ -0.12 │      ★★★
[14:36:41]   current_accel                  │   12% │    15% │   15% │    2% │   8.5 │ +0.82 │      ★★★
[14:36:41]   vwap_spread_current_wave       │    8% │    12% │   12% │    1% │   8.5 │ -0.22 │      ★★★
[14:36:41]   kf_price_pred_val              │   14% │    15% │   20% │    3% │   7.8 │ +0.98 │      ★★★
[14:36:41]   kf_price_filt_vel              │    2% │    10% │   12% │    2% │   6.6 │ +0.60 │      ★★★
[14:36:41] 
  ANTI-SIGNALS (go silent at HH turns):
[14:36:41]   vwap_sigma_tide                │    2% │ Base=3% │ LIFT=0.53 │ SILENCE = feature STOPS firing at turns
[14:36:41]   tension_current                │    2% │ Base=3% │ LIFT=0.56 │ SILENCE = feature STOPS firing at turns
[14:36:41] 
  ── LH (45 turns) ──
[14:36:41]   Feature                        │  Det% │ Alert% │ Comb% │ Base% │  LIFT │   μ(z) │   Signal
[14:36:41]   ────────────────────────────── │ ───── │ ────── │ ───── │ ───── │ ───── │ ────── │ ────────
[14:36:41]   current_slope                  │   22% │    22% │   22% │    1% │  22.2 │ -0.87 │      ★★★
[14:36:41]   kf_conj_pred_val               │   20% │    20% │   20% │    1% │  20.0 │ -0.66 │      ★★★
[14:36:41]   vwap_spread_current_wave       │   24% │    22% │   24% │    1% │  17.5 │ +0.77 │      ★★★
[14:36:41]   kf_price_filt_vel              │   24% │    24% │   31% │    2% │  17.3 │ +1.29 │      ★★★
[14:36:41]   wave_slope                     │   13% │    13% │   13% │    1% │  16.7 │ -0.84 │      ★★★
[14:36:41]   conj_wave_tide                 │   20% │    18% │   20% │    1% │  16.7 │ -0.67 │      ★★★
[14:36:41]   kf_price_pred_val              │   24% │    31% │   42% │    3% │  16.2 │ +1.42 │      ★★★
[14:36:41]   kf_price_innovation            │   22% │    27% │   36% │    2% │  16.2 │ +0.95 │      ★★★
[14:36:41]   conj_current_tide              │   22% │    22% │   22% │    1% │  15.9 │ -0.68 │      ★★★
[14:36:41]   sigma_tide                     │   11% │    16% │   16% │    1% │  15.6 │ -0.25 │      ★★★
[14:36:41] 
  Processing IBM...
[14:36:42] ══════════════════════════════════════════════════════════════════════════════════════════
[14:36:42]   TICKER: IBM
[14:36:42] ══════════════════════════════════════════════════════════════════════════════════════════
[14:36:42]   Turns: {'HL': 60, 'HH': 61, 'LL': 48, 'LH': 46}
[14:36:42] 
  ── LL (48 turns) ──
[14:36:42]   Feature                        │  Det% │ Alert% │ Comb% │ Base% │  LIFT │   μ(z) │   Signal
[14:36:42]   ────────────────────────────── │ ───── │ ────── │ ───── │ ───── │ ───── │ ────── │ ────────
[14:36:42]   vwap_sigma_current             │   25% │    15% │   25% │    1% │  20.8 │ -1.60 │      ★★★
[14:36:42]   kf_price_pred_val              │   42% │    33% │   58% │    3% │  19.4 │ -1.95 │      ★★★
[14:36:42]   kf_price_filt_vel              │   19% │    27% │   35% │    2% │  16.1 │ -1.15 │      ★★★
[14:36:42]   kf_price_innovation            │   10% │    23% │   27% │    2% │  15.0 │ -0.46 │      ★★★
[14:36:42]   vwap_sigma_wave                │   25% │    17% │   29% │    2% │  14.6 │ -1.66 │      ★★★
[14:36:42]   kf_rsi_filt_vel                │   12% │    19% │   21% │    2% │  11.6 │ -1.22 │      ★★★
[14:36:42]   vwap_sigma_tide                │   25% │    21% │   27% │    3% │   8.0 │ -1.40 │      ★★★
[14:36:42]   sigma_current                  │   25% │    15% │   25% │    3% │   7.8 │ -1.34 │      ★★★
[14:36:42]   current_slope                  │   10% │    12% │   12% │    2% │   7.8 │ -0.74 │      ★★★
[14:36:42]   kf_rsi_pred_val                │   27% │    12% │   29% │    4% │   7.7 │ -1.66 │      ★★★
[14:36:42] 
  ANTI-SIGNALS (go silent at LL turns):
[14:36:42]   tension_wave                   │    2% │ Base=4% │ LIFT=0.55 │ SILENCE = feature STOPS firing at turns
[14:36:42]   tension_current                │    2% │ Base=3% │ LIFT=0.65 │ SILENCE = feature STOPS firing at turns
[14:36:42] 
  ── HL (60 turns) ──
[14:36:42]   Feature                        │  Det% │ Alert% │ Comb% │ Base% │  LIFT │   μ(z) │   Signal
[14:36:42]   ────────────────────────────── │ ───── │ ────── │ ───── │ ───── │ ───── │ ────── │ ────────
[14:36:42]   kf_rsi_filt_vel                │   22% │    22% │   28% │    2% │  15.7 │ -1.31 │      ★★★
[14:36:42]   kf_price_filt_vel              │   17% │    15% │   27% │    2% │  12.1 │ -0.94 │      ★★★
[14:36:42]   kf_price_innovation            │   13% │    15% │   22% │    2% │  12.0 │ -0.34 │      ★★★
[14:36:42]   kf_price_pred_val              │   25% │    17% │   35% │    3% │  11.7 │ -1.42 │      ★★★
[14:36:42]   current_slope                  │   15% │    17% │   17% │    2% │  10.4 │ -0.11 │      ★★★
[14:36:42]   vwap_sigma_current             │   10% │     7% │   10% │    1% │   8.3 │ -0.97 │      ★★★
[14:36:42]   kf_rvol_pred_val               │   17% │    13% │   25% │    3% │   8.3 │ +0.49 │      ★★★
[14:36:42]   sigma_wave                     │   20% │    13% │   22% │    3% │   7.2 │ -1.17 │      ★★★
[14:36:42]   sigma_current                  │   22% │    15% │   22% │    3% │   6.8 │ -1.22 │      ★★★
[14:36:42]   tension_tide                   │   13% │    12% │   15% │    3% │   5.4 │ -0.35 │      ★★★
[14:36:42] 
  ANTI-SIGNALS (go silent at HL turns):
[14:36:42]   vwap_sigma_tide                │    2% │ Base=3% │ LIFT=0.49 │ SILENCE = feature STOPS firing at turns
[14:36:42] 
  ── HH (61 turns) ──
[14:36:42]   Feature                        │  Det% │ Alert% │ Comb% │ Base% │  LIFT │   μ(z) │   Signal
[14:36:42]   ────────────────────────────── │ ───── │ ────── │ ───── │ ───── │ ───── │ ────── │ ────────
[14:36:42]   current_slope                  │   18% │    20% │   20% │    2% │  12.3 │ +0.25 │      ★★★
[14:36:42]   kf_price_innovation            │   10% │    13% │   20% │    2% │  10.9 │ +0.38 │      ★★★
[14:36:42]   vwap_spread_current_wave       │   16% │    16% │   16% │    2% │   7.5 │ -0.15 │      ★★★
[14:36:42]   kf_price_pred_val              │   11% │    11% │   21% │    3% │   7.1 │ +1.00 │      ★★★
[14:36:42]   kf_rvol_pred_val               │   16% │     8% │   21% │    3% │   7.1 │ +0.69 │      ★★★
[14:36:42]   vwap_sigma_current             │    5% │     7% │    8% │    1% │   6.8 │ +1.17 │      ★★★
[14:36:42]   kf_price_filt_vel              │    8% │    10% │   15% │    2% │   6.7 │ +0.54 │      ★★★
[14:36:42]   rsi_value                      │   21% │    15% │   21% │    4% │   4.8 │ +1.30 │      ★★★
[14:36:42]   current_accel                  │   15% │    15% │   18% │    4% │   4.7 │ +0.89 │      ★★★
[14:36:42]   kf_rsi_pred_val                │   18% │    13% │   18% │    4% │   4.7 │ +1.27 │      ★★★
[14:36:42] 
  ── LH (46 turns) ──
[14:36:42]   Feature                        │  Det% │ Alert% │ Comb% │ Base% │  LIFT │   μ(z) │   Signal
[14:36:42]   ────────────────────────────── │ ───── │ ────── │ ───── │ ───── │ ───── │ ────── │ ────────
[14:36:42]   kf_price_filt_vel              │   17% │    17% │   26% │    2% │  11.9 │ +0.82 │      ★★★
[14:36:42]   kf_price_innovation            │    9% │    15% │   20% │    2% │  10.9 │ +0.35 │      ★★★
[14:36:42]   kf_price_pred_val              │   15% │    22% │   28% │    3% │   9.4 │ +1.07 │      ★★★
[14:36:42]   current_slope                  │   13% │    13% │   13% │    2% │   8.2 │ -0.57 │      ★★★
[14:36:42]   wave_slope                     │   15% │    20% │   20% │    3% │   6.1 │ -0.69 │      ★★★
[14:36:42]   kf_rsi_filt_vel                │    7% │    11% │   11% │    2% │   6.0 │ +1.04 │      ★★★
[14:36:42]   vwap_sigma_current             │    0% │     7% │    7% │    1% │   5.4 │ +0.11 │      ★★★
[14:36:42]   compression_ratio              │   15% │    15% │   15% │    3% │   5.1 │ +0.58 │      ★★★
[14:36:42]   vwap_spread_current_wave       │    9% │    11% │   11% │    2% │   4.9 │ +0.42 │      ★★★
[14:36:42]   sigma_current                  │    4% │    13% │   13% │    3% │   4.1 │ +0.64 │      ★★★
[14:36:42] 
  Processing JNJ...
[14:36:42] ══════════════════════════════════════════════════════════════════════════════════════════
[14:36:42]   TICKER: JNJ
[14:36:42] ══════════════════════════════════════════════════════════════════════════════════════════
[14:36:42]   Turns: {'HL': 36, 'LH': 30, 'LL': 31, 'HH': 36}
[14:36:42] 
  ── LL (31 turns) ──
[14:36:42]   Feature                        │  Det% │ Alert% │ Comb% │ Base% │  LIFT │   μ(z) │   Signal
[14:36:42]   ────────────────────────────── │ ───── │ ────── │ ───── │ ───── │ ───── │ ────── │ ────────
[14:36:42]   vwap_sigma_wave                │   29% │    19% │   42% │    1% │  34.9 │ -1.74 │      ★★★
[14:36:42]   vwap_sigma_tide                │   35% │    26% │   35% │    2% │  19.7 │ -1.84 │      ★★★
[14:36:42]   kf_price_innovation            │   23% │    35% │   48% │    3% │  18.6 │ -0.68 │      ★★★
[14:36:42]   sigma_tide                     │   35% │    16% │   35% │    2% │  17.7 │ -1.85 │      ★★★
[14:36:42]   kf_price_pred_val              │   39% │    39% │   55% │    3% │  16.1 │ -2.64 │      ★★★
[14:36:42]   vwap_sigma_current             │   39% │    23% │   39% │    3% │  14.9 │ -1.89 │      ★★★
[14:36:42]   kf_price_filt_vel              │   23% │    32% │   42% │    3% │  13.1 │ -1.81 │      ★★★
[14:36:42]   rsi_value                      │   29% │    16% │   29% │    2% │  12.1 │ -1.77 │      ★★★
[14:36:42]   kf_rsi_pred_val                │   32% │    26% │   35% │    3% │  11.1 │ -1.70 │      ★★★
[14:36:42]   sigma_wave                     │   13% │    13% │   19% │    2% │   9.7 │ -1.23 │      ★★★
[14:36:42] 
  ANTI-SIGNALS (go silent at LL turns):
[14:36:42]   tide_slope                     │    3% │ Base=8% │ LIFT=0.41 │ SILENCE = feature STOPS firing at turns
[14:36:42]   vwap_spread_tide_current       │    3% │ Base=7% │ LIFT=0.47 │ SILENCE = feature STOPS firing at turns
[14:36:42]   vwap_spread_tide_wave          │    3% │ Base=6% │ LIFT=0.50 │ SILENCE = feature STOPS firing at turns
[14:36:42] 
  ── HL (36 turns) ──
[14:36:42]   Feature                        │  Det% │ Alert% │ Comb% │ Base% │  LIFT │   μ(z) │   Signal
[14:36:42]   ────────────────────────────── │ ───── │ ────── │ ───── │ ───── │ ───── │ ────── │ ────────
[14:36:42]   vwap_sigma_wave                │   17% │     8% │   19% │    1% │  16.2 │ -1.61 │      ★★★
[14:36:42]   vwap_sigma_current             │   31% │    22% │   33% │    3% │  12.8 │ -1.53 │      ★★★
[14:36:42]   kf_price_innovation            │    8% │    25% │   25% │    3% │   9.6 │ -0.68 │      ★★★
[14:36:42]   kf_price_pred_val              │   17% │    22% │   31% │    3% │   9.0 │ -1.37 │      ★★★
[14:36:42]   kf_rvol_pred_val               │   17% │    14% │   28% │    3% │   8.7 │ +0.89 │      ★★★
[14:36:42]   rsi_value                      │   17% │    14% │   19% │    2% │   8.1 │ -1.57 │      ★★★
[14:36:42]   kf_rvol_filt_vel               │   19% │    11% │   28% │    4% │   7.7 │ +0.52 │      ★★★
[14:36:42]   sigma_tide                     │   14% │     8% │   14% │    2% │   6.9 │ -1.14 │      ★★★
[14:36:42]   sigma_current                  │   17% │    17% │   25% │    4% │   6.6 │ -1.45 │      ★★★
[14:36:42]   kf_price_filt_vel              │   11% │    11% │   19% │    3% │   6.1 │ -0.86 │      ★★★
[14:36:42] 
  ANTI-SIGNALS (go silent at HL turns):
[14:36:42]   vwap_spread_tide_wave          │    0% │ Base=6% │ LIFT=0.00 │ SILENCE = feature STOPS firing at turns
[14:36:42]   tide_slope                     │    3% │ Base=8% │ LIFT=0.36 │ SILENCE = feature STOPS firing at turns
[14:36:42]   vwap_spread_current_wave       │    3% │ Base=5% │ LIFT=0.56 │ SILENCE = feature STOPS firing at turns
[14:36:42] 
  ── HH (36 turns) ──
[14:36:42]   Feature                        │  Det% │ Alert% │ Comb% │ Base% │  LIFT │   μ(z) │   Signal
[14:36:42]   ────────────────────────────── │ ───── │ ────── │ ───── │ ───── │ ───── │ ────── │ ────────
[14:36:42]   vwap_sigma_wave                │   11% │     0% │   11% │    1% │   9.3 │ +1.26 │      ★★★
[14:36:42]   rsi_value                      │   19% │     6% │   19% │    2% │   8.1 │ +1.34 │      ★★★
[14:36:42]   sigma_wave                     │   14% │     3% │   14% │    2% │   6.9 │ +0.93 │      ★★★
[14:36:42]   kf_rsi_pred_val                │   17% │     8% │   17% │    3% │   5.2 │ +1.28 │      ★★★
[14:36:42]   kf_rvol_filt_vel               │    8% │    11% │   17% │    4% │   4.6 │ +0.26 │      ★★★
[14:36:42]   conj_wave_current              │   11% │    11% │   11% │    2% │   4.6 │ +0.33 │      ★★★
[14:36:42]   kf_rvol_pred_val               │    8% │     8% │   14% │    3% │   4.3 │ +0.42 │      ★★★
[14:36:42]   kf_price_innovation            │    6% │     8% │   11% │    3% │   4.3 │ +0.50 │      ★★★
[14:36:42]   tension_wave                   │    3% │     8% │    8% │    2% │   4.2 │ -0.45 │      ★★★
[14:36:42]   wave_slope                     │   11% │    14% │   14% │    4% │   3.5 │ +0.68 │      ★★★
[14:36:42] 
  ANTI-SIGNALS (go silent at HH turns):
[14:36:42]   conj_current_tide              │    0% │ Base=5% │ LIFT=0.00 │ SILENCE = feature STOPS firing at turns
[14:36:42]   tension_current                │    0% │ Base=3% │ LIFT=0.00 │ SILENCE = feature STOPS firing at turns
[14:36:42]   fear_level                     │    0% │ Base=4% │ LIFT=0.00 │ SILENCE = feature STOPS firing at turns
[14:36:42] 
  ── LH (30 turns) ──
[14:36:42]   Feature                        │  Det% │ Alert% │ Comb% │ Base% │  LIFT │   μ(z) │   Signal
[14:36:42]   ────────────────────────────── │ ───── │ ────── │ ───── │ ───── │ ───── │ ────── │ ────────
[14:36:42]   kf_price_pred_val              │   30% │    40% │   43% │    3% │  12.7 │ +1.73 │      ★★★
[14:36:42]   kf_price_innovation            │   20% │    20% │   27% │    3% │  10.3 │ +0.79 │      ★★★
[14:36:42]   kf_price_filt_vel              │   27% │    23% │   30% │    3% │   9.4 │ +1.58 │      ★★★
[14:36:42]   sigma_wave                     │   13% │    10% │   17% │    2% │   8.3 │ +1.06 │      ★★★
[14:36:42]   vwap_sigma_tide                │    0% │    13% │   13% │    2% │   7.4 │ -0.26 │      ★★★
[14:36:42]   sigma_current                  │   13% │    20% │   27% │    4% │   7.0 │ +0.90 │      ★★★
[14:36:42]   conj_wave_current              │   13% │    17% │   17% │    2% │   6.9 │ +0.09 │      ★★★
[14:36:42]   current_accel                  │   17% │    20% │   23% │    3% │   6.9 │ +0.28 │      ★★★
[14:36:42]   sigma_tide                     │    0% │    13% │   13% │    2% │   6.7 │ -0.10 │      ★★★
[14:36:42]   wave_accel                     │   13% │    20% │   30% │    5% │   6.2 │ +1.03 │      ★★★
[14:36:42] 
  ANTI-SIGNALS (go silent at LH turns):
[14:36:42]   tide_slope                     │    0% │ Base=8% │ LIFT=0.00 │ SILENCE = feature STOPS firing at turns
[14:36:42]   tension_tide                   │    0% │ Base=8% │ LIFT=0.00 │ SILENCE = feature STOPS firing at turns
[14:36:42]   vwap_spread_tide_current       │    0% │ Base=7% │ LIFT=0.00 │ SILENCE = feature STOPS firing at turns
[14:36:43] 
  Processing JPM...
[14:36:43] ══════════════════════════════════════════════════════════════════════════════════════════
[14:36:43]   TICKER: JPM
[14:36:43] ══════════════════════════════════════════════════════════════════════════════════════════
[14:36:43]   Turns: {'HH': 95, 'HL': 85, 'LH': 70, 'LL': 79}
[14:36:43] 
  ── LL (79 turns) ──
[14:36:43]   Feature                        │  Det% │ Alert% │ Comb% │ Base% │  LIFT │   μ(z) │   Signal
[14:36:43]   ────────────────────────────── │ ───── │ ────── │ ───── │ ───── │ ───── │ ────── │ ────────
[14:36:43]   vwap_sigma_tide                │   41% │    30% │   41% │    1% │  67.5 │ -1.51 │      ★★★
[14:36:43]   kf_conj_filt_vel               │   18% │    16% │   20% │    0% │  50.6 │ -0.86 │      ★★★
[14:36:43]   kf_price_innovation            │   11% │    22% │   24% │    1% │  40.1 │ -0.31 │      ★★★
[14:36:43]   wave_slope                     │   16% │    14% │   16% │    1% │  27.4 │ -0.89 │      ★★★
[14:36:43]   current_slope                  │   15% │    14% │   15% │    1% │  25.3 │ -0.82 │      ★★★
[14:36:43]   kf_price_pred_val              │   27% │    24% │   35% │    1% │  25.3 │ -1.71 │      ★★★
[14:36:43]   wave_accel                     │   20% │    23% │   28% │    1% │  23.2 │ -1.27 │      ★★★
[14:36:43]   kf_price_filt_vel              │   15% │    18% │   25% │    1% │  21.1 │ -0.98 │      ★★★
[14:36:43]   sigma_tide                     │   24% │    18% │   24% │    1% │  17.2 │ -1.41 │      ★★★
[14:36:43]   current_accel                  │   24% │    24% │   29% │    2% │  14.6 │ -1.20 │      ★★★
[14:36:43] 
  ANTI-SIGNALS (go silent at LL turns):
[14:36:43]   tension_wave                   │    0% │ Base=2% │ LIFT=0.58 │ SILENCE = feature STOPS firing at turns
[14:36:43] 
  ── HL (85 turns) ──
[14:36:43]   Feature                        │  Det% │ Alert% │ Comb% │ Base% │  LIFT │   μ(z) │   Signal
[14:36:43]   ────────────────────────────── │ ───── │ ────── │ ───── │ ───── │ ───── │ ────── │ ────────
[14:36:43]   kf_price_innovation            │   16% │    29% │   32% │    1% │  52.9 │ -0.99 │      ★★★
[14:36:43]   kf_conj_filt_vel               │   15% │    19% │   20% │    0% │  50.0 │ -0.15 │      ★★★
[14:36:43]   current_slope                  │   22% │    22% │   22% │    1% │  37.3 │ -0.14 │      ★★★
[14:36:43]   wave_slope                     │   20% │    20% │   20% │    1% │  33.3 │ -0.16 │      ★★★
[14:36:43]   kf_price_filt_vel              │   15% │    27% │   31% │    1% │  25.5 │ -1.22 │      ★★★
[14:36:43]   wave_accel                     │   19% │    20% │   27% │    1% │  22.5 │ -0.58 │      ★★★
[14:36:43]   kf_price_pred_val              │   15% │    29% │   31% │    1% │  21.8 │ -1.30 │      ★★★
[14:36:43]   conj_wave_current              │   16% │    16% │   20% │    1% │  16.7 │ -0.08 │      ★★★
[14:36:43]   vwap_spread_current_wave       │   16% │    19% │   20% │    1% │  16.7 │ +0.03 │      ★★★
[14:36:43]   vwap_sigma_tide                │    5% │     5% │    7% │    1% │  11.8 │ -0.68 │      ★★★
[14:36:43] 
  ── HH (95 turns) ──
[14:36:43]   Feature                        │  Det% │ Alert% │ Comb% │ Base% │  LIFT │   μ(z) │   Signal
[14:36:43]   ────────────────────────────── │ ───── │ ────── │ ───── │ ───── │ ───── │ ────── │ ────────
[14:36:43]   kf_conj_filt_vel               │   17% │    14% │   19% │    0% │  47.4 │ +0.69 │      ★★★
[14:36:43]   kf_price_innovation            │   11% │    22% │   25% │    1% │  42.1 │ +0.52 │      ★★★
[14:36:43]   wave_slope                     │   16% │    18% │   19% │    1% │  31.6 │ +0.15 │      ★★★
[14:36:43]   current_slope                  │   17% │    18% │   18% │    1% │  29.8 │ +0.02 │      ★★★
[14:36:43]   wave_accel                     │   22% │    18% │   24% │    1% │  20.2 │ +1.09 │      ★★★
[14:36:43]   kf_price_filt_vel              │   16% │    18% │   24% │    1% │  20.2 │ +1.04 │      ★★★
[14:36:43]   kf_price_pred_val              │   20% │    22% │   27% │    1% │  19.5 │ +1.50 │      ★★★
[14:36:43]   conj_wave_current              │   14% │    16% │   18% │    1% │  14.9 │ +0.27 │      ★★★
[14:36:43]   vwap_spread_current_wave       │   16% │    17% │   18% │    1% │  14.9 │ -0.03 │      ★★★
[14:36:43]   current_accel                  │   17% │    19% │   22% │    2% │  11.1 │ +1.07 │      ★★★
[14:36:43] 
  ── LH (70 turns) ──
[14:36:43]   Feature                        │  Det% │ Alert% │ Comb% │ Base% │  LIFT │   μ(z) │   Signal
[14:36:43]   ────────────────────────────── │ ───── │ ────── │ ───── │ ───── │ ───── │ ────── │ ────────
[14:36:43]   kf_conj_filt_vel               │   20% │    23% │   27% │    0% │  67.9 │ -0.05 │      ★★★
[14:36:43]   kf_price_innovation            │   23% │    24% │   36% │    1% │  59.5 │ +0.92 │      ★★★
[14:36:43]   wave_slope                     │   21% │    21% │   21% │    1% │  35.7 │ -0.68 │      ★★★
[14:36:43]   current_slope                  │   17% │    19% │   20% │    1% │  33.3 │ -0.60 │      ★★★
[14:36:43]   kf_price_filt_vel              │   26% │    21% │   37% │    1% │  31.0 │ +1.36 │      ★★★
[14:36:43]   kf_price_pred_val              │   24% │    24% │   37% │    1% │  26.5 │ +1.38 │      ★★★
[14:36:43]   vwap_sigma_tide                │    4% │    14% │   14% │    1% │  23.8 │ -0.64 │      ★★★
[14:36:43]   wave_accel                     │   17% │    24% │   27% │    1% │  22.6 │ +0.30 │      ★★★
[14:36:43]   conj_wave_current              │   16% │    20% │   20% │    1% │  16.7 │ -0.33 │      ★★★
[14:36:43]   current_accel                  │   11% │    21% │   23% │    2% │  11.4 │ +0.00 │      ★★★
[14:36:43] 
  Processing MCD...
[14:36:44] ══════════════════════════════════════════════════════════════════════════════════════════
[14:36:44]   TICKER: MCD
[14:36:44] ══════════════════════════════════════════════════════════════════════════════════════════
[14:36:44]   Turns: {'HH': 42, 'HL': 43, 'LH': 29, 'LL': 27}
[14:36:44] 
  ── LL (27 turns) ──
[14:36:44]   Feature                        │  Det% │ Alert% │ Comb% │ Base% │  LIFT │   μ(z) │   Signal
[14:36:44]   ────────────────────────────── │ ───── │ ────── │ ───── │ ───── │ ───── │ ────── │ ────────
[14:36:44]   vwap_sigma_current             │   59% │    26% │   59% │    2% │  32.9 │ -2.04 │      ★★★
[14:36:44]   compression_ratio              │   30% │    26% │   30% │    1% │  24.7 │ +1.09 │      ★★★
[14:36:44]   kf_price_pred_val              │   37% │    26% │   37% │    2% │  20.6 │ -1.84 │      ★★★
[14:36:44]   vwap_sigma_tide                │   63% │    44% │   63% │    3% │  19.7 │ -1.94 │      ★★★
[14:36:44]   kf_price_filt_vel              │   22% │    26% │   37% │    2% │  16.8 │ -1.10 │      ★★★
[14:36:44]   wave_accel                     │   19% │    30% │   33% │    2% │  15.2 │ -0.80 │      ★★★
[14:36:44]   current_accel                  │   26% │    22% │   30% │    2% │  14.8 │ -1.79 │      ★★★
[14:36:44]   rsi_value                      │   52% │    30% │   52% │    4% │  14.4 │ -2.03 │      ★★★
[14:36:44]   kf_price_innovation            │   19% │    22% │   26% │    2% │  14.4 │ -0.91 │      ★★★
[14:36:44]   conj_wave_tide                 │   37% │    33% │   41% │    3% │  13.6 │ -2.39 │      ★★★
[14:36:44] 
  ANTI-SIGNALS (go silent at LL turns):
[14:36:44]   tide_slope                     │    0% │ Base=3% │ LIFT=0.00 │ SILENCE = feature STOPS firing at turns
[14:36:44] 
  ── HL (43 turns) ──
[14:36:44]   Feature                        │  Det% │ Alert% │ Comb% │ Base% │  LIFT │   μ(z) │   Signal
[14:36:44]   ────────────────────────────── │ ───── │ ────── │ ───── │ ───── │ ───── │ ────── │ ────────
[14:36:44]   kf_price_pred_val              │   33% │    19% │   44% │    2% │  24.5 │ -1.62 │      ★★★
[14:36:44]   kf_price_filt_vel              │   21% │    16% │   28% │    2% │  12.7 │ -1.06 │      ★★★
[14:36:44]   vwap_sigma_wave                │   12% │     9% │   21% │    2% │  11.6 │ -1.51 │      ★★★
[14:36:44]   compression_ratio              │    9% │    12% │   14% │    1% │  11.6 │ +0.23 │      ★★★
[14:36:44]   wave_accel                     │   14% │    19% │   23% │    2% │  10.6 │ -1.04 │      ★★★
[14:36:44]   sigma_wave                     │    2% │    12% │   14% │    1% │  10.0 │ -0.89 │      ★★★
[14:36:44]   vwap_sigma_current             │   16% │     7% │   16% │    2% │   9.0 │ -1.25 │      ★★★
[14:36:44]   kf_price_innovation            │    7% │     9% │   16% │    2% │   9.0 │ -0.33 │      ★★★
[14:36:44]   sigma_current                  │   19% │    12% │   21% │    3% │   7.5 │ -1.45 │      ★★★
[14:36:44]   kf_rvol_pred_val               │   14% │    19% │   28% │    4% │   7.3 │ +0.86 │      ★★★
[14:36:44] 
  ── HH (42 turns) ──
[14:36:44]   Feature                        │  Det% │ Alert% │ Comb% │ Base% │  LIFT │   μ(z) │   Signal
[14:36:44]   ────────────────────────────── │ ───── │ ────── │ ───── │ ───── │ ───── │ ────── │ ────────
[14:36:44]   kf_price_pred_val              │   10% │     7% │   17% │    2% │   9.3 │ +0.99 │      ★★★
[14:36:44]   current_accel                  │   14% │    14% │   17% │    2% │   8.3 │ +0.65 │      ★★★
[14:36:44]   vwap_spread_tide_current       │   10% │    10% │   10% │    2% │   6.0 │ -0.10 │      ★★★
[14:36:44]   conj_wave_tide                 │   12% │    14% │   17% │    3% │   5.6 │ +0.99 │      ★★★
[14:36:44]   kf_price_filt_vel              │    2% │    10% │   12% │    2% │   5.4 │ +0.53 │      ★★★
[14:36:44]   kf_conj_pred_val               │   12% │    10% │   12% │    3% │   4.6 │ +0.96 │      ★★★
[14:36:44]   conj_wave_current              │    7% │    12% │   12% │    3% │   4.3 │ +0.79 │      ★★★
[14:36:44]   wave_slope                     │   12% │    10% │   14% │    3% │   4.2 │ +1.00 │      ★★★
[14:36:44]   kf_price_innovation            │    2% │     7% │    7% │    2% │   4.0 │ +0.25 │      ★★★
[14:36:44]   compression_ratio              │    5% │     5% │    5% │    1% │   4.0 │ +0.05 │      ★★★
[14:36:44] 
  ANTI-SIGNALS (go silent at HH turns):
[14:36:44]   fear_level                     │    0% │ Base=2% │ LIFT=0.00 │ SILENCE = feature STOPS firing at turns
[14:36:44]   kf_rsi_filt_vel                │    0% │ Base=3% │ LIFT=0.00 │ SILENCE = feature STOPS firing at turns
[14:36:44]   tension_current                │    0% │ Base=4% │ LIFT=0.66 │ SILENCE = feature STOPS firing at turns
[14:36:44] 
  ── LH (29 turns) ──
[14:36:44]   Feature                        │  Det% │ Alert% │ Comb% │ Base% │  LIFT │   μ(z) │   Signal
[14:36:44]   ────────────────────────────── │ ───── │ ────── │ ───── │ ───── │ ───── │ ────── │ ────────
[14:36:44]   compression_ratio              │   17% │    21% │   24% │    1% │  20.1 │ +0.83 │      ★★★
[14:36:44]   kf_price_pred_val              │   24% │    21% │   31% │    2% │  17.2 │ +1.64 │      ★★★
[14:36:44]   kf_price_filt_vel              │   24% │    24% │   31% │    2% │  14.1 │ +1.54 │      ★★★
[14:36:44]   kf_price_innovation            │   14% │    24% │   24% │    2% │  13.4 │ +1.02 │      ★★★
[14:36:44]   wave_accel                     │   21% │    21% │   28% │    2% │  12.5 │ +1.12 │      ★★★
[14:36:44]   kf_conj_filt_vel               │   17% │    21% │   24% │    2% │  11.0 │ +0.61 │      ★★★
[14:36:44]   kf_conj_pred_val               │   14% │    21% │   24% │    3% │   9.3 │ -0.02 │      ★★★
[14:36:44]   conj_wave_tide                 │   14% │    24% │   28% │    3% │   9.2 │ -0.05 │      ★★★
[14:36:44]   current_accel                  │    7% │    17% │   17% │    2% │   8.6 │ +0.03 │      ★★★
[14:36:44]   wave_slope                     │   14% │    24% │   28% │    3% │   8.1 │ -0.07 │      ★★★
[14:36:44] 
  ANTI-SIGNALS (go silent at LH turns):
[14:36:44]   tide_slope                     │    0% │ Base=3% │ LIFT=0.00 │ SILENCE = feature STOPS firing at turns
[14:36:44]   current_slope                  │    0% │ Base=3% │ LIFT=0.00 │ SILENCE = feature STOPS firing at turns
[14:36:44]   tension_current                │    0% │ Base=4% │ LIFT=0.00 │ SILENCE = feature STOPS firing at turns
[14:36:44] 
  Processing MRK...
[14:36:44] ══════════════════════════════════════════════════════════════════════════════════════════
[14:36:44]   TICKER: MRK
[14:36:44] ══════════════════════════════════════════════════════════════════════════════════════════
[14:36:44]   Turns: {'HL': 60, 'LH': 53, 'LL': 50, 'HH': 56}
[14:36:44] 
  ── LL (50 turns) ──
[14:36:44]   Feature                        │  Det% │ Alert% │ Comb% │ Base% │  LIFT │   μ(z) │   Signal
[14:36:44]   ────────────────────────────── │ ───── │ ────── │ ───── │ ───── │ ───── │ ────── │ ────────
[14:36:44]   kf_conj_pred_val               │   18% │    10% │   18% │    1% │  22.5 │ -1.07 │      ★★★
[14:36:44]   vwap_sigma_current             │   32% │    22% │   36% │    2% │  20.0 │ -1.78 │      ★★★
[14:36:44]   kf_price_pred_val              │   30% │    22% │   32% │    2% │  20.0 │ -2.04 │      ★★★
[14:36:44]   conj_wave_tide                 │   14% │    10% │   14% │    1% │  17.5 │ -1.05 │      ★★★
[14:36:44]   vwap_sigma_tide                │   24% │    12% │   24% │    1% │  17.1 │ -1.43 │      ★★★
[14:36:44]   current_accel                  │   24% │    12% │   26% │    2% │  16.2 │ -1.31 │      ★★★
[14:36:44]   kf_price_filt_vel              │   24% │    22% │   32% │    2% │  16.0 │ -1.43 │      ★★★
[14:36:44]   rsi_value                      │   38% │    24% │   38% │    2% │  15.8 │ -1.83 │      ★★★
[14:36:44]   vwap_sigma_wave                │   18% │     8% │   22% │    1% │  15.7 │ -1.68 │      ★★★
[14:36:44]   sigma_tide                     │   28% │    24% │   28% │    2% │  15.6 │ -1.48 │      ★★★
[14:36:44] 
  ANTI-SIGNALS (go silent at LL turns):
[14:36:44]   tension_current                │    0% │ Base=3% │ LIFT=0.00 │ SILENCE = feature STOPS firing at turns
[14:36:44]   tension_wave                   │    0% │ Base=3% │ LIFT=0.00 │ SILENCE = feature STOPS firing at turns
[14:36:44] 
  ── HL (60 turns) ──
[14:36:44]   Feature                        │  Det% │ Alert% │ Comb% │ Base% │  LIFT │   μ(z) │   Signal
[14:36:44]   ────────────────────────────── │ ───── │ ────── │ ───── │ ───── │ ───── │ ────── │ ────────
[14:36:44]   kf_price_pred_val              │   22% │    20% │   28% │    2% │  17.7 │ -1.28 │      ★★★
[14:36:44]   vwap_sigma_wave                │   10% │     8% │   17% │    1% │  11.9 │ -1.28 │      ★★★
[14:36:44]   kf_price_filt_vel              │   12% │    15% │   23% │    2% │  11.7 │ -0.85 │      ★★★
[14:36:44]   current_accel                  │   12% │    10% │   15% │    2% │   9.4 │ -0.96 │      ★★★
[14:36:44]   sigma_wave                     │   15% │    10% │   15% │    2% │   7.5 │ -1.22 │      ★★★
[14:36:44]   sigma_current                  │   15% │    15% │   18% │    3% │   6.5 │ -1.25 │      ★★★
[14:36:44]   conj_wave_tide                 │    5% │     5% │    5% │    1% │   6.2 │ -0.22 │      ★★★
[14:36:44]   kf_conj_pred_val               │    5% │     5% │    5% │    1% │   6.2 │ -0.28 │      ★★★
[14:36:44]   kf_price_innovation            │    7% │    13% │   17% │    3% │   6.0 │ -0.32 │      ★★★
[14:36:44]   kf_tension_filt_vel            │   17% │    15% │   18% │    3% │   5.7 │ -1.13 │      ★★★
[14:36:44] 
  ANTI-SIGNALS (go silent at HL turns):
[14:36:44]   tension_wave                   │    0% │ Base=3% │ LIFT=0.00 │ SILENCE = feature STOPS firing at turns
[14:36:44] 
  ── HH (56 turns) ──
[14:36:44]   Feature                        │  Det% │ Alert% │ Comb% │ Base% │  LIFT │   μ(z) │   Signal
[14:36:44]   ────────────────────────────── │ ───── │ ────── │ ───── │ ───── │ ───── │ ────── │ ────────
[14:36:44]   kf_price_pred_val              │   18% │    18% │   27% │    2% │  16.7 │ +1.21 │      ★★★
[14:36:44]   kf_price_filt_vel              │   11% │    14% │   23% │    2% │  11.6 │ +0.74 │      ★★★
[14:36:44]   conj_wave_tide                 │    9% │     5% │    9% │    1% │  11.2 │ +0.76 │      ★★★
[14:36:44]   kf_conj_pred_val               │    9% │     5% │    9% │    1% │  11.2 │ +0.78 │      ★★★
[14:36:44]   current_accel                  │   14% │    11% │   16% │    2% │  10.0 │ +0.95 │      ★★★
[14:36:44]   tension_tide                   │   14% │    11% │   14% │    2% │   8.9 │ +0.46 │      ★★★
[14:36:44]   kf_price_innovation            │    9% │    20% │   23% │    3% │   8.3 │ +0.23 │      ★★★
[14:36:44]   kf_tension_pred_val            │   14% │    11% │   14% │    2% │   7.9 │ +0.48 │      ★★★
[14:36:44]   kf_rsi_pred_val                │   16% │    11% │   16% │    2% │   6.7 │ +1.39 │      ★★★
[14:36:44]   kf_tension_filt_vel            │   16% │    12% │   20% │    3% │   6.1 │ +0.93 │      ★★★
[14:36:44] 
  ── LH (53 turns) ──
[14:36:44]   Feature                        │  Det% │ Alert% │ Comb% │ Base% │  LIFT │   μ(z) │   Signal
[14:36:44]   ────────────────────────────── │ ───── │ ────── │ ───── │ ───── │ ───── │ ────── │ ────────
[14:36:44]   kf_price_pred_val              │   19% │    21% │   30% │    2% │  18.9 │ +1.29 │      ★★★
[14:36:44]   kf_price_filt_vel              │   17% │    23% │   30% │    2% │  15.1 │ +1.06 │      ★★★
[14:36:44]   conj_wave_tide                 │    9% │    11% │   11% │    1% │  14.2 │ -0.13 │      ★★★
[14:36:44]   kf_conj_pred_val               │    9% │     9% │    9% │    1% │  11.8 │ -0.07 │      ★★★
[14:36:44]   current_accel                  │    6% │    15% │   15% │    2% │   9.4 │ +0.59 │      ★★★
[14:36:44]   kf_price_innovation            │   15% │    19% │   25% │    3% │   8.8 │ +0.75 │      ★★★
[14:36:44]   vwap_spread_tide_wave          │   23% │    23% │   23% │    3% │   7.5 │ +0.75 │      ★★★
[14:36:44]   conj_wave_current              │   15% │    15% │   15% │    2% │   7.5 │ +0.20 │      ★★★
[14:36:44]   wave_slope                     │   13% │    17% │   17% │    2% │   7.1 │ -0.33 │      ★★★
[14:36:44]   vwap_spread_tide_current       │   21% │    21% │   21% │    3% │   6.9 │ +0.62 │      ★★★
[14:36:44] 
  Processing MSFT...
[14:36:45] ══════════════════════════════════════════════════════════════════════════════════════════
[14:36:45]   TICKER: MSFT
[14:36:45] ══════════════════════════════════════════════════════════════════════════════════════════
[14:36:45]   Turns: {'HL': 70, 'HH': 66, 'LL': 54, 'LH': 58}
[14:36:45] 
  ── LL (54 turns) ──
[14:36:45]   Feature                        │  Det% │ Alert% │ Comb% │ Base% │  LIFT │   μ(z) │   Signal
[14:36:45]   ────────────────────────────── │ ───── │ ────── │ ───── │ ───── │ ───── │ ────── │ ────────
[14:36:45]   fear_level                     │   28% │    28% │   28% │    0% │  69.4 │ +1.15 │      ★★★
[14:36:45]   vwap_sigma_tide                │   33% │    31% │   33% │    1% │  33.3 │ -1.46 │      ★★★
[14:36:45]   kf_price_innovation            │    9% │    28% │   31% │    1% │  31.5 │ -0.55 │      ★★★
[14:36:45]   kf_price_pred_val              │   30% │    37% │   48% │    2% │  30.1 │ -1.66 │      ★★★
[14:36:45]   vwap_sigma_wave                │   37% │    31% │   43% │    2% │  26.6 │ -1.92 │      ★★★
[14:36:45]   vwap_sigma_current             │   39% │    33% │   41% │    2% │  22.6 │ -1.90 │      ★★★
[14:36:45]   sigma_tide                     │   28% │    20% │   28% │    1% │  19.8 │ -1.56 │      ★★★
[14:36:45]   kf_price_filt_vel              │   15% │    26% │   28% │    1% │  19.8 │ -0.92 │      ★★★
[14:36:45]   rsi_value                      │   35% │    22% │   35% │    2% │  14.7 │ -1.85 │      ★★★
[14:36:45]   kf_rsi_pred_val                │   35% │    24% │   35% │    3% │  13.5 │ -1.82 │      ★★★
[14:36:45] 
  ANTI-SIGNALS (go silent at LL turns):
[14:36:45]   tension_current                │    0% │ Base=2% │ LIFT=0.00 │ SILENCE = feature STOPS firing at turns
[14:36:45] 
  ── HL (70 turns) ──
[14:36:45]   Feature                        │  Det% │ Alert% │ Comb% │ Base% │  LIFT │   μ(z) │   Signal
[14:36:45]   ────────────────────────────── │ ───── │ ────── │ ───── │ ───── │ ───── │ ────── │ ────────
[14:36:45]   fear_level                     │   14% │    13% │   14% │    0% │  35.7 │ +0.25 │      ★★★
[14:36:45]   kf_price_innovation            │    9% │    17% │   23% │    1% │  22.9 │ -0.53 │      ★★★
[14:36:45]   kf_price_pred_val              │   26% │    21% │   36% │    2% │  22.3 │ -1.50 │      ★★★
[14:36:45]   kf_price_filt_vel              │   14% │    19% │   29% │    1% │  20.4 │ -1.14 │      ★★★
[14:36:45]   sigma_wave                     │   16% │    10% │   19% │    1% │  13.3 │ -1.29 │      ★★★
[14:36:45]   vwap_sigma_tide                │    9% │     6% │    9% │    1% │   8.6 │ -0.55 │      ★★★
[14:36:45]   vwap_sigma_wave                │   11% │     6% │   13% │    2% │   8.0 │ -1.17 │      ★★★
[14:36:45]   sigma_current                  │   19% │    10% │   20% │    3% │   7.1 │ -1.19 │      ★★★
[14:36:45]   tide_slope                     │   13% │    13% │   13% │    2% │   7.1 │ -0.25 │      ★★★
[14:36:45]   wave_accel                     │   17% │    19% │   26% │    4% │   7.1 │ -1.12 │      ★★★
[14:36:45] 
  ── HH (66 turns) ──
[14:36:45]   Feature                        │  Det% │ Alert% │ Comb% │ Base% │  LIFT │   μ(z) │   Signal
[14:36:45]   ────────────────────────────── │ ───── │ ────── │ ───── │ ───── │ ───── │ ────── │ ────────
[14:36:45]   fear_level                     │    5% │    11% │   11% │    0% │  26.5 │ -0.33 │      ★★★
[14:36:45]   kf_price_pred_val              │   12% │     9% │   20% │    2% │  12.3 │ +1.05 │      ★★★
[14:36:45]   kf_price_filt_vel              │    5% │    11% │   15% │    1% │  10.8 │ +0.56 │      ★★★
[14:36:45]   kf_price_innovation            │    6% │     8% │   11% │    1% │  10.6 │ +0.36 │      ★★★
[14:36:45]   vwap_spread_tide_wave          │   11% │    12% │   12% │    1% │   8.7 │ +0.04 │      ★★★
[14:36:45]   tide_slope                     │   14% │    14% │   14% │    2% │   7.6 │ -0.21 │      ★★★
[14:36:45]   kf_rvol_pred_val               │   11% │     9% │   20% │    3% │   7.6 │ +0.58 │      ★★★
[14:36:45]   sigma_tide                     │    8% │     6% │    9% │    1% │   6.5 │ +1.06 │      ★★★
[14:36:45]   sigma_wave                     │    8% │     9% │    9% │    1% │   6.5 │ +1.15 │      ★★★
[14:36:45]   conj_wave_current              │    9% │     6% │   11% │    2% │   5.9 │ +0.42 │      ★★★
[14:36:45] 
  ── LH (58 turns) ──
[14:36:45]   Feature                        │  Det% │ Alert% │ Comb% │ Base% │  LIFT │   μ(z) │   Signal
[14:36:45]   ────────────────────────────── │ ───── │ ────── │ ───── │ ───── │ ───── │ ────── │ ────────
[14:36:45]   fear_level                     │   22% │    24% │   26% │    0% │  64.7 │ +0.89 │      ★★★
[14:36:45]   kf_price_innovation            │   21% │    21% │   34% │    1% │  34.5 │ +1.06 │      ★★★
[14:36:45]   kf_price_pred_val              │   33% │    26% │   41% │    2% │  25.9 │ +1.76 │      ★★★
[14:36:45]   kf_price_filt_vel              │   28% │    21% │   36% │    1% │  25.9 │ +1.59 │      ★★★
[14:36:45]   sigma_wave                     │    9% │    10% │   16% │    1% │  11.1 │ +0.97 │      ★★★
[14:36:45]   vwap_sigma_tide                │    3% │    10% │   10% │    1% │  10.3 │ -0.49 │      ★★★
[14:36:45]   wave_slope                     │   12% │    14% │   14% │    1% │   9.9 │ -0.92 │      ★★★
[14:36:45]   sigma_tide                     │    2% │    12% │   12% │    1% │   8.6 │ -0.27 │      ★★★
[14:36:45]   tide_slope                     │   16% │    16% │   16% │    2% │   8.6 │ -0.33 │      ★★★
[14:36:45]   conj_wave_current              │   10% │    14% │   14% │    2% │   7.7 │ -0.60 │      ★★★
[14:36:45] 
  Processing PEP...
[14:36:45] ══════════════════════════════════════════════════════════════════════════════════════════
[14:36:45]   TICKER: PEP
[14:36:45] ══════════════════════════════════════════════════════════════════════════════════════════
[14:36:45]   Turns: {'HL': 44, 'HH': 44, 'LH': 27, 'LL': 27}
[14:36:45] 
  ── LL (27 turns) ──
[14:36:45]   Feature                        │  Det% │ Alert% │ Comb% │ Base% │  LIFT │   μ(z) │   Signal
[14:36:45]   ────────────────────────────── │ ───── │ ────── │ ───── │ ───── │ ───── │ ────── │ ────────
[14:36:45]   sigma_tide                     │   67% │    37% │   67% │    1% │ 111.1 │ -2.30 │      ★★★
[14:36:45]   kf_price_filt_vel              │   33% │    44% │   59% │    2% │  37.0 │ -1.91 │      ★★★
[14:36:45]   vwap_sigma_current             │   48% │    26% │   52% │    2% │  32.4 │ -2.08 │      ★★★
[14:36:45]   kf_price_pred_val              │   44% │    44% │   63% │    2% │  31.5 │ -2.87 │      ★★★
[14:36:45]   kf_price_innovation            │   19% │    37% │   37% │    1% │  26.5 │ -0.96 │      ★★★
[14:36:45]   vwap_sigma_tide                │   67% │    52% │   67% │    3% │  25.6 │ -2.27 │      ★★★
[14:36:45]   wave_accel                     │   41% │    26% │   48% │    2% │  24.1 │ -1.83 │      ★★★
[14:36:45]   kf_conj_filt_vel               │   30% │    19% │   33% │    2% │  18.5 │ -1.21 │      ★★★
[14:36:45]   vwap_spread_current_wave       │   30% │    26% │   30% │    2% │  18.5 │ +1.71 │      ★★★
[14:36:45]   wave_slope                     │   37% │    22% │   37% │    2% │  15.4 │ -2.37 │      ★★★
[14:36:45] 
  ── HL (44 turns) ──
[14:36:45]   Feature                        │  Det% │ Alert% │ Comb% │ Base% │  LIFT │   μ(z) │   Signal
[14:36:45]   ────────────────────────────── │ ───── │ ────── │ ───── │ ───── │ ───── │ ────── │ ────────
[14:36:45]   sigma_tide                     │   23% │     7% │   25% │    1% │  41.7 │ -1.13 │      ★★★
[14:36:45]   vwap_sigma_wave                │    7% │    14% │   18% │    1% │  18.2 │ -1.47 │      ★★★
[14:36:45]   kf_tension_filt_vel            │   25% │    30% │   36% │    2% │  18.2 │ -1.45 │      ★★★
[14:36:45]   vwap_sigma_current             │   23% │    14% │   25% │    2% │  15.6 │ -1.52 │      ★★★
[14:36:45]   wave_accel                     │   16% │    18% │   30% │    2% │  14.8 │ -0.51 │      ★★★
[14:36:45]   kf_price_pred_val              │   20% │    14% │   27% │    2% │  13.6 │ -1.40 │      ★★★
[14:36:45]   sigma_wave                     │    2% │     5% │    7% │    1% │  11.4 │ -0.85 │      ★★★
[14:36:45]   kf_price_filt_vel              │   14% │    11% │   18% │    2% │  11.4 │ -0.88 │      ★★★
[14:36:45]   kf_price_innovation            │    5% │    14% │   16% │    1% │  11.4 │ -0.35 │      ★★★
[14:36:45]   sigma_current                  │   20% │    18% │   30% │    3% │   9.8 │ -1.38 │      ★★★
[14:36:45] 
  ANTI-SIGNALS (go silent at HL turns):
[14:36:45]   tension_current                │    0% │ Base=4% │ LIFT=0.00 │ SILENCE = feature STOPS firing at turns
[14:36:45] 
  ── HH (44 turns) ──
[14:36:45]   Feature                        │  Det% │ Alert% │ Comb% │ Base% │  LIFT │   μ(z) │   Signal
[14:36:45]   ────────────────────────────── │ ───── │ ────── │ ───── │ ───── │ ───── │ ────── │ ────────
[14:36:45]   sigma_tide                     │   14% │     9% │   14% │    1% │  22.7 │ +1.16 │      ★★★
[14:36:45]   kf_price_innovation            │    9% │    11% │   18% │    1% │  13.0 │ +0.72 │      ★★★
[14:36:45]   kf_price_pred_val              │   16% │    11% │   23% │    2% │  11.4 │ +1.32 │      ★★★
[14:36:45]   kf_rvol_pred_val               │   11% │    18% │   27% │    3% │  10.5 │ +0.34 │      ★★★
[14:36:45]   kf_price_filt_vel              │    9% │    14% │   16% │    2% │   9.9 │ +0.92 │      ★★★
[14:36:45]   kf_conj_filt_vel               │    9% │    14% │   16% │    2% │   8.8 │ +0.55 │      ★★★
[14:36:45]   conj_wave_tide                 │   16% │    18% │   18% │    2% │   8.3 │ +0.98 │      ★★★
[14:36:45]   sigma_wave                     │    5% │     0% │    5% │    1% │   7.6 │ +0.93 │      ★★★
[14:36:45]   wave_slope                     │   16% │    18% │   18% │    2% │   7.6 │ +1.00 │      ★★★
[14:36:45]   kf_conj_pred_val               │   16% │    18% │   18% │    3% │   7.0 │ +0.89 │      ★★★
[14:36:45] 
  ANTI-SIGNALS (go silent at HH turns):
[14:36:45]   fear_level                     │    0% │ Base=2% │ LIFT=0.00 │ SILENCE = feature STOPS firing at turns
[14:36:45]   tension_current                │    0% │ Base=4% │ LIFT=0.52 │ SILENCE = feature STOPS firing at turns
[14:36:45] 
  ── LH (27 turns) ──
[14:36:45]   Feature                        │  Det% │ Alert% │ Comb% │ Base% │  LIFT │   μ(z) │   Signal
[14:36:45]   ────────────────────────────── │ ───── │ ────── │ ───── │ ───── │ ───── │ ────── │ ────────
[14:36:45]   sigma_tide                     │    7% │    19% │   19% │    1% │  30.9 │ -0.10 │      ★★★
[14:36:45]   kf_price_innovation            │   19% │    33% │   37% │    1% │  26.5 │ +1.33 │      ★★★
[14:36:45]   kf_price_filt_vel              │   22% │    30% │   33% │    2% │  20.8 │ +1.71 │      ★★★
[14:36:45]   kf_price_pred_val              │   37% │    22% │   37% │    2% │  18.5 │ +1.91 │      ★★★
[14:36:45]   wave_accel                     │   26% │    19% │   33% │    2% │  16.7 │ +1.24 │      ★★★
[14:36:45]   compression_ratio              │   30% │    30% │   33% │    2% │  16.7 │ +1.47 │      ★★★
[14:36:45]   kf_tension_filt_vel            │   19% │    26% │   33% │    2% │  16.7 │ +1.24 │      ★★★
[14:36:45]   conj_wave_current              │   26% │    22% │   30% │    2% │  13.5 │ +0.22 │      ★★★
[14:36:45]   kf_conj_filt_vel               │   22% │    22% │   22% │    2% │  12.3 │ +0.67 │      ★★★
[14:36:45]   conj_wave_tide                 │   19% │    22% │   26% │    2% │  11.8 │ +0.07 │      ★★★
[14:36:45] 
  Processing PG...
[14:36:46] ══════════════════════════════════════════════════════════════════════════════════════════
[14:36:46]   TICKER: PG
[14:36:46] ══════════════════════════════════════════════════════════════════════════════════════════
[14:36:46]   Turns: {'LL': 26, 'HH': 39, 'HL': 42, 'LH': 29}
[14:36:46] 
  ── LL (26 turns) ──
[14:36:46]   Feature                        │  Det% │ Alert% │ Comb% │ Base% │  LIFT │   μ(z) │   Signal
[14:36:46]   ────────────────────────────── │ ───── │ ────── │ ───── │ ───── │ ───── │ ────── │ ────────
[14:36:46]   vwap_sigma_current             │   35% │    27% │   38% │    2% │  24.0 │ -1.86 │      ★★★
[14:36:46]   kf_price_innovation            │   15% │    35% │   38% │    2% │  21.4 │ -0.15 │      ★★★
[14:36:46]   vwap_sigma_tide                │   50% │    31% │   50% │    3% │  19.2 │ -1.80 │      ★★★
[14:36:46]   kf_price_pred_val              │   42% │    35% │   54% │    3% │  19.2 │ -2.24 │      ★★★
[14:36:46]   compression_ratio              │   23% │    23% │   27% │    2% │  16.8 │ +1.22 │      ★★★
[14:36:46]   rsi_value                      │   50% │    35% │   50% │    3% │  16.7 │ -1.85 │      ★★★
[14:36:46]   wave_accel                     │   38% │    31% │   46% │    3% │  16.5 │ -1.68 │      ★★★
[14:36:46]   sigma_tide                     │   27% │    27% │   27% │    2% │  15.0 │ -1.95 │      ★★★
[14:36:46]   kf_rsi_pred_val                │   42% │    31% │   42% │    3% │  14.1 │ -1.82 │      ★★★
[14:36:46]   kf_rvol_pred_val               │   19% │    15% │   23% │    2% │  12.8 │ +0.89 │      ★★★
[14:36:46] 
  ANTI-SIGNALS (go silent at LL turns):
[14:36:46]   tide_slope                     │    0% │ Base=8% │ LIFT=0.00 │ SILENCE = feature STOPS firing at turns
[14:36:46]   tension_current                │    0% │ Base=4% │ LIFT=0.00 │ SILENCE = feature STOPS firing at turns
[14:36:46]   vwap_spread_tide_current       │    4% │ Base=6% │ LIFT=0.69 │ SILENCE = feature STOPS firing at turns
[14:36:46] 
  ── HL (42 turns) ──
[14:36:46]   Feature                        │  Det% │ Alert% │ Comb% │ Base% │  LIFT │   μ(z) │   Signal
[14:36:46]   ────────────────────────────── │ ───── │ ────── │ ───── │ ───── │ ───── │ ────── │ ────────
[14:36:46]   kf_rvol_filt_vel               │   17% │    21% │   36% │    2% │  17.9 │ +0.67 │      ★★★
[14:36:46]   tension_wave                   │    0% │     7% │    7% │    0% │  17.9 │ +0.83 │      ★★★
[14:36:46]   kf_rvol_pred_val               │   17% │    17% │   29% │    2% │  15.9 │ +0.74 │      ★★★
[14:36:46]   kf_price_innovation            │   12% │    17% │   24% │    2% │  13.2 │ -0.60 │      ★★★
[14:36:46]   sigma_current                  │   24% │    19% │   29% │    2% │  11.9 │ -1.40 │      ★★★
[14:36:46]   vwap_sigma_current             │   17% │    10% │   19% │    2% │  11.9 │ -1.35 │      ★★★
[14:36:46]   kf_price_pred_val              │   24% │    19% │   31% │    3% │  11.1 │ -1.49 │      ★★★
[14:36:46]   kf_price_filt_vel              │   19% │    17% │   29% │    3% │   9.5 │ -1.06 │      ★★★
[14:36:46]   wave_accel                     │   14% │    19% │   26% │    3% │   9.4 │ -0.86 │      ★★★
[14:36:46]   sigma_tide                     │   14% │     2% │   14% │    2% │   7.9 │ -0.88 │      ★★★
[14:36:46] 
  ANTI-SIGNALS (go silent at HL turns):
[14:36:46]   tension_current                │    0% │ Base=4% │ LIFT=0.66 │ SILENCE = feature STOPS firing at turns
[14:36:46] 
  ── HH (39 turns) ──
[14:36:46]   Feature                        │  Det% │ Alert% │ Comb% │ Base% │  LIFT │   μ(z) │   Signal
[14:36:46]   ────────────────────────────── │ ───── │ ────── │ ───── │ ───── │ ───── │ ────── │ ────────
[14:36:46]   kf_rvol_filt_vel               │    8% │    10% │   18% │    2% │   9.0 │ +0.16 │      ★★★
[14:36:46]   tension_wave                   │    0% │     3% │    3% │    0% │   6.4 │ -0.79 │      ★★★
[14:36:46]   kf_price_pred_val              │    8% │     8% │   13% │    3% │   4.6 │ +0.84 │      ★★★
[14:36:46]   kf_price_innovation            │    3% │     5% │    8% │    2% │   4.3 │ +0.23 │      ★★★
[14:36:46]   kf_rvol_pred_val               │    8% │     3% │    8% │    2% │   4.3 │ +0.07 │      ★★★
[14:36:46]   vwap_spread_current_wave       │    8% │     8% │   10% │    3% │   3.9 │ -0.85 │      ★★★
[14:36:46]   compression_ratio              │    3% │     3% │    5% │    2% │   3.2 │ -0.03 │      ★★★
[14:36:46]   sigma_tide                     │    5% │     3% │    5% │    2% │   2.8 │ +1.06 │       ★★
[14:36:46]   conj_current_tide              │   10% │    13% │   13% │    5% │   2.8 │ +0.55 │       ★★
[14:36:46]   kf_price_filt_vel              │    5% │     3% │    8% │    3% │   2.6 │ +0.47 │       ★★
[14:36:46] 
  ANTI-SIGNALS (go silent at HH turns):
[14:36:46]   tension_current                │    0% │ Base=4% │ LIFT=0.00 │ SILENCE = feature STOPS firing at turns
[14:36:46]   fear_level                     │    0% │ Base=4% │ LIFT=0.00 │ SILENCE = feature STOPS firing at turns
[14:36:46] 
  ── LH (29 turns) ──
[14:36:46]   Feature                        │  Det% │ Alert% │ Comb% │ Base% │  LIFT │   μ(z) │   Signal
[14:36:46]   ────────────────────────────── │ ───── │ ────── │ ───── │ ───── │ ───── │ ────── │ ────────
[14:36:46]   kf_price_innovation            │   17% │    21% │   31% │    2% │  17.2 │ +0.72 │      ★★★
[14:36:46]   compression_ratio              │   21% │    21% │   24% │    2% │  15.1 │ +0.94 │      ★★★
[14:36:46]   wave_accel                     │   28% │    34% │   38% │    3% │  13.5 │ +1.41 │      ★★★
[14:36:46]   kf_price_pred_val              │   24% │    31% │   38% │    3% │  13.5 │ +1.80 │      ★★★
[14:36:46]   kf_price_filt_vel              │   24% │    28% │   34% │    3% │  11.5 │ +1.52 │      ★★★
[14:36:46]   kf_conj_filt_vel               │   28% │    31% │   31% │    3% │   9.7 │ +0.60 │      ★★★
[14:36:46]   kf_rvol_pred_val               │    7% │    10% │   17% │    2% │   9.6 │ +0.38 │      ★★★
[14:36:46]   kf_rvol_filt_vel               │   10% │     3% │   14% │    2% │   6.9 │ +0.38 │      ★★★
[14:36:46]   sigma_tide                     │    3% │     7% │   10% │    2% │   5.7 │ +0.23 │      ★★★
[14:36:46]   kf_conj_pred_val               │   17% │    17% │   21% │    4% │   5.4 │ +0.15 │      ★★★
[14:36:46] 
  ANTI-SIGNALS (go silent at LH turns):
[14:36:46]   tide_slope                     │    3% │ Base=8% │ LIFT=0.42 │ SILENCE = feature STOPS firing at turns
[14:36:46]   tide_accel                     │    0% │ Base=6% │ LIFT=0.62 │ SILENCE = feature STOPS firing at turns
[14:36:46]   vwap_spread_tide_current       │    3% │ Base=6% │ LIFT=0.62 │ SILENCE = feature STOPS firing at turns
[14:36:46] 
  Processing QQQ...
[14:36:47] ══════════════════════════════════════════════════════════════════════════════════════════
[14:36:47]   TICKER: QQQ
[14:36:47] ══════════════════════════════════════════════════════════════════════════════════════════
[14:36:47]   Turns: {'HH': 83, 'LL': 78, 'LH': 71, 'HL': 76}
[14:36:47] 
  ── LL (78 turns) ──
[14:36:47]   Feature                        │  Det% │ Alert% │ Comb% │ Base% │  LIFT │   μ(z) │   Signal
[14:36:47]   ────────────────────────────── │ ───── │ ────── │ ───── │ ───── │ ───── │ ────── │ ────────
[14:36:47]   kf_price_pred_val              │   42% │    47% │   55% │    1% │  55.1 │ -2.10 │      ★★★
[14:36:47]   kf_price_innovation            │   21% │    40% │   49% │    1% │  48.7 │ -0.63 │      ★★★
[14:36:47]   fear_level                     │   46% │    44% │   46% │    1% │  46.2 │ +1.41 │      ★★★
[14:36:47]   vwap_sigma_tide                │   46% │    41% │   46% │    1% │  38.5 │ -1.81 │      ★★★
[14:36:47]   kf_price_filt_vel              │   24% │    37% │   45% │    1% │  37.4 │ -1.19 │      ★★★
[14:36:47]   sigma_tide                     │   36% │    27% │   36% │    1% │  29.9 │ -1.46 │      ★★★
[14:36:47]   current_slope                  │   28% │    28% │   28% │    1% │  28.2 │ -1.32 │      ★★★
[14:36:47]   vwap_spread_current_wave       │   27% │    26% │   27% │    1% │  26.9 │ +1.39 │      ★★★
[14:36:47]   vwap_sigma_current             │   40% │    26% │   42% │    2% │  26.4 │ -1.93 │      ★★★
[14:36:47]   wave_slope                     │   40% │    33% │   41% │    2% │  25.6 │ -1.83 │      ★★★
[14:36:47] 
  ── HL (76 turns) ──
[14:36:47]   Feature                        │  Det% │ Alert% │ Comb% │ Base% │  LIFT │   μ(z) │   Signal
[14:36:47]   ────────────────────────────── │ ───── │ ────── │ ───── │ ───── │ ───── │ ────── │ ────────
[14:36:47]   kf_price_pred_val              │   22% │    17% │   28% │    1% │  27.6 │ -1.38 │      ★★★
[14:36:47]   kf_price_innovation            │    8% │    18% │   22% │    1% │  22.4 │ -0.70 │      ★★★
[14:36:47]   sigma_tide                     │   20% │    13% │   21% │    1% │  17.5 │ -0.99 │      ★★★
[14:36:47]   wave_accel                     │   18% │    17% │   24% │    2% │  14.8 │ -0.80 │      ★★★
[14:36:47]   current_slope                  │   14% │    13% │   14% │    1% │  14.5 │ -0.37 │      ★★★
[14:36:47]   conj_wave_current              │   14% │    16% │   17% │    1% │  14.3 │ -0.51 │      ★★★
[14:36:47]   kf_rvol_pred_val               │   14% │    21% │   29% │    2% │  13.2 │ +0.58 │      ★★★
[14:36:47]   kf_price_filt_vel              │   13% │     9% │   16% │    1% │  13.2 │ -1.03 │      ★★★
[14:36:47]   vwap_spread_current_wave       │   12% │    12% │   12% │    1% │  11.8 │ +0.34 │      ★★★
[14:36:47]   kf_conj_filt_vel               │   16% │    16% │   20% │    2% │  11.0 │ -0.59 │      ★★★
[14:36:47] 
  ── HH (83 turns) ──
[14:36:47]   Feature                        │  Det% │ Alert% │ Comb% │ Base% │  LIFT │   μ(z) │   Signal
[14:36:47]   ────────────────────────────── │ ───── │ ────── │ ───── │ ───── │ ───── │ ────── │ ────────
[14:36:47]   kf_price_pred_val              │   11% │    17% │   23% │    1% │  22.9 │ +0.95 │      ★★★
[14:36:47]   vwap_spread_current_wave       │   16% │    16% │   19% │    1% │  19.3 │ +0.04 │      ★★★
[14:36:47]   current_slope                  │   18% │    17% │   18% │    1% │  18.1 │ -0.13 │      ★★★
[14:36:47]   wave_accel                     │   17% │    19% │   23% │    2% │  14.3 │ +0.90 │      ★★★
[14:36:47]   vwap_spread_tide_wave          │   20% │    22% │   22% │    2% │  13.6 │ +0.22 │      ★★★
[14:36:47]   kf_price_innovation            │    8% │    11% │   13% │    1% │  13.3 │ +0.28 │      ★★★
[14:36:47]   conj_wave_current              │   13% │    13% │   16% │    1% │  13.1 │ +0.73 │      ★★★
[14:36:47]   conj_current_tide              │   17% │    18% │   18% │    1% │  12.9 │ +0.00 │      ★★★
[14:36:47]   kf_price_filt_vel              │    7% │    12% │   14% │    1% │  12.0 │ +0.49 │      ★★★
[14:36:47]   kf_conj_filt_vel               │   16% │    17% │   19% │    2% │  10.7 │ +0.77 │      ★★★
[14:36:47] 
  ── LH (71 turns) ──
[14:36:47]   Feature                        │  Det% │ Alert% │ Comb% │ Base% │  LIFT │   μ(z) │   Signal
[14:36:47]   ────────────────────────────── │ ───── │ ────── │ ───── │ ───── │ ───── │ ────── │ ────────
[14:36:47]   kf_price_pred_val              │   39% │    41% │   58% │    1% │  57.7 │ +1.80 │      ★★★
[14:36:47]   kf_price_innovation            │   23% │    39% │   51% │    1% │  50.7 │ +0.92 │      ★★★
[14:36:47]   kf_price_filt_vel              │   34% │    41% │   58% │    1% │  48.1 │ +1.73 │      ★★★
[14:36:47]   tension_wave                   │   21% │    18% │   30% │    1% │  37.0 │ +1.04 │      ★★★
[14:36:47]   fear_level                     │   30% │    37% │   37% │    1% │  36.6 │ +0.98 │      ★★★
[14:36:47]   current_slope                  │   27% │    25% │   27% │    1% │  26.8 │ -1.00 │      ★★★
[14:36:47]   wave_accel                     │   23% │    30% │   42% │    2% │  26.4 │ +0.84 │      ★★★
[14:36:47]   vwap_sigma_tide                │   17% │    28% │   28% │    1% │  23.5 │ -0.89 │      ★★★
[14:36:47]   vwap_spread_current_wave       │   23% │    21% │   23% │    1% │  22.5 │ +1.12 │      ★★★
[14:36:47]   wave_slope                     │   31% │    35% │   35% │    2% │  22.0 │ -1.23 │      ★★★
[14:36:47] 
  Processing SPY...
[14:36:47] ══════════════════════════════════════════════════════════════════════════════════════════
[14:36:47]   TICKER: SPY
[14:36:47] ══════════════════════════════════════════════════════════════════════════════════════════
[14:36:47]   Turns: {'HL': 68, 'HH': 68, 'LH': 49, 'LL': 50}
[14:36:47] 
  ── LL (50 turns) ──
[14:36:47]   Feature                        │  Det% │ Alert% │ Comb% │ Base% │  LIFT │   μ(z) │   Signal
[14:36:47]   ────────────────────────────── │ ───── │ ────── │ ───── │ ───── │ ───── │ ────── │ ────────
[14:36:47]   sigma_tide                     │   58% │    48% │   58% │    2% │  32.2 │ -2.10 │      ★★★
[14:36:47]   kf_price_pred_val              │   42% │    40% │   56% │    2% │  31.1 │ -2.41 │      ★★★
[14:36:47]   vwap_sigma_current             │   64% │    44% │   66% │    2% │  27.5 │ -2.17 │      ★★★
[14:36:47]   kf_rsi_pred_val                │   44% │    30% │   46% │    2% │  23.0 │ -2.05 │      ★★★
[14:36:47]   rsi_value                      │   48% │    36% │   48% │    2% │  20.0 │ -2.13 │      ★★★
[14:36:47]   vwap_sigma_tide                │   58% │    50% │   58% │    3% │  17.1 │ -2.12 │      ★★★
[14:36:47]   wave_accel                     │   32% │    28% │   36% │    2% │  16.4 │ -1.72 │      ★★★
[14:36:47]   vwap_sigma_wave                │   34% │    24% │   42% │    3% │  16.2 │ -1.87 │      ★★★
[14:36:47]   kf_price_filt_vel              │   22% │    36% │   42% │    3% │  16.2 │ -1.38 │      ★★★
[14:36:47]   kf_price_innovation            │   16% │    36% │   42% │    3% │  16.2 │ -0.68 │      ★★★
[14:36:47] 
  ANTI-SIGNALS (go silent at LL turns):
[14:36:47]   tension_current                │    0% │ Base=3% │ LIFT=0.62 │ SILENCE = feature STOPS firing at turns
[14:36:47] 
  ── HL (68 turns) ──
[14:36:47]   Feature                        │  Det% │ Alert% │ Comb% │ Base% │  LIFT │   μ(z) │   Signal
[14:36:47]   ────────────────────────────── │ ───── │ ────── │ ───── │ ───── │ ───── │ ────── │ ────────
[14:36:47]   kf_price_pred_val              │   29% │    26% │   40% │    2% │  22.1 │ -1.75 │      ★★★
[14:36:47]   sigma_tide                     │   37% │    24% │   37% │    2% │  20.4 │ -1.29 │      ★★★
[14:36:47]   kf_rsi_pred_val                │   31% │    18% │   32% │    2% │  16.2 │ -1.77 │      ★★★
[14:36:47]   rsi_value                      │   35% │    16% │   35% │    2% │  14.7 │ -1.77 │      ★★★
[14:36:47]   kf_rvol_pred_val               │   19% │    28% │   35% │    2% │  14.7 │ +1.02 │      ★★★
[14:36:47]   vwap_sigma_wave                │   28% │    24% │   38% │    3% │  14.7 │ -1.67 │      ★★★
[14:36:47]   sigma_wave                     │   12% │    10% │   19% │    1% │  13.7 │ -1.13 │      ★★★
[14:36:47]   sigma_current                  │   28% │    28% │   35% │    3% │  13.6 │ -1.61 │      ★★★
[14:36:47]   vwap_sigma_current             │   31% │    26% │   32% │    2% │  13.5 │ -1.61 │      ★★★
[14:36:47]   kf_price_filt_vel              │   18% │    26% │   34% │    3% │  13.0 │ -1.14 │      ★★★
[14:36:47] 
  ── HH (68 turns) ──
[14:36:47]   Feature                        │  Det% │ Alert% │ Comb% │ Base% │  LIFT │   μ(z) │   Signal
[14:36:47]   ────────────────────────────── │ ───── │ ────── │ ───── │ ───── │ ───── │ ────── │ ────────
[14:36:47]   kf_price_pred_val              │    6% │     6% │   12% │    2% │   6.5 │ +0.64 │      ★★★
[14:36:47]   conj_current_tide              │    9% │    10% │   12% │    3% │   4.5 │ +0.25 │      ★★★
[14:36:47]   tide_slope                     │    7% │     7% │    7% │    2% │   4.1 │ -0.00 │      ★★★
[14:36:47]   kf_price_innovation            │    4% │     7% │   10% │    3% │   4.0 │ +0.37 │      ★★★
[14:36:47]   conj_wave_tide                 │   12% │    12% │   12% │    3% │   3.9 │ +0.68 │      ★★★
[14:36:47]   kf_conj_pred_val               │   10% │    12% │   12% │    3% │   3.9 │ +0.70 │      ★★★
[14:36:47]   current_accel                  │   13% │    19% │   19% │    5% │   3.5 │ +0.72 │      ★★★
[14:36:47]   wave_accel                     │    7% │     6% │    7% │    2% │   3.3 │ +0.66 │      ★★★
[14:36:47]   conj_wave_current              │   10% │     7% │   10% │    3% │   3.2 │ +0.58 │      ★★★
[14:36:47]   vwap_spread_tide_current       │    9% │    10% │   10% │    3% │   3.2 │ +0.01 │      ★★★
[14:36:47] 
  ANTI-SIGNALS (go silent at HH turns):
[14:36:47]   kf_rsi_filt_vel                │    0% │ Base=3% │ LIFT=0.00 │ SILENCE = feature STOPS firing at turns
[14:36:47]   vwap_sigma_tide                │    1% │ Base=3% │ LIFT=0.43 │ SILENCE = feature STOPS firing at turns
[14:36:47]   kf_tension_filt_vel            │    1% │ Base=5% │ LIFT=0.54 │ SILENCE = feature STOPS firing at turns
[14:36:47] 
  ── LH (49 turns) ──
[14:36:47]   Feature                        │  Det% │ Alert% │ Comb% │ Base% │  LIFT │   μ(z) │   Signal
[14:36:47]   ────────────────────────────── │ ───── │ ────── │ ───── │ ───── │ ───── │ ────── │ ────────
[14:36:47]   kf_price_pred_val              │   31% │    31% │   41% │    2% │  22.7 │ +1.89 │      ★★★
[14:36:47]   wave_accel                     │   27% │    39% │   47% │    2% │  21.3 │ +1.13 │      ★★★
[14:36:47]   kf_conj_filt_vel               │   37% │    37% │   45% │    2% │  18.7 │ +0.52 │      ★★★
[14:36:47]   kf_price_filt_vel              │   27% │    29% │   39% │    3% │  14.9 │ +1.75 │      ★★★
[14:36:47]   kf_price_innovation            │   22% │    33% │   39% │    3% │  14.9 │ +1.37 │      ★★★
[14:36:47]   fear_level                     │   20% │    22% │   24% │    2% │  11.1 │ +0.78 │      ★★★
[14:36:47]   wave_slope                     │   29% │    31% │   31% │    3% │  10.9 │ -0.97 │      ★★★
[14:36:47]   kf_conj_pred_val               │   27% │    27% │   29% │    3% │   9.5 │ -0.69 │      ★★★
[14:36:47]   sigma_tide                     │    8% │    16% │   16% │    2% │   9.1 │ -0.36 │      ★★★
[14:36:47]   conj_wave_tide                 │   24% │    27% │   27% │    3% │   8.8 │ -0.74 │      ★★★
[14:36:47] 
  Processing WMT...
[14:36:48] ══════════════════════════════════════════════════════════════════════════════════════════
[14:36:48]   TICKER: WMT
[14:36:48] ══════════════════════════════════════════════════════════════════════════════════════════
[14:36:48]   Turns: {'HL': 52, 'HH': 52, 'LL': 32, 'LH': 32}
[14:36:48] 
  ── LL (32 turns) ──
[14:36:48]   Feature                        │  Det% │ Alert% │ Comb% │ Base% │  LIFT │   μ(z) │   Signal
[14:36:48]   ────────────────────────────── │ ───── │ ────── │ ───── │ ───── │ ───── │ ────── │ ────────
[14:36:48]   vwap_sigma_current             │   44% │    38% │   50% │    1% │  50.0 │ -2.00 │      ★★★
[14:36:48]   kf_price_filt_vel              │    9% │    28% │   31% │    1% │  31.2 │ -0.83 │      ★★★
[14:36:48]   vwap_sigma_wave                │   28% │    25% │   41% │    1% │  29.0 │ -1.81 │      ★★★
[14:36:48]   kf_price_pred_val              │   25% │    31% │   38% │    1% │  26.8 │ -1.62 │      ★★★
[14:36:48]   sigma_tide                     │   34% │    31% │   34% │    2% │  21.5 │ -1.84 │      ★★★
[14:36:48]   sigma_current                  │   22% │    19% │   25% │    2% │  13.9 │ -1.44 │      ★★★
[14:36:48]   kf_rsi_pred_val                │   31% │    28% │   38% │    3% │  13.4 │ -1.85 │      ★★★
[14:36:48]   rsi_value                      │   31% │    31% │   38% │    3% │  12.5 │ -1.89 │      ★★★
[14:36:48]   kf_price_innovation            │   25% │    34% │   38% │    3% │  12.5 │ -0.40 │      ★★★
[14:36:48]   tension_tide                   │   25% │    22% │   28% │    2% │  11.7 │ -0.64 │      ★★★
[14:36:48] 
  ANTI-SIGNALS (go silent at LL turns):
[14:36:48]   tension_current                │    0% │ Base=5% │ LIFT=0.00 │ SILENCE = feature STOPS firing at turns
[14:36:48]   tension_wave                   │    0% │ Base=2% │ LIFT=0.00 │ SILENCE = feature STOPS firing at turns
[14:36:48] 
  ── HL (52 turns) ──
[14:36:48]   Feature                        │  Det% │ Alert% │ Comb% │ Base% │  LIFT │   μ(z) │   Signal
[14:36:48]   ────────────────────────────── │ ───── │ ────── │ ───── │ ───── │ ───── │ ────── │ ────────
[14:36:48]   kf_price_pred_val              │   27% │    21% │   33% │    1% │  23.4 │ -1.54 │      ★★★
[14:36:48]   kf_price_filt_vel              │   12% │    15% │   23% │    1% │  23.1 │ -1.04 │      ★★★
[14:36:48]   vwap_sigma_current             │   17% │    13% │   17% │    1% │  17.3 │ -1.05 │      ★★★
[14:36:48]   vwap_sigma_wave                │   17% │    13% │   21% │    1% │  15.1 │ -1.27 │      ★★★
[14:36:48]   sigma_current                  │   15% │    13% │   17% │    2% │   9.6 │ -1.33 │      ★★★
[14:36:48]   kf_rvol_pred_val               │   12% │    13% │   21% │    2% │   9.6 │ +0.76 │      ★★★
[14:36:48]   sigma_wave                     │   10% │    19% │   19% │    2% │   8.7 │ -1.38 │      ★★★
[14:36:48]   kf_rvol_filt_vel               │   10% │    13% │   21% │    3% │   7.6 │ +0.53 │      ★★★
[14:36:48]   sigma_tide                     │   12% │     8% │   12% │    2% │   7.2 │ -0.71 │      ★★★
[14:36:48]   tension_tide                   │   15% │    13% │   17% │    2% │   7.2 │ -0.20 │      ★★★
[14:36:48] 
  ── HH (52 turns) ──
[14:36:48]   Feature                        │  Det% │ Alert% │ Comb% │ Base% │  LIFT │   μ(z) │   Signal
[14:36:48]   ────────────────────────────── │ ───── │ ────── │ ───── │ ───── │ ───── │ ────── │ ────────
[14:36:48]   kf_price_filt_vel              │   12% │    23% │   27% │    1% │  26.9 │ +0.76 │      ★★★
[14:36:48]   kf_price_pred_val              │   19% │    27% │   33% │    1% │  23.4 │ +1.30 │      ★★★
[14:36:48]   vwap_sigma_current             │   12% │    12% │   15% │    1% │  15.4 │ +1.24 │      ★★★
[14:36:48]   sigma_tide                     │   13% │    15% │   17% │    2% │  10.8 │ +0.97 │      ★★★
[14:36:48]   sigma_current                  │   13% │    10% │   19% │    2% │  10.7 │ +1.23 │      ★★★
[14:36:48]   vwap_sigma_wave                │    6% │     8% │   12% │    1% │   8.2 │ +1.34 │      ★★★
[14:36:48]   wave_accel                     │   17% │    15% │   21% │    3% │   7.1 │ +0.99 │      ★★★
[14:36:48]   kf_rvol_pred_val               │   10% │    10% │   15% │    2% │   7.0 │ +0.46 │      ★★★
[14:36:48]   kf_price_innovation            │   12% │    17% │   19% │    3% │   6.4 │ +0.03 │      ★★★
[14:36:48]   kf_rsi_pred_val                │   17% │    12% │   17% │    3% │   6.2 │ +1.30 │      ★★★
[14:36:48] 
  ANTI-SIGNALS (go silent at HH turns):
[14:36:48]   fear_level                     │    2% │ Base=3% │ LIFT=0.60 │ SILENCE = feature STOPS firing at turns
[14:36:48] 
  ── LH (32 turns) ──
[14:36:48]   Feature                        │  Det% │ Alert% │ Comb% │ Base% │  LIFT │   μ(z) │   Signal
[14:36:48]   ────────────────────────────── │ ───── │ ────── │ ───── │ ───── │ ───── │ ────── │ ────────
[14:36:48]   kf_price_pred_val              │   22% │    19% │   31% │    1% │  22.3 │ +1.41 │      ★★★
[14:36:48]   kf_price_filt_vel              │   16% │    12% │   19% │    1% │  18.8 │ +1.15 │      ★★★
[14:36:48]   vwap_sigma_current             │    0% │     9% │    9% │    1% │   9.4 │ +0.38 │      ★★★
[14:36:48]   kf_rvol_filt_vel               │   12% │     9% │   22% │    3% │   7.8 │ +0.76 │      ★★★
[14:36:48]   kf_rsi_filt_vel                │   12% │    12% │   25% │    3% │   7.4 │ +1.15 │      ★★★
[14:36:48]   compression_ratio              │   16% │    16% │   16% │    2% │   7.1 │ +0.48 │      ★★★
[14:36:48]   kf_rvol_pred_val               │   12% │     3% │   16% │    2% │   7.1 │ +0.81 │      ★★★
[14:36:48]   kf_tension_pred_val            │    9% │    12% │   16% │    2% │   6.5 │ +0.10 │      ★★★
[14:36:48]   kf_price_innovation            │    9% │    16% │   19% │    3% │   6.2 │ +0.73 │      ★★★
[14:36:48]   sigma_tide                     │    6% │     9% │    9% │    2% │   5.9 │ +0.06 │      ★★★
[14:36:48] 
  Processing XOM...
[14:36:48] ══════════════════════════════════════════════════════════════════════════════════════════
[14:36:48]   TICKER: XOM
[14:36:48] ══════════════════════════════════════════════════════════════════════════════════════════
[14:36:48]   Turns: {'HL': 65, 'HH': 61, 'LH': 58, 'LL': 55}
[14:36:48] 
  ── LL (55 turns) ──
[14:36:48]   Feature                        │  Det% │ Alert% │ Comb% │ Base% │  LIFT │   μ(z) │   Signal
[14:36:48]   ────────────────────────────── │ ───── │ ────── │ ───── │ ───── │ ───── │ ────── │ ────────
[14:36:48]   kf_price_pred_val              │   36% │    27% │   49% │    2% │  27.3 │ -1.84 │      ★★★
[14:36:48]   kf_price_filt_vel              │   18% │    25% │   36% │    1% │  26.0 │ -1.23 │      ★★★
[14:36:48]   vwap_sigma_tide                │   24% │    18% │   24% │    1% │  23.6 │ -1.29 │      ★★★
[14:36:48]   kf_price_innovation            │   16% │    20% │   29% │    1% │  20.8 │ -0.79 │      ★★★
[14:36:48]   vwap_sigma_wave                │    9% │    15% │   22% │    1% │  15.6 │ -1.52 │      ★★★
[14:36:48]   sigma_tide                     │   27% │    22% │   27% │    2% │  13.6 │ -1.55 │      ★★★
[14:36:48]   conj_wave_tide                 │   20% │    13% │   20% │    2% │  12.5 │ -1.34 │      ★★★
[14:36:48]   vwap_sigma_current             │   22% │    16% │   24% │    2% │  11.8 │ -1.55 │      ★★★
[14:36:48]   wave_accel                     │   31% │    20% │   35% │    3% │  11.5 │ -1.32 │      ★★★
[14:36:48]   compression_ratio              │   16% │    18% │   18% │    2% │  10.1 │ +0.64 │      ★★★
[14:36:48] 
  ANTI-SIGNALS (go silent at LL turns):
[14:36:48]   tension_current                │    0% │ Base=3% │ LIFT=0.57 │ SILENCE = feature STOPS firing at turns
[14:36:48] 
  ── HL (65 turns) ──
[14:36:48]   Feature                        │  Det% │ Alert% │ Comb% │ Base% │  LIFT │   μ(z) │   Signal
[14:36:48]   ────────────────────────────── │ ───── │ ────── │ ───── │ ───── │ ───── │ ────── │ ────────
[14:36:48]   kf_price_filt_vel              │   22% │    22% │   29% │    1% │  20.9 │ -1.13 │      ★★★
[14:36:48]   kf_price_innovation            │   12% │    18% │   26% │    1% │  18.7 │ -0.53 │      ★★★
[14:36:48]   kf_price_pred_val              │   25% │    20% │   31% │    2% │  17.1 │ -1.49 │      ★★★
[14:36:48]   current_slope                  │   15% │    15% │   15% │    1% │  12.8 │ -0.04 │      ★★★
[14:36:48]   conj_wave_current              │   15% │    15% │   20% │    2% │  10.0 │ -0.31 │      ★★★
[14:36:48]   conj_current_tide              │   15% │    15% │   15% │    2% │   9.6 │ -0.03 │      ★★★
[14:36:48]   vwap_spread_current_wave       │   14% │    15% │   15% │    2% │   9.6 │ -0.05 │      ★★★
[14:36:48]   wave_accel                     │   20% │    20% │   28% │    3% │   9.2 │ -1.20 │      ★★★
[14:36:48]   kf_tension_filt_vel            │   17% │    14% │   23% │    3% │   8.9 │ -0.98 │      ★★★
[14:36:48]   sigma_wave                     │   11% │     8% │   14% │    2% │   8.7 │ -1.09 │      ★★★
[14:36:48] 
  ── HH (61 turns) ──
[14:36:48]   Feature                        │  Det% │ Alert% │ Comb% │ Base% │  LIFT │   μ(z) │   Signal
[14:36:48]   ────────────────────────────── │ ───── │ ────── │ ───── │ ───── │ ───── │ ────── │ ────────
[14:36:48]   kf_price_pred_val              │   20% │    10% │   23% │    2% │  12.8 │ +1.29 │      ★★★
[14:36:48]   current_slope                  │   15% │    11% │   15% │    1% │  12.3 │ +0.42 │      ★★★
[14:36:48]   vwap_sigma_tide                │   10% │    10% │   11% │    1% │  11.5 │ +0.89 │      ★★★
[14:36:48]   conj_wave_tide                 │   18% │    16% │   18% │    2% │  11.3 │ +0.92 │      ★★★
[14:36:48]   kf_price_filt_vel              │    8% │    11% │   15% │    1% │  10.5 │ +0.78 │      ★★★
[14:36:48]   vwap_spread_current_wave       │   16% │    15% │   16% │    2% │  10.2 │ -0.65 │      ★★★
[14:36:48]   conj_current_tide              │   15% │    13% │   15% │    2% │   9.2 │ +0.36 │      ★★★
[14:36:48]   kf_conj_pred_val               │   20% │    18% │   20% │    2% │   8.9 │ +0.91 │      ★★★
[14:36:48]   current_accel                  │   20% │    20% │   23% │    3% │   8.2 │ +1.13 │      ★★★
[14:36:48]   kf_tension_filt_vel            │   16% │    11% │   20% │    3% │   7.6 │ +0.80 │      ★★★
[14:36:48] 
  ANTI-SIGNALS (go silent at HH turns):
[14:36:48]   tension_tide                   │    0% │ Base=4% │ LIFT=0.00 │ SILENCE = feature STOPS firing at turns
[14:36:48]   kf_tension_pred_val            │    0% │ Base=4% │ LIFT=0.37 │ SILENCE = feature STOPS firing at turns
[14:36:48]   tension_current                │    2% │ Base=3% │ LIFT=0.51 │ SILENCE = feature STOPS firing at turns
[14:36:48] 
  ── LH (58 turns) ──
[14:36:48]   Feature                        │  Det% │ Alert% │ Comb% │ Base% │  LIFT │   μ(z) │   Signal
[14:36:48]   ────────────────────────────── │ ───── │ ────── │ ───── │ ───── │ ───── │ ────── │ ────────
[14:36:48]   kf_price_filt_vel              │   22% │    21% │   29% │    1% │  20.9 │ +1.34 │      ★★★
[14:36:48]   kf_price_pred_val              │   22% │    21% │   31% │    2% │  17.2 │ +1.39 │      ★★★
[14:36:48]   kf_price_innovation            │   12% │    17% │   24% │    1% │  17.2 │ +0.92 │      ★★★
[14:36:48]   compression_ratio              │   16% │    16% │   16% │    2% │   8.6 │ +0.52 │      ★★★
[14:36:48]   current_slope                  │   10% │    10% │   10% │    1% │   8.6 │ -0.59 │      ★★★
[14:36:48]   conj_wave_tide                 │   10% │    14% │   14% │    2% │   8.6 │ -0.07 │      ★★★
[14:36:48]   kf_conj_pred_val               │   10% │    14% │   17% │    2% │   7.8 │ -0.06 │      ★★★
[14:36:48]   sigma_wave                     │    5% │     9% │   12% │    2% │   7.5 │ +0.95 │      ★★★
[14:36:48]   kf_tension_filt_vel            │   12% │    12% │   19% │    3% │   7.3 │ +0.69 │      ★★★
[14:36:48]   vwap_sigma_tide                │    0% │     7% │    7% │    1% │   6.9 │ -0.28 │      ★★★
[14:36:48] ══════════════════════════════════════════════════════════════════════════════════════════
[14:36:48]   CROSS-TICKER CONSISTENCY (how many tickers agree?)
[14:36:48] ══════════════════════════════════════════════════════════════════════════════════════════
[14:36:48] 
  ── LL: Features with LIFT ≥ 1.5 across tickers ──
[14:36:48]   Feature                        │ #Tickers │                                     Tickers (LIFT)
[14:36:48]   ────────────────────────────── │ ──────── │ ──────────────────────────────────────────────────
[14:36:48]   vwap_sigma_current             │       17 │ WMT(50.0), AMZN(35.7), COST(33.3), MCD(32.9), PEP(32.4) +12 more ✅ UNIVERSAL
[14:36:48]   kf_price_filt_vel              │       17 │ QQQ(37.4), PEP(37.0), WMT(31.2), XOM(26.0), AMZN(22.7) +12 more ✅ UNIVERSAL
[14:36:48]   current_accel                  │       17 │ MRK(16.2), AAPL(16.2), HON(16.2), QQQ(15.2), MCD(14.8) +12 more ✅ UNIVERSAL
[14:36:48]   vwap_sigma_wave                │       17 │ JNJ(34.9), WMT(29.0), MSFT(26.6), AMZN(24.6), SPY(16.2) +12 more ✅ UNIVERSAL
[14:36:48]   conj_wave_current              │       17 │ QQQ(21.4), PEP(13.5), JPM(12.7), AAPL(12.6), MCD(11.9) +12 more ✅ UNIVERSAL
[14:36:48]   vwap_sigma_tide                │       17 │ JPM(67.5), HD(48.7), QQQ(38.5), MSFT(33.3), PEP(25.6) +12 more ✅ UNIVERSAL
[14:36:48]   kf_price_pred_val              │       17 │ QQQ(55.1), PEP(31.5), SPY(31.1), MSFT(30.1), COST(28.6) +12 more ✅ UNIVERSAL
[14:36:48]   wave_accel                     │       17 │ PEP(24.1), JPM(23.2), QQQ(22.4), PG(16.5), SPY(16.4) +12 more ✅ UNIVERSAL
[14:36:48]   kf_price_innovation            │       17 │ QQQ(48.7), JPM(40.1), MSFT(31.5), PEP(26.5), AMZN(22.7) +12 more ✅ UNIVERSAL
[14:36:48]   kf_conj_pred_val               │       17 │ MRK(22.5), HON(18.8), QQQ(12.8), MCD(11.4), PEP(11.4) +12 more ✅ UNIVERSAL
[14:36:48]   conj_wave_tide                 │       17 │ MRK(17.5), PEP(15.2), HON(13.9), MCD(13.6), XOM(12.5) +12 more ✅ UNIVERSAL
[14:36:48]   sigma_current                  │       17 │ WMT(13.9), SPY(11.5), COST(11.0), MRK(9.3), MCD(9.3) +12 more ✅ UNIVERSAL
[14:36:48]   kf_rvol_filt_vel               │       17 │ PG(9.6), COST(8.2), AAPL(7.4), QQQ(7.3), XOM(7.2) +12 more ✅ UNIVERSAL
[14:36:48]   kf_conj_filt_vel               │       17 │ JPM(50.6), PEP(18.5), QQQ(15.0), SPY(12.5), PG(12.0) +12 more ✅ UNIVERSAL
[14:36:48]   kf_rvol_pred_val               │       17 │ PG(12.8), PEP(11.4), COST(9.5), WMT(8.5), SPY(8.3) +12 more ✅ UNIVERSAL
[14:36:48] 
  ── HL: Features with LIFT ≥ 1.5 across tickers ──
[14:36:48]   Feature                        │ #Tickers │                                     Tickers (LIFT)
[14:36:48]   ────────────────────────────── │ ──────── │ ──────────────────────────────────────────────────
[14:36:48]   kf_price_filt_vel              │       17 │ JPM(25.5), WMT(23.1), XOM(20.9), MSFT(20.4), AAPL(18.9) +12 more ✅ UNIVERSAL
[14:36:48]   kf_rsi_filt_vel                │       17 │ IBM(15.7), HON(13.4), AAPL(13.2), SPY(9.8), AMZN(8.2) +12 more ✅ UNIVERSAL
[14:36:48]   kf_price_innovation            │       17 │ JPM(52.9), MSFT(22.9), QQQ(22.4), XOM(18.7), PG(13.2) +12 more ✅ UNIVERSAL
[14:36:48]   kf_price_pred_val              │       17 │ QQQ(27.6), MCD(24.5), WMT(23.4), MSFT(22.3), SPY(22.1) +12 more ✅ UNIVERSAL
[14:36:48]   sigma_current                  │       17 │ SPY(13.6), PG(11.9), PEP(9.8), HD(9.8), WMT(9.6) +12 more ✅ UNIVERSAL
[14:36:48]   conj_wave_current              │       17 │ JPM(16.7), QQQ(14.3), XOM(10.0), PEP(9.3), AAPL(7.6) +12 more ✅ UNIVERSAL
[14:36:48]   kf_tension_filt_vel            │       17 │ PEP(18.2), AMZN(12.2), XOM(8.9), AAPL(6.9), MCD(6.8) +12 more ✅ UNIVERSAL
[14:36:48]   wave_accel                     │       17 │ JPM(22.5), QQQ(14.8), PEP(14.8), SPY(12.7), MCD(10.6) +12 more ✅ UNIVERSAL
[14:36:48]   sigma_wave                     │       17 │ SPY(13.7), MSFT(13.3), PEP(11.4), MCD(10.0), QQQ(9.9) +12 more ✅ UNIVERSAL
[14:36:48]   kf_conj_filt_vel               │       17 │ JPM(50.0), QQQ(11.0), SPY(10.4), PEP(8.8), MSFT(7.1) +12 more ✅ UNIVERSAL
[14:36:48]   kf_rvol_pred_val               │       17 │ PG(15.9), SPY(14.7), QQQ(13.2), WMT(9.6), JNJ(8.7) +12 more ✅ UNIVERSAL
[14:36:48]   kf_rvol_filt_vel               │       17 │ PG(17.9), SPY(8.7), QQQ(8.5), JNJ(7.7), WMT(7.6) +12 more ✅ UNIVERSAL
[14:36:48]   vwap_sigma_current             │       17 │ WMT(17.3), PEP(15.6), SPY(13.5), JNJ(12.8), PG(11.9) +12 more ✅ UNIVERSAL
[14:36:48]   vwap_sigma_wave                │       17 │ COST(22.6), PEP(18.2), JNJ(16.2), WMT(15.1), SPY(14.7) +12 more ✅ UNIVERSAL
[14:36:48]   current_accel                  │       16 │ JPM(11.2), MRK(9.4), HON(8.9), QQQ(8.4), AAPL(7.2) +11 more ✅ UNIVERSAL
[14:36:48] 
  ── HH: Features with LIFT ≥ 1.5 across tickers ──
[14:36:48]   Feature                        │ #Tickers │                                     Tickers (LIFT)
[14:36:48]   ────────────────────────────── │ ──────── │ ──────────────────────────────────────────────────
[14:36:48]   kf_price_filt_vel              │       17 │ WMT(26.9), JPM(20.2), AAPL(19.0), AMZN(16.7), QQQ(12.0) +12 more ✅ UNIVERSAL
[14:36:48]   current_accel                  │       17 │ AAPL(11.6), JPM(11.1), MRK(10.0), HON(8.5), MCD(8.3) +12 more ✅ UNIVERSAL
[14:36:48]   kf_price_pred_val              │       17 │ WMT(23.4), QQQ(22.9), JPM(19.5), MRK(16.7), HD(13.2) +12 more ✅ UNIVERSAL
[14:36:48]   kf_price_innovation            │       17 │ JPM(42.1), QQQ(13.3), PEP(13.0), AMZN(13.0), IBM(10.9) +12 more ✅ UNIVERSAL
[14:36:48]   wave_accel                     │       17 │ JPM(20.2), QQQ(14.3), AAPL(8.6), WMT(7.1), PEP(6.8) +12 more ✅ UNIVERSAL
[14:36:48]   conj_wave_current              │       17 │ JPM(14.9), QQQ(13.1), AAPL(7.2), HD(6.5), PEP(6.2) +12 more ✅ UNIVERSAL
[14:36:48]   tide_accel                     │       17 │ PEP(5.2), MRK(4.7), AMZN(4.6), XOM(4.1), AAPL(3.9) +12 more ✅ UNIVERSAL
[14:36:48]   conj_wave_tide                 │       16 │ HON(16.9), XOM(11.3), MRK(11.2), PEP(8.3), QQQ(7.0) +11 more ✅ UNIVERSAL
[14:36:48]   vwap_spread_current_wave       │       16 │ QQQ(19.3), JPM(14.9), XOM(10.2), HON(8.5), IBM(7.5) +11 more ✅ UNIVERSAL
[14:36:48]   wave_slope                     │       16 │ JPM(31.6), HON(21.2), PEP(7.6), XOM(6.8), QQQ(6.8) +11 more ✅ UNIVERSAL
[14:36:48]   vwap_spread_tide_current       │       15 │ AAPL(8.8), QQQ(8.2), MCD(6.0), MSFT(5.9), XOM(5.6) +10 more ✅ UNIVERSAL
[14:36:48]   vwap_spread_tide_wave          │       15 │ QQQ(13.6), HD(9.1), AAPL(8.7), MSFT(8.7), XOM(6.7) +10 more ✅ UNIVERSAL
[14:36:48]   kf_rvol_pred_val               │       15 │ PEP(10.5), AAPL(8.3), AMZN(8.1), MSFT(7.6), IBM(7.1) +10 more ✅ UNIVERSAL
[14:36:48]   kf_rvol_filt_vel               │       15 │ PG(9.0), AAPL(7.1), AMZN(6.7), MSFT(5.9), PEP(4.9) +10 more ✅ UNIVERSAL
[14:36:48]   sigma_wave                     │       15 │ PEP(7.6), JNJ(6.9), MSFT(6.5), WMT(6.1), AAPL(6.0) +10 more ✅ UNIVERSAL
[14:36:48] 
  ── LH: Features with LIFT ≥ 1.5 across tickers ──
[14:36:48]   Feature                        │ #Tickers │                                     Tickers (LIFT)
[14:36:48]   ────────────────────────────── │ ──────── │ ──────────────────────────────────────────────────
[14:36:48]   kf_price_filt_vel              │       17 │ QQQ(48.1), JPM(31.0), AMZN(30.8), AAPL(29.5), MSFT(25.9) +12 more ✅ UNIVERSAL
[14:36:48]   kf_price_innovation            │       17 │ JPM(59.5), QQQ(50.7), MSFT(34.5), AMZN(28.5), PEP(26.5) +12 more ✅ UNIVERSAL
[14:36:48]   kf_price_pred_val              │       17 │ QQQ(57.7), JPM(26.5), MSFT(25.9), SPY(22.7), WMT(22.3) +12 more ✅ UNIVERSAL
[14:36:48]   current_accel                  │       17 │ JPM(11.4), QQQ(10.2), AAPL(9.7), MRK(9.4), HON(8.6) +12 more ✅ UNIVERSAL
[14:36:48]   kf_conj_pred_val               │       17 │ HON(20.0), QQQ(12.3), MRK(11.8), PEP(10.0), SPY(9.5) +12 more ✅ UNIVERSAL
[14:36:48]   wave_accel                     │       17 │ QQQ(26.4), JPM(22.6), SPY(21.3), PEP(16.7), HD(16.4) +12 more ✅ UNIVERSAL
[14:36:48]   conj_wave_tide                 │       17 │ HON(16.7), MRK(14.2), PEP(11.8), QQQ(11.4), MCD(9.2) +12 more ✅ UNIVERSAL
[14:36:48]   kf_conj_filt_vel               │       17 │ JPM(67.9), SPY(18.7), QQQ(17.2), HD(16.4), PEP(12.3) +12 more ✅ UNIVERSAL
[14:36:48]   kf_rsi_filt_vel                │       17 │ WMT(7.4), MSFT(7.1), IBM(6.0), COST(5.8), AAPL(5.8) +12 more ✅ UNIVERSAL
[14:36:48]   vwap_sigma_tide                │       17 │ JPM(23.8), QQQ(23.5), HD(15.9), AMZN(11.1), MSFT(10.3) +12 more ✅ UNIVERSAL
[14:36:48]   vwap_sigma_current             │       17 │ AMZN(9.8), QQQ(9.7), WMT(9.4), PEP(9.3), COST(7.7) +12 more ✅ UNIVERSAL
[14:36:48]   wave_slope                     │       17 │ JPM(35.7), QQQ(22.0), HON(16.7), SPY(10.9), MSFT(9.9) +12 more ✅ UNIVERSAL
[14:36:48]   compression_ratio              │       17 │ MCD(20.1), PEP(16.7), PG(15.1), XOM(8.6), WMT(7.1) +12 more ✅ UNIVERSAL
[14:36:48]   kf_rvol_pred_val               │       17 │ PG(9.6), MCD(7.3), PEP(7.1), WMT(7.1), MSFT(5.3) +12 more ✅ UNIVERSAL
[14:36:48]   kf_tension_filt_vel            │       17 │ PEP(16.7), AMZN(8.6), COST(8.5), XOM(7.3), WMT(5.4) +12 more ✅ UNIVERSAL
[14:36:49] 
  Combined CSV: 2380 rows → /root/botero-trade/backend/scripts/per_ticker_forensics_output/all_tickers_forensics.csv
[14:36:49] 
  COMPLETE in 11s (0.2min)