[14:59:24] ════════════════════════════════════════════════════════════════════════════════════════════════════
[14:59:24]   CONJUNCTION PRECISION — Does combining features reduce false positives?
[14:59:24] ════════════════════════════════════════════════════════════════════════════════════════════════════
[14:59:24]   ZigZag: 5%   Z: 2.0σ   Window: t-2..t=0
[14:59:24]   Tickers: ['AAPL', 'AMZN', 'COST', 'HD', 'HON', 'IBM', 'JNJ', 'JPM', 'MCD', 'MRK', 'MSFT', 'PEP', 'PG', 'QQQ', 'SPY', 'WMT', 'XOM']
[14:59:24] 
  Processing AAPL...
[14:59:25] ════════════════════════════════════════════════════════════════════════════════════════════════════
[14:59:25]   TICKER: AAPL
[14:59:25] ════════════════════════════════════════════════════════════════════════════════════════════════════
[14:59:25] 
  ── LL (159 turns) ──
[14:59:25] 
  SINGLES:
[14:59:25]   Combo                                                   │ Fires │  TP │   FP │ Prec% │ Recall% │ FireRate
[14:59:25]   ─────────────────────────────────────────────────────── │ ───── │ ─── │ ──── │ ───── │ ─────── │ ────────
[14:59:25]   vwap_sigma_wave                                         │   153 │  58 │   95 │ 37.9% │   24.5% │    1.91%
[14:59:25]   vwap_sigma_current                                      │   171 │  64 │  107 │ 37.4% │   22.6% │    2.13%
[14:59:25]   vwap_sigma_tide                                         │   181 │  54 │  127 │ 29.8% │   16.4% │    2.26%
[14:59:25]   sigma_tide                                              │   290 │  70 │  220 │ 24.1% │   21.4% │    3.62%
[14:59:25]   rsi_value                                               │   295 │  67 │  228 │ 22.7% │   18.9% │    3.68%
[14:59:25] 
  PAIRS (top 10):
[14:59:25]   Combo                                                   │ Fires │  TP │   FP │ Prec% │ Recall% │ FireRate
[14:59:25]   ─────────────────────────────────────────────────────── │ ───── │ ─── │ ──── │ ───── │ ─────── │ ────────
[14:59:25]   vwap_sigma_tide + vwap_sigma_wave                       │     8 │   6 │    2 │ 75.0% │    3.1% │    0.10%
[14:59:25]   vwap_sigma_tide + kf_price_pred_val                     │    29 │  17 │   12 │ 58.6% │    8.2% │    0.36%
[14:59:25]   vwap_sigma_current + vwap_sigma_wave                    │    43 │  25 │   18 │ 58.1% │   11.9% │    0.54%
[14:59:25]   vwap_sigma_wave + kf_price_pred_val                     │    39 │  20 │   19 │ 51.3% │   10.1% │    0.49%
[14:59:25]   vwap_sigma_current + vwap_sigma_tide                    │    34 │  17 │   17 │ 50.0% │    5.7% │    0.42%
[14:59:25]   vwap_sigma_current + kf_price_pred_val                  │    44 │  22 │   22 │ 50.0% │   10.1% │    0.55%
[14:59:25]   sigma_tide + vwap_sigma_wave                            │    18 │   9 │    9 │ 50.0% │    5.0% │    0.22%
[14:59:25]   vwap_sigma_wave + rsi_value                             │    24 │  12 │   12 │ 50.0% │    5.0% │    0.30%
[14:59:25]   rsi_value + kf_price_pred_val                           │    44 │  22 │   22 │ 50.0% │   10.1% │    0.55%
[14:59:25]   vwap_sigma_current + rsi_value                          │    62 │  29 │   33 │ 46.8% │   10.7% │    0.77%
[14:59:25] 
  TRIPLES (top 10):
[14:59:25]   Combo                                                   │ Fires │  TP │   FP │ Prec% │ Recall% │ FireRate
[14:59:25]   ─────────────────────────────────────────────────────── │ ───── │ ─── │ ──── │ ───── │ ─────── │ ────────
[14:59:25]   vwap_sigma_current + vwap_sigma_tide + vwap_sigma_wave  │     5 │   4 │    1 │ 80.0% │    1.9% │    0.06%
[14:59:25]   vwap_sigma_current + vwap_sigma_tide + sigma_tide       │     3 │   2 │    1 │ 66.7% │    1.3% │    0.04%
[14:59:25]   vwap_sigma_current + vwap_sigma_wave + kf_rsi_pred_val  │    14 │   8 │    6 │ 57.1% │    3.8% │    0.17%
[14:59:25]   vwap_sigma_current + vwap_sigma_wave + rsi_value        │    16 │   9 │    7 │ 56.2% │    4.4% │    0.20%
[14:59:25]   vwap_sigma_current + vwap_sigma_tide + rsi_value        │    18 │  10 │    8 │ 55.6% │    4.4% │    0.22%
[14:59:25]   vwap_sigma_wave + rsi_value + kf_rsi_pred_val           │    21 │  11 │   10 │ 52.4% │    4.4% │    0.26%
[14:59:25]   vwap_sigma_current + vwap_sigma_tide + kf_rsi_pred_val  │    14 │   7 │    7 │ 50.0% │    3.8% │    0.17%
[14:59:25]   vwap_sigma_tide + vwap_sigma_wave + rsi_value           │     2 │   1 │    1 │ 50.0% │    0.6% │    0.02%
[14:59:25]   vwap_sigma_current + rsi_value + kf_rsi_pred_val        │    53 │  24 │   29 │ 45.3% │   10.1% │    0.66%
[14:59:25]   vwap_sigma_tide + sigma_tide + rsi_value                │    25 │  11 │   14 │ 44.0% │    3.1% │    0.31%
[14:59:25] 
  ★ BEST (Prec with Recall≥10%): vwap_sigma_current + vwap_sigma_wave
[14:59:25]     Precision=58.1%  Recall=11.9%  Fires=43  TP=25  FP=18
[14:59:25] 
  ── HL (185 turns) ──
[14:59:25] 
  SINGLES:
[14:59:25]   Combo                                                   │ Fires │  TP │   FP │ Prec% │ Recall% │ FireRate
[14:59:25]   ─────────────────────────────────────────────────────── │ ───── │ ─── │ ──── │ ───── │ ─────── │ ────────
[14:59:25]   sigma_current                                           │   270 │  52 │  218 │ 19.3% │   16.8% │    3.37%
[14:59:25]   kf_rsi_filt_vel                                         │   388 │  74 │  314 │ 19.1% │   23.8% │    4.84%
[14:59:25]   sigma_wave                                              │   251 │  44 │  207 │ 17.5% │   16.8% │    3.13%
[14:59:25]   kf_price_filt_vel                                       │   384 │  62 │  322 │ 16.1% │   22.7% │    4.79%
[14:59:25]   kf_tension_filt_vel                                     │   481 │  73 │  408 │ 15.2% │   22.2% │    6.00%
[14:59:25] 
  PAIRS (top 10):
[14:59:25]   Combo                                                   │ Fires │  TP │   FP │ Prec% │ Recall% │ FireRate
[14:59:25]   ─────────────────────────────────────────────────────── │ ───── │ ─── │ ──── │ ───── │ ─────── │ ────────
[14:59:25]   sigma_current + kf_rsi_filt_vel                         │   102 │  27 │   75 │ 26.5% │    9.2% │    1.27%
[14:59:25]   sigma_current + kf_tension_filt_vel                     │   106 │  25 │   81 │ 23.6% │    8.1% │    1.32%
[14:59:25]   sigma_wave + kf_rsi_filt_vel                            │   143 │  33 │  110 │ 23.1% │   11.9% │    1.78%
[14:59:25]   kf_rsi_filt_vel + conj_wave_tide                        │    13 │   3 │   10 │ 23.1% │    1.6% │    0.16%
[14:59:25]   kf_price_filt_vel + conj_wave_tide                      │    45 │  10 │   35 │ 22.2% │    3.2% │    0.56%
[14:59:25]   kf_rsi_filt_vel + wave_accel                            │    37 │   8 │   29 │ 21.6% │    2.7% │    0.46%
[14:59:25]   wave_accel + kf_tension_filt_vel                        │    37 │   8 │   29 │ 21.6% │    3.2% │    0.46%
[14:59:25]   kf_rsi_filt_vel + kf_price_filt_vel                     │    67 │  14 │   53 │ 20.9% │    5.9% │    0.84%
[14:59:25]   sigma_current + vwap_sigma_wave                         │    50 │  10 │   40 │ 20.0% │    3.2% │    0.62%
[14:59:25]   sigma_current + sigma_wave                              │   106 │  21 │   85 │ 19.8% │    8.1% │    1.32%
[14:59:25] 
  TRIPLES (top 10):
[14:59:25]   Combo                                                   │ Fires │  TP │   FP │ Prec% │ Recall% │ FireRate
[14:59:25]   ─────────────────────────────────────────────────────── │ ───── │ ─── │ ──── │ ───── │ ─────── │ ────────
[14:59:25]   sigma_current + sigma_wave + kf_rsi_filt_vel            │    68 │  18 │   50 │ 26.5% │    6.5% │    0.85%
[14:59:25]   kf_price_pred_val + kf_rsi_filt_vel + wave_accel        │    28 │   7 │   21 │ 25.0% │    2.7% │    0.35%
[14:59:25]   sigma_wave + kf_rsi_filt_vel + wave_accel               │    26 │   6 │   20 │ 23.1% │    2.2% │    0.32%
[14:59:25]   sigma_current + vwap_sigma_wave + kf_rsi_filt_vel       │    23 │   5 │   18 │ 21.7% │    1.6% │    0.29%
[14:59:25]   kf_price_pred_val + sigma_wave + kf_rsi_filt_vel        │    71 │  14 │   57 │ 19.7% │    5.9% │    0.89%
[14:59:25]   kf_price_pred_val + sigma_wave + wave_accel             │    31 │   6 │   25 │ 19.4% │    2.2% │    0.39%
[14:59:25]   sigma_current + vwap_sigma_wave + sigma_wave            │    26 │   5 │   21 │ 19.2% │    2.2% │    0.32%
[14:59:25]   sigma_current + kf_rsi_filt_vel + wave_accel            │    26 │   5 │   21 │ 19.2% │    2.2% │    0.32%
[14:59:25]   sigma_current + kf_price_pred_val + kf_rsi_filt_vel     │    53 │  10 │   43 │ 18.9% │    4.3% │    0.66%
[14:59:25]   sigma_current + sigma_wave + wave_accel                 │    27 │   5 │   22 │ 18.5% │    2.2% │    0.34%
[14:59:25] 
  ★ BEST (Prec with Recall≥10%): sigma_wave + kf_rsi_filt_vel
[14:59:25]     Precision=23.1%  Recall=11.9%  Fires=143  TP=33  FP=110
[14:59:25] 
  ── HH (180 turns) ──
[14:59:25] 
  SINGLES:
[14:59:25]   Combo                                                   │ Fires │  TP │   FP │ Prec% │ Recall% │ FireRate
[14:59:25]   ─────────────────────────────────────────────────────── │ ───── │ ─── │ ──── │ ───── │ ─────── │ ────────
[14:59:25]   kf_price_pred_val                                       │   383 │  65 │  318 │ 17.0% │   23.9% │    4.78%
[14:59:25]   wave_accel                                              │   336 │  53 │  283 │ 15.8% │   16.1% │    4.19%
[14:59:25]   vwap_spread_tide_wave                                   │   375 │  58 │  317 │ 15.5% │   11.1% │    4.68%
[14:59:25]   current_accel                                           │   349 │  51 │  298 │ 14.6% │   12.2% │    4.35%
[14:59:25]   vwap_spread_tide_current                                │   369 │  51 │  318 │ 13.8% │    9.4% │    4.60%
[14:59:25] 
  PAIRS (top 10):
[14:59:25]   Combo                                                   │ Fires │  TP │   FP │ Prec% │ Recall% │ FireRate
[14:59:25]   ─────────────────────────────────────────────────────── │ ───── │ ─── │ ──── │ ───── │ ─────── │ ────────
[14:59:25]   vwap_spread_tide_current + kf_price_pred_val            │    54 │  20 │   34 │ 37.0% │    6.7% │    0.67%
[14:59:25]   vwap_spread_tide_wave + kf_price_pred_val               │    62 │  19 │   43 │ 30.6% │    7.2% │    0.77%
[14:59:25]   conj_current_tide + kf_price_pred_val                   │    50 │  15 │   35 │ 30.0% │    4.4% │    0.62%
[14:59:25]   vwap_spread_tide_current + wave_accel                   │    46 │  12 │   34 │ 26.1% │    3.9% │    0.57%
[14:59:25]   vwap_spread_current_wave + kf_price_pred_val            │    52 │  13 │   39 │ 25.0% │    5.0% │    0.65%
[14:59:25]   wave_accel + kf_price_pred_val                          │    82 │  20 │   62 │ 24.4% │    8.9% │    1.02%
[14:59:25]   vwap_spread_tide_wave + wave_accel                      │    60 │  14 │   46 │ 23.3% │    3.9% │    0.75%
[14:59:25]   vwap_spread_current_wave + wave_accel                   │    78 │  17 │   61 │ 21.8% │    3.9% │    0.97%
[14:59:25]   kf_price_pred_val + conj_wave_current                   │    47 │  10 │   37 │ 21.3% │    3.3% │    0.59%
[14:59:25]   current_accel + kf_price_pred_val                       │    81 │  17 │   64 │ 21.0% │    7.2% │    1.01%
[14:59:25] 
  TRIPLES (top 10):
[14:59:25]   Combo                                                   │ Fires │  TP │   FP │ Prec% │ Recall% │ FireRate
[14:59:25]   ─────────────────────────────────────────────────────── │ ───── │ ─── │ ──── │ ───── │ ─────── │ ────────
[14:59:25]   vwap_spread_tide_current + conj_wave_tide + vwap_spread_current_wave │    11 │   3 │    8 │ 27.3% │    0.6% │    0.14%
[14:59:25]   kf_conj_pred_val + vwap_spread_tide_current + vwap_spread_current_wave │    14 │   3 │   11 │ 21.4% │    0.6% │    0.17%
[14:59:25]   current_accel + vwap_spread_tide_current + conj_wave_tide │    27 │   5 │   22 │ 18.5% │    1.1% │    0.34%
[14:59:25]   vwap_spread_tide_wave + conj_wave_tide + vwap_spread_current_wave │    17 │   3 │   14 │ 17.6% │    0.6% │    0.21%
[14:59:25]   kf_conj_pred_val + current_accel + vwap_spread_tide_current │    30 │   5 │   25 │ 16.7% │    1.1% │    0.37%
[14:59:25]   current_accel + vwap_spread_tide_wave + conj_wave_tide  │    30 │   5 │   25 │ 16.7% │    1.1% │    0.37%
[14:59:25]   kf_conj_pred_val + current_accel + vwap_spread_tide_wave │    33 │   5 │   28 │ 15.2% │    1.1% │    0.41%
[14:59:25]   kf_conj_pred_val + vwap_spread_tide_wave + vwap_spread_current_wave │    20 │   3 │   17 │ 15.0% │    0.6% │    0.25%
[14:59:25]   vwap_spread_tide_wave + vwap_spread_tide_current + conj_wave_tide │    40 │   6 │   34 │ 15.0% │    1.1% │    0.50%
[14:59:25]   kf_conj_pred_val + vwap_spread_tide_current + conj_wave_tide │    42 │   6 │   36 │ 14.3% │    1.1% │    0.52%
[14:59:25] 
  ★ BEST (Prec with Recall≥10%): kf_price_pred_val
[14:59:25]     Precision=17.0%  Recall=23.9%  Fires=383  TP=65  FP=318
[14:59:25] 
  ── LH (164 turns) ──
[14:59:25] 
  SINGLES:
[14:59:25]   Combo                                                   │ Fires │  TP │   FP │ Prec% │ Recall% │ FireRate
[14:59:25]   ─────────────────────────────────────────────────────── │ ───── │ ─── │ ──── │ ───── │ ─────── │ ────────
[14:59:25]   kf_price_filt_vel                                       │   384 │  72 │  312 │ 18.8% │   34.1% │    4.79%
[14:59:25]   kf_price_innovation                                     │   402 │  69 │  333 │ 17.2% │   31.7% │    5.02%
[14:59:25]   kf_conj_filt_vel                                        │   336 │  52 │  284 │ 15.5% │   12.8% │    4.19%
[14:59:25]   kf_price_pred_val                                       │   383 │  59 │  324 │ 15.4% │   26.2% │    4.78%
[14:59:25]   kf_conj_pred_val                                        │   313 │  45 │  268 │ 14.4% │   10.4% │    3.91%
[14:59:25] 
  PAIRS (top 10):
[14:59:25]   Combo                                                   │ Fires │  TP │   FP │ Prec% │ Recall% │ FireRate
[14:59:25]   ─────────────────────────────────────────────────────── │ ───── │ ─── │ ──── │ ───── │ ─────── │ ────────
[14:59:25]   kf_conj_filt_vel + vwap_sigma_tide                      │    19 │   9 │   10 │ 47.4% │    1.8% │    0.24%
[14:59:25]   compression_ratio + vwap_sigma_tide                     │    15 │   6 │    9 │ 40.0% │    1.2% │    0.19%
[14:59:25]   wave_accel + vwap_sigma_tide                            │    23 │   9 │   14 │ 39.1% │    2.4% │    0.29%
[14:59:25]   conj_wave_current + vwap_sigma_tide                     │    33 │  12 │   21 │ 36.4% │    3.0% │    0.41%
[14:59:25]   kf_conj_pred_val + vwap_sigma_tide                      │    36 │  13 │   23 │ 36.1% │    3.7% │    0.45%
[14:59:25]   kf_price_innovation + vwap_sigma_tide                   │    29 │  10 │   19 │ 34.5% │    4.3% │    0.36%
[14:59:25]   kf_price_filt_vel + vwap_sigma_tide                     │    27 │   9 │   18 │ 33.3% │    4.3% │    0.34%
[14:59:25]   kf_price_pred_val + compression_ratio                   │    42 │  13 │   29 │ 31.0% │    4.9% │    0.52%
[14:59:25]   kf_price_innovation + compression_ratio                 │    51 │  15 │   36 │ 29.4% │    6.7% │    0.64%
[14:59:25]   kf_price_innovation + wave_accel                        │    69 │  20 │   49 │ 29.0% │    8.5% │    0.86%
[14:59:25] 
  TRIPLES (top 10):
[14:59:25]   Combo                                                   │ Fires │  TP │   FP │ Prec% │ Recall% │ FireRate
[14:59:25]   ─────────────────────────────────────────────────────── │ ───── │ ─── │ ──── │ ───── │ ─────── │ ────────
[14:59:25]   kf_price_pred_val + kf_price_innovation + compression_ratio │    15 │   8 │    7 │ 53.3% │    3.0% │    0.19%
[14:59:25]   kf_price_filt_vel + kf_price_innovation + kf_conj_filt_vel │    25 │   9 │   16 │ 36.0% │    4.9% │    0.31%
[14:59:25]   kf_price_filt_vel + kf_price_innovation + compression_ratio │    25 │   9 │   16 │ 36.0% │    4.3% │    0.31%
[14:59:25]   kf_price_pred_val + kf_conj_filt_vel + compression_ratio │    14 │   5 │    9 │ 35.7% │    1.8% │    0.17%
[14:59:25]   kf_price_innovation + kf_conj_filt_vel + wave_slope     │    14 │   5 │    9 │ 35.7% │    2.4% │    0.17%
[14:59:25]   kf_price_pred_val + kf_price_innovation + kf_conj_filt_vel │    20 │   7 │   13 │ 35.0% │    3.7% │    0.25%
[14:59:25]   kf_price_pred_val + compression_ratio + wave_slope      │     9 │   3 │    6 │ 33.3% │    1.2% │    0.11%
[14:59:25]   kf_price_innovation + kf_conj_filt_vel + compression_ratio │    15 │   5 │   10 │ 33.3% │    1.8% │    0.19%
[14:59:25]   kf_price_innovation + compression_ratio + wave_slope    │     9 │   3 │    6 │ 33.3% │    1.2% │    0.11%
[14:59:25]   kf_price_pred_val + kf_price_innovation + wave_slope    │    22 │   7 │   15 │ 31.8% │    3.7% │    0.27%
[14:59:25] 
  ★ BEST (Prec with Recall≥10%): kf_price_filt_vel + kf_price_innovation
[14:59:25]     Precision=21.2%  Recall=16.5%  Fires=151  TP=32  FP=119
[14:59:25] 
  Processing AMZN...
[14:59:25] ════════════════════════════════════════════════════════════════════════════════════════════════════
[14:59:25]   TICKER: AMZN
[14:59:25] ════════════════════════════════════════════════════════════════════════════════════════════════════
[14:59:25] 
  ── LL (66 turns) ──
[14:59:25] 
  SINGLES:
[14:59:25]   Combo                                                   │ Fires │  TP │   FP │ Prec% │ Recall% │ FireRate
[14:59:25]   ─────────────────────────────────────────────────────── │ ───── │ ─── │ ──── │ ───── │ ─────── │ ────────
[14:59:25]   vwap_sigma_current                                      │   133 │  56 │   77 │ 42.1% │   47.0% │    2.90%
[14:59:25]   vwap_sigma_wave                                         │   122 │  39 │   83 │ 32.0% │   37.9% │    2.66%
[14:59:25]   sigma_tide                                              │   177 │  46 │  131 │ 26.0% │   33.3% │    3.86%
[14:59:25]   rsi_value                                               │   159 │  36 │  123 │ 22.6% │   30.3% │    3.46%
[14:59:25]   vwap_sigma_tide                                         │   201 │  43 │  158 │ 21.4% │   28.8% │    4.38%
[14:59:25] 
  PAIRS (top 10):
[14:59:25]   Combo                                                   │ Fires │  TP │   FP │ Prec% │ Recall% │ FireRate
[14:59:25]   ─────────────────────────────────────────────────────── │ ───── │ ─── │ ──── │ ───── │ ─────── │ ────────
[14:59:25]   vwap_sigma_wave + wave_slope                            │     6 │   6 │    0 │ 100.0% │    6.1% │    0.13%
[14:59:25]   sigma_tide + vwap_sigma_wave                            │    22 │  17 │    5 │ 77.3% │   16.7% │    0.48%
[14:59:25]   vwap_sigma_current + wave_slope                         │    17 │  10 │    7 │ 58.8% │    6.1% │    0.37%
[14:59:25]   vwap_sigma_wave + kf_price_pred_val                     │    35 │  20 │   15 │ 57.1% │   24.2% │    0.76%
[14:59:25]   vwap_sigma_tide + vwap_sigma_wave                       │    20 │  11 │    9 │ 55.0% │   13.6% │    0.44%
[14:59:25]   vwap_sigma_current + vwap_sigma_wave                    │    49 │  26 │   23 │ 53.1% │   28.8% │    1.07%
[14:59:25]   vwap_sigma_current + sigma_tide                         │    59 │  31 │   28 │ 52.5% │   25.8% │    1.29%
[14:59:25]   rsi_value + fear_level                                  │    21 │  11 │   10 │ 52.4% │    9.1% │    0.46%
[14:59:25]   vwap_sigma_current + vwap_sigma_tide                    │    33 │  17 │   16 │ 51.5% │   15.2% │    0.72%
[14:59:25]   vwap_sigma_current + fear_level                         │    30 │  15 │   15 │ 50.0% │   12.1% │    0.65%
[14:59:25] 
  TRIPLES (top 10):
[14:59:25]   Combo                                                   │ Fires │  TP │   FP │ Prec% │ Recall% │ FireRate
[14:59:25]   ─────────────────────────────────────────────────────── │ ───── │ ─── │ ──── │ ───── │ ─────── │ ────────
[14:59:25]   sigma_tide + vwap_sigma_wave + kf_rsi_pred_val          │    12 │  10 │    2 │ 83.3% │   10.6% │    0.26%
[14:59:25]   vwap_sigma_current + sigma_tide + vwap_sigma_wave       │    17 │  14 │    3 │ 82.4% │   15.2% │    0.37%
[14:59:25]   sigma_tide + vwap_sigma_wave + rsi_value                │    15 │  12 │    3 │ 80.0% │   12.1% │    0.33%
[14:59:25]   vwap_sigma_current + vwap_sigma_tide + vwap_sigma_wave  │    14 │   8 │    6 │ 57.1% │   10.6% │    0.31%
[14:59:25]   vwap_sigma_current + sigma_tide + rsi_value             │    42 │  23 │   19 │ 54.8% │   18.2% │    0.92%
[14:59:25]   vwap_sigma_current + sigma_tide + kf_rsi_pred_val       │    37 │  20 │   17 │ 54.1% │   16.7% │    0.81%
[14:59:25]   vwap_sigma_current + vwap_sigma_wave + rsi_value        │    26 │  13 │   13 │ 50.0% │   15.2% │    0.57%
[14:59:25]   vwap_sigma_tide + sigma_tide + vwap_sigma_wave          │    10 │   5 │    5 │ 50.0% │    6.1% │    0.22%
[14:59:25]   vwap_sigma_tide + rsi_value + kf_rsi_pred_val           │    25 │  12 │   13 │ 48.0% │    7.6% │    0.54%
[14:59:25]   vwap_sigma_tide + sigma_tide + rsi_value                │    21 │  10 │   11 │ 47.6% │    7.6% │    0.46%
[14:59:25] 
  ★ BEST (Prec with Recall≥10%): sigma_tide + vwap_sigma_wave + kf_rsi_pred_val
[14:59:25]     Precision=83.3%  Recall=10.6%  Fires=12  TP=10  FP=2
[14:59:25] 
  ── HL (97 turns) ──
[14:59:25] 
  SINGLES:
[14:59:25]   Combo                                                   │ Fires │  TP │   FP │ Prec% │ Recall% │ FireRate
[14:59:25]   ─────────────────────────────────────────────────────── │ ───── │ ─── │ ──── │ ───── │ ─────── │ ────────
[14:59:25]   kf_tension_filt_vel                                     │   207 │  34 │  173 │ 16.4% │   18.6% │    4.51%
[14:59:25]   sigma_wave                                              │   147 │  23 │  124 │ 15.6% │   15.5% │    3.20%
[14:59:25]   sigma_current                                           │   172 │  24 │  148 │ 14.0% │   15.5% │    3.75%
[14:59:25]   kf_rsi_filt_vel                                         │   206 │  28 │  178 │ 13.6% │   17.5% │    4.49%
[14:59:25]   vwap_sigma_wave                                         │   122 │  14 │  108 │ 11.5% │    9.3% │    2.66%
[14:59:25] 
  PAIRS (top 10):
[14:59:25]   Combo                                                   │ Fires │  TP │   FP │ Prec% │ Recall% │ FireRate
[14:59:25]   ─────────────────────────────────────────────────────── │ ───── │ ─── │ ──── │ ───── │ ─────── │ ────────
[14:59:25]   sigma_wave + kf_tension_filt_vel                        │    46 │  16 │   30 │ 34.8% │   10.3% │    1.00%
[14:59:25]   kf_rsi_filt_vel + kf_tension_filt_vel                   │    71 │  18 │   53 │ 25.4% │   10.3% │    1.55%
[14:59:25]   sigma_wave + kf_rsi_filt_vel                            │    74 │  17 │   57 │ 23.0% │   11.3% │    1.61%
[14:59:25]   vwap_sigma_wave + kf_price_filt_vel                     │    19 │   4 │   15 │ 21.1% │    3.1% │    0.41%
[14:59:25]   sigma_current + kf_price_pred_val                       │    47 │   9 │   38 │ 19.1% │    8.2% │    1.02%
[14:59:25]   sigma_current + vwap_sigma_wave                         │    38 │   7 │   31 │ 18.4% │    5.2% │    0.83%
[14:59:25]   sigma_current + kf_price_filt_vel                       │    33 │   6 │   27 │ 18.2% │    5.2% │    0.72%
[14:59:25]   sigma_current + kf_tension_filt_vel                     │    52 │   9 │   43 │ 17.3% │    6.2% │    1.13%
[14:59:25]   kf_price_pred_val + sigma_wave                          │    56 │   9 │   47 │ 16.1% │    7.2% │    1.22%
[14:59:25]   vwap_sigma_wave + kf_tension_filt_vel                   │    25 │   4 │   21 │ 16.0% │    2.1% │    0.54%
[14:59:25] 
  TRIPLES (top 10):
[14:59:25]   Combo                                                   │ Fires │  TP │   FP │ Prec% │ Recall% │ FireRate
[14:59:25]   ─────────────────────────────────────────────────────── │ ───── │ ─── │ ──── │ ───── │ ─────── │ ────────
[14:59:25]   sigma_current + kf_price_pred_val + vwap_sigma_wave     │    16 │   4 │   12 │ 25.0% │    3.1% │    0.35%
[14:59:25]   sigma_current + kf_price_pred_val + sigma_wave          │    36 │   7 │   29 │ 19.4% │    6.2% │    0.78%
[14:59:25]   kf_price_pred_val + sigma_wave + kf_rsi_filt_vel        │    37 │   7 │   30 │ 18.9% │    6.2% │    0.81%
[14:59:25]   kf_price_pred_val + vwap_sigma_wave + sigma_wave        │    16 │   3 │   13 │ 18.8% │    2.1% │    0.35%
[14:59:25]   sigma_current + kf_price_pred_val + kf_rsi_filt_vel     │    27 │   5 │   22 │ 18.5% │    5.2% │    0.59%
[14:59:25]   sigma_current + sigma_wave + kf_rsi_filt_vel            │    42 │   7 │   35 │ 16.7% │    5.2% │    0.92%
[14:59:25]   sigma_current + kf_price_pred_val + wave_accel          │    21 │   3 │   18 │ 14.3% │    3.1% │    0.46%
[14:59:25]   kf_price_pred_val + vwap_sigma_wave + wave_accel        │    14 │   2 │   12 │ 14.3% │    2.1% │    0.31%
[14:59:25]   sigma_current + vwap_sigma_wave + sigma_wave            │    23 │   3 │   20 │ 13.0% │    2.1% │    0.50%
[14:59:25]   sigma_current + vwap_sigma_wave + wave_accel            │     8 │   1 │    7 │ 12.5% │    1.0% │    0.17%
[14:59:25] 
  ★ BEST (Prec with Recall≥10%): sigma_wave + kf_tension_filt_vel
[14:59:25]     Precision=34.8%  Recall=10.3%  Fires=46  TP=16  FP=30
[14:59:25] 
  ── HH (90 turns) ──
[14:59:25] 
  SINGLES:
[14:59:25]   Combo                                                   │ Fires │  TP │   FP │ Prec% │ Recall% │ FireRate
[14:59:25]   ─────────────────────────────────────────────────────── │ ───── │ ─── │ ──── │ ───── │ ─────── │ ────────
[14:59:25]   conj_current_tide                                       │   234 │  29 │  205 │ 12.4% │   12.2% │    5.10%
[14:59:25]   kf_price_pred_val                                       │   209 │  24 │  185 │ 11.5% │   20.0% │    4.55%
[14:59:25]   conj_wave_tide                                          │   228 │  26 │  202 │ 11.4% │   11.1% │    4.97%
[14:59:25]   current_accel                                           │   205 │  23 │  182 │ 11.2% │   12.2% │    4.47%
[14:59:25]   kf_conj_pred_val                                        │   228 │  25 │  203 │ 11.0% │   10.0% │    4.97%
[14:59:25] 
  PAIRS (top 10):
[14:59:25]   Combo                                                   │ Fires │  TP │   FP │ Prec% │ Recall% │ FireRate
[14:59:25]   ─────────────────────────────────────────────────────── │ ───── │ ─── │ ──── │ ───── │ ─────── │ ────────
[14:59:25]   current_accel + conj_current_tide                       │    23 │   7 │   16 │ 30.4% │    3.3% │    0.50%
[14:59:25]   vwap_spread_current_wave + wave_accel                   │    43 │  12 │   31 │ 27.9% │    6.7% │    0.94%
[14:59:25]   wave_accel + kf_price_pred_val                          │    47 │  13 │   34 │ 27.7% │   12.2% │    1.02%
[14:59:25]   vwap_spread_tide_current + kf_price_pred_val            │    27 │   7 │   20 │ 25.9% │    5.6% │    0.59%
[14:59:25]   current_accel + kf_price_pred_val                       │    35 │   9 │   26 │ 25.7% │    7.8% │    0.76%
[14:59:25]   conj_current_tide + wave_accel                          │    38 │   9 │   29 │ 23.7% │    5.6% │    0.83%
[14:59:25]   vwap_spread_tide_wave + kf_price_pred_val               │    34 │   8 │   26 │ 23.5% │    6.7% │    0.74%
[14:59:25]   current_accel + vwap_spread_current_wave                │    43 │  10 │   33 │ 23.3% │    4.4% │    0.94%
[14:59:25]   current_accel + vwap_spread_tide_current                │    71 │  15 │   56 │ 21.1% │    6.7% │    1.55%
[14:59:25]   conj_wave_tide + wave_accel                             │    32 │   6 │   26 │ 18.8% │    4.4% │    0.70%
[14:59:25] 
  TRIPLES (top 10):
[14:59:25]   Combo                                                   │ Fires │  TP │   FP │ Prec% │ Recall% │ FireRate
[14:59:25]   ─────────────────────────────────────────────────────── │ ───── │ ─── │ ──── │ ───── │ ─────── │ ────────
[14:59:25]   current_accel + vwap_spread_tide_current + vwap_spread_current_wave │    30 │  10 │   20 │ 33.3% │    4.4% │    0.65%
[14:59:25]   current_accel + vwap_spread_tide_current + conj_wave_tide │    13 │   4 │    9 │ 30.8% │    2.2% │    0.28%
[14:59:25]   kf_conj_pred_val + current_accel + vwap_spread_tide_current │    15 │   4 │   11 │ 26.7% │    2.2% │    0.33%
[14:59:25]   current_accel + vwap_spread_tide_wave + conj_wave_tide  │    15 │   4 │   11 │ 26.7% │    2.2% │    0.33%
[14:59:25]   current_accel + vwap_spread_tide_wave + vwap_spread_current_wave │    27 │   7 │   20 │ 25.9% │    3.3% │    0.59%
[14:59:25]   kf_conj_pred_val + current_accel + vwap_spread_tide_wave │    17 │   4 │   13 │ 23.5% │    2.2% │    0.37%
[14:59:25]   current_accel + vwap_spread_tide_wave + vwap_spread_tide_current │    66 │  12 │   54 │ 18.2% │    5.6% │    1.44%
[14:59:25]   kf_conj_pred_val + vwap_spread_tide_wave + vwap_spread_current_wave │    35 │   6 │   29 │ 17.1% │    3.3% │    0.76%
[14:59:25]   vwap_spread_tide_wave + conj_wave_tide + vwap_spread_current_wave │    36 │   6 │   30 │ 16.7% │    3.3% │    0.78%
[14:59:25]   kf_conj_pred_val + conj_wave_tide + vwap_spread_current_wave │    52 │   8 │   44 │ 15.4% │    3.3% │    1.13%
[14:59:25] 
  ★ BEST (Prec with Recall≥10%): wave_accel + kf_price_pred_val
[14:59:25]     Precision=27.7%  Recall=12.2%  Fires=47  TP=13  FP=34
[14:59:25] 
  ── LH (73 turns) ──
[14:59:25] 
  SINGLES:
[14:59:25]   Combo                                                   │ Fires │  TP │   FP │ Prec% │ Recall% │ FireRate
[14:59:25]   ─────────────────────────────────────────────────────── │ ───── │ ─── │ ──── │ ───── │ ─────── │ ────────
[14:59:25]   kf_price_filt_vel                                       │   198 │  34 │  164 │ 17.2% │   35.6% │    4.31%
[14:59:25]   vwap_sigma_tide                                         │   201 │  30 │  171 │ 14.9% │   17.8% │    4.38%
[14:59:25]   kf_price_innovation                                     │   202 │  30 │  172 │ 14.9% │   34.2% │    4.40%
[14:59:25]   kf_price_pred_val                                       │   209 │  31 │  178 │ 14.8% │   32.9% │    4.55%
[14:59:25]   conj_wave_current                                       │   179 │  25 │  154 │ 14.0% │   12.3% │    3.90%
[14:59:25] 
  PAIRS (top 10):
[14:59:25]   Combo                                                   │ Fires │  TP │   FP │ Prec% │ Recall% │ FireRate
[14:59:25]   ─────────────────────────────────────────────────────── │ ───── │ ─── │ ──── │ ───── │ ─────── │ ────────
[14:59:25]   kf_price_innovation + kf_conj_pred_val                  │    35 │  11 │   24 │ 31.4% │   12.3% │    0.76%
[14:59:25]   kf_price_filt_vel + vwap_sigma_tide                     │    39 │  12 │   27 │ 30.8% │   13.7% │    0.85%
[14:59:25]   kf_price_pred_val + kf_conj_pred_val                    │    37 │  11 │   26 │ 29.7% │   11.0% │    0.81%
[14:59:25]   kf_price_pred_val + wave_slope                          │    34 │  10 │   24 │ 29.4% │    8.2% │    0.74%
[14:59:25]   kf_price_pred_val + conj_wave_current                   │    28 │   8 │   20 │ 28.6% │    8.2% │    0.61%
[14:59:25]   kf_price_filt_vel + wave_slope                          │    28 │   8 │   20 │ 28.6% │    8.2% │    0.61%
[14:59:25]   conj_wave_current + vwap_sigma_tide                     │    54 │  15 │   39 │ 27.8% │    8.2% │    1.18%
[14:59:25]   kf_price_filt_vel + conj_wave_current                   │    22 │   6 │   16 │ 27.3% │    6.8% │    0.48%
[14:59:25]   kf_price_innovation + wave_slope                        │    30 │   8 │   22 │ 26.7% │    8.2% │    0.65%
[14:59:25]   kf_conj_pred_val + vwap_sigma_tide                      │    58 │  15 │   43 │ 25.9% │    6.8% │    1.26%
[14:59:25] 
  TRIPLES (top 10):
[14:59:25]   Combo                                                   │ Fires │  TP │   FP │ Prec% │ Recall% │ FireRate
[14:59:25]   ─────────────────────────────────────────────────────── │ ───── │ ─── │ ──── │ ───── │ ─────── │ ────────
[14:59:25]   kf_price_filt_vel + kf_price_innovation + kf_conj_filt_vel │    11 │   5 │    6 │ 45.5% │    5.5% │    0.24%
[14:59:25]   kf_price_pred_val + kf_price_innovation + wave_slope    │    15 │   5 │   10 │ 33.3% │    5.5% │    0.33%
[14:59:25]   kf_price_pred_val + kf_price_filt_vel + wave_slope      │    22 │   7 │   15 │ 31.8% │    8.2% │    0.48%
[14:59:25]   kf_price_filt_vel + kf_price_innovation + wave_slope    │    13 │   4 │    9 │ 30.8% │    4.1% │    0.28%
[14:59:25]   kf_price_filt_vel + kf_conj_filt_vel + wave_slope       │     4 │   1 │    3 │ 25.0% │    1.4% │    0.09%
[14:59:25]   kf_price_pred_val + kf_price_filt_vel + kf_conj_filt_vel │    17 │   4 │   13 │ 23.5% │    4.1% │    0.37%
[14:59:25]   kf_price_pred_val + kf_price_innovation + kf_conj_filt_vel │    10 │   2 │    8 │ 20.0% │    1.4% │    0.22%
[14:59:25]   kf_price_pred_val + kf_conj_filt_vel + wave_slope       │     5 │   1 │    4 │ 20.0% │    1.4% │    0.11%
[14:59:25]   kf_price_innovation + kf_conj_filt_vel + wave_slope     │     5 │   1 │    4 │ 20.0% │    1.4% │    0.11%
[14:59:25]   kf_price_pred_val + kf_price_filt_vel + kf_price_innovation │    69 │  13 │   56 │ 18.8% │   16.4% │    1.50%
[14:59:25] 
  ★ BEST (Prec with Recall≥10%): kf_price_innovation + kf_conj_pred_val
[14:59:25]     Precision=31.4%  Recall=12.3%  Fires=35  TP=11  FP=24
[14:59:25] 
  Processing COST...
[14:59:26] ════════════════════════════════════════════════════════════════════════════════════════════════════
[14:59:26]   TICKER: COST
[14:59:26] ════════════════════════════════════════════════════════════════════════════════════════════════════
[14:59:26] 
  ── LL (35 turns) ──
[14:59:26] 
  SINGLES:
[14:59:26]   Combo                                                   │ Fires │  TP │   FP │ Prec% │ Recall% │ FireRate
[14:59:26]   ─────────────────────────────────────────────────────── │ ───── │ ─── │ ──── │ ───── │ ─────── │ ────────
[14:59:26]   vwap_sigma_current                                      │   134 │  37 │   97 │ 27.6% │   60.0% │    2.92%
[14:59:26]   sigma_tide                                              │   156 │  40 │  116 │ 25.6% │   51.4% │    3.39%
[14:59:26]   kf_rsi_pred_val                                         │   172 │  29 │  143 │ 16.9% │   40.0% │    3.74%
[14:59:26]   rsi_value                                               │   185 │  29 │  156 │ 15.7% │   42.9% │    4.03%
[14:59:26]   vwap_sigma_tide                                         │   179 │  27 │  152 │ 15.1% │   31.4% │    3.89%
[14:59:26] 
  PAIRS (top 10):
[14:59:26]   Combo                                                   │ Fires │  TP │   FP │ Prec% │ Recall% │ FireRate
[14:59:26]   ─────────────────────────────────────────────────────── │ ───── │ ─── │ ──── │ ───── │ ─────── │ ────────
[14:59:26]   vwap_sigma_current + wave_slope                         │    28 │  21 │    7 │ 75.0% │   28.6% │    0.61%
[14:59:26]   rsi_value + fear_level                                  │     8 │   6 │    2 │ 75.0% │   11.4% │    0.17%
[14:59:26]   vwap_sigma_tide + rsi_value                             │    17 │  11 │    6 │ 64.7% │   17.1% │    0.37%
[14:59:26]   vwap_sigma_current + vwap_sigma_tide                    │    24 │  15 │    9 │ 62.5% │   25.7% │    0.52%
[14:59:26]   vwap_sigma_tide + sigma_tide                            │    21 │  13 │    8 │ 61.9% │   17.1% │    0.46%
[14:59:26]   vwap_sigma_current + kf_price_pred_val                  │    28 │  17 │   11 │ 60.7% │   31.4% │    0.61%
[14:59:26]   kf_rsi_pred_val + fear_level                            │     5 │   3 │    2 │ 60.0% │    5.7% │    0.11%
[14:59:26]   vwap_sigma_tide + kf_rsi_pred_val                       │    16 │   9 │    7 │ 56.2% │   14.3% │    0.35%
[14:59:26]   sigma_tide + kf_price_pred_val                          │    36 │  18 │   18 │ 50.0% │   34.3% │    0.78%
[14:59:26]   vwap_sigma_current + sigma_tide                         │    58 │  27 │   31 │ 46.6% │   40.0% │    1.26%
[14:59:26] 
  TRIPLES (top 10):
[14:59:26]   Combo                                                   │ Fires │  TP │   FP │ Prec% │ Recall% │ FireRate
[14:59:26]   ─────────────────────────────────────────────────────── │ ───── │ ─── │ ──── │ ───── │ ─────── │ ────────
[14:59:26]   vwap_sigma_current + vwap_sigma_tide + rsi_value        │     9 │   8 │    1 │ 88.9% │   14.3% │    0.20%
[14:59:26]   vwap_sigma_current + vwap_sigma_tide + kf_rsi_pred_val  │     8 │   7 │    1 │ 87.5% │   11.4% │    0.17%
[14:59:26]   vwap_sigma_current + vwap_sigma_tide + sigma_tide       │    13 │  11 │    2 │ 84.6% │   17.1% │    0.28%
[14:59:26]   vwap_sigma_tide + sigma_tide + kf_rsi_pred_val          │    11 │   8 │    3 │ 72.7% │   11.4% │    0.24%
[14:59:26]   vwap_sigma_tide + sigma_tide + rsi_value                │    10 │   7 │    3 │ 70.0% │    8.6% │    0.22%
[14:59:26]   vwap_sigma_tide + rsi_value + kf_rsi_pred_val           │    13 │   8 │    5 │ 61.5% │   11.4% │    0.28%
[14:59:26]   vwap_sigma_current + sigma_tide + rsi_value             │    30 │  16 │   14 │ 53.3% │   22.9% │    0.65%
[14:59:26]   vwap_sigma_current + sigma_tide + kf_rsi_pred_val       │    32 │  17 │   15 │ 53.1% │   25.7% │    0.70%
[14:59:26]   vwap_sigma_current + rsi_value + kf_rsi_pred_val        │    34 │  15 │   19 │ 44.1% │   22.9% │    0.74%
[14:59:26]   sigma_tide + rsi_value + kf_rsi_pred_val                │    51 │  19 │   32 │ 37.3% │   28.6% │    1.11%
[14:59:26] 
  ★ BEST (Prec with Recall≥10%): vwap_sigma_current + vwap_sigma_tide + rsi_value
[14:59:26]     Precision=88.9%  Recall=14.3%  Fires=9  TP=8  FP=1
[14:59:26] 
  ── HL (57 turns) ──
[14:59:26] 
  SINGLES:
[14:59:26]   Combo                                                   │ Fires │  TP │   FP │ Prec% │ Recall% │ FireRate
[14:59:26]   ─────────────────────────────────────────────────────── │ ───── │ ─── │ ──── │ ───── │ ─────── │ ────────
[14:59:26]   vwap_sigma_wave                                         │   102 │  25 │   77 │ 24.5% │   31.6% │    2.22%
[14:59:26]   kf_price_pred_val                                       │   224 │  22 │  202 │  9.8% │   26.3% │    4.87%
[14:59:26]   sigma_current                                           │   176 │  16 │  160 │  9.1% │   19.3% │    3.83%
[14:59:26]   wave_accel                                              │   244 │  20 │  224 │  8.2% │   22.8% │    5.31%
[14:59:26]   vwap_sigma_current                                      │   134 │  10 │  124 │  7.5% │   10.5% │    2.92%
[14:59:26] 
  PAIRS (top 10):
[14:59:26]   Combo                                                   │ Fires │  TP │   FP │ Prec% │ Recall% │ FireRate
[14:59:26]   ─────────────────────────────────────────────────────── │ ───── │ ─── │ ──── │ ───── │ ─────── │ ────────
[14:59:26]   sigma_current + vwap_sigma_wave                         │    27 │   7 │   20 │ 25.9% │   12.3% │    0.59%
[14:59:26]   vwap_sigma_wave + wave_accel                            │    12 │   3 │    9 │ 25.0% │    5.3% │    0.26%
[14:59:26]   vwap_sigma_wave + vwap_sigma_current                    │    20 │   4 │   16 │ 20.0% │    5.3% │    0.44%
[14:59:26]   vwap_sigma_wave + sigma_wave                            │    28 │   4 │   24 │ 14.3% │    7.0% │    0.61%
[14:59:26]   kf_price_pred_val + kf_rsi_filt_vel                     │    68 │   8 │   60 │ 11.8% │   12.3% │    1.48%
[14:59:26]   sigma_current + kf_tension_filt_vel                     │    53 │   6 │   47 │ 11.3% │    5.3% │    1.15%
[14:59:26]   kf_rsi_filt_vel + wave_accel                            │    54 │   6 │   48 │ 11.1% │    8.8% │    1.17%
[14:59:26]   vwap_sigma_wave + kf_price_filt_vel                     │    19 │   2 │   17 │ 10.5% │    3.5% │    0.41%
[14:59:26]   wave_accel + kf_price_filt_vel                          │    39 │   4 │   35 │ 10.3% │    7.0% │    0.85%
[14:59:26]   kf_rsi_filt_vel + conj_wave_tide                        │    10 │   1 │    9 │ 10.0% │    1.8% │    0.22%
[14:59:26] 
  TRIPLES (top 10):
[14:59:26]   Combo                                                   │ Fires │  TP │   FP │ Prec% │ Recall% │ FireRate
[14:59:26]   ─────────────────────────────────────────────────────── │ ───── │ ─── │ ──── │ ───── │ ─────── │ ────────
[14:59:26]   sigma_current + vwap_sigma_wave + wave_accel            │     7 │   2 │    5 │ 28.6% │    3.5% │    0.15%
[14:59:26]   vwap_sigma_wave + sigma_wave + wave_accel               │     7 │   2 │    5 │ 28.6% │    3.5% │    0.15%
[14:59:26]   vwap_sigma_wave + kf_rsi_filt_vel + wave_accel          │     6 │   1 │    5 │ 16.7% │    1.8% │    0.13%
[14:59:26]   vwap_sigma_wave + sigma_wave + kf_rsi_filt_vel          │    14 │   2 │   12 │ 14.3% │    3.5% │    0.30%
[14:59:26]   sigma_current + sigma_wave + kf_rsi_filt_vel            │    25 │   3 │   22 │ 12.0% │    5.3% │    0.54%
[14:59:26]   kf_price_pred_val + vwap_sigma_wave + sigma_wave        │    17 │   2 │   15 │ 11.8% │    3.5% │    0.37%
[14:59:26]   kf_price_pred_val + sigma_wave + kf_rsi_filt_vel        │    43 │   5 │   38 │ 11.6% │    7.0% │    0.94%
[14:59:26]   kf_price_pred_val + vwap_sigma_wave + wave_accel        │     9 │   1 │    8 │ 11.1% │    1.8% │    0.20%
[14:59:26]   kf_price_pred_val + kf_rsi_filt_vel + wave_accel        │    31 │   3 │   28 │  9.7% │    5.3% │    0.67%
[14:59:26]   sigma_wave + kf_rsi_filt_vel + wave_accel               │    21 │   2 │   19 │  9.5% │    3.5% │    0.46%
[14:59:26] 
  ★ BEST (Prec with Recall≥10%): sigma_current + vwap_sigma_wave
[14:59:26]     Precision=25.9%  Recall=12.3%  Fires=27  TP=7  FP=20
[14:59:26] 
  ── HH (56 turns) ──
[14:59:26] 
  SINGLES:
[14:59:26]   Combo                                                   │ Fires │  TP │   FP │ Prec% │ Recall% │ FireRate
[14:59:26]   ─────────────────────────────────────────────────────── │ ───── │ ─── │ ──── │ ───── │ ─────── │ ────────
[14:59:26]   vwap_spread_tide_wave                                   │   264 │  21 │  243 │  8.0% │   12.5% │    5.74%
[14:59:26]   vwap_spread_tide_current                                │   190 │  12 │  178 │  6.3% │    7.1% │    4.13%
[14:59:26]   kf_price_pred_val                                       │   224 │  14 │  210 │  6.2% │   14.3% │    4.87%
[14:59:26]   wave_accel                                              │   244 │  12 │  232 │  4.9% │   10.7% │    5.31%
[14:59:26]   current_accel                                           │   223 │  10 │  213 │  4.5% │    8.9% │    4.85%
[14:59:26] 
  PAIRS (top 10):
[14:59:26]   Combo                                                   │ Fires │  TP │   FP │ Prec% │ Recall% │ FireRate
[14:59:26]   ─────────────────────────────────────────────────────── │ ───── │ ─── │ ──── │ ───── │ ─────── │ ────────
[14:59:26]   vwap_spread_tide_current + kf_price_pred_val            │    28 │   4 │   24 │ 14.3% │    3.6% │    0.61%
[14:59:26]   vwap_spread_tide_wave + conj_wave_current               │    30 │   4 │   26 │ 13.3% │    3.6% │    0.65%
[14:59:26]   vwap_spread_tide_current + conj_current_tide            │    47 │   6 │   41 │ 12.8% │    3.6% │    1.02%
[14:59:26]   current_accel + kf_price_pred_val                       │    42 │   5 │   37 │ 11.9% │    5.4% │    0.91%
[14:59:26]   vwap_spread_tide_current + conj_wave_current            │    36 │   4 │   32 │ 11.1% │    3.6% │    0.78%
[14:59:26]   wave_accel + kf_price_pred_val                          │    69 │   7 │   62 │ 10.1% │    7.1% │    1.50%
[14:59:26]   vwap_spread_tide_wave + kf_price_pred_val               │    42 │   4 │   38 │  9.5% │    3.6% │    0.91%
[14:59:26]   kf_price_pred_val + conj_wave_current                   │    43 │   4 │   39 │  9.3% │    5.4% │    0.94%
[14:59:26]   vwap_spread_tide_wave + conj_current_tide               │    68 │   6 │   62 │  8.8% │    3.6% │    1.48%
[14:59:26]   kf_conj_pred_val + vwap_spread_tide_wave                │    35 │   3 │   32 │  8.6% │    1.8% │    0.76%
[14:59:26] 
  TRIPLES (top 10):
[14:59:26]   Combo                                                   │ Fires │  TP │   FP │ Prec% │ Recall% │ FireRate
[14:59:26]   ─────────────────────────────────────────────────────── │ ───── │ ─── │ ──── │ ───── │ ─────── │ ────────
[14:59:26]   kf_conj_pred_val + vwap_spread_tide_wave + vwap_spread_tide_current │    26 │   3 │   23 │ 11.5% │    1.8% │    0.57%
[14:59:26]   vwap_spread_tide_wave + vwap_spread_tide_current + conj_wave_tide │    26 │   3 │   23 │ 11.5% │    1.8% │    0.57%
[14:59:26]   kf_conj_pred_val + current_accel + vwap_spread_tide_wave │    28 │   3 │   25 │ 10.7% │    1.8% │    0.61%
[14:59:26]   current_accel + vwap_spread_tide_wave + conj_wave_tide  │    29 │   3 │   26 │ 10.3% │    1.8% │    0.63%
[14:59:26]   kf_conj_pred_val + current_accel + vwap_spread_tide_current │    31 │   3 │   28 │  9.7% │    1.8% │    0.67%
[14:59:26]   current_accel + vwap_spread_tide_current + conj_wave_tide │    31 │   3 │   28 │  9.7% │    1.8% │    0.67%
[14:59:26]   kf_conj_pred_val + vwap_spread_tide_wave + conj_wave_tide │    33 │   3 │   30 │  9.1% │    1.8% │    0.72%
[14:59:26]   current_accel + vwap_spread_tide_wave + vwap_spread_tide_current │    57 │   5 │   52 │  8.8% │    3.6% │    1.24%
[14:59:26]   current_accel + vwap_spread_tide_current + vwap_spread_current_wave │    23 │   2 │   21 │  8.7% │    1.8% │    0.50%
[14:59:26]   kf_conj_pred_val + vwap_spread_tide_current + conj_wave_tide │    35 │   3 │   32 │  8.6% │    1.8% │    0.76%
[14:59:26] 
  ★ BEST (Prec with Recall≥10%): vwap_spread_tide_wave
[14:59:26]     Precision=8.0%  Recall=12.5%  Fires=264  TP=21  FP=243
[14:59:26] 
  ── LH (36 turns) ──
[14:59:26] 
  SINGLES:
[14:59:26]   Combo                                                   │ Fires │  TP │   FP │ Prec% │ Recall% │ FireRate
[14:59:26]   ─────────────────────────────────────────────────────── │ ───── │ ─── │ ──── │ ───── │ ─────── │ ────────
[14:59:26]   kf_price_filt_vel                                       │   205 │  21 │  184 │ 10.2% │   36.1% │    4.46%
[14:59:26]   kf_price_pred_val                                       │   224 │  20 │  204 │  8.9% │   33.3% │    4.87%
[14:59:26]   wave_accel                                              │   244 │  21 │  223 │  8.6% │   33.3% │    5.31%
[14:59:26]   vwap_sigma_tide                                         │   179 │  15 │  164 │  8.4% │   13.9% │    3.89%
[14:59:26]   kf_price_innovation                                     │   217 │  18 │  199 │  8.3% │   33.3% │    4.72%
[14:59:26] 
  PAIRS (top 10):
[14:59:26]   Combo                                                   │ Fires │  TP │   FP │ Prec% │ Recall% │ FireRate
[14:59:26]   ─────────────────────────────────────────────────────── │ ───── │ ─── │ ──── │ ───── │ ─────── │ ────────
[14:59:26]   kf_conj_pred_val + vwap_sigma_tide                      │    35 │  10 │   25 │ 28.6% │   11.1% │    0.76%
[14:59:26]   kf_price_filt_vel + vwap_sigma_tide                     │    29 │   7 │   22 │ 24.1% │   13.9% │    0.63%
[14:59:26]   wave_slope + vwap_sigma_tide                            │    54 │  13 │   41 │ 24.1% │   13.9% │    1.17%
[14:59:26]   conj_wave_current + vwap_sigma_tide                     │    31 │   7 │   24 │ 22.6% │    8.3% │    0.67%
[14:59:26]   kf_price_pred_val + vwap_sigma_tide                     │    41 │   9 │   32 │ 22.0% │   13.9% │    0.89%
[14:59:26]   kf_price_filt_vel + compression_ratio                   │    29 │   6 │   23 │ 20.7% │    8.3% │    0.63%
[14:59:26]   kf_price_filt_vel + wave_accel                          │    39 │   7 │   32 │ 17.9% │   16.7% │    0.85%
[14:59:26]   kf_price_innovation + wave_slope                        │    41 │   7 │   34 │ 17.1% │   16.7% │    0.89%
[14:59:26]   kf_price_innovation + vwap_sigma_tide                   │    41 │   7 │   34 │ 17.1% │   13.9% │    0.89%
[14:59:26]   wave_slope + wave_accel                                 │    44 │   7 │   37 │ 15.9% │   11.1% │    0.96%
[14:59:26] 
  TRIPLES (top 10):
[14:59:26]   Combo                                                   │ Fires │  TP │   FP │ Prec% │ Recall% │ FireRate
[14:59:26]   ─────────────────────────────────────────────────────── │ ───── │ ─── │ ──── │ ───── │ ─────── │ ────────
[14:59:26]   kf_price_filt_vel + kf_price_innovation + wave_slope    │    19 │   5 │   14 │ 26.3% │   11.1% │    0.41%
[14:59:26]   kf_price_pred_val + kf_price_filt_vel + compression_ratio │    21 │   5 │   16 │ 23.8% │    5.6% │    0.46%
[14:59:26]   kf_price_pred_val + kf_price_innovation + wave_slope    │    20 │   4 │   16 │ 20.0% │   11.1% │    0.44%
[14:59:26]   kf_price_filt_vel + kf_price_innovation + compression_ratio │    15 │   3 │   12 │ 20.0% │    5.6% │    0.33%
[14:59:26]   kf_price_pred_val + kf_price_innovation + compression_ratio │    18 │   3 │   15 │ 16.7% │    5.6% │    0.39%
[14:59:26]   kf_price_pred_val + kf_price_filt_vel + kf_price_innovation │    71 │  11 │   60 │ 15.5% │   27.8% │    1.54%
[14:59:26]   kf_price_pred_val + kf_price_filt_vel + wave_slope      │    26 │   4 │   22 │ 15.4% │   11.1% │    0.57%
[14:59:26]   kf_price_filt_vel + kf_conj_filt_vel + compression_ratio │     7 │   1 │    6 │ 14.3% │    2.8% │    0.15%
[14:59:26]   kf_price_innovation + kf_conj_filt_vel + compression_ratio │    14 │   2 │   12 │ 14.3% │    2.8% │    0.30%
[14:59:26]   kf_price_filt_vel + kf_price_innovation + kf_conj_filt_vel │    16 │   2 │   14 │ 12.5% │    5.6% │    0.35%
[14:59:26] 
  ★ BEST (Prec with Recall≥10%): kf_conj_pred_val + vwap_sigma_tide
[14:59:26]     Precision=28.6%  Recall=11.1%  Fires=35  TP=10  FP=25
[14:59:26] 
  Processing HD...
[14:59:26] ════════════════════════════════════════════════════════════════════════════════════════════════════
[14:59:26]   TICKER: HD
[14:59:26] ════════════════════════════════════════════════════════════════════════════════════════════════════
[14:59:26] 
  ── LL (59 turns) ──
[14:59:26] 
  SINGLES:
[14:59:26]   Combo                                                   │ Fires │  TP │   FP │ Prec% │ Recall% │ FireRate
[14:59:26]   ─────────────────────────────────────────────────────── │ ───── │ ─── │ ──── │ ───── │ ─────── │ ────────
[14:59:26]   vwap_sigma_tide                                         │   102 │  47 │   55 │ 46.1% │   32.2% │    2.22%
[14:59:26]   vwap_sigma_current                                      │   117 │  33 │   84 │ 28.2% │   32.2% │    2.55%
[14:59:26]   fear_level                                              │   181 │  42 │  139 │ 23.2% │   25.4% │    3.94%
[14:59:26]   sigma_tide                                              │   152 │  28 │  124 │ 18.4% │   23.7% │    3.31%
[14:59:26]   vwap_sigma_wave                                         │   107 │  18 │   89 │ 16.8% │   23.7% │    2.33%
[14:59:26] 
  PAIRS (top 10):
[14:59:26]   Combo                                                   │ Fires │  TP │   FP │ Prec% │ Recall% │ FireRate
[14:59:26]   ─────────────────────────────────────────────────────── │ ───── │ ─── │ ──── │ ───── │ ─────── │ ────────
[14:59:26]   sigma_tide + fear_level                                 │     3 │   3 │    0 │ 100.0% │    3.4% │    0.07%
[14:59:26]   vwap_sigma_current + fear_level                         │    13 │  11 │    2 │ 84.6% │    8.5% │    0.28%
[14:59:26]   rsi_value + fear_level                                  │     6 │   5 │    1 │ 83.3% │    3.4% │    0.13%
[14:59:26]   kf_rsi_pred_val + fear_level                            │     6 │   5 │    1 │ 83.3% │    3.4% │    0.13%
[14:59:26]   vwap_sigma_wave + fear_level                            │     5 │   4 │    1 │ 80.0% │    5.1% │    0.11%
[14:59:26]   wave_slope + sigma_current                              │     9 │   7 │    2 │ 77.8% │    6.8% │    0.20%
[14:59:26]   vwap_sigma_tide + vwap_sigma_wave                       │    12 │   8 │    4 │ 66.7% │   11.9% │    0.26%
[14:59:26]   vwap_sigma_wave + wave_slope                            │     3 │   2 │    1 │ 66.7% │    3.4% │    0.07%
[14:59:26]   vwap_sigma_current + vwap_sigma_tide                    │    31 │  18 │   13 │ 58.1% │   16.9% │    0.67%
[14:59:26]   vwap_sigma_tide + sigma_current                         │    19 │  11 │    8 │ 57.9% │   10.2% │    0.41%
[14:59:26] 
  TRIPLES (top 10):
[14:59:26]   Combo                                                   │ Fires │  TP │   FP │ Prec% │ Recall% │ FireRate
[14:59:26]   ─────────────────────────────────────────────────────── │ ───── │ ─── │ ──── │ ───── │ ─────── │ ────────
[14:59:26]   vwap_sigma_tide + sigma_tide + vwap_sigma_wave          │     3 │   3 │    0 │ 100.0% │    5.1% │    0.07%
[14:59:26]   vwap_sigma_tide + vwap_sigma_wave + rsi_value           │     4 │   3 │    1 │ 75.0% │    5.1% │    0.09%
[14:59:26]   vwap_sigma_current + vwap_sigma_tide + sigma_tide       │    11 │   7 │    4 │ 63.6% │    8.5% │    0.24%
[14:59:26]   vwap_sigma_current + vwap_sigma_tide + vwap_sigma_wave  │     8 │   5 │    3 │ 62.5% │    8.5% │    0.17%
[14:59:26]   vwap_sigma_tide + vwap_sigma_wave + kf_rsi_pred_val     │     5 │   3 │    2 │ 60.0% │    5.1% │    0.11%
[14:59:26]   vwap_sigma_current + vwap_sigma_tide + rsi_value        │    17 │   8 │    9 │ 47.1% │    6.8% │    0.37%
[14:59:26]   vwap_sigma_current + vwap_sigma_tide + kf_rsi_pred_val  │    17 │   8 │    9 │ 47.1% │    5.1% │    0.37%
[14:59:26]   vwap_sigma_current + sigma_tide + vwap_sigma_wave       │    15 │   6 │    9 │ 40.0% │    8.5% │    0.33%
[14:59:26]   vwap_sigma_current + vwap_sigma_wave + rsi_value        │    16 │   6 │   10 │ 37.5% │    8.5% │    0.35%
[14:59:26]   vwap_sigma_tide + rsi_value + kf_rsi_pred_val           │    28 │  10 │   18 │ 35.7% │    8.5% │    0.61%
[14:59:26] 
  ★ BEST (Prec with Recall≥10%): vwap_sigma_tide + vwap_sigma_wave
[14:59:26]     Precision=66.7%  Recall=11.9%  Fires=12  TP=8  FP=4
[14:59:26] 
  ── HL (59 turns) ──
[14:59:26] 
  SINGLES:
[14:59:26]   Combo                                                   │ Fires │  TP │   FP │ Prec% │ Recall% │ FireRate
[14:59:26]   ─────────────────────────────────────────────────────── │ ───── │ ─── │ ──── │ ───── │ ─────── │ ────────
[14:59:26]   sigma_current                                           │   143 │  25 │  118 │ 17.5% │   25.4% │    3.11%
[14:59:26]   sigma_wave                                              │   150 │  20 │  130 │ 13.3% │   22.0% │    3.26%
[14:59:26]   kf_rsi_filt_vel                                         │   213 │  27 │  186 │ 12.7% │   25.4% │    4.63%
[14:59:26]   kf_price_pred_val                                       │   213 │  24 │  189 │ 11.3% │   28.8% │    4.63%
[14:59:26]   kf_price_filt_vel                                       │   215 │  23 │  192 │ 10.7% │   25.4% │    4.68%
[14:59:26] 
  PAIRS (top 10):
[14:59:26]   Combo                                                   │ Fires │  TP │   FP │ Prec% │ Recall% │ FireRate
[14:59:26]   ─────────────────────────────────────────────────────── │ ───── │ ─── │ ──── │ ───── │ ─────── │ ────────
[14:59:26]   sigma_current + kf_rsi_filt_vel                         │    47 │  16 │   31 │ 34.0% │   16.9% │    1.02%
[14:59:26]   sigma_wave + conj_wave_tide                             │     6 │   2 │    4 │ 33.3% │    3.4% │    0.13%
[14:59:26]   sigma_current + kf_tension_filt_vel                     │    51 │  16 │   35 │ 31.4% │   15.3% │    1.11%
[14:59:26]   kf_rsi_filt_vel + conj_wave_tide                        │    10 │   3 │    7 │ 30.0% │    3.4% │    0.22%
[14:59:26]   kf_rsi_filt_vel + vwap_sigma_current                    │    12 │   3 │    9 │ 25.0% │    3.4% │    0.26%
[14:59:26]   sigma_wave + kf_tension_filt_vel                        │    54 │  13 │   41 │ 24.1% │   13.6% │    1.17%
[14:59:26]   kf_rsi_filt_vel + wave_accel                            │    21 │   5 │   16 │ 23.8% │    5.1% │    0.46%
[14:59:26]   kf_rsi_filt_vel + kf_tension_filt_vel                   │    68 │  16 │   52 │ 23.5% │   13.6% │    1.48%
[14:59:26]   kf_price_pred_val + sigma_wave                          │    48 │  11 │   37 │ 22.9% │   15.3% │    1.04%
[14:59:26]   sigma_wave + kf_rsi_filt_vel                            │    84 │  19 │   65 │ 22.6% │   20.3% │    1.83%
[14:59:26] 
  TRIPLES (top 10):
[14:59:26]   Combo                                                   │ Fires │  TP │   FP │ Prec% │ Recall% │ FireRate
[14:59:26]   ─────────────────────────────────────────────────────── │ ───── │ ─── │ ──── │ ───── │ ─────── │ ────────
[14:59:26]   sigma_current + kf_rsi_filt_vel + wave_accel            │     6 │   3 │    3 │ 50.0% │    3.4% │    0.13%
[14:59:26]   sigma_current + kf_price_pred_val + kf_rsi_filt_vel     │    15 │   7 │    8 │ 46.7% │   10.2% │    0.33%
[14:59:26]   kf_price_pred_val + kf_rsi_filt_vel + wave_accel        │    14 │   5 │    9 │ 35.7% │    5.1% │    0.30%
[14:59:26]   kf_price_pred_val + sigma_wave + kf_rsi_filt_vel        │    31 │  11 │   20 │ 35.5% │   15.3% │    0.67%
[14:59:26]   sigma_current + sigma_wave + kf_rsi_filt_vel            │    35 │  12 │   23 │ 34.3% │   13.6% │    0.76%
[14:59:26]   sigma_wave + kf_rsi_filt_vel + wave_accel               │    14 │   4 │   10 │ 28.6% │    5.1% │    0.30%
[14:59:26]   sigma_current + kf_price_pred_val + sigma_wave          │    25 │   7 │   18 │ 28.0% │   10.2% │    0.54%
[14:59:26]   sigma_current + sigma_wave + wave_accel                 │    11 │   3 │    8 │ 27.3% │    3.4% │    0.24%
[14:59:26]   kf_price_pred_val + sigma_wave + wave_accel             │    19 │   4 │   15 │ 21.1% │    5.1% │    0.41%
[14:59:26]   sigma_current + kf_price_pred_val + wave_accel          │    20 │   3 │   17 │ 15.0% │    3.4% │    0.44%
[14:59:26] 
  ★ BEST (Prec with Recall≥10%): sigma_current + kf_price_pred_val + kf_rsi_filt_vel
[14:59:26]     Precision=46.7%  Recall=10.2%  Fires=15  TP=7  FP=8
[14:59:26] 
  ── HH (63 turns) ──
[14:59:26] 
  SINGLES:
[14:59:26]   Combo                                                   │ Fires │  TP │   FP │ Prec% │ Recall% │ FireRate
[14:59:26]   ─────────────────────────────────────────────────────── │ ───── │ ─── │ ──── │ ───── │ ─────── │ ────────
[14:59:26]   vwap_spread_tide_wave                                   │   160 │  20 │  140 │ 12.5% │   11.1% │    3.48%
[14:59:26]   conj_wave_current                                       │   204 │  22 │  182 │ 10.8% │   12.7% │    4.44%
[14:59:26]   kf_price_pred_val                                       │   213 │  22 │  191 │ 10.3% │   23.8% │    4.63%
[14:59:26]   vwap_spread_tide_current                                │   183 │  18 │  165 │  9.8% │    9.5% │    3.98%
[14:59:26]   conj_wave_tide                                          │   246 │  23 │  223 │  9.3% │   12.7% │    5.35%
[14:59:26] 
  PAIRS (top 10):
[14:59:26]   Combo                                                   │ Fires │  TP │   FP │ Prec% │ Recall% │ FireRate
[14:59:26]   ─────────────────────────────────────────────────────── │ ───── │ ─── │ ──── │ ───── │ ─────── │ ────────
[14:59:26]   vwap_spread_tide_current + kf_price_pred_val            │    19 │   7 │   12 │ 36.8% │    6.3% │    0.41%
[14:59:26]   current_accel + vwap_spread_tide_wave                   │    17 │   6 │   11 │ 35.3% │    4.8% │    0.37%
[14:59:26]   vwap_spread_tide_wave + kf_price_pred_val               │    34 │  11 │   23 │ 32.4% │    9.5% │    0.74%
[14:59:26]   vwap_spread_tide_wave + conj_wave_current               │    29 │   9 │   20 │ 31.0% │    6.3% │    0.63%
[14:59:26]   vwap_spread_tide_current + conj_current_tide            │    10 │   3 │    7 │ 30.0% │    1.6% │    0.22%
[14:59:26]   kf_conj_pred_val + vwap_spread_tide_wave                │    19 │   5 │   14 │ 26.3% │    3.2% │    0.41%
[14:59:26]   vwap_spread_tide_wave + conj_wave_tide                  │    19 │   5 │   14 │ 26.3% │    3.2% │    0.41%
[14:59:26]   vwap_spread_tide_wave + conj_current_tide               │    24 │   6 │   18 │ 25.0% │    3.2% │    0.52%
[14:59:26]   vwap_spread_tide_current + conj_wave_current            │    14 │   3 │   11 │ 21.4% │    1.6% │    0.30%
[14:59:26]   current_accel + vwap_spread_tide_current                │    15 │   3 │   12 │ 20.0% │    1.6% │    0.33%
[14:59:26] 
  TRIPLES (top 10):
[14:59:26]   Combo                                                   │ Fires │  TP │   FP │ Prec% │ Recall% │ FireRate
[14:59:26]   ─────────────────────────────────────────────────────── │ ───── │ ─── │ ──── │ ───── │ ─────── │ ────────
[14:59:26]   current_accel + vwap_spread_tide_wave + vwap_spread_current_wave │     7 │   3 │    4 │ 42.9% │    3.2% │    0.15%
[14:59:26]   kf_conj_pred_val + vwap_spread_tide_wave + vwap_spread_current_wave │     9 │   3 │    6 │ 33.3% │    1.6% │    0.20%
[14:59:26]   current_accel + vwap_spread_tide_wave + conj_wave_tide  │     6 │   2 │    4 │ 33.3% │    1.6% │    0.13%
[14:59:26]   kf_conj_pred_val + vwap_spread_tide_wave + conj_wave_tide │    17 │   5 │   12 │ 29.4% │    3.2% │    0.37%
[14:59:26]   vwap_spread_tide_wave + conj_wave_tide + vwap_spread_current_wave │    11 │   3 │    8 │ 27.3% │    1.6% │    0.24%
[14:59:26]   kf_conj_pred_val + current_accel + vwap_spread_tide_wave │     8 │   2 │    6 │ 25.0% │    1.6% │    0.17%
[14:59:26]   kf_conj_pred_val + current_accel + vwap_spread_tide_current │     9 │   2 │    7 │ 22.2% │    1.6% │    0.20%
[14:59:26]   current_accel + vwap_spread_tide_current + conj_wave_tide │     9 │   2 │    7 │ 22.2% │    1.6% │    0.20%
[14:59:26]   kf_conj_pred_val + vwap_spread_tide_current + conj_wave_tide │    13 │   2 │   11 │ 15.4% │    1.6% │    0.28%
[14:59:26]   kf_conj_pred_val + current_accel + conj_wave_tide       │   117 │  10 │  107 │  8.5% │    7.9% │    2.55%
[14:59:26] 
  ★ BEST (Prec with Recall≥10%): vwap_spread_tide_wave
[14:59:26]     Precision=12.5%  Recall=11.1%  Fires=160  TP=20  FP=140
[14:59:26] 
  ── LH (55 turns) ──
[14:59:26] 
  SINGLES:
[14:59:26]   Combo                                                   │ Fires │  TP │   FP │ Prec% │ Recall% │ FireRate
[14:59:26]   ─────────────────────────────────────────────────────── │ ───── │ ─── │ ──── │ ───── │ ─────── │ ────────
[14:59:26]   kf_conj_filt_vel                                        │   185 │  35 │  150 │ 18.9% │   30.9% │    4.02%
[14:59:26]   wave_accel                                              │   184 │  33 │  151 │ 17.9% │   30.9% │    4.00%
[14:59:26]   kf_price_filt_vel                                       │   215 │  29 │  186 │ 13.5% │   36.4% │    4.68%
[14:59:26]   vwap_sigma_tide                                         │   102 │  11 │   91 │ 10.8% │    9.1% │    2.22%
[14:59:26]   kf_price_innovation                                     │   232 │  25 │  207 │ 10.8% │   32.7% │    5.05%
[14:59:26] 
  PAIRS (top 10):
[14:59:26]   Combo                                                   │ Fires │  TP │   FP │ Prec% │ Recall% │ FireRate
[14:59:26]   ─────────────────────────────────────────────────────── │ ───── │ ─── │ ──── │ ───── │ ─────── │ ────────
[14:59:26]   kf_price_filt_vel + compression_ratio                   │    29 │  10 │   19 │ 34.5% │   10.9% │    0.63%
[14:59:26]   kf_conj_filt_vel + vwap_sigma_tide                      │    30 │   9 │   21 │ 30.0% │    9.1% │    0.65%
[14:59:26]   wave_accel + vwap_sigma_tide                            │    33 │   9 │   24 │ 27.3% │    9.1% │    0.72%
[14:59:26]   conj_wave_current + vwap_sigma_tide                     │    33 │   9 │   24 │ 27.3% │    7.3% │    0.72%
[14:59:26]   kf_price_pred_val + compression_ratio                   │    26 │   7 │   19 │ 26.9% │   10.9% │    0.57%
[14:59:26]   kf_price_filt_vel + kf_conj_filt_vel                    │    51 │  13 │   38 │ 25.5% │   14.5% │    1.11%
[14:59:26]   kf_price_filt_vel + wave_accel                          │    51 │  13 │   38 │ 25.5% │   16.4% │    1.11%
[14:59:26]   kf_price_innovation + compression_ratio                 │    36 │   9 │   27 │ 25.0% │    7.3% │    0.78%
[14:59:26]   kf_conj_pred_val + vwap_sigma_tide                      │    32 │   8 │   24 │ 25.0% │    5.5% │    0.70%
[14:59:26]   kf_price_innovation + wave_accel                        │    54 │  13 │   41 │ 24.1% │   16.4% │    1.17%
[14:59:26] 
  TRIPLES (top 10):
[14:59:26]   Combo                                                   │ Fires │  TP │   FP │ Prec% │ Recall% │ FireRate
[14:59:26]   ─────────────────────────────────────────────────────── │ ───── │ ─── │ ──── │ ───── │ ─────── │ ────────
[14:59:26]   kf_price_filt_vel + kf_price_innovation + compression_ratio │    18 │   7 │   11 │ 38.9% │    7.3% │    0.39%
[14:59:26]   kf_price_pred_val + kf_price_filt_vel + compression_ratio │    18 │   6 │   12 │ 33.3% │   10.9% │    0.39%
[14:59:26]   kf_price_filt_vel + kf_price_innovation + kf_conj_filt_vel │    28 │   9 │   19 │ 32.1% │   12.7% │    0.61%
[14:59:26]   kf_price_filt_vel + kf_conj_filt_vel + compression_ratio │    16 │   5 │   11 │ 31.2% │    5.5% │    0.35%
[14:59:26]   kf_conj_filt_vel + compression_ratio + wave_slope       │    17 │   5 │   12 │ 29.4% │    3.6% │    0.37%
[14:59:26]   kf_price_pred_val + kf_price_innovation + compression_ratio │    14 │   4 │   10 │ 28.6% │    7.3% │    0.30%
[14:59:26]   kf_price_innovation + kf_conj_filt_vel + compression_ratio │    22 │   6 │   16 │ 27.3% │    5.5% │    0.48%
[14:59:26]   kf_price_pred_val + kf_conj_filt_vel + compression_ratio │    15 │   4 │   11 │ 26.7% │    5.5% │    0.33%
[14:59:26]   kf_price_filt_vel + compression_ratio + wave_slope      │    12 │   3 │    9 │ 25.0% │    3.6% │    0.26%
[14:59:26]   kf_price_innovation + kf_conj_filt_vel + wave_slope     │    24 │   6 │   18 │ 25.0% │    5.5% │    0.52%
[14:59:26] 
  ★ BEST (Prec with Recall≥10%): kf_price_filt_vel + compression_ratio
[14:59:26]     Precision=34.5%  Recall=10.9%  Fires=29  TP=10  FP=19
[14:59:26] 
  Processing HON...
[14:59:26] ════════════════════════════════════════════════════════════════════════════════════════════════════
[14:59:26]   TICKER: HON
[14:59:26] ════════════════════════════════════════════════════════════════════════════════════════════════════
[14:59:26] 
  ── LL (48 turns) ──
[14:59:26] 
  SINGLES:
[14:59:26]   Combo                                                   │ Fires │  TP │   FP │ Prec% │ Recall% │ FireRate
[14:59:26]   ─────────────────────────────────────────────────────── │ ───── │ ─── │ ──── │ ───── │ ─────── │ ────────
[14:59:26]   vwap_sigma_current                                      │   137 │  56 │   81 │ 40.9% │   52.1% │    2.98%
[14:59:26]   rsi_value                                               │   165 │  50 │  115 │ 30.3% │   47.9% │    3.59%
[14:59:26]   sigma_tide                                              │   166 │  46 │  120 │ 27.7% │   41.7% │    3.61%
[14:59:26]   kf_rsi_pred_val                                         │   178 │  42 │  136 │ 23.6% │   43.8% │    3.87%
[14:59:26]   vwap_sigma_tide                                         │   223 │  49 │  174 │ 22.0% │   41.7% │    4.85%
[14:59:26] 
  PAIRS (top 10):
[14:59:26]   Combo                                                   │ Fires │  TP │   FP │ Prec% │ Recall% │ FireRate
[14:59:26]   ─────────────────────────────────────────────────────── │ ───── │ ─── │ ──── │ ───── │ ─────── │ ────────
[14:59:26]   vwap_sigma_current + rsi_value                          │    66 │  37 │   29 │ 56.1% │   33.3% │    1.44%
[14:59:26]   vwap_sigma_tide + sigma_current                         │    25 │  14 │   11 │ 56.0% │   14.6% │    0.54%
[14:59:26]   vwap_sigma_current + sigma_current                      │    45 │  25 │   20 │ 55.6% │   25.0% │    0.98%
[14:59:26]   vwap_sigma_current + sigma_tide                         │    47 │  26 │   21 │ 55.3% │   27.1% │    1.02%
[14:59:26]   kf_rsi_pred_val + kf_price_pred_val                     │    39 │  21 │   18 │ 53.8% │   29.2% │    0.85%
[14:59:26]   wave_slope + sigma_current                              │    13 │   7 │    6 │ 53.8% │    6.2% │    0.28%
[14:59:26]   kf_rsi_pred_val + wave_slope                            │    28 │  15 │   13 │ 53.6% │   14.6% │    0.61%
[14:59:26]   rsi_value + kf_price_pred_val                           │    47 │  25 │   22 │ 53.2% │   31.2% │    1.02%
[14:59:26]   vwap_sigma_tide + rsi_value                             │    61 │  32 │   29 │ 52.5% │   27.1% │    1.33%
[14:59:26]   vwap_sigma_tide + kf_rsi_pred_val                       │    48 │  25 │   23 │ 52.1% │   25.0% │    1.04%
[14:59:26] 
  TRIPLES (top 10):
[14:59:26]   Combo                                                   │ Fires │  TP │   FP │ Prec% │ Recall% │ FireRate
[14:59:26]   ─────────────────────────────────────────────────────── │ ───── │ ─── │ ──── │ ───── │ ─────── │ ────────
[14:59:26]   vwap_sigma_tide + sigma_tide + vwap_sigma_wave          │     7 │   6 │    1 │ 85.7% │    8.3% │    0.15%
[14:59:26]   vwap_sigma_tide + vwap_sigma_wave + kf_rsi_pred_val     │    14 │  10 │    4 │ 71.4% │   10.4% │    0.30%
[14:59:26]   vwap_sigma_current + sigma_tide + kf_rsi_pred_val       │    33 │  22 │   11 │ 66.7% │   22.9% │    0.72%
[14:59:26]   sigma_tide + vwap_sigma_wave + rsi_value                │    18 │  12 │    6 │ 66.7% │   16.7% │    0.39%
[14:59:26]   vwap_sigma_current + sigma_tide + rsi_value             │    35 │  23 │   12 │ 65.7% │   22.9% │    0.76%
[14:59:26]   vwap_sigma_current + vwap_sigma_tide + vwap_sigma_wave  │    17 │  11 │    6 │ 64.7% │   10.4% │    0.37%
[14:59:26]   sigma_tide + vwap_sigma_wave + kf_rsi_pred_val          │    17 │  11 │    6 │ 64.7% │   16.7% │    0.37%
[14:59:26]   vwap_sigma_current + vwap_sigma_tide + kf_rsi_pred_val  │    30 │  19 │   11 │ 63.3% │   16.7% │    0.65%
[14:59:26]   vwap_sigma_current + sigma_tide + vwap_sigma_wave       │    19 │  12 │    7 │ 63.2% │   16.7% │    0.41%
[14:59:26]   vwap_sigma_current + vwap_sigma_tide + rsi_value        │    36 │  22 │   14 │ 61.1% │   16.7% │    0.78%
[14:59:26] 
  ★ BEST (Prec with Recall≥10%): vwap_sigma_tide + vwap_sigma_wave + kf_rsi_pred_val
[14:59:26]     Precision=71.4%  Recall=10.4%  Fires=14  TP=10  FP=4
[14:59:26] 
  ── HL (56 turns) ──
[14:59:26] 
  SINGLES:
[14:59:26]   Combo                                                   │ Fires │  TP │   FP │ Prec% │ Recall% │ FireRate
[14:59:26]   ─────────────────────────────────────────────────────── │ ───── │ ─── │ ──── │ ───── │ ─────── │ ────────
[14:59:26]   sigma_current                                           │   149 │  24 │  125 │ 16.1% │   26.8% │    3.24%
[14:59:26]   vwap_sigma_wave                                         │   132 │  14 │  118 │ 10.6% │   21.4% │    2.87%
[14:59:26]   wave_accel                                              │   264 │  27 │  237 │ 10.2% │   26.8% │    5.74%
[14:59:26]   kf_rsi_filt_vel                                         │   201 │  19 │  182 │  9.5% │   21.4% │    4.37%
[14:59:26]   kf_price_pred_val                                       │   251 │  22 │  229 │  8.8% │   32.1% │    5.46%
[14:59:26] 
  PAIRS (top 10):
[14:59:26]   Combo                                                   │ Fires │  TP │   FP │ Prec% │ Recall% │ FireRate
[14:59:26]   ─────────────────────────────────────────────────────── │ ───── │ ─── │ ──── │ ───── │ ─────── │ ────────
[14:59:26]   sigma_current + kf_tension_filt_vel                     │    44 │  11 │   33 │ 25.0% │    8.9% │    0.96%
[14:59:26]   sigma_current + kf_rsi_filt_vel                         │    58 │  12 │   46 │ 20.7% │   12.5% │    1.26%
[14:59:26]   vwap_sigma_wave + kf_rsi_filt_vel                       │    28 │   5 │   23 │ 17.9% │    8.9% │    0.61%
[14:59:26]   sigma_wave + kf_tension_filt_vel                        │    42 │   7 │   35 │ 16.7% │    5.4% │    0.91%
[14:59:26]   sigma_current + sigma_wave                              │    69 │  11 │   58 │ 15.9% │   10.7% │    1.50%
[14:59:26]   sigma_current + vwap_sigma_wave                         │    39 │   6 │   33 │ 15.4% │   10.7% │    0.85%
[14:59:26]   kf_price_filt_vel + conj_wave_tide                      │    52 │   7 │   45 │ 13.5% │    7.1% │    1.13%
[14:59:26]   sigma_wave + kf_rsi_filt_vel                            │    75 │   9 │   66 │ 12.0% │    8.9% │    1.63%
[14:59:26]   wave_accel + conj_wave_tide                             │    78 │   9 │   69 │ 11.5% │    8.9% │    1.70%
[14:59:26]   kf_price_pred_val + conj_wave_tide                      │    66 │   7 │   59 │ 10.6% │    8.9% │    1.44%
[14:59:26] 
  TRIPLES (top 10):
[14:59:26]   Combo                                                   │ Fires │  TP │   FP │ Prec% │ Recall% │ FireRate
[14:59:26]   ─────────────────────────────────────────────────────── │ ───── │ ─── │ ──── │ ───── │ ─────── │ ────────
[14:59:26]   sigma_current + sigma_wave + kf_rsi_filt_vel            │    46 │   9 │   37 │ 19.6% │    8.9% │    1.00%
[14:59:26]   sigma_current + kf_price_pred_val + kf_rsi_filt_vel     │    26 │   4 │   22 │ 15.4% │    7.1% │    0.57%
[14:59:26]   sigma_current + vwap_sigma_wave + kf_rsi_filt_vel       │    17 │   2 │   15 │ 11.8% │    3.6% │    0.37%
[14:59:26]   sigma_current + vwap_sigma_wave + sigma_wave            │    27 │   3 │   24 │ 11.1% │    5.4% │    0.59%
[14:59:26]   sigma_current + kf_rsi_filt_vel + wave_accel            │     9 │   1 │    8 │ 11.1% │    1.8% │    0.20%
[14:59:26]   kf_price_pred_val + vwap_sigma_wave + kf_rsi_filt_vel   │    18 │   2 │   16 │ 11.1% │    3.6% │    0.39%
[14:59:26]   sigma_wave + kf_rsi_filt_vel + wave_accel               │     9 │   1 │    8 │ 11.1% │    1.8% │    0.20%
[14:59:26]   kf_price_pred_val + sigma_wave + kf_rsi_filt_vel        │    29 │   3 │   26 │ 10.3% │    5.4% │    0.63%
[14:59:26]   vwap_sigma_wave + sigma_wave + kf_rsi_filt_vel          │    21 │   2 │   19 │  9.5% │    3.6% │    0.46%
[14:59:26]   sigma_current + kf_price_pred_val + sigma_wave          │    33 │   3 │   30 │  9.1% │    5.4% │    0.72%
[14:59:26] 
  ★ BEST (Prec with Recall≥10%): sigma_current + kf_rsi_filt_vel
[14:59:26]     Precision=20.7%  Recall=12.5%  Fires=58  TP=12  FP=46
[14:59:26] 
  ── HH (59 turns) ──
[14:59:26] 
  SINGLES:
[14:59:26]   Combo                                                   │ Fires │  TP │   FP │ Prec% │ Recall% │ FireRate
[14:59:26]   ─────────────────────────────────────────────────────── │ ───── │ ─── │ ──── │ ───── │ ─────── │ ────────
[14:59:26]   kf_conj_pred_val                                        │   250 │  36 │  214 │ 14.4% │   20.3% │    5.44%
[14:59:26]   conj_wave_tide                                          │   250 │  36 │  214 │ 14.4% │   20.3% │    5.44%
[14:59:26]   conj_wave_current                                       │   266 │  27 │  239 │ 10.2% │   16.9% │    5.79%
[14:59:26]   conj_current_tide                                       │   258 │  26 │  232 │ 10.1% │   15.3% │    5.61%
[14:59:26]   current_accel                                           │   223 │  22 │  201 │  9.9% │   15.3% │    4.85%
[14:59:26] 
  PAIRS (top 10):
[14:59:26]   Combo                                                   │ Fires │  TP │   FP │ Prec% │ Recall% │ FireRate
[14:59:26]   ─────────────────────────────────────────────────────── │ ───── │ ─── │ ──── │ ───── │ ─────── │ ────────
[14:59:26]   conj_wave_tide + conj_wave_current                      │   117 │  24 │   93 │ 20.5% │   15.3% │    2.54%
[14:59:26]   kf_conj_pred_val + conj_wave_current                    │   122 │  24 │   98 │ 19.7% │   15.3% │    2.65%
[14:59:26]   conj_wave_tide + kf_price_pred_val                      │    66 │  12 │   54 │ 18.2% │   11.9% │    1.44%
[14:59:26]   kf_conj_pred_val + kf_price_pred_val                    │    68 │  12 │   56 │ 17.6% │   11.9% │    1.48%
[14:59:26]   vwap_spread_tide_wave + conj_wave_tide                  │    84 │  14 │   70 │ 16.7% │    8.5% │    1.83%
[14:59:26]   kf_conj_pred_val + vwap_spread_tide_wave                │    85 │  14 │   71 │ 16.5% │    8.5% │    1.85%
[14:59:26]   vwap_spread_tide_current + conj_wave_tide               │    92 │  15 │   77 │ 16.3% │    8.5% │    2.00%
[14:59:26]   kf_conj_pred_val + vwap_spread_tide_current             │    93 │  15 │   78 │ 16.1% │    8.5% │    2.02%
[14:59:26]   current_accel + conj_wave_tide                          │    82 │  13 │   69 │ 15.9% │   10.2% │    1.78%
[14:59:26]   kf_conj_pred_val + conj_current_tide                    │   128 │  20 │  108 │ 15.6% │   11.9% │    2.78%
[14:59:26] 
  TRIPLES (top 10):
[14:59:26]   Combo                                                   │ Fires │  TP │   FP │ Prec% │ Recall% │ FireRate
[14:59:26]   ─────────────────────────────────────────────────────── │ ───── │ ─── │ ──── │ ───── │ ─────── │ ────────
[14:59:26]   current_accel + vwap_spread_tide_current + conj_wave_tide │    46 │   9 │   37 │ 19.6% │    6.8% │    1.00%
[14:59:26]   kf_conj_pred_val + current_accel + vwap_spread_tide_current │    49 │   9 │   40 │ 18.4% │    6.8% │    1.07%
[14:59:26]   kf_conj_pred_val + vwap_spread_tide_wave + conj_wave_tide │    80 │  14 │   66 │ 17.5% │    8.5% │    1.74%
[14:59:26]   vwap_spread_tide_wave + vwap_spread_tide_current + conj_wave_tide │    80 │  14 │   66 │ 17.5% │    8.5% │    1.74%
[14:59:26]   current_accel + vwap_spread_tide_wave + conj_wave_tide  │    46 │   8 │   38 │ 17.4% │    6.8% │    1.00%
[14:59:26]   kf_conj_pred_val + vwap_spread_tide_current + conj_wave_tide │    87 │  15 │   72 │ 17.2% │    8.5% │    1.89%
[14:59:26]   kf_conj_pred_val + vwap_spread_tide_wave + vwap_spread_tide_current │    82 │  14 │   68 │ 17.1% │    8.5% │    1.78%
[14:59:26]   kf_conj_pred_val + current_accel + vwap_spread_tide_wave │    49 │   8 │   41 │ 16.3% │    6.8% │    1.07%
[14:59:26]   kf_conj_pred_val + current_accel + conj_wave_tide       │    82 │  13 │   69 │ 15.9% │   10.2% │    1.78%
[14:59:26]   kf_conj_pred_val + vwap_spread_tide_wave + vwap_spread_current_wave │    46 │   7 │   39 │ 15.2% │    5.1% │    1.00%
[14:59:26] 
  ★ BEST (Prec with Recall≥10%): conj_wave_tide + conj_wave_current
[14:59:26]     Precision=20.5%  Recall=15.3%  Fires=117  TP=24  FP=93
[14:59:26] 
  ── LH (45 turns) ──
[14:59:26] 
  SINGLES:
[14:59:26]   Combo                                                   │ Fires │  TP │   FP │ Prec% │ Recall% │ FireRate
[14:59:26]   ─────────────────────────────────────────────────────── │ ───── │ ─── │ ──── │ ───── │ ─────── │ ────────
[14:59:26]   kf_price_innovation                                     │   221 │  26 │  195 │ 11.8% │   35.6% │    4.81%
[14:59:26]   kf_conj_filt_vel                                        │   273 │  32 │  241 │ 11.7% │   26.7% │    5.94%
[14:59:26]   kf_price_pred_val                                       │   251 │  28 │  223 │ 11.2% │   42.2% │    5.46%
[14:59:26]   wave_accel                                              │   264 │  28 │  236 │ 10.6% │   31.1% │    5.74%
[14:59:26]   kf_conj_pred_val                                        │   250 │  26 │  224 │ 10.4% │   20.0% │    5.44%
[14:59:26] 
  PAIRS (top 10):
[14:59:26]   Combo                                                   │ Fires │  TP │   FP │ Prec% │ Recall% │ FireRate
[14:59:26]   ─────────────────────────────────────────────────────── │ ───── │ ─── │ ──── │ ───── │ ─────── │ ────────
[14:59:26]   compression_ratio + vwap_sigma_tide                     │    14 │   7 │    7 │ 50.0% │    6.7% │    0.30%
[14:59:26]   kf_price_filt_vel + compression_ratio                   │    16 │   7 │    9 │ 43.8% │    6.7% │    0.35%
[14:59:26]   kf_price_innovation + compression_ratio                 │    16 │   7 │    9 │ 43.8% │    6.7% │    0.35%
[14:59:26]   kf_conj_filt_vel + vwap_sigma_tide                      │    46 │  14 │   32 │ 30.4% │   11.1% │    1.00%
[14:59:26]   compression_ratio + conj_wave_current                   │    10 │   3 │    7 │ 30.0% │    2.2% │    0.22%
[14:59:26]   kf_price_innovation + vwap_sigma_tide                   │    53 │  14 │   39 │ 26.4% │   17.8% │    1.15%
[14:59:26]   kf_price_pred_val + compression_ratio                   │    23 │   6 │   17 │ 26.1% │    6.7% │    0.50%
[14:59:26]   wave_accel + vwap_sigma_tide                            │    46 │  11 │   35 │ 23.9% │   13.3% │    1.00%
[14:59:26]   kf_price_filt_vel + vwap_sigma_tide                     │    47 │  11 │   36 │ 23.4% │   13.3% │    1.02%
[14:59:26]   kf_conj_filt_vel + wave_slope                           │    82 │  18 │   64 │ 22.0% │   13.3% │    1.78%
[14:59:26] 
  TRIPLES (top 10):
[14:59:26]   Combo                                                   │ Fires │  TP │   FP │ Prec% │ Recall% │ FireRate
[14:59:26]   ─────────────────────────────────────────────────────── │ ───── │ ─── │ ──── │ ───── │ ─────── │ ────────
[14:59:26]   kf_price_filt_vel + kf_price_innovation + compression_ratio │    10 │   6 │    4 │ 60.0% │    6.7% │    0.22%
[14:59:26]   kf_price_pred_val + kf_price_innovation + compression_ratio │     9 │   5 │    4 │ 55.6% │    6.7% │    0.20%
[14:59:26]   kf_price_pred_val + kf_price_filt_vel + compression_ratio │    12 │   6 │    6 │ 50.0% │    6.7% │    0.26%
[14:59:26]   kf_price_filt_vel + kf_conj_filt_vel + compression_ratio │     7 │   3 │    4 │ 42.9% │    2.2% │    0.15%
[14:59:26]   kf_price_filt_vel + compression_ratio + wave_slope      │     7 │   3 │    4 │ 42.9% │    2.2% │    0.15%
[14:59:26]   kf_price_filt_vel + kf_conj_filt_vel + wave_slope       │    26 │   9 │   17 │ 34.6% │   11.1% │    0.57%
[14:59:26]   kf_price_innovation + compression_ratio + wave_slope    │     6 │   2 │    4 │ 33.3% │    2.2% │    0.13%
[14:59:26]   kf_price_pred_val + kf_conj_filt_vel + wave_slope       │    42 │  13 │   29 │ 31.0% │   13.3% │    0.91%
[14:59:26]   kf_price_innovation + kf_conj_filt_vel + compression_ratio │     7 │   2 │    5 │ 28.6% │    2.2% │    0.15%
[14:59:26]   kf_price_pred_val + kf_price_filt_vel + kf_conj_filt_vel │    44 │  11 │   33 │ 25.0% │   17.8% │    0.96%
[14:59:26] 
  ★ BEST (Prec with Recall≥10%): kf_price_filt_vel + kf_conj_filt_vel + wave_slope
[14:59:26]     Precision=34.6%  Recall=11.1%  Fires=26  TP=9  FP=17
[14:59:26] 
  Processing IBM...
[14:59:27] ════════════════════════════════════════════════════════════════════════════════════════════════════
[14:59:27]   TICKER: IBM
[14:59:27] ════════════════════════════════════════════════════════════════════════════════════════════════════
[14:59:27] 
  ── LL (48 turns) ──
[14:59:27] 
  SINGLES:
[14:59:27]   Combo                                                   │ Fires │  TP │   FP │ Prec% │ Recall% │ FireRate
[14:59:27]   ─────────────────────────────────────────────────────── │ ───── │ ─── │ ──── │ ───── │ ─────── │ ────────
[14:59:27]   vwap_sigma_tide                                         │   135 │  31 │  104 │ 23.0% │   27.1% │    2.94%
[14:59:27]   vwap_sigma_current                                      │    95 │  21 │   74 │ 22.1% │   22.9% │    2.07%
[14:59:27]   vwap_sigma_wave                                         │   101 │  21 │   80 │ 20.8% │   25.0% │    2.20%
[14:59:27]   kf_price_pred_val                                       │   236 │  36 │  200 │ 15.3% │   54.2% │    5.13%
[14:59:27]   sigma_tide                                              │   160 │  23 │  137 │ 14.4% │   22.9% │    3.48%
[14:59:27] 
  PAIRS (top 10):
[14:59:27]   Combo                                                   │ Fires │  TP │   FP │ Prec% │ Recall% │ FireRate
[14:59:27]   ─────────────────────────────────────────────────────── │ ───── │ ─── │ ──── │ ───── │ ─────── │ ────────
[14:59:27]   vwap_sigma_current + wave_slope                         │     4 │   4 │    0 │ 100.0% │    4.2% │    0.09%
[14:59:27]   vwap_sigma_wave + wave_slope                            │     2 │   2 │    0 │ 100.0% │    2.1% │    0.04%
[14:59:27]   wave_slope + sigma_current                              │     4 │   4 │    0 │ 100.0% │    4.2% │    0.09%
[14:59:27]   sigma_tide + vwap_sigma_wave                            │    19 │   9 │   10 │ 47.4% │   12.5% │    0.41%
[14:59:27]   vwap_sigma_tide + vwap_sigma_wave                       │    15 │   7 │    8 │ 46.7% │   12.5% │    0.33%
[14:59:27]   vwap_sigma_tide + kf_price_pred_val                     │    33 │  15 │   18 │ 45.5% │   22.9% │    0.72%
[14:59:27]   vwap_sigma_current + vwap_sigma_tide                    │    20 │   9 │   11 │ 45.0% │   10.4% │    0.44%
[14:59:27]   vwap_sigma_tide + sigma_current                         │    24 │   9 │   15 │ 37.5% │   10.4% │    0.52%
[14:59:27]   vwap_sigma_wave + rsi_value                             │    27 │  10 │   17 │ 37.0% │   16.7% │    0.59%
[14:59:27]   rsi_value + kf_price_pred_val                           │    34 │  12 │   22 │ 35.3% │   18.8% │    0.74%
[14:59:27] 
  TRIPLES (top 10):
[14:59:27]   Combo                                                   │ Fires │  TP │   FP │ Prec% │ Recall% │ FireRate
[14:59:27]   ─────────────────────────────────────────────────────── │ ───── │ ─── │ ──── │ ───── │ ─────── │ ────────
[14:59:27]   vwap_sigma_tide + sigma_tide + vwap_sigma_wave          │     6 │   4 │    2 │ 66.7% │    6.2% │    0.13%
[14:59:27]   sigma_tide + vwap_sigma_wave + kf_rsi_pred_val          │     8 │   5 │    3 │ 62.5% │    8.3% │    0.17%
[14:59:27]   vwap_sigma_current + vwap_sigma_tide + sigma_tide       │    10 │   6 │    4 │ 60.0% │    6.2% │    0.22%
[14:59:27]   sigma_tide + vwap_sigma_wave + rsi_value                │     9 │   5 │    4 │ 55.6% │    8.3% │    0.20%
[14:59:27]   vwap_sigma_tide + vwap_sigma_wave + rsi_value           │    14 │   7 │    7 │ 50.0% │   12.5% │    0.30%
[14:59:27]   vwap_sigma_current + sigma_tide + vwap_sigma_wave       │    13 │   6 │    7 │ 46.2% │   10.4% │    0.28%
[14:59:27]   vwap_sigma_tide + vwap_sigma_wave + kf_rsi_pred_val     │    11 │   5 │    6 │ 45.5% │    8.3% │    0.24%
[14:59:27]   vwap_sigma_current + vwap_sigma_tide + rsi_value        │    16 │   7 │    9 │ 43.8% │    8.3% │    0.35%
[14:59:27]   vwap_sigma_current + vwap_sigma_tide + vwap_sigma_wave  │    12 │   5 │    7 │ 41.7% │    8.3% │    0.26%
[14:59:27]   vwap_sigma_current + sigma_tide + rsi_value             │    17 │   7 │   10 │ 41.2% │    8.3% │    0.37%
[14:59:27] 
  ★ BEST (Prec with Recall≥10%): vwap_sigma_tide + vwap_sigma_wave + rsi_value
[14:59:27]     Precision=50.0%  Recall=12.5%  Fires=14  TP=7  FP=7
[14:59:27] 
  ── HL (60 turns) ──
[14:59:27] 
  SINGLES:
[14:59:27]   Combo                                                   │ Fires │  TP │   FP │ Prec% │ Recall% │ FireRate
[14:59:27]   ─────────────────────────────────────────────────────── │ ───── │ ─── │ ──── │ ───── │ ─────── │ ────────
[14:59:27]   kf_rsi_filt_vel                                         │   212 │  28 │  184 │ 13.2% │   26.7% │    4.61%
[14:59:27]   sigma_wave                                              │   165 │  20 │  145 │ 12.1% │   20.0% │    3.59%
[14:59:27]   sigma_current                                           │   175 │  21 │  154 │ 12.0% │   20.0% │    3.81%
[14:59:27]   vwap_sigma_current                                      │    95 │  11 │   84 │ 11.6% │   10.0% │    2.07%
[14:59:27]   kf_price_pred_val                                       │   236 │  25 │  211 │ 10.6% │   33.3% │    5.13%
[14:59:27] 
  PAIRS (top 10):
[14:59:27]   Combo                                                   │ Fires │  TP │   FP │ Prec% │ Recall% │ FireRate
[14:59:27]   ─────────────────────────────────────────────────────── │ ───── │ ─── │ ──── │ ───── │ ─────── │ ────────
[14:59:27]   kf_rsi_filt_vel + wave_accel                            │    32 │  13 │   19 │ 40.6% │   10.0% │    0.70%
[14:59:27]   sigma_wave + conj_wave_tide                             │     3 │   1 │    2 │ 33.3% │    1.7% │    0.07%
[14:59:27]   sigma_wave + wave_accel                                 │    42 │  12 │   30 │ 28.6% │   10.0% │    0.91%
[14:59:27]   kf_price_pred_val + wave_accel                          │    59 │  13 │   46 │ 22.0% │   15.0% │    1.28%
[14:59:27]   sigma_current + conj_wave_tide                          │     5 │   1 │    4 │ 20.0% │    1.7% │    0.11%
[14:59:27]   kf_rsi_filt_vel + vwap_sigma_current                    │    15 │   3 │   12 │ 20.0% │    3.3% │    0.33%
[14:59:27]   wave_accel + conj_wave_tide                             │    45 │   9 │   36 │ 20.0% │    6.7% │    0.98%
[14:59:27]   vwap_sigma_current + conj_wave_tide                     │     5 │   1 │    4 │ 20.0% │    1.7% │    0.11%
[14:59:27]   sigma_current + kf_rsi_filt_vel                         │    73 │  14 │   59 │ 19.2% │   13.3% │    1.59%
[14:59:27]   wave_accel + vwap_sigma_current                         │    21 │   4 │   17 │ 19.0% │    3.3% │    0.46%
[14:59:27] 
  TRIPLES (top 10):
[14:59:27]   Combo                                                   │ Fires │  TP │   FP │ Prec% │ Recall% │ FireRate
[14:59:27]   ─────────────────────────────────────────────────────── │ ───── │ ─── │ ──── │ ───── │ ─────── │ ────────
[14:59:27]   sigma_wave + kf_rsi_filt_vel + wave_accel               │    26 │  11 │   15 │ 42.3% │    8.3% │    0.57%
[14:59:27]   sigma_current + kf_rsi_filt_vel + wave_accel            │    25 │  10 │   15 │ 40.0% │    8.3% │    0.54%
[14:59:27]   kf_price_pred_val + kf_rsi_filt_vel + wave_accel        │    19 │   7 │   12 │ 36.8% │    6.7% │    0.41%
[14:59:27]   vwap_sigma_wave + kf_rsi_filt_vel + wave_accel          │     3 │   1 │    2 │ 33.3% │    1.7% │    0.07%
[14:59:27]   sigma_current + vwap_sigma_wave + kf_rsi_filt_vel       │    10 │   3 │    7 │ 30.0% │    3.3% │    0.22%
[14:59:27]   kf_price_pred_val + sigma_wave + wave_accel             │    27 │   8 │   19 │ 29.6% │    8.3% │    0.59%
[14:59:27]   sigma_current + sigma_wave + wave_accel                 │    40 │  11 │   29 │ 27.5% │   10.0% │    0.87%
[14:59:27]   sigma_current + kf_price_pred_val + wave_accel          │    32 │   7 │   25 │ 21.9% │    8.3% │    0.70%
[14:59:27]   sigma_current + sigma_wave + kf_rsi_filt_vel            │    63 │  13 │   50 │ 20.6% │   11.7% │    1.37%
[14:59:27]   vwap_sigma_wave + sigma_wave + kf_rsi_filt_vel          │    16 │   3 │   13 │ 18.8% │    3.3% │    0.35%
[14:59:27] 
  ★ BEST (Prec with Recall≥10%): kf_rsi_filt_vel + wave_accel
[14:59:27]     Precision=40.6%  Recall=10.0%  Fires=32  TP=13  FP=19
[14:59:27] 
  ── HH (61 turns) ──
[14:59:27] 
  SINGLES:
[14:59:27]   Combo                                                   │ Fires │  TP │   FP │ Prec% │ Recall% │ FireRate
[14:59:27]   ─────────────────────────────────────────────────────── │ ───── │ ─── │ ──── │ ───── │ ─────── │ ────────
[14:59:27]   vwap_spread_current_wave                                │   240 │  30 │  210 │ 12.5% │   16.4% │    5.22%
[14:59:27]   conj_current_tide                                       │   281 │  30 │  251 │ 10.7% │   16.4% │    6.11%
[14:59:27]   conj_wave_current                                       │   225 │  24 │  201 │ 10.7% │   14.8% │    4.89%
[14:59:27]   vwap_spread_tide_current                                │   194 │  18 │  176 │  9.3% │    9.8% │    4.22%
[14:59:27]   vwap_spread_tide_wave                                   │   200 │  18 │  182 │  9.0% │    9.8% │    4.35%
[14:59:27] 
  PAIRS (top 10):
[14:59:27]   Combo                                                   │ Fires │  TP │   FP │ Prec% │ Recall% │ FireRate
[14:59:27]   ─────────────────────────────────────────────────────── │ ───── │ ─── │ ──── │ ───── │ ─────── │ ────────
[14:59:27]   conj_current_tide + conj_wave_current                   │    42 │  14 │   28 │ 33.3% │    8.2% │    0.91%
[14:59:27]   vwap_spread_tide_current + conj_wave_current            │    22 │   6 │   16 │ 27.3% │    3.3% │    0.48%
[14:59:27]   current_accel + conj_current_tide                       │    38 │  10 │   28 │ 26.3% │    8.2% │    0.83%
[14:59:27]   vwap_spread_tide_current + vwap_spread_current_wave     │    23 │   6 │   17 │ 26.1% │    3.3% │    0.50%
[14:59:27]   vwap_spread_tide_current + conj_current_tide            │    38 │   9 │   29 │ 23.7% │    4.9% │    0.83%
[14:59:27]   vwap_spread_tide_current + wave_accel                   │    17 │   4 │   13 │ 23.5% │    3.3% │    0.37%
[14:59:27]   vwap_spread_tide_current + kf_price_pred_val            │    17 │   4 │   13 │ 23.5% │    6.6% │    0.37%
[14:59:27]   vwap_spread_current_wave + conj_wave_current            │    61 │  14 │   47 │ 23.0% │    8.2% │    1.33%
[14:59:27]   vwap_spread_tide_wave + kf_price_pred_val               │    18 │   4 │   14 │ 22.2% │    6.6% │    0.39%
[14:59:27]   vwap_spread_tide_wave + conj_current_tide               │    41 │   9 │   32 │ 22.0% │    4.9% │    0.89%
[14:59:27] 
  TRIPLES (top 10):
[14:59:27]   Combo                                                   │ Fires │  TP │   FP │ Prec% │ Recall% │ FireRate
[14:59:27]   ─────────────────────────────────────────────────────── │ ───── │ ─── │ ──── │ ───── │ ─────── │ ────────
[14:59:27]   current_accel + vwap_spread_tide_current + vwap_spread_current_wave │    12 │   4 │    8 │ 33.3% │    3.3% │    0.26%
[14:59:27]   current_accel + vwap_spread_tide_wave + vwap_spread_current_wave │    14 │   4 │   10 │ 28.6% │    3.3% │    0.30%
[14:59:27]   vwap_spread_tide_wave + vwap_spread_tide_current + vwap_spread_current_wave │    23 │   6 │   17 │ 26.1% │    3.3% │    0.50%
[14:59:27]   current_accel + vwap_spread_tide_wave + vwap_spread_tide_current │    28 │   5 │   23 │ 17.9% │    4.9% │    0.61%
[14:59:27]   kf_conj_pred_val + vwap_spread_tide_wave + vwap_spread_tide_current │    17 │   3 │   14 │ 17.6% │    1.6% │    0.37%
[14:59:27]   kf_conj_pred_val + vwap_spread_tide_current + conj_wave_tide │    17 │   3 │   14 │ 17.6% │    1.6% │    0.37%
[14:59:27]   vwap_spread_tide_wave + vwap_spread_tide_current + conj_wave_tide │    19 │   3 │   16 │ 15.8% │    1.6% │    0.41%
[14:59:27]   kf_conj_pred_val + vwap_spread_tide_wave + conj_wave_tide │    26 │   3 │   23 │ 11.5% │    1.6% │    0.57%
[14:59:27]   kf_conj_pred_val + conj_wave_tide + vwap_spread_current_wave │    52 │   5 │   47 │  9.6% │    4.9% │    1.13%
[14:59:27]   kf_conj_pred_val + current_accel + conj_wave_tide       │    78 │   3 │   75 │  3.8% │    1.6% │    1.70%
[14:59:27] 
  ★ BEST (Prec with Recall≥10%): vwap_spread_current_wave + conj_current_tide
[14:59:27]     Precision=14.9%  Recall=11.5%  Fires=141  TP=21  FP=120
[14:59:27] 
  ── LH (46 turns) ──
[14:59:27] 
  SINGLES:
[14:59:27]   Combo                                                   │ Fires │  TP │   FP │ Prec% │ Recall% │ FireRate
[14:59:27]   ─────────────────────────────────────────────────────── │ ───── │ ─── │ ──── │ ───── │ ─────── │ ────────
[14:59:27]   compression_ratio                                       │   191 │  21 │  170 │ 11.0% │   15.2% │    4.15%
[14:59:27]   wave_slope                                              │   213 │  22 │  191 │ 10.3% │   19.6% │    4.63%
[14:59:27]   kf_price_pred_val                                       │   236 │  20 │  216 │  8.5% │   28.3% │    5.13%
[14:59:27]   kf_conj_pred_val                                        │   266 │  21 │  245 │  7.9% │   17.4% │    5.79%
[14:59:27]   kf_price_filt_vel                                       │   240 │  18 │  222 │  7.5% │   26.1% │    5.22%
[14:59:27] 
  PAIRS (top 10):
[14:59:27]   Combo                                                   │ Fires │  TP │   FP │ Prec% │ Recall% │ FireRate
[14:59:27]   ─────────────────────────────────────────────────────── │ ───── │ ─── │ ──── │ ───── │ ─────── │ ────────
[14:59:27]   kf_price_pred_val + wave_slope                          │    37 │  11 │   26 │ 29.7% │   13.0% │    0.80%
[14:59:27]   kf_price_pred_val + kf_conj_pred_val                    │    39 │  11 │   28 │ 28.2% │   13.0% │    0.85%
[14:59:27]   conj_wave_current + vwap_sigma_tide                     │    17 │   4 │   13 │ 23.5% │    4.3% │    0.37%
[14:59:27]   compression_ratio + kf_conj_pred_val                    │    22 │   5 │   17 │ 22.7% │    4.3% │    0.48%
[14:59:27]   kf_price_pred_val + kf_conj_filt_vel                    │    36 │   8 │   28 │ 22.2% │   10.9% │    0.78%
[14:59:27]   kf_price_pred_val + compression_ratio                   │    28 │   6 │   22 │ 21.4% │    8.7% │    0.61%
[14:59:27]   kf_conj_filt_vel + vwap_sigma_tide                      │    28 │   6 │   22 │ 21.4% │    8.7% │    0.61%
[14:59:27]   kf_price_filt_vel + compression_ratio                   │    33 │   7 │   26 │ 21.2% │    8.7% │    0.72%
[14:59:27]   kf_price_filt_vel + kf_conj_filt_vel                    │    44 │   9 │   35 │ 20.5% │   10.9% │    0.96%
[14:59:27]   kf_price_filt_vel + wave_slope                          │    40 │   8 │   32 │ 20.0% │   10.9% │    0.87%
[14:59:27] 
  TRIPLES (top 10):
[14:59:27]   Combo                                                   │ Fires │  TP │   FP │ Prec% │ Recall% │ FireRate
[14:59:27]   ─────────────────────────────────────────────────────── │ ───── │ ─── │ ──── │ ───── │ ─────── │ ────────
[14:59:27]   kf_price_pred_val + kf_conj_filt_vel + wave_slope       │    17 │   7 │   10 │ 41.2% │    8.7% │    0.37%
[14:59:27]   kf_price_pred_val + kf_price_innovation + wave_slope    │    15 │   6 │    9 │ 40.0% │    8.7% │    0.33%
[14:59:27]   kf_price_pred_val + compression_ratio + wave_slope      │    11 │   4 │    7 │ 36.4% │    4.3% │    0.24%
[14:59:27]   kf_price_pred_val + kf_price_innovation + kf_conj_filt_vel │    15 │   5 │   10 │ 33.3% │    8.7% │    0.33%
[14:59:27]   kf_price_filt_vel + kf_conj_filt_vel + wave_slope       │    19 │   6 │   13 │ 31.6% │    8.7% │    0.41%
[14:59:27]   kf_price_pred_val + kf_price_filt_vel + compression_ratio │    17 │   5 │   12 │ 29.4% │    8.7% │    0.37%
[14:59:27]   kf_price_pred_val + kf_price_filt_vel + wave_slope      │    28 │   8 │   20 │ 28.6% │   10.9% │    0.61%
[14:59:27]   kf_price_pred_val + kf_price_filt_vel + kf_conj_filt_vel │    25 │   7 │   18 │ 28.0% │   10.9% │    0.54%
[14:59:27]   kf_price_filt_vel + kf_price_innovation + wave_slope    │    18 │   5 │   13 │ 27.8% │    8.7% │    0.39%
[14:59:27]   kf_price_filt_vel + kf_price_innovation + kf_conj_filt_vel │    22 │   6 │   16 │ 27.3% │    8.7% │    0.48%
[14:59:27] 
  ★ BEST (Prec with Recall≥10%): kf_price_pred_val + wave_slope
[14:59:27]     Precision=29.7%  Recall=13.0%  Fires=37  TP=11  FP=26
[14:59:27] 
  Processing JNJ...
[14:59:27] ════════════════════════════════════════════════════════════════════════════════════════════════════
[14:59:27]   TICKER: JNJ
[14:59:27] ════════════════════════════════════════════════════════════════════════════════════════════════════
[14:59:27] 
  ── LL (31 turns) ──
[14:59:27] 
  SINGLES:
[14:59:27]   Combo                                                   │ Fires │  TP │   FP │ Prec% │ Recall% │ FireRate
[14:59:27]   ─────────────────────────────────────────────────────── │ ───── │ ─── │ ──── │ ───── │ ─────── │ ────────
[14:59:27]   vwap_sigma_tide                                         │    82 │  21 │   61 │ 25.6% │   35.5% │    1.79%
[14:59:27]   vwap_sigma_current                                      │   123 │  22 │  101 │ 17.9% │   35.5% │    2.68%
[14:59:27]   sigma_tide                                              │   120 │  20 │  100 │ 16.7% │   35.5% │    2.62%
[14:59:27]   vwap_sigma_wave                                         │    93 │  15 │   78 │ 16.1% │   38.7% │    2.03%
[14:59:27]   sigma_current                                           │   165 │  21 │  144 │ 12.7% │   29.0% │    3.60%
[14:59:27] 
  PAIRS (top 10):
[14:59:27]   Combo                                                   │ Fires │  TP │   FP │ Prec% │ Recall% │ FireRate
[14:59:27]   ─────────────────────────────────────────────────────── │ ───── │ ─── │ ──── │ ───── │ ─────── │ ────────
[14:59:27]   vwap_sigma_wave + wave_slope                            │     2 │   2 │    0 │ 100.0% │    6.5% │    0.04%
[14:59:27]   vwap_sigma_tide + vwap_sigma_wave                       │     8 │   6 │    2 │ 75.0% │   19.4% │    0.17%
[14:59:27]   vwap_sigma_wave + fear_level                            │     4 │   3 │    1 │ 75.0% │    9.7% │    0.09%
[14:59:27]   wave_slope + sigma_current                              │    18 │  12 │    6 │ 66.7% │   19.4% │    0.39%
[14:59:27]   rsi_value + fear_level                                  │    13 │   8 │    5 │ 61.5% │   12.9% │    0.28%
[14:59:27]   vwap_sigma_current + wave_slope                         │    18 │  11 │    7 │ 61.1% │   19.4% │    0.39%
[14:59:27]   vwap_sigma_tide + sigma_current                         │    13 │   7 │    6 │ 53.8% │    9.7% │    0.28%
[14:59:27]   vwap_sigma_tide + kf_price_pred_val                     │    26 │  13 │   13 │ 50.0% │   25.8% │    0.57%
[14:59:27]   kf_rsi_pred_val + fear_level                            │    12 │   6 │    6 │ 50.0% │    9.7% │    0.26%
[14:59:27]   fear_level + sigma_current                              │     6 │   3 │    3 │ 50.0% │    3.2% │    0.13%
[14:59:27] 
  TRIPLES (top 10):
[14:59:27]   Combo                                                   │ Fires │  TP │   FP │ Prec% │ Recall% │ FireRate
[14:59:27]   ─────────────────────────────────────────────────────── │ ───── │ ─── │ ──── │ ───── │ ─────── │ ────────
[14:59:27]   vwap_sigma_tide + sigma_tide + vwap_sigma_wave          │     3 │   3 │    0 │ 100.0% │    9.7% │    0.07%
[14:59:27]   vwap_sigma_current + vwap_sigma_tide + vwap_sigma_wave  │     5 │   4 │    1 │ 80.0% │   12.9% │    0.11%
[14:59:27]   vwap_sigma_tide + vwap_sigma_wave + rsi_value           │     3 │   2 │    1 │ 66.7% │    6.5% │    0.07%
[14:59:27]   vwap_sigma_tide + vwap_sigma_wave + kf_rsi_pred_val     │     3 │   2 │    1 │ 66.7% │    6.5% │    0.07%
[14:59:27]   vwap_sigma_current + vwap_sigma_tide + sigma_tide       │     8 │   5 │    3 │ 62.5% │    9.7% │    0.17%
[14:59:27]   vwap_sigma_current + vwap_sigma_tide + rsi_value        │    14 │   8 │    6 │ 57.1% │   12.9% │    0.31%
[14:59:27]   vwap_sigma_current + vwap_sigma_tide + kf_rsi_pred_val  │    15 │   8 │    7 │ 53.3% │   12.9% │    0.33%
[14:59:27]   vwap_sigma_current + sigma_tide + vwap_sigma_wave       │     6 │   3 │    3 │ 50.0% │    9.7% │    0.13%
[14:59:27]   vwap_sigma_current + vwap_sigma_wave + kf_rsi_pred_val  │     8 │   4 │    4 │ 50.0% │   12.9% │    0.17%
[14:59:27]   vwap_sigma_tide + sigma_tide + rsi_value                │     6 │   3 │    3 │ 50.0% │    6.5% │    0.13%
[14:59:27] 
  ★ BEST (Prec with Recall≥10%): vwap_sigma_current + vwap_sigma_tide + vwap_sigma_wave
[14:59:27]     Precision=80.0%  Recall=12.9%  Fires=5  TP=4  FP=1
[14:59:27] 
  ── HL (36 turns) ──
[14:59:27] 
  SINGLES:
[14:59:27]   Combo                                                   │ Fires │  TP │   FP │ Prec% │ Recall% │ FireRate
[14:59:27]   ─────────────────────────────────────────────────────── │ ───── │ ─── │ ──── │ ───── │ ─────── │ ────────
[14:59:27]   vwap_sigma_current                                      │   123 │  22 │  101 │ 17.9% │   33.3% │    2.68%
[14:59:27]   vwap_sigma_wave                                         │    93 │   9 │   84 │  9.7% │   16.7% │    2.03%
[14:59:27]   sigma_current                                           │   165 │  14 │  151 │  8.5% │   25.0% │    3.60%
[14:59:27]   kf_price_pred_val                                       │   212 │  16 │  196 │  7.5% │   30.6% │    4.62%
[14:59:27]   conj_wave_tide                                          │   227 │  11 │  216 │  4.8% │   11.1% │    4.95%
[14:59:27] 
  PAIRS (top 10):
[14:59:27]   Combo                                                   │ Fires │  TP │   FP │ Prec% │ Recall% │ FireRate
[14:59:27]   ─────────────────────────────────────────────────────── │ ───── │ ─── │ ──── │ ───── │ ─────── │ ────────
[14:59:27]   kf_rsi_filt_vel + vwap_sigma_current                    │    20 │   4 │   16 │ 20.0% │    5.6% │    0.44%
[14:59:27]   vwap_sigma_wave + vwap_sigma_current                    │    18 │   3 │   15 │ 16.7% │    5.6% │    0.39%
[14:59:27]   wave_accel + vwap_sigma_current                         │    33 │   5 │   28 │ 15.2% │    8.3% │    0.72%
[14:59:27]   sigma_current + vwap_sigma_current                      │    60 │   9 │   51 │ 15.0% │   16.7% │    1.31%
[14:59:27]   kf_price_pred_val + conj_wave_tide                      │    36 │   5 │   31 │ 13.9% │    5.6% │    0.78%
[14:59:27]   vwap_sigma_wave + wave_accel                            │    16 │   2 │   14 │ 12.5% │    5.6% │    0.35%
[14:59:27]   sigma_current + kf_rsi_filt_vel                         │    49 │   6 │   43 │ 12.2% │    8.3% │    1.07%
[14:59:27]   vwap_sigma_current + kf_price_filt_vel                  │    25 │   3 │   22 │ 12.0% │    8.3% │    0.54%
[14:59:27]   sigma_current + sigma_wave                              │    34 │   4 │   30 │ 11.8% │    8.3% │    0.74%
[14:59:27]   sigma_current + wave_accel                              │    43 │   5 │   38 │ 11.6% │   11.1% │    0.94%
[14:59:27] 
  TRIPLES (top 10):
[14:59:27]   Combo                                                   │ Fires │  TP │   FP │ Prec% │ Recall% │ FireRate
[14:59:27]   ─────────────────────────────────────────────────────── │ ───── │ ─── │ ──── │ ───── │ ─────── │ ────────
[14:59:27]   sigma_current + vwap_sigma_wave + wave_accel            │     9 │   2 │    7 │ 22.2% │    5.6% │    0.20%
[14:59:27]   sigma_current + kf_price_pred_val + kf_rsi_filt_vel     │    27 │   4 │   23 │ 14.8% │    8.3% │    0.59%
[14:59:27]   sigma_current + kf_price_pred_val + wave_accel          │    27 │   4 │   23 │ 14.8% │    8.3% │    0.59%
[14:59:27]   sigma_current + sigma_wave + kf_rsi_filt_vel            │    27 │   4 │   23 │ 14.8% │    8.3% │    0.59%
[14:59:27]   sigma_current + kf_price_pred_val + vwap_sigma_wave     │    22 │   3 │   19 │ 13.6% │    8.3% │    0.48%
[14:59:27]   sigma_current + sigma_wave + wave_accel                 │    15 │   2 │   13 │ 13.3% │    2.8% │    0.33%
[14:59:27]   kf_price_pred_val + vwap_sigma_wave + wave_accel        │    15 │   2 │   13 │ 13.3% │    5.6% │    0.33%
[14:59:27]   sigma_current + kf_price_pred_val + sigma_wave          │    31 │   4 │   27 │ 12.9% │    8.3% │    0.68%
[14:59:27]   sigma_current + vwap_sigma_wave + sigma_wave            │    16 │   2 │   14 │ 12.5% │    5.6% │    0.35%
[14:59:27]   sigma_current + kf_rsi_filt_vel + wave_accel            │    16 │   2 │   14 │ 12.5% │    2.8% │    0.35%
[14:59:27] 
  ★ BEST (Prec with Recall≥10%): vwap_sigma_current
[14:59:27]     Precision=17.9%  Recall=33.3%  Fires=123  TP=22  FP=101
[14:59:27] 
  ── HH (36 turns) ──
[14:59:27] 
  SINGLES:
[14:59:27]   Combo                                                   │ Fires │  TP │   FP │ Prec% │ Recall% │ FireRate
[14:59:27]   ─────────────────────────────────────────────────────── │ ───── │ ─── │ ──── │ ───── │ ─────── │ ────────
[14:59:27]   conj_wave_current                                       │   179 │  12 │  167 │  6.7% │   11.1% │    3.90%
[14:59:27]   conj_wave_tide                                          │   227 │  12 │  215 │  5.3% │   11.1% │    4.95%
[14:59:27]   kf_conj_pred_val                                        │   229 │  11 │  218 │  4.8% │   11.1% │    4.99%
[14:59:27]   vwap_spread_tide_wave                                   │   261 │  12 │  249 │  4.6% │   11.1% │    5.69%
[14:59:27]   vwap_spread_tide_current                                │   268 │   9 │  259 │  3.4% │    8.3% │    5.84%
[14:59:27] 
  PAIRS (top 10):
[14:59:27]   Combo                                                   │ Fires │  TP │   FP │ Prec% │ Recall% │ FireRate
[14:59:27]   ─────────────────────────────────────────────────────── │ ───── │ ─── │ ──── │ ───── │ ─────── │ ────────
[14:59:27]   kf_conj_pred_val + kf_price_pred_val                    │    35 │   4 │   31 │ 11.4% │    5.6% │    0.76%
[14:59:27]   conj_wave_tide + kf_price_pred_val                      │    36 │   4 │   32 │ 11.1% │    5.6% │    0.78%
[14:59:27]   kf_price_pred_val + conj_wave_current                   │    36 │   4 │   32 │ 11.1% │    5.6% │    0.78%
[14:59:27]   conj_wave_tide + conj_wave_current                      │   136 │  12 │  124 │  8.8% │   11.1% │    2.96%
[14:59:27]   kf_conj_pred_val + conj_wave_current                    │   140 │  11 │  129 │  7.9% │   11.1% │    3.05%
[14:59:27]   current_accel + conj_wave_current                       │    65 │   5 │   60 │  7.7% │    5.6% │    1.42%
[14:59:27]   current_accel + conj_wave_tide                          │    70 │   5 │   65 │  7.1% │    5.6% │    1.53%
[14:59:27]   kf_conj_pred_val + current_accel                        │    72 │   5 │   67 │  6.9% │    5.6% │    1.57%
[14:59:27]   vwap_spread_tide_wave + vwap_spread_current_wave        │    46 │   3 │   43 │  6.5% │    2.8% │    1.00%
[14:59:27]   vwap_spread_tide_current + vwap_spread_current_wave     │    46 │   3 │   43 │  6.5% │    2.8% │    1.00%
[14:59:27] 
  TRIPLES (top 10):
[14:59:27]   Combo                                                   │ Fires │  TP │   FP │ Prec% │ Recall% │ FireRate
[14:59:27]   ─────────────────────────────────────────────────────── │ ───── │ ─── │ ──── │ ───── │ ─────── │ ────────
[14:59:27]   kf_conj_pred_val + current_accel + conj_wave_tide       │    67 │   5 │   62 │  7.5% │    5.6% │    1.46%
[14:59:27]   vwap_spread_tide_wave + vwap_spread_tide_current + vwap_spread_current_wave │    46 │   3 │   43 │  6.5% │    2.8% │    1.00%
[14:59:27]   kf_conj_pred_val + current_accel + vwap_spread_tide_wave │    19 │   0 │   19 │  0.0% │    0.0% │    0.41%
[14:59:27]   kf_conj_pred_val + current_accel + vwap_spread_tide_current │    21 │   0 │   21 │  0.0% │    0.0% │    0.46%
[14:59:27]   kf_conj_pred_val + current_accel + vwap_spread_current_wave │    11 │   0 │   11 │  0.0% │    0.0% │    0.24%
[14:59:27]   kf_conj_pred_val + vwap_spread_tide_wave + vwap_spread_tide_current │    42 │   0 │   42 │  0.0% │    0.0% │    0.92%
[14:59:27]   kf_conj_pred_val + vwap_spread_tide_wave + conj_wave_tide │    38 │   0 │   38 │  0.0% │    0.0% │    0.83%
[14:59:27]   kf_conj_pred_val + vwap_spread_tide_wave + vwap_spread_current_wave │    17 │   0 │   17 │  0.0% │    0.0% │    0.37%
[14:59:27]   kf_conj_pred_val + vwap_spread_tide_current + conj_wave_tide │    45 │   0 │   45 │  0.0% │    0.0% │    0.98%
[14:59:27]   kf_conj_pred_val + vwap_spread_tide_current + vwap_spread_current_wave │    17 │   0 │   17 │  0.0% │    0.0% │    0.37%
[14:59:27] 
  ★ BEST (Prec with Recall≥10%): conj_wave_tide + conj_wave_current
[14:59:27]     Precision=8.8%  Recall=11.1%  Fires=136  TP=12  FP=124
[14:59:27] 
  ── LH (30 turns) ──
[14:59:27] 
  SINGLES:
[14:59:27]   Combo                                                   │ Fires │  TP │   FP │ Prec% │ Recall% │ FireRate
[14:59:27]   ─────────────────────────────────────────────────────── │ ───── │ ─── │ ──── │ ───── │ ─────── │ ────────
[14:59:27]   kf_price_pred_val                                       │   212 │  25 │  187 │ 11.8% │   43.3% │    4.62%
[14:59:27]   kf_price_filt_vel                                       │   211 │  17 │  194 │  8.1% │   30.0% │    4.60%
[14:59:27]   conj_wave_current                                       │   179 │  13 │  166 │  7.3% │   16.7% │    3.90%
[14:59:27]   kf_price_innovation                                     │   201 │  14 │  187 │  7.0% │   26.7% │    4.38%
[14:59:27]   compression_ratio                                       │   221 │  13 │  208 │  5.9% │   16.7% │    4.82%
[14:59:27] 
  PAIRS (top 10):
[14:59:27]   Combo                                                   │ Fires │  TP │   FP │ Prec% │ Recall% │ FireRate
[14:59:27]   ─────────────────────────────────────────────────────── │ ───── │ ─── │ ──── │ ───── │ ─────── │ ────────
[14:59:27]   wave_accel + vwap_sigma_tide                            │    13 │   3 │   10 │ 23.1% │   10.0% │    0.28%
[14:59:27]   kf_price_pred_val + kf_conj_pred_val                    │    35 │   8 │   27 │ 22.9% │   10.0% │    0.76%
[14:59:27]   kf_price_pred_val + compression_ratio                   │    40 │   9 │   31 │ 22.5% │   13.3% │    0.87%
[14:59:27]   kf_price_pred_val + wave_slope                          │    36 │   8 │   28 │ 22.2% │   13.3% │    0.78%
[14:59:27]   kf_price_pred_val + conj_wave_current                   │    36 │   8 │   28 │ 22.2% │   10.0% │    0.78%
[14:59:27]   kf_price_filt_vel + conj_wave_current                   │    40 │   7 │   33 │ 17.5% │   10.0% │    0.87%
[14:59:27]   kf_price_innovation + conj_wave_current                 │    46 │   8 │   38 │ 17.4% │   10.0% │    1.00%
[14:59:27]   kf_price_innovation + kf_conj_filt_vel                  │    38 │   6 │   32 │ 15.8% │   13.3% │    0.83%
[14:59:27]   kf_price_innovation + kf_conj_pred_val                  │    51 │   8 │   43 │ 15.7% │   10.0% │    1.11%
[14:59:27]   kf_price_pred_val + vwap_sigma_tide                     │    26 │   4 │   22 │ 15.4% │   13.3% │    0.57%
[14:59:27] 
  TRIPLES (top 10):
[14:59:27]   Combo                                                   │ Fires │  TP │   FP │ Prec% │ Recall% │ FireRate
[14:59:27]   ─────────────────────────────────────────────────────── │ ───── │ ─── │ ──── │ ───── │ ─────── │ ────────
[14:59:27]   kf_price_pred_val + kf_price_innovation + wave_slope    │    22 │   6 │   16 │ 27.3% │   10.0% │    0.48%
[14:59:27]   kf_price_pred_val + kf_price_innovation + kf_conj_filt_vel │    16 │   4 │   12 │ 25.0% │   10.0% │    0.35%
[14:59:27]   kf_price_pred_val + kf_conj_filt_vel + compression_ratio │    12 │   3 │    9 │ 25.0% │    6.7% │    0.26%
[14:59:27]   kf_price_filt_vel + kf_price_innovation + wave_slope    │    20 │   5 │   15 │ 25.0% │   10.0% │    0.44%
[14:59:27]   kf_price_pred_val + compression_ratio + wave_slope      │    17 │   4 │   13 │ 23.5% │    6.7% │    0.37%
[14:59:27]   kf_price_pred_val + kf_price_filt_vel + wave_slope      │    27 │   6 │   21 │ 22.2% │   10.0% │    0.59%
[14:59:27]   kf_price_pred_val + kf_price_filt_vel + kf_conj_filt_vel │    14 │   3 │   11 │ 21.4% │   10.0% │    0.31%
[14:59:27]   kf_price_pred_val + kf_price_innovation + compression_ratio │    24 │   5 │   19 │ 20.8% │   10.0% │    0.52%
[14:59:27]   kf_price_filt_vel + kf_price_innovation + kf_conj_filt_vel │    15 │   3 │   12 │ 20.0% │   10.0% │    0.33%
[14:59:27]   kf_price_innovation + kf_conj_filt_vel + wave_slope     │    15 │   3 │   12 │ 20.0% │    6.7% │    0.33%
[14:59:27] 
  ★ BEST (Prec with Recall≥10%): kf_price_pred_val + kf_price_innovation + wave_slope
[14:59:27]     Precision=27.3%  Recall=10.0%  Fires=22  TP=6  FP=16
[14:59:27] 
  Processing JPM...
[14:59:28] ════════════════════════════════════════════════════════════════════════════════════════════════════
[14:59:28]   TICKER: JPM
[14:59:28] ════════════════════════════════════════════════════════════════════════════════════════════════════
[14:59:28] 
  ── LL (79 turns) ──
[14:59:28] 
  SINGLES:
[14:59:28]   Combo                                                   │ Fires │  TP │   FP │ Prec% │ Recall% │ FireRate
[14:59:28]   ─────────────────────────────────────────────────────── │ ───── │ ─── │ ──── │ ───── │ ─────── │ ────────
[14:59:28]   vwap_sigma_tide                                         │   160 │  66 │   94 │ 41.2% │   34.2% │    3.48%
[14:59:28]   vwap_sigma_current                                      │   109 │  40 │   69 │ 36.7% │   26.6% │    2.37%
[14:59:28]   vwap_sigma_wave                                         │   102 │  31 │   71 │ 30.4% │   22.8% │    2.22%
[14:59:28]   kf_rsi_pred_val                                         │   200 │  57 │  143 │ 28.5% │   32.9% │    4.35%
[14:59:28]   sigma_tide                                              │   127 │  35 │   92 │ 27.6% │   21.5% │    2.76%
[14:59:28] 
  PAIRS (top 10):
[14:59:28]   Combo                                                   │ Fires │  TP │   FP │ Prec% │ Recall% │ FireRate
[14:59:28]   ─────────────────────────────────────────────────────── │ ───── │ ─── │ ──── │ ───── │ ─────── │ ────────
[14:59:28]   vwap_sigma_wave + wave_slope                            │     3 │   3 │    0 │ 100.0% │    1.3% │    0.07%
[14:59:28]   vwap_sigma_current + wave_slope                         │     6 │   5 │    1 │ 83.3% │    3.8% │    0.13%
[14:59:28]   vwap_sigma_tide + kf_rsi_pred_val                       │    35 │  28 │    7 │ 80.0% │   19.0% │    0.76%
[14:59:28]   vwap_sigma_tide + rsi_value                             │    28 │  22 │    6 │ 78.6% │   16.5% │    0.61%
[14:59:28]   vwap_sigma_current + vwap_sigma_tide                    │    27 │  21 │    6 │ 77.8% │   16.5% │    0.59%
[14:59:28]   kf_rsi_pred_val + kf_price_pred_val                     │    18 │  13 │    5 │ 72.2% │   13.9% │    0.39%
[14:59:28]   vwap_sigma_tide + sigma_tide                            │    27 │  19 │    8 │ 70.4% │   13.9% │    0.59%
[14:59:28]   vwap_sigma_current + kf_price_pred_val                  │    22 │  15 │    7 │ 68.2% │   13.9% │    0.48%
[14:59:28]   vwap_sigma_tide + vwap_sigma_wave                       │    18 │  12 │    6 │ 66.7% │   10.1% │    0.39%
[14:59:28]   vwap_sigma_current + sigma_tide                         │    25 │  16 │    9 │ 64.0% │   12.7% │    0.54%
[14:59:28] 
  TRIPLES (top 10):
[14:59:28]   Combo                                                   │ Fires │  TP │   FP │ Prec% │ Recall% │ FireRate
[14:59:28]   ─────────────────────────────────────────────────────── │ ───── │ ─── │ ──── │ ───── │ ─────── │ ────────
[14:59:28]   vwap_sigma_tide + vwap_sigma_wave + rsi_value           │    10 │   9 │    1 │ 90.0% │    8.9% │    0.22%
[14:59:28]   vwap_sigma_current + vwap_sigma_tide + sigma_tide       │    14 │  12 │    2 │ 85.7% │   10.1% │    0.30%
[14:59:28]   vwap_sigma_current + vwap_sigma_tide + kf_rsi_pred_val  │    21 │  18 │    3 │ 85.7% │   13.9% │    0.46%
[14:59:28]   vwap_sigma_current + vwap_sigma_tide + rsi_value        │    20 │  17 │    3 │ 85.0% │   13.9% │    0.44%
[14:59:28]   vwap_sigma_tide + sigma_tide + rsi_value                │    18 │  15 │    3 │ 83.3% │   12.7% │    0.39%
[14:59:28]   vwap_sigma_tide + sigma_tide + kf_rsi_pred_val          │    18 │  15 │    3 │ 83.3% │   12.7% │    0.39%
[14:59:28]   vwap_sigma_tide + vwap_sigma_wave + kf_rsi_pred_val     │    12 │  10 │    2 │ 83.3% │   10.1% │    0.26%
[14:59:28]   vwap_sigma_tide + rsi_value + kf_rsi_pred_val           │    27 │  22 │    5 │ 81.5% │   16.5% │    0.59%
[14:59:28]   vwap_sigma_tide + sigma_tide + vwap_sigma_wave          │     9 │   7 │    2 │ 77.8% │    6.3% │    0.20%
[14:59:28]   vwap_sigma_current + vwap_sigma_tide + vwap_sigma_wave  │    13 │  10 │    3 │ 76.9% │    8.9% │    0.28%
[14:59:28] 
  ★ BEST (Prec with Recall≥10%): vwap_sigma_current + vwap_sigma_tide + sigma_tide
[14:59:28]     Precision=85.7%  Recall=10.1%  Fires=14  TP=12  FP=2
[14:59:28] 
  ── HL (85 turns) ──
[14:59:28] 
  SINGLES:
[14:59:28]   Combo                                                   │ Fires │  TP │   FP │ Prec% │ Recall% │ FireRate
[14:59:28]   ─────────────────────────────────────────────────────── │ ───── │ ─── │ ──── │ ───── │ ─────── │ ────────
[14:59:28]   kf_price_filt_vel                                       │   188 │  42 │  146 │ 22.3% │   30.6% │    4.09%
[14:59:28]   kf_price_pred_val                                       │   212 │  47 │  165 │ 22.2% │   30.6% │    4.61%
[14:59:28]   conj_wave_tide                                          │   238 │  47 │  191 │ 19.7% │   21.2% │    5.18%
[14:59:28]   wave_accel                                              │   242 │  42 │  200 │ 17.4% │   27.1% │    5.27%
[14:59:28]   sigma_current                                           │   150 │  24 │  126 │ 16.0% │   20.0% │    3.27%
[14:59:28] 
  PAIRS (top 10):
[14:59:28]   Combo                                                   │ Fires │  TP │   FP │ Prec% │ Recall% │ FireRate
[14:59:28]   ─────────────────────────────────────────────────────── │ ───── │ ─── │ ──── │ ───── │ ─────── │ ────────
[14:59:28]   sigma_wave + conj_wave_tide                             │     7 │   4 │    3 │ 57.1% │    3.5% │    0.15%
[14:59:28]   kf_price_pred_val + conj_wave_tide                      │    52 │  23 │   29 │ 44.2% │   14.1% │    1.13%
[14:59:28]   sigma_current + conj_wave_tide                          │     5 │   2 │    3 │ 40.0% │    2.4% │    0.11%
[14:59:28]   kf_price_filt_vel + conj_wave_tide                      │    52 │  19 │   33 │ 36.5% │   14.1% │    1.13%
[14:59:28]   kf_rsi_filt_vel + conj_wave_tide                        │     3 │   1 │    2 │ 33.3% │    1.2% │    0.07%
[14:59:28]   kf_tension_filt_vel + conj_wave_tide                    │    15 │   5 │   10 │ 33.3% │    4.7% │    0.33%
[14:59:28]   wave_accel + conj_wave_tide                             │    54 │  17 │   37 │ 31.5% │   12.9% │    1.18%
[14:59:28]   sigma_current + wave_accel                              │    27 │   8 │   19 │ 29.6% │    5.9% │    0.59%
[14:59:28]   sigma_current + kf_price_filt_vel                       │    17 │   5 │   12 │ 29.4% │    4.7% │    0.37%
[14:59:28]   wave_accel + kf_price_filt_vel                          │    61 │  17 │   44 │ 27.9% │   16.5% │    1.33%
[14:59:28] 
  TRIPLES (top 10):
[14:59:28]   Combo                                                   │ Fires │  TP │   FP │ Prec% │ Recall% │ FireRate
[14:59:28]   ─────────────────────────────────────────────────────── │ ───── │ ─── │ ──── │ ───── │ ─────── │ ────────
[14:59:28]   sigma_current + kf_price_pred_val + wave_accel          │    15 │   6 │    9 │ 40.0% │    5.9% │    0.33%
[14:59:28]   sigma_current + kf_rsi_filt_vel + wave_accel            │     8 │   3 │    5 │ 37.5% │    2.4% │    0.17%
[14:59:28]   sigma_current + sigma_wave + wave_accel                 │    15 │   5 │   10 │ 33.3% │    3.5% │    0.33%
[14:59:28]   kf_price_pred_val + sigma_wave + wave_accel             │    15 │   5 │   10 │ 33.3% │    4.7% │    0.33%
[14:59:28]   kf_price_pred_val + kf_rsi_filt_vel + wave_accel        │     9 │   3 │    6 │ 33.3% │    2.4% │    0.20%
[14:59:28]   sigma_wave + kf_rsi_filt_vel + wave_accel               │     9 │   3 │    6 │ 33.3% │    2.4% │    0.20%
[14:59:28]   sigma_current + kf_price_pred_val + sigma_wave          │    24 │   6 │   18 │ 25.0% │    5.9% │    0.52%
[14:59:28]   vwap_sigma_wave + sigma_wave + wave_accel               │    13 │   3 │   10 │ 23.1% │    2.4% │    0.28%
[14:59:28]   kf_price_pred_val + sigma_wave + kf_rsi_filt_vel        │    22 │   5 │   17 │ 22.7% │    4.7% │    0.48%
[14:59:28]   sigma_current + kf_price_pred_val + kf_rsi_filt_vel     │    18 │   4 │   14 │ 22.2% │    3.5% │    0.39%
[14:59:28] 
  ★ BEST (Prec with Recall≥10%): kf_price_pred_val + conj_wave_tide
[14:59:28]     Precision=44.2%  Recall=14.1%  Fires=52  TP=23  FP=29
[14:59:28] 
  ── HH (95 turns) ──
[14:59:28] 
  SINGLES:
[14:59:28]   Combo                                                   │ Fires │  TP │   FP │ Prec% │ Recall% │ FireRate
[14:59:28]   ─────────────────────────────────────────────────────── │ ───── │ ─── │ ──── │ ───── │ ─────── │ ────────
[14:59:28]   kf_price_pred_val                                       │   212 │  42 │  170 │ 19.8% │   26.3% │    4.61%
[14:59:28]   wave_accel                                              │   242 │  46 │  196 │ 19.0% │   23.2% │    5.27%
[14:59:28]   current_accel                                           │   246 │  45 │  201 │ 18.3% │   22.1% │    5.35%
[14:59:28]   conj_wave_tide                                          │   238 │  43 │  195 │ 18.1% │   17.9% │    5.18%
[14:59:28]   kf_conj_pred_val                                        │   242 │  43 │  199 │ 17.8% │   16.8% │    5.27%
[14:59:28] 
  PAIRS (top 10):
[14:59:28]   Combo                                                   │ Fires │  TP │   FP │ Prec% │ Recall% │ FireRate
[14:59:28]   ─────────────────────────────────────────────────────── │ ───── │ ─── │ ──── │ ───── │ ─────── │ ────────
[14:59:28]   vwap_spread_tide_current + wave_accel                   │    37 │  15 │   22 │ 40.5% │    6.3% │    0.81%
[14:59:28]   vwap_spread_tide_current + conj_wave_current            │    30 │  12 │   18 │ 40.0% │    5.3% │    0.65%
[14:59:28]   current_accel + vwap_spread_tide_current                │    49 │  19 │   30 │ 38.8% │    7.4% │    1.07%
[14:59:28]   vwap_spread_tide_wave + wave_accel                      │    43 │  16 │   27 │ 37.2% │    7.4% │    0.94%
[14:59:28]   conj_wave_tide + kf_price_pred_val                      │    52 │  19 │   33 │ 36.5% │   10.5% │    1.13%
[14:59:28]   wave_accel + kf_price_pred_val                          │    72 │  25 │   47 │ 34.7% │   18.9% │    1.57%
[14:59:28]   kf_conj_pred_val + kf_price_pred_val                    │    52 │  18 │   34 │ 34.6% │    9.5% │    1.13%
[14:59:28]   current_accel + vwap_spread_tide_wave                   │    51 │  17 │   34 │ 33.3% │    6.3% │    1.11%
[14:59:28]   vwap_spread_tide_current + conj_wave_tide               │    27 │   9 │   18 │ 33.3% │    4.2% │    0.59%
[14:59:28]   conj_wave_tide + wave_accel                             │    54 │  17 │   37 │ 31.5% │   10.5% │    1.18%
[14:59:28] 
  TRIPLES (top 10):
[14:59:28]   Combo                                                   │ Fires │  TP │   FP │ Prec% │ Recall% │ FireRate
[14:59:28]   ─────────────────────────────────────────────────────── │ ───── │ ─── │ ──── │ ───── │ ─────── │ ────────
[14:59:28]   current_accel + vwap_spread_tide_current + conj_wave_tide │    20 │   9 │   11 │ 45.0% │    4.2% │    0.44%
[14:59:28]   kf_conj_pred_val + current_accel + vwap_spread_tide_current │    22 │   9 │   13 │ 40.9% │    4.2% │    0.48%
[14:59:28]   kf_conj_pred_val + vwap_spread_tide_current + conj_wave_tide │    27 │   9 │   18 │ 33.3% │    4.2% │    0.59%
[14:59:28]   kf_conj_pred_val + current_accel + vwap_spread_current_wave │    25 │   8 │   17 │ 32.0% │    5.3% │    0.54%
[14:59:28]   current_accel + conj_wave_tide + vwap_spread_current_wave │    25 │   8 │   17 │ 32.0% │    5.3% │    0.54%
[14:59:28]   current_accel + vwap_spread_tide_wave + vwap_spread_tide_current │    44 │  14 │   30 │ 31.8% │    5.3% │    0.96%
[14:59:28]   kf_conj_pred_val + current_accel + conj_wave_tide       │    82 │  23 │   59 │ 28.0% │   11.6% │    1.78%
[14:59:28]   kf_conj_pred_val + conj_wave_tide + vwap_spread_current_wave │    75 │  20 │   55 │ 26.7% │    8.4% │    1.63%
[14:59:28]   current_accel + vwap_spread_tide_wave + conj_wave_tide  │    15 │   4 │   11 │ 26.7% │    2.1% │    0.33%
[14:59:28]   kf_conj_pred_val + current_accel + vwap_spread_tide_wave │    17 │   4 │   13 │ 23.5% │    2.1% │    0.37%
[14:59:28] 
  ★ BEST (Prec with Recall≥10%): conj_wave_tide + kf_price_pred_val
[14:59:28]     Precision=36.5%  Recall=10.5%  Fires=52  TP=19  FP=33
[14:59:28] 
  ── LH (70 turns) ──
[14:59:28] 
  SINGLES:
[14:59:28]   Combo                                                   │ Fires │  TP │   FP │ Prec% │ Recall% │ FireRate
[14:59:28]   ─────────────────────────────────────────────────────── │ ───── │ ─── │ ──── │ ───── │ ─────── │ ────────
[14:59:28]   kf_price_pred_val                                       │   212 │  41 │  171 │ 19.3% │   35.7% │    4.61%
[14:59:28]   kf_price_filt_vel                                       │   188 │  36 │  152 │ 19.1% │   35.7% │    4.09%
[14:59:28]   kf_price_innovation                                     │   196 │  36 │  160 │ 18.4% │   35.7% │    4.27%
[14:59:28]   wave_slope                                              │   244 │  44 │  200 │ 18.0% │   21.4% │    5.31%
[14:59:28]   kf_conj_filt_vel                                        │   246 │  42 │  204 │ 17.1% │   27.1% │    5.35%
[14:59:28] 
  PAIRS (top 10):
[14:59:28]   Combo                                                   │ Fires │  TP │   FP │ Prec% │ Recall% │ FireRate
[14:59:28]   ─────────────────────────────────────────────────────── │ ───── │ ─── │ ──── │ ───── │ ─────── │ ────────
[14:59:28]   compression_ratio + wave_slope                          │     4 │   3 │    1 │ 75.0% │    1.4% │    0.09%
[14:59:28]   compression_ratio + kf_conj_pred_val                    │     5 │   3 │    2 │ 60.0% │    1.4% │    0.11%
[14:59:28]   kf_price_innovation + compression_ratio                 │    17 │   8 │    9 │ 47.1% │    7.1% │    0.37%
[14:59:28]   compression_ratio + conj_wave_current                   │    15 │   6 │    9 │ 40.0% │    4.3% │    0.33%
[14:59:28]   compression_ratio + vwap_sigma_tide                     │    10 │   4 │    6 │ 40.0% │    4.3% │    0.22%
[14:59:28]   kf_price_filt_vel + compression_ratio                   │    19 │   7 │   12 │ 36.8% │    7.1% │    0.41%
[14:59:28]   kf_price_pred_val + compression_ratio                   │    23 │   8 │   15 │ 34.8% │    7.1% │    0.50%
[14:59:28]   kf_conj_filt_vel + wave_slope                           │    64 │  19 │   45 │ 29.7% │   11.4% │    1.39%
[14:59:28]   kf_price_innovation + kf_conj_pred_val                  │    54 │  16 │   38 │ 29.6% │   14.3% │    1.18%
[14:59:28]   kf_conj_filt_vel + kf_conj_pred_val                     │    62 │  18 │   44 │ 29.0% │   10.0% │    1.35%
[14:59:28] 
  TRIPLES (top 10):
[14:59:28]   Combo                                                   │ Fires │  TP │   FP │ Prec% │ Recall% │ FireRate
[14:59:28]   ─────────────────────────────────────────────────────── │ ───── │ ─── │ ──── │ ───── │ ─────── │ ────────
[14:59:28]   kf_price_filt_vel + compression_ratio + wave_slope      │     2 │   2 │    0 │ 100.0% │    1.4% │    0.04%
[14:59:28]   kf_price_innovation + compression_ratio + wave_slope    │     3 │   3 │    0 │ 100.0% │    1.4% │    0.07%
[14:59:28]   kf_price_filt_vel + kf_conj_filt_vel + compression_ratio │     8 │   6 │    2 │ 75.0% │    5.7% │    0.17%
[14:59:28]   kf_conj_filt_vel + compression_ratio + wave_slope       │     4 │   3 │    1 │ 75.0% │    1.4% │    0.09%
[14:59:28]   kf_price_filt_vel + kf_price_innovation + compression_ratio │    10 │   7 │    3 │ 70.0% │    7.1% │    0.22%
[14:59:28]   kf_price_pred_val + kf_price_innovation + compression_ratio │     9 │   6 │    3 │ 66.7% │    7.1% │    0.20%
[14:59:28]   kf_price_pred_val + compression_ratio + wave_slope      │     3 │   2 │    1 │ 66.7% │    1.4% │    0.07%
[14:59:28]   kf_price_pred_val + kf_conj_filt_vel + compression_ratio │    11 │   7 │    4 │ 63.6% │    5.7% │    0.24%
[14:59:28]   kf_price_innovation + kf_conj_filt_vel + compression_ratio │    11 │   7 │    4 │ 63.6% │    5.7% │    0.24%
[14:59:28]   kf_price_pred_val + kf_price_filt_vel + compression_ratio │    17 │   6 │   11 │ 35.3% │    7.1% │    0.37%
[14:59:28] 
  ★ BEST (Prec with Recall≥10%): kf_price_pred_val + kf_price_innovation + wave_slope
[14:59:28]     Precision=33.3%  Recall=14.3%  Fires=39  TP=13  FP=26
[14:59:28] 
  Processing MCD...
[14:59:28] ════════════════════════════════════════════════════════════════════════════════════════════════════
[14:59:28]   TICKER: MCD
[14:59:28] ════════════════════════════════════════════════════════════════════════════════════════════════════
[14:59:28] 
  ── LL (27 turns) ──
[14:59:28] 
  SINGLES:
[14:59:28]   Combo                                                   │ Fires │  TP │   FP │ Prec% │ Recall% │ FireRate
[14:59:28]   ─────────────────────────────────────────────────────── │ ───── │ ─── │ ──── │ ───── │ ─────── │ ────────
[14:59:28]   vwap_sigma_current                                      │   139 │  28 │  111 │ 20.1% │   55.6% │    3.02%
[14:59:28]   vwap_sigma_tide                                         │   205 │  41 │  164 │ 20.0% │   63.0% │    4.46%
[14:59:28]   wave_slope                                              │   201 │  28 │  173 │ 13.9% │   40.7% │    4.37%
[14:59:28]   rsi_value                                               │   199 │  27 │  172 │ 13.6% │   51.9% │    4.33%
[14:59:28]   kf_rsi_pred_val                                         │   207 │  27 │  180 │ 13.0% │   48.1% │    4.50%
[14:59:28] 
  PAIRS (top 10):
[14:59:28]   Combo                                                   │ Fires │  TP │   FP │ Prec% │ Recall% │ FireRate
[14:59:28]   ─────────────────────────────────────────────────────── │ ───── │ ─── │ ──── │ ───── │ ─────── │ ────────
[14:59:28]   vwap_sigma_current + vwap_sigma_tide                    │    39 │  18 │   21 │ 46.2% │   37.0% │    0.85%
[14:59:28]   vwap_sigma_tide + kf_price_pred_val                     │    25 │  11 │   14 │ 44.0% │   25.9% │    0.54%
[14:59:28]   vwap_sigma_tide + sigma_current                         │    21 │   9 │   12 │ 42.9% │   22.2% │    0.46%
[14:59:28]   sigma_tide + kf_price_pred_val                          │    33 │  13 │   20 │ 39.4% │   22.2% │    0.72%
[14:59:28]   kf_rsi_pred_val + kf_price_pred_val                     │    23 │   9 │   14 │ 39.1% │   18.5% │    0.50%
[14:59:28]   rsi_value + kf_price_pred_val                           │    26 │  10 │   16 │ 38.5% │   22.2% │    0.57%
[14:59:28]   vwap_sigma_current + kf_price_pred_val                  │    30 │  11 │   19 │ 36.7% │   25.9% │    0.65%
[14:59:28]   vwap_sigma_tide + wave_slope                            │    54 │  18 │   36 │ 33.3% │   37.0% │    1.17%
[14:59:28]   vwap_sigma_current + wave_slope                         │    47 │  15 │   32 │ 31.9% │   25.9% │    1.02%
[14:59:28]   rsi_value + wave_slope                                  │    47 │  15 │   32 │ 31.9% │   29.6% │    1.02%
[14:59:28] 
  TRIPLES (top 10):
[14:59:28]   Combo                                                   │ Fires │  TP │   FP │ Prec% │ Recall% │ FireRate
[14:59:28]   ─────────────────────────────────────────────────────── │ ───── │ ─── │ ──── │ ───── │ ─────── │ ────────
[14:59:28]   vwap_sigma_current + vwap_sigma_tide + sigma_tide       │    21 │   9 │   12 │ 42.9% │   18.5% │    0.46%
[14:59:28]   vwap_sigma_current + vwap_sigma_tide + kf_rsi_pred_val  │    21 │   9 │   12 │ 42.9% │   18.5% │    0.46%
[14:59:28]   vwap_sigma_current + vwap_sigma_tide + rsi_value        │    23 │   9 │   14 │ 39.1% │   18.5% │    0.50%
[14:59:28]   vwap_sigma_tide + sigma_tide + kf_rsi_pred_val          │    34 │  12 │   22 │ 35.3% │   22.2% │    0.74%
[14:59:28]   vwap_sigma_tide + sigma_tide + rsi_value                │    35 │  12 │   23 │ 34.3% │   22.2% │    0.76%
[14:59:28]   vwap_sigma_current + rsi_value + kf_rsi_pred_val        │    60 │  15 │   45 │ 25.0% │   29.6% │    1.31%
[14:59:28]   vwap_sigma_current + sigma_tide + rsi_value             │    41 │  10 │   31 │ 24.4% │   18.5% │    0.89%
[14:59:28]   vwap_sigma_current + sigma_tide + kf_rsi_pred_val       │    41 │  10 │   31 │ 24.4% │   18.5% │    0.89%
[14:59:28]   vwap_sigma_tide + rsi_value + kf_rsi_pred_val           │    71 │  17 │   54 │ 23.9% │   33.3% │    1.54%
[14:59:28]   sigma_tide + rsi_value + kf_rsi_pred_val                │    64 │  14 │   50 │ 21.9% │   22.2% │    1.39%
[14:59:28] 
  ★ BEST (Prec with Recall≥10%): vwap_sigma_current + vwap_sigma_tide
[14:59:28]     Precision=46.2%  Recall=37.0%  Fires=39  TP=18  FP=21
[14:59:28] 
  ── HL (43 turns) ──
[14:59:28] 
  SINGLES:
[14:59:28]   Combo                                                   │ Fires │  TP │   FP │ Prec% │ Recall% │ FireRate
[14:59:28]   ─────────────────────────────────────────────────────── │ ───── │ ─── │ ──── │ ───── │ ─────── │ ────────
[14:59:28]   kf_price_pred_val                                       │   195 │  22 │  173 │ 11.3% │   41.9% │    4.24%
[14:59:28]   sigma_wave                                              │    68 │   6 │   62 │  8.8% │   14.0% │    1.48%
[14:59:28]   kf_price_filt_vel                                       │   200 │  17 │  183 │  8.5% │   27.9% │    4.35%
[14:59:28]   vwap_sigma_wave                                         │   101 │   8 │   93 │  7.9% │   18.6% │    2.20%
[14:59:28]   sigma_current                                           │   155 │  12 │  143 │  7.7% │   18.6% │    3.37%
[14:59:28] 
  PAIRS (top 10):
[14:59:28]   Combo                                                   │ Fires │  TP │   FP │ Prec% │ Recall% │ FireRate
[14:59:28]   ─────────────────────────────────────────────────────── │ ───── │ ─── │ ──── │ ───── │ ─────── │ ────────
[14:59:28]   vwap_sigma_wave + kf_price_filt_vel                     │    19 │   6 │   13 │ 31.6% │   14.0% │    0.41%
[14:59:28]   kf_price_pred_val + vwap_sigma_wave                     │    23 │   7 │   16 │ 30.4% │   16.3% │    0.50%
[14:59:28]   vwap_sigma_wave + wave_accel                            │    10 │   3 │    7 │ 30.0% │    7.0% │    0.22%
[14:59:28]   vwap_sigma_wave + sigma_wave                            │     9 │   2 │    7 │ 22.2% │    4.7% │    0.20%
[14:59:28]   sigma_current + vwap_sigma_wave                         │    15 │   3 │   12 │ 20.0% │    7.0% │    0.33%
[14:59:28]   sigma_wave + wave_accel                                 │    15 │   3 │   12 │ 20.0% │    7.0% │    0.33%
[14:59:28]   vwap_sigma_wave + kf_tension_filt_vel                   │    11 │   2 │    9 │ 18.2% │    4.7% │    0.24%
[14:59:28]   wave_accel + kf_price_filt_vel                          │    54 │   9 │   45 │ 16.7% │   18.6% │    1.17%
[14:59:28]   vwap_sigma_wave + kf_rsi_filt_vel                       │    19 │   3 │   16 │ 15.8% │    7.0% │    0.41%
[14:59:28]   sigma_wave + kf_price_filt_vel                          │    34 │   5 │   29 │ 14.7% │   11.6% │    0.74%
[14:59:28] 
  TRIPLES (top 10):
[14:59:28]   Combo                                                   │ Fires │  TP │   FP │ Prec% │ Recall% │ FireRate
[14:59:28]   ─────────────────────────────────────────────────────── │ ───── │ ─── │ ──── │ ───── │ ─────── │ ────────
[14:59:28]   sigma_current + vwap_sigma_wave + sigma_wave            │     2 │   1 │    1 │ 50.0% │    2.3% │    0.04%
[14:59:28]   kf_price_pred_val + vwap_sigma_wave + sigma_wave        │     4 │   2 │    2 │ 50.0% │    4.7% │    0.09%
[14:59:28]   vwap_sigma_wave + sigma_wave + wave_accel               │     2 │   1 │    1 │ 50.0% │    2.3% │    0.04%
[14:59:28]   sigma_current + vwap_sigma_wave + kf_rsi_filt_vel       │     9 │   3 │    6 │ 33.3% │    7.0% │    0.20%
[14:59:28]   kf_price_pred_val + vwap_sigma_wave + wave_accel        │     9 │   3 │    6 │ 33.3% │    7.0% │    0.20%
[14:59:28]   vwap_sigma_wave + kf_rsi_filt_vel + wave_accel          │     6 │   2 │    4 │ 33.3% │    4.7% │    0.13%
[14:59:28]   kf_price_pred_val + vwap_sigma_wave + kf_rsi_filt_vel   │    10 │   3 │    7 │ 30.0% │    7.0% │    0.22%
[14:59:28]   sigma_current + vwap_sigma_wave + wave_accel            │     7 │   2 │    5 │ 28.6% │    4.7% │    0.15%
[14:59:28]   sigma_current + kf_price_pred_val + vwap_sigma_wave     │    11 │   3 │    8 │ 27.3% │    7.0% │    0.24%
[14:59:28]   sigma_current + kf_price_pred_val + kf_rsi_filt_vel     │    28 │   6 │   22 │ 21.4% │   11.6% │    0.61%
[14:59:28] 
  ★ BEST (Prec with Recall≥10%): vwap_sigma_wave + kf_price_filt_vel
[14:59:28]     Precision=31.6%  Recall=14.0%  Fires=19  TP=6  FP=13
[14:59:28] 
  ── HH (42 turns) ──
[14:59:28] 
  SINGLES:
[14:59:28]   Combo                                                   │ Fires │  TP │   FP │ Prec% │ Recall% │ FireRate
[14:59:28]   ─────────────────────────────────────────────────────── │ ───── │ ─── │ ──── │ ───── │ ─────── │ ────────
[14:59:28]   current_accel                                           │   191 │  16 │  175 │  8.4% │   16.7% │    4.16%
[14:59:28]   vwap_spread_tide_current                                │   119 │   9 │  110 │  7.6% │    7.1% │    2.59%
[14:59:28]   conj_wave_tide                                          │   200 │  13 │  187 │  6.5% │   16.7% │    4.35%
[14:59:28]   conj_current_tide                                       │   236 │  15 │  221 │  6.4% │   11.9% │    5.13%
[14:59:28]   kf_conj_pred_val                                        │   186 │  11 │  175 │  5.9% │   11.9% │    4.05%
[14:59:28] 
  PAIRS (top 10):
[14:59:28]   Combo                                                   │ Fires │  TP │   FP │ Prec% │ Recall% │ FireRate
[14:59:28]   ─────────────────────────────────────────────────────── │ ───── │ ─── │ ──── │ ───── │ ─────── │ ────────
[14:59:28]   current_accel + conj_current_tide                       │    32 │   9 │   23 │ 28.1% │    7.1% │    0.70%
[14:59:28]   current_accel + vwap_spread_tide_wave                   │    15 │   3 │   12 │ 20.0% │    2.4% │    0.33%
[14:59:28]   vwap_spread_tide_current + vwap_spread_current_wave     │    16 │   3 │   13 │ 18.8% │    2.4% │    0.35%
[14:59:28]   vwap_spread_tide_current + conj_current_tide            │    34 │   6 │   28 │ 17.6% │    4.8% │    0.74%
[14:59:28]   vwap_spread_tide_wave + wave_accel                      │    18 │   3 │   15 │ 16.7% │    2.4% │    0.39%
[14:59:28]   kf_conj_pred_val + vwap_spread_tide_wave                │    19 │   3 │   16 │ 15.8% │    2.4% │    0.41%
[14:59:28]   current_accel + vwap_spread_tide_current                │    38 │   6 │   32 │ 15.8% │    4.8% │    0.83%
[14:59:28]   kf_conj_pred_val + conj_current_tide                    │    26 │   4 │   22 │ 15.4% │    4.8% │    0.57%
[14:59:28]   current_accel + vwap_spread_current_wave                │    43 │   6 │   37 │ 14.0% │    4.8% │    0.94%
[14:59:28]   conj_current_tide + kf_price_pred_val                   │    30 │   4 │   26 │ 13.3% │    7.1% │    0.65%
[14:59:28] 
  TRIPLES (top 10):
[14:59:28]   Combo                                                   │ Fires │  TP │   FP │ Prec% │ Recall% │ FireRate
[14:59:28]   ─────────────────────────────────────────────────────── │ ───── │ ─── │ ──── │ ───── │ ─────── │ ────────
[14:59:28]   current_accel + vwap_spread_tide_current + vwap_spread_current_wave │    11 │   3 │    8 │ 27.3% │    2.4% │    0.24%
[14:59:28]   kf_conj_pred_val + vwap_spread_tide_current + vwap_spread_current_wave │     4 │   1 │    3 │ 25.0% │    2.4% │    0.09%
[14:59:28]   vwap_spread_tide_current + conj_wave_tide + vwap_spread_current_wave │     4 │   1 │    3 │ 25.0% │    2.4% │    0.09%
[14:59:28]   kf_conj_pred_val + current_accel + vwap_spread_tide_wave │    13 │   3 │   10 │ 23.1% │    2.4% │    0.28%
[14:59:28]   kf_conj_pred_val + vwap_spread_tide_wave + vwap_spread_current_wave │    14 │   3 │   11 │ 21.4% │    2.4% │    0.30%
[14:59:28]   kf_conj_pred_val + current_accel + vwap_spread_tide_current │     5 │   1 │    4 │ 20.0% │    2.4% │    0.11%
[14:59:28]   current_accel + vwap_spread_tide_wave + vwap_spread_current_wave │    15 │   3 │   12 │ 20.0% │    2.4% │    0.33%
[14:59:28]   kf_conj_pred_val + current_accel + vwap_spread_current_wave │    21 │   4 │   17 │ 19.0% │    4.8% │    0.46%
[14:59:28]   current_accel + vwap_spread_tide_current + conj_wave_tide │     6 │   1 │    5 │ 16.7% │    2.4% │    0.13%
[14:59:28]   current_accel + vwap_spread_tide_wave + conj_wave_tide  │    13 │   2 │   11 │ 15.4% │    2.4% │    0.28%
[14:59:28] 
  ★ BEST (Prec with Recall≥10%): current_accel
[14:59:28]     Precision=8.4%  Recall=16.7%  Fires=191  TP=16  FP=175
[14:59:28] 
  ── LH (29 turns) ──
[14:59:28] 
  SINGLES:
[14:59:28]   Combo                                                   │ Fires │  TP │   FP │ Prec% │ Recall% │ FireRate
[14:59:28]   ─────────────────────────────────────────────────────── │ ───── │ ─── │ ──── │ ───── │ ─────── │ ────────
[14:59:28]   compression_ratio                                       │   165 │  15 │  150 │  9.1% │   20.7% │    3.59%
[14:59:28]   kf_conj_filt_vel                                        │   159 │  13 │  146 │  8.2% │   20.7% │    3.46%
[14:59:28]   kf_price_pred_val                                       │   195 │  15 │  180 │  7.7% │   31.0% │    4.24%
[14:59:28]   kf_price_filt_vel                                       │   200 │  14 │  186 │  7.0% │   31.0% │    4.35%
[14:59:28]   kf_conj_pred_val                                        │   186 │  13 │  173 │  7.0% │   20.7% │    4.05%
[14:59:28] 
  PAIRS (top 10):
[14:59:28]   Combo                                                   │ Fires │  TP │   FP │ Prec% │ Recall% │ FireRate
[14:59:28]   ─────────────────────────────────────────────────────── │ ───── │ ─── │ ──── │ ───── │ ─────── │ ────────
[14:59:28]   compression_ratio + conj_wave_current                   │    42 │   9 │   33 │ 21.4% │   13.8% │    0.91%
[14:59:28]   kf_conj_filt_vel + compression_ratio                    │    49 │  10 │   39 │ 20.4% │   13.8% │    1.07%
[14:59:28]   kf_price_pred_val + vwap_sigma_tide                     │    25 │   5 │   20 │ 20.0% │   10.3% │    0.54%
[14:59:28]   compression_ratio + wave_slope                          │    46 │   9 │   37 │ 19.6% │   17.2% │    1.00%
[14:59:28]   kf_conj_filt_vel + vwap_sigma_tide                      │    21 │   4 │   17 │ 19.0% │    6.9% │    0.46%
[14:59:28]   kf_price_innovation + kf_conj_filt_vel                  │    33 │   6 │   27 │ 18.2% │   13.8% │    0.72%
[14:59:28]   kf_price_pred_val + kf_conj_pred_val                    │    40 │   7 │   33 │ 17.5% │   13.8% │    0.87%
[14:59:28]   kf_price_pred_val + wave_slope                          │    46 │   8 │   38 │ 17.4% │   17.2% │    1.00%
[14:59:28]   compression_ratio + kf_conj_pred_val                    │    41 │   7 │   34 │ 17.1% │   10.3% │    0.89%
[14:59:28]   kf_price_filt_vel + kf_conj_filt_vel                    │    30 │   5 │   25 │ 16.7% │   13.8% │    0.65%
[14:59:28] 
  TRIPLES (top 10):
[14:59:28]   Combo                                                   │ Fires │  TP │   FP │ Prec% │ Recall% │ FireRate
[14:59:28]   ─────────────────────────────────────────────────────── │ ───── │ ─── │ ──── │ ───── │ ─────── │ ────────
[14:59:28]   kf_price_pred_val + compression_ratio + wave_slope      │    23 │   7 │   16 │ 30.4% │   13.8% │    0.50%
[14:59:28]   kf_price_filt_vel + kf_price_innovation + kf_conj_filt_vel │    17 │   5 │   12 │ 29.4% │   13.8% │    0.37%
[14:59:28]   kf_price_pred_val + kf_conj_filt_vel + compression_ratio │    19 │   5 │   14 │ 26.3% │   10.3% │    0.41%
[14:59:28]   kf_price_innovation + compression_ratio + wave_slope    │    23 │   6 │   17 │ 26.1% │   13.8% │    0.50%
[14:59:28]   kf_price_filt_vel + kf_price_innovation + compression_ratio │    27 │   7 │   20 │ 25.9% │   13.8% │    0.59%
[14:59:28]   kf_price_filt_vel + compression_ratio + wave_slope      │    24 │   6 │   18 │ 25.0% │   17.2% │    0.52%
[14:59:28]   kf_price_innovation + kf_conj_filt_vel + compression_ratio │    20 │   5 │   15 │ 25.0% │   10.3% │    0.44%
[14:59:28]   kf_price_innovation + kf_conj_filt_vel + wave_slope     │    20 │   5 │   15 │ 25.0% │   13.8% │    0.44%
[14:59:28]   kf_conj_filt_vel + compression_ratio + wave_slope       │    24 │   6 │   18 │ 25.0% │   10.3% │    0.52%
[14:59:28]   kf_price_pred_val + kf_price_innovation + compression_ratio │    26 │   6 │   20 │ 23.1% │   13.8% │    0.57%
[14:59:28] 
  ★ BEST (Prec with Recall≥10%): kf_price_pred_val + compression_ratio + wave_slope
[14:59:28]     Precision=30.4%  Recall=13.8%  Fires=23  TP=7  FP=16
[14:59:28] 
  Processing MRK...
[14:59:28] ════════════════════════════════════════════════════════════════════════════════════════════════════
[14:59:28]   TICKER: MRK
[14:59:28] ════════════════════════════════════════════════════════════════════════════════════════════════════
[14:59:28] 
  ── LL (50 turns) ──
[14:59:28] 
  SINGLES:
[14:59:28]   Combo                                                   │ Fires │  TP │   FP │ Prec% │ Recall% │ FireRate
[14:59:28]   ─────────────────────────────────────────────────────── │ ───── │ ─── │ ──── │ ───── │ ─────── │ ────────
[14:59:28]   vwap_sigma_current                                      │   130 │  32 │   98 │ 24.6% │   36.0% │    2.83%
[14:59:28]   vwap_sigma_tide                                         │   112 │  22 │   90 │ 19.6% │   24.0% │    2.44%
[14:59:28]   sigma_tide                                              │   163 │  32 │  131 │ 19.6% │   26.0% │    3.55%
[14:59:28]   rsi_value                                               │   194 │  34 │  160 │ 17.5% │   36.0% │    4.22%
[14:59:28]   kf_rsi_pred_val                                         │   192 │  31 │  161 │ 16.1% │   30.0% │    4.18%
[14:59:28] 
  PAIRS (top 10):
[14:59:28]   Combo                                                   │ Fires │  TP │   FP │ Prec% │ Recall% │ FireRate
[14:59:28]   ─────────────────────────────────────────────────────── │ ───── │ ─── │ ──── │ ───── │ ─────── │ ────────
[14:59:28]   vwap_sigma_wave + wave_slope                            │     2 │   2 │    0 │ 100.0% │    4.0% │    0.04%
[14:59:28]   vwap_sigma_current + wave_slope                         │    11 │   8 │    3 │ 72.7% │    8.0% │    0.24%
[14:59:28]   wave_slope + sigma_current                              │     7 │   5 │    2 │ 71.4% │    8.0% │    0.15%
[14:59:28]   vwap_sigma_tide + kf_price_pred_val                     │    17 │  10 │    7 │ 58.8% │   14.0% │    0.37%
[14:59:28]   vwap_sigma_tide + sigma_current                         │    15 │   8 │    7 │ 53.3% │   12.0% │    0.33%
[14:59:28]   vwap_sigma_tide + vwap_sigma_wave                       │     8 │   4 │    4 │ 50.0% │    8.0% │    0.17%
[14:59:28]   vwap_sigma_current + vwap_sigma_tide                    │    13 │   6 │    7 │ 46.2% │   10.0% │    0.28%
[14:59:28]   vwap_sigma_current + sigma_tide                         │    32 │  14 │   18 │ 43.8% │   20.0% │    0.70%
[14:59:28]   vwap_sigma_current + kf_price_pred_val                  │    30 │  13 │   17 │ 43.3% │   18.0% │    0.65%
[14:59:28]   sigma_tide + vwap_sigma_wave                            │    15 │   5 │   10 │ 33.3% │    8.0% │    0.33%
[14:59:28] 
  TRIPLES (top 10):
[14:59:28]   Combo                                                   │ Fires │  TP │   FP │ Prec% │ Recall% │ FireRate
[14:59:28]   ─────────────────────────────────────────────────────── │ ───── │ ─── │ ──── │ ───── │ ─────── │ ────────
[14:59:28]   vwap_sigma_current + vwap_sigma_tide + vwap_sigma_wave  │     5 │   3 │    2 │ 60.0% │    6.0% │    0.11%
[14:59:28]   vwap_sigma_current + sigma_tide + vwap_sigma_wave       │     8 │   4 │    4 │ 50.0% │    8.0% │    0.17%
[14:59:28]   vwap_sigma_tide + sigma_tide + vwap_sigma_wave          │     7 │   3 │    4 │ 42.9% │    6.0% │    0.15%
[14:59:28]   vwap_sigma_current + vwap_sigma_tide + sigma_tide       │    12 │   5 │    7 │ 41.7% │   10.0% │    0.26%
[14:59:28]   vwap_sigma_current + sigma_tide + rsi_value             │    23 │   9 │   14 │ 39.1% │   14.0% │    0.50%
[14:59:28]   vwap_sigma_current + sigma_tide + kf_rsi_pred_val       │    24 │   9 │   15 │ 37.5% │   14.0% │    0.52%
[14:59:28]   vwap_sigma_current + vwap_sigma_tide + rsi_value        │    11 │   4 │    7 │ 36.4% │    6.0% │    0.24%
[14:59:28]   vwap_sigma_current + vwap_sigma_tide + kf_rsi_pred_val  │    11 │   4 │    7 │ 36.4% │    6.0% │    0.24%
[14:59:28]   vwap_sigma_current + vwap_sigma_wave + rsi_value        │     9 │   3 │    6 │ 33.3% │    6.0% │    0.20%
[14:59:28]   vwap_sigma_tide + vwap_sigma_wave + rsi_value           │     6 │   2 │    4 │ 33.3% │    4.0% │    0.13%
[14:59:28] 
  ★ BEST (Prec with Recall≥10%): vwap_sigma_tide + kf_price_pred_val
[14:59:28]     Precision=58.8%  Recall=14.0%  Fires=17  TP=10  FP=7
[14:59:28] 
  ── HL (60 turns) ──
[14:59:28] 
  SINGLES:
[14:59:28]   Combo                                                   │ Fires │  TP │   FP │ Prec% │ Recall% │ FireRate
[14:59:28]   ─────────────────────────────────────────────────────── │ ───── │ ─── │ ──── │ ───── │ ─────── │ ────────
[14:59:28]   sigma_current                                           │   154 │  24 │  130 │ 15.6% │   18.3% │    3.35%
[14:59:28]   kf_price_pred_val                                       │   207 │  25 │  182 │ 12.1% │   26.7% │    4.50%
[14:59:28]   vwap_sigma_wave                                         │   101 │  11 │   90 │ 10.9% │   15.0% │    2.20%
[14:59:28]   sigma_wave                                              │   148 │  15 │  133 │ 10.1% │   15.0% │    3.22%
[14:59:28]   kf_tension_filt_vel                                     │   234 │  18 │  216 │  7.7% │   15.0% │    5.09%
[14:59:28] 
  PAIRS (top 10):
[14:59:28]   Combo                                                   │ Fires │  TP │   FP │ Prec% │ Recall% │ FireRate
[14:59:28]   ─────────────────────────────────────────────────────── │ ───── │ ─── │ ──── │ ───── │ ─────── │ ────────
[14:59:28]   sigma_wave + wave_accel                                 │    19 │   4 │   15 │ 21.1% │    3.3% │    0.41%
[14:59:28]   sigma_current + kf_tension_filt_vel                     │    54 │  10 │   44 │ 18.5% │    8.3% │    1.17%
[14:59:28]   sigma_wave + kf_tension_filt_vel                        │    52 │   9 │   43 │ 17.3% │   10.0% │    1.13%
[14:59:28]   vwap_sigma_wave + kf_tension_filt_vel                   │    30 │   5 │   25 │ 16.7% │    6.7% │    0.65%
[14:59:28]   kf_price_pred_val + wave_accel                          │    43 │   7 │   36 │ 16.3% │    8.3% │    0.94%
[14:59:28]   sigma_current + vwap_sigma_wave                         │    37 │   6 │   31 │ 16.2% │    8.3% │    0.81%
[14:59:28]   sigma_current + kf_rsi_filt_vel                         │    50 │   8 │   42 │ 16.0% │   10.0% │    1.09%
[14:59:28]   sigma_wave + kf_price_filt_vel                          │    41 │   6 │   35 │ 14.6% │   10.0% │    0.89%
[14:59:28]   vwap_sigma_wave + kf_rsi_filt_vel                       │    21 │   3 │   18 │ 14.3% │    5.0% │    0.46%
[14:59:28]   kf_price_pred_val + sigma_wave                          │    71 │  10 │   61 │ 14.1% │   11.7% │    1.54%
[14:59:28] 
  TRIPLES (top 10):
[14:59:28]   Combo                                                   │ Fires │  TP │   FP │ Prec% │ Recall% │ FireRate
[14:59:28]   ─────────────────────────────────────────────────────── │ ───── │ ─── │ ──── │ ───── │ ─────── │ ────────
[14:59:28]   vwap_sigma_wave + sigma_wave + wave_accel               │     8 │   2 │    6 │ 25.0% │    3.3% │    0.17%
[14:59:28]   sigma_current + vwap_sigma_wave + kf_rsi_filt_vel       │    14 │   3 │   11 │ 21.4% │    5.0% │    0.30%
[14:59:28]   sigma_current + sigma_wave + kf_rsi_filt_vel            │    37 │   7 │   30 │ 18.9% │    8.3% │    0.81%
[14:59:28]   kf_price_pred_val + sigma_wave + wave_accel             │    17 │   3 │   14 │ 17.6% │    3.3% │    0.37%
[14:59:28]   vwap_sigma_wave + sigma_wave + kf_rsi_filt_vel          │    18 │   3 │   15 │ 16.7% │    5.0% │    0.39%
[14:59:28]   sigma_current + vwap_sigma_wave + sigma_wave            │    19 │   3 │   16 │ 15.8% │    5.0% │    0.41%
[14:59:28]   sigma_current + sigma_wave + wave_accel                 │    13 │   2 │   11 │ 15.4% │    1.7% │    0.28%
[14:59:28]   kf_price_pred_val + vwap_sigma_wave + kf_rsi_filt_vel   │    13 │   2 │   11 │ 15.4% │    3.3% │    0.28%
[14:59:28]   kf_price_pred_val + vwap_sigma_wave + wave_accel        │    13 │   2 │   11 │ 15.4% │    3.3% │    0.28%
[14:59:28]   sigma_current + kf_price_pred_val + kf_rsi_filt_vel     │    28 │   4 │   24 │ 14.3% │    5.0% │    0.61%
[14:59:28] 
  ★ BEST (Prec with Recall≥10%): sigma_wave + kf_tension_filt_vel
[14:59:28]     Precision=17.3%  Recall=10.0%  Fires=52  TP=9  FP=43
[14:59:28] 
  ── HH (56 turns) ──
[14:59:28] 
  SINGLES:
[14:59:28]   Combo                                                   │ Fires │  TP │   FP │ Prec% │ Recall% │ FireRate
[14:59:28]   ─────────────────────────────────────────────────────── │ ───── │ ─── │ ──── │ ───── │ ─────── │ ────────
[14:59:28]   kf_price_pred_val                                       │   207 │  20 │  187 │  9.7% │   26.8% │    4.50%
[14:59:28]   current_accel                                           │   197 │  19 │  178 │  9.6% │   16.1% │    4.29%
[14:59:28]   conj_wave_current                                       │   197 │  12 │  185 │  6.1% │    7.1% │    4.29%
[14:59:28]   kf_conj_pred_val                                        │   199 │  11 │  188 │  5.5% │    8.9% │    4.33%
[14:59:28]   vwap_spread_tide_wave                                   │   328 │  18 │  310 │  5.5% │   10.7% │    7.14%
[14:59:28] 
  PAIRS (top 10):
[14:59:28]   Combo                                                   │ Fires │  TP │   FP │ Prec% │ Recall% │ FireRate
[14:59:28]   ─────────────────────────────────────────────────────── │ ───── │ ─── │ ──── │ ───── │ ─────── │ ────────
[14:59:28]   current_accel + kf_price_pred_val                       │    35 │   7 │   28 │ 20.0% │    8.9% │    0.76%
[14:59:28]   kf_conj_pred_val + kf_price_pred_val                    │    21 │   4 │   17 │ 19.0% │    5.4% │    0.46%
[14:59:28]   current_accel + conj_wave_current                       │    53 │  10 │   43 │ 18.9% │    7.1% │    1.15%
[14:59:28]   conj_wave_tide + kf_price_pred_val                      │    23 │   4 │   19 │ 17.4% │    5.4% │    0.50%
[14:59:28]   current_accel + conj_wave_tide                          │    37 │   6 │   31 │ 16.2% │    7.1% │    0.81%
[14:59:28]   kf_price_pred_val + conj_wave_current                   │    21 │   3 │   18 │ 14.3% │    3.6% │    0.46%
[14:59:28]   kf_conj_pred_val + current_accel                        │    43 │   6 │   37 │ 14.0% │    7.1% │    0.94%
[14:59:28]   wave_accel + kf_price_pred_val                          │    43 │   6 │   37 │ 14.0% │    8.9% │    0.94%
[14:59:28]   current_accel + vwap_spread_tide_wave                   │    37 │   5 │   32 │ 13.5% │    3.6% │    0.81%
[14:59:28]   current_accel + vwap_spread_tide_current                │    38 │   5 │   33 │ 13.2% │    3.6% │    0.83%
[14:59:28] 
  TRIPLES (top 10):
[14:59:28]   Combo                                                   │ Fires │  TP │   FP │ Prec% │ Recall% │ FireRate
[14:59:28]   ─────────────────────────────────────────────────────── │ ───── │ ─── │ ──── │ ───── │ ─────── │ ────────
[14:59:28]   current_accel + vwap_spread_tide_wave + conj_wave_tide  │    12 │   3 │    9 │ 25.0% │    1.8% │    0.26%
[14:59:28]   current_accel + vwap_spread_tide_current + conj_wave_tide │    12 │   3 │    9 │ 25.0% │    1.8% │    0.26%
[14:59:28]   kf_conj_pred_val + current_accel + vwap_spread_tide_wave │    13 │   3 │   10 │ 23.1% │    1.8% │    0.28%
[14:59:28]   kf_conj_pred_val + current_accel + vwap_spread_tide_current │    13 │   3 │   10 │ 23.1% │    1.8% │    0.28%
[14:59:28]   current_accel + vwap_spread_tide_current + vwap_spread_current_wave │     5 │   1 │    4 │ 20.0% │    1.8% │    0.11%
[14:59:28]   kf_conj_pred_val + current_accel + conj_wave_tide       │    35 │   6 │   29 │ 17.1% │    7.1% │    0.76%
[14:59:28]   current_accel + vwap_spread_tide_wave + vwap_spread_tide_current │    32 │   5 │   27 │ 15.6% │    3.6% │    0.70%
[14:59:28]   current_accel + vwap_spread_tide_wave + vwap_spread_current_wave │     9 │   1 │    8 │ 11.1% │    1.8% │    0.20%
[14:59:28]   kf_conj_pred_val + vwap_spread_tide_wave + vwap_spread_tide_current │    28 │   3 │   25 │ 10.7% │    1.8% │    0.61%
[14:59:28]   vwap_spread_tide_wave + vwap_spread_tide_current + conj_wave_tide │    29 │   3 │   26 │ 10.3% │    1.8% │    0.63%
[14:59:28] 
  ★ BEST (Prec with Recall≥10%): kf_price_pred_val
[14:59:28]     Precision=9.7%  Recall=26.8%  Fires=207  TP=20  FP=187
[14:59:28] 
  ── LH (53 turns) ──
[14:59:28] 
  SINGLES:
[14:59:28]   Combo                                                   │ Fires │  TP │   FP │ Prec% │ Recall% │ FireRate
[14:59:28]   ─────────────────────────────────────────────────────── │ ───── │ ─── │ ──── │ ───── │ ─────── │ ────────
[14:59:28]   conj_wave_current                                       │   197 │  20 │  177 │ 10.2% │   13.2% │    4.29%
[14:59:28]   kf_price_pred_val                                       │   207 │  21 │  186 │ 10.1% │   26.4% │    4.50%
[14:59:28]   kf_price_innovation                                     │   215 │  21 │  194 │  9.8% │   22.6% │    4.68%
[14:59:28]   kf_price_filt_vel                                       │   212 │  20 │  192 │  9.4% │   26.4% │    4.61%
[14:59:28]   wave_slope                                              │   233 │  20 │  213 │  8.6% │   15.1% │    5.07%
[14:59:28] 
  PAIRS (top 10):
[14:59:28]   Combo                                                   │ Fires │  TP │   FP │ Prec% │ Recall% │ FireRate
[14:59:28]   ─────────────────────────────────────────────────────── │ ───── │ ─── │ ──── │ ───── │ ─────── │ ────────
[14:59:28]   compression_ratio + wave_slope                          │    28 │   6 │   22 │ 21.4% │    5.7% │    0.61%
[14:59:28]   kf_price_pred_val + compression_ratio                   │    19 │   4 │   15 │ 21.1% │    3.8% │    0.41%
[14:59:28]   kf_price_pred_val + wave_slope                          │    41 │   8 │   33 │ 19.5% │    9.4% │    0.89%
[14:59:28]   kf_price_innovation + wave_slope                        │    44 │   8 │   36 │ 18.2% │    7.5% │    0.96%
[14:59:28]   kf_price_pred_val + kf_price_innovation                 │    76 │  12 │   64 │ 15.8% │   17.0% │    1.65%
[14:59:28]   kf_price_filt_vel + wave_slope                          │    45 │   7 │   38 │ 15.6% │    9.4% │    0.98%
[14:59:28]   kf_price_innovation + compression_ratio                 │    20 │   3 │   17 │ 15.0% │    3.8% │    0.44%
[14:59:28]   compression_ratio + wave_accel                          │    60 │   9 │   51 │ 15.0% │    5.7% │    1.31%
[14:59:28]   conj_wave_current + vwap_sigma_tide                     │    20 │   3 │   17 │ 15.0% │    1.9% │    0.44%
[14:59:28]   kf_price_filt_vel + kf_price_innovation                 │    91 │  13 │   78 │ 14.3% │   17.0% │    1.98%
[14:59:28] 
  TRIPLES (top 10):
[14:59:28]   Combo                                                   │ Fires │  TP │   FP │ Prec% │ Recall% │ FireRate
[14:59:28]   ─────────────────────────────────────────────────────── │ ───── │ ─── │ ──── │ ───── │ ─────── │ ────────
[14:59:28]   kf_price_pred_val + compression_ratio + wave_slope      │     2 │   1 │    1 │ 50.0% │    1.9% │    0.04%
[14:59:28]   kf_price_innovation + compression_ratio + wave_slope    │     2 │   1 │    1 │ 50.0% │    1.9% │    0.04%
[14:59:28]   kf_price_pred_val + kf_conj_filt_vel + compression_ratio │     5 │   2 │    3 │ 40.0% │    1.9% │    0.11%
[14:59:28]   kf_conj_filt_vel + compression_ratio + wave_slope       │     5 │   2 │    3 │ 40.0% │    1.9% │    0.11%
[14:59:28]   kf_price_innovation + kf_conj_filt_vel + compression_ratio │     7 │   2 │    5 │ 28.6% │    1.9% │    0.15%
[14:59:28]   kf_price_pred_val + kf_price_filt_vel + compression_ratio │    15 │   4 │   11 │ 26.7% │    3.8% │    0.33%
[14:59:28]   kf_price_pred_val + kf_price_innovation + wave_slope    │    19 │   5 │   14 │ 26.3% │    5.7% │    0.41%
[14:59:28]   kf_price_filt_vel + kf_price_innovation + compression_ratio │     8 │   2 │    6 │ 25.0% │    3.8% │    0.17%
[14:59:28]   kf_price_pred_val + kf_price_innovation + compression_ratio │     9 │   2 │    7 │ 22.2% │    3.8% │    0.20%
[14:59:28]   kf_price_pred_val + kf_conj_filt_vel + wave_slope       │     9 │   2 │    7 │ 22.2% │    3.8% │    0.20%
[14:59:28] 
  ★ BEST (Prec with Recall≥10%): kf_price_pred_val + kf_price_filt_vel + kf_price_innovation
[14:59:28]     Precision=17.9%  Recall=17.0%  Fires=67  TP=12  FP=55
[14:59:28] 
  Processing MSFT...
[14:59:29] ════════════════════════════════════════════════════════════════════════════════════════════════════
[14:59:29]   TICKER: MSFT
[14:59:29] ════════════════════════════════════════════════════════════════════════════════════════════════════
[14:59:29] 
  ── LL (54 turns) ──
[14:59:29] 
  SINGLES:
[14:59:29]   Combo                                                   │ Fires │  TP │   FP │ Prec% │ Recall% │ FireRate
[14:59:29]   ─────────────────────────────────────────────────────── │ ───── │ ─── │ ──── │ ───── │ ─────── │ ────────
[14:59:29]   vwap_sigma_current                                      │   123 │  43 │   80 │ 35.0% │   38.9% │    2.69%
[14:59:29]   vwap_sigma_wave                                         │   116 │  40 │   76 │ 34.5% │   40.7% │    2.53%
[14:59:29]   vwap_sigma_tide                                         │   169 │  48 │  121 │ 28.4% │   33.3% │    3.69%
[14:59:29]   rsi_value                                               │   163 │  38 │  125 │ 23.3% │   33.3% │    3.56%
[14:59:29]   kf_rsi_pred_val                                         │   174 │  38 │  136 │ 21.8% │   33.3% │    3.80%
[14:59:29] 
  PAIRS (top 10):
[14:59:29]   Combo                                                   │ Fires │  TP │   FP │ Prec% │ Recall% │ FireRate
[14:59:29]   ─────────────────────────────────────────────────────── │ ───── │ ─── │ ──── │ ───── │ ─────── │ ────────
[14:59:29]   sigma_tide + fear_level                                 │     2 │   2 │    0 │ 100.0% │    3.7% │    0.04%
[14:59:29]   vwap_sigma_wave + wave_slope                            │     2 │   2 │    0 │ 100.0% │    1.9% │    0.04%
[14:59:29]   vwap_sigma_current + wave_slope                         │     6 │   5 │    1 │ 83.3% │    5.6% │    0.13%
[14:59:29]   vwap_sigma_tide + vwap_sigma_wave                       │    24 │  18 │    6 │ 75.0% │   18.5% │    0.52%
[14:59:29]   vwap_sigma_wave + fear_level                            │    26 │  19 │    7 │ 73.1% │   18.5% │    0.57%
[14:59:29]   vwap_sigma_tide + sigma_tide                            │     6 │   4 │    2 │ 66.7% │    5.6% │    0.13%
[14:59:29]   sigma_tide + vwap_sigma_wave                            │    19 │  12 │    7 │ 63.2% │   14.8% │    0.41%
[14:59:29]   vwap_sigma_current + sigma_tide                         │    23 │  14 │    9 │ 60.9% │   14.8% │    0.50%
[14:59:29]   vwap_sigma_wave + kf_price_pred_val                     │    41 │  24 │   17 │ 58.5% │   31.5% │    0.90%
[14:59:29]   rsi_value + fear_level                                  │    19 │  11 │    8 │ 57.9% │    9.3% │    0.41%
[14:59:29] 
  TRIPLES (top 10):
[14:59:29]   Combo                                                   │ Fires │  TP │   FP │ Prec% │ Recall% │ FireRate
[14:59:29]   ─────────────────────────────────────────────────────── │ ───── │ ─── │ ──── │ ───── │ ─────── │ ────────
[14:59:29]   vwap_sigma_current + vwap_sigma_tide + sigma_tide       │     1 │   1 │    0 │ 100.0% │    1.9% │    0.02%
[14:59:29]   vwap_sigma_tide + sigma_tide + vwap_sigma_wave          │     1 │   1 │    0 │ 100.0% │    1.9% │    0.02%
[14:59:29]   vwap_sigma_current + vwap_sigma_tide + vwap_sigma_wave  │    12 │  10 │    2 │ 83.3% │    9.3% │    0.26%
[14:59:29]   vwap_sigma_current + sigma_tide + rsi_value             │    13 │  10 │    3 │ 76.9% │    9.3% │    0.28%
[14:59:29]   vwap_sigma_current + sigma_tide + kf_rsi_pred_val       │    12 │   9 │    3 │ 75.0% │    9.3% │    0.26%
[14:59:29]   vwap_sigma_tide + vwap_sigma_wave + kf_rsi_pred_val     │     8 │   6 │    2 │ 75.0% │    5.6% │    0.17%
[14:59:29]   vwap_sigma_tide + vwap_sigma_wave + rsi_value           │    10 │   7 │    3 │ 70.0% │    9.3% │    0.22%
[14:59:29]   vwap_sigma_current + sigma_tide + vwap_sigma_wave       │    15 │  10 │    5 │ 66.7% │   13.0% │    0.33%
[14:59:29]   vwap_sigma_current + vwap_sigma_tide + rsi_value        │     8 │   5 │    3 │ 62.5% │    5.6% │    0.17%
[14:59:29]   vwap_sigma_current + vwap_sigma_tide + kf_rsi_pred_val  │     8 │   5 │    3 │ 62.5% │    5.6% │    0.17%
[14:59:29] 
  ★ BEST (Prec with Recall≥10%): vwap_sigma_tide + vwap_sigma_wave
[14:59:29]     Precision=75.0%  Recall=18.5%  Fires=24  TP=18  FP=6
[14:59:29] 
  ── HL (70 turns) ──
[14:59:29] 
  SINGLES:
[14:59:29]   Combo                                                   │ Fires │  TP │   FP │ Prec% │ Recall% │ FireRate
[14:59:29]   ─────────────────────────────────────────────────────── │ ───── │ ─── │ ──── │ ───── │ ─────── │ ────────
[14:59:29]   kf_price_pred_val                                       │   235 │  36 │  199 │ 15.3% │   35.7% │    5.13%
[14:59:29]   sigma_current                                           │   168 │  23 │  145 │ 13.7% │   20.0% │    3.67%
[14:59:29]   sigma_wave                                              │   145 │  18 │  127 │ 12.4% │   18.6% │    3.17%
[14:59:29]   kf_rsi_filt_vel                                         │   204 │  25 │  179 │ 12.3% │   20.0% │    4.45%
[14:59:29]   wave_accel                                              │   236 │  27 │  209 │ 11.4% │   24.3% │    5.15%
[14:59:29] 
  PAIRS (top 10):
[14:59:29]   Combo                                                   │ Fires │  TP │   FP │ Prec% │ Recall% │ FireRate
[14:59:29]   ─────────────────────────────────────────────────────── │ ───── │ ─── │ ──── │ ───── │ ─────── │ ────────
[14:59:29]   vwap_sigma_wave + kf_tension_filt_vel                   │    26 │   7 │   19 │ 26.9% │    5.7% │    0.57%
[14:59:29]   sigma_current + vwap_sigma_wave                         │    43 │  10 │   33 │ 23.3% │    8.6% │    0.94%
[14:59:29]   sigma_wave + wave_accel                                 │    24 │   5 │   19 │ 20.8% │    5.7% │    0.52%
[14:59:29]   sigma_current + kf_tension_filt_vel                     │    60 │  12 │   48 │ 20.0% │   10.0% │    1.31%
[14:59:29]   kf_price_pred_val + kf_rsi_filt_vel                     │    64 │  12 │   52 │ 18.8% │   12.9% │    1.40%
[14:59:29]   wave_accel + kf_tension_filt_vel                        │    17 │   3 │   14 │ 17.6% │    4.3% │    0.37%
[14:59:29]   kf_price_pred_val + kf_tension_filt_vel                 │    63 │  11 │   52 │ 17.5% │   14.3% │    1.38%
[14:59:29]   kf_price_pred_val + conj_wave_tide                      │    18 │   3 │   15 │ 16.7% │    2.9% │    0.39%
[14:59:29]   kf_price_pred_val + wave_accel                          │    44 │   7 │   37 │ 15.9% │    8.6% │    0.96%
[14:59:29]   kf_rsi_filt_vel + kf_tension_filt_vel                   │    59 │   9 │   50 │ 15.3% │    7.1% │    1.29%
[14:59:29] 
  TRIPLES (top 10):
[14:59:29]   Combo                                                   │ Fires │  TP │   FP │ Prec% │ Recall% │ FireRate
[14:59:29]   ─────────────────────────────────────────────────────── │ ───── │ ─── │ ──── │ ───── │ ─────── │ ────────
[14:59:29]   sigma_current + kf_price_pred_val + kf_rsi_filt_vel     │    29 │   6 │   23 │ 20.7% │    7.1% │    0.63%
[14:59:29]   sigma_wave + kf_rsi_filt_vel + wave_accel               │    11 │   2 │    9 │ 18.2% │    2.9% │    0.24%
[14:59:29]   kf_price_pred_val + sigma_wave + kf_rsi_filt_vel        │    34 │   6 │   28 │ 17.6% │    7.1% │    0.74%
[14:59:29]   sigma_current + kf_rsi_filt_vel + wave_accel            │    12 │   2 │   10 │ 16.7% │    2.9% │    0.26%
[14:59:29]   kf_price_pred_val + kf_rsi_filt_vel + wave_accel        │    12 │   2 │   10 │ 16.7% │    2.9% │    0.26%
[14:59:29]   kf_price_pred_val + sigma_wave + wave_accel             │    19 │   3 │   16 │ 15.8% │    4.3% │    0.41%
[14:59:29]   sigma_current + sigma_wave + kf_rsi_filt_vel            │    45 │   7 │   38 │ 15.6% │    8.6% │    0.98%
[14:59:29]   sigma_current + kf_price_pred_val + sigma_wave          │    40 │   6 │   34 │ 15.0% │    7.1% │    0.87%
[14:59:29]   sigma_current + sigma_wave + wave_accel                 │    20 │   3 │   17 │ 15.0% │    2.9% │    0.44%
[14:59:29]   sigma_current + kf_price_pred_val + wave_accel          │    22 │   3 │   19 │ 13.6% │    4.3% │    0.48%
[14:59:29] 
  ★ BEST (Prec with Recall≥10%): sigma_current + kf_tension_filt_vel
[14:59:29]     Precision=20.0%  Recall=10.0%  Fires=60  TP=12  FP=48
[14:59:29] 
  ── HH (66 turns) ──
[14:59:29] 
  SINGLES:
[14:59:29]   Combo                                                   │ Fires │  TP │   FP │ Prec% │ Recall% │ FireRate
[14:59:29]   ─────────────────────────────────────────────────────── │ ───── │ ─── │ ──── │ ───── │ ─────── │ ────────
[14:59:29]   vwap_spread_tide_current                                │   188 │  21 │  167 │ 11.2% │   10.6% │    4.10%
[14:59:29]   vwap_spread_tide_wave                                   │   198 │  22 │  176 │ 11.1% │   12.1% │    4.32%
[14:59:29]   wave_accel                                              │   236 │  25 │  211 │ 10.6% │   16.7% │    5.15%
[14:59:29]   current_accel                                           │   231 │  18 │  213 │  7.8% │   12.1% │    5.04%
[14:59:29]   kf_price_pred_val                                       │   235 │  16 │  219 │  6.8% │   19.7% │    5.13%
[14:59:29] 
  PAIRS (top 10):
[14:59:29]   Combo                                                   │ Fires │  TP │   FP │ Prec% │ Recall% │ FireRate
[14:59:29]   ─────────────────────────────────────────────────────── │ ───── │ ─── │ ──── │ ───── │ ─────── │ ────────
[14:59:29]   vwap_spread_tide_wave + conj_wave_current               │    22 │   7 │   15 │ 31.8% │    4.5% │    0.48%
[14:59:29]   vwap_spread_tide_current + conj_wave_current            │    22 │   7 │   15 │ 31.8% │    4.5% │    0.48%
[14:59:29]   vwap_spread_tide_wave + wave_accel                      │    26 │   7 │   19 │ 26.9% │    4.5% │    0.57%
[14:59:29]   vwap_spread_tide_wave + conj_wave_tide                  │    28 │   7 │   21 │ 25.0% │    4.5% │    0.61%
[14:59:29]   vwap_spread_current_wave + wave_accel                   │    20 │   5 │   15 │ 25.0% │    3.0% │    0.44%
[14:59:29]   kf_conj_pred_val + vwap_spread_tide_wave                │    29 │   7 │   22 │ 24.1% │    4.5% │    0.63%
[14:59:29]   vwap_spread_tide_current + wave_accel                   │    29 │   7 │   22 │ 24.1% │    4.5% │    0.63%
[14:59:29]   conj_current_tide + wave_accel                          │    22 │   5 │   17 │ 22.7% │    3.0% │    0.48%
[14:59:29]   kf_conj_pred_val + vwap_spread_tide_current             │    31 │   7 │   24 │ 22.6% │    4.5% │    0.68%
[14:59:29]   vwap_spread_tide_current + conj_wave_tide               │    32 │   7 │   25 │ 21.9% │    4.5% │    0.70%
[14:59:29] 
  TRIPLES (top 10):
[14:59:29]   Combo                                                   │ Fires │  TP │   FP │ Prec% │ Recall% │ FireRate
[14:59:29]   ─────────────────────────────────────────────────────── │ ───── │ ─── │ ──── │ ───── │ ─────── │ ────────
[14:59:29]   current_accel + vwap_spread_tide_wave + conj_wave_tide  │    15 │   4 │   11 │ 26.7% │    3.0% │    0.33%
[14:59:29]   kf_conj_pred_val + current_accel + vwap_spread_tide_wave │    16 │   4 │   12 │ 25.0% │    3.0% │    0.35%
[14:59:29]   kf_conj_pred_val + current_accel + vwap_spread_tide_current │    16 │   4 │   12 │ 25.0% │    3.0% │    0.35%
[14:59:29]   kf_conj_pred_val + vwap_spread_tide_wave + conj_wave_tide │    28 │   7 │   21 │ 25.0% │    4.5% │    0.61%
[14:59:29]   current_accel + vwap_spread_tide_current + conj_wave_tide │    16 │   4 │   12 │ 25.0% │    3.0% │    0.35%
[14:59:29]   vwap_spread_tide_wave + vwap_spread_tide_current + conj_wave_tide │    28 │   7 │   21 │ 25.0% │    4.5% │    0.61%
[14:59:29]   kf_conj_pred_val + vwap_spread_tide_wave + vwap_spread_tide_current │    29 │   7 │   22 │ 24.1% │    4.5% │    0.63%
[14:59:29]   kf_conj_pred_val + vwap_spread_tide_current + conj_wave_tide │    30 │   7 │   23 │ 23.3% │    4.5% │    0.65%
[14:59:29]   kf_conj_pred_val + vwap_spread_tide_wave + vwap_spread_current_wave │     5 │   1 │    4 │ 20.0% │    1.5% │    0.11%
[14:59:29]   vwap_spread_tide_wave + conj_wave_tide + vwap_spread_current_wave │     5 │   1 │    4 │ 20.0% │    1.5% │    0.11%
[14:59:29] 
  ★ BEST (Prec with Recall≥10%): vwap_spread_tide_wave + vwap_spread_tide_current
[14:59:29]     Precision=13.0%  Recall=10.6%  Fires=161  TP=21  FP=140
[14:59:29] 
  ── LH (58 turns) ──
[14:59:29] 
  SINGLES:
[14:59:29]   Combo                                                   │ Fires │  TP │   FP │ Prec% │ Recall% │ FireRate
[14:59:29]   ─────────────────────────────────────────────────────── │ ───── │ ─── │ ──── │ ───── │ ─────── │ ────────
[14:59:29]   kf_price_pred_val                                       │   235 │  38 │  197 │ 16.2% │   41.4% │    5.13%
[14:59:29]   kf_price_filt_vel                                       │   215 │  30 │  185 │ 14.0% │   36.2% │    4.69%
[14:59:29]   kf_price_innovation                                     │   211 │  27 │  184 │ 12.8% │   34.5% │    4.61%
[14:59:29]   kf_conj_filt_vel                                        │   235 │  23 │  212 │  9.8% │   15.5% │    5.13%
[14:59:29]   wave_slope                                              │   226 │  22 │  204 │  9.7% │   13.8% │    4.93%
[14:59:29] 
  PAIRS (top 10):
[14:59:29]   Combo                                                   │ Fires │  TP │   FP │ Prec% │ Recall% │ FireRate
[14:59:29]   ─────────────────────────────────────────────────────── │ ───── │ ─── │ ──── │ ───── │ ─────── │ ────────
[14:59:29]   kf_price_pred_val + compression_ratio                   │    21 │  10 │   11 │ 47.6% │    8.6% │    0.46%
[14:59:29]   kf_price_filt_vel + compression_ratio                   │    19 │   9 │   10 │ 47.4% │    8.6% │    0.41%
[14:59:29]   kf_price_pred_val + kf_conj_pred_val                    │    19 │   7 │   12 │ 36.8% │    6.9% │    0.41%
[14:59:29]   kf_price_innovation + compression_ratio                 │    28 │  10 │   18 │ 35.7% │    8.6% │    0.61%
[14:59:29]   kf_price_filt_vel + kf_conj_filt_vel                    │    29 │   9 │   20 │ 31.0% │    8.6% │    0.63%
[14:59:29]   kf_price_pred_val + conj_wave_current                   │    20 │   6 │   14 │ 30.0% │    6.9% │    0.44%
[14:59:29]   kf_price_filt_vel + conj_wave_current                   │    24 │   7 │   17 │ 29.2% │    6.9% │    0.52%
[14:59:29]   kf_price_filt_vel + kf_conj_pred_val                    │    24 │   7 │   17 │ 29.2% │    6.9% │    0.52%
[14:59:29]   kf_price_innovation + kf_conj_filt_vel                  │    38 │  11 │   27 │ 28.9% │   10.3% │    0.83%
[14:59:29]   kf_price_pred_val + wave_slope                          │    33 │   9 │   24 │ 27.3% │   10.3% │    0.72%
[14:59:29] 
  TRIPLES (top 10):
[14:59:29]   Combo                                                   │ Fires │  TP │   FP │ Prec% │ Recall% │ FireRate
[14:59:29]   ─────────────────────────────────────────────────────── │ ───── │ ─── │ ──── │ ───── │ ─────── │ ────────
[14:59:29]   kf_price_filt_vel + kf_conj_filt_vel + compression_ratio │    11 │   8 │    3 │ 72.7% │    6.9% │    0.24%
[14:59:29]   kf_price_pred_val + kf_conj_filt_vel + compression_ratio │    12 │   8 │    4 │ 66.7% │    6.9% │    0.26%
[14:59:29]   kf_price_pred_val + kf_price_innovation + compression_ratio │    12 │   7 │    5 │ 58.3% │    6.9% │    0.26%
[14:59:29]   kf_price_filt_vel + kf_price_innovation + compression_ratio │    12 │   7 │    5 │ 58.3% │    8.6% │    0.26%
[14:59:29]   kf_price_pred_val + kf_price_filt_vel + compression_ratio │    15 │   8 │    7 │ 53.3% │    8.6% │    0.33%
[14:59:29]   kf_price_innovation + kf_conj_filt_vel + compression_ratio │    17 │   9 │    8 │ 52.9% │    6.9% │    0.37%
[14:59:29]   kf_price_pred_val + kf_price_innovation + kf_conj_filt_vel │    14 │   6 │    8 │ 42.9% │    5.2% │    0.31%
[14:59:29]   kf_price_filt_vel + kf_price_innovation + kf_conj_filt_vel │    17 │   7 │   10 │ 41.2% │    8.6% │    0.37%
[14:59:29]   kf_price_pred_val + kf_price_filt_vel + kf_conj_filt_vel │    20 │   7 │   13 │ 35.0% │    6.9% │    0.44%
[14:59:29]   kf_price_pred_val + kf_price_filt_vel + wave_slope      │    23 │   6 │   17 │ 26.1% │    6.9% │    0.50%
[14:59:29] 
  ★ BEST (Prec with Recall≥10%): kf_price_innovation + kf_conj_filt_vel
[14:59:29]     Precision=28.9%  Recall=10.3%  Fires=38  TP=11  FP=27
[14:59:29] 
  Processing PEP...
[14:59:29] ════════════════════════════════════════════════════════════════════════════════════════════════════
[14:59:29]   TICKER: PEP
[14:59:29] ════════════════════════════════════════════════════════════════════════════════════════════════════
[14:59:29] 
  ── LL (27 turns) ──
[14:59:29] 
  SINGLES:
[14:59:29]   Combo                                                   │ Fires │  TP │   FP │ Prec% │ Recall% │ FireRate
[14:59:29]   ─────────────────────────────────────────────────────── │ ───── │ ─── │ ──── │ ───── │ ─────── │ ────────
[14:59:29]   sigma_tide                                              │   179 │  31 │  148 │ 17.3% │   66.7% │    3.53%
[14:59:29]   vwap_sigma_tide                                         │   231 │  40 │  191 │ 17.3% │   66.7% │    4.55%
[14:59:29]   vwap_sigma_current                                      │   136 │  20 │  116 │ 14.7% │   51.9% │    2.68%
[14:59:29]   kf_price_pred_val                                       │   219 │  27 │  192 │ 12.3% │   63.0% │    4.32%
[14:59:29]   rsi_value                                               │   190 │  21 │  169 │ 11.1% │   44.4% │    3.74%
[14:59:29] 
  PAIRS (top 10):
[14:59:29]   Combo                                                   │ Fires │  TP │   FP │ Prec% │ Recall% │ FireRate
[14:59:29]   ─────────────────────────────────────────────────────── │ ───── │ ─── │ ──── │ ───── │ ─────── │ ────────
[14:59:29]   vwap_sigma_tide + sigma_current                         │    21 │  13 │    8 │ 61.9% │   25.9% │    0.41%
[14:59:29]   vwap_sigma_current + vwap_sigma_tide                    │    36 │  15 │   21 │ 41.7% │   37.0% │    0.71%
[14:59:29]   vwap_sigma_tide + kf_rsi_pred_val                       │    42 │  17 │   25 │ 40.5% │   33.3% │    0.83%
[14:59:29]   vwap_sigma_tide + rsi_value                             │    50 │  19 │   31 │ 38.0% │   40.7% │    0.99%
[14:59:29]   fear_level + sigma_current                              │    14 │   5 │    9 │ 35.7% │    7.4% │    0.28%
[14:59:29]   kf_rsi_pred_val + kf_price_pred_val                     │    31 │  11 │   20 │ 35.5% │   25.9% │    0.61%
[14:59:29]   kf_rsi_pred_val + fear_level                            │    20 │   7 │   13 │ 35.0% │   11.1% │    0.39%
[14:59:29]   sigma_tide + kf_price_pred_val                          │    44 │  15 │   29 │ 34.1% │   40.7% │    0.87%
[14:59:29]   vwap_sigma_tide + kf_price_pred_val                     │    50 │  17 │   33 │ 34.0% │   40.7% │    0.99%
[14:59:29]   sigma_tide + fear_level                                 │    18 │   6 │   12 │ 33.3% │   11.1% │    0.35%
[14:59:29] 
  TRIPLES (top 10):
[14:59:29]   Combo                                                   │ Fires │  TP │   FP │ Prec% │ Recall% │ FireRate
[14:59:29]   ─────────────────────────────────────────────────────── │ ───── │ ─── │ ──── │ ───── │ ─────── │ ────────
[14:59:29]   vwap_sigma_current + vwap_sigma_tide + rsi_value        │    24 │  10 │   14 │ 41.7% │   25.9% │    0.47%
[14:59:29]   vwap_sigma_current + vwap_sigma_tide + sigma_tide       │    25 │  10 │   15 │ 40.0% │   29.6% │    0.49%
[14:59:29]   vwap_sigma_current + vwap_sigma_tide + kf_rsi_pred_val  │    20 │   8 │   12 │ 40.0% │   22.2% │    0.39%
[14:59:29]   vwap_sigma_tide + rsi_value + kf_rsi_pred_val           │    40 │  16 │   24 │ 40.0% │   33.3% │    0.79%
[14:59:29]   vwap_sigma_tide + sigma_tide + kf_rsi_pred_val          │    35 │  12 │   23 │ 34.3% │   33.3% │    0.69%
[14:59:29]   vwap_sigma_tide + sigma_tide + rsi_value                │    44 │  15 │   29 │ 34.1% │   40.7% │    0.87%
[14:59:29]   vwap_sigma_tide + sigma_tide + vwap_sigma_wave          │     4 │   1 │    3 │ 25.0% │    3.7% │    0.08%
[14:59:29]   vwap_sigma_tide + vwap_sigma_wave + rsi_value           │     4 │   1 │    3 │ 25.0% │    3.7% │    0.08%
[14:59:29]   vwap_sigma_tide + vwap_sigma_wave + kf_rsi_pred_val     │     4 │   1 │    3 │ 25.0% │    3.7% │    0.08%
[14:59:29]   sigma_tide + vwap_sigma_wave + rsi_value                │     4 │   1 │    3 │ 25.0% │    3.7% │    0.08%
[14:59:29] 
  ★ BEST (Prec with Recall≥10%): vwap_sigma_tide + sigma_current
[14:59:29]     Precision=61.9%  Recall=25.9%  Fires=21  TP=13  FP=8
[14:59:29] 
  ── HL (44 turns) ──
[14:59:29] 
  SINGLES:
[14:59:29]   Combo                                                   │ Fires │  TP │   FP │ Prec% │ Recall% │ FireRate
[14:59:29]   ─────────────────────────────────────────────────────── │ ───── │ ─── │ ──── │ ───── │ ─────── │ ────────
[14:59:29]   vwap_sigma_current                                      │   136 │  16 │  120 │ 11.8% │   20.5% │    2.68%
[14:59:29]   kf_tension_filt_vel                                     │   234 │  27 │  207 │ 11.5% │   34.1% │    4.61%
[14:59:29]   sigma_current                                           │   163 │  18 │  145 │ 11.0% │   29.5% │    3.21%
[14:59:29]   vwap_sigma_wave                                         │   107 │   9 │   98 │  8.4% │   18.2% │    2.11%
[14:59:29]   kf_price_pred_val                                       │   219 │  17 │  202 │  7.8% │   27.3% │    4.32%
[14:59:29] 
  PAIRS (top 10):
[14:59:29]   Combo                                                   │ Fires │  TP │   FP │ Prec% │ Recall% │ FireRate
[14:59:29]   ─────────────────────────────────────────────────────── │ ───── │ ─── │ ──── │ ───── │ ─────── │ ────────
[14:59:29]   sigma_current + kf_tension_filt_vel                     │    42 │  13 │   29 │ 31.0% │   20.5% │    0.83%
[14:59:29]   vwap_sigma_wave + kf_tension_filt_vel                   │    21 │   5 │   16 │ 23.8% │   11.4% │    0.41%
[14:59:29]   kf_tension_filt_vel + conj_wave_tide                    │    26 │   6 │   20 │ 23.1% │    9.1% │    0.51%
[14:59:29]   vwap_sigma_wave + kf_price_filt_vel                     │    22 │   5 │   17 │ 22.7% │   11.4% │    0.43%
[14:59:29]   sigma_current + vwap_sigma_wave                         │    16 │   3 │   13 │ 18.8% │    6.8% │    0.32%
[14:59:29]   vwap_sigma_current + kf_tension_filt_vel                │    27 │   5 │   22 │ 18.5% │    9.1% │    0.53%
[14:59:29]   sigma_current + wave_accel                              │    38 │   7 │   31 │ 18.4% │   13.6% │    0.75%
[14:59:29]   vwap_sigma_wave + wave_accel                            │    11 │   2 │    9 │ 18.2% │    4.5% │    0.22%
[14:59:29]   kf_price_pred_val + vwap_sigma_wave                     │    30 │   5 │   25 │ 16.7% │   11.4% │    0.59%
[14:59:29]   kf_price_pred_val + kf_tension_filt_vel                 │    56 │   9 │   47 │ 16.1% │   15.9% │    1.10%
[14:59:29] 
  TRIPLES (top 10):
[14:59:29]   Combo                                                   │ Fires │  TP │   FP │ Prec% │ Recall% │ FireRate
[14:59:29]   ─────────────────────────────────────────────────────── │ ───── │ ─── │ ──── │ ───── │ ─────── │ ────────
[14:59:29]   sigma_current + vwap_sigma_wave + wave_accel            │     3 │   2 │    1 │ 66.7% │    4.5% │    0.06%
[14:59:29]   vwap_sigma_wave + kf_rsi_filt_vel + wave_accel          │     6 │   2 │    4 │ 33.3% │    4.5% │    0.12%
[14:59:29]   sigma_current + kf_price_pred_val + vwap_sigma_wave     │    12 │   3 │    9 │ 25.0% │    6.8% │    0.24%
[14:59:29]   kf_price_pred_val + vwap_sigma_wave + sigma_wave        │     9 │   2 │    7 │ 22.2% │    4.5% │    0.18%
[14:59:29]   sigma_current + vwap_sigma_wave + kf_rsi_filt_vel       │    10 │   2 │    8 │ 20.0% │    4.5% │    0.20%
[14:59:29]   kf_price_pred_val + vwap_sigma_wave + kf_rsi_filt_vel   │    10 │   2 │    8 │ 20.0% │    4.5% │    0.20%
[14:59:29]   kf_price_pred_val + vwap_sigma_wave + wave_accel        │    11 │   2 │    9 │ 18.2% │    4.5% │    0.22%
[14:59:29]   sigma_current + kf_rsi_filt_vel + wave_accel            │    28 │   5 │   23 │ 17.9% │    9.1% │    0.55%
[14:59:29]   sigma_current + kf_price_pred_val + wave_accel          │    29 │   5 │   24 │ 17.2% │    9.1% │    0.57%
[14:59:29]   sigma_current + vwap_sigma_wave + sigma_wave            │     6 │   1 │    5 │ 16.7% │    2.3% │    0.12%
[14:59:29] 
  ★ BEST (Prec with Recall≥10%): sigma_current + kf_tension_filt_vel
[14:59:29]     Precision=31.0%  Recall=20.5%  Fires=42  TP=13  FP=29
[14:59:29] 
  ── HH (44 turns) ──
[14:59:29] 
  SINGLES:
[14:59:29]   Combo                                                   │ Fires │  TP │   FP │ Prec% │ Recall% │ FireRate
[14:59:29]   ─────────────────────────────────────────────────────── │ ───── │ ─── │ ──── │ ───── │ ─────── │ ────────
[14:59:29]   conj_wave_tide                                          │   236 │  21 │  215 │  8.9% │   18.2% │    4.65%
[14:59:29]   kf_conj_pred_val                                        │   248 │  21 │  227 │  8.5% │   18.2% │    4.89%
[14:59:29]   conj_wave_current                                       │   228 │  18 │  210 │  7.9% │   13.6% │    4.49%
[14:59:29]   kf_price_pred_val                                       │   219 │  14 │  205 │  6.4% │   22.7% │    4.32%
[14:59:29]   conj_current_tide                                       │   200 │  12 │  188 │  6.0% │    9.1% │    3.94%
[14:59:29] 
  PAIRS (top 10):
[14:59:29]   Combo                                                   │ Fires │  TP │   FP │ Prec% │ Recall% │ FireRate
[14:59:29]   ─────────────────────────────────────────────────────── │ ───── │ ─── │ ──── │ ───── │ ─────── │ ────────
[14:59:29]   conj_wave_tide + conj_current_tide                      │    34 │   8 │   26 │ 23.5% │    6.8% │    0.67%
[14:59:29]   kf_conj_pred_val + conj_current_tide                    │    35 │   8 │   27 │ 22.9% │    6.8% │    0.69%
[14:59:29]   conj_current_tide + conj_wave_current                   │    35 │   6 │   29 │ 17.1% │    4.5% │    0.69%
[14:59:29]   current_accel + conj_wave_current                       │    64 │   9 │   55 │ 14.1% │    9.1% │    1.26%
[14:59:29]   kf_conj_pred_val + current_accel                        │    58 │   8 │   50 │ 13.8% │    6.8% │    1.14%
[14:59:29]   kf_conj_pred_val + vwap_spread_current_wave             │    42 │   5 │   37 │ 11.9% │    6.8% │    0.83%
[14:59:29]   current_accel + conj_wave_tide                          │    71 │   8 │   63 │ 11.3% │    6.8% │    1.40%
[14:59:29]   conj_wave_tide + kf_price_pred_val                      │    45 │   5 │   40 │ 11.1% │    6.8% │    0.89%
[14:59:29]   conj_wave_tide + wave_accel                             │    55 │   6 │   49 │ 10.9% │    9.1% │    1.08%
[14:59:29]   conj_wave_tide + vwap_spread_current_wave               │    46 │   5 │   41 │ 10.9% │    6.8% │    0.91%
[14:59:29] 
  TRIPLES (top 10):
[14:59:29]   Combo                                                   │ Fires │  TP │   FP │ Prec% │ Recall% │ FireRate
[14:59:29]   ─────────────────────────────────────────────────────── │ ───── │ ─── │ ──── │ ───── │ ─────── │ ────────
[14:59:29]   kf_conj_pred_val + current_accel + vwap_spread_tide_current │    10 │   2 │    8 │ 20.0% │    2.3% │    0.20%
[14:59:29]   current_accel + vwap_spread_tide_current + conj_wave_tide │    12 │   2 │   10 │ 16.7% │    2.3% │    0.24%
[14:59:29]   kf_conj_pred_val + current_accel + conj_wave_tide       │    56 │   8 │   48 │ 14.3% │    6.8% │    1.10%
[14:59:29]   kf_conj_pred_val + conj_wave_tide + vwap_spread_current_wave │    36 │   5 │   31 │ 13.9% │    6.8% │    0.71%
[14:59:29]   kf_conj_pred_val + current_accel + vwap_spread_tide_wave │    20 │   2 │   18 │ 10.0% │    2.3% │    0.39%
[14:59:29]   kf_conj_pred_val + vwap_spread_tide_wave + conj_wave_tide │    50 │   5 │   45 │ 10.0% │    4.5% │    0.99%
[14:59:29]   kf_conj_pred_val + vwap_spread_tide_wave + vwap_spread_tide_current │    31 │   3 │   28 │  9.7% │    2.3% │    0.61%
[14:59:29]   vwap_spread_tide_wave + vwap_spread_tide_current + conj_wave_tide │    33 │   3 │   30 │  9.1% │    2.3% │    0.65%
[14:59:29]   current_accel + vwap_spread_tide_wave + conj_wave_tide  │    26 │   2 │   24 │  7.7% │    2.3% │    0.51%
[14:59:29]   kf_conj_pred_val + vwap_spread_tide_current + conj_wave_tide │    40 │   3 │   37 │  7.5% │    2.3% │    0.79%
[14:59:29] 
  ★ BEST (Prec with Recall≥10%): kf_conj_pred_val + conj_wave_tide
[14:59:29]     Precision=10.0%  Recall=18.2%  Fires=211  TP=21  FP=190
[14:59:29] 
  ── LH (27 turns) ──
[14:59:29] 
  SINGLES:
[14:59:29]   Combo                                                   │ Fires │  TP │   FP │ Prec% │ Recall% │ FireRate
[14:59:29]   ─────────────────────────────────────────────────────── │ ───── │ ─── │ ──── │ ───── │ ─────── │ ────────
[14:59:29]   compression_ratio                                       │   197 │  23 │  174 │ 11.7% │   33.3% │    3.88%
[14:59:29]   kf_price_pred_val                                       │   219 │  19 │  200 │  8.7% │   37.0% │    4.32%
[14:59:29]   kf_price_innovation                                     │   212 │  17 │  195 │  8.0% │   37.0% │    4.18%
[14:59:29]   conj_wave_current                                       │   228 │  16 │  212 │  7.0% │   29.6% │    4.49%
[14:59:29]   kf_conj_filt_vel                                        │   232 │  16 │  216 │  6.9% │   22.2% │    4.57%
[14:59:29] 
  PAIRS (top 10):
[14:59:29]   Combo                                                   │ Fires │  TP │   FP │ Prec% │ Recall% │ FireRate
[14:59:29]   ─────────────────────────────────────────────────────── │ ───── │ ─── │ ──── │ ───── │ ─────── │ ────────
[14:59:29]   kf_price_innovation + compression_ratio                 │    49 │  13 │   36 │ 26.5% │   22.2% │    0.97%
[14:59:29]   kf_price_pred_val + conj_wave_current                   │    48 │  12 │   36 │ 25.0% │   25.9% │    0.95%
[14:59:29]   kf_price_pred_val + kf_conj_pred_val                    │    47 │  11 │   36 │ 23.4% │   22.2% │    0.93%
[14:59:29]   kf_price_pred_val + compression_ratio                   │    56 │  13 │   43 │ 23.2% │   18.5% │    1.10%
[14:59:29]   kf_conj_filt_vel + compression_ratio                    │    59 │  13 │   46 │ 22.0% │   18.5% │    1.16%
[14:59:29]   compression_ratio + kf_conj_pred_val                    │    64 │  14 │   50 │ 21.9% │   22.2% │    1.26%
[14:59:29]   kf_price_innovation + kf_conj_filt_vel                  │    46 │  10 │   36 │ 21.7% │   22.2% │    0.91%
[14:59:29]   compression_ratio + conj_wave_current                   │    62 │  13 │   49 │ 21.0% │   22.2% │    1.22%
[14:59:29]   kf_price_innovation + conj_wave_current                 │    54 │  11 │   43 │ 20.4% │   25.9% │    1.06%
[14:59:29]   kf_price_filt_vel + kf_conj_filt_vel                    │    47 │   9 │   38 │ 19.1% │   22.2% │    0.93%
[14:59:29] 
  TRIPLES (top 10):
[14:59:29]   Combo                                                   │ Fires │  TP │   FP │ Prec% │ Recall% │ FireRate
[14:59:29]   ─────────────────────────────────────────────────────── │ ───── │ ─── │ ──── │ ───── │ ─────── │ ────────
[14:59:29]   kf_price_innovation + kf_conj_filt_vel + compression_ratio │    22 │   9 │   13 │ 40.9% │   18.5% │    0.43%
[14:59:29]   kf_price_innovation + compression_ratio + wave_slope    │    24 │   9 │   15 │ 37.5% │   22.2% │    0.47%
[14:59:29]   kf_price_pred_val + kf_price_innovation + compression_ratio │    27 │   9 │   18 │ 33.3% │   14.8% │    0.53%
[14:59:29]   kf_price_pred_val + kf_conj_filt_vel + compression_ratio │    28 │   9 │   19 │ 32.1% │   14.8% │    0.55%
[14:59:29]   kf_price_pred_val + kf_price_innovation + kf_conj_filt_vel │    19 │   6 │   13 │ 31.6% │   11.1% │    0.37%
[14:59:29]   kf_price_filt_vel + compression_ratio + wave_slope      │    29 │   9 │   20 │ 31.0% │   18.5% │    0.57%
[14:59:29]   kf_price_filt_vel + kf_conj_filt_vel + compression_ratio │    27 │   8 │   19 │ 29.6% │   18.5% │    0.53%
[14:59:29]   kf_price_pred_val + compression_ratio + wave_slope      │    31 │   9 │   22 │ 29.0% │   18.5% │    0.61%
[14:59:29]   kf_price_filt_vel + kf_price_innovation + kf_conj_filt_vel │    25 │   7 │   18 │ 28.0% │   18.5% │    0.49%
[14:59:29]   kf_price_innovation + kf_conj_filt_vel + wave_slope     │    25 │   7 │   18 │ 28.0% │   18.5% │    0.49%
[14:59:29] 
  ★ BEST (Prec with Recall≥10%): kf_price_innovation + kf_conj_filt_vel + compression_ratio
[14:59:29]     Precision=40.9%  Recall=18.5%  Fires=22  TP=9  FP=13
[14:59:29] 
  Processing PG...
[14:59:30] ════════════════════════════════════════════════════════════════════════════════════════════════════
[14:59:30]   TICKER: PG
[14:59:30] ════════════════════════════════════════════════════════════════════════════════════════════════════
[14:59:30] 
  ── LL (26 turns) ──
[14:59:30] 
  SINGLES:
[14:59:30]   Combo                                                   │ Fires │  TP │   FP │ Prec% │ Recall% │ FireRate
[14:59:30]   ─────────────────────────────────────────────────────── │ ───── │ ─── │ ──── │ ───── │ ─────── │ ────────
[14:59:30]   sigma_tide                                              │   100 │  19 │   81 │ 19.0% │   26.9% │    2.18%
[14:59:30]   vwap_sigma_current                                      │   101 │  16 │   85 │ 15.8% │   34.6% │    2.20%
[14:59:30]   rsi_value                                               │   167 │  26 │  141 │ 15.6% │   50.0% │    3.64%
[14:59:30]   vwap_sigma_tide                                         │   167 │  25 │  142 │ 15.0% │   50.0% │    3.64%
[14:59:30]   kf_rsi_pred_val                                         │   164 │  22 │  142 │ 13.4% │   42.3% │    3.57%
[14:59:30] 
  PAIRS (top 10):
[14:59:30]   Combo                                                   │ Fires │  TP │   FP │ Prec% │ Recall% │ FireRate
[14:59:30]   ─────────────────────────────────────────────────────── │ ───── │ ─── │ ──── │ ───── │ ─────── │ ────────
[14:59:30]   vwap_sigma_wave + fear_level                            │     8 │   3 │    5 │ 37.5% │   11.5% │    0.17%
[14:59:30]   fear_level + sigma_current                              │     8 │   3 │    5 │ 37.5% │    7.7% │    0.17%
[14:59:30]   sigma_tide + sigma_current                              │    19 │   7 │   12 │ 36.8% │   11.5% │    0.41%
[14:59:30]   vwap_sigma_tide + sigma_current                         │    11 │   4 │    7 │ 36.4% │   11.5% │    0.24%
[14:59:30]   vwap_sigma_current + kf_price_pred_val                  │    30 │  10 │   20 │ 33.3% │   26.9% │    0.65%
[14:59:30]   vwap_sigma_wave + rsi_value                             │     3 │   1 │    2 │ 33.3% │    3.8% │    0.07%
[14:59:30]   vwap_sigma_wave + wave_slope                            │     3 │   1 │    2 │ 33.3% │    3.8% │    0.07%
[14:59:30]   vwap_sigma_tide + rsi_value                             │    47 │  15 │   32 │ 31.9% │   30.8% │    1.02%
[14:59:30]   sigma_tide + kf_price_pred_val                          │    19 │   6 │   13 │ 31.6% │   11.5% │    0.41%
[14:59:30]   vwap_sigma_tide + kf_price_pred_val                     │    36 │  11 │   25 │ 30.6% │   30.8% │    0.78%
[14:59:30] 
  TRIPLES (top 10):
[14:59:30]   Combo                                                   │ Fires │  TP │   FP │ Prec% │ Recall% │ FireRate
[14:59:30]   ─────────────────────────────────────────────────────── │ ───── │ ─── │ ──── │ ───── │ ─────── │ ────────
[14:59:30]   vwap_sigma_current + vwap_sigma_tide + vwap_sigma_wave  │     1 │   1 │    0 │ 100.0% │    3.8% │    0.02%
[14:59:30]   vwap_sigma_current + vwap_sigma_wave + rsi_value        │     1 │   1 │    0 │ 100.0% │    3.8% │    0.02%
[14:59:30]   vwap_sigma_current + vwap_sigma_wave + kf_rsi_pred_val  │     1 │   1 │    0 │ 100.0% │    3.8% │    0.02%
[14:59:30]   vwap_sigma_tide + vwap_sigma_wave + rsi_value           │     2 │   1 │    1 │ 50.0% │    3.8% │    0.04%
[14:59:30]   vwap_sigma_tide + vwap_sigma_wave + kf_rsi_pred_val     │     2 │   1 │    1 │ 50.0% │    3.8% │    0.04%
[14:59:30]   vwap_sigma_current + vwap_sigma_tide + rsi_value        │    16 │   6 │   10 │ 37.5% │   15.4% │    0.35%
[14:59:30]   vwap_sigma_tide + sigma_tide + rsi_value                │     9 │   3 │    6 │ 33.3% │    7.7% │    0.20%
[14:59:30]   vwap_sigma_wave + rsi_value + kf_rsi_pred_val           │     3 │   1 │    2 │ 33.3% │    3.8% │    0.07%
[14:59:30]   vwap_sigma_current + vwap_sigma_tide + kf_rsi_pred_val  │    13 │   4 │    9 │ 30.8% │   11.5% │    0.28%
[14:59:30]   vwap_sigma_current + sigma_tide + rsi_value             │    10 │   3 │    7 │ 30.0% │    7.7% │    0.22%
[14:59:30] 
  ★ BEST (Prec with Recall≥10%): vwap_sigma_wave + fear_level
[14:59:30]     Precision=37.5%  Recall=11.5%  Fires=8  TP=3  FP=5
[14:59:30] 
  ── HL (42 turns) ──
[14:59:30] 
  SINGLES:
[14:59:30]   Combo                                                   │ Fires │  TP │   FP │ Prec% │ Recall% │ FireRate
[14:59:30]   ─────────────────────────────────────────────────────── │ ───── │ ─── │ ──── │ ───── │ ─────── │ ────────
[14:59:30]   sigma_current                                           │   140 │  20 │  120 │ 14.3% │   28.6% │    3.05%
[14:59:30]   vwap_sigma_current                                      │   101 │  13 │   88 │ 12.9% │   19.0% │    2.20%
[14:59:30]   kf_price_pred_val                                       │   227 │  19 │  208 │  8.4% │   31.0% │    4.95%
[14:59:30]   kf_price_filt_vel                                       │   209 │  16 │  193 │  7.7% │   28.6% │    4.55%
[14:59:30]   wave_accel                                              │   232 │  14 │  218 │  6.0% │   26.2% │    5.06%
[14:59:30] 
  PAIRS (top 10):
[14:59:30]   Combo                                                   │ Fires │  TP │   FP │ Prec% │ Recall% │ FireRate
[14:59:30]   ─────────────────────────────────────────────────────── │ ───── │ ─── │ ──── │ ───── │ ─────── │ ────────
[14:59:30]   vwap_sigma_wave + conj_wave_tide                        │     3 │   1 │    2 │ 33.3% │    2.4% │    0.07%
[14:59:30]   sigma_current + kf_tension_filt_vel                     │    40 │   7 │   33 │ 17.5% │    7.1% │    0.87%
[14:59:30]   sigma_current + wave_accel                              │    31 │   5 │   26 │ 16.1% │    9.5% │    0.68%
[14:59:30]   sigma_wave + wave_accel                                 │    19 │   3 │   16 │ 15.8% │    7.1% │    0.41%
[14:59:30]   sigma_current + vwap_sigma_wave                         │    13 │   2 │   11 │ 15.4% │    4.8% │    0.28%
[14:59:30]   sigma_current + kf_price_pred_val                       │    46 │   7 │   39 │ 15.2% │   14.3% │    1.00%
[14:59:30]   vwap_sigma_wave + kf_price_filt_vel                     │    14 │   2 │   12 │ 14.3% │    4.8% │    0.31%
[14:59:30]   sigma_current + kf_price_filt_vel                       │    30 │   4 │   26 │ 13.3% │    9.5% │    0.65%
[14:59:30]   sigma_wave + kf_tension_filt_vel                        │    15 │   2 │   13 │ 13.3% │    4.8% │    0.33%
[14:59:30]   sigma_current + conj_wave_tide                          │    39 │   5 │   34 │ 12.8% │    9.5% │    0.85%
[14:59:30] 
  TRIPLES (top 10):
[14:59:30]   Combo                                                   │ Fires │  TP │   FP │ Prec% │ Recall% │ FireRate
[14:59:30]   ─────────────────────────────────────────────────────── │ ───── │ ─── │ ──── │ ───── │ ─────── │ ────────
[14:59:30]   sigma_current + kf_price_pred_val + vwap_sigma_wave     │     8 │   2 │    6 │ 25.0% │    4.8% │    0.17%
[14:59:30]   sigma_current + vwap_sigma_wave + wave_accel            │     4 │   1 │    3 │ 25.0% │    2.4% │    0.09%
[14:59:30]   sigma_wave + kf_rsi_filt_vel + wave_accel               │     9 │   2 │    7 │ 22.2% │    4.8% │    0.20%
[14:59:30]   sigma_current + sigma_wave + wave_accel                 │     5 │   1 │    4 │ 20.0% │    2.4% │    0.11%
[14:59:30]   sigma_current + kf_price_pred_val + wave_accel          │    22 │   4 │   18 │ 18.2% │    7.1% │    0.48%
[14:59:30]   kf_price_pred_val + sigma_wave + wave_accel             │    17 │   3 │   14 │ 17.6% │    7.1% │    0.37%
[14:59:30]   sigma_current + kf_rsi_filt_vel + wave_accel            │    23 │   3 │   20 │ 13.0% │    4.8% │    0.50%
[14:59:30]   sigma_current + vwap_sigma_wave + kf_rsi_filt_vel       │     8 │   1 │    7 │ 12.5% │    2.4% │    0.17%
[14:59:30]   sigma_current + sigma_wave + kf_rsi_filt_vel            │     8 │   1 │    7 │ 12.5% │    2.4% │    0.17%
[14:59:30]   kf_price_pred_val + sigma_wave + kf_rsi_filt_vel        │    16 │   2 │   14 │ 12.5% │    4.8% │    0.35%
[14:59:30] 
  ★ BEST (Prec with Recall≥10%): sigma_current + kf_price_pred_val
[14:59:30]     Precision=15.2%  Recall=14.3%  Fires=46  TP=7  FP=39
[14:59:30] 
  ── HH (39 turns) ──
[14:59:30] 
  SINGLES:
[14:59:30]   Combo                                                   │ Fires │  TP │   FP │ Prec% │ Recall% │ FireRate
[14:59:30]   ─────────────────────────────────────────────────────── │ ───── │ ─── │ ──── │ ───── │ ─────── │ ────────
[14:59:30]   conj_current_tide                                       │   242 │  13 │  229 │  5.4% │   12.8% │    5.27%
[14:59:30]   vwap_spread_tide_current                                │   227 │  10 │  217 │  4.4% │   10.3% │    4.95%
[14:59:30]   vwap_spread_current_wave                                │   208 │   9 │  199 │  4.3% │   10.3% │    4.53%
[14:59:30]   vwap_spread_tide_wave                                   │   265 │   9 │  256 │  3.4% │    7.7% │    5.77%
[14:59:30]   conj_wave_current                                       │   229 │   7 │  222 │  3.1% │    7.7% │    4.99%
[14:59:30] 
  PAIRS (top 10):
[14:59:30]   Combo                                                   │ Fires │  TP │   FP │ Prec% │ Recall% │ FireRate
[14:59:30]   ─────────────────────────────────────────────────────── │ ───── │ ─── │ ──── │ ───── │ ─────── │ ────────
[14:59:30]   current_accel + conj_current_tide                       │    27 │   3 │   24 │ 11.1% │    5.1% │    0.59%
[14:59:30]   vwap_spread_tide_current + kf_price_pred_val            │    27 │   3 │   24 │ 11.1% │    5.1% │    0.59%
[14:59:30]   vwap_spread_tide_wave + kf_price_pred_val               │    29 │   3 │   26 │ 10.3% │    5.1% │    0.63%
[14:59:30]   vwap_spread_current_wave + conj_current_tide            │    99 │   7 │   92 │  7.1% │    7.7% │    2.16%
[14:59:30]   vwap_spread_tide_wave + conj_current_tide               │    45 │   3 │   42 │  6.7% │    2.6% │    0.98%
[14:59:30]   conj_current_tide + kf_price_pred_val                   │    31 │   2 │   29 │  6.5% │    2.6% │    0.68%
[14:59:30]   vwap_spread_tide_wave + vwap_spread_tide_current        │   143 │   9 │  134 │  6.3% │    7.7% │    3.12%
[14:59:30]   current_accel + vwap_spread_tide_current                │    37 │   2 │   35 │  5.4% │    2.6% │    0.81%
[14:59:30]   vwap_spread_tide_current + wave_accel                   │    19 │   1 │   18 │  5.3% │    2.6% │    0.41%
[14:59:30]   current_accel + vwap_spread_tide_wave                   │    39 │   2 │   37 │  5.1% │    2.6% │    0.85%
[14:59:30] 
  TRIPLES (top 10):
[14:59:30]   Combo                                                   │ Fires │  TP │   FP │ Prec% │ Recall% │ FireRate
[14:59:30]   ─────────────────────────────────────────────────────── │ ───── │ ─── │ ──── │ ───── │ ─────── │ ────────
[14:59:30]   current_accel + vwap_spread_tide_wave + vwap_spread_tide_current │    33 │   2 │   31 │  6.1% │    2.6% │    0.72%
[14:59:30]   kf_conj_pred_val + conj_wave_tide + vwap_spread_current_wave │    39 │   1 │   38 │  2.6% │    2.6% │    0.85%
[14:59:30]   kf_conj_pred_val + current_accel + conj_wave_tide       │    57 │   1 │   56 │  1.8% │    2.6% │    1.24%
[14:59:30]   kf_conj_pred_val + current_accel + vwap_spread_tide_wave │     8 │   0 │    8 │  0.0% │    0.0% │    0.17%
[14:59:30]   kf_conj_pred_val + current_accel + vwap_spread_tide_current │     6 │   0 │    6 │  0.0% │    0.0% │    0.13%
[14:59:30]   kf_conj_pred_val + current_accel + vwap_spread_current_wave │    15 │   0 │   15 │  0.0% │    0.0% │    0.33%
[14:59:30]   kf_conj_pred_val + vwap_spread_tide_wave + vwap_spread_tide_current │    16 │   0 │   16 │  0.0% │    0.0% │    0.35%
[14:59:30]   kf_conj_pred_val + vwap_spread_tide_wave + conj_wave_tide │    28 │   0 │   28 │  0.0% │    0.0% │    0.61%
[14:59:30]   kf_conj_pred_val + vwap_spread_tide_wave + vwap_spread_current_wave │    21 │   0 │   21 │  0.0% │    0.0% │    0.46%
[14:59:30]   kf_conj_pred_val + vwap_spread_tide_current + conj_wave_tide │    21 │   0 │   21 │  0.0% │    0.0% │    0.46%
[14:59:30] 
  ★ BEST (Prec with Recall≥10%): conj_current_tide
[14:59:30]     Precision=5.4%  Recall=12.8%  Fires=242  TP=13  FP=229
[14:59:30] 
  ── LH (29 turns) ──
[14:59:30] 
  SINGLES:
[14:59:30]   Combo                                                   │ Fires │  TP │   FP │ Prec% │ Recall% │ FireRate
[14:59:30]   ─────────────────────────────────────────────────────── │ ───── │ ─── │ ──── │ ───── │ ─────── │ ────────
[14:59:30]   wave_accel                                              │   232 │  23 │  209 │  9.9% │   37.9% │    5.06%
[14:59:30]   kf_conj_filt_vel                                        │   233 │  22 │  211 │  9.4% │   31.0% │    5.08%
[14:59:30]   compression_ratio                                       │   195 │  18 │  177 │  9.2% │   24.1% │    4.25%
[14:59:30]   kf_price_pred_val                                       │   227 │  19 │  208 │  8.4% │   37.9% │    4.95%
[14:59:30]   kf_price_filt_vel                                       │   209 │  17 │  192 │  8.1% │   34.5% │    4.55%
[14:59:30] 
  PAIRS (top 10):
[14:59:30]   Combo                                                   │ Fires │  TP │   FP │ Prec% │ Recall% │ FireRate
[14:59:30]   ─────────────────────────────────────────────────────── │ ───── │ ─── │ ──── │ ───── │ ─────── │ ────────
[14:59:30]   compression_ratio + conj_wave_current                   │    34 │  10 │   24 │ 29.4% │   13.8% │    0.74%
[14:59:30]   kf_price_filt_vel + kf_conj_filt_vel                    │    40 │  10 │   30 │ 25.0% │   24.1% │    0.87%
[14:59:30]   compression_ratio + kf_conj_pred_val                    │    44 │  11 │   33 │ 25.0% │   13.8% │    0.96%
[14:59:30]   compression_ratio + wave_slope                          │    42 │  10 │   32 │ 23.8% │   13.8% │    0.92%
[14:59:30]   kf_price_pred_val + kf_conj_filt_vel                    │    47 │  11 │   36 │ 23.4% │   24.1% │    1.02%
[14:59:30]   wave_accel + kf_conj_pred_val                           │    47 │  11 │   36 │ 23.4% │   20.7% │    1.02%
[14:59:30]   kf_conj_filt_vel + compression_ratio                    │    59 │  13 │   46 │ 22.0% │   20.7% │    1.29%
[14:59:30]   kf_price_innovation + kf_conj_pred_val                  │    47 │  10 │   37 │ 21.3% │   17.2% │    1.02%
[14:59:30]   wave_accel + conj_wave_current                          │    44 │   9 │   35 │ 20.5% │   13.8% │    0.96%
[14:59:30]   kf_price_innovation + wave_accel                        │    47 │   9 │   38 │ 19.1% │   20.7% │    1.02%
[14:59:30] 
  TRIPLES (top 10):
[14:59:30]   Combo                                                   │ Fires │  TP │   FP │ Prec% │ Recall% │ FireRate
[14:59:30]   ─────────────────────────────────────────────────────── │ ───── │ ─── │ ──── │ ───── │ ─────── │ ────────
[14:59:30]   kf_price_innovation + compression_ratio + wave_slope    │    21 │   8 │   13 │ 38.1% │   13.8% │    0.46%
[14:59:30]   kf_conj_filt_vel + compression_ratio + wave_slope       │    22 │   8 │   14 │ 36.4% │   13.8% │    0.48%
[14:59:30]   kf_price_pred_val + compression_ratio + wave_slope      │    17 │   6 │   11 │ 35.3% │   10.3% │    0.37%
[14:59:30]   kf_price_filt_vel + kf_conj_filt_vel + compression_ratio │    21 │   7 │   14 │ 33.3% │   17.2% │    0.46%
[14:59:30]   kf_price_pred_val + kf_conj_filt_vel + compression_ratio │    23 │   7 │   16 │ 30.4% │   13.8% │    0.50%
[14:59:30]   kf_price_pred_val + kf_price_innovation + compression_ratio │    24 │   7 │   17 │ 29.2% │   13.8% │    0.52%
[14:59:30]   kf_price_pred_val + kf_price_filt_vel + kf_conj_filt_vel │    31 │   9 │   22 │ 29.0% │   20.7% │    0.68%
[14:59:30]   kf_price_pred_val + kf_price_innovation + kf_conj_filt_vel │    21 │   6 │   15 │ 28.6% │   13.8% │    0.46%
[14:59:30]   kf_price_innovation + kf_conj_filt_vel + wave_slope     │    22 │   6 │   16 │ 27.3% │   10.3% │    0.48%
[14:59:30]   kf_price_pred_val + kf_conj_filt_vel + wave_slope       │    23 │   6 │   17 │ 26.1% │   10.3% │    0.50%
[14:59:30] 
  ★ BEST (Prec with Recall≥10%): kf_price_innovation + compression_ratio + wave_slope
[14:59:30]     Precision=38.1%  Recall=13.8%  Fires=21  TP=8  FP=13
[14:59:30] 
  Processing QQQ...
[14:59:31] ════════════════════════════════════════════════════════════════════════════════════════════════════
[14:59:31]   TICKER: QQQ
[14:59:31] ════════════════════════════════════════════════════════════════════════════════════════════════════
[14:59:31] 
  ── LL (78 turns) ──
[14:59:31] 
  SINGLES:
[14:59:31]   Combo                                                   │ Fires │  TP │   FP │ Prec% │ Recall% │ FireRate
[14:59:31]   ─────────────────────────────────────────────────────── │ ───── │ ─── │ ──── │ ───── │ ─────── │ ────────
[14:59:31]   vwap_sigma_tide                                         │   224 │  78 │  146 │ 34.8% │   39.7% │    3.53%
[14:59:31]   vwap_sigma_current                                      │   171 │  56 │  115 │ 32.7% │   35.9% │    2.70%
[14:59:31]   sigma_tide                                              │   247 │  58 │  189 │ 23.5% │   32.1% │    3.89%
[14:59:31]   fear_level                                              │   345 │  79 │  266 │ 22.9% │   38.5% │    5.44%
[14:59:31]   rsi_value                                               │   198 │  44 │  154 │ 22.2% │   34.6% │    3.12%
[14:59:31] 
  PAIRS (top 10):
[14:59:31]   Combo                                                   │ Fires │  TP │   FP │ Prec% │ Recall% │ FireRate
[14:59:31]   ─────────────────────────────────────────────────────── │ ───── │ ─── │ ──── │ ───── │ ─────── │ ────────
[14:59:31]   vwap_sigma_tide + sigma_current                         │     4 │   3 │    1 │ 75.0% │    3.8% │    0.06%
[14:59:31]   vwap_sigma_tide + kf_rsi_pred_val                       │    30 │  20 │   10 │ 66.7% │   16.7% │    0.47%
[14:59:31]   vwap_sigma_tide + rsi_value                             │    39 │  25 │   14 │ 64.1% │   20.5% │    0.61%
[14:59:31]   vwap_sigma_current + wave_slope                         │    36 │  23 │   13 │ 63.9% │   16.7% │    0.57%
[14:59:31]   vwap_sigma_wave + wave_slope                            │     8 │   5 │    3 │ 62.5% │    5.1% │    0.13%
[14:59:31]   kf_rsi_pred_val + wave_slope                            │    29 │  17 │   12 │ 58.6% │   12.8% │    0.46%
[14:59:31]   sigma_tide + fear_level                                 │    12 │   7 │    5 │ 58.3% │    3.8% │    0.19%
[14:59:31]   vwap_sigma_current + kf_price_pred_val                  │    35 │  20 │   15 │ 57.1% │   19.2% │    0.55%
[14:59:31]   rsi_value + wave_slope                                  │    45 │  25 │   20 │ 55.6% │   21.8% │    0.71%
[14:59:31]   wave_slope + sigma_current                              │     9 │   5 │    4 │ 55.6% │    6.4% │    0.14%
[14:59:31] 
  TRIPLES (top 10):
[14:59:31]   Combo                                                   │ Fires │  TP │   FP │ Prec% │ Recall% │ FireRate
[14:59:31]   ─────────────────────────────────────────────────────── │ ───── │ ─── │ ──── │ ───── │ ─────── │ ────────
[14:59:31]   vwap_sigma_current + sigma_tide + vwap_sigma_wave       │    14 │  10 │    4 │ 71.4% │   10.3% │    0.22%
[14:59:31]   vwap_sigma_current + vwap_sigma_tide + kf_rsi_pred_val  │    19 │  13 │    6 │ 68.4% │    7.7% │    0.30%
[14:59:31]   vwap_sigma_tide + rsi_value + kf_rsi_pred_val           │    28 │  18 │   10 │ 64.3% │   14.1% │    0.44%
[14:59:31]   vwap_sigma_current + vwap_sigma_tide + rsi_value        │    21 │  13 │    8 │ 61.9% │    7.7% │    0.33%
[14:59:31]   vwap_sigma_current + vwap_sigma_tide + sigma_tide       │    18 │  11 │    7 │ 61.1% │    6.4% │    0.28%
[14:59:31]   sigma_tide + vwap_sigma_wave + rsi_value                │    13 │   7 │    6 │ 53.8% │    9.0% │    0.20%
[14:59:31]   vwap_sigma_tide + sigma_tide + kf_rsi_pred_val          │    19 │  10 │    9 │ 52.6% │    6.4% │    0.30%
[14:59:31]   vwap_sigma_current + sigma_tide + rsi_value             │    41 │  21 │   20 │ 51.2% │   14.1% │    0.65%
[14:59:31]   vwap_sigma_tide + sigma_tide + rsi_value                │    20 │  10 │   10 │ 50.0% │    6.4% │    0.32%
[14:59:31]   vwap_sigma_tide + vwap_sigma_wave + kf_rsi_pred_val     │    10 │   5 │    5 │ 50.0% │    5.1% │    0.16%
[14:59:31] 
  ★ BEST (Prec with Recall≥10%): vwap_sigma_current + sigma_tide + vwap_sigma_wave
[14:59:31]     Precision=71.4%  Recall=10.3%  Fires=14  TP=10  FP=4
[14:59:31] 
  ── HL (76 turns) ──
[14:59:31] 
  SINGLES:
[14:59:31]   Combo                                                   │ Fires │  TP │   FP │ Prec% │ Recall% │ FireRate
[14:59:31]   ─────────────────────────────────────────────────────── │ ───── │ ─── │ ──── │ ───── │ ─────── │ ────────
[14:59:31]   vwap_sigma_wave                                         │   148 │  27 │  121 │ 18.2% │   22.4% │    2.33%
[14:59:31]   sigma_current                                           │   217 │  36 │  181 │ 16.6% │   25.0% │    3.42%
[14:59:31]   vwap_sigma_current                                      │   171 │  19 │  152 │ 11.1% │   14.5% │    2.70%
[14:59:31]   kf_price_pred_val                                       │   268 │  29 │  239 │ 10.8% │   25.0% │    4.22%
[14:59:31]   kf_tension_filt_vel                                     │   383 │  39 │  344 │ 10.2% │   27.6% │    6.04%
[14:59:31] 
  PAIRS (top 10):
[14:59:31]   Combo                                                   │ Fires │  TP │   FP │ Prec% │ Recall% │ FireRate
[14:59:31]   ─────────────────────────────────────────────────────── │ ───── │ ─── │ ──── │ ───── │ ─────── │ ────────
[14:59:31]   sigma_current + kf_price_pred_val                       │    40 │  13 │   27 │ 32.5% │   10.5% │    0.63%
[14:59:31]   kf_price_pred_val + kf_tension_filt_vel                 │    36 │  10 │   26 │ 27.8% │    7.9% │    0.57%
[14:59:31]   wave_accel + kf_tension_filt_vel                        │    33 │   9 │   24 │ 27.3% │    9.2% │    0.52%
[14:59:31]   kf_rsi_filt_vel + wave_accel                            │    31 │   8 │   23 │ 25.8% │    7.9% │    0.49%
[14:59:31]   sigma_current + kf_tension_filt_vel                     │    82 │  21 │   61 │ 25.6% │   15.8% │    1.29%
[14:59:31]   vwap_sigma_wave + kf_rsi_filt_vel                       │    43 │  11 │   32 │ 25.6% │    9.2% │    0.68%
[14:59:31]   kf_price_pred_val + kf_rsi_filt_vel                     │    46 │  11 │   35 │ 23.9% │    9.2% │    0.72%
[14:59:31]   sigma_current + vwap_sigma_wave                         │    47 │  11 │   36 │ 23.4% │    7.9% │    0.74%
[14:59:31]   wave_accel + conj_wave_tide                             │    62 │  14 │   48 │ 22.6% │    7.9% │    0.98%
[14:59:31]   vwap_sigma_wave + kf_tension_filt_vel                   │    36 │   8 │   28 │ 22.2% │    6.6% │    0.57%
[14:59:31] 
  TRIPLES (top 10):
[14:59:31]   Combo                                                   │ Fires │  TP │   FP │ Prec% │ Recall% │ FireRate
[14:59:31]   ─────────────────────────────────────────────────────── │ ───── │ ─── │ ──── │ ───── │ ─────── │ ────────
[14:59:31]   sigma_current + kf_price_pred_val + kf_rsi_filt_vel     │    20 │  10 │   10 │ 50.0% │    7.9% │    0.32%
[14:59:31]   sigma_current + kf_rsi_filt_vel + wave_accel            │    15 │   7 │    8 │ 46.7% │    6.6% │    0.24%
[14:59:31]   sigma_current + kf_price_pred_val + sigma_wave          │    17 │   7 │   10 │ 41.2% │    5.3% │    0.27%
[14:59:31]   kf_price_pred_val + vwap_sigma_wave + kf_rsi_filt_vel   │    13 │   5 │    8 │ 38.5% │    3.9% │    0.20%
[14:59:31]   sigma_current + sigma_wave + wave_accel                 │     8 │   3 │    5 │ 37.5% │    2.6% │    0.13%
[14:59:31]   vwap_sigma_wave + kf_rsi_filt_vel + wave_accel          │     8 │   3 │    5 │ 37.5% │    2.6% │    0.13%
[14:59:31]   sigma_current + kf_price_pred_val + wave_accel          │    22 │   8 │   14 │ 36.4% │    7.9% │    0.35%
[14:59:31]   sigma_current + kf_price_pred_val + vwap_sigma_wave     │    14 │   5 │    9 │ 35.7% │    3.9% │    0.22%
[14:59:31]   sigma_current + vwap_sigma_wave + wave_accel            │     9 │   3 │    6 │ 33.3% │    2.6% │    0.14%
[14:59:31]   kf_price_pred_val + vwap_sigma_wave + sigma_wave        │    12 │   4 │    8 │ 33.3% │    2.6% │    0.19%
[14:59:31] 
  ★ BEST (Prec with Recall≥10%): sigma_current + kf_price_pred_val
[14:59:31]     Precision=32.5%  Recall=10.5%  Fires=40  TP=13  FP=27
[14:59:31] 
  ── HH (83 turns) ──
[14:59:31] 
  SINGLES:
[14:59:31]   Combo                                                   │ Fires │  TP │   FP │ Prec% │ Recall% │ FireRate
[14:59:31]   ─────────────────────────────────────────────────────── │ ───── │ ─── │ ──── │ ───── │ ─────── │ ────────
[14:59:31]   vwap_spread_tide_current                                │   421 │  44 │  377 │ 10.5% │   19.3% │    6.64%
[14:59:31]   conj_current_tide                                       │   267 │  27 │  240 │ 10.1% │   12.0% │    4.21%
[14:59:31]   vwap_spread_tide_wave                                   │   394 │  37 │  357 │  9.4% │   15.7% │    6.21%
[14:59:31]   wave_accel                                              │   279 │  26 │  253 │  9.3% │   15.7% │    4.40%
[14:59:31]   vwap_spread_current_wave                                │   264 │  23 │  241 │  8.7% │   12.0% │    4.16%
[14:59:31] 
  PAIRS (top 10):
[14:59:31]   Combo                                                   │ Fires │  TP │   FP │ Prec% │ Recall% │ FireRate
[14:59:31]   ─────────────────────────────────────────────────────── │ ───── │ ─── │ ──── │ ───── │ ─────── │ ────────
[14:59:31]   wave_accel + conj_wave_current                          │    62 │  10 │   52 │ 16.1% │    7.2% │    0.98%
[14:59:31]   kf_price_pred_val + conj_wave_current                   │    52 │   8 │   44 │ 15.4% │    7.2% │    0.82%
[14:59:31]   vwap_spread_tide_current + conj_wave_current            │   123 │  18 │  105 │ 14.6% │    7.2% │    1.94%
[14:59:31]   vwap_spread_tide_wave + conj_wave_current               │   132 │  19 │  113 │ 14.4% │    8.4% │    2.08%
[14:59:31]   vwap_spread_tide_wave + wave_accel                      │   114 │  16 │   98 │ 14.0% │    8.4% │    1.80%
[14:59:31]   current_accel + vwap_spread_current_wave                │    94 │  13 │   81 │ 13.8% │    7.2% │    1.48%
[14:59:31]   vwap_spread_tide_current + vwap_spread_current_wave     │   139 │  19 │  120 │ 13.7% │    9.6% │    2.19%
[14:59:31]   vwap_spread_tide_current + kf_price_pred_val            │   103 │  14 │   89 │ 13.6% │   10.8% │    1.62%
[14:59:31]   current_accel + wave_accel                              │    74 │  10 │   64 │ 13.5% │    6.0% │    1.17%
[14:59:31]   current_accel + conj_wave_current                       │   112 │  15 │   97 │ 13.4% │    8.4% │    1.77%
[14:59:31] 
  TRIPLES (top 10):
[14:59:31]   Combo                                                   │ Fires │  TP │   FP │ Prec% │ Recall% │ FireRate
[14:59:31]   ─────────────────────────────────────────────────────── │ ───── │ ─── │ ──── │ ───── │ ─────── │ ────────
[14:59:31]   current_accel + vwap_spread_tide_current + vwap_spread_current_wave │    65 │  12 │   53 │ 18.5% │    6.0% │    1.02%
[14:59:31]   kf_conj_pred_val + current_accel + vwap_spread_tide_wave │    70 │  10 │   60 │ 14.3% │    7.2% │    1.10%
[14:59:31]   current_accel + vwap_spread_tide_wave + vwap_spread_current_wave │    64 │   9 │   55 │ 14.1% │    4.8% │    1.01%
[14:59:31]   current_accel + vwap_spread_tide_wave + vwap_spread_tide_current │   123 │  17 │  106 │ 13.8% │    8.4% │    1.94%
[14:59:31]   kf_conj_pred_val + current_accel + vwap_spread_tide_current │    76 │  10 │   66 │ 13.2% │    7.2% │    1.20%
[14:59:31]   kf_conj_pred_val + vwap_spread_tide_current + vwap_spread_current_wave │    70 │   9 │   61 │ 12.9% │    6.0% │    1.10%
[14:59:31]   kf_conj_pred_val + vwap_spread_tide_wave + vwap_spread_tide_current │   113 │  14 │   99 │ 12.4% │    7.2% │    1.78%
[14:59:31]   vwap_spread_tide_wave + vwap_spread_tide_current + vwap_spread_current_wave │   115 │  13 │  102 │ 11.3% │    7.2% │    1.81%
[14:59:31]   kf_conj_pred_val + vwap_spread_tide_current + conj_wave_tide │   138 │  14 │  124 │ 10.1% │    7.2% │    2.17%
[14:59:31]   kf_conj_pred_val + vwap_spread_tide_wave + conj_wave_tide │   117 │  11 │  106 │  9.4% │    6.0% │    1.84%
[14:59:31] 
  ★ BEST (Prec with Recall≥10%): vwap_spread_tide_current + kf_price_pred_val
[14:59:31]     Precision=13.6%  Recall=10.8%  Fires=103  TP=14  FP=89
[14:59:31] 
  ── LH (71 turns) ──
[14:59:31] 
  SINGLES:
[14:59:31]   Combo                                                   │ Fires │  TP │   FP │ Prec% │ Recall% │ FireRate
[14:59:31]   ─────────────────────────────────────────────────────── │ ───── │ ─── │ ──── │ ───── │ ─────── │ ────────
[14:59:31]   wave_slope                                              │   271 │  55 │  216 │ 20.3% │   29.6% │    4.27%
[14:59:31]   vwap_sigma_tide                                         │   224 │  40 │  184 │ 17.9% │   23.9% │    3.53%
[14:59:31]   kf_price_pred_val                                       │   268 │  47 │  221 │ 17.5% │   46.5% │    4.22%
[14:59:31]   kf_price_innovation                                     │   249 │  39 │  210 │ 15.7% │   38.0% │    3.92%
[14:59:31]   kf_price_filt_vel                                       │   259 │  40 │  219 │ 15.4% │   45.1% │    4.08%
[14:59:31] 
  PAIRS (top 10):
[14:59:31]   Combo                                                   │ Fires │  TP │   FP │ Prec% │ Recall% │ FireRate
[14:59:31]   ─────────────────────────────────────────────────────── │ ───── │ ─── │ ──── │ ───── │ ─────── │ ────────
[14:59:31]   compression_ratio + vwap_sigma_tide                     │     2 │   2 │    0 │ 100.0% │    2.8% │    0.03%
[14:59:31]   compression_ratio + kf_conj_pred_val                    │    17 │   9 │    8 │ 52.9% │    5.6% │    0.27%
[14:59:31]   conj_wave_current + vwap_sigma_tide                     │    32 │  16 │   16 │ 50.0% │    9.9% │    0.50%
[14:59:31]   compression_ratio + wave_slope                          │    15 │   7 │    8 │ 46.7% │    4.2% │    0.24%
[14:59:31]   kf_price_filt_vel + compression_ratio                   │    27 │  11 │   16 │ 40.7% │    9.9% │    0.43%
[14:59:31]   compression_ratio + conj_wave_current                   │    20 │   8 │   12 │ 40.0% │    4.2% │    0.32%
[14:59:31]   kf_conj_pred_val + vwap_sigma_tide                      │    48 │  19 │   29 │ 39.6% │   12.7% │    0.76%
[14:59:31]   kf_price_innovation + compression_ratio                 │    34 │  12 │   22 │ 35.3% │    9.9% │    0.54%
[14:59:31]   kf_conj_filt_vel + compression_ratio                    │    34 │  12 │   22 │ 35.3% │   11.3% │    0.54%
[14:59:31]   kf_price_pred_val + compression_ratio                   │    29 │  10 │   19 │ 34.5% │    9.9% │    0.46%
[14:59:31] 
  TRIPLES (top 10):
[14:59:31]   Combo                                                   │ Fires │  TP │   FP │ Prec% │ Recall% │ FireRate
[14:59:31]   ─────────────────────────────────────────────────────── │ ───── │ ─── │ ──── │ ───── │ ─────── │ ────────
[14:59:31]   kf_price_pred_val + kf_price_innovation + compression_ratio │    12 │   9 │    3 │ 75.0% │    9.9% │    0.19%
[14:59:31]   kf_price_pred_val + compression_ratio + wave_slope      │     7 │   5 │    2 │ 71.4% │    4.2% │    0.11%
[14:59:31]   kf_price_filt_vel + compression_ratio + wave_slope      │     9 │   6 │    3 │ 66.7% │    4.2% │    0.14%
[14:59:31]   kf_conj_filt_vel + compression_ratio + wave_slope       │     3 │   2 │    1 │ 66.7% │    2.8% │    0.05%
[14:59:31]   kf_price_filt_vel + kf_conj_filt_vel + compression_ratio │     8 │   5 │    3 │ 62.5% │    5.6% │    0.13%
[14:59:31]   kf_price_innovation + compression_ratio + wave_slope    │    12 │   7 │    5 │ 58.3% │    4.2% │    0.19%
[14:59:31]   kf_price_pred_val + kf_conj_filt_vel + compression_ratio │     9 │   5 │    4 │ 55.6% │    5.6% │    0.14%
[14:59:31]   kf_price_filt_vel + kf_price_innovation + compression_ratio │    18 │  10 │    8 │ 55.6% │    9.9% │    0.28%
[14:59:31]   kf_price_pred_val + kf_price_filt_vel + compression_ratio │    21 │  10 │   11 │ 47.6% │    9.9% │    0.33%
[14:59:31]   kf_price_innovation + kf_conj_filt_vel + compression_ratio │    12 │   5 │    7 │ 41.7% │    5.6% │    0.19%
[14:59:31] 
  ★ BEST (Prec with Recall≥10%): kf_conj_pred_val + vwap_sigma_tide
[14:59:31]     Precision=39.6%  Recall=12.7%  Fires=48  TP=19  FP=29
[14:59:31] 
  Processing SPY...
[14:59:31] ════════════════════════════════════════════════════════════════════════════════════════════════════
[14:59:31]   TICKER: SPY
[14:59:31] ════════════════════════════════════════════════════════════════════════════════════════════════════
[14:59:31] 
  ── LL (50 turns) ──
[14:59:31] 
  SINGLES:
[14:59:31]   Combo                                                   │ Fires │  TP │   FP │ Prec% │ Recall% │ FireRate
[14:59:31]   ─────────────────────────────────────────────────────── │ ───── │ ─── │ ──── │ ───── │ ─────── │ ────────
[14:59:31]   sigma_tide                                              │   309 │  66 │  243 │ 21.4% │   58.0% │    3.93%
[14:59:31]   rsi_value                                               │   281 │  53 │  228 │ 18.9% │   48.0% │    3.57%
[14:59:31]   vwap_sigma_tide                                         │   398 │  75 │  323 │ 18.8% │   58.0% │    5.06%
[14:59:31]   vwap_sigma_current                                      │   331 │  62 │  269 │ 18.7% │   64.0% │    4.21%
[14:59:31]   kf_rsi_pred_val                                         │   288 │  46 │  242 │ 16.0% │   46.0% │    3.66%
[14:59:31] 
  PAIRS (top 10):
[14:59:31]   Combo                                                   │ Fires │  TP │   FP │ Prec% │ Recall% │ FireRate
[14:59:31]   ─────────────────────────────────────────────────────── │ ───── │ ─── │ ──── │ ───── │ ─────── │ ────────
[14:59:31]   vwap_sigma_tide + sigma_current                         │    33 │  20 │   13 │ 60.6% │   22.0% │    0.42%
[14:59:31]   wave_slope + sigma_current                              │    25 │  15 │   10 │ 60.0% │   16.0% │    0.32%
[14:59:31]   sigma_tide + fear_level                                 │    30 │  17 │   13 │ 56.7% │   14.0% │    0.38%
[14:59:31]   fear_level + sigma_current                              │    18 │  10 │    8 │ 55.6% │    8.0% │    0.23%
[14:59:31]   vwap_sigma_wave + wave_slope                            │    11 │   6 │    5 │ 54.5% │   12.0% │    0.14%
[14:59:31]   vwap_sigma_tide + sigma_tide                            │    83 │  39 │   44 │ 47.0% │   36.0% │    1.06%
[14:59:31]   rsi_value + wave_slope                                  │    68 │  29 │   39 │ 42.6% │   28.0% │    0.86%
[14:59:31]   sigma_tide + kf_price_pred_val                          │    80 │  34 │   46 │ 42.5% │   42.0% │    1.02%
[14:59:31]   kf_rsi_pred_val + wave_slope                            │    56 │  23 │   33 │ 41.1% │   26.0% │    0.71%
[14:59:31]   vwap_sigma_tide + rsi_value                             │    98 │  39 │   59 │ 39.8% │   36.0% │    1.25%
[14:59:31] 
  TRIPLES (top 10):
[14:59:31]   Combo                                                   │ Fires │  TP │   FP │ Prec% │ Recall% │ FireRate
[14:59:31]   ─────────────────────────────────────────────────────── │ ───── │ ─── │ ──── │ ───── │ ─────── │ ────────
[14:59:31]   vwap_sigma_tide + sigma_tide + rsi_value                │    40 │  29 │   11 │ 72.5% │   28.0% │    0.51%
[14:59:31]   vwap_sigma_tide + sigma_tide + vwap_sigma_wave          │    14 │   9 │    5 │ 64.3% │   18.0% │    0.18%
[14:59:31]   vwap_sigma_tide + sigma_tide + kf_rsi_pred_val          │    40 │  25 │   15 │ 62.5% │   26.0% │    0.51%
[14:59:31]   vwap_sigma_current + vwap_sigma_tide + sigma_tide       │    47 │  29 │   18 │ 61.7% │   30.0% │    0.60%
[14:59:31]   vwap_sigma_current + sigma_tide + rsi_value             │    76 │  32 │   44 │ 42.1% │   32.0% │    0.97%
[14:59:31]   vwap_sigma_current + sigma_tide + kf_rsi_pred_val       │    72 │  30 │   42 │ 41.7% │   30.0% │    0.92%
[14:59:31]   sigma_tide + vwap_sigma_wave + rsi_value                │    32 │  13 │   19 │ 40.6% │   20.0% │    0.41%
[14:59:31]   sigma_tide + vwap_sigma_wave + kf_rsi_pred_val          │    32 │  13 │   19 │ 40.6% │   20.0% │    0.41%
[14:59:31]   vwap_sigma_tide + vwap_sigma_wave + rsi_value           │    20 │   8 │   12 │ 40.0% │   16.0% │    0.25%
[14:59:31]   vwap_sigma_tide + vwap_sigma_wave + kf_rsi_pred_val     │    20 │   8 │   12 │ 40.0% │   16.0% │    0.25%
[14:59:31] 
  ★ BEST (Prec with Recall≥10%): vwap_sigma_tide + sigma_tide + rsi_value
[14:59:31]     Precision=72.5%  Recall=28.0%  Fires=40  TP=29  FP=11
[14:59:31] 
  ── HL (68 turns) ──
[14:59:31] 
  SINGLES:
[14:59:31]   Combo                                                   │ Fires │  TP │   FP │ Prec% │ Recall% │ FireRate
[14:59:31]   ─────────────────────────────────────────────────────── │ ───── │ ─── │ ──── │ ───── │ ─────── │ ────────
[14:59:31]   sigma_current                                           │   255 │  43 │  212 │ 16.9% │   33.8% │    3.24%
[14:59:31]   vwap_sigma_current                                      │   331 │  48 │  283 │ 14.5% │   32.4% │    4.21%
[14:59:31]   vwap_sigma_wave                                         │   249 │  36 │  213 │ 14.5% │   35.3% │    3.17%
[14:59:31]   kf_price_pred_val                                       │   407 │  43 │  364 │ 10.6% │   39.7% │    5.18%
[14:59:31]   kf_rsi_filt_vel                                         │   323 │  33 │  290 │ 10.2% │   27.9% │    4.11%
[14:59:31] 
  PAIRS (top 10):
[14:59:31]   Combo                                                   │ Fires │  TP │   FP │ Prec% │ Recall% │ FireRate
[14:59:31]   ─────────────────────────────────────────────────────── │ ───── │ ─── │ ──── │ ───── │ ─────── │ ────────
[14:59:31]   kf_rsi_filt_vel + wave_accel                            │    43 │  12 │   31 │ 27.9% │   11.8% │    0.55%
[14:59:31]   vwap_sigma_current + kf_tension_filt_vel                │    48 │  13 │   35 │ 27.1% │   10.3% │    0.61%
[14:59:31]   kf_rsi_filt_vel + vwap_sigma_current                    │    31 │   8 │   23 │ 25.8% │    7.4% │    0.39%
[14:59:31]   sigma_current + kf_rsi_filt_vel                         │    85 │  21 │   64 │ 24.7% │   17.6% │    1.08%
[14:59:31]   sigma_current + kf_price_filt_vel                       │    38 │   9 │   29 │ 23.7% │   11.8% │    0.48%
[14:59:31]   sigma_current + kf_price_pred_val                       │    68 │  16 │   52 │ 23.5% │   17.6% │    0.86%
[14:59:31]   kf_rsi_filt_vel + kf_price_filt_vel                     │    44 │  10 │   34 │ 22.7% │   13.2% │    0.56%
[14:59:31]   sigma_current + vwap_sigma_wave                         │    83 │  18 │   65 │ 21.7% │   20.6% │    1.06%
[14:59:31]   kf_price_pred_val + kf_rsi_filt_vel                     │    74 │  16 │   58 │ 21.6% │   19.1% │    0.94%
[14:59:31]   kf_price_pred_val + kf_tension_filt_vel                 │    74 │  16 │   58 │ 21.6% │   17.6% │    0.94%
[14:59:31] 
  TRIPLES (top 10):
[14:59:31]   Combo                                                   │ Fires │  TP │   FP │ Prec% │ Recall% │ FireRate
[14:59:31]   ─────────────────────────────────────────────────────── │ ───── │ ─── │ ──── │ ───── │ ─────── │ ────────
[14:59:31]   sigma_current + kf_rsi_filt_vel + wave_accel            │    19 │   9 │   10 │ 47.4% │    7.4% │    0.24%
[14:59:31]   sigma_current + kf_price_pred_val + kf_rsi_filt_vel     │    30 │  12 │   18 │ 40.0% │   13.2% │    0.38%
[14:59:31]   kf_price_pred_val + kf_rsi_filt_vel + wave_accel        │    27 │   9 │   18 │ 33.3% │   10.3% │    0.34%
[14:59:31]   sigma_current + kf_price_pred_val + sigma_wave          │    33 │  10 │   23 │ 30.3% │   11.8% │    0.42%
[14:59:31]   kf_price_pred_val + vwap_sigma_wave + kf_rsi_filt_vel   │    27 │   8 │   19 │ 29.6% │   11.8% │    0.34%
[14:59:31]   sigma_wave + kf_rsi_filt_vel + wave_accel               │    28 │   8 │   20 │ 28.6% │   10.3% │    0.36%
[14:59:31]   sigma_current + sigma_wave + wave_accel                 │    18 │   5 │   13 │ 27.8% │    5.9% │    0.23%
[14:59:31]   vwap_sigma_wave + kf_rsi_filt_vel + wave_accel          │    15 │   4 │   11 │ 26.7% │    5.9% │    0.19%
[14:59:31]   kf_price_pred_val + sigma_wave + kf_rsi_filt_vel        │    47 │  12 │   35 │ 25.5% │   14.7% │    0.60%
[14:59:31]   sigma_current + kf_price_pred_val + vwap_sigma_wave     │    36 │   9 │   27 │ 25.0% │   11.8% │    0.46%
[14:59:31] 
  ★ BEST (Prec with Recall≥10%): sigma_current + kf_price_pred_val + kf_rsi_filt_vel
[14:59:31]     Precision=40.0%  Recall=13.2%  Fires=30  TP=12  FP=18
[14:59:31] 
  ── HH (68 turns) ──
[14:59:31] 
  SINGLES:
[14:59:31]   Combo                                                   │ Fires │  TP │   FP │ Prec% │ Recall% │ FireRate
[14:59:31]   ─────────────────────────────────────────────────────── │ ───── │ ─── │ ──── │ ───── │ ─────── │ ────────
[14:59:31]   current_accel                                           │   449 │  30 │  419 │  6.7% │   19.1% │    5.71%
[14:59:31]   vwap_spread_tide_current                                │   358 │  20 │  338 │  5.6% │   10.3% │    4.55%
[14:59:31]   conj_wave_tide                                          │   393 │  21 │  372 │  5.3% │   11.8% │    5.00%
[14:59:31]   kf_conj_pred_val                                        │   406 │  21 │  385 │  5.2% │   11.8% │    5.16%
[14:59:31]   conj_current_tide                                       │   369 │  19 │  350 │  5.1% │   11.8% │    4.69%
[14:59:31] 
  PAIRS (top 10):
[14:59:31]   Combo                                                   │ Fires │  TP │   FP │ Prec% │ Recall% │ FireRate
[14:59:31]   ─────────────────────────────────────────────────────── │ ───── │ ─── │ ──── │ ───── │ ─────── │ ────────
[14:59:31]   kf_conj_pred_val + conj_current_tide                    │   119 │  13 │  106 │ 10.9% │    7.4% │    1.51%
[14:59:31]   current_accel + conj_wave_current                       │   154 │  16 │  138 │ 10.4% │    8.8% │    1.96%
[14:59:31]   conj_current_tide + conj_wave_current                   │    88 │   9 │   79 │ 10.2% │    5.9% │    1.12%
[14:59:31]   current_accel + conj_current_tide                       │    98 │  10 │   88 │ 10.2% │    5.9% │    1.25%
[14:59:31]   kf_conj_pred_val + current_accel                        │   160 │  16 │  144 │ 10.0% │   10.3% │    2.04%
[14:59:31]   conj_wave_tide + conj_current_tide                      │   121 │  12 │  109 │  9.9% │    7.4% │    1.54%
[14:59:31]   vwap_spread_tide_current + conj_current_tide            │   101 │  10 │   91 │  9.9% │    5.9% │    1.28%
[14:59:31]   current_accel + conj_wave_tide                          │   163 │  15 │  148 │  9.2% │   10.3% │    2.07%
[14:59:31]   current_accel + vwap_spread_current_wave                │   104 │   9 │   95 │  8.7% │    5.9% │    1.32%
[14:59:31]   current_accel + vwap_spread_tide_current                │    94 │   8 │   86 │  8.5% │    4.4% │    1.20%
[14:59:31] 
  TRIPLES (top 10):
[14:59:31]   Combo                                                   │ Fires │  TP │   FP │ Prec% │ Recall% │ FireRate
[14:59:31]   ─────────────────────────────────────────────────────── │ ───── │ ─── │ ──── │ ───── │ ─────── │ ────────
[14:59:31]   kf_conj_pred_val + current_accel + vwap_spread_current_wave │    69 │   8 │   61 │ 11.6% │    5.9% │    0.88%
[14:59:31]   current_accel + conj_wave_tide + vwap_spread_current_wave │    69 │   7 │   62 │ 10.1% │    5.9% │    0.88%
[14:59:31]   kf_conj_pred_val + current_accel + conj_wave_tide       │   153 │  15 │  138 │  9.8% │   10.3% │    1.95%
[14:59:31]   kf_conj_pred_val + current_accel + vwap_spread_tide_current │    63 │   6 │   57 │  9.5% │    2.9% │    0.80%
[14:59:31]   current_accel + vwap_spread_tide_wave + vwap_spread_tide_current │    89 │   8 │   81 │  9.0% │    4.4% │    1.13%
[14:59:31]   current_accel + vwap_spread_tide_current + vwap_spread_current_wave │    48 │   4 │   44 │  8.3% │    2.9% │    0.61%
[14:59:31]   current_accel + vwap_spread_tide_current + conj_wave_tide │    64 │   5 │   59 │  7.8% │    2.9% │    0.81%
[14:59:31]   vwap_spread_tide_wave + vwap_spread_tide_current + vwap_spread_current_wave │    94 │   7 │   87 │  7.4% │    4.4% │    1.20%
[14:59:31]   kf_conj_pred_val + current_accel + vwap_spread_tide_wave │    82 │   6 │   76 │  7.3% │    2.9% │    1.04%
[14:59:31]   kf_conj_pred_val + vwap_spread_tide_current + conj_wave_tide │   107 │   7 │  100 │  6.5% │    4.4% │    1.36%
[14:59:31] 
  ★ BEST (Prec with Recall≥10%): kf_conj_pred_val + current_accel
[14:59:31]     Precision=10.0%  Recall=10.3%  Fires=160  TP=16  FP=144
[14:59:31] 
  ── LH (49 turns) ──
[14:59:31] 
  SINGLES:
[14:59:31]   Combo                                                   │ Fires │  TP │   FP │ Prec% │ Recall% │ FireRate
[14:59:31]   ─────────────────────────────────────────────────────── │ ───── │ ─── │ ──── │ ───── │ ─────── │ ────────
[14:59:31]   kf_conj_filt_vel                                        │   410 │  50 │  360 │ 12.2% │   44.9% │    5.21%
[14:59:31]   wave_slope                                              │   397 │  41 │  356 │ 10.3% │   30.6% │    5.05%
[14:59:31]   wave_accel                                              │   397 │  41 │  356 │ 10.3% │   46.9% │    5.05%
[14:59:31]   kf_price_pred_val                                       │   407 │  38 │  369 │  9.3% │   40.8% │    5.18%
[14:59:31]   kf_conj_pred_val                                        │   406 │  37 │  369 │  9.1% │   28.6% │    5.16%
[14:59:31] 
  PAIRS (top 10):
[14:59:31]   Combo                                                   │ Fires │  TP │   FP │ Prec% │ Recall% │ FireRate
[14:59:31]   ─────────────────────────────────────────────────────── │ ───── │ ─── │ ──── │ ───── │ ─────── │ ────────
[14:59:31]   compression_ratio + conj_wave_current                   │    29 │  14 │   15 │ 48.3% │   12.2% │    0.37%
[14:59:31]   compression_ratio + vwap_sigma_tide                     │    25 │  11 │   14 │ 44.0% │   10.2% │    0.32%
[14:59:31]   kf_price_pred_val + compression_ratio                   │    38 │  15 │   23 │ 39.5% │   14.3% │    0.48%
[14:59:31]   kf_price_filt_vel + compression_ratio                   │    37 │  13 │   24 │ 35.1% │   14.3% │    0.47%
[14:59:31]   compression_ratio + wave_slope                          │    40 │  14 │   26 │ 35.0% │   12.2% │    0.51%
[14:59:31]   compression_ratio + kf_conj_pred_val                    │    46 │  16 │   30 │ 34.8% │   14.3% │    0.59%
[14:59:31]   kf_price_innovation + compression_ratio                 │    45 │  15 │   30 │ 33.3% │   14.3% │    0.57%
[14:59:31]   kf_conj_filt_vel + compression_ratio                    │    63 │  18 │   45 │ 28.6% │   16.3% │    0.80%
[14:59:31]   kf_price_pred_val + kf_conj_pred_val                    │   102 │  25 │   77 │ 24.5% │   22.4% │    1.30%
[14:59:31]   kf_price_pred_val + wave_slope                          │   106 │  25 │   81 │ 23.6% │   24.5% │    1.35%
[14:59:31] 
  TRIPLES (top 10):
[14:59:31]   Combo                                                   │ Fires │  TP │   FP │ Prec% │ Recall% │ FireRate
[14:59:31]   ─────────────────────────────────────────────────────── │ ───── │ ─── │ ──── │ ───── │ ─────── │ ────────
[14:59:31]   kf_price_pred_val + kf_price_innovation + compression_ratio │    21 │  13 │    8 │ 61.9% │   14.3% │    0.27%
[14:59:31]   kf_price_pred_val + compression_ratio + wave_slope      │    20 │  12 │    8 │ 60.0% │   12.2% │    0.25%
[14:59:31]   kf_price_pred_val + kf_conj_filt_vel + compression_ratio │    25 │  14 │   11 │ 56.0% │   14.3% │    0.32%
[14:59:31]   kf_price_filt_vel + kf_conj_filt_vel + compression_ratio │    24 │  13 │   11 │ 54.2% │   14.3% │    0.31%
[14:59:31]   kf_price_filt_vel + compression_ratio + wave_slope      │    21 │  11 │   10 │ 52.4% │   12.2% │    0.27%
[14:59:31]   kf_conj_filt_vel + compression_ratio + wave_slope       │    27 │  14 │   13 │ 51.9% │   12.2% │    0.34%
[14:59:31]   kf_price_filt_vel + kf_price_innovation + compression_ratio │    22 │  11 │   11 │ 50.0% │   14.3% │    0.28%
[14:59:31]   kf_price_innovation + compression_ratio + wave_slope    │    24 │  12 │   12 │ 50.0% │   12.2% │    0.31%
[14:59:31]   kf_price_innovation + kf_conj_filt_vel + compression_ratio │    30 │  14 │   16 │ 46.7% │   14.3% │    0.38%
[14:59:31]   kf_price_pred_val + kf_price_filt_vel + compression_ratio │    27 │  12 │   15 │ 44.4% │   14.3% │    0.34%
[14:59:31] 
  ★ BEST (Prec with Recall≥10%): kf_price_pred_val + kf_price_innovation + compression_ratio
[14:59:31]     Precision=61.9%  Recall=14.3%  Fires=21  TP=13  FP=8
[14:59:31] 
  Processing WMT...
[14:59:32] ════════════════════════════════════════════════════════════════════════════════════════════════════
[14:59:32]   TICKER: WMT
[14:59:32] ════════════════════════════════════════════════════════════════════════════════════════════════════
[14:59:32] 
  ── LL (32 turns) ──
[14:59:32] 
  SINGLES:
[14:59:32]   Combo                                                   │ Fires │  TP │   FP │ Prec% │ Recall% │ FireRate
[14:59:32]   ─────────────────────────────────────────────────────── │ ───── │ ─── │ ──── │ ───── │ ─────── │ ────────
[14:59:32]   vwap_sigma_current                                      │   137 │  31 │  106 │ 22.6% │   50.0% │    2.99%
[14:59:32]   sigma_tide                                              │   167 │  30 │  137 │ 18.0% │   34.4% │    3.64%
[14:59:32]   vwap_sigma_wave                                         │   118 │  19 │   99 │ 16.1% │   37.5% │    2.57%
[14:59:32]   vwap_sigma_tide                                         │   145 │  22 │  123 │ 15.2% │   25.0% │    3.16%
[14:59:32]   rsi_value                                               │   207 │  25 │  182 │ 12.1% │   37.5% │    4.51%
[14:59:32] 
  PAIRS (top 10):
[14:59:32]   Combo                                                   │ Fires │  TP │   FP │ Prec% │ Recall% │ FireRate
[14:59:32]   ─────────────────────────────────────────────────────── │ ───── │ ─── │ ──── │ ───── │ ─────── │ ────────
[14:59:32]   vwap_sigma_current + wave_slope                         │     8 │   6 │    2 │ 75.0% │    9.4% │    0.17%
[14:59:32]   fear_level + sigma_current                              │     5 │   3 │    2 │ 60.0% │    3.1% │    0.11%
[14:59:32]   vwap_sigma_tide + vwap_sigma_wave                       │    16 │   8 │    8 │ 50.0% │   12.5% │    0.35%
[14:59:32]   vwap_sigma_current + vwap_sigma_tide                    │    24 │  11 │   13 │ 45.8% │   18.8% │    0.52%
[14:59:32]   vwap_sigma_current + kf_price_pred_val                  │    29 │  13 │   16 │ 44.8% │   28.1% │    0.63%
[14:59:32]   vwap_sigma_tide + sigma_current                         │    18 │   8 │   10 │ 44.4% │    9.4% │    0.39%
[14:59:32]   kf_rsi_pred_val + wave_slope                            │    13 │   5 │    8 │ 38.5% │    9.4% │    0.28%
[14:59:32]   vwap_sigma_current + fear_level                         │     8 │   3 │    5 │ 37.5% │    3.1% │    0.17%
[14:59:32]   sigma_tide + kf_price_pred_val                          │    41 │  15 │   26 │ 36.6% │   21.9% │    0.89%
[14:59:32]   vwap_sigma_current + sigma_tide                         │    45 │  16 │   29 │ 35.6% │   28.1% │    0.98%
[14:59:32] 
  TRIPLES (top 10):
[14:59:32]   Combo                                                   │ Fires │  TP │   FP │ Prec% │ Recall% │ FireRate
[14:59:32]   ─────────────────────────────────────────────────────── │ ───── │ ─── │ ──── │ ───── │ ─────── │ ────────
[14:59:32]   vwap_sigma_current + vwap_sigma_tide + sigma_tide       │     7 │   5 │    2 │ 71.4% │    9.4% │    0.15%
[14:59:32]   vwap_sigma_tide + sigma_tide + vwap_sigma_wave          │     7 │   5 │    2 │ 71.4% │    9.4% │    0.15%
[14:59:32]   vwap_sigma_current + vwap_sigma_tide + vwap_sigma_wave  │    12 │   7 │    5 │ 58.3% │   12.5% │    0.26%
[14:59:32]   vwap_sigma_tide + vwap_sigma_wave + rsi_value           │    11 │   6 │    5 │ 54.5% │    9.4% │    0.24%
[14:59:32]   vwap_sigma_tide + vwap_sigma_wave + kf_rsi_pred_val     │    11 │   6 │    5 │ 54.5% │    9.4% │    0.24%
[14:59:32]   vwap_sigma_current + sigma_tide + rsi_value             │    21 │  10 │   11 │ 47.6% │   15.6% │    0.46%
[14:59:32]   vwap_sigma_current + vwap_sigma_tide + rsi_value        │    18 │   8 │   10 │ 44.4% │   12.5% │    0.39%
[14:59:32]   vwap_sigma_current + vwap_sigma_tide + kf_rsi_pred_val  │    17 │   7 │   10 │ 41.2% │   12.5% │    0.37%
[14:59:32]   vwap_sigma_current + sigma_tide + kf_rsi_pred_val       │    26 │  10 │   16 │ 38.5% │   15.6% │    0.57%
[14:59:32]   vwap_sigma_current + sigma_tide + vwap_sigma_wave       │    30 │  10 │   20 │ 33.3% │   21.9% │    0.65%
[14:59:32] 
  ★ BEST (Prec with Recall≥10%): vwap_sigma_current + vwap_sigma_tide + vwap_sigma_wave
[14:59:32]     Precision=58.3%  Recall=12.5%  Fires=12  TP=7  FP=5
[14:59:32] 
  ── HL (52 turns) ──
[14:59:32] 
  SINGLES:
[14:59:32]   Combo                                                   │ Fires │  TP │   FP │ Prec% │ Recall% │ FireRate
[14:59:32]   ─────────────────────────────────────────────────────── │ ───── │ ─── │ ──── │ ───── │ ─────── │ ────────
[14:59:32]   vwap_sigma_wave                                         │   118 │  18 │  100 │ 15.3% │   21.2% │    2.57%
[14:59:32]   vwap_sigma_current                                      │   137 │  18 │  119 │ 13.1% │   17.3% │    2.99%
[14:59:32]   kf_price_pred_val                                       │   210 │  27 │  183 │ 12.9% │   32.7% │    4.58%
[14:59:32]   sigma_current                                           │   161 │  17 │  144 │ 10.6% │   17.3% │    3.51%
[14:59:32]   kf_tension_filt_vel                                     │   221 │  23 │  198 │ 10.4% │   19.2% │    4.82%
[14:59:32] 
  PAIRS (top 10):
[14:59:32]   Combo                                                   │ Fires │  TP │   FP │ Prec% │ Recall% │ FireRate
[14:59:32]   ─────────────────────────────────────────────────────── │ ───── │ ─── │ ──── │ ───── │ ─────── │ ────────
[14:59:32]   vwap_sigma_wave + kf_tension_filt_vel                   │    30 │   9 │   21 │ 30.0% │    9.6% │    0.65%
[14:59:32]   vwap_sigma_current + kf_tension_filt_vel                │    30 │   9 │   21 │ 30.0% │    9.6% │    0.65%
[14:59:32]   kf_rsi_filt_vel + vwap_sigma_current                    │    22 │   6 │   16 │ 27.3% │    7.7% │    0.48%
[14:59:32]   sigma_wave + vwap_sigma_current                         │    40 │  10 │   30 │ 25.0% │   11.5% │    0.87%
[14:59:32]   vwap_sigma_wave + kf_rsi_filt_vel                       │    30 │   7 │   23 │ 23.3% │    9.6% │    0.65%
[14:59:32]   vwap_sigma_wave + vwap_sigma_current                    │    68 │  15 │   53 │ 22.1% │   17.3% │    1.48%
[14:59:32]   vwap_sigma_wave + sigma_wave                            │    60 │  11 │   49 │ 18.3% │   13.5% │    1.31%
[14:59:32]   sigma_current + vwap_sigma_wave                         │    50 │   9 │   41 │ 18.0% │    9.6% │    1.09%
[14:59:32]   kf_price_pred_val + vwap_sigma_current                  │    29 │   5 │   24 │ 17.2% │    5.8% │    0.63%
[14:59:32]   sigma_wave + kf_tension_filt_vel                        │    55 │   9 │   46 │ 16.4% │    9.6% │    1.20%
[14:59:32] 
  TRIPLES (top 10):
[14:59:32]   Combo                                                   │ Fires │  TP │   FP │ Prec% │ Recall% │ FireRate
[14:59:32]   ─────────────────────────────────────────────────────── │ ───── │ ─── │ ──── │ ───── │ ─────── │ ────────
[14:59:32]   sigma_current + vwap_sigma_wave + kf_rsi_filt_vel       │    19 │   6 │   13 │ 31.6% │    7.7% │    0.41%
[14:59:32]   sigma_current + vwap_sigma_wave + sigma_wave            │    33 │   8 │   25 │ 24.2% │    9.6% │    0.72%
[14:59:32]   vwap_sigma_wave + sigma_wave + kf_rsi_filt_vel          │    26 │   6 │   20 │ 23.1% │    7.7% │    0.57%
[14:59:32]   kf_price_pred_val + vwap_sigma_wave + kf_rsi_filt_vel   │    18 │   4 │   14 │ 22.2% │    5.8% │    0.39%
[14:59:32]   sigma_current + kf_price_pred_val + vwap_sigma_wave     │    24 │   5 │   19 │ 20.8% │    7.7% │    0.52%
[14:59:32]   kf_price_pred_val + vwap_sigma_wave + sigma_wave        │    28 │   5 │   23 │ 17.9% │    7.7% │    0.61%
[14:59:32]   kf_price_pred_val + sigma_wave + kf_rsi_filt_vel        │    46 │   8 │   38 │ 17.4% │    7.7% │    1.00%
[14:59:32]   sigma_current + sigma_wave + kf_rsi_filt_vel            │    42 │   7 │   35 │ 16.7% │    9.6% │    0.92%
[14:59:32]   sigma_current + kf_price_pred_val + kf_rsi_filt_vel     │    27 │   4 │   23 │ 14.8% │    5.8% │    0.59%
[14:59:32]   vwap_sigma_wave + kf_rsi_filt_vel + wave_accel          │     7 │   1 │    6 │ 14.3% │    1.9% │    0.15%
[14:59:32] 
  ★ BEST (Prec with Recall≥10%): sigma_wave + vwap_sigma_current
[14:59:32]     Precision=25.0%  Recall=11.5%  Fires=40  TP=10  FP=30
[14:59:32] 
  ── HH (52 turns) ──
[14:59:32] 
  SINGLES:
[14:59:32]   Combo                                                   │ Fires │  TP │   FP │ Prec% │ Recall% │ FireRate
[14:59:32]   ─────────────────────────────────────────────────────── │ ───── │ ─── │ ──── │ ───── │ ─────── │ ────────
[14:59:32]   kf_price_pred_val                                       │   210 │  24 │  186 │ 11.4% │   30.8% │    4.58%
[14:59:32]   kf_conj_pred_val                                        │   180 │  16 │  164 │  8.9% │   11.5% │    3.92%
[14:59:32]   wave_accel                                              │   220 │  19 │  201 │  8.6% │   19.2% │    4.80%
[14:59:32]   conj_wave_tide                                          │   179 │  15 │  164 │  8.4% │   11.5% │    3.90%
[14:59:32]   vwap_spread_current_wave                                │   240 │  19 │  221 │  7.9% │   15.4% │    5.23%
[14:59:32] 
  PAIRS (top 10):
[14:59:32]   Combo                                                   │ Fires │  TP │   FP │ Prec% │ Recall% │ FireRate
[14:59:32]   ─────────────────────────────────────────────────────── │ ───── │ ─── │ ──── │ ───── │ ─────── │ ────────
[14:59:32]   vwap_spread_current_wave + kf_price_pred_val            │    20 │   7 │   13 │ 35.0% │    9.6% │    0.44%
[14:59:32]   kf_conj_pred_val + vwap_spread_tide_current             │     5 │   1 │    4 │ 20.0% │    1.9% │    0.11%
[14:59:32]   vwap_spread_tide_current + conj_wave_tide               │     5 │   1 │    4 │ 20.0% │    1.9% │    0.11%
[14:59:32]   vwap_spread_tide_current + conj_current_tide            │    15 │   3 │   12 │ 20.0% │    1.9% │    0.33%
[14:59:32]   current_accel + vwap_spread_current_wave                │    35 │   6 │   29 │ 17.1% │    7.7% │    0.76%
[14:59:32]   wave_accel + kf_price_pred_val                          │    43 │   7 │   36 │ 16.3% │    9.6% │    0.94%
[14:59:32]   kf_conj_pred_val + kf_price_pred_val                    │    32 │   5 │   27 │ 15.6% │    3.8% │    0.70%
[14:59:32]   conj_current_tide + kf_price_pred_val                   │    22 │   3 │   19 │ 13.6% │    3.8% │    0.48%
[14:59:32]   conj_wave_tide + kf_price_pred_val                      │    30 │   4 │   26 │ 13.3% │    3.8% │    0.65%
[14:59:32]   vwap_spread_current_wave + conj_wave_current            │    60 │   8 │   52 │ 13.3% │    7.7% │    1.31%
[14:59:32] 
  TRIPLES (top 10):
[14:59:32]   Combo                                                   │ Fires │  TP │   FP │ Prec% │ Recall% │ FireRate
[14:59:32]   ─────────────────────────────────────────────────────── │ ───── │ ─── │ ──── │ ───── │ ─────── │ ────────
[14:59:32]   kf_conj_pred_val + vwap_spread_tide_current + conj_wave_tide │     5 │   1 │    4 │ 20.0% │    1.9% │    0.11%
[14:59:32]   kf_conj_pred_val + conj_wave_tide + vwap_spread_current_wave │    25 │   3 │   22 │ 12.0% │    1.9% │    0.54%
[14:59:32]   kf_conj_pred_val + current_accel + conj_wave_tide       │    59 │   1 │   58 │  1.7% │    1.9% │    1.29%
[14:59:32]   kf_conj_pred_val + current_accel + vwap_spread_tide_wave │     1 │   0 │    1 │  0.0% │    0.0% │    0.02%
[14:59:32]   kf_conj_pred_val + current_accel + vwap_spread_tide_current │     2 │   0 │    2 │  0.0% │    0.0% │    0.04%
[14:59:32]   kf_conj_pred_val + current_accel + vwap_spread_current_wave │     9 │   0 │    9 │  0.0% │    0.0% │    0.20%
[14:59:32]   kf_conj_pred_val + vwap_spread_tide_wave + vwap_spread_tide_current │     1 │   0 │    1 │  0.0% │    0.0% │    0.02%
[14:59:32]   kf_conj_pred_val + vwap_spread_tide_wave + conj_wave_tide │     1 │   0 │    1 │  0.0% │    0.0% │    0.02%
[14:59:32]   current_accel + vwap_spread_tide_wave + vwap_spread_tide_current │    10 │   0 │   10 │  0.0% │    0.0% │    0.22%
[14:59:32]   current_accel + vwap_spread_tide_wave + conj_wave_tide  │     1 │   0 │    1 │  0.0% │    0.0% │    0.02%
[14:59:32] 
  ★ BEST (Prec with Recall≥10%): kf_price_pred_val
[14:59:32]     Precision=11.4%  Recall=30.8%  Fires=210  TP=24  FP=186
[14:59:32] 
  ── LH (32 turns) ──
[14:59:32] 
  SINGLES:
[14:59:32]   Combo                                                   │ Fires │  TP │   FP │ Prec% │ Recall% │ FireRate
[14:59:32]   ─────────────────────────────────────────────────────── │ ───── │ ─── │ ──── │ ───── │ ─────── │ ────────
[14:59:32]   kf_price_pred_val                                       │   210 │  14 │  196 │  6.7% │   25.0% │    4.58%
[14:59:32]   compression_ratio                                       │   219 │  14 │  205 │  6.4% │   15.6% │    4.77%
[14:59:32]   conj_wave_current                                       │   213 │  12 │  201 │  5.6% │   12.5% │    4.64%
[14:59:32]   kf_price_filt_vel                                       │   197 │  10 │  187 │  5.1% │   18.8% │    4.29%
[14:59:32]   wave_accel                                              │   220 │  11 │  209 │  5.0% │   15.6% │    4.80%
[14:59:32] 
  PAIRS (top 10):
[14:59:32]   Combo                                                   │ Fires │  TP │   FP │ Prec% │ Recall% │ FireRate
[14:59:32]   ─────────────────────────────────────────────────────── │ ───── │ ─── │ ──── │ ───── │ ─────── │ ────────
[14:59:32]   kf_price_pred_val + wave_accel                          │    43 │   7 │   36 │ 16.3% │   12.5% │    0.94%
[14:59:32]   kf_price_pred_val + conj_wave_current                   │    31 │   5 │   26 │ 16.1% │    9.4% │    0.68%
[14:59:32]   kf_price_pred_val + kf_conj_filt_vel                    │    32 │   5 │   27 │ 15.6% │    6.2% │    0.70%
[14:59:32]   kf_price_pred_val + kf_conj_pred_val                    │    32 │   5 │   27 │ 15.6% │    9.4% │    0.70%
[14:59:32]   kf_price_pred_val + compression_ratio                   │    33 │   5 │   28 │ 15.2% │    6.2% │    0.72%
[14:59:32]   kf_price_pred_val + wave_slope                          │    35 │   5 │   30 │ 14.3% │    9.4% │    0.76%
[14:59:32]   compression_ratio + conj_wave_current                   │    26 │   3 │   23 │ 11.5% │    3.1% │    0.57%
[14:59:32]   kf_price_filt_vel + wave_accel                          │    36 │   4 │   32 │ 11.1% │    9.4% │    0.78%
[14:59:32]   kf_price_innovation + wave_accel                        │    39 │   4 │   35 │ 10.3% │    9.4% │    0.85%
[14:59:32]   kf_price_filt_vel + kf_conj_pred_val                    │    30 │   3 │   27 │ 10.0% │    6.2% │    0.65%
[14:59:32] 
  TRIPLES (top 10):
[14:59:32]   Combo                                                   │ Fires │  TP │   FP │ Prec% │ Recall% │ FireRate
[14:59:32]   ─────────────────────────────────────────────────────── │ ───── │ ─── │ ──── │ ───── │ ─────── │ ────────
[14:59:32]   kf_price_pred_val + compression_ratio + wave_slope      │     7 │   2 │    5 │ 28.6% │    3.1% │    0.15%
[14:59:32]   kf_price_pred_val + kf_conj_filt_vel + compression_ratio │    18 │   5 │   13 │ 27.8% │    6.2% │    0.39%
[14:59:32]   kf_price_pred_val + kf_conj_filt_vel + wave_slope       │     8 │   2 │    6 │ 25.0% │    3.1% │    0.17%
[14:59:32]   kf_price_pred_val + kf_price_innovation + kf_conj_filt_vel │    11 │   2 │    9 │ 18.2% │    3.1% │    0.24%
[14:59:32]   kf_conj_filt_vel + compression_ratio + wave_slope       │    17 │   3 │   14 │ 17.6% │    3.1% │    0.37%
[14:59:32]   kf_price_pred_val + kf_price_innovation + compression_ratio │    12 │   2 │   10 │ 16.7% │    3.1% │    0.26%
[14:59:32]   kf_price_pred_val + kf_price_filt_vel + wave_slope      │    24 │   3 │   21 │ 12.5% │    6.2% │    0.52%
[14:59:32]   kf_price_innovation + kf_conj_filt_vel + compression_ratio │    16 │   2 │   14 │ 12.5% │    3.1% │    0.35%
[14:59:32]   kf_price_filt_vel + kf_conj_filt_vel + compression_ratio │    19 │   2 │   17 │ 10.5% │    3.1% │    0.41%
[14:59:32]   kf_price_pred_val + kf_price_filt_vel + kf_conj_filt_vel │    21 │   2 │   19 │  9.5% │    3.1% │    0.46%
[14:59:32] 
  ★ BEST (Prec with Recall≥10%): kf_price_pred_val + wave_accel
[14:59:32]     Precision=16.3%  Recall=12.5%  Fires=43  TP=7  FP=36
[14:59:32] 
  Processing XOM...
[14:59:32] ════════════════════════════════════════════════════════════════════════════════════════════════════
[14:59:32]   TICKER: XOM
[14:59:32] ════════════════════════════════════════════════════════════════════════════════════════════════════
[14:59:32] 
  ── LL (55 turns) ──
[14:59:32] 
  SINGLES:
[14:59:32]   Combo                                                   │ Fires │  TP │   FP │ Prec% │ Recall% │ FireRate
[14:59:32]   ─────────────────────────────────────────────────────── │ ───── │ ─── │ ──── │ ───── │ ─────── │ ────────
[14:59:32]   vwap_sigma_current                                      │   102 │  26 │   76 │ 25.5% │   23.6% │    2.22%
[14:59:32]   vwap_sigma_tide                                         │   125 │  30 │   95 │ 24.0% │   23.6% │    2.72%
[14:59:32]   sigma_tide                                              │   164 │  31 │  133 │ 18.9% │   25.5% │    3.57%
[14:59:32]   sigma_current                                           │   152 │  26 │  126 │ 17.1% │   27.3% │    3.31%
[14:59:32]   kf_price_pred_val                                       │   224 │  37 │  187 │ 16.5% │   47.3% │    4.87%
[14:59:32] 
  PAIRS (top 10):
[14:59:32]   Combo                                                   │ Fires │  TP │   FP │ Prec% │ Recall% │ FireRate
[14:59:32]   ─────────────────────────────────────────────────────── │ ───── │ ─── │ ──── │ ───── │ ─────── │ ────────
[14:59:32]   vwap_sigma_current + sigma_tide                         │    20 │  13 │    7 │ 65.0% │   12.7% │    0.44%
[14:59:32]   vwap_sigma_current + vwap_sigma_tide                    │    19 │  12 │    7 │ 63.2% │   10.9% │    0.41%
[14:59:32]   vwap_sigma_current + kf_price_pred_val                  │    19 │  12 │    7 │ 63.2% │   14.5% │    0.41%
[14:59:32]   vwap_sigma_current + wave_slope                         │    13 │   8 │    5 │ 61.5% │    9.1% │    0.28%
[14:59:32]   sigma_tide + vwap_sigma_wave                            │     7 │   4 │    3 │ 57.1% │    7.3% │    0.15%
[14:59:32]   sigma_tide + sigma_current                              │    30 │  17 │   13 │ 56.7% │   16.4% │    0.65%
[14:59:32]   vwap_sigma_tide + sigma_current                         │    25 │  14 │   11 │ 56.0% │   14.5% │    0.54%
[14:59:32]   wave_slope + sigma_current                              │    21 │  11 │   10 │ 52.4% │   14.5% │    0.46%
[14:59:32]   vwap_sigma_tide + vwap_sigma_wave                       │     6 │   3 │    3 │ 50.0% │    5.5% │    0.13%
[14:59:32]   vwap_sigma_tide + kf_price_pred_val                     │    26 │  13 │   13 │ 50.0% │   12.7% │    0.57%
[14:59:32] 
  TRIPLES (top 10):
[14:59:32]   Combo                                                   │ Fires │  TP │   FP │ Prec% │ Recall% │ FireRate
[14:59:32]   ─────────────────────────────────────────────────────── │ ───── │ ─── │ ──── │ ───── │ ─────── │ ────────
[14:59:32]   vwap_sigma_current + vwap_sigma_tide + sigma_tide       │    11 │   9 │    2 │ 81.8% │    9.1% │    0.24%
[14:59:32]   vwap_sigma_current + sigma_tide + kf_rsi_pred_val       │    15 │  11 │    4 │ 73.3% │   10.9% │    0.33%
[14:59:32]   vwap_sigma_current + vwap_sigma_tide + rsi_value        │    10 │   7 │    3 │ 70.0% │    7.3% │    0.22%
[14:59:32]   vwap_sigma_current + vwap_sigma_tide + kf_rsi_pred_val  │    10 │   7 │    3 │ 70.0% │    7.3% │    0.22%
[14:59:32]   vwap_sigma_current + sigma_tide + rsi_value             │    16 │  11 │    5 │ 68.8% │   10.9% │    0.35%
[14:59:32]   vwap_sigma_current + vwap_sigma_tide + vwap_sigma_wave  │     3 │   2 │    1 │ 66.7% │    3.6% │    0.07%
[14:59:32]   vwap_sigma_current + sigma_tide + vwap_sigma_wave       │     3 │   2 │    1 │ 66.7% │    3.6% │    0.07%
[14:59:32]   sigma_tide + vwap_sigma_wave + kf_rsi_pred_val          │     3 │   2 │    1 │ 66.7% │    3.6% │    0.07%
[14:59:32]   vwap_sigma_tide + sigma_tide + vwap_sigma_wave          │     5 │   3 │    2 │ 60.0% │    5.5% │    0.11%
[14:59:32]   vwap_sigma_tide + vwap_sigma_wave + rsi_value           │     4 │   2 │    2 │ 50.0% │    3.6% │    0.09%
[14:59:32] 
  ★ BEST (Prec with Recall≥10%): vwap_sigma_current + sigma_tide + kf_rsi_pred_val
[14:59:32]     Precision=73.3%  Recall=10.9%  Fires=15  TP=11  FP=4
[14:59:32] 
  ── HL (65 turns) ──
[14:59:32] 
  SINGLES:
[14:59:32]   Combo                                                   │ Fires │  TP │   FP │ Prec% │ Recall% │ FireRate
[14:59:32]   ─────────────────────────────────────────────────────── │ ───── │ ─── │ ──── │ ───── │ ─────── │ ────────
[14:59:32]   kf_price_pred_val                                       │   224 │  31 │  193 │ 13.8% │   30.8% │    4.87%
[14:59:32]   kf_price_filt_vel                                       │   221 │  29 │  192 │ 13.1% │   29.2% │    4.81%
[14:59:32]   wave_accel                                              │   241 │  31 │  210 │ 12.9% │   26.2% │    5.24%
[14:59:32]   vwap_sigma_current                                      │   102 │  11 │   91 │ 10.8% │    9.2% │    2.22%
[14:59:32]   vwap_sigma_wave                                         │    84 │   8 │   76 │  9.5% │    9.2% │    1.83%
[14:59:32] 
  PAIRS (top 10):
[14:59:32]   Combo                                                   │ Fires │  TP │   FP │ Prec% │ Recall% │ FireRate
[14:59:32]   ─────────────────────────────────────────────────────── │ ───── │ ─── │ ──── │ ───── │ ─────── │ ────────
[14:59:32]   sigma_wave + kf_price_filt_vel                          │    38 │   7 │   31 │ 18.4% │    7.7% │    0.83%
[14:59:32]   wave_accel + kf_price_filt_vel                          │    52 │   9 │   43 │ 17.3% │   10.8% │    1.13%
[14:59:32]   kf_price_pred_val + kf_price_filt_vel                   │   146 │  25 │  121 │ 17.1% │   27.7% │    3.18%
[14:59:32]   kf_tension_filt_vel + kf_price_filt_vel                 │    49 │   8 │   41 │ 16.3% │   10.8% │    1.07%
[14:59:32]   kf_rsi_filt_vel + wave_accel                            │    50 │   8 │   42 │ 16.0% │    7.7% │    1.09%
[14:59:32]   kf_price_pred_val + wave_accel                          │    69 │  11 │   58 │ 15.9% │   12.3% │    1.50%
[14:59:32]   wave_accel + kf_tension_filt_vel                        │    57 │   9 │   48 │ 15.8% │    9.2% │    1.24%
[14:59:32]   vwap_sigma_wave + vwap_sigma_current                    │    13 │   2 │   11 │ 15.4% │    3.1% │    0.28%
[14:59:32]   kf_price_pred_val + kf_tension_filt_vel                 │    73 │  11 │   62 │ 15.1% │   13.8% │    1.59%
[14:59:32]   sigma_wave + wave_accel                                 │    20 │   3 │   17 │ 15.0% │    4.6% │    0.44%
[14:59:32] 
  TRIPLES (top 10):
[14:59:32]   Combo                                                   │ Fires │  TP │   FP │ Prec% │ Recall% │ FireRate
[14:59:32]   ─────────────────────────────────────────────────────── │ ───── │ ─── │ ──── │ ───── │ ─────── │ ────────
[14:59:32]   sigma_wave + kf_rsi_filt_vel + wave_accel               │    16 │   3 │   13 │ 18.8% │    4.6% │    0.35%
[14:59:32]   kf_price_pred_val + kf_rsi_filt_vel + wave_accel        │    29 │   5 │   24 │ 17.2% │    6.2% │    0.63%
[14:59:32]   vwap_sigma_wave + kf_rsi_filt_vel + wave_accel          │     6 │   1 │    5 │ 16.7% │    1.5% │    0.13%
[14:59:32]   kf_price_pred_val + sigma_wave + wave_accel             │    20 │   3 │   17 │ 15.0% │    4.6% │    0.44%
[14:59:32]   sigma_current + kf_rsi_filt_vel + wave_accel            │    22 │   3 │   19 │ 13.6% │    3.1% │    0.48%
[14:59:32]   kf_price_pred_val + sigma_wave + kf_rsi_filt_vel        │    37 │   4 │   33 │ 10.8% │    6.2% │    0.80%
[14:59:32]   sigma_current + sigma_wave + wave_accel                 │    10 │   1 │    9 │ 10.0% │    1.5% │    0.22%
[14:59:32]   sigma_current + sigma_wave + kf_rsi_filt_vel            │    21 │   2 │   19 │  9.5% │    3.1% │    0.46%
[14:59:32]   sigma_current + kf_price_pred_val + kf_rsi_filt_vel     │    23 │   2 │   21 │  8.7% │    3.1% │    0.50%
[14:59:32]   sigma_current + kf_price_pred_val + wave_accel          │    26 │   2 │   24 │  7.7% │    3.1% │    0.57%
[14:59:32] 
  ★ BEST (Prec with Recall≥10%): wave_accel + kf_price_filt_vel
[14:59:32]     Precision=17.3%  Recall=10.8%  Fires=52  TP=9  FP=43
[14:59:32] 
  ── HH (61 turns) ──
[14:59:32] 
  SINGLES:
[14:59:32]   Combo                                                   │ Fires │  TP │   FP │ Prec% │ Recall% │ FireRate
[14:59:32]   ─────────────────────────────────────────────────────── │ ───── │ ─── │ ──── │ ───── │ ─────── │ ────────
[14:59:32]   current_accel                                           │   230 │  33 │  197 │ 14.3% │   23.0% │    5.00%
[14:59:32]   kf_conj_pred_val                                        │   227 │  32 │  195 │ 14.1% │   19.7% │    4.94%
[14:59:32]   conj_wave_tide                                          │   225 │  29 │  196 │ 12.9% │   18.0% │    4.89%
[14:59:32]   conj_current_tide                                       │   226 │  25 │  201 │ 11.1% │   14.8% │    4.92%
[14:59:32]   vwap_spread_current_wave                                │   251 │  27 │  224 │ 10.8% │   16.4% │    5.46%
[14:59:32] 
  PAIRS (top 10):
[14:59:32]   Combo                                                   │ Fires │  TP │   FP │ Prec% │ Recall% │ FireRate
[14:59:32]   ─────────────────────────────────────────────────────── │ ───── │ ─── │ ──── │ ───── │ ─────── │ ────────
[14:59:32]   kf_conj_pred_val + vwap_spread_current_wave             │    72 │  18 │   54 │ 25.0% │   11.5% │    1.57%
[14:59:32]   conj_wave_tide + vwap_spread_current_wave               │    83 │  19 │   64 │ 22.9% │   11.5% │    1.81%
[14:59:32]   current_accel + vwap_spread_current_wave                │    62 │  14 │   48 │ 22.6% │    9.8% │    1.35%
[14:59:32]   kf_conj_pred_val + conj_current_tide                    │    73 │  16 │   57 │ 21.9% │    9.8% │    1.59%
[14:59:32]   kf_conj_pred_val + wave_accel                           │    58 │  12 │   46 │ 20.7% │    9.8% │    1.26%
[14:59:32]   kf_conj_pred_val + vwap_spread_tide_current             │    81 │  15 │   66 │ 18.5% │    8.2% │    1.76%
[14:59:32]   conj_wave_tide + conj_current_tide                      │    83 │  15 │   68 │ 18.1% │    9.8% │    1.81%
[14:59:32]   vwap_spread_tide_current + kf_price_pred_val            │    62 │  11 │   51 │ 17.7% │   14.8% │    1.35%
[14:59:32]   current_accel + conj_wave_tide                          │    91 │  16 │   75 │ 17.6% │   11.5% │    1.98%
[14:59:32]   vwap_spread_tide_current + conj_wave_tide               │    86 │  15 │   71 │ 17.4% │    8.2% │    1.87%
[14:59:32] 
  TRIPLES (top 10):
[14:59:32]   Combo                                                   │ Fires │  TP │   FP │ Prec% │ Recall% │ FireRate
[14:59:32]   ─────────────────────────────────────────────────────── │ ───── │ ─── │ ──── │ ───── │ ─────── │ ────────
[14:59:32]   kf_conj_pred_val + vwap_spread_tide_current + vwap_spread_current_wave │    31 │   9 │   22 │ 29.0% │    4.9% │    0.67%
[14:59:32]   current_accel + conj_wave_tide + vwap_spread_current_wave │    44 │  12 │   32 │ 27.3% │    8.2% │    0.96%
[14:59:32]   kf_conj_pred_val + current_accel + vwap_spread_current_wave │    38 │  10 │   28 │ 26.3% │    8.2% │    0.83%
[14:59:32]   vwap_spread_tide_current + conj_wave_tide + vwap_spread_current_wave │    35 │   9 │   26 │ 25.7% │    4.9% │    0.76%
[14:59:32]   kf_conj_pred_val + conj_wave_tide + vwap_spread_current_wave │    69 │  17 │   52 │ 24.6% │   11.5% │    1.50%
[14:59:32]   current_accel + vwap_spread_tide_current + vwap_spread_current_wave │    31 │   7 │   24 │ 22.6% │    4.9% │    0.67%
[14:59:32]   kf_conj_pred_val + vwap_spread_tide_current + conj_wave_tide │    73 │  15 │   58 │ 20.5% │    8.2% │    1.59%
[14:59:32]   kf_conj_pred_val + vwap_spread_tide_wave + conj_wave_tide │    62 │  11 │   51 │ 17.7% │    8.2% │    1.35%
[14:59:32]   kf_conj_pred_val + vwap_spread_tide_wave + vwap_spread_current_wave │    40 │   7 │   33 │ 17.5% │    4.9% │    0.87%
[14:59:32]   kf_conj_pred_val + current_accel + conj_wave_tide       │    81 │  14 │   67 │ 17.3% │   11.5% │    1.76%
[14:59:32] 
  ★ BEST (Prec with Recall≥10%): kf_conj_pred_val + vwap_spread_current_wave
[14:59:32]     Precision=25.0%  Recall=11.5%  Fires=72  TP=18  FP=54
[14:59:32] 
  ── LH (58 turns) ──
[14:59:32] 
  SINGLES:
[14:59:32]   Combo                                                   │ Fires │  TP │   FP │ Prec% │ Recall% │ FireRate
[14:59:32]   ─────────────────────────────────────────────────────── │ ───── │ ─── │ ──── │ ───── │ ─────── │ ────────
[14:59:32]   compression_ratio                                       │   165 │  23 │  142 │ 13.9% │   13.8% │    3.59%
[14:59:32]   kf_price_filt_vel                                       │   221 │  27 │  194 │ 12.2% │   27.6% │    4.81%
[14:59:32]   kf_price_pred_val                                       │   224 │  27 │  197 │ 12.1% │   29.3% │    4.87%
[14:59:32]   wave_slope                                              │   217 │  21 │  196 │  9.7% │   15.5% │    4.72%
[14:59:32]   kf_price_innovation                                     │   208 │  20 │  188 │  9.6% │   24.1% │    4.52%
[14:59:32] 
  PAIRS (top 10):
[14:59:32]   Combo                                                   │ Fires │  TP │   FP │ Prec% │ Recall% │ FireRate
[14:59:32]   ─────────────────────────────────────────────────────── │ ───── │ ─── │ ──── │ ───── │ ─────── │ ────────
[14:59:32]   kf_price_filt_vel + compression_ratio                   │    38 │  11 │   27 │ 28.9% │    8.6% │    0.83%
[14:59:32]   kf_conj_filt_vel + vwap_sigma_tide                      │    21 │   6 │   15 │ 28.6% │    5.2% │    0.46%
[14:59:32]   wave_accel + vwap_sigma_tide                            │    21 │   6 │   15 │ 28.6% │    6.9% │    0.46%
[14:59:32]   kf_price_pred_val + compression_ratio                   │    40 │  11 │   29 │ 27.5% │   10.3% │    0.87%
[14:59:32]   kf_price_filt_vel + vwap_sigma_tide                     │    19 │   5 │   14 │ 26.3% │    6.9% │    0.41%
[14:59:32]   compression_ratio + vwap_sigma_tide                     │    20 │   5 │   15 │ 25.0% │    5.2% │    0.44%
[14:59:32]   kf_price_pred_val + wave_slope                          │    50 │  11 │   39 │ 22.0% │   10.3% │    1.09%
[14:59:32]   compression_ratio + wave_accel                          │    50 │  11 │   39 │ 22.0% │   10.3% │    1.09%
[14:59:32]   compression_ratio + wave_slope                          │    42 │   9 │   33 │ 21.4% │    6.9% │    0.91%
[14:59:32]   conj_wave_current + vwap_sigma_tide                     │    14 │   3 │   11 │ 21.4% │    3.4% │    0.30%
[14:59:32] 
  TRIPLES (top 10):
[14:59:32]   Combo                                                   │ Fires │  TP │   FP │ Prec% │ Recall% │ FireRate
[14:59:32]   ─────────────────────────────────────────────────────── │ ───── │ ─── │ ──── │ ───── │ ─────── │ ────────
[14:59:32]   kf_price_pred_val + kf_conj_filt_vel + compression_ratio │    20 │   8 │   12 │ 40.0% │    5.2% │    0.44%
[14:59:32]   kf_price_pred_val + compression_ratio + wave_slope      │    10 │   4 │    6 │ 40.0% │    5.2% │    0.22%
[14:59:32]   kf_price_filt_vel + compression_ratio + wave_slope      │    13 │   5 │    8 │ 38.5% │    5.2% │    0.28%
[14:59:32]   kf_price_filt_vel + kf_conj_filt_vel + compression_ratio │    19 │   7 │   12 │ 36.8% │    5.2% │    0.41%
[14:59:32]   kf_price_innovation + compression_ratio + wave_slope    │    14 │   5 │    9 │ 35.7% │    5.2% │    0.30%
[14:59:32]   kf_price_filt_vel + kf_price_innovation + compression_ratio │    21 │   7 │   14 │ 33.3% │    8.6% │    0.46%
[14:59:32]   kf_price_pred_val + kf_price_filt_vel + compression_ratio │    27 │   8 │   19 │ 29.6% │    8.6% │    0.59%
[14:59:32]   kf_price_pred_val + kf_conj_filt_vel + wave_slope       │    27 │   8 │   19 │ 29.6% │    8.6% │    0.59%
[14:59:32]   kf_price_filt_vel + kf_conj_filt_vel + wave_slope       │    28 │   8 │   20 │ 28.6% │    8.6% │    0.61%
[14:59:32]   kf_price_innovation + kf_conj_filt_vel + compression_ratio │    15 │   4 │   11 │ 26.7% │    5.2% │    0.33%
[14:59:32] 
  ★ BEST (Prec with Recall≥10%): kf_price_pred_val + compression_ratio
[14:59:32]     Precision=27.5%  Recall=10.3%  Fires=40  TP=11  FP=29
[14:59:32] ════════════════════════════════════════════════════════════════════════════════════════════════════
[14:59:32]   CROSS-TICKER CONJUNCTION SUMMARY
[14:59:32] ════════════════════════════════════════════════════════════════════════════════════════════════════
[14:59:32] 
  ── LL ──
[14:59:32] 
  SINGLES:
[14:59:32]   Combo                                                   │ #Tk │ Med P% │        P range │ Med R% │  ΣTP │   ΣFP │ Glob P%
[14:59:32]   ─────────────────────────────────────────────────────── │ ─── │ ────── │ ────────────── │ ────── │ ──── │ ───── │ ───────
[14:59:32]   vwap_sigma_current                                      │  17 │  25.5% │  14.7%- 42.1% │  36.0% │  643 │  1746 │   26.9%
[14:59:32]   vwap_sigma_tide                                         │  17 │  22.0% │  15.0%- 46.1% │  33.3% │  719 │  2320 │   23.7%
[14:59:32]   sigma_tide                                              │  17 │  19.6% │  11.3%- 27.7% │  32.1% │  626 │  2386 │   20.8%
[14:59:32]   vwap_sigma_wave                                         │  17 │  16.1% │   1.0%- 37.9% │  23.7% │  362 │  1667 │   17.8%
[14:59:32]   rsi_value                                               │  17 │  16.0% │  10.3%- 30.3% │  34.6% │  601 │  2733 │   18.0%
[14:59:32]   kf_rsi_pred_val                                         │  17 │  16.0% │   9.6%- 28.5% │  33.3% │  551 │  2830 │   16.3%
[14:59:32]   kf_price_pred_val                                       │  17 │  14.6% │   9.7%- 20.8% │  45.7% │  592 │  3540 │   14.3%
[14:59:32]   wave_slope                                              │  17 │  12.4% │   7.5%- 21.8% │  18.8% │  495 │  3605 │   12.1%
[14:59:32]   fear_level                                              │  12 │  11.9% │   5.0%- 23.2% │  24.1% │  380 │  2439 │   13.5%
[14:59:32]   sigma_current                                           │  17 │  10.9% │   6.0%- 17.4% │  25.0% │  350 │  2615 │   11.8%
[14:59:32] 
  PAIRS:
[14:59:32]   Combo                                                   │ #Tk │ Med P% │        P range │ Med R% │  ΣTP │   ΣFP │ Glob P%
[14:59:32]   ─────────────────────────────────────────────────────── │ ─── │ ────── │ ────────────── │ ────── │ ──── │ ───── │ ───────
[14:59:32]   vwap_sigma_wave + wave_slope                            │  13 │  66.7% │   0.0%-100.0% │   3.7% │   33 │    19 │   63.5%
[14:59:32]   vwap_sigma_current + wave_slope                         │  17 │  61.1% │  25.0%-100.0% │   9.4% │  188 │   215 │   46.7%
[14:59:32]   vwap_sigma_tide + sigma_current                         │  17 │  53.3% │  27.3%- 75.0% │  10.2% │  141 │   141 │   50.0%
[14:59:32]   wave_slope + sigma_current                              │  14 │  53.1% │  14.3%-100.0% │  11.3% │  110 │   175 │   38.6%
[14:59:32]   vwap_sigma_tide + vwap_sigma_wave                       │  17 │  50.0% │   0.0%- 75.0% │  10.4% │  122 │   125 │   49.4%
[14:59:32]   rsi_value + fear_level                                  │  12 │  49.0% │  16.7%- 83.3% │  11.3% │  125 │   186 │   40.2%
[14:59:32]   vwap_sigma_current + vwap_sigma_tide                    │  17 │  47.8% │  25.0%- 77.8% │  16.5% │  276 │   319 │   46.4%
[14:59:32]   vwap_sigma_current + kf_price_pred_val                  │  17 │  46.9% │  29.4%- 68.2% │  24.2% │  267 │   325 │   45.1%
[14:59:32]   vwap_sigma_tide + kf_price_pred_val                     │  17 │  45.5% │  23.1%- 63.3% │  18.6% │  277 │   418 │   39.9%
[14:59:32]   sigma_tide + fear_level                                 │   9 │  45.0% │  33.3%-100.0% │   3.8% │   56 │    58 │   49.1%
[14:59:32] 
  TRIPLES:
[14:59:32]   Combo                                                   │ #Tk │ Med P% │        P range │ Med R% │  ΣTP │   ΣFP │ Glob P%
[14:59:32]   ─────────────────────────────────────────────────────── │ ─── │ ────── │ ────────────── │ ────── │ ──── │ ───── │ ───────
[14:59:32]   vwap_sigma_tide + sigma_tide + vwap_sigma_wave          │  14 │  62.1% │   0.0%-100.0% │   6.0% │   52 │    36 │   59.1%
[14:59:32]   vwap_sigma_current + vwap_sigma_tide + sigma_tide       │  16 │  61.4% │  16.7%- 85.7% │   9.5% │  146 │   106 │   57.9%
[14:59:32]   vwap_sigma_current + vwap_sigma_tide + vwap_sigma_wave  │  16 │  59.2% │   0.0%- 83.3% │   8.4% │   83 │    70 │   54.2%
[14:59:32]   vwap_sigma_tide + vwap_sigma_wave + rsi_value           │  17 │  50.0% │   0.0%- 90.0% │   6.1% │   71 │    69 │   50.7%
[14:59:32]   vwap_sigma_tide + vwap_sigma_wave + kf_rsi_pred_val     │  16 │  50.0% │   0.0%- 83.3% │   5.1% │   65 │    58 │   52.8%
[14:59:32]   vwap_sigma_current + sigma_tide + vwap_sigma_wave       │  16 │  48.1% │   0.0%- 82.4% │   9.1% │  110 │   118 │   48.2%
[14:59:32]   vwap_sigma_current + vwap_sigma_tide + rsi_value        │  17 │  47.1% │  36.4%- 88.9% │  12.5% │  184 │   180 │   50.5%
[14:59:32]   vwap_sigma_current + vwap_sigma_tide + kf_rsi_pred_val  │  17 │  47.1% │  30.8%- 87.5% │  11.4% │  166 │   168 │   49.7%
[14:59:32]   vwap_sigma_tide + sigma_tide + rsi_value                │  17 │  44.0% │  17.4%- 83.3% │   8.0% │  178 │   253 │   41.3%
[14:59:32]   vwap_sigma_current + sigma_tide + rsi_value             │  17 │  42.1% │  23.5%- 76.9% │  14.0% │  223 │   268 │   45.4%
[14:59:32] 
  ── HL ──
[14:59:32] 
  SINGLES:
[14:59:32]   Combo                                                   │ #Tk │ Med P% │        P range │ Med R% │  ΣTP │   ΣFP │ Glob P%
[14:59:32]   ─────────────────────────────────────────────────────── │ ─── │ ────── │ ────────────── │ ────── │ ──── │ ───── │ ───────
[14:59:32]   sigma_current                                           │  17 │  14.0% │   7.7%- 19.3% │  20.0% │  406 │  2559 │   13.7%
[14:59:32]   kf_price_pred_val                                       │  17 │  10.8% │   7.5%- 22.2% │  30.6% │  483 │  3649 │   11.7%
[14:59:32]   vwap_sigma_wave                                         │  17 │  10.6% │   4.3%- 24.5% │  15.3% │  245 │  1784 │   12.1%
[14:59:32]   sigma_wave                                              │  17 │   9.2% │   3.6%- 17.5% │  15.0% │  256 │  2243 │   10.2%
[14:59:32]   kf_rsi_filt_vel                                         │  17 │   9.0% │   4.5%- 19.1% │  20.0% │  391 │  3608 │    9.8%
[14:59:32]   wave_accel                                              │  17 │   8.6% │   3.6%- 17.4% │  20.9% │  387 │  3881 │    9.1%
[14:59:32]   vwap_sigma_current                                      │  17 │   8.3% │   2.2%- 17.9% │  10.0% │  221 │  2168 │    9.3%
[14:59:32]   kf_tension_filt_vel                                     │  17 │   8.2% │   2.6%- 16.4% │  18.6% │  427 │  4280 │    9.1%
[14:59:32]   kf_price_filt_vel                                       │  17 │   8.1% │   4.6%- 22.3% │  23.1% │  382 │  3632 │    9.5%
[14:59:32]   conj_wave_tide                                          │  17 │   8.0% │   0.5%- 19.7% │  13.2% │  325 │  3838 │    7.8%
[14:59:32] 
  PAIRS:
[14:59:32]   Combo                                                   │ #Tk │ Med P% │        P range │ Med R% │  ΣTP │   ΣFP │ Glob P%
[14:59:32]   ─────────────────────────────────────────────────────── │ ─── │ ────── │ ────────────── │ ────── │ ──── │ ───── │ ───────
[14:59:32]   sigma_current + kf_tension_filt_vel                     │  17 │  18.5% │   0.0%- 31.4% │   8.1% │  180 │   790 │   18.6%
[14:59:32]   sigma_current + vwap_sigma_wave                         │  17 │  18.0% │   4.3%- 25.9% │   7.9% │  110 │   535 │   17.1%
[14:59:32]   sigma_wave + wave_accel                                 │  17 │  17.1% │   0.0%- 28.6% │   4.7% │   69 │   349 │   16.5%
[14:59:32]   vwap_sigma_wave + kf_tension_filt_vel                   │  17 │  16.0% │   0.0%- 30.0% │   3.6% │   70 │   393 │   15.1%
[14:59:32]   sigma_current + kf_rsi_filt_vel                         │  17 │  15.1% │   5.5%- 34.0% │   9.6% │  174 │   887 │   16.4%
[14:59:32]   kf_price_pred_val + kf_tension_filt_vel                 │  17 │  15.1% │   4.5%- 27.8% │   9.5% │  146 │   840 │   14.8%
[14:59:32]   sigma_current + kf_price_pred_val                       │  17 │  14.8% │   4.5%- 32.5% │  10.0% │  130 │   758 │   14.6%
[14:59:32]   sigma_current + sigma_wave                              │  17 │  14.5% │   6.8%- 22.4% │   8.3% │  149 │   825 │   15.3%
[14:59:32]   vwap_sigma_wave + kf_rsi_filt_vel                       │  17 │  14.3% │   4.0%- 25.6% │   3.5% │   68 │   412 │   14.2%
[14:59:32]   sigma_wave + kf_tension_filt_vel                        │  17 │  14.3% │   0.0%- 34.8% │   5.9% │  115 │   663 │   14.8%
[14:59:32] 
  TRIPLES:
[14:59:32]   Combo                                                   │ #Tk │ Med P% │        P range │ Med R% │  ΣTP │   ΣFP │ Glob P%
[14:59:32]   ─────────────────────────────────────────────────────── │ ─── │ ────── │ ────────────── │ ────── │ ──── │ ───── │ ───────
[14:59:32]   sigma_current + sigma_wave + kf_rsi_filt_vel            │  17 │  18.9% │   0.0%- 34.3% │   7.1% │  120 │   494 │   19.5%
[14:59:32]   sigma_current + kf_price_pred_val + kf_rsi_filt_vel     │  17 │  18.5% │   7.1%- 50.0% │   7.1% │   96 │   383 │   20.0%
[14:59:32]   sigma_wave + kf_rsi_filt_vel + wave_accel               │  17 │  18.2% │   0.0%- 42.3% │   3.5% │   56 │   218 │   20.4%
[14:59:32]   kf_price_pred_val + sigma_wave + wave_accel             │  17 │  17.6% │   0.0%- 33.3% │   4.3% │   56 │   290 │   16.2%
[14:59:32]   kf_price_pred_val + sigma_wave + kf_rsi_filt_vel        │  17 │  17.4% │   0.0%- 35.5% │   6.6% │  108 │   518 │   17.3%
[14:59:32]   sigma_current + sigma_wave + wave_accel                 │  17 │  15.4% │   0.0%- 37.5% │   2.4% │   48 │   215 │   18.3%
[14:59:32]   sigma_current + kf_price_pred_val + sigma_wave          │  17 │  15.0% │   5.6%- 41.2% │   5.4% │   86 │   433 │   16.6%
[14:59:32]   sigma_current + vwap_sigma_wave + kf_rsi_filt_vel       │  17 │  14.8% │   5.6%- 33.3% │   3.5% │   49 │   231 │   17.5%
[14:59:32]   sigma_current + kf_price_pred_val + wave_accel          │  17 │  14.3% │   3.1%- 40.0% │   4.3% │   65 │   378 │   14.7%
[14:59:32]   sigma_current + kf_rsi_filt_vel + wave_accel            │  17 │  14.3% │   4.5%- 50.0% │   2.9% │   62 │   243 │   20.3%
[14:59:32] 
  ── HH ──
[14:59:32] 
  SINGLES:
[14:59:32]   Combo                                                   │ #Tk │ Med P% │        P range │ Med R% │  ΣTP │   ΣFP │ Glob P%
[14:59:32]   ─────────────────────────────────────────────────────── │ ─── │ ────── │ ────────────── │ ────── │ ──── │ ───── │ ───────
[14:59:32]   kf_conj_pred_val                                        │  17 │   8.3% │   1.2%- 17.8% │  11.5% │  331 │  3849 │    7.9%
[14:59:32]   current_accel                                           │  17 │   8.0% │   1.9%- 18.3% │  14.3% │  370 │  3909 │    8.6%
[14:59:32]   vwap_spread_tide_wave                                   │  17 │   8.0% │   3.1%- 15.5% │  10.7% │  364 │  4221 │    7.9%
[14:59:32]   vwap_spread_tide_current                                │  17 │   7.9% │   2.7%- 14.1% │   9.5% │  358 │  4052 │    8.1%
[14:59:32]   conj_wave_tide                                          │  17 │   7.7% │   2.1%- 18.1% │  11.5% │  337 │  3826 │    8.1%
[14:59:32]   vwap_spread_current_wave                                │  17 │   7.6% │   2.2%- 17.4% │   9.1% │  316 │  3841 │    7.6%
[14:59:32]   conj_current_tide                                       │  17 │   6.9% │   0.0%- 16.3% │  11.8% │  336 │  3918 │    7.9%
[14:59:32]   wave_accel                                              │  17 │   6.8% │   1.7%- 19.0% │  13.6% │  314 │  3954 │    7.4%
[14:59:32]   kf_price_pred_val                                       │  17 │   6.8% │   2.0%- 19.8% │  20.3% │  339 │  3793 │    8.2%
[14:59:32]   conj_wave_current                                       │  17 │   6.8% │   3.1%- 16.0% │  11.1% │  301 │  3662 │    7.6%
[14:59:32] 
  PAIRS:
[14:59:32]   Combo                                                   │ #Tk │ Med P% │        P range │ Med R% │  ΣTP │   ΣFP │ Glob P%
[14:59:32]   ─────────────────────────────────────────────────────── │ ─── │ ────── │ ────────────── │ ────── │ ──── │ ───── │ ───────
[14:59:32]   vwap_spread_tide_current + kf_price_pred_val            │  17 │  13.6% │   0.0%- 37.0% │   5.6% │  106 │   614 │   14.7%
[14:59:32]   kf_price_pred_val + conj_wave_current                   │  17 │  12.9% │   0.0%- 30.6% │   5.6% │   93 │   668 │   12.2%
[14:59:32]   current_accel + vwap_spread_tide_wave                   │  17 │  12.9% │   0.0%- 35.3% │   4.5% │  114 │   879 │   11.5%
[14:59:32]   kf_conj_pred_val + kf_price_pred_val                    │  17 │  12.5% │   0.0%- 34.6% │   5.4% │   96 │   697 │   12.1%
[14:59:32]   vwap_spread_tide_current + conj_current_tide            │  17 │  12.2% │   0.0%- 30.0% │   3.6% │  109 │   836 │   11.5%
[14:59:32]   current_accel + vwap_spread_tide_current                │  17 │  12.1% │   0.0%- 38.8% │   3.6% │  126 │   868 │   12.7%
[14:59:32]   current_accel + vwap_spread_current_wave                │  17 │  12.0% │   0.0%- 23.3% │   4.5% │   97 │   767 │   11.2%
[14:59:32]   kf_conj_pred_val + vwap_spread_tide_current             │  17 │  11.9% │   0.0%- 30.0% │   2.3% │  100 │   744 │   11.8%
[14:59:32]   vwap_spread_tide_current + conj_wave_tide               │  17 │  11.7% │   0.0%- 33.3% │   2.3% │   96 │   762 │   11.2%
[14:59:32]   kf_conj_pred_val + vwap_spread_tide_wave                │  16 │  11.7% │   0.0%- 26.3% │   2.7% │   92 │   759 │   10.8%
[14:59:32] 
  TRIPLES:
[14:59:32]   Combo                                                   │ #Tk │ Med P% │        P range │ Med R% │  ΣTP │   ΣFP │ Glob P%
[14:59:32]   ─────────────────────────────────────────────────────── │ ─── │ ────── │ ────────────── │ ────── │ ──── │ ───── │ ───────
[14:59:32]   kf_conj_pred_val + current_accel + vwap_spread_tide_current │  17 │  16.7% │   0.0%- 40.9% │   2.2% │   67 │   360 │   15.7%
[14:59:32]   current_accel + vwap_spread_tide_current + conj_wave_tide │  17 │  16.7% │   0.0%- 45.0% │   2.2% │   63 │   369 │   14.6%
[14:59:32]   kf_conj_pred_val + current_accel + vwap_spread_tide_wave │  16 │  14.7% │   0.0%- 25.0% │   2.2% │   57 │   380 │   13.0%
[14:59:32]   current_accel + vwap_spread_tide_wave + conj_wave_tide  │  16 │  12.9% │   0.0%- 33.3% │   2.2% │   52 │   386 │   11.9%
[14:59:32]   kf_conj_pred_val + vwap_spread_tide_current + conj_wave_tide │  17 │  12.3% │   0.0%- 33.3% │   2.3% │   96 │   687 │   12.3%
[14:59:32]   kf_conj_pred_val + vwap_spread_tide_wave + vwap_spread_tide_current │  16 │  12.0% │   0.0%- 24.1% │   1.9% │   74 │   559 │   11.7%
[14:59:32]   kf_conj_pred_val + vwap_spread_tide_wave + vwap_spread_current_wave │  14 │  11.8% │   0.0%- 33.3% │   1.9% │   42 │   395 │    9.6%
[14:59:32]   kf_conj_pred_val + vwap_spread_tide_wave + conj_wave_tide │  16 │  11.3% │   0.0%- 29.4% │   2.7% │   87 │   704 │   11.0%
[14:59:32]   kf_conj_pred_val + vwap_spread_tide_current + vwap_spread_current_wave │  12 │  11.0% │   0.0%- 29.0% │   1.3% │   36 │   272 │   11.7%
[14:59:32]   vwap_spread_tide_wave + vwap_spread_tide_current + conj_wave_tide │  16 │  10.9% │   0.0%- 25.0% │   1.9% │   70 │   562 │   11.1%
[14:59:32] 
  ── LH ──
[14:59:32] 
  SINGLES:
[14:59:32]   Combo                                                   │ #Tk │ Med P% │        P range │ Med R% │  ΣTP │   ΣFP │ Glob P%
[14:59:32]   ─────────────────────────────────────────────────────── │ ─── │ ────── │ ────────────── │ ────── │ ──── │ ───── │ ───────
[14:59:32]   kf_price_pred_val                                       │  17 │  10.3% │   6.7%- 19.3% │  33.3% │  484 │  3648 │   11.7%
[14:59:32]   kf_price_filt_vel                                       │  17 │  10.1% │   5.1%- 19.1% │  34.1% │  455 │  3559 │   11.3%
[14:59:32]   kf_price_innovation                                     │  17 │   9.6% │   4.0%- 18.4% │  32.7% │  423 │  3548 │   10.7%
[14:59:32]   kf_conj_filt_vel                                        │  17 │   9.4% │   4.3%- 18.9% │  20.0% │  413 │  3761 │    9.9%
[14:59:32]   compression_ratio                                       │  17 │   8.9% │   5.9%- 13.9% │  15.2% │  337 │  3418 │    9.0%
[14:59:32]   wave_slope                                              │  17 │   8.6% │   3.7%- 20.3% │  16.7% │  394 │  3706 │    9.6%
[14:59:32]   wave_accel                                              │  17 │   8.5% │   5.0%- 17.9% │  27.1% │  391 │  3877 │    9.2%
[14:59:32]   conj_wave_current                                       │  17 │   7.9% │   2.7%- 14.4% │  13.8% │  345 │  3618 │    8.7%
[14:59:32]   kf_conj_pred_val                                        │  17 │   7.9% │   4.8%- 15.0% │  16.7% │  369 │  3811 │    8.8%
[14:59:32]   vwap_sigma_tide                                         │  17 │   7.5% │   2.1%- 17.9% │  10.9% │  245 │  2794 │    8.1%
[14:59:32] 
  PAIRS:
[14:59:32]   Combo                                                   │ #Tk │ Med P% │        P range │ Med R% │  ΣTP │   ΣFP │ Glob P%
[14:59:32]   ─────────────────────────────────────────────────────── │ ─── │ ────── │ ────────────── │ ────── │ ──── │ ───── │ ───────
[14:59:32]   kf_price_pred_val + compression_ratio                   │  17 │  23.2% │   9.1%- 47.6% │   8.7% │  143 │   452 │   24.0%
[14:59:32]   kf_price_pred_val + kf_conj_pred_val                    │  17 │  22.9% │   0.0%- 36.8% │  11.1% │  172 │   621 │   21.7%
[14:59:32]   kf_price_pred_val + wave_slope                          │  17 │  22.0% │  12.0%- 31.6% │  11.1% │  194 │   686 │   22.0%
[14:59:32]   kf_price_pred_val + kf_conj_filt_vel                    │  17 │  21.3% │   7.1%- 26.7% │  10.3% │  165 │   644 │   20.4%
[14:59:32]   kf_price_filt_vel + compression_ratio                   │  17 │  21.2% │   6.5%- 47.4% │   8.6% │  136 │   466 │   22.6%
[14:59:32]   kf_price_innovation + compression_ratio                 │  17 │  21.1% │   9.5%- 47.1% │   8.3% │  139 │   472 │   22.7%
[14:59:32]   conj_wave_current + vwap_sigma_tide                     │  17 │  21.0% │   0.0%- 50.0% │   6.9% │  120 │   453 │   20.9%
[14:59:32]   kf_price_filt_vel + kf_conj_filt_vel                    │  17 │  20.3% │   6.5%- 31.0% │  10.3% │  158 │   639 │   19.8%
[14:59:32]   compression_ratio + wave_slope                          │  17 │  19.6% │   0.0%- 75.0% │   4.3% │   99 │   446 │   18.2%
[14:59:32]   kf_conj_filt_vel + compression_ratio                    │  17 │  19.2% │   4.0%- 35.3% │   6.9% │  156 │   783 │   16.6%
[14:59:32] 
  TRIPLES:
[14:59:32]   Combo                                                   │ #Tk │ Med P% │        P range │ Med R% │  ΣTP │   ΣFP │ Glob P%
[14:59:32]   ─────────────────────────────────────────────────────── │ ─── │ ────── │ ────────────── │ ────── │ ──── │ ───── │ ───────
[14:59:32]   kf_price_innovation + compression_ratio + wave_slope    │  16 │  33.3% │   0.0%-100.0% │   2.8% │   65 │   143 │   31.2%
[14:59:32]   kf_price_pred_val + kf_conj_filt_vel + compression_ratio │  17 │  30.4% │  10.0%- 66.7% │   5.7% │   92 │   171 │   35.0%
[14:59:32]   kf_price_pred_val + compression_ratio + wave_slope      │  17 │  30.4% │   0.0%- 71.4% │   3.6% │   65 │   128 │   33.7%
[14:59:32]   kf_price_filt_vel + kf_conj_filt_vel + compression_ratio │  17 │  29.6% │  10.5%- 75.0% │   5.6% │   84 │   184 │   31.3%
[14:59:32]   kf_price_pred_val + kf_price_filt_vel + compression_ratio │  17 │  29.4% │   9.1%- 53.3% │   8.6% │  111 │   304 │   26.7%
[14:59:32]   kf_price_pred_val + kf_price_innovation + compression_ratio │  17 │  28.6% │   0.0%- 75.0% │   6.9% │   93 │   174 │   34.8%
[14:59:32]   kf_price_filt_vel + kf_price_innovation + compression_ratio │  17 │  27.6% │   9.1%- 70.0% │   7.3% │  100 │   202 │   33.1%
[14:59:32]   kf_price_filt_vel + kf_price_innovation + kf_conj_filt_vel │  17 │  27.3% │   5.9%- 45.5% │  10.0% │  107 │   307 │   25.8%
[14:59:32]   kf_price_innovation + kf_conj_filt_vel + compression_ratio │  17 │  27.3% │  10.0%- 63.6% │   5.5% │   87 │   202 │   30.1%
[14:59:32]   kf_price_pred_val + kf_price_innovation + wave_slope    │  17 │  25.0% │   8.3%- 40.0% │   8.9% │  107 │   294 │   26.7%
[14:59:32] 
  COMPLETE in 8s (0.1min)