ticker,archetype,direction,alarm_lead,alarm_feature,ramp_slope,max_pre_density,explosion_density,explosion_energy,confirmation_decay,n_active_at_t0,price
AAPL,UNKNOWN,BOTTOM,1.0,current_slope,-0.3455,13,9,77.29,-1.0,9,0.2455350011587143
AAPL,LL,BOTTOM,1.0,vwap_spread_current_wave,-0.2121,12,10,81.01,-0.6,10,0.23660700023174286
AAPL,HL,BOTTOM,1.0,vwap_spread_current_wave,-0.0424,10,8,70.35,-0.8,8,0.24441899359226227
AAPL,LH,TOP,1.0,vwap_spread_current_wave,-0.1152,10,6,57.05,0.4,6,0.2533479928970337
AAPL,HH,TOP,1.0,vwap_spread_current_wave,-0.2242,10,6,56.22,0.6,6,0.2544640004634857
AAPL,LH,TOP,1.0,vwap_spread_current_wave,-0.3515,10,6,55.44,0.9,6,0.2455350011587143
AAPL,LL,BOTTOM,1.0,current_slope,-0.2667,8,6,33.48,-0.5,6,0.22544600069522858
AAPL,LL,BOTTOM,1.0,d_tide_slope,-0.2303,8,7,38.99,-0.2,7,0.21651799976825714
AAPL,HL,BOTTOM,1.0,d_tide_slope,-0.1152,8,6,34.91,-0.2,6,0.21875
AAPL,LH,TOP,1.0,d_tide_slope,-0.1212,7,5,30.26,-0.0,5,0.21875
AAPL,HH,TOP,1.0,d_tide_slope,-0.1515,7,4,25.24,0.2,4,0.22767800092697144
AAPL,LH,TOP,1.0,vwap_spread_tide_current,-0.2242,7,4,25.6,0.3,4,0.22098200023174286
AAPL,LL,BOTTOM,1.0,vwap_spread_tide_current,0.3394,7,7,35.83,-0.6,7,0.20535700023174286
AAPL,LL,BOTTOM,1.0,vwap_spread_tide_current,0.3818,7,6,31.94,0.6,6,0.20200900733470917
AAPL,HH,TOP,1.0,kf_conjugation_pred_val,0.2121,7,7,45.02,-0.6,7,0.28125
AAPL,HH,TOP,1.0,kf_conjugation_pred_val,0.3091,7,8,56.74,-0.6,8,0.2924099862575531
AAPL,LH,TOP,1.0,d_current_slope,0.503,8,8,50.72,-0.4,8,0.282366007566452
AAPL,HL,BOTTOM,1.0,kf_conjugation_pred_val,0.3818,8,6,44.34,-0.0,6,0.27455300092697144
AAPL,LL,BOTTOM,1.0,kf_conjugation_pred_val,0.1212,8,6,43.65,0.6,6,0.2689729928970337
AAPL,HL,BOTTOM,1.0,kf_conjugation_pred_val,-0.1091,8,6,42.32,0.5,6,0.27455300092697144
AAPL,HH,TOP,1.0,conj_wave_tide,-0.2364,8,6,36.47,-1.0,6,0.2857140004634857
AAPL,HH,TOP,1.0,conj_wave_tide,-0.2545,8,9,53.73,-0.6,9,0.3035709857940674
AAPL,LH,TOP,1.0,conj_wave_tide,-0.0303,9,7,40.63,-0.5,7,0.29910698533058167
AAPL,LL,BOTTOM,1.0,conj_current_tide,0.0,3,6,33.27,-1.0,6,0.26785698533058167
AAPL,LL,BOTTOM,1.0,conj_current_tide,0.1636,6,8,48.3,-0.3,8,0.25223198533058167
AAPL,LH,TOP,1.0,conj_current_tide,0.3576,8,4,21.11,-0.2,4,0.26004400849342346
AAPL,HH,TOP,1.0,conj_current_tide,0.303,8,4,20.62,-0.2,4,0.265625
AAPL,LH,TOP,1.0,tide_slope,0.2364,8,3,16.12,-0.1,3,0.2622770071029663
AAPL,LL,BOTTOM,1.0,tide_slope,-0.297,8,2,10.27,-0.4,2,0.25
AAPL,LL,BOTTOM,1.0,tide_slope,-0.4848,8,3,16.23,-0.6,3,0.24330300092697144
AAPL,HH,TOP,1.0,tide_slope,-0.1152,3,1,5.77,0.1,1,0.28125
AAPL,HH,TOP,1.0,tide_slope,-0.1636,3,4,25.63,0.8,4,0.3013390004634857
AAPL,LH,TOP,1.0,kf_price_pred_val,-0.0242,4,1,5.64,-0.0,1,0.2924099862575531
AAPL,HL,BOTTOM,1.0,tide_slope,-0.0788,4,1,5.2,0.3,1,0.2622770071029663
AAPL,LL,BOTTOM,1.0,tide_slope,-0.2121,4,1,5.17,0.1,1,0.2611599862575531
AAPL,HL,BOTTOM,1.0,tide_slope,-0.1455,4,1,5.13,-0.7,1,0.266741007566452
AAPL,HH,TOP,1.0,kf_price_filt_vel,-0.1091,4,4,30.78,-0.2,4,0.3125
AAPL,LH,TOP,1.0,kf_price_pred_val,-0.0,4,1,4.95,-0.4,1,0.30245500802993774
AAPL,HL,BOTTOM,1.0,tide_slope,0.0606,4,1,4.72,0.6,1,0.2924099862575531
AAPL,HL,BOTTOM,1.0,tide_slope,-0.0364,4,1,4.66,0.3,1,0.296875
AAPL,HH,TOP,5.0,d_tide_slope,0.0121,2,2,8.34,0.0,2,0.3404009938240051
AAPL,LH,TOP,1.0,d_tide_slope,0.097,2,0,0.0,0.2,0,0.3359369933605194
AAPL,LL,BOTTOM,1.0,d_current_slope,0.5455,5,3,19.64,-0.2,3,0.25892800092697144
AAPL,LL,BOTTOM,1.0,kf_rsi_pred_val,0.5636,5,3,21.08,0.2,3,0.25223198533058167
AAPL,HL,BOTTOM,1.0,kf_rsi_pred_val,0.5455,5,2,11.64,0.4,2,0.264508992433548
AAPL,LH,TOP,1.0,d_tide_slope,-0.2242,5,2,15.98,-0.4,2,0.2700890004634857
AAPL,HH,TOP,1.0,d_tide_slope,-0.0606,3,5,42.47,-0.0,5,0.29464301466941833
AAPL,LH,TOP,1.0,d_tide_slope,0.1697,5,2,19.5,-0.2,2,0.2935259938240051
AAPL,LL,BOTTOM,1.0,d_tide_slope,-0.0788,5,2,16.38,-0.6,2,0.26339301466941833
AAPL,LL,BOTTOM,1.0,d_tide_slope,-0.1394,5,2,14.56,-0.9,2,0.2622770071029663
AAPL,HL,BOTTOM,1.0,d_tide_slope,-0.2,5,2,11.15,-1.0,2,0.2734369933605194
AAPL,LH,TOP,1.0,d_tide_slope,-0.0606,4,5,27.38,0.0,5,0.28683000802993774
AAPL,LH,TOP,1.0,kf_price_pred_val,0.0788,5,0,0.0,0.0,0,0.2773430049419403
AAPL,LL,BOTTOM,,,0.0,0,0,0.0,0.0,0,0.2455350011587143
AAPL,LL,BOTTOM,,,0.0,0,0,0.0,0.0,0,0.23325900733470917
AAPL,HL,BOTTOM,,,0.0,0,0,0.0,0.0,0,0.24107100069522858
AAPL,LH,TOP,,,0.0,0,0,0.0,0.0,0,0.2416290044784546
AAPL,HH,TOP,,,0.0,0,0,0.0,0.0,0,0.24832600355148315
AAPL,LH,TOP,,,0.0,0,0,0.0,0.0,0,0.23549099266529083
AAPL,LL,BOTTOM,,,0.0,0,0,0.0,0.0,0,0.234375
AAPL,LL,BOTTOM,,,0.0,0,0,0.0,0.0,0,0.22432999312877655
AAPL,HL,BOTTOM,,,0.0,0,0,0.0,0.0,0,0.2286510020494461
AAPL,HH,TOP,,,0.0,0,0,0.0,-0.2,0,0.2533479928970337
AAPL,HH,TOP,,,0.0,0,1,4.91,0.0,1,0.2650670111179352
AAPL,LH,TOP,1.0,kf_price_pred_val,0.0545,1,0,0.0,0.0,0,0.25558000802993774
AAPL,HL,BOTTOM,4.0,kf_price_pred_val,0.0182,1,0,0.0,0.1,0,0.24720999598503113
AAPL,LL,BOTTOM,5.0,kf_price_pred_val,0.0061,1,0,0.0,-0.3,0,0.2377229928970337
AAPL,HL,BOTTOM,6.0,kf_price_pred_val,-0.0061,1,0,0.0,-0.7,0,0.25
AAPL,HH,TOP,,,0.0,0,0,0.0,0.0,0,0.32142800092697144
AAPL,HH,TOP,,,0.0,0,0,0.0,0.0,0,0.3247759938240051
AAPL,HL,BOTTOM,,,0.0,0,1,4.39,-0.3,1,0.295758992433548
AAPL,HL,BOTTOM,1.0,vwap_sigma_wave,0.0545,1,0,0.0,-0.6,0,0.3013390004634857
AAPL,HH,TOP,4.0,kf_price_pred_val,0.0485,3,0,0.0,-0.0,0,0.35379400849342346
AAPL,HH,TOP,5.0,kf_price_pred_val,0.0,3,1,5.25,-0.0,1,0.376116007566452
AAPL,LH,TOP,1.0,kf_price_pred_val,0.0061,3,0,0.0,-0.2,0,0.3671869933605194
AAPL,HL,BOTTOM,3.0,kf_price_pred_val,-0.1152,3,2,9.36,0.0,2,0.3549099862575531
AAPL,HL,BOTTOM,1.0,kf_price_filt_vel,-0.0,3,0,0.0,0.0,0,0.36830300092697144
AAPL,HH,TOP,6.0,kf_price_filt_vel,-0.0545,2,0,0.0,0.0,0,0.38058000802993774
AAPL,HH,TOP,7.0,kf_price_filt_vel,-0.0909,2,0,0.0,0.0,0,0.3861599862575531
AAPL,LH,TOP,8.0,kf_price_filt_vel,-0.0606,2,0,0.0,0.0,0,0.3794640004634857
AAPL,HL,BOTTOM,,,0.0,0,0,0.0,0.0,0,0.3705349862575531
AAPL,LL,BOTTOM,,,0.0,0,0,0.0,0.0,0,0.360491007566452
AAPL,LH,TOP,,,0.0,0,0,0.0,0.2,0,0.3794640004634857
AAPL,LH,TOP,,,0.0,0,0,0.0,0.3,0,0.36941900849342346
AAPL,LL,BOTTOM,9.0,vwap_sigma_wave,-0.097,1,0,0.0,0.0,0,0.327008992433548
AAPL,LL,BOTTOM,10.0,vwap_sigma_wave,-0.0545,1,0,0.0,0.0,0,0.3203119933605194
AAPL,HL,BOTTOM,,,0.0,0,0,0.0,0.0,0,0.3236599862575531
AAPL,HH,TOP,2.0,kf_price_pred_val,0.1273,3,1,4.15,-0.2,1,0.3900670111179352
AAPL,HH,TOP,1.0,kf_price_pred_val,0.1455,3,1,9.46,-0.2,1,0.4174099862575531
AAPL,LH,TOP,1.0,kf_price_pred_val,0.1515,3,0,0.0,-0.4,0,0.405133992433548
AAPL,HL,BOTTOM,3.0,kf_price_filt_vel,-0.0242,3,0,0.0,0.0,0,0.36593198776245117
AAPL,LL,BOTTOM,4.0,kf_price_filt_vel,-0.0303,3,0,0.0,0.0,0,0.35267800092697144
AAPL,HL,BOTTOM,5.0,kf_price_filt_vel,-0.0909,3,0,0.0,0.0,0,0.3560259938240051
AAPL,LH,TOP,,,0.0,0,0,0.0,0.0,0,0.389508992433548
AAPL,HH,TOP,,,0.0,0,0,0.0,0.0,0,0.390625
AAPL,LL,BOTTOM,,,0.0,0,0,0.0,0.0,0,0.34151801466941833
AAPL,HL,BOTTOM,,,0.0,0,0,0.0,0.0,0,0.35267800092697144
AAPL,LH,TOP,,,0.0,0,0,0.0,0.0,0,0.35714301466941833
AAPL,HH,TOP,,,0.0,0,0,0.0,0.0,0,0.359375
AAPL,LL,BOTTOM,,,0.0,0,0,0.0,-1.6,0,0.3404009938240051
AAPL,LL,BOTTOM,,,0.0,0,7,47.37,-0.5,7,0.3125
AAPL,LL,BOTTOM,1.0,kf_price_pred_val,0.3818,7,2,8.59,0.4,2,0.3125
AAPL,LH,TOP,3.0,kf_rsi_pred_val,0.1091,7,0,0.0,-0.0,0,0.3236599862575531
AAPL,HH,TOP,4.0,kf_rsi_pred_val,-0.0121,7,3,14.21,0.3,3,0.3398430049419403
AAPL,LH,TOP,1.0,kf_price_pred_val,0.0303,7,0,0.0,-0.0,0,0.3314729928970337
AAPL,HL,BOTTOM,4.0,kf_price_filt_vel,-0.0364,3,0,0.0,-0.0,0,0.3169640004634857
AAPL,LL,BOTTOM,5.0,kf_price_filt_vel,-0.1091,3,0,0.0,-0.3,0,0.30245500802993774
AAPL,HL,BOTTOM,6.0,kf_price_filt_vel,-0.1818,3,0,0.0,-0.6,0,0.31026801466941833
AAPL,HH,TOP,3.0,kf_price_filt_vel,-0.0727,3,0,0.0,0.0,0,0.33705300092697144
AAPL,HH,TOP,4.0,kf_price_filt_vel,0.0545,3,0,0.0,0.0,0,0.3482140004634857
AAPL,LH,TOP,5.0,kf_price_filt_vel,0.0182,3,0,0.0,0.0,0,0.34151801466941833
AAPL,HL,BOTTOM,7.0,kf_price_filt_vel,-0.0545,3,0,0.0,0.0,0,0.3348209857940674
AAPL,LL,BOTTOM,8.0,kf_price_filt_vel,-0.0909,3,0,0.0,0.0,0,0.3247759938240051
AAPL,HL,BOTTOM,9.0,kf_price_filt_vel,-0.1273,3,0,0.0,0.0,0,0.3359369933605194
AAPL,HH,TOP,4.0,d_current_slope,0.0364,2,0,0.0,0.0,0,0.3939729928970337
AAPL,LH,TOP,5.0,d_current_slope,-0.0364,2,0,0.0,0.0,0,0.391741007566452
AAPL,HL,BOTTOM,9.0,d_current_slope,-0.1939,2,0,0.0,0.0,0,0.375
AAPL,LL,BOTTOM,10.0,d_current_slope,-0.1091,2,0,0.0,0.0,0,0.3710930049419403
AAPL,HL,BOTTOM,,,0.0,0,0,0.0,0.0,0,0.37667399644851685
AAPL,HH,TOP,,,0.0,0,3,16.86,-0.1,3,0.422991007566452
AAPL,HH,TOP,1.0,kf_price_pred_val,0.1636,3,2,10.26,-0.0,2,0.4408479928970337
AAPL,LH,TOP,1.0,kf_price_pred_val,0.2364,3,1,4.49,-0.0,1,0.438616007566452
AAPL,HL,BOTTOM,2.0,kf_rsi_pred_val,0.1576,3,0,0.0,-0.4,0,0.4296869933605194
AAPL,LL,BOTTOM,3.0,kf_rsi_pred_val,0.0848,3,2,8.19,0.0,2,0.4140619933605194
AAPL,HL,BOTTOM,1.0,kf_price_filt_vel,0.1212,3,0,0.0,0.0,0,0.41629400849342346
AAPL,LH,TOP,,,0.0,0,0,0.0,-0.2,0,0.4375
AAPL,LH,TOP,,,0.0,0,0,0.0,-0.6,0,0.4296869933605194
AAPL,HL,BOTTOM,1.0,kf_price_pred_val,0.1636,3,0,0.0,-0.2,0,0.420199990272522
AAPL,LL,BOTTOM,2.0,kf_price_pred_val,0.1273,3,1,4.95,0.0,1,0.390625
AAPL,LH,TOP,3.0,kf_price_pred_val,0.0485,3,0,0.0,0.0,0,0.405133992433548
AAPL,HH,TOP,4.0,kf_price_pred_val,0.0,3,0,0.0,0.0,0,0.4179680049419403
AAPL,LH,TOP,5.0,kf_price_pred_val,-0.0485,3,0,0.0,0.0,0,0.40625
AAPL,LL,BOTTOM,,,0.0,0,0,0.0,0.0,0,0.3872759938240051
AAPL,LL,BOTTOM,,,0.0,0,0,0.0,0.0,0,0.3794640004634857
AAPL,HL,BOTTOM,,,0.0,0,0,0.0,0.0,0,0.38504400849342346
AAPL,LH,TOP,,,0.0,0,0,0.0,0.0,0,0.40625
AAPL,HH,TOP,,,0.0,0,0,0.0,0.0,0,0.40848198533058167
AAPL,LH,TOP,,,0.0,0,0,0.0,0.0,0,0.39955300092697144
AAPL,LL,BOTTOM,,,0.0,0,3,16.77,-1.5,3,0.35714301466941833
AAPL,LL,BOTTOM,1.0,vwap_sigma_wave,0.1636,3,7,65.81,-0.8,7,0.3203119933605194
AAPL,LH,TOP,5.0,kf_rsi_pred_val,-0.3939,7,0,0.0,0.0,0,0.3236599862575531
AAPL,HH,TOP,6.0,kf_rsi_pred_val,-0.6,7,0,0.0,0.0,0,0.33705300092697144
AAPL,LH,TOP,7.0,kf_rsi_pred_val,-0.6061,7,0,0.0,0.0,0,0.3325890004634857
AAPL,LL,BOTTOM,,,0.0,0,0,0.0,0.0,0,0.31082600355148315
AAPL,LL,BOTTOM,,,0.0,0,0,0.0,0.0,0,0.30970999598503113
AAPL,HL,BOTTOM,,,0.0,0,0,0.0,0.0,0,0.311383992433548
AAPL,LH,TOP,,,0.0,0,0,0.0,-0.3,0,0.327008992433548
AAPL,HH,TOP,,,0.0,0,0,0.0,-0.6,0,0.33370500802993774
AAPL,LH,TOP,,,0.0,0,3,19.36,0.0,3,0.31026801466941833
AAPL,HL,BOTTOM,1.0,kf_price_filt_vel,0.1636,3,0,0.0,0.0,0,0.313616007566452
AAPL,HH,TOP,,,0.0,0,0,0.0,0.0,0,0.36495500802993774
AAPL,HH,TOP,,,0.0,0,0,0.0,0.0,0,0.3705349862575531
AAPL,LH,TOP,,,0.0,0,0,0.0,0.0,0,0.3660709857940674
AAPL,LL,BOTTOM,2.0,vwap_sigma_tide,-0.4545,8,0,0.0,-0.3,0,0.28683000802993774
AAPL,LL,BOTTOM,3.0,vwap_sigma_tide,-0.103,1,1,4.08,-0.6,1,0.2818079888820648
AAPL,HL,BOTTOM,1.0,vwap_sigma_tide,-0.0667,1,3,21.9,-0.2,3,0.30580300092697144
AAPL,LH,TOP,1.0,kf_price_filt_vel,0.0788,3,0,0.0,-0.4,0,0.3091509938240051
AAPL,LH,TOP,2.0,kf_price_filt_vel,0.0364,3,2,10.37,0.0,2,0.2924099862575531
AAPL,LL,BOTTOM,1.0,kf_price_filt_vel,0.1152,3,0,0.0,0.0,0,0.30580300092697144
AAPL,HH,TOP,2.0,kf_price_filt_vel,0.0727,3,0,0.0,0.6,0,0.3125
AAPL,LH,TOP,3.0,kf_price_filt_vel,-0.0242,3,0,0.0,1.1,0,0.30245500802993774
AAPL,LL,BOTTOM,7.0,kf_price_filt_vel,-0.2182,3,3,15.23,-0.6,3,0.2851560115814209
AAPL,LL,BOTTOM,1.0,kf_price_pred_val,-0.0606,3,4,26.97,-0.2,4,0.266741007566452
AAPL,LH,TOP,2.0,kf_price_pred_val,0.1515,4,2,13.63,0.7,2,0.282366007566452
AAPL,HH,TOP,1.0,kf_price_filt_vel,0.2848,4,2,8.15,0.9,2,0.2879459857940674
AAPL,LH,TOP,1.0,kf_price_filt_vel,0.2848,4,0,0.0,0.7,0,0.2700890004634857
AAPL,LL,BOTTOM,3.0,kf_price_filt_vel,0.0182,4,1,4.26,-1.0,1,0.26004400849342346
AAPL,LL,BOTTOM,1.0,vwap_sigma_tide,-0.0606,4,5,28.22,-0.7,5,0.24386100471019745
AAPL,HL,BOTTOM,1.0,kf_price_pred_val,0.0667,5,2,8.98,-0.6,2,0.2466520071029663
AAPL,LH,TOP,1.0,kf_price_filt_vel,0.2485,5,0,0.0,-0.0,0,0.2611599862575531
AAPL,HH,TOP,2.0,kf_price_filt_vel,0.0424,5,0,0.0,-0.3,0,0.264508992433548
AAPL,LH,TOP,3.0,kf_price_filt_vel,-0.0303,5,1,4.08,-0.1,1,0.25223198533058167
AAPL,HL,BOTTOM,1.0,vwap_sigma_tide,-0.1758,3,0,0.0,-0.2,0,0.25
AAPL,LL,BOTTOM,2.0,vwap_sigma_tide,-0.0848,2,1,4.17,0.0,1,0.2455350011587143
AAPL,HH,TOP,2.0,vwap_sigma_tide,-0.0303,1,0,0.0,0.0,0,0.264508992433548
AAPL,HH,TOP,3.0,vwap_sigma_tide,-0.0909,1,0,0.0,0.0,0,0.266741007566452
AAPL,LH,TOP,4.0,vwap_sigma_tide,-0.0848,1,0,0.0,0.2,0,0.266741007566452
AAPL,LL,BOTTOM,1.0,vwap_sigma_tide,0.0,1,3,13.75,-1.0,3,0.21428599953651428
AAPL,LL,BOTTOM,1.0,vwap_sigma_tide,0.1091,3,4,18.0,-0.3,4,0.21316899359226227
AAPL,HL,BOTTOM,1.0,vwap_sigma_tide,0.2485,4,3,15.94,0.3,3,0.22544600069522858
AAPL,LH,TOP,1.0,vwap_sigma_tide,0.1273,4,0,0.0,0.4,0,0.22767800092697144
AAPL,LH,TOP,2.0,vwap_sigma_tide,-0.0121,4,2,8.37,-0.0,2,0.22321400046348572
AAPL,LL,BOTTOM,1.0,vwap_spread_current_wave,-0.0303,4,2,8.82,-0.3,2,0.219308003783226
AAPL,LL,BOTTOM,1.0,vwap_spread_current_wave,-0.0606,4,2,9.2,-0.5,2,0.2154020071029663
AAPL,LH,TOP,1.0,vwap_spread_current_wave,-0.103,4,2,8.94,-0.6,2,0.21763400733470917
AAPL,HH,TOP,1.0,vwap_spread_current_wave,-0.1576,4,4,22.56,-0.0,4,0.23214299976825714
AAPL,LH,TOP,1.0,kf_price_filt_vel,0.0182,4,1,4.43,-0.0,1,0.23214299976825714
AAPL,HL,BOTTOM,1.0,geo_phase_angle,0.0,1,1,5.46,0.3,1,0.21763400733470917
AAPL,LL,BOTTOM,1.0,geo_phase_angle,0.0,1,1,5.2,-0.6,1,0.21205300092697144
AAPL,HL,BOTTOM,1.0,geo_phase_angle,0.0,1,2,9.03,-1.2,2,0.21316899359226227
AAPL,HH,TOP,1.0,vwap_spread_tide_current,-0.0182,5,1,4.01,-0.0,1,0.2455350011587143
AAPL,HH,TOP,1.0,vwap_spread_tide_current,-0.1273,5,1,4.0,-0.4,1,0.2544640004634857
AAPL,LH,TOP,1.0,vwap_spread_tide_current,-0.2364,5,3,12.31,-0.2,3,0.2533479928970337
AAPL,HL,BOTTOM,1.0,vwap_spread_tide_current,-0.0242,3,1,4.06,-0.3,1,0.23549099266529083
AAPL,LL,BOTTOM,1.0,vwap_spread_tide_current,-0.0727,3,1,4.06,-0.2,1,0.2220979928970337
AAPL,HL,BOTTOM,1.0,vwap_spread_tide_current,-0.1212,3,1,4.03,0.0,1,0.22767800092697144
AAPL,LH,TOP,1.0,vwap_spread_tide_current,-0.1697,3,0,0.0,0.2,0,0.23325900733470917
AAPL,LL,BOTTOM,10.0,geo_phase_angle,-0.0545,1,7,36.05,-1.4,7,0.1841520071029663
AAPL,LL,BOTTOM,1.0,kf_price_pred_val,0.3818,7,5,26.57,-0.0,5,0.17745499312877655
AAPL,HL,BOTTOM,1.0,vwap_sigma_current,0.5697,7,4,16.3,0.5,4,0.1841520071029663
AAPL,LH,TOP,1.0,kf_price_filt_vel,0.5576,7,0,0.0,0.4,0,0.19196400046348572
AAPL,LH,TOP,2.0,kf_price_filt_vel,0.3394,7,0,0.0,-0.1,0,0.1875
AAPL,LL,BOTTOM,1.0,wave_slope,0.4121,5,7,36.03,-0.7,7,0.15345999598503113
AAPL,LL,BOTTOM,1.0,wave_slope,0.5879,7,8,40.66,-0.5,8,0.15066899359226227
AAPL,LL,BOTTOM,1.0,wave_slope,0.6242,8,7,36.58,-0.4,7,0.15066899359226227
AAPL,HH,TOP,1.0,vwap_spread_current_wave,-0.5576,8,3,13.35,-0.3,3,0.19866099953651428
AAPL,LH,TOP,1.0,vwap_spread_current_wave,-0.5333,8,3,13.3,-0.3,3,0.1908479928970337
AAPL,HL,BOTTOM,1.0,vwap_spread_tide_wave,-0.2606,6,2,9.04,0.6,2,0.1875
AAPL,HL,BOTTOM,1.0,vwap_spread_tide_wave,-0.1515,4,2,8.97,0.9,2,0.19196400046348572
AAPL,HH,TOP,1.0,d_current_slope,-0.303,6,2,10.96,-0.5,2,0.2219579964876175
AAPL,HH,TOP,1.0,d_current_slope,-0.3697,6,2,9.0,-0.4,2,0.2220979928970337
AAPL,LH,TOP,1.0,d_current_slope,-0.3333,5,2,10.97,-0.1,2,0.21875
AAPL,LL,BOTTOM,6.0,vwap_spread_tide_current,-0.2606,2,0,0.0,0.4,0,0.18861599266529083
AAPL,LL,BOTTOM,7.0,vwap_spread_tide_current,-0.2121,2,0,0.0,-0.1,0,0.18191899359226227
AAPL,HL,BOTTOM,8.0,vwap_spread_tide_current,-0.1394,2,0,0.0,-0.7,0,0.1875
AAPL,LH,TOP,1.0,kf_price_filt_vel,0.1636,4,2,10.36,-0.2,2,0.20535700023174286
AAPL,HH,TOP,1.0,kf_price_pred_val,0.2788,4,1,4.51,-0.3,1,0.20982100069522858
AAPL,LH,TOP,1.0,geo_phase_angle,0.2606,4,1,4.44,-0.3,1,0.20870499312877655
AAPL,HL,BOTTOM,5.0,geo_phase_angle,-0.3515,4,0,0.0,-0.6,0,0.19810199737548828
AAPL,HL,BOTTOM,6.0,geo_phase_angle,-0.2061,2,3,43.46,-0.1,3,0.21986599266529083
AAPL,HH,TOP,1.0,kf_price_filt_vel,0.0182,3,0,0.0,-0.3,0,0.2109369933605194
AAPL,LL,BOTTOM,2.0,kf_price_filt_vel,0.0,3,3,18.87,0.3,3,0.1997770071029663
AAPL,HL,BOTTOM,1.0,kf_price_filt_vel,0.1576,3,0,0.0,-0.0,0,0.203683003783226
AAPL,HH,TOP,5.0,geo_phase_angle,-0.1818,3,0,0.0,0.0,0,0.23549099266529083
AAPL,HH,TOP,6.0,geo_phase_angle,-0.0545,1,0,0.0,0.0,0,0.23716500401496887
AAPL,HL,BOTTOM,,,0.0,0,0,0.0,-0.0,0,0.20758900046348572
AAPL,LL,BOTTOM,,,0.0,0,0,0.0,-0.3,0,0.20424099266529083
AAPL,HL,BOTTOM,,,0.0,0,0,0.0,-0.6,0,0.20535700023174286
AAPL,LH,TOP,4.0,kf_price_filt_vel,0.0545,3,0,0.0,0.4,0,0.2310270071029663
AAPL,HH,TOP,5.0,kf_price_filt_vel,0.0182,3,0,0.0,0.2,0,0.234375
AAPL,HL,BOTTOM,1.0,vwap_sigma_wave,0.1273,1,0,0.0,-0.4,0,0.2064729928970337
AAPL,LL,BOTTOM,2.0,vwap_sigma_wave,0.0909,1,1,4.3,-0.4,1,0.19866099953651428
AAPL,HL,BOTTOM,1.0,vwap_sigma_wave,0.1091,1,2,8.07,0.8,2,0.20982100069522858
AAPL,LL,BOTTOM,1.0,wave_slope,0.2364,7,9,48.17,-1.5,9,0.1372770071029663
AAPL,LL,BOTTOM,1.0,wave_slope,0.3576,9,8,43.11,-0.7,8,0.13616099953651428
AAPL,HL,BOTTOM,1.0,current_slope,0.3515,9,5,27.26,-0.2,5,0.14285700023174286
AAPL,LH,TOP,1.0,current_slope,-0.7576,9,6,46.72,-0.2,6,0.1595979928970337
AAPL,LH,TOP,1.0,kf_price_pred_val,-0.5273,9,3,16.1,-0.7,3,0.15736599266529083
AAPL,HL,BOTTOM,1.0,current_slope,-0.1273,6,3,14.23,-0.4,3,0.1439729928970337
AAPL,HL,BOTTOM,1.0,current_slope,-0.2788,6,2,10.23,-0.3,2,0.14732100069522858
AAPL,LH,TOP,1.0,current_slope,-0.2303,6,1,4.73,-0.3,1,0.15178599953651428
AAPL,LH,TOP,1.0,current_slope,-0.3879,6,1,4.35,-0.2,1,0.1484369933605194
AAPL,LL,BOTTOM,7.0,current_slope,-0.2,2,0,0.0,-0.1,0,0.14508900046348572
AAPL,LL,BOTTOM,8.0,current_slope,-0.1273,1,2,8.39,-0.3,2,0.1439729928970337
AAPL,HL,BOTTOM,1.0,d_current_slope,0.0121,2,5,29.7,0.9,5,0.15401799976825714
AAPL,HH,TOP,1.0,d_current_slope,0.4121,5,3,14.36,-1.4,3,0.14955300092697144
AAPL,HH,TOP,1.0,d_current_slope,0.4061,5,6,65.37,-0.8,6,0.16629399359226227
AAPL,HL,BOTTOM,1.0,kf_price_pred_val,0.5273,6,2,14.9,-0.8,2,0.16294600069522858
AAPL,LL,BOTTOM,1.0,d_current_slope,0.3576,6,4,27.71,0.0,4,0.15625
AAPL,HL,BOTTOM,1.0,d_current_slope,0.2727,6,0,0.0,0.0,0,0.16071400046348572
AAPL,HH,TOP,4.0,d_current_slope,-0.2909,6,0,0.0,0.0,0,0.17410700023174286
AAPL,LH,TOP,5.0,d_current_slope,-0.4242,6,0,0.0,0.0,0,0.17075900733470917
AAPL,LL,BOTTOM,2.0,geo_phase_angle,0.0424,1,0,0.0,-0.2,0,0.15066899359226227
AAPL,LL,BOTTOM,3.0,geo_phase_angle,0.0303,1,1,4.79,0.0,1,0.14732100069522858
AAPL,HL,BOTTOM,1.0,vwap_sigma_wave,0.0727,1,0,0.0,0.0,0,0.15178599953651428
AAPL,LH,TOP,5.0,vwap_sigma_wave,-0.0242,1,0,0.0,0.0,0,0.15792399644851685
AAPL,HH,TOP,6.0,vwap_sigma_wave,-0.0485,1,0,0.0,0.0,0,0.15848200023174286
AAPL,LH,TOP,7.0,vwap_sigma_wave,-0.0727,1,0,0.0,0.0,0,0.15401799976825714
AAPL,LL,BOTTOM,1.0,vwap_sigma_wave,0.1091,2,2,9.83,-0.3,2,0.13839299976825714
AAPL,HL,BOTTOM,1.0,vwap_sigma_wave,0.1939,2,2,9.16,-0.0,2,0.14592599868774414
AAPL,LH,TOP,1.0,kf_price_filt_vel,0.2545,2,0,0.0,-0.1,0,0.14229899644851685
AAPL,LL,BOTTOM,1.0,rsi_value,-0.0182,2,6,36.14,-0.9,6,0.11774499714374542
AAPL,LL,BOTTOM,1.0,kf_price_pred_val,0.3818,6,3,19.52,-0.4,3,0.11662899702787399
AAPL,HL,BOTTOM,1.0,kf_rsi_pred_val,0.4364,6,3,19.16,0.7,3,0.12221000343561172
AAPL,HH,TOP,2.0,kf_price_pred_val,-0.3939,6,0,0.0,-0.1,0,0.14676299691200256
AAPL,HH,TOP,3.0,kf_price_pred_val,-0.2,3,1,5.0,-0.3,1,0.15625
AAPL,LH,TOP,1.0,kf_price_pred_val,-0.0788,3,0,0.0,-0.7,0,0.15485499799251556
AAPL,HL,BOTTOM,1.0,geo_phase_angle,0.0485,3,0,0.0,0.2,0,0.1439729928970337
AAPL,LL,BOTTOM,2.0,geo_phase_angle,-0.0727,3,0,0.0,0.1,0,0.141183003783226
AAPL,HL,BOTTOM,3.0,geo_phase_angle,-0.1273,3,0,0.0,0.6,0,0.14508900046348572
AAPL,HH,TOP,1.0,kf_conjugation_pred_val,0.5273,5,13,429.27,-1.9,13,0.234933003783226
AAPL,HH,TOP,1.0,kf_price_pred_val,1.0788,13,13,286.82,-1.8,13,0.2606019973754883
AAPL,LH,TOP,1.0,kf_price_pred_val,1.4727,13,11,213.42,-1.3,11,0.23939700424671173
AAPL,HL,BOTTOM,1.0,kf_price_filt_vel,1.6,13,11,272.19,-0.3,11,0.219308003783226
AAPL,LL,BOTTOM,1.0,kf_price_filt_vel,1.5939,13,8,239.42,0.3,8,0.19698600471019745
AAPL,HL,BOTTOM,1.0,kf_price_filt_vel,1.2909,13,5,79.6,0.2,5,0.2109369933605194
AAPL,LH,TOP,1.0,conj_wave_tide,-0.5576,13,6,69.48,-0.3,6,0.218191996216774
AAPL,HH,TOP,1.0,conj_wave_tide,-0.9576,13,6,68.72,-0.2,6,0.21986599266529083
AAPL,LH,TOP,1.0,conj_wave_tide,-0.7818,13,6,58.21,-0.0,6,0.21428599953651428
AAPL,LL,BOTTOM,1.0,conj_current_tide,-0.3515,5,2,14.96,-0.0,2,0.19196400046348572
AAPL,HL,BOTTOM,1.0,conj_current_tide,-0.4182,5,2,14.77,-0.2,2,0.1947540044784546
AAPL,LH,TOP,1.0,conj_current_tide,-0.4485,5,4,23.13,0.1,4,0.20479899644851685
AAPL,LH,TOP,1.0,conj_current_tide,-0.3333,5,3,19.59,0.2,3,0.1997770071029663
AAPL,LL,BOTTOM,1.0,conj_current_tide,-0.2182,5,3,18.1,-0.3,3,0.19196400046348572
AAPL,HL,BOTTOM,1.0,conj_current_tide,-0.0848,5,3,18.05,-0.3,3,0.19586999714374542
AAPL,HH,TOP,1.0,conj_current_tide,0.0182,4,2,11.02,-0.0,2,0.203683003783226
AAPL,LH,TOP,1.0,conj_current_tide,-0.0667,4,2,10.17,-0.3,2,0.19419600069522858
AAPL,LL,BOTTOM,1.0,conj_current_tide,-0.1515,4,3,14.41,-0.3,3,0.19196400046348572
AAPL,LL,BOTTOM,1.0,conj_current_tide,-0.0485,3,3,20.66,-0.2,3,0.18861599266529083
AAPL,HL,BOTTOM,1.0,d_current_slope,0.0,3,3,20.67,-0.0,3,0.19029000401496887
AAPL,HH,TOP,4.0,d_current_slope,-0.2545,2,1,4.06,0.1,1,0.202566996216774
AAPL,HH,TOP,1.0,geo_phase_angle,-0.2364,2,2,8.05,-1.1,2,0.21261100471019745
AAPL,LH,TOP,1.0,d_tide_slope,-0.1515,2,5,43.13,-1.2,5,0.19196400046348572
AAPL,LL,BOTTOM,1.0,d_current_slope,0.503,7,3,29.61,-1.5,3,0.15848200023174286
AAPL,LL,BOTTOM,1.0,d_current_slope,0.3636,7,8,60.54,-1.3,8,0.1478790044784546
AAPL,LH,TOP,1.0,d_current_slope,0.4606,8,4,29.65,-1.5,4,0.15066899359226227
AAPL,HH,TOP,1.0,d_current_slope,0.2424,8,6,59.97,-0.5,6,0.16182999312877655
AAPL,LH,TOP,1.0,kf_price_filt_vel,0.1515,8,3,20.36,0.1,3,0.15625
AAPL,LL,BOTTOM,1.0,d_current_slope,-0.097,8,1,5.76,0.3,1,0.14732100069522858
AAPL,HL,BOTTOM,1.0,vwap_spread_current_wave,-0.2667,8,0,0.0,-0.0,0,0.1520649939775467
AAPL,HH,TOP,1.0,wave_slope,-0.6485,8,1,4.21,0.1,1,0.16964299976825714
AAPL,HH,TOP,1.0,wave_slope,-0.7212,8,0,0.0,-0.6,0,0.17633900046348572
AAPL,LL,BOTTOM,1.0,kf_conjugation_pred_val,0.7394,6,7,35.89,-0.5,7,0.11886099725961685
AAPL,LL,BOTTOM,1.0,wave_slope,0.8061,7,8,45.19,-0.2,8,0.11551299691200256
AAPL,HL,BOTTOM,1.0,vwap_spread_current_wave,0.8424,8,8,45.71,0.6,8,0.1171870008111
AAPL,LH,TOP,1.0,kf_price_pred_val,0.1455,9,6,33.73,-1.1,6,0.14174099266529083
AAPL,HH,TOP,1.0,vwap_spread_current_wave,0.0242,9,7,119.62,-0.8,7,0.16908499598503113
AAPL,LH,TOP,1.0,kf_price_pred_val,-0.0424,9,5,53.45,-0.6,5,0.15625
AAPL,HL,BOTTOM,1.0,kf_price_filt_vel,-0.1636,9,4,35.53,-0.2,4,0.16238799691200256
AAPL,HH,TOP,1.0,d_current_slope,-0.5152,9,2,28.83,0.4,2,0.17410700023174286
AAPL,HH,TOP,1.0,d_current_slope,-0.6303,9,2,21.57,-0.0,2,0.17633900046348572
AAPL,LH,TOP,1.0,d_current_slope,-0.7515,9,3,14.57,-0.2,3,0.171316996216774
AAPL,LL,BOTTOM,1.0,conj_wave_tide,-0.0848,5,3,18.86,-0.9,3,0.15792399644851685
AAPL,HL,BOTTOM,1.0,conj_wave_tide,-0.1091,5,3,16.26,-0.8,3,0.1635040044784546
AAPL,HH,TOP,1.0,kf_price_filt_vel,0.2061,3,1,4.2,0.5,1,0.2064729928970337
AAPL,HH,TOP,1.0,conj_current_tide,0.0667,3,2,8.6,1.3,2,0.218191996216774
AAPL,LH,TOP,1.0,conj_current_tide,0.103,3,2,9.23,1.1,2,0.2148440033197403
AAPL,HL,BOTTOM,1.0,conj_current_tide,0.0424,3,5,30.77,0.1,5,0.203125
AAPL,HL,BOTTOM,1.0,kf_price_filt_vel,0.2182,5,3,14.28,-0.5,3,0.2148440033197403
AAPL,HH,TOP,1.0,wave_slope,0.1212,8,6,30.03,-1.6,6,0.23325900733470917
AAPL,HH,TOP,1.0,wave_slope,0.103,8,9,47.1,-1.3,9,0.25
AAPL,LH,TOP,1.0,kf_price_filt_vel,0.103,9,6,29.04,-1.1,6,0.242466002702713
AAPL,HL,BOTTOM,4.0,vwap_spread_current_wave,-0.9576,9,0,0.0,-0.0,0,0.22767800092697144
AAPL,LL,BOTTOM,5.0,vwap_spread_current_wave,-0.697,6,0,0.0,-0.2,0,0.22321400046348572
AAPL,HL,BOTTOM,6.0,vwap_spread_current_wave,-0.5273,5,0,0.0,-0.4,0,0.22879399359226227
AAPL,HH,TOP,5.0,kf_price_filt_vel,0.0121,2,0,0.0,-0.2,0,0.25892800092697144
AAPL,LH,TOP,6.0,kf_price_filt_vel,-0.0121,2,0,0.0,-0.4,0,0.25892800092697144
AAPL,HL,BOTTOM,3.0,kf_price_filt_vel,-0.0485,2,0,0.0,0.0,0,0.24776799976825714
AAPL,LL,BOTTOM,4.0,kf_price_filt_vel,0.0364,2,0,0.0,0.0,0,0.24051299691200256
AAPL,HL,BOTTOM,5.0,kf_price_filt_vel,0.0121,2,0,0.0,0.0,0,0.24107100069522858
AAPL,HH,TOP,,,0.0,0,0,0.0,0.0,0,0.2762269973754883
AAPL,LH,TOP,,,0.0,0,0,0.0,0.0,0,0.2689729928970337
AAPL,LL,BOTTOM,4.0,kf_price_pred_val,0.0182,1,0,0.0,0.0,0,0.234375
AAPL,HL,BOTTOM,5.0,kf_price_pred_val,0.0061,1,0,0.0,0.0,0,0.23995499312877655
AAPL,HH,TOP,5.0,kf_price_pred_val,0.0061,1,0,0.0,-0.4,0,0.3074769973754883
AAPL,HH,TOP,6.0,kf_price_pred_val,-0.0061,1,5,34.43,0.6,5,0.3348209857940674
AAPL,LH,TOP,1.0,kf_price_pred_val,0.2545,5,0,0.0,0.4,0,0.329241007566452
AAPL,HL,BOTTOM,1.0,d_tide_slope,0.2,5,0,0.0,0.4,0,0.3074769973754883
AAPL,LL,BOTTOM,2.0,d_tide_slope,0.0424,5,0,0.0,-0.3,0,0.3002229928970337
AAPL,HL,BOTTOM,3.0,d_tide_slope,-0.1152,5,0,0.0,-0.6,0,0.313616007566452
AAPL,LH,TOP,4.0,d_tide_slope,-0.2727,5,5,20.77,0.4,5,0.32589301466941833
AAPL,LH,TOP,1.0,d_tide_slope,0.1758,5,0,0.0,-0.2,0,0.3091509938240051
AAPL,LL,BOTTOM,2.0,d_tide_slope,0.0182,5,2,8.29,-0.2,2,0.313616007566452
AAPL,LL,BOTTOM,1.0,d_tide_slope,-0.0303,5,0,0.0,-0.2,0,0.3052450120449066
AAPL,HL,BOTTOM,2.0,d_tide_slope,-0.0788,5,2,8.35,0.2,2,0.32142800092697144
AAPL,HH,TOP,1.0,d_tide_slope,0.1333,2,0,0.0,-0.0,0,0.3627229928970337
AAPL,HH,TOP,2.0,d_tide_slope,0.097,2,2,10.0,0.5,2,0.38392800092697144
AAPL,LL,BOTTOM,1.0,kf_price_pred_val,0.0364,3,6,49.44,-0.1,6,0.27845999598503113
AAPL,HL,BOTTOM,1.0,kf_price_pred_val,0.303,6,2,39.68,-0.3,2,0.3046869933605194
AAPL,LH,TOP,3.0,kf_price_filt_vel,-0.0182,6,3,27.59,0.0,3,0.34151801466941833
AAPL,LH,TOP,1.0,kf_price_pred_val,0.0485,6,0,0.0,0.0,0,0.33370500802993774
AAPL,HL,BOTTOM,6.0,kf_price_pred_val,-0.2545,3,0,0.0,0.0,0,0.33314698934555054
AAPL,LL,BOTTOM,7.0,kf_price_pred_val,-0.2182,3,0,0.0,0.0,0,0.32142800092697144
AAPL,HL,BOTTOM,8.0,kf_price_pred_val,-0.0909,3,0,0.0,0.0,0,0.328125
AAPL,HH,TOP,,,0.0,0,0,0.0,1.0,0,0.34877198934555054
AAPL,HH,TOP,,,0.0,0,0,0.0,0.2,0,0.35267800092697144
AAPL,LH,TOP,,,0.0,0,0,0.0,-0.6,0,0.3404009938240051
AAPL,LL,BOTTOM,2.0,kf_price_pred_val,0.2667,5,0,0.0,-0.4,0,0.2851560115814209
AAPL,LL,BOTTOM,3.0,kf_price_pred_val,0.1697,5,3,12.8,-0.3,3,0.27511098980903625
AAPL,HL,BOTTOM,1.0,sigma_tide,0.2364,5,3,87.19,-0.5,3,0.313616007566452
AAPL,LH,TOP,1.0,kf_price_filt_vel,0.2667,5,3,52.73,-0.4,3,0.33426299691200256
AAPL,HH,TOP,1.0,kf_price_pred_val,0.2606,5,1,9.29,-0.6,1,0.34598198533058167
AAPL,LH,TOP,1.0,kf_price_pred_val,0.1091,5,2,13.26,-0.4,2,0.33370500802993774
AAPL,HL,BOTTOM,5.0,kf_price_filt_vel,-0.4,3,0,0.0,0.0,0,0.328125
AAPL,LL,BOTTOM,6.0,kf_price_filt_vel,-0.3697,3,0,0.0,0.0,0,0.3169640004634857
AAPL,HH,TOP,7.0,kf_price_filt_vel,-0.303,3,0,0.0,0.0,0,0.33426299691200256
AAPL,LH,TOP,8.0,kf_price_filt_vel,-0.2,2,0,0.0,0.0,0,0.31473198533058167
AAPL,HL,BOTTOM,9.0,kf_price_filt_vel,-0.1939,2,0,0.0,0.0,0,0.3286829888820648
AAPL,HH,TOP,,,0.0,0,0,0.0,0.2,0,0.33761098980903625
AAPL,HH,TOP,,,0.0,0,0,0.0,0.3,0,0.34542399644851685
AAPL,LH,TOP,,,0.0,0,0,0.0,0.1,0,0.34095901250839233
AAPL,LL,BOTTOM,,,0.0,0,1,4.79,-0.2,1,0.313616007566452
AAPL,LL,BOTTOM,1.0,kf_price_pred_val,0.0545,1,1,5.83,-0.2,1,0.29966500401496887
AAPL,HL,BOTTOM,1.0,kf_price_pred_val,0.097,1,0,0.0,-0.4,0,0.3035709857940674
AAPL,LH,TOP,6.0,kf_price_filt_vel,-0.0848,2,0,0.0,1.2,0,0.3236599862575531
AAPL,LH,TOP,7.0,kf_price_filt_vel,-0.1333,2,0,0.0,0.8,0,0.3208700120449066
AAPL,LL,BOTTOM,10.0,kf_price_filt_vel,-0.1091,2,8,51.68,-0.1,8,0.2851560115814209
AAPL,HL,BOTTOM,1.0,kf_price_pred_val,0.4364,8,2,8.62,-0.2,2,0.3046869933605194
AAPL,HH,TOP,1.0,kf_price_filt_vel,0.4485,8,3,25.96,-0.0,3,0.32142800092697144
AAPL,LH,TOP,1.0,kf_price_filt_vel,0.4909,8,2,8.12,-0.0,2,0.3007810115814209
AAPL,LL,BOTTOM,1.0,d_tide_slope,0.2727,8,2,10.9,-0.4,2,0.28627198934555054
AAPL,LL,BOTTOM,1.0,d_tide_slope,0.1515,8,2,10.79,-0.8,2,0.2857140004634857
AAPL,LL,BOTTOM,1.0,d_tide_slope,0.0061,8,2,11.14,-1.0,2,0.2857140004634857
AAPL,HH,TOP,1.0,d_current_slope,0.3394,3,4,18.4,-1.2,4,0.41183000802993774
AAPL,HH,TOP,1.0,wave_slope,0.4606,4,5,23.12,-1.3,5,0.41517800092697144
AAPL,LH,TOP,1.0,wave_slope,0.5879,5,5,63.44,-0.9,5,0.36941900849342346
AAPL,HL,BOTTOM,1.0,wave_slope,0.0727,5,0,0.0,0.0,0,0.34654000401496887
AAPL,LL,BOTTOM,2.0,wave_slope,-0.2667,5,0,0.0,0.0,0,0.34598198533058167
AAPL,LH,TOP,6.0,wave_slope,-0.6303,5,0,0.0,0.0,0,0.36495500802993774
AAPL,HH,TOP,7.0,wave_slope,-0.4909,5,0,0.0,0.4,0,0.3677450120449066
AAPL,LL,BOTTOM,,,0.0,0,0,0.0,-0.4,0,0.33816900849342346
AAPL,LL,BOTTOM,,,0.0,0,2,9.24,0.0,2,0.3242180049419403
AAPL,LH,TOP,3.0,kf_price_pred_val,0.0606,2,0,0.0,0.0,0,0.34207600355148315
AAPL,HH,TOP,4.0,kf_price_pred_val,0.0364,2,0,0.0,0.0,0,0.35379400849342346
AAPL,LH,TOP,5.0,kf_price_pred_val,0.0121,2,0,0.0,0.0,0,0.3364950120449066
AAPL,HL,BOTTOM,7.0,kf_price_pred_val,-0.0364,2,0,0.0,0.0,0,0.33035698533058167
AAPL,LL,BOTTOM,8.0,kf_price_pred_val,-0.0606,2,0,0.0,0.0,0,0.32142800092697144
AAPL,HL,BOTTOM,9.0,kf_price_pred_val,-0.0848,2,0,0.0,1.0,0,0.3320310115814209
AAPL,HH,TOP,10.0,kf_price_pred_val,-0.1091,2,0,0.0,0.9,0,0.3431920111179352
AAPL,LH,TOP,,,0.0,0,0,0.0,0.2,0,0.3431920111179352
AAPL,LL,BOTTOM,1.0,d_current_slope,0.103,5,2,14.7,-0.1,2,0.29073598980903625
AAPL,LL,BOTTOM,1.0,d_current_slope,0.0303,5,2,11.64,-0.4,2,0.28738799691200256
AAPL,HL,BOTTOM,1.0,d_current_slope,-0.0667,5,2,12.05,-0.1,2,0.2963170111179352
AAPL,LH,TOP,1.0,d_current_slope,0.1455,2,2,8.25,-0.2,2,0.3041290044784546
AAPL,HH,TOP,1.0,d_current_slope,0.1939,2,1,4.27,-0.4,1,0.3169640004634857
AAPL,LH,TOP,1.0,kf_price_pred_val,0.0545,2,2,8.64,-0.2,2,0.3041290044784546
AAPL,HL,BOTTOM,1.0,kf_price_filt_vel,-0.103,2,0,0.0,0.9,0,0.3130579888820648
AAPL,LL,BOTTOM,2.0,kf_price_filt_vel,-0.1758,2,0,0.0,0.6,0,0.29464301466941833
AAPL,HL,BOTTOM,3.0,kf_price_filt_vel,-0.2242,2,0,0.0,0.2,0,0.3007810115814209
AAPL,HH,TOP,2.0,vwap_spread_current_wave,0.0424,4,0,0.0,0.4,0,0.33091500401496887
AAPL,HH,TOP,3.0,vwap_spread_current_wave,0.0667,4,0,0.0,0.2,0,0.3392849862575531
AAPL,LH,TOP,4.0,vwap_spread_current_wave,-0.0182,4,0,0.0,-0.0,0,0.3314729928970337
AAPL,HL,BOTTOM,5.0,d_current_slope,0.0121,2,0,0.0,1.1,0,0.30245500802993774
AAPL,HL,BOTTOM,6.0,d_current_slope,-0.0121,2,0,0.0,1.5,0,0.3041290044784546
AAPL,HH,TOP,1.0,kf_price_pred_val,0.1818,3,4,23.43,-1.0,4,0.36551299691200256
AAPL,HH,TOP,1.0,kf_price_pred_val,0.4364,4,7,73.25,-0.1,7,0.40848198533058167
AAPL,LH,TOP,1.0,kf_price_pred_val,0.697,7,4,29.59,-0.2,4,0.39341500401496887
AAPL,HL,BOTTOM,1.0,d_current_slope,0.7091,7,4,35.21,0.1,4,0.38392800092697144
AAPL,HL,BOTTOM,1.0,kf_price_filt_vel,0.6727,7,2,19.94,-0.3,2,0.4107140004634857
AAPL,HH,TOP,1.0,d_current_slope,0.4788,7,3,30.2,-0.4,3,0.44252198934555054
AAPL,LH,TOP,1.0,d_current_slope,0.3152,7,4,23.62,-0.5,4,0.41517800092697144
AAPL,LL,BOTTOM,7.0,wave_slope,-0.1879,2,0,0.0,-0.2,0,0.3744420111179352
AAPL,LL,BOTTOM,8.0,wave_slope,-0.1152,2,0,0.0,-0.4,0,0.3705349862575531
AAPL,HL,BOTTOM,9.0,wave_slope,-0.1515,2,2,12.69,0.0,2,0.39341500401496887
AAPL,HH,TOP,7.0,kf_price_filt_vel,-0.0364,2,0,0.0,0.0,0,0.4369420111179352
AAPL,LH,TOP,8.0,kf_price_filt_vel,-0.0606,2,0,0.0,0.0,0,0.4257810115814209
AAPL,HL,BOTTOM,,,0.0,0,0,0.0,-0.2,0,0.4056920111179352
AAPL,HL,BOTTOM,,,0.0,0,0,0.0,-0.4,0,0.41127198934555054
AAPL,HH,TOP,,,0.0,0,2,8.3,0.0,2,0.42801299691200256
AAPL,LH,TOP,1.0,kf_price_filt_vel,0.1091,2,0,0.0,0.0,0,0.4140619933605194
AAPL,LL,BOTTOM,6.0,kf_price_filt_vel,-0.0121,2,0,0.0,0.1,0,0.37779000401496887
AAPL,LL,BOTTOM,7.0,kf_price_filt_vel,-0.0364,2,0,0.0,-0.3,0,0.37667399644851685
AAPL,HH,TOP,1.0,kf_price_filt_vel,0.1273,3,2,12.06,-0.2,2,0.4793519973754883
AAPL,HH,TOP,1.0,kf_price_filt_vel,0.103,3,0,0.0,-0.4,0,0.499440997838974
AAPL,LH,TOP,2.0,kf_price_filt_vel,0.1455,3,2,8.29,0.0,2,0.4754459857940674
AAPL,HL,BOTTOM,7.0,kf_price_filt_vel,-0.2303,2,0,0.0,0.0,0,0.45479899644851685
AAPL,HL,BOTTOM,8.0,kf_price_filt_vel,-0.1697,2,0,0.0,0.0,0,0.4793519973754883
AAPL,HH,TOP,1.0,wave_slope,-0.1697,6,3,13.87,-0.4,3,0.7059140205383301
AAPL,LH,TOP,1.0,wave_slope,-0.1758,6,5,56.93,0.1,5,0.6183030009269714
AAPL,HL,BOTTOM,1.0,d_current_slope,-0.1333,5,2,11.69,-0.5,2,0.5323659777641296
AAPL,LL,BOTTOM,1.0,d_current_slope,-0.1212,5,2,11.28,-0.5,2,0.5273429751396179
AAPL,HL,BOTTOM,1.0,d_current_slope,-0.1515,5,3,34.44,-0.0,3,0.5652899742126465
AAPL,LH,TOP,2.0,kf_price_filt_vel,-0.2424,5,0,0.0,-0.2,0,0.576449990272522
AAPL,HH,TOP,3.0,kf_price_filt_vel,-0.3333,5,1,6.31,0.0,1,0.6065840125083923
AAPL,LH,TOP,1.0,kf_price_pred_val,-0.2,4,0,0.0,0.0,0,0.599888026714325
AAPL,HL,BOTTOM,5.0,kf_price_pred_val,-0.2788,3,0,0.0,0.3,0,0.6043519973754883
AAPL,LL,BOTTOM,6.0,kf_price_pred_val,-0.2424,3,0,0.0,-0.4,0,0.571707010269165
AAPL,HL,BOTTOM,7.0,kf_price_pred_val,-0.1818,3,3,54.91,-0.2,3,0.6534590125083923
AAPL,HH,TOP,1.0,kf_price_filt_vel,0.1333,3,1,6.45,-0.3,1,0.6657360196113586
AAPL,HL,BOTTOM,1.0,kf_price_pred_val,0.1394,3,0,0.0,-0.6,0,0.6540169715881348
AAPL,LL,BOTTOM,2.0,kf_price_pred_val,0.0788,3,3,32.18,0.0,3,0.611607015132904
AAPL,HL,BOTTOM,1.0,kf_price_filt_vel,0.2485,3,0,0.0,0.0,0,0.6707580089569092
AAPL,HH,TOP,1.0,kf_price_pred_val,0.0545,1,9,60.16,-0.4,9,0.8604900240898132
AAPL,LH,TOP,1.0,kf_price_pred_val,0.5333,9,3,21.98,-0.0,3,0.8002219796180725
AAPL,HL,BOTTOM,1.0,wave_slope,0.2303,9,1,4.79,-0.2,1,0.7985479831695557
AAPL,HL,BOTTOM,1.0,wave_slope,0.0909,9,1,4.92,-0.1,1,0.8141729831695557
AAPL,HH,TOP,1.0,d_current_slope,1.1636,12,11,77.34,-2.3,11,1.0357129573822021
AAPL,HH,TOP,1.0,d_current_slope,1.4182,12,12,82.1,-1.7,12,1.0518959760665894
AAPL,LH,TOP,1.0,vwap_spread_current_wave,1.5394,12,11,85.85,-0.6,11,0.982699990272522
AAPL,HL,BOTTOM,1.0,vwap_spread_current_wave,0.5879,12,4,34.03,-0.0,4,0.8839280009269714
AAPL,LL,BOTTOM,1.0,vwap_spread_current_wave,-0.0364,12,4,34.19,-0.0,4,0.8470969796180725
AAPL,HL,BOTTOM,1.0,vwap_spread_current_wave,-0.6303,12,4,32.55,-0.1,4,0.8660709857940674
AAPL,LH,TOP,1.0,vwap_spread_current_wave,-0.4182,11,5,32.84,-0.3,5,0.8922979831695557
AAPL,HH,TOP,1.0,vwap_spread_current_wave,-0.0545,7,5,32.51,-0.2,5,0.9241060018539429
AAPL,HL,BOTTOM,1.0,vwap_spread_current_wave,0.1152,6,5,31.64,0.6,5,0.8867179751396179
AAPL,LL,BOTTOM,1.0,vwap_spread_tide_wave,0.1091,6,4,26.82,0.7,4,0.8766729831695557
AAPL,HL,BOTTOM,1.0,vwap_spread_tide_wave,0.0364,6,4,26.44,0.2,4,0.8989949822425842
AAPL,HH,TOP,1.0,vwap_spread_tide_wave,-0.0485,5,7,56.87,-0.4,7,0.9994410276412964
AAPL,LH,TOP,1.0,kf_price_pred_val,0.0667,7,6,39.32,-0.8,6,0.9151780009269714
AAPL,LL,BOTTOM,1.0,vwap_spread_tide_wave,0.1758,9,3,19.99,-1.0,3,0.8281239867210388
AAPL,LL,BOTTOM,1.0,vwap_spread_tide_wave,-0.0121,9,6,39.67,-1.1,6,0.7784590125083923
AAPL,HL,BOTTOM,1.0,vwap_spread_tide_wave,-0.0242,9,8,71.14,-0.6,8,0.8638380169868469
AAPL,HH,TOP,1.0,vwap_spread_tide_current,-0.0545,9,3,18.87,-0.2,3,0.951449990272522
AAPL,HH,TOP,1.0,vwap_spread_tide_current,-0.1576,9,4,25.58,-0.3,4,1.0133919715881348
AAPL,LH,TOP,1.0,vwap_spread_tide_current,-0.303,9,3,18.81,-0.0,3,0.9938610196113586
AAPL,HL,BOTTOM,1.0,vwap_spread_tide_current,-0.1697,8,6,44.68,0.3,6,0.9486600160598755
AAPL,HL,BOTTOM,1.0,kf_price_filt_vel,0.0,8,3,18.69,-0.0,3,1.0022310018539429
AAPL,LH,TOP,1.0,vwap_spread_tide_current,-0.1939,8,3,18.76,-0.3,3,0.9838160276412964
AAPL,LL,BOTTOM,1.0,vwap_spread_tide_current,0.0242,6,3,18.47,0.1,3,0.8950880169868469
AAPL,LL,BOTTOM,1.0,vwap_spread_tide_current,-0.0061,6,3,18.29,-0.7,3,0.8822540044784546
AAPL,HL,BOTTOM,1.0,vwap_spread_tide_current,-0.0909,6,5,28.4,-0.9,5,0.922432005405426
AAPL,HH,TOP,1.0,vwap_spread_tide_current,0.0667,6,6,38.38,0.2,6,1.01841402053833
AAPL,HH,TOP,1.0,kf_price_pred_val,0.297,6,3,18.0,-0.0,3,1.025668978691101
AAPL,LH,TOP,1.0,vwap_spread_tide_current,0.1636,6,3,17.92,-0.2,3,1.0055789947509766
AAPL,HL,BOTTOM,1.0,vwap_spread_tide_current,0.0303,6,3,17.75,-0.4,3,1.0133919715881348
AAPL,LL,BOTTOM,1.0,vwap_spread_tide_current,-0.103,6,5,27.79,-0.0,5,0.9709810018539429
AAPL,HH,TOP,1.0,vwap_spread_tide_current,0.0727,6,3,17.58,-0.0,3,1.03403902053833
AAPL,HH,TOP,1.0,vwap_spread_tide_current,-0.0485,6,3,17.47,-0.0,3,1.0624990463256836
AAPL,LH,TOP,1.0,vwap_spread_tide_current,-0.1697,6,3,17.33,-0.0,3,1.0189720392227173
AAPL,HL,BOTTOM,1.0,vwap_spread_tide_current,-0.0606,5,3,17.04,0.7,3,1.0285979509353638
AAPL,LL,BOTTOM,1.0,vwap_spread_tide_current,-0.0848,5,3,17.31,0.5,3,0.9854900240898132
AAPL,HH,TOP,1.0,vwap_spread_tide_current,0.0,3,3,17.37,-1.1,3,1.0234359502792358
AAPL,HH,TOP,1.0,vwap_spread_tide_current,0.0,3,8,102.17,-0.4,8,1.1635030508041382
AAPL,LH,TOP,1.0,kf_price_pred_val,0.2727,8,4,21.24,-0.4,4,1.0892850160598755
AAPL,HL,BOTTOM,1.0,vwap_spread_tide_current,-0.1818,8,3,16.61,-0.6,3,1.0831459760665894
AAPL,LL,BOTTOM,1.0,vwap_spread_tide_current,-0.2788,8,6,31.41,0.4,6,1.0200879573822021
AAPL,HL,BOTTOM,1.0,vwap_spread_tide_wave,-0.2121,8,3,16.69,1.1,3,1.037945032119751
AAPL,HH,TOP,1.0,vwap_spread_tide_wave,0.0788,6,6,42.35,-1.2,6,1.2047979831695557
AAPL,HH,TOP,1.0,kf_price_pred_val,0.1818,6,9,54.14,-0.2,9,1.2873870134353638
AAPL,LH,TOP,1.0,kf_price_pred_val,0.4121,9,3,17.48,0.2,3,1.2617169618606567
AAPL,HL,BOTTOM,1.0,vwap_spread_tide_wave,-0.0061,9,3,16.96,-0.8,3,1.2137260437011719
AAPL,LL,BOTTOM,1.0,vwap_spread_tide_wave,-0.1636,9,6,41.66,-0.4,6,1.1227669715881348
AAPL,HL,BOTTOM,1.0,kf_price_pred_val,-0.0242,9,5,30.01,-0.0,5,1.2126100063323975
AAPL,LL,BOTTOM,1.0,vwap_spread_tide_wave,-0.2727,9,3,16.43,0.9,3,1.1640609502792358
AAPL,LL,BOTTOM,1.0,vwap_spread_tide_wave,-0.0303,6,3,16.02,0.4,3,1.117743968963623
AAPL,HL,BOTTOM,1.0,vwap_spread_tide_wave,-0.1152,6,3,16.13,-0.1,3,1.1763379573822021
AAPL,LL,BOTTOM,1.0,vwap_spread_tide_wave,-0.1273,6,4,19.96,0.1,4,1.0664050579071045
AAPL,LL,BOTTOM,1.0,vwap_spread_tide_wave,-0.1333,6,7,50.21,0.3,7,0.9754449725151062
AAPL,HL,BOTTOM,1.0,kf_price_pred_val,0.0121,7,3,14.32,-0.3,3,1.0161819458007812
AAPL,LH,TOP,1.0,vwap_spread_tide_current,0.1394,7,6,73.5,-0.7,6,1.10602605342865
AAPL,HH,TOP,1.0,kf_price_filt_vel,0.2424,7,6,30.71,-0.2,6,1.1328109502792358
AAPL,LH,TOP,1.0,kf_price_pred_val,0.3091,7,3,13.19,-0.2,3,1.0814720392227173
AAPL,HL,BOTTOM,1.0,vwap_spread_tide_current,0.1758,7,3,12.84,-0.1,3,1.0613830089569092
AAPL,LH,TOP,1.0,vwap_spread_tide_current,0.0424,7,2,8.62,-0.2,2,1.0758919715881348
AAPL,HH,TOP,1.0,vwap_spread_tide_current,-0.1455,7,3,12.63,-0.0,3,1.1456459760665894
AAPL,LH,TOP,1.0,vwap_spread_tide_current,-0.2667,7,2,8.65,-0.2,2,1.0831459760665894
AAPL,LL,BOTTOM,1.0,sigma_tide,-0.1152,3,4,19.72,-0.9,4,0.9414049983024597
AAPL,LL,BOTTOM,1.0,sigma_tide,0.0727,4,6,33.12,-0.1,6,0.8867179751396179
AAPL,HL,BOTTOM,1.0,sigma_tide,0.2909,6,1,6.57,-0.4,1,0.9179679751396179
AAPL,LH,TOP,1.0,sigma_tide,0.1879,6,4,26.67,1.9,4,0.9609370231628418
AAPL,LL,BOTTOM,1.0,kf_conjugation_pred_val,0.9818,11,7,53.0,0.3,7,0.781807005405426
AAPL,LL,BOTTOM,1.0,kf_conjugation_pred_val,0.7455,11,7,57.02,0.2,7,0.7499989867210388
AAPL,HL,BOTTOM,1.0,kf_conjugation_pred_val,0.3818,11,7,53.65,-0.0,7,0.7957580089569092
AAPL,LH,TOP,1.0,conj_wave_tide,-0.2121,10,8,55.81,-0.3,8,0.8292400240898132
AAPL,HH,TOP,1.0,conj_wave_tide,-0.1576,10,8,51.28,-0.8,8,0.8621640205383301
AAPL,LH,TOP,1.0,conj_wave_tide,-0.0242,9,8,50.02,-1.0,8,0.8465390205383301
AAPL,HL,BOTTOM,1.0,conj_current_tide,0.1818,9,6,34.73,0.2,6,0.8437489867210388
AAPL,LL,BOTTOM,1.0,conj_current_tide,0.0303,9,5,32.01,0.7,5,0.8074769973754883
AAPL,HL,BOTTOM,1.0,conj_current_tide,-0.1636,9,5,30.99,0.1,5,0.8247759938240051
AAPL,HH,TOP,1.0,conj_current_tide,-0.4545,9,6,33.23,-1.4,6,0.9040169715881348
AAPL,HH,TOP,1.0,conj_current_tide,-0.4061,9,8,67.84,-0.2,8,0.9933030009269714
AAPL,LH,TOP,1.0,kf_price_pred_val,-0.2242,9,4,20.27,-0.4,4,0.9598199725151062
AAPL,HL,BOTTOM,1.0,conj_current_tide,-0.2606,9,4,31.53,-0.5,4,0.9229900240898132
AAPL,LH,TOP,1.0,conj_current_tide,-0.2303,8,2,9.26,-0.9,2,0.9241060018539429
AAPL,HH,TOP,1.0,conj_current_tide,-0.3273,8,4,18.35,-0.2,4,0.9720969796180725
AAPL,LH,TOP,1.0,d_current_slope,-0.3333,8,1,4.12,0.0,1,0.9151780009269714
AAPL,HL,BOTTOM,1.0,conj_current_tide,-0.4909,8,0,0.0,0.6,0,0.9352669715881348
AAPL,HH,TOP,1.0,kf_price_pred_val,-0.1697,4,0,0.0,0.2,0,1.0167399644851685
AAPL,HH,TOP,2.0,kf_price_pred_val,-0.1818,4,0,0.0,-0.2,0,1.0513379573822021
AAPL,LH,TOP,3.0,kf_price_pred_val,-0.1697,4,4,19.5,0.1,4,1.0089279413223267
AAPL,LL,BOTTOM,2.0,d_current_slope,-0.0242,4,3,23.81,-0.0,3,0.8694189786911011
AAPL,HL,BOTTOM,1.0,kf_price_pred_val,0.1212,4,0,0.0,-0.2,0,0.8939719796180725
AAPL,LH,TOP,2.0,kf_price_pred_val,-0.097,4,0,0.0,-0.2,0,0.8939719796180725
AAPL,HH,TOP,3.0,kf_price_pred_val,-0.3152,4,2,11.04,0.1,2,0.9285709857940674
AAPL,LH,TOP,1.0,kf_price_filt_vel,-0.1576,3,0,0.0,-0.0,0,0.8627219796180725
AAPL,HH,TOP,2.0,kf_price_filt_vel,-0.2182,3,0,0.0,-0.1,0,0.9073650240898132
AAPL,LH,TOP,3.0,kf_price_filt_vel,-0.2545,3,0,0.0,-0.2,0,0.8805789947509766
AAPL,LL,BOTTOM,8.0,vwap_sigma_wave,-0.0303,1,0,0.0,-0.0,0,0.8404009938240051
AAPL,LL,BOTTOM,9.0,vwap_sigma_wave,-0.0424,1,0,0.0,-0.3,0,0.8337050080299377
AAPL,HL,BOTTOM,10.0,vwap_sigma_wave,-0.0545,1,0,0.0,-0.6,0,0.8660709857940674
AAPL,HH,TOP,10.0,kf_price_pred_val,-0.1636,3,0,0.0,-0.0,0,1.088168978691101
AAPL,HH,TOP,,,0.0,0,0,0.0,-0.3,0,1.1328109502792358
AAPL,HL,BOTTOM,,,0.0,0,0,0.0,-0.6,0,1.1149539947509766
AAPL,LL,BOTTOM,,,0.0,0,3,25.24,0.0,3,1.04352605342865
AAPL,HL,BOTTOM,1.0,kf_price_filt_vel,0.1636,3,0,0.0,0.0,0,1.1071419715881348
AAPL,LH,TOP,2.0,kf_price_filt_vel,0.1273,3,0,0.0,0.0,0,1.0513379573822021
AAPL,LL,BOTTOM,6.0,kf_price_filt_vel,-0.0182,3,0,0.0,0.3,0,1.0153449773788452
AAPL,LL,BOTTOM,7.0,kf_price_filt_vel,-0.0545,3,0,0.0,0.3,0,0.9863269925117493
AAPL,HH,TOP,1.0,kf_price_filt_vel,0.0364,3,0,0.0,-0.3,0,1.0703109502792358
AAPL,HH,TOP,2.0,kf_price_filt_vel,-0.0364,3,0,0.0,-0.9,0,1.0901219844818115
AAPL,LH,TOP,3.0,kf_price_filt_vel,0.0909,3,3,22.0,-0.0,3,1.01227605342865
AAPL,LL,BOTTOM,2.0,kf_price_pred_val,0.2,3,0,0.0,3.2,0,0.9185259938240051
AAPL,LL,BOTTOM,3.0,kf_price_pred_val,0.0909,3,0,0.0,2.1,0,0.8738830089569092
AAPL,HL,BOTTOM,4.0,kf_price_pred_val,-0.0182,3,3,39.47,0.6,3,0.9553560018539429
AAPL,LH,TOP,1.0,kf_price_filt_vel,0.0364,3,11,850.24,0.5,11,0.4598209857940674
AAPL,LL,BOTTOM,1.0,kf_price_pred_val,0.4909,11,11,208.46,-0.2,11,0.4330349862575531
AAPL,LL,BOTTOM,1.0,kf_price_pred_val,1.0121,11,12,140.63,-0.6,12,0.3984369933605194
AAPL,HL,BOTTOM,1.0,kf_price_pred_val,1.2909,12,13,224.23,-0.4,13,0.421875
AAPL,LH,TOP,1.0,kf_price_filt_vel,1.4788,13,13,162.28,-0.1,13,0.3939729928970337
AAPL,LL,BOTTOM,1.0,kf_conjugation_pred_val,1.497,13,11,187.46,0.8,11,0.37276700139045715
AAPL,LL,BOTTOM,1.0,kf_conjugation_pred_val,1.0424,13,12,218.53,0.5,12,0.3504459857940674
AAPL,HL,BOTTOM,1.0,kf_conjugation_pred_val,0.5091,13,12,248.55,0.8,12,0.35714301466941833
AAPL,LH,TOP,1.0,kf_conjugation_pred_val,0.0303,13,15,298.94,0.6,15,0.3939729928970337
AAPL,HL,BOTTOM,1.0,wave_slope,0.2061,16,14,314.65,-0.9,14,0.359375
AAPL,LL,BOTTOM,1.0,wave_slope,0.2848,16,18,350.1,-0.0,18,0.33816900849342346
AAPL,HL,BOTTOM,1.0,wave_slope,0.5697,18,14,337.22,0.1,14,0.3482140004634857
AAPL,LH,TOP,1.0,wave_slope,0.5758,18,14,355.06,-0.2,14,0.3638390004634857
AAPL,LH,TOP,1.0,wave_slope,0.4364,18,13,355.4,-0.6,13,0.33705300092697144
AAPL,LL,BOTTOM,1.0,wave_slope,0.2061,18,14,372.63,-0.4,14,0.33035698533058167
AAPL,LL,BOTTOM,1.0,wave_slope,0.0727,18,14,383.4,0.3,14,0.33035698533058167
AAPL,HH,TOP,1.0,wave_slope,-0.3576,18,13,296.6,-0.0,13,0.3660709857940674
AAPL,HH,TOP,1.0,wave_slope,-0.4,18,15,276.79,-0.6,15,0.3984369933605194
AAPL,LH,TOP,1.0,wave_slope,-0.0545,15,12,217.98,-1.3,12,0.3973209857940674
AAPL,HL,BOTTOM,1.0,current_slope,0.0727,15,9,150.11,-0.6,9,0.360491007566452
AAPL,LL,BOTTOM,1.0,current_slope,-0.1273,15,10,156.51,-0.8,10,0.3404009938240051
AAPL,LH,TOP,1.0,current_slope,-0.2121,15,9,154.1,-0.8,9,0.34598198533058167
AAPL,HH,TOP,1.0,current_slope,-0.4364,15,11,164.63,-0.1,11,0.36160698533058167
AAPL,LH,TOP,1.0,current_slope,-0.5152,15,9,150.71,0.1,9,0.3549099862575531
AAPL,LL,BOTTOM,1.0,current_slope,0.1576,9,9,138.83,-0.4,9,0.3035709857940674
AAPL,LL,BOTTOM,1.0,current_slope,0.2364,9,13,205.48,-0.4,13,0.25558000802993774
AAPL,LL,BOTTOM,1.0,current_slope,0.5212,13,13,155.65,-0.3,13,0.25558000802993774
AAPL,LH,TOP,1.0,current_slope,0.7636,13,13,157.02,-0.0,13,0.27120500802993774
AAPL,HH,TOP,1.0,current_slope,0.7758,13,11,184.13,-0.3,11,0.27455300092697144
AAPL,LH,TOP,1.0,d_current_slope,0.6061,13,12,193.19,-0.3,12,0.26785698533058167
AAPL,LL,BOTTOM,1.0,d_current_slope,0.2242,13,11,185.52,-0.4,11,0.2544640004634857
AAPL,LL,BOTTOM,1.0,d_current_slope,0.0061,13,11,216.5,-0.8,11,0.25
AAPL,HL,BOTTOM,1.0,d_current_slope,-0.2364,13,11,227.66,-0.9,11,0.2566959857940674
AAPL,HH,TOP,1.0,vwap_spread_tide_current,-0.2,10,7,55.5,0.3,7,0.295758992433548
AAPL,HH,TOP,1.0,vwap_spread_tide_current,-0.2182,10,9,61.26,1.2,9,0.32142800092697144
AAPL,LH,TOP,1.0,vwap_spread_tide_current,-0.1152,10,6,49.57,0.1,6,0.30691900849342346
AAPL,HL,BOTTOM,1.0,vwap_spread_tide_current,-0.1879,10,6,50.09,-0.3,6,0.30580300092697144
AAPL,LL,BOTTOM,1.0,vwap_spread_tide_current,-0.2364,10,7,52.42,-1.0,7,0.3002229928970337
AAPL,HL,BOTTOM,1.0,vwap_spread_tide_current,-0.2061,10,10,85.83,-0.3,10,0.33370500802993774
AAPL,HH,TOP,1.0,kf_conjugation_pred_val,-0.0121,10,11,107.23,-0.0,11,0.3872759938240051
AAPL,HH,TOP,1.0,kf_conjugation_pred_val,0.1152,11,8,89.85,-0.0,8,0.38839200139045715
AAPL,LH,TOP,1.0,kf_conjugation_pred_val,0.0182,11,8,103.0,0.2,8,0.3861599862575531
AAPL,LL,BOTTOM,1.0,tide_slope,-0.4061,10,4,36.53,0.2,4,0.327008992433548
AAPL,HL,BOTTOM,1.0,tide_slope,-0.5636,10,4,36.81,0.7,4,0.33705300092697144
AAPL,LH,TOP,1.0,tide_slope,-0.6,10,4,37.81,0.1,4,0.3482140004634857
AAPL,LH,TOP,1.0,tide_slope,-0.4061,8,5,43.48,0.4,5,0.34598198533058167
AAPL,LL,BOTTOM,1.0,tide_slope,-0.2182,6,7,52.7,0.4,7,0.32589301466941833
AAPL,HL,BOTTOM,1.0,tide_slope,-0.0182,7,5,41.97,0.4,5,0.3348209857940674
AAPL,HH,TOP,1.0,tide_slope,0.097,7,7,54.55,0.2,7,0.3638390004634857
AAPL,HH,TOP,1.0,tide_slope,0.2545,7,8,58.18,0.1,8,0.38392800092697144
AAPL,LH,TOP,1.0,tide_slope,0.3758,8,5,40.92,-0.2,5,0.3794640004634857
AAPL,LL,BOTTOM,1.0,tide_slope,0.2606,8,8,78.23,-0.2,8,0.3325890004634857
AAPL,HL,BOTTOM,1.0,kf_price_pred_val,0.2485,8,5,39.36,-0.6,5,0.34933000802993774
AAPL,HH,TOP,1.0,tide_slope,-0.3939,8,7,49.7,-0.3,7,0.3861599862575531
AAPL,HH,TOP,1.0,tide_slope,-0.2364,8,7,51.95,0.1,7,0.4107140004634857
AAPL,HL,BOTTOM,1.0,tide_slope,-0.0788,8,6,38.95,0.3,6,0.38892799615859985
AAPL,HL,BOTTOM,1.0,tide_slope,0.0909,7,5,32.93,0.8,5,0.4083920121192932
AAPL,LH,TOP,1.0,tide_slope,0.0303,7,5,32.64,-0.1,5,0.3958919942378998
AAPL,LL,BOTTOM,1.0,tide_slope,0.1212,7,9,51.41,-0.1,9,0.36142799258232117
AAPL,LL,BOTTOM,1.0,tide_slope,0.2,9,4,27.2,-0.3,4,0.3482140004634857
AAPL,HL,BOTTOM,1.0,tide_slope,-0.0545,9,5,40.52,-0.0,5,0.3726780116558075
AAPL,LH,TOP,1.0,tide_slope,-0.3394,9,2,16.33,1.1,2,0.38928499817848206
AAPL,HH,TOP,1.0,tide_slope,-0.503,9,2,16.1,-0.4,2,0.4003570079803467
AAPL,HL,BOTTOM,1.0,tide_slope,-0.5636,9,4,24.92,-0.2,4,0.38285699486732483
AAPL,LL,BOTTOM,1.0,tide_slope,-0.4667,9,5,36.71,0.1,5,0.3642849922180176
AAPL,HL,BOTTOM,1.0,tide_slope,-0.2909,9,5,45.56,-0.1,5,0.4069640040397644
AAPL,HH,TOP,1.0,tide_slope,0.097,5,7,112.89,0.4,7,0.4592849910259247
AAPL,LH,TOP,1.0,kf_price_pred_val,0.3091,7,1,10.98,-0.2,1,0.44714200496673584
AAPL,HL,BOTTOM,1.0,tide_slope,0.2242,7,6,40.32,-0.2,6,0.4330349862575531
AAPL,LL,BOTTOM,1.0,tide_slope,0.2606,7,6,34.49,-0.0,6,0.42910701036453247
AAPL,HL,BOTTOM,1.0,tide_slope,0.2485,7,4,24.26,-0.2,4,0.441428005695343
AAPL,HH,TOP,1.0,tide_slope,-0.0485,7,4,27.44,-0.2,4,0.463034987449646
AAPL,HH,TOP,1.0,tide_slope,-0.0788,7,4,28.09,-0.4,4,0.474821001291275
AAPL,LH,TOP,1.0,tide_slope,-0.097,7,6,38.96,-0.0,6,0.44571399688720703
AAPL,LL,BOTTOM,1.0,tide_slope,-0.0727,6,4,29.32,-0.6,4,0.4107140004634857
AAPL,LL,BOTTOM,1.0,tide_slope,-0.1212,6,4,28.47,-0.6,4,0.408035010099411
AAPL,LH,TOP,1.0,tide_slope,-0.0606,6,4,26.58,-0.0,4,0.41392800211906433
AAPL,HH,TOP,1.0,tide_slope,-0.0848,6,2,17.68,-0.0,2,0.43035998940467834
AAPL,LH,TOP,1.0,tide_slope,-0.2182,6,2,17.46,0.2,2,0.42053499817848206
AAPL,LL,BOTTOM,1.0,tide_slope,-0.097,4,4,24.74,-1.2,4,0.38339200615882874
AAPL,LL,BOTTOM,1.0,tide_slope,0.0727,4,6,47.49,-0.3,6,0.35321399569511414
AAPL,HL,BOTTOM,1.0,kf_price_pred_val,0.3515,6,3,19.02,-0.4,3,0.35624998807907104
AAPL,LH,TOP,1.0,tide_slope,-0.0545,6,3,19.12,-0.0,3,0.3701780140399933
AAPL,HH,TOP,1.0,tide_slope,-0.1091,6,1,9.79,-0.1,1,0.38678500056266785
AAPL,LH,TOP,1.0,tide_slope,-0.2848,6,1,9.68,-0.8,1,0.3807139992713928
AAPL,HL,BOTTOM,1.0,tide_slope,-0.2242,6,1,9.43,0.2,1,0.3655349910259247
AAPL,LL,BOTTOM,1.0,tide_slope,-0.097,6,3,18.26,0.9,3,0.35499998927116394
AAPL,HL,BOTTOM,1.0,tide_slope,-0.0,6,1,9.24,0.7,1,0.36500000953674316
AAPL,HH,TOP,1.0,tide_slope,0.0182,6,4,31.99,-0.1,4,0.42839300632476807
AAPL,LH,TOP,1.0,d_tide_slope,0.3333,4,3,22.74,-0.3,3,0.42410698533058167
AAPL,HL,BOTTOM,1.0,tide_slope,-0.1212,4,3,16.57,0.1,3,0.4053570032119751
AAPL,LL,BOTTOM,1.0,tide_slope,-0.1455,4,2,11.04,-0.7,2,0.3774999976158142
AAPL,HL,BOTTOM,1.0,tide_slope,-0.1576,4,5,31.12,-0.5,5,0.4024989902973175
AAPL,HH,TOP,1.0,d_tide_slope,0.2303,6,3,19.74,-0.7,3,0.42785701155662537
AAPL,HH,TOP,1.0,d_tide_slope,0.1818,6,3,19.43,-0.9,3,0.44821399450302124
AAPL,LH,TOP,1.0,d_tide_slope,0.1333,6,4,121.44,-0.4,4,0.3712489902973175
AAPL,LL,BOTTOM,1.0,tide_slope,-0.2848,6,1,5.12,0.2,1,0.3408930003643036
AAPL,LL,BOTTOM,1.0,tide_slope,-0.497,6,2,9.89,0.6,2,0.32982099056243896
AAPL,HL,BOTTOM,1.0,tide_slope,-0.4424,6,1,4.91,0.6,1,0.33196398615837097
AAPL,LH,TOP,1.0,d_tide_slope,-0.1758,4,3,19.32,-0.3,3,0.3403570055961609
AAPL,HH,TOP,1.0,d_tide_slope,0.0242,4,3,19.26,-0.2,3,0.35392799973487854
AAPL,LH,TOP,1.0,d_tide_slope,0.2364,3,3,20.04,-0.0,3,0.3482140004634857
AAPL,LL,BOTTOM,1.0,d_tide_slope,0.0,2,2,58.41,-0.0,2,0.32517799735069275
AAPL,LL,BOTTOM,1.0,d_tide_slope,0.0,2,2,58.19,-0.0,2,0.3180350065231323
AAPL,HL,BOTTOM,1.0,d_tide_slope,0.0,2,2,62.02,-0.0,2,0.33160701394081116
AAPL,LH,TOP,1.0,d_tide_slope,0.0,2,2,67.94,-0.0,2,0.3378570079803467
AAPL,LH,TOP,1.0,d_tide_slope,0.0,2,2,64.2,-0.0,2,0.32857099175453186
AAPL,LL,BOTTOM,1.0,vwap_spread_current_wave,-0.2364,4,1,4.49,-0.2,1,0.26875001192092896
AAPL,LL,BOTTOM,1.0,vwap_spread_current_wave,-0.1212,3,1,4.66,-0.4,1,0.26750001311302185
AAPL,HL,BOTTOM,1.0,vwap_spread_current_wave,-0.1697,3,3,14.3,0.4,3,0.2835710048675537
AAPL,LH,TOP,1.0,vwap_spread_current_wave,0.0121,3,3,17.64,-0.3,3,0.316785991191864
AAPL,HH,TOP,1.0,d_current_slope,0.097,3,2,17.38,-0.6,2,0.32160699367523193
AAPL,HL,BOTTOM,1.0,d_current_slope,0.097,3,2,22.3,-0.6,2,0.32160699367523193
AAPL,LL,BOTTOM,1.0,d_current_slope,0.0788,3,3,21.89,0.0,3,0.30339300632476807
AAPL,HL,BOTTOM,1.0,kf_price_filt_vel,0.103,3,0,0.0,0.0,0,0.32142800092697144
AAPL,HH,TOP,5.0,kf_price_filt_vel,-0.2727,3,0,0.0,-0.0,0,0.3383930027484894
AAPL,HH,TOP,6.0,kf_price_filt_vel,-0.3636,3,0,0.0,0.3,0,0.3426780104637146
AAPL,LH,TOP,7.0,kf_price_filt_vel,-0.3091,3,0,0.0,-0.3,0,0.33339300751686096
AAPL,LL,BOTTOM,1.0,kf_price_filt_vel,-0.0727,3,0,0.0,-0.3,0,0.3142859935760498
AAPL,LL,BOTTOM,2.0,kf_price_filt_vel,-0.0364,3,0,0.0,-0.6,0,0.3135710060596466
AAPL,HL,BOTTOM,3.0,kf_price_filt_vel,0.0909,3,3,18.27,0.4,3,0.33196398615837097
AAPL,HH,TOP,6.0,kf_price_pred_val,-0.0364,6,3,12.69,-1.0,3,0.3999989926815033
AAPL,HH,TOP,1.0,kf_price_pred_val,0.0545,6,5,31.91,0.0,5,0.42428499460220337
AAPL,LH,TOP,1.0,kf_price_pred_val,0.2182,6,0,0.0,0.0,0,0.4067850112915039
AAPL,HL,BOTTOM,6.0,kf_price_pred_val,-0.0848,5,0,0.0,0.0,0,0.375
AAPL,LL,BOTTOM,7.0,kf_price_pred_val,-0.1818,5,0,0.0,0.0,0,0.36410701274871826
AAPL,HH,TOP,,,0.0,0,0,0.0,0.1,0,0.42107099294662476
AAPL,HH,TOP,,,0.0,0,0,0.0,-0.0,0,0.42303499579429626
AAPL,HL,BOTTOM,4.0,kf_price_pred_val,0.0182,1,0,0.0,-0.4,0,0.38749998807907104
AAPL,LL,BOTTOM,5.0,kf_price_pred_val,0.0061,1,0,0.0,-0.8,0,0.3710710108280182
AAPL,HL,BOTTOM,6.0,kf_price_pred_val,-0.0061,1,4,24.7,0.0,4,0.4014280140399933
AAPL,HH,TOP,,,0.0,0,0,0.0,0.0,0,0.45267799496650696
AAPL,HH,TOP,,,0.0,0,0,0.0,0.0,0,0.45446398854255676
AAPL,LH,TOP,,,0.0,0,0,0.0,0.0,0,0.4405350089073181
AAPL,HL,BOTTOM,1.0,kf_price_pred_val,0.0545,1,0,0.0,0.2,0,0.41303500533103943
AAPL,LL,BOTTOM,2.0,kf_price_pred_val,0.0424,1,1,5.17,-0.4,1,0.38392800092697144
AAPL,HL,BOTTOM,1.0,kf_price_pred_val,0.0848,1,2,10.77,-0.0,2,0.4060710072517395
AAPL,LH,TOP,1.0,kf_price_filt_vel,0.1697,2,3,22.62,0.6,3,0.42517799139022827
AAPL,LH,TOP,1.0,kf_price_filt_vel,0.2848,3,0,0.0,-0.3,0,0.42267799377441406
AAPL,LL,BOTTOM,2.0,kf_price_filt_vel,0.2,3,3,19.48,-0.3,3,0.39214301109313965
AAPL,LL,BOTTOM,1.0,kf_price_filt_vel,0.2788,3,0,0.0,-0.9,0,0.38749998807907104
AAPL,HL,BOTTOM,2.0,kf_price_filt_vel,0.1576,3,3,18.97,-0.6,3,0.41874998807907104
AAPL,HH,TOP,5.0,kf_price_pred_val,-0.2545,3,0,0.0,0.0,0,0.44749999046325684
AAPL,LH,TOP,6.0,kf_price_pred_val,-0.2,3,0,0.0,0.0,0,0.441428005695343
AAPL,LL,BOTTOM,,,0.0,0,0,0.0,0.0,0,0.41696399450302124
AAPL,HL,BOTTOM,,,0.0,0,0,0.0,0.0,0,0.41892799735069275
AAPL,HH,TOP,,,0.0,0,0,0.0,0.0,0,0.45964300632476807
AAPL,HH,TOP,,,0.0,0,0,0.0,0.0,0,0.4662500023841858
AAPL,LH,TOP,,,0.0,0,0,0.0,0.0,0,0.45375001430511475
AAPL,HL,BOTTOM,,,0.0,0,0,0.0,-0.2,0,0.4307140111923218
AAPL,LL,BOTTOM,,,0.0,0,1,4.15,0.0,1,0.4108920097351074
AAPL,LH,TOP,1.0,vwap_sigma_wave,0.0545,1,0,0.0,0.2,0,0.42785701155662537
AAPL,HH,TOP,2.0,vwap_sigma_wave,0.0424,1,0,0.0,0.3,0,0.4333919882774353
AAPL,LH,TOP,3.0,vwap_sigma_wave,0.0303,1,0,0.0,0.7,0,0.42821401357650757
AAPL,LL,BOTTOM,6.0,vwap_sigma_wave,-0.0061,1,1,4.16,-0.5,1,0.4044640064239502
AAPL,LL,BOTTOM,1.0,vwap_sigma_wave,0.0364,1,1,4.25,-0.0,1,0.4012500047683716
AAPL,HL,BOTTOM,1.0,vwap_sigma_wave,0.0667,1,3,28.03,0.3,3,0.4351780116558075
AAPL,LH,TOP,3.0,kf_price_filt_vel,0.1152,3,0,0.0,-0.6,0,0.42750000953674316
AAPL,HH,TOP,4.0,kf_price_filt_vel,0.0545,3,3,16.09,0.6,3,0.4573209881782532
AAPL,LH,TOP,1.0,kf_price_pred_val,0.1576,3,0,0.0,0.3,0,0.45142799615859985
AAPL,HL,BOTTOM,4.0,kf_price_pred_val,-0.1333,3,0,0.0,-0.6,0,0.4417850077152252
AAPL,LL,BOTTOM,5.0,kf_price_pred_val,-0.1636,3,3,13.37,0.0,3,0.41892799735069275
AAPL,HL,BOTTOM,1.0,kf_price_pred_val,-0.0182,3,0,0.0,0.0,0,0.4342850148677826
AAPL,LH,TOP,2.0,kf_price_pred_val,0.0727,3,0,0.0,0.0,0,0.44964200258255005
AAPL,LH,TOP,3.0,kf_price_pred_val,0.0,3,0,0.0,0.0,0,0.4312489926815033
AAPL,LL,BOTTOM,1.0,vwap_sigma_current,0.2,2,2,11.18,0.9,2,0.35874998569488525
AAPL,LL,BOTTOM,1.0,vwap_sigma_current,0.2485,2,3,16.76,2.6,3,0.3489280045032501
AAPL,HL,BOTTOM,1.0,vwap_sigma_current,0.3273,3,1,4.56,2.8,1,0.35892799496650696
AAPL,LH,TOP,1.0,vwap_sigma_current,0.2606,3,0,0.0,2.1,0,0.3667849898338318
AAPL,LH,TOP,2.0,vwap_sigma_current,0.1273,3,0,0.0,-0.4,0,0.35982099175453186
AAPL,LL,BOTTOM,1.0,kf_conjugation_pred_val,1.0727,10,6,37.86,-0.8,6,0.306071013212204
AAPL,LL,BOTTOM,1.0,kf_conjugation_pred_val,0.9879,10,8,50.34,-0.1,8,0.29553499817848206
AAPL,HL,BOTTOM,1.0,kf_conjugation_pred_val,0.9636,10,4,31.17,0.5,4,0.30464300513267517
AAPL,LH,TOP,1.0,wave_slope,-0.8545,10,6,43.82,-0.0,6,0.33464300632476807
AAPL,HL,BOTTOM,1.0,conj_wave_tide,-0.4182,10,5,28.75,-0.6,5,0.3130350112915039
AAPL,LL,BOTTOM,1.0,conj_wave_tide,-0.1212,8,5,27.28,0.2,5,0.3092859983444214
AAPL,HL,BOTTOM,1.0,wave_slope,-0.0303,8,5,24.35,0.8,5,0.32678499817848206
AAPL,LH,TOP,1.0,conj_wave_tide,0.2061,6,5,21.84,0.6,5,0.3125
AAPL,LL,BOTTOM,1.0,conj_current_tide,0.0424,7,4,20.69,-0.6,4,0.26642799377441406
AAPL,LL,BOTTOM,1.0,vwap_spread_current_wave,0.0,7,5,25.95,-0.5,5,0.25839298963546753
AAPL,HL,BOTTOM,1.0,conj_current_tide,0.0242,7,5,33.61,-0.2,5,0.2714279890060425
AAPL,LH,TOP,1.0,kf_price_filt_vel,0.0485,7,4,23.22,-0.0,4,0.2564280033111572
AAPL,LL,BOTTOM,1.0,conj_current_tide,0.0182,7,3,19.92,-0.0,3,0.256071001291275
AAPL,HH,TOP,1.0,current_slope,-0.0545,7,3,20.59,0.2,3,0.26821398735046387
AAPL,HH,TOP,1.0,current_slope,-0.2364,7,3,21.13,0.1,3,0.275534987449646
AAPL,LH,TOP,1.0,current_slope,-0.4182,7,3,21.94,-0.0,3,0.27250000834465027
AAPL,LL,BOTTOM,1.0,current_slope,-0.2182,5,4,27.3,-0.0,4,0.2498210072517395
AAPL,HL,BOTTOM,1.0,current_slope,-0.1697,5,3,23.54,-0.0,3,0.26321399211883545
AAPL,HH,TOP,1.0,current_slope,0.1091,5,3,14.7,-1.1,3,0.2841069996356964
AAPL,HH,TOP,1.0,current_slope,0.0848,5,5,22.36,-0.9,5,0.2878569960594177
AAPL,LH,TOP,1.0,current_slope,0.1697,5,4,18.37,-0.6,4,0.285178005695343
AAPL,LL,BOTTOM,1.0,d_tide_slope,-0.4424,5,2,8.33,-0.0,2,0.2508929967880249
AAPL,HL,BOTTOM,1.0,d_tide_slope,-0.3273,5,2,9.83,-0.1,2,0.25857099890708923
AAPL,LH,TOP,1.0,d_tide_slope,-0.0182,3,2,10.38,-0.4,2,0.26428499817848206
AAPL,HH,TOP,1.0,d_tide_slope,-0.0303,3,2,8.46,-0.6,2,0.26821398735046387
AAPL,LH,TOP,1.0,d_tide_slope,-0.0424,3,2,8.8,-0.6,2,0.26035699248313904
AAPL,LL,BOTTOM,1.0,vwap_sigma_wave,0.1091,2,2,8.24,0.1,2,0.24442799389362335
AAPL,LL,BOTTOM,1.0,geo_phase_angle,0.1939,2,1,4.07,0.2,1,0.2428389936685562
AAPL,HL,BOTTOM,1.0,vwap_sigma_current,0.2,2,0,0.0,0.4,0,0.25212499499320984
AAPL,HH,TOP,1.0,geo_phase_angle,0.1333,2,1,4.78,-0.0,1,0.26374998688697815
AAPL,HH,TOP,1.0,geo_phase_angle,0.1152,2,1,5.08,-0.2,1,0.27071401476860046
AAPL,LH,TOP,1.0,geo_phase_angle,0.0848,2,1,5.22,-0.4,1,0.25999999046325684
AAPL,LL,BOTTOM,1.0,geo_phase_angle,0.0424,2,3,13.64,-0.0,3,0.2519640028476715
AAPL,HL,BOTTOM,1.0,geo_phase_angle,0.097,3,1,4.71,-0.0,1,0.256071001291275
AAPL,HH,TOP,7.0,geo_phase_angle,-0.1455,1,0,0.0,-0.2,0,0.3017849922180176
AAPL,HH,TOP,8.0,geo_phase_angle,-0.1273,1,0,0.0,-0.6,0,0.3075000047683716
AAPL,LH,TOP,9.0,geo_phase_angle,-0.097,1,3,23.15,0.3,3,0.2857140004634857
AAPL,HL,BOTTOM,2.0,kf_price_filt_vel,0.1273,3,1,4.64,-0.0,1,0.27071401476860046
AAPL,HL,BOTTOM,1.0,kf_price_pred_val,0.1455,3,0,0.0,-0.2,0,0.2792850136756897
AAPL,LH,TOP,2.0,kf_price_pred_val,0.097,3,0,0.0,-0.4,0,0.2783930003643036
AAPL,HH,TOP,3.0,kf_price_pred_val,0.0485,3,2,9.79,0.4,2,0.29107099771499634
AAPL,LH,TOP,1.0,kf_price_filt_vel,0.1091,3,0,0.0,0.2,0,0.2848210036754608
AAPL,HL,BOTTOM,2.0,kf_price_filt_vel,0.0364,3,0,0.0,-0.0,0,0.2794640064239502
AAPL,LL,BOTTOM,3.0,kf_price_filt_vel,-0.0364,3,0,0.0,-0.2,0,0.2726779878139496
AAPL,HL,BOTTOM,4.0,kf_price_filt_vel,-0.1091,3,0,0.0,-0.4,0,0.2773210108280182
AAPL,HH,TOP,5.0,kf_price_filt_vel,-0.1818,3,2,8.95,0.0,2,0.29196399450302124
AAPL,LH,TOP,1.0,kf_price_filt_vel,0.0545,2,0,0.0,0.0,0,0.2858920097351074
AAPL,LL,BOTTOM,8.0,kf_price_filt_vel,-0.0606,2,1,4.82,-0.2,1,0.26732099056243896
AAPL,LL,BOTTOM,1.0,geo_phase_angle,-0.0303,2,1,4.02,0.0,1,0.26124998927116394
AAPL,HL,BOTTOM,1.0,geo_phase_angle,-0.0121,2,0,0.0,0.0,0,0.26696398854255676
AAPL,LH,TOP,3.0,geo_phase_angle,0.0485,1,0,0.0,0.0,0,0.27285701036453247
AAPL,HH,TOP,4.0,geo_phase_angle,0.0242,1,0,0.0,0.0,0,0.2766070067882538
AAPL,LH,TOP,5.0,geo_phase_angle,0.0,1,0,0.0,0.0,0,0.27125000953674316
AAPL,LL,BOTTOM,,,0.0,0,0,0.0,0.0,0,0.2571429908275604
AAPL,LL,BOTTOM,,,0.0,0,0,0.0,0.0,0,0.2510710060596466
AAPL,LH,TOP,,,0.0,0,0,0.0,0.0,0,0.26428499817848206
AAPL,HH,TOP,,,0.0,0,0,0.0,0.0,0,0.26607099175453186
AAPL,HL,BOTTOM,1.0,geo_phase_angle,0.1273,1,0,0.0,0.2,0,0.2530350089073181
AAPL,LL,BOTTOM,2.0,geo_phase_angle,0.0424,1,0,0.0,-0.0,0,0.2464279979467392
AAPL,LH,TOP,1.0,geo_phase_angle,-0.0727,1,1,4.49,-0.0,1,0.26035699248313904
AAPL,HH,TOP,1.0,geo_phase_angle,-0.0485,1,1,4.85,-0.0,1,0.26660698652267456
AAPL,LH,TOP,1.0,geo_phase_angle,-0.0242,1,1,4.97,-0.0,1,0.2557139992713928
AAPL,HL,BOTTOM,1.0,geo_phase_angle,0.097,1,1,5.29,-0.0,1,0.25767800211906433
AAPL,LL,BOTTOM,1.0,geo_phase_angle,0.0545,1,1,5.1,-0.0,1,0.2526780068874359
AAPL,HH,TOP,1.0,geo_phase_angle,0.0,1,1,5.46,0.0,1,0.2726779878139496
AAPL,LH,TOP,1.0,geo_phase_angle,0.0,1,0,0.0,0.0,0,0.26517799496650696
AAPL,HL,BOTTOM,,,0.0,0,0,0.0,-0.2,0,0.2541069984436035
AAPL,LL,BOTTOM,,,0.0,0,1,4.09,0.0,1,0.253928005695343
AAPL,HL,BOTTOM,1.0,geo_phase_angle,0.0545,1,0,0.0,0.0,0,0.26285699009895325
AAPL,HH,TOP,3.0,geo_phase_angle,0.0303,1,0,0.0,0.0,0,0.26803499460220337
AAPL,LH,TOP,4.0,geo_phase_angle,0.0182,1,0,0.0,0.2,0,0.26785698533058167
AAPL,LL,BOTTOM,1.0,vwap_sigma_current,0.0788,5,0,0.0,0.0,0,0.23642799258232117
AAPL,LL,BOTTOM,2.0,vwap_sigma_current,-0.0121,5,0,0.0,0.0,0,0.23428499698638916
AAPL,HH,TOP,1.0,d_tide_slope,0.7879,8,9,50.89,-0.8,9,0.33446401357650757
AAPL,HH,TOP,1.0,d_tide_slope,0.697,9,9,52.81,-0.0,9,0.3357140123844147
AAPL,HL,BOTTOM,1.0,d_tide_slope,0.497,9,5,33.98,-0.0,5,0.32321399450302124
AAPL,LL,BOTTOM,1.0,kf_conjugation_pred_val,0.303,9,5,32.89,-0.4,5,0.3176780045032501
AAPL,HL,BOTTOM,1.0,kf_conjugation_pred_val,0.2424,9,5,32.13,-0.2,5,0.3187499940395355
AAPL,HH,TOP,1.0,conj_wave_tide,-0.3697,9,5,32.71,-0.8,5,0.3371430039405823
AAPL,LH,TOP,1.0,conj_wave_tide,-0.4848,9,3,21.27,-1.5,3,0.32642799615859985
AAPL,LL,BOTTOM,5.0,conj_wave_tide,-0.6788,5,0,0.0,0.0,0,0.29982098937034607
AAPL,HL,BOTTOM,6.0,conj_wave_tide,-0.6606,5,0,0.0,0.0,0,0.306784987449646
AAPL,HH,TOP,,,0.0,0,0,0.0,0.0,0,0.3662489950656891
AAPL,HH,TOP,,,0.0,0,0,0.0,0.0,0,0.38464200496673584
AAPL,HL,BOTTOM,,,0.0,0,0,0.0,0.0,0,0.3639279901981354
AAPL,LL,BOTTOM,,,0.0,0,0,0.0,0.0,0,0.35053500533103943
AAPL,HL,BOTTOM,,,0.0,0,0,0.0,0.0,0,0.35589200258255005
AAPL,HH,TOP,,,0.0,0,0,0.0,0.0,0,0.4028570055961609
AAPL,HH,TOP,,,0.0,0,0,0.0,0.0,0,0.4124999940395355
AAPL,HL,BOTTOM,,,0.0,0,0,0.0,-0.2,0,0.3807139992713928
AAPL,LL,BOTTOM,,,0.0,0,1,4.75,0.0,1,0.3648209869861603
AAPL,HL,BOTTOM,1.0,kf_price_pred_val,0.0545,1,0,0.0,0.0,0,0.3694640100002289
AAPL,HH,TOP,5.0,kf_price_pred_val,0.0061,1,0,0.0,-0.3,0,0.4383920133113861
AAPL,HH,TOP,6.0,kf_price_pred_val,-0.0061,1,0,0.0,-0.6,0,0.4432139992713928
AAPL,LH,TOP,7.0,kf_price_pred_val,-0.0182,1,3,19.33,0.0,3,0.41517800092697144
AAPL,LL,BOTTOM,1.0,vwap_sigma_wave,0.1273,1,0,0.0,0.0,0,0.3638390004634857
AAPL,LL,BOTTOM,2.0,vwap_sigma_wave,0.0909,1,0,0.0,0.0,0,0.36214199662208557
AAPL,LH,TOP,7.0,vwap_sigma_wave,-0.0909,1,0,0.0,0.0,0,0.38767799735069275
AAPL,LH,TOP,8.0,vwap_sigma_wave,-0.1273,1,0,0.0,0.0,0,0.38464200496673584
AAPL,LL,BOTTOM,,,0.0,0,0,0.0,0.0,0,0.35785698890686035
AAPL,LL,BOTTOM,,,0.0,0,0,0.0,0.0,0,0.35178500413894653
AAPL,HH,TOP,1.0,d_current_slope,0.1091,2,0,0.0,-0.3,0,0.4307140111923218
AAPL,HH,TOP,2.0,d_current_slope,0.0848,2,0,0.0,-0.6,0,0.4321419894695282
AAPL,LH,TOP,3.0,d_current_slope,0.0606,2,3,16.43,0.0,3,0.408035010099411
AAPL,HL,BOTTOM,,,0.0,0,0,0.0,0.0,0,0.3974989950656891
AAPL,LL,BOTTOM,,,0.0,0,0,0.0,0.0,0,0.38910698890686035
AAPL,HL,BOTTOM,,,0.0,0,0,0.0,0.0,0,0.4003570079803467
AAPL,HH,TOP,,,0.0,0,0,0.0,0.0,0,0.4103569984436035
AAPL,HH,TOP,,,0.0,0,0,0.0,0.0,0,0.42500001192092896
AAPL,LH,TOP,,,0.0,0,0,0.0,0.0,0,0.42375001311302185
AAPL,LL,BOTTOM,,,0.0,0,0,0.0,0.0,0,0.39625000953674316
AAPL,HL,BOTTOM,,,0.0,0,0,0.0,0.0,0,0.3992849886417389
AAPL,HH,TOP,2.0,kf_price_pred_val,0.1273,3,0,0.0,0.0,0,0.48392799496650696
AAPL,HH,TOP,3.0,kf_price_pred_val,0.0909,3,0,0.0,0.0,0,0.494284987449646
AAPL,LH,TOP,4.0,kf_price_pred_val,0.0545,3,0,0.0,0.0,0,0.48482099175453186
AAPL,HL,BOTTOM,,,0.0,0,0,0.0,-0.0,0,0.4617849886417389
AAPL,LL,BOTTOM,,,0.0,0,0,0.0,-0.2,0,0.45160698890686035
AAPL,HL,BOTTOM,,,0.0,0,0,0.0,-0.4,0,0.45535698533058167
AAPL,HH,TOP,7.0,kf_price_filt_vel,-0.0364,2,0,0.0,0.0,0,0.5057139992713928
AAPL,LH,TOP,8.0,kf_price_filt_vel,-0.0606,2,0,0.0,0.0,0,0.4969640076160431
AAPL,HL,BOTTOM,,,0.0,0,0,0.0,-0.3,0,0.48089200258255005
AAPL,LL,BOTTOM,,,0.0,0,0,0.0,-0.6,0,0.4757139980792999
AAPL,HL,BOTTOM,,,0.0,0,3,33.4,0.0,3,0.5232139825820923
AAPL,HH,TOP,1.0,kf_price_filt_vel,0.1636,3,0,0.0,0.0,0,0.5210710167884827
AAPL,LL,BOTTOM,10.0,kf_price_filt_vel,-0.1636,3,0,0.0,0.0,0,0.47803500294685364
AAPL,LL,BOTTOM,,,0.0,0,0,0.0,0.0,0,0.46035701036453247
AAPL,HH,TOP,4.0,kf_price_pred_val,0.0909,5,0,0.0,0.0,0,0.5892850160598755
AAPL,HH,TOP,5.0,kf_price_pred_val,0.0303,5,0,0.0,0.0,0,0.6017850041389465
AAPL,LH,TOP,6.0,kf_price_pred_val,-0.0303,5,0,0.0,0.0,0,0.5924990177154541
AAPL,HL,BOTTOM,,,0.0,0,0,0.0,-0.0,0,0.5203570127487183
AAPL,HL,BOTTOM,,,0.0,0,0,0.0,-0.3,0,0.5217850208282471
AAPL,LH,TOP,,,0.0,0,0,0.0,-0.6,0,0.5282139778137207
AAPL,HH,TOP,,,0.0,0,3,54.9,0.0,3,0.588034987449646
AAPL,LH,TOP,1.0,kf_price_filt_vel,0.1636,3,0,0.0,0.0,0,0.5749989748001099
AAPL,HL,BOTTOM,5.0,kf_price_filt_vel,0.0182,3,0,0.0,0.0,0,0.5657140016555786
AAPL,LL,BOTTOM,6.0,kf_price_filt_vel,-0.0182,3,0,0.0,0.0,0,0.5482140183448792
AAPL,HH,TOP,9.0,kf_price_filt_vel,-0.1273,3,0,0.0,0.0,0,0.5762490034103394
AAPL,HH,TOP,10.0,kf_price_filt_vel,-0.1636,3,0,0.0,0.0,0,0.5828570127487183
AAPL,LH,TOP,,,0.0,0,0,0.0,0.0,0,0.5774989724159241
AAPL,HL,BOTTOM,,,0.0,0,0,0.0,0.0,0,0.5605350136756897
AAPL,LL,BOTTOM,,,0.0,0,0,0.0,0.0,0,0.5317850112915039
AAPL,HH,TOP,,,0.0,0,0,0.0,0.0,0,0.7030349969863892
AAPL,HH,TOP,,,0.0,0,0,0.0,0.0,0,0.7257140278816223
AAPL,LH,TOP,,,0.0,0,0,0.0,0.8,0,0.7074990272521973
AAPL,HL,BOTTOM,,,0.0,0,0,0.0,1.1,0,0.6891059875488281
AAPL,LL,BOTTOM,,,0.0,0,0,0.0,0.6,0,0.6837490200996399
AAPL,HL,BOTTOM,,,0.0,0,0,0.0,-0.2,0,0.7098209857940674
AAPL,HH,TOP,1.0,kf_rsi_pred_val,0.4121,7,7,47.03,-0.6,7,1.222141981124878
AAPL,LH,TOP,1.0,sigma_tide,0.6242,7,6,34.74,-0.9,6,1.1973199844360352
AAPL,HL,BOTTOM,1.0,current_slope,0.5515,7,6,31.83,-0.6,6,1.1644630432128906
AAPL,LL,BOTTOM,1.0,current_slope,0.4424,7,6,31.9,-0.0,6,1.1192840337753296
AAPL,LH,TOP,1.0,current_slope,-0.3818,6,3,17.32,-0.0,3,1.1653560400009155
AAPL,HH,TOP,1.0,current_slope,-0.2909,6,3,17.19,-0.0,3,1.1892130374908447
AAPL,LH,TOP,1.0,current_slope,-0.1636,6,3,16.92,-0.0,3,1.1605349779129028
AAPL,HL,BOTTOM,1.0,current_slope,0.0,3,3,16.62,-0.0,3,1.1199990510940552
AAPL,HL,BOTTOM,1.0,current_slope,0.0,3,3,15.88,-0.2,3,1.1373200416564941
AAPL,LH,TOP,1.0,vwap_spread_tide_wave,-0.0364,4,4,18.96,-0.5,4,1.152677059173584
AAPL,HH,TOP,1.0,vwap_spread_tide_wave,0.0667,4,5,27.15,-0.4,5,1.2366060018539429
AAPL,HL,BOTTOM,1.0,kf_price_pred_val,0.2121,5,2,8.81,-0.8,2,1.2314280271530151
AAPL,LL,BOTTOM,1.0,vwap_spread_tide_wave,0.1697,5,5,28.57,-0.2,5,1.1528559923171997
AAPL,HL,BOTTOM,1.0,kf_price_filt_vel,0.303,5,1,4.35,-0.4,1,1.1689280271530151
AAPL,HH,TOP,1.0,tide_slope,-0.0848,3,3,14.76,-0.4,3,1.5787479877471924
AAPL,HH,TOP,1.0,tide_slope,-0.0,3,3,14.82,-0.0,3,1.6094629764556885
AAPL,LH,TOP,1.0,tide_slope,0.1939,3,1,5.65,-0.0,1,1.568034052848816
AAPL,HL,BOTTOM,1.0,tide_slope,0.097,3,1,5.81,-0.0,1,1.5230339765548706
AAPL,HL,BOTTOM,1.0,tide_slope,0.0485,3,1,5.9,0.2,1,1.5755339860916138
AAPL,HH,TOP,1.0,tide_slope,-0.097,3,1,6.13,0.1,1,1.60214102268219
AAPL,LH,TOP,1.0,tide_slope,-0.1455,3,1,6.2,-0.2,1,1.5892839431762695
AAPL,LL,BOTTOM,1.0,tide_slope,0.103,2,1,6.38,-0.0,1,1.4474990367889404
AAPL,LL,BOTTOM,1.0,tide_slope,0.0667,2,1,6.38,-0.0,1,1.4053560495376587
AAPL,HL,BOTTOM,1.0,tide_slope,0.0303,2,1,6.39,-0.0,1,1.4224989414215088
AAPL,LH,TOP,1.0,tide_slope,-0.0545,2,1,6.53,-0.0,1,1.5607130527496338
AAPL,LH,TOP,1.0,tide_slope,0.0,1,1,6.54,-0.0,1,1.529641032218933
AAPL,HL,BOTTOM,1.0,tide_slope,0.0,1,1,6.58,-0.0,1,1.4882129430770874
AAPL,LL,BOTTOM,1.0,tide_slope,0.0,1,1,6.57,-0.0,1,1.4603559970855713
AAPL,HH,TOP,1.0,tide_slope,0.0,1,1,6.52,0.8,1,1.5557130575180054
AAPL,HH,TOP,1.0,tide_slope,0.0,1,1,6.51,1.6,1,1.562142014503479
AAPL,LL,BOTTOM,1.0,tide_slope,0.0,1,5,46.63,-0.9,5,1.3307130336761475
AAPL,LL,BOTTOM,1.0,kf_price_pred_val,0.2182,5,7,43.25,-0.4,7,1.2624989748001099
AAPL,LH,TOP,1.0,conj_wave_tide,0.0848,4,4,19.6,-0.1,4,1.3099980354309082
AAPL,HH,TOP,1.0,conj_wave_tide,0.1152,4,4,19.12,-0.0,4,1.3299989700317383
AAPL,HL,BOTTOM,1.0,conj_current_tide,0.1455,4,3,14.17,-0.6,3,1.2717839479446411
AAPL,LL,BOTTOM,1.0,conj_current_tide,0.0727,4,4,18.6,-0.5,4,1.218927025794983
AAPL,HL,BOTTOM,1.0,conj_current_tide,0.0545,4,4,18.16,-0.2,4,1.2417839765548706
AAPL,HH,TOP,1.0,conj_current_tide,-0.1758,4,2,8.09,-0.2,2,1.420712947845459
AAPL,HH,TOP,1.0,conj_current_tide,-0.1939,4,1,4.71,0.0,1,1.4549989700317383
AAPL,LH,TOP,1.0,vwap_sigma_wave,-0.1879,4,0,0.0,0.0,0,1.4485700130462646
AAPL,HL,BOTTOM,9.0,vwap_sigma_wave,-0.1515,2,0,0.0,0.0,0,1.3446409702301025
AAPL,LL,BOTTOM,10.0,vwap_sigma_wave,-0.0545,1,0,0.0,0.0,0,1.278926968574524
AAPL,LH,TOP,,,0.0,0,0,0.0,0.0,0,1.3767839670181274
AAPL,HH,TOP,,,0.0,0,0,0.0,0.0,0,1.3889269828796387
AAPL,LH,TOP,,,0.0,0,0,0.0,0.0,0,1.3485699892044067
AAPL,HL,BOTTOM,,,0.0,0,0,0.0,0.0,0,1.3324990272521973
AAPL,LL,BOTTOM,,,0.0,0,0,0.0,0.0,0,1.2989269495010376
AAPL,HL,BOTTOM,,,0.0,0,0,0.0,0.0,0,1.3146419525146484
AAPL,HH,TOP,,,0.0,0,0,0.0,0.0,0,1.922855019569397
AAPL,LH,TOP,,,0.0,0,0,0.0,0.0,0,1.9085700511932373
AAPL,HL,BOTTOM,,,0.0,0,0,0.0,0.0,0,1.8242839574813843
AAPL,HL,BOTTOM,,,0.0,0,0,0.0,0.0,0,1.8692840337753296
AAPL,HH,TOP,,,0.0,0,0,0.0,0.0,0,1.9442839622497559
AAPL,LH,TOP,,,0.0,0,0,0.0,0.0,0,1.9196410179138184
AAPL,LL,BOTTOM,,,0.0,0,0,0.0,-0.3,0,1.8424979448318481
AAPL,LL,BOTTOM,,,0.0,0,0,0.0,-0.6,0,1.7589269876480103
AAPL,HL,BOTTOM,,,0.0,0,3,26.6,0.0,3,1.9192839860916138
AAPL,HH,TOP,10.0,kf_rsi_pred_val,-0.1091,2,0,0.0,0.5,0,2.67535400390625
AAPL,HH,TOP,,,0.0,0,0,0.0,0.3,0,2.677854061126709
AAPL,LH,TOP,,,0.0,0,1,4.05,0.2,1,2.5717830657958984
AAPL,HL,BOTTOM,1.0,vwap_spread_current_wave,0.0545,1,1,4.32,-0.0,1,2.5778539180755615
AAPL,LL,BOTTOM,1.0,vwap_spread_current_wave,0.097,1,2,8.47,-0.0,2,2.539639949798584
AAPL,HH,TOP,1.0,vwap_spread_tide_wave,-0.0303,2,2,8.99,0.1,2,3.010390043258667
AAPL,HH,TOP,1.0,kf_rsi_pred_val,-0.0182,2,3,13.58,0.1,3,3.056778907775879
AAPL,LL,BOTTOM,2.0,d_current_slope,0.0424,5,2,9.74,0.5,2,2.3110690116882324
AAPL,HL,BOTTOM,1.0,d_current_slope,0.1515,5,0,0.0,0.3,0,2.4158899784088135
AAPL,LH,TOP,1.0,kf_conjugation_pred_val,0.0606,2,2,9.16,-0.4,2,2.5471410751342773
AAPL,HH,TOP,1.0,kf_conjugation_pred_val,0.1576,2,2,8.45,0.0,2,2.5624969005584717
AAPL,LH,TOP,1.0,conj_wave_tide,0.1212,2,0,0.0,0.0,0,2.552140951156616
AAPL,LL,BOTTOM,10.0,conj_wave_tide,-0.1091,2,0,0.0,0.0,0,2.2832119464874268
AAPL,LL,BOTTOM,,,0.0,0,0,0.0,0.0,0,2.2567830085754395
AAPL,LH,TOP,,,0.0,0,0,0.0,0.0,0,2.3457119464874268
AAPL,HH,TOP,,,0.0,0,0,0.0,0.0,0,2.4042840003967285
AAPL,LH,TOP,,,0.0,0,0,0.0,0.0,0,2.3653550148010254
AAPL,LL,BOTTOM,1.0,sigma_tide,0.097,1,2,8.59,-0.5,2,2.1253550052642822
AAPL,LL,BOTTOM,1.0,sigma_tide,0.1818,2,2,9.04,-0.6,2,2.0967841148376465
AAPL,HL,BOTTOM,1.0,sigma_tide,0.2424,2,4,20.86,0.6,4,2.2260689735412598
AAPL,HH,TOP,1.0,conj_current_tide,0.0485,4,4,27.92,-0.8,4,2.400355100631714
AAPL,HH,TOP,1.0,kf_price_pred_val,0.097,4,4,26.7,-0.2,4,2.5442841053009033
AAPL,LH,TOP,1.0,kf_price_pred_val,0.1636,4,0,0.0,-0.4,0,2.492496967315674
AAPL,HL,BOTTOM,4.0,kf_price_filt_vel,-0.1879,4,0,0.0,0.0,0,2.31467604637146
AAPL,HL,BOTTOM,5.0,kf_price_filt_vel,-0.2788,4,0,0.0,0.0,0,2.3649981021881104
AAPL,HH,TOP,,,0.0,0,0,0.0,0.0,0,2.5403549671173096
AAPL,HH,TOP,,,0.0,0,0,0.0,0.0,0,2.5674970149993896
AAPL,LL,BOTTOM,,,0.0,0,0,0.0,0.0,0,2.0510690212249756
AAPL,LL,BOTTOM,,,0.0,0,0,0.0,0.0,0,2.0007119178771973
AAPL,HL,BOTTOM,,,0.0,0,0,0.0,0.0,0,2.1060690879821777
AAPL,LH,TOP,,,0.0,0,0,0.0,0.0,0,2.0453550815582275
AAPL,LL,BOTTOM,1.0,vwap_sigma_wave,0.0545,1,1,4.86,-0.0,1,1.866070032119751
AAPL,LL,BOTTOM,1.0,vwap_sigma_wave,0.097,1,3,14.36,0.5,3,1.8096410036087036
AAPL,HH,TOP,1.0,d_current_slope,0.097,3,2,14.16,-0.6,2,2.4342830181121826
AAPL,HH,TOP,1.0,d_current_slope,0.0848,3,2,15.27,-0.6,2,2.4853549003601074
AAPL,LH,TOP,1.0,d_current_slope,0.2485,2,2,12.82,-0.4,2,2.4392828941345215
AAPL,HL,BOTTOM,1.0,d_current_slope,0.2545,2,0,0.0,0.0,0,2.3135690689086914
AAPL,LL,BOTTOM,2.0,d_current_slope,0.0848,2,0,0.0,0.0,0,2.271069049835205
AAPL,HL,BOTTOM,3.0,d_current_slope,-0.0848,2,0,0.0,0.0,0,2.2882120609283447
AAPL,HH,TOP,,,0.0,0,0,0.0,0.0,0,2.7053539752960205
AAPL,HH,TOP,,,0.0,0,0,0.0,0.0,0,2.7717831134796143
AAPL,LH,TOP,,,0.0,0,0,0.0,0.0,0,2.728925943374634
AAPL,HL,BOTTOM,,,0.0,0,0,0.0,0.0,0,2.6360690593719482
AAPL,LL,BOTTOM,,,0.0,0,0,0.0,0.0,0,2.6153550148010254
AAPL,HL,BOTTOM,,,0.0,0,0,0.0,0.0,0,2.687854051589966
AAPL,HH,TOP,1.0,kf_rsi_pred_val,0.1091,2,0,0.0,0.0,0,3.1978540420532227
AAPL,HH,TOP,2.0,kf_rsi_pred_val,0.0848,2,0,0.0,0.0,0,3.2789249420166016
AAPL,LH,TOP,3.0,kf_rsi_pred_val,0.0606,2,0,0.0,0.0,0,3.2785680294036865
AAPL,HL,BOTTOM,,,0.0,0,0,0.0,0.0,0,2.911426067352295
AAPL,LL,BOTTOM,,,0.0,0,0,0.0,0.0,0,2.8882110118865967
AAPL,HL,BOTTOM,,,0.0,0,0,0.0,0.6,0,3.0299971103668213
AAPL,HH,TOP,3.0,kf_price_pred_val,0.0848,3,0,0.0,-0.3,0,3.4678540229797363
AAPL,LH,TOP,4.0,kf_price_pred_val,0.0364,3,0,0.0,-0.6,0,3.3910679817199707
AAPL,HL,BOTTOM,,,0.0,0,0,0.0,0.0,0,3.0778539180755615
AAPL,LL,BOTTOM,,,0.0,0,0,0.0,0.0,0,2.973926067352295
AAPL,LH,TOP,,,0.0,0,0,0.0,0.3,0,3.185710906982422
AAPL,HH,TOP,,,0.0,0,0,0.0,-0.0,0,3.196782112121582
AAPL,LH,TOP,,,0.0,0,0,0.0,-0.3,0,3.1810688972473145
AAPL,HL,BOTTOM,,,0.0,0,0,0.0,-0.6,0,3.1660680770874023
AAPL,LL,BOTTOM,,,0.0,0,3,14.58,0.0,3,2.997497081756592
AAPL,HL,BOTTOM,1.0,kf_price_filt_vel,0.1636,3,0,0.0,0.0,0,3.0217831134796143
AAPL,HH,TOP,,,0.0,0,0,0.0,0.0,0,3.423211097717285
AAPL,LH,TOP,,,0.0,0,0,0.0,0.0,0,3.409282922744751
AAPL,HL,BOTTOM,,,0.0,0,0,0.0,0.0,0,3.292496919631958
AAPL,LL,BOTTOM,,,0.0,0,0,0.0,0.0,0,3.222853899002075
AAPL,HH,TOP,5.0,rsi_value,0.0061,2,0,0.0,0.0,0,4.431031227111816
AAPL,HH,TOP,6.0,rsi_value,-0.0303,2,0,0.0,0.0,0,4.446066856384277
AAPL,HL,BOTTOM,8.0,rsi_value,-0.103,2,0,0.0,0.0,0,4.299281120300293
AAPL,LL,BOTTOM,9.0,rsi_value,-0.1394,2,0,0.0,0.0,0,4.1964240074157715
AAPL,HL,BOTTOM,10.0,rsi_value,-0.1091,2,0,0.0,0.0,0,4.241066932678223
AAPL,HH,TOP,10.0,kf_price_pred_val,-0.0545,1,0,0.0,0.4,0,4.999995231628418
AAPL,HH,TOP,,,0.0,0,1,4.08,-0.0,1,5.133923053741455
AAPL,HL,BOTTOM,1.0,sigma_tide,0.0545,1,0,0.0,-0.6,0,5.132137775421143
AAPL,LL,BOTTOM,2.0,sigma_tide,0.0424,1,3,16.52,0.3,3,4.817491054534912
AAPL,HL,BOTTOM,1.0,kf_price_filt_vel,0.1939,3,0,0.0,-0.3,0,4.9021382331848145
AAPL,HH,TOP,2.0,kf_price_filt_vel,0.1455,3,3,15.67,-0.0,3,5.21428108215332
AAPL,LH,TOP,1.0,kf_price_filt_vel,0.2606,3,0,0.0,-0.3,0,5.137495040893555
AAPL,LL,BOTTOM,4.0,kf_price_pred_val,0.0182,1,1,4.88,-0.0,1,4.282137870788574
AAPL,LL,BOTTOM,1.0,vwap_sigma_wave,0.0606,1,1,4.08,0.1,1,4.180353164672852
AAPL,HL,BOTTOM,1.0,vwap_sigma_wave,0.0909,1,0,0.0,-0.0,0,4.359281063079834
AAPL,LH,TOP,1.0,kf_price_pred_val,-0.0,1,0,0.0,-0.0,0,4.681066989898682
AAPL,HH,TOP,2.0,kf_price_pred_val,0.0182,1,0,0.0,-0.3,0,4.8321380615234375
AAPL,HL,BOTTOM,3.0,kf_price_pred_val,-0.0182,1,0,0.0,-0.6,0,4.723209857940674
AAPL,LL,BOTTOM,4.0,kf_price_pred_val,-0.0545,1,3,14.98,0.4,3,4.529282093048096
AAPL,HL,BOTTOM,1.0,kf_price_filt_vel,0.0727,3,0,0.0,0.2,0,4.788567066192627
AAPL,HH,TOP,4.0,kf_price_filt_vel,0.0242,3,0,0.0,-0.4,0,5.148565769195557
AAPL,LH,TOP,5.0,kf_price_filt_vel,-0.0242,3,2,8.29,0.0,2,4.884280204772949
AAPL,HL,BOTTOM,1.0,kf_price_filt_vel,0.0364,3,0,0.0,0.0,0,4.821781158447266
AAPL,LL,BOTTOM,2.0,kf_price_filt_vel,0.0303,3,0,0.0,0.0,0,4.706067085266113
AAPL,HH,TOP,1.0,vwap_spread_current_wave,-0.1879,6,1,4.34,1.2,1,6.6492791175842285
AAPL,HH,TOP,1.0,vwap_spread_current_wave,-0.2424,6,1,4.56,0.6,1,6.849636077880859
AAPL,LH,TOP,1.0,vwap_spread_current_wave,0.0909,1,1,4.66,-0.8,1,6.653561115264893
AAPL,HL,BOTTOM,1.0,kf_price_pred_val,0.3636,4,6,34.6,-0.6,6,5.4914231300354
AAPL,HL,BOTTOM,1.0,kf_price_pred_val,0.5455,6,3,44.84,0.0,3,6.06999397277832
AAPL,HH,TOP,,,0.0,0,0,0.0,0.0,0,6.784021854400635
AAPL,HH,TOP,,,0.0,0,0,0.0,0.0,0,6.939279079437256
AAPL,HL,BOTTOM,,,0.0,0,0,0.0,0.0,0,6.585707187652588
AAPL,LL,BOTTOM,,,0.0,0,0,0.0,0.0,0,6.5349931716918945
AAPL,HL,BOTTOM,,,0.0,0,0,0.0,0.0,0,6.539992809295654
AAPL,HH,TOP,,,0.0,0,0,0.0,0.6,0,7.0917792320251465
AAPL,HH,TOP,,,0.0,0,0,0.0,0.3,0,7.136778831481934
AAPL,LL,BOTTOM,1.0,kf_conjugation_pred_val,-0.4727,10,13,95.51,-0.8,13,4.3571391105651855
AAPL,LL,BOTTOM,1.0,kf_conjugation_pred_val,-0.0303,13,10,87.71,-0.8,10,4.329996109008789
AAPL,HL,BOTTOM,1.0,kf_conjugation_pred_val,0.1212,13,11,90.33,-0.2,11,4.481423854827881
AAPL,LH,TOP,1.0,kf_conjugation_pred_val,0.4909,13,11,76.82,0.5,11,4.6232099533081055
AAPL,LH,TOP,1.0,conj_wave_tide,0.6485,13,9,70.16,0.7,9,4.459280967712402
AAPL,LL,BOTTOM,1.0,conj_current_tide,0.0909,11,9,54.14,-1.3,9,4.276424884796143
AAPL,LL,BOTTOM,1.0,conj_current_tide,0.1152,11,9,52.4,-1.1,9,4.255352973937988
AAPL,HL,BOTTOM,1.0,conj_current_tide,0.1636,11,8,44.63,-0.6,8,4.391425132751465
AAPL,HH,TOP,1.0,conj_current_tide,0.0485,11,6,41.07,0.2,6,4.6396379470825195
AAPL,LH,TOP,1.0,conj_current_tide,-0.297,11,3,25.07,-0.2,3,4.464995861053467
AAPL,LL,BOTTOM,1.0,conj_current_tide,-0.6909,9,3,26.99,-0.4,3,4.274639129638672
AAPL,HL,BOTTOM,1.0,conj_current_tide,-0.5818,9,5,36.36,-0.0,5,4.548213005065918
AAPL,HH,TOP,1.0,d_current_slope,-0.5273,6,2,30.61,-0.0,2,5.567493915557861
AAPL,LH,TOP,1.0,d_current_slope,-0.4182,6,2,27.49,-0.0,2,5.458566188812256
AAPL,HL,BOTTOM,1.0,d_current_slope,-0.0545,3,2,32.04,-0.0,2,5.519637107849121
AAPL,LL,BOTTOM,1.0,d_current_slope,0.0,2,2,17.88,-0.4,2,5.254994869232178
AAPL,HH,TOP,1.0,vwap_spread_current_wave,0.1455,1,1,4.97,0.2,1,6.7199931144714355
AAPL,HH,TOP,1.0,vwap_spread_current_wave,0.1273,1,1,5.14,-0.1,1,6.784278869628906
AAPL,LH,TOP,1.0,vwap_spread_current_wave,0.097,1,1,5.27,-0.4,1,6.652135848999023
AAPL,HL,BOTTOM,1.0,vwap_spread_current_wave,0.0788,3,1,4.75,-0.0,1,6.363922119140625
AAPL,LL,BOTTOM,1.0,vwap_spread_current_wave,0.0424,3,1,4.48,-0.2,1,6.323207855224609
AAPL,HL,BOTTOM,1.0,vwap_spread_current_wave,0.0061,3,1,4.52,-0.3,1,6.470351219177246
AAPL,LH,TOP,4.0,vwap_spread_current_wave,-0.1273,1,0,0.0,0.0,0,6.613922119140625
AAPL,HH,TOP,5.0,vwap_spread_current_wave,-0.1455,1,0,0.0,0.2,0,6.765349864959717
AAPL,LH,TOP,6.0,vwap_spread_current_wave,-0.1515,1,0,0.0,0.3,0,6.629992961883545
AAPL,LL,BOTTOM,10.0,vwap_spread_current_wave,-0.0545,1,1,5.84,-0.2,1,6.1878509521484375
AAPL,LL,BOTTOM,1.0,vwap_sigma_wave,0.0545,1,1,4.35,0.0,1,6.156064987182617
AAPL,LH,TOP,1.0,vwap_sigma_wave,0.097,1,0,0.0,0.0,0,6.315708160400391
AAPL,HH,TOP,2.0,vwap_sigma_wave,0.0727,1,0,0.0,0.0,0,6.479636192321777
AAPL,LH,TOP,3.0,vwap_sigma_wave,0.0485,1,0,0.0,0.0,0,6.383922100067139
AAPL,LL,BOTTOM,2.0,vwap_sigma_wave,0.0424,1,0,0.0,0.0,0,5.97999382019043
AAPL,HL,BOTTOM,3.0,vwap_sigma_wave,0.0303,1,0,0.0,0.0,0,6.238564968109131
AAPL,LH,TOP,6.0,vwap_sigma_wave,-0.0061,1,0,0.0,0.0,0,6.25570821762085
AAPL,HH,TOP,7.0,vwap_sigma_wave,-0.0182,1,0,0.0,0.0,0,6.41249418258667
AAPL,LH,TOP,8.0,vwap_sigma_wave,-0.0303,1,0,0.0,0.0,0,6.223207950592041
AAPL,LL,BOTTOM,4.0,vwap_sigma_current,0.0121,2,1,4.47,0.0,1,5.472495079040527
AAPL,HL,BOTTOM,1.0,vwap_sigma_current,0.0182,2,0,0.0,0.0,0,5.7371368408203125
AAPL,HH,TOP,7.0,vwap_sigma_current,-0.0182,1,0,0.0,0.0,0,6.403564929962158
AAPL,HH,TOP,8.0,vwap_sigma_current,-0.0303,1,0,0.0,0.0,0,6.404280185699463
AAPL,LH,TOP,9.0,vwap_sigma_current,-0.0424,1,0,0.0,0.0,0,6.27642297744751
AAPL,LL,BOTTOM,1.0,vwap_sigma_current,0.3394,5,3,17.4,-0.8,3,4.99570894241333
AAPL,LL,BOTTOM,1.0,kf_rsi_pred_val,0.4061,5,7,47.42,-0.3,7,4.565352916717529
AAPL,HL,BOTTOM,1.0,kf_price_pred_val,0.6545,7,5,23.05,-0.0,5,4.788924217224121
AAPL,LH,TOP,1.0,kf_rsi_pred_val,0.7091,7,3,27.9,-0.1,3,5.032495021820068
AAPL,LL,BOTTOM,1.0,wave_slope,-0.2485,7,12,168.13,1.2,12,3.759282112121582
AAPL,HL,BOTTOM,1.0,kf_price_pred_val,0.2667,12,4,27.31,0.8,4,4.059281826019287
AAPL,LH,TOP,1.0,wave_slope,0.1273,12,4,30.95,0.1,4,3.897139072418213
AAPL,LL,BOTTOM,1.0,wave_slope,0.6545,12,10,87.63,-0.1,10,3.206782102584839
AAPL,LL,BOTTOM,1.0,wave_slope,0.6242,12,10,89.23,-0.7,10,3.169282913208008
AAPL,HL,BOTTOM,1.0,wave_slope,0.5091,12,11,120.91,0.4,11,3.457139015197754
AAPL,HH,TOP,1.0,kf_price_filt_vel,0.3636,12,9,176.7,-0.1,9,3.9378530979156494
AAPL,LH,TOP,1.0,kf_price_pred_val,0.6121,11,6,58.3,-0.0,6,3.7171390056610107
AAPL,HL,BOTTOM,1.0,wave_slope,0.0121,12,6,53.08,-1.0,6,3.5157110691070557
AAPL,LL,BOTTOM,1.0,wave_slope,-0.2424,12,12,89.42,0.4,12,3.2674970626831055
AAPL,HL,BOTTOM,1.0,wave_slope,-0.0788,12,8,61.8,0.7,8,3.459639072418213
AAPL,LH,TOP,1.0,wave_slope,-0.103,12,6,50.09,0.2,6,3.5082108974456787
AAPL,LH,TOP,1.0,current_slope,-0.2121,12,6,47.7,-1.2,6,3.442138910293579
AAPL,LL,BOTTOM,1.0,current_slope,-0.2061,12,8,56.9,-1.7,8,3.2889249324798584
AAPL,HL,BOTTOM,1.0,current_slope,-0.1636,12,9,63.25,-1.4,9,3.568211078643799
AAPL,HH,TOP,1.0,current_slope,-0.2545,12,8,57.28,-0.2,8,3.7339251041412354
AAPL,HH,TOP,1.0,current_slope,-0.0364,12,7,52.94,0.9,7,3.965709924697876
AAPL,LH,TOP,1.0,current_slope,-0.2242,12,3,30.34,0.3,3,3.842495918273926
AAPL,LL,BOTTOM,1.0,current_slope,-0.5152,9,3,26.73,-0.1,3,3.384639024734497
AAPL,LL,BOTTOM,1.0,current_slope,-0.3697,8,3,26.32,-0.4,3,3.2185680866241455
AAPL,HL,BOTTOM,1.0,current_slope,-0.2182,7,5,43.77,0.7,5,3.444282054901123
AAPL,LH,TOP,1.0,current_slope,0.0364,6,3,24.45,0.2,3,3.222853899002075
AAPL,LL,BOTTOM,1.0,current_slope,-0.2121,6,3,21.25,-0.7,3,3.081782102584839
AAPL,LL,BOTTOM,1.0,current_slope,-0.1212,6,7,40.65,-0.1,7,2.8746399879455566
AAPL,HL,BOTTOM,1.0,current_slope,0.2242,7,3,19.36,-0.2,3,2.9492828845977783
AAPL,HH,TOP,1.0,kf_price_filt_vel,0.2727,7,2,13.1,-0.3,2,3.242854118347168
AAPL,HH,TOP,1.0,current_slope,0.0848,7,4,24.95,-0.4,4,3.3928539752960205
AAPL,HL,BOTTOM,1.0,current_slope,0.0727,7,5,28.44,0.3,5,3.176068067550659
AAPL,HL,BOTTOM,1.0,kf_price_filt_vel,0.0606,7,3,17.02,-0.0,3,3.302496910095215
AAPL,HH,TOP,1.0,d_current_slope,-0.2061,7,5,33.55,-0.0,5,3.561424970626831
AAPL,HH,TOP,1.0,d_current_slope,-0.1697,7,2,14.73,0.4,2,3.573568105697632
AAPL,LH,TOP,1.0,d_current_slope,-0.0545,5,2,14.19,0.3,2,3.5074970722198486
AAPL,LL,BOTTOM,1.0,vwap_spread_tide_current,-0.0242,3,1,4.1,0.2,1,3.0849969387054443
AAPL,LL,BOTTOM,1.0,vwap_spread_tide_current,-0.0303,3,1,4.13,0.3,1,3.0371389389038086
AAPL,LH,TOP,1.0,vwap_spread_tide_current,0.1576,3,2,9.41,0.3,2,3.377854108810425
AAPL,LH,TOP,1.0,kf_price_pred_val,0.0727,3,0,0.0,0.3,0,3.3221399784088135
AAPL,LL,BOTTOM,1.0,d_tide_slope,0.1455,3,3,15.6,-1.1,3,2.792854070663452
AAPL,HL,BOTTOM,1.0,d_tide_slope,0.3212,3,5,27.2,-0.4,5,2.9582109451293945
AAPL,HH,TOP,1.0,vwap_spread_tide_current,-0.0485,2,1,4.56,-0.4,1,3.661067008972168
AAPL,LH,TOP,1.0,vwap_spread_tide_current,-0.0727,2,3,13.63,-0.0,3,3.493925094604492
AAPL,HL,BOTTOM,1.0,tide_slope,0.1273,3,2,9.34,-0.7,2,2.9682109355926514
AAPL,HL,BOTTOM,1.0,tide_slope,0.0909,3,4,21.17,-0.7,4,3.1652650833129883
AAPL,HH,TOP,1.0,conj_current_tide,-0.2788,4,5,23.06,0.6,5,4.716781139373779
AAPL,HH,TOP,1.0,conj_current_tide,-0.1273,5,2,11.11,0.2,2,4.739637851715088
AAPL,LH,TOP,1.0,conj_current_tide,-0.1515,5,2,11.75,-0.2,2,4.732138156890869
AAPL,HL,BOTTOM,1.0,conj_current_tide,0.1212,5,2,12.85,0.6,2,4.443566799163818
AAPL,LL,BOTTOM,1.0,conj_current_tide,0.0909,5,2,12.69,0.6,2,4.267496109008789
AAPL,HL,BOTTOM,1.0,conj_current_tide,0.0061,5,2,12.61,-0.0,2,4.391067028045654
AAPL,HH,TOP,1.0,d_tide_slope,-0.1333,5,2,14.1,-0.0,2,5.133566856384277
AAPL,HH,TOP,1.0,d_tide_slope,-0.1455,5,2,13.91,-0.0,2,5.166780948638916
AAPL,HL,BOTTOM,1.0,d_tide_slope,0.0,2,2,13.26,-0.0,2,4.90606689453125
AAPL,LL,BOTTOM,1.0,d_tide_slope,0.0,2,2,12.99,-0.0,2,4.786066055297852
AAPL,HL,BOTTOM,1.0,d_tide_slope,0.0,2,2,12.63,-0.0,2,4.864995002746582
AAPL,LH,TOP,1.0,d_tide_slope,0.0,2,2,15.41,-0.0,2,5.086780071258545
AAPL,HH,TOP,1.0,d_tide_slope,0.0,2,2,13.27,-0.0,2,5.1010661125183105
AAPL,LH,TOP,1.0,d_tide_slope,0.0,2,2,12.74,-0.0,2,5.000709056854248
AAPL,HL,BOTTOM,1.0,d_tide_slope,0.0,2,2,10.93,-0.0,2,4.950352191925049
AAPL,LL,BOTTOM,1.0,d_tide_slope,0.0,2,2,11.33,-0.0,2,4.835709095001221
AAPL,HL,BOTTOM,1.0,d_tide_slope,0.0,2,2,9.75,0.2,2,4.90070915222168
AAPL,HH,TOP,1.0,d_tide_slope,-0.0364,4,2,30.37,-0.0,2,5.903923034667969
AAPL,HH,TOP,1.0,d_tide_slope,-0.0606,4,2,29.54,-0.0,2,6.014994144439697
AAPL,LH,TOP,1.0,d_tide_slope,-0.0848,4,2,26.81,-0.0,2,5.956422805786133
AAPL,HL,BOTTOM,1.0,d_tide_slope,-0.1091,4,2,23.84,-0.0,2,5.699636936187744
AAPL,HL,BOTTOM,1.0,d_tide_slope,0.0,2,2,22.84,-0.0,2,5.857137203216553
AAPL,HH,TOP,1.0,vwap_spread_tide_current,0.0,2,2,11.2,-0.2,2,7.318563938140869
AAPL,HH,TOP,1.0,vwap_spread_tide_current,0.0,2,3,15.46,-0.0,3,7.328564167022705
AAPL,LH,TOP,1.0,vwap_spread_tide_current,0.0545,3,2,11.35,-0.0,2,7.28356409072876
AAPL,HL,BOTTOM,1.0,vwap_spread_tide_current,0.0061,3,2,10.91,-0.0,2,7.012493133544922
AAPL,LL,BOTTOM,1.0,vwap_spread_tide_current,-0.0061,3,2,10.69,-0.0,2,6.732135772705078
AAPL,HH,TOP,1.0,vwap_spread_tide_current,0.0,2,2,9.24,-0.0,2,7.379634857177734
AAPL,HH,TOP,1.0,vwap_spread_tide_current,0.0,2,2,9.16,-0.0,2,7.392849922180176
AAPL,LH,TOP,1.0,vwap_spread_tide_current,0.0,2,2,9.07,-0.0,2,7.355707168579102
AAPL,HL,BOTTOM,1.0,vwap_spread_tide_current,-0.1455,2,2,8.41,-0.2,2,6.748208045959473
AAPL,HL,BOTTOM,1.0,sigma_tide,-0.0727,2,1,4.01,0.0,1,6.781064987182617
AAPL,HH,TOP,,,0.0,0,0,0.0,-0.0,0,7.679992198944092
AAPL,LH,TOP,,,0.0,0,0,0.0,-0.2,0,7.561600208282471
AAPL,HL,BOTTOM,,,0.0,0,0,0.0,-0.2,0,7.431136131286621
AAPL,LL,BOTTOM,,,0.0,0,2,9.87,0.3,2,7.062492847442627
AAPL,LH,TOP,2.0,sigma_tide,0.0848,2,0,0.0,0.2,0,7.354992866516113
AAPL,HH,TOP,3.0,sigma_tide,0.0606,2,0,0.0,-0.0,0,7.4244208335876465
AAPL,LH,TOP,4.0,sigma_tide,0.0364,2,1,4.8,-0.0,1,7.117493152618408
AAPL,HL,BOTTOM,1.0,sigma_tide,0.0848,2,1,4.06,-0.0,1,7.115349769592285
AAPL,LL,BOTTOM,1.0,sigma_tide,0.0667,2,1,6.46,-0.2,1,6.858922004699707
AAPL,HL,BOTTOM,1.0,sigma_tide,0.0364,2,1,4.95,-0.3,1,6.980708122253418
AAPL,HH,TOP,1.0,rsi_value,0.0606,2,2,10.01,-0.8,2,9.51675796508789
AAPL,HH,TOP,1.0,rsi_value,0.1212,2,3,16.21,-0.4,3,9.672492980957031
AAPL,HL,BOTTOM,8.0,kf_rsi_pred_val,-0.297,3,0,0.0,-0.4,0,8.794633865356445
AAPL,LL,BOTTOM,9.0,kf_rsi_pred_val,-0.2485,3,1,4.32,-0.4,1,8.423563003540039
AAPL,LH,TOP,1.0,kf_price_filt_vel,0.1515,2,0,0.0,0.0,0,9.161419868469238
AAPL,HH,TOP,2.0,kf_price_filt_vel,0.1152,2,0,0.0,0.0,0,9.360350608825684
AAPL,LH,TOP,3.0,kf_price_filt_vel,0.0788,2,0,0.0,0.0,0,9.227137565612793
AAPL,HL,BOTTOM,7.0,kf_price_filt_vel,-0.0667,2,0,0.0,0.0,0,8.869277000427246
AAPL,LL,BOTTOM,8.0,kf_price_filt_vel,-0.103,2,0,0.0,0.0,0,8.491419792175293
AAPL,HL,BOTTOM,9.0,kf_price_filt_vel,-0.1394,2,0,0.0,0.0,0,8.654276847839355
AAPL,HH,TOP,,,0.0,0,0,0.0,0.0,0,9.315350532531738
AAPL,HH,TOP,,,0.0,0,0,0.0,0.0,0,9.426774978637695
AAPL,LH,TOP,,,0.0,0,0,0.0,0.0,0,9.397137641906738
AAPL,HL,BOTTOM,,,0.0,0,0,0.0,0.0,0,8.904634475708008
AAPL,LL,BOTTOM,,,0.0,0,0,0.0,0.0,0,8.68570613861084
AAPL,HL,BOTTOM,,,0.0,0,0,0.0,0.0,0,8.946776390075684
AAPL,HH,TOP,,,0.0,0,0,0.0,0.0,0,9.709636688232422
AAPL,HH,TOP,,,0.0,0,0,0.0,0.0,0,9.788346290588379
AAPL,LL,BOTTOM,,,0.0,0,0,0.0,-0.0,0,8.874277114868164
AAPL,LL,BOTTOM,,,0.0,0,0,0.0,-0.2,0,8.819276809692383
AAPL,LH,TOP,1.0,kf_price_filt_vel,0.1091,2,0,0.0,0.0,0,9.217494010925293
AAPL,HH,TOP,2.0,kf_price_filt_vel,0.0848,2,0,0.0,0.0,0,9.272137641906738
AAPL,LL,BOTTOM,8.0,kf_price_filt_vel,-0.0606,2,0,0.0,0.0,0,8.770706176757812
AAPL,HL,BOTTOM,9.0,kf_price_filt_vel,-0.0848,2,0,0.0,0.0,0,8.996062278747559
AAPL,LH,TOP,,,0.0,0,0,0.0,0.0,0,9.259991645812988
AAPL,HH,TOP,,,0.0,0,0,0.0,0.0,0,9.431422233581543
AAPL,LH,TOP,,,0.0,0,0,0.0,0.0,0,9.319989204406738
AAPL,LL,BOTTOM,,,0.0,0,0,0.0,-0.2,0,8.778562545776367
AAPL,LL,BOTTOM,,,0.0,0,1,4.32,0.0,1,8.568920135498047
AAPL,HL,BOTTOM,1.0,vwap_sigma_wave,0.0545,1,0,0.0,0.0,0,8.674633979797363
AAPL,HH,TOP,1.0,rsi_value,0.1091,2,2,10.6,0.0,2,11.357131958007812
AAPL,LH,TOP,1.0,kf_rsi_pred_val,0.1939,2,0,0.0,0.0,0,11.053202629089355
AAPL,HL,BOTTOM,8.0,kf_rsi_pred_val,-0.1455,2,0,0.0,0.0,0,10.901416778564453
AAPL,LL,BOTTOM,9.0,kf_rsi_pred_val,-0.1939,2,0,0.0,0.0,0,10.749274253845215
AAPL,HH,TOP,,,0.0,0,0,0.0,0.0,0,11.379279136657715
AAPL,LH,TOP,,,0.0,0,0,0.0,0.0,0,11.288562774658203
AAPL,HL,BOTTOM,,,0.0,0,0,0.0,0.0,0,10.771063804626465
AAPL,LL,BOTTOM,,,0.0,0,0,0.0,0.0,0,10.732131958007812
AAPL,HL,BOTTOM,,,0.0,0,0,0.0,0.0,0,11.01534366607666
AAPL,HH,TOP,3.0,vwap_sigma_current,0.0606,2,0,0.0,-0.4,0,12.345699310302734
AAPL,HH,TOP,4.0,vwap_sigma_current,0.0364,2,2,8.74,0.0,2,12.445700645446777
AAPL,HL,BOTTOM,3.0,rsi_value,0.0242,2,0,0.0,0.0,0,11.881414413452148
AAPL,LL,BOTTOM,4.0,rsi_value,-0.0242,2,0,0.0,0.0,0,11.668559074401855
AAPL,HH,TOP,,,0.0,0,0,0.0,0.0,0,12.853554725646973
AAPL,HH,TOP,,,0.0,0,0,0.0,0.0,0,12.968911170959473
AAPL,LH,TOP,,,0.0,0,0,0.0,0.0,0,12.796418190002441
AAPL,HL,BOTTOM,,,0.0,0,0,0.0,0.0,0,12.093206405639648
AAPL,HL,BOTTOM,,,0.0,0,0,0.0,0.0,0,12.236420631408691
AAPL,HH,TOP,,,0.0,0,0,0.0,0.0,0,12.841418266296387
AAPL,HH,TOP,,,0.0,0,0,0.0,0.0,0,12.85713005065918
AAPL,HL,BOTTOM,,,0.0,0,0,0.0,-0.2,0,12.336771011352539
AAPL,LL,BOTTOM,,,0.0,0,1,4.97,0.0,1,11.786060333251953
AAPL,HL,BOTTOM,1.0,vwap_sigma_wave,0.0545,1,0,0.0,0.0,0,11.95141315460205
AAPL,LH,TOP,6.0,vwap_sigma_wave,-0.0061,1,0,0.0,0.0,0,12.320343971252441
AAPL,HH,TOP,7.0,vwap_sigma_wave,-0.0182,1,0,0.0,0.0,0,12.554988861083984
AAPL,LL,BOTTOM,,,0.0,0,0,0.0,0.0,0,11.872127532958984
AAPL,LL,BOTTOM,,,0.0,0,0,0.0,0.0,0,11.694987297058105
AAPL,HH,TOP,,,0.0,0,0,0.0,0.0,0,12.607453346252441
AAPL,LH,TOP,,,0.0,0,0,0.0,0.0,0,12.514985084533691
AAPL,LL,BOTTOM,1.0,vwap_sigma_current,0.0545,1,2,9.66,0.0,2,11.261420249938965
AAPL,HL,BOTTOM,1.0,vwap_sigma_current,0.1515,2,0,0.0,0.0,0,11.617847442626953
AAPL,HH,TOP,1.0,kf_rsi_pred_val,0.1818,2,2,10.14,-0.4,2,14.232129096984863
AAPL,HH,TOP,1.0,kf_rsi_pred_val,0.2424,2,2,10.92,0.0,2,14.407482147216797
AAPL,LH,TOP,1.0,rsi_value,0.2788,2,0,0.0,0.0,0,14.021060943603516
AAPL,HL,BOTTOM,9.0,rsi_value,-0.1939,2,1,4.82,-0.4,1,12.614628791809082
AAPL,HL,BOTTOM,1.0,kf_price_pred_val,-0.0545,2,2,9.75,0.0,2,13.357486724853516
AAPL,LH,TOP,4.0,kf_price_filt_vel,0.0424,2,0,0.0,0.0,0,13.693197250366211
AAPL,LH,TOP,5.0,kf_price_filt_vel,0.0061,2,0,0.0,0.4,0,13.588557243347168
AAPL,LL,BOTTOM,7.0,kf_price_filt_vel,-0.0667,2,0,0.0,-0.0,0,13.073203086853027
AAPL,LL,BOTTOM,8.0,kf_price_filt_vel,-0.103,2,0,0.0,-0.2,0,12.71534538269043
AAPL,HH,TOP,,,0.0,0,0,0.0,0.0,0,14.701051712036133
AAPL,HH,TOP,,,0.0,0,0,0.0,0.0,0,14.7660551071167
AAPL,LH,TOP,,,0.0,0,0,0.0,0.0,0,14.719266891479492
AAPL,HL,BOTTOM,,,0.0,0,0,0.0,0.0,0,13.47749137878418
AAPL,LL,BOTTOM,,,0.0,0,0,0.0,0.0,0,13.207131385803223
AAPL,HH,TOP,,,0.0,0,0,0.0,-0.3,0,14.999628067016602
AAPL,HH,TOP,,,0.0,0,0,0.0,-0.6,0,15.079984664916992
AAPL,LH,TOP,,,0.0,0,3,17.51,0.0,3,14.236418724060059
AAPL,LL,BOTTOM,3.0,vwap_sigma_wave,0.0303,1,0,0.0,0.0,0,12.984631538391113
AAPL,HH,TOP,7.0,rsi_value,-0.0788,2,0,0.0,0.0,0,22.722476959228516
AAPL,LH,TOP,8.0,rsi_value,-0.1152,2,0,0.0,0.0,0,22.44426155090332
AAPL,HL,BOTTOM,,,0.0,0,0,0.0,0.0,0,20.718904495239258
AAPL,HL,BOTTOM,,,0.0,0,0,0.0,0.0,0,21.77497673034668
AAPL,LH,TOP,,,0.0,0,0,0.0,0.6,0,21.726409912109375
AAPL,LL,BOTTOM,,,0.0,0,0,0.0,-0.3,0,20.417835235595703
AAPL,LL,BOTTOM,,,0.0,0,0,0.0,-0.6,0,20.009981155395508
AAPL,HL,BOTTOM,,,0.0,0,3,30.92,0.0,3,21.78569221496582
AAPL,LH,TOP,1.0,kf_price_filt_vel,0.1636,3,0,0.0,0.0,0,21.703548431396484
AAPL,LL,BOTTOM,,,0.0,0,0,0.0,-0.0,0,19.502656936645508
AAPL,LL,BOTTOM,,,0.0,0,0,0.0,-0.2,0,18.932842254638672
AAPL,HL,BOTTOM,,,0.0,0,0,0.0,-0.4,0,18.942119598388672
AAPL,LH,TOP,9.0,vwap_sigma_wave,-0.097,1,0,0.0,0.0,0,21.652122497558594
AAPL,HH,TOP,10.0,vwap_sigma_wave,-0.0545,1,0,0.0,0.0,0,21.93998146057129
AAPL,LH,TOP,,,0.0,0,0,0.0,0.0,0,21.582122802734375
AAPL,HL,BOTTOM,,,0.0,0,0,0.0,0.0,0,20.53462028503418
AAPL,LL,BOTTOM,,,0.0,0,0,0.0,0.0,0,20.531404495239258
AAPL,HL,BOTTOM,,,0.0,0,0,0.0,0.0,0,20.89854621887207
AAPL,HH,TOP,,,0.0,0,0,0.0,0.0,0,25.068185806274414
AAPL,HH,TOP,,,0.0,0,0,0.0,0.0,0,25.07497787475586
AAPL,LH,TOP,,,0.0,0,0,0.0,0.0,0,24.95354461669922
AAPL,LL,BOTTOM,1.0,sigma_tide,0.3939,5,3,13.0,-1.1,3,19.17426109313965
AAPL,LL,BOTTOM,1.0,sigma_tide,0.3273,5,4,18.81,-0.9,4,18.772127151489258
AAPL,HL,BOTTOM,1.0,rsi_value,0.2788,5,3,13.81,-0.6,3,18.845623016357422
AAPL,LH,TOP,4.0,kf_price_filt_vel,-0.3576,4,0,0.0,0.0,0,21.054622650146484
AAPL,LH,TOP,5.0,kf_price_filt_vel,-0.4121,4,0,0.0,0.0,0,20.884979248046875
AAPL,LL,BOTTOM,,,0.0,0,0,0.0,0.0,0,18.394983291625977
AAPL,LL,BOTTOM,,,0.0,0,0,0.0,0.0,0,18.19959259033203
AAPL,LH,TOP,,,0.0,0,0,0.0,0.0,0,19.608196258544922
AAPL,LH,TOP,,,0.0,0,0,0.0,0.0,0,19.360549926757812
AAPL,LL,BOTTOM,,,0.0,0,0,0.0,0.0,0,17.91962432861328
AAPL,LL,BOTTOM,,,0.0,0,0,0.0,0.0,0,17.354265213012695
AAPL,HL,BOTTOM,,,0.0,0,0,0.0,1.2,0,18.074628829956055
AAPL,LH,TOP,,,0.0,0,0,0.0,0.2,0,18.027482986450195
AAPL,HH,TOP,,,0.0,0,0,0.0,-1.1,0,18.3572998046875
AAPL,LH,TOP,,,0.0,0,6,66.38,-0.7,6,16.089269638061523
AAPL,LL,BOTTOM,1.0,kf_price_filt_vel,0.3273,6,4,23.45,-0.4,4,15.709980010986328
AAPL,HH,TOP,2.0,vwap_sigma_tide,-0.1939,3,0,0.0,0.3,0,17.140338897705078
AAPL,LH,TOP,3.0,vwap_sigma_tide,-0.2061,3,0,0.0,0.3,0,16.710693359375
AAPL,LL,BOTTOM,1.0,vwap_sigma_tide,0.0,1,1,5.47,-0.0,1,15.001771926879883
AAPL,HL,BOTTOM,1.0,vwap_sigma_tide,0.0,1,1,4.74,-0.0,1,15.39798641204834
AAPL,LH,TOP,7.0,vwap_sigma_tide,-0.1455,1,0,0.0,-0.3,0,16.556415557861328
AAPL,LH,TOP,8.0,vwap_sigma_tide,-0.1273,1,1,4.19,-0.2,1,16.469125747680664
AAPL,LL,BOTTOM,1.0,vwap_sigma_current,0.1636,2,3,14.47,-0.9,3,14.0017728805542
AAPL,LL,BOTTOM,1.0,vwap_sigma_current,0.2667,3,4,19.16,-0.2,4,13.947486877441406
AAPL,LH,TOP,,,0.0,0,1,5.35,0.0,1,16.380624771118164
AAPL,HH,TOP,1.0,geo_phase_angle,0.0545,1,0,0.0,0.0,0,16.56570053100586
AAPL,LH,TOP,2.0,geo_phase_angle,0.0424,1,0,0.0,0.0,0,16.31319808959961
AAPL,HL,BOTTOM,5.0,geo_phase_angle,0.0061,1,0,0.0,0.0,0,15.852130889892578
AAPL,LL,BOTTOM,6.0,geo_phase_angle,-0.0061,1,0,0.0,0.0,0,15.316060066223145
AAPL,HL,BOTTOM,7.0,geo_phase_angle,-0.0182,1,0,0.0,0.0,0,15.520623207092285
AAPL,LH,TOP,,,0.0,0,0,0.0,0.0,0,15.891054153442383
AAPL,HH,TOP,,,0.0,0,0,0.0,0.0,0,16.127843856811523
AAPL,LH,TOP,,,0.0,0,0,0.0,0.0,0,16.061952590942383
AAPL,LL,BOTTOM,1.0,kf_rsi_pred_val,0.2424,3,3,15.54,-0.8,3,14.216773986816406
AAPL,LL,BOTTOM,1.0,kf_rsi_pred_val,0.3515,3,3,16.33,-0.4,3,14.063557624816895
AAPL,HL,BOTTOM,1.0,kf_rsi_pred_val,0.4364,3,2,9.41,0.0,2,14.161772727966309
AAPL,HH,TOP,,,0.0,0,0,0.0,0.0,0,18.13355255126953
AAPL,LH,TOP,,,0.0,0,0,0.0,0.0,0,17.895341873168945
AAPL,HL,BOTTOM,3.0,kf_price_pred_val,0.0909,3,0,0.0,-0.2,0,16.075702667236328
AAPL,HL,BOTTOM,4.0,kf_price_pred_val,0.0545,3,1,5.07,0.0,1,16.261415481567383
AAPL,HH,TOP,,,0.0,0,0,0.0,0.0,0,20.360336303710938
AAPL,LH,TOP,,,0.0,0,0,0.0,0.0,0,20.273908615112305
AAPL,HL,BOTTOM,1.0,kf_price_pred_val,0.2182,4,2,8.79,-0.2,2,17.8839111328125
AAPL,LL,BOTTOM,1.0,vwap_sigma_wave,0.2788,4,1,4.24,0.0,1,17.84933853149414
AAPL,HL,BOTTOM,1.0,kf_rsi_pred_val,0.2606,4,0,0.0,0.0,0,17.87855339050293
AAPL,LH,TOP,,,0.0,0,0,0.0,0.0,0,19.499622344970703
AAPL,LH,TOP,,,0.0,0,0,0.0,0.0,0,19.1917667388916
AAPL,HL,BOTTOM,,,0.0,0,0,0.0,0.0,0,18.644981384277344
AAPL,LL,BOTTOM,,,0.0,0,0,0.0,0.0,0,18.47676658630371
AAPL,HL,BOTTOM,,,0.0,0,0,0.0,0.0,0,18.845338821411133
AAPL,HH,TOP,,,0.0,0,0,0.0,0.0,0,25.825000762939453
AAPL,LH,TOP,,,0.0,0,0,0.0,0.0,0,24.735000610351562
AAPL,HL,BOTTOM,,,0.0,0,0,0.0,-0.2,0,24.385000228881836
AAPL,LL,BOTTOM,,,0.0,0,1,5.09,0.0,1,24.065000534057617
AAPL,HL,BOTTOM,1.0,vwap_sigma_wave,0.0545,1,0,0.0,0.0,0,24.417499542236328
AAPL,HH,TOP,1.0,rsi_value,0.0364,3,0,0.0,0.0,0,29.399999618530273
AAPL,HH,TOP,2.0,rsi_value,-0.0848,3,0,0.0,0.0,0,29.75
AAPL,HL,BOTTOM,,,0.0,0,0,0.0,0.0,0,27.056249618530273
AAPL,LL,BOTTOM,,,0.0,0,0,0.0,0.0,0,26.686250686645508
AAPL,HL,BOTTOM,,,0.0,0,0,0.0,0.0,0,27.352500915527344
AAPL,LH,TOP,,,0.0,0,0,0.0,0.0,0,28.497499465942383
AAPL,LL,BOTTOM,,,0.0,0,0,0.0,0.0,0,26.5625
AAPL,HL,BOTTOM,,,0.0,0,0,0.0,0.0,0,26.565000534057617
AAPL,LH,TOP,,,0.0,0,0,0.0,0.0,0,27.97249984741211
AAPL,HH,TOP,,,0.0,0,0,0.0,0.2,0,28.002500534057617
AAPL,HL,BOTTOM,,,0.0,0,0,0.0,-0.2,0,26.704999923706055
AAPL,LL,BOTTOM,,,0.0,0,1,4.16,0.0,1,26.497499465942383
AAPL,HH,TOP,,,0.0,0,0,0.0,0.0,0,33.25
AAPL,LH,TOP,,,0.0,0,0,0.0,0.0,0,33.04249954223633
AAPL,HL,BOTTOM,,,0.0,0,0,0.0,0.0,0,31.127500534057617
AAPL,LL,BOTTOM,,,0.0,0,0,0.0,0.0,0,30.559999465942383
AAPL,HL,BOTTOM,,,0.0,0,0,0.0,0.0,0,31.112499237060547
AAPL,HH,TOP,,,0.0,0,0,0.0,0.0,0,33.162498474121094
AAPL,LH,TOP,,,0.0,0,0,0.0,0.0,0,32.63999938964844
AAPL,HL,BOTTOM,,,0.0,0,0,0.0,0.0,0,31.450000762939453
AAPL,LL,BOTTOM,,,0.0,0,0,0.0,0.0,0,31.252500534057617
AAPL,HL,BOTTOM,,,0.0,0,0,0.0,0.0,0,31.315000534057617
AAPL,HH,TOP,,,0.0,0,0,0.0,0.0,0,32.84749984741211
AAPL,HH,TOP,,,0.0,0,0,0.0,0.0,0,33.1349983215332
AAPL,LL,BOTTOM,6.0,vwap_sigma_wave,-0.0061,1,2,9.8,-0.6,2,30.642499923706055
AAPL,LL,BOTTOM,1.0,vwap_sigma_current,0.0909,2,3,18.48,0.0,3,30.017499923706055
AAPL,HL,BOTTOM,1.0,vwap_sigma_current,0.2182,3,0,0.0,0.0,0,30.81999969482422
AAPL,LH,TOP,7.0,vwap_sigma_current,-0.1152,3,0,0.0,0.0,0,33.01750183105469
AAPL,LH,TOP,8.0,vwap_sigma_current,-0.1758,3,0,0.0,0.0,0,32.6875
AAPL,LL,BOTTOM,1.0,sigma_tide,0.2364,6,4,23.4,-0.9,4,25.780000686645508
AAPL,HL,BOTTOM,1.0,sigma_tide,0.3212,6,3,17.43,-0.5,3,25.934999465942383
AAPL,LH,TOP,9.0,kf_price_filt_vel,-0.0848,2,0,0.0,0.0,0,29.06999969482422
AAPL,HH,TOP,10.0,kf_price_filt_vel,-0.1091,2,0,0.0,0.0,0,29.102500915527344
AAPL,LH,TOP,,,0.0,0,0,0.0,0.0,0,28.479999542236328
AAPL,HL,BOTTOM,,,0.0,0,0,0.0,0.0,0,28.110000610351562
AAPL,LL,BOTTOM,,,0.0,0,0,0.0,0.0,0,27.264999389648438
AAPL,HL,BOTTOM,,,0.0,0,0,0.0,0.0,0,27.575000762939453
AAPL,HH,TOP,,,0.0,0,0,0.0,0.0,0,30.295000076293945
AAPL,HH,TOP,,,0.0,0,0,0.0,0.0,0,30.642499923706055
AAPL,LH,TOP,,,0.0,0,0,0.0,0.0,0,30.5
AAPL,HL,BOTTOM,,,0.0,0,0,0.0,0.0,0,28.93000030517578
AAPL,LL,BOTTOM,,,0.0,0,0,0.0,0.0,0,28.084999084472656
AAPL,LH,TOP,,,0.0,0,0,0.0,0.0,0,29.69499969482422
AAPL,HH,TOP,,,0.0,0,0,0.0,0.0,0,29.825000762939453
AAPL,LL,BOTTOM,1.0,vwap_sigma_tide,-0.3333,4,1,5.49,0.6,1,24.197500228881836
AAPL,LL,BOTTOM,1.0,vwap_sigma_tide,-0.4,4,1,5.53,0.5,1,24.075000762939453
AAPL,HL,BOTTOM,1.0,vwap_sigma_tide,-0.3212,4,0,0.0,0.1,0,25.354999542236328
AAPL,LL,BOTTOM,1.0,vwap_sigma_tide,-0.097,2,0,0.0,-0.6,0,24.997499465942383
AAPL,LL,BOTTOM,2.0,vwap_sigma_tide,-0.0848,1,4,24.09,-0.0,4,23.354999542236328
AAPL,HL,BOTTOM,1.0,kf_price_filt_vel,0.103,4,1,5.46,-0.0,1,23.522499084472656
AAPL,LH,TOP,,,0.0,0,0,0.0,0.0,0,28.010000228881836
AAPL,HH,TOP,,,0.0,0,0,0.0,0.0,0,28.024999618530273
AAPL,LH,TOP,,,0.0,0,0,0.0,0.0,0,27.462499618530273
AAPL,LL,BOTTOM,1.0,rsi_value,-0.2485,4,1,4.66,-0.8,1,23.127500534057617
AAPL,LL,BOTTOM,1.0,rsi_value,-0.2061,4,3,14.64,-0.4,3,22.584999084472656
AAPL,HL,BOTTOM,1.0,rsi_value,-0.0182,3,2,10.57,0.0,2,22.6299991607666
AAPL,LH,TOP,8.0,rsi_value,-0.2424,3,0,0.0,0.0,0,24.905000686645508
AAPL,HH,TOP,9.0,rsi_value,-0.2485,3,0,0.0,0.2,0,25.102500915527344
AAPL,LH,TOP,10.0,rsi_value,-0.1091,2,0,0.0,0.1,0,25.087499618530273
AAPL,HL,BOTTOM,,,0.0,0,1,4.47,0.0,1,23.010000228881836
AAPL,HL,BOTTOM,1.0,geo_phase_angle,0.0545,1,0,0.0,0.0,0,23.397499084472656
AAPL,HH,TOP,,,0.0,0,0,0.0,0.0,0,27.3700008392334
AAPL,LH,TOP,,,0.0,0,0,0.0,0.0,0,27.344999313354492
AAPL,HL,BOTTOM,,,0.0,0,0,0.0,-0.4,0,26.3799991607666
AAPL,LL,BOTTOM,,,0.0,0,2,10.11,0.0,2,25.782499313354492
AAPL,HH,TOP,,,0.0,0,0,0.0,0.0,0,29.412500381469727
AAPL,HH,TOP,,,0.0,0,0,0.0,0.0,0,29.5625
AAPL,LH,TOP,,,0.0,0,0,0.0,0.0,0,28.897499084472656
AAPL,HL,BOTTOM,6.0,vwap_sigma_wave,-0.0121,2,0,0.0,0.0,0,26.427499771118164
AAPL,HL,BOTTOM,7.0,vwap_sigma_wave,-0.0364,2,0,0.0,0.0,0,26.77750015258789
AAPL,HH,TOP,2.0,kf_rsi_pred_val,0.1152,2,0,0.0,-0.2,0,38.48749923706055
AAPL,HH,TOP,3.0,kf_rsi_pred_val,0.0788,2,1,4.28,0.0,1,39.025001525878906
AAPL,HL,BOTTOM,,,0.0,0,0,0.0,0.0,0,36.0724983215332
AAPL,LL,BOTTOM,,,0.0,0,0,0.0,0.0,0,35.567501068115234
AAPL,HH,TOP,,,0.0,0,0,0.0,0.0,0,41.0
AAPL,HH,TOP,,,0.0,0,0,0.0,0.0,0,41.01250076293945
AAPL,HL,BOTTOM,1.0,vwap_sigma_wave,0.097,1,1,4.5,0.0,1,37.63750076293945
AAPL,HL,BOTTOM,1.0,vwap_sigma_wave,0.1273,1,0,0.0,0.0,0,38.28499984741211
AAPL,HH,TOP,,,0.0,0,0,0.0,0.0,0,44.775001525878906
AAPL,HH,TOP,,,0.0,0,0,0.0,0.0,0,44.814998626708984
AAPL,LH,TOP,,,0.0,0,0,0.0,0.0,0,44.6150016784668
AAPL,HL,BOTTOM,2.0,vwap_sigma_current,0.3636,5,1,4.43,-0.5,1,39.8849983215332
AAPL,LL,BOTTOM,1.0,sigma_tide,0.297,5,2,12.53,-0.2,2,38.787498474121094
AAPL,HL,BOTTOM,1.0,sigma_tide,0.2727,5,1,5.52,0.0,1,39.102500915527344
AAPL,HH,TOP,,,0.0,0,0,0.0,0.0,0,45.43000030517578
AAPL,LH,TOP,,,0.0,0,0,0.0,0.0,0,44.99250030517578
AAPL,HL,BOTTOM,,,0.0,0,0,0.0,0.0,0,42.212501525878906
AAPL,LL,BOTTOM,,,0.0,0,0,0.0,0.0,0,41.23500061035156
AAPL,LH,TOP,,,0.0,0,0,0.0,0.0,0,43.95500183105469
AAPL,HH,TOP,,,0.0,0,0,0.0,0.0,0,44.560001373291016
AAPL,LH,TOP,,,0.0,0,0,0.0,0.0,0,44.459999084472656
AAPL,LL,BOTTOM,,,0.0,0,0,0.0,0.0,0,41.05500030517578
AAPL,LL,BOTTOM,,,0.0,0,0,0.0,0.0,0,40.58000183105469
AAPL,HH,TOP,,,0.0,0,0,0.0,0.0,0,48.32749938964844
AAPL,HH,TOP,,,0.0,0,0,0.0,0.0,0,48.494998931884766
AAPL,LH,TOP,,,0.0,0,0,0.0,0.0,0,48.3650016784668
AAPL,HL,BOTTOM,,,0.0,0,1,4.17,0.0,1,45.54249954223633
AAPL,HL,BOTTOM,1.0,vwap_sigma_wave,0.0545,1,0,0.0,0.0,0,46.10749816894531
AAPL,HH,TOP,,,0.0,0,0,0.0,0.0,0,57.31999969482422
AAPL,HH,TOP,,,0.0,0,0,0.0,0.0,0,58.01750183105469
AAPL,LH,TOP,,,0.0,0,0,0.0,0.0,0,56.997501373291016
AAPL,LL,BOTTOM,1.0,sigma_tide,0.1758,4,4,23.29,-0.3,4,43.0724983215332
AAPL,LH,TOP,1.0,sigma_tide,-0.0909,4,0,0.0,-0.0,0,46.20500183105469
AAPL,LH,TOP,2.0,sigma_tide,-0.3212,4,1,4.51,-0.0,1,44.17250061035156
AAPL,LL,BOTTOM,1.0,sigma_tide,0.1091,3,3,17.53,-0.5,3,36.70750045776367
AAPL,LH,TOP,1.0,vwap_spread_current_wave,0.3576,5,3,12.62,-1.3,3,39.47999954223633
AAPL,LH,TOP,1.0,vwap_spread_current_wave,0.2848,5,9,65.59,-0.2,9,35.54750061035156
AAPL,HL,BOTTOM,1.0,kf_price_filt_vel,0.5152,9,4,17.47,-0.0,4,37.064998626708984
AAPL,HH,TOP,6.0,kf_rsi_pred_val,-0.0424,2,0,0.0,0.0,0,52.287498474121094
AAPL,HH,TOP,7.0,kf_rsi_pred_val,-0.0788,2,0,0.0,0.0,0,52.9375
AAPL,HL,BOTTOM,,,0.0,0,1,4.02,0.0,1,43.32500076293945
AAPL,HL,BOTTOM,1.0,rsi_value,0.0545,1,0,0.0,0.0,0,44.90999984741211
AAPL,LH,TOP,,,0.0,0,0,0.0,0.1,0,52.19499969482422
AAPL,HH,TOP,,,0.0,0,0,0.0,-0.0,0,53.2599983215332
AAPL,LH,TOP,,,0.0,0,0,0.0,-0.1,0,52.10749816894531
AAPL,HL,BOTTOM,,,0.0,0,1,5.34,0.2,1,48.334999084472656
AAPL,HL,BOTTOM,1.0,kf_price_pred_val,0.0545,1,0,0.0,0.1,0,49.25
AAPL,HH,TOP,,,0.0,0,0,0.0,0.0,0,79.90249633789062
AAPL,HH,TOP,,,0.0,0,0,0.0,0.0,0,81.80000305175781
AAPL,LH,TOP,,,0.0,0,0,0.0,0.0,0,81.21749877929688
AAPL,HL,BOTTOM,2.0,vwap_sigma_wave,0.103,2,2,9.98,-0.5,2,68.37999725341797
AAPL,LL,BOTTOM,1.0,vwap_sigma_wave,0.1758,2,1,4.7,-0.6,1,68.33999633789062
AAPL,LH,TOP,1.0,kf_price_filt_vel,0.2606,3,0,0.0,0.3,0,72.33000183105469
AAPL,HH,TOP,2.0,kf_price_filt_vel,0.1515,3,0,0.0,-0.0,0,75.68499755859375
AAPL,LH,TOP,3.0,kf_price_filt_vel,0.0424,3,0,0.0,1.1,0,73.2300033569336
AAPL,LL,BOTTOM,5.0,kf_price_filt_vel,-0.1758,3,3,31.38,1.7,3,66.5425033569336
AAPL,HL,BOTTOM,1.0,kf_price_pred_val,0.0121,3,0,0.0,0.4,0,71.33499908447266
AAPL,LH,TOP,2.0,kf_price_pred_val,-0.0424,3,0,0.0,-0.5,0,68.85749816894531
AAPL,LL,BOTTOM,3.0,kf_price_pred_val,-0.1515,3,7,52.3,0.2,7,62.057498931884766
AAPL,HL,BOTTOM,1.0,kf_price_pred_val,0.2545,7,3,37.47,0.5,3,69.49250030517578
AAPL,LL,BOTTOM,1.0,sigma_tide,0.5697,8,7,43.03,-0.9,7,56.092498779296875
AAPL,HL,BOTTOM,1.0,sigma_tide,0.6667,8,7,64.6,-0.5,7,61.720001220703125
AAPL,LH,TOP,1.0,kf_price_filt_vel,0.5152,8,4,22.33,0.1,4,61.380001068115234
AAPL,HH,TOP,1.0,kf_conjugation_pred_val,0.1152,8,4,22.45,-0.4,4,64.61000061035156
AAPL,LH,TOP,1.0,kf_conjugation_pred_val,0.1333,8,3,15.58,-0.8,3,61.935001373291016
AAPL,HL,BOTTOM,1.0,conj_wave_tide,-0.1333,8,2,8.66,-0.7,2,63.5724983215332
AAPL,LL,BOTTOM,1.0,conj_wave_tide,-0.4727,8,5,23.41,-0.0,5,60.227500915527344
AAPL,HL,BOTTOM,1.0,kf_price_filt_vel,-0.4485,8,0,0.0,-0.3,0,61.23249816894531
AAPL,HH,TOP,4.0,kf_price_filt_vel,-0.3879,5,0,0.0,0.0,0,68.3125
AAPL,HH,TOP,5.0,kf_price_filt_vel,-0.3818,5,0,0.0,0.0,0,71.76249694824219
AAPL,LH,TOP,6.0,kf_price_filt_vel,-0.3394,5,0,0.0,0.0,0,71.10749816894531
AAPL,HL,BOTTOM,9.0,kf_price_filt_vel,-0.1273,3,0,0.0,0.0,0,69.23249816894531
AAPL,LL,BOTTOM,10.0,kf_price_filt_vel,-0.1636,3,0,0.0,0.0,0,67.09249877929688
AAPL,HL,BOTTOM,,,0.0,0,0,0.0,0.0,0,69.0250015258789
AAPL,HH,TOP,,,0.0,0,0,0.0,0.0,0,98.35749816894531
AAPL,LH,TOP,,,0.0,0,0,0.0,0.0,0,97.0
AAPL,HL,BOTTOM,,,0.0,0,0,0.0,0.0,0,92.84500122070312
AAPL,LL,BOTTOM,,,0.0,0,0,0.0,0.6,0,92.61499786376953
AAPL,HH,TOP,5.0,kf_rsi_pred_val,0.0,3,0,0.0,-0.5,0,129.0399932861328
AAPL,HH,TOP,6.0,kf_rsi_pred_val,-0.0727,3,3,13.4,-0.4,3,134.17999267578125
AAPL,LH,TOP,1.0,sigma_tide,0.0182,3,1,4.07,-0.6,1,131.39999389648438
AAPL,HL,BOTTOM,7.0,kf_price_pred_val,-0.2,3,0,0.0,0.0,0,110.33999633789062
AAPL,LL,BOTTOM,8.0,kf_price_pred_val,-0.1939,3,0,0.0,0.0,0,106.83999633789062
AAPL,LH,TOP,,,0.0,0,3,15.78,0.0,3,124.4000015258789
AAPL,LH,TOP,1.0,kf_price_pred_val,0.1636,3,0,0.0,0.0,0,121.0999984741211
AAPL,HL,BOTTOM,,,0.0,0,0,0.0,-0.0,0,108.7699966430664
AAPL,HL,BOTTOM,,,0.0,0,0,0.0,-0.1,0,110.44000244140625
AAPL,LH,TOP,7.0,kf_price_pred_val,-0.0182,1,0,0.0,0.0,0,120.30000305175781
AAPL,LH,TOP,8.0,kf_price_pred_val,-0.0303,1,0,0.0,0.0,0,119.38999938964844
AAPL,HL,BOTTOM,,,0.0,0,0,0.0,0.0,0,113.8499984741211
AAPL,HL,BOTTOM,,,0.0,0,0,0.0,0.0,0,115.16999816894531
AAPL,HH,TOP,,,0.0,0,0,0.0,0.0,0,136.69000244140625
AAPL,LH,TOP,,,0.0,0,0,0.0,0.0,0,134.8699951171875
AAPL,HL,BOTTOM,,,0.0,0,0,0.0,0.0,0,131.00999450683594
AAPL,LL,BOTTOM,,,0.0,0,0,0.0,0.0,0,126.5999984741211
AAPL,HL,BOTTOM,,,0.0,0,0,0.0,0.0,0,130.9199981689453
AAPL,HH,TOP,,,0.0,0,0,0.0,0.1,0,142.9199981689453
AAPL,HH,TOP,,,0.0,0,0,0.0,-0.2,0,143.16000366210938
AAPL,LH,TOP,,,0.0,0,0,0.0,-0.5,0,142.05999755859375
AAPL,LL,BOTTOM,,,0.0,0,0,0.0,-0.3,0,125.3499984741211
AAPL,LL,BOTTOM,,,0.0,0,1,4.15,-0.4,1,120.98999786376953
AAPL,HL,BOTTOM,1.0,sigma_tide,0.0545,1,1,4.07,-0.4,1,121.26000213623047
AAPL,LH,TOP,1.0,kf_rsi_pred_val,0.097,1,2,10.91,0.4,2,127.79000091552734
AAPL,LH,TOP,1.0,kf_price_filt_vel,0.1818,2,0,0.0,0.2,0,125.12000274658203
AAPL,LL,BOTTOM,5.0,kf_price_filt_vel,-0.0121,2,2,9.12,0.0,2,116.36000061035156
AAPL,HL,BOTTOM,1.0,sigma_tide,0.0485,2,0,0.0,0.0,0,121.08499908447266
AAPL,HH,TOP,4.0,vwap_sigma_wave,-0.0061,1,0,0.0,0.0,0,134.83999633789062
AAPL,LH,TOP,5.0,vwap_sigma_wave,-0.0424,1,0,0.0,0.0,0,133.11000061035156
AAPL,HL,BOTTOM,,,0.0,0,0,0.0,0.0,0,122.8440933227539
AAPL,LL,BOTTOM,,,0.0,0,0,0.0,0.0,0,119.78055572509766
AAPL,HL,BOTTOM,,,0.0,0,0,0.0,0.0,0,121.92697143554688
AAPL,HH,TOP,5.0,vwap_sigma_wave,0.0061,1,0,0.0,0.0,0,153.10365295410156
AAPL,LH,TOP,6.0,vwap_sigma_wave,-0.0061,1,0,0.0,0.0,0,151.55979919433594
AAPL,HL,BOTTOM,,,0.0,0,1,4.68,0.0,1,135.95533752441406
AAPL,HL,BOTTOM,1.0,vwap_sigma_current,0.0545,1,0,0.0,0.0,0,137.8802490234375
AAPL,HH,TOP,,,0.0,0,0,0.0,-0.2,0,170.8135528564453
AAPL,HH,TOP,,,0.0,0,1,4.4,0.0,1,175.5986328125
AAPL,HL,BOTTOM,6.0,sigma_tide,-0.0061,1,0,0.0,0.0,0,166.1068115234375
AAPL,HL,BOTTOM,7.0,sigma_tide,-0.0182,1,0,0.0,0.0,0,169.2772216796875
AAPL,HH,TOP,,,0.0,0,0,0.0,0.0,0,178.10366821289062
AAPL,LH,TOP,,,0.0,0,0,0.0,0.0,0,175.84324645996094
AAPL,LL,BOTTOM,3.0,vwap_sigma_wave,0.0545,1,0,0.0,-0.3,0,156.26271057128906
AAPL,LL,BOTTOM,4.0,vwap_sigma_wave,0.0182,1,0,0.0,-0.7,0,155.80276489257812
AAPL,HL,BOTTOM,5.0,vwap_sigma_wave,-0.0182,1,3,20.04,-0.2,3,166.6743621826172
AAPL,LH,TOP,6.0,kf_price_pred_val,-0.0606,3,0,0.0,0.0,0,171.29574584960938
AAPL,HH,TOP,7.0,kf_price_pred_val,-0.1091,3,0,0.0,0.0,0,172.71644592285156
AAPL,LH,TOP,8.0,kf_price_pred_val,-0.1576,3,0,0.0,0.0,0,168.64048767089844
AAPL,LL,BOTTOM,1.0,vwap_sigma_current,0.0545,1,3,14.37,0.0,3,147.57518005371094
AAPL,HL,BOTTOM,1.0,vwap_sigma_current,0.2061,3,0,0.0,0.0,0,151.9547882080078
AAPL,HH,TOP,10.0,vwap_sigma_current,-0.1636,3,0,0.0,0.0,0,172.05015563964844
AAPL,HH,TOP,,,0.0,0,0,0.0,0.0,0,175.34222412109375
AAPL,LH,TOP,,,0.0,0,0,0.0,0.0,0,174.17630004882812
AAPL,HL,BOTTOM,,,0.0,0,0,0.0,0.0,0,153.63021850585938
AAPL,LL,BOTTOM,,,0.0,0,0,0.0,0.0,0,153.40487670898438
AAPL,HL,BOTTOM,,,0.0,0,0,0.0,0.0,0,160.33193969726562
AAPL,LH,TOP,,,0.0,0,0,0.0,0.0,0,156.2560272216797
AAPL,HH,TOP,,,0.0,0,0,0.0,0.4,0,162.66383361816406
AAPL,LH,TOP,,,0.0,0,0,0.0,0.6,0,153.60081481933594
AAPL,LL,BOTTOM,2.0,sigma_tide,0.1212,2,2,10.04,-0.3,2,138.17599487304688
AAPL,LL,BOTTOM,1.0,sigma_tide,0.1576,2,2,11.3,-0.3,2,134.7711181640625
AAPL,HL,BOTTOM,1.0,sigma_tide,0.1697,2,2,9.99,-0.1,2,135.00662231445312
AAPL,LH,TOP,4.0,sigma_tide,-0.1576,2,0,0.0,0.0,0,145.9178466796875
AAPL,HH,TOP,5.0,sigma_tide,-0.2545,2,0,0.0,0.0,0,148.37091064453125
AAPL,LH,TOP,6.0,sigma_tide,-0.2182,2,0,0.0,0.0,0,142.65036010742188
AAPL,LL,BOTTOM,1.0,vwap_sigma_tide,0.1818,3,0,0.0,-0.5,0,132.88717651367188
AAPL,LL,BOTTOM,2.0,vwap_sigma_tide,0.1333,3,2,8.92,-0.2,2,127.61799621582031
AAPL,HL,BOTTOM,1.0,vwap_sigma_tide,0.1939,3,1,4.29,0.0,1,129.08982849121094
AAPL,HH,TOP,,,0.0,0,0,0.0,0.0,0,170.0170440673828
AAPL,HH,TOP,,,0.0,0,0,0.0,0.0,0,171.5105438232422
AAPL,LH,TOP,,,0.0,0,0,0.0,0.0,0,171.11752319335938
AAPL,HL,BOTTOM,,,0.0,0,0,0.0,0.0,0,153.2442626953125
AAPL,LL,BOTTOM,,,0.0,0,0,0.0,0.0,0,151.77040100097656
AAPL,HL,BOTTOM,,,0.0,0,0,0.0,0.0,0,154.6297149658203
AAPL,LH,TOP,,,0.0,0,0,0.0,0.0,0,160.5841827392578
AAPL,LH,TOP,,,0.0,0,0,0.0,0.0,0,151.16119384765625
AAPL,LL,BOTTOM,,,0.0,0,0,0.0,-0.4,0,139.9990234375
AAPL,LL,BOTTOM,,,0.0,0,2,8.12,0.0,2,135.79354858398438
AAPL,LH,TOP,2.0,vwap_sigma_wave,0.0848,2,0,0.0,0.0,0,143.55596923828125
AAPL,HH,TOP,3.0,vwap_sigma_wave,0.0606,2,0,0.0,0.0,0,143.85073852539062
AAPL,LH,TOP,4.0,vwap_sigma_wave,0.0364,2,0,0.0,0.0,0,142.8976287841797
AAPL,HL,BOTTOM,7.0,vwap_sigma_wave,-0.0364,2,0,0.0,0.0,0,136.55996704101562
AAPL,LL,BOTTOM,8.0,vwap_sigma_wave,-0.0606,2,0,0.0,0.0,0,135.93109130859375
AAPL,HL,BOTTOM,9.0,vwap_sigma_wave,-0.0848,2,0,0.0,0.0,0,140.50010681152344
AAPL,LH,TOP,,,0.0,0,0,0.0,-0.2,0,142.27859497070312
AAPL,HH,TOP,,,0.0,0,2,8.24,0.1,2,153.0281219482422
AAPL,LL,BOTTOM,3.0,kf_price_pred_val,-0.0061,2,0,0.0,-0.3,0,137.29823303222656
AAPL,LL,BOTTOM,4.0,kf_price_pred_val,-0.0424,2,0,0.0,-0.7,0,132.74134826660156
AAPL,HL,BOTTOM,5.0,kf_price_pred_val,-0.0788,2,3,28.17,-0.2,3,144.5519561767578
AAPL,LH,TOP,4.0,kf_price_pred_val,-0.0182,3,0,0.0,0.0,0,148.3411865234375
AAPL,HH,TOP,5.0,kf_price_pred_val,-0.0121,3,0,0.0,0.0,0,148.90219116210938
AAPL,LL,BOTTOM,10.0,kf_price_pred_val,-0.0545,1,0,0.0,0.3,0,141.9437713623047
AAPL,LL,BOTTOM,,,0.0,0,0,0.0,0.3,0,138.94192504882812
AAPL,HL,BOTTOM,,,0.0,0,0,0.0,0.2,0,145.6936492919922
AAPL,LH,TOP,,,0.0,0,0,0.0,-0.0,0,145.96923828125
AAPL,LH,TOP,,,0.0,0,1,5.46,-0.2,1,145.4770965576172
AAPL,LL,BOTTOM,1.0,vwap_sigma_current,0.0606,2,2,8.56,-0.4,2,124.36566925048828
AAPL,LL,BOTTOM,1.0,vwap_sigma_tide,0.1394,2,2,9.02,0.0,2,123.04681396484375
AAPL,HL,BOTTOM,1.0,vwap_sigma_tide,0.2061,2,0,0.0,0.0,0,127.5741958618164
AAPL,HH,TOP,,,0.0,0,0,0.0,0.0,0,151.01223754882812
AAPL,HH,TOP,,,0.0,0,0,0.0,0.0,0,153.11183166503906
AAPL,LH,TOP,,,0.0,0,0,0.0,0.0,0,151.5150146484375
AAPL,HL,BOTTOM,,,0.0,0,0,0.0,0.0,0,145.30494689941406
AAPL,LL,BOTTOM,,,0.0,0,0,0.0,0.0,0,143.23492431640625
AAPL,HL,BOTTOM,,,0.0,0,0,0.0,0.0,0,143.82638549804688
AAPL,HH,TOP,1.0,reg_value_current,0.0,2,2,9.51,0.7,2,193.91249084472656
AAPL,LH,TOP,1.0,reg_value_current,0.0,2,2,9.55,0.7,2,193.08335876464844
AAPL,HL,BOTTOM,1.0,reg_value_current,0.0788,5,3,13.1,-0.2,3,174.52464294433594
AAPL,LL,BOTTOM,1.0,vwap_wave,-0.0242,5,4,17.16,-0.0,4,171.9844207763672
AAPL,HL,BOTTOM,1.0,vwap_wave,-0.0848,5,3,12.92,-0.0,3,172.46875
AAPL,LH,TOP,1.0,reg_value_tide,0.0,3,3,12.64,-0.0,3,187.50253295898438
AAPL,LH,TOP,1.0,reg_value_tide,0.0,3,2,8.63,-0.0,2,180.79119873046875
AAPL,LL,BOTTOM,1.0,reg_value_tide,-0.097,2,1,4.54,-0.0,1,169.9680633544922
AAPL,LL,BOTTOM,1.0,reg_value_tide,-0.0545,2,1,4.53,-0.0,1,168.45574951171875
AAPL,HL,BOTTOM,1.0,reg_value_tide,0.0,1,1,4.53,-0.0,1,168.71275329589844
AAPL,LH,TOP,1.0,reg_value_tide,0.0,1,1,4.57,-0.0,1,177.71722412109375
AAPL,HH,TOP,1.0,reg_value_tide,0.0,1,1,4.57,-0.0,1,178.61671447753906
AAPL,LH,TOP,1.0,reg_value_tide,0.0,1,1,4.58,-0.0,1,176.7782440185547
AAPL,HL,BOTTOM,1.0,reg_value_tide,0.0,1,1,4.58,-0.4,1,169.1179962158203
AAPL,LL,BOTTOM,1.0,reg_value_tide,0.0,1,3,13.84,-0.0,3,164.9567413330078
AAPL,HL,BOTTOM,1.0,vwap_sigma_wave,0.1091,3,1,4.57,-0.0,1,166.27134704589844
AAPL,HH,TOP,1.0,reg_value_tide,0.0,4,4,18.14,-0.0,4,195.92465209960938
AAPL,HH,TOP,1.0,reg_value_tide,0.0,4,4,18.28,-0.0,4,196.0731201171875
AAPL,LH,TOP,1.0,reg_value_tide,0.0,4,4,18.45,-0.0,4,195.5386505126953
AAPL,HL,BOTTOM,1.0,reg_value_current,0.097,5,6,28.23,-0.4,6,180.0396728515625
AAPL,LL,BOTTOM,1.0,reg_value_current,0.1818,6,6,28.04,-0.0,6,179.31715393066406
AAPL,LH,TOP,1.0,reg_value_tide,-0.1091,6,4,18.75,-0.0,4,191.896484375
AAPL,HH,TOP,1.0,reg_value_tide,0.0,4,4,18.77,-0.0,4,193.1732177734375
AAPL,LH,TOP,1.0,reg_value_tide,0.0,4,4,18.77,-0.0,4,192.50021362304688
AAPL,LL,BOTTOM,1.0,vwap_sigma_current,0.1636,7,7,36.11,-0.7,7,167.59474182128906
AAPL,LL,BOTTOM,1.0,kf_rsi_pred_val,0.2909,7,6,31.42,-0.2,6,167.475830078125
AAPL,HL,BOTTOM,1.0,kf_rsi_pred_val,0.3273,7,4,18.44,-0.2,4,169.19021606445312
AAPL,LH,TOP,1.0,vwap_tide,-0.5939,7,2,9.33,-0.0,2,174.49197387695312
AAPL,HH,TOP,1.0,vwap_tide,-0.503,7,2,9.33,-0.0,2,177.05860900878906
AAPL,LH,TOP,1.0,vwap_tide,-0.3515,6,2,9.31,-0.0,2,169.82444763183594
AAPL,LL,BOTTOM,1.0,vwap_tide,0.0,2,2,9.1,-0.3,2,168.13978576660156
AAPL,LL,BOTTOM,1.0,vwap_tide,0.0,2,2,9.07,-0.3,2,166.26683044433594
AAPL,HL,BOTTOM,1.0,vwap_tide,0.0,2,2,9.06,-0.2,2,173.46136474609375
AAPL,HH,TOP,1.0,vwap_tide,0.0,2,2,9.05,0.4,2,174.95774841308594
AAPL,LL,BOTTOM,1.0,vwap_tide,-0.1273,2,1,5.05,-0.4,1,165.5334930419922
AAPL,LL,BOTTOM,1.0,vwap_tide,-0.1455,2,3,13.78,-0.0,3,163.5119171142578
AAPL,HH,TOP,1.0,reg_value_current,0.0788,6,5,27.61,-0.0,5,232.60107421875
AAPL,HH,TOP,1.0,reg_value_current,0.0727,6,4,23.78,-0.0,4,233.0178680419922
AAPL,LH,TOP,1.0,reg_value_current,-0.0,6,4,23.97,-0.0,4,227.12342834472656
AAPL,HL,BOTTOM,1.0,reg_value_current,0.0,4,4,25.08,-0.0,4,207.6639404296875
AAPL,LL,BOTTOM,1.0,reg_value_current,0.0,4,4,25.03,-0.0,4,205.63958740234375
AAPL,HL,BOTTOM,1.0,reg_value_current,0.0,4,4,24.99,-0.0,4,208.209716796875
AAPL,LH,TOP,1.0,reg_value_current,0.0,4,4,25.48,-0.0,4,225.01193237304688
AAPL,HH,TOP,1.0,reg_value_current,0.0,4,4,25.54,-0.0,4,228.29037475585938
AAPL,LH,TOP,1.0,reg_value_current,0.0,4,4,25.6,-0.0,4,227.5055389404297
AAPL,HL,BOTTOM,1.0,reg_value_current,0.0,4,4,25.68,-0.0,4,214.90829467773438
AAPL,HL,BOTTOM,1.0,reg_value_current,0.0,4,4,25.73,-0.0,4,215.37521362304688
AAPL,HH,TOP,1.0,reg_value_current,0.0,4,4,27.91,-0.0,4,234.9367218017578
AAPL,LH,TOP,1.0,reg_value_current,0.0,4,4,28.04,-0.0,4,234.32077026367188
AAPL,HL,BOTTOM,1.0,vwap_wave,0.0,4,4,28.45,-0.0,4,220.5611572265625
AAPL,HL,BOTTOM,1.0,vwap_wave,0.0,4,4,28.43,-0.0,4,221.9917449951172
AAPL,HH,TOP,1.0,reg_value_current,-0.0061,5,4,32.85,-0.0,4,257.6127014160156
AAPL,LH,TOP,1.0,reg_value_current,-0.0182,5,4,33.1,-0.0,4,254.20135498046875
AAPL,LL,BOTTOM,1.0,reg_value_tide,0.0424,5,4,33.7,-0.0,4,221.4303741455078
AAPL,HL,BOTTOM,1.0,reg_value_tide,0.0303,5,4,33.55,-0.0,4,222.6139373779297
AAPL,LH,TOP,1.0,reg_value_tide,0.0,4,4,32.56,-0.0,4,246.0277099609375
AAPL,LH,TOP,1.0,reg_value_tide,0.0,4,4,32.64,-0.0,4,245.9679718017578
AAPL,LL,BOTTOM,1.0,reg_value_tide,0.0545,5,6,41.47,-1.1,6,216.0384063720703
AAPL,LL,BOTTOM,1.0,reg_value_tide,0.1515,6,9,59.45,-0.5,9,208.77008056640625
AAPL,HL,BOTTOM,1.0,reg_value_tide,0.3879,9,6,40.92,-0.3,6,212.5635528564453
AAPL,LH,TOP,1.0,reg_value_tide,-0.0545,5,4,31.06,1.2,4,222.2214813232422
AAPL,HH,TOP,1.0,reg_value_tide,0.0,4,4,31.0,-0.6,4,222.91844177246094
AAPL,LH,TOP,1.0,reg_value_tide,0.0,4,9,69.63,-1.6,9,202.30824279785156
AAPL,LL,BOTTOM,1.0,kf_price_pred_val,0.6485,12,9,65.36,-1.5,9,180.6725616455078
AAPL,LL,BOTTOM,1.0,sigma_tide,0.7636,12,10,72.51,-0.7,10,171.67176818847656
AAPL,HL,BOTTOM,1.0,sigma_tide,0.8727,12,7,144.01,0.2,7,197.98709106445312
AAPL,HH,TOP,1.0,vwap_tide,-0.0848,6,4,26.12,-0.0,4,211.57785034179688
AAPL,HH,TOP,1.0,vwap_tide,-0.1091,6,4,26.09,-0.0,4,212.39430236816406
AAPL,LH,TOP,1.0,vwap_tide,0.0,4,4,26.0,-0.0,4,204.45889282226562
AAPL,LL,BOTTOM,1.0,vwap_tide,0.0,4,4,25.69,0.3,4,197.64857482910156
AAPL,LL,BOTTOM,1.0,vwap_tide,0.0,4,4,25.53,-0.0,4,195.39837646484375
AAPL,HL,BOTTOM,1.0,vwap_tide,0.0,4,4,25.4,-0.3,4,196.63299560546875
AAPL,HH,TOP,1.0,vwap_tide,0.0,4,7,44.45,-0.0,7,210.15049743652344
AAPL,HH,TOP,1.0,vwap_tide,0.1636,7,4,25.27,-0.0,4,212.28399658203125
AAPL,LH,TOP,1.0,vwap_tide,0.1273,7,4,25.29,-0.0,4,211.68582153320312
AAPL,HL,BOTTOM,1.0,vwap_tide,-0.0909,7,4,25.64,-0.0,4,200.74908447265625
AAPL,LL,BOTTOM,1.0,vwap_tide,-0.1273,7,4,25.62,-0.0,4,194.67759704589844
AAPL,HH,TOP,1.0,vwap_tide,0.0,4,4,25.31,-0.0,4,211.83535766601562
AAPL,HH,TOP,1.0,vwap_tide,0.0,4,4,25.37,-0.0,4,213.74954223632812
AAPL,LH,TOP,1.0,vwap_tide,0.0,4,4,25.44,-0.0,4,213.50030517578125
AAPL,HL,BOTTOM,1.0,vwap_tide,0.0,4,4,25.72,0.2,4,206.94027709960938
AAPL,LL,BOTTOM,1.0,vwap_tide,0.0,4,4,25.67,0.6,4,201.76602172851562
AAPL,HH,TOP,1.0,vwap_tide,0.0,4,4,28.44,-0.0,4,238.01634216308594
AAPL,HH,TOP,1.0,vwap_tide,0.0,4,4,28.62,-0.0,4,239.32383728027344
AAPL,LH,TOP,1.0,vwap_tide,0.0,4,4,28.81,-0.0,4,239.2340087890625
AAPL,HL,BOTTOM,1.0,vwap_tide,0.0,4,4,29.07,-0.0,4,233.9041748046875
AAPL,LL,BOTTOM,1.0,vwap_tide,0.0,4,4,29.13,-0.0,4,226.35855102539062
AAPL,HL,BOTTOM,1.0,vwap_tide,0.0,4,4,29.2,-0.0,4,229.59239196777344
AAPL,HH,TOP,1.0,reg_value_current,0.0,4,4,40.52,-0.0,4,282.8353576660156
AAPL,HH,TOP,1.0,reg_value_current,0.0,4,4,40.85,-0.0,4,285.9224548339844
AAPL,LH,TOP,1.0,reg_value_current,0.0,4,4,41.1,-0.0,4,283.8843688964844
AAPL,HL,BOTTOM,1.0,vwap_wave,-0.0364,7,8,67.46,-0.9,8,246.46937561035156
AAPL,HL,BOTTOM,1.0,vwap_wave,0.0364,8,7,60.85,-0.9,7,247.41848754882812
AAPL,LH,TOP,1.0,reg_value_tide,-0.2909,7,4,40.96,-0.0,4,275.6520690917969
AAPL,HH,TOP,1.0,reg_value_tide,-0.1636,7,4,41.14,-0.0,4,277.8599853515625
AAPL,HL,BOTTOM,1.0,reg_value_tide,0.0,4,4,41.64,-0.0,4,261.7300109863281
AAPL,LL,BOTTOM,1.0,reg_value_tide,0.0,4,4,41.57,-0.0,4,255.77999877929688
AAPL,LH,TOP,1.0,reg_value_tide,0.0,4,4,41.87,-0.0,4,272.1400146484375
AAPL,HH,TOP,1.0,reg_value_tide,0.0,4,4,42.04,-0.0,4,274.2300109863281
AAPL,LH,TOP,1.0,reg_value_tide,0.0,4,4,42.18,-0.0,4,272.95001220703125
AAPL,LL,BOTTOM,1.0,reg_value_tide,0.0,4,4,42.06,-0.0,4,246.6300048828125
AAPL,HL,BOTTOM,1.0,reg_value_tide,0.0,4,4,42.02,-0.0,4,253.7899932861328
AMZN,UNKNOWN,TOP,1.0,current_slope,-0.2303,13,8,71.88,-1.1,8,3.5209999084472656
AMZN,HH,TOP,1.0,current_slope,-0.3697,13,11,88.04,-0.5,11,3.682499885559082
AMZN,LH,TOP,1.0,current_slope,0.0424,11,7,69.05,-0.5,7,3.614500045776367
AMZN,HL,BOTTOM,1.0,current_slope,0.4727,9,9,52.04,-0.0,9,3.433000087738037
AMZN,LL,BOTTOM,1.0,current_slope,0.5152,9,7,43.77,-0.0,7,3.374000072479248
AMZN,HL,BOTTOM,1.0,current_slope,0.3455,9,7,41.83,-0.0,7,3.4070000648498535
AMZN,HH,TOP,1.0,vwap_spread_tide_wave,-0.2,7,5,26.04,-0.2,5,3.6394999027252197
AMZN,HH,TOP,1.0,vwap_spread_tide_wave,-0.2485,7,5,24.03,-0.5,5,3.7550010681152344
AMZN,HL,BOTTOM,1.0,vwap_spread_tide_wave,-0.2485,6,3,14.98,0.1,3,3.587001085281372
AMZN,LL,BOTTOM,1.0,vwap_spread_tide_wave,-0.2788,6,3,14.68,0.1,3,3.4625000953674316
AMZN,HL,BOTTOM,1.0,tide_slope,-0.2727,5,6,259.61,0.3,6,4.308994770050049
AMZN,HH,TOP,1.0,kf_price_filt_vel,-0.1333,6,4,25.0,-0.1,4,4.200500011444092
AMZN,LL,BOTTOM,1.0,tide_slope,-0.1758,6,3,15.33,-0.0,3,3.672499895095825
AMZN,LL,BOTTOM,1.0,tide_slope,-0.0364,4,3,15.32,-0.0,3,3.61899995803833
AMZN,HL,BOTTOM,1.0,tide_slope,0.0061,4,3,15.21,-0.0,3,3.6394999027252197
AMZN,HH,TOP,1.0,tide_slope,0.097,3,3,16.71,-0.0,3,4.792500972747803
AMZN,LH,TOP,1.0,tide_slope,0.0545,3,3,16.7,-0.3,3,4.7661848068237305
AMZN,HL,BOTTOM,1.0,tide_slope,0.0,3,3,16.34,-0.6,3,4.732999801635742
AMZN,LL,BOTTOM,1.0,tide_slope,0.0,3,6,34.4,-0.0,6,4.4670000076293945
AMZN,HL,BOTTOM,1.0,tide_slope,0.1636,6,3,16.42,-0.0,3,4.618500232696533
AMZN,LH,TOP,1.0,tide_slope,-0.0545,6,3,16.72,-0.9,3,4.564499855041504
AMZN,HH,TOP,1.0,tide_slope,-0.0909,6,6,68.03,-0.6,6,5.041000843048096
AMZN,LH,TOP,1.0,kf_price_pred_val,0.0364,6,6,55.44,-0.0,6,4.436500072479248
AMZN,LL,BOTTOM,1.0,kf_price_pred_val,0.3576,8,9,48.61,-1.1,9,3.8499999046325684
AMZN,HL,BOTTOM,1.0,d_current_slope,0.6,9,8,40.67,-0.8,8,3.993000030517578
AMZN,HH,TOP,1.0,tide_slope,-0.2242,5,1,5.72,-0.0,1,4.545499801635742
AMZN,HH,TOP,1.0,tide_slope,-0.2364,5,1,5.7,-0.0,1,4.7204999923706055
AMZN,LH,TOP,1.0,tide_slope,-0.3333,5,1,5.67,-0.0,1,4.6595001220703125
AMZN,HL,BOTTOM,1.0,tide_slope,0.0,1,2,10.09,-0.0,2,4.254499912261963
AMZN,HL,BOTTOM,1.0,tide_slope,0.0545,2,1,5.19,-0.0,1,4.3445000648498535
AMZN,HH,TOP,1.0,tide_slope,-0.0545,2,1,4.55,-0.1,1,4.8125
AMZN,LH,TOP,1.0,tide_slope,0.0,1,1,4.48,-0.3,1,4.760500907897949
AMZN,LL,BOTTOM,1.0,tide_accel,0.097,2,2,11.58,-0.6,2,3.9240000247955322
AMZN,LL,BOTTOM,1.0,tide_accel,0.0545,2,8,44.71,0.1,8,3.698499917984009
AMZN,HL,BOTTOM,1.0,d_tide_slope,0.3273,8,4,21.81,0.4,4,3.883500099182129
AMZN,LH,TOP,1.0,d_tide_slope,0.3818,8,4,25.88,1.3,4,3.7105000019073486
AMZN,HH,TOP,1.0,tide_accel,0.3091,8,6,32.35,1.3,6,3.884999990463257
AMZN,LH,TOP,1.0,tide_accel,0.3212,8,4,24.69,1.0,4,3.7314999103546143
AMZN,LL,BOTTOM,1.0,d_tide_slope,0.0606,8,5,33.15,-1.6,5,3.6045000553131104
AMZN,LL,BOTTOM,1.0,d_tide_slope,-0.0909,8,12,70.62,-0.8,12,3.424499988555908
AMZN,HL,BOTTOM,1.0,tide_accel,0.503,12,7,48.68,-0.6,7,3.5455000400543213
AMZN,LH,TOP,1.0,kf_conjugation_pred_val,0.3879,12,5,39.58,0.2,5,3.7225000858306885
AMZN,HH,TOP,1.0,kf_conjugation_pred_val,0.2424,12,5,37.07,-0.0,5,3.8864998817443848
AMZN,LH,TOP,1.0,conj_wave_tide,0.0303,12,6,42.26,-0.4,6,3.7899999618530273
AMZN,LL,BOTTOM,1.0,d_tide_slope,-0.4485,10,10,70.23,-0.4,10,3.1214990615844727
AMZN,HL,BOTTOM,1.0,d_tide_slope,0.0364,10,7,56.27,0.5,7,3.2669999599456787
AMZN,HH,TOP,1.0,d_tide_slope,0.0,8,5,29.63,-0.9,5,3.797499895095825
AMZN,LH,TOP,1.0,d_tide_slope,-0.0727,8,7,39.05,-0.0,7,3.758500099182129
AMZN,HL,BOTTOM,1.0,d_tide_slope,0.1212,8,6,41.34,0.2,6,3.5399999618530273
AMZN,LL,BOTTOM,1.0,d_tide_slope,0.103,8,3,22.04,-0.3,3,3.48799991607666
AMZN,HH,TOP,1.0,d_tide_slope,-0.2061,8,7,70.0,-0.4,7,3.8350000381469727
AMZN,HH,TOP,1.0,kf_price_filt_vel,-0.1455,8,4,25.86,-1.0,4,3.868499994277954
AMZN,LH,TOP,1.0,d_current_slope,-0.0727,7,4,24.77,-1.2,4,3.746999979019165
AMZN,HL,BOTTOM,2.0,d_current_slope,-0.4242,7,0,0.0,0.0,0,3.741499900817871
AMZN,LL,BOTTOM,3.0,d_current_slope,-0.4848,7,0,0.0,0.6,0,3.599500894546509
AMZN,HH,TOP,2.0,kf_price_filt_vel,0.0667,3,2,8.6,0.0,2,4.098499774932861
AMZN,LH,TOP,1.0,d_current_slope,0.1152,3,0,0.0,0.0,0,4.0370001792907715
AMZN,HL,BOTTOM,8.0,d_current_slope,-0.1697,2,0,0.0,0.0,0,3.6394999027252197
AMZN,LL,BOTTOM,9.0,d_current_slope,-0.0848,2,0,0.0,0.0,0,3.620500087738037
AMZN,HH,TOP,9.0,kf_price_filt_vel,-0.0848,2,0,0.0,0.0,0,4.074999809265137
AMZN,HH,TOP,10.0,kf_price_filt_vel,-0.1091,2,0,0.0,0.0,0,4.225500106811523
AMZN,LH,TOP,,,0.0,0,0,0.0,0.0,0,4.031499862670898
AMZN,HL,BOTTOM,,,0.0,0,0,0.0,-0.0,0,3.864000082015991
AMZN,LL,BOTTOM,,,0.0,0,0,0.0,-0.2,0,3.807499885559082
AMZN,HL,BOTTOM,,,0.0,0,0,0.0,-0.4,0,3.9584999084472656
AMZN,HH,TOP,2.0,kf_price_filt_vel,0.0848,2,0,0.0,0.0,0,4.125999927520752
AMZN,HH,TOP,3.0,kf_price_filt_vel,0.0606,2,0,0.0,0.0,0,4.2129998207092285
AMZN,LH,TOP,4.0,kf_price_filt_vel,0.0364,2,0,0.0,0.0,0,4.0550007820129395
AMZN,LL,BOTTOM,,,0.0,0,0,0.0,-0.2,0,3.680999994277954
AMZN,LL,BOTTOM,,,0.0,0,3,15.37,-0.0,3,3.572000026702881
AMZN,HL,BOTTOM,1.0,vwap_sigma_wave,0.1636,3,3,13.89,0.5,3,3.5999999046325684
AMZN,LH,TOP,1.0,fear_level,0.2909,3,1,5.21,1.2,1,3.6245009899139404
AMZN,HH,TOP,1.0,fear_level,0.2727,3,1,5.21,0.5,1,3.752000093460083
AMZN,LH,TOP,1.0,fear_level,0.2424,3,3,15.67,0.4,3,3.5304999351501465
AMZN,LL,BOTTOM,1.0,vwap_sigma_current,0.2909,3,7,36.37,-0.7,7,3.313999891281128
AMZN,HL,BOTTOM,1.0,vwap_sigma_current,0.4788,7,3,15.73,-0.6,3,3.3515000343322754
AMZN,HH,TOP,1.0,vwap_sigma_current,0.3636,7,4,39.22,-0.0,4,3.5920000076293945
AMZN,HH,TOP,1.0,kf_price_filt_vel,0.2667,7,1,5.21,0.6,1,3.6054999828338623
AMZN,LH,TOP,1.0,fear_level,0.1576,7,1,5.21,0.3,1,3.4560000896453857
AMZN,HL,BOTTOM,1.0,fear_level,0.0727,7,1,5.21,0.4,1,3.4240000247955322
AMZN,LL,BOTTOM,1.0,fear_level,-0.1212,7,1,5.21,-0.1,1,3.3984999656677246
AMZN,HL,BOTTOM,1.0,fear_level,-0.3152,7,1,5.21,-0.2,1,3.5269999504089355
AMZN,HH,TOP,1.0,geo_phase_angle,0.0182,4,3,43.72,0.6,3,4.4045000076293945
AMZN,LH,TOP,1.0,kf_price_pred_val,0.0545,4,0,0.0,0.3,0,4.362500190734863
AMZN,HL,BOTTOM,,,0.0,0,1,4.48,-0.2,1,3.936500072479248
AMZN,LL,BOTTOM,1.0,geo_phase_angle,0.0545,1,5,39.64,0.1,5,3.5769999027252197
AMZN,HL,BOTTOM,1.0,kf_price_pred_val,0.3152,5,2,8.82,-0.6,2,3.825000047683716
AMZN,LH,TOP,1.0,kf_price_filt_vel,0.3515,5,3,30.24,-0.8,3,4.050000190734863
AMZN,LL,BOTTOM,3.0,vwap_sigma_wave,-0.103,5,9,73.0,0.3,9,3.1675009727478027
AMZN,HL,BOTTOM,1.0,kf_price_pred_val,0.1576,9,3,75.21,1.9,3,3.638000011444092
AMZN,LH,TOP,1.0,kf_price_filt_vel,0.0485,9,0,0.0,1.1,0,3.4790000915527344
AMZN,LL,BOTTOM,1.0,kf_price_pred_val,0.5455,10,6,45.87,0.6,6,3.0510001182556152
AMZN,LL,BOTTOM,1.0,current_accel,0.5939,10,10,73.15,0.9,10,2.799999952316284
AMZN,HL,BOTTOM,1.0,current_accel,0.6788,10,8,60.24,0.3,8,2.8125
AMZN,LH,TOP,1.0,current_accel,0.5333,10,10,120.01,0.5,10,3.1010000705718994
AMZN,LH,TOP,1.0,kf_price_filt_vel,1.0,10,8,68.86,-0.5,8,2.7929999828338623
AMZN,LL,BOTTOM,1.0,d_current_slope,0.9455,10,13,193.0,-0.2,13,2.436000108718872
AMZN,HL,BOTTOM,1.0,kf_price_pred_val,0.903,13,11,98.42,-0.2,11,2.5144999027252197
AMZN,LH,TOP,1.0,wave_slope,0.6121,13,12,100.7,0.2,12,2.6484999656677246
AMZN,LH,TOP,1.0,wave_slope,0.3879,13,10,90.09,0.2,10,2.5114998817443848
AMZN,HL,BOTTOM,1.0,wave_slope,0.1697,13,10,91.18,-0.9,10,2.516000986099243
AMZN,LL,BOTTOM,1.0,wave_slope,0.1455,13,12,109.71,-0.7,12,2.448000907897949
AMZN,HH,TOP,1.0,wave_slope,-0.3273,12,10,84.83,0.1,10,2.7885000705718994
AMZN,HH,TOP,1.0,wave_slope,-0.1939,12,9,70.95,-0.9,9,2.922499895095825
AMZN,LH,TOP,1.0,current_slope,-0.2242,12,14,132.6,0.4,14,2.5989999771118164
AMZN,LL,BOTTOM,1.0,current_slope,0.3697,14,11,83.39,-0.9,11,2.315000057220459
AMZN,LL,BOTTOM,1.0,current_slope,0.4303,14,16,130.12,1.3,16,2.078000068664551
AMZN,HL,BOTTOM,1.0,kf_price_pred_val,0.6303,16,13,114.47,2.1,13,2.2464990615844727
AMZN,LH,TOP,1.0,current_slope,0.5152,16,11,90.82,1.2,11,2.0875000953674316
AMZN,LL,BOTTOM,1.0,current_slope,-0.1273,16,19,143.43,-1.2,19,1.7920000553131104
AMZN,LL,BOTTOM,1.0,current_slope,0.3273,19,18,138.37,-0.4,18,1.7515000104904175
AMZN,HL,BOTTOM,1.0,current_slope,0.6667,19,15,163.08,0.1,15,1.8934999704360962
AMZN,HH,TOP,1.0,kf_price_filt_vel,0.4727,19,13,114.19,-0.0,13,2.109499931335449
AMZN,HH,TOP,1.0,current_slope,0.1939,19,13,110.37,-0.3,13,2.198000907897949
AMZN,HL,BOTTOM,1.0,current_slope,0.1455,19,15,147.14,-0.2,15,2.0234999656677246
AMZN,HL,BOTTOM,1.0,current_slope,-0.0242,19,12,105.54,-0.9,12,2.059499979019165
AMZN,HH,TOP,1.0,current_slope,-0.2303,15,12,103.75,-0.3,12,2.570499897003174
AMZN,LH,TOP,1.0,current_slope,-0.2242,15,10,86.58,-0.0,10,2.5625
AMZN,HL,BOTTOM,1.0,vwap_spread_current_wave,-0.2909,15,12,103.6,-0.6,12,2.484999895095825
AMZN,LL,BOTTOM,1.0,vwap_spread_current_wave,-0.3212,15,12,88.4,-0.5,12,2.4124999046325684
AMZN,HL,BOTTOM,1.0,current_slope,-0.3394,15,9,79.63,-1.1,9,2.5625
AMZN,HH,TOP,1.0,d_current_slope,-0.3636,14,13,102.91,-0.4,13,2.631500005722046
AMZN,HH,TOP,1.0,d_current_slope,-0.2606,14,7,66.27,-0.7,7,2.658998966217041
AMZN,LH,TOP,1.0,d_current_slope,-0.3636,13,8,64.09,-0.3,8,2.6040000915527344
AMZN,LL,BOTTOM,1.0,d_current_slope,-0.6121,13,7,57.05,0.3,7,2.4700000286102295
AMZN,HL,BOTTOM,1.0,d_current_slope,-0.5636,13,7,62.92,-0.3,7,2.5380001068115234
AMZN,HH,TOP,1.0,d_current_slope,0.2182,11,8,67.73,-0.0,8,2.703000068664551
AMZN,HH,TOP,1.0,d_current_slope,0.3394,11,8,65.86,-0.1,8,2.868000030517578
AMZN,LH,TOP,1.0,d_current_slope,0.3939,11,7,59.54,-0.3,7,2.809999942779541
AMZN,HL,BOTTOM,1.0,kf_price_pred_val,-0.0182,11,6,36.73,-0.9,6,2.572499990463257
AMZN,LL,BOTTOM,1.0,vwap_spread_tide_current,-0.1576,11,6,36.09,-0.6,6,2.424499988555908
AMZN,HL,BOTTOM,1.0,vwap_spread_tide_current,-0.2848,11,6,40.06,-0.0,6,2.572000026702881
AMZN,LH,TOP,1.0,kf_price_filt_vel,-0.4,11,3,17.86,-0.0,3,2.5794999599456787
AMZN,LL,BOTTOM,1.0,vwap_spread_tide_current,-0.4,8,3,17.77,0.2,3,2.421999931335449
AMZN,HL,BOTTOM,1.0,vwap_spread_tide_current,-0.503,8,3,17.64,0.7,3,2.5269999504089355
AMZN,HH,TOP,1.0,d_current_slope,0.2606,10,6,38.09,-0.4,6,3.3355000019073486
AMZN,LH,TOP,1.0,conj_current_tide,0.0242,10,8,52.87,-0.0,8,3.1654999256134033
AMZN,HL,BOTTOM,1.0,conj_current_tide,-0.1697,9,6,34.05,0.4,6,3.0834999084472656
AMZN,HL,BOTTOM,1.0,conj_current_tide,-0.0424,8,6,32.85,0.1,6,3.1175010204315186
AMZN,LH,TOP,1.0,conj_current_tide,-0.1576,8,5,26.68,-0.8,5,3.0855000019073486
AMZN,HH,TOP,1.0,conj_current_tide,-0.2121,8,8,39.35,-0.0,8,3.280000925064087
AMZN,LH,TOP,1.0,conj_current_tide,-0.0909,8,4,23.17,-0.0,4,3.1855010986328125
AMZN,LL,BOTTOM,1.0,conj_wave_tide,-0.2,8,4,24.3,-0.0,4,3.099500894546509
AMZN,LL,BOTTOM,1.0,kf_conjugation_pred_val,-0.2242,8,4,24.6,0.6,4,3.0850000381469727
AMZN,HL,BOTTOM,1.0,kf_conjugation_pred_val,-0.2242,8,4,25.19,0.9,4,3.240499973297119
AMZN,HH,TOP,1.0,kf_conjugation_pred_val,-0.2,8,4,24.87,0.3,4,3.2385001182556152
AMZN,LL,BOTTOM,1.0,conj_wave_tide,-0.2242,8,4,21.41,-1.0,4,3.024501085281372
AMZN,HL,BOTTOM,1.0,conj_current_tide,-0.2182,8,7,47.04,-1.0,7,3.285501003265381
AMZN,HH,TOP,1.0,conj_current_tide,-0.503,7,6,37.22,-0.0,6,3.7790000438690186
AMZN,LH,TOP,1.0,kf_price_pred_val,-0.3576,7,2,11.5,-0.0,2,3.640500068664551
AMZN,HL,BOTTOM,1.0,conj_current_tide,-0.0909,6,2,11.46,0.1,2,3.684499979019165
AMZN,LL,BOTTOM,1.0,conj_current_tide,-0.0667,6,2,11.29,0.5,2,3.5260000228881836
AMZN,HH,TOP,1.0,conj_current_tide,0.3636,5,5,26.4,-0.8,5,3.8489999771118164
AMZN,HH,TOP,1.0,conj_current_tide,0.4303,5,6,33.81,-0.4,6,3.9885001182556152
AMZN,HL,BOTTOM,1.0,conj_current_tide,0.497,6,3,17.12,-0.3,3,3.8610000610351562
AMZN,LL,BOTTOM,1.0,conj_current_tide,0.3333,6,3,16.04,-0.5,3,3.7355000972747803
AMZN,HL,BOTTOM,1.0,conj_current_tide,0.1576,6,3,15.56,-0.5,3,3.862499952316284
AMZN,HH,TOP,1.0,conj_current_tide,-0.4788,6,1,5.04,-0.4,1,4.0304999351501465
AMZN,HH,TOP,1.0,conj_current_tide,-0.4909,6,4,19.25,-0.0,4,4.2230000495910645
AMZN,LL,BOTTOM,2.0,tide_accel,-0.2364,3,0,0.0,0.2,0,3.755500078201294
AMZN,LL,BOTTOM,3.0,tide_accel,-0.3394,3,0,0.0,-0.3,0,3.6800010204315186
AMZN,HH,TOP,1.0,tide_accel,0.2121,5,2,16.75,-0.0,2,4.276000022888184
AMZN,HH,TOP,1.0,d_tide_slope,0.2485,5,2,18.31,-0.0,2,4.377999782562256
AMZN,HL,BOTTOM,1.0,d_tide_slope,-0.1939,2,0,0.0,-0.0,0,3.9574999809265137
AMZN,LL,BOTTOM,2.0,d_tide_slope,-0.2061,2,0,0.0,-0.2,0,3.884000062942505
AMZN,HL,BOTTOM,3.0,d_tide_slope,-0.1939,2,0,0.0,-0.4,0,3.9635000228881836
AMZN,LH,TOP,4.0,d_tide_slope,-0.1576,2,2,8.68,0.0,2,4.110000133514404
AMZN,HH,TOP,1.0,kf_price_filt_vel,0.0121,2,0,0.0,0.0,0,4.193999767303467
AMZN,LL,BOTTOM,6.0,kf_price_filt_vel,-0.1212,2,0,0.0,1.0,0,3.905000925064087
AMZN,LL,BOTTOM,7.0,kf_price_filt_vel,-0.0364,2,0,0.0,0.9,0,3.7815001010894775
AMZN,HL,BOTTOM,8.0,kf_price_filt_vel,-0.0606,2,0,0.0,0.6,0,3.868000030517578
AMZN,HH,TOP,1.0,d_tide_slope,0.2,5,2,12.75,-0.3,2,4.439499855041504
AMZN,HH,TOP,1.0,d_tide_slope,0.103,5,2,20.82,-0.9,2,4.69350004196167
AMZN,LH,TOP,1.0,tide_accel,-0.0182,5,5,45.81,-0.6,5,4.324501037597656
AMZN,HL,BOTTOM,2.0,d_tide_slope,-0.1091,2,1,4.28,-0.3,1,3.9579999446868896
AMZN,LL,BOTTOM,1.0,vwap_sigma_wave,-0.1394,2,1,4.95,-0.2,1,3.9070000648498535
AMZN,HL,BOTTOM,1.0,vwap_sigma_wave,-0.1576,2,1,4.16,0.0,1,3.9230000972747803
AMZN,HH,TOP,3.0,kf_price_pred_val,0.0909,3,0,0.0,0.0,0,4.5279998779296875
AMZN,HH,TOP,4.0,kf_price_pred_val,0.0545,3,0,0.0,0.0,0,4.6875
AMZN,LH,TOP,5.0,kf_price_pred_val,0.0182,3,0,0.0,0.0,0,4.61899995803833
AMZN,HL,BOTTOM,,,0.0,0,0,0.0,0.0,0,4.433499813079834
AMZN,HL,BOTTOM,,,0.0,0,0,0.0,0.0,0,4.545499801635742
AMZN,HH,TOP,1.0,kf_price_pred_val,0.3818,7,8,117.95,-0.9,8,6.231995105743408
AMZN,LH,TOP,1.0,kf_price_pred_val,0.7333,8,7,55.85,-1.6,7,6.103500843048096
AMZN,HL,BOTTOM,1.0,d_current_slope,0.6242,8,1,4.57,1.6,1,5.918499946594238
AMZN,LL,BOTTOM,1.0,wave_slope,0.1333,8,1,4.58,1.1,1,5.855000972747803
AMZN,HL,BOTTOM,1.0,wave_slope,-0.3697,8,1,5.07,-0.0,1,6.0304999351501465
AMZN,HH,TOP,1.0,current_slope,-0.097,6,4,24.04,-0.5,4,6.925000190734863
AMZN,HH,TOP,1.0,current_slope,-0.1818,6,6,32.04,-0.4,6,7.112500190734863
AMZN,LH,TOP,1.0,current_slope,-0.1333,6,4,23.46,-0.6,4,7.058499813079834
AMZN,HL,BOTTOM,1.0,vwap_spread_tide_wave,-0.2485,6,4,21.79,-0.0,4,6.418000221252441
AMZN,LL,BOTTOM,1.0,vwap_spread_tide_wave,-0.103,5,4,21.36,-0.0,4,6.3454999923706055
AMZN,HL,BOTTOM,1.0,vwap_spread_tide_wave,-0.0667,5,4,20.82,-0.2,4,6.423999786376953
AMZN,LH,TOP,1.0,vwap_spread_tide_wave,0.097,4,3,15.71,-0.3,3,6.9654998779296875
AMZN,HH,TOP,1.0,vwap_spread_tide_wave,-0.0,4,3,15.68,0.1,3,6.9704999923706055
AMZN,LH,TOP,1.0,vwap_spread_tide_wave,-0.097,4,3,15.53,0.4,3,6.824501037597656
AMZN,LL,BOTTOM,1.0,vwap_sigma_wave,-0.3152,4,2,8.44,0.2,2,6.015500068664551
AMZN,LL,BOTTOM,1.0,vwap_sigma_wave,-0.303,4,1,4.42,0.6,1,5.973999977111816
AMZN,HL,BOTTOM,1.0,vwap_sigma_wave,-0.3212,4,0,0.0,0.2,0,6.137499809265137
AMZN,LH,TOP,2.0,vwap_sigma_wave,-0.3576,4,0,0.0,-0.0,0,6.301499843597412
AMZN,LH,TOP,3.0,vwap_sigma_wave,-0.3455,3,0,0.0,-0.5,0,6.270500183105469
AMZN,LL,BOTTOM,1.0,current_accel,-0.0606,2,0,0.0,0.2,0,5.955000877380371
AMZN,LL,BOTTOM,2.0,current_accel,-0.0727,2,1,4.32,0.6,1,5.796999931335449
AMZN,HL,BOTTOM,1.0,vwap_sigma_current,-0.0727,2,0,0.0,0.6,0,5.869500160217285
AMZN,HH,TOP,,,0.0,0,0,0.0,0.0,0,7.321499824523926
AMZN,HH,TOP,,,0.0,0,0,0.0,0.0,0,7.504499912261963
AMZN,LH,TOP,,,0.0,0,0,0.0,0.0,0,7.18149995803833
AMZN,HL,BOTTOM,2.0,kf_price_pred_val,0.0424,1,0,0.0,-0.2,0,6.4355010986328125
AMZN,LL,BOTTOM,3.0,kf_price_pred_val,0.0303,1,0,0.0,-0.4,0,6.249000072479248
AMZN,LH,TOP,1.0,kf_price_filt_vel,0.1152,2,0,0.0,0.0,0,6.523001194000244
AMZN,HH,TOP,2.0,kf_price_filt_vel,0.0788,2,0,0.0,0.0,0,6.69350004196167
AMZN,LH,TOP,3.0,kf_price_filt_vel,0.0424,2,0,0.0,0.6,0,6.573500156402588
AMZN,LL,BOTTOM,7.0,kf_price_filt_vel,-0.0364,2,0,0.0,-0.8,0,6.229499816894531
AMZN,LL,BOTTOM,8.0,kf_price_filt_vel,-0.0606,2,3,14.18,-0.4,3,5.985500812530518
AMZN,HL,BOTTOM,1.0,vwap_sigma_wave,0.0788,3,2,8.45,-0.1,2,6.136000156402588
AMZN,LH,TOP,1.0,kf_conjugation_pred_val,0.0424,3,2,8.18,0.0,2,6.315499782562256
AMZN,HH,TOP,1.0,kf_conjugation_pred_val,0.0182,3,0,0.0,0.4,0,6.4379987716674805
AMZN,LH,TOP,2.0,kf_conjugation_pred_val,-0.1394,3,0,0.0,0.2,0,6.138500213623047
AMZN,LL,BOTTOM,4.0,kf_conjugation_pred_val,-0.0848,2,0,0.0,-0.2,0,5.9417500495910645
AMZN,LL,BOTTOM,5.0,kf_conjugation_pred_val,-0.0485,2,0,0.0,-0.4,0,5.895500183105469
AMZN,HL,BOTTOM,6.0,kf_conjugation_pred_val,-0.1212,2,2,9.73,0.0,2,6.1605000495910645
AMZN,HH,TOP,3.0,kf_price_filt_vel,-0.1333,2,0,0.0,0.0,0,6.3420000076293945
AMZN,HH,TOP,4.0,kf_price_filt_vel,-0.0727,2,0,0.0,0.0,0,6.34499979019165
AMZN,LH,TOP,5.0,kf_price_filt_vel,0.0121,2,0,0.0,0.0,0,6.29449987411499
AMZN,LL,BOTTOM,,,0.0,0,0,0.0,-1.5,0,5.889999866485596
AMZN,LL,BOTTOM,,,0.0,0,7,45.95,-0.8,7,5.430500030517578
AMZN,HL,BOTTOM,1.0,kf_price_pred_val,0.3818,7,5,22.71,-0.1,5,5.4629998207092285
AMZN,LH,TOP,1.0,vwap_spread_current_wave,-0.1515,7,1,4.81,-0.3,1,5.975500106811523
AMZN,HH,TOP,1.0,vwap_spread_current_wave,-0.3273,7,1,4.4,-0.2,1,6.182499885559082
AMZN,LH,TOP,1.0,vwap_spread_current_wave,-0.5152,7,1,4.17,0.0,1,6.164999961853027
AMZN,HL,BOTTOM,10.0,vwap_spread_current_wave,-0.0545,1,0,0.0,0.0,0,5.856500148773193
AMZN,LL,BOTTOM,,,0.0,0,0,0.0,0.0,0,5.8429999351501465
AMZN,HL,BOTTOM,,,0.0,0,0,0.0,0.0,0,5.894499778747559
AMZN,HH,TOP,,,0.0,0,0,0.0,0.1,0,8.513500213623047
AMZN,HH,TOP,,,0.0,0,0,0.0,-0.0,0,8.666500091552734
AMZN,LH,TOP,,,0.0,0,0,0.0,0.3,0,8.518500328063965
AMZN,HL,BOTTOM,,,0.0,0,1,5.0,-0.0,1,7.945000171661377
AMZN,LL,BOTTOM,1.0,kf_price_pred_val,0.0545,1,0,0.0,-0.2,0,7.888999938964844
AMZN,HL,BOTTOM,2.0,kf_price_pred_val,0.0424,1,0,0.0,-0.4,0,7.917500972747803
AMZN,HH,TOP,,,0.0,0,0,0.0,0.0,0,9.5625
AMZN,LH,TOP,,,0.0,0,0,0.0,0.0,0,9.343500137329102
AMZN,HL,BOTTOM,,,0.0,0,0,0.0,-0.3,0,8.835000038146973
AMZN,LL,BOTTOM,,,0.0,0,0,0.0,-0.6,0,8.769499778747559
AMZN,HL,BOTTOM,,,0.0,0,3,15.65,0.0,3,9.22249984741211
AMZN,LH,TOP,1.0,kf_price_filt_vel,0.1636,3,0,0.0,0.0,0,8.557000160217285
AMZN,LL,BOTTOM,2.0,kf_price_filt_vel,0.1273,3,0,0.0,0.0,0,8.482000350952148
AMZN,HL,BOTTOM,3.0,kf_price_filt_vel,0.0909,3,0,0.0,0.0,0,8.605500221252441
AMZN,HH,TOP,,,0.0,0,0,0.0,0.0,0,9.520999908447266
AMZN,LH,TOP,,,0.0,0,0,0.0,0.0,0,9.451499938964844
AMZN,LL,BOTTOM,4.0,vwap_sigma_current,0.0121,1,0,0.0,-0.5,0,8.234999656677246
AMZN,LL,BOTTOM,5.0,vwap_sigma_current,-0.0121,1,2,9.11,-0.2,2,8.048500061035156
AMZN,HL,BOTTOM,1.0,vwap_sigma_current,0.0727,2,1,4.09,0.0,1,8.0910005569458
AMZN,HH,TOP,10.0,kf_price_pred_val,-0.1636,3,0,0.0,-0.0,0,10.218999862670898
AMZN,HH,TOP,,,0.0,0,0,0.0,-0.3,0,10.30350112915039
AMZN,LH,TOP,,,0.0,0,0,0.0,-0.6,0,10.128000259399414
AMZN,HL,BOTTOM,,,0.0,0,0,0.0,-0.2,0,9.298999786376953
AMZN,LL,BOTTOM,,,0.0,0,1,4.26,0.0,1,9.182499885559082
AMZN,HL,BOTTOM,1.0,vwap_sigma_wave,0.0545,1,0,0.0,0.0,0,9.318499565124512
AMZN,HH,TOP,,,0.0,0,0,0.0,0.2,0,11.125901222229004
AMZN,HH,TOP,,,0.0,0,0,0.0,0.2,0,11.194999694824219
AMZN,LH,TOP,,,0.0,0,0,0.0,-0.1,0,11.12600040435791
AMZN,HL,BOTTOM,2.0,kf_price_pred_val,0.0788,2,0,0.0,-0.4,0,9.6850004196167
AMZN,HL,BOTTOM,3.0,kf_price_pred_val,0.0424,2,2,15.55,0.0,2,10.254500389099121
AMZN,LH,TOP,1.0,kf_price_filt_vel,0.1152,2,0,0.0,0.0,0,9.706500053405762
AMZN,LL,BOTTOM,1.0,vwap_sigma_wave,0.2485,4,4,18.56,-0.6,4,8.876999855041504
AMZN,HL,BOTTOM,1.0,vwap_sigma_wave,0.3576,4,3,51.74,0.0,3,9.677499771118164
AMZN,HH,TOP,1.0,kf_price_pred_val,0.0545,1,0,0.0,-0.4,0,12.084500312805176
AMZN,LH,TOP,2.0,kf_price_pred_val,0.0424,1,2,9.79,-0.1,2,11.662500381469727
AMZN,HL,BOTTOM,7.0,kf_price_pred_val,-0.103,2,0,0.0,0.0,0,10.598999977111816
AMZN,HL,BOTTOM,8.0,kf_price_pred_val,-0.1394,2,0,0.0,0.0,0,10.625
AMZN,HH,TOP,,,0.0,0,0,0.0,0.3,0,11.807499885559082
AMZN,HH,TOP,,,0.0,0,0,0.0,-0.0,0,12.335500717163086
AMZN,HL,BOTTOM,4.0,kf_price_filt_vel,0.0545,3,0,0.0,-0.8,0,11.357500076293945
AMZN,LL,BOTTOM,5.0,kf_price_filt_vel,0.0182,3,4,80.19,-0.3,4,9.920000076293945
AMZN,HL,BOTTOM,1.0,kf_price_pred_val,0.2,4,0,0.0,-0.6,0,10.33899974822998
AMZN,LH,TOP,,,0.0,0,0,0.0,1.2,0,10.946499824523926
AMZN,LH,TOP,,,0.0,0,2,9.26,1.0,2,10.891500473022461
AMZN,LL,BOTTOM,1.0,vwap_sigma_current,0.4667,6,6,28.89,-0.3,6,9.119950294494629
AMZN,LH,TOP,1.0,kf_conjugation_pred_val,0.2364,6,3,12.73,-0.8,3,9.614500045776367
AMZN,HH,TOP,1.0,kf_conjugation_pred_val,0.1576,6,3,12.48,-0.4,3,9.856499671936035
AMZN,LH,TOP,1.0,kf_conjugation_pred_val,-0.0667,6,2,8.1,0.0,2,9.80150032043457
AMZN,LL,BOTTOM,1.0,current_slope,0.1697,3,3,13.2,-0.0,3,8.692999839782715
AMZN,LL,BOTTOM,1.0,current_slope,0.2848,3,3,13.82,-0.0,3,8.655000686645508
AMZN,LH,TOP,4.0,d_current_slope,-0.1939,3,0,0.0,0.3,0,9.665800094604492
AMZN,HH,TOP,5.0,d_current_slope,-0.2061,3,0,0.0,-0.0,0,9.768500328063965
AMZN,HL,BOTTOM,7.0,d_current_slope,-0.2242,3,0,0.0,-0.6,0,9.722000122070312
AMZN,LL,BOTTOM,8.0,d_current_slope,-0.2424,3,3,27.18,0.0,3,8.973000526428223
AMZN,HL,BOTTOM,1.0,kf_price_filt_vel,-0.0848,3,0,0.0,0.0,0,9.086000442504883
AMZN,LH,TOP,8.0,kf_price_filt_vel,-0.0909,3,2,8.17,0.0,2,9.579500198364258
AMZN,LH,TOP,1.0,d_current_slope,-0.0182,3,0,0.0,0.0,0,9.5649995803833
AMZN,LL,BOTTOM,9.0,d_current_slope,-0.0848,2,0,0.0,0.0,0,8.92650032043457
AMZN,HL,BOTTOM,10.0,d_current_slope,-0.1091,2,0,0.0,0.0,0,9.1899995803833
AMZN,HH,TOP,3.0,geo_phase_angle,0.0,1,2,10.46,-0.2,2,10.143500328063965
AMZN,HH,TOP,1.0,vwap_sigma_wave,0.0364,2,1,4.17,0.0,1,10.272000312805176
AMZN,LH,TOP,1.0,vwap_sigma_current,-0.0061,2,0,0.0,0.0,0,10.057999610900879
AMZN,HL,BOTTOM,,,0.0,0,0,0.0,0.0,0,9.274999618530273
AMZN,HL,BOTTOM,,,0.0,0,0,0.0,0.0,0,9.419500350952148
AMZN,HH,TOP,1.0,kf_price_pred_val,0.2727,5,4,27.37,-0.7,4,11.595000267028809
AMZN,LH,TOP,1.0,kf_price_pred_val,0.4303,5,3,14.74,-0.9,3,11.501999855041504
AMZN,HL,BOTTOM,,,0.0,0,0,0.0,0.0,0,10.645500183105469
AMZN,LL,BOTTOM,,,0.0,0,0,0.0,0.0,0,10.41100025177002
AMZN,LH,TOP,3.0,geo_phase_angle,0.0303,1,0,0.0,0.0,0,11.4660005569458
AMZN,HH,TOP,4.0,geo_phase_angle,0.0182,1,0,0.0,0.0,0,11.476499557495117
AMZN,HL,BOTTOM,9.0,geo_phase_angle,-0.0424,1,0,0.0,0.0,0,10.918499946594238
AMZN,LL,BOTTOM,10.0,geo_phase_angle,-0.0545,1,0,0.0,0.0,0,10.767999649047852
AMZN,HL,BOTTOM,,,0.0,0,0,0.0,0.0,0,10.919500350952148
AMZN,HH,TOP,,,0.0,0,0,0.0,0.0,0,12.9375
AMZN,HH,TOP,,,0.0,0,0,0.0,0.0,0,13.083996772766113
AMZN,LH,TOP,,,0.0,0,0,0.0,0.4,0,13.040502548217773
AMZN,HL,BOTTOM,1.0,vwap_sigma_wave,0.1273,1,4,19.87,-1.1,4,11.424501419067383
AMZN,LL,BOTTOM,1.0,vwap_sigma_wave,0.3091,4,4,23.99,-0.6,4,11.145999908447266
AMZN,HL,BOTTOM,1.0,vwap_sigma_wave,0.4424,4,3,22.93,0.0,3,11.91200065612793
AMZN,LL,BOTTOM,,,0.0,0,1,4.35,-0.4,1,11.147500038146973
AMZN,LL,BOTTOM,1.0,vwap_sigma_current,0.0545,1,2,8.94,0.0,2,11.029950141906738
AMZN,HL,BOTTOM,1.0,vwap_sigma_current,0.1515,2,0,0.0,0.0,0,11.261500358581543
AMZN,LH,TOP,,,0.0,0,0,0.0,0.0,0,12.899499893188477
AMZN,HH,TOP,,,0.0,0,0,0.0,0.0,0,13.074999809265137
AMZN,LH,TOP,,,0.0,0,0,0.0,0.0,0,12.845995903015137
AMZN,HL,BOTTOM,,,0.0,0,0,0.0,0.0,0,12.415499687194824
AMZN,LL,BOTTOM,,,0.0,0,0,0.0,0.0,0,12.258999824523926
AMZN,HH,TOP,,,0.0,0,0,0.0,-0.0,0,13.68100643157959
AMZN,HH,TOP,,,0.0,0,0,0.0,-0.3,0,14.199499130249023
AMZN,HL,BOTTOM,9.0,kf_price_filt_vel,-0.1273,3,0,0.0,0.0,0,12.860498428344727
AMZN,HL,BOTTOM,10.0,kf_price_filt_vel,-0.1636,3,0,0.0,0.0,0,12.93499755859375
AMZN,LH,TOP,,,0.0,0,0,0.0,0.0,0,13.655506134033203
AMZN,HH,TOP,,,0.0,0,0,0.0,0.0,0,13.77950382232666
AMZN,LH,TOP,,,0.0,0,0,0.0,0.0,0,13.689501762390137
AMZN,LL,BOTTOM,,,0.0,0,0,0.0,-0.2,0,12.863903999328613
AMZN,LL,BOTTOM,,,0.0,0,1,4.6,0.0,1,12.669500350952148
AMZN,HL,BOTTOM,1.0,vwap_sigma_wave,0.0545,1,0,0.0,0.0,0,12.887499809265137
AMZN,LH,TOP,,,0.0,0,0,0.0,-0.1,0,13.43900203704834
AMZN,HH,TOP,,,0.0,0,0,0.0,-0.8,0,13.734997749328613
AMZN,LH,TOP,,,0.0,0,3,21.59,-0.6,3,12.740500450134277
AMZN,LL,BOTTOM,1.0,vwap_sigma_current,0.2909,3,0,0.0,-0.2,0,12.690500259399414
AMZN,LL,BOTTOM,2.0,vwap_sigma_current,0.2182,3,1,5.73,0.0,1,12.411499977111816
AMZN,HL,BOTTOM,1.0,vwap_sigma_current,0.2,3,0,0.0,0.0,0,12.6274995803833
AMZN,HH,TOP,6.0,rsi_value,-0.2788,4,0,0.0,0.0,0,15.169995307922363
AMZN,HH,TOP,7.0,rsi_value,-0.4,4,0,0.0,0.0,0,15.60050106048584
AMZN,HL,BOTTOM,,,0.0,0,0,0.0,-0.2,0,14.310498237609863
AMZN,LL,BOTTOM,,,0.0,0,1,5.02,-0.2,1,14.046497344970703
AMZN,HL,BOTTOM,1.0,vwap_sigma_wave,0.0545,1,1,4.47,-0.1,1,14.079004287719727
AMZN,HH,TOP,,,0.0,0,0,0.0,0.0,0,15.63199520111084
AMZN,HH,TOP,,,0.0,0,0,0.0,0.0,0,16.047496795654297
AMZN,LH,TOP,,,0.0,0,0,0.0,0.0,0,16.025501251220703
AMZN,HL,BOTTOM,,,0.0,0,0,0.0,0.0,0,15.1614990234375
AMZN,LL,BOTTOM,,,0.0,0,0,0.0,0.0,0,14.9114990234375
AMZN,HL,BOTTOM,,,0.0,0,0,0.0,0.0,0,15.25870418548584
AMZN,HH,TOP,1.0,sigma_tide,0.2727,7,1,6.38,-0.2,1,18.054000854492188
AMZN,HH,TOP,1.0,sigma_tide,0.1697,7,1,6.54,-0.3,1,18.201499938964844
AMZN,LH,TOP,1.0,sigma_tide,0.0545,7,1,4.82,-0.3,1,17.95009994506836
AMZN,HL,BOTTOM,1.0,sigma_tide,-0.0909,7,0,0.0,0.0,0,17.80900001525879
AMZN,LL,BOTTOM,2.0,sigma_tide,-0.2727,7,0,0.0,0.0,0,17.17799949645996
AMZN,HL,BOTTOM,3.0,sigma_tide,-0.4545,7,0,0.0,0.0,0,17.515499114990234
AMZN,HH,TOP,,,0.0,0,0,0.0,0.0,0,20.352500915527344
AMZN,LH,TOP,,,0.0,0,0,0.0,0.0,0,20.226999282836914
AMZN,LL,BOTTOM,1.0,kf_price_filt_vel,0.2182,4,5,27.06,-0.8,5,17.3075008392334
AMZN,HL,BOTTOM,1.0,kf_price_pred_val,0.4424,5,2,8.52,-1.0,2,17.397499084472656
AMZN,LH,TOP,,,0.0,0,0,0.0,0.0,0,18.75200080871582
AMZN,HH,TOP,,,0.0,0,0,0.0,0.0,0,18.938499450683594
AMZN,LH,TOP,,,0.0,0,0,0.0,0.2,0,18.661500930786133
AMZN,LL,BOTTOM,3.0,rsi_value,-0.0788,4,1,4.56,-0.7,1,15.855500221252441
AMZN,LL,BOTTOM,1.0,sigma_tide,-0.0485,4,3,13.48,-0.2,3,15.58650016784668
AMZN,LH,TOP,6.0,sigma_tide,-0.0909,3,0,0.0,-0.4,0,16.229000091552734
AMZN,HH,TOP,7.0,sigma_tide,-0.1515,3,0,0.0,-1.1,0,16.857500076293945
AMZN,LH,TOP,8.0,sigma_tide,-0.2121,3,4,41.16,-0.6,4,15.191499710083008
AMZN,LL,BOTTOM,7.0,kf_price_pred_val,-0.1758,4,0,0.0,-0.0,0,14.635499954223633
AMZN,LL,BOTTOM,8.0,kf_price_pred_val,-0.2606,4,0,0.0,-0.2,0,14.416000366210938
AMZN,HL,BOTTOM,9.0,kf_price_pred_val,-0.3455,4,0,0.0,-0.4,0,14.612000465393066
AMZN,HH,TOP,6.0,kf_price_filt_vel,-0.0182,3,0,0.0,0.5,0,17.988000869750977
AMZN,HH,TOP,7.0,kf_price_filt_vel,-0.0545,3,0,0.0,0.3,0,18.04199981689453
AMZN,LH,TOP,8.0,kf_price_filt_vel,-0.0909,3,0,0.0,-0.2,0,17.906999588012695
AMZN,HL,BOTTOM,2.0,kf_rsi_pred_val,0.1273,3,0,0.0,0.0,0,15.649499893188477
AMZN,LL,BOTTOM,3.0,kf_rsi_pred_val,0.0667,3,0,0.0,0.0,0,15.352999687194824
AMZN,LH,TOP,1.0,fear_level,0.0,1,2,9.74,-0.2,2,17.297500610351562
AMZN,HH,TOP,1.0,fear_level,0.0545,2,1,7.51,0.0,1,17.319000244140625
AMZN,HL,BOTTOM,1.0,fear_level,-0.2848,4,1,5.21,-1.3,1,15.659000396728516
AMZN,LL,BOTTOM,1.0,fear_level,-0.2364,4,9,62.6,-0.2,9,14.352999687194824
AMZN,LH,TOP,5.0,geo_phase_angle,-0.3818,3,0,0.0,0.0,0,16.93199920654297
AMZN,HL,BOTTOM,,,0.0,0,0,0.0,0.3,0,15.303500175476074
AMZN,LL,BOTTOM,,,0.0,0,0,0.0,0.3,0,14.753000259399414
AMZN,HL,BOTTOM,,,0.0,0,0,0.0,0.2,0,14.944000244140625
AMZN,LH,TOP,2.0,geo_phase_angle,0.097,1,0,0.0,0.0,0,15.60200023651123
AMZN,LH,TOP,3.0,geo_phase_angle,0.0485,1,0,0.0,0.0,0,15.515000343322754
AMZN,LL,BOTTOM,2.0,vwap_sigma_tide,0.0424,1,1,5.21,-0.0,1,14.66349983215332
AMZN,LL,BOTTOM,1.0,fear_level,0.0848,1,2,10.16,0.1,2,14.34749984741211
AMZN,HL,BOTTOM,1.0,fear_level,0.1697,2,2,9.47,0.2,2,14.536999702453613
AMZN,HH,TOP,1.0,conj_wave_tide,0.0485,5,3,15.35,-0.8,3,19.13599967956543
AMZN,HH,TOP,1.0,conj_wave_tide,-0.1394,5,3,14.05,-0.4,3,19.39150047302246
AMZN,LH,TOP,1.0,conj_wave_tide,-0.2061,5,2,8.58,0.0,2,19.004499435424805
AMZN,HL,BOTTOM,2.0,conj_wave_tide,-0.3636,5,0,0.0,0.0,0,18.475500106811523
AMZN,LL,BOTTOM,3.0,conj_wave_tide,-0.5515,5,0,0.0,0.0,0,18.318500518798828
AMZN,HL,BOTTOM,4.0,conj_wave_tide,-0.5697,5,0,0.0,0.0,0,18.711999893188477
AMZN,HH,TOP,,,0.0,0,0,0.0,-1.3,0,19.499500274658203
AMZN,HH,TOP,,,0.0,0,6,92.11,-0.4,6,22.2549991607666
AMZN,HL,BOTTOM,5.0,kf_price_filt_vel,-0.103,6,0,0.0,0.0,0,21.059499740600586
AMZN,LL,BOTTOM,6.0,kf_price_filt_vel,-0.2121,6,0,0.0,0.0,0,20.954999923706055
AMZN,HL,BOTTOM,7.0,kf_price_filt_vel,-0.3212,6,0,0.0,0.0,0,21.3439998626709
AMZN,HH,TOP,1.0,rsi_value,0.1455,5,0,0.0,0.0,0,26.594999313354492
AMZN,HH,TOP,2.0,rsi_value,-0.0485,5,0,0.0,0.0,0,26.850500106811523
AMZN,LH,TOP,3.0,rsi_value,-0.2424,5,0,0.0,0.0,0,26.472999572753906
AMZN,HL,BOTTOM,1.0,kf_price_pred_val,0.0545,1,5,32.1,-0.5,5,23.168500900268555
AMZN,HL,BOTTOM,1.0,kf_price_pred_val,0.3152,5,1,7.45,-0.5,1,23.318500518798828
AMZN,HH,TOP,,,0.0,0,0,0.0,0.0,0,27.41950035095215
AMZN,LH,TOP,,,0.0,0,0,0.0,0.0,0,26.920000076293945
AMZN,HL,BOTTOM,,,0.0,0,0,0.0,0.0,0,25.202999114990234
AMZN,LL,BOTTOM,,,0.0,0,0,0.0,0.0,0,24.803499221801758
AMZN,HL,BOTTOM,,,0.0,0,0,0.0,0.0,0,25.594499588012695
AMZN,HH,TOP,,,0.0,0,0,0.0,0.0,0,33.2400016784668
AMZN,HH,TOP,,,0.0,0,0,0.0,0.0,0,33.952999114990234
AMZN,LH,TOP,,,0.0,0,0,0.0,0.0,0,33.800498962402344
AMZN,HL,BOTTOM,,,0.0,0,0,0.0,0.0,0,33.11600112915039
AMZN,LL,BOTTOM,,,0.0,0,0,0.0,0.0,0,32.00749969482422
AMZN,LH,TOP,,,0.0,0,0,0.0,0.6,0,33.7599983215332
AMZN,HH,TOP,,,0.0,0,0,0.0,0.1,0,34.69850158691406
AMZN,LH,TOP,,,0.0,0,0,0.0,0.4,0,34.45349884033203
AMZN,LL,BOTTOM,1.0,vwap_sigma_wave,0.2364,4,2,8.26,-1.4,2,29.649999618530273
AMZN,LL,BOTTOM,1.0,d_current_slope,0.1152,4,6,32.82,-1.3,6,28.509000778198242
AMZN,LH,TOP,4.0,vwap_sigma_current,-0.297,6,0,0.0,0.5,0,29.167499542236328
AMZN,HH,TOP,5.0,vwap_sigma_current,-0.5758,6,3,21.23,0.9,3,31.767499923706055
AMZN,LH,TOP,1.0,kf_price_pred_val,-0.4242,6,2,12.18,1.7,2,29.350000381469727
AMZN,LL,BOTTOM,1.0,sigma_tide,0.7455,8,11,60.24,-0.9,11,24.405000686645508
AMZN,LL,BOTTOM,1.0,sigma_tide,1.0424,11,8,49.71,-0.8,8,24.103500366210938
AMZN,HL,BOTTOM,1.0,sigma_tide,1.0424,11,8,47.06,-0.4,8,24.52400016784668
AMZN,HH,TOP,,,0.0,0,0,0.0,0.4,0,31.767499923706055
AMZN,LH,TOP,,,0.0,0,0,0.0,0.2,0,31.395000457763672
AMZN,HL,BOTTOM,2.0,d_current_slope,0.0848,2,0,0.0,-0.3,0,30.328500747680664
AMZN,LL,BOTTOM,3.0,d_current_slope,0.0606,2,0,0.0,-0.9,0,30.100000381469727
AMZN,HL,BOTTOM,4.0,d_current_slope,0.0364,2,3,41.62,-0.6,3,32.97949981689453
AMZN,HH,TOP,,,0.0,0,0,0.0,0.0,0,35.97200012207031
AMZN,HH,TOP,,,0.0,0,0,0.0,0.0,0,36.4119987487793
AMZN,LH,TOP,,,0.0,0,0,0.0,0.0,0,36.277000427246094
AMZN,HL,BOTTOM,,,0.0,0,0,0.0,0.0,0,34.56800079345703
AMZN,HL,BOTTOM,,,0.0,0,0,0.0,0.0,0,35.397499084472656
AMZN,HH,TOP,4.0,vwap_sigma_current,-0.0121,1,0,0.0,0.0,0,41.701499938964844
AMZN,HH,TOP,5.0,vwap_sigma_current,-0.0364,1,0,0.0,0.0,0,42.21799850463867
AMZN,LH,TOP,6.0,vwap_sigma_current,-0.0606,1,0,0.0,0.0,0,42.08300018310547
AMZN,HL,BOTTOM,6.0,vwap_sigma_wave,-0.0061,1,4,18.07,0.0,4,35.95349884033203
AMZN,HL,BOTTOM,1.0,vwap_sigma_current,0.2,4,0,0.0,0.0,0,37.1619987487793
AMZN,LH,TOP,5.0,vwap_sigma_current,0.0242,4,0,0.0,0.0,0,39.0
AMZN,HH,TOP,6.0,vwap_sigma_current,-0.0242,4,0,0.0,0.0,0,39.26649856567383
AMZN,LH,TOP,7.0,vwap_sigma_current,-0.0727,4,0,0.0,0.0,0,39.00600051879883
AMZN,HL,BOTTOM,,,0.0,0,0,0.0,0.0,0,37.182498931884766
AMZN,LL,BOTTOM,,,0.0,0,0,0.0,0.0,0,37.016998291015625
AMZN,HH,TOP,,,0.0,0,1,4.03,0.0,1,50.56700134277344
AMZN,LH,TOP,1.0,rsi_value,0.0545,1,0,0.0,0.0,0,50.150001525878906
AMZN,HL,BOTTOM,,,0.0,0,0,0.0,0.0,0,47.68299865722656
AMZN,HH,TOP,,,0.0,0,0,0.0,0.0,0,51.993499755859375
AMZN,HH,TOP,,,0.0,0,0,0.0,0.0,0,52.63999938964844
AMZN,LH,TOP,,,0.0,0,0,0.0,0.0,0,52.29999923706055
AMZN,LL,BOTTOM,,,0.0,0,0,0.0,0.0,0,47.622501373291016
AMZN,LL,BOTTOM,,,0.0,0,0,0.0,0.0,0,47.26300048828125
AMZN,LH,TOP,,,0.0,0,0,0.0,0.0,0,49.12900161743164
AMZN,HH,TOP,,,0.0,0,0,0.0,0.0,0,49.97999954223633
AMZN,LH,TOP,,,0.0,0,0,0.0,0.0,0,49.61050033569336
AMZN,LL,BOTTOM,,,0.0,0,0,0.0,0.0,0,46.989498138427734
AMZN,LL,BOTTOM,,,0.0,0,0,0.0,0.0,0,46.93000030517578
AMZN,HL,BOTTOM,,,0.0,0,0,0.0,0.0,0,47.54349899291992
AMZN,HH,TOP,1.0,rsi_value,0.0545,1,2,9.42,-0.4,2,59.791500091552734
AMZN,LH,TOP,1.0,kf_rsi_pred_val,0.1515,2,2,8.98,0.0,2,59.68000030517578
AMZN,HL,BOTTOM,4.0,kf_rsi_pred_val,0.0424,2,0,0.0,0.0,0,56.6974983215332
AMZN,HL,BOTTOM,5.0,kf_rsi_pred_val,-0.0182,2,0,0.0,0.0,0,57.07849884033203
AMZN,HH,TOP,1.0,rsi_value,0.297,3,3,22.67,-0.6,3,71.89099884033203
AMZN,HH,TOP,1.0,rsi_value,0.3636,3,3,23.44,-0.4,3,72.54450225830078
AMZN,LH,TOP,1.0,rsi_value,0.3515,3,2,8.58,-0.2,2,69.5
AMZN,HL,BOTTOM,2.0,sigma_tide,-0.3818,3,0,0.0,0.0,0,67.5250015258789
AMZN,LL,BOTTOM,3.0,sigma_tide,-0.4121,3,0,0.0,0.0,0,66.9800033569336
AMZN,HH,TOP,,,0.0,0,0,0.0,0.0,0,79.91950225830078
AMZN,LH,TOP,,,0.0,0,0,0.0,0.0,0,79.40899658203125
AMZN,HL,BOTTOM,2.0,kf_price_pred_val,0.0424,1,2,9.54,-0.4,2,68.59950256347656
AMZN,HL,BOTTOM,1.0,current_accel,0.1394,2,2,8.3,0.0,2,69.60250091552734
AMZN,LH,TOP,,,0.0,0,0,0.0,0.0,0,76.39199829101562
AMZN,HH,TOP,,,0.0,0,0,0.0,0.0,0,77.84549713134766
AMZN,LH,TOP,,,0.0,0,0,0.0,0.6,0,76.37449645996094
AMZN,HL,BOTTOM,,,0.0,0,0,0.0,0.3,0,75.89299774169922
AMZN,LL,BOTTOM,,,0.0,0,0,0.0,-0.0,0,73.00450134277344
AMZN,HL,BOTTOM,,,0.0,0,0,0.0,-0.3,0,73.00849914550781
AMZN,HH,TOP,,,0.0,0,0,0.0,-0.2,0,86.73899841308594
AMZN,HH,TOP,,,0.0,0,1,4.34,0.0,1,87.50399780273438
AMZN,LH,TOP,1.0,rsi_value,0.0545,1,0,0.0,0.0,0,86.51100158691406
AMZN,HL,BOTTOM,4.0,rsi_value,0.0182,1,0,0.0,0.0,0,84.55449676513672
AMZN,LL,BOTTOM,5.0,rsi_value,0.0061,1,0,0.0,0.0,0,83.02549743652344
AMZN,HL,BOTTOM,6.0,rsi_value,-0.0061,1,0,0.0,0.0,0,85.07250213623047
AMZN,HH,TOP,1.0,kf_rsi_pred_val,0.097,1,2,9.93,0.0,2,101.97550201416016
AMZN,LH,TOP,1.0,kf_rsi_pred_val,0.1818,2,0,0.0,0.0,0,99.74099731445312
AMZN,HL,BOTTOM,9.0,kf_rsi_pred_val,-0.1394,2,0,0.0,0.0,0,95.40149688720703
AMZN,HL,BOTTOM,10.0,kf_rsi_pred_val,-0.1091,2,0,0.0,0.0,0,97.05249786376953
AMZN,LH,TOP,,,0.0,0,0,0.0,0.0,0,98.74250030517578
AMZN,HH,TOP,,,0.0,0,0,0.0,0.0,0,100.64900207519531
AMZN,LH,TOP,,,0.0,0,0,0.0,0.0,0,100.1500015258789
AMZN,LL,BOTTOM,,,0.0,0,6,37.56,-1.2,6,87.76249694824219
AMZN,LL,BOTTOM,1.0,sigma_tide,0.3273,6,5,34.79,-0.5,5,85.96800231933594
AMZN,HL,BOTTOM,1.0,sigma_tide,0.5273,6,3,15.55,-0.0,3,89.43049621582031
AMZN,LH,TOP,1.0,sigma_tide,0.4424,6,1,4.01,0.2,1,90.99800109863281
AMZN,HH,TOP,1.0,sigma_tide,0.3152,6,0,0.0,1.0,0,91.58650207519531
AMZN,LH,TOP,2.0,sigma_tide,0.1212,6,1,5.78,0.7,1,88.53600311279297
AMZN,LL,BOTTOM,1.0,sigma_tide,-0.3333,6,1,5.1,0.9,1,88.43499755859375
AMZN,LL,BOTTOM,1.0,sigma_tide,-0.5091,6,6,35.19,1.0,6,83.20999908447266
AMZN,HL,BOTTOM,1.0,sigma_tide,-0.0242,6,2,11.51,0.2,2,89.1084976196289
AMZN,LH,TOP,1.0,kf_price_filt_vel,0.1758,6,3,18.7,-1.3,3,82.1405029296875
AMZN,LL,BOTTOM,1.0,sigma_tide,0.3333,6,9,64.44,-1.0,9,76.94400024414062
AMZN,LL,BOTTOM,1.0,sigma_tide,0.6848,9,7,39.86,-0.7,7,76.52100372314453
AMZN,HL,BOTTOM,1.0,sigma_tide,0.8303,9,5,32.51,-0.2,5,79.90049743652344
AMZN,LH,TOP,1.0,sigma_tide,0.1273,9,3,14.32,-0.3,3,82.1405029296875
AMZN,HH,TOP,1.0,sigma_tide,-0.1879,9,5,24.15,0.1,5,87.77449798583984
AMZN,LH,TOP,1.0,kf_price_pred_val,-0.0848,9,2,8.37,-0.3,2,87.74549865722656
AMZN,LL,BOTTOM,1.0,sigma_tide,-0.2606,5,4,18.99,-0.6,4,75.614501953125
AMZN,LL,BOTTOM,1.0,sigma_tide,-0.1455,5,4,19.5,-0.3,4,74.77300262451172
AMZN,HL,BOTTOM,1.0,sigma_tide,-0.0424,5,4,18.18,-0.6,4,75.83650207519531
AMZN,HH,TOP,1.0,conj_current_tide,-0.1818,4,0,0.0,-0.4,0,88.61799621582031
AMZN,LH,TOP,2.0,conj_current_tide,-0.4545,4,2,15.79,0.0,2,83.41999816894531
AMZN,LL,BOTTOM,1.0,kf_price_pred_val,0.4909,6,8,42.8,-0.6,8,67.197998046875
AMZN,HH,TOP,,,0.0,0,0,0.0,0.0,0,84.66100311279297
AMZN,HH,TOP,,,0.0,0,0,0.0,0.0,0,84.80999755859375
AMZN,HL,BOTTOM,,,0.0,0,0,0.0,0.0,0,81.89450073242188
AMZN,LL,BOTTOM,,,0.0,0,0,0.0,0.0,0,79.69400024414062
AMZN,HL,BOTTOM,,,0.0,0,0,0.0,0.0,0,83.52149963378906
AMZN,HH,TOP,,,0.0,0,0,0.0,0.0,0,85.9365005493164
AMZN,LH,TOP,,,0.0,0,0,0.0,0.0,0,81.3115005493164
AMZN,LL,BOTTOM,,,0.0,0,0,0.0,0.0,0,80.71849822998047
AMZN,LL,BOTTOM,,,0.0,0,0,0.0,0.0,0,79.41100311279297
AMZN,HH,TOP,7.0,rsi_value,-0.0182,1,0,0.0,0.0,0,95.04100036621094
AMZN,HH,TOP,8.0,rsi_value,-0.0303,1,0,0.0,0.0,0,98.12300109863281
AMZN,HL,BOTTOM,1.0,vwap_sigma_wave,0.0727,1,4,22.53,-0.2,4,84.6344985961914
AMZN,HL,BOTTOM,1.0,vwap_sigma_wave,0.2667,4,1,4.11,0.0,1,86.47799682617188
AMZN,HH,TOP,,,0.0,0,0,0.0,0.0,0,101.04949951171875
AMZN,LH,TOP,,,0.0,0,0,0.0,0.0,0,100.49500274658203
AMZN,HL,BOTTOM,,,0.0,0,0,0.0,0.0,0,90.27999877929688
AMZN,LL,BOTTOM,,,0.0,0,0,0.0,0.0,0,87.48100280761719
AMZN,LH,TOP,,,0.0,0,0,0.0,0.0,0,91.14949798583984
AMZN,HH,TOP,,,0.0,0,0,0.0,0.0,0,92.17749786376953
AMZN,LH,TOP,,,0.0,0,0,0.0,0.0,0,91.96700286865234
AMZN,LL,BOTTOM,3.0,vwap_sigma_wave,-0.0182,1,0,0.0,0.0,0,86.63300323486328
AMZN,LL,BOTTOM,4.0,vwap_sigma_wave,-0.0545,1,0,0.0,0.0,0,85.27549743652344
AMZN,HL,BOTTOM,5.0,vwap_sigma_wave,-0.0242,1,0,0.0,0.0,0,86.09950256347656
AMZN,HH,TOP,2.0,sigma_tide,0.2182,3,1,4.21,-0.1,1,107.78350067138672
AMZN,HH,TOP,1.0,sigma_tide,0.103,3,1,4.42,-0.0,1,108.51100158691406
AMZN,LH,TOP,1.0,sigma_tide,0.0424,3,0,0.0,0.1,0,107.65499877929688
AMZN,HL,BOTTOM,5.0,kf_price_filt_vel,-0.0667,2,3,15.45,0.8,3,90.03050231933594
AMZN,HL,BOTTOM,1.0,kf_price_pred_val,0.103,3,0,0.0,0.1,0,94.59100341796875
AMZN,LH,TOP,2.0,kf_price_pred_val,0.0182,3,0,0.0,-1.5,0,91.04299926757812
AMZN,LL,BOTTOM,3.0,kf_price_pred_val,-0.0667,3,8,51.63,-0.7,8,83.83049774169922
AMZN,HL,BOTTOM,1.0,kf_price_pred_val,0.3515,8,2,11.0,-0.9,2,89.25
AMZN,LL,BOTTOM,1.0,kf_price_filt_vel,0.3576,8,3,12.89,-0.6,3,84.4574966430664
AMZN,HL,BOTTOM,1.0,vwap_sigma_tide,0.4727,8,3,22.78,0.0,3,90.39199829101562
AMZN,HH,TOP,1.0,kf_conjugation_pred_val,0.0727,4,3,17.8,-0.9,3,118.635498046875
AMZN,HH,TOP,1.0,kf_conjugation_pred_val,0.097,4,6,32.89,-1.0,6,123.69999694824219
AMZN,LH,TOP,1.0,kf_conjugation_pred_val,0.2848,6,6,34.29,-0.8,6,114.302001953125
AMZN,HH,TOP,1.0,d_tide_slope,0.3636,7,6,34.81,-1.2,6,159.13150024414062
AMZN,HH,TOP,1.0,d_tide_slope,0.5576,7,5,29.99,-0.6,5,160.0
AMZN,HL,BOTTOM,2.0,d_tide_slope,-0.2606,7,0,0.0,-0.5,0,149.9949951171875
AMZN,LL,BOTTOM,3.0,d_tide_slope,-0.4606,7,0,0.0,-1.0,0,148.09849548339844
AMZN,LH,TOP,4.0,d_tide_slope,-0.6909,7,5,40.01,0.0,5,159.8419952392578
AMZN,LH,TOP,1.0,kf_price_filt_vel,-0.2909,6,0,0.0,0.0,0,156.9145050048828
AMZN,HL,BOTTOM,2.0,kf_price_filt_vel,-0.4061,6,0,0.0,0.0,0,154.99549865722656
AMZN,LL,BOTTOM,3.0,kf_price_filt_vel,-0.4848,6,0,0.0,0.0,0,149.32749938964844
AMZN,HL,BOTTOM,4.0,kf_price_filt_vel,-0.3273,5,0,0.0,0.0,0,150.44549560546875
AMZN,HH,TOP,,,0.0,0,0,0.0,0.1,0,174.95599365234375
AMZN,HH,TOP,,,0.0,0,0,0.0,-0.0,0,176.57249450683594
AMZN,LH,TOP,,,0.0,0,0,0.0,-0.1,0,168.39999389648438
AMZN,LL,BOTTOM,7.0,kf_price_pred_val,-0.0182,1,0,0.0,0.2,0,150.43649291992188
AMZN,LL,BOTTOM,8.0,kf_price_pred_val,-0.0303,1,0,0.0,-0.3,0,147.74549865722656
AMZN,HH,TOP,,,0.0,0,1,5.21,0.0,1,172.14649963378906
AMZN,HH,TOP,1.0,kf_price_pred_val,0.0545,1,0,0.0,0.0,0,172.18150329589844
AMZN,LH,TOP,2.0,kf_price_pred_val,0.0424,1,0,0.0,0.0,0,168.1855010986328
AMZN,HL,BOTTOM,1.0,kf_price_pred_val,0.0545,1,0,0.0,0.1,0,150.2239990234375
AMZN,HL,BOTTOM,2.0,kf_price_pred_val,0.0424,1,0,0.0,0.1,0,152.42050170898438
AMZN,LH,TOP,3.0,kf_price_pred_val,0.0303,1,3,26.89,0.1,3,162.05799865722656
AMZN,HH,TOP,1.0,kf_price_filt_vel,0.1818,3,1,5.12,-0.2,1,166.10000610351562
AMZN,LH,TOP,1.0,kf_price_pred_val,0.1879,3,0,0.0,-0.7,0,165.56849670410156
AMZN,HL,BOTTOM,2.0,kf_price_pred_val,0.1273,3,2,14.95,-0.6,2,157.18699645996094
AMZN,LL,BOTTOM,1.0,kf_price_filt_vel,0.1758,3,3,18.11,0.0,3,151.75100708007812
AMZN,HL,BOTTOM,1.0,kf_price_pred_val,0.2545,3,0,0.0,0.0,0,156.8695068359375
AMZN,LH,TOP,,,0.0,0,0,0.0,0.0,0,164.197998046875
AMZN,HH,TOP,,,0.0,0,0,0.0,0.0,0,166.10000610351562
AMZN,LH,TOP,,,0.0,0,0,0.0,0.0,0,164.29249572753906
AMZN,LL,BOTTOM,,,0.0,0,0,0.0,0.0,0,156.37350463867188
AMZN,LL,BOTTOM,,,0.0,0,0,0.0,0.0,0,155.21249389648438
AMZN,HH,TOP,,,0.0,0,0,0.0,0.0,0,167.1439971923828
AMZN,HH,TOP,,,0.0,0,0,0.0,0.0,0,169.0
AMZN,LH,TOP,,,0.0,0,0,0.0,0.0,0,165.62649536132812
AMZN,LL,BOTTOM,1.0,vwap_sigma_current,0.3091,4,4,18.71,0.0,4,147.59750366210938
AMZN,HL,BOTTOM,1.0,vwap_sigma_current,0.297,4,0,0.0,0.0,0,153.1425018310547
AMZN,HH,TOP,,,0.0,0,0,0.0,0.0,0,172.9250030517578
AMZN,HH,TOP,,,0.0,0,0,0.0,0.0,0,173.5655059814453
AMZN,LH,TOP,,,0.0,0,0,0.0,0.0,0,173.37100219726562
AMZN,HL,BOTTOM,,,0.0,0,0,0.0,0.0,0,161.19549560546875
AMZN,LL,BOTTOM,,,0.0,0,0,0.0,0.0,0,157.5970001220703
AMZN,HL,BOTTOM,,,0.0,0,0,0.0,0.0,0,158.07350158691406
AMZN,HH,TOP,1.0,kf_price_pred_val,0.1636,3,3,12.48,-0.9,3,184.82899475097656
AMZN,HH,TOP,1.0,sigma_tide,0.2909,3,3,14.33,-0.6,3,186.57049560546875
AMZN,LH,TOP,1.0,kf_rsi_pred_val,0.3818,3,3,12.55,0.0,3,185.9669952392578
AMZN,HL,BOTTOM,1.0,rsi_value,0.0545,1,2,9.82,-0.6,2,160.06100463867188
AMZN,LL,BOTTOM,1.0,rsi_value,0.1515,2,2,10.85,-0.4,2,159.3874969482422
AMZN,HL,BOTTOM,1.0,rsi_value,0.2242,2,2,9.56,0.0,2,159.99749755859375
AMZN,LH,TOP,,,0.0,0,0,0.0,0.0,0,175.46449279785156
AMZN,HH,TOP,,,0.0,0,0,0.0,0.0,0,176.27499389648438
AMZN,LH,TOP,,,0.0,0,0,0.0,0.0,0,174.20799255371094
AMZN,LL,BOTTOM,,,0.0,0,2,9.2,0.0,2,159.48899841308594
AMZN,HL,BOTTOM,1.0,rsi_value,0.1091,2,0,0.0,0.0,0,161.0500030517578
AMZN,HH,TOP,,,0.0,0,0,0.0,0.0,0,177.4499969482422
AMZN,HH,TOP,,,0.0,0,0,0.0,0.0,0,184.80299377441406
AMZN,LH,TOP,,,0.0,0,0,0.0,0.0,0,183.82850646972656
AMZN,LL,BOTTOM,1.0,vwap_sigma_tide,0.7273,7,6,45.07,-0.9,6,139.98599243164062
AMZN,LL,BOTTOM,1.0,vwap_sigma_tide,0.8303,7,5,40.29,-1.1,5,138.87249755859375
AMZN,HL,BOTTOM,1.0,vwap_sigma_tide,0.7515,7,5,36.03,-0.1,5,139.6374969482422
AMZN,LH,TOP,1.0,vwap_sigma_tide,0.4242,7,4,19.5,0.0,4,149.57350158691406
AMZN,HH,TOP,1.0,kf_price_pred_val,0.1333,7,1,4.48,-0.7,1,151.19349670410156
AMZN,LH,TOP,1.0,vwap_sigma_tide,-0.2364,7,1,4.65,-1.3,1,150.6125030517578
AMZN,LL,BOTTOM,1.0,vwap_sigma_tide,-0.5939,7,5,53.69,-0.6,5,138.8455047607422
AMZN,HL,BOTTOM,1.0,kf_price_filt_vel,-0.4545,7,3,41.26,0.6,3,157.63949584960938
AMZN,HH,TOP,1.0,kf_price_filt_vel,-0.3455,6,0,0.0,0.3,0,157.9355010986328
AMZN,HH,TOP,2.0,kf_price_filt_vel,-0.4848,6,0,0.0,-0.0,0,161.4134979248047
AMZN,LH,TOP,3.0,kf_price_filt_vel,-0.497,5,0,0.0,-0.3,0,161.1894989013672
AMZN,LL,BOTTOM,6.0,kf_price_filt_vel,-0.0182,3,1,4.66,-0.1,1,150.19749450683594
AMZN,LL,BOTTOM,1.0,vwap_sigma_tide,0.0,3,1,6.75,-0.1,1,144.82699584960938
AMZN,HL,BOTTOM,1.0,vwap_sigma_tide,0.0061,3,1,4.16,0.2,1,151.35800170898438
AMZN,LH,TOP,1.0,vwap_sigma_tide,0.0,3,0,0.0,0.2,0,153.7884979248047
AMZN,LL,BOTTOM,1.0,vwap_sigma_tide,0.0242,1,2,16.53,0.3,2,137.4530029296875
AMZN,LL,BOTTOM,1.0,vwap_sigma_tide,0.0606,2,1,10.15,-0.1,1,136.01449584960938
AMZN,HL,BOTTOM,1.0,vwap_sigma_tide,0.0848,2,1,8.38,-0.8,1,139.2790069580078
AMZN,HH,TOP,2.0,geo_phase_angle,-0.1515,2,0,0.0,0.0,0,168.99049377441406
AMZN,HH,TOP,3.0,geo_phase_angle,-0.1515,2,0,0.0,0.0,0,169.31500244140625
AMZN,LH,TOP,4.0,geo_phase_angle,-0.1273,1,0,0.0,0.0,0,166.30099487304688
AMZN,LL,BOTTOM,1.0,vwap_sigma_tide,0.8,12,13,87.86,-2.1,13,108.85900115966797
AMZN,LL,BOTTOM,1.0,vwap_sigma_tide,0.8242,13,13,95.54,-0.4,13,105.37200164794922
AMZN,HL,BOTTOM,1.0,vwap_sigma_tide,0.7697,13,13,90.28,0.5,13,106.93049621582031
AMZN,LH,TOP,1.0,wave_slope,0.8,13,8,62.3,0.2,8,110.81050109863281
AMZN,HH,TOP,1.0,wave_slope,0.6545,13,5,49.0,-0.3,5,115.36849975585938
AMZN,LH,TOP,1.0,wave_slope,0.2121,13,13,97.96,0.1,13,107.11250305175781
AMZN,HL,BOTTOM,1.0,wave_slope,-0.4848,13,8,65.88,-0.5,8,107.55699920654297
AMZN,LL,BOTTOM,1.0,wave_slope,-0.5091,13,12,85.72,0.1,12,104.0999984741211
AMZN,HL,BOTTOM,1.0,wave_slope,-0.2,13,8,67.17,0.2,8,106.7750015258789
AMZN,HH,TOP,1.0,wave_slope,0.0848,13,9,58.88,-0.8,9,121.68399810791016
AMZN,HH,TOP,1.0,wave_slope,-0.2061,13,11,63.3,-0.9,11,125.51100158691406
AMZN,LH,TOP,1.0,wave_slope,0.097,12,13,70.49,0.2,13,122.3499984741211
AMZN,LL,BOTTOM,1.0,current_slope,0.0545,13,9,60.4,-0.6,9,103.66999816894531
AMZN,LL,BOTTOM,1.0,kf_price_pred_val,-0.0545,13,10,58.76,-0.1,10,102.30999755859375
AMZN,HL,BOTTOM,1.0,current_slope,-0.1091,13,9,71.76,0.3,9,107.66999816894531
AMZN,LH,TOP,1.0,current_slope,-0.2606,11,8,49.9,-0.7,8,112.44000244140625
AMZN,HH,TOP,1.0,current_slope,-0.2788,11,9,52.27,-0.5,9,116.45999908447266
AMZN,HL,BOTTOM,1.0,kf_price_filt_vel,-0.0606,10,6,35.73,0.3,6,108.91999816894531
AMZN,LL,BOTTOM,1.0,current_slope,-0.0606,9,6,38.02,-0.2,6,106.20999908447266
AMZN,HL,BOTTOM,1.0,geo_phase_angle,-0.0788,9,6,35.73,-1.0,6,109.55999755859375
AMZN,LH,TOP,1.0,geo_phase_angle,-0.0788,10,9,46.36,0.5,9,114.33000183105469
AMZN,HH,TOP,1.0,geo_phase_angle,0.0121,10,6,33.16,0.8,6,116.33000183105469
AMZN,LH,TOP,1.0,geo_phase_angle,-0.0727,10,7,35.04,1.0,7,115.54000091552734
AMZN,HL,BOTTOM,1.0,geo_phase_angle,-0.0788,10,6,31.13,0.4,6,111.75
AMZN,LL,BOTTOM,1.0,geo_phase_angle,-0.0606,10,8,40.8,0.1,8,109.22000122070312
AMZN,HL,BOTTOM,1.0,geo_phase_angle,-0.0303,10,8,39.53,-0.1,8,110.4000015258789
AMZN,HH,TOP,1.0,d_current_slope,0.2909,10,10,61.22,-1.0,10,122.7699966430664
AMZN,HH,TOP,1.0,d_current_slope,0.4424,10,9,62.78,-0.9,9,124.62999725341797
AMZN,LH,TOP,1.0,d_current_slope,0.3273,10,6,40.18,-0.1,6,122.41999816894531
AMZN,HL,BOTTOM,1.0,d_current_slope,0.0788,10,6,35.12,-0.1,6,121.13999938964844
AMZN,LL,BOTTOM,1.0,d_current_slope,-0.2242,10,8,54.39,0.8,8,114.80999755859375
AMZN,HL,BOTTOM,1.0,d_current_slope,-0.2848,10,3,15.93,0.6,3,120.97000122070312
AMZN,HH,TOP,1.0,conj_wave_tide,-0.2667,7,6,32.29,-0.2,6,143.17999267578125
AMZN,HH,TOP,1.0,conj_wave_tide,-0.2121,7,6,34.15,-0.3,6,144.77999877929688
AMZN,LH,TOP,1.0,conj_wave_tide,-0.103,7,6,34.99,-0.3,6,142.10000610351562
AMZN,HL,BOTTOM,1.0,conj_current_tide,-0.4242,5,3,13.68,0.5,3,126.11000061035156
AMZN,HL,BOTTOM,1.0,conj_current_tide,-0.3394,5,3,13.53,0.4,3,129.47999572753906
AMZN,LH,TOP,1.0,conj_current_tide,-0.0485,4,3,12.97,-0.6,3,136.4499969482422
AMZN,LH,TOP,1.0,geo_phase_angle,0.0667,3,5,34.22,-0.3,5,126.81999969482422
AMZN,LL,BOTTOM,1.0,fear_level,0.1152,5,4,18.37,0.1,4,114.80000305175781
AMZN,LL,BOTTOM,1.0,fear_level,0.1576,5,4,18.21,1.6,4,113.0
AMZN,LH,TOP,1.0,fear_level,0.1879,5,2,9.7,1.4,2,115.87999725341797
AMZN,HH,TOP,1.0,fear_level,0.0303,5,2,8.5,0.8,2,121.08999633789062
AMZN,LH,TOP,1.0,tide_slope,-0.1273,5,3,12.67,0.1,3,120.94999694824219
AMZN,LL,BOTTOM,1.0,fear_level,0.4485,9,4,18.81,-0.7,4,112.52999877929688
AMZN,LL,BOTTOM,1.0,fear_level,0.3758,9,5,23.03,-0.7,5,106.9000015258789
AMZN,LH,TOP,1.0,geo_velocity_align,-0.3758,6,3,13.91,0.9,3,119.81999969482422
AMZN,HH,TOP,1.0,geo_velocity_align,-0.3697,6,3,13.91,1.0,3,120.5999984741211
AMZN,LH,TOP,1.0,geo_velocity_align,-0.3273,6,5,22.37,1.2,5,115.66000366210938
AMZN,LL,BOTTOM,1.0,rsi_value,0.7818,11,10,49.17,-1.1,10,89.9800033569336
AMZN,LL,BOTTOM,1.0,rsi_value,0.5697,11,11,55.79,-1.2,11,86.13999938964844
AMZN,HL,BOTTOM,1.0,rsi_value,0.4606,11,12,100.78,-0.7,12,96.62999725341797
AMZN,LH,TOP,1.0,kf_price_filt_vel,0.4,12,11,64.7,-0.1,11,100.79000091552734
AMZN,LL,BOTTOM,1.0,vwap_spread_tide_wave,0.3394,11,10,50.03,-0.5,10,83.04000091552734
AMZN,LL,BOTTOM,1.0,vwap_spread_tide_wave,0.303,11,10,50.41,-0.2,10,81.81999969482422
AMZN,HL,BOTTOM,1.0,vwap_spread_tide_wave,0.2424,11,9,45.41,-0.0,9,84.18000030517578
AMZN,HH,TOP,1.0,vwap_spread_tide_current,-0.5697,9,3,15.81,-1.7,3,105.1500015258789
AMZN,HH,TOP,1.0,vwap_spread_tide_current,-0.4606,8,11,57.38,-1.1,11,112.91000366210938
AMZN,LH,TOP,1.0,kf_price_pred_val,0.0909,11,8,51.29,-0.7,8,103.38999938964844
AMZN,HL,BOTTOM,1.0,geo_phase_angle,0.0182,3,2,9.19,-0.2,2,92.25
AMZN,LL,BOTTOM,1.0,tide_slope,-0.0182,3,2,8.8,-0.0,2,90.7300033569336
AMZN,LH,TOP,2.0,geo_phase_angle,-0.0121,1,0,0.0,0.0,0,102.41000366210938
AMZN,HH,TOP,3.0,geo_phase_angle,-0.0424,1,0,0.0,0.0,0,103.94999694824219
AMZN,LH,TOP,4.0,geo_phase_angle,-0.1273,1,0,0.0,0.0,0,101.0999984741211
AMZN,HL,BOTTOM,7.0,geo_phase_angle,-0.1455,1,0,0.0,0.0,0,99.91999816894531
AMZN,LL,BOTTOM,8.0,geo_phase_angle,-0.1273,1,0,0.0,0.0,0,97.83000183105469
AMZN,HL,BOTTOM,9.0,geo_phase_angle,-0.097,1,0,0.0,0.0,0,102.4000015258789
AMZN,HH,TOP,,,0.0,0,0,0.0,0.0,0,104.9800033569336
AMZN,HH,TOP,,,0.0,0,0,0.0,0.0,0,109.81999969482422
AMZN,LH,TOP,,,0.0,0,0,0.0,0.0,0,105.44999694824219
AMZN,LL,BOTTOM,,,0.0,0,0,0.0,0.0,0,102.05000305175781
AMZN,HL,BOTTOM,,,0.0,0,0,0.0,0.0,0,103.62999725341797
AMZN,HH,TOP,1.0,d_tide_slope,0.1939,2,2,12.56,-0.0,2,132.8300018310547
AMZN,HH,TOP,1.0,d_tide_slope,0.2545,2,2,16.98,-0.0,2,135.36000061035156
AMZN,LH,TOP,1.0,d_tide_slope,0.2909,2,2,15.63,-0.0,2,129.9600067138672
AMZN,HL,BOTTOM,1.0,d_tide_slope,0.2545,2,2,12.78,-0.0,2,129.1300048828125
AMZN,LL,BOTTOM,1.0,tide_accel,0.1939,2,2,14.98,-0.0,2,128.14999389648438
AMZN,HL,BOTTOM,1.0,d_tide_slope,0.1091,2,2,13.98,-0.0,2,128.25
AMZN,HH,TOP,1.0,kf_price_filt_vel,0.1636,5,3,22.35,-0.0,3,142.22000122070312
AMZN,LH,TOP,1.0,tide_accel,0.1818,5,2,16.86,-0.0,2,139.94000244140625
AMZN,HL,BOTTOM,1.0,d_tide_slope,0.0,2,2,11.85,-0.0,2,135.52000427246094
AMZN,LL,BOTTOM,1.0,d_tide_slope,0.0,2,2,11.89,-0.0,2,131.83999633789062
AMZN,HL,BOTTOM,1.0,d_tide_slope,0.0,2,2,14.37,-0.0,2,133.25999450683594
AMZN,HH,TOP,5.0,d_tide_slope,-0.2909,2,0,0.0,-0.4,0,141.22999572753906
AMZN,HH,TOP,6.0,d_tide_slope,-0.303,2,2,9.07,0.0,2,144.85000610351562
AMZN,LH,TOP,1.0,d_tide_slope,-0.1818,2,0,0.0,0.2,0,144.72000122070312
AMZN,LL,BOTTOM,3.0,vwap_sigma_wave,0.0303,1,0,0.0,0.0,0,129.4600067138672
AMZN,LL,BOTTOM,4.0,vwap_sigma_wave,-0.0061,1,0,0.0,0.0,0,124.72000122070312
AMZN,HL,BOTTOM,5.0,vwap_sigma_wave,-0.0424,1,0,0.0,0.0,0,127.0
AMZN,LH,TOP,,,0.0,0,0,0.0,0.0,0,132.5500030517578
AMZN,LH,TOP,,,0.0,0,0,0.0,0.0,0,131.47000122070312
AMZN,LL,BOTTOM,,,0.0,0,1,4.64,-0.7,1,121.38999938964844
AMZN,LL,BOTTOM,1.0,vwap_sigma_current,0.0545,1,2,9.09,-0.9,2,119.56999969482422
AMZN,HL,BOTTOM,1.0,vwap_sigma_current,0.1515,2,3,20.57,-0.6,3,127.73999786376953
AMZN,HH,TOP,,,0.0,0,0,0.0,0.0,0,154.07000732421875
AMZN,LH,TOP,,,0.0,0,0,0.0,0.0,0,153.7899932861328
AMZN,HL,BOTTOM,,,0.0,0,0,0.0,0.0,0,148.47000122070312
AMZN,LL,BOTTOM,,,0.0,0,0,0.0,0.0,0,144.57000732421875
AMZN,HL,BOTTOM,,,0.0,0,0,0.0,0.0,0,145.24000549316406
AMZN,HH,TOP,,,0.0,0,0,0.0,0.0,0,185.9499969482422
AMZN,HH,TOP,,,0.0,0,0,0.0,0.0,0,189.0500030517578
AMZN,LH,TOP,,,0.0,0,0,0.0,0.0,0,186.1300048828125
AMZN,HL,BOTTOM,,,0.0,0,0,0.0,0.0,0,176.58999633789062
AMZN,LL,BOTTOM,,,0.0,0,0,0.0,0.0,0,173.6699981689453
AMZN,HL,BOTTOM,,,0.0,0,0,0.0,0.0,0,179.6199951171875
AMZN,HH,TOP,,,0.0,0,0,0.0,0.0,0,188.0
AMZN,HH,TOP,,,0.0,0,0,0.0,0.0,0,189.5
AMZN,LH,TOP,,,0.0,0,0,0.0,0.0,0,187.47999572753906
AMZN,LL,BOTTOM,,,0.0,0,0,0.0,0.0,0,179.32000732421875
AMZN,LL,BOTTOM,,,0.0,0,0,0.0,0.0,0,176.44000244140625
AMZN,HH,TOP,2.0,vwap_sigma_current,0.0424,1,0,0.0,0.0,0,197.1999969482422
AMZN,HH,TOP,3.0,vwap_sigma_current,0.0303,1,0,0.0,0.0,0,200.0
AMZN,LH,TOP,4.0,vwap_sigma_current,0.0182,1,0,0.0,0.0,0,197.58999633789062
AMZN,LL,BOTTOM,1.0,kf_price_pred_val,0.3818,7,8,53.84,-0.9,8,161.02000427246094
AMZN,HL,BOTTOM,1.0,sigma_tide,0.7333,8,4,26.72,-0.8,4,161.92999267578125
AMZN,LH,TOP,4.0,sigma_tide,-0.4788,4,0,0.0,0.0,0,178.8800048828125
AMZN,HH,TOP,5.0,sigma_tide,-0.3939,4,0,0.0,0.0,0,180.11000061035156
AMZN,LH,TOP,6.0,sigma_tide,-0.2606,3,0,0.0,0.0,0,176.1300048828125
AMZN,HL,BOTTOM,9.0,sigma_tide,-0.097,1,0,0.0,0.0,0,173.1199951171875
AMZN,LL,BOTTOM,10.0,sigma_tide,-0.0545,1,0,0.0,0.0,0,170.8000030517578
AMZN,HL,BOTTOM,,,0.0,0,0,0.0,0.0,0,172.1199951171875
AMZN,HH,TOP,,,0.0,0,0,0.0,0.0,0,193.8800048828125
AMZN,HH,TOP,,,0.0,0,0,0.0,0.0,0,193.9600067138672
AMZN,LH,TOP,,,0.0,0,0,0.0,0.0,0,192.52999877929688
AMZN,HL,BOTTOM,,,0.0,0,0,0.0,0.0,0,180.8000030517578
AMZN,HL,BOTTOM,,,0.0,0,0,0.0,0.0,0,182.72000122070312
AMZN,HH,TOP,4.0,vwap_sigma_wave,0.0182,1,0,0.0,0.0,0,208.91000366210938
AMZN,HH,TOP,5.0,vwap_sigma_wave,0.0061,1,0,0.0,0.0,0,214.10000610351562
AMZN,LH,TOP,6.0,vwap_sigma_wave,-0.0061,1,0,0.0,0.0,0,211.47999572753906
AMZN,HL,BOTTOM,,,0.0,0,0,0.0,0.0,0,198.3800048828125
AMZN,LL,BOTTOM,,,0.0,0,0,0.0,0.0,0,197.1199951171875
AMZN,HH,TOP,1.0,reg_value_current,0.097,1,1,4.24,-0.0,1,232.92999267578125
AMZN,LH,TOP,1.0,reg_value_current,0.1273,1,1,4.35,-0.0,1,231.14999389648438
AMZN,HL,BOTTOM,1.0,reg_value_current,0.0,2,2,9.16,-0.0,2,218.4600067138672
AMZN,LL,BOTTOM,1.0,reg_value_current,0.0,2,2,9.17,-0.0,2,217.75999450683594
AMZN,HL,BOTTOM,1.0,reg_value_current,0.0,2,2,9.2,-0.0,2,223.35000610351562
AMZN,HH,TOP,1.0,reg_value_current,0.0,2,2,9.95,0.3,2,237.4199981689453
AMZN,HH,TOP,1.0,reg_value_current,0.0,2,2,10.02,0.2,2,242.05999755859375
AMZN,LH,TOP,1.0,reg_value_current,0.0,2,2,10.07,-0.0,2,236.1699981689453
AMZN,LL,BOTTOM,1.0,vwap_wave,-0.2909,6,3,12.48,-0.5,3,195.74000549316406
AMZN,LL,BOTTOM,1.0,reg_value_tide,-0.2364,5,5,20.74,-1.0,5,192.82000732421875
AMZN,HL,BOTTOM,1.0,reg_value_tide,-0.103,5,5,21.02,-1.1,5,195.5399932861328
AMZN,LH,TOP,1.0,wave_slope,0.0606,5,3,12.37,-0.0,3,203.25999450683594
AMZN,HH,TOP,1.0,reg_value_tide,0.0727,5,1,4.2,-0.0,1,205.7100067138672
AMZN,LH,TOP,1.0,reg_value_tide,0.0,5,1,4.19,-0.0,1,201.1300048828125
AMZN,LL,BOTTOM,1.0,kf_price_pred_val,0.4182,7,3,12.75,-0.5,3,175.25999450683594
AMZN,LL,BOTTOM,1.0,kf_rsi_pred_val,0.503,7,4,17.74,0.1,4,170.66000366210938
AMZN,HL,BOTTOM,1.0,sigma_tide,0.5091,7,4,81.91,0.8,4,191.10000610351562
AMZN,LH,TOP,1.0,kf_price_filt_vel,0.4788,7,0,0.0,0.4,0,181.22000122070312
AMZN,LL,BOTTOM,1.0,current_slope,-0.2061,6,5,22.23,-0.3,5,167.32000732421875
AMZN,HL,BOTTOM,1.0,current_slope,0.103,5,3,14.35,-0.9,3,173.17999267578125
AMZN,HH,TOP,1.0,reg_value_current,0.097,4,4,17.5,0.1,4,230.19000244140625
AMZN,HH,TOP,1.0,reg_value_current,0.1273,4,4,17.63,-0.4,4,234.11000061035156
AMZN,LH,TOP,1.0,reg_value_current,0.1455,4,7,43.61,-0.0,7,214.75
AMZN,HL,BOTTOM,1.0,kf_price_pred_val,0.3152,7,4,17.48,-0.2,4,211.64999389648438
AMZN,HL,BOTTOM,1.0,reg_value_current,0.2727,7,4,17.43,-0.4,4,213.75
AMZN,HH,TOP,1.0,reg_value_current,0.0,4,4,18.21,-0.0,4,235.83999633789062
AMZN,HH,TOP,1.0,reg_value_current,0.0,4,4,18.29,-0.0,4,238.24000549316406
AMZN,LH,TOP,1.0,reg_value_current,0.0,4,4,18.33,-0.0,4,230.3300018310547
AMZN,HL,BOTTOM,1.0,vwap_tide,0.0,4,4,17.85,-0.0,4,214.47000122070312
AMZN,LL,BOTTOM,1.0,vwap_tide,0.0,4,4,17.79,-0.0,4,213.0399932861328
AMZN,HH,TOP,1.0,kf_price_filt_vel,0.1636,7,5,26.11,-0.0,5,254.0
AMZN,LH,TOP,1.0,kf_price_pred_val,0.1818,7,4,18.38,-0.2,4,249.32000732421875
AMZN,HL,BOTTOM,1.0,vwap_wave,-0.0848,6,4,19.31,-0.0,4,222.69000244140625
AMZN,LL,BOTTOM,1.0,vwap_wave,-0.1091,6,4,19.26,-0.0,4,217.13999938964844
AMZN,HL,BOTTOM,1.0,vwap_wave,0.0,4,4,19.23,-0.0,4,220.69000244140625
AMZN,LH,TOP,1.0,vwap_wave,0.0,4,4,19.43,-0.0,4,233.8800048828125
AMZN,HH,TOP,1.0,vwap_wave,0.0,4,4,19.53,-0.0,4,234.4199981689453
AMZN,LH,TOP,1.0,vwap_wave,0.0,4,4,19.61,-0.0,4,232.3800048828125
AMZN,HL,BOTTOM,1.0,vwap_wave,0.0,4,4,19.91,-0.0,4,222.55999755859375
AMZN,LL,BOTTOM,1.0,vwap_wave,0.0,4,4,19.87,-0.0,4,221.27000427246094
AMZN,HL,BOTTOM,1.0,vwap_wave,0.0,4,4,19.86,-0.0,4,226.75999450683594
AMZN,HH,TOP,1.0,vwap_tide,0.0,4,5,24.12,-0.0,5,246.2899932861328
AMZN,HH,TOP,1.0,reg_value_current,0.0545,5,4,19.96,-0.0,4,247.3800048828125
AMZN,HL,BOTTOM,1.0,reg_value_tide,-0.0182,5,4,20.35,-0.0,4,231.0
AMZN,HL,BOTTOM,1.0,reg_value_tide,-0.0303,5,4,20.33,-0.0,4,231.30999755859375
AMZN,LH,TOP,1.0,reg_value_tide,0.0,4,4,20.43,-0.0,4,238.4199981689453
AMZN,HH,TOP,1.0,reg_value_tide,0.0,4,4,20.52,-0.0,4,244.67999267578125
AMZN,LH,TOP,1.0,reg_value_tide,0.0,4,4,20.6,-0.0,4,243.00999450683594
AMZN,LL,BOTTOM,1.0,kf_rsi_pred_val,0.6061,9,8,46.19,-1.1,8,199.60000610351562
AMZN,LL,BOTTOM,1.0,kf_rsi_pred_val,0.6061,9,8,45.3,-0.7,8,198.7899932861328
AMZN,LH,TOP,1.0,reg_value_tide,-0.2,5,3,14.49,-0.0,3,216.82000732421875
AMZN,HH,TOP,1.0,reg_value_tide,-0.1515,4,3,14.46,-0.0,3,218.94000244140625
AMZN,LH,TOP,1.0,reg_value_tide,-0.1455,4,3,14.41,-0.0,3,213.2100067138672
AMZN,HL,BOTTOM,1.0,vwap_tide,-0.1515,3,2,10.01,-0.0,2,207.5399932861328
AMZN,LL,BOTTOM,1.0,vwap_tide,-0.1455,3,2,9.98,-0.0,2,199.33999633789062
AMZN,HH,TOP,1.0,reg_value_current,0.4848,11,9,47.3,-0.4,9,273.54998779296875
AMZN,HH,TOP,1.0,reg_value_current,0.4788,11,9,49.06,-0.0,9,274.989990234375
AMZN,LH,TOP,1.0,reg_value_current,0.4364,11,7,39.98,-0.0,7,271.1700134277344
COST,UNKNOWN,BOTTOM,10.0,kf_price_pred_val,-0.1636,3,0,0.0,-0.4,0,52.96001052856445
COST,LL,BOTTOM,,,0.0,0,2,8.83,0.0,2,52.529998779296875
COST,HL,BOTTOM,1.0,kf_rsi_pred_val,0.1091,2,0,0.0,0.0,0,53.189998626708984
COST,HH,TOP,3.0,kf_rsi_pred_val,0.0727,3,0,0.0,-0.4,0,61.739898681640625
COST,HH,TOP,4.0,kf_rsi_pred_val,-0.0242,3,2,8.78,0.0,2,62.97999954223633
COST,HL,BOTTOM,9.0,rsi_value,-0.0848,2,0,0.0,0.0,0,59.04999923706055
COST,LL,BOTTOM,10.0,rsi_value,-0.1091,2,0,0.0,0.0,0,58.570011138916016
COST,HH,TOP,1.0,kf_price_pred_val,0.0545,1,1,5.69,0.1,1,64.38999938964844
COST,HH,TOP,1.0,kf_price_pred_val,0.097,1,1,4.2,0.3,1,64.94999694824219
COST,LH,TOP,1.0,sigma_tide,0.1273,1,2,15.78,-0.0,2,63.24000930786133
COST,LL,BOTTOM,3.0,kf_price_pred_val,-0.0364,3,0,0.0,-0.9,0,57.929988861083984
COST,HL,BOTTOM,4.0,kf_price_pred_val,-0.1152,3,3,30.65,-0.0,3,60.279998779296875
COST,LH,TOP,2.0,kf_price_filt_vel,0.0545,3,0,0.0,0.3,0,61.02000045776367
COST,HH,TOP,3.0,kf_price_filt_vel,-0.0545,3,0,0.0,-0.2,0,61.75
COST,LL,BOTTOM,1.0,kf_price_filt_vel,-0.0182,3,1,4.5,-0.0,1,58.28998947143555
COST,LL,BOTTOM,1.0,kf_price_pred_val,0.1273,3,1,4.86,-0.1,1,57.0
COST,HH,TOP,,,0.0,0,6,102.66,-0.4,6,69.12999725341797
COST,HH,TOP,1.0,kf_price_pred_val,0.3273,6,5,31.7,-0.5,5,69.2400131225586
COST,LH,TOP,1.0,sigma_tide,0.5273,6,5,28.38,-1.0,5,68.0
COST,HL,BOTTOM,4.0,wave_slope,-0.7212,6,0,0.0,0.0,0,65.2400131225586
COST,LL,BOTTOM,5.0,wave_slope,-0.697,5,0,0.0,0.6,0,64.82000732421875
COST,HL,BOTTOM,6.0,wave_slope,-0.6667,5,0,0.0,0.3,0,65.52999877929688
COST,HH,TOP,2.0,vwap_sigma_wave,0.0424,1,0,0.0,-0.0,0,70.83000183105469
COST,HH,TOP,3.0,vwap_sigma_wave,0.0303,1,0,0.0,-0.2,0,71.83000183105469
COST,HL,BOTTOM,1.0,kf_price_pred_val,0.0545,1,0,0.0,0.5,0,65.9800033569336
COST,LL,BOTTOM,2.0,kf_price_pred_val,0.0424,1,0,0.0,-0.4,0,64.97000122070312
COST,HL,BOTTOM,3.0,kf_price_pred_val,0.0303,1,3,22.53,-0.7,3,67.2699966430664
COST,LH,TOP,1.0,kf_price_filt_vel,0.1818,3,3,37.98,-0.5,3,69.86000061035156
COST,LH,TOP,1.0,kf_price_pred_val,0.297,3,2,13.07,-0.2,2,66.42999267578125
COST,LL,BOTTOM,1.0,kf_price_filt_vel,0.3212,3,3,24.19,0.6,3,64.71000671386719
COST,LL,BOTTOM,1.0,kf_price_filt_vel,0.3758,3,1,4.24,0.8,1,63.97999954223633
COST,HL,BOTTOM,1.0,kf_price_pred_val,0.2848,3,0,0.0,-0.1,0,64.10001373291016
COST,LH,TOP,1.0,kf_conjugation_pred_val,0.0303,3,3,12.46,-0.6,3,66.05999755859375
COST,HH,TOP,1.0,kf_price_filt_vel,0.0121,3,3,27.02,-0.3,3,68.61000061035156
COST,LH,TOP,1.0,kf_price_pred_val,-0.0424,3,0,0.0,-0.6,0,67.14998626708984
COST,LL,BOTTOM,6.0,sigma_tide,-0.1636,3,1,4.31,0.0,1,62.83000183105469
COST,HL,BOTTOM,1.0,sigma_tide,-0.1697,3,0,0.0,0.4,0,64.55999755859375
COST,LH,TOP,4.0,sigma_tide,-0.0364,1,0,0.0,0.2,0,65.62999725341797
COST,HH,TOP,5.0,sigma_tide,0.0061,1,0,0.0,-0.7,0,66.46000671386719
COST,LH,TOP,6.0,sigma_tide,-0.0061,1,2,9.99,-0.6,2,64.4900131225586
COST,LL,BOTTOM,3.0,kf_price_pred_val,0.1879,4,2,9.88,-0.3,2,60.829898834228516
COST,LL,BOTTOM,1.0,sigma_tide,0.1879,4,2,11.4,-0.6,2,60.03998947143555
COST,HL,BOTTOM,1.0,sigma_tide,0.1636,4,2,10.11,-0.3,2,60.29999923706055
COST,HH,TOP,2.0,kf_price_filt_vel,-0.0242,2,0,0.0,0.4,0,74.22000122070312
COST,HH,TOP,3.0,kf_price_filt_vel,0.0606,2,0,0.0,-0.1,0,74.44999694824219
COST,LH,TOP,4.0,kf_price_filt_vel,0.0364,2,1,4.03,-0.3,1,73.2699966430664
COST,HL,BOTTOM,1.0,vwap_spread_current_wave,0.0848,2,1,4.27,-0.4,1,71.38999938964844
COST,LL,BOTTOM,1.0,vwap_spread_current_wave,0.0909,2,2,9.44,0.0,2,69.38999938964844
COST,HL,BOTTOM,1.0,kf_price_pred_val,0.1394,2,0,0.0,0.4,0,70.7599868774414
COST,LH,TOP,3.0,kf_price_filt_vel,-0.0788,2,0,0.0,-0.2,0,70.80999755859375
COST,HH,TOP,4.0,kf_price_filt_vel,-0.0727,2,3,26.37,0.6,3,73.5
COST,LH,TOP,1.0,kf_price_filt_vel,0.1758,3,0,0.0,0.6,0,71.19000244140625
COST,LL,BOTTOM,4.0,kf_price_filt_vel,-0.0061,3,2,10.37,-0.6,2,68.87000274658203
COST,LL,BOTTOM,1.0,current_accel,0.0424,3,2,9.38,-0.4,2,68.19999694824219
COST,HL,BOTTOM,1.0,current_accel,0.0667,3,2,11.92,0.0,2,70.32000732421875
COST,HH,TOP,3.0,kf_price_pred_val,0.0303,1,0,0.0,-0.2,0,72.87000274658203
COST,HH,TOP,4.0,kf_price_pred_val,0.0182,1,0,0.0,-0.7,0,74.66000366210938
COST,LH,TOP,5.0,kf_price_pred_val,0.0061,1,2,10.7,-0.0,2,72.14998626708984
COST,LL,BOTTOM,2.0,kf_price_pred_val,0.1576,3,0,0.0,0.3,0,69.57000732421875
COST,LL,BOTTOM,3.0,kf_price_pred_val,0.0848,3,0,0.0,-0.6,0,69.57000732421875
COST,HH,TOP,4.0,kf_price_pred_val,0.0121,3,3,33.76,0.2,3,72.58000183105469
COST,HH,TOP,1.0,kf_price_filt_vel,0.1697,3,3,19.42,0.5,3,74.12999725341797
COST,LH,TOP,1.0,kf_price_pred_val,0.2364,3,0,0.0,1.0,0,72.2300033569336
COST,LL,BOTTOM,1.0,vwap_sigma_current,0.4606,7,9,55.12,-1.1,9,60.35000991821289
COST,HL,BOTTOM,1.0,kf_conjugation_pred_val,0.6848,9,7,64.52,-0.4,7,61.779998779296875
COST,LH,TOP,,,0.0,0,0,0.0,0.8,0,69.42999267578125
COST,HH,TOP,,,0.0,0,0,0.0,0.8,0,70.37000274658203
COST,LH,TOP,,,0.0,0,0,0.0,0.2,0,69.55000305175781
COST,LL,BOTTOM,1.0,vwap_sigma_tide,0.9152,11,11,88.89,0.8,11,54.39999008178711
COST,LL,BOTTOM,1.0,vwap_sigma_tide,1.1758,11,8,75.15,0.5,8,53.89999008178711
COST,LH,TOP,1.0,vwap_sigma_tide,1.0303,11,7,223.18,-0.0,7,59.52000045776367
COST,LH,TOP,1.0,kf_price_filt_vel,1.0667,11,5,43.68,-0.5,5,58.40999984741211
COST,LL,BOTTOM,1.0,wave_slope,0.6364,11,11,143.31,0.9,11,53.61000061035156
COST,HL,BOTTOM,1.0,kf_price_filt_vel,0.4727,11,10,78.77,2.0,10,57.78998947143555
COST,LH,TOP,1.0,wave_slope,0.0121,11,7,50.94,0.9,7,58.08000183105469
COST,LH,TOP,1.0,wave_slope,-0.2909,11,10,87.09,-0.0,10,55.86000061035156
COST,LL,BOTTOM,1.0,kf_price_pred_val,0.2242,13,14,109.48,-1.7,14,52.21001052856445
COST,LL,BOTTOM,1.0,vwap_sigma_tide,0.6424,14,14,119.4,-2.1,14,50.929988861083984
COST,LH,TOP,1.0,vwap_sigma_tide,0.8242,14,14,113.65,-1.1,14,51.89999008178711
COST,HH,TOP,1.0,d_current_slope,0.8667,14,13,268.36,-0.5,13,57.47999954223633
COST,LH,TOP,1.0,kf_price_filt_vel,0.6364,14,9,58.79,-0.0,9,56.880001068115234
COST,LL,BOTTOM,1.0,current_slope,0.9212,17,20,149.74,-1.1,20,45.27000045776367
COST,LL,BOTTOM,1.0,current_slope,1.2121,20,18,160.49,-1.3,18,44.99000930786133
COST,HL,BOTTOM,1.0,current_slope,1.2485,20,16,180.65,-0.3,16,46.71001052856445
COST,LH,TOP,1.0,current_slope,0.2242,20,10,89.9,-0.9,10,51.470001220703125
COST,HL,BOTTOM,1.0,current_slope,-0.3697,20,15,206.38,0.3,15,47.90999984741211
COST,HL,BOTTOM,1.0,kf_price_filt_vel,-0.4242,20,9,86.31,1.0,9,50.10000991821289
COST,HH,TOP,1.0,current_slope,-1.097,20,10,87.27,0.5,10,52.75
COST,HH,TOP,1.0,current_slope,-0.903,18,10,119.34,-0.0,10,55.58000183105469
COST,LL,BOTTOM,1.0,vwap_spread_tide_current,0.1576,12,11,65.72,-0.5,11,46.119998931884766
COST,LL,BOTTOM,1.0,vwap_spread_tide_current,0.1818,12,14,103.5,-0.1,14,42.97999954223633
COST,HL,BOTTOM,1.0,kf_price_pred_val,0.4545,14,11,70.34,-0.1,11,43.83000183105469
COST,LH,TOP,1.0,vwap_spread_tide_wave,0.503,14,13,87.94,0.6,13,45.21001052856445
COST,LL,BOTTOM,1.0,vwap_spread_tide_wave,-0.1515,15,14,116.52,-0.5,14,38.439998626708984
COST,HL,BOTTOM,1.0,vwap_spread_tide_wave,0.1455,14,15,138.13,-0.3,15,40.13999938964844
COST,HH,TOP,1.0,conj_wave_tide,-0.0909,12,11,131.14,-0.8,11,48.070011138916016
COST,HH,TOP,1.0,conj_wave_tide,-0.0848,12,9,106.58,-1.5,9,48.90999984741211
COST,HL,BOTTOM,1.0,tide_slope,-0.6667,11,6,52.67,-0.2,6,44.34000015258789
COST,HL,BOTTOM,1.0,tide_slope,-0.4667,11,8,67.0,-0.4,8,46.46001052856445
COST,LH,TOP,1.0,tide_slope,0.1758,8,5,50.36,-0.6,5,47.66999816894531
COST,HH,TOP,1.0,tide_slope,0.1091,8,7,57.98,-0.0,7,48.60000991821289
COST,LH,TOP,1.0,tide_slope,0.0303,8,4,44.05,-0.0,4,47.689998626708984
COST,LL,BOTTOM,1.0,tide_slope,-0.1091,7,5,47.27,0.2,5,44.79999923706055
COST,LL,BOTTOM,1.0,tide_slope,0.097,5,5,45.07,-0.5,5,44.75
COST,HH,TOP,1.0,tide_slope,-0.3152,8,4,33.45,-0.8,4,49.70000076293945
COST,LH,TOP,1.0,tide_slope,-0.4182,8,6,41.25,-1.2,6,49.45000076293945
COST,HL,BOTTOM,1.0,tide_slope,0.5818,7,8,40.71,-0.7,8,45.70000076293945
COST,LL,BOTTOM,1.0,tide_slope,0.7273,8,7,36.5,-0.7,7,44.53998947143555
COST,HL,BOTTOM,1.0,tide_slope,0.6364,8,8,41.02,0.2,8,46.02000045776367
COST,LH,TOP,1.0,tide_slope,0.0424,5,3,20.46,-0.0,3,48.75
COST,HH,TOP,1.0,tide_slope,-0.1152,5,3,21.6,-0.0,3,50.10000991821289
COST,HL,BOTTOM,1.0,d_tide_slope,-0.1515,5,5,32.88,-0.5,5,47.470001220703125
COST,LL,BOTTOM,1.0,d_tide_slope,0.0545,5,5,28.32,-0.2,5,47.39999008178711
COST,HL,BOTTOM,1.0,d_tide_slope,0.1939,5,4,26.65,0.2,4,47.939998626708984
COST,HH,TOP,1.0,d_tide_slope,0.2182,2,2,11.91,-0.0,2,61.119998931884766
COST,LH,TOP,1.0,d_tide_slope,0.2303,2,2,13.42,-0.0,2,60.619998931884766
COST,HL,BOTTOM,,,0.0,0,1,4.4,-0.4,1,57.52000045776367
COST,LL,BOTTOM,1.0,vwap_sigma_wave,0.0545,1,2,8.24,0.0,2,57.070011138916016
COST,HH,TOP,,,0.0,0,0,0.0,0.0,0,60.820011138916016
COST,HH,TOP,,,0.0,0,0,0.0,0.0,0,61.74000930786133
COST,LH,TOP,,,0.0,0,0,0.0,0.0,0,61.720001220703125
COST,LL,BOTTOM,3.0,vwap_sigma_current,0.0303,1,0,0.0,-0.5,0,56.5
COST,LL,BOTTOM,4.0,vwap_sigma_current,0.0182,1,1,4.62,-0.6,1,55.97999954223633
COST,HL,BOTTOM,1.0,vwap_sigma_current,0.0606,1,3,29.42,0.6,3,58.74000930786133
COST,LH,TOP,2.0,kf_price_filt_vel,0.1394,3,0,0.0,0.3,0,57.97999954223633
COST,HH,TOP,3.0,kf_price_filt_vel,0.0788,3,0,0.0,-0.3,0,58.95000076293945
COST,LH,TOP,4.0,kf_price_filt_vel,0.0182,3,0,0.0,-0.9,0,57.929988861083984
COST,LL,BOTTOM,1.0,kf_price_pred_val,0.1273,3,3,13.01,0.0,3,55.85000991821289
COST,HL,BOTTOM,1.0,d_tide_slope,0.2061,3,0,0.0,0.0,0,56.65999984741211
COST,LH,TOP,5.0,d_tide_slope,0.0,3,0,0.0,0.0,0,57.52000045776367
COST,HH,TOP,6.0,d_tide_slope,-0.0727,3,0,0.0,0.0,0,59.15999984741211
COST,LH,TOP,7.0,d_tide_slope,-0.1455,3,0,0.0,0.4,0,58.34000015258789
COST,LL,BOTTOM,2.0,kf_price_filt_vel,-0.2667,3,0,0.0,-0.8,0,55.09000015258789
COST,LL,BOTTOM,3.0,kf_price_filt_vel,-0.1879,3,4,18.99,-0.2,4,53.61000061035156
COST,HL,BOTTOM,1.0,vwap_sigma_current,0.1455,4,0,0.0,-0.4,0,54.89999008178711
COST,HH,TOP,10.0,kf_price_filt_vel,-0.1636,3,0,0.0,0.0,0,74.83999633789062
COST,HH,TOP,,,0.0,0,0,0.0,0.0,0,75.42999267578125
COST,HL,BOTTOM,,,0.0,0,0,0.0,-0.4,0,71.55999755859375
COST,LL,BOTTOM,,,0.0,0,2,10.0,0.0,2,69.7599868774414
COST,HL,BOTTOM,1.0,vwap_sigma_current,0.1091,2,0,0.0,0.0,0,70.46000671386719
COST,HH,TOP,,,0.0,0,0,0.0,0.0,0,83.2400131225586
COST,HH,TOP,,,0.0,0,0,0.0,0.0,0,83.86000061035156
COST,LH,TOP,,,0.0,0,0,0.0,0.0,0,83.39998626708984
COST,HL,BOTTOM,1.0,vwap_sigma_wave,0.0545,1,0,0.0,0.0,0,77.69000244140625
COST,HL,BOTTOM,2.0,vwap_sigma_wave,0.0424,1,0,0.0,0.0,0,78.36000061035156
COST,LH,TOP,,,0.0,0,0,0.0,0.0,0,81.28999328613281
COST,HH,TOP,,,0.0,0,0,0.0,0.0,0,82.63999938964844
COST,LH,TOP,,,0.0,0,0,0.0,0.0,0,82.05999755859375
COST,LL,BOTTOM,2.0,sigma_tide,0.0727,5,10,115.41,-0.0,10,70.62000274658203
COST,HL,BOTTOM,1.0,kf_price_pred_val,0.5212,10,3,22.83,-1.4,3,74.66000366210938
COST,LH,TOP,1.0,kf_price_filt_vel,0.4667,10,8,51.59,-1.3,8,70.38999938964844
COST,LL,BOTTOM,1.0,sigma_tide,0.7818,10,8,44.34,-0.9,8,72.61000061035156
COST,HH,TOP,,,0.0,0,0,0.0,0.0,0,85.02999877929688
COST,HH,TOP,,,0.0,0,0,0.0,0.0,0,85.07000732421875
COST,LH,TOP,,,0.0,0,0,0.0,0.0,0,84.42999267578125
COST,HL,BOTTOM,,,0.0,0,0,0.0,-0.2,0,79.19999694824219
COST,LL,BOTTOM,,,0.0,0,0,0.0,-0.4,0,79.0199966430664
COST,LH,TOP,8.0,kf_price_filt_vel,-0.0606,2,0,0.0,0.0,0,84.2599868774414
COST,HH,TOP,9.0,kf_price_filt_vel,-0.0848,2,0,0.0,0.0,0,85.30000305175781
COST,HL,BOTTOM,1.0,vwap_sigma_wave,0.1273,1,0,0.0,-0.2,0,81.80999755859375
COST,LL,BOTTOM,2.0,vwap_sigma_wave,0.0909,1,1,4.08,0.2,1,80.7599868774414
COST,HH,TOP,2.0,kf_price_pred_val,-0.0727,1,0,0.0,0.0,0,87.19999694824219
COST,HH,TOP,3.0,kf_price_pred_val,-0.0545,1,0,0.0,0.0,0,88.05999755859375
COST,LH,TOP,4.0,kf_price_pred_val,-0.0242,1,0,0.0,0.0,0,87.47000122070312
COST,LL,BOTTOM,1.0,vwap_sigma_wave,0.0545,1,3,19.17,-0.5,3,79.0099868774414
COST,HL,BOTTOM,1.0,vwap_sigma_current,0.2061,3,2,10.74,-0.2,2,79.14998626708984
COST,HH,TOP,,,0.0,0,0,0.0,0.3,0,91.83999633789062
COST,LH,TOP,,,0.0,0,0,0.0,0.1,0,90.38999938964844
COST,HL,BOTTOM,1.0,kf_rsi_pred_val,0.2545,2,2,9.82,-0.4,2,82.63999938964844
COST,LL,BOTTOM,1.0,kf_rsi_pred_val,0.2909,2,2,9.6,0.0,2,82.62000274658203
COST,HL,BOTTOM,1.0,kf_rsi_pred_val,0.303,2,0,0.0,0.0,0,83.87999725341797
COST,HH,TOP,,,0.0,0,0,0.0,0.0,0,100.88999938964844
COST,HH,TOP,,,0.0,0,0,0.0,0.0,0,102.75
COST,LH,TOP,,,0.0,0,0,0.0,0.0,0,102.18499755859375
COST,HL,BOTTOM,3.0,kf_price_pred_val,0.0909,3,0,0.0,0.0,0,95.69000244140625
COST,LL,BOTTOM,4.0,kf_price_pred_val,0.0545,3,0,0.0,0.0,0,94.47000122070312
COST,HL,BOTTOM,5.0,kf_price_pred_val,0.0182,3,0,0.0,0.0,0,95.69999694824219
COST,HH,TOP,4.0,kf_price_pred_val,0.0545,3,0,0.0,-0.3,0,104.39998626708984
COST,HH,TOP,5.0,kf_price_pred_val,0.0182,3,0,0.0,-0.7,0,105.94830322265625
COST,LH,TOP,6.0,kf_price_pred_val,-0.0182,3,3,69.6,-0.2,3,98.47000122070312
COST,HL,BOTTOM,4.0,kf_price_pred_val,0.0364,3,0,0.0,0.0,0,97.84919738769531
COST,LL,BOTTOM,5.0,kf_price_pred_val,-0.0121,3,0,0.0,0.0,0,96.91729736328125
COST,HH,TOP,,,0.0,0,0,0.0,0.0,0,114.83000183105469
COST,LH,TOP,,,0.0,0,0,0.0,0.0,0,112.94999694824219
COST,HL,BOTTOM,,,0.0,0,0,0.0,-0.2,0,110.19000244140625
COST,LL,BOTTOM,,,0.0,0,1,4.47,0.0,1,107.55999755859375
COST,HL,BOTTOM,1.0,kf_price_pred_val,0.0545,1,0,0.0,0.0,0,108.64998626708984
COST,HH,TOP,,,0.0,0,0,0.0,0.0,0,120.07000732421875
COST,LH,TOP,,,0.0,0,0,0.0,0.0,0,119.5
COST,HL,BOTTOM,7.0,kf_rsi_pred_val,-0.0909,1,0,0.0,0.0,0,111.66999816894531
COST,LL,BOTTOM,8.0,kf_rsi_pred_val,-0.1273,1,0,0.0,0.0,0,110.46000671386719
COST,HL,BOTTOM,9.0,kf_rsi_pred_val,-0.097,1,0,0.0,0.0,0,111.38999938964844
COST,LH,TOP,,,0.0,0,0,0.0,0.0,0,117.32000732421875
COST,HH,TOP,,,0.0,0,0,0.0,0.0,0,119.25
COST,LH,TOP,,,0.0,0,0,0.0,0.0,0,118.19000244140625
COST,HL,BOTTOM,,,0.0,0,0,0.0,0.0,0,113.41000366210938
COST,LL,BOTTOM,,,0.0,0,0,0.0,0.0,0,112.21000671386719
COST,HL,BOTTOM,,,0.0,0,0,0.0,0.0,0,114.58999633789062
COST,HH,TOP,,,0.0,0,0,0.0,0.0,0,125.43000030517578
COST,LL,BOTTOM,3.0,sigma_tide,-0.0485,2,3,13.64,-0.3,3,110.18000030517578
COST,HL,BOTTOM,1.0,sigma_tide,0.0424,3,1,4.4,-0.5,1,110.88999938964844
COST,LH,TOP,,,0.0,0,0,0.0,0.0,0,116.22000122070312
COST,HH,TOP,,,0.0,0,0,0.0,0.0,0,116.80000305175781
COST,HL,BOTTOM,,,0.0,0,0,0.0,0.0,0,111.69999694824219
COST,LL,BOTTOM,,,0.0,0,0,0.0,0.0,0,110.6500015258789
COST,HH,TOP,,,0.0,0,5,48.16,-0.9,5,153.75
COST,HH,TOP,1.0,kf_price_pred_val,0.2727,5,3,16.2,-0.8,3,155.9199981689453
COST,LH,TOP,1.0,kf_price_pred_val,0.3758,5,3,37.49,-0.4,3,149.08999633789062
COST,HL,BOTTOM,10.0,sigma_tide,-0.1091,2,2,9.19,0.2,2,135.69000244140625
COST,LL,BOTTOM,1.0,vwap_sigma_wave,0.1091,2,2,9.27,0.3,2,135.05999755859375
COST,HL,BOTTOM,1.0,vwap_sigma_current,0.1939,2,0,0.0,-0.0,0,136.49000549316406
COST,LH,TOP,,,0.0,0,0,0.0,0.0,0,144.83999633789062
COST,HH,TOP,,,0.0,0,0,0.0,0.0,0,146.88999938964844
COST,LH,TOP,,,0.0,0,0,0.0,0.0,0,146.44000244140625
COST,LL,BOTTOM,1.0,vwap_sigma_wave,0.2182,4,5,45.42,-0.8,5,132.97000122070312
COST,LL,BOTTOM,1.0,kf_price_pred_val,0.4424,5,2,18.88,-1.1,2,132.7100067138672
COST,HL,BOTTOM,1.0,kf_rsi_pred_val,0.4424,5,4,42.44,-0.6,4,138.16000366210938
COST,HH,TOP,,,0.0,0,0,0.0,-0.3,0,167.1199951171875
COST,HH,TOP,,,0.0,0,0,0.0,-0.6,0,168.8699951171875
COST,LH,TOP,,,0.0,0,3,41.06,0.0,3,159.72000122070312
COST,HL,BOTTOM,5.0,vwap_sigma_current,-0.0545,1,1,4.02,-0.5,1,146.6999969482422
COST,LL,BOTTOM,1.0,vwap_sigma_current,0.0303,1,2,9.36,-0.4,2,143.27999877929688
COST,HL,BOTTOM,1.0,vwap_sigma_current,0.103,2,1,4.05,-0.4,1,143.99000549316406
COST,LH,TOP,,,0.0,0,0,0.0,0.2,0,157.5800018310547
COST,HH,TOP,,,0.0,0,0,0.0,0.1,0,158.25
COST,LL,BOTTOM,2.0,vwap_sigma_current,0.0424,1,1,5.76,-0.2,1,143.60000610351562
COST,LL,BOTTOM,1.0,vwap_sigma_current,0.0848,1,1,6.16,-0.2,1,141.2899932861328
COST,HL,BOTTOM,1.0,vwap_sigma_current,0.1152,1,1,4.26,0.5,1,142.6999969482422
COST,HH,TOP,,,0.0,0,0,0.0,0.0,0,167.8800048828125
COST,HH,TOP,,,0.0,0,0,0.0,0.0,0,169.0399932861328
COST,HL,BOTTOM,1.0,vwap_sigma_wave,0.1273,1,6,28.39,-1.0,6,144.4499969482422
COST,LL,BOTTOM,1.0,vwap_sigma_wave,0.4182,6,6,33.14,-0.4,6,142.24000549316406
COST,HH,TOP,6.0,rsi_value,-0.0121,2,0,0.0,-0.0,0,177.86000061035156
COST,HH,TOP,7.0,rsi_value,-0.0364,2,0,0.0,-0.4,0,177.97999572753906
COST,LH,TOP,8.0,rsi_value,-0.0606,2,3,22.88,-0.2,3,170.25999450683594
COST,HL,BOTTOM,2.0,kf_rsi_pred_val,0.0788,3,0,0.0,0.0,0,164.5500030517578
COST,HL,BOTTOM,3.0,kf_rsi_pred_val,-0.0061,3,0,0.0,0.0,0,165.24000549316406
COST,HH,TOP,1.0,kf_rsi_pred_val,0.2,2,2,9.88,-0.4,2,179.82000732421875
COST,HH,TOP,1.0,rsi_value,0.2485,2,2,12.31,-0.3,2,182.4499969482422
COST,LH,TOP,1.0,rsi_value,0.2727,2,0,0.0,-0.6,0,180.1999969482422
COST,HL,BOTTOM,6.0,kf_price_filt_vel,-0.2727,3,0,0.0,0.0,0,171.0
COST,LL,BOTTOM,7.0,kf_price_filt_vel,-0.2485,3,0,0.0,0.0,0,169.14999389648438
COST,HL,BOTTOM,8.0,kf_price_filt_vel,-0.2,3,0,0.0,0.0,0,170.72000122070312
COST,HH,TOP,,,0.0,0,0,0.0,0.0,0,181.4499969482422
COST,HH,TOP,,,0.0,0,0,0.0,0.0,0,182.1999969482422
COST,LH,TOP,,,0.0,0,0,0.0,0.0,0,181.41000366210938
COST,LL,BOTTOM,1.0,rsi_value,-0.6061,7,4,17.94,-0.6,4,150.99000549316406
COST,LL,BOTTOM,1.0,rsi_value,-0.5333,7,5,23.09,-0.4,5,150.44000244140625
COST,LH,TOP,1.0,kf_price_pred_val,0.1818,5,2,9.04,-0.2,2,159.72000122070312
COST,HH,TOP,1.0,current_slope,-0.0545,5,2,8.91,-0.4,2,161.27999877929688
COST,LH,TOP,1.0,current_slope,-0.2364,5,4,17.94,-0.0,4,157.91000366210938
COST,HL,BOTTOM,2.0,current_slope,-0.1818,2,0,0.0,-0.8,0,159.3699951171875
COST,LL,BOTTOM,3.0,current_slope,-0.2424,2,4,36.41,0.4,4,151.3300018310547
COST,HL,BOTTOM,1.0,kf_price_filt_vel,-0.0606,4,0,0.0,0.6,0,152.4499969482422
COST,HH,TOP,,,0.0,0,0,0.0,-0.3,0,165.2100067138672
COST,HH,TOP,,,0.0,0,0,0.0,-0.7,0,167.07000732421875
COST,LH,TOP,,,0.0,0,3,39.91,-0.2,3,157.08999633789062
COST,HL,BOTTOM,1.0,kf_price_filt_vel,0.1636,3,1,7.36,0.0,1,154.61000061035156
COST,HL,BOTTOM,1.0,kf_price_pred_val,0.1818,3,0,0.0,0.0,0,156.8699951171875
COST,HH,TOP,10.0,conj_current_tide,-0.0545,1,0,0.0,0.0,0,197.9499969482422
COST,HH,TOP,,,0.0,0,0,0.0,0.0,0,198.91000366210938
COST,HL,BOTTOM,2.0,kf_price_pred_val,0.1697,4,0,0.0,-0.4,0,183.19000244140625
COST,LL,BOTTOM,3.0,kf_price_pred_val,0.1212,4,2,8.56,0.2,2,178.61000061035156
COST,HL,BOTTOM,1.0,kf_rsi_pred_val,0.1818,4,0,0.0,0.1,0,180.72000122070312
COST,LH,TOP,4.0,kf_price_filt_vel,0.0303,2,0,0.0,0.0,0,192.80999755859375
COST,LH,TOP,5.0,kf_price_filt_vel,-0.0061,2,0,0.0,0.0,0,190.10000610351562
COST,HL,BOTTOM,,,0.0,0,0,0.0,-0.4,0,182.63999938964844
COST,LL,BOTTOM,,,0.0,0,1,4.2,-0.4,1,180.83999633789062
COST,HH,TOP,1.0,rsi_value,0.1939,2,2,13.18,-0.5,2,243.17999267578125
COST,HH,TOP,1.0,kf_rsi_pred_val,0.2545,2,2,13.88,-0.4,2,244.2100067138672
COST,LH,TOP,1.0,kf_rsi_pred_val,0.2909,2,2,8.8,-0.1,2,242.44000244140625
COST,HL,BOTTOM,,,0.0,0,0,0.0,-0.2,0,226.39999389648438
COST,LL,BOTTOM,,,0.0,0,1,4.91,-0.2,1,218.19000244140625
COST,LH,TOP,5.0,kf_price_filt_vel,-0.0061,2,0,0.0,0.0,0,236.7100067138672
COST,HH,TOP,6.0,kf_price_filt_vel,-0.0424,2,0,0.0,0.0,0,240.3699951171875
COST,LH,TOP,7.0,kf_price_filt_vel,-0.0788,2,0,0.0,0.0,0,238.6999969482422
COST,HL,BOTTOM,,,0.0,0,3,17.15,0.6,3,219.30999755859375
COST,LL,BOTTOM,1.0,kf_price_pred_val,0.1636,3,0,0.0,0.3,0,218.57000732421875
COST,LH,TOP,1.0,kf_price_filt_vel,-0.0364,3,0,0.0,0.0,0,233.1999969482422
COST,LH,TOP,2.0,kf_price_filt_vel,0.0667,3,0,0.0,1.2,0,224.86000061035156
COST,LL,BOTTOM,1.0,kf_conjugation_pred_val,0.8606,7,9,77.63,-1.3,9,189.99000549316406
COST,HH,TOP,1.0,kf_rsi_pred_val,0.2727,2,2,11.2,-0.6,2,281.55999755859375
COST,HH,TOP,1.0,rsi_value,0.297,2,2,11.71,-0.4,2,282.9100036621094
COST,LH,TOP,1.0,rsi_value,0.297,2,2,8.2,0.0,2,281.510009765625
COST,HL,BOTTOM,,,0.0,0,1,4.58,-0.2,1,265.1000061035156
COST,HL,BOTTOM,1.0,vwap_sigma_wave,0.0545,1,0,0.0,-0.4,0,269.30999755859375
COST,HH,TOP,4.0,d_tide_slope,0.0182,5,0,0.0,-0.4,0,296.9700012207031
COST,HH,TOP,5.0,d_tide_slope,-0.0909,5,2,8.99,0.0,2,303.760009765625
COST,HL,BOTTOM,,,0.0,0,0,0.0,0.0,0,288.1099853515625
COST,LL,BOTTOM,,,0.0,0,0,0.0,0.0,0,283.92999267578125
COST,HL,BOTTOM,,,0.0,0,0,0.0,0.0,0,285.1099853515625
COST,HH,TOP,,,0.0,0,0,0.0,0.3,0,323.0199890136719
COST,HH,TOP,,,0.0,0,0,0.0,0.5,0,324.0799865722656
COST,LH,TOP,,,0.0,0,0,0.0,0.3,0,321.95001220703125
COST,HL,BOTTOM,2.0,kf_price_pred_val,0.2182,3,4,21.7,-0.8,4,293.1300048828125
COST,LL,BOTTOM,1.0,kf_price_pred_val,0.3636,4,4,35.86,-0.2,4,281.1400146484375
COST,LH,TOP,1.0,kf_price_filt_vel,0.4545,4,0,0.0,-0.3,0,302.7300109863281
COST,HH,TOP,2.0,kf_price_filt_vel,0.2485,4,3,48.23,0.4,3,320.739990234375
COST,LH,TOP,1.0,kf_price_pred_val,0.2061,4,0,0.0,1.0,0,315.760009765625
COST,HL,BOTTOM,2.0,kf_price_filt_vel,-0.1394,4,3,13.79,-1.2,3,297.42999267578125
COST,LL,BOTTOM,1.0,kf_price_pred_val,-0.2061,4,7,72.52,-0.7,7,279.8500061035156
COST,HL,BOTTOM,1.0,kf_price_pred_val,0.1758,7,3,62.04,0.1,3,302.2699890136719
COST,LL,BOTTOM,1.0,kf_price_filt_vel,0.303,7,2,11.16,0.5,2,283.17999267578125
COST,HL,BOTTOM,1.0,sigma_tide,0.3212,7,3,76.92,0.4,3,306.989990234375
COST,LH,TOP,1.0,kf_price_filt_vel,0.2061,7,1,5.6,-0.1,1,307.5
COST,LH,TOP,1.0,kf_price_pred_val,0.1455,7,0,0.0,-0.5,0,305.2200012207031
COST,LL,BOTTOM,1.0,kf_price_pred_val,0.0182,7,1,5.32,-0.2,1,284.94000244140625
COST,LL,BOTTOM,1.0,sigma_tide,-0.2545,7,1,6.22,-0.7,1,280.8599853515625
COST,HL,BOTTOM,1.0,sigma_tide,-0.3394,7,3,29.11,-0.5,3,292.29998779296875
COST,HH,TOP,1.0,kf_price_filt_vel,0.1515,3,0,0.0,-0.0,0,310.2699890136719
COST,HH,TOP,2.0,kf_price_filt_vel,0.1091,3,1,4.93,-0.5,1,321.55999755859375
COST,LH,TOP,1.0,kf_price_pred_val,0.0667,3,1,4.37,-0.9,1,317.9200134277344
COST,HL,BOTTOM,9.0,vwap_sigma_wave,-0.0424,1,0,0.0,0.0,0,300.5299987792969
COST,LL,BOTTOM,10.0,vwap_sigma_wave,-0.0545,1,0,0.0,0.0,0,296.55999755859375
COST,HH,TOP,,,0.0,0,0,0.0,-0.8,0,351.3800048828125
COST,HH,TOP,,,0.0,0,4,18.49,0.0,4,358.8599853515625
COST,LH,TOP,1.0,vwap_sigma_tide,0.2182,4,0,0.0,0.0,0,348.29998779296875
COST,HL,BOTTOM,10.0,vwap_sigma_tide,-0.2182,4,0,0.0,0.0,0,338.8800048828125
COST,LL,BOTTOM,,,0.0,0,0,0.0,0.0,0,335.9599914550781
COST,HH,TOP,1.0,vwap_sigma_tide,0.2545,4,0,0.0,-0.2,0,376.5799865722656
COST,HH,TOP,2.0,vwap_sigma_tide,0.1818,4,1,4.1,0.0,1,381.5400085449219
COST,HL,BOTTOM,9.0,vwap_sigma_tide,-0.0424,1,0,0.0,0.2,0,364.8599853515625
COST,LL,BOTTOM,10.0,vwap_sigma_tide,-0.0545,1,0,0.0,-0.1,0,357.6199951171875
COST,HH,TOP,2.0,kf_price_filt_vel,0.0848,2,1,4.44,-0.3,1,385.2300109863281
COST,HH,TOP,1.0,kf_price_pred_val,0.1152,2,0,0.0,-0.6,0,385.6600036621094
COST,HL,BOTTOM,2.0,kf_price_pred_val,0.0788,2,3,49.08,0.0,3,365.0
COST,HL,BOTTOM,1.0,kf_price_filt_vel,0.2061,3,0,0.0,0.0,0,366.6199951171875
COST,HH,TOP,,,0.0,0,0,0.0,-0.0,0,391.7699890136719
COST,LH,TOP,,,0.0,0,0,0.0,-0.1,0,387.55999755859375
COST,LL,BOTTOM,,,0.0,0,0,0.0,0.0,0,362.0299987792969
COST,LL,BOTTOM,,,0.0,0,0,0.0,0.0,0,361.8900146484375
COST,HL,BOTTOM,,,0.0,0,0,0.0,0.0,0,364.5799865722656
COST,LH,TOP,,,0.0,0,0,0.0,0.0,0,380.1499938964844
COST,LH,TOP,,,0.0,0,0,0.0,0.0,0,375.739990234375
COST,LL,BOTTOM,1.0,rsi_value,0.6364,9,9,63.59,-1.9,9,311.4200134277344
COST,HL,BOTTOM,1.0,rsi_value,0.5576,9,10,55.03,-1.0,10,318.7799987792969
COST,LH,TOP,,,0.0,0,0,0.0,0.0,0,371.7300109863281
COST,HH,TOP,,,0.0,0,0,0.0,0.0,0,374.0899963378906
COST,LH,TOP,,,0.0,0,0,0.0,0.0,0,371.260009765625
COST,HL,BOTTOM,,,0.0,0,0,0.0,-0.4,0,373.5400085449219
COST,LL,BOTTOM,,,0.0,0,4,34.6,0.2,4,353.0308532714844
COST,HH,TOP,,,0.0,0,0,0.0,-0.6,0,430.3930358886719
COST,HH,TOP,,,0.0,0,3,15.94,-0.4,3,444.622802734375
COST,HL,BOTTOM,4.0,kf_price_filt_vel,0.0545,4,1,4.33,0.0,1,418.37799072265625
COST,HL,BOTTOM,1.0,vwap_sigma_wave,0.0242,4,0,0.0,0.0,0,424.17633056640625
COST,HH,TOP,1.0,d_tide_slope,0.4424,5,6,31.95,-0.6,6,528.298095703125
COST,LH,TOP,1.0,tide_accel,0.4788,6,4,18.98,-0.2,4,513.5406494140625
COST,HL,BOTTOM,1.0,vwap_spread_tide_wave,-0.4909,6,1,6.24,0.6,1,504.71478271484375
COST,LL,BOTTOM,1.0,vwap_spread_tide_wave,-0.5273,6,1,6.11,-0.4,1,499.2117919921875
COST,HL,BOTTOM,1.0,vwap_spread_tide_wave,-0.5152,6,7,63.91,-0.4,7,532.0494995117188
COST,HH,TOP,1.0,vwap_spread_tide_wave,-0.2909,5,3,15.11,-0.3,3,537.5906982421875
COST,HH,TOP,1.0,vwap_spread_tide_wave,-0.2545,5,3,15.15,-0.2,3,540.5706176757812
COST,LH,TOP,1.0,vwap_spread_tide_wave,-0.1939,5,3,15.16,-0.0,3,536.8954467773438
COST,LL,BOTTOM,1.0,kf_conjugation_pred_val,0.7091,10,6,60.82,-0.9,6,465.4789123535156
COST,LL,BOTTOM,1.0,kf_conjugation_pred_val,0.5394,10,9,80.07,-0.8,9,454.4537353515625
COST,HL,BOTTOM,1.0,kf_conjugation_pred_val,0.6424,10,7,65.88,-1.6,7,460.3090515136719
COST,LH,TOP,5.0,conj_wave_tide,-1.1152,9,0,0.0,0.2,0,496.9361267089844
COST,HH,TOP,6.0,conj_wave_tide,-0.9758,7,0,0.0,-0.0,0,504.2592468261719
COST,LH,TOP,7.0,conj_wave_tide,-0.8606,7,1,4.11,-0.0,1,494.39013671875
COST,HL,BOTTOM,1.0,conj_current_tide,0.1273,1,1,4.55,-0.0,1,478.847412109375
COST,LL,BOTTOM,1.0,conj_current_tide,0.097,1,1,4.62,-0.3,1,472.24896240234375
COST,HL,BOTTOM,1.0,conj_current_tide,0.0545,1,1,4.53,-0.6,1,482.0894470214844
COST,HH,TOP,2.0,d_current_slope,-0.1091,2,0,0.0,-1.6,0,557.619140625
COST,HH,TOP,3.0,d_current_slope,-0.1939,2,7,41.04,-0.6,7,579.79833984375
COST,LH,TOP,1.0,kf_price_pred_val,0.1273,7,2,8.91,-0.4,2,572.1605834960938
COST,LL,BOTTOM,1.0,kf_price_pred_val,0.8061,14,14,190.83,-0.2,14,403.93572998046875
COST,LL,BOTTOM,1.0,current_accel,0.8545,14,14,186.26,-0.6,14,397.7276916503906
COST,LH,TOP,1.0,conj_wave_tide,-0.0545,15,12,95.98,-0.2,12,436.4660339355469
COST,HH,TOP,1.0,vwap_spread_current_wave,-0.3818,15,9,62.96,0.2,9,465.7108459472656
COST,LH,TOP,1.0,vwap_spread_current_wave,-0.5212,15,5,40.17,-0.2,5,454.861083984375
COST,HL,BOTTOM,1.0,conj_current_tide,-0.2667,9,5,51.82,-0.0,5,431.4709167480469
COST,LL,BOTTOM,1.0,conj_current_tide,-0.097,7,5,51.34,-0.5,5,426.62860107421875
COST,HH,TOP,1.0,vwap_spread_current_wave,-0.0303,3,2,9.83,-0.0,2,532.2521362304688
COST,HH,TOP,1.0,vwap_spread_current_wave,0.0,3,2,9.42,-0.0,2,536.6913452148438
COST,LH,TOP,1.0,vwap_spread_current_wave,0.0424,3,2,9.04,-0.2,2,530.53955078125
COST,HL,BOTTOM,1.0,fear_level,0.0303,5,4,19.53,-0.3,4,447.7435302734375
COST,LL,BOTTOM,1.0,fear_level,0.0242,5,6,28.77,-0.2,6,434.9805603027344
COST,LH,TOP,1.0,current_slope,-0.3333,6,1,4.72,-0.0,1,475.9159851074219
COST,HH,TOP,1.0,current_slope,-0.5576,6,1,4.39,-0.2,1,489.6507873535156
COST,HL,BOTTOM,1.0,current_slope,-0.6061,6,0,0.0,-0.6,0,479.1939392089844
COST,LL,BOTTOM,2.0,current_slope,-0.6606,6,3,18.55,0.0,3,463.42718505859375
COST,HL,BOTTOM,1.0,kf_price_pred_val,-0.4909,6,0,0.0,1.0,0,466.0916748046875
COST,HH,TOP,1.0,d_current_slope,0.0,2,0,0.0,-0.7,0,506.9893798828125
COST,HH,TOP,2.0,d_current_slope,-0.1091,2,2,8.8,-0.7,2,516.8519897460938
COST,LH,TOP,1.0,d_current_slope,-0.0848,2,3,43.41,-0.2,3,482.9319152832031
COST,LL,BOTTOM,1.0,fear_level,-0.5636,6,1,5.82,-0.9,1,437.5965881347656
COST,LL,BOTTOM,1.0,fear_level,-0.4848,6,4,18.71,-1.1,4,431.4910888671875
COST,HL,BOTTOM,1.0,fear_level,-0.1818,4,4,62.24,-0.9,4,462.8138122558594
COST,HH,TOP,7.0,kf_price_filt_vel,-0.0545,3,0,0.0,0.0,0,496.3983154296875
COST,HH,TOP,8.0,kf_price_filt_vel,-0.0909,3,0,0.0,0.0,0,502.5623779296875
COST,LH,TOP,9.0,kf_price_filt_vel,-0.1273,3,0,0.0,0.0,0,494.2764587402344
COST,LL,BOTTOM,8.0,fear_level,-0.0303,1,0,0.0,0.0,0,460.4029541015625
COST,LL,BOTTOM,9.0,fear_level,-0.0424,1,0,0.0,0.0,0,452.3570861816406
COST,LH,TOP,,,0.0,0,0,0.0,0.0,0,491.0312805175781
COST,LH,TOP,,,0.0,0,0,0.0,0.0,0,483.1100769042969
COST,HL,BOTTOM,9.0,geo_phase_angle,-0.097,1,1,4.1,0.1,1,466.51068115234375
COST,LL,BOTTOM,1.0,vwap_sigma_wave,-0.0,1,0,0.0,-0.3,0,464.48052978515625
COST,HL,BOTTOM,2.0,vwap_sigma_wave,0.0424,1,0,0.0,-0.7,0,468.1271057128906
COST,HH,TOP,,,0.0,0,0,0.0,0.0,0,543.7894287109375
COST,HH,TOP,,,0.0,0,0,0.0,0.0,0,544.7322998046875
COST,LH,TOP,,,0.0,0,0,0.0,0.4,0,540.5565795898438
COST,HL,BOTTOM,3.0,vwap_sigma_wave,0.0485,1,0,0.0,0.0,0,520.3806762695312
COST,LL,BOTTOM,4.0,vwap_sigma_wave,0.0242,1,0,0.0,0.0,0,512.5437622070312
COST,HL,BOTTOM,5.0,vwap_sigma_wave,0.0,1,0,0.0,0.0,0,514.7608642578125
COST,HH,TOP,,,0.0,0,0,0.0,-0.0,0,553.6370849609375
COST,HH,TOP,,,0.0,0,0,0.0,-0.1,0,553.9261474609375
COST,LH,TOP,,,0.0,0,0,0.0,-0.2,0,545.240966796875
COST,HL,BOTTOM,4.0,kf_price_pred_val,0.0182,1,0,0.0,0.0,0,527.8609008789062
COST,LL,BOTTOM,5.0,kf_price_pred_val,0.0061,1,0,0.0,0.0,0,523.4556884765625
COST,HH,TOP,1.0,vwap_spread_tide_wave,0.097,2,3,15.89,-0.5,3,764.8391723632812
COST,HH,TOP,1.0,rsi_value,0.1818,3,3,18.53,-0.9,3,777.0548706054688
COST,LH,TOP,1.0,rsi_value,0.2424,3,4,77.05,-0.8,4,717.677001953125
COST,HL,BOTTOM,8.0,vwap_spread_tide_wave,-0.1273,1,0,0.0,0.0,0,698.0230712890625
COST,LL,BOTTOM,9.0,vwap_spread_tide_wave,-0.097,1,0,0.0,0.0,0,697.2217407226562
COST,HL,BOTTOM,10.0,vwap_spread_tide_wave,-0.0545,1,0,0.0,0.0,0,705.9656982421875
COST,HH,TOP,1.0,vwap_spread_tide_wave,0.0848,6,5,22.68,-0.0,5,872.66845703125
COST,HH,TOP,1.0,vwap_spread_tide_wave,0.0909,6,5,22.89,-0.3,5,878.6226196289062
COST,LH,TOP,1.0,vwap_spread_tide_wave,0.0848,6,5,23.11,-0.6,5,876.1063232421875
COST,HL,BOTTOM,1.0,tide_slope,0.1394,8,4,17.47,-0.1,4,795.5224609375
COST,HL,BOTTOM,1.0,tide_slope,-0.0182,8,4,17.34,-0.3,4,810.4540405273438
COST,HH,TOP,1.0,vwap_wave,0.0,4,4,22.84,-0.0,4,986.8949584960938
COST,HH,TOP,1.0,vwap_wave,0.0,4,4,23.04,-0.0,4,988.176513671875
COST,LH,TOP,1.0,vwap_wave,0.0,4,4,23.23,-0.0,4,981.9177856445312
COST,HL,BOTTOM,1.0,reg_value_current,0.0424,5,5,28.36,-0.4,5,903.852294921875
COST,HL,BOTTOM,1.0,reg_value_current,0.0848,5,5,28.13,-0.6,5,910.5779418945312
COST,HH,TOP,1.0,reg_value_tide,0.5152,9,8,45.66,-0.9,8,1059.3145751953125
COST,HH,TOP,1.0,reg_value_tide,0.5515,9,8,46.44,-0.9,8,1070.990478515625
COST,LH,TOP,1.0,vwap_wave,0.5394,9,7,42.22,-0.8,7,1066.0076904296875
COST,HL,BOTTOM,1.0,reg_value_current,0.5515,9,10,59.71,-1.0,10,922.02685546875
COST,LL,BOTTOM,1.0,reg_value_current,0.7212,10,11,75.1,-1.0,11,885.765625
COST,HL,BOTTOM,1.0,kf_conjugation_pred_val,0.8727,11,12,78.2,-0.6,12,898.9931030273438
COST,LH,TOP,1.0,reg_value_tide,-0.4788,8,4,25.15,0.3,4,959.8197631835938
COST,HH,TOP,1.0,reg_value_tide,-0.4909,8,4,25.07,-0.6,4,961.808837890625
COST,LH,TOP,1.0,reg_value_tide,-0.4545,7,7,64.91,-0.6,7,911.4846801757812
COST,HL,BOTTOM,1.0,kf_price_filt_vel,-0.2727,7,7,38.25,-0.3,7,903.18017578125
COST,HL,BOTTOM,1.0,reg_value_tide,-0.0909,7,4,24.67,-0.6,4,903.7967529296875
COST,HH,TOP,1.0,reg_value_current,0.1333,8,6,40.65,-0.0,6,1052.458984375
COST,LH,TOP,1.0,reg_value_current,0.0727,8,4,29.24,-0.3,4,1051.2041015625
COST,HL,BOTTOM,1.0,vwap_tide,0.2,7,6,34.79,-0.6,6,930.6870727539062
COST,LL,BOTTOM,1.0,vwap_tide,0.1515,7,7,40.26,-0.0,7,923.6564331054688
COST,HL,BOTTOM,1.0,vwap_tide,0.2667,7,4,26.46,-0.0,4,935.7360229492188
COST,LH,TOP,1.0,vwap_tide,0.0,4,4,26.57,-0.0,4,978.1279907226562
COST,HH,TOP,1.0,vwap_tide,0.0,4,4,26.67,-0.0,4,991.8099365234375
COST,LH,TOP,1.0,vwap_tide,0.0,4,4,26.71,-0.0,4,966.989013671875
COST,LL,BOTTOM,1.0,vwap_tide,-0.0424,9,8,44.35,0.6,8,848.84033203125
COST,HL,BOTTOM,1.0,vwap_sigma_tide,-0.0788,9,6,35.25,0.4,6,853.623779296875
COST,HH,TOP,1.0,vwap_tide,-0.0303,6,4,25.66,-0.0,4,998.8599853515625
COST,HH,TOP,1.0,vwap_tide,-0.0242,6,4,25.88,-0.0,4,1018.47998046875
COST,HL,BOTTOM,1.0,vwap_tide,-0.0606,5,6,37.88,-0.2,6,965.72998046875
COST,HL,BOTTOM,1.0,vwap_tide,0.0667,6,5,33.17,-0.0,5,973.8200073242188
COST,HH,TOP,1.0,vwap_tide,-0.0545,5,4,27.23,-0.3,4,1030.27001953125
COST,HH,TOP,1.0,vwap_tide,0.0,4,4,27.31,-0.7,4,1032.030029296875
COST,LH,TOP,1.0,vwap_tide,0.0,4,7,43.17,-0.2,7,998.469970703125
COST,HL,BOTTOM,1.0,vwap_tide,0.1636,7,5,32.21,-0.0,5,980.8499755859375
COST,LL,BOTTOM,1.0,vwap_tide,0.1818,7,4,27.22,-0.0,4,974.7999877929688
COST,HL,BOTTOM,1.0,vwap_tide,0.1333,7,4,27.2,-0.0,4,984.75
HD,UNKNOWN,BOTTOM,1.0,vwap_sigma_current,-0.1939,3,1,4.2,-0.2,1,36.820011138916016
HD,LL,BOTTOM,1.0,kf_rsi_pred_val,-0.0121,2,1,4.31,0.0,1,36.74000930786133
HD,UNKNOWN,TOP,,,0.0,0,0,0.0,-0.0,0,39.79999923706055
HD,LH,TOP,,,0.0,0,0,0.0,0.1,0,38.86000061035156
HD,HL,BOTTOM,2.0,vwap_sigma_wave,0.0424,1,0,0.0,-0.2,0,37.71001052856445
HD,LL,BOTTOM,3.0,vwap_sigma_wave,0.0303,1,1,4.76,0.0,1,37.36000061035156
HD,HL,BOTTOM,1.0,vwap_sigma_wave,0.0727,1,0,0.0,0.6,0,37.72999954223633
HD,HH,TOP,,,0.0,0,0,0.0,0.0,0,40.47999954223633
HD,HH,TOP,,,0.0,0,0,0.0,0.0,0,40.939998626708984
HD,LH,TOP,,,0.0,0,0,0.0,0.0,0,40.869998931884766
HD,LL,BOTTOM,1.0,kf_price_pred_val,0.4061,8,7,38.43,-1.3,7,33.36000061035156
HD,LL,BOTTOM,1.0,vwap_sigma_tide,0.5818,8,10,55.26,-0.5,10,32.820011138916016
HD,HL,BOTTOM,1.0,vwap_sigma_tide,0.8364,10,5,30.02,-0.8,5,33.310001373291016
HD,LH,TOP,1.0,kf_price_pred_val,-0.903,10,0,0.0,0.2,0,37.03998947143555
HD,HH,TOP,2.0,kf_price_pred_val,-0.7091,7,1,4.9,-0.2,1,38.310001373291016
HD,HL,BOTTOM,1.0,kf_price_pred_val,0.0727,3,1,5.67,-0.3,1,33.810001373291016
HD,HL,BOTTOM,1.0,vwap_sigma_tide,0.1576,3,2,14.87,-0.0,2,34.869998931884766
HD,LH,TOP,1.0,geo_phase_angle,-0.1515,3,0,0.0,0.4,0,35.380001068115234
HD,HH,TOP,2.0,geo_phase_angle,-0.2424,3,0,0.0,0.3,0,36.36000061035156
HD,LH,TOP,3.0,geo_phase_angle,-0.1879,3,0,0.0,0.1,0,36.179988861083984
HD,LL,BOTTOM,1.0,vwap_sigma_tide,0.1212,2,2,10.89,-0.0,2,32.75999069213867
HD,LL,BOTTOM,1.0,vwap_sigma_tide,0.1576,2,2,12.18,-0.2,2,32.439998626708984
HD,LH,TOP,1.0,fear_level,0.1636,2,2,9.5,0.2,2,33.74000930786133
HD,HH,TOP,1.0,fear_level,0.0909,2,1,5.05,-0.0,1,34.220001220703125
HD,LL,BOTTOM,1.0,vwap_spread_current_wave,-0.7091,13,5,31.29,-0.1,5,27.490009307861328
HD,LL,BOTTOM,1.0,vwap_sigma_tide,-0.4061,10,7,39.26,-0.1,7,27.14999008178711
HD,HL,BOTTOM,1.0,vwap_sigma_tide,-0.097,7,8,44.02,0.2,8,28.270000457763672
HD,LH,TOP,1.0,vwap_spread_tide_wave,0.097,8,7,34.67,0.2,7,29.59000015258789
HD,LH,TOP,1.0,vwap_spread_tide_wave,-0.0121,8,10,54.8,0.7,10,28.39999008178711
HD,LL,BOTTOM,1.0,vwap_spread_tide_wave,0.0182,7,5,33.36,-0.0,5,25.280000686645508
HD,LL,BOTTOM,1.0,vwap_spread_tide_wave,-0.0485,7,5,34.13,-0.3,5,24.710010528564453
HD,HH,TOP,1.0,vwap_spread_tide_current,0.0182,8,6,36.87,0.1,6,29.3799991607666
HD,HH,TOP,1.0,vwap_spread_tide_current,0.0061,8,6,41.77,-0.1,6,30.639999389648438
HD,LH,TOP,1.0,vwap_spread_tide_current,-0.0061,8,7,42.9,-0.5,7,30.450000762939453
HD,HL,BOTTOM,1.0,tide_slope,-0.2909,8,3,20.73,0.3,3,27.309999465942383
HD,HL,BOTTOM,1.0,tide_slope,-0.3879,8,3,20.61,-0.0,3,27.719999313354492
HD,LH,TOP,1.0,tide_slope,-0.2485,7,3,19.83,-0.1,3,28.829999923706055
HD,HH,TOP,1.0,tide_slope,-0.1636,6,3,19.66,-1.0,3,28.90999984741211
HD,LH,TOP,1.0,tide_slope,-0.1636,6,7,48.63,-0.6,7,27.710010528564453
HD,LL,BOTTOM,1.0,tide_slope,-0.0727,8,6,33.87,-0.6,6,25.0
HD,HL,BOTTOM,1.0,tide_slope,0.0727,8,7,47.39,0.6,7,26.200000762939453
HD,HH,TOP,1.0,tide_slope,-0.0303,7,4,30.96,-0.5,4,29.259990692138672
HD,LH,TOP,1.0,kf_price_pred_val,-0.1394,7,5,30.01,-0.3,5,28.759990692138672
HD,HL,BOTTOM,1.0,tide_slope,0.2061,7,7,40.47,-0.3,7,27.789989471435547
HD,LL,BOTTOM,1.0,tide_slope,0.2727,7,4,26.45,-0.6,4,27.3799991607666
HD,LH,TOP,1.0,tide_slope,0.1394,7,4,26.75,-0.8,4,27.969999313354492
HD,HH,TOP,1.0,tide_slope,0.0061,7,7,60.5,-0.0,7,29.490009307861328
HD,LH,TOP,1.0,kf_price_filt_vel,0.0364,7,3,19.89,-0.0,3,29.15999984741211
HD,HL,BOTTOM,1.0,tide_slope,-0.4,7,3,19.01,-0.0,3,28.179990768432617
HD,LL,BOTTOM,1.0,tide_slope,-0.4606,7,3,18.95,-0.0,3,27.670000076293945
HD,HL,BOTTOM,1.0,tide_slope,-0.3636,7,3,18.8,-0.0,3,28.3799991607666
HD,HH,TOP,1.0,tide_slope,-0.0485,4,2,12.73,-0.0,2,29.8700008392334
HD,HH,TOP,1.0,tide_slope,-0.0545,4,2,12.54,-0.0,2,30.1200008392334
HD,HL,BOTTOM,1.0,tide_slope,-0.0667,4,2,12.14,-0.0,2,28.559999465942383
HD,LL,BOTTOM,1.0,tide_slope,-0.103,4,2,12.07,-0.2,2,27.920000076293945
HD,HL,BOTTOM,1.0,tide_slope,-0.1394,4,2,11.99,-0.6,2,27.979999542236328
HD,LH,TOP,1.0,tide_slope,0.0848,4,2,11.58,0.5,2,29.1200008392334
HD,HH,TOP,1.0,tide_slope,0.0606,4,2,11.4,0.4,2,29.530000686645508
HD,LH,TOP,1.0,tide_slope,0.0364,4,1,7.29,-0.0,1,29.10000991821289
HD,LL,BOTTOM,1.0,tide_slope,-0.1636,4,1,6.33,-0.6,1,26.710010528564453
HD,LL,BOTTOM,1.0,tide_slope,0.0,1,4,20.7,-0.3,4,25.90999984741211
HD,HL,BOTTOM,1.0,tide_slope,0.1636,4,1,6.18,-0.6,1,26.479999542236328
HD,LH,TOP,1.0,tide_slope,0.1273,4,4,30.13,-0.0,4,27.530000686645508
HD,LL,BOTTOM,1.0,wave_slope,0.9515,12,13,68.97,-1.2,13,21.530000686645508
HD,LL,BOTTOM,1.0,wave_slope,0.9515,13,11,63.27,-1.3,11,21.460010528564453
HD,HL,BOTTOM,1.0,wave_slope,0.7879,13,11,84.62,-0.9,11,22.679990768432617
HD,LH,TOP,1.0,wave_slope,-0.1636,13,6,34.06,0.3,6,23.950000762939453
HD,HH,TOP,1.0,current_slope,-0.6364,13,6,35.43,-0.4,6,25.030000686645508
HD,LH,TOP,1.0,kf_price_pred_val,-0.8424,13,7,41.26,-0.5,7,24.020000457763672
HD,HL,BOTTOM,1.0,current_slope,-0.7212,13,8,43.02,0.0,8,23.15999984741211
HD,HL,BOTTOM,1.0,current_slope,-0.4485,11,7,37.47,0.6,7,24.329999923706055
HD,HH,TOP,1.0,kf_price_filt_vel,0.2848,9,9,51.81,-0.8,9,27.170000076293945
HD,HH,TOP,1.0,kf_conjugation_pred_val,0.3152,9,8,45.36,0.3,8,27.530000686645508
HD,HL,BOTTOM,1.0,kf_conjugation_pred_val,0.3212,9,5,30.95,0.2,5,26.960010528564453
HD,LL,BOTTOM,1.0,kf_conjugation_pred_val,0.0848,9,6,42.05,0.2,6,25.960010528564453
HD,HL,BOTTOM,1.0,kf_conjugation_pred_val,0.0485,9,3,21.25,-0.1,3,25.969999313354492
HD,HH,TOP,1.0,conj_wave_tide,0.1152,9,8,54.73,-0.0,8,30.15999984741211
HD,LH,TOP,1.0,current_accel,0.303,9,6,40.61,-0.8,6,29.14999008178711
HD,HL,BOTTOM,1.0,current_accel,-0.0848,9,2,11.36,-0.6,2,27.579999923706055
HD,LL,BOTTOM,1.0,conj_current_tide,-0.4182,9,4,52.57,-0.7,4,25.6200008392334
HD,HL,BOTTOM,1.0,kf_price_pred_val,-0.3394,8,3,25.19,-0.2,3,26.950000762939453
HD,LH,TOP,1.0,kf_price_filt_vel,-0.4545,8,4,28.86,0.5,4,27.3700008392334
HD,LL,BOTTOM,1.0,conj_current_tide,-0.4,7,1,6.36,0.1,1,25.259990692138672
HD,LL,BOTTOM,1.0,conj_current_tide,-0.503,7,1,5.91,-1.1,1,25.020000457763672
HD,HL,BOTTOM,1.0,conj_current_tide,-0.6121,7,4,22.57,-0.3,4,25.799999237060547
HD,LH,TOP,1.0,kf_price_filt_vel,-0.3758,7,4,23.86,0.4,4,26.460010528564453
HD,LL,BOTTOM,1.0,current_accel,0.6606,10,13,124.27,-0.8,13,19.929990768432617
HD,LL,BOTTOM,1.0,d_current_slope,1.0424,13,11,109.05,-0.6,11,19.75
HD,LH,TOP,1.0,d_current_slope,1.2061,13,10,225.76,0.3,10,21.710010528564453
HD,LH,TOP,1.0,kf_price_filt_vel,1.297,13,7,89.16,-0.3,7,21.070009231567383
HD,HL,BOTTOM,1.0,wave_slope,0.897,13,10,121.33,0.6,10,19.829999923706055
HD,LL,BOTTOM,1.0,wave_slope,0.5212,13,7,95.76,1.0,7,19.700000762939453
HD,HL,BOTTOM,1.0,wave_slope,0.1939,13,7,100.62,1.1,7,20.210010528564453
HD,LH,TOP,1.0,wave_slope,-0.1576,13,10,108.64,0.9,10,20.780000686645508
HD,LH,TOP,1.0,wave_slope,-0.2364,13,7,98.37,0.4,7,20.520000457763672
HD,LL,BOTTOM,1.0,wave_slope,-0.3515,13,12,129.33,-0.7,12,19.059999465942383
HD,LL,BOTTOM,1.0,wave_slope,0.0545,12,13,140.16,-0.6,13,18.509990692138672
HD,HH,TOP,1.0,wave_slope,0.5939,13,9,85.68,-0.1,9,22.719999313354492
HD,HH,TOP,1.0,kf_price_pred_val,0.3394,13,9,71.0,-0.5,9,23.59000015258789
HD,HL,BOTTOM,1.0,vwap_spread_current_wave,0.0606,13,10,120.41,-0.3,10,22.219999313354492
HD,HL,BOTTOM,1.0,kf_price_filt_vel,0.0121,13,6,45.55,-0.9,6,23.389999389648438
HD,LH,TOP,1.0,vwap_spread_current_wave,-0.4545,13,9,83.15,-0.6,9,22.14999008178711
HD,LL,BOTTOM,1.0,vwap_spread_current_wave,-0.6182,13,6,49.74,-0.1,6,20.509990692138672
HD,LL,BOTTOM,1.0,vwap_spread_current_wave,-0.4909,11,6,52.71,-0.2,6,19.799999237060547
HD,HL,BOTTOM,1.0,vwap_spread_current_wave,-0.4121,10,7,186.42,0.4,7,22.229999542236328
HD,LH,TOP,1.0,kf_price_filt_vel,-0.3515,10,5,48.29,0.3,5,20.539989471435547
HD,LL,BOTTOM,1.0,vwap_spread_current_wave,-0.2727,9,6,54.79,0.1,6,19.759990692138672
HD,LL,BOTTOM,1.0,vwap_spread_current_wave,-0.1576,9,8,95.92,0.1,8,18.520000457763672
HD,HL,BOTTOM,1.0,kf_price_pred_val,0.103,8,8,65.19,-0.1,8,19.289989471435547
HD,HH,TOP,1.0,kf_price_filt_vel,0.2242,8,7,100.13,-1.0,7,22.25
HD,HH,TOP,1.0,kf_price_pred_val,0.1939,8,9,99.75,-0.8,9,23.549999237060547
HD,HL,BOTTOM,1.0,current_slope,0.303,9,7,166.1,-0.4,7,21.210010528564453
HD,HL,BOTTOM,1.0,kf_price_filt_vel,0.1455,9,6,48.76,-0.0,6,21.85000991821289
HD,LH,TOP,1.0,current_accel,-0.1576,9,5,47.44,-0.2,5,23.219999313354492
HD,HH,TOP,1.0,current_accel,-0.3576,9,7,87.11,-0.0,7,24.39999008178711
HD,HL,BOTTOM,1.0,current_accel,-0.3818,9,3,41.15,0.3,3,24.289989471435547
HD,LL,BOTTOM,1.0,d_current_slope,-0.5152,9,6,39.38,0.8,6,22.990009307861328
HD,HL,BOTTOM,1.0,kf_price_filt_vel,-0.303,8,3,30.22,0.4,3,23.469999313354492
HD,LH,TOP,1.0,current_accel,-0.2727,7,8,53.03,0.2,8,24.320009231567383
HD,HH,TOP,1.0,current_accel,-0.0061,8,5,42.13,-0.0,5,24.700000762939453
HD,LH,TOP,1.0,current_accel,0.0061,8,6,46.03,-0.2,6,24.450000762939453
HD,LL,BOTTOM,1.0,current_accel,0.0667,8,4,19.88,-0.3,4,23.110000610351562
HD,LL,BOTTOM,1.0,conj_wave_tide,-0.2061,8,4,18.32,-0.9,4,23.020000457763672
HD,HH,TOP,1.0,kf_price_filt_vel,-0.1515,6,5,25.01,0.5,5,24.710010528564453
HD,HH,TOP,1.0,kf_price_pred_val,-0.1455,6,3,14.92,0.1,3,25.259990692138672
HD,LH,TOP,1.0,conj_current_tide,-0.2364,6,4,19.4,-0.0,4,24.570009231567383
HD,LL,BOTTOM,1.0,kf_price_pred_val,-0.1212,6,3,14.04,-0.1,3,22.509990692138672
HD,LL,BOTTOM,1.0,kf_price_pred_val,-0.0909,6,3,13.03,-0.4,3,21.90999984741211
HD,HL,BOTTOM,1.0,conj_current_tide,-0.1576,6,4,31.12,-0.4,4,22.809999465942383
HD,LH,TOP,1.0,kf_price_filt_vel,-0.1576,6,5,27.95,-0.0,5,23.200000762939453
HD,LL,BOTTOM,1.0,fear_level,-0.0303,5,3,20.16,-0.2,3,21.969999313354492
HD,LL,BOTTOM,1.0,d_current_slope,-0.0485,5,3,19.64,-0.0,3,21.719999313354492
HD,LH,TOP,1.0,kf_price_filt_vel,-0.1394,5,1,5.05,-0.2,1,22.1200008392334
HD,HH,TOP,1.0,fear_level,-0.1758,5,1,5.05,-0.5,1,23.0
HD,LH,TOP,1.0,fear_level,-0.297,5,3,14.08,-0.4,3,22.0
HD,LL,BOTTOM,1.0,fear_level,-0.2848,5,2,9.32,0.3,2,21.530000686645508
HD,HH,TOP,1.0,fear_level,-0.2242,3,0,0.0,-0.3,0,22.39999008178711
HD,HH,TOP,2.0,fear_level,-0.2545,3,3,30.57,0.3,3,23.530000686645508
HD,LL,BOTTOM,1.0,d_current_slope,0.4121,6,8,49.65,0.4,8,18.710010528564453
HD,HL,BOTTOM,1.0,d_current_slope,0.6121,8,5,110.91,1.5,5,20.670000076293945
HD,LH,TOP,1.0,fear_level,0.3394,8,2,9.6,0.3,2,20.639999389648438
HD,HH,TOP,1.0,fear_level,0.0061,8,2,9.67,-0.3,2,20.889999389648438
HD,LL,BOTTOM,1.0,fear_level,-0.2182,8,6,30.76,-0.0,6,18.14999008178711
HD,LL,BOTTOM,1.0,kf_price_pred_val,-0.0485,8,6,28.4,-0.7,6,18.0
HD,HH,TOP,1.0,conj_current_tide,0.0909,9,6,36.91,0.2,6,26.070009231567383
HD,HH,TOP,1.0,d_tide_slope,0.0,9,6,40.76,-0.2,6,26.34000015258789
HD,LH,TOP,1.0,d_tide_slope,-0.0788,9,5,36.58,-0.6,5,26.320009231567383
HD,HL,BOTTOM,1.0,conj_current_tide,-0.3273,7,3,26.15,0.8,3,24.530000686645508
HD,LL,BOTTOM,1.0,vwap_spread_current_wave,-0.3152,7,4,29.18,-0.4,4,24.39999008178711
HD,LH,TOP,1.0,vwap_spread_current_wave,-0.2242,7,9,79.25,-0.4,9,26.020000457763672
HD,LH,TOP,1.0,kf_price_filt_vel,0.1515,9,5,30.5,-1.3,5,24.6299991607666
HD,LL,BOTTOM,1.0,kf_price_filt_vel,0.3515,9,3,16.76,-0.0,3,23.329999923706055
HD,LL,BOTTOM,1.0,d_current_slope,0.0848,9,2,23.94,-0.3,2,22.700000762939453
HD,HL,BOTTOM,1.0,d_current_slope,-0.2364,9,2,20.47,-0.6,2,23.15999984741211
HD,LH,TOP,1.0,d_current_slope,-0.5212,9,2,21.03,-0.0,2,24.3700008392334
HD,HH,TOP,1.0,d_current_slope,-0.6121,9,2,13.02,-0.4,2,24.570009231567383
HD,LH,TOP,1.0,d_current_slope,-0.5333,9,2,14.5,-0.6,2,24.170000076293945
HD,LL,BOTTOM,5.0,d_current_slope,-0.1818,2,1,5.05,-0.4,1,22.8799991607666
HD,LL,BOTTOM,1.0,fear_level,-0.0667,2,1,5.05,-0.5,1,22.679990768432617
HD,HL,BOTTOM,1.0,fear_level,0.0606,2,3,16.01,0.4,3,23.570009231567383
HD,LH,TOP,1.0,fear_level,0.1455,3,1,5.05,0.0,1,23.8700008392334
HD,LH,TOP,1.0,fear_level,0.103,3,0,0.0,-0.3,0,23.6299991607666
HD,LL,BOTTOM,1.0,kf_price_filt_vel,0.1636,3,1,5.05,-0.0,1,22.8799991607666
HD,LL,BOTTOM,1.0,fear_level,0.0848,3,0,0.0,-0.3,0,22.39999008178711
HD,HL,BOTTOM,2.0,fear_level,-0.0606,3,1,5.05,-0.3,1,22.65999984741211
HD,HH,TOP,1.0,d_tide_slope,0.0667,5,7,41.88,-0.9,7,27.200000762939453
HD,HH,TOP,1.0,d_tide_slope,0.2545,7,5,31.11,-1.2,5,27.679990768432617
HD,LH,TOP,1.0,d_tide_slope,0.4061,7,5,32.52,-1.2,5,27.139999389648438
HD,HL,BOTTOM,1.0,d_tide_slope,0.5455,7,8,50.87,-0.0,8,26.110000610351562
HD,HL,BOTTOM,1.0,d_tide_slope,0.703,8,2,19.86,-0.0,2,26.929990768432617
HD,HH,TOP,1.0,d_tide_slope,0.0242,2,0,0.0,0.0,0,27.920000076293945
HD,HH,TOP,2.0,d_tide_slope,-0.0364,2,0,0.0,0.0,0,28.229999542236328
HD,LL,BOTTOM,,,0.0,0,0,0.0,-0.8,0,26.320009231567383
HD,LL,BOTTOM,,,0.0,0,3,13.3,-0.4,3,26.030000686645508
HD,LH,TOP,10.0,d_current_slope,-0.1091,2,0,0.0,0.0,0,27.6299991607666
HD,LH,TOP,,,0.0,0,0,0.0,0.0,0,26.969999313354492
HD,LL,BOTTOM,1.0,vwap_sigma_current,0.1152,1,1,4.79,-0.1,1,25.0
HD,LL,BOTTOM,1.0,vwap_sigma_current,0.1333,1,1,4.42,-0.0,1,24.960010528564453
HD,HL,BOTTOM,1.0,vwap_sigma_current,0.1394,1,0,0.0,-0.1,0,25.6299991607666
HD,HH,TOP,,,0.0,0,0,0.0,0.0,0,28.960010528564453
HD,HH,TOP,,,0.0,0,0,0.0,0.0,0,29.289989471435547
HD,LH,TOP,,,0.0,0,0,0.0,0.0,0,29.0
HD,HL,BOTTOM,2.0,vwap_sigma_wave,0.0424,1,0,0.0,-0.2,0,27.84000015258789
HD,LL,BOTTOM,3.0,vwap_sigma_wave,0.0303,1,1,4.08,0.0,1,27.34000015258789
HD,HL,BOTTOM,1.0,vwap_sigma_wave,0.0727,1,0,0.0,0.0,0,28.009990692138672
HD,HH,TOP,1.0,rsi_value,0.1636,3,3,19.09,-0.4,3,36.49000930786133
HD,LH,TOP,1.0,rsi_value,0.097,3,2,9.36,0.0,2,35.28998947143555
HD,HL,BOTTOM,7.0,kf_price_filt_vel,-0.3636,3,1,4.69,-0.3,1,33.96001052856445
HD,LL,BOTTOM,1.0,kf_price_pred_val,-0.297,3,0,0.0,-0.6,0,33.429988861083984
HD,HH,TOP,1.0,kf_price_filt_vel,0.0848,3,0,0.0,0.0,0,35.630001068115234
HD,HH,TOP,2.0,kf_price_filt_vel,0.1455,3,0,0.0,0.0,0,35.88999938964844
HD,LH,TOP,3.0,kf_price_filt_vel,0.097,3,0,0.0,0.8,0,35.27000045776367
HD,HL,BOTTOM,7.0,kf_price_filt_vel,-0.097,3,0,0.0,-0.6,0,34.380001068115234
HD,LL,BOTTOM,8.0,kf_price_filt_vel,-0.1455,3,4,21.08,-0.0,4,32.88999938964844
HD,HL,BOTTOM,1.0,kf_price_pred_val,0.0909,4,0,0.0,-0.2,0,33.02000045776367
HD,LH,TOP,1.0,kf_price_filt_vel,0.1818,4,0,0.0,0.0,0,34.03998947143555
HD,HH,TOP,2.0,kf_price_filt_vel,0.1091,4,0,0.0,0.6,0,34.54999923706055
HD,LH,TOP,3.0,kf_price_filt_vel,0.0364,4,0,0.0,0.5,0,33.86000061035156
HD,LL,BOTTOM,1.0,conj_current_tide,-0.4182,12,8,46.16,-1.0,8,27.070009231567383
HD,HL,BOTTOM,1.0,conj_current_tide,-0.1879,12,8,47.14,-0.9,8,27.929990768432617
HD,LH,TOP,1.0,conj_current_tide,-0.6485,8,3,20.72,-0.0,3,29.1200008392334
HD,LH,TOP,1.0,conj_current_tide,-0.5455,8,3,20.85,-0.0,3,28.450000762939453
HD,LL,BOTTOM,1.0,vwap_spread_current_wave,0.0,3,3,14.95,-0.7,3,27.610000610351562
HD,LL,BOTTOM,1.0,vwap_spread_current_wave,0.0,3,3,14.15,-1.1,3,27.309999465942383
HD,HH,TOP,9.0,kf_price_filt_vel,-0.1273,3,0,0.0,0.0,0,31.460010528564453
HD,HH,TOP,10.0,kf_price_filt_vel,-0.1636,3,0,0.0,0.0,0,31.940000534057617
HD,LH,TOP,,,0.0,0,0,0.0,0.0,0,31.920000076293945
HD,HL,BOTTOM,,,0.0,0,0,0.0,-0.3,0,30.690000534057617
HD,LL,BOTTOM,,,0.0,0,0,0.0,-1.1,0,30.210010528564453
HD,HL,BOTTOM,,,0.0,0,3,15.96,-0.8,3,31.610000610351562
HD,HH,TOP,,,0.0,0,0,0.0,0.0,0,38.179988861083984
HD,HH,TOP,,,0.0,0,0,0.0,0.0,0,38.47999954223633
HD,HL,BOTTOM,,,0.0,0,0,0.0,-0.2,0,36.28998947143555
HD,LL,BOTTOM,,,0.0,0,1,4.2,0.0,1,35.679988861083984
HD,HL,BOTTOM,1.0,vwap_sigma_wave,0.0545,1,0,0.0,0.0,0,35.75999069213867
HD,LH,TOP,1.0,d_tide_slope,0.0,2,0,0.0,-0.4,0,37.84000015258789
HD,HH,TOP,2.0,d_tide_slope,-0.097,2,2,8.01,0.0,2,38.16999816894531
HD,LL,BOTTOM,1.0,sigma_tide,0.6667,5,4,21.57,-1.1,4,34.33000183105469
HD,LL,BOTTOM,1.0,sigma_tide,0.5212,5,5,32.44,-1.0,5,33.470001220703125
HD,LH,TOP,,,0.0,0,0,0.0,0.0,0,36.570011138916016
HD,HH,TOP,,,0.0,0,0,0.0,0.0,0,37.04999923706055
HD,LH,TOP,,,0.0,0,0,0.0,0.0,0,36.619998931884766
HD,LL,BOTTOM,1.0,kf_price_pred_val,1.2121,10,8,57.61,-0.9,8,30.14999008178711
HD,LL,BOTTOM,1.0,kf_price_filt_vel,1.1879,10,10,64.64,-1.5,10,28.509990692138672
HD,HL,BOTTOM,1.0,sigma_tide,1.1758,10,9,75.31,-1.3,9,30.049999237060547
HD,LH,TOP,1.0,wave_slope,-0.6424,10,3,13.57,-0.6,3,33.11000061035156
HD,HH,TOP,1.0,wave_slope,-0.7697,10,3,16.77,0.0,3,34.369998931884766
HD,LH,TOP,1.0,kf_price_pred_val,-0.703,9,0,0.0,0.0,0,33.84000015258789
HD,HL,BOTTOM,1.0,kf_price_filt_vel,-0.0545,3,0,0.0,0.0,0,32.46001052856445
HD,LL,BOTTOM,2.0,kf_price_filt_vel,0.0848,2,0,0.0,0.0,0,31.8700008392334
HD,HH,TOP,8.0,kf_price_filt_vel,-0.0606,2,0,0.0,-0.2,0,34.35000991821289
HD,HH,TOP,9.0,kf_price_filt_vel,-0.0848,2,0,0.0,-0.5,0,34.810001373291016
HD,LH,TOP,10.0,kf_price_filt_vel,-0.1091,2,2,8.72,-0.2,2,33.84000015258789
HD,LL,BOTTOM,7.0,kf_price_pred_val,-0.0788,2,3,17.26,0.0,3,31.59000015258789
HD,HL,BOTTOM,1.0,kf_price_pred_val,0.0485,3,0,0.0,0.0,0,32.470001220703125
HD,HH,TOP,1.0,vwap_spread_tide_current,-0.1939,4,2,12.61,-0.2,2,52.320011138916016
HD,HH,TOP,1.0,vwap_spread_tide_current,-0.1091,4,4,20.77,0.3,4,52.71001052856445
HD,LH,TOP,1.0,vwap_spread_tide_current,0.1091,4,2,12.9,0.3,2,52.470001220703125
HD,HL,BOTTOM,1.0,vwap_spread_tide_current,0.0364,4,3,15.78,-0.8,3,48.77000045776367
HD,LL,BOTTOM,1.0,vwap_spread_tide_current,0.1273,3,6,30.0,-0.4,6,47.02000045776367
HD,HL,BOTTOM,1.0,vwap_spread_tide_current,0.2606,6,5,25.17,-0.0,5,47.04999923706055
HD,HH,TOP,,,0.0,0,0,0.0,-0.4,0,61.74000930786133
HD,HH,TOP,,,0.0,0,2,8.84,0.0,2,63.20000076293945
HD,HL,BOTTOM,3.0,rsi_value,0.0606,2,0,0.0,0.0,0,59.74000930786133
HD,LL,BOTTOM,4.0,rsi_value,0.0364,2,0,0.0,0.0,0,59.00999069213867
HD,HL,BOTTOM,5.0,rsi_value,0.0121,2,0,0.0,0.0,0,59.560001373291016
HD,HH,TOP,,,0.0,0,0,0.0,0.0,0,64.2400131225586
HD,HH,TOP,,,0.0,0,0,0.0,0.0,0,65.07000732421875
HD,HL,BOTTOM,,,0.0,0,0,0.0,0.0,0,61.070011138916016
HD,LL,BOTTOM,,,0.0,0,0,0.0,0.0,0,60.64999008178711
HD,HH,TOP,,,0.0,0,0,0.0,-0.2,0,67.35001373291016
HD,HH,TOP,,,0.0,0,1,4.09,0.0,1,67.82000732421875
HD,HL,BOTTOM,2.0,kf_price_pred_val,0.0424,1,0,0.0,-0.6,0,63.91999816894531
HD,HL,BOTTOM,3.0,kf_price_pred_val,0.0303,1,3,29.16,0.0,3,67.55999755859375
HD,HH,TOP,3.0,sigma_tide,-0.0303,2,0,0.0,0.0,0,79.82000732421875
HD,LH,TOP,4.0,sigma_tide,-0.0667,2,0,0.0,0.0,0,79.4900131225586
HD,HL,BOTTOM,2.0,vwap_sigma_wave,0.0424,1,0,0.0,0.0,0,73.5099868774414
HD,HL,BOTTOM,3.0,vwap_sigma_wave,0.0303,1,0,0.0,0.0,0,74.13999938964844
HD,HH,TOP,,,0.0,0,0,0.0,0.0,0,79.86000061035156
HD,HH,TOP,,,0.0,0,0,0.0,0.0,0,80.53999328613281
HD,LL,BOTTOM,1.0,sigma_tide,-0.0606,2,1,5.77,-0.3,1,72.9900131225586
HD,LL,BOTTOM,1.0,sigma_tide,0.0303,1,1,5.86,-0.2,1,72.69999694824219
HD,LH,TOP,7.0,sigma_tide,-0.1455,1,0,0.0,0.0,0,77.37000274658203
HD,HH,TOP,8.0,sigma_tide,-0.1273,1,0,0.0,0.0,0,78.5099868774414
HD,LH,TOP,9.0,sigma_tide,-0.097,1,0,0.0,0.0,0,77.0
HD,HL,BOTTOM,,,0.0,0,0,0.0,0.0,0,74.2699966430664
HD,LL,BOTTOM,,,0.0,0,0,0.0,0.0,0,74.13999938964844
HD,HL,BOTTOM,,,0.0,0,0,0.0,0.0,0,75.5099868774414
HD,HH,TOP,,,0.0,0,0,0.0,0.0,0,81.94000244140625
HD,HH,TOP,,,0.0,0,0,0.0,0.0,0,82.33999633789062
HD,LL,BOTTOM,1.0,kf_rsi_pred_val,0.2848,3,4,21.86,-0.8,4,75.08999633789062
HD,LL,BOTTOM,1.0,rsi_value,0.4182,4,3,17.81,-0.4,3,74.97000122070312
HD,HL,BOTTOM,1.0,kf_rsi_pred_val,0.4485,4,2,11.27,0.0,2,75.26000213623047
HD,HH,TOP,5.0,kf_price_pred_val,0.0182,3,0,0.0,0.0,0,82.87000274658203
HD,HH,TOP,6.0,kf_price_pred_val,-0.0182,3,0,0.0,0.0,0,82.91000366210938
HD,LH,TOP,7.0,kf_price_pred_val,-0.0545,3,0,0.0,0.0,0,82.41000366210938
HD,HL,BOTTOM,,,0.0,0,0,0.0,0.0,0,76.77999877929688
HD,LL,BOTTOM,,,0.0,0,0,0.0,0.0,0,75.69999694824219
HD,HH,TOP,,,0.0,0,0,0.0,0.0,0,92.47000122070312
HD,HH,TOP,,,0.0,0,0,0.0,0.0,0,94.08999633789062
HD,LH,TOP,,,0.0,0,0,0.0,0.0,0,93.06999969482422
HD,HL,BOTTOM,,,0.0,0,0,0.0,0.2,0,90.0999984741211
HD,LL,BOTTOM,,,0.0,0,0,0.0,0.1,0,87.8499984741211
HD,HL,BOTTOM,,,0.0,0,0,0.0,-0.0,0,88.87999725341797
HD,HH,TOP,,,0.0,0,2,9.5,-0.2,2,104.41000366210938
HD,HH,TOP,1.0,kf_price_filt_vel,0.1091,2,1,4.29,0.0,1,106.72000122070312
HD,LH,TOP,1.0,kf_price_pred_val,0.1394,2,0,0.0,0.0,0,104.88999938964844
HD,HL,BOTTOM,4.0,kf_price_pred_val,0.0303,2,0,0.0,0.0,0,102.63999938964844
HD,LL,BOTTOM,5.0,kf_price_pred_val,-0.0061,2,0,0.0,0.0,0,101.01000213623047
HD,HL,BOTTOM,6.0,kf_price_pred_val,-0.0424,2,0,0.0,0.0,0,104.12000274658203
HD,HH,TOP,,,0.0,0,0,0.0,0.0,0,115.16000366210938
HD,HH,TOP,,,0.0,0,0,0.0,0.0,0,117.48999786376953
HD,HL,BOTTOM,1.0,sigma_tide,0.0545,1,2,11.38,-0.6,2,108.70999908447266
HD,LL,BOTTOM,1.0,sigma_tide,0.1515,2,4,22.42,-0.2,4,106.9800033569336
HD,HL,BOTTOM,1.0,sigma_tide,0.3333,4,1,4.74,-0.3,1,109.55000305175781
HD,HH,TOP,,,0.0,0,0,0.0,0.8,0,119.69999694824219
HD,HH,TOP,,,0.0,0,0,0.0,0.3,0,122.80000305175781
HD,LH,TOP,,,0.0,0,1,4.32,0.2,1,122.76000213623047
HD,HL,BOTTOM,1.0,kf_price_pred_val,0.1939,3,3,16.99,-0.4,3,112.54000091552734
HD,LL,BOTTOM,1.0,kf_price_pred_val,0.3091,3,1,4.94,-0.3,1,110.97000122070312
HD,HL,BOTTOM,1.0,kf_rsi_pred_val,0.2788,3,2,22.59,-0.4,2,115.93000030517578
HD,HH,TOP,1.0,sigma_tide,0.103,3,1,5.18,-0.3,1,134.74000549316406
HD,HL,BOTTOM,3.0,vwap_sigma_wave,0.0,2,0,0.0,-0.6,0,119.76000213623047
HD,LL,BOTTOM,4.0,vwap_sigma_wave,-0.0485,2,2,8.77,-0.4,2,116.45999908447266
HD,HL,BOTTOM,1.0,rsi_value,0.0121,2,2,8.22,0.0,2,120.22000122070312
HD,LH,TOP,7.0,kf_price_filt_vel,-0.097,2,0,0.0,1.1,0,126.51000213623047
HD,LH,TOP,8.0,kf_price_filt_vel,-0.1455,2,0,0.0,0.6,0,125.2699966430664
HD,LL,BOTTOM,1.0,kf_price_pred_val,0.1636,3,4,25.69,0.5,4,111.8499984741211
HD,HL,BOTTOM,1.0,kf_price_pred_val,0.3455,4,1,4.57,-0.2,1,113.86000061035156
HD,HH,TOP,,,0.0,0,0,0.0,-0.2,0,136.24000549316406
HD,HH,TOP,,,0.0,0,1,4.02,0.0,1,137.50999450683594
HD,LH,TOP,1.0,vwap_sigma_wave,0.0545,1,0,0.0,0.0,0,134.3000030517578
HD,HL,BOTTOM,8.0,vwap_sigma_current,-0.2121,3,1,4.23,0.0,1,124.66999816894531
HD,HL,BOTTOM,1.0,vwap_sigma_current,-0.1515,3,0,0.0,0.0,0,127.52999877929688
HD,HH,TOP,,,0.0,0,0,0.0,0.0,0,138.77000427246094
HD,LH,TOP,,,0.0,0,0,0.0,0.0,0,137.22000122070312
HD,LL,BOTTOM,2.0,vwap_sigma_wave,0.0909,1,0,0.0,-0.2,0,122.01000213623047
HD,LL,BOTTOM,3.0,vwap_sigma_wave,0.0545,1,1,4.76,0.0,1,119.88999938964844
HD,HL,BOTTOM,1.0,vwap_sigma_wave,0.0727,1,0,0.0,0.0,0,120.29000091552734
HD,HH,TOP,,,0.0,0,0,0.0,0.0,0,158.80999755859375
HD,LH,TOP,,,0.0,0,0,0.0,0.0,0,157.6699981689453
HD,HL,BOTTOM,1.0,vwap_sigma_current,0.2242,4,2,10.4,0.0,2,144.5800018310547
HD,HL,BOTTOM,1.0,vwap_sigma_current,0.2727,4,0,0.0,0.0,0,146.97000122070312
HD,LH,TOP,,,0.0,0,0,0.0,0.0,0,153.35000610351562
HD,HH,TOP,,,0.0,0,0,0.0,0.0,0,155.25999450683594
HD,LH,TOP,,,0.0,0,0,0.0,0.0,0,153.8800048828125
HD,HL,BOTTOM,,,0.0,0,0,0.0,0.0,0,149.6699981689453
HD,LL,BOTTOM,,,0.0,0,0,0.0,0.0,0,147.49000549316406
HD,HH,TOP,1.0,rsi_value,0.3818,3,3,13.1,-0.6,3,205.3699951171875
HD,HH,TOP,1.0,sigma_tide,0.3879,3,3,14.07,0.0,3,207.22999572753906
HD,HL,BOTTOM,,,0.0,0,0,0.0,-0.2,0,175.2899932861328
HD,LL,BOTTOM,,,0.0,0,1,4.69,0.0,1,171.8000030517578
HD,HH,TOP,,,0.0,0,1,4.34,-0.4,1,210.69000244140625
HD,HH,TOP,1.0,vwap_sigma_current,0.0545,1,2,8.94,0.0,2,213.85000610351562
HD,LH,TOP,1.0,vwap_sigma_current,0.1515,2,0,0.0,0.0,0,211.97999572753906
HD,HL,BOTTOM,1.0,rsi_value,0.5152,5,5,23.98,-1.5,5,179.07000732421875
HD,LL,BOTTOM,1.0,kf_conjugation_pred_val,0.6848,5,9,45.34,-0.6,9,172.22999572753906
HD,LH,TOP,1.0,wave_slope,-0.4848,9,1,4.0,-0.0,1,187.22999572753906
HD,HH,TOP,1.0,wave_slope,-0.6061,9,0,0.0,-0.3,0,188.0
HD,LH,TOP,2.0,wave_slope,-0.7333,9,0,0.0,-0.6,0,185.99000549316406
HD,LL,BOTTOM,1.0,vwap_sigma_tide,0.0061,3,2,8.74,-0.2,2,168.85000610351562
HD,LH,TOP,1.0,current_slope,0.2182,3,1,4.51,-0.6,1,181.74000549316406
HD,LH,TOP,1.0,current_slope,0.103,3,3,17.41,-0.3,3,175.3000030517578
HD,LL,BOTTOM,1.0,vwap_sigma_tide,0.1333,2,4,19.96,-0.9,4,158.13999938964844
HD,HH,TOP,,,0.0,0,0,0.0,0.0,0,187.7100067138672
HD,HH,TOP,,,0.0,0,0,0.0,0.0,0,192.38999938964844
HD,HL,BOTTOM,,,0.0,0,1,4.51,0.2,1,184.0
HD,LL,BOTTOM,1.0,geo_phase_angle,0.0545,1,0,0.0,-0.0,0,181.13999938964844
HD,HL,BOTTOM,2.0,geo_phase_angle,0.0424,1,1,5.05,-0.0,1,181.61000061035156
HD,HH,TOP,10.0,kf_rsi_pred_val,-0.1091,2,0,0.0,0.0,0,206.0500030517578
HD,HH,TOP,,,0.0,0,0,0.0,0.0,0,206.72000122070312
HD,LH,TOP,,,0.0,0,0,0.0,0.0,0,206.5
HD,HL,BOTTOM,3.0,fear_level,0.0303,1,0,0.0,0.0,0,191.4499969482422
HD,LL,BOTTOM,4.0,fear_level,-0.0303,1,0,0.0,0.0,0,188.91000366210938
HD,HL,BOTTOM,5.0,fear_level,-0.0909,1,0,0.0,0.0,0,192.0
HD,HH,TOP,,,0.0,0,0,0.0,0.0,0,218.6999969482422
HD,LH,TOP,,,0.0,0,0,0.0,0.0,0,217.25999450683594
HD,HL,BOTTOM,,,0.0,0,0,0.0,0.4,0,208.3300018310547
HD,LL,BOTTOM,,,0.0,0,1,4.56,0.5,1,201.58999633789062
HD,HL,BOTTOM,1.0,vwap_sigma_wave,0.0545,1,0,0.0,0.1,0,201.7899932861328
HD,HH,TOP,,,0.0,0,0,0.0,-0.4,0,238.85000610351562
HD,LH,TOP,,,0.0,0,4,31.46,-0.7,4,225.86000061035156
HD,HL,BOTTOM,2.0,sigma_tide,-0.0182,2,0,0.0,-0.3,0,215.89999389648438
HD,LL,BOTTOM,3.0,sigma_tide,0.0303,1,1,5.35,-0.3,1,212.0
HD,HL,BOTTOM,1.0,sigma_tide,0.0242,1,1,5.04,-0.2,1,212.0399932861328
HD,HH,TOP,2.0,current_accel,0.0848,2,0,0.0,0.0,0,243.63999938964844
HD,HH,TOP,3.0,current_accel,0.0606,2,0,0.0,0.2,0,247.02000427246094
HD,LH,TOP,4.0,current_accel,0.0364,2,0,0.0,0.7,0,245.33999633789062
HD,HL,BOTTOM,8.0,current_accel,-0.0606,2,1,7.16,-0.6,1,224.72999572753906
HD,LL,BOTTOM,1.0,kf_price_pred_val,-0.0303,2,3,16.93,-0.2,3,217.83999633789062
HD,LH,TOP,1.0,kf_price_filt_vel,0.3212,3,0,0.0,0.2,0,227.94000244140625
HD,HH,TOP,2.0,kf_price_filt_vel,0.2364,3,3,39.68,-0.0,3,241.0800018310547
HD,LH,TOP,1.0,kf_price_pred_val,0.3152,3,0,0.0,1.4,0,234.80999755859375
HD,LL,BOTTOM,1.0,kf_price_filt_vel,0.1818,3,4,85.72,2.9,4,210.4600067138672
HD,HL,BOTTOM,1.0,kf_price_pred_val,0.2545,4,2,17.67,2.7,2,225.6999969482422
HD,LH,TOP,1.0,kf_price_filt_vel,0.1697,4,0,0.0,1.1,0,212.88999938964844
HD,LL,BOTTOM,2.0,kf_price_filt_vel,-0.0485,4,11,150.47,1.1,11,190.58999633789062
HD,HL,BOTTOM,1.0,kf_price_pred_val,0.4,11,5,49.23,-1.1,5,205.6699981689453
HD,LL,BOTTOM,1.0,kf_price_filt_vel,0.5333,11,14,315.38,-0.4,14,164.9600067138672
HD,HL,BOTTOM,1.0,kf_price_pred_val,1.1333,14,12,103.11,-0.7,12,173.63999938964844
HD,LH,TOP,1.0,sigma_tide,1.2909,14,13,162.22,-0.8,13,155.6300048828125
HD,LL,BOTTOM,1.0,kf_price_pred_val,1.5576,14,11,146.85,-1.5,11,161.1300048828125
HD,LL,BOTTOM,1.0,kf_conjugation_pred_val,1.3939,14,9,146.13,-1.5,9,152.14999389648438
HD,HH,TOP,1.0,wave_slope,-0.9212,14,5,69.26,-0.8,5,196.10000610351562
HD,LH,TOP,1.0,wave_slope,-0.903,13,10,129.61,-0.7,10,186.7100067138672
HD,HL,BOTTOM,1.0,kf_price_filt_vel,-0.6364,13,11,139.83,-0.2,11,178.6300048828125
HD,HL,BOTTOM,1.0,kf_price_filt_vel,-0.2242,12,7,73.32,-0.2,7,181.30999755859375
HD,HH,TOP,1.0,vwap_spread_current_wave,-0.1091,8,3,43.26,0.2,3,256.7699890136719
HD,LH,TOP,1.0,vwap_spread_current_wave,-0.3455,8,5,53.52,0.9,5,256.760009765625
HD,HL,BOTTOM,1.0,vwap_spread_current_wave,-0.4364,8,3,43.64,0.1,3,254.4499969482422
HD,LL,BOTTOM,1.0,vwap_spread_current_wave,-0.5576,8,6,77.47,-0.4,6,239.47000122070312
HD,HL,BOTTOM,1.0,vwap_spread_current_wave,-0.4667,8,5,48.64,-0.9,5,242.4499969482422
HD,HH,TOP,1.0,d_tide_slope,-0.0667,2,2,8.36,-0.4,2,286.1300048828125
HD,HH,TOP,1.0,d_tide_slope,-0.0667,2,2,10.03,0.0,2,291.92999267578125
HD,LH,TOP,1.0,d_tide_slope,0.0424,2,0,0.0,0.6,0,288.6300048828125
HD,HL,BOTTOM,2.0,kf_price_pred_val,-0.1273,3,0,0.0,-0.4,0,269.260009765625
HD,HL,BOTTOM,3.0,kf_price_pred_val,-0.103,3,2,11.79,0.0,2,277.0400085449219
HD,LH,TOP,3.0,kf_price_filt_vel,0.0424,3,0,0.0,0.0,0,280.6499938964844
HD,HH,TOP,4.0,kf_price_filt_vel,-0.0182,3,0,0.0,0.0,0,285.5799865722656
HD,LH,TOP,5.0,kf_price_filt_vel,-0.0788,3,0,0.0,0.0,0,281.6300048828125
HD,LL,BOTTOM,10.0,kf_price_filt_vel,-0.1091,2,0,0.0,0.0,0,266.54998779296875
HD,LL,BOTTOM,,,0.0,0,0,0.0,0.0,0,265.70001220703125
HD,HL,BOTTOM,,,0.0,0,0,0.0,0.0,0,268.54998779296875
HD,HH,TOP,,,0.0,0,0,0.0,0.0,0,286.9100036621094
HD,HH,TOP,,,0.0,0,0,0.0,0.0,0,290.3599853515625
HD,LH,TOP,,,0.0,0,0,0.0,0.0,0,287.0899963378906
HD,HL,BOTTOM,,,0.0,0,0,0.0,0.0,0,269.6300048828125
HD,LL,BOTTOM,,,0.0,0,0,0.0,0.0,0,266.7099914550781
HD,LH,TOP,,,0.0,0,0,0.0,-0.0,0,282.7200012207031
HD,HH,TOP,,,0.0,0,0,0.0,-0.3,0,285.8500061035156
HD,LH,TOP,,,0.0,0,0,0.0,-0.6,0,284.239990234375
HD,LL,BOTTOM,,,0.0,0,0,0.0,0.0,0,262.6400146484375
HD,LL,BOTTOM,,,0.0,0,0,0.0,0.0,0,261.7200012207031
HD,HL,BOTTOM,,,0.0,0,0,0.0,0.0,0,265.5799865722656
HD,HH,TOP,,,0.0,0,0,0.0,-0.3,0,285.0799865722656
HD,LH,TOP,,,0.0,0,0,0.0,-0.6,0,282.6000061035156
HD,LL,BOTTOM,1.0,tide_accel,0.3879,4,2,23.08,-0.2,2,257.3599853515625
HD,LL,BOTTOM,1.0,d_tide_slope,0.3273,4,3,35.18,-0.0,3,250.92999267578125
HD,HL,BOTTOM,1.0,d_tide_slope,0.297,4,2,24.6,-0.4,2,253.52000427246094
HD,HH,TOP,1.0,wave_slope,0.3212,5,4,22.83,-1.3,4,322.739990234375
HD,HH,TOP,1.0,wave_slope,0.1879,5,5,26.93,-1.2,5,328.0799865722656
HD,HL,BOTTOM,6.0,wave_slope,-0.6303,5,0,0.0,-0.4,0,325.3399963378906
HD,LL,BOTTOM,7.0,wave_slope,-0.5818,5,3,105.89,-0.0,3,286.4356994628906
HD,LH,TOP,1.0,vwap_spread_current_wave,0.1333,3,1,4.83,-0.6,1,301.8783874511719
HD,LH,TOP,1.0,vwap_spread_current_wave,0.0909,3,1,4.53,-0.8,1,292.62164306640625
HD,LL,BOTTOM,7.0,current_accel,-0.2909,2,0,0.0,0.0,0,269.6564025878906
HD,LL,BOTTOM,8.0,current_accel,-0.2545,2,0,0.0,0.0,0,269.20269775390625
HD,HH,TOP,7.0,rsi_value,-0.5515,4,0,0.0,0.0,0,373.225341796875
HD,HH,TOP,8.0,rsi_value,-0.4667,4,0,0.0,0.0,0,373.65631103515625
HD,LH,TOP,9.0,rsi_value,-0.3333,4,0,0.0,0.0,0,369.23004150390625
HD,HL,BOTTOM,,,0.0,0,0,0.0,0.0,0,358.70751953125
HD,LL,BOTTOM,,,0.0,0,0,0.0,0.0,0,348.3376159667969
HD,LH,TOP,,,0.0,0,0,0.0,0.0,0,368.0538635253906
HD,HH,TOP,,,0.0,0,0,0.0,0.0,0,372.6058654785156
HD,LL,BOTTOM,1.0,kf_rsi_pred_val,0.303,5,6,30.34,-0.7,6,313.8612060546875
HD,LL,BOTTOM,1.0,kf_rsi_pred_val,0.5576,6,4,22.17,-0.4,4,313.4303283691406
HD,LH,TOP,3.0,d_current_slope,-0.4242,6,0,0.0,0.5,0,331.02764892578125
HD,HH,TOP,4.0,d_current_slope,-0.6667,6,0,0.0,-0.2,0,335.5436706542969
HD,LH,TOP,5.0,d_current_slope,-0.5758,6,1,4.01,-0.6,1,327.53515625
HD,LL,BOTTOM,9.0,conj_wave_tide,-0.1939,2,6,77.29,-0.7,6,283.864990234375
HD,LL,BOTTOM,1.0,kf_price_pred_val,0.2182,6,7,42.93,-0.4,7,276.93365478515625
HD,HL,BOTTOM,1.0,kf_price_pred_val,0.6364,7,3,16.58,-0.9,3,281.234375
HD,LH,TOP,1.0,conj_current_tide,0.1576,6,3,16.53,-0.2,3,303.8144226074219
HD,HH,TOP,1.0,conj_current_tide,-0.0848,6,3,16.11,-0.6,3,307.77069091796875
HD,LL,BOTTOM,1.0,conj_current_tide,-0.1879,5,1,4.09,-0.2,1,275.3623352050781
HD,LL,BOTTOM,1.0,conj_current_tide,-0.2788,5,1,4.02,0.0,1,269.6539001464844
HD,HL,BOTTOM,1.0,conj_current_tide,-0.1576,3,0,0.0,0.0,0,273.45648193359375
HD,LH,TOP,3.0,kf_price_filt_vel,0.0242,2,0,0.0,-0.3,0,275.45269775390625
HD,HH,TOP,4.0,kf_price_filt_vel,-0.0242,2,0,0.0,0.2,0,284.80120849609375
HD,LH,TOP,5.0,kf_price_filt_vel,-0.0727,2,3,16.94,0.8,3,270.168701171875
HD,LL,BOTTOM,3.0,kf_price_filt_vel,0.0303,3,0,0.0,-1.0,0,262.98797607421875
HD,LL,BOTTOM,4.0,kf_price_filt_vel,-0.0303,3,4,21.23,0.4,4,255.58131408691406
HD,HL,BOTTOM,1.0,vwap_sigma_wave,0.1273,4,2,8.06,0.5,2,261.6601867675781
HD,LH,TOP,1.0,kf_price_filt_vel,0.2606,4,0,0.0,0.1,0,267.35064697265625
HD,HH,TOP,2.0,kf_price_filt_vel,0.1273,4,0,0.0,-0.6,0,271.8306884765625
HD,LH,TOP,3.0,kf_price_filt_vel,-0.0061,4,5,33.3,-0.0,5,257.5865783691406
HD,LL,BOTTOM,1.0,kf_price_filt_vel,0.1333,5,2,9.16,-0.2,2,259.9169616699219
HD,HH,TOP,1.0,d_tide_slope,0.0788,5,1,5.24,0.3,1,273.5107116699219
HD,HH,TOP,1.0,kf_price_pred_val,0.0364,5,0,0.0,-0.1,0,278.6139221191406
HD,LL,BOTTOM,1.0,fear_level,0.4727,5,5,24.86,-0.0,5,244.68836975097656
HD,LL,BOTTOM,1.0,d_tide_slope,0.5273,5,5,23.59,0.2,5,244.4884033203125
HD,HL,BOTTOM,1.0,tide_accel,0.5879,5,3,13.77,-0.0,3,250.34201049804688
HD,HH,TOP,6.0,vwap_spread_tide_current,-0.1515,1,0,0.0,0.4,0,285.963623046875
HD,HH,TOP,7.0,vwap_spread_tide_current,-0.1455,1,1,4.67,0.3,1,297.57080078125
HD,LH,TOP,1.0,kf_price_pred_val,-0.0727,1,0,0.0,-0.0,0,296.098388671875
HD,LL,BOTTOM,1.0,tide_slope,0.0182,5,5,25.91,-0.6,5,243.8878936767578
HD,HL,BOTTOM,1.0,tide_slope,-0.0485,5,3,15.66,-0.8,3,245.8182830810547
HD,LH,TOP,1.0,tide_slope,-0.2545,6,2,11.01,0.2,2,265.1770935058594
HD,HH,TOP,1.0,tide_slope,-0.4242,6,2,11.02,0.3,2,265.6711730957031
HD,LH,TOP,1.0,tide_slope,-0.3939,6,2,11.02,0.3,2,260.1177978515625
HD,HL,BOTTOM,1.0,tide_slope,0.1515,3,2,11.96,-0.2,2,252.03948974609375
HD,LL,BOTTOM,1.0,tide_slope,0.0909,3,2,12.49,-0.4,2,246.5227508544922
HD,HL,BOTTOM,1.0,geo_phase_angle,0.0303,3,2,10.26,-0.5,2,252.07606506347656
HD,HH,TOP,1.0,tide_slope,-0.1697,3,1,6.07,0.2,1,266.2840881347656
HD,HH,TOP,1.0,tide_slope,-0.2061,3,1,6.03,0.1,1,273.2279968261719
HD,HL,BOTTOM,1.0,tide_slope,-0.1697,3,1,5.8,-0.2,1,264.1524963378906
HD,LL,BOTTOM,1.0,tide_slope,-0.1758,3,2,10.6,1.4,2,257.53790283203125
HD,HL,BOTTOM,1.0,tide_slope,-0.1152,3,1,5.64,1.7,1,259.85247802734375
HD,HH,TOP,1.0,d_tide_slope,-0.1758,6,3,26.96,-0.2,3,306.3958740234375
HD,HH,TOP,1.0,d_tide_slope,-0.1697,6,3,29.41,-0.3,3,306.89288330078125
HD,LH,TOP,1.0,d_tide_slope,-0.1515,6,3,25.09,-0.3,3,301.5269470214844
HD,HL,BOTTOM,1.0,d_tide_slope,0.0545,3,3,21.23,-0.0,3,292.0743103027344
HD,LL,BOTTOM,1.0,d_tide_slope,0.0,3,2,16.11,-0.0,2,289.7824401855469
HD,HL,BOTTOM,1.0,d_tide_slope,-0.0545,3,2,14.19,-0.0,2,293.9427795410156
HD,HH,TOP,1.0,d_tide_slope,-0.103,2,2,11.53,-0.4,2,303.6163024902344
HD,HH,TOP,1.0,d_tide_slope,0.0545,2,2,12.1,-0.8,2,304.849609375
HD,HL,BOTTOM,1.0,d_tide_slope,0.2909,3,2,12.01,-0.2,2,297.9281311035156
HD,LL,BOTTOM,1.0,d_tide_slope,0.3455,3,3,19.12,0.2,3,286.1376037597656
HD,HL,BOTTOM,1.0,kf_price_pred_val,0.3758,3,0,0.0,-0.0,0,289.9297180175781
HD,LH,TOP,5.0,d_tide_slope,-0.2242,3,2,8.07,-0.8,2,301.9779052734375
HD,HH,TOP,1.0,d_tide_slope,-0.0667,3,3,16.01,-0.4,3,312.7467346191406
HD,LH,TOP,1.0,kf_price_pred_val,0.2121,3,2,8.15,0.0,2,305.116455078125
HD,LL,BOTTOM,,,0.0,0,0,0.0,0.1,0,260.7589111328125
HD,LL,BOTTOM,,,0.0,0,0,0.0,-0.0,0,260.3417663574219
HD,HL,BOTTOM,,,0.0,0,0,0.0,0.3,0,262.696533203125
HD,LH,TOP,,,0.0,0,0,0.0,-0.1,0,279.64349365234375
HD,LH,TOP,,,0.0,0,0,0.0,-0.2,0,274.7207336425781
HD,HL,BOTTOM,,,0.0,0,0,0.0,0.0,0,267.498779296875
HD,LL,BOTTOM,,,0.0,0,0,0.0,0.0,0,261.7416076660156
HD,HL,BOTTOM,,,0.0,0,0,0.0,0.0,0,271.0680236816406
HD,HH,TOP,,,0.0,0,0,0.0,0.0,0,310.3875427246094
HD,HH,TOP,,,0.0,0,0,0.0,0.0,0,312.9998779296875
HD,LL,BOTTOM,1.0,rsi_value,0.1939,2,2,11.08,-0.4,2,261.2405090332031
HD,LL,BOTTOM,1.0,rsi_value,0.2545,2,2,11.92,0.0,2,259.7933044433594
HD,HH,TOP,,,0.0,0,0,0.0,0.0,0,365.83612060546875
HD,HH,TOP,,,0.0,0,0,0.0,0.0,0,376.1047668457031
HD,LH,TOP,,,0.0,0,0,0.0,0.6,0,371.4224548339844
HD,HL,BOTTOM,1.0,conj_wave_tide,0.1697,3,3,15.42,-0.9,3,318.0711975097656
HD,LL,BOTTOM,1.0,conj_wave_tide,0.2242,3,3,15.36,-0.7,3,315.92987060546875
HD,HL,BOTTOM,1.0,conj_wave_tide,0.2667,3,3,14.35,-0.2,3,319.31787109375
HD,LH,TOP,7.0,conj_wave_tide,-0.4,3,0,0.0,0.0,0,324.04779052734375
HD,HH,TOP,8.0,conj_wave_tide,-0.3212,3,0,0.0,0.0,0,331.8229675292969
HD,LH,TOP,9.0,conj_wave_tide,-0.2061,3,0,0.0,0.0,0,326.16998291015625
HD,LL,BOTTOM,,,0.0,0,0,0.0,0.0,0,311.0953674316406
HD,LL,BOTTOM,,,0.0,0,0,0.0,0.0,0,309.3918151855469
HD,HH,TOP,1.0,current_accel,0.1939,2,2,8.08,-0.6,2,338.7008056640625
HD,HH,TOP,1.0,d_current_slope,0.2545,2,2,8.02,-0.7,2,340.9624328613281
HD,HL,BOTTOM,5.0,kf_price_pred_val,-0.2848,3,0,0.0,0.0,0,321.0010681152344
HD,LL,BOTTOM,6.0,kf_price_pred_val,-0.3091,3,0,0.0,0.0,0,319.7265625
HD,HH,TOP,,,0.0,0,1,4.16,0.0,1,353.7268981933594
HD,HH,TOP,1.0,vwap_sigma_current,0.0545,1,0,0.0,0.0,0,356.38140869140625
HD,LH,TOP,2.0,vwap_sigma_current,0.0424,1,0,0.0,0.0,0,350.8136901855469
HD,HL,BOTTOM,5.0,vwap_sigma_current,0.0061,1,0,0.0,0.0,0,344.6230773925781
HD,LL,BOTTOM,6.0,vwap_sigma_current,-0.0061,1,0,0.0,0.0,0,335.70135498046875
HD,HL,BOTTOM,7.0,vwap_sigma_current,-0.0182,1,0,0.0,0.0,0,338.55706787109375
HD,LH,TOP,10.0,vwap_sigma_current,-0.0545,1,0,0.0,0.0,0,348.5233459472656
HD,HH,TOP,,,0.0,0,0,0.0,0.0,0,352.8069763183594
HD,LH,TOP,,,0.0,0,0,0.0,0.0,0,343.6264343261719
HD,HL,BOTTOM,,,0.0,0,0,0.0,0.0,0,339.1512145996094
HD,LL,BOTTOM,,,0.0,0,0,0.0,0.0,0,328.1211853027344
HD,HL,BOTTOM,,,0.0,0,0,0.0,0.0,0,333.8134765625
HD,HH,TOP,4.0,rsi_value,-0.1818,2,0,0.0,0.3,0,400.6683349609375
HD,HH,TOP,5.0,rsi_value,-0.1879,2,0,0.0,0.2,0,403.5896301269531
HD,LH,TOP,6.0,rsi_value,-0.1152,2,0,0.0,-0.0,0,400.6876525878906
HD,HL,BOTTOM,1.0,reg_value_current,0.0,1,1,4.02,0.0,1,385.73419189453125
HD,LL,BOTTOM,1.0,reg_value_current,0.0,1,0,0.0,0.0,0,374.4346618652344
HD,HL,BOTTOM,2.0,reg_value_current,-0.0545,1,0,0.0,0.0,0,385.1075134277344
HD,HH,TOP,1.0,reg_value_current,0.1273,1,1,4.17,-0.0,1,413.4006652832031
HD,HH,TOP,1.0,reg_value_current,0.097,1,1,4.19,0.2,1,418.08184814453125
HD,LL,BOTTOM,3.0,vwap_wave,-0.2485,3,0,0.0,0.0,0,377.37567138671875
HD,LL,BOTTOM,4.0,vwap_wave,-0.1818,2,0,0.0,0.2,0,372.39398193359375
HD,HL,BOTTOM,5.0,vwap_wave,-0.1455,1,0,0.0,0.1,0,375.27252197265625
HD,LH,TOP,7.0,kf_price_pred_val,-0.0182,1,0,0.0,0.0,0,411.7821044921875
HD,LH,TOP,8.0,kf_price_pred_val,-0.0303,1,0,0.0,0.0,0,405.9281311035156
HD,LL,BOTTOM,1.0,sigma_tide,0.0545,2,3,13.33,-0.4,3,353.49468994140625
HD,LL,BOTTOM,1.0,sigma_tide,0.1515,3,7,39.05,0.2,7,338.6889343261719
HD,HL,BOTTOM,1.0,sigma_tide,0.4424,7,5,23.82,0.4,5,342.6488342285156
HD,LH,TOP,3.0,reg_value_tide,-0.6848,5,0,0.0,0.2,0,356.50848388671875
HD,HH,TOP,4.0,reg_value_tide,-0.6788,5,0,0.0,0.3,0,361.7461242675781
HD,LH,TOP,5.0,reg_value_tide,-0.6121,5,2,9.69,0.1,2,347.1354675292969
HD,LL,BOTTOM,2.0,kf_price_filt_vel,-0.2121,3,2,10.12,-0.4,2,333.0904846191406
HD,LL,BOTTOM,1.0,kf_price_pred_val,-0.0121,2,1,4.92,-0.6,1,326.97503662109375
HD,HL,BOTTOM,1.0,sigma_tide,0.0788,2,3,38.48,-0.1,3,346.6282653808594
HD,HH,TOP,,,0.0,0,0,0.0,0.0,0,369.2952880859375
HD,HH,TOP,,,0.0,0,0,0.0,0.0,0,371.3923034667969
HD,LL,BOTTOM,,,0.0,0,1,4.21,0.0,1,342.2953186035156
HD,LL,BOTTOM,1.0,vwap_sigma_wave,0.0545,1,0,0.0,0.0,0,340.57781982421875
HD,HH,TOP,1.0,reg_value_current,0.2,2,1,4.25,0.3,1,407.8477783203125
HD,HH,TOP,1.0,reg_value_current,0.1939,2,1,4.31,0.2,1,417.90509033203125
HD,LH,TOP,1.0,reg_value_current,0.1758,2,1,4.36,-0.0,1,417.1845703125
HD,LL,BOTTOM,1.0,kf_price_pred_val,0.5212,8,4,25.81,-0.8,4,330.1432189941406
HD,LL,BOTTOM,1.0,kf_rsi_pred_val,0.6182,8,4,26.58,-0.7,4,328.05084228515625
HD,HL,BOTTOM,1.0,kf_rsi_pred_val,0.6667,8,3,24.33,-0.5,3,338.8483581542969
HD,LH,TOP,,,0.0,0,0,0.0,0.0,0,387.62847900390625
HD,HH,TOP,,,0.0,0,0,0.0,0.0,0,388.45294189453125
HD,LL,BOTTOM,1.0,vwap_sigma_tide,-0.3394,7,2,8.44,-0.5,2,326.6499938964844
HD,LL,BOTTOM,1.0,wave_slope,-0.2727,6,2,9.49,-0.3,2,318.7699890136719
HD,HL,BOTTOM,1.0,vwap_sigma_tide,-0.2121,6,3,20.59,0.3,3,336.1600036621094
HD,LH,TOP,1.0,fear_level,-0.1333,3,0,0.0,0.0,0,350.989990234375
HD,LH,TOP,2.0,fear_level,-0.1455,3,0,0.0,0.0,0,343.9200134277344
HD,LL,BOTTOM,1.0,vwap_sigma_tide,0.2061,3,2,10.89,0.1,2,304.6199951171875
HON,UNKNOWN,BOTTOM,8.0,rsi_value,-0.0303,1,0,0.0,0.0,0,41.14327621459961
HON,HL,BOTTOM,9.0,rsi_value,-0.0424,1,0,0.0,0.0,0,41.56484603881836
HON,HH,TOP,1.0,current_slope,-0.0545,2,1,4.14,-0.2,1,52.23860549926758
HON,HH,TOP,1.0,current_slope,0.0,1,1,4.11,0.0,1,52.80367660522461
HON,HL,BOTTOM,4.0,current_slope,-0.1273,1,0,0.0,0.0,0,50.57025909423828
HON,LL,BOTTOM,5.0,current_slope,-0.1455,1,0,0.0,0.0,0,49.9423828125
HON,HH,TOP,7.0,vwap_sigma_wave,-0.0182,1,0,0.0,0.0,0,55.11781692504883
HON,LH,TOP,8.0,vwap_sigma_wave,-0.0303,1,0,0.0,0.0,0,54.427154541015625
HON,LL,BOTTOM,9.0,kf_price_filt_vel,-0.0848,2,0,0.0,-0.0,0,49.08131790161133
HON,LL,BOTTOM,10.0,kf_price_filt_vel,-0.1091,2,0,0.0,-0.2,0,48.54314422607422
HON,HL,BOTTOM,,,0.0,0,0,0.0,-0.4,0,48.84811782836914
HON,HH,TOP,,,0.0,0,0,0.0,0.0,0,54.60655212402344
HON,HH,TOP,,,0.0,0,0,0.0,0.6,0,55.35103225708008
HON,LL,BOTTOM,2.0,kf_rsi_pred_val,0.1394,3,2,8.86,-0.2,2,47.70897674560547
HON,HL,BOTTOM,1.0,vwap_sigma_current,0.1636,3,0,0.0,-0.4,0,48.4803581237793
HON,HH,TOP,8.0,kf_price_filt_vel,-0.0909,3,0,0.0,0.0,0,55.404842376708984
HON,LH,TOP,9.0,kf_price_filt_vel,-0.1273,3,0,0.0,0.0,0,54.88460922241211
HON,LL,BOTTOM,,,0.0,0,0,0.0,-0.6,0,48.39058303833008
HON,HL,BOTTOM,,,0.0,0,3,21.15,-0.3,3,50.677894592285156
HON,LH,TOP,6.0,kf_price_pred_val,-0.1091,3,0,0.0,0.0,0,54.247772216796875
HON,LH,TOP,7.0,kf_price_pred_val,-0.1818,3,0,0.0,0.0,0,52.95615005493164
HON,LL,BOTTOM,,,0.0,0,0,0.0,0.1,0,50.54336166381836
HON,LL,BOTTOM,,,0.0,0,0,0.0,-0.0,0,49.78990173339844
HON,HL,BOTTOM,,,0.0,0,0,0.0,0.3,0,50.71376419067383
HON,HH,TOP,,,0.0,0,1,4.11,-0.0,1,53.06379318237305
HON,HH,TOP,1.0,kf_price_pred_val,0.0545,1,0,0.0,-0.2,0,53.4853630065918
HON,LH,TOP,2.0,kf_price_pred_val,0.0424,1,0,0.0,-0.4,0,53.081722259521484
HON,LL,BOTTOM,,,0.0,0,0,0.0,0.0,0,49.431129455566406
HON,LL,BOTTOM,,,0.0,0,0,0.0,0.0,0,48.69561767578125
HON,HH,TOP,,,0.0,0,0,0.0,0.0,0,55.60218048095703
HON,HH,TOP,,,0.0,0,0,0.0,0.0,0,55.996822357177734
HON,LH,TOP,,,0.0,0,0,0.0,0.0,0,55.44071960449219
HON,LL,BOTTOM,1.0,vwap_sigma_tide,-0.5273,7,2,11.9,-0.2,2,44.38127899169922
HON,LL,BOTTOM,1.0,vwap_sigma_tide,-0.497,7,4,23.38,-0.3,4,42.910274505615234
HON,HL,BOTTOM,1.0,vwap_sigma_tide,-0.3636,7,3,15.66,-0.8,3,44.309513092041016
HON,LH,TOP,1.0,vwap_sigma_tide,0.0545,6,3,14.84,-0.1,3,46.92863845825195
HON,HH,TOP,1.0,kf_price_pred_val,0.0848,6,2,9.51,-0.5,2,47.29637908935547
HON,LH,TOP,1.0,fear_level,0.0727,6,4,17.78,-0.3,4,46.08549118041992
HON,LL,BOTTOM,1.0,d_current_slope,1.7879,17,21,194.91,-0.4,21,28.15538215637207
HON,LL,BOTTOM,1.0,kf_price_pred_val,1.7939,21,19,176.61,-0.7,19,27.44679832458496
HON,LH,TOP,1.0,wave_slope,1.5939,21,20,267.4,-0.4,20,29.985158920288086
HON,LH,TOP,1.0,kf_price_filt_vel,1.7333,21,16,150.94,-0.9,16,28.79222869873047
HON,LL,BOTTOM,1.0,wave_slope,1.0121,21,20,243.92,0.2,20,26.083419799804688
HON,HL,BOTTOM,1.0,wave_slope,0.6182,21,17,176.86,0.4,17,27.742774963378906
HON,LH,TOP,1.0,wave_slope,0.303,21,16,186.4,0.3,16,26.343536376953125
HON,LL,BOTTOM,1.0,wave_slope,-0.2,20,19,266.0,-1.3,19,23.518131256103516
HON,HL,BOTTOM,1.0,wave_slope,0.0727,20,18,353.6,-0.5,18,26.280750274658203
HON,HH,TOP,1.0,wave_slope,-0.2788,19,13,204.48,-0.5,13,27.72484588623047
HON,HH,TOP,1.0,wave_slope,-0.4909,19,14,203.22,-0.7,14,29.420087814331055
HON,LH,TOP,1.0,wave_slope,-0.6121,19,16,223.38,-0.3,16,27.79660987854004
HON,LL,BOTTOM,1.0,current_slope,-0.2788,18,14,199.21,-0.4,14,24.558597564697266
HON,LL,BOTTOM,1.0,current_slope,-0.0848,16,14,193.53,-0.2,14,23.96660804748535
HON,HL,BOTTOM,1.0,current_slope,0.0242,16,16,252.51,0.1,16,25.823293685913086
HON,LH,TOP,1.0,current_slope,0.1333,16,13,179.29,-0.0,13,24.53169822692871
HON,LL,BOTTOM,1.0,current_slope,-0.1939,16,15,218.58,-0.5,15,21.86773681640625
HON,LL,BOTTOM,1.0,current_slope,-0.0303,16,13,192.04,-0.8,13,21.230897903442383
HON,HL,BOTTOM,1.0,current_slope,0.0364,16,14,240.99,-0.2,14,22.764690399169922
HON,HH,TOP,1.0,vwap_spread_current_wave,-0.297,16,11,163.48,0.3,11,24.9891357421875
HON,HL,BOTTOM,1.0,vwap_spread_current_wave,-0.2545,15,10,150.46,-0.5,10,23.76927947998047
HON,LL,BOTTOM,1.0,vwap_spread_current_wave,-0.3939,15,13,166.8,-1.2,13,22.854385375976562
HON,HL,BOTTOM,1.0,vwap_spread_current_wave,-0.2,14,14,166.5,-1.2,14,23.805147171020508
HON,HH,TOP,1.0,d_current_slope,0.0182,11,9,143.51,-0.8,9,30.926969528198242
HON,HH,TOP,1.0,d_current_slope,0.097,11,10,144.92,-0.6,10,32.326210021972656
HON,LH,TOP,1.0,kf_conjugation_pred_val,0.1758,11,11,150.85,-0.2,11,30.900062561035156
HON,HL,BOTTOM,1.0,vwap_spread_tide_current,-0.3394,11,7,87.89,-0.1,7,28.280956268310547
HON,HL,BOTTOM,1.0,vwap_spread_tide_current,-0.4,11,7,84.63,0.2,7,29.052337646484375
HON,LH,TOP,1.0,vwap_spread_tide_current,-0.1697,9,7,72.48,-0.7,7,30.415706634521484
HON,HH,TOP,1.0,vwap_spread_tide_current,-0.1939,9,8,74.64,-0.8,8,31.13327980041504
HON,LH,TOP,1.0,vwap_spread_tide_current,-0.0303,8,10,105.84,0.1,10,29.303483963012695
HON,LL,BOTTOM,1.0,tide_slope,0.097,10,7,69.84,0.6,7,28.5500431060791
HON,LL,BOTTOM,1.0,tide_slope,0.0727,10,6,65.47,0.8,6,28.424468994140625
HON,HL,BOTTOM,1.0,tide_slope,-0.0061,10,6,65.43,-0.0,6,29.016468048095703
HON,HH,TOP,1.0,tide_slope,0.0909,10,7,70.45,0.6,7,30.092803955078125
HON,LH,TOP,1.0,tide_slope,-0.0121,10,10,93.94,1.6,10,28.675615310668945
HON,LL,BOTTOM,1.0,d_current_slope,0.5576,14,12,130.3,-0.5,12,20.836238861083984
HON,HL,BOTTOM,1.0,d_current_slope,0.5758,14,11,190.5,-1.2,11,22.809528350830078
HON,LH,TOP,1.0,tide_slope,-0.3152,12,7,60.95,-1.0,7,25.966815948486328
HON,HH,TOP,1.0,tide_slope,-0.1758,10,10,75.34,0.3,10,27.285337448120117
HON,LH,TOP,1.0,tide_slope,0.0545,10,8,66.87,0.3,8,26.23590087890625
HON,HL,BOTTOM,1.0,tide_slope,0.1091,10,9,103.16,0.4,9,24.94428825378418
HON,HL,BOTTOM,1.0,tide_slope,0.297,10,6,56.34,-0.2,6,24.9891357421875
HON,HH,TOP,1.0,tide_slope,-0.0364,11,8,72.31,0.6,8,27.50957489013672
HON,HH,TOP,1.0,tide_slope,-0.097,11,7,69.83,0.1,7,28.245086669921875
HON,LH,TOP,1.0,tide_slope,-0.2364,11,9,82.59,-0.2,9,28.245086669921875
HON,HL,BOTTOM,1.0,tide_slope,0.0545,11,10,106.14,0.5,10,26.720247268676758
HON,HL,BOTTOM,1.0,tide_slope,0.2242,11,7,72.34,-0.4,7,27.410911560058594
HON,HH,TOP,1.0,tide_slope,0.1394,11,11,98.42,0.4,11,28.424468994140625
HON,HH,TOP,1.0,tide_slope,0.2727,11,9,94.71,0.2,9,29.043367385864258
HON,LH,TOP,1.0,tide_slope,0.1818,11,8,87.23,-0.1,8,28.209199905395508
HON,LL,BOTTOM,1.0,tide_slope,0.3333,11,11,92.25,0.3,11,27.177701950073242
HON,LL,BOTTOM,1.0,tide_slope,0.3515,11,8,69.13,-0.1,8,26.3973445892334
HON,HL,BOTTOM,1.0,tide_slope,0.1455,11,11,78.47,0.8,11,27.715866088867188
HON,HH,TOP,1.0,d_current_slope,0.297,13,10,78.35,-0.5,10,29.698144912719727
HON,HH,TOP,1.0,tide_slope,0.2424,13,10,99.58,-0.9,10,31.142240524291992
HON,HL,BOTTOM,1.0,tide_slope,0.2061,13,11,98.06,-0.1,11,29.698144912719727
HON,LL,BOTTOM,1.0,tide_slope,0.103,13,10,101.88,0.2,10,28.13744354248047
HON,HL,BOTTOM,1.0,kf_price_pred_val,0.1091,13,8,59.32,0.6,8,28.630767822265625
HON,HH,TOP,1.0,tide_slope,-0.0242,8,6,40.12,-0.3,6,31.931568145751953
HON,HH,TOP,1.0,tide_slope,-0.0242,8,6,40.67,-0.9,6,32.10197067260742
HON,LH,TOP,1.0,conj_current_tide,-0.0242,8,6,42.09,-1.3,6,31.761137008666992
HON,LL,BOTTOM,1.0,tide_slope,0.0667,9,6,32.6,0.2,6,27.19565200805664
HON,LL,BOTTOM,1.0,d_tide_slope,0.1152,9,4,24.43,-0.3,4,26.289718627929688
HON,HL,BOTTOM,1.0,d_tide_slope,0.0303,9,5,25.71,-0.2,5,26.442201614379883
HON,HH,TOP,1.0,d_tide_slope,-0.0121,6,3,28.33,-0.6,3,35.96786117553711
HON,HH,TOP,1.0,d_tide_slope,-0.0788,6,3,22.32,-0.6,3,36.0306396484375
HON,HL,BOTTOM,1.0,current_accel,-0.2788,3,2,11.43,-0.4,2,32.649112701416016
HON,LL,BOTTOM,1.0,current_accel,-0.1879,3,2,14.33,-0.4,2,31.931568145751953
HON,LH,TOP,10.0,current_accel,-0.1091,2,0,0.0,0.0,0,33.151424407958984
HON,HH,TOP,,,0.0,0,0,0.0,0.0,0,34.559635162353516
HON,LH,TOP,,,0.0,0,0,0.0,0.0,0,34.317447662353516
HON,HL,BOTTOM,,,0.0,0,0,0.0,0.6,0,33.36668395996094
HON,LL,BOTTOM,,,0.0,0,0,0.0,0.3,0,32.191673278808594
HON,HH,TOP,,,0.0,0,0,0.0,0.0,0,37.053165435791016
HON,LH,TOP,,,0.0,0,0,0.0,0.0,0,36.99934768676758
HON,HL,BOTTOM,,,0.0,0,0,0.0,0.0,0,35.46554946899414
HON,LL,BOTTOM,,,0.0,0,0,0.0,0.0,0,35.11573791503906
HON,HH,TOP,,,0.0,0,0,0.0,-0.3,0,38.43448257446289
HON,LH,TOP,,,0.0,0,0,0.0,-0.7,0,37.99496841430664
HON,LL,BOTTOM,2.0,kf_price_pred_val,0.0424,1,4,17.07,-0.4,4,33.0706901550293
HON,HL,BOTTOM,1.0,vwap_sigma_current,0.2485,4,2,8.48,0.0,2,33.92280578613281
HON,HH,TOP,2.0,kf_rsi_pred_val,0.1758,3,0,0.0,0.0,0,42.20167922973633
HON,HH,TOP,3.0,kf_rsi_pred_val,0.0909,3,0,0.0,0.2,0,43.52020263671875
HON,LH,TOP,4.0,kf_rsi_pred_val,0.0727,3,0,0.0,0.5,0,42.57840347290039
HON,HL,BOTTOM,8.0,kf_rsi_pred_val,-0.2182,3,1,7.55,-0.7,1,39.73505783081055
HON,LL,BOTTOM,1.0,kf_price_pred_val,-0.2364,3,2,8.27,-0.6,2,39.03543472290039
HON,LH,TOP,1.0,kf_price_filt_vel,0.2788,3,0,0.0,0.0,0,41.12534713745117
HON,HH,TOP,2.0,kf_price_filt_vel,0.2061,3,0,0.0,0.0,0,42.04022979736328
HON,LH,TOP,3.0,kf_price_filt_vel,0.1333,3,0,0.0,1.2,0,41.430301666259766
HON,LL,BOTTOM,1.0,kf_price_filt_vel,-0.1455,3,7,35.1,-0.3,7,35.87815475463867
HON,HL,BOTTOM,1.0,kf_price_pred_val,0.2,7,2,8.41,-0.6,2,36.26383590698242
HON,LH,TOP,1.0,kf_conjugation_pred_val,0.4909,7,2,9.96,-0.7,2,37.25049591064453
HON,HH,TOP,1.0,kf_conjugation_pred_val,0.3212,7,3,14.06,-0.2,3,38.60488510131836
HON,LH,TOP,1.0,kf_price_pred_val,0.1818,7,1,4.02,0.0,1,38.34477996826172
HON,LL,BOTTOM,1.0,sigma_tide,0.2242,4,1,4.73,-0.1,1,34.577571868896484
HON,LL,BOTTOM,1.0,sigma_tide,0.2182,4,1,4.47,-0.3,1,34.559635162353516
HON,HH,TOP,5.0,d_current_slope,-0.1818,3,0,0.0,0.4,0,39.44803237915039
HON,HH,TOP,6.0,d_current_slope,-0.2788,3,0,0.0,-0.1,0,39.573604583740234
HON,LH,TOP,7.0,d_current_slope,-0.1758,2,2,8.95,-0.0,2,39.259674072265625
HON,HL,BOTTOM,6.0,kf_price_filt_vel,-0.1758,3,0,0.0,0.2,0,34.819759368896484
HON,LL,BOTTOM,7.0,kf_price_filt_vel,-0.0364,2,1,4.03,0.1,1,34.71211624145508
HON,HL,BOTTOM,1.0,kf_rsi_pred_val,-0.0061,2,2,9.7,0.3,2,35.564212799072266
HON,HH,TOP,,,0.0,0,0,0.0,0.0,0,51.449275970458984
HON,HH,TOP,,,0.0,0,0,0.0,0.0,0,52.014366149902344
HON,HL,BOTTOM,,,0.0,0,0,0.0,-0.2,0,49.816810607910156
HON,LL,BOTTOM,,,0.0,0,1,4.76,0.0,1,48.73150634765625
HON,HL,BOTTOM,1.0,vwap_sigma_wave,0.0545,1,0,0.0,0.0,0,49.520835876464844
HON,HH,TOP,1.0,kf_price_pred_val,0.1636,3,0,0.0,0.0,0,54.10426712036133
HON,HH,TOP,2.0,kf_price_pred_val,0.1273,3,0,0.0,0.0,0,55.611141204833984
HON,LH,TOP,3.0,kf_price_pred_val,0.0909,3,0,0.0,0.0,0,55.12679672241211
HON,HL,BOTTOM,1.0,sigma_tide,0.2,2,1,5.13,-0.2,1,50.642024993896484
HON,LL,BOTTOM,1.0,sigma_tide,0.1939,2,2,11.06,0.1,2,49.8078498840332
HON,LH,TOP,,,0.0,0,0,0.0,0.0,0,53.53917694091797
HON,HH,TOP,,,0.0,0,0,0.0,0.0,0,54.21189498901367
HON,LH,TOP,,,0.0,0,0,0.0,0.0,0,53.404624938964844
HON,LL,BOTTOM,1.0,sigma_tide,0.8606,10,13,123.01,-0.7,13,39.726078033447266
HON,HL,BOTTOM,1.0,kf_price_pred_val,1.0606,13,9,77.09,-1.6,9,41.94155502319336
HON,LH,TOP,1.0,kf_price_filt_vel,0.8848,13,12,90.26,-1.1,12,38.7663459777832
HON,LL,BOTTOM,1.0,d_tide_slope,1.0303,13,11,81.61,1.0,11,40.03105163574219
HON,HH,TOP,1.0,kf_price_filt_vel,0.7576,13,7,53.6,2.1,7,42.36313247680664
HON,LH,TOP,1.0,kf_conjugation_pred_val,0.2424,13,6,52.01,0.7,6,41.28678894042969
HON,LL,BOTTOM,1.0,kf_conjugation_pred_val,0.0121,14,13,109.61,-1.0,13,37.618247985839844
HON,HL,BOTTOM,1.0,kf_conjugation_pred_val,0.3515,14,11,123.8,-0.7,11,39.6094856262207
HON,HH,TOP,1.0,wave_slope,-0.1697,14,7,59.12,0.5,7,42.41694259643555
HON,HH,TOP,1.0,wave_slope,-0.5758,14,7,54.76,-0.3,7,42.883365631103516
HON,LH,TOP,1.0,wave_slope,-0.9273,14,9,62.34,-0.6,9,42.049198150634766
HON,LL,BOTTOM,1.0,current_slope,0.1758,11,7,45.61,-0.0,7,39.59154510498047
HON,HL,BOTTOM,1.0,current_slope,0.0182,11,5,37.42,-0.3,5,39.97724533081055
HON,HH,TOP,1.0,current_slope,-0.5394,11,5,31.84,0.2,5,42.44386672973633
HON,LH,TOP,1.0,current_slope,-0.4424,10,5,32.76,-0.0,5,41.932594299316406
HON,HL,BOTTOM,1.0,current_slope,-0.4727,10,8,62.55,-0.5,8,40.24632263183594
HON,LL,BOTTOM,1.0,kf_price_filt_vel,-0.1697,8,9,106.0,-0.2,9,37.64515686035156
HON,HL,BOTTOM,1.0,kf_price_pred_val,0.0788,9,6,43.15,-0.7,6,38.05774688720703
HON,LH,TOP,1.0,current_slope,0.1515,9,7,57.81,-0.0,7,39.28657913208008
HON,HH,TOP,1.0,kf_price_filt_vel,0.2364,9,9,72.12,0.5,9,40.48849868774414
HON,LH,TOP,1.0,kf_price_filt_vel,0.297,9,5,32.23,0.1,5,39.70814895629883
HON,LL,BOTTOM,1.0,current_slope,-0.0424,9,9,56.34,-0.6,9,37.95909881591797
HON,HL,BOTTOM,1.0,kf_price_pred_val,-0.0061,9,6,32.36,-0.8,6,39.161006927490234
HON,HH,TOP,1.0,d_current_slope,-0.0182,5,2,18.73,-0.6,2,46.10342025756836
HON,HH,TOP,1.0,d_current_slope,-0.103,5,6,53.16,-0.1,6,48.49830627441406
HON,LH,TOP,1.0,d_current_slope,0.097,6,3,21.78,-0.5,3,48.327877044677734
HON,HL,BOTTOM,1.0,d_current_slope,0.097,6,5,27.43,-0.3,5,47.0003776550293
HON,LL,BOTTOM,1.0,kf_price_filt_vel,0.2727,6,5,26.59,0.5,5,45.924041748046875
HON,HL,BOTTOM,1.0,kf_price_filt_vel,0.303,6,2,9.18,0.4,2,47.045230865478516
HON,LH,TOP,1.0,kf_conjugation_pred_val,-0.0545,6,3,23.27,0.2,3,48.04085159301758
HON,HH,TOP,1.0,kf_conjugation_pred_val,0.0121,5,3,22.22,-0.0,3,49.14409637451172
HON,LL,BOTTOM,1.0,kf_price_pred_val,-0.1152,4,2,8.96,-0.6,2,44.076316833496094
HON,LH,TOP,1.0,vwap_spread_current_wave,-0.0303,5,2,10.83,-0.0,2,49.063377380371094
HON,LH,TOP,1.0,vwap_spread_current_wave,-0.0061,5,2,10.5,-0.0,2,48.97369384765625
HON,HL,BOTTOM,1.0,vwap_spread_current_wave,-0.1273,5,2,10.44,-0.4,2,46.91965866088867
HON,LL,BOTTOM,1.0,vwap_spread_current_wave,-0.1636,5,3,14.53,-0.4,3,46.237972259521484
HON,HL,BOTTOM,1.0,vwap_spread_current_wave,0.0545,3,3,15.13,-0.2,3,47.00935363769531
HON,HH,TOP,,,0.0,0,0,0.0,0.0,0,55.41381072998047
HON,LH,TOP,,,0.0,0,0,0.0,0.0,0,54.983272552490234
HON,HL,BOTTOM,,,0.0,0,0,0.0,-0.7,0,51.924659729003906
HON,LL,BOTTOM,,,0.0,0,3,14.45,-0.4,3,50.74965286254883
HON,HL,BOTTOM,1.0,vwap_sigma_wave,0.1636,3,1,4.28,-0.4,1,51.19812774658203
HON,LH,TOP,10.0,kf_price_filt_vel,-0.1091,2,0,0.0,0.0,0,54.71418762207031
HON,HH,TOP,,,0.0,0,0,0.0,0.0,0,54.97429656982422
HON,LL,BOTTOM,1.0,vwap_sigma_current,-0.0848,4,4,20.88,-0.8,4,47.71794891357422
HON,HL,BOTTOM,1.0,vwap_sigma_current,0.2788,4,3,15.66,-0.4,3,47.79866409301758
HON,LH,TOP,8.0,kf_price_filt_vel,-0.4061,4,0,0.0,0.2,0,50.12178421020508
HON,HH,TOP,9.0,kf_price_filt_vel,-0.2485,3,0,0.0,0.1,0,50.74965286254883
HON,LH,TOP,10.0,kf_price_filt_vel,-0.1091,2,0,0.0,-0.0,0,50.71376419067383
HON,HL,BOTTOM,2.0,kf_price_pred_val,0.0424,1,0,0.0,-0.3,0,48.43551254272461
HON,LL,BOTTOM,3.0,kf_price_pred_val,0.0303,1,0,0.0,-0.6,0,47.466800689697266
HON,HL,BOTTOM,4.0,kf_price_pred_val,0.0182,1,3,31.47,0.0,3,50.085906982421875
HON,HH,TOP,,,0.0,0,0,0.0,0.0,0,56.328704833984375
HON,HH,TOP,,,0.0,0,0,0.0,0.0,0,56.983482360839844
HON,LH,TOP,,,0.0,0,0,0.0,0.0,0,55.71877670288086
HON,HL,BOTTOM,,,0.0,0,0,0.0,0.0,0,53.21627426147461
HON,LL,BOTTOM,,,0.0,0,0,0.0,0.0,0,53.054813385009766
HON,HH,TOP,10.0,kf_rsi_pred_val,-0.0545,1,0,0.0,0.0,0,67.14596557617188
HON,HH,TOP,,,0.0,0,0,0.0,0.0,0,67.70207977294922
HON,LH,TOP,,,0.0,0,0,0.0,0.0,0,67.42402648925781
HON,HL,BOTTOM,,,0.0,0,0,0.0,-0.2,0,64.48201751708984
HON,LL,BOTTOM,,,0.0,0,0,0.0,-0.4,0,64.10529327392578
HON,HL,BOTTOM,,,0.0,0,2,11.63,0.0,2,66.5360336303711
HON,HH,TOP,1.0,vwap_sigma_wave,0.0545,1,0,0.0,0.0,0,70.61717987060547
HON,HH,TOP,2.0,vwap_sigma_wave,0.0424,1,0,0.0,0.0,0,72.42903137207031
HON,HL,BOTTOM,,,0.0,0,0,0.0,0.0,0,69.72920227050781
HON,LL,BOTTOM,,,0.0,0,0,0.0,0.0,0,68.7963638305664
HON,HL,BOTTOM,,,0.0,0,0,0.0,0.0,0,69.65744018554688
HON,LH,TOP,,,0.0,0,0,0.0,-0.0,0,71.49620056152344
HON,HH,TOP,,,0.0,0,0,0.0,-0.2,0,72.51873016357422
HON,LH,TOP,,,0.0,0,0,0.0,-0.0,0,71.46927642822266
HON,LL,BOTTOM,2.0,kf_price_filt_vel,0.0848,2,0,0.0,-0.2,0,68.75151062011719
HON,HL,BOTTOM,3.0,kf_price_filt_vel,0.0606,2,0,0.0,-0.4,0,69.6484603881836
HON,HH,TOP,,,0.0,0,0,0.0,0.0,0,75.84642028808594
HON,HH,TOP,,,0.0,0,0,0.0,0.0,0,75.95404815673828
HON,HL,BOTTOM,,,0.0,0,0,0.0,-0.5,0,72.69811248779297
HON,LL,BOTTOM,,,0.0,0,2,10.86,-0.4,2,71.0835952758789
HON,HL,BOTTOM,1.0,vwap_sigma_wave,0.1091,2,2,8.68,-0.1,2,71.26298522949219
HON,HH,TOP,,,0.0,0,0,0.0,0.0,0,77.7210464477539
HON,HH,TOP,,,0.0,0,0,0.0,0.0,0,77.84661865234375
HON,LH,TOP,,,0.0,0,0,0.0,0.0,0,76.67161560058594
HON,HL,BOTTOM,,,0.0,0,0,0.0,0.0,0,74.30365753173828
HON,LL,BOTTOM,,,0.0,0,0,0.0,0.6,0,73.05689239501953
HON,HL,BOTTOM,,,0.0,0,0,0.0,0.3,0,73.76549530029297
HON,HH,TOP,,,0.0,0,0,0.0,0.0,0,84.98638153076172
HON,HH,TOP,,,0.0,0,0,0.0,0.0,0,85.60527801513672
HON,HL,BOTTOM,,,0.0,0,0,0.0,0.0,0,81.47929382324219
HON,LL,BOTTOM,,,0.0,0,0,0.0,0.0,0,80.99493408203125
HON,HL,BOTTOM,,,0.0,0,0,0.0,0.0,0,81.52413940429688
HON,HH,TOP,,,0.0,0,0,0.0,0.0,0,87.30949401855469
HON,LH,TOP,,,0.0,0,0,0.0,0.0,0,87.1749496459961
HON,HL,BOTTOM,1.0,kf_rsi_pred_val,0.097,1,1,4.11,-0.6,1,81.83807373046875
HON,LL,BOTTOM,1.0,kf_rsi_pred_val,0.1273,1,3,13.25,0.0,3,81.22814178466797
HON,HL,BOTTOM,1.0,sigma_tide,0.2545,3,0,0.0,0.0,0,81.58692932128906
HON,LH,TOP,,,0.0,0,0,0.0,0.0,0,86.45738983154297
HON,HH,TOP,,,0.0,0,0,0.0,0.0,0,86.5560531616211
HON,LL,BOTTOM,1.0,sigma_tide,0.4848,7,5,30.27,-1.0,5,77.30845642089844
HON,LL,BOTTOM,1.0,sigma_tide,0.5636,7,5,32.95,-0.6,5,76.3397445678711
HON,HL,BOTTOM,1.0,sigma_tide,0.6485,7,2,12.01,-0.6,2,77.48784637451172
HON,HH,TOP,,,0.0,0,0,0.0,0.0,0,95.47177124023438
HON,HH,TOP,,,0.0,0,0,0.0,0.0,0,95.83952331542969
HON,HL,BOTTOM,,,0.0,0,0,0.0,-0.2,0,92.24273681640625
HON,LL,BOTTOM,,,0.0,0,1,4.5,0.0,1,90.56543731689453
HON,HL,BOTTOM,1.0,vwap_sigma_wave,0.0545,1,0,0.0,0.0,0,90.75379943847656
HON,HH,TOP,,,0.0,0,0,0.0,0.0,0,96.24315643310547
HON,LH,TOP,,,0.0,0,0,0.0,0.0,0,94.51203155517578
HON,LL,BOTTOM,1.0,vwap_sigma_current,0.4364,8,6,46.63,-1.5,6,85.4617691040039
HON,LL,BOTTOM,1.0,sigma_tide,0.6667,8,5,40.65,-0.5,5,84.2508773803711
HON,HL,BOTTOM,1.0,kf_rsi_pred_val,0.7697,8,5,41.13,-0.2,5,87.7490005493164
HON,LH,TOP,6.0,sigma_tide,-0.1758,4,0,0.0,0.0,0,89.98241424560547
HON,HH,TOP,7.0,sigma_tide,-0.2364,4,0,0.0,0.2,0,90.55646514892578
HON,LH,TOP,8.0,sigma_tide,-0.0303,1,0,0.0,0.3,0,90.1707763671875
HON,LL,BOTTOM,1.0,sigma_tide,0.1273,1,4,20.05,-0.6,4,82.15200805664062
HON,HL,BOTTOM,1.0,sigma_tide,0.3091,4,2,10.1,-0.4,2,82.98617553710938
HON,HH,TOP,,,0.0,0,0,0.0,0.0,0,94.2160415649414
HON,HH,TOP,,,0.0,0,0,0.0,0.0,0,94.7452392578125
HON,HL,BOTTOM,,,0.0,0,0,0.0,-0.2,0,91.27403259277344
HON,LL,BOTTOM,,,0.0,0,2,13.46,-0.3,2,88.10778045654297
HON,LH,TOP,7.0,kf_price_filt_vel,-0.2364,3,0,0.0,-0.1,0,93.5792007446289
HON,HH,TOP,8.0,kf_price_filt_vel,-0.1879,3,1,4.14,0.2,1,94.48512268066406
HON,LH,TOP,1.0,geo_phase_angle,-0.1273,3,0,0.0,-0.0,0,93.69580841064453
HON,LL,BOTTOM,1.0,vwap_sigma_current,-0.0,1,0,0.0,-0.2,0,87.30052185058594
HON,LL,BOTTOM,2.0,vwap_sigma_current,0.0182,1,1,4.37,0.0,1,86.32284545898438
HON,HL,BOTTOM,1.0,vwap_sigma_current,0.0364,1,0,0.0,0.0,0,86.6278076171875
HON,HH,TOP,,,0.0,0,0,0.0,0.0,0,95.4986801147461
HON,HH,TOP,,,0.0,0,0,0.0,0.0,0,96.21624755859375
HON,HL,BOTTOM,,,0.0,0,0,0.0,-0.6,0,90.90628051757812
HON,HL,BOTTOM,,,0.0,0,3,17.9,0.0,3,94.96051025390625
HON,HH,TOP,,,0.0,0,0,0.0,0.0,0,107.05144500732422
HON,HH,TOP,,,0.0,0,0,0.0,0.0,0,107.5268325805664
HON,LH,TOP,,,0.0,0,0,0.0,0.0,0,106.43254852294922
HON,HL,BOTTOM,1.0,kf_price_pred_val,0.3273,6,3,18.44,-1.0,3,96.34303283691406
HON,LL,BOTTOM,1.0,kf_rsi_pred_val,0.4182,6,3,21.46,-0.8,3,95.42290496826172
HON,HL,BOTTOM,1.0,kf_rsi_pred_val,0.4727,6,4,19.31,0.0,4,96.9113540649414
HON,HH,TOP,,,0.0,0,0,0.0,-0.8,0,145.9939727783203
HON,HH,TOP,,,0.0,0,4,21.8,0.0,4,148.83555603027344
HON,HL,BOTTOM,2.0,kf_price_pred_val,0.0061,4,0,0.0,-0.8,0,136.38673400878906
HON,LL,BOTTOM,3.0,kf_price_pred_val,-0.0788,4,4,22.28,-0.2,4,131.7229461669922
HON,HL,BOTTOM,1.0,sigma_tide,0.0545,4,1,5.12,-0.1,1,133.4188690185547
HON,LH,TOP,8.0,sigma_tide,-0.0848,1,0,0.0,0.3,0,141.1768341064453
HON,LH,TOP,9.0,sigma_tide,-0.0424,1,0,0.0,-0.1,0,138.8494415283203
HON,LL,BOTTOM,1.0,sigma_tide,0.1636,4,1,6.53,-0.0,1,128.4844512939453
HON,HL,BOTTOM,1.0,sigma_tide,0.1091,4,1,4.72,-0.1,1,130.13526916503906
HON,LH,TOP,8.0,sigma_tide,-0.0727,1,0,0.0,0.0,0,133.6263427734375
HON,HH,TOP,9.0,sigma_tide,-0.097,1,0,0.0,0.0,0,135.8274383544922
HON,HL,BOTTOM,,,0.0,0,0,0.0,0.0,0,130.3607940673828
HON,LL,BOTTOM,,,0.0,0,0,0.0,0.0,0,128.9805908203125
HON,HL,BOTTOM,,,0.0,0,0,0.0,0.0,0,129.32337951660156
HON,HH,TOP,,,0.0,0,0,0.0,0.0,0,137.00015258789062
HON,HH,TOP,,,0.0,0,0,0.0,0.0,0,137.3519744873047
HON,LH,TOP,,,0.0,0,0,0.0,0.0,0,136.96408081054688
HON,LL,BOTTOM,1.0,kf_rsi_pred_val,0.1455,1,2,8.46,-0.4,2,129.1249237060547
HON,LL,BOTTOM,1.0,rsi_value,0.2061,2,2,8.38,0.0,2,129.11590576171875
HON,HL,BOTTOM,1.0,rsi_value,0.2424,2,0,0.0,0.0,0,129.94583129882812
HON,HH,TOP,,,0.0,0,0,0.0,0.0,0,151.83164978027344
HON,LH,TOP,,,0.0,0,0,0.0,0.0,0,151.4576416015625
HON,HL,BOTTOM,7.0,kf_rsi_pred_val,-0.1212,2,0,0.0,-0.9,0,137.3819122314453
HON,LL,BOTTOM,8.0,kf_rsi_pred_val,-0.1697,2,5,27.61,-0.4,5,132.58358764648438
HON,HL,BOTTOM,1.0,rsi_value,0.1212,5,1,4.74,-0.6,1,134.53575134277344
HON,LH,TOP,7.0,rsi_value,-0.4121,5,0,0.0,0.0,0,141.51318359375
HON,HH,TOP,8.0,rsi_value,-0.2,2,0,0.0,0.0,0,141.8429412841797
HON,LH,TOP,9.0,rsi_value,-0.1939,2,0,0.0,0.0,0,141.62623596191406
HON,LL,BOTTOM,1.0,vwap_sigma_tide,0.4182,5,7,48.48,-0.6,7,117.61045837402344
HON,HH,TOP,3.0,kf_rsi_pred_val,0.0909,2,1,4.11,-0.2,1,162.57057189941406
HON,HH,TOP,1.0,rsi_value,0.0606,2,1,4.66,0.0,1,163.58810424804688
HON,LH,TOP,1.0,rsi_value,0.0182,2,0,0.0,0.0,0,161.05368041992188
HON,HL,BOTTOM,,,0.0,0,0,0.0,0.0,0,155.88119506835938
HON,LL,BOTTOM,,,0.0,0,0,0.0,0.0,0,154.80712890625
HON,HH,TOP,,,0.0,0,0,0.0,0.0,0,166.40518188476562
HON,HH,TOP,,,0.0,0,0,0.0,0.0,0,168.0822296142578
HON,LL,BOTTOM,,,0.0,0,0,0.0,-0.5,0,153.4786834716797
HON,LL,BOTTOM,,,0.0,0,5,25.1,-0.0,5,147.4394073486328
HON,LH,TOP,7.0,kf_price_filt_vel,-0.1515,3,0,0.0,0.0,0,159.80059814453125
HON,HH,TOP,8.0,kf_price_filt_vel,-0.1455,3,0,0.0,0.0,0,161.3740234375
HON,LH,TOP,9.0,kf_price_filt_vel,-0.1273,3,0,0.0,0.0,0,158.87728881835938
HON,HL,BOTTOM,,,0.0,0,0,0.0,0.0,0,153.7424774169922
HON,LL,BOTTOM,,,0.0,0,0,0.0,0.0,0,149.4462127685547
HON,HL,BOTTOM,,,0.0,0,0,0.0,0.0,0,150.5956573486328
HON,HH,TOP,,,0.0,0,0,0.0,0.0,0,170.3717041015625
HON,HH,TOP,,,0.0,0,0,0.0,0.0,0,171.4834442138672
HON,LH,TOP,,,0.0,0,0,0.0,0.0,0,171.4269256591797
HON,HL,BOTTOM,,,0.0,0,0,0.0,0.0,0,164.2382049560547
HON,LL,BOTTOM,,,0.0,0,0,0.0,0.0,0,162.57057189941406
HON,HL,BOTTOM,,,0.0,0,0,0.0,0.0,0,163.19239807128906
HON,HH,TOP,,,0.0,0,0,0.0,0.0,0,171.718994140625
HON,HH,TOP,,,0.0,0,0,0.0,0.0,0,172.6328887939453
HON,LL,BOTTOM,,,0.0,0,2,9.58,0.0,2,161.41171264648438
HON,HL,BOTTOM,1.0,vwap_sigma_current,0.1091,2,0,0.0,0.0,0,165.0767364501953
HON,LH,TOP,6.0,vwap_sigma_current,-0.0121,2,0,0.0,0.0,0,168.7888641357422
HON,HH,TOP,7.0,vwap_sigma_current,-0.0364,2,0,0.0,0.0,0,170.7014617919922
HON,LH,TOP,8.0,vwap_sigma_current,-0.0606,2,0,0.0,0.0,0,169.7027587890625
HON,LL,BOTTOM,1.0,kf_price_pred_val,0.2727,5,3,19.55,-0.8,3,157.51113891601562
HON,LL,BOTTOM,1.0,vwap_sigma_current,0.3758,5,6,51.88,-0.3,6,150.32241821289062
HON,HL,BOTTOM,1.0,vwap_sigma_current,0.6061,6,2,10.92,-0.4,2,152.7908935546875
HON,LH,TOP,1.0,kf_price_filt_vel,0.4606,6,0,0.0,0.4,0,152.52708435058594
HON,HH,TOP,2.0,kf_price_filt_vel,0.2424,6,3,36.85,0.8,3,161.2892303466797
HON,LH,TOP,1.0,kf_price_filt_vel,0.1879,6,0,0.0,2.3,0,155.38185119628906
HON,LL,BOTTOM,3.0,kf_price_filt_vel,-0.3212,6,6,74.77,1.0,6,144.01934814453125
HON,HL,BOTTOM,1.0,kf_price_pred_val,-0.2485,6,2,12.09,0.9,2,152.33865356445312
HON,LH,TOP,1.0,kf_price_filt_vel,-0.1333,6,3,17.55,1.2,3,144.51869201660156
HON,LL,BOTTOM,1.0,vwap_sigma_tide,-0.0606,6,13,225.61,2.6,13,127.05094909667969
HON,HL,BOTTOM,1.0,kf_price_pred_val,0.7576,13,5,87.47,1.8,5,140.7688751220703
HON,LL,BOTTOM,1.0,d_current_slope,1.2667,16,15,203.38,-0.9,15,97.85325622558594
HON,HL,BOTTOM,1.0,d_current_slope,1.4061,16,14,385.53,-1.4,14,112.59813690185547
HON,LH,TOP,1.0,kf_price_filt_vel,1.1152,16,15,348.73,-0.4,15,122.15169525146484
HON,HH,TOP,1.0,kf_price_pred_val,0.8,16,10,181.5,-1.1,10,129.45347595214844
HON,LH,TOP,1.0,kf_price_pred_val,0.7333,16,14,136.74,0.2,14,123.6780014038086
HON,HL,BOTTOM,1.0,wave_slope,-0.5455,15,8,95.21,-0.8,8,125.12893676757812
HON,LL,BOTTOM,1.0,wave_slope,-0.7455,15,11,111.27,-0.1,11,120.07892608642578
HON,HH,TOP,1.0,wave_slope,-0.5455,15,8,82.4,-0.1,8,131.19647216796875
HON,HH,TOP,1.0,wave_slope,-0.3697,14,8,75.45,-0.4,8,135.1347198486328
HON,HL,BOTTOM,1.0,current_slope,-0.2667,11,5,37.94,0.2,5,127.85179138183594
HON,LL,BOTTOM,1.0,current_slope,-0.2788,10,5,38.47,0.3,5,124.36578369140625
HON,HL,BOTTOM,1.0,current_slope,-0.2848,10,5,39.75,-0.1,5,125.33621215820312
HON,LH,TOP,1.0,vwap_spread_current_wave,-0.3636,10,6,46.03,-0.1,6,134.50347900390625
HON,HH,TOP,1.0,vwap_spread_current_wave,-0.3212,10,4,35.28,-0.7,4,137.7068328857422
HON,LH,TOP,1.0,vwap_spread_current_wave,-0.1758,7,6,46.72,-0.7,6,133.69320678710938
HON,LL,BOTTOM,1.0,vwap_spread_current_wave,-0.0485,7,6,39.53,-0.2,6,120.21083068847656
HON,LL,BOTTOM,1.0,kf_price_pred_val,0.0485,7,6,36.19,-0.5,6,115.8580322265625
HON,HL,BOTTOM,1.0,kf_price_pred_val,0.0121,7,7,33.17,-0.6,7,119.70206451416016
HON,HH,TOP,1.0,d_current_slope,-0.1758,5,3,17.88,-1.0,3,153.49752807617188
HON,LH,TOP,1.0,d_current_slope,-0.2182,5,5,45.91,-0.8,5,148.95628356933594
HON,HL,BOTTOM,1.0,kf_price_pred_val,-0.2061,4,0,0.0,-0.2,0,134.2208251953125
HON,LL,BOTTOM,2.0,kf_price_pred_val,-0.1091,3,0,0.0,-0.4,0,130.2166290283203
HON,HH,TOP,1.0,d_current_slope,0.1273,3,2,12.04,-0.4,2,158.25546264648438
HON,HH,TOP,1.0,d_current_slope,0.1758,3,2,11.24,0.0,2,162.4951934814453
HON,LH,TOP,1.0,d_current_slope,0.2,3,0,0.0,0.0,0,156.68203735351562
HON,HL,BOTTOM,2.0,kf_price_pred_val,0.1273,3,0,0.0,0.0,0,149.60638427734375
HON,LL,BOTTOM,3.0,kf_price_pred_val,0.0909,3,0,0.0,0.0,0,149.57810974121094
HON,HL,BOTTOM,4.0,kf_price_pred_val,0.0545,3,0,0.0,0.0,0,152.1502227783203
HON,HH,TOP,,,0.0,0,0,0.0,0.3,0,162.8720703125
HON,HH,TOP,,,0.0,0,0,0.0,0.1,0,166.62188720703125
HON,LH,TOP,,,0.0,0,0,0.0,-0.1,0,165.3876495361328
HON,HL,BOTTOM,,,0.0,0,1,4.09,0.7,1,157.10601806640625
HON,LL,BOTTOM,1.0,kf_price_pred_val,0.0545,1,1,7.27,0.3,1,151.8393096923828
HON,HL,BOTTOM,1.0,kf_price_pred_val,0.097,1,0,0.0,0.1,0,155.08035278320312
HON,HH,TOP,1.0,d_tide_slope,0.1939,7,7,45.56,-0.2,7,199.71070861816406
HON,HH,TOP,1.0,d_tide_slope,0.1818,7,7,46.97,-0.5,7,202.2168731689453
HON,HL,BOTTOM,1.0,d_current_slope,0.4364,7,6,39.53,-0.9,6,191.10874938964844
HON,LL,BOTTOM,1.0,current_accel,0.4,7,5,33.63,-1.4,5,184.07077026367188
HON,HH,TOP,,,0.0,0,0,0.0,-0.4,0,216.54721069335938
HON,HH,TOP,,,0.0,0,2,8.59,0.0,2,218.6859130859375
HON,HL,BOTTOM,4.0,kf_rsi_pred_val,-0.1152,6,0,0.0,-0.8,0,194.9390869140625
HON,LL,BOTTOM,5.0,kf_rsi_pred_val,-0.2727,6,4,23.37,0.0,4,187.18096923828125
HON,HL,BOTTOM,1.0,kf_price_filt_vel,-0.2121,6,0,0.0,0.0,0,191.08505249023438
HON,LH,TOP,1.0,conj_wave_tide,0.2909,2,2,8.59,0.0,2,199.0042266845703
HON,LH,TOP,1.0,conj_wave_tide,0.2545,2,0,0.0,0.0,0,197.1162109375
HON,LL,BOTTOM,,,0.0,0,0,0.0,-0.6,0,184.7718963623047
HON,LL,BOTTOM,,,0.0,0,3,14.19,-0.2,3,181.53419494628906
HON,LH,TOP,,,0.0,0,0,0.0,-0.0,0,194.5790252685547
HON,HH,TOP,,,0.0,0,0,0.0,-0.3,0,198.88461303710938
HON,LH,TOP,,,0.0,0,0,0.0,-0.6,0,196.7659912109375
HON,HL,BOTTOM,,,0.0,0,3,25.04,0.0,3,188.50511169433594
HON,HL,BOTTOM,1.0,kf_price_filt_vel,0.1636,3,0,0.0,0.0,0,196.193603515625
HON,HH,TOP,,,0.0,0,0,0.0,0.0,0,200.47523498535156
HON,LH,TOP,,,0.0,0,0,0.0,0.0,0,198.51112365722656
HON,LL,BOTTOM,1.0,vwap_sigma_current,-0.0242,3,1,4.21,-0.2,1,184.33358764648438
HON,LL,BOTTOM,1.0,vwap_sigma_current,-0.0424,3,1,5.56,0.0,1,182.0692901611328
HON,HL,BOTTOM,1.0,vwap_sigma_current,-0.0061,3,0,0.0,0.0,0,184.959716796875
HON,LH,TOP,6.0,geo_phase_angle,-0.0242,1,0,0.0,0.0,0,193.60516357421875
HON,HH,TOP,7.0,geo_phase_angle,-0.0485,1,0,0.0,0.0,0,195.33767700195312
HON,LH,TOP,8.0,geo_phase_angle,-0.0727,1,0,0.0,0.0,0,194.16616821289062
HON,LL,BOTTOM,1.0,kf_rsi_pred_val,0.5394,6,5,34.51,-1.1,5,174.20773315429688
HON,LL,BOTTOM,1.0,kf_rsi_pred_val,0.6788,6,6,43.91,-0.6,6,171.77862548828125
HON,HL,BOTTOM,1.0,kf_rsi_pred_val,0.8121,6,5,24.03,-0.0,5,175.7238006591797
HON,LH,TOP,1.0,geo_phase_angle,-0.0424,1,0,0.0,0.0,0,187.9986114501953
HON,HH,TOP,2.0,geo_phase_angle,-0.0848,1,0,0.0,0.0,0,189.01504516601562
HON,LH,TOP,3.0,geo_phase_angle,-0.1152,1,0,0.0,0.0,0,187.48178100585938
HON,LL,BOTTOM,1.0,vwap_sigma_tide,0.097,4,4,20.48,-0.0,4,157.2555389404297
HON,LL,BOTTOM,1.0,vwap_sigma_tide,0.2,4,5,27.99,-0.1,5,154.1545867919922
HON,HL,BOTTOM,1.0,vwap_sigma_tide,0.2788,5,3,15.15,-0.8,3,157.93092346191406
HON,LH,TOP,3.0,fear_level,-0.2242,2,1,5.61,0.0,1,168.6276397705078
HON,HH,TOP,1.0,geo_phase_angle,-0.1697,2,0,0.0,0.0,0,171.31268310546875
HON,HL,BOTTOM,,,0.0,0,0,0.0,0.2,0,162.54742431640625
HON,LL,BOTTOM,,,0.0,0,0,0.0,0.7,0,161.40408325195312
HON,HL,BOTTOM,,,0.0,0,0,0.0,0.9,0,164.4962158203125
HON,LH,TOP,,,0.0,0,1,4.21,-0.6,1,170.66310119628906
HON,HH,TOP,1.0,geo_phase_angle,0.0545,1,3,15.72,-0.6,3,178.29373168945312
HON,LH,TOP,1.0,kf_price_pred_val,0.2061,3,3,16.48,-0.4,3,171.38197326660156
HON,LL,BOTTOM,1.0,fear_level,-0.1333,3,2,9.82,-0.3,2,148.7555694580078
HON,LL,BOTTOM,1.0,fear_level,-0.1152,3,2,10.12,-0.5,2,147.57154846191406
HON,HL,BOTTOM,1.0,vwap_sigma_tide,-0.0848,3,2,9.29,-0.5,2,150.43576049804688
HON,HH,TOP,1.0,kf_rsi_pred_val,0.7636,7,5,22.94,-0.6,5,177.41722106933594
HON,HH,TOP,1.0,kf_conjugation_pred_val,0.8182,7,5,23.81,-0.0,5,178.23963928222656
HON,LH,TOP,1.0,kf_conjugation_pred_val,0.8121,7,2,10.73,-0.0,2,176.34983825683594
HON,LL,BOTTOM,1.0,fear_level,0.2788,6,5,22.33,-1.2,5,148.79843139648438
HON,LL,BOTTOM,1.0,fear_level,0.3697,6,6,29.69,0.4,6,146.086181640625
HON,HH,TOP,1.0,conj_wave_tide,-0.0727,7,7,41.74,0.7,7,193.469970703125
HON,HL,BOTTOM,4.0,vwap_spread_current_wave,-0.4,3,2,8.1,-0.4,2,184.66912841796875
HON,LL,BOTTOM,1.0,current_accel,-0.2606,3,4,21.52,-0.0,4,179.7718963623047
HON,HL,BOTTOM,1.0,current_accel,0.0,4,0,0.0,-0.4,0,184.871337890625
HON,LH,TOP,1.0,current_accel,0.1273,4,0,0.0,0.8,0,189.89163208007812
HON,HH,TOP,2.0,current_accel,0.0606,4,0,0.0,-0.4,0,190.445556640625
HON,LL,BOTTOM,,,0.0,0,0,0.0,-0.4,0,167.1744842529297
HON,LL,BOTTOM,,,0.0,0,2,8.94,0.0,2,163.19705200195312
HON,LH,TOP,,,0.0,0,0,0.0,0.2,0,185.9815673828125
HON,HH,TOP,,,0.0,0,0,0.0,0.0,0,186.3014373779297
HON,LH,TOP,,,0.0,0,0,0.0,-0.3,0,185.03977966308594
HON,HL,BOTTOM,,,0.0,0,0,0.0,0.0,0,164.83497619628906
HON,LL,BOTTOM,,,0.0,0,0,0.0,0.0,0,164.486572265625
HON,HL,BOTTOM,,,0.0,0,0,0.0,0.0,0,164.84390258789062
HON,LH,TOP,,,0.0,0,0,0.0,0.0,0,173.72398376464844
HON,HH,TOP,,,0.0,0,0,0.0,0.0,0,174.51907348632812
HON,LH,TOP,,,0.0,0,0,0.0,0.0,0,173.7061004638672
HON,LL,BOTTOM,1.0,fear_level,0.1152,2,3,15.05,-0.9,3,159.0995635986328
HON,LL,BOTTOM,1.0,vwap_sigma_tide,0.2121,3,3,16.67,-0.8,3,157.28602600097656
HON,HL,BOTTOM,1.0,vwap_sigma_current,0.2182,3,3,14.71,-0.4,3,158.12579345703125
HON,HH,TOP,,,0.0,0,1,4.0,-0.4,1,187.96495056152344
HON,HH,TOP,1.0,rsi_value,0.0545,1,2,8.42,0.0,2,188.45021057128906
HON,HL,BOTTOM,,,0.0,0,1,4.29,0.0,1,173.4431915283203
HON,HL,BOTTOM,1.0,vwap_sigma_wave,0.0545,1,0,0.0,0.0,0,174.00933837890625
HON,LH,TOP,,,0.0,0,0,0.0,0.0,0,185.3477020263672
HON,HH,TOP,,,0.0,0,0,0.0,0.0,0,185.4561309814453
HON,LL,BOTTOM,,,0.0,0,2,10.23,-0.5,2,172.32737731933594
HON,LL,BOTTOM,1.0,vwap_sigma_wave,0.1091,2,2,9.6,-0.2,2,172.00209045410156
HON,HL,BOTTOM,1.0,vwap_sigma_wave,0.1939,2,1,4.12,0.0,1,172.65264892578125
HON,HH,TOP,,,0.0,0,0,0.0,0.0,0,198.4463653564453
HON,HH,TOP,,,0.0,0,0,0.0,0.0,0,200.0269012451172
HON,LH,TOP,,,0.0,0,0,0.0,0.8,0,197.71969604492188
HON,HL,BOTTOM,9.0,kf_rsi_pred_val,-0.097,1,0,0.0,0.0,0,178.75344848632812
HON,LL,BOTTOM,10.0,kf_rsi_pred_val,-0.0545,1,0,0.0,0.0,0,178.69894409179688
HON,HL,BOTTOM,,,0.0,0,0,0.0,0.0,0,179.4892120361328
HON,HH,TOP,1.0,rsi_value,-0.0061,4,1,4.04,-0.2,1,202.29957580566406
HON,HH,TOP,1.0,rsi_value,-0.0364,4,1,4.36,-0.3,1,203.07589721679688
HON,LH,TOP,1.0,rsi_value,-0.0788,4,0,0.0,-0.6,0,201.2401123046875
HON,HL,BOTTOM,3.0,kf_price_pred_val,0.0545,3,0,0.0,0.0,0,188.12489318847656
HON,LL,BOTTOM,4.0,kf_price_pred_val,-0.0303,3,0,0.0,0.2,0,186.4991912841797
HON,HL,BOTTOM,5.0,kf_price_pred_val,-0.1152,3,0,0.0,0.1,0,187.85092163085938
HON,HH,TOP,,,0.0,0,0,0.0,-0.2,0,216.60374450683594
HON,LH,TOP,,,0.0,0,0,0.0,-0.4,0,213.96961975097656
HON,HL,BOTTOM,1.0,vwap_sigma_current,0.3212,5,1,4.94,-0.4,1,188.39935302734375
HON,LL,BOTTOM,1.0,vwap_sigma_current,0.1939,5,2,9.51,0.0,2,186.08648681640625
HON,LH,TOP,,,0.0,0,0,0.0,1.8,0,196.95553588867188
HON,HH,TOP,,,0.0,0,0,0.0,-0.1,0,199.2992706298828
HON,LH,TOP,,,0.0,0,3,14.6,-2.0,3,190.70872497558594
HON,LL,BOTTOM,1.0,kf_price_pred_val,0.5636,8,7,50.92,-1.6,7,172.97393798828125
HON,LL,BOTTOM,1.0,kf_price_pred_val,0.8121,8,7,50.87,-0.6,7,168.7294158935547
HON,HL,BOTTOM,1.0,kf_rsi_pred_val,0.9758,8,3,110.73,0.3,3,183.71444702148438
HON,HH,TOP,1.0,vwap_sigma_wave,0.1818,2,3,13.22,-0.4,3,221.89907836914062
HON,HH,TOP,1.0,kf_rsi_pred_val,0.297,3,2,9.09,0.0,2,222.95635986328125
HON,HL,BOTTOM,,,0.0,0,0,0.0,-0.7,0,190.39691162109375
HON,LL,BOTTOM,,,0.0,0,3,15.8,-0.4,3,187.30178833007812
HON,LH,TOP,6.0,kf_price_filt_vel,-0.1212,3,0,0.0,-0.6,0,192.61569213867188
HON,HH,TOP,7.0,kf_price_filt_vel,-0.1939,3,3,32.89,0.2,3,205.72337341308594
HON,LH,TOP,1.0,kf_price_pred_val,-0.103,3,0,0.0,0.1,0,201.5001983642578
HON,HL,BOTTOM,,,0.0,0,0,0.0,-0.2,0,189.62855529785156
HON,LL,BOTTOM,,,0.0,0,1,4.35,-0.1,1,187.21054077148438
HON,HL,BOTTOM,1.0,vwap_sigma_current,0.0545,1,0,0.0,-0.2,0,189.08126831054688
HON,HH,TOP,1.0,reg_value_current,-0.2485,6,3,14.61,0.2,3,248.0399932861328
HON,LH,TOP,1.0,reg_value_current,-0.3879,6,3,14.73,0.1,3,243.85000610351562
HON,HL,BOTTOM,1.0,reg_value_current,-0.1576,4,2,9.59,-0.6,2,229.02999877929688
HON,LL,BOTTOM,1.0,reg_value_current,-0.1879,4,4,18.14,-0.3,4,221.5
HON,LH,TOP,1.0,reg_value_current,-0.2,5,2,8.4,-0.0,2,232.47000122070312
HON,HH,TOP,1.0,vwap_wave,-0.1091,4,2,8.36,-0.2,2,236.05999755859375
HON,LH,TOP,1.0,vwap_wave,-0.1818,4,2,8.32,-0.3,2,235.0399932861328
HON,LL,BOTTOM,3.0,vwap_sigma_current,-0.1697,4,0,0.0,-0.2,0,209.58999633789062
HON,LL,BOTTOM,4.0,vwap_sigma_current,-0.2485,4,0,0.0,-0.4,0,209.05999755859375
HON,HL,BOTTOM,5.0,vwap_sigma_current,-0.2485,4,2,8.89,0.0,2,216.86000061035156
IBM,LL,BOTTOM,1.0,kf_rsi_pred_val,0.3515,3,4,24.34,-0.4,4,86.82439422607422
IBM,UNKNOWN,TOP,4.0,rsi_value,0.0182,1,0,0.0,0.0,0,100.58831787109375
IBM,HH,TOP,5.0,rsi_value,0.0061,1,0,0.0,0.0,0,103.1481704711914
IBM,HL,BOTTOM,,,0.0,0,1,4.27,0.0,1,97.81834411621094
IBM,LL,BOTTOM,1.0,kf_price_pred_val,0.0545,1,0,0.0,0.0,0,97.2356948852539
IBM,HL,BOTTOM,2.0,kf_price_pred_val,0.0424,1,0,0.0,0.0,0,98.44876098632812
IBM,HH,TOP,1.0,kf_rsi_pred_val,0.4182,7,0,0.0,-0.2,0,110.9614028930664
IBM,HH,TOP,2.0,kf_rsi_pred_val,0.2848,7,2,9.1,0.1,2,112.80487823486328
IBM,LH,TOP,1.0,rsi_value,0.2606,7,0,0.0,-0.0,0,111.30525970458984
IBM,HL,BOTTOM,,,0.0,0,0,0.0,0.0,0,104.32301330566406
IBM,LL,BOTTOM,,,0.0,0,0,0.0,0.0,0,104.15106964111328
IBM,HL,BOTTOM,,,0.0,0,0,0.0,0.0,0,105.06803894042969
IBM,HH,TOP,,,0.0,0,0,0.0,0.0,0,112.73800659179688
IBM,HH,TOP,,,0.0,0,0,0.0,0.0,0,114.23762512207031
IBM,LH,TOP,,,0.0,0,0,0.0,0.0,0,110.5888900756836
IBM,LL,BOTTOM,1.0,vwap_sigma_wave,0.0545,1,6,37.27,-1.8,6,101.35245513916016
IBM,LL,BOTTOM,1.0,kf_price_pred_val,0.3697,6,10,89.08,-1.3,10,95.75920104980469
IBM,LH,TOP,,,0.0,0,0,0.0,0.2,0,106.64405059814453
IBM,LL,BOTTOM,1.0,kf_price_pred_val,0.0848,1,0,0.0,0.1,0,95.56415557861328
IBM,LL,BOTTOM,2.0,kf_price_pred_val,0.0606,1,2,9.17,-0.1,2,93.2144546508789
IBM,HL,BOTTOM,1.0,sigma_tide,0.1455,2,1,4.06,-0.4,1,93.90217590332031
IBM,LH,TOP,6.0,kf_price_pred_val,-0.0182,3,0,0.0,-0.0,0,102.3076171875
IBM,HH,TOP,7.0,kf_price_pred_val,-0.0545,3,0,0.0,-0.2,0,104.18928527832031
IBM,HL,BOTTOM,1.0,kf_price_filt_vel,-0.0545,3,0,0.0,0.0,0,98.94544219970703
IBM,LL,BOTTOM,2.0,kf_price_filt_vel,0.0848,2,0,0.0,0.0,0,97.7514877319336
IBM,HL,BOTTOM,3.0,kf_price_filt_vel,0.0606,2,0,0.0,0.0,0,98.63978576660156
IBM,HH,TOP,,,0.0,0,0,0.0,0.0,0,123.73193359375
IBM,HH,TOP,,,0.0,0,0,0.0,0.0,0,123.89433288574219
IBM,LH,TOP,,,0.0,0,0,0.0,0.0,0,123.62686920166016
IBM,HL,BOTTOM,,,0.0,0,1,4.89,0.0,1,113.21559143066406
IBM,HL,BOTTOM,1.0,vwap_sigma_wave,0.0545,1,0,0.0,0.0,0,113.92240905761719
IBM,LH,TOP,,,0.0,0,0,0.0,0.0,0,122.89140319824219
IBM,HH,TOP,,,0.0,0,0,0.0,0.0,0,124.17131805419922
IBM,LH,TOP,,,0.0,0,0,0.0,0.0,0,123.71283721923828
IBM,LL,BOTTOM,1.0,kf_price_filt_vel,-0.0727,3,0,0.0,-0.8,0,110.8467788696289
IBM,LL,BOTTOM,2.0,kf_price_filt_vel,-0.1273,3,4,19.18,-0.3,4,106.47212982177734
IBM,HL,BOTTOM,1.0,kf_price_pred_val,-0.0182,4,0,0.0,-0.6,0,109.95848083496094
IBM,LH,TOP,3.0,kf_price_filt_vel,0.0788,4,0,0.0,0.8,0,111.23841094970703
IBM,HH,TOP,4.0,kf_price_filt_vel,-0.0303,4,0,0.0,1.7,0,114.72474670410156
IBM,LH,TOP,5.0,kf_price_filt_vel,-0.1394,4,0,0.0,1.4,0,114.06568145751953
IBM,LL,BOTTOM,1.0,kf_price_pred_val,1.3515,15,15,97.1,-1.4,15,85.00959777832031
IBM,LL,BOTTOM,1.0,sigma_tide,1.5758,15,14,95.72,-1.5,14,83.81564331054688
IBM,LH,TOP,1.0,sigma_tide,1.5636,15,11,116.98,-1.7,11,88.07568359375
IBM,HH,TOP,1.0,kf_price_filt_vel,1.4182,15,11,82.64,0.2,11,89.40335845947266
IBM,LH,TOP,1.0,kf_price_filt_vel,0.9758,15,13,87.19,2.6,13,84.3314208984375
IBM,LL,BOTTOM,1.0,wave_slope,0.303,15,14,141.48,-1.0,14,76.08836364746094
IBM,HL,BOTTOM,1.0,wave_slope,0.5152,15,12,214.68,-0.7,12,83.36671447753906
IBM,HH,TOP,1.0,wave_slope,-0.1576,15,8,94.22,-0.1,8,88.52458953857422
IBM,HH,TOP,1.0,wave_slope,-0.703,15,8,93.22,-0.6,8,89.21231079101562
IBM,LH,TOP,1.0,wave_slope,-0.7394,15,11,124.96,-0.1,11,85.9074478149414
IBM,LL,BOTTOM,1.0,wave_slope,-0.1939,12,9,102.53,0.4,9,79.03028106689453
IBM,LL,BOTTOM,1.0,wave_slope,-0.0667,11,10,114.63,0.2,10,76.16478729248047
IBM,HL,BOTTOM,1.0,current_slope,0.0848,11,11,141.28,0.6,11,80.43437194824219
IBM,LH,TOP,1.0,kf_price_filt_vel,0.1697,11,10,112.89,0.3,10,76.72832489013672
IBM,LL,BOTTOM,1.0,current_slope,0.1576,12,11,123.47,-0.6,11,72.56381225585938
IBM,LL,BOTTOM,1.0,current_slope,0.2545,12,13,159.29,-0.8,13,68.52347564697266
IBM,HL,BOTTOM,1.0,current_slope,0.4606,13,12,138.13,-0.3,12,71.5226821899414
IBM,HH,TOP,1.0,kf_price_filt_vel,0.3333,13,12,117.15,-0.5,12,77.03396606445312
IBM,HH,TOP,1.0,current_slope,0.2424,13,10,99.1,-0.4,10,78.00824737548828
IBM,HL,BOTTOM,1.0,vwap_spread_current_wave,-0.0848,13,12,155.16,0.7,12,73.45210266113281
IBM,HL,BOTTOM,1.0,kf_price_filt_vel,-0.1212,13,8,89.79,0.1,8,76.26029205322266
IBM,HH,TOP,1.0,vwap_spread_current_wave,-0.5394,12,12,125.28,0.4,12,81.05521392822266
IBM,LH,TOP,1.0,vwap_spread_current_wave,-0.2848,12,7,72.79,0.6,7,78.98251342773438
IBM,HL,BOTTOM,1.0,vwap_spread_current_wave,-0.303,12,9,78.46,0.3,9,79.14488983154297
IBM,LL,BOTTOM,1.0,vwap_spread_current_wave,-0.1515,12,9,82.56,-0.0,9,76.96711730957031
IBM,HL,BOTTOM,1.0,vwap_spread_current_wave,-0.097,12,9,80.26,-0.5,9,78.51448059082031
IBM,HH,TOP,1.0,vwap_spread_current_wave,-0.097,12,9,85.31,-0.9,9,79.05892181396484
IBM,HH,TOP,1.0,vwap_spread_current_wave,0.103,12,12,109.05,-0.3,12,82.52616119384766
IBM,LH,TOP,1.0,d_current_slope,0.2364,12,9,86.57,-0.4,9,81.99127960205078
IBM,LL,BOTTOM,1.0,current_accel,0.0303,12,8,79.44,-0.1,8,76.9862289428711
IBM,LL,BOTTOM,1.0,d_current_slope,-0.1455,12,7,78.14,-0.0,7,76.90980529785156
IBM,HH,TOP,1.0,vwap_spread_tide_wave,-0.2303,9,4,29.58,1.0,4,82.9273452758789
IBM,HH,TOP,1.0,vwap_spread_tide_wave,-0.3091,8,2,19.52,-0.0,2,85.22928619384766
IBM,LH,TOP,1.0,vwap_spread_tide_wave,-0.503,8,4,29.91,-0.7,4,83.85383605957031
IBM,HL,BOTTOM,1.0,vwap_spread_tide_current,0.1576,8,5,39.5,-0.6,5,78.3043441772461
IBM,HL,BOTTOM,1.0,vwap_spread_tide_current,0.0909,8,8,146.34,0.2,8,87.32109069824219
IBM,HH,TOP,1.0,vwap_spread_tide_current,0.3455,9,6,37.26,0.2,6,92.47898864746094
IBM,LH,TOP,1.0,vwap_spread_tide_current,0.2424,9,8,50.11,0.3,8,89.08814239501953
IBM,LL,BOTTOM,1.0,tide_slope,-0.0848,9,7,40.62,-0.0,7,80.58718872070312
IBM,HL,BOTTOM,1.0,kf_price_pred_val,0.0485,9,4,23.52,-0.2,4,82.52616119384766
IBM,LH,TOP,1.0,tide_slope,-0.2061,9,7,45.5,-0.6,7,84.98094177246094
IBM,HH,TOP,1.0,kf_price_filt_vel,-0.1758,9,6,44.08,-0.4,6,87.90373992919922
IBM,LL,BOTTOM,1.0,tide_slope,-0.4,7,3,17.91,-0.4,3,79.73709106445312
IBM,HL,BOTTOM,1.0,tide_slope,-0.303,7,4,29.4,-0.7,4,83.33805847167969
IBM,HH,TOP,1.0,tide_accel,-0.1636,4,2,11.84,-0.0,2,103.49202728271484
IBM,HH,TOP,1.0,d_tide_slope,-0.1576,4,2,11.99,-0.0,2,104.49493408203125
IBM,LH,TOP,1.0,d_tide_slope,-0.1394,4,2,9.9,-0.0,2,103.35830688476562
IBM,HL,BOTTOM,1.0,d_tide_slope,0.0,2,2,16.31,-0.0,2,97.0924072265625
IBM,LL,BOTTOM,1.0,d_tide_slope,0.0,2,2,14.7,-0.1,2,95.69788360595703
IBM,HL,BOTTOM,1.0,d_tide_slope,0.0,2,2,15.95,-0.0,2,96.16590118408203
IBM,HH,TOP,1.0,vwap_sigma_current,0.1333,4,3,15.79,-0.2,3,121.3249282836914
IBM,HH,TOP,1.0,vwap_spread_tide_current,0.1152,4,4,20.16,-0.3,4,122.59530639648438
IBM,LH,TOP,1.0,vwap_spread_tide_current,0.1394,4,3,15.37,-0.6,3,122.24188995361328
IBM,HL,BOTTOM,1.0,vwap_spread_tide_current,-0.103,6,3,14.74,-0.0,3,114.72474670410156
IBM,HL,BOTTOM,1.0,vwap_spread_tide_current,-0.097,6,3,14.47,-0.2,3,115.24052429199219
IBM,HH,TOP,,,0.0,0,0,0.0,-0.0,0,128.12570190429688
IBM,LH,TOP,,,0.0,0,0,0.0,-0.1,0,124.41011047363281
IBM,HL,BOTTOM,2.0,sigma_tide,-0.0061,2,2,9.11,0.0,2,116.41539001464844
IBM,HL,BOTTOM,1.0,sigma_tide,0.0424,2,0,0.0,0.0,0,117.6857681274414
IBM,HH,TOP,,,0.0,0,0,0.0,0.0,0,126.30133819580078
IBM,LH,TOP,,,0.0,0,0,0.0,0.0,0,123.8752212524414
IBM,HL,BOTTOM,,,0.0,0,1,4.39,-0.3,1,118.36392211914062
IBM,LL,BOTTOM,1.0,vwap_sigma_wave,0.0545,1,2,10.67,-0.4,2,116.62553405761719
IBM,LH,TOP,1.0,kf_price_filt_vel,0.2242,2,0,0.0,-0.6,0,121.20075988769531
IBM,HH,TOP,2.0,kf_price_filt_vel,0.1636,2,3,27.69,0.0,3,126.73114776611328
IBM,LH,TOP,1.0,kf_price_pred_val,0.2667,3,0,0.0,0.6,0,125.5849609375
IBM,HL,BOTTOM,3.0,kf_price_pred_val,-0.0364,3,0,0.0,0.0,0,118.93701934814453
IBM,LL,BOTTOM,4.0,kf_price_pred_val,-0.1091,3,0,0.0,0.0,0,117.7048568725586
IBM,HL,BOTTOM,5.0,kf_price_pred_val,0.0182,3,0,0.0,0.0,0,120.72317504882812
IBM,LH,TOP,4.0,kf_price_filt_vel,0.0364,2,0,0.0,0.0,0,124.5056381225586
IBM,HH,TOP,5.0,kf_price_filt_vel,0.0121,2,0,0.0,0.0,0,125.10738372802734
IBM,LH,TOP,6.0,kf_price_filt_vel,-0.0121,2,0,0.0,0.0,0,124.31458282470703
IBM,LL,BOTTOM,,,0.0,0,0,0.0,-0.0,0,117.074462890625
IBM,LL,BOTTOM,,,0.0,0,0,0.0,-0.3,0,116.39628601074219
IBM,HH,TOP,,,0.0,0,0,0.0,0.0,0,126.08164978027344
IBM,LH,TOP,,,0.0,0,0,0.0,0.0,0,125.92882537841797
IBM,HL,BOTTOM,,,0.0,0,0,0.0,0.0,0,119.65339660644531
IBM,LL,BOTTOM,,,0.0,0,0,0.0,0.0,0,117.27503967285156
IBM,HL,BOTTOM,,,0.0,0,0,0.0,0.0,0,119.13760375976562
IBM,HH,TOP,1.0,rsi_value,-0.2788,6,4,18.34,-0.8,4,157.43014526367188
IBM,HH,TOP,1.0,rsi_value,-0.0727,5,4,20.05,0.0,4,158.60498046875
IBM,LH,TOP,1.0,rsi_value,0.0909,4,0,0.0,0.0,0,157.2677459716797
IBM,HL,BOTTOM,,,0.0,0,0,0.0,-0.6,0,151.8901824951172
IBM,LL,BOTTOM,,,0.0,0,3,15.78,0.0,3,146.1400909423828
IBM,HL,BOTTOM,1.0,kf_price_pred_val,0.1636,3,0,0.0,0.0,0,147.26718139648438
IBM,HH,TOP,,,0.0,0,0,0.0,0.0,0,164.4314727783203
IBM,HH,TOP,,,0.0,0,0,0.0,0.0,0,165.11920166015625
IBM,LH,TOP,,,0.0,0,0,0.0,0.0,0,162.97007751464844
IBM,HL,BOTTOM,,,0.0,0,0,0.0,0.0,0,156.7615203857422
IBM,LL,BOTTOM,,,0.0,0,0,0.0,0.0,0,155.05177307128906
IBM,HL,BOTTOM,,,0.0,0,0,0.0,0.0,0,155.37652587890625
IBM,HH,TOP,8.0,vwap_sigma_current,-0.1212,4,0,0.0,-1.0,0,167.421142578125
IBM,HH,TOP,9.0,vwap_sigma_current,-0.1697,4,5,41.49,-0.3,5,176.9059295654297
IBM,LH,TOP,1.0,kf_price_pred_val,0.0545,5,1,4.08,-0.3,1,175.41586303710938
IBM,HL,BOTTOM,1.0,kf_price_pred_val,0.1394,2,0,0.0,-0.1,0,162.9605255126953
IBM,LL,BOTTOM,2.0,kf_price_pred_val,0.103,2,2,11.03,-0.0,2,155.25234985351562
IBM,HL,BOTTOM,1.0,sigma_tide,0.1758,2,0,0.0,0.5,0,159.25450134277344
IBM,LH,TOP,3.0,sigma_tide,0.0545,2,3,14.86,0.6,3,165.23382568359375
IBM,LH,TOP,1.0,kf_price_pred_val,0.1576,3,0,0.0,0.1,0,163.56228637695312
IBM,LL,BOTTOM,3.0,kf_price_pred_val,-0.0364,3,4,31.68,-0.6,4,156.48451232910156
IBM,LL,BOTTOM,1.0,kf_price_filt_vel,0.1515,4,4,39.51,-0.4,4,150.47653198242188
IBM,HH,TOP,3.0,kf_price_filt_vel,-0.1273,4,0,0.0,0.0,0,164.8804168701172
IBM,LH,TOP,4.0,kf_price_filt_vel,-0.1333,4,0,0.0,0.0,0,164.77532958984375
IBM,HL,BOTTOM,10.0,kf_price_filt_vel,-0.1636,3,0,0.0,-0.2,0,157.84085083007812
IBM,LL,BOTTOM,,,0.0,0,1,4.48,0.0,1,154.1348114013672
IBM,HH,TOP,1.0,current_accel,0.1091,2,2,8.99,-0.6,2,178.44374084472656
IBM,HH,TOP,1.0,current_accel,0.1939,2,2,12.87,-0.3,2,181.98739624023438
IBM,HL,BOTTOM,1.0,kf_price_filt_vel,0.3576,3,0,0.0,-0.2,0,169.43653869628906
IBM,LL,BOTTOM,2.0,kf_price_filt_vel,0.2242,3,0,0.0,-0.4,0,169.30282592773438
IBM,HL,BOTTOM,3.0,kf_price_filt_vel,0.0909,3,2,11.02,0.0,2,173.48643493652344
IBM,LH,TOP,,,0.0,0,0,0.0,0.0,0,178.94998168945312
IBM,HH,TOP,,,0.0,0,0,0.0,0.0,0,180.28720092773438
IBM,LH,TOP,,,0.0,0,0,0.0,0.0,0,178.25270080566406
IBM,LL,BOTTOM,,,0.0,0,0,0.0,-0.4,0,169.121337890625
IBM,HH,TOP,6.0,kf_price_pred_val,-0.0788,3,0,0.0,0.0,0,182.99032592773438
IBM,HH,TOP,7.0,kf_price_pred_val,-0.1394,3,0,0.0,0.0,0,185.83670043945312
IBM,HL,BOTTOM,,,0.0,0,0,0.0,0.6,0,172.45486450195312
IBM,LL,BOTTOM,,,0.0,0,0,0.0,0.3,0,171.12718200683594
IBM,HH,TOP,,,0.0,0,0,0.0,-0.2,0,200.0782012939453
IBM,HH,TOP,,,0.0,0,1,4.01,0.0,1,200.1068572998047
IBM,LH,TOP,1.0,rsi_value,0.0545,1,0,0.0,0.0,0,196.81153869628906
IBM,HL,BOTTOM,1.0,vwap_sigma_current,0.1091,2,4,17.73,-0.4,4,180.08660888671875
IBM,HL,BOTTOM,1.0,vwap_sigma_current,0.303,4,1,4.18,-0.4,1,180.71702575683594
IBM,LH,TOP,6.0,kf_price_filt_vel,-0.2364,4,0,0.0,0.0,0,186.35250854492188
IBM,HH,TOP,7.0,kf_price_filt_vel,-0.3455,4,0,0.0,0.0,0,190.17315673828125
IBM,LL,BOTTOM,1.0,vwap_sigma_wave,0.0545,1,1,4.39,-0.8,1,176.9441375732422
IBM,LL,BOTTOM,1.0,vwap_sigma_wave,0.097,1,4,18.31,0.6,4,174.8809814453125
IBM,HL,BOTTOM,1.0,vwap_sigma_wave,0.2909,4,0,0.0,0.3,0,177.6700439453125
IBM,HH,TOP,,,0.0,0,0,0.0,-0.0,0,199.56240844726562
IBM,HH,TOP,,,0.0,0,0,0.0,-0.6,0,201.5395965576172
IBM,LH,TOP,,,0.0,0,3,21.1,-0.4,3,191.63455200195312
IBM,HL,BOTTOM,,,0.0,0,0,0.0,0.0,0,179.87649536132812
IBM,LL,BOTTOM,,,0.0,0,0,0.0,0.0,0,177.1924591064453
IBM,HL,BOTTOM,,,0.0,0,0,0.0,0.0,0,177.51724243164062
IBM,HH,TOP,,,0.0,0,0,0.0,-0.2,0,202.5520782470703
IBM,HH,TOP,,,0.0,0,1,4.01,0.0,1,206.1243896484375
IBM,LH,TOP,1.0,rsi_value,0.0545,1,0,0.0,0.0,0,205.28384399414062
IBM,HL,BOTTOM,1.0,kf_price_pred_val,0.3818,7,4,24.77,-0.9,4,179.408447265625
IBM,HL,BOTTOM,1.0,kf_price_pred_val,0.5152,7,3,17.52,-0.8,3,183.0189666748047
IBM,LH,TOP,,,0.0,0,0,0.0,0.0,0,198.5977020263672
IBM,HH,TOP,,,0.0,0,0,0.0,0.0,0,199.97312927246094
IBM,LH,TOP,,,0.0,0,0,0.0,0.0,0,198.69322204589844
IBM,LL,BOTTOM,5.0,vwap_sigma_wave,0.0,1,1,4.0,-0.2,1,174.5466766357422
IBM,LL,BOTTOM,1.0,rsi_value,0.0303,1,1,4.36,0.0,1,173.99267578125
IBM,HL,BOTTOM,1.0,rsi_value,0.0485,1,0,0.0,0.0,0,174.45115661621094
IBM,LH,TOP,,,0.0,0,0,0.0,0.0,0,183.5443115234375
IBM,HH,TOP,,,0.0,0,0,0.0,0.0,0,185.70298767089844
IBM,LH,TOP,,,0.0,0,0,0.0,0.0,0,184.7191619873047
IBM,LL,BOTTOM,1.0,vwap_sigma_tide,0.2788,4,1,4.61,0.0,1,165.10964965820312
IBM,HL,BOTTOM,1.0,vwap_sigma_tide,0.2606,4,0,0.0,0.0,0,167.1250457763672
IBM,LH,TOP,,,0.0,0,0,0.0,0.0,0,176.1990966796875
IBM,HH,TOP,,,0.0,0,0,0.0,0.0,0,176.9441375732422
IBM,LH,TOP,,,0.0,0,0,0.0,0.0,0,176.88682556152344
IBM,LL,BOTTOM,7.0,geo_phase_angle,-0.0909,1,0,0.0,-0.1,0,165.59678649902344
IBM,LL,BOTTOM,8.0,geo_phase_angle,-0.1273,1,0,0.0,-0.2,0,165.05233764648438
IBM,HH,TOP,,,0.0,0,0,0.0,-0.0,0,180.2967529296875
IBM,HH,TOP,,,0.0,0,0,0.0,-0.3,0,181.56712341308594
IBM,HL,BOTTOM,8.0,kf_price_filt_vel,-0.0909,3,0,0.0,-0.0,0,165.14785766601562
IBM,LL,BOTTOM,9.0,kf_price_filt_vel,-0.1273,3,0,0.0,-0.1,0,165.09054565429688
IBM,HL,BOTTOM,10.0,kf_price_filt_vel,-0.1636,3,0,0.0,-0.2,0,166.4277801513672
IBM,HH,TOP,,,0.0,0,0,0.0,-0.0,0,188.9027862548828
IBM,LH,TOP,,,0.0,0,0,0.0,-0.3,0,188.18641662597656
IBM,HL,BOTTOM,,,0.0,0,0,0.0,0.0,0,172.6172332763672
IBM,LL,BOTTOM,,,0.0,0,0,0.0,0.0,0,172.28292846679688
IBM,HL,BOTTOM,,,0.0,0,0,0.0,0.0,0,173.56285095214844
IBM,LH,TOP,,,0.0,0,0,0.0,0.0,0,187.00201416015625
IBM,LH,TOP,,,0.0,0,0,0.0,0.0,0,185.84625244140625
IBM,HL,BOTTOM,,,0.0,0,0,0.0,0.0,0,177.63185119628906
IBM,LL,BOTTOM,,,0.0,0,0,0.0,0.0,0,176.03672790527344
IBM,HL,BOTTOM,,,0.0,0,0,0.0,0.0,0,178.2622528076172
IBM,LH,TOP,,,0.0,0,0,0.0,0.0,0,185.06301879882812
IBM,HH,TOP,,,0.0,0,0,0.0,0.0,0,185.30181884765625
IBM,LL,BOTTOM,1.0,vwap_sigma_tide,0.0121,2,3,14.9,-1.2,3,146.19740295410156
IBM,LL,BOTTOM,1.0,vwap_sigma_tide,0.1212,3,4,22.53,-1.1,4,144.6213836669922
IBM,HL,BOTTOM,1.0,kf_rsi_pred_val,0.2606,4,4,21.41,-0.6,4,145.11807250976562
IBM,LH,TOP,5.0,kf_price_filt_vel,-0.2545,4,0,0.0,0.0,0,155.0613250732422
IBM,HL,BOTTOM,,,0.0,0,0,0.0,0.0,0,146.78004455566406
IBM,LL,BOTTOM,,,0.0,0,0,0.0,0.0,0,144.75509643554688
IBM,HL,BOTTOM,,,0.0,0,0,0.0,0.0,0,148.50889587402344
IBM,HH,TOP,1.0,geo_phase_angle,0.0545,1,1,4.42,0.0,1,155.60577392578125
IBM,HH,TOP,1.0,geo_phase_angle,0.097,1,0,0.0,0.0,0,157.43968200683594
IBM,LH,TOP,2.0,geo_phase_angle,0.0727,1,0,0.0,0.0,0,155.51025390625
IBM,HL,BOTTOM,,,0.0,0,0,0.0,0.0,0,150.8968048095703
IBM,LL,BOTTOM,,,0.0,0,0,0.0,0.0,0,147.36270141601562
IBM,HH,TOP,3.0,vwap_sigma_wave,0.0303,1,2,10.34,-0.4,2,166.1221160888672
IBM,HH,TOP,1.0,vwap_sigma_current,0.1273,2,2,9.09,0.0,2,166.58059692382812
IBM,LH,TOP,1.0,vwap_sigma_current,0.2,2,0,0.0,0.0,0,163.61004638671875
IBM,HL,BOTTOM,,,0.0,0,0,0.0,0.0,0,155.66307067871094
IBM,LL,BOTTOM,,,0.0,0,0,0.0,0.0,0,155.36697387695312
IBM,HL,BOTTOM,,,0.0,0,0,0.0,0.0,0,157.11492919921875
IBM,HH,TOP,,,0.0,0,0,0.0,-0.7,0,165.45350646972656
IBM,LH,TOP,,,0.0,0,3,38.5,-0.2,3,155.7585906982422
IBM,LL,BOTTOM,1.0,vwap_sigma_current,0.1091,2,5,30.77,-1.4,5,137.03738403320312
IBM,LL,BOTTOM,1.0,kf_price_pred_val,0.3576,5,6,34.29,0.1,6,134.63992309570312
IBM,HL,BOTTOM,1.0,kf_rsi_pred_val,0.6,6,2,22.11,-0.2,2,140.12255859375
IBM,LH,TOP,4.0,vwap_spread_current_wave,-0.0242,1,0,0.0,-0.2,0,145.45237731933594
IBM,HH,TOP,5.0,vwap_spread_current_wave,-0.0727,1,0,0.0,-0.6,0,145.5574493408203
IBM,LL,BOTTOM,1.0,vwap_sigma_tide,0.1273,1,2,9.54,-0.5,2,127.07501983642578
IBM,LL,BOTTOM,1.0,vwap_sigma_tide,0.2,2,2,10.34,-0.3,2,125.84285736083984
IBM,LH,TOP,8.0,vwap_sigma_tide,-0.1818,2,0,0.0,0.0,0,133.16896057128906
IBM,HH,TOP,9.0,vwap_sigma_tide,-0.097,1,0,0.0,0.0,0,134.94557189941406
IBM,LH,TOP,10.0,vwap_sigma_tide,-0.0545,1,0,0.0,0.0,0,133.43641662597656
IBM,LL,BOTTOM,1.0,kf_rsi_pred_val,0.3152,8,0,0.0,-0.2,0,117.09355163574219
IBM,LL,BOTTOM,2.0,kf_rsi_pred_val,0.1636,8,1,4.33,0.0,1,115.53663635253906
IBM,HL,BOTTOM,1.0,rsi_value,0.0788,8,0,0.0,0.0,0,116.74014282226562
IBM,LH,TOP,6.0,rsi_value,-0.2606,2,0,0.0,0.5,0,121.92668151855469
IBM,HH,TOP,7.0,rsi_value,-0.2121,2,0,0.0,0.3,0,122.80543518066406
IBM,LL,BOTTOM,1.0,kf_price_filt_vel,0.0545,2,3,18.15,0.5,3,114.80116271972656
IBM,LL,BOTTOM,1.0,kf_price_pred_val,0.2485,3,1,5.04,-0.3,1,112.56607818603516
IBM,HL,BOTTOM,1.0,kf_price_pred_val,0.2424,3,2,9.29,-0.7,2,115.61305236816406
IBM,HH,TOP,1.0,conj_current_tide,-0.1333,7,4,23.48,-0.9,4,145.691162109375
IBM,LH,TOP,1.0,conj_current_tide,-0.0545,6,6,50.5,-0.3,6,137.54360961914062
IBM,HL,BOTTOM,1.0,kf_price_filt_vel,0.0364,6,3,17.69,-0.2,3,139.5590057373047
IBM,HH,TOP,,,0.0,0,0,0.0,0.1,0,146.0636749267578
IBM,HH,TOP,,,0.0,0,2,10.01,0.7,2,148.3847198486328
IBM,LH,TOP,1.0,d_tide_slope,0.1091,2,3,29.78,0.3,3,140.01748657226562
IBM,LL,BOTTOM,1.0,kf_price_filt_vel,0.2485,3,1,7.06,-0.4,1,137.0660400390625
IBM,HL,BOTTOM,1.0,kf_price_pred_val,0.2424,3,0,0.0,-1.3,0,139.16738891601562
IBM,HH,TOP,,,0.0,0,0,0.0,0.0,0,154.81298828125
IBM,HH,TOP,,,0.0,0,0,0.0,0.0,0,156.19796752929688
IBM,LH,TOP,,,0.0,0,0,0.0,0.0,0,154.68881225585938
IBM,HL,BOTTOM,,,0.0,0,0,0.0,0.0,0,144.72645568847656
IBM,LL,BOTTOM,,,0.0,0,0,0.0,0.0,0,142.9211883544922
IBM,HH,TOP,,,0.0,0,0,0.0,0.0,0,171.75758361816406
IBM,HH,TOP,,,0.0,0,0,0.0,0.0,0,173.79208374023438
IBM,LH,TOP,,,0.0,0,0,0.0,0.0,0,172.43576049804688
IBM,LL,BOTTOM,4.0,rsi_value,-0.0061,3,1,4.33,-0.4,1,134.39157104492188
IBM,LL,BOTTOM,1.0,rsi_value,-0.0606,3,2,9.38,0.0,2,133.43641662597656
IBM,LH,TOP,1.0,kf_price_pred_val,0.2182,4,3,21.58,-0.4,3,153.68588256835938
IBM,HH,TOP,1.0,kf_price_pred_val,0.3333,4,2,16.6,-0.9,2,154.80343627929688
IBM,HL,BOTTOM,,,0.0,0,0,0.0,0.0,0,142.21437072753906
IBM,LL,BOTTOM,,,0.0,0,0,0.0,0.0,0,140.50462341308594
IBM,HL,BOTTOM,,,0.0,0,0,0.0,0.0,0,142.43405151367188
IBM,HH,TOP,3.0,kf_rsi_pred_val,0.0485,2,1,5.22,-1.1,1,161.08840942382812
IBM,HH,TOP,1.0,rsi_value,0.0061,2,4,18.89,-0.6,4,161.53733825683594
IBM,LH,TOP,1.0,rsi_value,0.1152,4,3,17.27,0.0,3,155.08998107910156
IBM,HL,BOTTOM,2.0,kf_price_pred_val,0.1273,3,0,0.0,-0.2,0,146.9519805908203
IBM,LL,BOTTOM,3.0,kf_price_pred_val,0.0909,3,1,4.61,0.0,1,140.97265625
IBM,HL,BOTTOM,1.0,kf_price_pred_val,0.1091,3,0,0.0,0.0,0,142.8065643310547
IBM,LH,TOP,,,0.0,0,0,0.0,0.0,0,153.0745849609375
IBM,LH,TOP,,,0.0,0,0,0.0,0.0,0,152.17672729492188
IBM,HL,BOTTOM,,,0.0,0,0,0.0,-0.2,0,145.27088928222656
IBM,LL,BOTTOM,,,0.0,0,0,0.0,-0.4,0,142.21437072753906
IBM,LH,TOP,,,0.0,0,0,0.0,-0.2,0,150.8108367919922
IBM,HH,TOP,,,0.0,0,0,0.0,-0.7,0,153.6954345703125
IBM,LH,TOP,,,0.0,0,3,53.99,-0.3,3,142.1188507080078
IBM,LL,BOTTOM,1.0,vwap_sigma_wave,0.0545,1,0,0.0,-0.4,0,132.84420776367188
IBM,LL,BOTTOM,2.0,vwap_sigma_wave,0.0424,1,2,9.74,0.0,2,131.31594848632812
IBM,HL,BOTTOM,1.0,vwap_sigma_wave,0.1394,2,0,0.0,0.0,0,133.76116943359375
IBM,HH,TOP,7.0,vwap_sigma_wave,-0.0182,1,0,0.0,0.0,0,146.1400909423828
IBM,HH,TOP,8.0,vwap_sigma_wave,-0.0303,1,0,0.0,0.0,0,146.85646057128906
IBM,LH,TOP,9.0,vwap_sigma_wave,-0.0424,1,0,0.0,0.0,0,146.35023498535156
IBM,LL,BOTTOM,1.0,vwap_sigma_tide,0.1394,7,7,42.47,0.2,7,114.27581787109375
IBM,LL,BOTTOM,1.0,vwap_sigma_tide,0.0485,7,9,63.99,-0.3,9,110.2259292602539
IBM,HL,BOTTOM,1.0,kf_price_pred_val,0.1818,9,7,46.41,-1.7,7,110.25457763671875
IBM,LH,TOP,1.0,kf_price_filt_vel,0.8121,10,6,36.2,0.5,6,117.59979248046875
IBM,HH,TOP,1.0,wave_slope,0.5394,10,3,19.96,0.3,3,119.24267578125
IBM,LH,TOP,1.0,wave_slope,0.0667,10,3,21.09,0.0,3,117.84813690185547
IBM,HL,BOTTOM,1.0,wave_slope,0.0364,6,5,35.32,-0.4,5,111.9356689453125
IBM,HH,TOP,1.0,current_slope,0.1879,6,4,22.26,-0.6,4,119.69160461425781
IBM,LH,TOP,1.0,current_slope,0.0788,6,6,31.41,-0.3,6,116.14794158935547
IBM,LL,BOTTOM,1.0,current_slope,0.0242,3,8,40.61,-0.5,8,102.74699401855469
IBM,HH,TOP,,,0.0,0,0,0.0,-0.3,0,137.44810485839844
IBM,HH,TOP,,,0.0,0,0,0.0,-0.6,0,138.63250732421875
IBM,LH,TOP,,,0.0,0,3,16.33,0.0,3,132.87286376953125
IBM,HL,BOTTOM,1.0,vwap_sigma_current,0.097,1,1,4.14,-0.5,1,123.7605972290039
IBM,LL,BOTTOM,1.0,vwap_sigma_current,0.1273,1,2,9.85,-0.5,2,121.29627227783203
IBM,HH,TOP,1.0,kf_rsi_pred_val,0.3152,4,2,8.65,-0.5,2,143.64710998535156
IBM,HH,TOP,1.0,rsi_value,0.2788,4,2,9.39,-0.2,2,144.57362365722656
IBM,HL,BOTTOM,,,0.0,0,0,0.0,-1.2,0,128.29762268066406
IBM,LL,BOTTOM,,,0.0,0,5,21.92,-0.6,5,123.7605972290039
IBM,LH,TOP,,,0.0,0,0,0.0,0.0,0,138.8999481201172
IBM,LH,TOP,,,0.0,0,0,0.0,0.0,0,137.21885681152344
IBM,HL,BOTTOM,,,0.0,0,0,0.0,-0.2,0,126.07209777832031
IBM,LL,BOTTOM,,,0.0,0,0,0.0,-0.4,0,125.99568176269531
IBM,HL,BOTTOM,,,0.0,0,2,8.56,0.0,2,127.2469482421875
IBM,HH,TOP,1.0,kf_price_pred_val,-0.0303,4,9,55.08,-1.2,9,149.32078552246094
IBM,HH,TOP,1.0,kf_price_pred_val,0.6182,9,6,34.4,-0.4,6,149.73150634765625
IBM,LH,TOP,1.0,sigma_tide,0.7758,9,3,21.99,-0.2,3,146.53170776367188
IBM,LL,BOTTOM,3.0,kf_price_filt_vel,0.0485,3,10,103.19,1.6,10,112.52787017822266
IBM,HL,BOTTOM,1.0,kf_price_pred_val,0.4485,10,4,29.08,1.1,4,119.17581176757812
IBM,LH,TOP,1.0,kf_price_filt_vel,0.4667,10,4,26.17,-0.6,4,112.68069458007812
IBM,LL,BOTTOM,1.0,d_current_slope,0.8061,12,11,110.15,0.3,11,94.63764953613281
IBM,HL,BOTTOM,1.0,d_current_slope,1.0182,12,10,142.41,1.0,10,101.86824035644531
IBM,LH,TOP,1.0,kf_price_filt_vel,1.0667,12,7,69.69,0.7,7,98.90723419189453
IBM,LL,BOTTOM,1.0,d_current_slope,0.3212,12,9,115.8,-1.0,9,90.52088928222656
IBM,HL,BOTTOM,1.0,d_current_slope,0.4727,12,11,234.24,-0.7,11,100.75070190429688
IBM,HH,TOP,1.0,wave_slope,0.0667,12,7,86.05,-0.2,7,107.86666870117188
IBM,LH,TOP,1.0,wave_slope,0.0061,12,9,104.99,-0.6,9,105.95634460449219
IBM,LL,BOTTOM,1.0,wave_slope,0.0364,12,10,162.85,-0.2,10,100.42594146728516
IBM,HL,BOTTOM,1.0,wave_slope,-0.0667,12,7,101.4,-0.6,7,105.06803894042969
IBM,HH,TOP,1.0,wave_slope,-0.2667,10,6,75.27,-0.8,6,115.7181167602539
IBM,HH,TOP,1.0,wave_slope,-0.2848,10,6,67.96,-1.7,6,118.3543701171875
IBM,LH,TOP,1.0,vwap_spread_current_wave,-0.4,10,9,92.55,-1.4,9,113.36841583251953
IBM,HL,BOTTOM,1.0,vwap_spread_current_wave,-0.2061,10,9,83.81,-0.5,9,110.54113006591797
IBM,HL,BOTTOM,1.0,vwap_spread_current_wave,0.0545,9,5,48.37,-0.0,5,114.73429870605469
IBM,HH,TOP,1.0,vwap_spread_current_wave,-0.6,9,5,39.95,-0.3,5,120.60855865478516
IBM,HH,TOP,1.0,vwap_spread_current_wave,-0.5212,9,5,44.59,-0.7,5,122.92005157470703
IBM,LH,TOP,1.0,vwap_spread_current_wave,-0.2303,9,7,51.9,-0.5,7,119.93038940429688
IBM,HL,BOTTOM,1.0,current_accel,0.0424,8,6,48.27,-1.2,6,114.86802673339844
IBM,LL,BOTTOM,1.0,d_current_slope,0.0121,8,9,57.88,-0.6,9,110.54113006591797
IBM,HL,BOTTOM,1.0,current_accel,0.1333,9,4,33.25,-0.8,4,111.70642852783203
IBM,HH,TOP,1.0,vwap_spread_current_wave,-0.0121,5,4,22.87,-0.7,4,129.66351318359375
IBM,LH,TOP,1.0,vwap_spread_current_wave,0.0242,5,4,22.14,-0.1,4,125.95747375488281
IBM,HL,BOTTOM,1.0,vwap_spread_current_wave,0.0364,5,4,20.77,-0.2,4,124.04714965820312
IBM,LL,BOTTOM,1.0,vwap_spread_current_wave,0.2242,4,5,116.28,-0.2,5,112.71890258789062
IBM,HL,BOTTOM,1.0,kf_price_pred_val,0.2788,5,1,4.54,-0.9,1,116.44404602050781
IBM,LH,TOP,1.0,vwap_spread_current_wave,0.0788,5,2,9.45,-1.2,2,116.1957015991211
IBM,HH,TOP,1.0,d_current_slope,0.0121,5,5,36.76,-0.4,5,119.53877258300781
IBM,LH,TOP,1.0,kf_price_filt_vel,0.1212,5,2,15.46,0.0,2,118.58361053466797
IBM,LL,BOTTOM,2.0,geo_phase_angle,0.0485,2,0,0.0,0.0,0,112.43235778808594
IBM,LL,BOTTOM,3.0,geo_phase_angle,-0.0242,2,0,0.0,0.0,0,110.52202606201172
IBM,HL,BOTTOM,4.0,geo_phase_angle,-0.097,2,0,0.0,0.0,0,113.04365539550781
IBM,HH,TOP,,,0.0,0,0,0.0,0.0,0,120.40797424316406
IBM,HH,TOP,,,0.0,0,0,0.0,0.0,0,122.90095520019531
IBM,LH,TOP,,,0.0,0,0,0.0,0.0,0,121.62103271484375
IBM,HL,BOTTOM,10.0,geo_phase_angle,-0.0545,1,1,4.89,-0.2,1,113.50213623046875
IBM,LL,BOTTOM,1.0,vwap_sigma_wave,0.0545,1,1,5.09,0.0,1,112.79531860351562
IBM,HL,BOTTOM,1.0,vwap_sigma_wave,0.097,1,0,0.0,0.0,0,113.61676025390625
IBM,LH,TOP,9.0,vwap_sigma_wave,-0.097,1,0,0.0,-0.4,0,118.50719451904297
IBM,HH,TOP,10.0,vwap_sigma_wave,-0.0545,1,3,36.67,0.1,3,125.59451293945312
IBM,LH,TOP,1.0,kf_price_pred_val,0.1636,3,0,0.0,-0.0,0,122.06040954589844
IBM,LL,BOTTOM,1.0,vwap_sigma_current,0.0485,3,1,4.69,-1.0,1,105.60293579101562
IBM,LL,BOTTOM,1.0,vwap_sigma_current,0.0303,3,5,24.2,-0.3,5,101.86824035644531
IBM,HL,BOTTOM,1.0,vwap_sigma_current,0.2848,5,0,0.0,-0.6,0,104.02690887451172
IBM,HH,TOP,1.0,d_tide_slope,0.1455,2,2,16.84,0.1,2,124.24773406982422
IBM,HH,TOP,1.0,tide_accel,0.2909,2,2,15.65,-0.5,2,125.7473373413086
IBM,LH,TOP,1.0,d_tide_slope,0.303,2,3,91.79,-0.6,3,113.29199981689453
IBM,HL,BOTTOM,1.0,kf_price_filt_vel,0.3455,3,1,6.43,-1.0,1,113.26334381103516
IBM,HL,BOTTOM,1.0,kf_price_pred_val,0.2424,3,4,26.13,-0.4,4,116.99803924560547
IBM,HH,TOP,3.0,sigma_tide,0.0424,5,0,0.0,-0.0,0,136.5884552001953
IBM,HH,TOP,4.0,sigma_tide,-0.0667,5,2,8.22,-0.5,2,137.77285766601562
IBM,LH,TOP,1.0,sigma_tide,-0.0667,5,5,369.96,-0.8,5,111.12017059326172
IBM,HH,TOP,8.0,current_accel,-0.1697,2,0,0.0,0.0,0,119.2199935913086
IBM,HH,TOP,9.0,current_accel,-0.0848,2,0,0.0,0.0,0,119.8060531616211
IBM,LL,BOTTOM,5.0,vwap_spread_current_wave,-0.3091,4,0,0.0,0.4,0,109.22562408447266
IBM,HL,BOTTOM,6.0,vwap_spread_current_wave,-0.1515,1,0,0.0,-0.4,0,110.84911346435547
IBM,LH,TOP,,,0.0,0,0,0.0,0.0,0,115.02515411376953
IBM,LH,TOP,,,0.0,0,0,0.0,0.0,0,114.0879135131836
IBM,LL,BOTTOM,1.0,vwap_sigma_wave,0.0545,1,1,4.32,-0.4,1,107.59126281738281
IBM,LL,BOTTOM,1.0,vwap_sigma_wave,0.097,1,2,10.83,0.0,2,106.517822265625
IBM,HL,BOTTOM,1.0,vwap_sigma_current,0.1818,2,0,0.0,0.0,0,107.84758758544922
IBM,HH,TOP,,,0.0,0,0,0.0,0.8,0,114.86495971679688
IBM,HH,TOP,,,0.0,0,0,0.0,0.8,0,115.84224700927734
IBM,LL,BOTTOM,,,0.0,0,0,0.0,0.0,0,98.33390808105469
IBM,HH,TOP,1.0,current_accel,0.5152,5,4,30.6,0.2,4,117.1923599243164
IBM,HH,TOP,1.0,current_accel,0.4303,5,4,30.17,0.4,4,117.36219787597656
IBM,LH,TOP,1.0,current_accel,0.3636,5,2,11.18,-0.0,2,114.91680145263672
IBM,HL,BOTTOM,2.0,conj_wave_tide,-0.4,4,0,0.0,-0.6,0,109.38069915771484
IBM,HL,BOTTOM,3.0,conj_wave_tide,-0.497,4,3,36.15,0.0,3,115.56209564208984
IBM,HH,TOP,10.0,kf_price_filt_vel,-0.1636,3,0,0.0,0.0,0,116.3432846069336
IBM,HH,TOP,,,0.0,0,0,0.0,0.0,0,116.99705505371094
IBM,LH,TOP,,,0.0,0,0,0.0,0.0,0,114.73706817626953
IBM,LL,BOTTOM,1.0,d_current_slope,0.4667,4,2,10.54,-0.4,2,105.27589416503906
IBM,LL,BOTTOM,1.0,d_current_slope,0.3939,4,2,12.04,0.0,2,104.27906799316406
IBM,HL,BOTTOM,1.0,d_current_slope,0.297,4,0,0.0,0.0,0,106.43598937988281
IBM,HH,TOP,,,0.0,0,3,57.36,-0.3,3,118.86182403564453
IBM,HH,TOP,1.0,kf_price_pred_val,0.1636,3,2,12.55,-0.3,2,120.17660522460938
IBM,LH,TOP,1.0,kf_price_pred_val,0.2364,3,1,4.98,-0.4,1,118.80165100097656
IBM,HL,BOTTOM,3.0,kf_price_filt_vel,-0.0485,3,0,0.0,-0.6,0,116.92904663085938
IBM,LL,BOTTOM,4.0,kf_price_filt_vel,-0.0545,3,3,22.45,0.0,3,112.3106918334961
IBM,HL,BOTTOM,1.0,kf_price_filt_vel,0.1818,3,0,0.0,0.4,0,113.71966552734375
IBM,LH,TOP,4.0,kf_price_filt_vel,-0.0364,3,0,0.0,-0.2,0,117.44217681884766
IBM,HH,TOP,5.0,kf_price_filt_vel,-0.1091,3,0,0.0,-0.3,0,120.34715270996094
IBM,LH,TOP,6.0,kf_price_filt_vel,-0.1818,3,2,11.06,-0.4,2,115.62443542480469
IBM,LL,BOTTOM,1.0,kf_price_filt_vel,0.0545,3,3,17.39,-0.0,3,112.77165222167969
IBM,LL,BOTTOM,1.0,kf_price_filt_vel,0.1576,3,0,0.0,-0.2,0,111.74533081054688
IBM,HH,TOP,8.0,kf_price_filt_vel,-0.0606,2,0,0.0,0.0,0,124.2697525024414
IBM,LH,TOP,9.0,kf_price_filt_vel,-0.0848,2,0,0.0,0.0,0,124.18277740478516
IBM,HL,BOTTOM,,,0.0,0,0,0.0,0.0,0,117.99884796142578
IBM,LL,BOTTOM,,,0.0,0,0,0.0,0.0,0,117.43351745605469
IBM,HH,TOP,,,0.0,0,0,0.0,0.0,0,124.20015716552734
IBM,LH,TOP,,,0.0,0,0,0.0,0.0,0,123.38259887695312
IBM,LL,BOTTOM,1.0,kf_price_pred_val,0.1636,3,1,4.71,0.0,1,112.35416412353516
IBM,LL,BOTTOM,1.0,kf_price_pred_val,0.1818,3,0,0.0,0.0,0,110.58856201171875
IBM,HL,BOTTOM,2.0,kf_price_pred_val,0.1333,3,0,0.0,0.0,0,111.5452880859375
IBM,LH,TOP,,,0.0,0,0,0.0,0.0,0,121.35263061523438
IBM,HH,TOP,,,0.0,0,0,0.0,0.0,0,122.47996520996094
IBM,LH,TOP,,,0.0,0,0,0.0,0.0,0,121.86343383789062
IBM,LL,BOTTOM,,,0.0,0,0,0.0,-0.0,0,107.12041473388672
IBM,LL,BOTTOM,,,0.0,0,0,0.0,0.3,0,104.63683319091797
IBM,LH,TOP,,,0.0,0,3,17.53,-0.0,3,110.52876281738281
IBM,HH,TOP,1.0,kf_price_filt_vel,0.1636,3,0,0.0,-0.3,0,110.74010467529297
IBM,LH,TOP,2.0,kf_price_filt_vel,0.1273,3,0,0.0,-0.0,0,107.64884948730469
IBM,LL,BOTTOM,2.0,kf_price_filt_vel,0.1455,3,0,0.0,-0.3,0,103.74730682373047
IBM,LL,BOTTOM,3.0,kf_price_filt_vel,0.0727,3,0,0.0,-0.6,0,103.54473114013672
IBM,HL,BOTTOM,4.0,kf_price_filt_vel,0.0,3,3,20.18,0.6,3,107.26131439208984
IBM,HH,TOP,1.0,current_slope,0.297,5,3,14.39,0.3,3,132.9771270751953
IBM,HH,TOP,1.0,current_slope,0.1879,5,2,10.48,-0.3,2,134.1891326904297
IBM,LH,TOP,1.0,current_slope,0.0242,5,3,14.87,-0.9,3,133.556396484375
IBM,HL,BOTTOM,1.0,kf_price_pred_val,-0.0848,6,3,14.59,-0.5,3,123.76200103759766
IBM,HL,BOTTOM,1.0,vwap_spread_current_wave,-0.1636,6,3,15.38,-0.3,3,125.90980529785156
IBM,LH,TOP,3.0,current_accel,0.0121,3,0,0.0,-0.0,0,129.7152862548828
IBM,HH,TOP,4.0,current_accel,-0.0909,3,0,0.0,-0.3,0,130.01829528808594
IBM,LL,BOTTOM,1.0,kf_rsi_pred_val,0.1939,2,2,9.29,-0.4,2,112.45356750488281
IBM,LL,BOTTOM,1.0,rsi_value,0.2545,2,2,10.99,0.0,2,111.21760559082031
IBM,HL,BOTTOM,1.0,rsi_value,0.2909,2,0,0.0,0.0,0,112.49867248535156
IBM,LH,TOP,6.0,kf_price_pred_val,-0.0182,3,0,0.0,0.0,0,118.72354125976562
IBM,HH,TOP,7.0,kf_price_pred_val,-0.0545,3,0,0.0,0.0,0,119.21070098876953
IBM,LH,TOP,8.0,kf_price_pred_val,-0.0909,3,0,0.0,0.0,0,117.7311782836914
IBM,LL,BOTTOM,,,0.0,0,0,0.0,0.0,0,111.5819091796875
IBM,LL,BOTTOM,,,0.0,0,0,0.0,0.0,0,110.5577392578125
IBM,HL,BOTTOM,,,0.0,0,0,0.0,0.0,0,112.33177947998047
IBM,HH,TOP,1.0,rsi_value,0.1939,2,2,8.45,-0.4,2,125.46336364746094
IBM,HH,TOP,1.0,kf_rsi_pred_val,0.2545,2,2,9.28,0.0,2,126.56071472167969
IBM,LH,TOP,1.0,rsi_value,0.2909,2,0,0.0,0.0,0,125.71940612792969
IBM,HL,BOTTOM,4.0,rsi_value,0.0,2,0,0.0,0.0,0,119.94918823242188
IBM,LL,BOTTOM,5.0,rsi_value,-0.097,2,0,0.0,0.0,0,118.3580322265625
IBM,HH,TOP,,,0.0,0,0,0.0,0.0,0,135.5279998779297
IBM,HH,TOP,,,0.0,0,0,0.0,0.0,0,138.5896759033203
IBM,LH,TOP,,,0.0,0,0,0.0,0.0,0,136.32345581054688
IBM,HL,BOTTOM,,,0.0,0,0,0.0,-0.0,0,126.14869689941406
IBM,HL,BOTTOM,,,0.0,0,0,0.0,-0.3,0,127.4529037475586
IBM,HH,TOP,1.0,vwap_spread_tide_wave,0.0,2,3,14.72,-0.0,3,180.99276733398438
IBM,HH,TOP,1.0,vwap_spread_tide_wave,0.0545,3,3,14.96,-0.0,3,186.7039794921875
IBM,LH,TOP,1.0,vwap_spread_tide_wave,0.097,3,3,15.25,-0.0,3,185.68443298339844
IBM,HL,BOTTOM,1.0,kf_rsi_pred_val,0.6,9,5,24.68,-2.0,5,156.8925018310547
IBM,LL,BOTTOM,1.0,kf_rsi_pred_val,0.5273,9,9,43.81,-1.5,9,155.22161865234375
IBM,HL,BOTTOM,1.0,kf_rsi_pred_val,0.6485,9,8,38.82,-0.6,8,155.46707153320312
IBM,HH,TOP,1.0,rsi_value,0.5333,4,4,18.44,-0.3,4,226.25131225585938
IBM,LH,TOP,1.0,rsi_value,0.5818,4,2,8.66,-0.2,2,224.03939819335938
IBM,HL,BOTTOM,1.0,kf_rsi_pred_val,0.0364,4,3,15.62,-0.5,3,202.3721160888672
IBM,LL,BOTTOM,1.0,d_current_slope,0.1394,4,4,22.22,-0.4,4,197.0538787841797
IBM,HL,BOTTOM,1.0,d_current_slope,0.2848,4,3,15.88,-0.2,3,198.80418395996094
IBM,HH,TOP,9.0,kf_price_pred_val,-0.1273,3,0,0.0,-0.2,0,227.5400848388672
IBM,HH,TOP,10.0,kf_price_pred_val,-0.1636,3,0,0.0,-0.4,0,230.7290496826172
IBM,HL,BOTTOM,,,0.0,0,0,0.0,0.0,0,210.72296142578125
IBM,HL,BOTTOM,,,0.0,0,0,0.0,0.0,0,211.0622100830078
IBM,HH,TOP,1.0,kf_price_pred_val,0.4606,7,4,20.79,-0.8,4,252.72218322753906
IBM,HH,TOP,1.0,kf_rsi_pred_val,0.5576,7,2,13.22,-1.1,2,256.33758544921875
IBM,LH,TOP,1.0,kf_rsi_pred_val,0.497,7,4,22.65,-0.4,4,255.2132110595703
IBM,HL,BOTTOM,2.0,kf_price_filt_vel,0.1636,7,0,0.0,0.6,0,243.22381591796875
IBM,HL,BOTTOM,3.0,kf_price_filt_vel,-0.1152,7,0,0.0,0.8,0,248.5220947265625
IBM,HH,TOP,1.0,reg_value_current,-0.1152,4,4,17.0,-0.3,4,257.9087829589844
IBM,HH,TOP,1.0,reg_value_current,0.0545,4,4,19.21,-0.4,4,258.31854248046875
IBM,LH,TOP,1.0,d_tide_slope,0.3333,4,4,18.31,-0.2,4,255.13768005371094
IBM,LL,BOTTOM,1.0,reg_value_current,-0.0364,5,4,18.63,0.2,4,245.2533721923828
IBM,LL,BOTTOM,1.0,reg_value_current,-0.0121,5,3,14.53,-0.4,3,242.65786743164062
IBM,HL,BOTTOM,1.0,reg_value_current,-0.0424,5,6,39.44,-0.2,6,255.19618225097656
IBM,LL,BOTTOM,1.0,kf_price_pred_val,0.3818,11,9,50.56,-1.3,9,220.30357360839844
IBM,LL,BOTTOM,1.0,d_current_slope,0.5212,11,9,56.25,-1.2,9,215.66879272460938
IBM,HL,BOTTOM,1.0,d_current_slope,0.6,11,9,94.86,-0.6,9,229.60240173339844
IBM,LH,TOP,1.0,reg_value_tide,-0.6,9,2,9.97,-0.5,2,235.05682373046875
IBM,HH,TOP,1.0,reg_value_tide,-0.6303,9,2,9.94,-1.2,2,239.52572631835938
IBM,LH,TOP,1.0,reg_value_tide,-0.5758,9,7,59.54,-0.4,7,223.76747131347656
IBM,LL,BOTTOM,1.0,kf_price_filt_vel,-0.1636,7,4,19.89,-0.0,4,226.7727508544922
IBM,HH,TOP,1.0,reg_value_current,0.1818,6,6,41.48,-0.0,6,289.5439758300781
IBM,LH,TOP,1.0,reg_value_current,0.2424,6,6,43.23,-0.0,6,286.0275573730469
IBM,HL,BOTTOM,1.0,vwap_wave,0.0303,8,12,72.33,-0.5,12,233.6719970703125
IBM,LL,BOTTOM,1.0,vwap_wave,0.3152,12,11,65.73,0.2,11,232.1590118408203
IBM,HL,BOTTOM,1.0,reg_value_tide,0.4182,12,8,47.02,0.2,8,237.40008544921875
IBM,HH,TOP,1.0,current_accel,-0.0545,9,7,50.12,0.1,7,286.20123291015625
IBM,HH,TOP,1.0,current_accel,-0.0364,9,8,58.65,-0.0,8,290.60174560546875
IBM,LH,TOP,1.0,d_current_slope,0.0242,9,7,51.19,-0.3,7,286.24078369140625
IBM,HL,BOTTOM,1.0,reg_value_current,0.2121,10,7,47.14,-0.6,7,277.6276550292969
IBM,LL,BOTTOM,1.0,reg_value_current,0.1333,10,7,44.81,-0.0,7,272.90081787109375
IBM,HL,BOTTOM,1.0,reg_value_current,0.0424,10,4,31.67,0.6,4,278.1517639160156
IBM,HH,TOP,1.0,reg_value_current,-0.1394,7,5,46.75,-0.0,5,311.94146728515625
IBM,HH,TOP,1.0,reg_value_current,-0.1091,7,5,47.41,-0.5,5,313.1943359375
IBM,LH,TOP,1.0,reg_value_current,-0.0,5,7,57.23,-0.3,7,303.1316833496094
IBM,HL,BOTTOM,1.0,reg_value_current,0.0606,7,6,52.14,0.3,6,288.3062438964844
IBM,LL,BOTTOM,1.0,reg_value_current,0.0909,7,4,43.11,-0.2,4,286.8942565917969
IBM,HL,BOTTOM,1.0,reg_value_current,0.0,7,4,43.19,-0.7,4,288.753662109375
IBM,HH,TOP,1.0,reg_value_current,-0.1636,7,4,45.43,-0.0,4,308.7198486328125
IBM,HH,TOP,1.0,reg_value_current,0.0,4,4,45.65,-0.0,4,310.8974304199219
IBM,LH,TOP,1.0,reg_value_current,0.0,4,4,45.86,-0.0,4,308.9783630371094
IBM,HL,BOTTOM,1.0,reg_value_current,0.0,4,4,47.14,-0.2,4,289.8474426269531
IBM,HH,TOP,1.0,vwap_wave,0.0364,6,4,46.97,0.6,4,310.4101867675781
IBM,LH,TOP,1.0,vwap_wave,0.0121,6,4,46.9,0.1,4,301.44134521484375
IBM,LL,BOTTOM,1.0,vwap_wave,0.0,6,7,61.77,-0.0,7,289.69830322265625
IBM,HL,BOTTOM,1.0,vwap_wave,0.1152,7,4,46.61,-0.0,4,295.85321044921875
IBM,HH,TOP,1.0,vwap_wave,0.0,7,4,47.33,-0.7,4,312.94573974609375
IBM,LH,TOP,1.0,vwap_wave,-0.0727,7,7,94.06,-0.6,7,292.6415100097656
IBM,LL,BOTTOM,1.0,reg_value_tide,0.297,9,16,245.18,-0.6,16,223.35000610351562
IBM,HL,BOTTOM,1.0,kf_price_pred_val,0.7333,16,13,91.33,-0.8,13,229.32000732421875
IBM,LH,TOP,1.0,reg_value_tide,-0.0061,16,9,69.84,-0.2,9,256.54998779296875
IBM,HH,TOP,1.0,reg_value_tide,-0.3455,16,9,70.17,-0.6,9,258.8500061035156
IBM,HL,BOTTOM,1.0,vwap_tide,0.2545,14,10,69.5,-1.0,10,241.6699981689453
IBM,LL,BOTTOM,1.0,vwap_tide,0.1636,14,10,68.82,-0.9,10,236.33999633789062
IBM,LH,TOP,1.0,vwap_tide,0.0061,14,8,54.21,0.2,8,243.13999938964844
IBM,HH,TOP,1.0,vwap_tide,-0.2303,14,6,45.13,0.4,6,248.16000366210938
IBM,HL,BOTTOM,1.0,vwap_tide,-0.5394,11,8,59.36,-0.6,8,237.17999267578125
IBM,LL,BOTTOM,1.0,vwap_tide,-0.4667,11,9,65.5,-0.7,9,230.75999450683594
IBM,HH,TOP,1.0,vwap_tide,-0.1273,9,4,31.98,0.5,4,253.7100067138672
IBM,HH,TOP,1.0,vwap_tide,-0.2364,9,4,31.53,-0.2,4,255.67999267578125
IBM,LH,TOP,1.0,vwap_tide,-0.4303,9,4,30.71,-1.0,4,251.86000061035156
IBM,LL,BOTTOM,1.0,vwap_tide,-0.1333,5,5,29.95,-0.6,5,220.5800018310547
IBM,LL,BOTTOM,1.0,vwap_tide,0.0364,5,7,40.01,-0.2,7,214.63999938964844
IBM,HL,BOTTOM,1.0,vwap_tide,0.3152,7,5,29.76,0.6,5,220.41000366210938
JNJ,UNKNOWN,BOTTOM,1.0,rsi_value,-0.2061,3,3,15.11,-0.6,3,60.029998779296875
JNJ,LL,BOTTOM,1.0,rsi_value,-0.1091,3,3,15.36,0.0,3,60.0
JNJ,HL,BOTTOM,1.0,rsi_value,-0.0121,3,0,0.0,0.0,0,60.34000015258789
JNJ,UNKNOWN,TOP,1.0,kf_rsi_pred_val,0.097,1,1,4.96,-0.4,1,64.94000244140625
JNJ,HH,TOP,1.0,kf_rsi_pred_val,0.1273,1,2,9.15,0.0,2,65.12000274658203
JNJ,HL,BOTTOM,,,0.0,0,0,0.0,-0.2,0,62.11000061035156
JNJ,LL,BOTTOM,,,0.0,0,1,4.46,0.0,1,60.72999954223633
JNJ,LH,TOP,,,0.0,0,0,0.0,0.0,0,63.79999923706055
JNJ,LH,TOP,,,0.0,0,0,0.0,0.0,0,62.74000930786133
JNJ,HL,BOTTOM,,,0.0,0,1,4.82,-0.5,1,60.96001052856445
JNJ,LL,BOTTOM,1.0,geo_phase_angle,0.0545,1,3,15.67,-0.2,3,59.77000045776367
JNJ,HH,TOP,10.0,vwap_sigma_wave,-0.0545,1,0,0.0,0.0,0,68.35001373291016
JNJ,HH,TOP,,,0.0,0,0,0.0,0.0,0,68.39998626708984
JNJ,LH,TOP,,,0.0,0,0,0.0,0.0,0,67.7400131225586
JNJ,HL,BOTTOM,,,0.0,0,0,0.0,0.0,0,61.33000183105469
JNJ,HL,BOTTOM,,,0.0,0,0,0.0,0.4,0,62.439998626708984
JNJ,HH,TOP,,,0.0,0,0,0.0,0.0,0,67.80999755859375
JNJ,HH,TOP,,,0.0,0,0,0.0,0.0,0,68.2599868774414
JNJ,HL,BOTTOM,,,0.0,0,0,0.0,-0.2,0,64.2599868774414
JNJ,LL,BOTTOM,,,0.0,0,1,4.23,0.0,1,63.570011138916016
JNJ,HH,TOP,,,0.0,0,1,4.47,0.2,1,72.22000122070312
JNJ,LH,TOP,1.0,vwap_sigma_wave,0.0545,1,0,0.0,0.1,0,71.33999633789062
JNJ,LL,BOTTOM,1.0,d_current_slope,0.7879,10,16,188.9,-1.8,16,57.58000183105469
JNJ,LL,BOTTOM,1.0,kf_price_pred_val,1.3576,16,13,156.25,-1.4,13,55.85000991821289
JNJ,LH,TOP,1.0,kf_price_pred_val,1.4606,16,8,417.8,-1.5,8,62.679988861083984
JNJ,HH,TOP,1.0,kf_price_filt_vel,1.5333,16,8,170.73,-1.1,8,64.0
JNJ,LH,TOP,1.0,kf_price_pred_val,1.3152,16,8,83.32,1.0,8,60.53998947143555
JNJ,HL,BOTTOM,1.0,wave_slope,0.8909,16,4,42.18,1.0,4,63.5
JNJ,HH,TOP,1.0,wave_slope,-0.6242,16,3,22.89,0.5,3,64.44000244140625
JNJ,LH,TOP,1.0,wave_slope,-1.0909,16,3,18.95,-0.5,3,63.65999984741211
JNJ,LL,BOTTOM,1.0,d_current_slope,-0.1152,9,6,31.98,-0.6,6,60.14999008178711
JNJ,HL,BOTTOM,1.0,d_current_slope,0.0303,9,6,113.79,-0.0,6,64.19000244140625
JNJ,LH,TOP,1.0,kf_price_filt_vel,0.2,9,3,16.77,0.6,3,61.529998779296875
JNJ,LL,BOTTOM,1.0,current_slope,-0.6364,9,6,36.15,-0.2,6,59.85000991821289
JNJ,LL,BOTTOM,1.0,current_slope,-0.303,8,8,63.85,0.7,8,57.91999816894531
JNJ,HL,BOTTOM,1.0,kf_price_pred_val,-0.0909,8,5,41.29,0.7,5,60.220001220703125
JNJ,LH,TOP,1.0,current_slope,0.1697,8,8,45.17,-0.0,8,57.91999816894531
JNJ,HH,TOP,1.0,current_slope,0.3212,8,6,142.93,1.0,6,62.89999008178711
JNJ,LH,TOP,1.0,kf_price_filt_vel,0.303,8,5,29.8,0.6,5,60.04999923706055
JNJ,LL,BOTTOM,1.0,current_slope,-0.2061,8,7,59.1,-1.4,7,58.119998931884766
JNJ,LL,BOTTOM,1.0,kf_price_filt_vel,-0.0545,8,9,92.8,-0.7,9,55.810001373291016
JNJ,HL,BOTTOM,1.0,kf_price_pred_val,0.3273,9,5,49.91,0.4,5,58.35000991821289
JNJ,LH,TOP,1.0,kf_price_filt_vel,0.2788,9,6,48.91,0.7,6,59.11000061035156
JNJ,LH,TOP,1.0,kf_price_filt_vel,0.1515,9,3,22.82,0.1,3,58.70000076293945
JNJ,LL,BOTTOM,1.0,current_slope,-0.2364,9,8,94.91,0.3,8,55.33000183105469
JNJ,HL,BOTTOM,1.0,kf_price_pred_val,-0.0606,9,4,27.52,-0.0,4,56.83000183105469
JNJ,HH,TOP,3.0,d_current_slope,-0.2121,3,0,0.0,0.0,0,60.64999008178711
JNJ,LL,BOTTOM,1.0,wave_slope,1.4485,18,17,161.45,-1.0,17,46.60000991821289
JNJ,HL,BOTTOM,1.0,wave_slope,1.4,18,16,149.06,-1.2,16,47.779998779296875
JNJ,HH,TOP,3.0,tide_accel,-0.1091,2,4,24.6,-0.0,4,62.529998779296875
JNJ,LH,TOP,1.0,d_tide_slope,0.1212,4,2,11.32,0.2,2,61.00999069213867
JNJ,HL,BOTTOM,1.0,vwap_sigma_current,-0.0545,2,0,0.0,-0.2,0,59.49000930786133
JNJ,LL,BOTTOM,2.0,vwap_sigma_current,0.0424,1,1,4.43,0.0,1,58.929988861083984
JNJ,HL,BOTTOM,1.0,vwap_sigma_current,0.0848,1,0,0.0,0.0,0,59.52000045776367
JNJ,HH,TOP,,,0.0,0,0,0.0,0.0,0,66.02999877929688
JNJ,LH,TOP,,,0.0,0,0,0.0,0.0,0,65.9900131225586
JNJ,LL,BOTTOM,1.0,sigma_tide,0.5394,11,6,38.66,-1.2,6,58.0
JNJ,HL,BOTTOM,1.0,sigma_tide,0.3273,11,6,35.83,-1.5,6,58.63999938964844
JNJ,LH,TOP,7.0,current_slope,-0.1333,2,4,20.22,-0.2,4,60.61000061035156
JNJ,HH,TOP,1.0,vwap_sigma_wave,0.103,4,1,6.47,0.0,1,61.380001068115234
JNJ,LH,TOP,1.0,vwap_sigma_wave,0.1394,4,0,0.0,0.0,0,60.53998947143555
JNJ,LL,BOTTOM,9.0,vwap_sigma_wave,-0.2606,4,3,15.46,-0.4,3,57.119998931884766
JNJ,LL,BOTTOM,1.0,kf_price_pred_val,0.1091,3,2,8.49,0.0,2,57.02000045776367
JNJ,HL,BOTTOM,1.0,vwap_sigma_tide,0.2364,3,0,0.0,0.0,0,57.630001068115234
JNJ,LH,TOP,1.0,d_current_slope,0.1091,2,2,8.22,-0.2,2,60.04999923706055
JNJ,LH,TOP,1.0,d_current_slope,0.1939,2,1,4.24,0.4,1,59.429988861083984
JNJ,LL,BOTTOM,9.0,kf_price_filt_vel,-0.0848,2,1,5.16,-0.2,1,57.29999923706055
JNJ,LL,BOTTOM,1.0,fear_level,-0.0545,2,1,5.16,-0.6,1,57.02000045776367
JNJ,HL,BOTTOM,1.0,fear_level,0.097,1,3,13.82,-0.3,3,58.28998947143555
JNJ,HH,TOP,,,0.0,0,0,0.0,-0.2,0,64.19000244140625
JNJ,HH,TOP,,,0.0,0,1,4.65,0.0,1,64.7599868774414
JNJ,LH,TOP,1.0,vwap_sigma_wave,0.0545,1,0,0.0,0.0,0,64.64998626708984
JNJ,HL,BOTTOM,1.0,vwap_sigma_wave,0.0848,1,2,8.18,-0.8,2,58.47999954223633
JNJ,LL,BOTTOM,1.0,vwap_sigma_wave,0.1697,2,4,18.58,0.0,4,57.65999984741211
JNJ,HL,BOTTOM,1.0,vwap_sigma_current,0.3394,4,0,0.0,0.0,0,58.130001068115234
JNJ,HH,TOP,,,0.0,0,0,0.0,0.0,0,67.55000305175781
JNJ,HH,TOP,,,0.0,0,0,0.0,0.0,0,67.91999816894531
JNJ,LH,TOP,,,0.0,0,0,0.0,0.0,0,67.57000732421875
JNJ,HL,BOTTOM,1.0,rsi_value,0.3939,4,3,12.84,-1.5,3,62.20000076293945
JNJ,LL,BOTTOM,1.0,kf_conjugation_pred_val,0.3758,4,5,24.42,-1.5,5,60.20000076293945
JNJ,HL,BOTTOM,1.0,wave_slope,0.4303,5,6,64.54,-0.3,6,63.439998626708984
JNJ,LH,TOP,4.0,kf_price_filt_vel,-0.0364,3,0,0.0,0.1,0,65.86000061035156
JNJ,LH,TOP,5.0,kf_price_filt_vel,-0.0424,3,0,0.0,-0.0,0,65.7699966430664
JNJ,LL,BOTTOM,,,0.0,0,1,5.26,-0.2,1,61.91999816894531
JNJ,LL,BOTTOM,1.0,kf_price_pred_val,0.0545,1,0,0.0,-0.7,0,61.59000015258789
JNJ,LH,TOP,3.0,kf_price_filt_vel,0.1091,3,0,0.0,-0.2,0,65.5
JNJ,HH,TOP,4.0,kf_price_filt_vel,0.0121,3,0,0.0,-0.7,0,65.60001373291016
JNJ,LL,BOTTOM,,,0.0,0,2,9.43,-0.0,2,61.27000045776367
JNJ,HH,TOP,,,0.0,0,0,0.0,0.0,0,66.21000671386719
JNJ,LH,TOP,,,0.0,0,0,0.0,0.2,0,65.87999725341797
JNJ,HL,BOTTOM,1.0,vwap_sigma_current,0.0848,1,0,0.0,-0.4,0,62.429988861083984
JNJ,LL,BOTTOM,2.0,vwap_sigma_current,0.0606,1,2,9.06,0.0,2,61.779998779296875
JNJ,HH,TOP,,,0.0,0,2,10.39,-0.9,2,71.0
JNJ,HH,TOP,1.0,kf_price_pred_val,0.1091,2,5,26.34,-0.2,5,72.5199966430664
JNJ,LH,TOP,1.0,kf_price_pred_val,0.3576,5,1,4.35,-0.2,1,71.86000061035156
JNJ,HL,BOTTOM,,,0.0,0,0,0.0,0.0,0,69.08999633789062
JNJ,LL,BOTTOM,,,0.0,0,0,0.0,0.0,0,68.80999755859375
JNJ,HL,BOTTOM,,,0.0,0,0,0.0,0.0,0,69.28999328613281
JNJ,HH,TOP,1.0,vwap_spread_tide_wave,0.097,2,2,9.5,-0.0,2,88.0099868774414
JNJ,HH,TOP,1.0,vwap_spread_tide_wave,0.1273,2,2,9.67,-0.0,2,88.58999633789062
JNJ,LH,TOP,1.0,vwap_spread_tide_wave,0.1455,2,2,9.89,-0.0,2,88.46000671386719
JNJ,HL,BOTTOM,1.0,vwap_spread_tide_current,-0.1273,2,1,4.24,-0.6,1,84.86000061035156
JNJ,LL,BOTTOM,1.0,vwap_spread_tide_current,-0.097,2,4,27.31,-0.4,4,82.62000274658203
JNJ,HL,BOTTOM,1.0,kf_price_pred_val,0.1091,4,1,4.11,-0.7,1,83.19999694824219
JNJ,HH,TOP,1.0,vwap_spread_tide_wave,0.4788,4,5,22.43,-0.4,5,93.7699966430664
JNJ,HH,TOP,1.0,vwap_spread_tide_wave,0.5212,5,5,23.91,-0.0,5,94.38999938964844
JNJ,HL,BOTTOM,7.0,tide_slope,-0.1455,1,0,0.0,-0.0,0,86.58999633789062
JNJ,LL,BOTTOM,8.0,tide_slope,-0.1273,1,1,4.64,-0.4,1,85.61000061035156
JNJ,HL,BOTTOM,1.0,sigma_tide,-0.0424,1,1,4.12,-0.7,1,85.96000671386719
JNJ,HH,TOP,,,0.0,0,0,0.0,0.0,0,95.62999725341797
JNJ,LH,TOP,,,0.0,0,0,0.0,0.0,0,95.05999755859375
JNJ,HL,BOTTOM,1.0,vwap_sigma_current,0.1394,2,4,21.17,-0.6,4,86.77999877929688
JNJ,LL,BOTTOM,1.0,vwap_sigma_current,0.2727,4,5,25.37,-0.9,5,86.62000274658203
JNJ,HL,BOTTOM,1.0,sigma_tide,0.4121,5,4,19.75,-1.3,4,87.27999877929688
JNJ,HH,TOP,,,0.0,0,0,0.0,0.0,0,106.47000122070312
JNJ,LH,TOP,,,0.0,0,0,0.0,0.0,0,105.72000122070312
JNJ,HL,BOTTOM,,,0.0,0,0,0.0,0.0,0,100.16000366210938
JNJ,LL,BOTTOM,,,0.0,0,0,0.0,0.0,0,99.81999969482422
JNJ,HL,BOTTOM,,,0.0,0,0,0.0,0.0,0,100.70999908447266
JNJ,HH,TOP,3.0,vwap_sigma_wave,0.0303,1,0,0.0,0.0,0,107.45999908447266
JNJ,HH,TOP,4.0,vwap_sigma_wave,0.0182,1,0,0.0,0.0,0,108.63999938964844
JNJ,LH,TOP,5.0,vwap_sigma_wave,0.0061,1,0,0.0,0.0,0,107.0999984741211
JNJ,LL,BOTTOM,1.0,sigma_tide,0.2909,3,3,14.63,-0.4,3,98.20999908447266
JNJ,LL,BOTTOM,1.0,kf_conjugation_pred_val,0.3818,3,4,24.26,-1.0,4,96.77999877929688
JNJ,HL,BOTTOM,1.0,kf_conjugation_pred_val,0.4909,4,5,31.49,-0.9,5,98.69999694824219
JNJ,HH,TOP,1.0,wave_slope,0.4182,3,3,15.46,-0.4,3,108.75
JNJ,HH,TOP,1.0,wave_slope,0.4485,3,2,9.2,0.0,2,109.06999969482422
JNJ,LH,TOP,1.0,wave_slope,0.3879,3,0,0.0,0.0,0,108.16000366210938
JNJ,HL,BOTTOM,,,0.0,0,0,0.0,0.0,0,99.52999877929688
JNJ,LL,BOTTOM,,,0.0,0,0,0.0,0.0,0,98.31999969482422
JNJ,HL,BOTTOM,,,0.0,0,0,0.0,0.0,0,99.83000183105469
JNJ,LH,TOP,5.0,geo_phase_angle,0.0061,1,0,0.0,0.0,0,103.41999816894531
JNJ,HH,TOP,6.0,geo_phase_angle,-0.0061,1,0,0.0,0.0,0,103.95999908447266
JNJ,LH,TOP,7.0,geo_phase_angle,-0.0182,1,0,0.0,0.0,0,103.5999984741211
JNJ,LL,BOTTOM,1.0,kf_price_pred_val,0.3273,7,8,53.07,-1.3,8,92.81999969482422
JNJ,LL,BOTTOM,1.0,kf_price_pred_val,0.6424,8,7,50.08,-0.0,7,90.7300033569336
JNJ,HL,BOTTOM,1.0,kf_price_pred_val,0.8061,8,4,65.46,-0.0,4,95.11000061035156
JNJ,LH,TOP,1.0,kf_price_filt_vel,0.7879,8,4,37.27,0.2,4,96.22000122070312
JNJ,LH,TOP,1.0,kf_price_filt_vel,0.7333,8,1,5.16,-0.3,1,95.16999816894531
JNJ,LL,BOTTOM,1.0,geo_phase_angle,-0.1697,2,1,5.16,-0.3,1,92.4800033569336
JNJ,LL,BOTTOM,1.0,fear_level,-0.103,2,2,10.23,-0.5,2,91.0
JNJ,HH,TOP,,,0.0,0,0,0.0,-0.2,0,104.12999725341797
JNJ,HH,TOP,,,0.0,0,1,5.72,-0.2,1,105.25
JNJ,LH,TOP,1.0,vwap_sigma_wave,0.0545,1,0,0.0,-0.4,0,103.63999938964844
JNJ,HL,BOTTOM,3.0,vwap_sigma_current,-0.1212,3,0,0.0,0.4,0,97.5
JNJ,LL,BOTTOM,4.0,vwap_sigma_current,0.0061,2,1,4.67,0.5,1,95.75
JNJ,HL,BOTTOM,1.0,vwap_sigma_current,0.0242,2,0,0.0,0.1,0,95.94000244140625
JNJ,HH,TOP,1.0,vwap_spread_tide_wave,-0.0424,2,1,4.54,-0.0,1,125.4000015258789
JNJ,LH,TOP,1.0,vwap_spread_tide_wave,-0.1455,2,1,4.6,-0.0,1,124.8499984741211
JNJ,HL,BOTTOM,1.0,vwap_sigma_wave,0.1515,2,1,4.07,-0.5,1,114.87000274658203
JNJ,LL,BOTTOM,1.0,sigma_tide,0.1697,2,2,9.15,-0.3,2,113.44000244140625
JNJ,LH,TOP,10.0,sigma_tide,-0.0545,1,0,0.0,-0.4,0,117.05000305175781
JNJ,HH,TOP,,,0.0,0,3,14.59,-0.0,3,120.30999755859375
JNJ,LH,TOP,1.0,kf_price_pred_val,0.1636,3,0,0.0,-0.2,0,119.54000091552734
JNJ,LL,BOTTOM,,,0.0,0,0,0.0,-0.0,0,111.0999984741211
JNJ,LL,BOTTOM,,,0.0,0,0,0.0,-0.3,0,110.98999786376953
JNJ,HL,BOTTOM,,,0.0,0,0,0.0,-0.6,0,112.26000213623047
JNJ,HH,TOP,1.0,rsi_value,-0.1515,5,2,14.61,-0.4,2,127.05000305175781
JNJ,HH,TOP,1.0,rsi_value,-0.2848,5,2,16.75,-0.6,2,128.9600067138672
JNJ,LH,TOP,1.0,rsi_value,-0.4182,5,2,13.24,-0.6,2,128.4600067138672
JNJ,HL,BOTTOM,,,0.0,0,3,17.97,0.0,3,121.81999969482422
JNJ,LL,BOTTOM,1.0,kf_price_filt_vel,0.1636,3,0,0.0,0.0,0,121.37000274658203
JNJ,HL,BOTTOM,2.0,kf_price_filt_vel,0.1273,3,0,0.0,0.0,0,121.87000274658203
JNJ,HH,TOP,,,0.0,0,0,0.0,-0.0,0,135.2100067138672
JNJ,HH,TOP,,,0.0,0,0,0.0,-0.2,0,136.57000732421875
JNJ,LH,TOP,,,0.0,0,0,0.0,-0.4,0,135.30999755859375
JNJ,HL,BOTTOM,,,0.0,0,0,0.0,0.0,0,129.75
JNJ,LL,BOTTOM,,,0.0,0,0,0.0,0.0,0,129.47000122070312
JNJ,HL,BOTTOM,,,0.0,0,0,0.0,0.0,0,130.00999450683594
JNJ,HH,TOP,,,0.0,0,1,4.23,-0.6,1,148.13999938964844
JNJ,LH,TOP,1.0,rsi_value,0.0545,1,3,36.58,0.0,3,141.8300018310547
JNJ,HL,BOTTOM,1.0,sigma_tide,0.4788,7,4,24.08,-1.4,4,131.4199981689453
JNJ,LL,BOTTOM,1.0,sigma_tide,0.5394,7,10,71.64,-0.6,10,126.36000061035156
JNJ,HL,BOTTOM,1.0,sigma_tide,0.8788,10,6,52.72,-0.6,6,129.52999877929688
JNJ,LH,TOP,1.0,vwap_spread_current_wave,0.2242,4,0,0.0,0.6,0,132.6300048828125
JNJ,HH,TOP,2.0,vwap_spread_current_wave,0.1091,4,0,0.0,0.3,0,134.35000610351562
JNJ,LH,TOP,3.0,vwap_spread_current_wave,-0.0606,4,0,0.0,-0.0,0,132.32000732421875
JNJ,LL,BOTTOM,1.0,conj_current_tide,-0.0242,3,6,25.56,-0.4,6,124.55999755859375
JNJ,HL,BOTTOM,1.0,d_tide_slope,0.2061,6,2,8.29,-0.4,2,128.35000610351562
JNJ,LH,TOP,6.0,kf_price_filt_vel,-0.4848,6,2,8.98,-0.7,2,131.75999450683594
JNJ,LH,TOP,1.0,d_current_slope,-0.1212,2,2,8.69,-0.6,2,130.5399932861328
JNJ,LL,BOTTOM,1.0,vwap_sigma_tide,0.0545,1,2,10.47,-0.3,2,119.4000015258789
JNJ,HL,BOTTOM,1.0,vwap_sigma_tide,0.1515,2,2,9.49,-0.2,2,120.97000122070312
JNJ,HH,TOP,,,0.0,0,0,0.0,-0.2,0,141.97999572753906
JNJ,HH,TOP,,,0.0,0,1,4.07,0.0,1,142.8800048828125
JNJ,HL,BOTTOM,2.0,geo_phase_angle,0.0424,1,0,0.0,-0.0,0,137.72999572753906
JNJ,LL,BOTTOM,3.0,geo_phase_angle,0.0303,1,4,24.15,0.3,4,133.83999633789062
JNJ,HL,BOTTOM,1.0,kf_price_pred_val,0.2364,4,0,0.0,-0.2,0,133.8699951171875
JNJ,HH,TOP,6.0,tide_accel,-0.3212,5,0,0.0,1.0,0,147.10000610351562
JNJ,HH,TOP,7.0,tide_accel,-0.4545,5,0,0.0,1.2,0,147.83999633789062
JNJ,LH,TOP,8.0,tide_accel,-0.2545,2,3,193.51,1.4,3,133.0
JNJ,LL,BOTTOM,1.0,kf_conjugation_pred_val,1.0909,9,9,69.92,-0.8,9,122.83999633789062
JNJ,HH,TOP,,,0.0,0,0,0.0,0.0,0,142.08999633789062
JNJ,LH,TOP,,,0.0,0,0,0.0,0.0,0,139.97000122070312
JNJ,HL,BOTTOM,1.0,kf_price_pred_val,0.2727,5,2,9.05,-0.5,2,132.11000061035156
JNJ,LL,BOTTOM,1.0,vwap_sigma_current,0.3212,5,2,9.97,-0.4,2,131.14999389648438
JNJ,HH,TOP,,,0.0,0,0,0.0,0.0,0,143.05999755859375
JNJ,HH,TOP,,,0.0,0,0,0.0,0.0,0,144.24000549316406
JNJ,LH,TOP,,,0.0,0,0,0.0,0.0,0,141.85000610351562
JNJ,LL,BOTTOM,10.0,vwap_sigma_wave,-0.2182,4,0,0.0,0.0,0,126.94999694824219
JNJ,HL,BOTTOM,,,0.0,0,0,0.0,0.0,0,129.5500030517578
JNJ,LH,TOP,5.0,kf_price_filt_vel,-0.0424,3,1,4.39,-0.3,1,135.1699981689453
JNJ,HH,TOP,1.0,kf_price_pred_val,-0.0485,3,0,0.0,-0.7,0,136.1699981689453
JNJ,LH,TOP,2.0,kf_price_pred_val,-0.1212,3,3,86.04,-0.2,3,127.69999694824219
JNJ,HL,BOTTOM,2.0,kf_price_pred_val,-0.0242,3,0,0.0,0.6,0,129.89999389648438
JNJ,LL,BOTTOM,3.0,kf_price_pred_val,0.0788,3,0,0.0,0.3,0,127.5
JNJ,HL,BOTTOM,4.0,kf_price_pred_val,0.0182,3,0,0.0,-0.0,0,128.35000610351562
JNJ,HH,TOP,10.0,kf_rsi_pred_val,-0.1091,2,0,0.0,0.0,0,151.60000610351562
JNJ,HH,TOP,,,0.0,0,0,0.0,0.0,0,153.99000549316406
JNJ,LH,TOP,,,0.0,0,0,0.0,0.0,0,153.52999877929688
JNJ,HL,BOTTOM,,,0.0,0,6,34.51,-1.0,6,139.1199951171875
JNJ,LL,BOTTOM,1.0,kf_price_pred_val,0.3273,6,8,61.2,-0.8,8,134.47999572753906
JNJ,LH,TOP,1.0,kf_price_filt_vel,0.8485,8,5,29.72,-0.1,5,135.58999633789062
JNJ,HH,TOP,1.0,kf_conjugation_pred_val,0.8788,8,6,93.95,1.2,6,143.47999572753906
JNJ,LH,TOP,1.0,kf_price_filt_vel,0.903,8,3,17.69,1.3,3,142.00999450683594
JNJ,LL,BOTTOM,1.0,wave_slope,0.0485,8,9,107.98,-1.4,9,131.8000030517578
JNJ,LL,BOTTOM,1.0,kf_price_pred_val,-0.0424,9,9,135.72,-0.3,9,125.41000366210938
JNJ,HL,BOTTOM,1.0,kf_price_pred_val,0.1576,9,8,118.34,1.2,8,134.2899932861328
JNJ,LL,BOTTOM,1.0,kf_price_filt_vel,0.4,9,6,47.92,2.4,6,127.12999725341797
JNJ,HL,BOTTOM,1.0,wave_slope,0.4,9,6,137.05,2.2,6,136.58999633789062
JNJ,LH,TOP,1.0,kf_price_filt_vel,0.3333,9,3,19.52,1.0,3,134.9600067138672
JNJ,LL,BOTTOM,1.0,kf_price_pred_val,0.1273,11,14,276.72,-0.9,14,111.13999938964844
JNJ,HL,BOTTOM,1.0,kf_price_pred_val,0.5636,14,11,175.47,-1.6,11,119.18000030517578
JNJ,HH,TOP,1.0,kf_conjugation_pred_val,0.2606,9,5,89.87,0.2,5,152.99000549316406
JNJ,HH,TOP,1.0,kf_conjugation_pred_val,0.0182,9,5,87.25,-0.0,5,155.50999450683594
JNJ,LH,TOP,1.0,wave_slope,-0.1818,9,5,77.33,-0.4,5,154.86000061035156
JNJ,HL,BOTTOM,1.0,d_current_slope,-0.0606,4,2,18.67,-0.2,2,139.6699981689453
JNJ,LL,BOTTOM,1.0,d_current_slope,0.0485,4,2,27.29,-0.4,2,137.80999755859375
JNJ,LH,TOP,,,0.0,0,0,0.0,0.0,0,151.52000427246094
JNJ,HH,TOP,,,0.0,0,0,0.0,0.0,0,153.8300018310547
JNJ,LH,TOP,,,0.0,0,0,0.0,0.0,0,149.5500030517578
JNJ,HL,BOTTOM,,,0.0,0,0,0.0,0.0,0,145.10000610351562
JNJ,LL,BOTTOM,,,0.0,0,0,0.0,0.0,0,144.2100067138672
JNJ,HL,BOTTOM,,,0.0,0,0,0.0,0.0,0,144.44000244140625
JNJ,HH,TOP,,,0.0,0,0,0.0,-0.4,0,151.83999633789062
JNJ,LH,TOP,,,0.0,0,2,10.41,0.0,2,148.36000061035156
JNJ,LL,BOTTOM,1.0,kf_price_pred_val,0.2727,5,3,15.51,-0.0,3,137.19000244140625
JNJ,LL,BOTTOM,1.0,vwap_sigma_current,0.3758,5,2,10.35,-0.2,2,137.11000061035156
JNJ,HH,TOP,4.0,tide_accel,0.0364,2,2,9.0,-0.9,2,165.97999572753906
JNJ,HH,TOP,1.0,d_tide_slope,0.1212,2,5,27.83,-0.6,5,170.47999572753906
JNJ,LH,TOP,1.0,kf_price_pred_val,0.3455,5,2,8.7,-0.7,2,167.8800048828125
JNJ,HL,BOTTOM,,,0.0,0,0,0.0,-1.4,0,156.22000122070312
JNJ,LL,BOTTOM,,,0.0,0,6,26.97,-0.4,6,153.07000732421875
JNJ,HL,BOTTOM,1.0,d_tide_slope,0.3273,6,2,15.14,0.0,2,156.10000610351562
JNJ,LH,TOP,,,0.0,0,1,4.74,0.0,1,166.47999572753906
JNJ,HH,TOP,1.0,kf_price_pred_val,0.0545,1,0,0.0,0.0,0,166.58999633789062
JNJ,LH,TOP,2.0,kf_price_pred_val,0.0424,1,0,0.0,0.0,0,165.17999267578125
JNJ,HL,BOTTOM,7.0,kf_price_pred_val,-0.0182,1,0,0.0,-0.7,0,164.1999969482422
JNJ,LL,BOTTOM,8.0,kf_price_pred_val,-0.0303,1,10,393.95,-0.6,10,141.31187438964844
JNJ,LH,TOP,1.0,conj_wave_tide,-0.1273,4,0,0.0,-0.0,0,149.0266571044922
JNJ,LH,TOP,2.0,conj_wave_tide,-0.303,4,1,4.39,-0.0,1,148.61595153808594
JNJ,HL,BOTTOM,1.0,conj_current_tide,0.1091,4,3,14.88,-0.3,3,144.36927795410156
JNJ,LL,BOTTOM,1.0,conj_current_tide,0.0667,4,3,15.07,-0.2,3,141.53814697265625
JNJ,HH,TOP,,,0.0,0,0,0.0,-0.4,0,155.39662170410156
JNJ,HH,TOP,,,0.0,0,2,9.13,0.0,2,156.8209228515625
JNJ,LH,TOP,1.0,kf_rsi_pred_val,0.1091,2,0,0.0,0.0,0,154.8286895751953
JNJ,LL,BOTTOM,1.0,fear_level,0.097,2,1,5.16,-0.2,1,140.8585968017578
JNJ,LL,BOTTOM,1.0,fear_level,0.0788,2,4,20.42,-0.4,4,138.6083526611328
JNJ,HL,BOTTOM,1.0,d_tide_slope,0.2121,4,3,16.11,-0.6,3,139.9356231689453
JNJ,LH,TOP,1.0,geo_phase_angle,-0.2242,4,0,0.0,0.0,0,144.22511291503906
JNJ,HH,TOP,2.0,geo_phase_angle,-0.4121,4,0,0.0,0.0,0,145.69300842285156
JNJ,LH,TOP,3.0,geo_phase_angle,-0.3879,3,0,0.0,0.0,0,143.92625427246094
JNJ,HL,BOTTOM,1.0,fear_level,0.097,1,1,5.16,0.4,1,141.3388214111328
JNJ,LL,BOTTOM,1.0,fear_level,0.0788,1,2,9.62,0.3,2,137.95907592773438
JNJ,HL,BOTTOM,1.0,fear_level,0.103,2,1,5.16,-0.0,1,139.86131286621094
JNJ,HH,TOP,,,0.0,0,0,0.0,0.0,0,151.84970092773438
JNJ,HH,TOP,,,0.0,0,0,0.0,0.0,0,153.9022674560547
JNJ,HL,BOTTOM,,,0.0,0,0,0.0,-0.6,0,144.187744140625
JNJ,HL,BOTTOM,,,0.0,0,3,17.45,0.0,3,148.31065368652344
JNJ,LH,TOP,5.0,kf_price_filt_vel,0.0182,3,0,0.0,0.0,0,151.18609619140625
JNJ,HH,TOP,6.0,kf_price_filt_vel,-0.0182,3,0,0.0,0.0,0,152.85826110839844
JNJ,LH,TOP,7.0,kf_price_filt_vel,-0.0545,3,0,0.0,0.0,0,152.84945678710938
JNJ,LL,BOTTOM,,,0.0,0,0,0.0,-1.1,0,143.55502319335938
JNJ,LL,BOTTOM,,,0.0,0,4,17.28,-0.6,4,140.81251525878906
JNJ,HL,BOTTOM,1.0,d_current_slope,0.2182,4,3,50.04,0.0,3,147.81129455566406
JNJ,HH,TOP,4.0,kf_price_filt_vel,-0.1394,3,0,0.0,0.0,0,165.62879943847656
JNJ,LH,TOP,5.0,kf_price_filt_vel,-0.0909,3,0,0.0,0.0,0,164.4445343017578
JNJ,HL,BOTTOM,,,0.0,0,0,0.0,-0.4,0,153.07159423828125
JNJ,LL,BOTTOM,,,0.0,0,2,10.52,0.2,2,150.72372436523438
JNJ,HL,BOTTOM,1.0,vwap_sigma_current,0.1091,2,0,0.0,0.3,0,152.33677673339844
JNJ,LH,TOP,1.0,kf_price_pred_val,0.0424,2,1,6.86,-0.2,1,161.00253295898438
JNJ,HH,TOP,1.0,kf_price_pred_val,0.0606,2,1,4.21,-0.3,1,163.3594207763672
JNJ,LL,BOTTOM,,,0.0,0,1,4.59,-0.3,1,146.07077026367188
JNJ,LL,BOTTOM,1.0,vwap_sigma_wave,0.0545,1,1,6.43,-0.2,1,144.5280303955078
JNJ,LH,TOP,,,0.0,0,0,0.0,-0.3,0,162.34962463378906
JNJ,HH,TOP,,,0.0,0,0,0.0,-0.6,0,163.66624450683594
JNJ,LL,BOTTOM,1.0,current_slope,-0.097,5,3,14.93,-0.7,3,140.7364959716797
JNJ,LL,BOTTOM,1.0,current_slope,-0.2182,5,4,19.76,-0.6,4,138.1392059326172
JNJ,HL,BOTTOM,1.0,current_slope,-0.2182,5,4,19.51,-0.2,4,138.21238708496094
JNJ,LH,TOP,1.0,d_current_slope,0.1758,6,2,11.58,-0.0,2,149.9091796875
JNJ,HH,TOP,1.0,d_current_slope,0.1636,6,3,17.73,-0.7,3,151.91200256347656
JNJ,LH,TOP,1.0,d_current_slope,0.1394,6,4,19.74,-1.4,4,151.66506958007812
JNJ,HL,BOTTOM,1.0,fear_level,0.1212,1,1,5.16,-0.0,1,142.2774658203125
JNJ,LL,BOTTOM,1.0,fear_level,0.1273,1,1,5.16,-0.0,1,142.22218322753906
JNJ,HH,TOP,1.0,kf_rsi_pred_val,0.1636,3,1,4.5,-0.7,1,160.0425567626953
JNJ,HH,TOP,1.0,kf_rsi_pred_val,0.1333,3,4,16.75,-0.4,4,160.7705078125
JNJ,LL,BOTTOM,1.0,vwap_spread_current_wave,0.2848,3,6,31.83,-1.4,6,138.28936767578125
JNJ,LL,BOTTOM,1.0,vwap_spread_current_wave,0.4242,6,8,49.04,-1.0,8,135.1337890625
JNJ,LH,TOP,,,0.0,0,0,0.0,0.0,0,151.9838409423828
JNJ,HH,TOP,,,0.0,0,0,0.0,0.0,0,153.40725708007812
JNJ,LH,TOP,,,0.0,0,0,0.0,0.0,0,151.86129760742188
JNJ,HL,BOTTOM,1.0,vwap_sigma_current,0.2242,3,3,16.26,-1.2,3,139.12606811523438
JNJ,LL,BOTTOM,1.0,kf_rsi_pred_val,0.2303,3,4,25.77,-1.1,4,136.16612243652344
JNJ,HL,BOTTOM,1.0,rsi_value,0.2545,4,4,23.26,-0.6,4,136.4677734375
JNJ,LH,TOP,10.0,geo_phase_angle,-0.0545,1,0,0.0,0.1,0,143.7191619873047
JNJ,HH,TOP,,,0.0,0,0,0.0,-0.1,0,145.8667755126953
JNJ,LH,TOP,,,0.0,0,0,0.0,-0.1,0,142.2557373046875
JNJ,HL,BOTTOM,1.0,kf_price_pred_val,0.0545,1,1,5.61,0.3,1,137.2003173828125
JNJ,HL,BOTTOM,1.0,kf_price_pred_val,0.097,1,0,0.0,0.2,0,137.25730895996094
JNJ,HH,TOP,,,0.0,0,0,0.0,0.0,0,159.5265655517578
JNJ,HH,TOP,,,0.0,0,0,0.0,0.0,0,160.26382446289062
JNJ,LH,TOP,,,0.0,0,0,0.0,0.0,0,157.81265258789062
JNJ,LL,BOTTOM,,,0.0,0,0,0.0,0.1,0,137.1116943359375
JNJ,HH,TOP,1.0,vwap_spread_current_wave,-0.1152,5,1,4.62,-0.0,1,163.15420532226562
JNJ,LH,TOP,1.0,vwap_spread_current_wave,-0.2788,5,3,12.99,-0.0,3,161.3640899658203
JNJ,HL,BOTTOM,1.0,d_current_slope,0.1939,6,2,14.29,-0.8,2,146.87770080566406
JNJ,LL,BOTTOM,1.0,d_current_slope,0.1939,6,4,25.71,-1.9,4,144.65951538085938
JNJ,HL,BOTTOM,1.0,d_current_slope,0.2364,6,7,36.34,-1.7,7,147.61709594726562
JNJ,LH,TOP,2.0,wave_slope,-0.0667,7,0,0.0,0.0,0,152.66641235351562
JNJ,HH,TOP,3.0,wave_slope,-0.2667,7,0,0.0,0.0,0,153.4739227294922
JNJ,LH,TOP,4.0,wave_slope,-0.4303,7,0,0.0,0.0,0,151.1681671142578
JNJ,LL,BOTTOM,,,0.0,0,4,33.26,-1.0,4,144.41629028320312
JNJ,LL,BOTTOM,1.0,kf_price_pred_val,0.2182,4,4,21.72,-0.6,4,142.39266967773438
JNJ,HL,BOTTOM,1.0,kf_price_pred_val,0.3879,4,2,12.73,-0.4,2,145.5545654296875
JNJ,HH,TOP,1.0,vwap_spread_tide_wave,-0.4182,13,10,99.65,-0.2,10,248.55999755859375
JNJ,LH,TOP,1.0,vwap_spread_tide_wave,-0.4,13,10,100.8,-0.5,10,246.75
JNJ,HL,BOTTOM,1.0,tide_slope,-0.1636,13,10,79.22,-0.9,10,220.52169799804688
JNJ,HL,BOTTOM,1.0,tide_slope,-0.1212,13,11,86.78,-0.6,11,226.82000732421875
JPM,UNKNOWN,BOTTOM,5.0,kf_rsi_pred_val,0.0061,2,0,0.0,0.0,0,48.84000015258789
JPM,LL,BOTTOM,6.0,kf_rsi_pred_val,-0.0303,2,0,0.0,0.0,0,46.70000076293945
JPM,HL,BOTTOM,7.0,kf_rsi_pred_val,-0.0667,2,0,0.0,0.0,0,47.29999923706055
JPM,HH,TOP,,,0.0,0,0,0.0,0.0,0,52.45000076293945
JPM,HH,TOP,,,0.0,0,0,0.0,0.0,0,53.20000076293945
JPM,LH,TOP,,,0.0,0,0,0.0,0.0,0,52.0
JPM,HL,BOTTOM,9.0,vwap_sigma_wave,-0.097,1,0,0.0,-0.4,0,48.78998947143555
JPM,LL,BOTTOM,10.0,vwap_sigma_wave,-0.0545,1,2,8.98,0.0,2,47.50999069213867
JPM,HL,BOTTOM,1.0,sigma_tide,0.1091,2,0,0.0,0.0,0,48.130001068115234
JPM,LH,TOP,2.0,sigma_tide,0.0848,2,0,0.0,0.0,0,49.529998779296875
JPM,HH,TOP,3.0,sigma_tide,0.0606,2,0,0.0,0.0,0,50.04999923706055
JPM,LL,BOTTOM,1.0,sigma_tide,0.2,6,1,5.3,-0.0,1,44.59000015258789
JPM,LL,BOTTOM,1.0,sigma_tide,-0.0727,6,3,15.04,0.5,3,43.64999008178711
JPM,LH,TOP,2.0,sigma_tide,-0.5576,6,0,0.0,0.2,0,45.34000015258789
JPM,HH,TOP,3.0,sigma_tide,-0.5879,6,0,0.0,-0.1,0,46.50999069213867
JPM,LH,TOP,4.0,sigma_tide,-0.5576,6,3,12.81,0.5,3,44.16999816894531
JPM,LL,BOTTOM,1.0,sigma_tide,-0.103,3,2,9.11,-0.7,2,43.29999923706055
JPM,LL,BOTTOM,1.0,sigma_tide,0.0485,3,2,9.45,-0.9,2,43.0
JPM,HL,BOTTOM,1.0,sigma_tide,0.0788,3,3,17.6,-0.6,3,45.470001220703125
JPM,HH,TOP,1.0,kf_price_filt_vel,0.1515,3,3,13.95,0.0,3,47.00999069213867
JPM,LL,BOTTOM,,,0.0,0,0,0.0,0.0,0,44.21001052856445
JPM,LL,BOTTOM,,,0.0,0,0,0.0,0.0,0,43.52000045776367
JPM,LH,TOP,,,0.0,0,0,0.0,0.0,0,45.28998947143555
JPM,HH,TOP,,,0.0,0,0,0.0,0.0,0,47.820011138916016
JPM,LH,TOP,,,0.0,0,0,0.0,0.0,0,47.570011138916016
JPM,HL,BOTTOM,,,0.0,0,0,0.0,0.0,0,45.89999008178711
JPM,LL,BOTTOM,,,0.0,0,0,0.0,0.0,0,45.02000045776367
JPM,LH,TOP,,,0.0,0,0,0.0,0.6,0,46.04999923706055
JPM,HH,TOP,,,0.0,0,0,0.0,0.7,0,47.320011138916016
JPM,LL,BOTTOM,1.0,vwap_sigma_wave,0.2303,3,1,4.89,-0.0,1,44.11000061035156
JPM,LL,BOTTOM,1.0,geo_phase_angle,0.2121,3,3,13.56,0.3,3,42.24000930786133
JPM,HL,BOTTOM,1.0,vwap_sigma_current,0.2909,3,0,0.0,-0.0,0,42.61000061035156
JPM,LH,TOP,4.0,vwap_sigma_current,-0.0727,3,3,20.4,0.5,3,45.04999923706055
JPM,HH,TOP,1.0,kf_price_filt_vel,-0.0303,3,0,0.0,0.5,0,45.14999008178711
JPM,LH,TOP,2.0,kf_price_filt_vel,-0.1879,3,0,0.0,-0.1,0,43.529998779296875
JPM,LL,BOTTOM,2.0,vwap_sigma_tide,0.0788,3,2,9.27,-0.1,2,40.46001052856445
JPM,HL,BOTTOM,1.0,vwap_sigma_tide,0.0788,3,0,0.0,-0.2,0,42.35000991821289
JPM,HH,TOP,8.0,kf_price_pred_val,-0.1394,2,0,0.0,0.0,0,47.41999816894531
JPM,LH,TOP,9.0,kf_price_pred_val,-0.0424,1,0,0.0,0.0,0,45.939998626708984
JPM,LL,BOTTOM,2.0,geo_phase_angle,0.1394,2,0,0.0,-0.5,0,41.36000061035156
JPM,LL,BOTTOM,3.0,geo_phase_angle,0.0788,2,3,12.97,0.6,3,39.16999816894531
JPM,HL,BOTTOM,1.0,vwap_sigma_tide,0.1818,3,0,0.0,0.2,0,41.429988861083984
JPM,HH,TOP,2.0,d_current_slope,0.0727,3,0,0.0,-0.0,0,47.39999008178711
JPM,HH,TOP,3.0,d_current_slope,-0.0242,3,0,0.0,-0.4,0,48.25
JPM,LL,BOTTOM,1.0,vwap_sigma_tide,0.303,3,4,19.42,0.1,4,36.47999954223633
JPM,HL,BOTTOM,1.0,vwap_sigma_tide,0.4,4,3,24.15,0.9,3,38.84000015258789
JPM,LH,TOP,1.0,kf_price_filt_vel,0.3939,4,0,0.0,0.2,0,38.61000061035156
JPM,LL,BOTTOM,2.0,kf_price_filt_vel,0.1879,4,0,0.0,-0.3,0,38.11000061035156
JPM,LL,BOTTOM,3.0,kf_price_filt_vel,-0.0182,4,1,5.03,-0.8,1,36.53998947143555
JPM,HH,TOP,1.0,kf_price_pred_val,-0.2182,4,0,0.0,-0.7,0,46.54999923706055
JPM,LH,TOP,2.0,kf_price_pred_val,-0.2364,4,2,9.26,-0.1,2,46.060001373291016
JPM,HL,BOTTOM,1.0,kf_price_filt_vel,0.1636,3,3,19.33,-0.0,3,42.86000061035156
JPM,LL,BOTTOM,1.0,kf_price_pred_val,0.1697,3,0,0.0,-0.2,0,42.71001052856445
JPM,LH,TOP,2.0,kf_price_pred_val,-0.0242,3,0,0.0,-0.7,0,42.95000076293945
JPM,HH,TOP,3.0,kf_price_pred_val,-0.1515,3,4,56.12,-0.0,4,47.0
JPM,LH,TOP,1.0,kf_price_filt_vel,0.0848,4,0,0.0,-0.1,0,46.24000930786133
JPM,LL,BOTTOM,6.0,geo_phase_angle,-0.1758,4,0,0.0,-0.3,0,41.5
JPM,HL,BOTTOM,7.0,geo_phase_angle,-0.2364,4,0,0.0,-0.6,0,42.119998931884766
JPM,HH,TOP,1.0,d_current_slope,0.1273,3,2,8.3,-0.3,2,47.64999008178711
JPM,HH,TOP,1.0,d_current_slope,0.303,2,1,4.32,-0.2,1,49.25
JPM,LH,TOP,1.0,sigma_tide,0.2364,2,1,4.05,0.0,1,48.65999984741211
JPM,LL,BOTTOM,1.0,current_accel,0.6727,10,4,38.47,-1.5,4,38.28998947143555
JPM,LL,BOTTOM,1.0,current_accel,0.703,10,6,40.03,-0.9,6,37.130001068115234
JPM,HL,BOTTOM,1.0,d_current_slope,0.7394,10,3,14.39,-0.4,3,38.00999069213867
JPM,LH,TOP,1.0,kf_price_filt_vel,0.303,10,0,0.0,1.1,0,39.939998626708984
JPM,LH,TOP,2.0,kf_price_filt_vel,0.0,10,0,0.0,1.0,0,39.03998947143555
JPM,LL,BOTTOM,1.0,wave_slope,0.5394,5,6,34.55,-0.1,6,34.310001373291016
JPM,LL,BOTTOM,1.0,wave_slope,0.6121,6,7,40.61,0.8,7,34.02000045776367
JPM,HL,BOTTOM,1.0,wave_slope,0.6667,7,4,26.98,0.9,4,34.60000991821289
JPM,LH,TOP,1.0,wave_slope,0.3515,7,7,40.63,1.1,7,34.03998947143555
JPM,HH,TOP,1.0,wave_slope,0.2909,7,5,29.61,1.0,5,35.77000045776367
JPM,LH,TOP,1.0,wave_slope,0.3152,7,8,48.43,0.5,8,34.279998779296875
JPM,LL,BOTTOM,1.0,wave_slope,0.3515,9,11,66.09,-1.6,11,31.690000534057617
JPM,LL,BOTTOM,1.0,wave_slope,0.4667,11,12,70.05,-1.5,12,31.020000457763672
JPM,HL,BOTTOM,1.0,wave_slope,0.6848,12,9,163.98,-1.0,9,35.939998626708984
JPM,HH,TOP,1.0,kf_price_filt_vel,0.7333,12,9,202.79,0.1,9,40.79999923706055
JPM,LH,TOP,1.0,kf_price_pred_val,0.5576,12,5,31.09,-0.7,5,40.02000045776367
JPM,HL,BOTTOM,1.0,current_slope,0.1697,12,6,51.63,-0.2,6,38.64999008178711
JPM,HL,BOTTOM,1.0,kf_price_filt_vel,-0.0303,12,3,16.32,-0.0,3,40.86000061035156
JPM,HH,TOP,1.0,current_slope,-0.5152,12,5,25.51,-0.1,5,41.96001052856445
JPM,LH,TOP,1.0,current_slope,-0.6667,12,6,50.24,0.1,6,39.13999938964844
JPM,LL,BOTTOM,1.0,current_slope,-1.0242,12,4,19.28,-0.7,4,37.65999984741211
JPM,HL,BOTTOM,1.0,kf_price_pred_val,-0.8848,12,6,41.58,-0.1,6,40.75
JPM,HH,TOP,1.0,d_current_slope,-0.303,6,3,13.43,-0.0,3,40.13999938964844
JPM,HH,TOP,1.0,geo_phase_angle,-0.2,6,2,15.79,0.4,2,41.88999938964844
JPM,LH,TOP,1.0,d_current_slope,-0.3152,6,2,17.02,0.3,2,41.38999938964844
JPM,LL,BOTTOM,3.0,kf_price_pred_val,-0.2242,3,0,0.0,0.0,0,36.74000930786133
JPM,LL,BOTTOM,4.0,kf_price_pred_val,-0.2061,3,0,0.0,0.0,0,35.58000183105469
JPM,HL,BOTTOM,5.0,kf_price_pred_val,-0.2182,3,0,0.0,0.0,0,37.0
JPM,HH,TOP,2.0,kf_price_filt_vel,0.0788,2,1,5.2,0.8,1,41.54999923706055
JPM,LH,TOP,1.0,kf_price_pred_val,0.097,2,0,0.0,1.0,0,39.470001220703125
JPM,HL,BOTTOM,2.0,kf_price_pred_val,0.0485,2,0,0.0,0.9,0,39.39999008178711
JPM,HL,BOTTOM,3.0,kf_price_pred_val,0.0,2,0,0.0,0.5,0,41.64999008178711
JPM,HH,TOP,4.0,kf_price_pred_val,-0.0485,2,0,0.0,0.8,0,41.16999816894531
JPM,LL,BOTTOM,5.0,kf_price_pred_val,-0.0303,2,4,56.82,0.5,4,37.0
JPM,HL,BOTTOM,1.0,kf_price_filt_vel,0.1515,4,3,19.64,-0.2,3,40.74000930786133
JPM,LH,TOP,1.0,kf_price_filt_vel,0.2303,4,3,37.07,-1.2,3,35.77000045776367
JPM,LL,BOTTOM,1.0,kf_price_pred_val,0.2727,4,3,46.69,-1.3,3,40.29999923706055
JPM,HH,TOP,1.0,kf_price_filt_vel,0.4121,4,8,219.06,0.5,8,47.04999923706055
JPM,HL,BOTTOM,1.0,kf_price_filt_vel,0.6424,8,2,17.94,0.6,2,40.560001373291016
JPM,LL,BOTTOM,1.0,kf_price_filt_vel,0.4606,8,0,0.0,0.4,0,40.5
JPM,HL,BOTTOM,2.0,kf_price_filt_vel,0.1455,8,3,13.55,-0.5,3,43.46001052856445
JPM,HH,TOP,1.0,kf_price_pred_val,-0.0061,8,5,76.04,-0.2,5,48.24000930786133
JPM,LL,BOTTOM,1.0,kf_price_pred_val,-0.0848,8,3,73.97,-0.3,3,41.0
JPM,HL,BOTTOM,1.0,kf_price_filt_vel,-0.0667,8,3,25.26,-0.0,3,46.70000076293945
JPM,HH,TOP,1.0,kf_price_pred_val,-0.103,8,6,39.89,0.6,6,49.630001068115234
JPM,HH,TOP,1.0,kf_price_pred_val,0.0242,8,1,4.98,-0.0,1,49.85000991821289
JPM,LH,TOP,1.0,sigma_tide,-0.1576,8,3,51.79,-0.2,3,45.89999008178711
JPM,LL,BOTTOM,1.0,kf_price_pred_val,0.1939,6,3,24.66,-0.3,3,39.29999923706055
JPM,LL,BOTTOM,1.0,current_accel,-0.0303,6,3,20.27,-0.6,3,36.679988861083984
JPM,HL,BOTTOM,1.0,kf_price_pred_val,-0.0909,6,3,115.59,-0.6,3,41.63999938964844
JPM,LH,TOP,1.0,kf_price_filt_vel,-0.0182,6,3,32.02,-0.3,3,41.99000930786133
JPM,LH,TOP,1.0,kf_price_filt_vel,-0.0545,6,0,0.0,-0.6,0,40.71001052856445
JPM,LL,BOTTOM,2.0,kf_price_filt_vel,-0.2545,6,3,19.2,0.6,3,38.49000930786133
JPM,HL,BOTTOM,1.0,kf_price_filt_vel,-0.0545,5,0,0.0,0.3,0,40.49000930786133
JPM,LH,TOP,3.0,kf_price_filt_vel,-0.4303,5,0,0.0,0.0,0,40.65999984741211
JPM,LH,TOP,4.0,kf_price_filt_vel,-0.5091,5,0,0.0,0.1,0,39.74000930786133
JPM,LL,BOTTOM,1.0,kf_price_pred_val,-0.1091,3,1,6.24,-0.3,1,34.0
JPM,HL,BOTTOM,1.0,kf_price_pred_val,0.0242,3,3,57.86,-0.3,3,37.60000991821289
JPM,LH,TOP,1.0,kf_price_filt_vel,0.0909,3,0,0.0,-0.3,0,35.71001052856445
JPM,HL,BOTTOM,2.0,kf_price_filt_vel,0.1576,3,3,13.22,0.3,3,37.619998931884766
JPM,HH,TOP,1.0,kf_price_pred_val,0.2545,3,0,0.0,-0.1,0,40.72999954223633
JPM,HH,TOP,2.0,kf_price_pred_val,0.0848,3,0,0.0,-0.4,0,42.16999816894531
JPM,LH,TOP,3.0,kf_price_pred_val,-0.0848,3,3,39.71,-0.0,3,39.220001220703125
JPM,LL,BOTTOM,1.0,kf_price_pred_val,-0.1091,3,2,8.04,0.7,2,36.35000991821289
JPM,LL,BOTTOM,1.0,d_current_slope,0.0061,3,2,16.74,1.9,2,34.570011138916016
JPM,HL,BOTTOM,1.0,current_accel,-0.0667,3,3,31.85,3.1,3,37.189998626708984
JPM,LH,TOP,1.0,kf_price_filt_vel,0.0909,3,2,14.68,2.9,2,34.470001220703125
JPM,LL,BOTTOM,1.0,kf_price_pred_val,0.7455,11,14,279.3,-1.4,14,23.3799991607666
JPM,LL,BOTTOM,1.0,kf_price_pred_val,1.3091,14,14,147.71,0.4,14,22.719999313354492
JPM,LH,TOP,1.0,kf_price_pred_val,0.9576,14,7,58.78,-0.8,7,31.65999984741211
JPM,HL,BOTTOM,1.0,wave_slope,0.5697,14,12,280.52,-0.2,12,26.1200008392334
JPM,HL,BOTTOM,1.0,kf_price_filt_vel,0.3394,14,9,68.23,-0.4,9,28.530000686645508
JPM,HH,TOP,1.0,kf_price_pred_val,-0.2667,14,9,85.74,-0.4,9,36.49000930786133
JPM,LH,TOP,1.0,kf_price_pred_val,-0.0061,12,8,71.72,-0.2,8,33.96001052856445
JPM,HL,BOTTOM,1.0,vwap_spread_current_wave,-0.3152,12,7,60.36,-1.2,7,28.6299991607666
JPM,HL,BOTTOM,1.0,vwap_spread_current_wave,-0.2242,11,9,129.95,-0.5,9,32.35000991821289
JPM,LH,TOP,1.0,kf_price_filt_vel,-0.1636,11,6,51.11,-0.2,6,31.860000610351562
JPM,LL,BOTTOM,1.0,vwap_spread_current_wave,-0.4909,11,4,39.84,0.8,4,29.820009231567383
JPM,LL,BOTTOM,1.0,vwap_spread_current_wave,-0.5576,11,4,39.51,0.5,4,29.110000610351562
JPM,HL,BOTTOM,1.0,vwap_spread_current_wave,-0.6303,11,4,37.76,-0.4,4,29.85000991821289
JPM,LH,TOP,1.0,vwap_spread_current_wave,-0.2606,9,7,45.19,-0.5,7,31.009990692138672
JPM,HH,TOP,1.0,vwap_spread_current_wave,-0.0788,9,6,37.2,-0.3,6,31.530000686645508
JPM,LL,BOTTOM,1.0,vwap_spread_current_wave,-0.2667,7,5,34.38,2.8,5,24.90999984741211
JPM,HL,BOTTOM,1.0,vwap_spread_current_wave,-0.2242,7,6,52.38,2.3,6,26.35000991821289
JPM,LH,TOP,1.0,kf_price_filt_vel,-0.1152,7,4,28.31,0.9,4,25.90999984741211
JPM,LL,BOTTOM,1.0,vwap_spread_current_wave,0.1758,8,18,307.16,-1.0,18,18.09000015258789
JPM,HL,BOTTOM,1.0,kf_price_pred_val,1.0061,18,9,264.3,-0.2,9,22.6299991607666
JPM,LH,TOP,1.0,vwap_spread_current_wave,0.3697,18,6,44.88,-0.3,6,25.059999465942383
JPM,HH,TOP,1.0,vwap_spread_current_wave,0.097,18,9,65.8,-1.0,9,27.65999984741211
JPM,LH,TOP,1.0,kf_price_pred_val,0.0424,18,11,83.78,-0.9,11,25.429990768432617
JPM,HL,BOTTOM,1.0,d_current_slope,-0.3758,18,9,52.97,0.9,9,24.049999237060547
JPM,LL,BOTTOM,1.0,wave_slope,0.1758,11,7,43.07,-0.4,7,24.039989471435547
JPM,HL,BOTTOM,1.0,wave_slope,0.1273,11,7,44.89,-2.0,7,24.539989471435547
JPM,HH,TOP,1.0,wave_slope,0.103,11,12,151.22,-0.8,12,27.6299991607666
JPM,HL,BOTTOM,1.0,kf_price_filt_vel,0.3091,12,10,58.95,0.1,10,27.280000686645508
JPM,LL,BOTTOM,1.0,wave_slope,0.1576,12,10,93.83,1.3,10,24.6200008392334
JPM,HL,BOTTOM,1.0,kf_price_filt_vel,0.0121,12,6,41.66,1.7,6,26.09000015258789
JPM,LH,TOP,1.0,vwap_spread_tide_wave,-0.2,12,4,26.35,0.7,4,26.190000534057617
JPM,LH,TOP,1.0,vwap_spread_tide_wave,-0.3515,12,9,49.5,0.5,9,24.690000534057617
JPM,LL,BOTTOM,1.0,d_current_slope,0.1152,12,11,97.14,-0.3,11,19.509990692138672
JPM,HL,BOTTOM,1.0,current_accel,0.3879,12,11,121.53,0.1,11,21.020000457763672
JPM,LH,TOP,1.0,kf_price_filt_vel,0.5394,12,11,99.0,-0.0,11,21.729999542236328
JPM,HH,TOP,1.0,vwap_spread_current_wave,0.6788,12,11,97.83,0.6,11,23.049999237060547
JPM,LH,TOP,1.0,kf_price_pred_val,0.5394,12,10,71.75,0.5,10,22.85000991821289
JPM,LL,BOTTOM,1.0,kf_price_pred_val,0.1273,13,13,96.37,-0.6,13,15.899999618530273
JPM,HL,BOTTOM,1.0,current_slope,0.2242,13,12,433.74,-0.8,12,19.5
JPM,HH,TOP,1.0,kf_price_filt_vel,-0.3273,13,6,64.2,-0.2,6,25.139999389648438
JPM,HH,TOP,1.0,d_current_slope,-0.5333,13,7,77.92,-0.7,7,27.110000610351562
JPM,LH,TOP,1.0,d_current_slope,-0.7455,13,9,107.32,-0.5,9,24.950000762939453
JPM,HL,BOTTOM,1.0,kf_price_filt_vel,-0.6121,13,7,119.45,-0.0,7,23.14999008178711
JPM,HH,TOP,1.0,kf_price_filt_vel,-0.6061,13,9,241.64,0.9,9,28.860000610351562
JPM,LH,TOP,1.0,kf_price_filt_vel,-0.3636,12,6,59.94,0.1,6,26.39999008178711
JPM,HL,BOTTOM,1.0,d_current_slope,-0.303,10,6,82.0,-0.0,6,28.559999465942383
JPM,HH,TOP,1.0,d_current_slope,-0.303,10,6,84.43,-0.9,6,29.10000991821289
JPM,LH,TOP,1.0,d_current_slope,-0.2545,10,9,109.79,-0.2,9,27.39999008178711
JPM,LL,BOTTOM,1.0,d_current_slope,-0.1273,10,9,145.69,0.4,9,24.85000991821289
JPM,HL,BOTTOM,1.0,kf_price_filt_vel,0.1212,9,5,74.48,0.6,5,26.579999923706055
JPM,HH,TOP,1.0,d_current_slope,-0.0848,9,5,77.52,0.8,5,28.15999984741211
JPM,HH,TOP,1.0,d_current_slope,-0.1091,9,8,84.71,1.2,8,29.280000686645508
JPM,HL,BOTTOM,1.0,d_current_slope,-0.0545,9,7,65.33,0.9,7,28.200000762939453
JPM,LL,BOTTOM,1.0,d_current_slope,0.0667,9,10,67.6,0.8,10,27.25
JPM,HL,BOTTOM,1.0,tide_slope,0.1758,10,7,48.38,-0.7,7,27.429990768432617
JPM,HH,TOP,1.0,kf_price_filt_vel,0.2303,12,12,153.24,-0.4,12,33.70000076293945
JPM,LH,TOP,1.0,d_current_slope,0.5152,12,12,135.58,0.1,12,30.700000762939453
JPM,HL,BOTTOM,1.0,kf_price_filt_vel,0.7636,12,11,105.95,0.2,11,32.560001373291016
JPM,HH,TOP,1.0,kf_conjugation_pred_val,0.6545,12,9,97.8,-0.2,9,33.24000930786133
JPM,HH,TOP,1.0,kf_conjugation_pred_val,0.5636,12,11,123.21,0.3,11,33.25999069213867
JPM,LL,BOTTOM,1.0,kf_conjugation_pred_val,0.3697,12,10,172.84,-0.2,10,29.690000534057617
JPM,HL,BOTTOM,1.0,kf_conjugation_pred_val,0.2485,12,11,135.12,-0.3,11,32.529998779296875
JPM,LH,TOP,1.0,conj_wave_tide,-0.103,12,9,129.53,0.1,9,32.78998947143555
JPM,HH,TOP,1.0,conj_wave_tide,-0.0848,12,11,149.77,0.8,11,34.47999954223633
JPM,LH,TOP,1.0,conj_wave_tide,0.0121,12,9,126.31,0.6,9,33.0
JPM,LL,BOTTOM,1.0,conj_wave_tide,-0.1333,12,7,118.62,0.2,7,32.49000930786133
JPM,HH,TOP,1.0,conj_wave_tide,-0.0121,14,9,154.93,-0.0,9,34.820011138916016
JPM,HH,TOP,1.0,conj_wave_tide,-0.0242,14,12,188.4,-0.9,12,37.220001220703125
JPM,LH,TOP,1.0,conj_wave_tide,0.0848,14,11,145.45,-1.5,11,35.24000930786133
JPM,HL,BOTTOM,1.0,conj_wave_tide,0.1152,14,14,201.89,-1.4,14,38.939998626708984
JPM,LL,BOTTOM,1.0,conj_current_tide,0.4667,14,11,143.79,0.5,11,35.36000061035156
JPM,LL,BOTTOM,1.0,conj_current_tide,0.3455,14,8,129.1,-0.2,8,34.04999923706055
JPM,HL,BOTTOM,1.0,conj_current_tide,0.1697,14,9,131.72,-0.5,9,35.53998947143555
JPM,HH,TOP,1.0,vwap_spread_current_wave,-0.5091,14,12,153.05,0.2,12,37.25999069213867
JPM,LH,TOP,1.0,vwap_spread_current_wave,-0.2303,14,9,124.25,0.7,9,35.810001373291016
JPM,LL,BOTTOM,1.0,vwap_spread_current_wave,-0.5273,14,7,106.18,-0.2,7,34.89999008178711
JPM,LL,BOTTOM,1.0,vwap_spread_current_wave,-0.6364,14,7,102.43,-0.5,7,34.40999984741211
JPM,HH,TOP,1.0,vwap_spread_current_wave,-0.497,13,10,119.24,0.4,10,36.53998947143555
JPM,LH,TOP,1.0,vwap_spread_current_wave,-0.1758,12,9,105.65,0.4,9,34.65999984741211
JPM,HL,BOTTOM,1.0,vwap_spread_current_wave,-0.0061,12,6,92.03,-0.5,6,36.64999008178711
JPM,HH,TOP,1.0,vwap_spread_current_wave,-0.1758,12,8,98.34,-1.0,8,36.89999008178711
JPM,LL,BOTTOM,1.0,vwap_spread_current_wave,-0.5273,10,4,38.14,-0.1,4,33.5
JPM,LL,BOTTOM,1.0,current_accel,-0.3091,7,2,11.73,-0.1,2,32.72999954223633
JPM,HL,BOTTOM,1.0,vwap_spread_current_wave,-0.3273,6,4,19.86,0.4,4,34.16999816894531
JPM,LH,TOP,1.0,vwap_spread_current_wave,-0.2424,5,2,9.03,0.0,2,35.0
JPM,LL,BOTTOM,1.0,vwap_spread_current_wave,-0.3091,5,1,4.61,-0.8,1,32.869998931884766
JPM,HL,BOTTOM,1.0,vwap_spread_current_wave,-0.3939,5,3,14.05,-0.9,3,33.570011138916016
JPM,LH,TOP,1.0,geo_phase_angle,-0.2,4,0,0.0,-0.0,0,34.60000991821289
JPM,LH,TOP,2.0,geo_phase_angle,-0.2606,4,0,0.0,-0.8,0,34.11000061035156
JPM,HL,BOTTOM,3.0,geo_phase_angle,-0.2727,4,2,9.87,-1.0,2,33.77000045776367
JPM,LL,BOTTOM,1.0,current_accel,-0.2606,4,4,28.64,-0.4,4,32.27000045776367
JPM,HH,TOP,1.0,d_tide_slope,0.3273,8,6,39.41,-0.4,6,42.21001052856445
JPM,HH,TOP,1.0,d_tide_slope,0.4242,8,7,41.76,-0.0,7,42.89999008178711
JPM,LH,TOP,1.0,d_tide_slope,0.5273,8,5,33.83,0.4,5,42.45000076293945
JPM,HL,BOTTOM,1.0,d_tide_slope,0.3273,8,5,31.75,0.2,5,40.72999954223633
JPM,HL,BOTTOM,1.0,d_tide_slope,0.0667,8,5,30.14,-0.0,5,41.70000076293945
JPM,LH,TOP,1.0,d_tide_slope,0.2909,7,5,40.16,-0.4,5,42.41999816894531
JPM,HH,TOP,1.0,d_tide_slope,0.1394,7,7,48.47,-0.0,7,43.65999984741211
JPM,LL,BOTTOM,1.0,d_tide_slope,0.0182,7,6,38.23,-0.4,6,41.66999816894531
JPM,LL,BOTTOM,1.0,d_tide_slope,0.0364,7,6,53.41,0.1,6,40.86000061035156
JPM,HL,BOTTOM,1.0,d_tide_slope,0.0424,7,4,29.78,0.4,4,42.11000061035156
JPM,HH,TOP,1.0,d_tide_slope,0.2,5,5,42.07,-0.0,5,44.54999923706055
JPM,HH,TOP,1.0,d_tide_slope,0.1273,5,5,47.43,-0.0,5,46.470001220703125
JPM,LH,TOP,1.0,d_tide_slope,0.097,5,5,37.61,-0.0,5,45.060001373291016
JPM,HL,BOTTOM,1.0,tide_accel,-0.0,5,5,44.74,-1.4,5,43.820011138916016
JPM,LL,BOTTOM,1.0,d_tide_slope,-0.0,5,10,64.08,-1.1,10,41.369998931884766
JPM,HL,BOTTOM,1.0,vwap_spread_tide_wave,0.2727,10,7,48.81,-1.1,7,41.86000061035156
JPM,HH,TOP,1.0,d_tide_slope,-0.3576,10,4,33.13,-0.0,4,45.65999984741211
JPM,HH,TOP,1.0,vwap_spread_tide_wave,-0.497,10,4,41.07,-0.0,4,47.15999984741211
JPM,LH,TOP,1.0,tide_accel,-0.6242,10,4,52.1,0.2,4,47.15999984741211
JPM,HL,BOTTOM,1.0,vwap_spread_tide_current,0.0667,5,3,27.8,-0.0,3,44.35000991821289
JPM,LL,BOTTOM,1.0,vwap_spread_tide_current,-0.0242,5,3,27.68,-0.0,3,41.77000045776367
JPM,LH,TOP,1.0,vwap_spread_tide_current,-0.1697,5,3,26.16,-0.0,3,44.35000991821289
JPM,LH,TOP,1.0,vwap_spread_tide_current,-0.0848,5,3,26.22,-0.0,3,44.16999816894531
JPM,LL,BOTTOM,1.0,vwap_spread_tide_current,0.0,3,3,20.96,-0.0,3,41.36000061035156
JPM,LL,BOTTOM,1.0,vwap_spread_tide_current,0.0,3,3,20.45,-0.0,3,40.27000045776367
JPM,HL,BOTTOM,1.0,vwap_spread_tide_current,0.0,3,3,19.93,-0.0,3,40.95000076293945
JPM,LH,TOP,1.0,vwap_spread_tide_current,0.0606,5,3,15.11,-0.3,3,43.91999816894531
JPM,HH,TOP,1.0,vwap_spread_tide_current,0.0364,5,3,14.86,-0.3,3,44.78998947143555
JPM,LH,TOP,1.0,vwap_spread_tide_current,0.0121,5,3,14.64,-0.2,3,44.679988861083984
JPM,LL,BOTTOM,1.0,kf_price_pred_val,0.2485,6,2,9.46,-0.0,2,39.21001052856445
JPM,LL,BOTTOM,1.0,kf_rsi_pred_val,0.2061,6,3,15.59,0.6,3,38.439998626708984
JPM,HL,BOTTOM,1.0,vwap_sigma_current,0.2303,6,0,0.0,0.4,0,39.33000183105469
JPM,LH,TOP,1.0,tide_accel,-0.2061,6,2,12.9,-0.0,2,39.630001068115234
JPM,HH,TOP,1.0,tide_accel,-0.2545,6,2,13.33,-0.2,2,40.54999923706055
JPM,LH,TOP,1.0,tide_accel,-0.303,6,2,15.28,-0.4,2,40.28998947143555
JPM,LL,BOTTOM,1.0,tide_accel,0.1394,4,2,16.43,-0.0,2,37.70000076293945
JPM,HL,BOTTOM,1.0,tide_accel,0.1515,4,2,12.89,-0.0,2,38.38999938964844
JPM,HH,TOP,,,0.0,0,3,12.59,-0.6,3,47.72999954223633
JPM,HH,TOP,1.0,rsi_value,0.1636,3,2,8.63,-0.4,2,47.810001373291016
JPM,LH,TOP,1.0,rsi_value,0.2364,3,2,9.05,0.0,2,45.54999923706055
JPM,HL,BOTTOM,9.0,current_accel,-0.1273,3,2,8.97,-1.0,2,39.380001068115234
JPM,LL,BOTTOM,1.0,current_accel,-0.0545,3,4,19.08,-0.4,4,37.83000183105469
JPM,HL,BOTTOM,1.0,current_accel,0.303,4,2,11.39,0.0,2,40.04999923706055
JPM,LH,TOP,3.0,kf_price_filt_vel,0.1455,4,0,0.0,0.0,0,38.779998779296875
JPM,HH,TOP,4.0,kf_price_filt_vel,0.0485,4,0,0.0,0.0,0,40.41999816894531
JPM,LH,TOP,5.0,kf_price_filt_vel,-0.0485,4,0,0.0,0.0,0,39.58000183105469
JPM,LL,BOTTOM,10.0,kf_price_filt_vel,-0.1091,2,0,0.0,-0.0,0,36.720001220703125
JPM,HL,BOTTOM,,,0.0,0,1,4.07,-0.0,1,37.779998779296875
JPM,LH,TOP,7.0,wave_slope,-0.1455,1,0,0.0,0.6,0,38.029998779296875
JPM,HH,TOP,8.0,wave_slope,-0.1273,1,0,0.0,0.5,0,39.439998626708984
JPM,LL,BOTTOM,1.0,vwap_spread_current_wave,0.1515,2,2,9.04,-0.3,2,36.08000183105469
JPM,LL,BOTTOM,1.0,vwap_sigma_tide,0.2242,2,2,9.58,-0.5,2,35.83000183105469
JPM,LH,TOP,1.0,vwap_spread_current_wave,0.1879,4,1,4.05,0.2,1,39.189998626708984
JPM,HH,TOP,1.0,vwap_spread_current_wave,0.0606,4,0,0.0,-0.0,0,40.47999954223633
JPM,LH,TOP,2.0,vwap_spread_current_wave,-0.1333,4,0,0.0,-0.3,0,40.35000991821289
JPM,HL,BOTTOM,2.0,kf_price_filt_vel,-0.1879,4,1,4.92,-0.2,1,39.630001068115234
JPM,LL,BOTTOM,1.0,geo_phase_angle,-0.1576,4,1,5.18,0.0,1,38.41999816894531
JPM,HL,BOTTOM,1.0,geo_phase_angle,0.0182,2,0,0.0,0.0,0,39.35000991821289
JPM,HH,TOP,8.0,geo_phase_angle,-0.0727,1,0,0.0,0.0,0,41.63999938964844
JPM,LH,TOP,9.0,geo_phase_angle,-0.097,1,0,0.0,0.0,0,41.08000183105469
JPM,LL,BOTTOM,,,0.0,0,1,4.79,-0.2,1,36.22999954223633
JPM,LL,BOTTOM,1.0,geo_phase_angle,0.0545,1,1,4.44,-0.1,1,35.630001068115234
JPM,HL,BOTTOM,1.0,vwap_sigma_tide,0.097,1,0,0.0,-0.2,0,36.60000991821289
JPM,HH,TOP,,,0.0,0,0,0.0,-0.0,0,41.189998626708984
JPM,LH,TOP,,,0.0,0,1,4.02,-0.2,1,40.59000015258789
JPM,HL,BOTTOM,2.0,geo_phase_angle,0.0909,1,0,0.0,0.0,0,38.40999984741211
JPM,LL,BOTTOM,3.0,geo_phase_angle,0.0303,1,0,0.0,0.0,0,38.060001373291016
JPM,HL,BOTTOM,4.0,geo_phase_angle,-0.0303,1,0,0.0,0.0,0,38.810001373291016
JPM,LH,TOP,10.0,geo_phase_angle,-0.0545,1,0,0.0,0.1,0,39.72999954223633
JPM,HH,TOP,,,0.0,0,0,0.0,-0.0,0,40.39999008178711
JPM,LH,TOP,,,0.0,0,0,0.0,-0.1,0,39.84000015258789
JPM,LL,BOTTOM,3.0,geo_phase_angle,0.0303,1,0,0.0,0.1,0,37.41999816894531
JPM,LL,BOTTOM,4.0,geo_phase_angle,0.0182,1,0,0.0,-0.3,0,36.96001052856445
JPM,HL,BOTTOM,5.0,geo_phase_angle,0.0061,1,0,0.0,-0.7,0,37.720001220703125
JPM,LH,TOP,6.0,geo_phase_angle,-0.0061,1,3,16.2,-0.2,3,39.79999923706055
JPM,HH,TOP,1.0,kf_price_pred_val,0.1455,3,1,4.67,0.0,1,40.939998626708984
JPM,HL,BOTTOM,6.0,geo_phase_angle,-0.0061,1,0,0.0,-0.2,0,37.90999984741211
JPM,LL,BOTTOM,7.0,geo_phase_angle,-0.0182,1,1,5.1,-0.3,1,37.39999008178711
JPM,HL,BOTTOM,1.0,geo_phase_angle,0.0242,1,1,4.7,-0.3,1,38.14999008178711
JPM,HH,TOP,,,0.0,0,0,0.0,0.0,0,47.820011138916016
JPM,HH,TOP,,,0.0,0,0,0.0,0.0,0,48.0
JPM,HL,BOTTOM,,,0.0,0,0,0.0,0.0,0,44.61000061035156
JPM,LL,BOTTOM,,,0.0,0,0,0.0,0.0,0,43.810001373291016
JPM,HL,BOTTOM,,,0.0,0,0,0.0,0.0,0,44.560001373291016
JPM,LH,TOP,,,0.0,0,0,0.0,0.0,0,46.58000183105469
JPM,HH,TOP,,,0.0,0,0,0.0,0.0,0,47.63999938964844
JPM,LH,TOP,,,0.0,0,0,0.0,0.0,0,47.39999008178711
JPM,LL,BOTTOM,,,0.0,0,0,0.0,0.0,0,40.070011138916016
JPM,LL,BOTTOM,,,0.0,0,0,0.0,0.0,0,39.49000930786133
JPM,LH,TOP,,,0.0,0,0,0.0,0.0,0,40.939998626708984
JPM,HH,TOP,,,0.0,0,0,0.0,0.0,0,41.58000183105469
JPM,LL,BOTTOM,,,0.0,0,0,0.0,0.0,0,39.429988861083984
JPM,LL,BOTTOM,,,0.0,0,0,0.0,0.0,0,39.38999938964844
JPM,HL,BOTTOM,,,0.0,0,0,0.0,0.0,0,39.619998931884766
JPM,LH,TOP,,,0.0,0,0,0.0,0.0,0,40.96001052856445
JPM,HH,TOP,,,0.0,0,0,0.0,0.0,0,42.28998947143555
JPM,LH,TOP,,,0.0,0,0,0.0,0.0,0,42.189998626708984
JPM,LL,BOTTOM,1.0,vwap_sigma_wave,0.2485,3,11,89.22,-1.0,11,34.060001373291016
JPM,HL,BOTTOM,1.0,kf_price_pred_val,0.7879,11,3,20.41,-1.1,3,36.39999008178711
JPM,LH,TOP,1.0,kf_price_filt_vel,0.7576,11,4,20.13,-0.6,4,34.369998931884766
JPM,HL,BOTTOM,1.0,vwap_sigma_current,0.7455,11,3,26.22,0.0,3,36.689998626708984
JPM,HH,TOP,2.0,kf_price_filt_vel,0.3152,11,0,0.0,0.5,0,36.880001068115234
JPM,LH,TOP,3.0,kf_price_filt_vel,0.0,11,0,0.0,0.2,0,36.029998779296875
JPM,LL,BOTTOM,1.0,vwap_sigma_tide,-0.8485,11,2,10.01,-0.2,2,33.40999984741211
JPM,HL,BOTTOM,1.0,vwap_sigma_tide,-0.2727,4,0,0.0,-0.4,0,34.779998779296875
JPM,HH,TOP,3.0,kf_price_filt_vel,0.0667,2,0,0.0,0.7,0,37.63999938964844
JPM,LH,TOP,4.0,kf_price_filt_vel,0.0061,2,0,0.0,0.2,0,37.060001373291016
JPM,LL,BOTTOM,2.0,kf_price_pred_val,0.0667,3,1,4.48,0.1,1,33.50999069213867
JPM,LL,BOTTOM,1.0,vwap_sigma_tide,0.1697,3,1,5.62,-0.0,1,32.08000183105469
JPM,LH,TOP,1.0,vwap_sigma_tide,0.0788,3,2,8.69,1.3,2,32.79999923706055
JPM,HH,TOP,1.0,vwap_sigma_tide,0.0788,3,1,4.19,2.1,1,33.810001373291016
JPM,LH,TOP,1.0,wave_slope,0.0,3,1,4.27,0.9,1,33.429988861083984
JPM,LL,BOTTOM,1.0,vwap_sigma_tide,0.1576,2,7,37.06,-0.8,7,30.34000015258789
JPM,LL,BOTTOM,1.0,kf_price_pred_val,0.3939,7,9,43.4,-0.1,9,29.270000457763672
JPM,HL,BOTTOM,1.0,vwap_sigma_tide,0.7212,9,3,15.88,-0.2,3,29.59000015258789
JPM,LH,TOP,1.0,vwap_sigma_tide,0.6242,9,6,53.76,1.0,6,31.64999008178711
JPM,LH,TOP,1.0,kf_price_filt_vel,0.6667,9,3,13.67,0.5,3,31.570009231567383
JPM,LL,BOTTOM,1.0,current_slope,0.0545,9,8,44.95,-0.7,8,28.64999008178711
JPM,HL,BOTTOM,1.0,kf_price_pred_val,0.0788,9,5,24.37,-0.9,5,30.259990692138672
JPM,LH,TOP,1.0,current_slope,-0.1333,9,5,23.5,-0.8,5,30.84000015258789
JPM,HH,TOP,1.0,current_slope,-0.0485,9,5,29.05,0.4,5,32.380001068115234
JPM,LH,TOP,1.0,kf_price_pred_val,0.1939,8,4,20.71,0.8,4,30.700000762939453
JPM,HH,TOP,1.0,current_slope,-0.0545,8,2,10.72,0.5,2,32.29999923706055
JPM,HH,TOP,1.0,current_slope,-0.2909,8,2,10.25,-0.7,2,33.20000076293945
JPM,LH,TOP,1.0,current_slope,-0.3818,8,6,28.29,-0.7,6,31.60000991821289
JPM,HL,BOTTOM,1.0,current_slope,-0.3333,8,5,21.5,-0.3,5,31.039989471435547
JPM,HL,BOTTOM,1.0,current_slope,-0.0485,6,5,21.86,0.3,5,32.869998931884766
JPM,HH,TOP,1.0,d_current_slope,-0.1758,6,3,14.95,-0.9,3,34.179988861083984
JPM,HH,TOP,1.0,d_current_slope,-0.303,6,6,53.7,-0.5,6,37.02000045776367
JPM,LH,TOP,1.0,d_current_slope,-0.0121,6,2,14.37,-0.8,2,36.689998626708984
JPM,HL,BOTTOM,1.0,d_current_slope,-0.0727,6,4,26.48,-0.4,4,34.75999069213867
JPM,LL,BOTTOM,1.0,kf_price_filt_vel,0.0667,6,3,37.98,-0.0,3,32.71001052856445
JPM,HL,BOTTOM,1.0,kf_price_pred_val,0.1636,6,1,4.01,0.6,1,33.63999938964844
JPM,LH,TOP,1.0,vwap_spread_tide_wave,-0.297,6,1,4.04,-0.6,1,34.24000930786133
JPM,HH,TOP,1.0,vwap_spread_tide_wave,-0.3697,6,1,4.03,-0.9,1,35.02000045776367
JPM,LH,TOP,1.0,vwap_spread_tide_wave,-0.4182,6,4,22.12,-0.2,4,32.53998947143555
JPM,LL,BOTTOM,1.0,vwap_spread_tide_current,-0.1576,4,1,4.15,1.2,1,29.40999984741211
JPM,LL,BOTTOM,1.0,vwap_spread_tide_current,-0.1333,4,1,4.21,0.6,1,28.3799991607666
JPM,HH,TOP,1.0,kf_price_pred_val,0.3212,6,2,8.76,-0.3,2,33.22999954223633
JPM,HH,TOP,1.0,tide_slope,0.2182,6,2,8.76,-0.6,2,34.0
JPM,LH,TOP,1.0,tide_slope,0.103,6,5,32.34,-0.0,5,32.220001220703125
JPM,HL,BOTTOM,1.0,tide_slope,-0.1636,5,1,4.97,-0.0,1,30.700000762939453
JPM,HL,BOTTOM,1.0,tide_slope,-0.1879,5,1,5.02,-0.0,1,32.21001052856445
JPM,HH,TOP,1.0,tide_slope,0.0303,2,2,9.91,0.6,2,36.65999984741211
JPM,HH,TOP,1.0,tide_slope,0.0485,2,2,9.94,0.9,2,36.85000991821289
JPM,LH,TOP,1.0,tide_slope,0.0545,2,2,9.32,0.4,2,35.91999816894531
JPM,HL,BOTTOM,1.0,tide_slope,0.0485,2,3,13.57,-0.0,3,34.90999984741211
JPM,HL,BOTTOM,1.0,tide_slope,0.1515,3,4,18.69,0.2,4,36.53998947143555
JPM,HH,TOP,1.0,tide_accel,-0.2909,6,3,20.48,0.3,3,45.88999938964844
JPM,HH,TOP,1.0,d_tide_slope,-0.2364,6,4,23.3,0.1,4,46.27000045776367
JPM,LH,TOP,1.0,d_tide_slope,-0.2909,6,4,22.35,-0.1,4,45.66999816894531
JPM,LL,BOTTOM,1.0,current_accel,0.6242,8,7,63.05,-0.6,7,32.50999069213867
JPM,HL,BOTTOM,1.0,current_accel,0.6303,8,9,59.84,0.2,9,34.00999069213867
JPM,LH,TOP,1.0,current_accel,0.6606,9,6,40.31,0.3,6,34.25999069213867
JPM,LH,TOP,1.0,current_accel,0.4182,9,6,43.0,0.7,6,33.970001220703125
JPM,LL,BOTTOM,1.0,d_current_slope,0.1576,9,9,75.71,-1.2,9,31.0
JPM,HL,BOTTOM,1.0,current_accel,0.1576,9,10,71.07,-0.8,10,31.990009307861328
JPM,HH,TOP,1.0,conj_current_tide,0.0,6,6,33.42,-0.4,6,35.71001052856445
JPM,HH,TOP,1.0,conj_current_tide,0.0,6,5,26.34,-0.2,5,36.779998779296875
JPM,LH,TOP,1.0,conj_current_tide,-0.0545,6,3,16.98,-0.3,3,35.880001068115234
JPM,HL,BOTTOM,1.0,conj_current_tide,-0.4424,6,2,10.38,-0.2,2,34.380001068115234
JPM,LL,BOTTOM,1.0,conj_current_tide,-0.503,6,2,10.0,0.1,2,33.89999008178711
JPM,LH,TOP,1.0,conj_current_tide,-0.2606,5,1,4.09,-0.6,1,34.03998947143555
JPM,HH,TOP,1.0,conj_current_tide,-0.2,3,3,14.63,0.0,3,36.070011138916016
JPM,HL,BOTTOM,4.0,kf_price_pred_val,-0.2424,3,0,0.0,0.4,0,34.46001052856445
JPM,LL,BOTTOM,5.0,kf_price_pred_val,-0.2788,3,0,0.0,-0.0,0,33.89999008178711
JPM,HH,TOP,,,0.0,0,0,0.0,0.0,0,42.83000183105469
JPM,HH,TOP,,,0.0,0,0,0.0,0.0,0,43.320011138916016
JPM,LH,TOP,,,0.0,0,0,0.0,0.0,0,43.00999069213867
JPM,HL,BOTTOM,4.0,kf_price_filt_vel,0.0545,3,0,0.0,-0.3,0,40.03998947143555
JPM,LL,BOTTOM,5.0,kf_price_filt_vel,0.0182,3,1,5.09,-0.2,1,39.28998947143555
JPM,HL,BOTTOM,1.0,vwap_sigma_wave,0.0364,3,1,4.4,0.0,1,39.38999938964844
JPM,HH,TOP,1.0,d_tide_slope,0.2424,2,2,9.0,-0.6,2,50.15999984741211
JPM,HH,TOP,1.0,d_tide_slope,0.2545,2,2,10.55,-0.6,2,51.0
JPM,LH,TOP,1.0,d_tide_slope,0.2424,2,2,8.41,-0.4,2,50.02000045776367
JPM,HL,BOTTOM,10.0,d_tide_slope,-0.1091,2,0,0.0,0.0,0,48.279998779296875
JPM,LL,BOTTOM,,,0.0,0,0,0.0,0.0,0,46.85000991821289
JPM,HL,BOTTOM,,,0.0,0,0,0.0,0.0,0,47.49000930786133
JPM,LH,TOP,,,0.0,0,0,0.0,0.0,0,49.25
JPM,HH,TOP,,,0.0,0,0,0.0,0.0,0,49.310001373291016
JPM,LH,TOP,,,0.0,0,0,0.0,0.0,0,49.00999069213867
JPM,LL,BOTTOM,,,0.0,0,0,0.0,0.0,0,46.78998947143555
JPM,LL,BOTTOM,,,0.0,0,0,0.0,0.0,0,46.63999938964844
JPM,HL,BOTTOM,,,0.0,0,0,0.0,0.0,0,47.22999954223633
JPM,HH,TOP,1.0,rsi_value,0.0182,2,1,4.22,-0.4,1,54.66999816894531
JPM,HH,TOP,1.0,rsi_value,0.0364,2,2,10.06,0.0,2,55.619998931884766
JPM,LH,TOP,1.0,rsi_value,0.097,2,0,0.0,0.0,0,54.59000015258789
JPM,HL,BOTTOM,,,0.0,0,0,0.0,0.0,0,50.91999816894531
JPM,HL,BOTTOM,,,0.0,0,0,0.0,0.0,0,52.08000183105469
JPM,HH,TOP,,,0.0,0,0,0.0,0.0,0,56.560001373291016
JPM,HH,TOP,,,0.0,0,0,0.0,0.0,0,56.66999816894531
JPM,LH,TOP,,,0.0,0,0,0.0,0.0,0,56.630001068115234
JPM,LL,BOTTOM,1.0,rsi_value,0.2,3,3,13.37,-0.6,3,50.70000076293945
JPM,LL,BOTTOM,1.0,sigma_tide,0.2303,3,3,13.86,0.0,3,50.529998779296875
JPM,LH,TOP,5.0,rsi_value,-0.1455,3,0,0.0,0.0,0,52.86000061035156
JPM,HH,TOP,6.0,rsi_value,-0.2909,3,0,0.0,0.0,0,53.66999816894531
JPM,LH,TOP,7.0,rsi_value,-0.4364,3,0,0.0,0.0,0,53.25999069213867
JPM,HL,BOTTOM,,,0.0,0,0,0.0,-0.2,0,51.46001052856445
JPM,LL,BOTTOM,,,0.0,0,1,4.0,0.0,1,50.320011138916016
JPM,HL,BOTTOM,1.0,sigma_tide,0.0545,1,0,0.0,0.0,0,51.70000076293945
JPM,HH,TOP,,,0.0,0,0,0.0,0.0,0,54.21001052856445
JPM,HH,TOP,,,0.0,0,0,0.0,0.0,0,54.29999923706055
JPM,HL,BOTTOM,,,0.0,0,0,0.0,0.0,0,52.599998474121094
JPM,LL,BOTTOM,,,0.0,0,0,0.0,0.0,0,51.540000915527344
JPM,HL,BOTTOM,,,0.0,0,0,0.0,0.0,0,52.5099983215332
JPM,HH,TOP,,,0.0,0,0,0.0,0.0,0,57.7400016784668
JPM,HH,TOP,,,0.0,0,0,0.0,0.0,0,59.4900016784668
JPM,LH,TOP,,,0.0,0,0,0.0,0.2,0,58.9900016784668
JPM,HL,BOTTOM,6.0,vwap_sigma_wave,-0.0061,1,1,4.06,0.0,1,54.310001373291016
JPM,HL,BOTTOM,1.0,vwap_sigma_wave,0.0364,1,0,0.0,0.0,0,54.95000076293945
JPM,HH,TOP,,,0.0,0,0,0.0,0.0,0,61.06999969482422
JPM,LH,TOP,,,0.0,0,0,0.0,0.0,0,60.93000030517578
JPM,LL,BOTTOM,7.0,rsi_value,-0.0364,2,0,0.0,0.0,0,53.5099983215332
JPM,LL,BOTTOM,8.0,rsi_value,-0.0606,2,0,0.0,0.0,0,53.310001373291016
JPM,LH,TOP,,,0.0,0,0,0.0,0.0,0,59.189998626708984
JPM,LH,TOP,,,0.0,0,0,0.0,0.0,0,58.63999938964844
JPM,HL,BOTTOM,,,0.0,0,0,0.0,0.0,0,56.22999954223633
JPM,LL,BOTTOM,,,0.0,0,0,0.0,0.0,0,55.90999984741211
JPM,HL,BOTTOM,,,0.0,0,0,0.0,0.0,0,56.34000015258789
JPM,HH,TOP,,,0.0,0,0,0.0,0.0,0,60.939998626708984
JPM,HH,TOP,,,0.0,0,0,0.0,0.0,0,61.630001068115234
JPM,LH,TOP,,,0.0,0,0,0.0,0.0,0,60.150001525878906
JPM,LL,BOTTOM,,,0.0,0,1,5.32,-0.6,1,55.529998779296875
JPM,LL,BOTTOM,1.0,vwap_sigma_wave,0.0545,1,3,14.33,0.0,3,55.08000183105469
JPM,HL,BOTTOM,1.0,kf_rsi_pred_val,0.2061,3,0,0.0,0.0,0,56.20000076293945
JPM,HH,TOP,,,0.0,0,0,0.0,0.0,0,61.380001068115234
JPM,HH,TOP,,,0.0,0,0,0.0,0.0,0,62.70000076293945
JPM,HL,BOTTOM,,,0.0,0,0,0.0,0.0,0,59.15999984741211
JPM,LL,BOTTOM,,,0.0,0,0,0.0,0.0,0,58.43000030517578
JPM,HL,BOTTOM,,,0.0,0,0,0.0,0.0,0,59.77000045776367
JPM,HH,TOP,,,0.0,0,0,0.0,0.0,0,62.959999084472656
JPM,HH,TOP,,,0.0,0,0,0.0,0.0,0,63.150001525878906
JPM,LH,TOP,,,0.0,0,0,0.0,0.0,0,62.58000183105469
JPM,LL,BOTTOM,9.0,vwap_sigma_current,-0.2121,5,0,0.0,0.0,0,55.66999816894531
JPM,LL,BOTTOM,10.0,vwap_sigma_current,-0.2727,5,0,0.0,0.0,0,54.380001068115234
JPM,HH,TOP,,,0.0,0,0,0.0,0.0,0,68.95999908447266
JPM,HH,TOP,,,0.0,0,0,0.0,0.0,0,69.75
JPM,LH,TOP,,,0.0,0,0,0.0,0.0,0,69.0199966430664
JPM,HL,BOTTOM,,,0.0,0,0,0.0,0.0,0,66.80000305175781
JPM,LL,BOTTOM,,,0.0,0,0,0.0,0.0,0,65.43000030517578
JPM,HL,BOTTOM,,,0.0,0,0,0.0,0.0,0,66.11000061035156
JPM,HH,TOP,,,0.0,0,0,0.0,0.0,0,69.0999984741211
JPM,HH,TOP,,,0.0,0,0,0.0,0.0,0,70.08000183105469
JPM,LH,TOP,,,0.0,0,0,0.0,0.0,0,69.63999938964844
JPM,LL,BOTTOM,1.0,vwap_sigma_current,0.2182,4,6,43.4,-1.3,6,60.25
JPM,LL,BOTTOM,1.0,kf_rsi_pred_val,0.497,6,5,35.76,-0.5,5,59.90999984741211
JPM,HL,BOTTOM,1.0,kf_rsi_pred_val,0.6485,6,3,22.86,-0.4,3,62.90999984741211
JPM,LH,TOP,1.0,kf_price_filt_vel,0.6303,6,3,16.77,-0.0,3,64.4800033569336
JPM,LH,TOP,1.0,kf_price_filt_vel,0.5758,6,0,0.0,-0.2,0,64.12999725341797
JPM,LL,BOTTOM,,,0.0,0,0,0.0,0.0,0,59.97999954223633
JPM,LL,BOTTOM,,,0.0,0,0,0.0,0.0,0,59.84000015258789
JPM,HL,BOTTOM,,,0.0,0,0,0.0,0.0,0,60.970001220703125
JPM,HH,TOP,,,0.0,0,0,0.0,-0.2,0,66.44000244140625
JPM,HH,TOP,,,0.0,0,1,4.07,0.0,1,68.45999908447266
JPM,HL,BOTTOM,,,0.0,0,0,0.0,0.0,0,65.61000061035156
JPM,LL,BOTTOM,,,0.0,0,0,0.0,0.0,0,64.06999969482422
JPM,LH,TOP,,,0.0,0,0,0.0,0.0,0,66.0999984741211
JPM,HH,TOP,,,0.0,0,0,0.0,0.0,0,67.52999877929688
JPM,LH,TOP,,,0.0,0,0,0.0,0.0,0,66.27999877929688
JPM,LL,BOTTOM,1.0,rsi_value,0.3879,6,7,34.51,-0.8,7,55.5099983215332
JPM,LL,BOTTOM,1.0,rsi_value,0.3576,7,4,22.43,-0.1,4,55.25
JPM,HL,BOTTOM,1.0,rsi_value,0.1455,7,0,0.0,-0.2,0,56.95000076293945
JPM,LH,TOP,3.0,vwap_sigma_tide,-0.5455,7,0,0.0,0.0,0,57.279998779296875
JPM,HH,TOP,4.0,vwap_sigma_tide,-0.6182,7,0,0.0,0.0,0,59.5
JPM,LL,BOTTOM,,,0.0,0,1,4.42,-0.5,1,55.52000045776367
JPM,LL,BOTTOM,1.0,vwap_sigma_tide,0.0545,1,1,6.27,-0.6,1,53.06999969482422
JPM,HL,BOTTOM,1.0,vwap_sigma_tide,0.097,1,3,28.22,0.0,3,57.4900016784668
JPM,LH,TOP,,,0.0,0,0,0.0,0.0,0,58.75
JPM,HH,TOP,,,0.0,0,0,0.0,0.0,0,60.47999954223633
JPM,HL,BOTTOM,,,0.0,0,0,0.0,0.2,0,58.810001373291016
JPM,LL,BOTTOM,,,0.0,0,0,0.0,0.1,0,57.31999969482422
JPM,HL,BOTTOM,,,0.0,0,0,0.0,-0.0,0,57.7400016784668
JPM,HH,TOP,,,0.0,0,0,0.0,0.0,0,65.69000244140625
JPM,HH,TOP,,,0.0,0,0,0.0,0.0,0,65.80999755859375
JPM,LH,TOP,,,0.0,0,0,0.0,0.0,0,64.63999938964844
JPM,LL,BOTTOM,1.0,kf_price_filt_vel,0.2182,4,4,21.19,-0.2,4,57.61000061035156
JPM,HL,BOTTOM,1.0,kf_price_pred_val,0.3879,4,0,0.0,-0.4,0,59.52000045776367
JPM,HH,TOP,8.0,vwap_sigma_wave,-0.0303,1,0,0.0,0.0,0,90.62000274658203
JPM,HH,TOP,9.0,vwap_sigma_wave,-0.0424,1,0,0.0,0.0,0,93.5999984741211
JPM,LH,TOP,10.0,vwap_sigma_wave,-0.0545,1,0,0.0,0.0,0,92.13999938964844
JPM,HL,BOTTOM,,,0.0,0,0,0.0,-0.4,0,83.9000015258789
JPM,LL,BOTTOM,,,0.0,0,2,9.67,0.0,2,82.1500015258789
JPM,HL,BOTTOM,1.0,vwap_sigma_wave,0.1091,2,0,0.0,0.0,0,83.05999755859375
JPM,HH,TOP,,,0.0,0,0,0.0,0.0,0,94.0199966430664
JPM,LH,TOP,,,0.0,0,0,0.0,0.0,0,93.68000030517578
JPM,HL,BOTTOM,2.0,vwap_sigma_wave,0.0424,1,1,6.53,-0.2,1,88.52999877929688
JPM,LL,BOTTOM,1.0,vwap_sigma_wave,0.0848,1,1,5.78,0.0,1,88.41999816894531
JPM,HH,TOP,2.0,rsi_value,0.1758,2,0,0.0,-0.0,0,115.66999816894531
JPM,HH,TOP,3.0,rsi_value,0.0667,2,0,0.0,-0.1,0,116.87000274658203
JPM,LH,TOP,4.0,rsi_value,-0.0424,2,0,0.0,-0.2,0,114.27999877929688
JPM,HL,BOTTOM,2.0,kf_price_pred_val,-0.2485,2,0,0.0,0.0,0,112.87000274658203
JPM,LL,BOTTOM,3.0,kf_price_pred_val,-0.2242,2,0,0.0,0.0,0,107.87999725341797
JPM,HL,BOTTOM,4.0,kf_price_pred_val,-0.1758,2,0,0.0,0.0,0,110.04000091552734
JPM,HH,TOP,,,0.0,0,0,0.0,0.0,0,118.7699966430664
JPM,LH,TOP,,,0.0,0,0,0.0,0.0,0,117.36000061035156
JPM,LL,BOTTOM,,,0.0,0,0,0.0,-0.2,0,109.94999694824219
JPM,LL,BOTTOM,,,0.0,0,1,4.85,0.0,1,107.01000213623047
JPM,LH,TOP,,,0.0,0,0,0.0,0.0,0,110.62000274658203
JPM,HH,TOP,,,0.0,0,0,0.0,0.0,0,113.37000274658203
JPM,LH,TOP,,,0.0,0,0,0.0,0.0,0,110.30000305175781
JPM,HL,BOTTOM,,,0.0,0,0,0.0,0.0,0,107.91999816894531
JPM,LL,BOTTOM,,,0.0,0,0,0.0,0.0,0,107.23999786376953
JPM,HL,BOTTOM,,,0.0,0,0,0.0,0.0,0,108.43000030517578
JPM,HH,TOP,,,0.0,0,0,0.0,0.0,0,113.41000366210938
JPM,HH,TOP,,,0.0,0,0,0.0,0.0,0,114.29000091552734
JPM,LH,TOP,,,0.0,0,0,0.0,0.0,0,113.86000061035156
JPM,LL,BOTTOM,1.0,vwap_sigma_current,0.0545,1,1,4.1,-0.8,1,104.86000061035156
JPM,LL,BOTTOM,1.0,vwap_sigma_current,0.097,1,4,18.84,0.0,4,103.23999786376953
JPM,HL,BOTTOM,1.0,vwap_sigma_current,0.2909,4,0,0.0,0.0,0,104.93000030517578
JPM,HH,TOP,,,0.0,0,0,0.0,0.0,0,117.62000274658203
JPM,HH,TOP,,,0.0,0,0,0.0,0.0,0,118.62999725341797
JPM,LH,TOP,,,0.0,0,0,0.0,0.0,0,117.8499984741211
JPM,HL,BOTTOM,1.0,vwap_sigma_current,-0.1758,4,1,4.64,-0.8,1,105.25
JPM,LL,BOTTOM,1.0,vwap_sigma_current,-0.2788,4,4,18.87,-0.1,4,103.29000091552734
JPM,HL,BOTTOM,1.0,vwap_sigma_current,-0.1636,4,0,0.0,-0.2,0,104.86000061035156
JPM,LH,TOP,8.0,vwap_sigma_current,-0.2485,4,0,0.0,0.0,0,111.4800033569336
JPM,HH,TOP,9.0,vwap_sigma_current,-0.0424,1,0,0.0,0.0,0,112.37999725341797
JPM,LH,TOP,10.0,vwap_sigma_current,-0.0545,1,0,0.0,0.0,0,111.29000091552734
JPM,HL,BOTTOM,,,0.0,0,0,0.0,0.0,0,106.6500015258789
JPM,HH,TOP,,,0.0,0,0,0.0,1.0,0,112.23999786376953
JPM,LH,TOP,,,0.0,0,0,0.0,0.7,0,107.2300033569336
JPM,LL,BOTTOM,1.0,vwap_sigma_tide,0.3879,6,6,43.0,-0.0,6,92.13999938964844
JPM,LH,TOP,,,0.0,0,0,0.0,0.5,0,107.19000244140625
JPM,LH,TOP,,,0.0,0,0,0.0,0.4,0,106.80000305175781
JPM,HL,BOTTOM,1.0,vwap_sigma_wave,0.0545,1,2,11.07,-0.3,2,98.93000030517578
JPM,HL,BOTTOM,1.0,vwap_sigma_wave,0.1515,2,1,4.19,-0.2,1,99.91999816894531
JPM,HH,TOP,7.0,vwap_sigma_current,-0.0909,2,0,0.0,0.0,0,116.12000274658203
JPM,LH,TOP,8.0,vwap_sigma_current,-0.0606,2,0,0.0,0.0,0,116.05000305175781
JPM,HL,BOTTOM,,,0.0,0,0,0.0,0.2,0,107.05999755859375
JPM,LL,BOTTOM,,,0.0,0,0,0.0,0.1,0,105.95999908447266
JPM,HH,TOP,,,0.0,0,0,0.0,0.0,0,116.36000061035156
JPM,HH,TOP,,,0.0,0,0,0.0,0.0,0,116.83000183105469
JPM,LH,TOP,,,0.0,0,0,0.0,0.0,0,115.70999908447266
JPM,HL,BOTTOM,,,0.0,0,0,0.0,-0.2,0,109.33999633789062
JPM,LL,BOTTOM,,,0.0,0,1,4.4,0.0,1,104.80000305175781
JPM,HL,BOTTOM,1.0,vwap_sigma_wave,0.0545,1,0,0.0,0.0,0,105.19999694824219
JPM,HH,TOP,,,0.0,0,0,0.0,0.0,0,117.91000366210938
JPM,HH,TOP,,,0.0,0,0,0.0,0.0,0,120.2300033569336
JPM,HL,BOTTOM,,,0.0,0,0,0.0,0.0,0,114.37000274658203
JPM,LL,BOTTOM,,,0.0,0,0,0.0,0.0,0,111.81999969482422
JPM,HL,BOTTOM,,,0.0,0,0,0.0,0.0,0,112.62999725341797
JPM,HH,TOP,,,0.0,0,0,0.0,0.0,0,141.08999633789062
JPM,LH,TOP,,,0.0,0,0,0.0,0.0,0,138.33999633789062
JPM,LL,BOTTOM,1.0,sigma_tide,0.1152,8,13,178.92,0.8,13,93.44000244140625
JPM,HL,BOTTOM,1.0,kf_price_pred_val,0.3515,13,9,65.89,0.2,9,100.69999694824219
JPM,LH,TOP,1.0,sigma_tide,0.5455,13,9,59.46,0.3,9,95.95999908447266
JPM,LL,BOTTOM,1.0,sigma_tide,0.6242,13,13,105.51,0.5,13,88.05000305175781
JPM,HL,BOTTOM,1.0,sigma_tide,0.9273,13,9,188.17,-0.3,9,103.91000366210938
JPM,LL,BOTTOM,1.0,kf_price_filt_vel,1.1152,13,13,103.88,0.3,13,88.36000061035156
JPM,HL,BOTTOM,1.0,sigma_tide,1.1758,13,10,69.26,0.2,10,93.76000213623047
JPM,LH,TOP,1.0,kf_conjugation_pred_val,1.0182,13,14,136.55,0.9,14,83.88999938964844
JPM,LL,BOTTOM,1.0,kf_conjugation_pred_val,0.097,14,13,136.5,-2.1,13,79.02999877929688
JPM,HL,BOTTOM,1.0,kf_conjugation_pred_val,0.3152,14,14,173.3,-1.3,14,88.43000030517578
JPM,HH,TOP,1.0,kf_price_filt_vel,0.3212,14,14,136.55,1.2,14,91.7300033569336
JPM,HH,TOP,1.0,kf_conjugation_pred_val,0.2667,14,9,116.87,0.9,9,98.12000274658203
JPM,LH,TOP,1.0,kf_conjugation_pred_val,0.1455,14,9,113.41,1.0,9,91.12999725341797
JPM,LL,BOTTOM,1.0,wave_slope,-0.2,15,9,116.72,-0.6,9,87.51000213623047
JPM,LL,BOTTOM,1.0,wave_slope,-0.3212,15,11,132.15,0.1,11,84.05000305175781
JPM,HH,TOP,1.0,wave_slope,-0.2848,15,7,115.81,0.1,7,94.30000305175781
JPM,HH,TOP,1.0,wave_slope,-0.1455,15,9,141.52,0.3,9,102.76000213623047
JPM,HL,BOTTOM,1.0,wave_slope,-0.4424,15,9,121.23,-1.2,9,90.79000091552734
JPM,LL,BOTTOM,1.0,wave_slope,-0.4545,15,9,105.02,-0.9,9,87.33000183105469
JPM,HL,BOTTOM,1.0,wave_slope,-0.0667,11,9,109.98,-0.2,9,95.18000030517578
JPM,LL,BOTTOM,1.0,current_slope,-0.0061,11,6,74.38,-0.0,6,91.70999908447266
JPM,LL,BOTTOM,1.0,current_slope,0.0242,9,5,66.32,-0.2,5,89.05000305175781
JPM,HL,BOTTOM,1.0,current_slope,-0.0727,9,5,61.74,-0.5,5,89.33999633789062
JPM,LH,TOP,1.0,current_slope,-0.5333,9,4,38.66,0.4,4,95.29000091552734
JPM,HH,TOP,1.0,current_slope,-0.5818,9,3,33.33,0.6,3,97.86000061035156
JPM,LH,TOP,1.0,current_slope,-0.5697,9,3,32.23,0.6,3,95.76000213623047
JPM,LL,BOTTOM,1.0,vwap_spread_current_wave,0.2485,5,7,45.47,-1.1,7,87.02999877929688
JPM,LL,BOTTOM,1.0,vwap_spread_current_wave,0.4,7,8,46.37,-0.9,8,84.02999877929688
JPM,HL,BOTTOM,1.0,vwap_spread_current_wave,0.503,8,7,48.01,-0.5,7,87.5199966430664
JPM,HH,TOP,1.0,d_current_slope,-0.3212,6,3,12.73,-1.1,3,113.44999694824219
JPM,LH,TOP,1.0,d_current_slope,-0.3091,6,4,36.2,-0.9,4,110.54000091552734
JPM,HL,BOTTOM,,,0.0,0,0,0.0,0.0,0,93.30000305175781
JPM,LL,BOTTOM,,,0.0,0,0,0.0,0.0,0,91.27999877929688
JPM,HL,BOTTOM,,,0.0,0,0,0.0,0.0,0,96.2699966430664
JPM,LH,TOP,,,0.0,0,1,4.35,0.0,1,100.63999938964844
JPM,HH,TOP,1.0,geo_phase_angle,0.0545,1,0,0.0,0.0,0,103.81999969482422
JPM,LH,TOP,2.0,geo_phase_angle,0.0424,1,0,0.0,0.0,0,102.94000244140625
JPM,HL,BOTTOM,8.0,geo_phase_angle,-0.0303,1,0,0.0,0.0,0,97.37000274658203
JPM,LL,BOTTOM,9.0,geo_phase_angle,-0.0424,1,0,0.0,0.0,0,97.31999969482422
JPM,LH,TOP,2.0,d_current_slope,0.0848,2,0,0.0,0.0,0,101.33000183105469
JPM,HH,TOP,3.0,d_current_slope,0.0606,2,0,0.0,0.0,0,103.5199966430664
JPM,LL,BOTTOM,1.0,tide_slope,0.1455,1,2,9.14,-0.2,2,92.73999786376953
JPM,LL,BOTTOM,1.0,vwap_sigma_wave,0.2061,2,3,13.83,-0.0,3,92.66000366210938
JPM,HL,BOTTOM,1.0,geo_phase_angle,0.297,3,2,9.27,-0.0,2,93.47000122070312
JPM,LH,TOP,1.0,geo_phase_angle,0.097,2,2,9.3,-0.1,2,102.87999725341797
JPM,HH,TOP,1.0,geo_phase_angle,0.0545,2,2,9.39,0.1,2,103.80999755859375
JPM,HL,BOTTOM,2.0,geo_phase_angle,-0.1091,2,0,0.0,-0.3,0,99.33000183105469
JPM,LL,BOTTOM,3.0,geo_phase_angle,-0.1939,2,1,5.37,-0.2,1,96.54000091552734
JPM,HL,BOTTOM,1.0,geo_phase_angle,-0.2,2,1,4.02,0.0,1,97.16999816894531
JPM,HH,TOP,1.0,d_tide_slope,0.3697,5,5,44.03,-0.4,5,140.35000610351562
JPM,HH,TOP,1.0,tide_accel,0.4242,5,5,45.83,-0.0,5,141.1699981689453
JPM,LH,TOP,1.0,d_tide_slope,0.4424,5,3,34.05,-0.0,3,138.63999938964844
JPM,HL,BOTTOM,1.0,tide_accel,-0.2909,5,3,29.82,-0.4,3,131.5800018310547
JPM,LL,BOTTOM,1.0,d_tide_slope,-0.2545,5,4,31.0,-0.0,4,127.86000061035156
JPM,HL,BOTTOM,1.0,d_tide_slope,-0.1394,5,2,24.25,-0.0,2,130.11000061035156
JPM,HH,TOP,1.0,vwap_spread_tide_wave,0.0,2,2,11.52,-0.0,2,155.08999633789062
JPM,HH,TOP,1.0,vwap_spread_tide_wave,0.0,2,2,11.86,-0.0,2,157.64999389648438
JPM,LH,TOP,1.0,vwap_spread_tide_wave,0.0,2,2,12.06,-0.0,2,155.13999938964844
JPM,HL,BOTTOM,1.0,vwap_spread_tide_wave,0.0,2,2,12.19,-0.5,2,150.5399932861328
JPM,LL,BOTTOM,1.0,vwap_spread_tide_wave,0.0,2,4,20.13,-0.2,4,147.3699951171875
JPM,HL,BOTTOM,1.0,vwap_spread_tide_wave,0.1091,4,3,15.91,1.4,3,150.19000244140625
JPM,LH,TOP,1.0,vwap_spread_tide_current,0.0667,4,2,11.34,0.2,2,152.22999572753906
JPM,HH,TOP,1.0,vwap_spread_tide_current,0.0303,4,2,11.17,-1.8,2,155.19000244140625
JPM,LH,TOP,1.0,vwap_spread_tide_current,-0.0061,4,9,119.09,-1.7,9,135.55320739746094
JPM,LL,BOTTOM,1.0,kf_price_filt_vel,0.3394,9,8,52.11,-1.2,8,135.15663146972656
JPM,HL,BOTTOM,1.0,vwap_sigma_wave,0.5455,9,7,37.78,-0.2,7,137.02500915527344
JPM,HH,TOP,7.0,vwap_spread_tide_current,-0.1455,1,0,0.0,0.0,0,146.44610595703125
JPM,HH,TOP,8.0,vwap_spread_tide_current,-0.1273,1,0,0.0,0.0,0,146.68405151367188
JPM,LL,BOTTOM,,,0.0,0,2,8.71,-0.7,2,133.7465362548828
JPM,LL,BOTTOM,1.0,rsi_value,0.1091,2,3,16.43,-0.2,3,130.3623504638672
JPM,LH,TOP,,,0.0,0,0,0.0,0.0,0,140.0482940673828
JPM,LH,TOP,,,0.0,0,0,0.0,0.0,0,137.9652862548828
JPM,LL,BOTTOM,,,0.0,0,0,0.0,0.0,0,130.2715301513672
JPM,HL,BOTTOM,,,0.0,0,0,0.0,0.0,0,132.7001953125
JPM,HH,TOP,,,0.0,0,0,0.0,0.0,0,143.37217712402344
JPM,HH,TOP,,,0.0,0,0,0.0,0.0,0,144.5245361328125
JPM,HL,BOTTOM,,,0.0,0,0,0.0,0.0,0,135.58091735839844
JPM,HL,BOTTOM,,,0.0,0,0,0.0,0.0,0,135.59864807128906
JPM,HH,TOP,,,0.0,0,0,0.0,0.0,0,151.6731414794922
JPM,HH,TOP,,,0.0,0,0,0.0,0.0,0,151.7890625
JPM,HL,BOTTOM,,,0.0,0,0,0.0,0.0,0,147.45529174804688
JPM,LL,BOTTOM,,,0.0,0,0,0.0,0.0,0,143.56736755371094
JPM,HL,BOTTOM,,,0.0,0,0,0.0,0.0,0,145.76992797851562
JPM,LH,TOP,,,0.0,0,0,0.0,0.0,0,151.1470184326172
JPM,HH,TOP,,,0.0,0,0,0.0,0.0,0,153.18016052246094
JPM,LL,BOTTOM,,,0.0,0,1,4.52,0.0,1,137.27178955078125
JPM,HL,BOTTOM,1.0,vwap_sigma_current,0.0545,1,0,0.0,0.0,0,139.18899536132812
JPM,LH,TOP,,,0.0,0,0,0.0,0.8,0,150.24990844726562
JPM,HH,TOP,,,0.0,0,0,0.0,0.6,0,151.10214233398438
JPM,LH,TOP,,,0.0,0,0,0.0,0.5,0,150.9137420654297
JPM,LL,BOTTOM,1.0,kf_rsi_pred_val,0.5455,5,4,18.71,-0.2,4,130.02999877929688
JPM,HL,BOTTOM,1.0,kf_rsi_pred_val,0.5697,5,1,4.08,0.0,1,131.44735717773438
JPM,LH,TOP,10.0,kf_rsi_pred_val,-0.0545,1,0,0.0,0.0,0,139.89772033691406
JPM,HH,TOP,,,0.0,0,0,0.0,0.0,0,140.48081970214844
JPM,LH,TOP,,,0.0,0,0,0.0,0.0,0,139.89772033691406
JPM,LL,BOTTOM,1.0,vwap_sigma_tide,0.1879,3,5,28.55,-0.9,5,115.91014862060547
JPM,LL,BOTTOM,1.0,vwap_sigma_tide,0.3758,5,5,29.26,-0.4,5,115.09381866455078
JPM,HL,BOTTOM,1.0,vwap_sigma_tide,0.503,5,3,16.13,-0.1,3,119.70475006103516
JPM,LH,TOP,3.0,kf_price_pred_val,-0.5515,5,0,0.0,0.0,0,125.27555847167969
JPM,HH,TOP,4.0,kf_price_pred_val,-0.4485,5,0,0.0,0.0,0,127.93980407714844
JPM,LH,TOP,5.0,kf_price_pred_val,-0.2848,3,0,0.0,0.0,0,125.39216613769531
JPM,LL,BOTTOM,1.0,vwap_sigma_tide,0.1273,3,1,5.4,-0.3,1,111.46448516845703
JPM,LL,BOTTOM,1.0,vwap_sigma_tide,0.1394,3,2,11.32,-0.0,2,107.8676986694336
JPM,LH,TOP,1.0,vwap_sigma_tide,0.2061,3,1,4.97,0.2,1,111.18434143066406
JPM,HH,TOP,1.0,vwap_sigma_tide,0.1394,3,0,0.0,-0.0,0,114.86247253417969
JPM,LH,TOP,2.0,vwap_sigma_tide,0.0061,3,1,4.51,-0.0,1,111.98863983154297
JPM,LL,BOTTOM,1.0,vwap_sigma_tide,0.0,1,1,4.92,-0.5,1,106.91877746582031
JPM,LL,BOTTOM,1.0,vwap_sigma_tide,0.0,1,1,5.05,-0.6,1,106.04219055175781
JPM,HH,TOP,5.0,kf_price_filt_vel,-0.1333,3,0,0.0,0.0,0,119.49854278564453
JPM,LH,TOP,6.0,kf_price_filt_vel,-0.1636,3,0,0.0,0.2,0,117.40191650390625
JPM,LL,BOTTOM,8.0,vwap_sigma_tide,-0.0303,1,0,0.0,-0.2,0,102.02960205078125
JPM,LL,BOTTOM,9.0,vwap_sigma_tide,-0.0424,1,1,4.11,0.0,1,98.4648208618164
JPM,HL,BOTTOM,1.0,vwap_sigma_tide,-0.0,1,0,0.0,0.0,0,102.977783203125
JPM,LH,TOP,1.0,vwap_sigma_wave,0.3273,3,2,9.38,-0.2,2,111.64817810058594
JPM,HH,TOP,1.0,vwap_sigma_wave,0.2909,3,2,9.57,-0.0,2,112.71485137939453
JPM,LH,TOP,1.0,vwap_sigma_wave,0.2303,3,1,4.24,-0.0,1,111.76667785644531
JPM,HL,BOTTOM,1.0,tide_slope,0.0,1,1,4.62,-0.0,1,104.40005493164062
JPM,LL,BOTTOM,1.0,tide_slope,0.0,1,1,4.67,-0.0,1,103.6706771850586
JPM,LH,TOP,1.0,tide_slope,0.0,1,1,4.72,-0.0,1,109.93413543701172
JPM,LH,TOP,1.0,tide_slope,0.0,1,1,4.72,-0.0,1,106.11406707763672
JPM,LL,BOTTOM,1.0,tide_slope,0.3636,5,1,4.77,-0.4,1,96.78726959228516
JPM,LL,BOTTOM,1.0,tide_slope,0.2424,5,3,13.67,-0.3,3,95.27381896972656
JPM,LH,TOP,1.0,tide_slope,0.2303,5,1,4.79,-0.6,1,98.21866607666016
JPM,HH,TOP,1.0,tide_slope,0.0848,5,4,20.07,0.2,4,102.81367492675781
JPM,LH,TOP,1.0,kf_price_pred_val,0.103,5,1,4.75,0.1,1,101.54425048828125
JPM,HL,BOTTOM,1.0,tide_slope,-0.3758,5,1,4.71,-0.0,1,96.57697296142578
JPM,LL,BOTTOM,1.0,tide_slope,-0.2788,5,2,9.7,-0.2,2,93.78977966308594
JPM,HL,BOTTOM,1.0,vwap_sigma_current,-0.0788,4,1,4.72,-0.6,1,95.30755615234375
JPM,HH,TOP,1.0,kf_conjugation_pred_val,0.1576,4,4,24.8,-0.2,4,125.61719512939453
JPM,HH,TOP,1.0,conj_wave_tide,0.1879,4,4,24.49,-0.3,4,127.1073989868164
JPM,LH,TOP,1.0,conj_wave_tide,0.2061,4,4,23.64,-0.3,4,125.32286071777344
JPM,HL,BOTTOM,1.0,conj_current_tide,-0.3455,4,2,10.38,0.4,2,119.67488098144531
JPM,LL,BOTTOM,1.0,conj_current_tide,-0.297,4,2,11.32,0.3,2,118.92974853515625
JPM,HH,TOP,5.0,vwap_spread_current_wave,-0.2545,3,0,0.0,-0.4,0,129.26022338867188
JPM,HH,TOP,6.0,vwap_spread_current_wave,-0.1515,1,2,8.58,0.0,2,132.52207946777344
JPM,HL,BOTTOM,2.0,vwap_sigma_wave,-0.0424,2,0,0.0,0.6,0,126.55437469482422
JPM,LL,BOTTOM,3.0,vwap_sigma_wave,-0.0364,2,0,0.0,0.6,0,124.86783599853516
JPM,HL,BOTTOM,4.0,vwap_sigma_wave,-0.0182,2,0,0.0,0.4,0,125.17364501953125
JPM,HH,TOP,5.0,d_tide_slope,-0.2303,2,0,0.0,0.0,0,132.69813537597656
JPM,HH,TOP,6.0,d_tide_slope,-0.2182,2,0,0.0,0.0,0,133.25413513183594
JPM,LH,TOP,7.0,d_tide_slope,-0.1818,2,0,0.0,0.0,0,131.4193572998047
JPM,LL,BOTTOM,10.0,vwap_sigma_wave,-0.1091,2,0,0.0,0.0,0,117.53793334960938
JPM,LL,BOTTOM,,,0.0,0,0,0.0,0.0,0,115.74948120117188
JPM,LH,TOP,1.0,kf_price_pred_val,0.1636,3,0,0.0,0.0,0,130.5922088623047
JPM,HH,TOP,2.0,kf_price_pred_val,0.1273,3,0,0.0,0.0,0,132.0584716796875
JPM,LH,TOP,3.0,kf_price_pred_val,0.0909,3,0,0.0,0.0,0,131.89035034179688
JPM,HL,BOTTOM,,,0.0,0,0,0.0,0.0,0,127.0619125366211
JPM,LL,BOTTOM,,,0.0,0,0,0.0,0.0,0,125.24075317382812
JPM,HH,TOP,1.0,kf_rsi_pred_val,0.2485,2,2,9.26,0.0,2,148.57521057128906
JPM,LH,TOP,1.0,rsi_value,0.2485,2,0,0.0,0.0,0,147.4656219482422
JPM,HL,BOTTOM,3.0,vwap_sigma_wave,0.0303,1,0,0.0,-1.0,0,133.34027099609375
JPM,LL,BOTTOM,4.0,vwap_sigma_wave,0.0182,1,4,23.71,-0.4,4,128.53750610351562
JPM,HH,TOP,4.0,rsi_value,-0.0182,2,0,0.0,0.0,0,190.16839599609375
JPM,HH,TOP,5.0,rsi_value,0.0121,2,0,0.0,0.0,0,190.91183471679688
JPM,HL,BOTTOM,1.0,kf_rsi_pred_val,0.1818,3,1,5.7,-0.3,1,173.33099365234375
JPM,LL,BOTTOM,1.0,kf_rsi_pred_val,0.1879,3,1,5.73,-0.2,1,172.64073181152344
JPM,HL,BOTTOM,1.0,kf_rsi_pred_val,0.1818,3,1,4.16,0.0,1,173.7624053955078
JPM,HH,TOP,,,0.0,0,0,0.0,0.0,0,194.1057891845703
JPM,HH,TOP,,,0.0,0,0,0.0,0.0,0,196.32994079589844
JPM,HL,BOTTOM,,,0.0,0,0,0.0,0.0,0,186.330810546875
JPM,LL,BOTTOM,,,0.0,0,0,0.0,0.0,0,183.6177215576172
JPM,HL,BOTTOM,,,0.0,0,0,0.0,0.0,0,185.6597442626953
JPM,HH,TOP,9.0,vwap_sigma_wave,-0.0424,1,0,0.0,-0.4,0,205.9299774169922
JPM,HH,TOP,10.0,vwap_sigma_wave,-0.0545,1,2,8.25,0.0,2,209.06295776367188
JPM,LH,TOP,1.0,vwap_sigma_wave,0.1091,2,0,0.0,0.0,0,202.42098999023438
JPM,HL,BOTTOM,1.0,kf_price_pred_val,0.0545,1,1,4.64,0.0,1,187.8838348388672
JPM,HL,BOTTOM,1.0,sigma_tide,0.097,1,0,0.0,0.0,0,193.12802124023438
JPM,HH,TOP,,,0.0,0,0,0.0,0.0,0,214.2107391357422
JPM,HH,TOP,,,0.0,0,0,0.0,0.0,0,216.70750427246094
JPM,HL,BOTTOM,,,0.0,0,0,0.0,0.0,0,199.16265869140625
JPM,LL,BOTTOM,,,0.0,0,0,0.0,0.0,0,196.96475219726562
JPM,HH,TOP,,,0.0,0,2,8.25,-0.0,2,242.75845336914062
JPM,LH,TOP,1.0,sigma_tide,0.1091,2,1,4.11,-0.0,1,242.44805908203125
JPM,HL,BOTTOM,1.0,reg_value_current,0.097,2,2,8.71,-0.0,2,231.1874542236328
JPM,LL,BOTTOM,1.0,reg_value_current,0.1273,2,2,8.68,-0.0,2,223.43785095214844
JPM,HL,BOTTOM,1.0,reg_value_current,0.1455,2,2,8.65,-0.0,2,225.94993591308594
JPM,HH,TOP,1.0,reg_value_current,0.0303,6,4,19.95,-0.0,4,272.9283142089844
JPM,LH,TOP,1.0,reg_value_current,-0.0242,6,4,20.16,-0.0,4,272.245849609375
JPM,LL,BOTTOM,1.0,kf_rsi_pred_val,0.2909,7,7,39.87,-1.0,7,222.18380737304688
JPM,LL,BOTTOM,1.0,kf_rsi_pred_val,0.3818,7,9,49.11,-0.0,9,219.54177856445312
JPM,HL,BOTTOM,1.0,kf_rsi_pred_val,0.5455,9,4,20.15,-0.0,4,226.60992431640625
JPM,LH,TOP,1.0,vwap_wave,-0.4727,9,4,19.57,-0.0,4,241.83816528320312
JPM,HH,TOP,1.0,reg_value_tide,-0.4424,9,4,19.54,-0.0,4,244.83114624023438
JPM,LH,TOP,1.0,reg_value_tide,-0.3758,9,4,19.52,-0.0,4,244.73365783691406
JPM,LL,BOTTOM,1.0,reg_value_tide,0.0,4,8,40.77,-1.5,8,222.95399475097656
JPM,LL,BOTTOM,1.0,kf_price_pred_val,0.2182,8,12,87.64,-1.8,12,206.26849365234375
JPM,HH,TOP,1.0,reg_value_current,0.0,4,4,33.66,-0.0,4,308.9516296386719
JPM,HH,TOP,1.0,reg_value_current,0.0,4,4,33.86,-0.0,4,311.5241394042969
JPM,HL,BOTTOM,1.0,vwap_wave,0.0,4,4,35.64,-0.0,4,294.2500305175781
JPM,LL,BOTTOM,1.0,vwap_wave,0.0,4,4,35.63,-0.0,4,291.2984924316406
JPM,HL,BOTTOM,1.0,vwap_wave,0.0,4,4,35.66,-0.0,4,291.72442626953125
JPM,HH,TOP,1.0,vwap_wave,0.0,4,4,36.94,-0.0,4,312.6028747558594
JPM,HH,TOP,1.0,vwap_wave,0.0,4,4,37.12,-0.0,4,317.34710693359375
JPM,LH,TOP,1.0,vwap_wave,0.0,4,4,37.19,-0.0,4,306.5216064453125
JPM,HL,BOTTOM,1.0,vwap_wave,0.0,4,4,36.92,-0.0,4,295.1513366699219
JPM,HL,BOTTOM,1.0,vwap_wave,0.0,4,4,36.9,-0.0,4,300.103515625
JPM,HH,TOP,1.0,reg_value_current,0.0,4,4,40.81,-0.0,4,330.8468322753906
JPM,HH,TOP,1.0,reg_value_current,0.0,4,4,41.1,-0.0,4,332.90625
JPM,LH,TOP,1.0,reg_value_current,0.0,4,4,41.31,-0.0,4,325.3250732421875
JPM,HL,BOTTOM,1.0,reg_value_tide,0.0,4,4,41.76,-0.0,4,302.0840148925781
JPM,LL,BOTTOM,1.0,reg_value_tide,0.0,4,4,41.66,-0.0,4,296.2041015625
JPM,LH,TOP,1.0,reg_value_tide,0.0,4,4,41.76,-0.0,4,308.5807800292969
JPM,HH,TOP,1.0,reg_value_tide,0.0,4,4,41.94,-0.0,4,320.7584533691406
JPM,LL,BOTTOM,1.0,vwap_tide,-0.1515,6,4,38.63,-0.0,4,290.1749572753906
JPM,LL,BOTTOM,1.0,vwap_tide,-0.0545,5,4,38.54,-0.0,4,281.3998718261719
JPM,LH,TOP,1.0,vwap_tide,0.0,4,4,39.39,-0.0,4,316.989990234375
JPM,LH,TOP,1.0,vwap_tide,0.0,4,4,39.48,-0.0,4,313.0
MCD,UNKNOWN,BOTTOM,3.0,kf_price_pred_val,0.0848,3,3,16.4,-0.9,3,42.90999984741211
MCD,HL,BOTTOM,1.0,kf_conjugation_pred_val,0.2,3,3,19.21,-0.4,3,43.10000991821289
MCD,HH,TOP,1.0,vwap_spread_tide_current,-0.0061,3,2,8.64,-0.2,2,52.20000076293945
MCD,HH,TOP,1.0,vwap_spread_tide_current,-0.0182,3,2,8.63,0.2,2,52.66999816894531
MCD,LH,TOP,1.0,vwap_spread_tide_current,-0.0303,3,1,4.58,1.3,1,52.09000015258789
MCD,HL,BOTTOM,1.0,vwap_sigma_current,0.2242,7,7,41.71,-1.6,7,48.38999938964844
MCD,LL,BOTTOM,1.0,kf_conjugation_pred_val,0.4848,7,7,53.57,-1.7,7,47.869998931884766
MCD,HL,BOTTOM,1.0,kf_conjugation_pred_val,0.6848,7,6,46.39,-1.4,6,48.27000045776367
MCD,LH,TOP,2.0,conj_wave_tide,0.1455,7,0,0.0,0.2,0,49.72999954223633
MCD,HH,TOP,3.0,conj_wave_tide,-0.2727,7,0,0.0,0.9,0,50.28998947143555
MCD,LH,TOP,4.0,conj_wave_tide,-0.6788,7,0,0.0,0.6,0,49.929988861083984
MCD,LL,BOTTOM,7.0,conj_wave_tide,-0.8606,7,1,4.71,-0.9,1,48.0
MCD,LL,BOTTOM,1.0,sigma_tide,-0.6061,6,4,17.91,-0.3,4,47.560001373291016
MCD,HL,BOTTOM,1.0,sigma_tide,-0.1818,5,1,4.16,-0.2,1,48.070011138916016
MCD,HH,TOP,1.0,current_slope,-0.1697,3,1,5.43,0.2,1,59.179988861083984
MCD,HH,TOP,1.0,current_slope,-0.1091,2,1,5.7,0.3,1,59.7498893737793
MCD,LH,TOP,1.0,current_slope,-0.0909,2,1,5.92,0.1,1,59.0
MCD,HL,BOTTOM,1.0,current_slope,0.0667,2,2,8.95,-0.2,2,57.10000991821289
MCD,LL,BOTTOM,1.0,current_slope,0.0848,2,1,4.19,-0.2,1,56.70000076293945
MCD,HL,BOTTOM,1.0,current_slope,0.0364,2,0,0.0,-0.4,0,57.179988861083984
MCD,HH,TOP,10.0,current_accel,-0.1091,2,0,0.0,-0.2,0,61.89999008178711
MCD,HH,TOP,,,0.0,0,1,4.79,-0.3,1,63.130001068115234
MCD,LH,TOP,1.0,kf_price_pred_val,0.0545,1,2,8.8,-0.0,2,61.65999984741211
MCD,LL,BOTTOM,1.0,vwap_spread_current_wave,-0.2848,10,5,68.14,-0.0,5,51.070011138916016
MCD,LL,BOTTOM,1.0,kf_price_filt_vel,-0.2545,10,3,18.87,-0.5,3,50.75
MCD,HL,BOTTOM,1.0,vwap_spread_current_wave,-0.7212,10,3,16.4,-0.9,3,51.00999069213867
MCD,LH,TOP,1.0,wave_slope,-0.0485,5,1,4.99,-0.2,1,56.369998931884766
MCD,HH,TOP,1.0,conj_current_tide,-0.1818,5,1,4.98,-0.4,1,56.63999938964844
MCD,LH,TOP,1.0,conj_current_tide,-0.2909,5,3,13.54,-0.0,3,55.58000183105469
MCD,HL,BOTTOM,1.0,conj_current_tide,0.0909,4,1,4.2,-1.0,1,53.03998947143555
MCD,LL,BOTTOM,1.0,conj_current_tide,0.0545,4,4,17.2,-0.4,4,52.27000045776367
MCD,HH,TOP,,,0.0,0,2,10.07,0.0,2,60.869998931884766
MCD,HH,TOP,1.0,kf_price_filt_vel,0.1091,2,0,0.0,0.0,0,61.16999816894531
MCD,LH,TOP,2.0,kf_price_filt_vel,0.0848,2,0,0.0,0.0,0,60.439998626708984
MCD,HL,BOTTOM,,,0.0,0,0,0.0,-0.3,0,58.04999923706055
MCD,LL,BOTTOM,,,0.0,0,0,0.0,-0.6,0,56.95000076293945
MCD,LH,TOP,3.0,kf_price_filt_vel,0.0909,3,0,0.0,0.0,0,59.34000015258789
MCD,HH,TOP,4.0,kf_price_filt_vel,0.0545,3,0,0.0,0.0,0,59.95000076293945
MCD,LL,BOTTOM,3.0,kf_price_filt_vel,0.0606,2,0,0.0,0.0,0,56.220001220703125
MCD,HL,BOTTOM,4.0,kf_price_filt_vel,0.0364,2,0,0.0,0.0,0,57.28998947143555
MCD,HH,TOP,1.0,kf_price_pred_val,0.3515,9,5,38.01,-2.0,5,65.94999694824219
MCD,LH,TOP,1.0,current_accel,0.4545,9,7,51.15,-1.2,7,63.939998626708984
MCD,HL,BOTTOM,,,0.0,0,0,0.0,-0.5,0,61.720001220703125
MCD,LL,BOTTOM,,,0.0,0,4,21.8,-0.3,4,60.02000045776367
MCD,HL,BOTTOM,1.0,kf_price_pred_val,0.2182,4,0,0.0,-0.9,0,60.29999923706055
MCD,LH,TOP,1.0,kf_price_pred_val,0.3636,4,0,0.0,0.6,0,63.20000076293945
MCD,HH,TOP,2.0,kf_price_pred_val,0.2424,4,0,0.0,0.3,0,64.55999755859375
MCD,LH,TOP,3.0,kf_price_pred_val,0.1212,4,0,0.0,-0.0,0,64.05999755859375
MCD,LL,BOTTOM,3.0,vwap_sigma_wave,-0.0364,3,4,28.64,1.2,4,60.15999984741211
MCD,HL,BOTTOM,1.0,kf_price_filt_vel,0.1091,4,0,0.0,1.8,0,61.70000076293945
MCD,LH,TOP,2.0,kf_price_filt_vel,-0.0121,4,3,24.35,2.6,3,63.65999984741211
MCD,LH,TOP,1.0,kf_price_filt_vel,0.2303,4,0,0.0,2.0,0,61.880001068115234
MCD,LL,BOTTOM,1.0,kf_price_pred_val,0.7273,9,10,109.14,-0.2,10,53.40999984741211
MCD,LL,BOTTOM,1.0,wave_slope,1.0242,10,11,143.52,-0.1,11,52.08000183105469
MCD,HL,BOTTOM,1.0,wave_slope,1.2,11,10,156.38,-0.7,10,53.35000991821289
MCD,LH,TOP,1.0,kf_conjugation_pred_val,1.1879,11,7,257.85,-0.9,7,57.25
MCD,LH,TOP,1.0,kf_price_filt_vel,1.1576,11,6,64.73,-1.9,6,56.02000045776367
MCD,LL,BOTTOM,1.0,wave_slope,0.7697,11,12,187.74,-0.4,12,51.54999923706055
MCD,HL,BOTTOM,1.0,kf_price_filt_vel,0.8364,12,7,38.67,-0.5,7,54.46001052856445
MCD,HH,TOP,1.0,d_current_slope,-0.297,12,6,67.25,1.6,6,56.84000015258789
MCD,LH,TOP,1.0,kf_price_pred_val,-0.5515,12,3,26.04,1.1,3,55.130001068115234
MCD,LL,BOTTOM,1.0,kf_price_filt_vel,-0.4788,12,10,67.91,-0.5,10,51.75999069213867
MCD,HL,BOTTOM,1.0,kf_price_pred_val,-0.1576,12,6,144.47,-0.1,6,56.619998931884766
MCD,HH,TOP,1.0,kf_price_pred_val,0.2424,10,4,21.62,0.4,4,57.869998931884766
MCD,HH,TOP,1.0,current_slope,0.2727,10,3,15.91,-0.6,3,57.929988861083984
MCD,LL,BOTTOM,1.0,current_slope,-0.2727,5,2,10.06,-0.5,2,55.439998626708984
MCD,LL,BOTTOM,1.0,current_slope,-0.2303,5,6,58.74,-0.5,6,52.90999984741211
MCD,HL,BOTTOM,1.0,kf_price_pred_val,0.0667,6,4,22.64,-0.0,4,55.14999008178711
MCD,HH,TOP,2.0,d_current_slope,-0.2848,5,1,5.1,-0.2,1,63.75
MCD,LL,BOTTOM,1.0,vwap_spread_current_wave,0.9091,13,5,24.32,-0.1,5,53.14999008178711
MCD,LL,BOTTOM,1.0,vwap_spread_current_wave,0.6121,13,10,55.56,0.7,10,50.86000061035156
MCD,HL,BOTTOM,1.0,vwap_sigma_tide,0.6848,13,4,23.25,0.2,4,52.119998931884766
MCD,LH,TOP,3.0,d_current_slope,-0.0848,3,0,0.0,0.4,0,55.560001373291016
MCD,HH,TOP,4.0,d_current_slope,-0.1879,3,0,0.0,0.7,0,56.66999816894531
MCD,HL,BOTTOM,1.0,fear_level,-0.0303,3,2,10.86,-0.2,2,53.28998947143555
MCD,LL,BOTTOM,1.0,fear_level,-0.1091,3,2,10.16,0.2,2,52.39999008178711
MCD,HH,TOP,1.0,conj_wave_tide,0.3333,5,4,24.87,-0.9,4,60.380001068115234
MCD,HH,TOP,1.0,conj_wave_tide,0.297,5,4,19.59,-0.2,4,60.99000930786133
MCD,LH,TOP,1.0,conj_wave_tide,0.2788,5,2,9.33,0.2,2,60.24000930786133
MCD,HL,BOTTOM,,,0.0,0,0,0.0,-0.3,0,54.22999954223633
MCD,HL,BOTTOM,,,0.0,0,0,0.0,-0.6,0,54.97999954223633
MCD,HH,TOP,2.0,conj_wave_tide,0.1091,3,3,13.4,0.3,3,64.52999877929688
MCD,LH,TOP,1.0,d_tide_slope,0.2182,3,2,9.67,0.2,2,63.570011138916016
MCD,HL,BOTTOM,4.0,vwap_sigma_wave,-0.3818,3,0,0.0,0.6,0,60.61000061035156
MCD,LL,BOTTOM,5.0,vwap_sigma_wave,-0.4364,3,0,0.0,0.6,0,60.60000991821289
MCD,HL,BOTTOM,6.0,vwap_sigma_wave,-0.4545,3,0,0.0,0.4,0,61.04999923706055
MCD,HH,TOP,2.0,kf_rsi_pred_val,0.1394,2,0,0.0,0.0,0,70.33999633789062
MCD,HH,TOP,3.0,kf_rsi_pred_val,0.0788,2,0,0.0,0.0,0,71.5199966430664
MCD,LH,TOP,4.0,kf_rsi_pred_val,0.0182,2,0,0.0,0.2,0,70.58999633789062
MCD,HL,BOTTOM,3.0,kf_price_pred_val,0.0303,1,0,0.0,0.0,0,67.83999633789062
MCD,LL,BOTTOM,4.0,kf_price_pred_val,0.0182,1,0,0.0,0.0,0,66.0099868774414
MCD,HL,BOTTOM,5.0,kf_price_pred_val,0.0061,1,0,0.0,0.0,0,67.19999694824219
MCD,LH,TOP,4.0,vwap_sigma_wave,0.0182,1,0,0.0,0.0,0,69.30000305175781
MCD,HH,TOP,5.0,vwap_sigma_wave,0.0061,1,0,0.0,0.0,0,70.39998626708984
MCD,LH,TOP,6.0,vwap_sigma_wave,-0.0061,1,0,0.0,0.0,0,70.28999328613281
MCD,LL,BOTTOM,3.0,vwap_sigma_wave,0.0303,1,0,0.0,-0.3,0,66.46000671386719
MCD,LL,BOTTOM,4.0,vwap_sigma_wave,0.0182,1,2,8.94,0.5,2,65.87000274658203
MCD,HL,BOTTOM,1.0,sigma_tide,0.1152,2,0,0.0,-0.0,0,66.71000671386719
MCD,HH,TOP,,,0.0,0,0,0.0,0.0,0,79.58000183105469
MCD,HH,TOP,,,0.0,0,0,0.0,0.0,0,80.33999633789062
MCD,LH,TOP,,,0.0,0,0,0.0,0.0,0,78.7400131225586
MCD,HL,BOTTOM,1.0,sigma_tide,0.3515,6,2,9.09,-0.6,2,73.60001373291016
MCD,LL,BOTTOM,1.0,sigma_tide,0.2424,6,3,16.88,0.0,3,72.66999816894531
MCD,HL,BOTTOM,1.0,rsi_value,0.1636,6,0,0.0,0.0,0,74.05999755859375
MCD,HH,TOP,,,0.0,0,0,0.0,-0.6,0,86.53999328613281
MCD,HH,TOP,,,0.0,0,3,13.27,0.0,3,88.55999755859375
MCD,HL,BOTTOM,,,0.0,0,1,5.07,-0.6,1,82.11000061035156
MCD,HL,BOTTOM,1.0,kf_price_pred_val,0.0545,1,3,27.25,0.0,3,85.96000671386719
MCD,HH,TOP,,,0.0,0,0,0.0,0.0,0,90.78999328613281
MCD,LH,TOP,,,0.0,0,0,0.0,0.0,0,90.77999877929688
MCD,HL,BOTTOM,,,0.0,0,0,0.0,-0.6,0,88.61000061035156
MCD,LL,BOTTOM,,,0.0,0,3,23.28,0.0,3,85.02999877929688
MCD,HH,TOP,,,0.0,0,0,0.0,0.0,0,101.2599868774414
MCD,HH,TOP,,,0.0,0,0,0.0,0.0,0,101.7400131225586
MCD,HL,BOTTOM,1.0,rsi_value,0.2061,7,6,36.28,-0.7,6,86.32000732421875
MCD,HL,BOTTOM,1.0,kf_rsi_pred_val,0.6303,7,6,29.17,-0.2,6,87.08000183105469
MCD,LH,TOP,,,0.0,0,0,0.0,-0.0,0,92.22000122070312
MCD,HH,TOP,,,0.0,0,0,0.0,-0.3,0,92.7599868774414
MCD,LH,TOP,,,0.0,0,0,0.0,-0.6,0,91.58000183105469
MCD,HL,BOTTOM,,,0.0,0,0,0.0,0.0,0,87.52999877929688
MCD,LL,BOTTOM,,,0.0,0,0,0.0,0.0,0,87.14998626708984
MCD,HL,BOTTOM,,,0.0,0,0,0.0,0.0,0,88.19999694824219
MCD,HH,TOP,4.0,fear_level,-0.1273,1,0,0.0,0.7,0,93.5
MCD,HH,TOP,5.0,fear_level,-0.1455,1,0,0.0,0.6,0,94.08999633789062
MCD,LH,TOP,6.0,fear_level,-0.1515,1,0,0.0,0.9,0,93.6803970336914
MCD,LL,BOTTOM,1.0,fear_level,-0.1152,7,4,21.32,-0.8,4,84.62000274658203
MCD,LL,BOTTOM,1.0,fear_level,0.1455,5,4,22.89,-0.8,4,84.05000305175781
MCD,HL,BOTTOM,1.0,fear_level,0.3091,4,4,22.32,-0.7,4,84.11979675292969
MCD,HH,TOP,5.0,tide_accel,0.0121,2,0,0.0,-0.2,0,101.9900131225586
MCD,HH,TOP,6.0,tide_accel,-0.0121,2,3,13.98,-0.4,3,103.58999633789062
MCD,HL,BOTTOM,2.0,vwap_sigma_current,0.103,2,0,0.0,-0.3,0,98.37000274658203
MCD,LL,BOTTOM,3.0,vwap_sigma_current,0.0667,2,1,5.1,-0.2,1,96.41999816894531
MCD,HL,BOTTOM,1.0,vwap_sigma_current,0.0848,2,1,4.02,0.0,1,96.67999267578125
MCD,LH,TOP,,,0.0,0,0,0.0,0.0,0,100.78999328613281
MCD,HH,TOP,,,0.0,0,0,0.0,0.0,0,101.58000183105469
MCD,LL,BOTTOM,,,0.0,0,0,0.0,-0.6,0,93.94000244140625
MCD,LL,BOTTOM,,,0.0,0,3,12.3,0.0,3,93.2699966430664
MCD,HL,BOTTOM,1.0,rsi_value,0.1636,3,0,0.0,0.0,0,94.44000244140625
MCD,LH,TOP,,,0.0,0,0,0.0,0.0,0,98.91999816894531
MCD,LH,TOP,,,0.0,0,0,0.0,0.0,0,98.19999694824219
MCD,LL,BOTTOM,1.0,fear_level,0.1818,2,2,11.92,-0.6,2,93.0199966430664
MCD,HL,BOTTOM,1.0,vwap_sigma_tide,0.1212,2,2,11.73,-0.6,2,93.08999633789062
MCD,HH,TOP,1.0,sigma_tide,-0.0182,1,1,4.4,-0.5,1,102.86000061035156
MCD,HH,TOP,1.0,sigma_tide,-0.0,1,2,9.54,-0.2,2,103.52999877929688
MCD,LH,TOP,1.0,sigma_tide,0.1273,2,1,4.05,0.0,1,103.02999877929688
MCD,LL,BOTTOM,1.0,vwap_sigma_tide,0.1697,2,1,4.92,-0.6,1,92.5
MCD,LL,BOTTOM,1.0,vwap_sigma_tide,0.1515,2,3,18.84,0.0,3,91.08999633789062
MCD,HL,BOTTOM,1.0,vwap_sigma_tide,0.2303,3,0,0.0,0.0,0,93.0
MCD,LH,TOP,,,0.0,0,0,0.0,0.0,0,96.22000122070312
MCD,LH,TOP,,,0.0,0,0,0.0,0.2,0,94.80999755859375
MCD,LL,BOTTOM,1.0,vwap_sigma_tide,0.2788,3,2,12.27,-0.2,2,90.44000244140625
MCD,LL,BOTTOM,1.0,vwap_sigma_tide,0.2909,3,2,13.22,0.4,2,89.91000366210938
MCD,HL,BOTTOM,1.0,vwap_sigma_tide,0.2788,3,1,5.64,0.2,1,91.04000091552734
MCD,HH,TOP,,,0.0,0,0,0.0,0.2,0,97.16999816894531
MCD,LH,TOP,,,0.0,0,0,0.0,0.1,0,97.0
MCD,LL,BOTTOM,1.0,vwap_sigma_tide,0.4,4,6,32.08,-1.5,6,88.45999908447266
MCD,HL,BOTTOM,1.0,vwap_sigma_tide,0.5333,6,6,32.46,-0.7,6,88.72000122070312
MCD,LH,TOP,1.0,kf_conjugation_pred_val,-0.5455,6,0,0.0,0.4,0,95.04000091552734
MCD,LH,TOP,2.0,kf_conjugation_pred_val,-0.6364,6,0,0.0,0.3,0,94.25
MCD,HL,BOTTOM,1.0,fear_level,0.0606,2,2,10.69,-1.0,2,89.56999969482422
MCD,LL,BOTTOM,1.0,fear_level,0.0909,2,2,11.48,-1.2,2,88.77999877929688
MCD,HL,BOTTOM,1.0,fear_level,0.1091,2,6,52.12,0.0,6,93.2699966430664
MCD,HH,TOP,1.0,sigma_tide,0.2606,3,3,13.62,-0.6,3,99.73999786376953
MCD,HH,TOP,1.0,kf_conjugation_pred_val,0.3152,3,4,18.27,0.4,4,100.25
MCD,LH,TOP,1.0,conj_wave_tide,0.3879,4,0,0.0,-0.0,0,99.11000061035156
MCD,HL,BOTTOM,,,0.0,0,0,0.0,-0.3,0,96.18000030517578
MCD,LL,BOTTOM,,,0.0,0,0,0.0,-0.6,0,94.87000274658203
MCD,HL,BOTTOM,,,0.0,0,3,15.23,0.0,3,97.83999633789062
MCD,LH,TOP,,,0.0,0,0,0.0,0.0,0,98.0199966430664
MCD,HH,TOP,,,0.0,0,0,0.0,0.0,0,100.68000030517578
MCD,LH,TOP,,,0.0,0,0,0.0,0.0,0,100.11000061035156
MCD,LL,BOTTOM,,,0.0,0,1,4.27,0.0,1,94.30000305175781
MCD,HL,BOTTOM,1.0,vwap_sigma_current,0.0545,1,0,0.0,0.0,0,94.62999725341797
MCD,HH,TOP,,,0.0,0,0,0.0,2.0,0,100.76000213623047
MCD,HH,TOP,,,0.0,0,0,0.0,1.6,0,101.0999984741211
MCD,LH,TOP,,,0.0,0,0,0.0,0.6,0,99.76000213623047
MCD,LL,BOTTOM,1.0,kf_price_pred_val,0.1636,3,6,54.92,-1.8,6,92.87000274658203
MCD,LL,BOTTOM,1.0,kf_price_pred_val,0.4545,6,7,42.39,-1.8,7,91.20999908447266
MCD,HL,BOTTOM,1.0,kf_price_pred_val,0.7273,7,6,60.69,-1.4,6,95.1500015258789
MCD,HH,TOP,,,0.0,0,0,0.0,0.2,0,124.61000061035156
MCD,LH,TOP,,,0.0,0,0,0.0,-0.2,0,123.94999694824219
MCD,HL,BOTTOM,1.0,kf_price_filt_vel,0.1091,2,0,0.0,0.1,0,120.66000366210938
MCD,LL,BOTTOM,2.0,kf_price_filt_vel,0.0848,2,4,37.12,0.6,4,115.4000015258789
MCD,HH,TOP,,,0.0,0,0,0.0,0.0,0,130.8300018310547
MCD,HH,TOP,,,0.0,0,0,0.0,0.0,0,131.60000610351562
MCD,LH,TOP,,,0.0,0,0,0.0,0.0,0,129.13999938964844
MCD,HL,BOTTOM,,,0.0,0,5,27.04,-0.2,5,116.30000305175781
MCD,HL,BOTTOM,1.0,sigma_tide,0.2727,5,1,4.09,0.0,1,118.5
MCD,LH,TOP,,,0.0,0,0,0.0,0.3,0,127.18000030517578
MCD,HH,TOP,,,0.0,0,0,0.0,0.5,0,128.25999450683594
MCD,LL,BOTTOM,1.0,vwap_sigma_tide,0.2485,3,2,9.68,-0.5,2,111.26000213623047
MCD,LL,BOTTOM,1.0,vwap_sigma_tide,0.297,3,2,10.77,-0.3,2,110.56999969482422
MCD,HL,BOTTOM,1.0,vwap_sigma_tide,0.3212,3,3,19.15,0.3,3,113.93000030517578
MCD,HH,TOP,1.0,vwap_spread_tide_current,0.0,3,4,20.54,-0.8,4,161.52999877929688
MCD,LH,TOP,1.0,vwap_spread_tide_current,0.0545,4,6,29.15,-0.0,6,156.3300018310547
MCD,HL,BOTTOM,1.0,tide_slope,-0.2788,6,2,9.87,-0.6,2,156.25999450683594
MCD,LL,BOTTOM,1.0,tide_slope,-0.2182,6,5,22.59,-0.2,5,153.35000610351562
MCD,HL,BOTTOM,1.0,tide_slope,0.1636,5,2,9.48,-0.6,2,154.0500030517578
MCD,HH,TOP,,,0.0,0,0,0.0,-0.0,0,175.66000366210938
MCD,HH,TOP,,,0.0,0,0,0.0,-0.3,0,178.36000061035156
MCD,HL,BOTTOM,1.0,sigma_tide,0.1091,6,3,17.69,-0.2,3,155.6999969482422
MCD,LL,BOTTOM,1.0,sigma_tide,0.0485,6,11,91.97,0.2,11,148.27000427246094
MCD,LH,TOP,,,0.0,0,0,0.0,-0.6,0,162.3800048828125
MCD,HH,TOP,,,0.0,0,3,37.96,-0.2,3,169.47999572753906
MCD,LH,TOP,1.0,kf_price_pred_val,0.1636,3,0,0.0,-0.4,0,168.91000366210938
MCD,HL,BOTTOM,,,0.0,0,0,0.0,0.2,0,156.9199981689453
MCD,LL,BOTTOM,,,0.0,0,0,0.0,0.1,0,155.41000366210938
MCD,HL,BOTTOM,,,0.0,0,0,0.0,-0.0,0,156.2100067138672
MCD,HH,TOP,1.0,d_tide_slope,-0.2606,4,2,10.43,-0.6,2,187.85000610351562
MCD,HH,TOP,1.0,d_tide_slope,-0.1576,4,2,11.92,-0.6,2,189.25999450683594
MCD,LH,TOP,1.0,d_tide_slope,-0.0424,4,2,11.4,-0.4,2,188.50999450683594
MCD,HL,BOTTOM,2.0,kf_price_pred_val,0.0121,2,4,19.94,-1.3,4,170.27999877929688
MCD,LH,TOP,7.0,d_tide_slope,-0.097,2,0,0.0,0.0,0,186.08999633789062
MCD,HH,TOP,8.0,d_tide_slope,-0.1455,2,0,0.0,0.0,0,187.3699951171875
MCD,LH,TOP,9.0,d_tide_slope,-0.1939,2,0,0.0,0.0,0,184.0
MCD,HL,BOTTOM,,,0.0,0,0,0.0,0.1,0,174.25999450683594
MCD,LL,BOTTOM,,,0.0,0,0,0.0,-0.0,0,173.97000122070312
MCD,HL,BOTTOM,,,0.0,0,0,0.0,-0.1,0,174.14999389648438
MCD,HH,TOP,,,0.0,0,0,0.0,0.0,0,218.00999450683594
MCD,HH,TOP,,,0.0,0,0,0.0,0.0,0,221.14999389648438
MCD,HL,BOTTOM,1.0,sigma_tide,0.1758,7,5,29.62,-0.0,5,188.66000366210938
MCD,HL,BOTTOM,1.0,sigma_tide,-0.0727,7,2,9.93,-0.3,2,192.17999267578125
MCD,LH,TOP,,,0.0,0,0,0.0,0.0,0,215.72999572753906
MCD,HH,TOP,,,0.0,0,0,0.0,0.0,0,217.4600067138672
MCD,LH,TOP,,,0.0,0,0,0.0,0.0,0,217.4199981689453
MCD,HL,BOTTOM,,,0.0,0,6,41.2,-1.6,6,201.0
MCD,LL,BOTTOM,1.0,kf_price_pred_val,0.3273,6,10,70.44,-1.3,10,194.1699981689453
MCD,LH,TOP,1.0,kf_price_filt_vel,0.9333,10,3,24.22,0.3,3,199.50999450683594
MCD,HH,TOP,1.0,wave_slope,0.8303,10,6,51.77,1.1,6,207.02000427246094
MCD,LH,TOP,1.0,kf_price_filt_vel,0.8545,10,2,10.11,2.5,2,198.32000732421875
MCD,LL,BOTTOM,2.0,wave_slope,0.1879,10,11,103.51,3.5,11,186.86000061035156
MCD,HL,BOTTOM,1.0,kf_price_pred_val,0.3879,11,3,49.1,2.0,3,199.86000061035156
MCD,LH,TOP,1.0,kf_price_filt_vel,0.0182,11,6,34.33,0.2,6,188.25
MCD,LL,BOTTOM,1.0,kf_price_pred_val,1.5152,17,15,432.5,0.4,15,147.6199951171875
MCD,LL,BOTTOM,1.0,wave_slope,1.6121,17,15,572.65,0.1,15,137.3000030517578
MCD,HL,BOTTOM,1.0,wave_slope,1.7636,17,15,707.0,-1.0,15,149.5
MCD,LH,TOP,1.0,wave_slope,1.5394,17,15,497.74,-1.1,15,148.49000549316406
MCD,LL,BOTTOM,1.0,wave_slope,1.0242,17,17,534.61,-0.9,17,137.10000610351562
MCD,HL,BOTTOM,1.0,wave_slope,1.1697,17,16,680.26,-0.1,16,161.9499969482422
MCD,HH,TOP,1.0,kf_conjugation_pred_val,-0.303,17,12,210.62,-1.7,12,168.1300048828125
MCD,LH,TOP,1.0,kf_conjugation_pred_val,-0.3333,17,14,235.82,-2.2,14,165.35000610351562
MCD,LL,BOTTOM,1.0,kf_conjugation_pred_val,-0.3273,17,15,227.75,-1.8,15,158.1699981689453
MCD,HL,BOTTOM,1.0,kf_price_filt_vel,-0.2545,17,12,124.4,-0.5,12,161.5
MCD,HH,TOP,1.0,current_slope,-0.497,10,5,38.82,-0.0,5,185.92999267578125
MCD,HH,TOP,1.0,current_slope,-0.5091,10,5,41.57,0.3,5,187.82000732421875
MCD,LH,TOP,1.0,current_slope,-0.297,10,5,39.82,0.3,5,187.55999755859375
MCD,HL,BOTTOM,1.0,current_accel,0.1333,8,5,36.97,0.5,5,176.5399932861328
MCD,LL,BOTTOM,1.0,current_accel,0.0121,8,6,38.65,0.2,6,172.82000732421875
MCD,HL,BOTTOM,1.0,current_accel,-0.0545,8,5,38.29,-0.5,5,175.41000366210938
MCD,HH,TOP,1.0,current_accel,0.2061,9,11,66.59,-1.1,11,202.64999389648438
MCD,LH,TOP,1.0,conj_current_tide,0.3212,11,10,67.92,-1.0,10,199.52000427246094
MCD,HL,BOTTOM,1.0,fear_level,-0.8606,10,2,11.05,-0.9,2,182.75999450683594
MCD,LL,BOTTOM,1.0,fear_level,-0.5939,6,4,30.92,-0.6,4,179.74000549316406
MCD,HH,TOP,7.0,d_tide_slope,-0.3455,3,0,0.0,0.0,0,227.6199951171875
MCD,HH,TOP,8.0,d_tide_slope,-0.2545,2,0,0.0,0.0,0,229.63999938964844
MCD,LH,TOP,9.0,d_tide_slope,-0.1939,2,0,0.0,0.0,0,229.3699951171875
MCD,HL,BOTTOM,1.0,d_tide_slope,0.2848,3,2,18.27,-0.6,2,205.82000732421875
MCD,LL,BOTTOM,1.0,tide_accel,0.3091,3,3,24.33,-0.6,3,204.83999633789062
MCD,HL,BOTTOM,1.0,d_tide_slope,0.3636,3,2,28.0,-0.6,2,207.3699951171875
MCD,HH,TOP,,,0.0,0,0,0.0,1.3,0,232.41000366210938
MCD,HH,TOP,,,0.0,0,0,0.0,0.5,0,235.2100067138672
MCD,LH,TOP,,,0.0,0,4,162.79,-0.1,4,210.72592163085938
MCD,HL,BOTTOM,1.0,wave_slope,0.5515,6,3,21.94,-1.2,3,208.7443389892578
MCD,LL,BOTTOM,1.0,wave_slope,0.3152,6,6,27.04,0.4,6,203.46014404296875
MCD,HL,BOTTOM,1.0,rsi_value,0.2061,6,0,0.0,0.2,0,205.09356689453125
MCD,HH,TOP,1.0,current_accel,0.3818,4,3,26.65,-0.4,3,218.980224609375
MCD,HH,TOP,1.0,d_current_slope,0.4121,4,1,5.57,-0.4,1,221.1073760986328
MCD,LH,TOP,1.0,vwap_sigma_current,0.297,4,2,8.72,0.0,2,217.00567626953125
MCD,HL,BOTTOM,8.0,kf_price_filt_vel,-0.2667,3,0,0.0,0.0,0,210.63319396972656
MCD,LL,BOTTOM,9.0,kf_price_filt_vel,-0.1394,2,0,0.0,0.0,0,209.52920532226562
MCD,HL,BOTTOM,10.0,kf_price_filt_vel,-0.1091,2,0,0.0,0.0,0,211.41407775878906
MCD,HH,TOP,,,0.0,0,0,0.0,0.0,0,242.46353149414062
MCD,HH,TOP,,,0.0,0,0,0.0,0.0,0,244.73223876953125
MCD,LH,TOP,,,0.0,0,0,0.0,0.0,0,242.34552001953125
MCD,HL,BOTTOM,,,0.0,0,1,4.07,-0.7,1,226.7282257080078
MCD,LL,BOTTOM,1.0,rsi_value,0.0545,1,2,8.92,-0.6,2,225.720947265625
MCD,HL,BOTTOM,1.0,rsi_value,0.1515,2,3,15.83,0.0,3,232.3907928466797
MCD,LH,TOP,2.0,kf_price_filt_vel,0.2061,3,0,0.0,0.0,0,235.02239990234375
MCD,HH,TOP,3.0,kf_price_filt_vel,0.1333,3,0,0.0,0.0,0,238.00794982910156
MCD,LH,TOP,4.0,kf_price_filt_vel,0.0606,3,0,0.0,0.0,0,236.51968383789062
MCD,LL,BOTTOM,1.0,kf_rsi_pred_val,1.1697,14,9,66.2,-1.5,9,203.00511169433594
MCD,LL,BOTTOM,1.0,wave_slope,1.2364,14,9,71.31,-1.3,9,202.57623291015625
MCD,HL,BOTTOM,1.0,wave_slope,1.2606,14,8,54.89,-0.2,8,207.02015686035156
MCD,LH,TOP,,,0.0,0,0,0.0,0.0,0,233.0539093017578
MCD,HH,TOP,,,0.0,0,0,0.0,0.0,0,233.4645233154297
MCD,LH,TOP,,,0.0,0,0,0.0,0.4,0,232.91702270507812
MCD,HL,BOTTOM,10.0,kf_price_filt_vel,-0.1636,3,4,35.18,-1.2,4,210.8343963623047
MCD,LL,BOTTOM,1.0,kf_price_pred_val,0.2182,4,5,22.36,-1.3,5,208.9637451171875
MCD,HL,BOTTOM,1.0,wave_slope,0.4424,5,5,24.61,-0.9,5,213.4441680908203
MCD,LH,TOP,4.0,kf_price_pred_val,-0.1697,5,3,16.94,-0.9,3,230.14303588867188
MCD,LH,TOP,1.0,kf_conjugation_pred_val,-0.2485,5,3,24.13,-0.6,3,227.46937561035156
MCD,HL,BOTTOM,4.0,vwap_sigma_wave,-0.1212,3,0,0.0,0.0,0,215.8015899658203
MCD,LL,BOTTOM,5.0,vwap_sigma_wave,0.0061,2,0,0.0,0.0,0,215.05836486816406
MCD,HH,TOP,,,0.0,0,0,0.0,0.0,0,244.33782958984375
MCD,HH,TOP,,,0.0,0,0,0.0,0.0,0,244.82412719726562
MCD,LH,TOP,,,0.0,0,0,0.0,0.0,0,244.60386657714844
MCD,HL,BOTTOM,1.0,vwap_sigma_current,0.5697,6,8,49.39,-2.5,8,216.25399780273438
MCD,LL,BOTTOM,1.0,wave_slope,0.8606,8,9,62.42,-1.5,9,212.87734985351562
MCD,HH,TOP,1.0,conj_wave_tide,0.5455,9,2,10.96,-0.0,2,255.01182556152344
MCD,HH,TOP,1.0,current_accel,0.3091,9,2,14.6,-0.4,2,256.8477783203125
MCD,LH,TOP,1.0,current_accel,-0.0061,9,2,14.36,-0.6,2,256.28497314453125
MCD,HL,BOTTOM,,,0.0,0,0,0.0,-0.2,0,243.83944702148438
MCD,LL,BOTTOM,,,0.0,0,1,4.5,0.0,1,241.83547973632812
MCD,HL,BOTTOM,1.0,vwap_sigma_current,0.0545,1,0,0.0,0.0,0,243.46839904785156
MCD,HH,TOP,,,0.0,0,0,0.0,0.0,0,276.2397155761719
MCD,HH,TOP,,,0.0,0,0,0.0,0.0,0,279.9358215332031
MCD,LL,BOTTOM,1.0,vwap_spread_current_wave,0.4848,10,7,36.19,-0.7,7,236.65138244628906
MCD,LL,BOTTOM,1.0,vwap_spread_current_wave,0.3212,10,6,36.63,-0.8,6,232.1903533935547
MCD,HL,BOTTOM,1.0,vwap_sigma_tide,-0.0424,10,6,32.43,-0.6,6,234.18983459472656
MCD,LH,TOP,5.0,conj_current_tide,-0.2424,2,0,0.0,0.0,0,279.28460693359375
MCD,HH,TOP,6.0,conj_current_tide,-0.2061,2,0,0.0,0.0,0,285.13861083984375
MCD,HL,BOTTOM,1.0,kf_rsi_pred_val,0.3333,4,7,35.47,-2.0,7,241.9238739013672
MCD,LL,BOTTOM,1.0,kf_rsi_pred_val,0.6303,7,7,47.99,-2.0,7,237.94493103027344
MCD,HL,BOTTOM,1.0,wave_slope,0.8424,7,7,41.35,-1.3,7,240.52120971679688
MCD,LH,TOP,1.0,kf_price_filt_vel,0.9576,7,1,4.07,0.2,1,249.45849609375
MCD,HH,TOP,1.0,kf_price_pred_val,0.6,7,0,0.0,0.3,0,252.31082153320312
MCD,LH,TOP,2.0,kf_price_pred_val,0.1758,7,0,0.0,0.3,0,249.68898010253906
MCD,LL,BOTTOM,1.0,vwap_sigma_tide,0.1455,1,1,5.02,-0.3,1,238.02999877929688
MCD,LL,BOTTOM,1.0,vwap_sigma_tide,0.1515,1,1,5.48,-0.2,1,236.0803985595703
MCD,HL,BOTTOM,1.0,vwap_sigma_tide,0.1455,1,1,4.14,0.0,1,240.56536865234375
MCD,HH,TOP,1.0,kf_rsi_pred_val,-0.0667,3,3,14.93,-0.5,3,303.9900207519531
MCD,HH,TOP,1.0,kf_rsi_pred_val,-0.0303,3,3,15.58,-0.2,3,305.7867126464844
MCD,HL,BOTTOM,,,0.0,0,0,0.0,0.0,0,281.0096740722656
MCD,LL,BOTTOM,,,0.0,0,0,0.0,0.0,0,278.65264892578125
MCD,HL,BOTTOM,,,0.0,0,0,0.0,0.0,0,280.4010925292969
MCD,LH,TOP,,,0.0,0,0,0.0,0.0,0,292.8648376464844
MCD,LH,TOP,,,0.0,0,0,0.0,0.0,0,292.2234802246094
MCD,LL,BOTTOM,,,0.0,0,0,0.0,-0.3,0,274.3330078125
MCD,LL,BOTTOM,,,0.0,0,1,4.68,-0.2,1,271.84527587890625
MCD,HL,BOTTOM,1.0,vwap_sigma_current,0.0545,1,1,4.06,0.2,1,273.0211486816406
MCD,HH,TOP,,,0.0,0,0,0.0,-0.7,0,303.352294921875
MCD,HH,TOP,,,0.0,0,5,29.09,-0.3,5,314.025390625
MCD,HL,BOTTOM,1.0,kf_price_filt_vel,0.3152,5,3,26.94,-0.0,3,292.63031005859375
MCD,LL,BOTTOM,1.0,kf_price_pred_val,0.3818,5,0,0.0,-0.2,0,290.7732849121094
MCD,HL,BOTTOM,2.0,kf_price_pred_val,0.2485,5,0,0.0,-0.4,0,293.05059814453125
MCD,LH,TOP,,,0.0,0,0,0.0,-0.3,0,304.5348815917969
MCD,HH,TOP,,,0.0,0,0,0.0,-0.6,0,311.0736389160156
MCD,LH,TOP,,,0.0,0,3,44.06,0.0,3,293.3242492675781
MCD,HL,BOTTOM,1.0,kf_price_filt_vel,0.1636,3,0,0.0,0.2,0,293.1092834472656
MCD,LL,BOTTOM,2.0,kf_price_filt_vel,0.1273,3,0,0.0,0.1,0,293.05059814453125
MCD,HL,BOTTOM,3.0,kf_price_filt_vel,0.0909,3,0,0.0,-0.0,0,297.0872497558594
MCD,HH,TOP,,,0.0,0,0,0.0,0.0,0,313.9667663574219
MCD,LH,TOP,,,0.0,0,0,0.0,0.0,0,312.56903076171875
MCD,LL,BOTTOM,1.0,kf_rsi_pred_val,0.7273,5,2,9.95,-0.9,2,286.4953308105469
MCD,LL,BOTTOM,1.0,d_tide_slope,0.5939,5,4,20.0,-0.6,4,280.6763916015625
MCD,HL,BOTTOM,1.0,d_tide_slope,0.5455,5,3,13.8,-0.2,3,280.7550048828125
MCD,HH,TOP,,,0.0,0,0,0.0,0.0,0,312.7556457519531
MCD,HH,TOP,,,0.0,0,0,0.0,0.0,0,313.34869384765625
MCD,LH,TOP,,,0.0,0,0,0.0,0.0,0,310.7686767578125
MCD,HL,BOTTOM,4.0,vwap_sigma_wave,0.0182,1,0,0.0,0.0,0,291.0181884765625
MCD,LL,BOTTOM,5.0,vwap_sigma_wave,0.0061,1,0,0.0,0.0,0,290.43499755859375
MCD,HL,BOTTOM,6.0,vwap_sigma_wave,-0.0061,1,0,0.0,0.0,0,293.5982360839844
MCD,HH,TOP,,,0.0,0,0,0.0,0.2,0,316.91961669921875
MCD,HH,TOP,,,0.0,0,0,0.0,0.3,0,317.874267578125
MCD,LH,TOP,,,0.0,0,0,0.0,0.5,0,314.08544921875
MCD,HL,BOTTOM,4.0,vwap_wave,0.0364,2,0,0.0,0.0,0,298.1942138671875
MCD,HL,BOTTOM,5.0,vwap_wave,-0.0121,2,0,0.0,0.0,0,301.0880432128906
MCD,HH,TOP,1.0,vwap_wave,-0.0242,5,3,13.39,-0.4,3,332.6716003417969
MCD,HH,TOP,1.0,vwap_wave,-0.0727,5,5,24.55,-0.0,5,339.16534423828125
MRK,UNKNOWN,TOP,1.0,vwap_spread_current_wave,0.1091,2,2,10.45,-0.2,2,51.63338088989258
MRK,HH,TOP,1.0,vwap_spread_current_wave,0.0909,2,3,14.36,-0.0,3,51.8240852355957
MRK,LH,TOP,1.0,vwap_spread_current_wave,0.1818,3,2,10.2,-0.0,2,51.25196838378906
MRK,HL,BOTTOM,1.0,current_accel,0.1697,2,2,16.12,-0.0,2,46.09339904785156
MRK,HL,BOTTOM,1.0,current_accel,0.1818,2,2,13.13,0.2,2,46.8371467590332
MRK,LH,TOP,1.0,kf_price_filt_vel,0.0727,3,0,0.0,-0.2,0,49.316314697265625
MRK,HH,TOP,2.0,kf_price_filt_vel,-0.0,3,1,4.43,0.1,1,50.899166107177734
MRK,LH,TOP,1.0,kf_price_pred_val,-0.0182,3,0,0.0,-0.4,0,49.55469512939453
MRK,HL,BOTTOM,1.0,kf_price_filt_vel,0.2121,3,0,0.0,-0.2,0,47.790672302246094
MRK,LL,BOTTOM,2.0,kf_price_filt_vel,0.1273,3,0,0.0,-0.4,0,47.3425178527832
MRK,HL,BOTTOM,3.0,kf_price_filt_vel,0.0424,3,2,8.69,0.0,2,48.64884567260742
MRK,LH,TOP,4.0,kf_price_filt_vel,-0.0606,3,0,0.0,0.0,0,49.23049545288086
MRK,HH,TOP,5.0,kf_price_filt_vel,-0.1333,3,0,0.0,0.0,0,49.926570892333984
MRK,LH,TOP,6.0,kf_price_filt_vel,-0.1394,3,0,0.0,0.0,0,49.0493278503418
MRK,LL,BOTTOM,,,0.0,0,0,0.0,0.0,0,47.790672302246094
MRK,LL,BOTTOM,,,0.0,0,0,0.0,0.0,0,46.92296600341797
MRK,HL,BOTTOM,,,0.0,0,0,0.0,0.0,0,47.59996795654297
MRK,HH,TOP,1.0,kf_rsi_pred_val,0.2788,4,2,9.57,-0.4,2,55.170955657958984
MRK,HH,TOP,1.0,kf_rsi_pred_val,0.2667,4,2,10.16,0.0,2,55.5523681640625
MRK,LH,TOP,1.0,rsi_value,0.2303,4,0,0.0,0.0,0,54.69419479370117
MRK,HL,BOTTOM,4.0,rsi_value,-0.2788,4,0,0.0,-0.0,0,53.38786315917969
MRK,LL,BOTTOM,5.0,rsi_value,-0.1818,2,0,0.0,-0.2,0,51.681053161621094
MRK,HL,BOTTOM,6.0,rsi_value,-0.303,2,0,0.0,-0.4,0,52.22456359863281
MRK,HH,TOP,,,0.0,0,0,0.0,0.0,0,57.94571304321289
MRK,LH,TOP,,,0.0,0,0,0.0,0.0,0,57.59291076660156
MRK,HL,BOTTOM,,,0.0,0,0,0.0,-0.2,0,54.65605163574219
MRK,LL,BOTTOM,,,0.0,0,1,4.72,-0.3,1,54.2078971862793
MRK,HH,TOP,2.0,kf_price_pred_val,0.1455,3,0,0.0,0.8,0,57.6596565246582
MRK,HH,TOP,3.0,kf_price_pred_val,0.097,3,0,0.0,0.9,0,57.735939025878906
MRK,LL,BOTTOM,1.0,kf_conjugation_pred_val,0.3273,10,10,106.64,-1.5,10,43.57609176635742
MRK,LL,BOTTOM,1.0,conj_wave_tide,0.2242,10,13,134.82,-1.7,13,42.46046829223633
MRK,LH,TOP,1.0,conj_wave_tide,0.3455,13,13,121.3,0.2,13,44.36751937866211
MRK,HH,TOP,1.0,conj_wave_tide,0.3394,13,7,91.14,0.2,7,45.35918426513672
MRK,LH,TOP,1.0,conj_wave_tide,0.0788,13,8,92.58,0.4,8,44.72032165527344
MRK,LL,BOTTOM,1.0,conj_current_tide,0.3394,10,5,58.95,-0.4,5,39.98130416870117
MRK,LL,BOTTOM,1.0,conj_current_tide,0.1455,10,7,68.19,-0.3,7,39.06591796875
MRK,LH,TOP,1.0,conj_current_tide,-0.1273,8,5,42.71,1.7,5,42.62256622314453
MRK,HH,TOP,1.0,conj_current_tide,-0.0788,8,3,32.42,0.9,3,42.698848724365234
MRK,LH,TOP,1.0,conj_current_tide,-0.2485,8,3,30.9,-0.8,3,42.44139862060547
MRK,LL,BOTTOM,1.0,kf_price_pred_val,0.0,10,8,67.47,-0.8,8,36.53907775878906
MRK,LL,BOTTOM,1.0,kf_price_pred_val,0.1152,10,9,71.19,-0.7,9,35.37577819824219
MRK,HL,BOTTOM,1.0,current_slope,0.4485,10,8,84.58,-0.5,8,36.57721710205078
MRK,LH,TOP,1.0,vwap_spread_current_wave,0.2727,10,5,45.24,-0.7,5,39.03731155395508
MRK,HH,TOP,1.0,d_current_slope,0.0909,10,5,46.48,-0.9,5,39.77152633666992
MRK,LH,TOP,1.0,current_accel,-0.2242,10,5,37.35,-1.0,5,39.22801971435547
MRK,HL,BOTTOM,1.0,vwap_spread_current_wave,-0.6182,8,1,4.1,0.1,1,37.7881965637207
MRK,LL,BOTTOM,1.0,vwap_spread_current_wave,-0.5394,5,0,0.0,0.3,0,36.72024917602539
MRK,HL,BOTTOM,2.0,vwap_spread_current_wave,-0.6303,5,3,12.66,-0.2,3,36.82513427734375
MRK,HH,TOP,1.0,kf_price_pred_val,-0.1697,5,1,4.04,-1.0,1,39.514076232910156
MRK,LH,TOP,1.0,vwap_spread_tide_wave,-0.0727,4,6,120.59,-0.0,6,35.413917541503906
MRK,LL,BOTTOM,1.0,kf_price_filt_vel,0.2788,6,1,4.22,-0.0,1,36.272090911865234
MRK,HH,TOP,1.0,vwap_spread_tide_current,0.1455,2,2,8.29,0.2,2,38.160072326660156
MRK,LH,TOP,1.0,vwap_spread_tide_current,0.1273,2,2,8.33,0.3,2,37.89308547973633
MRK,LL,BOTTOM,1.0,d_tide_slope,0.297,6,6,29.88,-0.3,6,33.382911682128906
MRK,LL,BOTTOM,1.0,d_tide_slope,0.2364,6,6,31.26,-0.5,6,33.0682487487793
MRK,HL,BOTTOM,1.0,d_tide_slope,0.2606,6,6,30.15,-0.6,6,33.2398796081543
MRK,LH,TOP,1.0,vwap_spread_tide_current,-0.4182,6,2,9.7,-0.2,2,36.272090911865234
MRK,HH,TOP,1.0,vwap_spread_tide_current,-0.3333,5,2,9.63,-0.6,2,36.66303634643555
MRK,HL,BOTTOM,1.0,vwap_spread_tide_current,-0.0424,5,6,45.44,-1.3,6,33.68803787231445
MRK,LL,BOTTOM,1.0,kf_price_filt_vel,0.2667,6,11,208.16,-1.1,11,29.873937606811523
MRK,HL,BOTTOM,1.0,kf_price_pred_val,0.6364,11,8,42.38,-1.0,8,30.293489456176758
MRK,LH,TOP,1.0,tide_slope,0.1333,5,5,32.13,-0.6,5,34.0694465637207
MRK,HH,TOP,1.0,tide_slope,0.1939,5,5,30.84,-0.7,5,34.708309173583984
MRK,LH,TOP,1.0,tide_slope,0.2303,5,5,28.77,-0.0,5,34.012237548828125
MRK,LL,BOTTOM,1.0,tide_slope,-0.0121,6,3,19.41,0.8,3,29.988361358642578
MRK,LL,BOTTOM,1.0,tide_slope,0.0909,5,3,19.75,0.3,3,29.320894241333008
MRK,HL,BOTTOM,1.0,tide_slope,0.0303,5,3,20.0,-0.3,3,30.00743293762207
MRK,LH,TOP,1.0,tide_slope,-0.0303,5,6,35.74,-0.1,6,30.865604400634766
MRK,LH,TOP,1.0,tide_slope,0.0727,6,3,20.4,-0.6,3,30.627222061157227
MRK,LL,BOTTOM,1.0,tide_slope,-0.0242,6,7,60.11,0.6,7,28.929948806762695
MRK,HL,BOTTOM,1.0,kf_price_filt_vel,0.1636,7,4,25.71,1.1,4,30.09324836730957
MRK,LH,TOP,1.0,tide_slope,0.0848,7,4,25.7,0.8,4,30.598617553710938
MRK,LH,TOP,1.0,tide_slope,0.1273,7,4,26.08,1.7,4,29.65462875366211
MRK,LL,BOTTOM,1.0,kf_price_pred_val,0.2909,8,6,35.71,-0.8,6,27.19453239440918
MRK,LL,BOTTOM,1.0,tide_slope,0.2121,8,13,107.67,-0.0,13,24.99188995361328
MRK,HL,BOTTOM,1.0,kf_price_pred_val,0.6788,13,7,45.67,0.1,7,25.010961532592773
MRK,LH,TOP,1.0,tide_slope,0.5333,13,7,250.16,0.3,7,28.052705764770508
MRK,LH,TOP,1.0,kf_price_filt_vel,0.6061,13,7,57.42,-0.3,7,27.776182174682617
MRK,HL,BOTTOM,1.0,kf_price_pred_val,0.4788,13,9,126.65,0.6,9,25.325624465942383
MRK,HL,BOTTOM,1.0,kf_price_filt_vel,0.4242,13,6,49.35,-0.5,6,26.87986946105957
MRK,HH,TOP,1.0,tide_slope,-0.0485,13,9,115.73,0.7,9,29.559274673461914
MRK,LH,TOP,1.0,kf_price_pred_val,-0.0364,13,6,38.34,-0.0,6,28.577144622802734
MRK,LL,BOTTOM,1.0,tide_slope,0.1697,11,9,62.7,-0.1,9,25.57354164123535
MRK,HL,BOTTOM,1.0,tide_slope,0.1818,11,8,160.33,-0.1,8,28.310157775878906
MRK,LH,TOP,1.0,tide_slope,-0.1879,11,7,53.7,-0.1,7,28.577144622802734
MRK,HH,TOP,1.0,tide_slope,-0.1394,11,5,37.49,-0.9,5,29.6832332611084
MRK,LH,TOP,1.0,tide_slope,-0.3758,11,8,106.73,-0.8,8,27.385238647460938
MRK,LL,BOTTOM,1.0,tide_slope,-0.0545,8,5,37.49,-0.0,5,26.26961326599121
MRK,LL,BOTTOM,1.0,tide_slope,-0.0606,8,5,37.84,-0.8,5,25.478187561035156
MRK,HL,BOTTOM,1.0,tide_slope,-0.2303,8,8,89.26,0.6,8,27.20406723022461
MRK,LH,TOP,1.0,kf_price_filt_vel,-0.0364,8,5,37.26,0.5,5,26.059837341308594
MRK,LL,BOTTOM,1.0,tide_slope,-0.1697,8,4,31.81,-0.6,4,24.133718490600586
MRK,LL,BOTTOM,1.0,tide_slope,-0.1939,8,10,87.21,-0.6,10,22.465049743652344
MRK,HL,BOTTOM,1.0,kf_price_pred_val,0.1576,10,8,54.65,-0.2,8,23.266010284423828
MRK,LH,TOP,1.0,tide_slope,0.1939,10,6,41.42,-0.3,6,25.478187561035156
MRK,HL,BOTTOM,1.0,tide_slope,0.1818,10,9,104.16,-0.2,9,23.69509506225586
MRK,HL,BOTTOM,1.0,kf_price_filt_vel,0.1576,10,9,56.63,-0.1,9,25.440046310424805
MRK,LH,TOP,1.0,tide_slope,0.2848,10,6,41.46,-0.8,6,25.23027229309082
MRK,LL,BOTTOM,1.0,tide_slope,0.0364,10,8,73.85,-0.8,8,23.838125228881836
MRK,HL,BOTTOM,1.0,kf_price_filt_vel,-0.1818,10,8,52.64,-0.5,8,25.25887680053711
MRK,HH,TOP,1.0,kf_conjugation_pred_val,0.9333,13,10,67.59,-0.6,10,29.559274673461914
MRK,HL,BOTTOM,1.0,tide_slope,-0.6242,8,2,12.54,-0.1,2,26.288684844970703
MRK,LL,BOTTOM,1.0,tide_slope,-0.5515,6,2,12.45,0.2,2,26.17426109313965
MRK,HL,BOTTOM,1.0,tide_slope,-0.5394,6,3,16.66,0.4,3,26.889404296875
MRK,LH,TOP,1.0,tide_slope,0.3879,8,5,25.49,-0.1,5,28.70110321044922
MRK,HH,TOP,1.0,conj_current_tide,0.3818,8,3,17.5,-0.5,3,29.339963912963867
MRK,LL,BOTTOM,1.0,current_accel,0.9333,11,14,144.82,-0.3,14,20.014490127563477
MRK,HL,BOTTOM,1.0,d_current_slope,1.0485,14,11,123.52,-0.2,11,21.168254852294922
MRK,LH,TOP,1.0,wave_slope,-0.697,14,6,29.17,0.3,6,26.679628372192383
MRK,LH,TOP,1.0,kf_price_pred_val,-0.5394,11,2,9.65,0.1,2,26.46031951904297
MRK,HL,BOTTOM,1.0,tide_slope,-0.5697,5,5,56.02,0.1,5,22.44597816467285
MRK,LL,BOTTOM,1.0,kf_price_pred_val,-0.3515,5,2,14.48,0.1,2,21.902469635009766
MRK,HL,BOTTOM,1.0,kf_price_pred_val,-0.297,5,1,4.45,-0.2,1,22.150386810302734
MRK,LH,TOP,1.0,kf_conjugation_pred_val,0.0606,3,3,19.13,-0.2,3,26.25054359436035
MRK,HH,TOP,1.0,kf_conjugation_pred_val,0.1394,3,3,18.92,-1.0,3,26.412641525268555
MRK,LH,TOP,1.0,kf_conjugation_pred_val,0.2727,3,3,18.47,-1.5,3,26.307754516601562
MRK,HL,BOTTOM,2.0,kf_price_filt_vel,-0.4121,5,3,14.83,-0.2,3,23.799983978271484
MRK,LL,BOTTOM,1.0,kf_price_filt_vel,-0.3152,5,1,5.07,-0.3,1,23.29461669921875
MRK,HL,BOTTOM,1.0,kf_price_pred_val,-0.3273,5,0,0.0,-0.6,0,23.61881446838379
MRK,HH,TOP,1.0,kf_price_pred_val,0.2606,5,4,17.66,-1.2,4,26.660558700561523
MRK,HH,TOP,1.0,tide_accel,0.3879,5,4,21.36,-1.0,4,26.746376037597656
MRK,LH,TOP,1.0,tide_accel,0.4121,5,4,34.0,-0.2,4,25.754709243774414
MRK,HL,BOTTOM,3.0,current_accel,-0.1152,5,0,0.0,0.1,0,25.754709243774414
MRK,LL,BOTTOM,4.0,current_accel,-0.3939,5,1,4.31,0.1,1,25.220735549926758
MRK,HH,TOP,1.0,tide_accel,0.4303,6,4,27.44,0.1,4,28.844131469726562
MRK,HH,TOP,1.0,tide_accel,0.4909,6,5,35.53,-0.3,5,29.549739837646484
MRK,HL,BOTTOM,1.0,tide_accel,-0.1091,8,2,12.76,0.3,2,28.233875274658203
MRK,LL,BOTTOM,1.0,tide_accel,-0.3152,8,2,13.5,0.2,2,27.995494842529297
MRK,HL,BOTTOM,1.0,d_tide_slope,-0.497,8,2,15.31,-0.0,2,28.70110321044922
MRK,HH,TOP,1.0,tide_accel,0.2,5,4,31.99,-0.4,4,30.989561080932617
MRK,HH,TOP,1.0,d_tide_slope,0.1939,5,7,49.78,-0.0,7,31.418649673461914
MRK,LH,TOP,1.0,tide_accel,0.3394,7,5,40.54,0.2,5,31.161197662353516
MRK,HL,BOTTOM,1.0,conj_current_tide,0.103,7,6,33.43,0.6,6,29.37810516357422
MRK,LL,BOTTOM,1.0,conj_current_tide,0.103,7,3,17.38,0.2,3,28.834596633911133
MRK,HL,BOTTOM,1.0,conj_current_tide,-0.0848,7,3,16.71,-0.3,3,29.273216247558594
MRK,HH,TOP,1.0,tide_accel,-0.0727,6,4,23.42,-0.8,4,31.36143684387207
MRK,LH,TOP,1.0,tide_accel,-0.0788,6,3,20.28,-0.6,3,31.180267333984375
MRK,HL,BOTTOM,4.0,tide_accel,-0.6485,5,0,0.0,0.0,0,29.873937606811523
MRK,LL,BOTTOM,5.0,tide_accel,-0.6182,5,0,0.0,0.0,0,29.568809509277344
MRK,HL,BOTTOM,6.0,tide_accel,-0.5273,4,0,0.0,0.4,0,29.79765510559082
MRK,HH,TOP,1.0,tide_accel,0.2545,2,2,13.87,-0.2,2,32.16239929199219
MRK,LH,TOP,1.0,tide_accel,0.2909,2,0,0.0,-0.4,0,32.152862548828125
MRK,HL,BOTTOM,8.0,kf_price_filt_vel,-0.1697,2,0,0.0,-0.3,0,29.807191848754883
MRK,LL,BOTTOM,9.0,kf_price_filt_vel,-0.0848,2,0,0.0,-0.6,0,29.244611740112305
MRK,HL,BOTTOM,10.0,kf_price_filt_vel,-0.1091,2,3,43.36,0.0,3,31.123056411743164
MRK,HH,TOP,1.0,tide_accel,0.3091,6,4,25.85,-1.0,4,38.73218536376953
MRK,HH,TOP,1.0,tide_accel,0.3333,6,5,31.64,-1.1,5,39.123130798339844
MRK,LH,TOP,1.0,tide_accel,0.3879,6,6,35.84,-0.9,6,38.217281341552734
MRK,HL,BOTTOM,1.0,vwap_spread_tide_current,0.1152,7,4,20.15,-0.6,4,34.77505874633789
MRK,LL,BOTTOM,1.0,vwap_spread_tide_current,0.0909,7,4,22.28,-0.4,4,34.51760482788086
MRK,HL,BOTTOM,1.0,current_accel,0.1091,7,4,19.48,-0.0,4,35.16600036621094
MRK,LH,TOP,6.0,vwap_spread_tide_current,-0.1515,1,0,0.0,0.0,0,36.5200080871582
MRK,HH,TOP,7.0,vwap_spread_tide_current,-0.1455,1,0,0.0,0.0,0,36.71071243286133
MRK,LH,TOP,8.0,vwap_spread_tide_current,-0.1273,1,0,0.0,0.0,0,36.24347686767578
MRK,LL,BOTTOM,3.0,sigma_tide,0.0303,1,3,15.72,-1.3,3,33.12546920776367
MRK,LL,BOTTOM,1.0,vwap_sigma_current,0.1818,3,7,40.89,-0.4,7,32.200538635253906
MRK,HL,BOTTOM,1.0,sigma_tide,0.5152,7,2,18.47,-0.3,2,33.812007904052734
MRK,LH,TOP,3.0,sigma_tide,-0.1758,7,0,0.0,0.2,0,33.630828857421875
MRK,HH,TOP,4.0,sigma_tide,-0.3576,7,0,0.0,-0.2,0,34.145729064941406
MRK,LH,TOP,5.0,sigma_tide,-0.5394,7,0,0.0,-0.7,0,33.93595504760742
MRK,LL,BOTTOM,1.0,sigma_tide,0.0242,4,4,19.08,-0.2,4,31.103984832763672
MRK,LL,BOTTOM,1.0,tide_accel,0.0727,4,4,22.47,0.3,4,30.341175079345703
MRK,HL,BOTTOM,1.0,d_tide_slope,0.3394,4,4,22.34,-0.0,4,30.550931930541992
MRK,HH,TOP,5.0,kf_price_filt_vel,0.0121,2,0,0.0,0.0,0,34.51760482788086
MRK,HH,TOP,6.0,kf_price_filt_vel,-0.0121,2,0,0.0,0.0,0,34.79413604736328
MRK,LH,TOP,7.0,kf_price_filt_vel,-0.0364,2,0,0.0,0.0,0,34.24108123779297
MRK,HL,BOTTOM,,,0.0,0,0,0.0,0.0,0,33.09686279296875
MRK,LL,BOTTOM,,,0.0,0,0,0.0,0.0,0,32.83940124511719
MRK,HH,TOP,,,0.0,0,0,0.0,0.0,0,35.680904388427734
MRK,LH,TOP,,,0.0,0,0,0.0,0.0,0,35.3471794128418
MRK,HL,BOTTOM,4.0,vwap_sigma_wave,0.0182,1,0,0.0,0.0,0,32.93474578857422
MRK,LL,BOTTOM,5.0,vwap_sigma_wave,-0.0182,1,0,0.0,0.0,0,32.51521301269531
MRK,HL,BOTTOM,6.0,vwap_sigma_wave,-0.0545,1,0,0.0,0.0,0,32.86800765991211
MRK,LH,TOP,,,0.0,0,0,0.0,0.6,0,35.33763885498047
MRK,HH,TOP,,,0.0,0,0,0.0,0.7,0,35.614166259765625
MRK,LL,BOTTOM,,,0.0,0,1,4.81,-0.9,1,30.37930679321289
MRK,LL,BOTTOM,1.0,vwap_sigma_wave,0.0545,1,4,21.43,-0.2,4,29.635557174682617
MRK,HL,BOTTOM,1.0,vwap_sigma_wave,0.2606,4,1,4.22,0.0,1,29.97882652282715
MRK,LH,TOP,1.0,rsi_value,-0.103,2,1,4.15,-0.4,1,35.53787612915039
MRK,HH,TOP,1.0,rsi_value,-0.0,2,2,9.13,0.0,2,35.83346939086914
MRK,LH,TOP,1.0,rsi_value,0.1697,2,0,0.0,0.0,0,35.642765045166016
MRK,HL,BOTTOM,,,0.0,0,0,0.0,0.0,0,32.92521667480469
MRK,HL,BOTTOM,,,0.0,0,0,0.0,0.0,0,33.287559509277344
MRK,LH,TOP,,,0.0,0,0,0.0,0.0,0,34.355506896972656
MRK,HH,TOP,,,0.0,0,0,0.0,0.0,0,34.622493743896484
MRK,LH,TOP,,,0.0,0,0,0.0,0.0,0,34.2601432800293
MRK,LL,BOTTOM,1.0,rsi_value,0.6121,6,3,21.6,-0.8,3,29.76905059814453
MRK,LL,BOTTOM,1.0,kf_price_filt_vel,0.497,6,6,29.08,-0.6,6,28.424579620361328
MRK,HL,BOTTOM,1.0,vwap_sigma_tide,0.5091,6,6,39.66,0.5,6,29.749980926513672
MRK,LH,TOP,3.0,wave_slope,-0.4606,6,0,0.0,0.0,0,31.175508499145508
MRK,HH,TOP,4.0,wave_slope,-0.5515,6,0,0.0,0.0,0,31.556909561157227
MRK,LH,TOP,5.0,wave_slope,-0.6061,6,0,0.0,0.0,0,31.370962142944336
MRK,LL,BOTTOM,,,0.0,0,0,0.0,0.0,0,29.6832332611084
MRK,LL,BOTTOM,,,0.0,0,0,0.0,0.0,0,29.606950759887695
MRK,HH,TOP,9.0,vwap_sigma_current,-0.0424,1,0,0.0,-0.6,0,33.34476852416992
MRK,HH,TOP,10.0,vwap_sigma_current,-0.0545,1,3,14.0,0.0,3,34.29829406738281
MRK,HL,BOTTOM,9.0,kf_price_pred_val,-0.1273,3,0,0.0,-0.4,0,31.61888885498047
MRK,HH,TOP,,,0.0,0,0,0.0,0.0,0,37.41633224487305
MRK,HH,TOP,,,0.0,0,0,0.0,0.0,0,37.540279388427734
MRK,LH,TOP,,,0.0,0,0,0.0,0.0,0,37.4639892578125
MRK,HL,BOTTOM,,,0.0,0,0,0.0,0.0,0,35.83346939086914
MRK,LL,BOTTOM,,,0.0,0,0,0.0,0.0,0,35.452049255371094
MRK,HH,TOP,7.0,rsi_value,-0.2424,3,0,0.0,-0.6,0,41.31623840332031
MRK,HH,TOP,8.0,rsi_value,-0.1152,2,3,24.83,0.0,3,42.999210357666016
MRK,HL,BOTTOM,,,0.0,0,0,0.0,0.0,0,40.91575622558594
MRK,LL,BOTTOM,,,0.0,0,0,0.0,0.0,0,40.81087112426758
MRK,HL,BOTTOM,,,0.0,0,0,0.0,0.0,0,41.115997314453125
MRK,HH,TOP,,,0.0,0,0,0.0,-0.6,0,45.18754959106445
MRK,HH,TOP,,,0.0,0,3,14.41,0.0,3,45.7310676574707
MRK,LH,TOP,1.0,kf_rsi_pred_val,0.1636,3,0,0.0,0.0,0,44.84428024291992
MRK,LL,BOTTOM,4.0,vwap_sigma_wave,0.0182,1,0,0.0,0.0,0,41.049251556396484
MRK,LL,BOTTOM,5.0,vwap_sigma_wave,0.0061,1,0,0.0,0.0,0,40.81087112426758
MRK,HL,BOTTOM,6.0,vwap_sigma_wave,-0.0061,1,0,0.0,0.0,0,41.06833267211914
MRK,LH,TOP,,,0.0,0,0,0.0,0.0,0,43.08979415893555
MRK,HH,TOP,,,0.0,0,0,0.0,0.0,0,43.156532287597656
MRK,LH,TOP,,,0.0,0,0,0.0,0.2,0,41.90742492675781
MRK,LL,BOTTOM,1.0,kf_rsi_pred_val,0.2424,2,3,13.11,-0.9,3,39.28522872924805
MRK,LL,BOTTOM,1.0,kf_rsi_pred_val,0.3333,3,4,19.67,-0.2,4,38.75125503540039
MRK,LH,TOP,,,0.0,0,0,0.0,0.5,0,40.934818267822266
MRK,HH,TOP,,,0.0,0,0,0.0,0.1,0,41.63090133666992
MRK,LH,TOP,,,0.0,0,0,0.0,-0.3,0,41.478336334228516
MRK,HL,BOTTOM,1.0,kf_price_pred_val,0.1636,3,1,5.37,0.0,1,38.951507568359375
MRK,HL,BOTTOM,1.0,kf_price_pred_val,0.1818,3,0,0.0,0.0,0,39.50453186035156
MRK,HH,TOP,6.0,kf_rsi_pred_val,-0.0727,2,0,0.0,0.0,0,45.69291687011719
MRK,HH,TOP,7.0,kf_rsi_pred_val,-0.1212,2,0,0.0,0.0,0,46.36992263793945
MRK,LH,TOP,8.0,kf_rsi_pred_val,-0.1697,2,0,0.0,0.2,0,45.72152328491211
MRK,HL,BOTTOM,3.0,kf_price_pred_val,0.0303,1,0,0.0,0.0,0,42.88955307006836
MRK,HL,BOTTOM,4.0,kf_price_pred_val,0.0182,1,0,0.0,0.0,0,43.16607666015625
MRK,HH,TOP,8.0,kf_price_filt_vel,-0.0909,3,2,8.51,-0.2,2,46.19828414916992
MRK,HH,TOP,1.0,kf_price_filt_vel,-0.0182,3,1,4.3,0.0,1,47.142276763916016
MRK,LH,TOP,1.0,kf_price_pred_val,-0.0242,3,0,0.0,0.0,0,46.465274810791016
MRK,HL,BOTTOM,,,0.0,0,0,0.0,0.0,0,44.25309371948242
MRK,LL,BOTTOM,,,0.0,0,0,0.0,0.0,0,44.08146286010742
MRK,HL,BOTTOM,,,0.0,0,0,0.0,0.0,0,44.52008056640625
MRK,LH,TOP,,,0.0,0,0,0.0,0.0,0,45.3963623046875
MRK,HH,TOP,,,0.0,0,0,0.0,0.0,0,46.47481918334961
MRK,LH,TOP,,,0.0,0,0,0.0,0.0,0,46.122005462646484
MRK,LL,BOTTOM,1.0,vwap_sigma_current,0.1152,1,1,5.48,-0.2,1,43.13747024536133
MRK,LL,BOTTOM,1.0,vwap_sigma_current,0.1333,1,1,5.37,0.0,1,42.994441986083984
MRK,HL,BOTTOM,1.0,vwap_sigma_current,0.1394,1,0,0.0,0.0,0,43.12793731689453
MRK,HH,TOP,2.0,vwap_sigma_tide,-0.1697,2,1,4.24,-0.3,1,54.59884262084961
MRK,HH,TOP,1.0,vwap_sigma_tide,-0.1273,2,1,4.31,-0.2,1,54.7990837097168
MRK,HL,BOTTOM,10.0,vwap_sigma_tide,-0.0545,1,1,4.9,0.0,1,51.280574798583984
MRK,HL,BOTTOM,1.0,vwap_sigma_wave,0.0545,1,0,0.0,0.0,0,52.62504577636719
MRK,HH,TOP,,,0.0,0,0,0.0,-0.2,0,55.83842468261719
MRK,HH,TOP,,,0.0,0,2,8.81,0.1,2,56.849159240722656
MRK,LH,TOP,1.0,vwap_sigma_current,0.1091,2,0,0.0,-0.0,0,55.514225006103516
MRK,HL,BOTTOM,4.0,vwap_sigma_current,0.0364,2,1,4.23,0.0,1,53.244834899902344
MRK,LL,BOTTOM,1.0,kf_price_pred_val,0.0667,2,0,0.0,0.0,0,52.281776428222656
MRK,HL,BOTTOM,2.0,kf_price_pred_val,0.0303,2,0,0.0,0.0,0,52.64411544799805
MRK,HH,TOP,,,0.0,0,0,0.0,0.0,0,56.3056526184082
MRK,HH,TOP,,,0.0,0,0,0.0,0.0,0,56.44868087768555
MRK,HL,BOTTOM,1.0,vwap_sigma_wave,0.103,1,0,0.0,-0.4,0,53.33065414428711
MRK,LL,BOTTOM,2.0,vwap_sigma_wave,0.0667,1,2,8.03,0.0,2,53.05413055419922
MRK,HL,BOTTOM,1.0,sigma_tide,0.1394,2,0,0.0,0.0,0,53.92184066772461
MRK,HH,TOP,,,0.0,0,0,0.0,0.0,0,57.28778076171875
MRK,HH,TOP,,,0.0,0,0,0.0,0.0,0,58.3366584777832
MRK,LL,BOTTOM,1.0,vwap_sigma_wave,0.2667,5,4,21.64,-0.5,4,52.186424255371094
MRK,LL,BOTTOM,1.0,sigma_tide,0.4545,5,4,25.87,-0.4,4,50.946842193603516
MRK,HL,BOTTOM,1.0,sigma_tide,0.5394,5,2,12.39,-0.5,2,51.509422302246094
MRK,HH,TOP,,,0.0,0,0,0.0,0.3,0,59.004127502441406
MRK,LH,TOP,,,0.0,0,0,0.0,0.5,0,57.22103500366211
MRK,HL,BOTTOM,4.0,kf_price_filt_vel,-0.1576,3,0,0.0,0.5,0,54.9707145690918
MRK,LL,BOTTOM,5.0,kf_price_filt_vel,-0.1879,3,0,0.0,0.1,0,54.15068435668945
MRK,HH,TOP,6.0,kf_price_pred_val,-0.0606,3,0,0.0,0.0,0,59.004127502441406
MRK,HH,TOP,7.0,kf_price_pred_val,-0.1091,3,0,0.0,0.0,0,60.10068130493164
MRK,LL,BOTTOM,,,0.0,0,0,0.0,-0.2,0,53.950443267822266
MRK,LL,BOTTOM,,,0.0,0,1,4.2,0.0,1,53.454612731933594
MRK,HL,BOTTOM,1.0,vwap_sigma_wave,0.0545,1,0,0.0,0.0,0,53.55949783325195
MRK,LH,TOP,,,0.0,0,0,0.0,0.0,0,56.92544174194336
MRK,HH,TOP,,,0.0,0,0,0.0,0.0,0,58.06013870239258
MRK,LL,BOTTOM,1.0,kf_price_pred_val,0.2909,3,5,27.12,-1.7,5,51.48081588745117
MRK,LL,BOTTOM,1.0,kf_price_pred_val,0.4909,5,8,67.72,-0.0,8,48.791873931884766
MRK,HL,BOTTOM,1.0,kf_price_pred_val,0.7939,8,3,48.65,-0.0,3,51.890830993652344
MRK,LH,TOP,1.0,kf_price_filt_vel,0.7273,8,3,24.93,0.4,3,52.39619827270508
MRK,HH,TOP,1.0,kf_price_filt_vel,0.6242,8,0,0.0,-0.0,0,52.79668045043945
MRK,LL,BOTTOM,1.0,vwap_sigma_tide,0.0788,5,2,13.89,-0.5,2,46.169681549072266
MRK,HL,BOTTOM,1.0,vwap_sigma_tide,0.1152,5,2,12.52,-0.3,2,46.38899230957031
MRK,LH,TOP,1.0,d_current_slope,0.3091,3,2,10.49,-0.0,2,52.548763275146484
MRK,HH,TOP,1.0,d_current_slope,0.3091,3,2,10.19,-0.0,2,52.949241638183594
MRK,LH,TOP,1.0,d_current_slope,0.2848,3,2,10.49,-0.0,2,52.49155044555664
MRK,HL,BOTTOM,4.0,vwap_sigma_current,0.0364,2,0,0.0,-0.2,0,47.72392654418945
MRK,LL,BOTTOM,5.0,vwap_sigma_current,0.0121,2,1,4.22,0.0,1,46.33177947998047
MRK,HL,BOTTOM,1.0,vwap_sigma_current,0.0424,2,0,0.0,0.0,0,47.08506393432617
MRK,HH,TOP,8.0,vwap_sigma_current,-0.0606,2,0,0.0,0.0,0,53.883697509765625
MRK,HH,TOP,9.0,vwap_sigma_current,-0.0848,2,0,0.0,0.0,0,54.217430114746094
MRK,LH,TOP,10.0,vwap_sigma_current,-0.1091,2,0,0.0,0.0,0,53.950443267822266
MRK,HL,BOTTOM,,,0.0,0,0,0.0,0.0,0,51.576168060302734
MRK,LL,BOTTOM,,,0.0,0,0,0.0,0.0,0,51.10894012451172
MRK,HH,TOP,,,0.0,0,0,0.0,0.0,0,60.93024826049805
MRK,LH,TOP,,,0.0,0,0,0.0,0.0,0,59.05180358886719
MRK,HL,BOTTOM,1.0,vwap_sigma_current,0.3515,7,1,5.34,0.3,1,56.105411529541016
MRK,LL,BOTTOM,1.0,vwap_sigma_current,0.2848,7,1,5.6,0.3,1,55.7144660949707
MRK,HL,BOTTOM,1.0,vwap_sigma_current,0.2061,7,1,4.02,0.5,1,56.086341857910156
MRK,HH,TOP,3.0,vwap_sigma_current,-0.2,7,3,35.34,-0.4,3,61.197235107421875
MRK,HH,TOP,1.0,kf_price_pred_val,-0.1939,7,1,4.94,-0.6,1,61.940982818603516
MRK,LH,TOP,1.0,kf_price_pred_val,-0.3333,7,2,8.68,-0.4,2,60.97792434692383
MRK,HL,BOTTOM,,,0.0,0,0,0.0,0.0,0,56.29611587524414
MRK,LL,BOTTOM,,,0.0,0,0,0.0,0.0,0,56.13401794433594
MRK,HH,TOP,,,0.0,0,0,0.0,0.0,0,63.00893020629883
MRK,HH,TOP,,,0.0,0,0,0.0,0.0,0,63.485694885253906
MRK,HL,BOTTOM,,,0.0,0,0,0.0,0.0,0,59.64299011230469
MRK,LL,BOTTOM,,,0.0,0,0,0.0,0.0,0,59.0136604309082
MRK,LH,TOP,,,0.0,0,0,0.0,0.0,0,62.95172119140625
MRK,HH,TOP,,,0.0,0,0,0.0,0.0,0,63.08521270751953
MRK,LL,BOTTOM,,,0.0,0,0,0.0,0.0,0,58.96598434448242
MRK,LL,BOTTOM,,,0.0,0,0,0.0,0.0,0,58.63225173950195
MRK,LH,TOP,,,0.0,0,0,0.0,-0.2,0,63.04707336425781
MRK,HH,TOP,,,0.0,0,1,4.16,0.0,1,63.08521270751953
MRK,LL,BOTTOM,1.0,wave_slope,-0.0485,9,7,40.11,-1.0,7,51.5857048034668
MRK,HL,BOTTOM,1.0,wave_slope,0.0606,9,7,37.55,-1.4,7,51.747802734375
MRK,LH,TOP,1.0,current_accel,0.2485,3,7,70.81,-0.7,7,59.18529510498047
MRK,LH,TOP,1.0,kf_price_pred_val,0.5697,7,4,39.54,-0.6,4,59.14715576171875
MRK,LL,BOTTOM,9.0,geo_phase_angle,-0.0424,1,0,0.0,0.6,0,50.79427719116211
MRK,HL,BOTTOM,10.0,geo_phase_angle,-0.0545,1,0,0.0,0.5,0,51.576168060302734
MRK,LH,TOP,1.0,current_accel,0.097,3,2,15.92,0.3,2,57.44988250732422
MRK,LH,TOP,1.0,d_current_slope,0.2364,2,2,18.08,-0.3,2,57.29731750488281
MRK,HL,BOTTOM,5.0,d_current_slope,-0.2909,3,0,0.0,0.0,0,54.71326446533203
MRK,LL,BOTTOM,6.0,d_current_slope,-0.3273,3,0,0.0,0.0,0,54.12207794189453
MRK,HL,BOTTOM,7.0,d_current_slope,-0.3394,3,0,0.0,0.0,0,55.25677490234375
MRK,HH,TOP,2.0,tide_accel,-0.0,2,0,0.0,-0.0,0,68.1388931274414
MRK,HH,TOP,3.0,tide_accel,-0.0121,2,0,0.0,-0.3,0,68.97799682617188
MRK,LH,TOP,4.0,tide_accel,0.0,2,0,0.0,-0.6,0,67.17583465576172
MRK,HL,BOTTOM,5.0,tide_accel,-0.097,2,3,13.64,0.0,3,65.1925048828125
MRK,HL,BOTTOM,1.0,kf_price_pred_val,-0.0303,3,0,0.0,0.0,0,66.56558227539062
MRK,HH,TOP,,,0.0,0,0,0.0,0.0,0,74.28913116455078
MRK,HH,TOP,,,0.0,0,0,0.0,0.0,0,75.65267181396484
MRK,HL,BOTTOM,,,0.0,0,0,0.0,-0.7,0,67.84330749511719
MRK,HH,TOP,,,0.0,0,0,0.0,0.0,0,79.42863464355469
MRK,LH,TOP,,,0.0,0,0,0.0,0.0,0,79.34281158447266
MRK,HL,BOTTOM,1.0,vwap_sigma_wave,0.2606,4,7,53.99,-0.4,7,70.48456573486328
MRK,LL,BOTTOM,1.0,sigma_tide,0.5818,7,5,41.46,-1.0,5,69.78849792480469
MRK,HH,TOP,,,0.0,0,0,0.0,0.0,0,81.53591918945312
MRK,HH,TOP,,,0.0,0,0,0.0,0.6,0,82.86132049560547
MRK,HL,BOTTOM,,,0.0,0,3,17.55,-0.4,3,77.23552703857422
MRK,LL,BOTTOM,1.0,kf_price_pred_val,0.1636,3,2,8.1,0.0,2,76.02455139160156
MRK,LH,TOP,4.0,kf_price_filt_vel,0.0364,2,0,0.0,0.0,0,81.66941833496094
MRK,HH,TOP,5.0,kf_price_filt_vel,0.0121,2,0,0.0,0.0,0,82.87085723876953
MRK,LH,TOP,6.0,kf_price_filt_vel,-0.0121,2,0,0.0,0.0,0,82.68968963623047
MRK,HL,BOTTOM,,,0.0,0,0,0.0,-0.6,0,80.59193420410156
MRK,LL,BOTTOM,,,0.0,0,3,13.66,0.6,3,77.5215835571289
MRK,HL,BOTTOM,1.0,kf_price_pred_val,0.1636,3,0,0.0,0.3,0,79.01861572265625
MRK,HH,TOP,6.0,kf_rsi_pred_val,-0.0303,2,0,0.0,0.0,0,87.76244354248047
MRK,LH,TOP,7.0,kf_rsi_pred_val,-0.0667,2,0,0.0,0.0,0,87.0091552734375
MRK,LL,BOTTOM,1.0,sigma_tide,0.1636,3,4,23.32,-1.2,4,74.45123291015625
MRK,LL,BOTTOM,1.0,sigma_tide,0.297,4,6,36.14,-0.7,6,73.00187683105469
MRK,LH,TOP,1.0,kf_price_filt_vel,0.6061,6,1,4.62,-0.2,1,75.45243072509766
MRK,HH,TOP,1.0,sigma_tide,0.4424,6,3,20.28,-0.0,3,79.11396789550781
MRK,LH,TOP,1.0,kf_price_pred_val,0.3758,6,0,0.0,0.4,0,77.78856658935547
MRK,LL,BOTTOM,1.0,sigma_tide,-0.0485,4,10,93.08,2.0,10,66.67047119140625
MRK,HL,BOTTOM,1.0,kf_price_pred_val,0.503,10,4,42.62,2.0,4,71.01853942871094
MRK,LH,TOP,1.0,kf_price_filt_vel,0.5091,10,4,22.67,1.3,4,68.30099487304688
MRK,LL,BOTTOM,1.0,sigma_tide,0.3455,10,14,94.95,-0.1,14,63.31406021118164
MRK,HL,BOTTOM,1.0,kf_price_pred_val,0.9515,14,9,51.97,-0.8,9,65.84090423583984
MRK,HH,TOP,1.0,d_current_slope,-0.3576,8,2,12.45,-0.4,2,79.142578125
MRK,HH,TOP,1.0,d_current_slope,-0.1394,5,4,23.05,-0.7,4,79.5811996459961
MRK,HL,BOTTOM,1.0,d_current_slope,-0.0727,5,5,29.75,0.4,5,79.23793029785156
MRK,LL,BOTTOM,1.0,kf_conjugation_pred_val,0.0364,5,6,53.28,0.5,6,74.90892028808594
MRK,HL,BOTTOM,1.0,kf_price_filt_vel,0.3091,6,3,20.56,-0.0,3,76.26293182373047
MRK,HH,TOP,1.0,conj_wave_tide,0.097,6,8,44.31,-0.9,8,80.0770263671875
MRK,LH,TOP,1.0,conj_wave_tide,0.3879,8,3,16.71,-0.6,3,77.40715789794922
MRK,LL,BOTTOM,5.0,conj_wave_tide,-0.5273,8,0,0.0,0.0,0,73.53585052490234
MRK,LL,BOTTOM,6.0,conj_wave_tide,-0.6061,8,0,0.0,0.0,0,72.08648681640625
MRK,HL,BOTTOM,7.0,conj_wave_tide,-0.6485,8,0,0.0,0.0,0,72.84931182861328
MRK,HH,TOP,3.0,geo_phase_angle,0.0303,1,0,0.0,0.7,0,79.04722595214844
MRK,LH,TOP,4.0,geo_phase_angle,0.0182,1,0,0.0,0.4,0,78.43696594238281
MRK,LL,BOTTOM,1.0,kf_price_pred_val,0.1515,3,3,18.18,-0.4,3,70.57991790771484
MRK,HL,BOTTOM,1.0,current_accel,0.2545,3,2,21.6,-0.6,2,73.392822265625
MRK,HH,TOP,,,0.0,0,0,0.0,0.0,0,80.50611877441406
MRK,HH,TOP,,,0.0,0,0,0.0,0.0,0,82.88993072509766
MRK,LH,TOP,,,0.0,0,0,0.0,0.0,0,81.51685333251953
MRK,LL,BOTTOM,1.0,vwap_sigma_current,0.1091,2,1,4.4,-0.3,1,72.3630142211914
MRK,LL,BOTTOM,1.0,vwap_sigma_current,0.1394,2,3,12.98,-0.0,3,71.71461486816406
MRK,LH,TOP,,,0.0,0,0,0.0,0.1,0,79.314208984375
MRK,HH,TOP,,,0.0,0,0,0.0,-0.0,0,79.59072875976562
MRK,LH,TOP,,,0.0,0,0,0.0,-0.1,0,79.13304138183594
MRK,HL,BOTTOM,5.0,kf_price_pred_val,0.0061,1,0,0.0,0.0,0,75.60499572753906
MRK,HL,BOTTOM,6.0,kf_price_pred_val,-0.0061,1,0,0.0,0.0,0,75.72895812988281
MRK,HH,TOP,,,0.0,0,0,0.0,0.0,0,81.04962158203125
MRK,LH,TOP,,,0.0,0,0,0.0,0.0,0,79.2283935546875
MRK,LL,BOTTOM,2.0,rsi_value,0.0424,1,0,0.0,-0.2,0,69.89337921142578
MRK,LL,BOTTOM,3.0,rsi_value,0.0303,1,0,0.0,-0.4,0,68.81590270996094
MRK,HL,BOTTOM,4.0,rsi_value,0.0182,1,2,8.94,0.0,2,69.73128509521484
MRK,LH,TOP,,,0.0,0,0,0.0,-0.2,0,74.91845703125
MRK,HH,TOP,,,0.0,0,1,4.83,0.0,1,75.54778289794922
MRK,LH,TOP,1.0,vwap_sigma_wave,0.0545,1,0,0.0,0.8,0,74.33680725097656
MRK,HL,BOTTOM,6.0,vwap_sigma_wave,-0.0061,1,4,21.46,-0.9,4,70.25572204589844
MRK,LL,BOTTOM,1.0,kf_price_pred_val,0.2,4,11,272.94,-1.6,11,60.73639678955078
MRK,LH,TOP,1.0,wave_slope,-0.6545,9,4,24.59,-0.0,4,65.11430358886719
MRK,LH,TOP,1.0,wave_slope,-0.4909,9,4,24.88,0.1,4,64.71484375
MRK,HL,BOTTOM,1.0,vwap_sigma_tide,-0.097,4,4,18.98,0.4,4,61.29075241088867
MRK,HL,BOTTOM,1.0,vwap_sigma_tide,-0.0485,4,2,10.24,0.4,2,61.853309631347656
MRK,HH,TOP,8.0,vwap_sigma_wave,-0.0303,1,0,0.0,-0.0,0,67.15459442138672
MRK,HH,TOP,9.0,vwap_sigma_wave,-0.0424,1,0,0.0,-0.1,0,67.93014526367188
MRK,LH,TOP,10.0,vwap_sigma_wave,-0.0545,1,0,0.0,-0.2,0,67.03397369384766
MRK,HL,BOTTOM,2.0,vwap_sigma_current,0.1697,2,1,4.79,0.0,1,62.57450866699219
MRK,LL,BOTTOM,1.0,vwap_sigma_current,0.1515,2,0,0.0,0.0,0,62.32235336303711
MRK,HH,TOP,1.0,kf_price_pred_val,0.2727,5,6,38.14,-0.8,6,72.25149536132812
MRK,LH,TOP,1.0,kf_price_pred_val,0.5394,6,3,16.92,-0.4,3,70.94733428955078
MRK,HL,BOTTOM,1.0,kf_conjugation_pred_val,-0.2909,6,2,8.4,-0.3,2,67.07826232910156
MRK,HL,BOTTOM,1.0,kf_conjugation_pred_val,0.0242,3,1,4.11,-0.3,1,69.11278533935547
MRK,HH,TOP,1.0,sigma_tide,0.3455,4,2,10.02,-0.5,2,77.10304260253906
MRK,HH,TOP,1.0,sigma_tide,0.3394,4,3,16.27,-0.4,3,78.7202377319336
MRK,LH,TOP,1.0,sigma_tide,0.3758,4,3,102.54,-0.0,3,70.95601654052734
MRK,LL,BOTTOM,1.0,current_accel,0.303,4,5,30.62,-0.2,5,63.83518981933594
MRK,LL,BOTTOM,1.0,current_accel,0.4303,5,6,40.56,-0.0,6,62.84402847290039
MRK,HL,BOTTOM,1.0,current_accel,0.5515,6,5,35.93,-0.2,5,63.65261459350586
MRK,HH,TOP,,,0.0,0,0,0.0,0.0,0,72.2962417602539
MRK,LH,TOP,,,0.0,0,0,0.0,0.0,0,71.68183898925781
MRK,HL,BOTTOM,,,0.0,0,0,0.0,-0.4,0,66.56485748291016
MRK,LL,BOTTOM,,,0.0,0,1,4.17,-0.4,1,64.51980590820312
MRK,HL,BOTTOM,1.0,rsi_value,0.0545,1,2,8.93,0.0,2,66.98614501953125
MRK,HH,TOP,,,0.0,0,0,0.0,0.0,0,83.08726501464844
MRK,HH,TOP,,,0.0,0,0,0.0,0.0,0,83.80452728271484
MRK,LH,TOP,,,0.0,0,0,0.0,0.0,0,83.01641082763672
MRK,HL,BOTTOM,,,0.0,0,1,4.22,0.6,1,75.26822662353516
MRK,HL,BOTTOM,1.0,vwap_sigma_wave,0.0545,1,0,0.0,0.3,0,75.43785095214844
MRK,HH,TOP,,,0.0,0,0,0.0,0.0,0,83.81189727783203
MRK,HH,TOP,,,0.0,0,0,0.0,0.0,0,84.77606201171875
MRK,HL,BOTTOM,1.0,vwap_sigma_wave,0.0545,1,0,0.0,0.0,0,78.22322845458984
MRK,LL,BOTTOM,2.0,vwap_sigma_wave,0.0424,1,0,0.0,0.0,0,77.50904083251953
MRK,HL,BOTTOM,3.0,vwap_sigma_wave,0.0303,1,0,0.0,0.0,0,78.03577423095703
MRK,LH,TOP,,,0.0,0,0,0.0,0.0,0,81.59785461425781
MRK,HH,TOP,,,0.0,0,0,0.0,0.0,0,82.20494079589844
MRK,LL,BOTTOM,,,0.0,0,0,0.0,0.0,0,77.39593505859375
MRK,LL,BOTTOM,,,0.0,0,0,0.0,0.0,0,76.072998046875
MRK,HL,BOTTOM,,,0.0,0,0,0.0,0.0,0,78.7548599243164
MRK,HH,TOP,2.0,vwap_spread_current_wave,-0.1515,2,1,4.21,-0.4,1,102.94822692871094
MRK,HH,TOP,1.0,vwap_sigma_wave,-0.1697,2,1,4.87,-0.4,1,104.03531646728516
MRK,HL,BOTTOM,4.0,vwap_sigma_wave,0.0182,1,2,8.52,-0.4,2,93.72599792480469
MRK,LL,BOTTOM,1.0,current_accel,0.1152,2,2,8.23,0.0,2,93.25491333007812
MRK,LH,TOP,,,0.0,0,3,19.21,0.0,3,100.64718627929688
MRK,HH,TOP,1.0,kf_price_filt_vel,0.1636,3,0,0.0,0.0,0,100.80118560791016
MRK,LH,TOP,2.0,kf_price_filt_vel,0.1273,3,0,0.0,0.0,0,98.09249877929688
MRK,HL,BOTTOM,8.0,kf_price_filt_vel,-0.0909,3,0,0.0,0.0,0,97.9170150756836
MRK,LL,BOTTOM,9.0,kf_price_filt_vel,-0.1273,3,0,0.0,0.0,0,94.96141815185547
MRK,HH,TOP,,,0.0,0,0,0.0,0.0,0,107.98783874511719
MRK,LH,TOP,,,0.0,0,0,0.0,0.0,0,107.12124633789062
MRK,HL,BOTTOM,5.0,vwap_sigma_wave,0.0061,1,0,0.0,0.0,0,100.35260772705078
MRK,LL,BOTTOM,6.0,vwap_sigma_wave,-0.0061,1,0,0.0,0.0,0,99.07550811767578
MRK,HL,BOTTOM,7.0,vwap_sigma_wave,-0.0182,1,0,0.0,0.0,0,100.63540649414062
MRK,LH,TOP,,,0.0,0,0,0.0,0.0,0,104.26472473144531
MRK,HH,TOP,,,0.0,0,0,0.0,0.0,0,105.96358489990234
MRK,LL,BOTTOM,,,0.0,0,0,0.0,0.0,0,97.09274291992188
MRK,LL,BOTTOM,,,0.0,0,0,0.0,0.0,0,96.42237854003906
MRK,LH,TOP,,,0.0,0,0,0.0,0.0,0,98.47021484375
MRK,HH,TOP,,,0.0,0,0,0.0,0.0,0,102.20771026611328
MRK,LH,TOP,,,0.0,0,0,0.0,0.0,0,100.50885009765625
MRK,LL,BOTTOM,10.0,vwap_sigma_current,-0.0545,1,0,0.0,-0.2,0,94.29676818847656
MRK,LL,BOTTOM,,,0.0,0,1,4.59,0.0,1,92.85444641113281
MRK,HL,BOTTOM,1.0,vwap_sigma_current,0.0545,1,0,0.0,0.0,0,94.92546081542969
MRK,LH,TOP,4.0,vwap_sigma_current,0.0182,1,0,0.0,0.0,0,95.81306457519531
MRK,HH,TOP,5.0,vwap_sigma_current,0.0061,1,0,0.0,0.0,0,97.58824157714844
MRK,LH,TOP,6.0,vwap_sigma_current,-0.0061,1,0,0.0,0.0,0,95.06415557861328
MRK,LL,BOTTOM,,,0.0,0,0,0.0,0.0,0,93.77899169921875
MRK,LL,BOTTOM,,,0.0,0,0,0.0,0.0,0,92.6233139038086
MRK,HL,BOTTOM,,,0.0,0,0,0.0,0.0,0,93.50164031982422
MRK,HH,TOP,1.0,vwap_spread_current_wave,-0.3152,9,7,38.34,-0.4,7,120.3751220703125
MRK,HH,TOP,1.0,vwap_spread_current_wave,-0.0364,8,7,38.77,-0.0,7,120.55204772949219
MRK,HL,BOTTOM,1.0,reg_value_current,-0.4485,5,2,11.38,-0.4,2,113.76314544677734
MRK,LL,BOTTOM,1.0,reg_value_current,-0.4424,5,4,19.32,-0.0,4,112.93842315673828
MRK,HL,BOTTOM,1.0,reg_value_current,-0.2909,5,2,11.05,-0.0,2,113.8849868774414
MRK,HH,TOP,1.0,reg_value_current,-0.0848,4,7,39.08,-0.2,7,123.47222900390625
MRK,HH,TOP,1.0,kf_price_pred_val,0.1636,7,4,21.2,0.1,4,123.65966033935547
MRK,HL,BOTTOM,1.0,reg_value_current,0.0424,3,3,15.32,-0.0,3,118.26155090332031
MRK,LL,BOTTOM,1.0,reg_value_current,0.0545,3,3,15.34,-0.0,3,117.20256042480469
MRK,HL,BOTTOM,1.0,reg_value_current,0.0,3,3,15.37,-0.0,3,117.49308776855469
MRK,LH,TOP,1.0,vwap_wave,0.0,4,4,21.37,-0.0,4,120.57637786865234
MRK,HH,TOP,1.0,vwap_wave,0.0,4,4,21.53,-0.0,4,123.45347595214844
MRK,LH,TOP,1.0,vwap_wave,0.0,4,4,21.66,-0.0,4,122.65689849853516
MRK,HL,BOTTOM,1.0,reg_value_current,0.0,4,4,22.57,-0.0,4,117.98978424072266
MRK,LL,BOTTOM,1.0,reg_value_current,0.0,4,4,22.51,-0.2,4,116.70585632324219
MRK,HL,BOTTOM,1.0,reg_value_current,0.0,4,4,22.47,-0.4,4,117.65241241455078
MRK,HH,TOP,1.0,reg_value_tide,0.0,4,4,23.4,0.3,4,125.35166931152344
MRK,LH,TOP,1.0,reg_value_tide,0.0,4,4,23.56,-0.0,4,125.31395721435547
MRK,LL,BOTTOM,1.0,reg_value_tide,0.6121,11,6,32.99,0.4,6,105.88330078125
MRK,LL,BOTTOM,1.0,reg_value_tide,0.4909,11,6,33.05,0.1,6,104.78968811035156
MRK,HL,BOTTOM,1.0,reg_value_tide,0.3455,11,7,35.54,0.2,7,106.05300903320312
MRK,LH,TOP,1.0,reg_value_tide,-0.1455,3,2,11.35,0.2,2,112.26724243164062
MRK,HH,TOP,1.0,reg_value_tide,-0.1273,3,2,11.34,-0.0,2,112.59941864013672
MRK,LH,TOP,1.0,reg_value_tide,-0.097,3,3,15.33,-0.0,3,111.26122283935547
MRK,LL,BOTTOM,1.0,d_tide_slope,-0.1939,6,5,28.98,-0.7,5,93.35198211669922
MRK,LL,BOTTOM,1.0,d_tide_slope,-0.1939,6,6,36.66,-0.6,6,91.40635681152344
MRK,LH,TOP,1.0,vwap_tide,-0.0,4,1,5.23,-0.6,1,98.50550842285156
MRK,LH,TOP,1.0,vwap_tide,-0.0667,4,3,14.31,-0.6,3,95.8575668334961
MRK,LL,BOTTOM,1.0,rsi_value,0.5697,6,7,35.18,-1.1,7,80.76309204101562
MRK,LL,BOTTOM,1.0,rsi_value,0.5818,7,8,46.72,-1.7,8,79.41416931152344
MRK,LH,TOP,1.0,kf_conjugation_pred_val,0.1515,2,2,11.21,-0.0,2,91.4673080444336
MRK,LH,TOP,1.0,kf_conjugation_pred_val,0.2242,2,2,11.56,0.2,2,91.39977264404297
MRK,LL,BOTTOM,1.0,wave_slope,0.2727,5,4,22.65,-0.0,4,75.64218139648438
MRK,LL,BOTTOM,1.0,wave_slope,0.2364,5,4,24.85,-0.0,4,73.77983856201172
MRK,HL,BOTTOM,1.0,wave_slope,0.1515,5,4,26.04,-0.2,4,75.26586151123047
MRK,LH,TOP,1.0,wave_slope,-0.097,4,1,4.35,0.4,1,81.74064636230469
MRK,HH,TOP,1.0,tide_slope,-0.2788,4,1,4.36,0.1,1,82.21346282958984
MRK,LH,TOP,1.0,tide_slope,-0.3697,4,3,14.97,0.5,3,80.34146881103516
MRK,LL,BOTTOM,1.0,tide_slope,-0.0848,4,3,13.0,0.5,3,74.9281234741211
MRK,LL,BOTTOM,1.0,vwap_spread_current_wave,0.0788,4,5,22.97,-0.5,5,73.30701446533203
MRK,LH,TOP,1.0,vwap_spread_current_wave,0.297,5,7,62.43,-0.8,7,77.61067199707031
MRK,LH,TOP,1.0,kf_price_filt_vel,0.5333,7,5,26.45,-1.4,5,73.9438705444336
MRK,LL,BOTTOM,1.0,current_accel,0.5333,7,10,61.42,-0.4,10,70.89463806152344
MRK,HL,BOTTOM,1.0,d_current_slope,0.7576,10,6,29.62,-0.0,6,72.17803192138672
MRK,HH,TOP,1.0,tide_slope,-0.1212,5,1,4.14,-0.3,1,81.5844497680664
MRK,HH,TOP,1.0,tide_slope,-0.2182,5,1,4.07,-0.2,1,81.88658142089844
MRK,LH,TOP,1.0,tide_slope,-0.1818,5,1,4.01,0.0,1,81.24333953857422
MRK,HL,BOTTOM,6.0,tide_slope,-0.1515,1,0,0.0,-0.7,0,77.29618072509766
MRK,HL,BOTTOM,7.0,tide_slope,-0.1455,1,2,8.92,-0.6,2,79.53778076171875
MRK,HH,TOP,1.0,kf_price_filt_vel,0.1515,3,0,0.0,0.6,0,81.97429656982422
MRK,HH,TOP,2.0,kf_price_filt_vel,0.1333,3,0,0.0,0.3,0,82.55906677246094
MRK,HL,BOTTOM,5.0,kf_price_filt_vel,0.0061,3,0,0.0,-0.5,0,79.6742172241211
MRK,LL,BOTTOM,6.0,kf_price_filt_vel,-0.0545,3,3,23.24,-0.0,3,76.13639831542969
MRK,HL,BOTTOM,1.0,kf_price_pred_val,0.0485,3,0,0.0,-0.1,0,77.27668762207031
MRK,HH,TOP,3.0,geo_phase_angle,0.0303,1,0,0.0,0.0,0,83.89427185058594
MRK,HH,TOP,4.0,geo_phase_angle,0.0182,1,0,0.0,0.0,0,85.15151977539062
MRK,HL,BOTTOM,,,0.0,0,0,0.0,1.7,0,78.4140396118164
MRK,LL,BOTTOM,,,0.0,0,1,5.15,1.4,1,76.37666320800781
MRK,HL,BOTTOM,1.0,vwap_sigma_wave,0.0545,1,0,0.0,1.0,0,77.321533203125
MRK,LH,TOP,3.0,vwap_sigma_wave,0.0303,1,3,54.01,-1.3,3,82.60688018798828
MRK,HH,TOP,1.0,kf_price_filt_vel,0.1818,3,8,110.75,-0.9,8,88.70913696289062
MRK,LH,TOP,1.0,kf_price_pred_val,0.5697,8,3,13.63,-1.2,3,88.09891510009766
MRK,HL,BOTTOM,,,0.0,0,3,14.09,0.0,3,81.1895751953125
MRK,HL,BOTTOM,1.0,kf_price_pred_val,0.1636,3,0,0.0,0.8,0,82.5379867553711
MRK,HH,TOP,1.0,tide_accel,0.1091,4,8,45.01,-1.7,8,98.81724548339844
MRK,HH,TOP,1.0,tide_accel,0.3273,8,14,108.31,-1.2,14,103.99432373046875
MRK,LH,TOP,1.0,kf_price_pred_val,1.0424,14,10,67.63,-1.1,10,102.98054504394531
MRK,HL,BOTTOM,1.0,conj_wave_tide,-0.1333,14,7,47.52,-0.7,7,97.37040710449219
MRK,LL,BOTTOM,1.0,conj_wave_tide,-0.5636,14,7,42.95,-0.9,7,95.3625717163086
MRK,HL,BOTTOM,1.0,conj_wave_tide,-0.6545,14,7,39.87,-0.8,7,96.08106994628906
MRK,HH,TOP,1.0,tide_accel,-0.1939,8,6,45.21,0.4,6,122.90963745117188
MRK,HH,TOP,1.0,tide_accel,-0.1091,8,6,44.69,0.1,6,123.01882934570312
MRK,LH,TOP,1.0,tide_accel,0.0,6,8,49.49,0.2,8,121.55963897705078
MRK,HL,BOTTOM,1.0,vwap_spread_tide_wave,-0.3212,9,6,34.68,-0.0,6,114.19999694824219
MRK,LL,BOTTOM,1.0,vwap_spread_tide_wave,-0.0848,7,6,34.05,-0.0,6,114.18000030517578
MRK,LH,TOP,1.0,vwap_spread_tide_current,0.0,6,6,33.51,-0.0,6,119.27999877929688
MRK,HH,TOP,1.0,vwap_spread_tide_current,0.0,6,6,33.46,-0.0,6,123.18000030517578
MRK,LH,TOP,1.0,vwap_spread_tide_current,0.0,6,6,33.5,-0.0,6,122.68000030517578
MRK,LL,BOTTOM,1.0,vwap_spread_tide_current,0.2424,9,6,31.73,-0.0,6,110.94999694824219
MRK,LL,BOTTOM,1.0,vwap_spread_tide_current,0.0727,9,7,36.24,-0.0,7,109.18000030517578
MRK,HL,BOTTOM,1.0,vwap_spread_tide_current,-0.0424,9,7,36.23,-0.0,7,112.16000366210938
MSFT,UNKNOWN,TOP,,,0.0,0,0,0.0,0.0,0,30.789989471435547
MSFT,HH,TOP,,,0.0,0,0,0.0,0.0,0,31.110000610351562
MSFT,LH,TOP,,,0.0,0,0,0.0,0.0,0,30.69009017944336
MSFT,HL,BOTTOM,8.0,vwap_sigma_wave,-0.1273,1,0,0.0,0.0,0,29.8700008392334
MSFT,LL,BOTTOM,9.0,vwap_sigma_wave,-0.097,1,0,0.0,0.0,0,29.329999923706055
MSFT,HL,BOTTOM,10.0,vwap_sigma_wave,-0.0545,1,0,0.0,0.0,0,29.490009307861328
MSFT,HH,TOP,,,0.0,0,0,0.0,0.0,0,30.920000076293945
MSFT,HH,TOP,,,0.0,0,0,0.0,0.0,0,31.509990692138672
MSFT,LH,TOP,,,0.0,0,0,0.0,0.0,0,31.15999984741211
MSFT,LL,BOTTOM,1.0,vwap_sigma_current,0.1273,1,2,10.05,-0.4,2,28.10000991821289
MSFT,LL,BOTTOM,1.0,vwap_sigma_current,0.2,2,2,10.55,0.0,2,27.809999465942383
MSFT,HL,BOTTOM,1.0,vwap_sigma_current,0.2485,2,0,0.0,0.0,0,28.25
MSFT,HH,TOP,1.0,sigma_tide,0.7939,9,6,61.1,-0.9,6,36.810001373291016
MSFT,HH,TOP,1.0,sigma_tide,0.8424,9,8,71.5,-1.2,8,37.060001373291016
MSFT,LH,TOP,1.0,d_current_slope,0.9273,9,9,65.02,-0.9,9,37.060001373291016
MSFT,HL,BOTTOM,5.0,kf_price_pred_val,-0.5394,4,0,0.0,-0.2,0,32.91999816894531
MSFT,LL,BOTTOM,6.0,kf_price_pred_val,-0.4788,4,0,0.0,-0.4,0,32.77000045776367
MSFT,HL,BOTTOM,7.0,kf_price_pred_val,-0.3697,4,2,10.14,0.0,2,34.14999008178711
MSFT,LH,TOP,,,0.0,0,0,0.0,0.0,0,36.61000061035156
MSFT,LH,TOP,,,0.0,0,0,0.0,0.0,0,35.970001220703125
MSFT,LL,BOTTOM,1.0,wave_slope,0.3455,9,9,62.24,-0.0,9,26.990009307861328
MSFT,HL,BOTTOM,1.0,wave_slope,0.3455,9,5,41.99,0.6,5,27.59000015258789
MSFT,LH,TOP,1.0,current_slope,-0.3879,9,3,21.51,-0.2,3,28.299999237060547
MSFT,HH,TOP,1.0,current_slope,-0.2545,8,6,35.08,0.2,6,29.420000076293945
MSFT,LH,TOP,1.0,current_slope,-0.1515,8,3,20.93,-0.0,3,28.6200008392334
MSFT,HL,BOTTOM,1.0,vwap_spread_current_wave,0.0121,6,3,17.96,-0.5,3,28.049999237060547
MSFT,LL,BOTTOM,1.0,vwap_spread_current_wave,0.0061,6,3,18.72,-1.0,3,27.90999984741211
MSFT,HH,TOP,1.0,d_current_slope,0.0242,3,3,27.86,-0.8,3,31.450000762939453
MSFT,HH,TOP,1.0,d_current_slope,0.1091,3,2,25.69,-1.1,2,31.799999237060547
MSFT,LH,TOP,1.0,d_current_slope,0.2485,3,5,52.69,-0.9,5,29.829999923706055
MSFT,HL,BOTTOM,1.0,kf_price_pred_val,0.5636,5,1,4.18,-0.2,1,28.639999389648438
MSFT,LL,BOTTOM,1.0,kf_price_pred_val,0.3636,5,0,0.0,-0.4,0,28.520000457763672
MSFT,HL,BOTTOM,2.0,kf_price_pred_val,0.097,5,2,14.86,0.0,2,29.39999008178711
MSFT,HH,TOP,9.0,kf_price_filt_vel,-0.0848,2,0,0.0,0.0,0,29.929990768432617
MSFT,HH,TOP,10.0,kf_price_filt_vel,-0.1091,2,0,0.0,0.0,0,30.45009994506836
MSFT,LH,TOP,,,0.0,0,0,0.0,0.0,0,29.990009307861328
MSFT,LL,BOTTOM,10.0,geo_phase_angle,-0.0545,1,0,0.0,0.2,0,27.889999389648438
MSFT,LL,BOTTOM,,,0.0,0,0,0.0,-0.1,0,27.1200008392334
MSFT,HL,BOTTOM,,,0.0,0,1,4.77,-0.2,1,28.240009307861328
MSFT,LH,TOP,1.0,fear_level,0.0545,1,2,10.1,-0.0,2,29.070009231567383
MSFT,LL,BOTTOM,1.0,fear_level,0.4303,7,4,18.14,-0.0,4,25.14999008178711
MSFT,HL,BOTTOM,1.0,fear_level,0.3636,7,4,19.71,-0.3,4,26.14999008178711
MSFT,LH,TOP,1.0,kf_price_filt_vel,0.2606,7,4,29.67,-0.3,4,27.259990692138672
MSFT,HH,TOP,1.0,kf_price_pred_val,0.1212,7,1,4.77,-0.9,1,27.520000457763672
MSFT,LH,TOP,1.0,fear_level,-0.0182,7,4,44.99,-0.6,4,25.860000610351562
MSFT,LL,BOTTOM,1.0,fear_level,-0.1636,4,1,4.77,-0.3,1,25.280000686645508
MSFT,HL,BOTTOM,1.0,fear_level,0.0,1,3,13.11,-0.0,3,26.210010528564453
MSFT,HH,TOP,1.0,kf_price_pred_val,0.2485,4,1,4.77,-0.2,1,27.389999389648438
MSFT,HH,TOP,1.0,fear_level,0.1879,4,1,4.77,-0.8,1,28.1299991607666
MSFT,HL,BOTTOM,,,0.0,0,0,0.0,0.6,0,26.35000991821289
MSFT,LL,BOTTOM,,,0.0,0,0,0.0,0.3,0,25.64999008178711
MSFT,LH,TOP,,,0.0,0,3,14.59,0.8,3,27.34000015258789
MSFT,HH,TOP,1.0,kf_price_pred_val,0.1636,3,0,0.0,0.2,0,27.6200008392334
MSFT,HL,BOTTOM,3.0,kf_price_pred_val,0.0909,3,3,20.28,-0.9,3,25.990009307861328
MSFT,LL,BOTTOM,1.0,kf_price_filt_vel,0.2182,3,6,54.23,-0.1,6,24.570009231567383
MSFT,HL,BOTTOM,1.0,kf_price_pred_val,0.4727,6,1,5.97,0.1,1,25.259990692138672
MSFT,LH,TOP,1.0,fear_level,-0.0545,6,3,13.61,-0.5,3,26.610000610351562
MSFT,HH,TOP,1.0,kf_price_pred_val,0.0788,6,3,14.66,-0.6,3,27.39999008178711
MSFT,LL,BOTTOM,1.0,kf_price_pred_val,0.0121,6,5,71.81,0.6,5,25.009990692138672
MSFT,HL,BOTTOM,1.0,kf_price_filt_vel,0.0182,6,2,8.9,1.9,2,26.690000534057617
MSFT,LH,TOP,1.0,fear_level,-0.0,6,2,8.93,2.0,2,26.479999542236328
MSFT,LL,BOTTOM,1.0,vwap_sigma_current,0.5697,10,7,36.26,-1.5,7,22.299999237060547
MSFT,LL,BOTTOM,1.0,vwap_sigma_current,0.6424,10,10,50.1,-0.6,10,21.5
MSFT,LH,TOP,1.0,vwap_sigma_current,0.8303,10,4,340.38,-0.6,4,25.5
MSFT,LH,TOP,1.0,kf_price_filt_vel,0.7394,10,1,4.51,-0.0,1,24.10000991821289
MSFT,HL,BOTTOM,1.0,tide_slope,0.297,10,7,60.52,2.2,7,22.65999984741211
MSFT,HL,BOTTOM,1.0,kf_price_filt_vel,0.1939,10,1,4.48,1.6,1,24.190000534057617
MSFT,HH,TOP,1.0,tide_slope,-0.7758,10,1,4.42,-0.3,1,24.719999313354492
MSFT,LH,TOP,1.0,tide_slope,-1.0424,10,7,42.42,-0.2,7,23.360000610351562
MSFT,LL,BOTTOM,1.0,d_current_slope,0.4485,9,7,42.9,-0.7,7,21.179990768432617
MSFT,HL,BOTTOM,1.0,d_current_slope,0.5879,9,7,94.92,-0.0,7,23.10000991821289
MSFT,LH,TOP,1.0,wave_slope,-0.0424,9,4,20.62,0.0,4,22.6200008392334
MSFT,HH,TOP,1.0,wave_slope,-0.4242,9,5,24.2,-0.7,5,23.530000686645508
MSFT,LH,TOP,1.0,current_slope,-0.3879,9,8,46.66,-0.4,8,22.079999923706055
MSFT,LL,BOTTOM,1.0,wave_slope,0.2121,11,17,94.97,-1.9,17,18.289989471435547
MSFT,LL,BOTTOM,1.0,kf_price_pred_val,0.7394,17,16,98.01,-1.4,16,17.530000686645508
MSFT,HL,BOTTOM,1.0,kf_price_pred_val,1.1697,17,14,199.88,-0.2,14,19.679990768432617
MSFT,LH,TOP,1.0,kf_price_filt_vel,1.2061,17,13,147.75,0.3,13,20.690000534057617
MSFT,LH,TOP,1.0,kf_price_pred_val,1.0909,17,9,53.23,0.4,9,19.990009307861328
MSFT,LL,BOTTOM,1.0,current_slope,-0.0606,17,12,140.36,-0.1,12,18.610000610351562
MSFT,HL,BOTTOM,1.0,kf_price_filt_vel,-0.3212,17,9,58.42,-1.1,9,19.14999008178711
MSFT,HH,TOP,1.0,current_slope,-0.3333,14,10,86.87,0.8,10,21.009990692138672
MSFT,LH,TOP,1.0,kf_price_pred_val,-0.1273,13,6,43.54,0.3,6,20.60000991821289
MSFT,LL,BOTTOM,1.0,vwap_spread_current_wave,-0.2545,12,8,54.11,-0.4,8,19.039989471435547
MSFT,HL,BOTTOM,1.0,vwap_spread_current_wave,-0.1576,11,9,75.44,-0.0,9,20.110000610351562
MSFT,LH,TOP,1.0,kf_price_filt_vel,-0.1576,11,7,49.07,-0.0,7,19.65999984741211
MSFT,LL,BOTTOM,1.0,vwap_spread_current_wave,-0.2667,10,7,47.94,-0.6,7,18.960010528564453
MSFT,HL,BOTTOM,1.0,vwap_spread_current_wave,-0.1394,9,9,57.77,0.2,9,19.34000015258789
MSFT,HH,TOP,1.0,vwap_spread_current_wave,0.2242,10,7,45.68,-0.5,7,20.520000457763672
MSFT,HH,TOP,1.0,vwap_spread_current_wave,0.1636,10,6,41.27,-0.7,6,20.759990692138672
MSFT,LH,TOP,1.0,vwap_spread_current_wave,0.0485,10,10,88.17,0.0,10,19.509990692138672
MSFT,HL,BOTTOM,1.0,vwap_spread_tide_current,0.0061,10,7,39.85,-0.9,7,19.3799991607666
MSFT,LL,BOTTOM,1.0,vwap_spread_tide_current,-0.0485,10,10,123.87,-0.7,10,17.110000610351562
MSFT,HL,BOTTOM,1.0,kf_price_pred_val,0.3152,10,8,46.0,-0.6,8,17.200000762939453
MSFT,LH,TOP,1.0,vwap_spread_tide_current,0.2788,10,5,32.57,-0.0,5,17.65999984741211
MSFT,HH,TOP,1.0,vwap_spread_tide_current,0.0545,10,7,41.61,-0.0,7,18.039989471435547
MSFT,LH,TOP,1.0,vwap_spread_tide_current,0.0182,10,5,33.04,-0.3,5,17.59000015258789
MSFT,LL,BOTTOM,1.0,vwap_spread_tide_current,-0.1939,10,5,33.68,-0.3,5,17.10000991821289
MSFT,HH,TOP,1.0,vwap_spread_tide_current,-0.4727,10,4,29.62,0.1,4,19.039989471435547
MSFT,HH,TOP,1.0,vwap_spread_tide_current,-0.3636,8,5,33.77,-0.0,5,19.65999984741211
MSFT,LL,BOTTOM,1.0,tide_slope,0.4182,10,9,56.94,-0.1,9,15.149999618530273
MSFT,HL,BOTTOM,1.0,tide_slope,0.4061,10,8,111.17,-0.3,8,16.479999542236328
MSFT,LH,TOP,1.0,kf_price_filt_vel,0.2909,10,8,77.23,-0.2,8,17.110000610351562
MSFT,LH,TOP,1.0,kf_price_pred_val,0.1394,10,5,38.79,-0.7,5,17.009990692138672
MSFT,LL,BOTTOM,1.0,tide_slope,-0.1758,10,8,62.96,0.4,8,16.25
MSFT,HL,BOTTOM,1.0,tide_slope,-0.0061,9,5,39.73,-0.0,5,16.89999008178711
MSFT,HH,TOP,1.0,tide_slope,-0.2485,8,4,35.5,0.9,4,17.8799991607666
MSFT,HH,TOP,1.0,tide_slope,-0.2121,8,5,40.57,0.1,5,18.829999923706055
MSFT,LH,TOP,1.0,tide_slope,-0.2727,8,6,44.77,-0.1,6,18.1299991607666
MSFT,HL,BOTTOM,1.0,tide_slope,-0.1455,8,8,65.78,-0.5,8,17.479999542236328
MSFT,HL,BOTTOM,1.0,tide_slope,0.1697,8,7,51.01,-0.7,7,18.3700008392334
MSFT,HH,TOP,1.0,tide_slope,-0.0667,9,9,69.91,-0.6,9,18.829999923706055
MSFT,HH,TOP,1.0,kf_conjugation_pred_val,0.0545,9,8,66.23,-0.5,8,19.759990692138672
MSFT,LH,TOP,1.0,kf_conjugation_pred_val,0.2303,9,8,70.44,1.0,8,19.200000762939453
MSFT,HL,BOTTOM,1.0,kf_conjugation_pred_val,0.2182,9,7,61.99,0.8,7,18.610000610351562
MSFT,HL,BOTTOM,1.0,kf_conjugation_pred_val,0.2606,9,6,57.9,0.7,6,18.969999313354492
MSFT,LH,TOP,1.0,kf_conjugation_pred_val,-0.0848,9,6,54.67,-0.6,6,18.920000076293945
MSFT,HH,TOP,1.0,conj_wave_tide,-0.1636,9,12,170.18,0.2,12,20.90999984741211
MSFT,HL,BOTTOM,1.0,tide_slope,0.097,12,8,55.01,-0.0,8,19.789989471435547
MSFT,LL,BOTTOM,1.0,tide_slope,-0.0364,12,6,42.0,-0.3,6,19.320009231567383
MSFT,HL,BOTTOM,1.0,tide_slope,-0.303,12,5,36.31,-0.7,5,19.420000076293945
MSFT,HH,TOP,1.0,conj_current_tide,0.5152,8,6,37.98,-0.0,6,23.5
MSFT,HH,TOP,1.0,conj_current_tide,0.3455,8,8,50.74,0.4,8,24.070009231567383
MSFT,HL,BOTTOM,1.0,conj_current_tide,-0.2606,7,6,30.83,-0.3,6,22.440000534057617
MSFT,LL,BOTTOM,1.0,conj_current_tide,-0.2545,7,4,20.18,-0.5,4,22.389999389648438
MSFT,HH,TOP,1.0,tide_accel,-0.1758,7,3,31.51,-0.3,3,24.799999237060547
MSFT,HH,TOP,1.0,d_tide_slope,-0.3091,7,3,40.22,-0.7,3,25.559999465942383
MSFT,LH,TOP,1.0,d_tide_slope,-0.2424,7,6,80.49,-0.2,6,23.450000762939453
MSFT,HL,BOTTOM,1.0,kf_price_filt_vel,-0.1091,7,4,34.0,-0.0,4,23.110000610351562
MSFT,HL,BOTTOM,1.0,tide_accel,0.0909,6,3,27.32,-0.0,3,23.469999313354492
MSFT,HH,TOP,1.0,d_tide_slope,0.0,2,2,10.8,-0.0,2,25.710010528564453
MSFT,HH,TOP,1.0,d_tide_slope,0.0,2,2,8.65,-0.0,2,25.940000534057617
MSFT,LH,TOP,1.0,d_tide_slope,0.0,2,2,24.39,-0.0,2,25.549999237060547
MSFT,HL,BOTTOM,1.0,d_tide_slope,0.0,2,2,10.52,0.2,2,24.639999389648438
MSFT,HL,BOTTOM,1.0,d_tide_slope,0.0,2,0,0.0,-0.0,0,25.110000610351562
MSFT,HH,TOP,1.0,vwap_spread_tide_wave,0.1455,3,3,15.33,-0.0,3,31.170000076293945
MSFT,HH,TOP,1.0,vwap_spread_tide_wave,0.1515,3,3,15.55,-0.0,3,31.389999389648438
MSFT,LH,TOP,1.0,vwap_spread_tide_wave,0.1455,3,3,15.82,-0.0,3,30.960010528564453
MSFT,HL,BOTTOM,1.0,sigma_tide,-0.0061,5,3,15.2,0.2,3,27.719999313354492
MSFT,HL,BOTTOM,1.0,sigma_tide,-0.0424,5,2,9.41,0.1,2,28.009990692138672
MSFT,HH,TOP,,,0.0,0,0,0.0,0.0,0,31.332000732421875
MSFT,HH,TOP,,,0.0,0,0,0.0,0.0,0,31.389999389648438
MSFT,LH,TOP,,,0.0,0,0,0.0,0.0,0,30.960010528564453
MSFT,LL,BOTTOM,1.0,kf_rsi_pred_val,0.7758,7,7,39.83,-1.2,7,26.070009231567383
MSFT,LL,BOTTOM,1.0,kf_rsi_pred_val,0.9394,7,8,58.48,-1.4,8,25.009990692138672
MSFT,HL,BOTTOM,1.0,kf_rsi_pred_val,1.0727,8,8,45.06,-0.5,8,26.0
MSFT,LH,TOP,1.0,kf_conjugation_pred_val,0.7394,8,3,18.63,1.0,3,26.460010528564453
MSFT,HH,TOP,1.0,kf_conjugation_pred_val,0.2485,8,3,19.39,-0.3,3,26.860000610351562
MSFT,LH,TOP,1.0,kf_conjugation_pred_val,-0.2788,8,6,35.64,-0.6,6,25.789989471435547
MSFT,LL,BOTTOM,1.0,kf_conjugation_pred_val,-0.2909,8,6,37.71,-0.2,6,25.110000610351562
MSFT,LL,BOTTOM,1.0,kf_conjugation_pred_val,-0.2485,8,8,48.8,0.2,8,24.789989471435547
MSFT,HL,BOTTOM,1.0,kf_conjugation_pred_val,-0.0848,8,4,31.59,-0.2,4,25.0
MSFT,LH,TOP,1.0,kf_conjugation_pred_val,0.0182,8,4,30.62,-0.4,4,25.4950008392334
MSFT,HH,TOP,1.0,kf_conjugation_pred_val,0.0364,8,7,43.35,0.7,7,26.582500457763672
MSFT,LH,TOP,1.0,conj_wave_tide,0.1879,8,4,26.84,0.9,4,26.320009231567383
MSFT,LL,BOTTOM,1.0,conj_current_tide,0.1212,7,13,64.83,-2.2,13,23.309999465942383
MSFT,LL,BOTTOM,1.0,conj_current_tide,0.6182,13,13,69.38,-2.0,13,23.009990692138672
MSFT,HL,BOTTOM,1.0,conj_current_tide,0.8424,13,12,63.71,-1.3,12,23.15999984741211
MSFT,HH,TOP,1.0,d_current_slope,-0.1697,5,2,8.11,0.6,2,26.329999923706055
MSFT,LH,TOP,1.0,d_current_slope,-0.2242,5,0,0.0,0.2,0,26.15999984741211
MSFT,HL,BOTTOM,1.0,fear_level,0.0182,2,2,8.84,-0.2,2,23.639999389648438
MSFT,LL,BOTTOM,1.0,fear_level,0.2,2,2,9.04,-0.0,2,23.46500015258789
MSFT,HL,BOTTOM,1.0,fear_level,0.2485,2,1,4.77,-0.0,1,23.89999008178711
MSFT,LH,TOP,1.0,fear_level,0.0182,4,1,4.77,0.1,1,25.429990768432617
MSFT,LH,TOP,1.0,fear_level,-0.0182,4,1,4.77,-0.0,1,25.14999008178711
MSFT,HL,BOTTOM,3.0,geo_phase_angle,-0.103,2,0,0.0,0.0,0,23.90999984741211
MSFT,HL,BOTTOM,4.0,geo_phase_angle,-0.1455,2,0,0.0,0.0,0,24.35000991821289
MSFT,HH,TOP,,,0.0,0,0,0.0,-0.6,0,26.950000762939453
MSFT,HH,TOP,,,0.0,0,3,13.23,0.0,3,27.389999389648438
MSFT,LH,TOP,1.0,current_accel,0.1636,3,0,0.0,0.0,0,27.030000686645508
MSFT,HL,BOTTOM,,,0.0,0,0,0.0,0.0,0,25.729999542236328
MSFT,LL,BOTTOM,,,0.0,0,0,0.0,0.0,0,25.1200008392334
MSFT,HL,BOTTOM,,,0.0,0,0,0.0,0.2,0,25.3700008392334
MSFT,HH,TOP,,,0.0,0,0,0.0,-0.2,0,28.780000686645508
MSFT,HH,TOP,,,0.0,0,0,0.0,-0.4,0,28.8700008392334
MSFT,LH,TOP,,,0.0,0,2,9.21,0.0,2,27.75101089477539
MSFT,LL,BOTTOM,1.0,rsi_value,-0.2121,3,3,16.01,-0.8,3,24.789989471435547
MSFT,LL,BOTTOM,1.0,rsi_value,-0.0303,3,3,16.6,-0.4,3,24.780000686645508
MSFT,HL,BOTTOM,1.0,rsi_value,0.0182,3,2,12.05,0.0,2,24.799999237060547
MSFT,LH,TOP,,,0.0,0,0,0.0,0.0,0,26.3799991607666
MSFT,HH,TOP,,,0.0,0,0,0.0,0.0,0,26.710010528564453
MSFT,LH,TOP,,,0.0,0,0,0.0,0.0,0,25.920000076293945
MSFT,LL,BOTTOM,3.0,vwap_sigma_current,-0.0606,2,0,0.0,-0.2,0,23.960010528564453
MSFT,LL,BOTTOM,4.0,vwap_sigma_current,0.0242,1,1,4.46,0.0,1,23.704999923706055
MSFT,HH,TOP,1.0,d_current_slope,0.1091,2,2,11.85,-0.4,2,27.90999984741211
MSFT,HH,TOP,1.0,d_current_slope,0.1939,2,2,8.07,0.0,2,28.079999923706055
MSFT,LH,TOP,1.0,d_current_slope,0.2545,2,0,0.0,0.0,0,27.329999923706055
MSFT,HL,BOTTOM,1.0,kf_price_pred_val,-0.0,2,2,15.63,-0.0,2,25.579999923706055
MSFT,LL,BOTTOM,1.0,kf_price_filt_vel,0.1939,2,0,0.0,-0.3,0,24.200000762939453
MSFT,HL,BOTTOM,2.0,kf_price_filt_vel,0.1455,2,2,11.53,-0.0,2,25.190000534057617
MSFT,LH,TOP,2.0,kf_price_filt_vel,0.1333,2,0,0.0,-0.1,0,25.509990692138672
MSFT,LH,TOP,3.0,kf_price_filt_vel,0.0606,2,1,5.77,0.4,1,25.35000991821289
MSFT,LL,BOTTOM,1.0,kf_price_pred_val,-0.1576,2,0,0.0,-0.4,0,23.979999542236328
MSFT,HL,BOTTOM,2.0,kf_price_pred_val,-0.1212,2,2,9.68,0.0,2,24.719999313354492
MSFT,HH,TOP,1.0,fear_level,0.1455,1,1,4.72,-0.3,1,27.210010528564453
MSFT,LH,TOP,1.0,geo_phase_angle,0.1515,1,0,0.0,-0.9,0,26.979999542236328
MSFT,LL,BOTTOM,7.0,kf_price_pred_val,-0.2,3,0,0.0,0.0,0,24.530000686645508
MSFT,HL,BOTTOM,8.0,kf_price_pred_val,-0.2182,3,0,0.0,0.0,0,25.34000015258789
MSFT,LH,TOP,,,0.0,0,0,0.0,0.0,0,26.979999542236328
MSFT,HH,TOP,,,0.0,0,0,0.0,0.0,0,27.309999465942383
MSFT,LH,TOP,,,0.0,0,0,0.0,0.0,0,27.1299991607666
MSFT,LL,BOTTOM,1.0,fear_level,0.1636,3,4,19.38,0.0,4,24.299999237060547
MSFT,HH,TOP,,,0.0,0,0,0.0,0.0,0,32.77000045776367
MSFT,HH,TOP,,,0.0,0,0,0.0,0.0,0,32.85000991821289
MSFT,LH,TOP,,,0.0,0,0,0.0,0.0,0,32.60000991821289
MSFT,HL,BOTTOM,,,0.0,0,1,4.11,-0.4,1,30.469999313354492
MSFT,LL,BOTTOM,1.0,vwap_sigma_wave,0.0545,1,2,9.06,0.0,2,30.344999313354492
MSFT,HL,BOTTOM,1.0,vwap_sigma_wave,0.1515,2,0,0.0,0.0,0,30.97500991821289
MSFT,LH,TOP,6.0,vwap_sigma_wave,-0.0303,2,0,0.0,-0.2,0,31.009990692138672
MSFT,HH,TOP,7.0,vwap_sigma_wave,-0.0667,2,1,4.42,0.0,1,32.41999816894531
MSFT,LL,BOTTOM,3.0,vwap_sigma_current,-0.1818,4,0,0.0,-0.4,0,29.190000534057617
MSFT,LL,BOTTOM,4.0,vwap_sigma_current,-0.2364,4,2,8.95,0.0,2,28.450000762939453
MSFT,LH,TOP,,,0.0,0,0,0.0,0.0,0,30.700000762939453
MSFT,HH,TOP,,,0.0,0,0,0.0,0.0,0,30.929990768432617
MSFT,LH,TOP,,,0.0,0,0,0.0,0.0,0,30.134990692138672
MSFT,HL,BOTTOM,,,0.0,0,0,0.0,0.0,0,29.299999237060547
MSFT,LL,BOTTOM,,,0.0,0,0,0.0,0.0,0,28.6299991607666
MSFT,HL,BOTTOM,,,0.0,0,0,0.0,0.0,0,29.389999389648438
MSFT,HH,TOP,,,0.0,0,0,0.0,-0.0,0,30.450000762939453
MSFT,HH,TOP,,,0.0,0,0,0.0,-0.3,0,30.664989471435547
MSFT,LH,TOP,,,0.0,0,0,0.0,-0.6,0,30.115009307861328
MSFT,LL,BOTTOM,1.0,kf_price_filt_vel,0.1636,3,0,0.0,0.0,0,29.14999008178711
MSFT,LL,BOTTOM,2.0,kf_price_filt_vel,0.1273,3,0,0.0,0.0,0,28.829999923706055
MSFT,HL,BOTTOM,3.0,kf_price_filt_vel,0.0909,3,0,0.0,0.0,0,29.15999984741211
MSFT,HH,TOP,,,0.0,0,0,0.0,0.0,0,31.052000045776367
MSFT,HH,TOP,,,0.0,0,0,0.0,0.0,0,31.450000762939453
MSFT,LH,TOP,,,0.0,0,0,0.0,0.2,0,31.190000534057617
MSFT,LL,BOTTOM,1.0,kf_rsi_pred_val,0.2242,4,3,16.49,-0.5,3,27.901899337768555
MSFT,LL,BOTTOM,1.0,kf_rsi_pred_val,0.3212,4,3,16.0,-0.0,3,27.8799991607666
MSFT,HL,BOTTOM,1.0,kf_rsi_pred_val,0.4606,4,0,0.0,-0.1,0,28.210010528564453
MSFT,LH,TOP,2.0,kf_price_pred_val,-0.1758,4,0,0.0,0.0,0,29.6299991607666
MSFT,HH,TOP,3.0,kf_price_pred_val,-0.3576,4,0,0.0,1.2,0,29.860000610351562
MSFT,LH,TOP,4.0,kf_price_pred_val,-0.4727,4,0,0.0,1.2,0,29.079999923706055
MSFT,LL,BOTTOM,1.0,vwap_sigma_tide,-0.4182,6,1,4.76,-0.3,1,26.429399490356445
MSFT,LL,BOTTOM,1.0,vwap_sigma_tide,-0.097,2,3,13.24,-0.0,3,26.3700008392334
MSFT,HL,BOTTOM,1.0,vwap_sigma_tide,0.1273,3,1,4.35,-0.1,1,26.670000076293945
MSFT,HH,TOP,,,0.0,0,2,11.19,-1.2,2,29.610000610351562
MSFT,HH,TOP,1.0,vwap_sigma_wave,0.1091,2,5,27.38,-0.4,5,30.280000686645508
MSFT,LH,TOP,1.0,vwap_sigma_current,0.3576,5,2,12.12,0.0,2,28.934999465942383
MSFT,HL,BOTTOM,2.0,kf_price_filt_vel,0.2727,5,0,0.0,0.8,0,28.690000534057617
MSFT,HL,BOTTOM,3.0,kf_price_filt_vel,0.1636,5,0,0.0,0.4,0,28.969999313354492
MSFT,HH,TOP,1.0,conj_current_tide,-0.0788,5,2,10.08,-0.0,2,34.96001052856445
MSFT,HH,TOP,1.0,conj_current_tide,-0.1818,5,2,10.1,0.2,2,35.66999816894531
MSFT,HL,BOTTOM,1.0,vwap_spread_current_wave,0.0182,3,1,5.52,-0.0,1,33.49000930786133
MSFT,LL,BOTTOM,1.0,vwap_spread_current_wave,-0.0485,3,1,5.17,-0.2,1,33.26499938964844
MSFT,HH,TOP,,,0.0,0,0,0.0,1.3,0,36.16999816894531
MSFT,HH,TOP,,,0.0,0,0,0.0,0.9,0,36.27000045776367
MSFT,LH,TOP,,,0.0,0,0,0.0,0.2,0,35.74000930786133
MSFT,LL,BOTTOM,1.0,kf_rsi_pred_val,0.503,7,3,13.23,-0.2,3,31.960010528564453
MSFT,LL,BOTTOM,1.0,kf_rsi_pred_val,0.5091,7,1,4.35,0.0,1,31.389999389648438
MSFT,HL,BOTTOM,1.0,kf_rsi_pred_val,0.3697,7,0,0.0,0.0,0,31.6200008392334
MSFT,LH,TOP,,,0.0,0,0,0.0,-0.6,0,32.38999938964844
MSFT,HH,TOP,,,0.0,0,3,52.46,-0.2,3,34.75
MSFT,LL,BOTTOM,1.0,kf_price_pred_val,0.0788,3,0,0.0,-0.0,0,31.235000610351562
MSFT,LL,BOTTOM,2.0,kf_price_pred_val,-0.0303,3,0,0.0,-0.2,0,31.15199089050293
MSFT,HH,TOP,,,0.0,0,0,0.0,0.0,0,38.310001373291016
MSFT,HH,TOP,,,0.0,0,0,0.0,0.0,0,38.939998626708984
MSFT,LH,TOP,,,0.0,0,0,0.0,0.0,0,38.0
MSFT,HL,BOTTOM,,,0.0,0,1,4.74,0.0,1,34.97999954223633
MSFT,HL,BOTTOM,1.0,vwap_sigma_wave,0.0545,1,0,0.0,0.0,0,35.779998779296875
MSFT,LH,TOP,,,0.0,0,0,0.0,0.0,0,36.86000061035156
MSFT,HH,TOP,,,0.0,0,0,0.0,0.0,0,37.84000015258789
MSFT,HL,BOTTOM,,,0.0,0,0,0.0,0.0,0,36.349998474121094
MSFT,LL,BOTTOM,,,0.0,0,0,0.0,0.0,0,35.81999969482422
MSFT,HL,BOTTOM,,,0.0,0,0,0.0,0.0,0,36.18000030517578
MSFT,HH,TOP,7.0,vwap_sigma_current,-0.1455,3,0,0.0,0.0,0,40.9900016784668
MSFT,HH,TOP,8.0,vwap_sigma_current,-0.1939,3,0,0.0,0.0,0,41.41999816894531
MSFT,LH,TOP,9.0,vwap_sigma_current,-0.0424,1,0,0.0,0.0,0,41.349998474121094
MSFT,HL,BOTTOM,,,0.0,0,0,0.0,0.0,0,39.43000030517578
MSFT,LL,BOTTOM,,,0.0,0,0,0.0,0.0,0,39.060001373291016
MSFT,HL,BOTTOM,,,0.0,0,0,0.0,0.0,0,39.42499923706055
MSFT,HH,TOP,5.0,kf_rsi_pred_val,0.0061,1,0,0.0,0.0,0,46.68000030517578
MSFT,HH,TOP,6.0,kf_rsi_pred_val,-0.0061,1,0,0.0,0.0,0,47.52000045776367
MSFT,HL,BOTTOM,1.0,vwap_sigma_wave,0.2182,4,1,4.78,-0.4,1,43.220001220703125
MSFT,LL,BOTTOM,1.0,vwap_sigma_wave,0.2,4,2,9.26,0.0,2,42.7400016784668
MSFT,HL,BOTTOM,1.0,vwap_sigma_wave,0.2242,4,0,0.0,0.0,0,43.630001068115234
MSFT,HH,TOP,,,0.0,0,0,0.0,0.0,0,48.779998779296875
MSFT,HH,TOP,,,0.0,0,0,0.0,0.0,0,49.61000061035156
MSFT,LH,TOP,,,0.0,0,0,0.0,0.0,0,49.58000183105469
MSFT,HL,BOTTOM,,,0.0,0,0,0.0,-0.2,0,46.66999816894531
MSFT,LL,BOTTOM,,,0.0,0,1,5.75,-0.3,1,45.15999984741211
MSFT,HL,BOTTOM,1.0,sigma_tide,0.0545,1,0,0.0,-0.6,0,45.7400016784668
MSFT,LH,TOP,2.0,kf_price_filt_vel,0.1455,3,0,0.0,0.0,0,47.97999954223633
MSFT,HH,TOP,3.0,kf_price_filt_vel,0.097,3,0,0.0,0.0,0,48.45000076293945
MSFT,LH,TOP,4.0,kf_price_filt_vel,0.0485,3,0,0.0,0.0,0,48.13999938964844
MSFT,LL,BOTTOM,1.0,kf_price_pred_val,0.7576,10,2,16.37,-1.3,2,42.0099983215332
MSFT,LL,BOTTOM,1.0,sigma_tide,0.6606,10,6,39.97,-0.8,6,40.400001525878906
MSFT,LH,TOP,7.0,sigma_tide,-0.1455,1,0,0.0,0.0,0,44.150001525878906
MSFT,LH,TOP,8.0,sigma_tide,-0.1273,1,0,0.0,0.0,0,44.09000015258789
MSFT,HL,BOTTOM,5.0,kf_price_filt_vel,0.0121,2,0,0.0,0.0,0,40.720001220703125
MSFT,LL,BOTTOM,6.0,kf_price_filt_vel,-0.0121,2,0,0.0,0.0,0,40.290000915527344
MSFT,HH,TOP,1.0,kf_price_pred_val,0.3818,7,4,22.57,-0.6,4,48.029998779296875
MSFT,HH,TOP,1.0,kf_rsi_pred_val,0.5152,7,3,18.98,-0.8,3,49.154998779296875
MSFT,LH,TOP,1.0,kf_rsi_pred_val,0.5455,7,2,13.69,-0.8,2,49.060001373291016
MSFT,HL,BOTTOM,2.0,rsi_value,0.1091,7,0,0.0,-0.2,0,47.599998474121094
MSFT,LL,BOTTOM,3.0,rsi_value,-0.1576,7,1,4.02,0.2,1,46.279998779296875
MSFT,HL,BOTTOM,1.0,kf_price_pred_val,-0.3697,7,0,0.0,0.5,0,46.70000076293945
MSFT,LH,TOP,5.0,kf_price_pred_val,-0.3333,4,1,4.01,0.2,1,47.625
MSFT,HH,TOP,1.0,kf_conjugation_pred_val,-0.2545,4,2,8.91,-0.0,2,48.720001220703125
MSFT,LH,TOP,1.0,kf_conjugation_pred_val,0.0242,2,3,13.91,-0.2,3,48.29499816894531
MSFT,LL,BOTTOM,,,0.0,0,3,16.48,-0.0,3,44.369998931884766
MSFT,LL,BOTTOM,1.0,d_current_slope,0.1636,3,3,13.19,0.4,3,44.150001525878906
MSFT,HL,BOTTOM,1.0,vwap_sigma_wave,0.2909,3,0,0.0,-0.0,0,44.44499969482422
MSFT,LH,TOP,4.0,geo_phase_angle,-0.0667,2,0,0.0,0.0,0,47.540000915527344
MSFT,HH,TOP,5.0,geo_phase_angle,-0.103,2,0,0.0,0.0,0,47.58000183105469
MSFT,LH,TOP,6.0,geo_phase_angle,-0.0061,1,0,0.0,0.0,0,46.619998931884766
MSFT,LL,BOTTOM,1.0,kf_price_pred_val,0.3818,7,5,37.0,-1.6,5,41.68000030517578
MSFT,LL,BOTTOM,1.0,kf_price_pred_val,0.5697,7,6,43.62,-0.5,6,40.470001220703125
MSFT,HL,BOTTOM,1.0,kf_rsi_pred_val,0.7515,7,4,47.3,-0.3,4,42.709999084472656
MSFT,HH,TOP,,,0.0,0,0,0.0,0.0,0,55.95000076293945
MSFT,HH,TOP,,,0.0,0,0,0.0,0.0,0,56.54999923706055
MSFT,LH,TOP,,,0.0,0,0,0.0,0.8,0,56.310001373291016
MSFT,HL,BOTTOM,1.0,d_current_slope,0.2242,4,3,18.87,-0.4,3,50.790000915527344
MSFT,LL,BOTTOM,1.0,d_current_slope,0.1091,4,1,4.71,-0.4,1,50.47999954223633
MSFT,HL,BOTTOM,1.0,vwap_sigma_current,-0.1515,4,2,9.62,0.6,2,52.290000915527344
MSFT,LH,TOP,4.0,kf_price_filt_vel,-0.3697,3,0,0.0,-0.6,0,52.05500030517578
MSFT,HH,TOP,5.0,kf_price_filt_vel,-0.3758,3,3,27.68,-0.0,3,55.09000015258789
MSFT,LL,BOTTOM,1.0,kf_price_pred_val,0.0727,3,1,4.5,-0.2,1,49.40999984741211
MSFT,LL,BOTTOM,1.0,vwap_sigma_current,0.0545,3,1,4.25,0.0,1,49.279998779296875
MSFT,HL,BOTTOM,1.0,vwap_sigma_current,0.0242,3,0,0.0,0.0,0,49.709999084472656
MSFT,HH,TOP,,,0.0,0,0,0.0,0.3,0,56.459999084472656
MSFT,LH,TOP,,,0.0,0,0,0.0,0.2,0,56.38999938964844
MSFT,HL,BOTTOM,1.0,kf_rsi_pred_val,0.2242,3,0,0.0,0.0,0,50.61000061035156
MSFT,LL,BOTTOM,2.0,kf_rsi_pred_val,0.1152,3,0,0.0,0.0,0,49.779998779296875
MSFT,HL,BOTTOM,3.0,kf_rsi_pred_val,0.0061,3,0,0.0,0.0,0,49.869998931884766
MSFT,LH,TOP,,,0.0,0,0,0.0,0.0,0,53.0
MSFT,LH,TOP,,,0.0,0,0,0.0,0.0,0,52.849998474121094
MSFT,LL,BOTTOM,1.0,kf_price_filt_vel,0.1091,2,4,20.08,0.0,4,48.43000030517578
MSFT,HL,BOTTOM,1.0,kf_price_pred_val,0.303,4,0,0.0,0.0,0,49.439998626708984
MSFT,HH,TOP,,,0.0,0,0,0.0,0.0,0,72.27999877929688
MSFT,HH,TOP,,,0.0,0,0,0.0,0.0,0,72.5199966430664
MSFT,LH,TOP,,,0.0,0,0,0.0,0.0,0,72.38999938964844
MSFT,HL,BOTTOM,,,0.0,0,0,0.0,0.0,0,68.16999816894531
MSFT,HH,TOP,1.0,kf_rsi_pred_val,0.2909,3,0,0.0,0.1,0,92.73999786376953
MSFT,HH,TOP,2.0,kf_rsi_pred_val,0.2182,3,1,4.97,-0.0,1,95.01000213623047
MSFT,LH,TOP,1.0,sigma_tide,0.2,3,0,0.0,0.3,0,94.26000213623047
MSFT,HL,BOTTOM,2.0,kf_price_pred_val,-0.0121,3,0,0.0,-0.6,0,89.61000061035156
MSFT,LL,BOTTOM,3.0,kf_price_pred_val,-0.1333,3,3,16.56,0.0,3,85.01000213623047
MSFT,HL,BOTTOM,1.0,kf_price_pred_val,-0.0909,3,0,0.0,0.0,0,88.18000030517578
MSFT,HH,TOP,,,0.0,0,0,0.0,0.0,0,96.7699966430664
MSFT,LH,TOP,,,0.0,0,0,0.0,0.0,0,94.41000366210938
MSFT,HL,BOTTOM,,,0.0,0,0,0.0,-0.5,0,89.79000091552734
MSFT,LL,BOTTOM,,,0.0,0,1,4.85,-0.6,1,87.18000030517578
MSFT,LH,TOP,1.0,kf_price_pred_val,0.0545,1,3,45.2,0.0,3,93.77999877929688
MSFT,LH,TOP,1.0,kf_price_filt_vel,0.2061,3,0,0.0,0.0,0,89.47000122070312
MSFT,HL,BOTTOM,4.0,kf_price_filt_vel,0.0606,3,0,0.0,0.0,0,88.5199966430664
MSFT,HL,BOTTOM,5.0,kf_price_filt_vel,0.0121,3,0,0.0,0.0,0,89.70999908447266
MSFT,HH,TOP,,,0.0,0,0,0.0,0.0,0,115.61000061035156
MSFT,LH,TOP,,,0.0,0,0,0.0,0.0,0,115.1500015258789
MSFT,HL,BOTTOM,7.0,kf_price_filt_vel,-0.1939,3,0,0.0,-1.1,0,108.0999984741211
MSFT,LL,BOTTOM,8.0,kf_price_filt_vel,-0.2667,3,6,45.83,-0.3,6,102.31999969482422
MSFT,HL,BOTTOM,1.0,kf_price_pred_val,0.1879,6,2,14.39,-0.1,2,108.30000305175781
MSFT,LH,TOP,5.0,sigma_tide,-0.3152,6,0,0.0,0.1,0,107.72000122070312
MSFT,HH,TOP,6.0,sigma_tide,-0.4364,6,1,4.39,0.2,1,111.95999908447266
MSFT,LH,TOP,1.0,kf_price_pred_val,-0.103,2,0,0.0,-0.2,0,111.75
MSFT,LL,BOTTOM,3.0,sigma_tide,0.0182,3,1,4.07,-0.3,1,104.62000274658203
MSFT,LL,BOTTOM,1.0,sigma_tide,0.0121,3,2,11.01,-0.1,2,101.70999908447266
MSFT,HL,BOTTOM,1.0,sigma_tide,0.0485,3,1,4.9,-0.3,1,103.11000061035156
MSFT,HH,TOP,3.0,kf_price_pred_val,-0.0848,2,0,0.0,-0.4,0,112.08999633789062
MSFT,LH,TOP,4.0,kf_price_pred_val,-0.1818,2,2,10.06,-0.3,2,108.5199966430664
MSFT,LL,BOTTOM,1.0,sigma_tide,0.2727,4,6,43.55,-1.0,6,94.12999725341797
MSFT,HH,TOP,1.0,rsi_value,0.4121,4,3,17.61,-0.6,3,129.77000427246094
MSFT,HH,TOP,1.0,kf_rsi_pred_val,0.4545,4,3,18.33,0.0,3,130.60000610351562
MSFT,LH,TOP,1.0,rsi_value,0.4606,4,0,0.0,0.0,0,127.87999725341797
MSFT,HL,BOTTOM,,,0.0,0,0,0.0,0.1,0,119.83999633789062
MSFT,HL,BOTTOM,,,0.0,0,0,0.0,-0.0,0,123.16000366210938
MSFT,HH,TOP,,,0.0,0,0,0.0,0.0,0,140.19000244140625
MSFT,HH,TOP,,,0.0,0,0,0.0,0.0,0,141.33999633789062
MSFT,HL,BOTTOM,,,0.0,0,0,0.0,0.0,0,132.2100067138672
MSFT,HL,BOTTOM,,,0.0,0,0,0.0,0.0,0,134.69000244140625
MSFT,HH,TOP,1.0,sigma_tide,0.3091,3,3,22.91,-0.0,3,188.6999969482422
MSFT,LH,TOP,1.0,sigma_tide,0.3394,3,1,7.07,-0.0,1,184.44000244140625
MSFT,HL,BOTTOM,1.0,kf_price_pred_val,0.0667,3,0,0.0,-0.4,0,170.1699981689453
MSFT,LL,BOTTOM,2.0,kf_price_pred_val,0.0,3,2,14.83,-0.3,2,158.17999267578125
MSFT,HL,BOTTOM,1.0,kf_price_pred_val,0.0545,3,0,0.0,-0.0,0,162.00999450683594
MSFT,LH,TOP,2.0,kf_price_pred_val,-0.0121,3,3,66.46,1.5,3,172.7899932861328
MSFT,LH,TOP,1.0,kf_price_filt_vel,0.097,3,0,0.0,1.0,0,164.50999450683594
MSFT,LL,BOTTOM,1.0,kf_price_filt_vel,-0.0606,3,6,73.19,1.5,6,150.6199951171875
MSFT,HL,BOTTOM,1.0,kf_price_pred_val,0.3212,6,2,20.88,1.3,2,160.9199981689453
MSFT,LH,TOP,1.0,kf_price_filt_vel,0.3152,6,2,12.69,0.1,2,153.6300048828125
MSFT,LL,BOTTOM,1.0,d_current_slope,0.2303,6,8,113.54,0.3,8,139.05999755859375
MSFT,HL,BOTTOM,1.0,kf_price_pred_val,0.5818,8,3,131.71,-0.8,3,158.8300018310547
MSFT,LL,BOTTOM,1.0,kf_price_filt_vel,0.4545,8,9,122.83,-0.4,9,135.4199981689453
MSFT,HL,BOTTOM,1.0,kf_price_pred_val,0.8182,9,8,59.47,0.4,8,146.57000732421875
MSFT,LH,TOP,1.0,kf_price_filt_vel,0.8545,9,6,46.81,-0.0,6,140.39999389648438
MSFT,LL,BOTTOM,1.0,d_current_slope,0.3273,9,6,65.92,-0.6,6,135.97999572753906
MSFT,HL,BOTTOM,1.0,kf_conjugation_pred_val,0.3758,9,8,115.73,-0.6,8,148.33999633789062
MSFT,HH,TOP,1.0,kf_conjugation_pred_val,-0.1879,9,4,46.68,0.3,4,160.22999572753906
MSFT,LH,TOP,1.0,kf_conjugation_pred_val,-0.1818,8,3,36.66,-0.3,3,157.7100067138672
MSFT,HL,BOTTOM,1.0,conj_wave_tide,-0.2364,8,6,61.83,-0.0,6,152.11000061035156
MSFT,HL,BOTTOM,1.0,conj_wave_tide,-0.2,8,3,31.7,-0.7,3,155.25999450683594
MSFT,HH,TOP,2.0,kf_price_pred_val,-0.5939,6,0,0.0,-0.0,0,177.0399932861328
MSFT,HH,TOP,3.0,kf_price_pred_val,-0.5091,6,0,0.0,-0.3,0,178.60000610351562
MSFT,HL,BOTTOM,4.0,kf_price_pred_val,-0.5515,6,0,0.0,-0.6,0,175.05999755859375
MSFT,LL,BOTTOM,5.0,kf_price_pred_val,-0.5576,6,3,28.14,0.0,3,167.82000732421875
MSFT,HL,BOTTOM,1.0,kf_price_filt_vel,-0.1636,3,0,0.0,0.2,0,173.52000427246094
MSFT,HH,TOP,1.0,vwap_spread_current_wave,0.1455,2,2,16.31,-0.7,2,189.8000030517578
MSFT,HH,TOP,1.0,vwap_spread_current_wave,0.1273,2,3,19.03,-0.2,3,196.83999633789062
MSFT,LH,TOP,1.0,vwap_spread_current_wave,0.1515,3,4,30.27,0.2,4,186.27000427246094
MSFT,HL,BOTTOM,1.0,vwap_spread_current_wave,0.2061,4,1,8.05,-0.2,1,187.74000549316406
MSFT,HH,TOP,,,0.0,0,0,0.0,-0.0,0,212.8300018310547
MSFT,HH,TOP,,,0.0,0,0,0.0,-0.2,0,214.32000732421875
MSFT,LH,TOP,,,0.0,0,0,0.0,-0.4,0,213.6699981689453
MSFT,HL,BOTTOM,3.0,kf_price_filt_vel,0.0303,3,3,15.25,0.0,3,202.5399932861328
MSFT,LL,BOTTOM,1.0,kf_price_filt_vel,0.1333,3,0,0.0,0.0,0,201.3000030517578
MSFT,HH,TOP,7.0,kf_price_filt_vel,-0.2182,3,3,25.86,0.0,3,216.5399932861328
MSFT,LH,TOP,1.0,kf_price_pred_val,0.0727,3,0,0.0,0.2,0,213.2899932861328
MSFT,HL,BOTTOM,5.0,kf_price_pred_val,0.0182,3,0,0.0,-0.2,0,208.25
MSFT,LL,BOTTOM,6.0,kf_price_pred_val,-0.0182,3,1,4.13,0.0,1,203.3800048828125
MSFT,HL,BOTTOM,1.0,kf_price_pred_val,0.0,3,0,0.0,0.0,0,209.19000244140625
MSFT,HH,TOP,,,0.0,0,0,0.0,0.4,0,227.27000427246094
MSFT,HH,TOP,,,0.0,0,0,0.0,-0.5,0,231.64999389648438
MSFT,LH,TOP,,,0.0,0,3,31.66,-0.5,3,217.3000030517578
MSFT,LL,BOTTOM,6.0,kf_price_filt_vel,-0.2242,3,0,0.0,0.0,0,202.91000366210938
MSFT,LL,BOTTOM,7.0,kf_price_filt_vel,-0.3333,3,0,0.0,0.0,0,200.38999938964844
MSFT,HH,TOP,,,0.0,0,0,0.0,0.0,0,221.39999389648438
MSFT,HH,TOP,,,0.0,0,0,0.0,0.0,0,222.86000061035156
MSFT,LH,TOP,,,0.0,0,0,0.0,0.0,0,220.86000061035156
MSFT,HL,BOTTOM,3.0,kf_price_pred_val,0.0909,3,0,0.0,0.1,0,202.3300018310547
MSFT,HL,BOTTOM,4.0,kf_price_pred_val,0.0545,3,0,0.0,-0.1,0,206.42999267578125
MSFT,HH,TOP,1.0,kf_price_pred_val,0.1455,3,3,17.46,-0.2,3,223.2899932861328
MSFT,HH,TOP,1.0,kf_price_pred_val,0.2364,3,0,0.0,-0.7,0,223.72000122070312
MSFT,HL,BOTTOM,9.0,kf_price_filt_vel,-0.2364,3,0,0.0,0.0,0,210.11000061035156
MSFT,HL,BOTTOM,10.0,kf_price_filt_vel,-0.1636,3,0,0.0,0.0,0,213.86000061035156
MSFT,HH,TOP,,,0.0,0,0,0.0,0.0,0,224.9600067138672
MSFT,LH,TOP,,,0.0,0,0,0.0,0.0,0,224.14999389648438
MSFT,HL,BOTTOM,,,0.0,0,0,0.0,0.0,0,217.89999389648438
MSFT,LL,BOTTOM,,,0.0,0,0,0.0,0.0,0,212.25
MSFT,HL,BOTTOM,,,0.0,0,0,0.0,0.0,0,218.2899932861328
MSFT,HH,TOP,,,0.0,0,0,0.0,0.0,0,244.49000549316406
MSFT,HH,TOP,,,0.0,0,0,0.0,0.0,0,244.99000549316406
MSFT,HL,BOTTOM,,,0.0,0,0,0.0,0.0,0,227.55999755859375
MSFT,LL,BOTTOM,,,0.0,0,0,0.0,0.0,0,226.72999572753906
MSFT,HL,BOTTOM,,,0.0,0,0,0.0,0.0,0,231.60000610351562
MSFT,HH,TOP,,,0.0,0,0,0.0,0.1,0,261.54998779296875
MSFT,HH,TOP,,,0.0,0,0,0.0,-0.0,0,261.9700012207031
MSFT,LH,TOP,,,0.0,0,0,0.0,0.1,0,254.55999755859375
MSFT,HL,BOTTOM,4.0,kf_rsi_pred_val,0.0,1,0,0.0,0.0,0,236.2723846435547
MSFT,LL,BOTTOM,5.0,kf_rsi_pred_val,-0.0242,1,0,0.0,0.0,0,229.3347625732422
MSFT,HL,BOTTOM,6.0,kf_rsi_pred_val,-0.0485,1,0,0.0,0.0,0,233.2017364501953
MSFT,HH,TOP,,,0.0,0,0,0.0,0.0,0,293.7295837402344
MSFT,HH,TOP,,,0.0,0,0,0.0,0.0,0,294.11505126953125
MSFT,LH,TOP,,,0.0,0,0,0.0,0.0,0,288.959716796875
MSFT,HL,BOTTOM,1.0,kf_price_pred_val,0.2182,4,0,0.0,-0.4,0,273.6670837402344
MSFT,LL,BOTTOM,2.0,kf_price_pred_val,0.1697,4,2,8.86,0.0,2,271.662841796875
MSFT,HL,BOTTOM,1.0,kf_rsi_pred_val,0.2303,4,0,0.0,0.0,0,278.58160400390625
MSFT,HH,TOP,8.0,rsi_value,-0.2545,2,1,4.11,-0.2,1,329.4550476074219
MSFT,HH,TOP,1.0,wave_slope,-0.1394,2,1,4.03,0.0,1,331.2313537597656
MSFT,HL,BOTTOM,8.0,wave_slope,-0.0727,1,0,0.0,0.0,0,318.0828857421875
MSFT,LL,BOTTOM,9.0,wave_slope,-0.097,1,0,0.0,0.0,0,311.8272705078125
MSFT,LH,TOP,,,0.0,0,0,0.0,-0.0,0,321.5679016113281
MSFT,HH,TOP,,,0.0,0,0,0.0,-0.2,0,330.68115234375
MSFT,LL,BOTTOM,4.0,kf_price_filt_vel,0.0364,2,0,0.0,0.0,0,308.83453369140625
MSFT,HL,BOTTOM,5.0,kf_price_filt_vel,0.0121,2,0,0.0,0.0,0,315.9591064453125
MSFT,LH,TOP,8.0,kf_price_filt_vel,-0.0606,2,0,0.0,0.0,0,330.59423828125
MSFT,LH,TOP,9.0,kf_price_filt_vel,-0.0848,2,0,0.0,0.0,0,329.43572998046875
MSFT,LL,BOTTOM,1.0,d_current_slope,0.4727,5,2,8.99,-0.9,2,286.1095275878906
MSFT,LL,BOTTOM,1.0,sigma_tide,0.4485,5,6,30.35,0.1,6,278.5022888183594
MSFT,HL,BOTTOM,1.0,sigma_tide,0.5091,6,1,4.46,-0.1,1,286.4377746582031
MSFT,LH,TOP,1.0,kf_conjugation_pred_val,-0.3758,6,1,4.01,-0.3,1,298.070556640625
MSFT,HH,TOP,1.0,kf_conjugation_pred_val,-0.3939,6,0,0.0,-0.6,0,302.60784912109375
MSFT,LH,TOP,2.0,kf_conjugation_pred_val,-0.497,6,3,16.96,0.0,3,290.820556640625
MSFT,LL,BOTTOM,1.0,sigma_tide,0.0545,1,0,0.0,-0.5,0,278.3332824707031
MSFT,LL,BOTTOM,2.0,sigma_tide,0.0424,1,1,5.07,-0.6,1,271.1263427734375
MSFT,HL,BOTTOM,1.0,sigma_tide,0.0848,1,3,21.58,0.0,3,284.9791259765625
MSFT,LH,TOP,3.0,kf_price_filt_vel,0.103,3,0,0.0,0.9,0,285.32745361328125
MSFT,HH,TOP,4.0,kf_price_filt_vel,0.0424,3,0,0.0,0.6,0,290.396484375
MSFT,LH,TOP,5.0,kf_price_filt_vel,-0.0182,3,0,0.0,-0.3,0,286.2657775878906
MSFT,LL,BOTTOM,7.0,kf_price_filt_vel,-0.1394,3,5,25.84,-0.6,5,269.81072998046875
MSFT,LL,BOTTOM,1.0,kf_price_pred_val,0.1394,5,2,9.24,-0.4,2,266.8505554199219
MSFT,HL,BOTTOM,1.0,vwap_sigma_wave,0.1394,5,2,19.18,0.2,2,279.08795166015625
MSFT,HH,TOP,1.0,d_current_slope,0.1636,2,2,11.81,-0.6,2,300.5636291503906
MSFT,HH,TOP,1.0,d_current_slope,0.2121,2,2,13.23,-0.4,2,305.1199645996094
MSFT,LH,TOP,1.0,d_current_slope,0.2364,2,2,12.03,0.6,2,303.6204833984375
MSFT,LL,BOTTOM,1.0,vwap_sigma_current,0.0121,1,0,0.0,-0.8,0,271.5616760253906
MSFT,LL,BOTTOM,2.0,vwap_sigma_current,-0.0121,1,3,13.48,-0.5,3,261.4042053222656
MSFT,HL,BOTTOM,1.0,tide_accel,0.1939,3,2,11.36,-0.2,2,273.9801330566406
MSFT,LH,TOP,3.0,kf_price_pred_val,0.0667,3,0,0.0,0.6,0,272.5871276855469
MSFT,HH,TOP,4.0,kf_price_pred_val,-0.0182,3,0,0.0,0.4,0,280.5195617675781
MSFT,LH,TOP,5.0,kf_price_pred_val,-0.103,3,2,8.83,0.7,2,268.3016662597656
MSFT,LL,BOTTOM,1.0,d_tide_slope,0.3939,7,8,39.9,-1.6,8,245.45184326171875
MSFT,LL,BOTTOM,1.0,tide_accel,0.5879,8,6,30.18,-1.3,6,244.889404296875
MSFT,LH,TOP,4.0,wave_slope,-0.8061,8,0,0.0,0.0,0,264.14630126953125
MSFT,HH,TOP,5.0,wave_slope,-1.0061,8,0,0.0,0.0,0,266.24066162109375
MSFT,LH,TOP,6.0,wave_slope,-0.903,8,0,0.0,1.0,0,261.81915283203125
MSFT,LL,BOTTOM,1.0,kf_price_pred_val,0.2727,5,8,46.62,-0.5,8,234.90225219726562
MSFT,HL,BOTTOM,1.0,kf_price_pred_val,0.6485,8,5,24.07,-0.3,5,237.06454467773438
MSFT,LH,TOP,1.0,fear_level,-0.1576,3,1,4.73,0.5,1,258.1248779296875
MSFT,HH,TOP,1.0,geo_phase_angle,-0.097,3,1,5.32,0.3,1,260.24835205078125
MSFT,LH,TOP,1.0,geo_phase_angle,-0.0788,3,1,5.42,-0.2,1,259.53076171875
MSFT,HL,BOTTOM,1.0,fear_level,-0.1758,4,2,9.21,-0.2,2,250.96897888183594
MSFT,LL,BOTTOM,1.0,fear_level,-0.1818,4,2,9.42,-1.1,2,244.2494354248047
MSFT,HL,BOTTOM,1.0,fear_level,0.0,2,4,33.22,-1.2,4,260.5779724121094
MSFT,HH,TOP,10.0,d_current_slope,-0.1091,2,0,0.0,0.2,0,284.55694580078125
MSFT,LH,TOP,,,0.0,0,0,0.0,0.1,0,283.82000732421875
MSFT,LL,BOTTOM,10.0,kf_price_pred_val,-0.0545,1,2,8.49,1.3,2,246.07969665527344
MSFT,HL,BOTTOM,1.0,rsi_value,0.1091,2,0,0.0,0.9,0,250.7826690673828
MSFT,LH,TOP,1.0,geo_phase_angle,0.1333,2,2,9.24,-0.6,2,259.1003112792969
MSFT,LH,TOP,1.0,fear_level,0.1939,2,6,41.06,0.1,6,244.8553924560547
MSFT,LL,BOTTOM,1.0,wave_slope,0.2424,7,3,16.25,-1.0,3,230.77560424804688
MSFT,LL,BOTTOM,1.0,wave_slope,0.0242,7,6,29.82,0.7,6,226.30587768554688
MSFT,LH,TOP,1.0,wave_slope,-0.1394,7,5,27.44,1.5,5,241.8334197998047
MSFT,HH,TOP,1.0,wave_slope,-0.2182,7,2,11.56,0.7,2,242.14437866210938
MSFT,LH,TOP,1.0,wave_slope,-0.4061,7,2,10.94,-0.4,2,239.8026123046875
MSFT,LL,BOTTOM,1.0,kf_price_filt_vel,-0.0788,9,9,45.91,0.3,9,222.7592010498047
MSFT,LL,BOTTOM,1.0,kf_price_pred_val,0.3091,9,6,34.03,-0.6,6,219.0279541015625
MSFT,HL,BOTTOM,1.0,d_current_slope,0.5091,9,7,34.24,-1.0,7,219.35829162597656
MSFT,HH,TOP,1.0,current_slope,-0.5636,9,3,14.74,0.1,3,240.2495880126953
MSFT,HH,TOP,1.0,current_slope,-0.5152,8,3,14.41,-0.6,3,243.5630340576172
MSFT,LH,TOP,1.0,current_slope,-0.5939,8,7,73.43,-0.0,7,224.77061462402344
MSFT,LL,BOTTOM,1.0,current_slope,0.3152,8,8,36.32,-1.0,8,213.86830139160156
MSFT,LL,BOTTOM,1.0,current_slope,0.4364,8,8,39.36,-0.2,8,208.18389892578125
MSFT,HL,BOTTOM,1.0,vwap_sigma_wave,0.5091,8,7,34.34,0.2,7,215.12173461914062
MSFT,HH,TOP,5.0,d_current_slope,-0.2242,3,0,0.0,-0.2,0,250.34933471679688
MSFT,HH,TOP,6.0,d_current_slope,-0.3576,3,0,0.0,-0.4,0,250.64169311523438
MSFT,LH,TOP,7.0,d_current_slope,-0.2909,2,2,9.62,0.0,2,242.6416015625
MSFT,HL,BOTTOM,1.0,geo_phase_angle,0.0545,1,4,22.87,-0.4,4,223.24081420898438
MSFT,LL,BOTTOM,1.0,geo_phase_angle,0.2606,4,5,26.53,-0.0,5,216.62445068359375
MSFT,HL,BOTTOM,1.0,kf_price_pred_val,0.4727,5,1,4.77,-0.3,1,219.17745971679688
MSFT,HH,TOP,6.0,geo_phase_angle,-0.1515,4,0,0.0,0.5,0,264.38104248046875
MSFT,HH,TOP,7.0,geo_phase_angle,-0.2364,4,0,0.0,0.2,0,265.2093505859375
MSFT,LH,TOP,8.0,geo_phase_angle,-0.2545,4,1,4.41,-0.4,1,263.0895080566406
MSFT,HL,BOTTOM,4.0,kf_conjugation_pred_val,-0.0303,2,0,0.0,0.0,0,243.64990234375
MSFT,LL,BOTTOM,5.0,kf_conjugation_pred_val,-0.1394,2,0,0.0,0.0,0,240.57278442382812
MSFT,HL,BOTTOM,6.0,kf_conjugation_pred_val,-0.2485,2,0,0.0,0.0,0,245.30078125
MSFT,HH,TOP,8.0,d_tide_slope,-0.1455,2,0,0.0,0.4,0,277.7620544433594
MSFT,HH,TOP,9.0,d_tide_slope,-0.1939,2,0,0.0,0.2,0,284.8541259765625
MSFT,HL,BOTTOM,3.0,d_tide_slope,0.0242,2,0,0.0,-0.3,0,275.2514953613281
MSFT,LL,BOTTOM,4.0,d_tide_slope,-0.0242,2,0,0.0,-0.9,0,269.0484313964844
MSFT,HL,BOTTOM,5.0,d_tide_slope,-0.0727,2,3,38.81,-0.6,3,288.5368957519531
MSFT,HH,TOP,,,0.0,0,0,0.0,-0.0,0,330.25634765625
MSFT,HH,TOP,,,0.0,0,2,10.21,-0.4,2,340.7904052734375
MSFT,LH,TOP,1.0,d_tide_slope,0.1091,2,2,9.39,-0.6,2,335.1415100097656
MSFT,HL,BOTTOM,2.0,d_tide_slope,0.1818,2,0,0.0,0.0,0,321.69989013671875
MSFT,HL,BOTTOM,3.0,d_tide_slope,0.0606,2,0,0.0,0.0,0,327.5445251464844
MSFT,HH,TOP,1.0,d_tide_slope,0.1939,2,2,10.35,-0.2,2,338.4701843261719
MSFT,HH,TOP,1.0,d_tide_slope,0.2545,2,3,17.13,-0.2,3,351.9411926269531
MSFT,LH,TOP,1.0,d_tide_slope,0.3455,3,2,13.7,-0.4,2,347.6238098144531
MSFT,LL,BOTTOM,,,0.0,0,0,0.0,0.0,0,310.8827819824219
MSFT,LL,BOTTOM,,,0.0,0,0,0.0,0.0,0,310.4903564453125
MSFT,LH,TOP,,,0.0,0,0,0.0,0.0,0,329.6997985839844
MSFT,HH,TOP,,,0.0,0,0,0.0,0.0,0,332.289794921875
MSFT,LH,TOP,,,0.0,0,0,0.0,0.0,0,323.9703063964844
MSFT,HL,BOTTOM,,,0.0,0,0,0.0,0.0,0,311.53033447265625
MSFT,LL,BOTTOM,,,0.0,0,0,0.0,0.0,0,306.23248291015625
MSFT,HL,BOTTOM,,,0.0,0,0,0.0,0.0,0,306.87017822265625
MSFT,HH,TOP,,,0.0,0,0,0.0,0.0,0,418.8019104003906
MSFT,HH,TOP,,,0.0,0,0,0.0,0.0,0,422.8793640136719
MSFT,LH,TOP,,,0.0,0,0,0.0,0.0,0,422.2588806152344
MSFT,HL,BOTTOM,,,0.0,0,0,0.0,-0.4,0,396.1693420410156
MSFT,LL,BOTTOM,,,0.0,0,2,10.33,0.0,2,383.44464111328125
MSFT,HL,BOTTOM,1.0,vwap_sigma_current,0.1091,2,0,0.0,0.0,0,388.9698181152344
MSFT,HH,TOP,1.0,reg_value_current,0.2424,3,3,12.94,-0.0,3,461.3226013183594
MSFT,HL,BOTTOM,1.0,sigma_tide,0.1455,5,10,53.71,-1.2,10,389.87860107421875
MSFT,HL,BOTTOM,1.0,sigma_tide,0.4545,10,8,38.14,-0.8,8,394.2790832519531
MSFT,LH,TOP,1.0,reg_value_tide,-0.6182,10,3,12.56,-0.3,3,416.65631103515625
MSFT,HH,TOP,1.0,reg_value_tide,-0.4424,8,2,8.46,-0.2,2,419.8885192871094
MSFT,LH,TOP,1.0,reg_value_tide,-0.3697,8,2,8.44,-0.0,2,419.2361755371094
MSFT,HL,BOTTOM,1.0,reg_value_tide,-0.0545,2,1,4.36,-0.0,1,403.6682434082031
MSFT,LL,BOTTOM,1.0,reg_value_tide,0.0,1,1,4.34,-0.0,1,397.0555725097656
MSFT,HH,TOP,1.0,reg_value_tide,0.0,1,1,4.28,-0.0,1,425.82904052734375
MSFT,HH,TOP,1.0,reg_value_tide,0.0,1,1,4.27,-0.0,1,433.617919921875
MSFT,LH,TOP,1.0,reg_value_tide,0.0,1,1,4.27,-0.0,1,430.2374572753906
MSFT,HL,BOTTOM,1.0,reg_value_tide,0.1273,2,2,8.21,-0.0,2,404.8049621582031
MSFT,HL,BOTTOM,1.0,reg_value_tide,0.1455,2,2,8.21,-0.0,2,409.9151611328125
MSFT,LH,TOP,1.0,vwap_tide,0.0,2,2,8.25,-0.5,2,426.95587158203125
MSFT,HH,TOP,1.0,vwap_tide,0.0,2,2,8.26,-0.9,2,427.5290832519531
MSFT,LH,TOP,1.0,vwap_tide,0.0,2,5,39.63,-0.3,5,401.65185546875
MSFT,LL,BOTTOM,1.0,kf_price_filt_vel,0.1636,5,2,8.26,-0.2,2,405.6253967285156
MSFT,HH,TOP,1.0,vwap_tide,0.0,1,2,8.56,0.3,2,447.2622375488281
MSFT,HH,TOP,1.0,vwap_tide,0.0545,2,2,8.64,0.3,2,450.1047058105469
MSFT,LH,TOP,1.0,vwap_tide,0.097,2,2,8.67,0.2,2,433.1983642578125
MSFT,HL,BOTTOM,1.0,vwap_tide,0.0,3,3,12.83,-0.0,3,413.1919250488281
MSFT,LL,BOTTOM,1.0,vwap_tide,0.0,3,3,12.81,0.2,3,411.6864929199219
MSFT,HL,BOTTOM,1.0,vwap_tide,0.0,3,3,12.82,0.1,3,422.2244873046875
MSFT,LH,TOP,1.0,vwap_tide,0.0303,4,3,13.02,-0.0,3,430.39544677734375
MSFT,HH,TOP,1.0,vwap_tide,0.0182,4,3,13.08,-0.3,3,442.9143371582031
MSFT,LH,TOP,1.0,vwap_tide,0.0061,4,3,13.12,-0.8,3,438.0909729003906
MSFT,LL,BOTTOM,1.0,vwap_sigma_tide,0.3636,6,5,27.02,-1.1,5,355.14117431640625
MSFT,LL,BOTTOM,1.0,vwap_sigma_tide,0.4606,6,6,32.58,-0.6,6,351.8662414550781
MSFT,HL,BOTTOM,1.0,vwap_sigma_tide,0.5636,6,5,108.08,0.8,5,387.52325439453125
MSFT,LH,TOP,1.0,kf_price_filt_vel,0.5515,6,2,9.28,0.6,2,378.4527282714844
MSFT,LL,BOTTOM,1.0,vwap_sigma_tide,-0.297,6,3,16.17,-0.5,3,356.3916015625
MSFT,HL,BOTTOM,1.0,vwap_sigma_tide,-0.2061,6,3,14.7,-0.9,3,364.0331115722656
MSFT,HH,TOP,1.0,reg_value_current,0.1273,7,4,23.15,-0.0,4,532.54638671875
MSFT,LH,TOP,1.0,reg_value_current,0.0909,7,4,23.3,-0.0,4,524.701904296875
MSFT,HL,BOTTOM,1.0,reg_value_current,0.0,4,4,24.7,-0.0,4,505.866455078125
MSFT,LL,BOTTOM,1.0,reg_value_current,0.0,4,4,24.66,-0.0,4,492.9501647949219
MSFT,HH,TOP,1.0,vwap_wave,0.0,4,4,25.98,-0.0,4,529.3189697265625
MSFT,HH,TOP,1.0,vwap_wave,0.0,4,4,26.19,-0.2,4,539.8252563476562
MSFT,LH,TOP,1.0,vwap_wave,0.0,4,4,26.41,-0.4,4,539.307373046875
MSFT,LL,BOTTOM,1.0,reg_value_tide,0.2121,7,6,33.44,-0.6,6,453.48492431640625
MSFT,LL,BOTTOM,1.0,reg_value_tide,0.2606,7,7,41.55,-0.3,7,443.0986328125
MSFT,HL,BOTTOM,1.0,reg_value_tide,0.3394,7,4,23.78,0.2,4,450.1126403808594
MSFT,LH,TOP,1.0,reg_value_tide,0.103,7,4,23.79,0.7,4,479.485595703125
MSFT,HH,TOP,1.0,reg_value_tide,-0.0545,7,4,23.82,0.1,4,480.533203125
MSFT,LH,TOP,1.0,reg_value_tide,-0.2121,7,8,126.41,1.8,8,432.5128173828125
MSFT,LL,BOTTOM,1.0,reg_value_tide,0.1939,8,7,37.07,-1.0,7,413.2467956542969
MSFT,LL,BOTTOM,1.0,reg_value_tide,0.3394,8,14,73.44,-0.2,14,392.7735290527344
MSFT,HL,BOTTOM,1.0,kf_rsi_pred_val,0.6667,14,9,45.92,-0.6,9,400.22650146484375
MSFT,LH,TOP,1.0,reg_value_tide,0.8,14,11,62.39,-0.3,11,412.65814208984375
MSFT,LH,TOP,1.0,kf_price_filt_vel,0.8182,14,9,44.11,-0.3,9,412.328857421875
MSFT,LL,BOTTOM,1.0,wave_slope,-0.1273,11,14,82.42,-0.2,14,384.4700012207031
MSFT,HL,BOTTOM,1.0,tide_accel,0.1576,14,10,65.08,-0.4,10,389.0
MSFT,LH,TOP,1.0,wave_slope,0.1333,14,9,53.01,-0.7,9,405.20001220703125
MSFT,HH,TOP,1.0,wave_slope,-0.0788,14,9,50.13,-0.5,9,410.67999267578125
MSFT,LH,TOP,1.0,vwap_tide,-0.303,14,8,43.41,-0.3,8,408.9599914550781
MSFT,LL,BOTTOM,1.0,tide_accel,0.497,12,12,74.15,-1.4,12,365.9700012207031
MSFT,LL,BOTTOM,1.0,tide_accel,0.703,12,12,79.59,-1.1,12,356.7699890136719
MSFT,HH,TOP,1.0,d_current_slope,-0.1939,10,5,38.58,-0.2,5,424.1600036621094
MSFT,HH,TOP,1.0,d_current_slope,-0.2182,10,4,44.16,-0.3,4,432.9200134277344
MSFT,LH,TOP,1.0,d_current_slope,-0.3152,10,6,50.4,0.4,6,415.75
PEP,UNKNOWN,TOP,,,0.0,0,0,0.0,0.0,0,57.029998779296875
PEP,HH,TOP,,,0.0,0,0,0.0,0.0,0,57.119998931884766
PEP,HL,BOTTOM,1.0,rsi_value,0.0545,1,2,8.17,-1.5,2,53.54999923706055
PEP,LL,BOTTOM,1.0,rsi_value,0.1273,2,6,30.75,-0.6,6,52.58000183105469
PEP,HL,BOTTOM,1.0,rsi_value,0.3939,6,3,15.22,0.0,3,52.779998779296875
PEP,HH,TOP,,,0.0,0,0,0.0,0.0,0,59.89999008178711
PEP,HL,BOTTOM,7.0,vwap_sigma_current,-0.1273,2,1,4.24,0.0,1,56.77000045776367
PEP,HL,BOTTOM,1.0,vwap_sigma_current,0.0242,1,0,0.0,0.0,0,56.86000061035156
PEP,HH,TOP,,,0.0,0,0,0.0,0.0,0,60.49000930786133
PEP,LH,TOP,,,0.0,0,0,0.0,0.0,0,60.429988861083984
PEP,HL,BOTTOM,3.0,vwap_sigma_wave,0.0303,1,1,4.35,0.0,1,57.29999923706055
PEP,LL,BOTTOM,1.0,vwap_sigma_wave,0.0727,1,0,0.0,0.0,0,57.20000076293945
PEP,HH,TOP,,,0.0,0,0,0.0,0.0,0,65.42999267578125
PEP,HH,TOP,,,0.0,0,0,0.0,0.0,0,65.91000366210938
PEP,LH,TOP,,,0.0,0,0,0.0,0.0,0,65.30000305175781
PEP,HL,BOTTOM,1.0,rsi_value,0.1939,3,0,0.0,0.0,0,61.939998626708984
PEP,LL,BOTTOM,2.0,rsi_value,0.1455,3,0,0.0,0.0,0,61.24000930786133
PEP,HL,BOTTOM,3.0,rsi_value,0.097,3,0,0.0,0.0,0,61.79999923706055
PEP,HH,TOP,,,0.0,0,0,0.0,-0.8,0,68.4900131225586
PEP,HH,TOP,,,0.0,0,4,16.83,0.0,4,69.4800033569336
PEP,HL,BOTTOM,,,0.0,0,0,0.0,0.0,0,64.64998626708984
PEP,HL,BOTTOM,,,0.0,0,0,0.0,0.0,0,64.66000366210938
PEP,HH,TOP,2.0,kf_price_filt_vel,0.0788,2,0,0.0,0.3,0,78.7400131225586
PEP,HH,TOP,3.0,kf_price_filt_vel,0.0424,2,0,0.0,0.5,0,79.57000732421875
PEP,LH,TOP,4.0,kf_price_filt_vel,0.0061,2,2,12.19,1.2,2,77.77999877929688
PEP,HL,BOTTOM,1.0,vwap_spread_current_wave,-0.7939,10,4,25.61,-0.7,4,67.94999694824219
PEP,LL,BOTTOM,1.0,d_current_slope,-0.6727,9,4,27.2,-0.3,4,66.7300033569336
PEP,HL,BOTTOM,1.0,sigma_tide,-0.5455,8,4,50.23,0.1,4,70.41000366210938
PEP,LH,TOP,9.0,conj_current_tide,-0.097,1,0,0.0,0.6,0,72.19999694824219
PEP,LH,TOP,10.0,conj_current_tide,-0.0545,1,0,0.0,0.6,0,72.12999725341797
PEP,LL,BOTTOM,1.0,tide_accel,0.1152,3,3,14.52,-0.9,3,63.59000015258789
PEP,HL,BOTTOM,1.0,tide_accel,0.297,3,2,9.57,-1.1,2,64.39998626708984
PEP,LH,TOP,1.0,conj_wave_tide,0.2727,5,0,0.0,-0.0,0,71.67999267578125
PEP,HH,TOP,2.0,conj_wave_tide,0.1818,5,0,0.0,-0.3,0,73.2300033569336
PEP,LH,TOP,3.0,conj_wave_tide,0.103,5,0,0.0,-0.6,0,73.19000244140625
PEP,LL,BOTTOM,1.0,wave_slope,1.0848,11,13,191.01,1.5,13,59.52000045776367
PEP,LL,BOTTOM,1.0,kf_price_pred_val,1.4667,13,12,216.19,0.8,12,57.79999923706055
PEP,LH,TOP,1.0,wave_slope,1.6364,13,11,309.15,-1.4,11,61.77000045776367
PEP,LH,TOP,1.0,kf_price_filt_vel,1.6061,13,18,394.29,-1.6,18,54.39999008178711
PEP,LL,BOTTOM,1.0,wave_slope,1.8242,18,18,468.94,-0.6,18,51.25
PEP,HL,BOTTOM,1.0,wave_slope,1.8242,18,16,367.24,-0.5,16,53.08000183105469
PEP,HH,TOP,1.0,wave_slope,1.3091,18,12,294.42,0.1,12,56.75999069213867
PEP,LH,TOP,1.0,kf_price_filt_vel,0.8364,18,12,140.95,-1.0,12,55.0
PEP,LL,BOTTOM,1.0,vwap_spread_current_wave,-0.1697,18,12,149.36,-1.0,12,51.49000930786133
PEP,HL,BOTTOM,1.0,vwap_spread_current_wave,-0.5515,18,10,237.41,-1.1,10,55.83000183105469
PEP,HH,TOP,1.0,vwap_spread_current_wave,-0.5394,16,7,76.91,-0.6,7,57.470001220703125
PEP,HH,TOP,1.0,vwap_spread_current_wave,-0.7758,16,7,95.64,-1.1,7,58.34000015258789
PEP,LH,TOP,1.0,vwap_spread_current_wave,-0.9515,16,9,113.44,-0.4,9,57.00999069213867
PEP,LL,BOTTOM,1.0,current_slope,0.0121,13,8,91.84,-2.1,8,52.10000991821289
PEP,LL,BOTTOM,1.0,current_slope,-0.0182,13,16,143.78,-0.6,16,50.28998947143555
PEP,HL,BOTTOM,1.0,current_slope,0.6667,16,10,218.64,0.4,10,54.59000015258789
PEP,LH,TOP,1.0,current_slope,-0.2242,16,9,99.85,-0.5,9,56.70000076293945
PEP,LL,BOTTOM,1.0,current_slope,0.1273,12,10,83.19,-0.6,10,52.71001052856445
PEP,LL,BOTTOM,1.0,current_slope,0.0424,12,10,86.76,-1.0,10,52.029998779296875
PEP,LH,TOP,1.0,d_current_slope,-0.3515,8,6,69.81,-0.0,6,55.970001220703125
PEP,LL,BOTTOM,1.0,vwap_spread_tide_current,-0.6667,11,3,33.47,0.3,3,50.130001068115234
PEP,HL,BOTTOM,1.0,vwap_spread_tide_current,-0.5455,10,5,45.14,1.1,5,51.52000045776367
PEP,LH,TOP,1.0,vwap_spread_tide_current,-0.4061,8,3,33.05,0.2,3,52.35000991821289
PEP,HH,TOP,1.0,vwap_spread_tide_current,-0.303,6,4,38.64,-0.1,4,53.529998779296875
PEP,LL,BOTTOM,1.0,vwap_spread_tide_current,-0.2182,6,6,59.91,-0.4,6,51.429988861083984
PEP,LL,BOTTOM,1.0,vwap_spread_tide_current,-0.0,6,7,94.06,0.4,7,49.529998779296875
PEP,HL,BOTTOM,1.0,kf_price_pred_val,0.2727,7,4,37.96,-0.3,4,50.61000061035156
PEP,LH,TOP,1.0,vwap_spread_tide_current,0.1697,7,6,59.06,-0.4,6,52.0
PEP,HH,TOP,1.0,vwap_spread_tide_current,0.1636,7,6,45.43,0.1,6,52.570011138916016
PEP,LL,BOTTOM,1.0,vwap_spread_tide_wave,0.4727,10,12,93.41,-0.7,12,45.810001373291016
PEP,HL,BOTTOM,1.0,vwap_spread_tide_wave,0.6061,12,7,61.04,-0.5,7,46.60000991821289
PEP,LH,TOP,1.0,vwap_spread_tide_current,-0.0182,9,8,65.94,-1.0,8,52.470001220703125
PEP,HH,TOP,1.0,tide_slope,0.1394,9,8,71.73,-1.5,8,53.15999984741211
PEP,LH,TOP,1.0,tide_slope,0.297,9,10,80.03,-1.1,10,52.38999938964844
PEP,HL,BOTTOM,1.0,tide_slope,0.1758,7,6,50.02,-0.3,6,47.97999954223633
PEP,LL,BOTTOM,1.0,tide_slope,0.2485,7,5,43.28,-1.3,5,47.88999938964844
PEP,HL,BOTTOM,1.0,tide_slope,0.2424,7,9,65.63,-1.2,9,48.52000045776367
PEP,HH,TOP,1.0,tide_slope,0.2545,6,5,38.63,0.5,5,53.130001068115234
PEP,HH,TOP,1.0,tide_slope,0.2182,6,5,61.43,0.4,5,55.369998931884766
PEP,LH,TOP,1.0,kf_price_pred_val,0.1576,6,4,30.29,-0.6,4,54.27000045776367
PEP,HL,BOTTOM,1.0,tide_slope,-0.297,7,2,17.91,0.1,2,52.880001068115234
PEP,LL,BOTTOM,1.0,tide_slope,-0.3758,7,2,17.67,-0.3,2,52.34000015258789
PEP,HL,BOTTOM,1.0,tide_slope,-0.4182,7,2,17.43,-0.5,2,52.970001220703125
PEP,HH,TOP,1.0,vwap_spread_tide_wave,0.0545,1,1,4.23,-0.5,1,64.2300033569336
PEP,LH,TOP,1.0,vwap_spread_tide_wave,0.097,1,2,8.34,-0.4,2,63.47999954223633
PEP,HL,BOTTOM,1.0,kf_conjugation_pred_val,0.1152,4,4,18.7,-0.6,4,60.03998947143555
PEP,LL,BOTTOM,1.0,conj_wave_tide,0.1515,4,4,18.87,0.3,4,59.47999954223633
PEP,LH,TOP,9.0,vwap_spread_tide_current,-0.097,1,0,0.0,0.0,0,62.04999923706055
PEP,HH,TOP,10.0,vwap_spread_tide_current,-0.0545,1,0,0.0,0.0,0,62.79999923706055
PEP,LH,TOP,,,0.0,0,0,0.0,0.0,0,62.28998947143555
PEP,LL,BOTTOM,2.0,kf_price_filt_vel,0.1091,3,1,4.64,0.0,1,58.96001052856445
PEP,HL,BOTTOM,1.0,sigma_tide,0.1152,3,0,0.0,0.0,0,60.04999923706055
PEP,HH,TOP,1.0,kf_price_filt_vel,0.1636,3,0,0.0,0.0,0,66.55000305175781
PEP,HH,TOP,2.0,kf_price_filt_vel,0.1273,3,0,0.0,0.0,0,66.94000244140625
PEP,LH,TOP,3.0,kf_price_filt_vel,0.0909,3,0,0.0,0.6,0,66.4800033569336
PEP,HL,BOTTOM,1.0,kf_conjugation_pred_val,0.2,3,5,24.55,-2.1,5,62.88999938964844
PEP,LL,BOTTOM,1.0,kf_conjugation_pred_val,0.4121,5,8,52.96,-1.3,8,61.22999954223633
PEP,HL,BOTTOM,1.0,kf_conjugation_pred_val,0.7273,8,5,34.68,0.4,5,62.89999008178711
PEP,LH,TOP,7.0,sigma_tide,-0.1697,5,0,0.0,0.0,0,63.90999984741211
PEP,HH,TOP,8.0,sigma_tide,-0.2424,5,0,0.0,0.0,0,64.4900131225586
PEP,LH,TOP,9.0,sigma_tide,-0.3152,5,0,0.0,0.4,0,64.08000183105469
PEP,LL,BOTTOM,,,0.0,0,0,0.0,-0.1,0,62.39999008178711
PEP,LL,BOTTOM,,,0.0,0,2,10.34,-0.0,2,60.77000045776367
PEP,HH,TOP,,,0.0,0,0,0.0,-0.3,0,67.7599868774414
PEP,HH,TOP,,,0.0,0,0,0.0,-0.6,0,68.11000061035156
PEP,LH,TOP,,,0.0,0,3,17.44,0.0,3,66.10001373291016
PEP,HL,BOTTOM,4.0,vwap_sigma_wave,0.0182,1,0,0.0,0.0,0,63.00999069213867
PEP,LL,BOTTOM,5.0,vwap_sigma_wave,0.0061,1,0,0.0,0.0,0,62.310001373291016
PEP,HL,BOTTOM,6.0,vwap_sigma_wave,-0.0061,1,0,0.0,0.0,0,63.08000183105469
PEP,HH,TOP,1.0,sigma_tide,0.1333,2,2,8.95,-0.7,2,71.2699966430664
PEP,HH,TOP,1.0,sigma_tide,0.2364,2,3,14.43,-0.2,3,71.77999877929688
PEP,LH,TOP,1.0,sigma_tide,0.3152,3,1,4.07,0.0,1,71.30000305175781
PEP,HL,BOTTOM,1.0,vwap_sigma_wave,-0.7879,6,0,0.0,-1.8,0,63.09000015258789
PEP,LL,BOTTOM,2.0,vwap_sigma_wave,-0.7758,6,8,62.5,-0.4,8,60.320011138916016
PEP,HL,BOTTOM,1.0,kf_price_pred_val,-0.2545,8,2,18.6,0.4,2,62.869998931884766
PEP,LH,TOP,3.0,kf_price_filt_vel,0.0606,8,0,0.0,0.2,0,63.75999069213867
PEP,HH,TOP,4.0,kf_price_filt_vel,0.0242,8,0,0.0,-0.5,0,64.62000274658203
PEP,LH,TOP,5.0,kf_price_filt_vel,-0.1212,8,2,9.87,-0.6,2,63.09000015258789
PEP,LL,BOTTOM,,,0.0,0,1,4.02,0.5,1,61.34000015258789
PEP,LL,BOTTOM,1.0,vwap_sigma_tide,0.0545,1,2,9.86,-0.9,2,59.99000930786133
PEP,HH,TOP,,,0.0,0,0,0.0,0.5,0,66.5199966430664
PEP,HH,TOP,,,0.0,0,0,0.0,0.3,0,66.7599868774414
PEP,LH,TOP,,,0.0,0,0,0.0,0.3,0,66.7400131225586
PEP,HL,BOTTOM,1.0,fear_level,-0.2485,6,1,5.05,-0.0,1,62.78998947143555
PEP,LL,BOTTOM,1.0,fear_level,0.0242,3,1,5.05,-0.3,1,62.279998779296875
PEP,HL,BOTTOM,1.0,fear_level,0.0242,3,1,5.05,-0.5,1,62.619998931884766
PEP,HH,TOP,,,0.0,0,0,0.0,0.0,0,72.62000274658203
PEP,HH,TOP,,,0.0,0,0,0.0,0.0,0,73.58000183105469
PEP,LH,TOP,,,0.0,0,0,0.0,0.0,0,73.38999938964844
PEP,HL,BOTTOM,1.0,vwap_sigma_wave,0.0545,1,0,0.0,-0.4,0,68.66999816894531
PEP,LL,BOTTOM,2.0,vwap_sigma_wave,0.0424,1,2,10.02,0.0,2,68.0199966430664
PEP,HH,TOP,,,0.0,0,0,0.0,0.0,0,83.5
PEP,HH,TOP,,,0.0,0,0,0.0,0.0,0,84.25
PEP,LH,TOP,,,0.0,0,0,0.0,0.0,0,83.7400131225586
PEP,HL,BOTTOM,,,0.0,0,1,4.45,-0.8,1,80.88999938964844
PEP,LL,BOTTOM,1.0,vwap_sigma_wave,0.0545,1,4,21.89,0.0,4,78.91000366210938
PEP,HL,BOTTOM,1.0,kf_price_pred_val,0.2606,4,0,0.0,0.0,0,80.12999725341797
PEP,HH,TOP,,,0.0,0,0,0.0,-0.2,0,85.2400131225586
PEP,HH,TOP,,,0.0,0,1,4.35,0.0,1,86.80000305175781
PEP,LH,TOP,1.0,vwap_sigma_current,0.0545,1,0,0.0,0.0,0,86.41000366210938
PEP,LL,BOTTOM,,,0.0,0,0,0.0,0.0,0,79.05999755859375
PEP,LL,BOTTOM,,,0.0,0,0,0.0,0.0,0,78.92999267578125
PEP,HL,BOTTOM,,,0.0,0,0,0.0,0.0,0,79.5
PEP,LH,TOP,5.0,d_current_slope,0.0121,2,0,0.0,-0.8,0,84.62000274658203
PEP,HH,TOP,6.0,d_current_slope,-0.0121,2,4,16.25,0.0,4,86.68000030517578
PEP,LH,TOP,1.0,d_current_slope,0.1818,4,0,0.0,0.0,0,85.30000305175781
PEP,LL,BOTTOM,1.0,kf_price_pred_val,0.1939,3,0,0.0,-0.4,0,78.18000030517578
PEP,LL,BOTTOM,2.0,kf_price_pred_val,0.1879,3,2,9.02,0.0,2,77.0999984741211
PEP,HL,BOTTOM,1.0,vwap_sigma_tide,0.2364,3,0,0.0,0.0,0,78.01000213623047
PEP,HH,TOP,,,0.0,0,0,0.0,0.0,0,99.66999816894531
PEP,HH,TOP,,,0.0,0,0,0.0,0.0,0,100.38999938964844
PEP,LH,TOP,,,0.0,0,0,0.0,0.0,0,98.31999969482422
PEP,HL,BOTTOM,,,0.0,0,0,0.0,-0.7,0,94.13999938964844
PEP,LL,BOTTOM,,,0.0,0,3,17.74,-0.4,3,92.58999633789062
PEP,HL,BOTTOM,1.0,sigma_tide,0.1636,3,1,4.14,-0.4,1,93.72000122070312
PEP,LH,TOP,8.0,kf_price_pred_val,-0.2727,3,0,0.0,0.0,0,97.4000015258789
PEP,HH,TOP,9.0,kf_price_pred_val,-0.2909,3,0,0.0,0.0,0,98.9000015258789
PEP,LH,TOP,10.0,kf_price_pred_val,-0.1636,3,0,0.0,0.2,0,98.52999877929688
PEP,HL,BOTTOM,,,0.0,0,0,0.0,-0.2,0,96.02999877929688
PEP,LL,BOTTOM,,,0.0,0,1,6.58,0.0,1,93.77999877929688
PEP,LH,TOP,7.0,sigma_tide,-0.0182,1,0,0.0,-0.6,0,97.98999786376953
PEP,HH,TOP,8.0,sigma_tide,-0.0303,1,3,14.49,0.0,3,100.4000015258789
PEP,LH,TOP,1.0,kf_price_pred_val,0.1212,3,0,0.0,0.0,0,100.2699966430664
PEP,LL,BOTTOM,4.0,kf_rsi_pred_val,0.0242,3,1,4.84,0.0,1,92.63999938964844
PEP,HL,BOTTOM,1.0,vwap_sigma_current,-0.0182,3,0,0.0,0.0,0,93.55000305175781
PEP,LH,TOP,,,0.0,0,0,0.0,1.2,0,99.86000061035156
PEP,LH,TOP,,,0.0,0,0,0.0,2.2,0,99.7699966430664
PEP,LL,BOTTOM,,,0.0,0,6,60.56,-1.3,6,91.83000183105469
PEP,LL,BOTTOM,1.0,kf_price_pred_val,0.3273,6,8,67.6,-1.1,8,89.63999938964844
PEP,HL,BOTTOM,1.0,kf_price_pred_val,0.6909,8,6,63.78,-1.1,6,92.48999786376953
PEP,HH,TOP,7.0,conj_wave_tide,-0.2727,3,0,0.0,-0.6,0,100.25
PEP,HH,TOP,8.0,conj_wave_tide,-0.3818,3,4,20.63,0.4,4,103.08000183105469
PEP,LH,TOP,1.0,sigma_tide,-0.0727,4,1,5.81,-0.0,1,102.43000030517578
PEP,HL,BOTTOM,1.0,vwap_sigma_current,0.2364,3,0,0.0,-0.2,0,95.7699966430664
PEP,LL,BOTTOM,2.0,vwap_sigma_current,0.1758,3,1,5.15,0.0,1,93.7699966430664
PEP,HL,BOTTOM,1.0,vwap_sigma_current,0.1697,3,0,0.0,0.0,0,94.47000122070312
PEP,HH,TOP,,,0.0,0,0,0.0,0.0,0,105.27999877929688
PEP,HH,TOP,,,0.0,0,0,0.0,0.0,0,106.56999969482422
PEP,LH,TOP,,,0.0,0,0,0.0,0.0,0,105.72000122070312
PEP,HL,BOTTOM,,,0.0,0,0,0.0,-0.5,0,101.33000183105469
PEP,LL,BOTTOM,,,0.0,0,1,4.73,-0.7,1,100.0999984741211
PEP,HH,TOP,8.0,kf_price_pred_val,-0.0909,3,0,0.0,0.0,0,109.91000366210938
PEP,HH,TOP,9.0,kf_price_pred_val,-0.1273,3,0,0.0,0.0,0,109.95999908447266
PEP,LH,TOP,10.0,kf_price_pred_val,-0.1636,3,0,0.0,0.0,0,109.66000366210938
PEP,LL,BOTTOM,4.0,sigma_tide,-0.6,5,4,18.07,-0.5,4,100.0999984741211
PEP,LL,BOTTOM,1.0,sigma_tide,-0.4121,5,2,11.63,-0.2,2,99.02999877929688
PEP,HL,BOTTOM,1.0,sigma_tide,-0.2121,5,1,4.19,0.0,1,100.5999984741211
PEP,HH,TOP,,,0.0,0,0,0.0,0.0,0,118.97000122070312
PEP,HH,TOP,,,0.0,0,0,0.0,0.0,0,119.0999984741211
PEP,LH,TOP,,,0.0,0,0,0.0,0.0,0,118.38999938964844
PEP,HL,BOTTOM,3.0,rsi_value,0.1515,4,4,24.41,-0.8,4,109.12000274658203
PEP,HL,BOTTOM,1.0,rsi_value,0.1879,4,4,24.1,-0.6,4,109.12999725341797
PEP,HH,TOP,,,0.0,0,0,0.0,0.0,0,120.9000015258789
PEP,HH,TOP,,,0.0,0,0,0.0,0.2,0,121.76000213623047
PEP,HL,BOTTOM,3.0,wave_slope,-0.3636,9,0,0.0,-1.2,0,109.4800033569336
PEP,LL,BOTTOM,4.0,wave_slope,-0.5818,9,6,27.49,0.0,6,108.0
PEP,HL,BOTTOM,1.0,vwap_sigma_tide,-0.5576,9,0,0.0,0.2,0,109.26000213623047
PEP,LH,TOP,7.0,vwap_sigma_tide,-0.0182,1,0,0.0,0.0,0,112.75
PEP,HH,TOP,8.0,vwap_sigma_tide,-0.0303,1,0,0.0,0.0,0,113.5999984741211
PEP,LH,TOP,9.0,vwap_sigma_tide,-0.0424,1,0,0.0,0.2,0,112.61000061035156
PEP,LL,BOTTOM,1.0,vwap_sigma_tide,-0.2545,9,7,40.08,-0.8,7,96.79000091552734
PEP,LL,BOTTOM,1.0,vwap_sigma_tide,-0.0727,9,8,45.42,0.2,8,96.16000366210938
PEP,HL,BOTTOM,1.0,vwap_sigma_tide,0.1879,8,4,25.94,0.3,4,97.2699966430664
PEP,HH,TOP,1.0,conj_current_tide,-0.0545,3,2,14.61,-0.4,2,117.37999725341797
PEP,LH,TOP,1.0,conj_current_tide,-0.097,3,4,24.42,-0.1,4,114.22000122070312
PEP,HL,BOTTOM,1.0,fear_level,0.4303,4,2,9.43,-0.6,2,107.33999633789062
PEP,LL,BOTTOM,1.0,fear_level,0.3091,4,3,16.3,-0.7,3,105.05999755859375
PEP,HL,BOTTOM,1.0,vwap_sigma_current,0.2182,4,3,14.66,-0.5,3,105.27999877929688
PEP,HH,TOP,6.0,kf_price_filt_vel,-0.0121,2,0,0.0,-0.8,0,118.2699966430664
PEP,HH,TOP,7.0,kf_price_filt_vel,-0.0364,2,3,16.05,-0.6,3,121.94000244140625
PEP,HL,BOTTOM,1.0,wave_slope,0.2303,3,6,43.2,-1.5,6,106.02999877929688
PEP,HH,TOP,,,0.0,0,0,0.0,0.0,0,131.74000549316406
PEP,HH,TOP,,,0.0,0,0,0.0,0.0,0,134.41000366210938
PEP,LH,TOP,,,0.0,0,0,0.0,0.0,0,134.35000610351562
PEP,HL,BOTTOM,,,0.0,0,3,14.16,0.0,3,124.4000015258789
PEP,HL,BOTTOM,1.0,vwap_sigma_current,0.1636,3,0,0.0,0.0,0,126.44999694824219
PEP,HH,TOP,1.0,kf_price_filt_vel,0.1394,2,0,0.0,-0.2,0,137.92999267578125
PEP,HH,TOP,2.0,kf_price_filt_vel,0.103,2,1,4.28,0.0,1,140.27999877929688
PEP,HL,BOTTOM,5.0,vwap_sigma_wave,0.0061,1,0,0.0,0.0,0,132.38999938964844
PEP,LL,BOTTOM,6.0,vwap_sigma_wave,-0.0061,1,0,0.0,0.0,0,131.97999572753906
PEP,HL,BOTTOM,7.0,vwap_sigma_wave,-0.0182,1,0,0.0,0.0,0,133.2899932861328
PEP,HH,TOP,,,0.0,0,0,0.0,0.0,0,146.47000122070312
PEP,HH,TOP,,,0.0,0,0,0.0,0.2,0,146.99000549316406
PEP,HL,BOTTOM,3.0,vwap_sigma_wave,0.0303,1,5,27.18,-2.0,5,136.3699951171875
PEP,LL,BOTTOM,1.0,kf_price_pred_val,0.2909,5,9,69.29,-1.5,9,132.02999877929688
PEP,LH,TOP,1.0,kf_price_filt_vel,0.8545,9,3,24.14,-0.4,3,135.5800018310547
PEP,HH,TOP,1.0,conj_wave_tide,0.7636,9,4,65.95,0.4,4,142.38999938964844
PEP,LH,TOP,1.0,kf_price_filt_vel,0.6909,9,0,0.0,2.8,0,138.10000610351562
PEP,LL,BOTTOM,2.0,kf_price_pred_val,-0.4182,9,2,12.55,-0.9,2,129.75
PEP,LL,BOTTOM,1.0,sigma_tide,-0.6848,9,15,353.22,0.5,15,115.33999633789062
PEP,HL,BOTTOM,1.0,kf_price_pred_val,0.0667,15,9,209.34,0.5,9,127.44999694824219
PEP,LL,BOTTOM,1.0,kf_price_filt_vel,0.6364,15,13,273.36,1.0,13,113.08999633789062
PEP,HL,BOTTOM,1.0,kf_price_pred_val,1.2242,15,10,383.11,0.8,10,127.72000122070312
PEP,LH,TOP,1.0,kf_price_filt_vel,1.3636,15,10,116.08,0.6,10,120.91999816894531
PEP,LL,BOTTOM,1.0,kf_conjugation_pred_val,1.4848,15,13,138.54,0.5,13,117.33999633789062
PEP,LL,BOTTOM,1.0,wave_slope,1.4303,15,14,511.07,-0.5,14,103.93000030517578
PEP,HH,TOP,1.0,vwap_spread_current_wave,0.2424,16,5,45.75,-1.9,5,125.4800033569336
PEP,LH,TOP,1.0,kf_price_pred_val,-0.1697,16,14,134.81,-1.9,14,120.0999984741211
PEP,HL,BOTTOM,1.0,kf_price_filt_vel,-0.1939,16,16,161.26,-0.7,16,118.12000274658203
PEP,HL,BOTTOM,1.0,kf_price_filt_vel,-0.1576,16,8,115.85,-0.8,8,123.86000061035156
PEP,HH,TOP,1.0,wave_slope,-0.6485,16,7,62.69,-1.1,7,130.88999938964844
PEP,HH,TOP,1.0,wave_slope,-0.6303,16,8,90.76,-0.3,8,138.39999389648438
PEP,LH,TOP,1.0,wave_slope,-0.8545,16,5,55.39,-0.7,5,135.02999877929688
PEP,HL,BOTTOM,6.0,d_current_slope,-0.1091,2,0,0.0,-0.2,0,134.1300048828125
PEP,LL,BOTTOM,7.0,d_current_slope,-0.1818,2,4,46.01,0.6,4,127.83999633789062
PEP,HL,BOTTOM,1.0,kf_price_filt_vel,-0.0364,4,0,0.0,0.4,0,129.0
PEP,HH,TOP,,,0.0,0,0,0.0,0.3,0,139.19000244140625
PEP,HH,TOP,,,0.0,0,0,0.0,-0.0,0,143.2899932861328
PEP,LH,TOP,,,0.0,0,0,0.0,-0.3,0,139.3699951171875
PEP,HL,BOTTOM,10.0,kf_price_pred_val,-0.1636,3,0,0.0,0.3,0,132.14999389648438
PEP,LL,BOTTOM,,,0.0,0,0,0.0,-0.0,0,131.0
PEP,HL,BOTTOM,,,0.0,0,0,0.0,0.3,0,131.5800018310547
PEP,HH,TOP,5.0,kf_conjugation_pred_val,-0.2424,5,3,16.02,0.0,3,142.1300048828125
PEP,HH,TOP,1.0,kf_price_pred_val,-0.0242,5,0,0.0,0.0,0,143.5399932861328
PEP,LH,TOP,2.0,kf_price_pred_val,-0.1697,5,0,0.0,0.0,0,142.52000427246094
PEP,HL,BOTTOM,1.0,kf_price_pred_val,0.1636,3,0,0.0,-0.0,0,133.99000549316406
PEP,LL,BOTTOM,2.0,kf_price_pred_val,0.1273,3,0,0.0,-0.2,0,133.2899932861328
PEP,HH,TOP,,,0.0,0,0,0.0,-0.3,0,147.30999755859375
PEP,HH,TOP,,,0.0,0,0,0.0,-0.6,0,148.3000030517578
PEP,LL,BOTTOM,3.0,d_tide_slope,0.2,6,3,16.95,-0.9,3,129.13999938964844
PEP,LL,BOTTOM,1.0,tide_accel,0.2061,6,3,34.58,-1.2,3,128.8300018310547
PEP,HL,BOTTOM,1.0,tide_accel,0.1758,6,5,42.37,-0.6,5,133.02999877929688
PEP,LH,TOP,9.0,d_current_slope,-0.0848,2,0,0.0,0.0,0,145.7100067138672
PEP,HH,TOP,10.0,d_current_slope,-0.1091,2,0,0.0,0.0,0,146.97999572753906
PEP,LH,TOP,,,0.0,0,0,0.0,0.0,0,146.07000732421875
PEP,LL,BOTTOM,1.0,kf_conjugation_pred_val,1.0303,14,10,146.54,-0.8,10,123.27104187011719
PEP,LL,BOTTOM,1.0,kf_conjugation_pred_val,1.3091,14,11,182.82,-0.4,11,123.21106719970703
PEP,HL,BOTTOM,1.0,kf_conjugation_pred_val,1.5212,14,9,172.08,-1.5,9,124.64109802246094
PEP,HH,TOP,5.0,d_tide_slope,-0.1818,2,0,0.0,0.0,0,152.28961181640625
PEP,HH,TOP,6.0,d_tide_slope,-0.1212,2,0,0.0,0.0,0,153.56613159179688
PEP,HL,BOTTOM,1.0,vwap_sigma_current,0.1515,5,3,15.72,-1.2,3,135.98019409179688
PEP,LL,BOTTOM,1.0,vwap_sigma_current,0.1818,5,3,16.47,-1.5,3,135.29373168945312
PEP,HH,TOP,,,0.0,0,0,0.0,0.3,0,153.88092041015625
PEP,HH,TOP,,,0.0,0,0,0.0,-0.6,0,156.21310424804688
PEP,LH,TOP,,,0.0,0,3,16.03,-0.6,3,151.11746215820312
PEP,HL,BOTTOM,10.0,kf_price_filt_vel,-0.1636,3,4,90.44,-0.5,4,144.02407836914062
PEP,LL,BOTTOM,1.0,kf_price_filt_vel,0.2182,4,4,28.29,-0.6,4,141.8678741455078
PEP,HL,BOTTOM,1.0,kf_price_pred_val,0.3879,4,1,4.05,-1.2,1,142.7567596435547
PEP,LH,TOP,2.0,kf_price_filt_vel,0.3091,4,0,0.0,-0.2,0,149.70933532714844
PEP,HH,TOP,3.0,kf_price_filt_vel,0.103,4,0,0.0,-0.0,0,151.17025756835938
PEP,LL,BOTTOM,4.0,d_current_slope,-0.0364,2,2,8.61,-0.3,2,141.56077575683594
PEP,LL,BOTTOM,1.0,d_current_slope,-0.0,2,5,27.6,-1.2,5,138.3527374267578
PEP,HL,BOTTOM,1.0,vwap_sigma_current,0.3091,5,5,21.28,-1.6,5,139.8326873779297
PEP,HH,TOP,2.0,vwap_sigma_wave,0.0424,1,0,0.0,0.0,0,159.7100372314453
PEP,HH,TOP,3.0,vwap_sigma_wave,0.0303,1,0,0.0,0.0,0,159.8695526123047
PEP,LH,TOP,4.0,vwap_sigma_wave,0.0182,1,0,0.0,0.2,0,159.66575622558594
PEP,HL,BOTTOM,4.0,vwap_sigma_wave,0.0182,1,0,0.0,0.9,0,145.2421112060547
PEP,LL,BOTTOM,5.0,vwap_sigma_wave,0.0061,1,0,0.0,0.7,0,144.18045043945312
PEP,HH,TOP,,,0.0,0,0,0.0,0.0,0,165.5028533935547
PEP,HH,TOP,,,0.0,0,0,0.0,0.0,0,166.88531494140625
PEP,LH,TOP,,,0.0,0,0,0.0,0.0,0,166.69677734375
PEP,HL,BOTTOM,1.0,vwap_sigma_current,0.4667,5,5,24.73,-0.2,5,151.82164001464844
PEP,HL,BOTTOM,1.0,vwap_sigma_current,0.6909,5,1,4.18,0.0,1,153.23106384277344
PEP,HH,TOP,1.0,rsi_value,0.1091,2,3,14.93,-0.4,3,176.5447998046875
PEP,HH,TOP,1.0,rsi_value,0.0545,3,4,20.49,-0.0,4,177.24974060058594
PEP,HL,BOTTOM,4.0,kf_rsi_pred_val,-0.3152,6,0,0.0,0.0,0,165.23692321777344
PEP,LL,BOTTOM,5.0,kf_rsi_pred_val,-0.4061,6,0,0.0,0.0,0,163.9172821044922
PEP,HL,BOTTOM,6.0,kf_rsi_pred_val,-0.5939,6,0,0.0,0.0,0,165.72840881347656
PEP,LH,TOP,,,0.0,0,0,0.0,0.0,0,174.15586853027344
PEP,HH,TOP,,,0.0,0,0,0.0,0.0,0,174.37429809570312
PEP,LH,TOP,,,0.0,0,0,0.0,0.0,0,171.580322265625
PEP,LL,BOTTOM,1.0,kf_price_filt_vel,0.5273,13,3,15.08,-0.9,3,149.0408935546875
PEP,LL,BOTTOM,1.0,vwap_spread_current_wave,0.2727,13,7,38.61,-0.2,7,144.87998962402344
PEP,HL,BOTTOM,1.0,vwap_sigma_tide,0.303,13,4,21.1,-0.0,4,146.63967895507812
PEP,LH,TOP,8.0,vwap_sigma_wave,-0.0303,1,0,0.0,-0.1,0,158.35023498535156
PEP,HH,TOP,9.0,vwap_sigma_wave,-0.0424,1,0,0.0,-0.3,0,160.5481414794922
PEP,LH,TOP,10.0,vwap_sigma_wave,-0.0545,1,3,20.6,0.3,3,154.84097290039062
PEP,HL,BOTTOM,1.0,fear_level,-0.0909,1,1,5.05,-0.2,1,153.88238525390625
PEP,LL,BOTTOM,1.0,fear_level,-0.0303,1,2,9.84,-0.0,2,150.78372192382812
PEP,HL,BOTTOM,1.0,fear_level,0.0848,2,1,5.05,-0.0,1,151.67703247070312
PEP,HH,TOP,6.0,geo_phase_angle,-0.0061,1,0,0.0,0.0,0,166.99362182617188
PEP,HH,TOP,7.0,geo_phase_angle,-0.0182,1,0,0.0,0.0,0,170.39007568359375
PEP,LH,TOP,8.0,geo_phase_angle,-0.0303,1,0,0.0,0.0,0,169.53399658203125
PEP,HL,BOTTOM,4.0,vwap_sigma_wave,0.0182,1,0,0.0,0.0,0,152.04766845703125
PEP,LL,BOTTOM,5.0,vwap_sigma_wave,0.0061,1,0,0.0,0.0,0,151.84132385253906
PEP,HL,BOTTOM,6.0,vwap_sigma_wave,-0.0061,1,0,0.0,0.6,0,153.4263458251953
PEP,LH,TOP,4.0,kf_price_filt_vel,0.0545,3,0,0.0,0.0,0,168.391845703125
PEP,LH,TOP,5.0,kf_price_filt_vel,0.0182,3,0,0.0,0.0,0,168.03273010253906
PEP,HL,BOTTOM,,,0.0,0,0,0.0,0.0,0,158.01560974121094
PEP,HL,BOTTOM,,,0.0,0,0,0.0,0.0,0,161.04910278320312
PEP,LH,TOP,,,0.0,0,0,0.0,0.0,0,166.41676330566406
PEP,LH,TOP,,,0.0,0,0,0.0,0.0,0,166.22775268554688
PEP,LL,BOTTOM,1.0,vwap_sigma_tide,0.7394,8,10,56.47,-0.9,10,135.94439697265625
PEP,LH,TOP,1.0,vwap_spread_tide_wave,-0.6364,10,4,25.38,-0.6,4,147.35250854492188
PEP,LH,TOP,1.0,kf_price_pred_val,-0.3939,10,3,12.14,1.0,3,143.19717407226562
PEP,HL,BOTTOM,1.0,vwap_sigma_tide,0.3636,5,3,14.75,-0.2,3,137.7933349609375
PEP,LL,BOTTOM,1.0,vwap_sigma_tide,0.2606,5,5,23.36,-0.1,5,136.6591796875
PEP,HH,TOP,5.0,d_current_slope,-0.5576,6,2,10.49,0.4,2,150.23214721679688
PEP,LH,TOP,1.0,d_current_slope,-0.5818,6,0,0.0,-0.2,0,146.463134765625
PEP,LL,BOTTOM,1.0,vwap_spread_current_wave,0.0727,8,8,47.6,-0.7,8,125.29122924804688
PEP,LL,BOTTOM,1.0,vwap_spread_current_wave,0.0848,8,8,51.06,-0.3,8,123.50286102294922
PEP,HL,BOTTOM,1.0,vwap_spread_current_wave,0.0727,8,6,37.1,-0.2,6,126.43537902832031
PEP,LH,TOP,1.0,d_current_slope,0.103,9,9,58.9,-1.3,9,137.73745727539062
PEP,HH,TOP,1.0,d_current_slope,0.3091,9,9,61.6,-1.0,9,141.9561004638672
PEP,LH,TOP,1.0,kf_conjugation_pred_val,0.6,9,8,55.02,-0.8,8,141.58673095703125
PEP,HL,BOTTOM,1.0,tide_slope,-0.2121,9,4,22.92,-1.0,4,138.8650360107422
PEP,LL,BOTTOM,1.0,tide_slope,-0.5394,9,8,45.64,0.8,8,134.06317138671875
PEP,HL,BOTTOM,1.0,kf_price_pred_val,-0.3152,9,3,17.8,0.6,3,135.3851318359375
PEP,HH,TOP,1.0,conj_current_tide,0.3273,7,7,40.9,-0.6,7,145.3679656982422
PEP,HH,TOP,1.0,conj_current_tide,0.3515,7,9,50.7,-0.2,9,147.90496826171875
PEP,LH,TOP,1.0,conj_current_tide,0.4364,9,7,40.3,-0.1,7,146.51495361328125
PEP,HL,BOTTOM,1.0,geo_phase_angle,0.2606,3,2,8.49,-0.0,2,138.191650390625
PEP,LL,BOTTOM,1.0,tide_accel,0.2364,3,2,9.32,-0.3,2,136.27764892578125
PEP,HL,BOTTOM,1.0,d_current_slope,0.1879,3,6,45.51,0.3,6,142.03932189941406
PEP,HH,TOP,1.0,kf_conjugation_pred_val,0.3576,6,5,41.21,-0.9,5,149.8524169921875
PEP,HH,TOP,1.0,kf_conjugation_pred_val,0.3879,6,5,46.64,-0.9,5,150.8732147216797
PEP,LL,BOTTOM,1.0,wave_slope,-0.1212,3,3,13.99,-0.8,3,140.22344970703125
PEP,LL,BOTTOM,1.0,wave_slope,-0.0182,3,3,15.13,-0.4,3,138.96707153320312
PEP,HL,BOTTOM,1.0,wave_slope,0.0727,3,2,8.54,0.0,2,140.31179809570312
PEP,LH,TOP,3.0,kf_price_filt_vel,0.0909,3,0,0.0,0.0,0,149.88095092773438
PEP,LH,TOP,4.0,kf_price_filt_vel,0.0545,3,0,0.0,0.4,0,149.03846740722656
PEP,LL,BOTTOM,1.0,d_current_slope,0.0303,2,2,9.58,-0.6,2,137.72952270507812
PEP,LL,BOTTOM,1.0,kf_rsi_pred_val,0.0545,2,3,17.8,0.2,3,135.79676818847656
PEP,HL,BOTTOM,1.0,kf_rsi_pred_val,0.1091,3,0,0.0,0.1,0,138.13587951660156
PEP,HH,TOP,1.0,wave_slope,1.1394,12,11,125.21,-0.9,11,166.04652404785156
PEP,HH,TOP,1.0,kf_conjugation_pred_val,1.4,12,12,147.82,-1.1,12,168.98031616210938
PEP,HL,BOTTOM,1.0,current_slope,-0.3152,4,1,4.94,-0.6,1,152.74000549316406
PEP,LL,BOTTOM,1.0,current_slope,-0.3273,4,5,23.75,-1.2,5,150.0399932861328
PEP,LH,TOP,2.0,d_current_slope,-0.0606,2,0,0.0,0.0,0,155.2899932861328
PEP,HH,TOP,3.0,d_current_slope,-0.0485,2,0,0.0,0.0,0,158.49000549316406
PEP,LH,TOP,4.0,d_current_slope,-0.1455,2,0,0.0,0.0,0,157.41000366210938
PG,HL,BOTTOM,1.0,vwap_sigma_current,0.1152,2,0,0.0,0.0,0,61.36000061035156
PG,UNKNOWN,TOP,2.0,vwap_sigma_wave,0.0424,1,0,0.0,0.0,0,64.39998626708984
PG,LH,TOP,3.0,vwap_sigma_wave,0.0303,1,0,0.0,0.0,0,62.96001052856445
PG,HL,BOTTOM,,,0.0,0,0,0.0,-0.2,0,61.880001068115234
PG,LL,BOTTOM,,,0.0,0,1,4.05,0.0,1,61.029998779296875
PG,HH,TOP,,,0.0,0,0,0.0,0.0,0,73.83999633789062
PG,HH,TOP,,,0.0,0,0,0.0,0.0,0,74.66999816894531
PG,LH,TOP,,,0.0,0,0,0.0,0.0,0,74.39998626708984
PG,HL,BOTTOM,1.0,conj_wave_tide,0.5939,10,7,42.65,-1.6,7,65.28999328613281
PG,LL,BOTTOM,1.0,d_current_slope,0.7091,10,7,41.09,-0.7,7,64.67999267578125
PG,HL,BOTTOM,1.0,rsi_value,0.5212,10,5,29.18,-0.4,5,65.08999633789062
PG,LH,TOP,1.0,current_accel,0.2909,2,2,9.56,-0.0,2,70.07000732421875
PG,HH,TOP,1.0,current_accel,0.2545,2,2,12.8,-0.0,2,71.13999938964844
PG,LH,TOP,1.0,d_current_slope,0.1939,2,2,10.19,-0.4,2,70.4800033569336
PG,LL,BOTTOM,1.0,wave_slope,0.297,3,1,4.43,-2.7,1,62.25
PG,LL,BOTTOM,1.0,wave_slope,0.2424,3,10,50.48,-1.9,10,60.49000930786133
PG,HH,TOP,1.0,conj_current_tide,0.1273,1,1,5.15,-0.3,1,73.08000183105469
PG,HH,TOP,1.0,conj_current_tide,0.1455,1,3,13.54,-0.2,3,73.14998626708984
PG,HL,BOTTOM,2.0,kf_conjugation_pred_val,0.0788,7,1,4.24,-0.2,1,66.75
PG,HL,BOTTOM,1.0,wave_slope,-0.0424,7,3,23.81,0.7,3,69.69000244140625
PG,LH,TOP,1.0,kf_price_filt_vel,-0.097,7,3,21.99,0.8,3,71.2699966430664
PG,HH,TOP,1.0,kf_price_pred_val,-0.1636,7,0,0.0,2.5,0,71.44000244140625
PG,LH,TOP,2.0,kf_price_pred_val,-0.4061,7,1,5.0,2.5,1,71.0199966430664
PG,LL,BOTTOM,1.0,d_current_slope,0.1636,5,14,162.71,-0.9,14,60.880001068115234
PG,LL,BOTTOM,1.0,kf_price_pred_val,0.8727,14,11,133.32,-0.7,11,59.560001373291016
PG,LH,TOP,1.0,kf_conjugation_pred_val,1.0848,14,9,229.42,-0.7,9,63.28998947143555
PG,HH,TOP,1.0,kf_price_filt_vel,1.1212,14,9,165.78,-1.3,9,64.10001373291016
PG,LH,TOP,1.0,kf_conjugation_pred_val,1.1939,14,10,158.37,-0.2,10,59.820011138916016
PG,HL,BOTTOM,1.0,wave_slope,1.2485,14,6,80.41,-0.6,6,61.77000045776367
PG,HH,TOP,1.0,d_current_slope,0.4,14,7,49.74,1.0,7,63.90999984741211
PG,LH,TOP,1.0,kf_price_pred_val,0.0606,14,3,24.36,0.5,3,62.96001052856445
PG,LL,BOTTOM,1.0,d_current_slope,-0.5758,10,9,75.39,-0.6,9,57.369998931884766
PG,HL,BOTTOM,1.0,d_current_slope,-0.297,10,7,214.42,-0.0,7,63.22999954223633
PG,HH,TOP,1.0,kf_price_pred_val,-0.2,9,5,24.4,-0.9,5,64.39998626708984
PG,HH,TOP,1.0,kf_conjugation_pred_val,-0.103,9,4,48.8,-1.8,4,66.07000732421875
PG,LH,TOP,1.0,kf_conjugation_pred_val,-0.303,9,7,76.51,-0.9,7,63.810001373291016
PG,HL,BOTTOM,1.0,current_slope,-0.1818,7,1,5.01,-0.5,1,63.820011138916016
PG,LL,BOTTOM,1.0,current_slope,-0.2182,7,4,26.89,-0.4,4,61.85000991821289
PG,HL,BOTTOM,1.0,kf_price_pred_val,-0.1515,7,4,39.42,1.0,4,65.05000305175781
PG,LH,TOP,1.0,kf_price_filt_vel,-0.2061,7,1,5.1,0.9,1,63.11000061035156
PG,LL,BOTTOM,1.0,current_slope,-0.4909,7,1,5.04,-1.3,1,62.27000045776367
PG,LL,BOTTOM,1.0,current_slope,-0.3697,7,6,67.61,-0.9,6,59.33000183105469
PG,HL,BOTTOM,1.0,kf_price_pred_val,0.097,6,4,53.75,-0.0,4,63.09000015258789
PG,HH,TOP,1.0,kf_price_filt_vel,0.2667,6,4,47.77,0.3,4,64.67999267578125
PG,LH,TOP,1.0,kf_price_pred_val,0.2364,6,1,4.87,0.2,1,63.179988861083984
PG,LL,BOTTOM,1.0,kf_price_filt_vel,-0.0303,4,1,5.73,-0.0,1,59.119998931884766
PG,LL,BOTTOM,1.0,kf_price_pred_val,-0.0667,4,1,5.07,-0.4,1,58.58000183105469
PG,HL,BOTTOM,1.0,fear_level,-0.103,4,1,5.07,-0.7,1,58.939998626708984
PG,LH,TOP,1.0,current_accel,0.3333,3,1,4.44,-0.0,1,62.79999923706055
PG,LL,BOTTOM,1.0,vwap_spread_current_wave,0.6727,15,17,148.15,-2.2,17,44.179988861083984
PG,HL,BOTTOM,1.0,vwap_spread_current_wave,0.9333,17,17,138.98,-1.8,17,45.16999816894531
PG,LH,TOP,1.0,current_slope,-0.5273,17,8,81.47,-0.9,8,47.97999954223633
PG,HH,TOP,1.0,current_slope,-0.8182,17,10,97.67,-1.8,10,48.02000045776367
PG,LH,TOP,1.0,current_slope,-0.9273,17,13,135.98,-1.4,13,46.310001373291016
PG,HL,BOTTOM,1.0,current_slope,-0.7576,17,11,102.39,-0.9,11,45.59000015258789
PG,HH,TOP,1.0,vwap_spread_tide_current,0.097,9,4,31.94,-0.6,4,52.95000076293945
PG,HH,TOP,1.0,vwap_spread_tide_current,0.0667,9,7,49.51,-1.4,7,54.02000045776367
PG,LH,TOP,1.0,vwap_spread_tide_current,0.2121,9,10,59.27,-0.9,10,53.02000045776367
PG,HL,BOTTOM,1.0,tide_slope,0.0667,5,7,44.97,-0.2,7,50.10000991821289
PG,LL,BOTTOM,1.0,tide_slope,0.2667,7,5,32.53,-0.4,5,50.00999069213867
PG,HL,BOTTOM,1.0,tide_slope,0.3212,7,7,45.52,-0.0,7,51.16999816894531
PG,HH,TOP,1.0,tide_slope,-0.1818,5,3,16.93,-0.2,3,56.119998931884766
PG,HH,TOP,1.0,tide_slope,-0.2788,5,3,20.21,0.1,3,56.22999954223633
PG,LH,TOP,1.0,tide_slope,-0.3091,5,3,18.36,0.1,3,55.50999069213867
PG,HL,BOTTOM,1.0,tide_slope,-0.0909,5,2,13.04,0.1,2,53.90999984741211
PG,LL,BOTTOM,1.0,tide_slope,-0.0242,4,4,52.44,-0.0,4,51.46001052856445
PG,HL,BOTTOM,1.0,kf_price_pred_val,0.0545,4,3,17.93,-0.7,3,52.029998779296875
PG,HH,TOP,1.0,d_tide_slope,0.0,2,2,20.22,-0.0,2,62.90999984741211
PG,HH,TOP,1.0,d_tide_slope,0.0,2,2,19.84,-0.0,2,63.189998626708984
PG,LH,TOP,1.0,d_tide_slope,0.0,2,2,17.89,-0.0,2,62.560001373291016
PG,HL,BOTTOM,5.0,d_tide_slope,0.0121,2,0,0.0,0.0,0,60.45000076293945
PG,LL,BOTTOM,6.0,d_tide_slope,-0.0121,2,0,0.0,0.0,0,59.84000015258789
PG,HL,BOTTOM,7.0,d_tide_slope,-0.0364,2,0,0.0,0.0,0,60.310001373291016
PG,HH,TOP,,,0.0,0,0,0.0,0.0,0,63.880001068115234
PG,HH,TOP,,,0.0,0,0,0.0,0.0,0,64.52999877929688
PG,LH,TOP,,,0.0,0,0,0.0,0.2,0,63.61000061035156
PG,HL,BOTTOM,,,0.0,0,0,0.0,-0.5,0,60.75
PG,LL,BOTTOM,,,0.0,0,1,4.16,-0.6,1,60.310001373291016
PG,LH,TOP,5.0,kf_price_filt_vel,0.0121,3,0,0.0,-0.0,0,63.380001068115234
PG,LH,TOP,6.0,kf_price_filt_vel,-0.0364,3,0,0.0,-0.3,0,63.21001052856445
PG,LL,BOTTOM,,,0.0,0,0,0.0,-0.6,0,59.34000015258789
PG,HL,BOTTOM,,,0.0,0,2,9.81,-0.4,2,60.820011138916016
PG,LH,TOP,,,0.0,0,0,0.0,0.0,0,62.52000045776367
PG,HH,TOP,,,0.0,0,0,0.0,0.2,0,63.08000183105469
PG,LH,TOP,,,0.0,0,0,0.0,0.1,0,62.70000076293945
PG,LL,BOTTOM,,,0.0,0,0,0.0,0.0,0,59.369998931884766
PG,HL,BOTTOM,,,0.0,0,0,0.0,0.0,0,59.66999816894531
PG,HH,TOP,,,0.0,0,0,0.0,-0.9,0,64.30999755859375
PG,HH,TOP,,,0.0,0,3,12.98,-0.6,3,65.0
PG,LH,TOP,1.0,rsi_value,0.1636,3,3,13.22,0.0,3,65.0
PG,HL,BOTTOM,,,0.0,0,0,0.0,-0.4,0,62.130001068115234
PG,LL,BOTTOM,,,0.0,0,2,8.3,0.0,2,61.070011138916016
PG,HL,BOTTOM,1.0,kf_rsi_pred_val,0.1091,2,0,0.0,0.0,0,62.14999008178711
PG,HH,TOP,6.0,vwap_sigma_wave,-0.0061,1,0,0.0,-0.0,0,66.58000183105469
PG,HH,TOP,7.0,vwap_sigma_wave,-0.0182,1,0,0.0,-0.1,0,66.69999694824219
PG,LH,TOP,8.0,vwap_sigma_wave,-0.0303,1,0,0.0,0.1,0,66.11000061035156
PG,LL,BOTTOM,,,0.0,0,3,13.64,-0.7,3,60.65999984741211
PG,LL,BOTTOM,1.0,rsi_value,0.1636,3,3,18.56,-0.2,3,59.72999954223633
PG,HL,BOTTOM,1.0,rsi_value,0.2909,3,1,4.15,0.0,1,60.429988861083984
PG,HH,TOP,10.0,kf_rsi_pred_val,-0.1091,2,0,0.0,0.0,0,67.37999725341797
PG,HH,TOP,,,0.0,0,0,0.0,0.0,0,67.46000671386719
PG,LH,TOP,,,0.0,0,0,0.0,0.0,0,67.36000061035156
PG,LL,BOTTOM,1.0,rsi_value,0.1394,6,0,0.0,-0.8,0,60.220001220703125
PG,LL,BOTTOM,2.0,rsi_value,-0.097,6,3,14.34,-0.4,3,58.50999069213867
PG,HL,BOTTOM,1.0,sigma_tide,-0.0909,6,2,11.04,0.0,2,60.45000076293945
PG,LH,TOP,8.0,vwap_sigma_wave,-0.0303,1,0,0.0,0.0,0,65.08999633789062
PG,HH,TOP,9.0,vwap_sigma_wave,-0.0424,1,0,0.0,0.0,0,66.2599868774414
PG,HL,BOTTOM,,,0.0,0,0,0.0,-0.4,0,61.0
PG,HH,TOP,7.0,geo_phase_angle,-0.0182,1,0,0.0,0.0,0,66.53999328613281
PG,HH,TOP,8.0,geo_phase_angle,-0.0303,1,0,0.0,0.0,0,66.97000122070312
PG,LH,TOP,9.0,geo_phase_angle,-0.0424,1,0,0.0,0.0,0,66.71000671386719
PG,HL,BOTTOM,7.0,vwap_sigma_wave,-0.0485,1,0,0.0,0.0,0,63.320011138916016
PG,LL,BOTTOM,8.0,vwap_sigma_wave,-0.0727,1,0,0.0,0.0,0,62.77000045776367
PG,HH,TOP,,,0.0,0,0,0.0,0.0,0,67.71000671386719
PG,HH,TOP,,,0.0,0,0,0.0,0.0,0,67.89998626708984
PG,LH,TOP,,,0.0,0,0,0.0,0.0,0,67.85001373291016
PG,LL,BOTTOM,1.0,kf_rsi_pred_val,0.3818,3,7,33.3,-1.7,7,59.310001373291016
PG,LL,BOTTOM,1.0,kf_rsi_pred_val,0.6545,7,7,35.21,-0.6,7,59.27000045776367
PG,HL,BOTTOM,1.0,kf_rsi_pred_val,0.8424,7,3,14.19,0.0,3,59.97999954223633
PG,HH,TOP,10.0,vwap_sigma_wave,-0.0545,1,0,0.0,-0.6,0,68.08000183105469
PG,HH,TOP,,,0.0,0,3,21.56,0.0,3,70.07000732421875
PG,LH,TOP,1.0,kf_price_filt_vel,0.1636,3,0,0.0,0.0,0,69.44000244140625
PG,HL,BOTTOM,,,0.0,0,0,0.0,0.0,0,66.52999877929688
PG,LL,BOTTOM,,,0.0,0,0,0.0,0.0,0,66.32000732421875
PG,HL,BOTTOM,,,0.0,0,0,0.0,0.0,0,66.82000732421875
PG,HH,TOP,,,0.0,0,0,0.0,0.0,0,70.66000366210938
PG,HH,TOP,,,0.0,0,0,0.0,0.0,0,70.7599868774414
PG,LH,TOP,,,0.0,0,0,0.0,0.0,0,70.12999725341797
PG,HL,BOTTOM,,,0.0,0,0,0.0,-0.0,0,67.97000122070312
PG,LL,BOTTOM,,,0.0,0,0,0.0,-0.3,0,67.14998626708984
PG,HH,TOP,,,0.0,0,0,0.0,-0.5,0,81.39998626708984
PG,HH,TOP,,,0.0,0,1,4.03,-0.5,1,82.53999328613281
PG,LH,TOP,1.0,vwap_sigma_current,0.0545,1,3,78.33,0.5,3,77.12000274658203
PG,HL,BOTTOM,1.0,kf_price_filt_vel,0.2061,3,1,8.47,0.9,1,76.58000183105469
PG,HL,BOTTOM,1.0,kf_price_pred_val,0.2121,3,0,0.0,0.2,0,77.10001373291016
PG,HH,TOP,,,0.0,0,0,0.0,-0.0,0,78.69999694824219
PG,HH,TOP,,,0.0,0,3,32.7,0.1,3,81.87999725341797
PG,HL,BOTTOM,8.0,kf_conjugation_pred_val,-0.0606,2,0,0.0,-0.6,0,77.61000061035156
PG,LL,BOTTOM,9.0,kf_conjugation_pred_val,-0.0848,2,3,24.88,0.0,3,75.25
PG,HL,BOTTOM,1.0,kf_price_pred_val,0.0545,3,0,0.0,0.0,0,77.42999267578125
PG,HH,TOP,,,0.0,0,0,0.0,0.0,0,81.96000671386719
PG,HH,TOP,,,0.0,0,0,0.0,0.0,0,82.16999816894531
PG,LH,TOP,,,0.0,0,0,0.0,0.0,0,81.63999938964844
PG,LL,BOTTOM,,,0.0,0,1,4.24,-0.3,1,75.58999633789062
PG,HL,BOTTOM,1.0,vwap_sigma_current,0.0545,1,1,4.44,-0.2,1,76.16000366210938
PG,HH,TOP,,,0.0,0,0,0.0,0.1,0,85.41000366210938
PG,LH,TOP,,,0.0,0,0,0.0,-0.0,0,84.63999938964844
PG,LL,BOTTOM,2.0,vwap_sigma_current,-0.0061,1,4,17.03,0.0,4,75.69999694824219
PG,HL,BOTTOM,1.0,rsi_value,0.1758,4,0,0.0,0.0,0,76.08999633789062
PG,LH,TOP,,,0.0,0,0,0.0,0.0,0,82.94000244140625
PG,LH,TOP,,,0.0,0,0,0.0,0.0,0,82.44000244140625
PG,HL,BOTTOM,,,0.0,0,0,0.0,-0.9,0,78.16000366210938
PG,LL,BOTTOM,,,0.0,0,3,15.52,-0.6,3,77.31999969482422
PG,HL,BOTTOM,1.0,vwap_sigma_current,0.1636,3,3,17.7,0.0,3,79.6500015258789
PG,HH,TOP,2.0,vwap_sigma_tide,-0.0303,1,0,0.0,0.0,0,93.45999908447266
PG,LL,BOTTOM,,,0.0,0,0,0.0,0.0,0,78.1500015258789
PG,LL,BOTTOM,,,0.0,0,0,0.0,0.0,0,77.43000030517578
PG,LH,TOP,,,0.0,0,0,0.0,0.0,0,82.1500015258789
PG,HH,TOP,,,0.0,0,0,0.0,0.2,0,82.30000305175781
PG,LH,TOP,,,0.0,0,0,0.0,0.3,0,82.23999786376953
PG,LL,BOTTOM,1.0,vwap_spread_current_wave,-0.2242,10,5,27.58,-0.3,5,68.05999755859375
PG,HL,BOTTOM,1.0,vwap_spread_current_wave,-0.1758,10,4,22.87,-0.2,4,69.44999694824219
PG,LH,TOP,7.0,kf_price_pred_val,-0.1273,4,0,0.0,-0.2,0,79.68000030517578
PG,HH,TOP,8.0,kf_price_pred_val,-0.1212,4,1,4.65,-0.3,1,80.98999786376953
PG,LH,TOP,1.0,sigma_tide,-0.1152,4,0,0.0,-0.6,0,80.29000091552734
PG,HL,BOTTOM,,,0.0,0,0,0.0,0.0,0,76.1500015258789
PG,LL,BOTTOM,,,0.0,0,0,0.0,0.0,0,74.9800033569336
PG,HH,TOP,,,0.0,0,0,0.0,0.0,0,83.16000366210938
PG,HH,TOP,,,0.0,0,0,0.0,0.0,0,83.80999755859375
PG,LH,TOP,,,0.0,0,0,0.0,0.0,0,83.23999786376953
PG,HL,BOTTOM,,,0.0,0,0,0.0,-0.2,0,81.41000366210938
PG,LL,BOTTOM,,,0.0,0,1,4.38,0.0,1,79.55000305175781
PG,HL,BOTTOM,1.0,vwap_sigma_current,0.0545,1,0,0.0,0.0,0,79.88999938964844
PG,HH,TOP,,,0.0,0,0,0.0,0.0,0,89.22000122070312
PG,HH,TOP,,,0.0,0,0,0.0,0.0,0,90.0
PG,HL,BOTTOM,1.0,vwap_sigma_current,-0.097,2,1,4.98,-0.5,1,82.45999908447266
PG,LL,BOTTOM,1.0,vwap_sigma_current,-0.1455,2,2,9.55,-0.2,2,81.86000061035156
PG,HL,BOTTOM,1.0,vwap_sigma_current,-0.0727,2,1,4.31,0.0,1,82.4000015258789
PG,HH,TOP,3.0,kf_price_pred_val,0.0909,3,0,0.0,0.0,0,91.66999816894531
PG,LH,TOP,4.0,kf_price_pred_val,0.0545,3,0,0.0,0.0,0,91.44000244140625
PG,HL,BOTTOM,9.0,vwap_sigma_current,-0.097,1,0,0.0,0.0,0,86.26000213623047
PG,LL,BOTTOM,10.0,vwap_sigma_current,-0.0545,1,0,0.0,0.0,0,85.87000274658203
PG,HL,BOTTOM,,,0.0,0,0,0.0,0.0,0,86.23999786376953
PG,HH,TOP,,,0.0,0,0,0.0,-0.0,0,94.16999816894531
PG,HH,TOP,,,0.0,0,0,0.0,-0.1,0,94.4000015258789
PG,LH,TOP,,,0.0,0,0,0.0,-0.2,0,92.63999938964844
PG,LL,BOTTOM,4.0,rsi_value,-0.5818,6,1,4.11,0.0,1,86.05000305175781
PG,HL,BOTTOM,1.0,rsi_value,-0.6485,6,0,0.0,0.0,0,86.9800033569336
PG,LH,TOP,,,0.0,0,0,0.0,0.1,0,92.4800033569336
PG,LH,TOP,,,0.0,0,0,0.0,-0.0,0,92.0999984741211
PG,LL,BOTTOM,1.0,wave_slope,0.8848,10,7,32.48,-0.4,7,71.95999908447266
PG,LL,BOTTOM,1.0,rsi_value,0.6061,10,7,36.8,-0.8,7,70.94000244140625
PG,HL,BOTTOM,1.0,rsi_value,0.3212,10,8,37.88,-0.7,8,71.36000061035156
PG,LH,TOP,,,0.0,0,0,0.0,0.0,0,85.36000061035156
PG,HH,TOP,,,0.0,0,0,0.0,0.0,0,85.81999969482422
PG,HL,BOTTOM,,,0.0,0,0,0.0,-0.7,0,81.44000244140625
PG,LL,BOTTOM,,,0.0,0,3,17.76,-0.2,3,78.87000274658203
PG,HL,BOTTOM,1.0,kf_price_pred_val,0.1636,3,1,4.02,0.6,1,79.05999755859375
PG,HH,TOP,1.0,tide_accel,0.0,2,3,26.6,-0.3,3,96.48999786376953
PG,HH,TOP,1.0,d_tide_slope,0.0545,3,2,19.65,-0.6,2,96.63999938964844
PG,HL,BOTTOM,1.0,d_tide_slope,0.0,5,7,38.06,-1.6,7,87.36000061035156
PG,HH,TOP,1.0,vwap_spread_tide_wave,0.1273,3,3,13.56,-0.0,3,116.0
PG,HH,TOP,1.0,vwap_spread_tide_wave,0.097,3,6,46.01,0.1,6,120.41000366210938
PG,LH,TOP,1.0,kf_price_pred_val,0.2182,6,3,14.47,-0.4,3,118.04000091552734
PG,HL,BOTTOM,1.0,vwap_spread_tide_wave,0.1394,6,6,35.81,-0.0,6,113.08000183105469
PG,HL,BOTTOM,1.0,kf_price_pred_val,0.2424,6,3,14.09,-0.2,3,114.27999877929688
PG,HH,TOP,1.0,vwap_spread_tide_current,0.0,3,3,15.9,0.1,3,124.30999755859375
PG,HH,TOP,1.0,vwap_spread_tide_current,0.0,3,3,15.81,-0.0,3,124.56999969482422
PG,HL,BOTTOM,1.0,vwap_spread_tide_current,-0.0545,4,2,8.78,-0.4,2,117.52999877929688
PG,LL,BOTTOM,1.0,vwap_spread_tide_current,-0.0545,3,4,17.97,-0.2,4,116.62999725341797
PG,HL,BOTTOM,1.0,vwap_spread_tide_current,0.0121,4,2,8.69,-0.3,2,117.47000122070312
PG,HH,TOP,,,0.0,0,0,0.0,0.0,0,126.80999755859375
PG,HH,TOP,,,0.0,0,0,0.0,0.0,0,127.13999938964844
PG,LH,TOP,,,0.0,0,0,0.0,0.0,0,126.08000183105469
PG,LL,BOTTOM,1.0,vwap_sigma_current,0.2848,3,12,117.98,-1.9,12,113.5
PG,LL,BOTTOM,1.0,kf_price_pred_val,0.8545,12,9,78.27,-1.6,9,113.2300033569336
PG,LH,TOP,1.0,kf_price_filt_vel,1.103,12,4,35.49,-0.6,4,118.16999816894531
PG,HH,TOP,1.0,kf_conjugation_pred_val,0.9091,12,5,72.58,1.0,5,124.5
PG,LH,TOP,1.0,kf_price_pred_val,0.7212,12,0,0.0,2.3,0,121.62999725341797
PG,LL,BOTTOM,2.0,kf_price_filt_vel,-0.8242,12,5,86.99,-1.7,5,111.58999633789062
PG,LL,BOTTOM,1.0,kf_price_pred_val,-0.9273,12,11,260.02,-1.1,11,101.83999633789062
PG,HL,BOTTOM,1.0,kf_price_pred_val,-0.0727,11,7,253.58,-0.0,7,114.06999969482422
PG,LH,TOP,1.0,kf_price_filt_vel,0.3758,11,8,85.73,2.2,8,108.5
PG,HH,TOP,1.0,kf_conjugation_pred_val,0.703,11,6,212.5,2.8,6,118.23999786376953
PG,LH,TOP,1.0,kf_price_filt_vel,0.7636,11,3,18.65,1.9,3,117.44999694824219
PG,LL,BOTTOM,1.0,kf_price_pred_val,0.297,11,14,202.34,-1.5,14,97.69999694824219
PG,HL,BOTTOM,1.0,kf_price_pred_val,0.6364,14,12,118.67,-2.0,12,103.2699966430664
PG,HH,TOP,1.0,wave_slope,-0.5455,9,0,0.0,-1.6,0,121.5
PG,HH,TOP,2.0,wave_slope,-0.5758,8,5,28.01,-1.7,5,124.69000244140625
PG,HL,BOTTOM,1.0,kf_price_filt_vel,0.0485,3,0,0.0,0.2,0,113.27999877929688
PG,LL,BOTTOM,2.0,kf_price_filt_vel,0.0182,3,0,0.0,0.5,0,111.62000274658203
PG,HL,BOTTOM,3.0,kf_price_filt_vel,-0.0667,3,0,0.0,0.2,0,112.5999984741211
PG,HH,TOP,,,0.0,0,0,0.0,0.0,0,144.49000549316406
PG,LH,TOP,,,0.0,0,0,0.0,0.0,0,144.2100067138672
PG,HL,BOTTOM,1.0,kf_price_pred_val,0.2182,4,0,0.0,-0.0,0,137.57000732421875
PG,LL,BOTTOM,2.0,kf_price_pred_val,0.1455,4,0,0.0,-0.3,0,137.10000610351562
PG,LH,TOP,3.0,kf_price_filt_vel,0.0364,3,0,0.0,0.0,0,142.14999389648438
PG,HH,TOP,4.0,kf_price_filt_vel,-0.0364,3,0,0.0,0.0,0,144.27999877929688
PG,LL,BOTTOM,3.0,d_tide_slope,0.103,3,2,8.66,-0.7,2,123.16000366210938
PG,LL,BOTTOM,1.0,tide_accel,0.1515,3,4,25.3,-1.0,4,122.1500015258789
PG,HL,BOTTOM,1.0,tide_accel,0.2848,4,5,38.0,-0.6,5,125.9800033569336
PG,LH,TOP,5.0,current_accel,-0.2909,2,0,0.0,0.2,0,136.61000061035156
PG,HH,TOP,6.0,current_accel,-0.303,2,0,0.0,0.1,0,137.75
PG,LH,TOP,7.0,current_accel,-0.2909,2,0,0.0,-0.0,0,136.85000610351562
PG,LL,BOTTOM,1.0,vwap_sigma_wave,0.0485,5,4,19.72,-0.6,4,117.97576904296875
PG,LL,BOTTOM,1.0,current_slope,0.1212,5,4,20.72,-0.6,4,116.25
PG,HH,TOP,10.0,kf_price_filt_vel,-0.1636,3,0,0.0,0.0,0,145.74258422851562
PG,HH,TOP,,,0.0,0,0,0.0,0.0,0,147.1229248046875
PG,LH,TOP,,,0.0,0,0,0.0,0.0,0,144.7835235595703
PG,HL,BOTTOM,1.0,vwap_sigma_current,-0.0848,7,4,24.14,-1.6,4,129.9134521484375
PG,LL,BOTTOM,1.0,vwap_sigma_current,0.2485,7,6,37.51,-1.4,6,128.37176513671875
PG,LH,TOP,5.0,kf_price_pred_val,0.0182,3,0,0.0,0.0,0,143.63986206054688
PG,HH,TOP,6.0,kf_price_pred_val,-0.0182,3,0,0.0,0.0,0,147.29031372070312
PG,LH,TOP,7.0,kf_price_pred_val,-0.0545,3,0,0.0,0.0,0,144.7124786376953
PG,LL,BOTTOM,1.0,conj_wave_tide,1.2242,13,11,84.32,-1.8,11,120.16857147216797
PG,LL,BOTTOM,1.0,kf_conjugation_pred_val,1.3879,13,11,91.64,-1.1,11,119.30327606201172
PG,LH,TOP,1.0,current_accel,0.0909,2,2,9.4,-0.7,2,132.12545776367188
PG,HH,TOP,1.0,current_accel,0.1636,2,2,10.34,-0.6,2,134.32089233398438
PG,LH,TOP,1.0,current_accel,0.2121,2,3,68.53,0.0,3,126.01998138427734
PG,HH,TOP,1.0,current_accel,0.1091,2,0,0.0,0.0,0,134.77452087402344
PG,HH,TOP,2.0,current_accel,0.0848,2,0,0.0,0.0,0,136.0173797607422
PG,LH,TOP,3.0,current_accel,0.0606,2,0,0.0,0.0,0,135.3914337158203
PG,LL,BOTTOM,1.0,vwap_sigma_tide,0.6303,11,9,45.54,-0.6,9,112.27581024169922
PG,HL,BOTTOM,1.0,vwap_sigma_tide,0.4364,11,8,41.57,-0.8,8,112.70219421386719
PG,HH,TOP,1.0,conj_current_tide,-0.3939,7,3,23.9,-0.2,3,140.65553283691406
PG,LH,TOP,1.0,conj_current_tide,-0.2364,6,3,23.37,-0.3,3,138.83740234375
PG,HL,BOTTOM,5.0,fear_level,0.0061,1,1,5.07,-0.2,1,126.48794555664062
PG,LL,BOTTOM,1.0,fear_level,0.0485,1,1,5.07,0.0,1,125.55941772460938
PG,HL,BOTTOM,1.0,fear_level,0.0788,1,0,0.0,0.0,0,126.12940216064453
PG,HH,TOP,4.0,kf_rsi_pred_val,0.0545,7,2,8.63,-0.6,2,144.84815979003906
PG,LH,TOP,1.0,d_tide_slope,-0.0182,7,3,12.28,-0.1,3,144.71859741210938
PG,HL,BOTTOM,1.0,kf_conjugation_pred_val,0.7152,7,5,35.0,-1.4,5,132.4606170654297
PG,LL,BOTTOM,1.0,conj_wave_tide,0.7697,7,7,43.27,-1.0,7,131.83155822753906
PG,HL,BOTTOM,1.0,conj_wave_tide,0.8727,7,6,29.78,-0.8,6,133.18223571777344
PG,HH,TOP,,,0.0,0,0,0.0,0.0,0,146.0866241455078
PG,HH,TOP,,,0.0,0,0,0.0,0.0,0,146.244873046875
PG,LH,TOP,,,0.0,0,0,0.0,0.2,0,146.05870056152344
PG,HL,BOTTOM,1.0,rsi_value,0.1273,5,0,0.0,0.0,0,134.78472900390625
PG,LL,BOTTOM,2.0,rsi_value,-0.0545,5,0,0.0,0.2,0,133.12762451171875
PG,HL,BOTTOM,3.0,rsi_value,-0.2364,5,0,0.0,0.1,0,133.42556762695312
PG,LH,TOP,,,0.0,0,0,0.0,0.4,0,141.5843963623047
PG,HH,TOP,,,0.0,0,0,0.0,-0.0,0,143.82342529296875
PG,LH,TOP,,,0.0,0,0,0.0,-0.4,0,143.01773071289062
PG,HL,BOTTOM,10.0,kf_price_pred_val,-0.2182,4,0,0.0,0.0,0,136.9376678466797
PG,LL,BOTTOM,,,0.0,0,0,0.0,0.0,0,134.82041931152344
PG,HL,BOTTOM,,,0.0,0,0,0.0,0.0,0,135.1483154296875
PG,HH,TOP,,,0.0,0,0,0.0,-0.4,0,162.20651245117188
PG,LH,TOP,,,0.0,0,3,39.44,-0.4,3,154.35060119628906
PG,HL,BOTTOM,1.0,kf_price_filt_vel,0.1636,3,1,4.56,-0.7,1,153.4532928466797
PG,HL,BOTTOM,1.0,kf_price_pred_val,0.1818,3,2,15.22,-0.6,2,158.1592559814453
PG,HH,TOP,1.0,vwap_wave,0.0545,1,1,4.09,0.5,1,168.0579071044922
PG,HH,TOP,1.0,vwap_wave,0.097,1,1,4.18,0.3,1,169.70928955078125
PG,LH,TOP,1.0,vwap_wave,0.1273,1,2,8.25,0.2,2,166.01516723632812
PG,HL,BOTTOM,1.0,reg_value_tide,-0.1273,2,1,4.32,-0.7,1,159.15634155273438
PG,LL,BOTTOM,1.0,reg_value_tide,-0.097,2,4,21.37,-0.5,4,154.6339874267578
PG,HL,BOTTOM,1.0,sigma_tide,0.1091,4,2,8.42,-0.6,2,156.8999786376953
PG,HH,TOP,1.0,vwap_wave,0.4727,5,2,8.93,-0.1,2,172.54100036621094
PG,LH,TOP,1.0,vwap_wave,0.3818,5,5,23.33,0.6,5,168.4315185546875
PG,LL,BOTTOM,1.0,sigma_tide,0.1636,6,7,35.38,-1.2,7,152.24317932128906
PG,HH,TOP,1.0,vwap_wave,0.303,5,4,16.74,-0.4,4,170.27000427246094
PG,LH,TOP,1.0,vwap_wave,0.297,5,4,16.82,-0.8,4,167.23672485351562
PG,HL,BOTTOM,1.0,reg_value_current,-0.1758,8,3,12.35,-0.5,3,160.02056884765625
PG,LL,BOTTOM,1.0,reg_value_current,-0.2667,8,4,16.36,-0.2,4,157.31573486328125
PG,HL,BOTTOM,1.0,reg_value_current,-0.2909,8,3,12.3,-0.0,3,160.91897583007812
PG,LH,TOP,1.0,reg_value_current,-0.2485,4,2,8.4,0.5,2,163.73974609375
PG,HH,TOP,1.0,reg_value_current,-0.2242,4,2,8.42,-0.0,2,166.53150939941406
PG,LH,TOP,1.0,reg_value_current,-0.1758,4,5,51.58,-0.1,5,158.18515014648438
PG,LL,BOTTOM,1.0,kf_price_filt_vel,-0.0061,5,5,33.06,-0.5,5,154.78475952148438
PG,LL,BOTTOM,1.0,kf_price_pred_val,0.1394,5,4,20.27,-1.1,4,153.00729370117188
PG,HL,BOTTOM,1.0,d_current_slope,0.2727,5,5,31.97,-0.7,5,156.8037567138672
PG,HH,TOP,1.0,vwap_tide,-0.0788,5,3,12.25,0.3,3,160.7354278564453
PG,HH,TOP,1.0,vwap_tide,-0.2061,5,2,8.39,-0.0,2,164.83132934570312
PG,LL,BOTTOM,1.0,vwap_tide,-0.1636,4,1,4.2,0.2,1,154.21377563476562
PG,LL,BOTTOM,1.0,vwap_tide,0.0,1,1,4.19,0.1,1,153.25146484375
PG,LH,TOP,1.0,vwap_tide,-0.0424,2,1,4.2,-0.0,1,163.84664916992188
PG,HH,TOP,1.0,vwap_tide,-0.0545,2,1,4.21,-0.0,1,165.1394805908203
PG,LL,BOTTOM,1.0,vwap_tide,-0.1455,2,3,13.16,-0.2,3,149.62136840820312
PG,LL,BOTTOM,1.0,kf_price_pred_val,-0.0182,3,4,19.3,-0.5,4,147.2627410888672
PG,HL,BOTTOM,1.0,vwap_sigma_tide,0.1515,4,3,14.4,-0.9,3,147.43890380859375
PG,LH,TOP,,,0.0,0,0,0.0,0.4,0,154.6811981201172
PG,HH,TOP,,,0.0,0,0,0.0,-0.0,0,156.91258239746094
PG,LH,TOP,,,0.0,0,1,5.07,-0.2,1,153.9667510986328
PG,LL,BOTTOM,1.0,fear_level,0.1455,1,7,43.93,-0.8,7,136.33807373046875
PG,HL,BOTTOM,1.0,kf_price_pred_val,0.4788,7,4,19.1,-1.1,4,137.60940551757812
PG,LH,TOP,1.0,fear_level,0.1697,7,0,0.0,-0.1,0,143.10865783691406
PG,HH,TOP,2.0,fear_level,-0.0788,7,0,0.0,-0.3,0,145.67103576660156
PG,LH,TOP,3.0,fear_level,-0.3152,7,1,4.42,-0.0,1,143.4141845703125
PG,HL,BOTTOM,1.0,fear_level,0.0909,1,1,5.07,-0.6,1,137.88536071777344
PG,LL,BOTTOM,1.0,fear_level,0.1273,1,2,9.32,-0.7,2,136.04241943359375
PG,HL,BOTTOM,1.0,fear_level,0.1515,2,3,16.2,-0.3,3,139.48190307617188
PG,HH,TOP,1.0,sigma_tide,0.2485,9,3,15.47,-0.3,3,162.5261688232422
PG,HH,TOP,1.0,sigma_tide,0.2545,9,5,27.12,-0.2,5,165.95037841796875
PG,HL,BOTTOM,1.0,d_current_slope,-0.4364,6,3,24.34,-0.2,3,141.70297241210938
PG,LL,BOTTOM,1.0,d_current_slope,-0.4,6,3,21.89,0.1,3,140.24395751953125
PG,HL,BOTTOM,1.0,d_current_slope,-0.2727,6,2,11.56,0.2,2,143.81704711914062
PG,LH,TOP,1.0,kf_price_pred_val,-0.0545,3,0,0.0,-0.0,0,148.39999389648438
PG,HH,TOP,2.0,kf_price_pred_val,-0.0788,3,0,0.0,-0.3,0,149.1699981689453
PG,LH,TOP,3.0,kf_price_pred_val,-0.0788,3,2,10.14,0.4,2,146.4600067138672
QQQ,HH,TOP,1.0,vwap_spread_tide_wave,-0.2545,8,6,34.92,0.1,6,116.375
QQQ,HH,TOP,1.0,vwap_spread_tide_wave,-0.1879,8,7,37.99,-0.6,7,117.875
QQQ,LL,BOTTOM,1.0,current_accel,-0.0242,8,6,34.87,0.8,6,100.75
QQQ,LL,BOTTOM,1.0,tide_slope,-0.1394,8,3,19.02,0.5,3,99.0
QQQ,HL,BOTTOM,1.0,tide_slope,-0.297,8,9,57.38,0.6,9,102.3125
QQQ,LH,TOP,1.0,kf_price_filt_vel,-0.1455,9,7,61.02,1.4,7,106.0
QQQ,LL,BOTTOM,1.0,kf_price_pred_val,0.4727,11,8,78.46,-2.0,8,89.0
QQQ,LL,BOTTOM,1.0,kf_conjugation_pred_val,0.5515,11,14,212.31,-0.9,14,79.75
QQQ,LH,TOP,1.0,kf_price_pred_val,0.7455,14,10,220.65,0.1,10,89.0
QQQ,HH,TOP,1.0,kf_price_filt_vel,0.7333,14,9,189.81,0.5,9,91.75
QQQ,LH,TOP,1.0,kf_conjugation_pred_val,0.6182,14,6,113.71,0.4,6,89.0625
QQQ,HL,BOTTOM,1.0,kf_conjugation_pred_val,-0.0485,14,7,134.94,-0.5,7,85.0
QQQ,HL,BOTTOM,1.0,conj_wave_tide,-0.2424,14,9,142.43,0.6,9,90.4375
QQQ,HH,TOP,1.0,conj_wave_tide,-0.4121,14,6,43.45,-2.1,6,95.75
QQQ,LH,TOP,1.0,conj_wave_tide,-0.1697,10,11,95.31,-0.3,11,90.0
QQQ,LL,BOTTOM,1.0,conj_current_tide,-0.5273,11,8,54.3,-1.1,8,85.5
QQQ,LL,BOTTOM,1.0,conj_current_tide,-0.3273,11,11,109.57,-1.5,11,80.0
QQQ,HL,BOTTOM,1.0,kf_price_pred_val,-0.0848,11,10,80.75,-0.5,10,84.75
QQQ,LH,TOP,1.0,conj_current_tide,0.303,11,7,71.24,0.4,7,88.625
QQQ,HH,TOP,1.0,conj_current_tide,0.1636,11,7,53.71,1.9,7,91.0625
QQQ,LH,TOP,1.0,conj_current_tide,0.3455,11,4,35.61,1.1,4,89.1875
QQQ,LL,BOTTOM,1.0,conj_current_tide,0.1394,11,6,51.13,-1.0,6,82.0
QQQ,LL,BOTTOM,1.0,conj_current_tide,-0.2909,11,15,150.23,-0.8,15,75.125
QQQ,HL,BOTTOM,1.0,kf_price_pred_val,0.0667,15,12,112.69,-1.2,12,79.75
QQQ,HH,TOP,1.0,d_current_slope,0.0364,8,6,80.33,-1.5,6,98.39061737060547
QQQ,HH,TOP,1.0,d_current_slope,0.3394,7,6,81.75,-1.8,6,98.6875
QQQ,LH,TOP,1.0,d_current_slope,0.4667,7,9,79.89,-1.2,9,94.76561737060547
QQQ,HL,BOTTOM,1.0,d_current_slope,-0.8182,9,2,16.86,-0.6,2,91.25
QQQ,HL,BOTTOM,1.0,d_current_slope,-0.7333,9,2,12.63,-0.4,2,94.5625
QQQ,HH,TOP,6.0,current_accel,-0.1939,2,0,0.0,-0.5,0,101.4375
QQQ,LH,TOP,7.0,current_accel,-0.2909,2,2,8.76,-0.5,2,99.25
QQQ,LL,BOTTOM,3.0,kf_price_pred_val,-0.0242,3,3,13.05,-0.0,3,91.5625
QQQ,LL,BOTTOM,1.0,kf_price_pred_val,0.0667,3,6,44.25,1.0,6,86.8125
QQQ,HH,TOP,7.0,d_current_slope,-0.2061,2,0,0.0,0.4,0,101.875
QQQ,HH,TOP,8.0,d_current_slope,-0.1455,2,0,0.0,0.2,0,102.5
QQQ,HL,BOTTOM,1.0,d_tide_slope,0.2303,4,2,11.12,-0.2,2,89.8125
QQQ,HL,BOTTOM,1.0,d_tide_slope,0.1212,4,4,19.23,0.4,4,93.5
QQQ,LH,TOP,1.0,kf_price_filt_vel,0.097,4,0,0.0,-0.0,0,94.6875
QQQ,LH,TOP,2.0,kf_price_filt_vel,0.0727,4,2,8.56,0.4,2,92.39061737060547
QQQ,LL,BOTTOM,1.0,d_tide_slope,0.3515,10,9,59.93,-1.3,9,77.0625
QQQ,LL,BOTTOM,1.0,d_tide_slope,0.5394,10,10,74.21,-0.3,10,75.125
QQQ,HL,BOTTOM,1.0,d_tide_slope,0.8303,10,8,120.16,-0.3,8,81.25
QQQ,LH,TOP,1.0,tide_accel,0.4,10,8,89.44,0.3,8,85.0625
QQQ,HH,TOP,1.0,kf_price_pred_val,0.2182,10,5,27.81,-0.1,5,86.3125
QQQ,LL,BOTTOM,1.0,d_tide_slope,-0.3818,8,4,26.46,-0.3,4,76.76561737060547
QQQ,HL,BOTTOM,1.0,d_tide_slope,-0.2485,8,5,49.36,0.3,5,81.70311737060547
QQQ,LH,TOP,1.0,d_tide_slope,-0.3394,8,2,8.61,0.9,2,82.0
QQQ,HH,TOP,1.0,tide_accel,-0.2303,7,3,13.82,1.3,3,83.0625
QQQ,LL,BOTTOM,1.0,kf_price_pred_val,0.4,8,8,49.96,0.3,8,70.0625
QQQ,HL,BOTTOM,1.0,d_tide_slope,0.5939,8,8,117.57,-0.1,8,75.84375
QQQ,LH,TOP,1.0,kf_price_filt_vel,0.8061,8,8,66.34,0.0,8,77.375
QQQ,LH,TOP,1.0,kf_price_filt_vel,0.7818,8,9,49.58,1.1,9,72.875
QQQ,LL,BOTTOM,1.0,d_tide_slope,0.5152,10,7,43.77,1.0,7,69.75
QQQ,LL,BOTTOM,1.0,d_tide_slope,0.2121,10,9,59.73,-0.2,9,66.625
QQQ,LH,TOP,1.0,d_tide_slope,0.1697,10,13,90.46,0.3,13,70.4375
QQQ,LL,BOTTOM,1.0,d_tide_slope,0.3333,13,13,90.36,-0.5,13,65.45311737060547
QQQ,LL,BOTTOM,1.0,wave_slope,0.497,13,14,107.55,-0.0,14,62.9375
QQQ,HL,BOTTOM,1.0,wave_slope,0.6545,14,10,85.24,-0.4,10,62.984371185302734
QQQ,LH,TOP,1.0,wave_slope,0.5939,14,11,86.39,-1.0,11,63.6875
QQQ,HH,TOP,1.0,wave_slope,0.3758,14,11,185.31,-1.5,11,70.6875
QQQ,LH,TOP,1.0,kf_price_filt_vel,0.3091,14,11,61.16,-0.8,11,68.0
QQQ,HL,BOTTOM,1.0,current_slope,0.0303,14,11,65.05,0.8,11,66.5
QQQ,HL,BOTTOM,1.0,current_slope,-0.1636,14,7,38.09,0.8,7,68.0
QQQ,HH,TOP,1.0,current_slope,-0.3333,14,8,92.73,0.5,8,74.375
QQQ,LH,TOP,1.0,kf_price_pred_val,-0.5758,14,5,28.5,0.2,5,71.65625
QQQ,LL,BOTTOM,1.0,d_tide_slope,-0.303,11,11,80.03,-0.3,11,59.125
QQQ,LL,BOTTOM,1.0,kf_price_pred_val,-0.0364,11,13,91.6,0.1,13,55.734371185302734
QQQ,HL,BOTTOM,1.0,kf_price_pred_val,0.3394,13,8,58.04,0.2,8,56.0625
QQQ,LH,TOP,1.0,kf_price_filt_vel,0.4303,13,11,79.15,1.0,11,60.875
QQQ,HH,TOP,1.0,kf_price_filt_vel,0.4606,13,10,54.58,0.5,10,61.5625
QQQ,LH,TOP,1.0,current_slope,0.2,13,9,49.56,0.1,9,61.4375
QQQ,LL,BOTTOM,1.0,kf_price_filt_vel,0.2545,13,15,183.32,0.4,15,53.4375
QQQ,HL,BOTTOM,1.0,kf_price_pred_val,0.4364,15,12,233.44,0.3,12,62.4375
QQQ,LH,TOP,1.0,kf_price_filt_vel,0.2485,15,12,76.09,-0.6,12,61.3125
QQQ,LL,BOTTOM,1.0,wave_slope,0.2667,15,15,125.13,-1.1,15,56.625
QQQ,HH,TOP,1.0,d_current_slope,-0.8303,15,8,53.18,-0.2,8,66.375
QQQ,HH,TOP,1.0,kf_conjugation_pred_val,-0.6909,14,8,46.69,-0.2,8,67.76561737060547
QQQ,LH,TOP,1.0,kf_conjugation_pred_val,-0.6667,14,8,46.69,-0.1,8,67.125
QQQ,HL,BOTTOM,1.0,kf_price_pred_val,-0.2182,10,4,19.2,1.2,4,57.08000183105469
QQQ,LL,BOTTOM,1.0,vwap_spread_tide_current,-0.2667,10,5,24.2,0.4,5,55.29999923706055
QQQ,HL,BOTTOM,1.0,vwap_spread_tide_current,-0.2788,10,8,49.29,-0.6,8,57.45000076293945
QQQ,LH,TOP,1.0,kf_price_filt_vel,-0.103,10,10,52.79,-0.9,10,58.39999008178711
QQQ,LH,TOP,1.0,wave_slope,0.1697,10,10,56.65,-0.5,10,55.130001068115234
QQQ,LL,BOTTOM,1.0,wave_slope,0.3091,14,12,87.18,-0.6,12,48.79999923706055
QQQ,LL,BOTTOM,1.0,wave_slope,0.3212,14,12,95.77,0.7,12,46.70000076293945
QQQ,LH,TOP,1.0,wave_slope,0.3273,14,12,96.21,1.3,12,49.39999008178711
QQQ,HH,TOP,1.0,wave_slope,0.4121,14,9,65.26,-0.0,9,49.41999816894531
QQQ,LH,TOP,1.0,wave_slope,0.3091,14,9,60.84,-0.8,9,48.5
QQQ,LL,BOTTOM,1.0,kf_price_filt_vel,-0.0242,14,16,149.11,1.0,16,42.29999923706055
QQQ,HL,BOTTOM,1.0,kf_price_pred_val,0.0909,16,12,90.67,1.2,12,44.45000076293945
QQQ,LH,TOP,1.0,wave_slope,0.103,16,10,75.22,0.3,10,43.75
QQQ,LL,BOTTOM,1.0,wave_slope,0.1394,16,13,97.36,0.1,13,42.14999008178711
QQQ,LL,BOTTOM,1.0,wave_slope,0.2545,16,14,105.27,-0.6,14,41.10000991821289
QQQ,LH,TOP,1.0,wave_slope,0.4121,16,15,128.62,-0.4,15,43.25999069213867
QQQ,LH,TOP,1.0,kf_price_filt_vel,0.4,16,15,139.45,-0.9,15,40.35000991821289
QQQ,LL,BOTTOM,1.0,current_accel,0.5152,16,14,131.61,-0.2,14,40.35000991821289
QQQ,HH,TOP,1.0,vwap_spread_current_wave,0.0727,16,14,103.57,1.0,14,41.810001373291016
QQQ,HH,TOP,1.0,vwap_spread_current_wave,0.2545,15,10,85.9,1.1,10,43.25
QQQ,LH,TOP,1.0,vwap_spread_current_wave,-0.0242,15,15,175.87,1.2,15,39.70000076293945
QQQ,LL,BOTTOM,1.0,current_slope,0.103,17,21,241.55,-1.7,21,34.65999984741211
QQQ,LL,BOTTOM,1.0,current_accel,0.5394,21,19,218.86,-1.3,19,34.04999923706055
QQQ,HL,BOTTOM,1.0,current_slope,0.7273,21,17,294.38,-1.3,17,37.310001373291016
QQQ,HH,TOP,1.0,current_slope,-0.2848,21,11,130.14,1.0,11,41.0
QQQ,HH,TOP,1.0,current_slope,-0.5879,21,8,112.05,-0.1,8,42.79999923706055
QQQ,HL,BOTTOM,1.0,current_slope,-0.8727,21,12,169.93,1.0,12,40.25
QQQ,HL,BOTTOM,1.0,current_slope,-1.097,21,9,109.49,0.8,9,41.25
QQQ,HH,TOP,1.0,current_slope,-0.7576,19,12,178.41,0.3,12,48.29999923706055
QQQ,HH,TOP,1.0,kf_price_pred_val,-0.4,17,10,134.08,-1.1,10,48.39999008178711
QQQ,HL,BOTTOM,1.0,current_slope,0.4667,16,13,159.14,-0.5,13,45.10000991821289
QQQ,LL,BOTTOM,1.0,d_current_slope,0.5758,16,13,165.1,-0.0,13,43.95000076293945
QQQ,HL,BOTTOM,1.0,kf_conjugation_pred_val,0.5515,16,12,158.56,-0.2,12,45.14999008178711
QQQ,LH,TOP,1.0,d_current_slope,0.1636,16,13,193.14,-0.3,13,48.04999923706055
QQQ,HH,TOP,1.0,kf_conjugation_pred_val,-0.0667,16,10,180.41,-0.7,10,48.97999954223633
QQQ,LH,TOP,1.0,d_current_slope,-0.1758,16,13,181.04,-0.4,13,46.79999923706055
QQQ,LL,BOTTOM,1.0,d_current_slope,-0.4485,13,8,83.57,0.5,8,44.820011138916016
QQQ,HL,BOTTOM,1.0,d_current_slope,-0.497,13,5,55.87,-0.0,5,45.14999008178711
QQQ,HH,TOP,1.0,tide_slope,-0.4485,10,9,100.95,-0.7,9,51.04999923706055
QQQ,LH,TOP,1.0,d_current_slope,-0.2848,10,8,91.82,-0.7,8,50.89999008178711
QQQ,HL,BOTTOM,1.0,tide_slope,0.1152,11,7,75.67,0.2,7,46.119998931884766
QQQ,LL,BOTTOM,1.0,kf_price_pred_val,0.097,11,8,65.22,-0.1,8,44.429988861083984
QQQ,HL,BOTTOM,1.0,kf_price_pred_val,-0.0545,11,5,44.59,-1.2,5,44.72999954223633
QQQ,LH,TOP,1.0,conj_current_tide,-0.1515,11,5,44.99,0.5,5,47.47999954223633
QQQ,HH,TOP,1.0,conj_current_tide,-0.2788,11,4,41.04,0.5,4,48.70000076293945
QQQ,LH,TOP,1.0,conj_current_tide,-0.2242,9,7,53.96,0.2,7,47.35000991821289
QQQ,LL,BOTTOM,1.0,tide_slope,0.1879,10,6,47.21,0.1,6,42.029998779296875
QQQ,LL,BOTTOM,1.0,tide_slope,0.1455,10,6,47.91,-0.2,6,41.820011138916016
QQQ,HL,BOTTOM,1.0,tide_slope,0.1818,10,8,58.07,0.1,8,42.77000045776367
QQQ,LH,TOP,1.0,tide_slope,-0.2303,10,6,58.06,1.1,6,44.35000991821289
QQQ,HH,TOP,1.0,tide_slope,-0.0606,8,6,54.63,0.3,6,45.70000076293945
QQQ,LL,BOTTOM,1.0,kf_price_pred_val,0.2788,10,6,43.37,-1.3,6,42.00999069213867
QQQ,LL,BOTTOM,1.0,tide_slope,0.2242,10,9,55.55,-0.9,9,40.5
QQQ,HL,BOTTOM,1.0,tide_slope,0.3455,10,7,54.82,-0.3,7,41.0
QQQ,LH,TOP,1.0,tide_slope,0.2667,10,9,100.83,0.5,9,43.60000991821289
QQQ,LH,TOP,1.0,kf_price_filt_vel,0.2848,10,4,28.83,0.4,4,43.14999008178711
QQQ,LL,BOTTOM,1.0,tide_slope,-0.2424,9,7,41.09,-0.3,7,40.61000061035156
QQQ,LL,BOTTOM,1.0,tide_slope,-0.2121,9,6,37.17,-0.2,6,40.14999008178711
QQQ,HL,BOTTOM,1.0,tide_slope,-0.0485,9,6,37.21,0.2,6,40.5
QQQ,LH,TOP,1.0,tide_slope,-0.1758,7,6,36.96,0.6,6,43.10000991821289
QQQ,HH,TOP,1.0,tide_slope,-0.0727,7,4,30.03,0.6,4,43.90999984741211
QQQ,LH,TOP,1.0,tide_slope,-0.2,7,3,23.8,0.3,3,43.179988861083984
QQQ,LL,BOTTOM,1.0,tide_slope,0.4485,9,5,31.48,-0.6,5,38.279998779296875
QQQ,LL,BOTTOM,1.0,tide_slope,0.3152,9,8,45.29,0.2,8,36.689998626708984
QQQ,HL,BOTTOM,1.0,tide_slope,0.3212,9,5,30.99,-0.1,5,37.689998626708984
QQQ,LH,TOP,1.0,tide_slope,0.1697,9,4,26.98,-0.2,4,39.35000991821289
QQQ,LH,TOP,1.0,tide_slope,-0.0485,9,6,36.16,-0.1,6,38.119998931884766
QQQ,LL,BOTTOM,1.0,current_accel,0.9091,13,14,115.01,-0.5,14,28.969999313354492
QQQ,LL,BOTTOM,1.0,wave_slope,1.1879,14,14,126.16,-1.0,14,28.190000534057617
QQQ,LH,TOP,1.0,current_slope,-0.2848,11,8,79.44,-0.3,8,34.39999008178711
QQQ,HH,TOP,1.0,kf_conjugation_pred_val,-0.2121,11,10,96.25,-0.0,10,34.96001052856445
QQQ,LH,TOP,1.0,kf_conjugation_pred_val,-0.0061,11,11,151.62,0.4,11,32.45000076293945
QQQ,HL,BOTTOM,1.0,kf_price_filt_vel,0.3212,11,8,86.96,0.7,8,33.33000183105469
QQQ,HH,TOP,1.0,conj_wave_tide,0.2545,11,9,83.61,-1.0,9,35.380001068115234
QQQ,HH,TOP,1.0,conj_wave_tide,0.0788,11,12,108.26,-0.4,12,36.79999923706055
QQQ,LH,TOP,1.0,conj_wave_tide,0.297,12,11,96.08,-0.7,11,36.00999069213867
QQQ,HL,BOTTOM,1.0,conj_wave_tide,0.2364,12,10,108.03,-0.2,10,34.03998947143555
QQQ,LL,BOTTOM,1.0,kf_price_filt_vel,0.1394,12,9,64.67,0.1,9,33.380001068115234
QQQ,HL,BOTTOM,1.0,kf_price_pred_val,0.097,12,8,52.66,0.1,8,33.89999008178711
QQQ,HH,TOP,1.0,conj_current_tide,0.1515,12,12,114.73,-0.6,12,42.85000991821289
QQQ,HH,TOP,1.0,conj_current_tide,0.2909,12,9,74.63,-0.2,9,42.90999984741211
QQQ,LH,TOP,1.0,conj_current_tide,0.0545,12,7,59.79,-0.1,7,41.72999954223633
QQQ,HL,BOTTOM,1.0,conj_current_tide,-0.6,12,4,34.02,-1.1,4,40.50999069213867
QQQ,LL,BOTTOM,1.0,conj_current_tide,-0.4182,9,11,73.5,-0.7,11,38.78998947143555
QQQ,HL,BOTTOM,1.0,conj_current_tide,0.0424,11,8,50.88,-0.4,8,39.47999954223633
QQQ,LH,TOP,1.0,conj_current_tide,-0.1879,11,6,39.02,-0.1,6,41.5
QQQ,HH,TOP,1.0,d_tide_slope,-0.3333,11,3,28.52,-0.3,3,41.66999816894531
QQQ,LL,BOTTOM,1.0,d_tide_slope,-0.0424,4,3,13.76,-0.9,3,36.060001373291016
QQQ,LL,BOTTOM,1.0,vwap_sigma_current,-0.097,4,3,17.9,-0.6,3,35.189998626708984
QQQ,HL,BOTTOM,1.0,vwap_sigma_current,-0.1636,4,3,13.63,0.0,3,36.16999816894531
QQQ,LH,TOP,2.0,kf_price_filt_vel,-0.2061,4,0,0.0,0.6,0,36.33000183105469
QQQ,HH,TOP,3.0,kf_price_filt_vel,-0.2545,4,0,0.0,0.8,0,36.95000076293945
QQQ,LH,TOP,4.0,kf_price_filt_vel,-0.2545,3,0,0.0,0.0,0,36.880001068115234
QQQ,LL,BOTTOM,1.0,kf_price_pred_val,-0.1091,6,0,0.0,-0.7,0,35.14999008178711
QQQ,LL,BOTTOM,2.0,kf_price_pred_val,-0.1273,6,4,21.23,-0.2,4,33.47999954223633
QQQ,HL,BOTTOM,1.0,kf_price_pred_val,0.1091,6,1,4.61,0.1,1,33.64999008178711
QQQ,HH,TOP,1.0,geo_phase_angle,-0.1091,4,0,0.0,0.3,0,37.679988861083984
QQQ,HH,TOP,2.0,geo_phase_angle,-0.0606,3,0,0.0,-0.0,0,38.66999816894531
QQQ,HL,BOTTOM,3.0,fear_level,-0.0485,3,0,0.0,-0.0,0,33.84000015258789
QQQ,LL,BOTTOM,4.0,fear_level,-0.1697,3,1,4.71,-0.2,1,33.0
QQQ,HL,BOTTOM,1.0,fear_level,-0.2364,3,1,4.71,-0.3,1,33.52000045776367
QQQ,LH,TOP,1.0,fear_level,-0.2485,3,0,0.0,-0.6,0,33.78998947143555
QQQ,HH,TOP,2.0,fear_level,-0.1818,3,3,21.89,0.0,3,35.20000076293945
QQQ,LH,TOP,1.0,kf_price_pred_val,0.0848,3,0,0.0,0.2,0,35.02000045776367
QQQ,LL,BOTTOM,1.0,vwap_sigma_current,0.503,6,9,48.79,-1.0,9,28.969999313354492
QQQ,LL,BOTTOM,1.0,d_current_slope,0.7152,9,9,46.45,-0.0,9,28.700000762939453
QQQ,HL,BOTTOM,1.0,rsi_value,0.8182,9,5,133.13,-0.5,5,31.770000457763672
QQQ,LH,TOP,1.0,kf_price_filt_vel,0.6606,9,1,5.29,-1.7,1,30.950000762939453
QQQ,LL,BOTTOM,1.0,wave_slope,0.1697,9,7,41.03,-1.0,7,29.559999465942383
QQQ,HH,TOP,2.0,kf_price_pred_val,-0.4909,9,0,0.0,-0.3,0,32.86000061035156
QQQ,HH,TOP,3.0,kf_price_pred_val,-0.8606,9,0,0.0,-0.9,0,32.929988861083984
QQQ,LL,BOTTOM,1.0,fear_level,0.3273,3,3,13.48,0.6,3,28.25
QQQ,LL,BOTTOM,1.0,fear_level,0.2727,3,5,24.32,-0.6,5,27.460010528564453
QQQ,HL,BOTTOM,1.0,wave_slope,0.3576,5,6,32.22,-0.2,6,27.860000610351562
QQQ,LH,TOP,1.0,wave_slope,0.4485,6,8,38.42,0.7,8,28.559999465942383
QQQ,HH,TOP,1.0,wave_slope,0.6,8,2,9.15,-0.5,2,29.020000457763672
QQQ,LH,TOP,1.0,wave_slope,0.3636,8,7,45.56,-0.6,7,27.34000015258789
QQQ,LL,BOTTOM,1.0,vwap_spread_current_wave,0.0606,8,9,48.54,-0.7,9,24.85000991821289
QQQ,LL,BOTTOM,1.0,vwap_spread_current_wave,0.3091,9,11,64.92,0.3,11,23.950000762939453
QQQ,HL,BOTTOM,1.0,kf_price_pred_val,0.2545,11,7,38.98,-0.3,7,24.75
QQQ,LH,TOP,1.0,vwap_spread_current_wave,0.2061,11,9,93.97,-0.2,9,26.34000015258789
QQQ,LL,BOTTOM,1.0,vwap_spread_current_wave,0.2848,11,8,43.97,-0.6,8,24.65999984741211
QQQ,LL,BOTTOM,1.0,vwap_spread_current_wave,0.1697,11,9,54.2,-0.3,9,23.89999008178711
QQQ,HL,BOTTOM,1.0,vwap_spread_current_wave,0.1394,11,6,34.87,-0.1,6,24.799999237060547
QQQ,LH,TOP,1.0,vwap_spread_current_wave,-0.2848,11,5,28.91,0.6,5,25.190000534057617
QQQ,HH,TOP,1.0,vwap_spread_current_wave,-0.3697,11,5,28.32,0.3,5,25.64999008178711
QQQ,LH,TOP,1.0,vwap_spread_current_wave,-0.2727,9,7,39.06,-0.2,7,24.729999542236328
QQQ,LL,BOTTOM,1.0,vwap_spread_current_wave,-0.0061,9,7,40.95,0.2,7,23.39999008178711
QQQ,LL,BOTTOM,1.0,vwap_spread_current_wave,-0.0606,9,8,51.89,0.3,8,22.39999008178711
QQQ,HL,BOTTOM,1.0,kf_price_pred_val,0.0606,9,9,67.41,0.2,9,23.6200008392334
QQQ,LH,TOP,1.0,kf_price_filt_vel,0.303,9,7,41.7,0.7,7,22.25
QQQ,LL,BOTTOM,1.0,vwap_spread_current_wave,0.2364,9,7,42.0,0.3,7,22.670000076293945
QQQ,HH,TOP,1.0,vwap_spread_current_wave,0.1576,9,10,80.32,0.5,10,23.829999923706055
QQQ,HH,TOP,1.0,kf_price_filt_vel,0.3636,10,9,53.38,0.2,9,24.309999465942383
QQQ,LH,TOP,1.0,current_slope,0.2909,10,7,42.23,-0.7,7,23.85000991821289
QQQ,LL,BOTTOM,1.0,current_slope,0.3273,12,10,63.8,-0.8,10,21.440000534057617
QQQ,HL,BOTTOM,1.0,current_slope,0.297,12,9,65.74,-0.1,9,22.5
QQQ,HH,TOP,1.0,d_current_slope,-0.3152,11,6,42.75,0.3,6,25.75
QQQ,HH,TOP,1.0,current_accel,-0.3091,11,7,46.67,-0.1,7,26.15999984741211
QQQ,LH,TOP,1.0,d_current_slope,-0.2121,11,8,53.29,-0.5,8,25.14999008178711
QQQ,HL,BOTTOM,1.0,d_tide_slope,-0.2,9,4,35.47,-0.0,4,22.729999542236328
QQQ,LL,BOTTOM,1.0,d_tide_slope,-0.3455,9,6,49.53,-0.3,6,22.170000076293945
QQQ,HL,BOTTOM,1.0,d_tide_slope,-0.3576,9,9,57.58,-0.3,9,22.85000991821289
QQQ,LH,TOP,1.0,d_tide_slope,-0.1394,9,7,45.5,-0.6,7,23.079999923706055
QQQ,HH,TOP,1.0,d_tide_slope,0.0121,9,9,54.54,-0.0,9,23.64999008178711
QQQ,LH,TOP,1.0,d_tide_slope,0.1515,9,6,43.23,-0.1,6,23.450000762939453
QQQ,LL,BOTTOM,1.0,vwap_spread_tide_current,0.0424,9,7,42.44,-0.3,7,20.719999313354492
QQQ,HL,BOTTOM,1.0,vwap_spread_tide_current,-0.0364,9,9,63.57,0.3,9,21.979999542236328
QQQ,LH,TOP,1.0,kf_price_filt_vel,0.0485,9,6,40.51,-0.0,6,21.25
QQQ,LL,BOTTOM,1.0,vwap_spread_tide_current,-0.1273,9,7,43.53,0.1,7,20.200000762939453
QQQ,LL,BOTTOM,1.0,vwap_spread_tide_current,-0.0727,9,6,37.29,-1.0,6,20.059999465942383
QQQ,HL,BOTTOM,1.0,vwap_spread_tide_current,0.0061,9,7,59.78,-1.9,7,21.079999923706055
QQQ,HH,TOP,1.0,conj_wave_tide,0.1212,8,9,68.0,-0.8,9,26.10000991821289
QQQ,HH,TOP,1.0,conj_wave_tide,0.1697,9,7,55.22,-1.0,7,26.469999313354492
QQQ,LH,TOP,1.0,conj_wave_tide,0.2606,9,10,65.05,0.4,10,25.539989471435547
QQQ,HL,BOTTOM,1.0,tide_slope,0.3152,10,6,35.69,0.2,6,24.309999465942383
QQQ,HL,BOTTOM,1.0,tide_slope,0.1697,10,5,30.01,-0.5,5,24.929990768432617
QQQ,HH,TOP,1.0,conj_current_tide,0.303,11,10,58.24,-0.2,10,28.0
QQQ,LH,TOP,1.0,conj_current_tide,0.3273,11,7,44.28,-0.4,7,27.170000076293945
QQQ,LL,BOTTOM,1.0,conj_current_tide,-0.1091,6,4,27.01,-0.2,4,24.6299991607666
QQQ,LL,BOTTOM,1.0,current_accel,-0.0364,6,4,31.39,-0.8,4,24.3700008392334
QQQ,LH,TOP,1.0,kf_price_filt_vel,0.0788,7,3,14.71,-0.7,3,26.700000762939453
QQQ,HH,TOP,1.0,d_tide_slope,0.0121,7,3,13.6,-0.2,3,27.10000991821289
QQQ,LL,BOTTOM,6.0,geo_phase_angle,-0.1636,2,0,0.0,0.0,0,24.210010528564453
QQQ,LL,BOTTOM,7.0,geo_phase_angle,-0.0909,1,0,0.0,0.0,0,23.809999465942383
QQQ,LH,TOP,,,0.0,0,5,24.59,-0.7,5,25.25
QQQ,LH,TOP,1.0,d_tide_slope,0.2727,5,4,19.37,-0.7,4,25.079999923706055
QQQ,HL,BOTTOM,1.0,d_tide_slope,0.0,2,2,8.1,0.4,2,24.009990692138672
QQQ,LL,BOTTOM,1.0,d_tide_slope,0.0,2,1,4.47,-0.5,1,23.799999237060547
QQQ,HL,BOTTOM,1.0,geo_phase_angle,-0.0545,2,3,14.64,-0.9,3,24.229999542236328
QQQ,HH,TOP,1.0,d_tide_slope,0.0848,6,2,15.8,-0.3,2,26.799999237060547
QQQ,HH,TOP,1.0,d_tide_slope,0.0121,6,2,13.57,-0.6,2,27.170000076293945
QQQ,HL,BOTTOM,1.0,d_tide_slope,-0.0364,5,3,17.33,-0.3,3,25.25
QQQ,HL,BOTTOM,1.0,d_tide_slope,0.0364,5,2,12.28,-0.6,2,25.450000762939453
QQQ,HH,TOP,,,0.0,0,2,9.1,-0.2,2,31.889999389648438
QQQ,HH,TOP,1.0,vwap_sigma_wave,0.1091,2,1,4.0,0.0,1,32.279998779296875
QQQ,LH,TOP,1.0,vwap_sigma_wave,0.1394,2,0,0.0,0.0,0,32.20000076293945
QQQ,HL,BOTTOM,1.0,vwap_sigma_wave,0.2242,4,0,0.0,0.0,0,30.309999465942383
QQQ,LL,BOTTOM,2.0,vwap_sigma_wave,0.1636,4,0,0.0,0.0,0,30.070009231567383
QQQ,HH,TOP,,,0.0,0,0,0.0,0.0,0,34.25999069213867
QQQ,HH,TOP,,,0.0,0,0,0.0,0.0,0,34.779998779296875
QQQ,LH,TOP,,,0.0,0,0,0.0,0.2,0,34.58000183105469
QQQ,HL,BOTTOM,1.0,vwap_sigma_wave,0.0545,1,0,0.0,0.0,0,33.13999938964844
QQQ,LL,BOTTOM,2.0,vwap_sigma_wave,0.0424,1,0,0.0,0.0,0,32.41999816894531
QQQ,HL,BOTTOM,3.0,vwap_sigma_wave,0.0303,1,0,0.0,0.0,0,33.14999008178711
QQQ,HH,TOP,6.0,kf_price_filt_vel,-0.0121,2,0,0.0,0.0,0,35.84000015258789
QQQ,HH,TOP,7.0,kf_price_filt_vel,-0.0364,2,0,0.0,0.0,0,35.93899917602539
QQQ,LH,TOP,8.0,kf_price_filt_vel,-0.0606,2,0,0.0,0.0,0,35.630001068115234
QQQ,HL,BOTTOM,,,0.0,0,0,0.0,0.4,0,34.679988861083984
QQQ,LL,BOTTOM,,,0.0,0,0,0.0,0.2,0,33.880001068115234
QQQ,HL,BOTTOM,,,0.0,0,0,0.0,-0.0,0,34.21001052856445
QQQ,HH,TOP,,,0.0,0,0,0.0,0.0,0,38.59000015258789
QQQ,LH,TOP,,,0.0,0,0,0.0,0.0,0,37.74000930786133
QQQ,HL,BOTTOM,1.0,sigma_tide,-0.2121,4,2,10.84,-0.5,2,34.310001373291016
QQQ,LL,BOTTOM,1.0,sigma_tide,-0.1273,4,2,11.6,-0.4,2,34.029998779296875
QQQ,HL,BOTTOM,1.0,sigma_tide,-0.1091,4,1,5.28,-0.4,1,34.41999816894531
QQQ,LH,TOP,7.0,kf_price_filt_vel,-0.2606,2,0,0.0,0.0,0,37.45000076293945
QQQ,LH,TOP,8.0,kf_price_filt_vel,-0.2121,2,0,0.0,0.0,0,36.97999954223633
QQQ,LL,BOTTOM,,,0.0,0,0,0.0,0.0,0,34.41999816894531
QQQ,HL,BOTTOM,,,0.0,0,0,0.0,0.0,0,34.72999954223633
QQQ,HH,TOP,,,0.0,0,0,0.0,0.0,0,37.369998931884766
QQQ,HH,TOP,,,0.0,0,0,0.0,0.0,0,37.74000930786133
QQQ,LH,TOP,,,0.0,0,0,0.0,0.0,0,37.03998947143555
QQQ,LL,BOTTOM,1.0,vwap_sigma_tide,0.4485,6,1,5.16,-0.7,1,32.91999816894531
QQQ,LL,BOTTOM,1.0,vwap_sigma_tide,0.3576,6,3,15.17,-0.5,3,32.470001220703125
QQQ,HL,BOTTOM,1.0,vwap_sigma_tide,0.3636,6,2,10.33,-0.3,2,32.52000045776367
QQQ,HH,TOP,5.0,sigma_tide,-0.0485,1,0,0.0,0.0,0,40.279998779296875
QQQ,HH,TOP,6.0,sigma_tide,-0.097,1,0,0.0,0.0,0,40.47700881958008
QQQ,LH,TOP,7.0,sigma_tide,-0.1455,1,0,0.0,0.0,0,40.33000183105469
QQQ,HL,BOTTOM,1.0,vwap_sigma_current,0.4485,4,2,9.65,-0.2,2,34.99000930786133
QQQ,LL,BOTTOM,1.0,vwap_sigma_current,0.4364,4,1,5.78,0.0,1,34.7039909362793
QQQ,HL,BOTTOM,1.0,vwap_sigma_current,0.3455,4,0,0.0,0.0,0,35.619998931884766
QQQ,LH,TOP,,,0.0,0,0,0.0,0.0,0,38.40999984741211
QQQ,HH,TOP,,,0.0,0,0,0.0,0.0,0,38.65999984741211
QQQ,LH,TOP,,,0.0,0,0,0.0,0.0,0,38.10000991821289
QQQ,HL,BOTTOM,3.0,vwap_sigma_wave,0.0485,1,0,0.0,0.0,0,36.779998779296875
QQQ,LL,BOTTOM,4.0,vwap_sigma_wave,0.0242,1,0,0.0,0.0,0,36.72500991821289
QQQ,HH,TOP,,,0.0,0,0,0.0,0.0,0,39.64999008178711
QQQ,HH,TOP,,,0.0,0,0,0.0,0.0,0,40.08000183105469
QQQ,LH,TOP,,,0.0,0,0,0.0,0.0,0,40.060001373291016
QQQ,HL,BOTTOM,1.0,vwap_sigma_current,0.0848,1,1,5.27,-0.9,1,37.939998626708984
QQQ,LL,BOTTOM,1.0,vwap_sigma_current,0.1152,1,4,19.82,-0.2,4,37.48699951171875
QQQ,HL,BOTTOM,1.0,vwap_sigma_current,0.297,4,1,4.22,0.0,1,37.779998779296875
QQQ,HH,TOP,6.0,vwap_sigma_wave,-0.0242,1,0,0.0,0.0,0,42.880001068115234
QQQ,HH,TOP,7.0,vwap_sigma_wave,-0.0485,1,0,0.0,0.0,0,43.21001052856445
QQQ,LH,TOP,8.0,vwap_sigma_wave,-0.0727,1,0,0.0,0.0,0,43.0
QQQ,HL,BOTTOM,,,0.0,0,0,0.0,0.0,0,40.49000930786133
QQQ,HL,BOTTOM,,,0.0,0,0,0.0,0.0,0,40.89999008178711
QQQ,LH,TOP,,,0.0,0,0,0.0,0.0,0,42.61000061035156
QQQ,HH,TOP,,,0.0,0,0,0.0,0.0,0,42.72999954223633
QQQ,LH,TOP,,,0.0,0,0,0.0,0.0,0,42.320011138916016
QQQ,LL,BOTTOM,1.0,vwap_sigma_tide,0.1576,3,1,5.83,-0.0,1,36.08000183105469
QQQ,LL,BOTTOM,1.0,vwap_sigma_tide,0.0909,3,1,6.52,-0.2,1,35.70000076293945
QQQ,HH,TOP,,,0.0,0,0,0.0,0.3,0,45.189998626708984
QQQ,HH,TOP,,,0.0,0,0,0.0,-0.0,0,45.41999816894531
QQQ,LH,TOP,,,0.0,0,0,0.0,0.1,0,45.25999069213867
QQQ,HL,BOTTOM,1.0,vwap_sigma_current,0.1636,3,2,11.37,0.0,2,42.14999008178711
QQQ,HL,BOTTOM,1.0,vwap_sigma_current,0.2121,3,0,0.0,0.0,0,42.85000991821289
QQQ,HH,TOP,1.0,vwap_sigma_current,0.1273,1,0,0.0,0.0,0,50.16999816894531
QQQ,HH,TOP,2.0,vwap_sigma_current,0.0909,1,0,0.0,0.0,0,50.320011138916016
QQQ,LH,TOP,3.0,vwap_sigma_current,0.0545,1,0,0.0,0.0,0,50.04999923706055
QQQ,HL,BOTTOM,,,0.0,0,1,4.13,-0.2,1,45.89999008178711
QQQ,LL,BOTTOM,1.0,vwap_sigma_wave,0.0545,1,1,4.41,0.0,1,45.45000076293945
QQQ,HL,BOTTOM,1.0,sigma_tide,0.097,1,0,0.0,0.0,0,46.310001373291016
QQQ,HH,TOP,,,0.0,0,0,0.0,0.0,0,54.25999069213867
QQQ,HH,TOP,,,0.0,0,0,0.0,0.0,0,55.029998779296875
QQQ,LH,TOP,,,0.0,0,0,0.0,0.4,0,54.0
QQQ,HL,BOTTOM,1.0,kf_price_pred_val,0.1939,2,5,25.33,-0.4,5,48.72999954223633
QQQ,HL,BOTTOM,1.0,vwap_sigma_wave,0.4182,5,2,20.59,0.0,2,50.74000930786133
QQQ,LH,TOP,8.0,kf_price_pred_val,-0.0303,1,0,0.0,0.0,0,52.53998947143555
QQQ,LH,TOP,9.0,kf_price_pred_val,-0.0424,1,0,0.0,0.0,0,51.320011138916016
QQQ,LL,BOTTOM,,,0.0,0,0,0.0,0.0,0,49.72999954223633
QQQ,HL,BOTTOM,,,0.0,0,0,0.0,0.0,0,49.88999938964844
QQQ,HH,TOP,,,0.0,0,0,0.0,0.0,0,52.5
QQQ,LH,TOP,,,0.0,0,0,0.0,0.6,0,51.929988861083984
QQQ,LL,BOTTOM,1.0,vwap_sigma_tide,0.1576,2,4,18.97,-0.1,4,41.25999069213867
QQQ,HL,BOTTOM,1.0,vwap_sigma_tide,0.303,4,2,10.08,0.5,2,42.8300895690918
QQQ,LH,TOP,,,0.0,0,0,0.0,0.5,0,49.75999069213867
QQQ,HH,TOP,,,0.0,0,0,0.0,0.4,0,50.54999923706055
QQQ,LH,TOP,,,0.0,0,0,0.0,0.2,0,49.029998779296875
QQQ,HL,BOTTOM,1.0,fear_level,0.0606,3,1,4.71,-0.0,1,44.22999954223633
QQQ,HL,BOTTOM,1.0,fear_level,0.0364,3,1,4.71,-0.0,1,44.24000930786133
QQQ,LH,TOP,3.0,vwap_sigma_wave,-0.0364,1,0,0.0,0.0,0,47.70000076293945
QQQ,HH,TOP,4.0,vwap_sigma_wave,-0.0182,1,0,0.0,0.0,0,48.25
QQQ,LH,TOP,5.0,vwap_sigma_wave,-0.0545,1,0,0.0,0.0,0,48.15999984741211
QQQ,LL,BOTTOM,1.0,fear_level,-0.0909,4,1,4.71,-1.1,1,42.40999984741211
QQQ,LL,BOTTOM,1.0,fear_level,-0.1758,4,9,51.62,0.1,9,40.21001052856445
QQQ,HL,BOTTOM,1.0,kf_price_pred_val,0.1758,9,2,9.52,-0.6,2,41.570011138916016
QQQ,LH,TOP,1.0,wave_slope,0.1818,9,4,25.64,-0.6,4,42.89999008178711
QQQ,LL,BOTTOM,1.0,current_accel,1.4,15,13,125.94,0.1,13,31.520000457763672
QQQ,LL,BOTTOM,1.0,wave_slope,1.2667,15,13,131.73,-0.0,13,31.320009231567383
QQQ,LH,TOP,1.0,wave_slope,0.9879,15,12,271.96,-0.2,12,35.130001068115234
QQQ,LH,TOP,1.0,kf_price_filt_vel,1.1091,15,10,95.85,-0.1,10,33.61000061035156
QQQ,LL,BOTTOM,1.0,wave_slope,0.6303,15,15,214.54,1.0,15,30.60000991821289
QQQ,HL,BOTTOM,1.0,kf_price_filt_vel,0.3394,15,12,120.43,0.6,12,32.25999069213867
QQQ,LH,TOP,1.0,wave_slope,-0.1515,15,11,105.68,0.4,11,33.20000076293945
QQQ,LH,TOP,1.0,wave_slope,-0.2667,15,15,135.66,0.3,15,31.479999542236328
QQQ,LL,BOTTOM,1.0,wave_slope,0.303,15,17,143.65,-2.1,17,28.690000534057617
QQQ,HL,BOTTOM,1.0,current_slope,0.4788,17,14,220.52,-1.1,14,31.860000610351562
QQQ,HH,TOP,1.0,current_slope,-0.6848,17,6,64.19,-0.3,6,32.820011138916016
QQQ,HH,TOP,1.0,current_slope,-1.1152,17,6,63.51,-1.0,6,33.75
QQQ,LH,TOP,1.0,current_slope,-1.2182,17,9,97.02,-0.6,9,31.990009307861328
QQQ,LL,BOTTOM,1.0,current_slope,-0.503,14,6,62.36,-0.5,6,30.10000991821289
QQQ,LL,BOTTOM,1.0,current_slope,-0.2242,11,7,72.03,-0.4,7,28.710010528564453
QQQ,HL,BOTTOM,1.0,current_slope,0.0061,10,9,96.45,1.3,9,30.460010528564453
QQQ,LH,TOP,1.0,current_slope,0.1273,10,6,62.39,1.6,6,28.979999542236328
QQQ,LL,BOTTOM,1.0,current_slope,-0.2727,10,7,72.67,-0.2,7,26.860000610351562
QQQ,LL,BOTTOM,1.0,current_slope,-0.1515,10,12,101.68,-0.4,12,25.559999465942383
QQQ,HL,BOTTOM,1.0,current_slope,0.3333,12,11,99.18,-0.1,11,26.670000076293945
QQQ,LH,TOP,1.0,kf_price_filt_vel,0.6606,13,11,95.02,-0.7,11,28.170000076293945
QQQ,HH,TOP,1.0,current_slope,0.6545,13,11,95.55,-1.1,11,29.35000991821289
QQQ,HL,BOTTOM,1.0,current_slope,0.6848,13,13,161.65,0.5,13,26.929990768432617
QQQ,HL,BOTTOM,1.0,kf_price_filt_vel,0.6667,13,9,74.77,0.6,9,27.829999923706055
QQQ,LH,TOP,1.0,current_slope,-0.3515,13,8,63.21,-1.0,8,29.15999984741211
QQQ,HH,TOP,1.0,current_accel,-0.1152,11,10,74.21,-1.1,10,30.559999465942383
QQQ,LH,TOP,1.0,d_current_slope,0.0242,11,8,59.47,-1.2,8,30.190000534057617
QQQ,HL,BOTTOM,1.0,d_current_slope,-0.5697,10,4,24.94,-0.6,4,28.889999389648438
QQQ,HL,BOTTOM,1.0,vwap_spread_tide_current,-0.6848,10,4,26.57,-0.3,4,29.490009307861328
QQQ,HH,TOP,1.0,vwap_spread_tide_current,-0.3636,8,2,14.55,-0.2,2,31.020000457763672
QQQ,HH,TOP,1.0,vwap_spread_tide_current,-0.3273,8,2,14.28,-0.6,2,31.329999923706055
QQQ,LH,TOP,1.0,vwap_spread_tide_current,-0.2182,5,4,26.26,-0.4,4,30.440000534057617
QQQ,LL,BOTTOM,1.0,vwap_spread_tide_current,0.0,4,7,38.17,-0.7,7,27.960010528564453
QQQ,HL,BOTTOM,1.0,vwap_spread_tide_current,0.2,7,7,36.75,0.3,7,29.14999008178711
QQQ,HH,TOP,1.0,vwap_spread_tide_current,-0.103,7,3,19.13,-0.2,3,31.5
QQQ,LH,TOP,1.0,vwap_spread_tide_current,-0.2182,7,5,34.42,0.1,5,30.34000015258789
QQQ,LL,BOTTOM,1.0,vwap_spread_tide_current,0.1091,9,6,38.11,-0.2,6,25.740009307861328
QQQ,HL,BOTTOM,1.0,wave_slope,0.0606,9,8,64.55,0.1,8,27.329999923706055
QQQ,HH,TOP,1.0,conj_current_tide,-0.0182,5,7,37.99,-0.2,7,35.04999923706055
QQQ,LH,TOP,1.0,conj_current_tide,0.2242,7,5,32.33,-0.0,5,35.02000045776367
QQQ,HL,BOTTOM,1.0,conj_current_tide,0.1212,7,6,35.85,-0.0,6,33.929988861083984
QQQ,LL,BOTTOM,1.0,conj_current_tide,0.1333,7,6,34.56,-0.0,6,33.02000045776367
QQQ,HL,BOTTOM,1.0,conj_current_tide,0.0545,7,6,34.47,0.2,6,33.38999938964844
QQQ,HH,TOP,1.0,d_tide_slope,-0.303,5,4,27.22,-0.4,4,36.66999816894531
QQQ,HH,TOP,1.0,d_tide_slope,-0.2364,5,5,34.55,-0.6,5,36.95000076293945
QQQ,LH,TOP,1.0,d_tide_slope,-0.103,5,5,30.39,-0.6,5,36.820011138916016
QQQ,HL,BOTTOM,1.0,d_tide_slope,-0.1152,3,2,13.14,-0.2,2,35.40999984741211
QQQ,LL,BOTTOM,1.0,d_tide_slope,-0.1091,3,3,16.84,-0.0,3,34.529998779296875
QQQ,HL,BOTTOM,1.0,d_tide_slope,-0.0364,3,2,11.81,0.4,2,34.71001052856445
QQQ,HH,TOP,,,0.0,0,0,0.0,-0.3,0,43.13999938964844
QQQ,HH,TOP,,,0.0,0,1,4.0,-0.3,1,43.310001373291016
QQQ,LH,TOP,1.0,vwap_spread_tide_current,0.0545,1,1,4.02,-0.2,1,43.130001068115234
QQQ,HL,BOTTOM,3.0,vwap_spread_tide_current,0.0545,1,0,0.0,0.0,0,42.09000015258789
QQQ,LL,BOTTOM,4.0,vwap_spread_tide_current,0.0182,1,0,0.0,0.0,0,40.96001052856445
QQQ,HH,TOP,,,0.0,0,0,0.0,-0.0,0,46.59000015258789
QQQ,LH,TOP,,,0.0,0,0,0.0,-0.1,0,45.91999816894531
QQQ,HL,BOTTOM,1.0,sigma_tide,0.1152,1,0,0.0,-0.0,0,43.88999938964844
QQQ,LL,BOTTOM,2.0,sigma_tide,0.0545,1,1,6.23,-0.2,1,42.619998931884766
QQQ,HL,BOTTOM,1.0,sigma_tide,0.0485,1,1,5.11,-0.3,1,42.97999954223633
QQQ,HH,TOP,5.0,rsi_value,0.0,2,0,0.0,0.0,0,50.310001373291016
QQQ,HH,TOP,6.0,rsi_value,-0.0485,2,0,0.0,0.0,0,50.52000045776367
QQQ,HL,BOTTOM,,,0.0,0,1,4.6,-1.5,1,46.570011138916016
QQQ,LL,BOTTOM,1.0,kf_price_pred_val,0.0545,1,6,28.84,-0.6,6,45.40999984741211
QQQ,LH,TOP,1.0,kf_price_filt_vel,0.4485,6,0,0.0,0.0,0,47.720001220703125
QQQ,HH,TOP,2.0,kf_price_filt_vel,0.3273,6,0,0.0,0.0,0,48.619998931884766
QQQ,LH,TOP,3.0,kf_price_filt_vel,0.2061,6,0,0.0,0.8,0,47.85000991821289
QQQ,LL,BOTTOM,1.0,sigma_tide,0.2182,4,1,5.27,-0.5,1,44.70000076293945
QQQ,LL,BOTTOM,1.0,sigma_tide,0.2,4,1,6.02,-0.6,1,44.20000076293945
QQQ,HL,BOTTOM,1.0,sigma_tide,0.1697,4,3,14.08,0.4,3,45.869998931884766
QQQ,LH,TOP,3.0,kf_price_filt_vel,-0.0303,4,0,0.0,0.1,0,46.25
QQQ,HH,TOP,4.0,kf_price_filt_vel,-0.1636,4,0,0.0,-0.0,0,46.689998626708984
QQQ,LH,TOP,5.0,kf_price_filt_vel,-0.297,4,2,9.04,-0.1,2,45.092498779296875
QQQ,LL,BOTTOM,1.0,sigma_tide,-0.0424,3,1,4.65,-0.4,1,44.189998626708984
QQQ,LL,BOTTOM,1.0,sigma_tide,-0.0303,3,1,5.06,-0.4,1,43.820011138916016
QQQ,HL,BOTTOM,1.0,sigma_tide,-0.0182,3,2,8.72,0.0,2,45.070011138916016
QQQ,HH,TOP,4.0,kf_price_filt_vel,-0.0424,2,0,0.0,0.0,0,46.89999008178711
QQQ,HH,TOP,5.0,kf_price_filt_vel,-0.1273,2,0,0.0,0.0,0,47.04999923706055
QQQ,LH,TOP,6.0,kf_price_filt_vel,-0.2121,2,0,0.0,0.0,0,47.0
QQQ,LL,BOTTOM,1.0,sigma_tide,0.1939,2,3,15.09,-0.8,3,42.59000015258789
QQQ,LL,BOTTOM,1.0,sigma_tide,0.3091,3,3,15.08,-0.7,3,42.470001220703125
QQQ,HH,TOP,,,0.0,0,0,0.0,0.0,0,47.08000183105469
QQQ,LH,TOP,,,0.0,0,0,0.0,0.0,0,46.67250061035156
QQQ,HL,BOTTOM,,,0.0,0,0,0.0,0.0,0,43.61000061035156
QQQ,LL,BOTTOM,,,0.0,0,0,0.0,0.0,0,43.46001052856445
QQQ,HL,BOTTOM,,,0.0,0,0,0.0,0.0,0,44.75999069213867
QQQ,HH,TOP,,,0.0,0,0,0.0,0.0,0,58.5
QQQ,HH,TOP,,,0.0,0,0,0.0,0.0,0,58.88100051879883
QQQ,LH,TOP,,,0.0,0,0,0.0,0.0,0,58.86000061035156
QQQ,HL,BOTTOM,,,0.0,0,0,0.0,-0.2,0,55.49000930786133
QQQ,LL,BOTTOM,,,0.0,0,1,4.04,0.0,1,54.14999008178711
QQQ,HL,BOTTOM,1.0,vwap_sigma_current,0.0545,1,0,0.0,0.0,0,54.64999008178711
QQQ,LH,TOP,,,0.0,0,0,0.0,0.0,0,58.820011138916016
QQQ,HH,TOP,,,0.0,0,0,0.0,0.0,0,59.220001220703125
QQQ,LH,TOP,,,0.0,0,0,0.0,0.0,0,59.130001068115234
QQQ,LL,BOTTOM,1.0,vwap_sigma_current,0.2121,3,2,10.24,-0.8,2,54.08000183105469
QQQ,LL,BOTTOM,1.0,vwap_sigma_current,0.2364,3,3,14.75,-0.4,3,53.78998947143555
QQQ,HH,TOP,,,0.0,0,0,0.0,0.0,0,59.47999954223633
QQQ,HH,TOP,,,0.0,0,0,0.0,0.2,0,59.625
QQQ,LH,TOP,,,0.0,0,0,0.0,0.1,0,58.09000015258789
QQQ,LL,BOTTOM,1.0,kf_rsi_pred_val,0.1576,2,10,66.27,-0.3,10,50.59000015258789
QQQ,HL,BOTTOM,1.0,kf_price_pred_val,0.6545,10,4,27.58,-0.3,4,53.029998779296875
QQQ,LH,TOP,1.0,kf_conjugation_pred_val,0.503,10,3,13.74,0.4,3,54.36000061035156
QQQ,LH,TOP,1.0,kf_conjugation_pred_val,0.3152,10,3,14.2,0.3,3,53.89999008178711
QQQ,LL,BOTTOM,1.0,conj_wave_tide,-0.0909,10,7,51.94,-1.4,7,50.95000076293945
QQQ,LL,BOTTOM,1.0,kf_price_filt_vel,-0.0242,10,5,29.59,-1.4,5,50.029998779296875
QQQ,HH,TOP,10.0,kf_price_filt_vel,-0.1091,2,0,0.0,-0.0,0,56.61000061035156
QQQ,LH,TOP,,,0.0,0,0,0.0,-0.3,0,56.36000061035156
QQQ,HL,BOTTOM,7.0,kf_price_pred_val,-0.0545,3,3,13.71,-0.2,3,51.13999938964844
QQQ,HL,BOTTOM,1.0,kf_price_pred_val,0.0727,3,0,0.0,-0.4,0,52.189998626708984
QQQ,HH,TOP,3.0,d_current_slope,-0.1333,2,0,0.0,0.0,0,58.85000991821289
QQQ,HH,TOP,4.0,d_current_slope,-0.2545,2,0,0.0,0.0,0,58.939998626708984
QQQ,HL,BOTTOM,1.0,vwap_sigma_wave,0.1455,1,1,5.54,-0.4,1,52.880001068115234
QQQ,LH,TOP,3.0,kf_price_pred_val,-0.0485,3,0,0.0,0.0,0,57.24000930786133
QQQ,LH,TOP,4.0,kf_price_pred_val,-0.103,3,0,0.0,0.0,0,57.08000183105469
QQQ,HL,BOTTOM,,,0.0,0,0,0.0,0.1,0,54.320011138916016
QQQ,HL,BOTTOM,,,0.0,0,0,0.0,-0.0,0,55.929988861083984
QQQ,HH,TOP,4.0,rsi_value,0.0424,2,0,0.0,0.0,0,68.25
QQQ,LH,TOP,5.0,rsi_value,0.0061,2,0,0.0,0.0,0,68.2300033569336
QQQ,HL,BOTTOM,8.0,rsi_value,-0.3455,4,0,0.0,-0.4,0,62.060001373291016
QQQ,LL,BOTTOM,9.0,rsi_value,-0.3879,4,2,8.83,0.0,2,60.409000396728516
QQQ,HH,TOP,,,0.0,0,0,0.0,0.0,0,70.2699966430664
QQQ,HH,TOP,,,0.0,0,0,0.0,0.0,0,70.39998626708984
QQQ,LH,TOP,,,0.0,0,0,0.0,0.0,0,70.33000183105469
QQQ,HL,BOTTOM,1.0,vwap_sigma_current,0.297,3,3,14.99,-0.8,3,62.24000930786133
QQQ,LL,BOTTOM,1.0,rsi_value,0.3515,3,3,15.52,-0.4,3,62.029911041259766
QQQ,HL,BOTTOM,1.0,rsi_value,0.3697,3,2,9.22,0.0,2,62.29999923706055
QQQ,HH,TOP,8.0,vwap_sigma_current,-0.0727,1,0,0.0,0.0,0,73.58999633789062
QQQ,HH,TOP,9.0,vwap_sigma_current,-0.097,1,0,0.0,0.0,0,74.30000305175781
QQQ,HL,BOTTOM,1.0,vwap_sigma_wave,0.097,1,1,4.55,0.0,1,69.7300033569336
QQQ,HL,BOTTOM,1.0,vwap_sigma_wave,0.1273,1,0,0.0,0.0,0,70.2400131225586
QQQ,HH,TOP,,,0.0,0,0,0.0,0.0,0,88.55000305175781
QQQ,HH,TOP,,,0.0,0,0,0.0,0.0,0,88.77999877929688
QQQ,LH,TOP,,,0.0,0,0,0.0,0.0,0,88.4800033569336
QQQ,HL,BOTTOM,,,0.0,0,0,0.0,0.0,0,84.29000091552734
QQQ,HL,BOTTOM,,,0.0,0,0,0.0,0.0,0,84.91000366210938
QQQ,HH,TOP,,,0.0,0,0,0.0,0.0,0,90.80999755859375
QQQ,HH,TOP,,,0.0,0,0,0.0,0.0,0,91.05999755859375
QQQ,LH,TOP,,,0.0,0,0,0.0,0.0,0,90.9800033569336
QQQ,HL,BOTTOM,2.0,sigma_tide,0.0364,1,1,6.96,-0.3,1,85.0999984741211
QQQ,LL,BOTTOM,1.0,sigma_tide,0.1091,1,1,8.61,-0.3,1,84.11000061035156
QQQ,HH,TOP,,,0.0,0,0,0.0,0.0,0,99.52999877929688
QQQ,HH,TOP,,,0.0,0,0,0.0,0.2,0,100.27999877929688
QQQ,LH,TOP,,,0.0,0,0,0.0,0.1,0,99.9800033569336
QQQ,HL,BOTTOM,1.0,kf_rsi_pred_val,0.1697,2,3,13.24,-0.5,3,92.37000274658203
QQQ,LL,BOTTOM,1.0,kf_rsi_pred_val,0.3273,3,3,14.55,-0.0,3,91.79000091552734
QQQ,HL,BOTTOM,1.0,kf_rsi_pred_val,0.3939,3,0,0.0,-0.1,0,93.0
QQQ,HH,TOP,,,0.0,0,0,0.0,0.0,0,106.01000213623047
QQQ,HL,BOTTOM,,,0.0,0,1,4.37,-0.2,1,101.61000061035156
QQQ,LL,BOTTOM,1.0,vwap_sigma_wave,0.0545,1,1,5.45,0.0,1,99.9800033569336
QQQ,HL,BOTTOM,1.0,vwap_sigma_wave,0.097,1,0,0.0,0.0,0,101.80000305175781
QQQ,LH,TOP,7.0,vwap_sigma_wave,-0.0485,1,0,0.0,0.0,0,105.04000091552734
QQQ,LL,BOTTOM,,,0.0,0,0,0.0,0.0,0,100.95999908447266
QQQ,LL,BOTTOM,,,0.0,0,0,0.0,0.0,0,99.6500015258789
QQQ,HL,BOTTOM,,,0.0,0,0,0.0,0.0,0,100.81999969482422
QQQ,HH,TOP,,,0.0,0,0,0.0,0.0,0,113.9800033569336
QQQ,LH,TOP,,,0.0,0,0,0.0,0.0,0,113.91000366210938
QQQ,LL,BOTTOM,1.0,kf_price_pred_val,0.4788,8,5,50.89,-1.3,5,98.45999908447266
QQQ,LL,BOTTOM,1.0,sigma_tide,0.6424,8,4,39.24,-0.5,4,98.08999633789062
QQQ,HL,BOTTOM,1.0,sigma_tide,0.6909,8,5,55.47,-0.2,5,103.02999877929688
QQQ,LH,TOP,7.0,sigma_tide,-0.2364,4,0,0.0,0.0,0,107.08999633789062
QQQ,HH,TOP,8.0,sigma_tide,-0.0303,1,0,0.0,0.0,0,107.12999725341797
QQQ,LH,TOP,9.0,sigma_tide,-0.0424,1,0,0.0,0.0,0,105.3499984741211
QQQ,LL,BOTTOM,,,0.0,0,2,9.53,-0.2,2,99.98999786376953
QQQ,LL,BOTTOM,1.0,sigma_tide,0.1091,2,1,5.33,0.0,1,99.47000122070312
QQQ,HL,BOTTOM,1.0,sigma_tide,0.1394,2,0,0.0,0.0,0,101.76000213623047
QQQ,HH,TOP,,,0.0,0,0,0.0,0.0,0,114.0199966430664
QQQ,HH,TOP,,,0.0,0,0,0.0,0.0,0,115.16000366210938
QQQ,LH,TOP,,,0.0,0,0,0.0,0.0,0,114.44999694824219
QQQ,LL,BOTTOM,1.0,vwap_sigma_tide,0.1636,3,2,11.18,-0.7,2,96.62000274658203
QQQ,LL,BOTTOM,1.0,vwap_sigma_tide,0.2364,3,3,15.46,-0.3,3,96.31999969482422
QQQ,HL,BOTTOM,1.0,vwap_sigma_tide,0.3394,3,2,9.98,-0.2,2,96.69000244140625
QQQ,LH,TOP,,,0.0,0,0,0.0,0.0,0,111.2300033569336
QQQ,LH,TOP,,,0.0,0,0,0.0,0.0,0,110.55000305175781
QQQ,HL,BOTTOM,4.0,vwap_sigma_wave,0.0182,1,0,0.0,0.0,0,105.05000305175781
QQQ,LL,BOTTOM,5.0,vwap_sigma_wave,0.0061,1,0,0.0,0.0,0,105.0199966430664
QQQ,HL,BOTTOM,6.0,vwap_sigma_wave,-0.0061,1,0,0.0,0.0,0,105.58000183105469
QQQ,LH,TOP,,,0.0,0,0,0.0,0.0,0,110.3499984741211
QQQ,HH,TOP,,,0.0,0,0,0.0,0.0,0,110.58000183105469
QQQ,LH,TOP,,,0.0,0,0,0.0,0.0,0,110.05999755859375
QQQ,LL,BOTTOM,1.0,kf_price_filt_vel,0.1091,2,3,14.22,0.0,3,102.22000122070312
QQQ,HL,BOTTOM,1.0,vwap_sigma_current,0.2485,3,0,0.0,0.0,0,104.45999908447266
QQQ,HH,TOP,2.0,kf_rsi_pred_val,0.1152,2,0,0.0,0.0,0,143.4199981689453
QQQ,HH,TOP,3.0,kf_rsi_pred_val,0.0788,2,0,0.0,0.0,0,143.57000732421875
QQQ,LH,TOP,4.0,kf_rsi_pred_val,0.0424,2,0,0.0,0.0,0,139.97999572753906
QQQ,HL,BOTTOM,,,0.0,0,0,0.0,0.0,0,136.19000244140625
QQQ,HH,TOP,1.0,sigma_tide,0.3515,3,1,5.12,-0.4,1,168.35000610351562
QQQ,HH,TOP,1.0,sigma_tide,0.2121,3,2,12.88,-0.2,2,170.92999267578125
QQQ,HL,BOTTOM,2.0,kf_price_pred_val,-0.0545,4,0,0.0,-0.6,0,160.2100067138672
QQQ,LL,BOTTOM,3.0,kf_price_pred_val,-0.0545,4,3,13.7,0.0,3,153.4499969482422
QQQ,HL,BOTTOM,1.0,kf_price_pred_val,0.0667,4,0,0.0,0.0,0,156.10000610351562
QQQ,HH,TOP,,,0.0,0,0,0.0,0.0,0,174.0800018310547
QQQ,LH,TOP,,,0.0,0,0,0.0,0.0,0,171.7100067138672
QQQ,LL,BOTTOM,2.0,sigma_tide,0.0848,2,1,6.0,-0.1,1,155.50999450683594
QQQ,HL,BOTTOM,1.0,sigma_tide,0.0909,2,1,4.2,-0.0,1,157.25999450683594
QQQ,HH,TOP,,,0.0,0,0,0.0,0.0,0,184.61000061035156
QQQ,HH,TOP,,,0.0,0,0,0.0,0.0,0,186.74000549316406
QQQ,LH,TOP,,,0.0,0,0,0.0,0.0,0,186.41000366210938
QQQ,HL,BOTTOM,1.0,sigma_tide,0.2364,6,2,12.28,-0.4,2,163.22999572753906
QQQ,HL,BOTTOM,1.0,sigma_tide,0.2606,6,1,5.46,-0.4,1,165.9199981689453
QQQ,LH,TOP,4.0,kf_price_filt_vel,-0.2424,6,0,0.0,0.3,0,170.24000549316406
QQQ,HH,TOP,5.0,kf_price_filt_vel,-0.3879,6,0,0.0,0.2,0,175.5800018310547
QQQ,LH,TOP,6.0,kf_price_filt_vel,-0.1333,2,0,0.0,-0.2,0,174.4600067138672
QQQ,LL,BOTTOM,3.0,sigma_tide,0.0485,3,1,4.94,-0.5,1,162.05999755859375
QQQ,LL,BOTTOM,1.0,sigma_tide,0.0545,3,2,10.16,-0.1,2,159.16000366210938
QQQ,HL,BOTTOM,1.0,sigma_tide,0.103,3,1,5.05,-0.1,1,160.3699951171875
QQQ,LH,TOP,3.0,kf_price_pred_val,-0.097,2,0,0.0,-0.4,0,172.3300018310547
QQQ,LH,TOP,4.0,kf_price_pred_val,-0.1697,2,2,13.2,-0.1,2,165.72000122070312
QQQ,LL,BOTTOM,1.0,vwap_sigma_tide,0.5455,6,7,45.04,-1.0,7,143.5
QQQ,HH,TOP,3.0,rsi_value,0.0182,2,0,0.0,0.0,0,188.11000061035156
QQQ,HH,TOP,4.0,rsi_value,-0.0424,2,0,0.0,0.0,0,191.11000061035156
QQQ,HL,BOTTOM,,,0.0,0,3,14.78,0.0,3,170.1199951171875
QQQ,HL,BOTTOM,1.0,rsi_value,0.1636,3,0,0.0,0.0,0,174.91000366210938
QQQ,HH,TOP,,,0.0,0,0,0.0,0.0,0,193.3000030517578
QQQ,HH,TOP,,,0.0,0,0,0.0,0.2,0,195.2899932861328
QQQ,HL,BOTTOM,1.0,vwap_sigma_wave,0.0545,1,4,18.92,-0.2,4,180.72999572753906
QQQ,HL,BOTTOM,1.0,kf_price_pred_val,0.2606,4,1,4.21,0.0,1,183.25999450683594
QQQ,HH,TOP,3.0,sigma_tide,0.0303,1,0,0.0,0.7,0,234.72999572753906
QQQ,HH,TOP,4.0,sigma_tide,0.0182,1,0,0.0,0.4,0,236.97999572753906
QQQ,LH,TOP,5.0,sigma_tide,0.0061,1,0,0.0,0.4,0,234.77999877929688
QQQ,HL,BOTTOM,1.0,kf_price_pred_val,0.1939,3,1,5.49,-0.2,1,216.47999572753906
QQQ,LL,BOTTOM,1.0,kf_rsi_pred_val,0.1758,3,3,19.56,-0.2,3,205.63999938964844
QQQ,HL,BOTTOM,1.0,kf_rsi_pred_val,0.3212,3,2,12.81,-0.1,2,205.8000030517578
QQQ,LH,TOP,1.0,kf_price_filt_vel,0.3515,3,0,0.0,1.3,0,209.47999572753906
QQQ,HH,TOP,2.0,kf_price_filt_vel,0.1818,3,3,15.08,1.3,3,218.22000122070312
QQQ,LH,TOP,1.0,kf_price_pred_val,0.1758,3,1,4.25,1.6,1,211.58999633789062
QQQ,LL,BOTTOM,1.0,kf_conjugation_pred_val,-0.0848,3,10,97.33,1.7,10,193.57000732421875
QQQ,HL,BOTTOM,1.0,kf_price_pred_val,0.4182,10,5,32.6,0.6,5,204.11000061035156
QQQ,LH,TOP,1.0,kf_conjugation_pred_val,0.497,10,6,39.92,-1.2,6,195.22000122070312
QQQ,LL,BOTTOM,1.0,kf_conjugation_pred_val,0.5273,10,12,152.44,-1.2,12,177.32000732421875
QQQ,HL,BOTTOM,1.0,kf_price_pred_val,0.9576,12,9,99.59,-1.5,9,192.33999633789062
QQQ,LL,BOTTOM,1.0,kf_price_filt_vel,1.0485,12,12,153.88,-0.6,12,169.3000030517578
QQQ,HL,BOTTOM,1.0,kf_price_pred_val,1.2848,12,9,110.13,0.6,9,182.13999938964844
QQQ,LH,TOP,1.0,kf_price_filt_vel,1.0485,12,6,76.6,0.3,6,176.60000610351562
QQQ,LL,BOTTOM,1.0,conj_wave_tide,-0.2121,12,6,75.04,-1.0,6,170.4600067138672
QQQ,HL,BOTTOM,1.0,conj_wave_tide,-0.2,12,9,112.34,-0.8,9,183.66000366210938
QQQ,HH,TOP,1.0,conj_wave_tide,-0.4,12,4,24.38,0.4,4,192.0399932861328
QQQ,LH,TOP,1.0,conj_wave_tide,-0.2545,9,3,14.12,-0.1,3,190.39999389648438
QQQ,LL,BOTTOM,1.0,conj_wave_tide,-0.2667,9,5,38.38,-0.0,5,182.30999755859375
QQQ,HL,BOTTOM,1.0,kf_price_filt_vel,-0.297,9,3,14.06,-0.3,3,186.00999450683594
QQQ,HH,TOP,,,0.0,0,2,8.89,-0.4,2,299.9200134277344
QQQ,HH,TOP,1.0,rsi_value,0.1091,2,2,10.16,-0.7,2,302.760009765625
QQQ,LH,TOP,1.0,rsi_value,0.1939,2,3,26.36,-0.5,3,287.4100036621094
QQQ,HL,BOTTOM,10.0,kf_price_pred_val,-0.1636,3,0,0.0,-0.4,0,272.4800109863281
QQQ,LL,BOTTOM,,,0.0,0,1,4.22,-0.6,1,264.1600036621094
QQQ,HL,BOTTOM,1.0,kf_conjugation_pred_val,0.0545,1,2,8.97,-0.4,2,265.3900146484375
QQQ,HH,TOP,,,0.0,0,1,4.35,0.0,1,294.5299987792969
QQQ,LH,TOP,1.0,kf_price_pred_val,0.0545,1,0,0.0,0.0,0,294.5199890136719
QQQ,HL,BOTTOM,1.0,kf_price_pred_val,0.0545,1,0,0.0,0.5,0,276.3900146484375
QQQ,LL,BOTTOM,2.0,kf_price_pred_val,0.0424,1,0,0.0,0.1,0,269.3800048828125
QQQ,HH,TOP,1.0,vwap_spread_tide_current,0.2364,2,2,8.21,-0.0,2,334.5799865722656
QQQ,HH,TOP,1.0,vwap_spread_tide_current,0.2364,2,1,4.19,-0.3,1,336.45001220703125
QQQ,HL,BOTTOM,1.0,d_tide_slope,0.1939,3,2,10.19,-0.7,2,299.94000244140625
QQQ,HL,BOTTOM,1.0,sigma_tide,0.2727,3,3,15.64,-0.2,3,311.7699890136719
QQQ,HH,TOP,,,0.0,0,0,0.0,0.0,0,341.6099853515625
QQQ,HH,TOP,,,0.0,0,0,0.0,0.0,0,342.010009765625
QQQ,HL,BOTTOM,1.0,vwap_sigma_wave,0.0545,1,0,0.0,0.0,0,325.30999755859375
QQQ,LL,BOTTOM,2.0,vwap_sigma_wave,0.0424,1,0,0.0,0.0,0,316.8900146484375
QQQ,HL,BOTTOM,3.0,vwap_sigma_wave,0.0303,1,0,0.0,0.0,0,319.3399963378906
QQQ,HH,TOP,9.0,vwap_sigma_wave,-0.097,1,0,0.0,0.0,0,382.1099853515625
QQQ,LH,TOP,10.0,vwap_sigma_wave,-0.0545,1,0,0.0,0.0,0,380.7799987792969
QQQ,HL,BOTTOM,2.0,kf_rsi_pred_val,0.0424,1,2,8.58,0.0,2,352.6199951171875
QQQ,HL,BOTTOM,1.0,rsi_value,0.1394,2,0,0.0,0.0,0,357.3800048828125
QQQ,HH,TOP,8.0,kf_rsi_pred_val,-0.2242,2,0,0.0,0.0,0,401.75
QQQ,HH,TOP,9.0,kf_rsi_pred_val,-0.1515,2,0,0.0,0.0,0,403.989990234375
QQQ,HL,BOTTOM,9.0,kf_price_filt_vel,-0.0848,2,0,0.0,0.0,0,380.69000244140625
QQQ,HL,BOTTOM,10.0,kf_price_filt_vel,-0.1091,2,0,0.0,0.0,0,389.2099914550781
QQQ,LH,TOP,,,0.0,0,0,0.0,0.0,0,403.4800109863281
QQQ,LH,TOP,,,0.0,0,0,0.0,0.0,0,401.6099853515625
QQQ,LL,BOTTOM,1.0,sigma_tide,0.7939,7,7,44.08,-1.9,7,344.57000732421875
QQQ,LL,BOTTOM,1.0,sigma_tide,0.897,7,7,46.94,-1.0,7,341.1000061035156
QQQ,HL,BOTTOM,1.0,sigma_tide,0.9152,7,6,35.34,-0.7,6,351.79998779296875
QQQ,LH,TOP,1.0,kf_price_pred_val,0.6,7,1,4.39,-0.3,1,365.5199890136719
QQQ,HH,TOP,1.0,conj_wave_tide,0.1939,7,0,0.0,-0.9,0,368.489990234375
QQQ,LH,TOP,2.0,conj_wave_tide,-0.2545,7,4,28.7,-0.3,4,353.54998779296875
QQQ,LL,BOTTOM,1.0,sigma_tide,0.0242,4,1,5.35,-0.7,1,338.0799865722656
QQQ,LL,BOTTOM,1.0,sigma_tide,0.0485,4,2,11.53,-0.6,2,329.4200134277344
QQQ,HL,BOTTOM,1.0,sigma_tide,0.0606,4,3,14.06,0.0,3,340.489990234375
QQQ,LH,TOP,3.0,kf_price_filt_vel,0.0545,3,0,0.0,0.6,0,341.489990234375
QQQ,HH,TOP,4.0,kf_price_filt_vel,0.0121,3,0,0.0,0.5,0,347.2200012207031
QQQ,LH,TOP,5.0,kf_price_filt_vel,-0.0848,3,0,0.0,-0.2,0,342.260009765625
QQQ,LL,BOTTOM,1.0,sigma_tide,0.1576,4,2,9.47,-0.3,2,318.1700134277344
QQQ,HL,BOTTOM,1.0,sigma_tide,0.1697,4,0,0.0,-0.6,0,328.1499938964844
QQQ,HH,TOP,8.0,kf_price_pred_val,-0.2,3,2,9.82,0.1,2,364.9100036621094
QQQ,HH,TOP,1.0,d_current_slope,-0.0182,3,2,11.82,-0.3,2,371.19000244140625
QQQ,LH,TOP,1.0,d_current_slope,0.0303,3,2,12.14,-0.5,2,367.0899963378906
QQQ,LL,BOTTOM,1.0,vwap_sigma_tide,0.2667,3,3,18.88,0.1,3,328.010009765625
QQQ,LL,BOTTOM,1.0,kf_price_filt_vel,0.3576,3,3,14.28,-0.1,3,313.25
QQQ,LH,TOP,1.0,vwap_sigma_tide,0.3758,3,2,8.87,-0.0,2,318.82000732421875
QQQ,HH,TOP,1.0,vwap_sigma_tide,0.3152,3,3,12.38,0.7,3,329.6000061035156
QQQ,LH,TOP,1.0,kf_price_pred_val,0.2848,3,3,16.13,1.5,3,313.0
QQQ,LL,BOTTOM,1.0,vwap_sigma_tide,-0.0061,5,6,30.51,-0.7,6,291.8399963378906
QQQ,LL,BOTTOM,1.0,vwap_sigma_tide,0.1939,6,8,39.44,-0.3,8,291.1499938964844
QQQ,HL,BOTTOM,1.0,vwap_sigma_tide,0.4667,8,8,45.69,-0.1,8,301.94000244140625
QQQ,LH,TOP,1.0,kf_price_filt_vel,0.6788,8,6,27.78,-0.5,6,298.44000244140625
QQQ,HH,TOP,1.0,vwap_sigma_tide,0.6545,8,3,13.84,-1.4,3,306.1700134277344
QQQ,LH,TOP,1.0,vwap_sigma_tide,0.4182,8,7,36.72,-1.0,7,291.1400146484375
QQQ,LL,BOTTOM,1.0,vwap_sigma_tide,0.0424,8,2,10.6,-0.0,2,293.4800109863281
QQQ,LL,BOTTOM,1.0,vwap_sigma_tide,-0.1818,8,2,11.31,-0.3,2,287.239990234375
QQQ,HL,BOTTOM,1.0,vwap_sigma_tide,-0.5697,8,2,10.61,-0.5,2,291.260009765625
QQQ,HH,TOP,1.0,fear_level,-0.3939,7,1,4.71,0.1,1,306.0
QQQ,HH,TOP,1.0,fear_level,-0.5394,7,1,4.71,0.6,1,314.3800048828125
QQQ,LH,TOP,1.0,fear_level,-0.3939,6,0,0.0,1.2,0,306.20001220703125
QQQ,LL,BOTTOM,1.0,vwap_sigma_tide,0.5515,6,5,33.02,-0.3,5,282.79998779296875
QQQ,LL,BOTTOM,1.0,kf_price_filt_vel,0.6121,6,4,20.96,-0.4,4,271.3900146484375
QQQ,HL,BOTTOM,1.0,vwap_sigma_tide,0.5697,6,4,20.51,-0.4,4,274.69000244140625
QQQ,HH,TOP,1.0,conj_wave_tide,0.0242,2,0,0.0,0.2,0,333.05999755859375
QQQ,LH,TOP,2.0,conj_wave_tide,-0.0121,2,0,0.0,0.1,0,332.2799987792969
QQQ,HL,BOTTOM,1.0,fear_level,0.1152,2,1,4.71,1.0,1,293.04998779296875
QQQ,HL,BOTTOM,1.0,fear_level,0.1273,2,1,4.71,0.5,1,298.9700012207031
QQQ,LH,TOP,1.0,fear_level,-0.0727,2,1,4.71,-1.0,1,310.739990234375
QQQ,LH,TOP,1.0,fear_level,-0.097,2,6,42.47,-0.0,6,293.70001220703125
QQQ,LL,BOTTOM,1.0,fear_level,0.3758,5,3,14.79,-0.8,3,271.8699951171875
QQQ,LL,BOTTOM,1.0,current_accel,0.3152,5,5,22.71,0.7,5,267.260009765625
QQQ,LH,TOP,1.0,fear_level,0.3394,5,1,4.71,0.5,1,273.5299987792969
QQQ,HH,TOP,1.0,fear_level,0.097,5,4,20.09,0.9,4,282.1300048828125
QQQ,LH,TOP,1.0,kf_price_filt_vel,0.0182,5,1,4.71,0.4,1,281.9800109863281
QQQ,HL,BOTTOM,1.0,fear_level,0.1394,6,3,13.7,-0.4,3,268.82000732421875
QQQ,LL,BOTTOM,1.0,fear_level,0.103,6,2,9.03,-0.6,2,260.739990234375
QQQ,LH,TOP,1.0,current_slope,-0.3758,4,2,8.45,-0.6,2,278.45001220703125
QQQ,HH,TOP,1.0,geo_phase_angle,-0.3152,4,2,9.64,-0.4,2,284.2099914550781
QQQ,LH,TOP,1.0,geo_phase_angle,-0.2303,4,2,8.33,0.2,2,277.92999267578125
QQQ,HL,BOTTOM,5.0,geo_phase_angle,-0.1636,2,1,4.94,-0.0,1,265.67999267578125
QQQ,LL,BOTTOM,1.0,kf_price_pred_val,-0.1515,2,1,4.07,1.3,1,260.489990234375
QQQ,HL,BOTTOM,1.0,kf_price_pred_val,-0.1394,2,0,0.0,1.2,0,264.67999267578125
QQQ,HH,TOP,7.0,current_accel,-0.0364,2,3,16.44,0.0,3,293.3599853515625
QQQ,HH,TOP,1.0,kf_price_filt_vel,0.103,3,0,0.0,0.0,0,293.7200012207031
QQQ,LH,TOP,2.0,kf_price_filt_vel,0.0424,3,0,0.0,0.2,0,292.54998779296875
QQQ,LL,BOTTOM,5.0,vwap_sigma_wave,-0.1818,3,0,0.0,0.0,0,263.5799865722656
QQQ,LL,BOTTOM,6.0,vwap_sigma_wave,-0.2121,3,0,0.0,0.2,0,260.1000061035156
QQQ,HL,BOTTOM,7.0,vwap_sigma_wave,-0.2303,3,0,0.0,0.1,0,266.44000244140625
QQQ,HH,TOP,,,0.0,0,1,4.0,-0.5,1,300.9200134277344
QQQ,HH,TOP,1.0,conj_wave_tide,0.0545,1,3,14.79,-0.5,3,311.7200012207031
QQQ,LH,TOP,1.0,kf_price_pred_val,0.2061,3,2,9.25,-0.5,2,306.17999267578125
QQQ,HL,BOTTOM,9.0,geo_phase_angle,-0.0424,1,0,0.0,0.4,0,292.6600036621094
QQQ,LL,BOTTOM,10.0,geo_phase_angle,-0.0545,1,0,0.0,0.2,0,288.54998779296875
QQQ,HH,TOP,1.0,d_tide_slope,0.1091,2,2,9.06,-0.0,2,382.6099853515625
QQQ,HH,TOP,1.0,d_tide_slope,0.1939,2,2,9.34,-0.4,2,385.739990234375
QQQ,LH,TOP,1.0,d_tide_slope,0.2545,2,2,11.17,-0.2,2,385.6499938964844
QQQ,HL,BOTTOM,10.0,d_tide_slope,-0.1091,2,1,4.32,0.0,1,358.5799865722656
QQQ,LL,BOTTOM,1.0,vwap_sigma_wave,0.0545,1,0,0.0,0.0,0,358.1300048828125
QQQ,LH,TOP,,,0.0,0,0,0.0,0.0,0,378.07000732421875
QQQ,LH,TOP,,,0.0,0,0,0.0,0.0,0,374.739990234375
QQQ,LL,BOTTOM,,,0.0,0,1,4.26,-0.8,1,350.3399963378906
QQQ,LL,BOTTOM,1.0,vwap_sigma_current,0.0545,1,3,15.95,-0.4,3,343.6600036621094
QQQ,HL,BOTTOM,1.0,vwap_sigma_current,0.2061,3,2,9.26,0.0,2,345.30999755859375
QQQ,HH,TOP,,,0.0,0,0,0.0,0.0,0,445.8699951171875
QQQ,HH,TOP,,,0.0,0,0,0.0,0.0,0,446.3800048828125
QQQ,HL,BOTTOM,1.0,vwap_sigma_wave,0.1273,1,1,5.15,-0.8,1,423.4100036621094
QQQ,LL,BOTTOM,1.0,vwap_sigma_wave,0.1455,1,4,20.2,0.0,4,414.6499938964844
QQQ,HH,TOP,1.0,reg_value_current,0.0,3,3,13.82,-0.4,3,497.7699890136719
QQQ,HH,TOP,1.0,reg_value_current,0.0,3,5,23.13,-0.0,5,502.9599914550781
QQQ,LH,TOP,1.0,reg_value_current,0.1091,5,3,14.09,-0.0,3,491.92999267578125
QQQ,HL,BOTTOM,1.0,sigma_tide,0.2727,8,6,28.24,-1.0,6,439.5299987792969
QQQ,LL,BOTTOM,1.0,sigma_tide,0.3515,8,6,29.74,-0.9,6,434.7699890136719
QQQ,HL,BOTTOM,1.0,sigma_tide,0.4606,8,7,33.32,-0.2,7,448.07000732421875
QQQ,LH,TOP,1.0,reg_value_tide,-0.4303,7,3,12.9,-0.0,3,480.260009765625
QQQ,HH,TOP,1.0,reg_value_tide,-0.3636,7,3,12.93,-0.0,3,482.5
QQQ,LH,TOP,1.0,reg_value_tide,-0.2606,7,3,12.94,0.2,3,474.8500061035156
QQQ,HL,BOTTOM,1.0,reg_value_tide,0.1455,4,4,17.12,-0.2,4,461.0400085449219
QQQ,LL,BOTTOM,1.0,reg_value_tide,0.1515,4,4,17.15,-0.0,4,448.69000244140625
QQQ,HH,TOP,1.0,reg_value_current,0.0,4,4,21.91,-0.3,4,538.1699829101562
QQQ,LH,TOP,1.0,reg_value_current,0.0,4,4,22.08,-0.6,4,535.7999877929688
QQQ,HL,BOTTOM,1.0,reg_value_current,0.0,4,4,22.69,-0.0,4,505.55999755859375
QQQ,LL,BOTTOM,1.0,reg_value_current,0.0,4,4,22.64,-0.0,4,505.0799865722656
QQQ,HL,BOTTOM,1.0,reg_value_current,0.0,4,4,22.65,-0.0,4,516.7000122070312
QQQ,HH,TOP,1.0,vwap_wave,0.0,4,4,23.56,-0.0,4,539.3699951171875
QQQ,HH,TOP,1.0,vwap_wave,0.0,4,4,23.64,-0.0,4,539.52001953125
QQQ,LH,TOP,1.0,vwap_wave,0.0,4,4,23.71,0.6,4,537.22998046875
QQQ,LL,BOTTOM,1.0,sigma_tide,0.3273,9,8,41.33,-1.2,8,476.9200134277344
QQQ,LL,BOTTOM,1.0,reg_value_tide,0.3515,9,10,54.09,-1.1,10,468.3399963378906
QQQ,HL,BOTTOM,1.0,sigma_tide,0.6364,10,8,42.38,-1.0,8,479.6600036621094
QQQ,LH,TOP,1.0,vwap_tide,-0.5939,10,4,21.49,0.3,4,490.6600036621094
QQQ,HH,TOP,1.0,vwap_tide,-0.6909,10,4,21.44,0.1,4,493.4599914550781
QQQ,LH,TOP,1.0,vwap_tide,-0.6727,10,4,21.37,-0.1,4,484.3800048828125
QQQ,LL,BOTTOM,1.0,kf_price_pred_val,0.9636,17,13,68.29,-2.4,13,423.69000244140625
QQQ,LL,BOTTOM,1.0,sigma_tide,1.2,17,12,70.25,-0.9,12,416.05999755859375
QQQ,HL,BOTTOM,1.0,sigma_tide,1.2727,17,6,184.44,0.2,6,466.0
QQQ,LH,TOP,1.0,kf_price_filt_vel,0.9212,17,3,15.92,0.2,3,446.17999267578125
QQQ,LL,BOTTOM,1.0,vwap_tide,-1.5818,17,3,15.99,-0.2,3,433.1099853515625
QQQ,HL,BOTTOM,1.0,vwap_tide,-1.0485,13,2,11.2,-0.7,2,444.4800109863281
QQQ,HH,TOP,1.0,reg_value_current,0.0545,5,4,33.54,-0.0,4,632.9199829101562
QQQ,HH,TOP,1.0,reg_value_current,0.0424,5,4,33.77,-0.0,4,635.77001953125
QQQ,LH,TOP,1.0,reg_value_current,0.0303,5,4,33.96,-0.0,4,626.0499877929688
QQQ,HL,BOTTOM,1.0,reg_value_current,0.0,4,4,35.26,-0.0,4,599.8699951171875
QQQ,LL,BOTTOM,1.0,reg_value_current,0.0,4,4,35.17,-0.0,4,585.6699829101562
QQQ,HL,BOTTOM,1.0,reg_value_current,0.0,4,4,35.09,-0.0,4,590.0700073242188
QQQ,HH,TOP,1.0,reg_value_tide,0.0,4,4,37.69,-0.0,4,631.1300048828125
QQQ,HH,TOP,1.0,reg_value_tide,0.0,4,4,37.82,0.2,4,633.219970703125
QQQ,LH,TOP,1.0,reg_value_tide,0.0,4,4,37.95,0.3,4,629.4299926757812
QQQ,LL,BOTTOM,1.0,reg_value_tide,0.3879,8,9,64.51,-0.4,9,558.280029296875
QQQ,HL,BOTTOM,1.0,reg_value_tide,0.5152,9,6,47.07,-0.0,6,577.1799926757812
SPY,UNKNOWN,BOTTOM,1.0,sigma_tide,0.7455,6,5,47.33,-0.6,5,43.90625
SPY,HL,BOTTOM,1.0,sigma_tide,0.7394,6,4,21.88,-0.0,4,44.8125
SPY,UNKNOWN,TOP,,,0.0,0,0,0.0,0.0,0,46.171871185302734
SPY,HH,TOP,,,0.0,0,0,0.0,0.2,0,46.53125
SPY,LH,TOP,,,0.0,0,0,0.0,0.1,0,46.34375
SPY,HL,BOTTOM,2.0,vwap_sigma_wave,0.0424,1,0,0.0,-0.8,0,45.0
SPY,LL,BOTTOM,3.0,vwap_sigma_wave,0.0303,1,4,21.25,0.0,4,44.0625
SPY,HH,TOP,1.0,vwap_sigma_wave,0.0545,1,0,0.0,-0.2,0,47.65625
SPY,HH,TOP,2.0,vwap_sigma_wave,0.0424,1,1,4.01,0.0,1,47.78125
SPY,LH,TOP,1.0,kf_rsi_pred_val,0.0848,1,0,0.0,0.0,0,47.65625
SPY,HL,BOTTOM,1.0,vwap_sigma_wave,0.0242,1,0,0.0,-0.2,0,45.390621185302734
SPY,LL,BOTTOM,2.0,vwap_sigma_wave,0.0,1,1,4.38,0.0,1,45.25
SPY,HL,BOTTOM,1.0,kf_rsi_pred_val,0.0303,1,0,0.0,0.0,0,45.453121185302734
SPY,LH,TOP,,,0.0,0,0,0.0,0.0,0,46.671871185302734
SPY,HH,TOP,,,0.0,0,0,0.0,0.0,0,47.65625
SPY,LL,BOTTOM,4.0,vwap_sigma_current,-0.1879,3,0,0.0,-0.2,0,45.3125
SPY,LL,BOTTOM,5.0,vwap_sigma_current,-0.0485,1,1,4.24,0.0,1,44.875
SPY,HL,BOTTOM,1.0,vwap_sigma_current,0.0485,1,0,0.0,0.0,0,45.046871185302734
SPY,HH,TOP,1.0,sigma_tide,0.2909,3,3,18.03,-0.6,3,66.32811737060547
SPY,LH,TOP,1.0,sigma_tide,0.3818,3,3,15.13,0.0,3,66.1875
SPY,HL,BOTTOM,,,0.0,0,2,10.67,-0.4,2,63.0
SPY,LL,BOTTOM,1.0,sigma_tide,0.1091,2,2,9.85,0.0,2,62.921871185302734
SPY,HL,BOTTOM,1.0,sigma_tide,0.1939,2,0,0.0,0.0,0,63.71875
SPY,HH,TOP,1.0,vwap_sigma_current,0.0545,1,0,0.0,0.0,0,67.54686737060547
SPY,HH,TOP,2.0,vwap_sigma_current,0.0424,1,0,0.0,0.0,0,68.1875
SPY,LH,TOP,3.0,vwap_sigma_current,0.0303,1,0,0.0,0.0,0,67.90625
SPY,LL,BOTTOM,1.0,sigma_tide,0.1273,4,6,42.93,-0.5,6,62.65625
SPY,HL,BOTTOM,1.0,sigma_tide,0.3455,6,3,23.43,-0.4,3,62.8125
SPY,HH,TOP,2.0,vwap_sigma_wave,0.0424,1,0,0.0,0.0,0,81.875
SPY,LH,TOP,3.0,vwap_sigma_wave,0.0303,1,0,0.0,0.0,0,81.32811737060547
SPY,HL,BOTTOM,2.0,kf_conjugation_pred_val,-0.0848,5,0,0.0,-1.2,0,75.78125
SPY,LL,BOTTOM,3.0,kf_conjugation_pred_val,-0.303,5,6,37.37,-0.2,6,73.375
SPY,HH,TOP,10.0,kf_price_filt_vel,-0.1091,2,0,0.0,0.0,0,95.25
SPY,HH,TOP,,,0.0,0,0,0.0,0.0,0,96.03125
SPY,LH,TOP,,,0.0,0,0,0.0,0.0,0,95.3125
SPY,HL,BOTTOM,,,0.0,0,0,0.0,-0.4,0,92.625
SPY,LL,BOTTOM,,,0.0,0,2,10.33,0.0,2,89.78125
SPY,HH,TOP,,,0.0,0,0,0.0,0.0,0,97.28125
SPY,HH,TOP,,,0.0,0,0,0.0,0.0,0,98.1875
SPY,LH,TOP,,,0.0,0,0,0.0,0.0,0,97.5
SPY,LL,BOTTOM,4.0,kf_price_filt_vel,0.0364,2,8,133.99,0.6,8,87.1875
SPY,HL,BOTTOM,1.0,kf_price_pred_val,0.4485,8,2,31.55,-0.0,2,92.21875
SPY,HH,TOP,3.0,kf_price_pred_val,0.0303,1,0,0.0,0.0,0,97.6875
SPY,HH,TOP,4.0,kf_price_pred_val,0.0182,1,0,0.0,0.0,0,98.9375
SPY,HL,BOTTOM,6.0,kf_price_pred_val,-0.0424,2,0,0.0,-0.8,0,95.625
SPY,LL,BOTTOM,7.0,kf_price_pred_val,-0.0788,2,4,26.86,-0.2,4,92.3125
SPY,HH,TOP,8.0,vwap_sigma_current,-0.0303,1,0,0.0,0.0,0,118.40625
SPY,HH,TOP,9.0,vwap_sigma_current,-0.0424,1,0,0.0,0.0,0,118.5625
SPY,HL,BOTTOM,1.0,sigma_tide,0.4182,8,12,149.8,0.2,12,96.0
SPY,HL,BOTTOM,1.0,kf_price_pred_val,1.0424,12,6,50.07,0.1,6,100.0625
SPY,LH,TOP,1.0,conj_current_tide,-0.4545,9,3,17.82,-0.6,3,102.875
SPY,HH,TOP,1.0,conj_current_tide,-0.4909,9,6,52.25,0.6,6,107.0
SPY,LH,TOP,1.0,kf_price_pred_val,-0.3152,9,3,17.5,0.7,3,104.375
SPY,LL,BOTTOM,1.0,conj_current_tide,-0.2364,6,4,20.03,-0.4,4,97.125
SPY,LL,BOTTOM,1.0,conj_current_tide,-0.0424,6,4,21.36,-0.4,4,96.59375
SPY,HL,BOTTOM,1.0,conj_current_tide,-0.0242,6,6,36.41,-0.8,6,98.53125
SPY,HH,TOP,1.0,kf_price_pred_val,-0.1697,3,0,0.0,-0.0,0,126.8125
SPY,HH,TOP,2.0,kf_price_pred_val,-0.2848,3,0,0.0,0.2,0,127.75
SPY,HL,BOTTOM,1.0,kf_price_filt_vel,-0.303,3,0,0.0,-0.2,0,123.375
SPY,LL,BOTTOM,2.0,kf_price_filt_vel,-0.297,3,0,0.0,-0.4,0,121.21875
SPY,HL,BOTTOM,3.0,kf_price_filt_vel,-0.2545,3,2,11.17,0.0,2,124.375
SPY,HH,TOP,,,0.0,0,0,0.0,-0.2,0,136.75
SPY,HH,TOP,,,0.0,0,0,0.0,-0.4,0,137.34375
SPY,LH,TOP,,,0.0,0,2,10.11,0.0,2,133.78125
SPY,HL,BOTTOM,1.0,vwap_sigma_wave,0.0364,2,0,0.0,-0.4,0,130.4375
SPY,LL,BOTTOM,2.0,vwap_sigma_wave,-0.0121,2,2,8.26,0.0,2,128.5625
SPY,HL,BOTTOM,1.0,d_current_slope,0.0485,2,0,0.0,0.0,0,130.203125
SPY,HH,TOP,,,0.0,0,0,0.0,0.0,0,141.046875
SPY,HH,TOP,,,0.0,0,0,0.0,0.0,0,141.8125
SPY,LL,BOTTOM,1.0,kf_conjugation_pred_val,0.2485,2,2,10.29,-1.3,2,130.09375
SPY,LL,BOTTOM,1.0,kf_conjugation_pred_val,0.2727,2,6,28.63,-0.9,6,128.65625
SPY,HL,BOTTOM,1.0,conj_wave_tide,0.4909,6,3,15.56,-0.8,3,130.21875
SPY,LH,TOP,7.0,conj_wave_tide,-0.5818,6,0,0.0,0.1,0,136.96875
SPY,HH,TOP,8.0,conj_wave_tide,-0.3515,3,0,0.0,-0.0,0,138.375
SPY,LH,TOP,9.0,conj_wave_tide,-0.2485,3,0,0.0,-0.1,0,136.71875
SPY,LL,BOTTOM,1.0,d_tide_slope,0.1697,4,2,13.4,-0.8,2,128.34375
SPY,LL,BOTTOM,1.0,tide_accel,0.0364,4,3,13.88,-0.6,3,126.8125
SPY,HL,BOTTOM,1.0,d_tide_slope,0.0667,4,2,8.39,-0.4,2,128.75
SPY,LH,TOP,4.0,d_tide_slope,-0.3697,4,0,0.0,0.3,0,131.875
SPY,HH,TOP,5.0,d_tide_slope,-0.3091,3,0,0.0,1.0,0,133.875
SPY,LL,BOTTOM,1.0,kf_price_pred_val,-0.0303,3,0,0.0,-1.2,0,128.15625
SPY,LL,BOTTOM,2.0,kf_price_pred_val,0.0182,3,5,23.27,-0.6,5,124.875
SPY,HH,TOP,4.0,vwap_sigma_wave,0.0182,1,0,0.0,0.2,0,146.640625
SPY,HH,TOP,5.0,vwap_sigma_wave,0.0061,1,0,0.0,0.4,0,146.875
SPY,HL,BOTTOM,1.0,kf_price_pred_val,0.1333,3,0,0.0,-0.5,0,140.0
SPY,LL,BOTTOM,2.0,kf_price_pred_val,0.0848,3,1,4.85,-0.9,1,137.75
SPY,HL,BOTTOM,1.0,kf_rsi_pred_val,0.0909,3,3,73.05,-0.6,3,145.75
SPY,LH,TOP,3.0,kf_price_pred_val,0.097,3,0,0.0,0.0,0,145.0
SPY,HH,TOP,4.0,kf_price_pred_val,-0.0242,3,0,0.0,0.6,0,146.96875
SPY,LL,BOTTOM,3.0,kf_price_pred_val,0.0909,3,0,0.0,-1.2,0,140.25
SPY,LL,BOTTOM,4.0,kf_price_pred_val,0.0545,3,5,23.34,-0.4,5,135.875
SPY,LH,TOP,5.0,kf_price_filt_vel,-0.1818,5,0,0.0,0.0,0,142.375
SPY,HH,TOP,6.0,kf_price_filt_vel,-0.103,5,0,0.0,0.0,0,144.3125
SPY,LH,TOP,7.0,kf_price_filt_vel,-0.1879,5,0,0.0,0.0,0,141.28125
SPY,LL,BOTTOM,2.0,vwap_sigma_current,0.103,2,1,5.24,-0.4,1,133.8125
SPY,LL,BOTTOM,1.0,vwap_sigma_current,0.1212,2,1,5.23,-0.4,1,133.328125
SPY,HH,TOP,1.0,current_accel,0.0364,3,5,24.97,-0.6,5,152.5
SPY,HH,TOP,1.0,current_accel,0.3455,5,5,29.22,-0.6,5,153.5625
SPY,HL,BOTTOM,1.0,kf_price_filt_vel,-0.2909,4,1,4.94,-0.6,1,144.25
SPY,LL,BOTTOM,1.0,kf_price_pred_val,-0.2303,4,3,31.06,-0.3,3,138.375
SPY,LH,TOP,3.0,kf_price_filt_vel,0.0485,3,0,0.0,-0.6,0,142.25
SPY,HH,TOP,4.0,kf_price_filt_vel,-0.0727,3,3,22.82,0.0,3,148.15625
SPY,LH,TOP,1.0,kf_price_pred_val,-0.0303,3,0,0.0,0.2,0,146.484375
SPY,HL,BOTTOM,4.0,kf_price_pred_val,-0.1455,3,0,0.0,0.1,0,141.3125
SPY,LL,BOTTOM,5.0,kf_price_pred_val,0.0061,1,0,0.0,-0.0,0,138.125
SPY,HL,BOTTOM,6.0,kf_price_pred_val,-0.0061,1,0,0.0,-0.1,0,141.28125
SPY,LH,TOP,8.0,kf_price_pred_val,-0.0303,1,1,4.23,0.9,1,145.28125
SPY,HH,TOP,1.0,kf_price_pred_val,0.0121,1,0,0.0,0.6,0,146.5625
SPY,LH,TOP,2.0,kf_price_pred_val,-0.0121,1,0,0.0,-0.3,0,145.15625
SPY,LL,BOTTOM,1.0,d_current_slope,0.3273,5,0,0.0,-0.0,0,140.25
SPY,LL,BOTTOM,2.0,d_current_slope,0.2061,5,0,0.0,-0.3,0,137.84375
SPY,HL,BOTTOM,3.0,d_current_slope,0.0848,5,0,0.0,-0.6,0,138.0
SPY,HH,TOP,,,0.0,0,0,0.0,0.0,0,149.78125
SPY,HH,TOP,,,0.0,0,0,0.0,0.0,0,151.25
SPY,HL,BOTTOM,,,0.0,0,0,0.0,-0.2,0,145.375
SPY,LL,BOTTOM,,,0.0,0,1,4.6,0.0,1,142.09375
SPY,HH,TOP,,,0.0,0,0,0.0,0.0,0,152.34375
SPY,HH,TOP,,,0.0,0,0,0.0,0.0,0,152.375
SPY,LL,BOTTOM,1.0,vwap_sigma_current,0.2909,4,5,28.1,-0.7,5,136.53125
SPY,LL,BOTTOM,1.0,vwap_sigma_current,0.4909,5,7,48.22,0.5,7,133.125
SPY,HL,BOTTOM,1.0,vwap_sigma_current,0.7394,7,2,20.17,0.0,2,137.5625
SPY,LH,TOP,8.0,kf_price_filt_vel,-0.0909,3,0,0.0,0.3,0,143.78125
SPY,LH,TOP,9.0,kf_price_filt_vel,-0.1273,3,0,0.0,0.5,0,143.75
SPY,LL,BOTTOM,1.0,vwap_sigma_tide,0.1212,5,2,11.66,-0.6,2,130.015625
SPY,LL,BOTTOM,1.0,vwap_sigma_tide,0.2364,5,5,34.83,-0.7,5,126.25
SPY,HL,BOTTOM,1.0,vwap_sigma_tide,0.3273,5,2,14.26,-0.6,2,127.125
SPY,LH,TOP,,,0.0,0,0,0.0,0.0,0,137.02000427246094
SPY,HH,TOP,,,0.0,0,0,0.0,0.0,0,137.92999267578125
SPY,LH,TOP,,,0.0,0,0,0.0,0.0,0,134.8000030517578
SPY,LL,BOTTOM,1.0,d_current_slope,0.7758,10,11,70.14,-0.8,11,112.2599868774414
SPY,LL,BOTTOM,1.0,d_current_slope,0.7576,11,12,72.85,-0.4,12,111.12000274658203
SPY,HL,BOTTOM,1.0,d_current_slope,0.6848,12,11,67.05,-0.9,11,114.4800033569336
SPY,LH,TOP,1.0,kf_price_filt_vel,0.6364,12,11,60.63,-0.9,11,115.94000244140625
SPY,HH,TOP,1.0,wave_slope,0.7818,12,9,48.03,0.8,9,118.30999755859375
SPY,LH,TOP,1.0,kf_price_pred_val,0.4606,12,9,47.82,1.5,9,115.03999328613281
SPY,LL,BOTTOM,1.0,vwap_spread_current_wave,-0.1818,12,6,34.34,-1.9,6,114.19999694824219
SPY,LL,BOTTOM,1.0,vwap_spread_current_wave,-0.4848,12,15,95.73,-1.9,15,110.38999938964844
SPY,HL,BOTTOM,1.0,kf_price_pred_val,-0.2061,15,13,67.3,-1.3,13,110.85001373291016
SPY,HH,TOP,1.0,current_accel,-0.1212,4,2,12.22,-0.5,2,131.64999389648438
SPY,LH,TOP,1.0,d_current_slope,-0.0364,3,2,16.66,-0.5,2,131.47999572753906
SPY,LL,BOTTOM,1.0,rsi_value,0.7758,11,12,94.83,-1.4,12,98.71000671386719
SPY,LL,BOTTOM,1.0,wave_slope,1.0121,12,13,103.86,-2.0,13,97.27999877929688
SPY,LH,TOP,1.0,geo_phase_angle,-0.0727,2,1,4.52,0.0,1,116.83999633789062
SPY,HH,TOP,1.0,geo_phase_angle,-0.0061,1,0,0.0,0.0,0,117.62000274658203
SPY,HL,BOTTOM,1.0,vwap_sigma_current,0.0606,6,1,6.24,-0.4,1,108.69999694824219
SPY,LL,BOTTOM,1.0,vwap_sigma_current,0.0182,6,1,6.66,-0.0,1,108.0199966430664
SPY,HL,BOTTOM,1.0,vwap_sigma_current,-0.0364,6,2,8.44,0.6,2,110.08999633789062
SPY,LH,TOP,,,0.0,0,0,0.0,0.0,0,116.66999816894531
SPY,HH,TOP,,,0.0,0,0,0.0,0.0,0,117.44999694824219
SPY,LH,TOP,,,0.0,0,0,0.0,0.0,0,115.2400131225586
SPY,LL,BOTTOM,5.0,vwap_sigma_wave,-0.0303,4,5,23.87,-0.8,5,105.47000122070312
SPY,LL,BOTTOM,1.0,vwap_sigma_current,0.1333,5,3,14.51,-0.4,3,105.10001373291016
SPY,HL,BOTTOM,1.0,vwap_sigma_current,0.1273,5,3,26.72,0.4,3,109.0099868774414
SPY,LH,TOP,1.0,geo_velocity_align,-0.0545,5,2,8.71,-0.4,2,110.36000061035156
SPY,HH,TOP,1.0,geo_velocity_align,-0.1273,5,2,8.39,0.0,2,110.89998626708984
SPY,LL,BOTTOM,1.0,kf_price_pred_val,1.2545,18,16,129.83,-1.6,16,82.19999694824219
SPY,LL,BOTTOM,1.0,kf_price_pred_val,1.2485,18,18,162.58,-1.6,18,79.94999694824219
SPY,HL,BOTTOM,1.0,wave_slope,1.3273,18,16,203.72,-1.5,16,84.72000122070312
SPY,LH,TOP,1.0,kf_price_pred_val,0.2,18,9,76.78,0.1,9,90.94000244140625
SPY,HH,TOP,1.0,current_slope,-0.3273,18,8,60.5,-0.7,8,91.16000366210938
SPY,LH,TOP,1.0,current_slope,-0.897,18,12,101.07,-0.7,12,88.77999877929688
SPY,LL,BOTTOM,1.0,kf_price_filt_vel,-0.8061,18,11,104.95,-1.2,11,83.7699966430664
SPY,HL,BOTTOM,1.0,kf_price_pred_val,-0.703,18,9,66.68,-1.0,9,86.58999633789062
SPY,HH,TOP,1.0,current_slope,0.2242,10,8,50.91,-0.7,8,95.75
SPY,HH,TOP,1.0,current_accel,0.3455,10,8,50.74,-0.2,8,96.67999267578125
SPY,LH,TOP,1.0,current_accel,0.4242,10,9,47.31,-0.0,9,94.60001373291016
SPY,LL,BOTTOM,1.0,wave_slope,0.0909,12,9,51.96,-0.5,9,80.37000274658203
SPY,LL,BOTTOM,1.0,wave_slope,0.1939,12,11,61.39,0.1,11,78.10001373291016
SPY,HL,BOTTOM,1.0,wave_slope,0.3515,12,10,61.92,-1.2,10,80.62999725341797
SPY,LH,TOP,1.0,conj_wave_tide,0.0121,7,5,32.06,-1.1,5,91.85001373291016
SPY,HH,TOP,1.0,conj_wave_tide,-0.0848,7,5,29.14,-1.0,5,93.03999328613281
SPY,LH,TOP,1.0,conj_wave_tide,-0.1818,7,5,27.08,0.3,5,90.7599868774414
SPY,HL,BOTTOM,1.0,tide_slope,-0.2606,6,2,11.44,0.6,2,88.2599868774414
SPY,HL,BOTTOM,1.0,tide_slope,-0.3939,6,1,6.83,0.2,1,88.96000671386719
SPY,HH,TOP,1.0,tide_slope,0.1636,5,3,15.98,-0.0,3,91.69999694824219
SPY,HH,TOP,1.0,tide_slope,0.0424,5,2,11.03,-0.0,2,94.27999877929688
SPY,HL,BOTTOM,1.0,tide_slope,-0.097,3,2,11.19,-0.0,2,89.38999938964844
SPY,LL,BOTTOM,1.0,tide_slope,-0.1455,3,3,15.16,-0.1,3,87.37999725341797
SPY,LH,TOP,1.0,tide_slope,-0.297,6,1,5.63,-0.0,1,93.02999877929688
SPY,HH,TOP,1.0,tide_slope,-0.3939,6,1,5.57,-0.0,1,93.33000183105469
SPY,LH,TOP,1.0,tide_slope,-0.4,6,1,5.51,-0.0,1,92.39998626708984
SPY,LL,BOTTOM,1.0,geo_phase_angle,-0.2545,4,5,23.28,0.4,5,81.32000732421875
SPY,LL,BOTTOM,1.0,geo_phase_angle,-0.1273,5,5,23.71,0.3,5,80.5199966430664
SPY,HL,BOTTOM,1.0,vwap_sigma_wave,-0.0121,5,3,13.79,-1.1,3,81.05999755859375
SPY,LH,TOP,2.0,geo_phase_angle,0.0182,7,0,0.0,-0.3,0,88.14998626708984
SPY,HH,TOP,3.0,geo_phase_angle,-0.297,7,0,0.0,-0.6,0,89.66999816894531
SPY,HL,BOTTOM,5.0,kf_price_filt_vel,-0.5333,7,0,0.0,-0.3,0,84.7400131225586
SPY,HL,BOTTOM,6.0,kf_price_filt_vel,-0.2364,4,0,0.0,-1.0,0,86.03999328613281
SPY,HH,TOP,1.0,tide_accel,0.0,2,2,11.33,-0.4,2,101.66000366210938
SPY,LH,TOP,1.0,tide_accel,0.0,2,2,11.95,-0.6,2,101.66000366210938
SPY,HL,BOTTOM,,,0.0,0,0,0.0,-0.2,0,98.5099868774414
SPY,LL,BOTTOM,,,0.0,0,1,7.06,0.0,1,96.41999816894531
SPY,HL,BOTTOM,1.0,vwap_sigma_wave,0.0545,1,0,0.0,0.0,0,96.9800033569336
SPY,HH,TOP,,,0.0,0,0,0.0,0.5,0,115.9900131225586
SPY,HH,TOP,,,0.0,0,0,0.0,0.2,0,116.37999725341797
SPY,HL,BOTTOM,7.0,vwap_sigma_wave,-0.0667,2,2,10.59,-0.6,2,109.64998626708984
SPY,LL,BOTTOM,1.0,vwap_sigma_current,0.0061,2,2,10.6,-0.4,2,109.46000671386719
SPY,HL,BOTTOM,1.0,vwap_sigma_current,0.0545,2,2,9.62,0.0,2,109.55000305175781
SPY,LH,TOP,8.0,vwap_sigma_current,-0.2545,2,0,0.0,0.0,0,115.2699966430664
SPY,LH,TOP,9.0,vwap_sigma_current,-0.1939,2,0,0.0,0.0,0,114.89998626708984
SPY,LL,BOTTOM,1.0,vwap_sigma_wave,0.103,2,3,16.35,-0.0,3,108.83000183105469
SPY,HL,BOTTOM,1.0,sigma_tide,0.2303,3,1,4.1,0.1,1,109.75
SPY,LH,TOP,,,0.0,0,0,0.0,0.0,0,114.69999694824219
SPY,HH,TOP,,,0.0,0,0,0.0,0.0,0,114.86000061035156
SPY,LH,TOP,,,0.0,0,0,0.0,0.0,0,113.78999328613281
SPY,LL,BOTTOM,,,0.0,0,0,0.0,-1.0,0,108.39998626708984
SPY,LL,BOTTOM,,,0.0,0,4,20.7,-0.7,4,106.85001373291016
SPY,HH,TOP,,,0.0,0,0,0.0,0.0,0,122.78999328613281
SPY,LH,TOP,,,0.0,0,0,0.0,0.0,0,122.33000183105469
SPY,HL,BOTTOM,1.0,vwap_sigma_current,0.3394,4,0,0.0,-0.2,0,115.41000366210938
SPY,LL,BOTTOM,2.0,vwap_sigma_current,0.2424,4,1,5.4,0.0,1,113.80000305175781
SPY,HL,BOTTOM,1.0,vwap_sigma_current,0.2,4,0,0.0,0.0,0,116.0099868774414
SPY,HH,TOP,,,0.0,0,0,0.0,0.0,0,124.38999938964844
SPY,HH,TOP,,,0.0,0,0,0.0,0.0,0,124.72000122070312
SPY,LH,TOP,,,0.0,0,0,0.0,0.0,0,123.72000122070312
SPY,HL,BOTTOM,1.0,vwap_sigma_current,0.4,3,3,18.98,-0.5,3,117.5
SPY,LL,BOTTOM,1.0,vwap_sigma_current,0.4182,3,3,18.04,-0.0,3,117.42999267578125
SPY,HL,BOTTOM,1.0,vwap_sigma_current,0.4,3,0,0.0,-0.1,0,118.66999816894531
SPY,HH,TOP,,,0.0,0,0,0.0,0.0,0,132.36000061035156
SPY,HH,TOP,,,0.0,0,0,0.0,0.0,0,132.6199951171875
SPY,LH,TOP,,,0.0,0,0,0.0,0.8,0,132.5500030517578
SPY,HL,BOTTOM,,,0.0,0,3,13.72,-1.2,3,123.9900131225586
SPY,LL,BOTTOM,1.0,vwap_sigma_current,0.1636,3,5,26.82,-0.6,5,122.55000305175781
SPY,HL,BOTTOM,1.0,vwap_sigma_current,0.4,5,2,8.48,-0.4,2,123.5
SPY,HH,TOP,,,0.0,0,0,0.0,1.0,0,146.0399932861328
SPY,LH,TOP,,,0.0,0,0,0.0,0.7,0,145.97999572753906
SPY,HL,BOTTOM,1.0,kf_rsi_pred_val,0.3273,5,3,19.26,0.0,3,137.35000610351562
SPY,HL,BOTTOM,1.0,kf_rsi_pred_val,0.3697,5,0,0.0,0.0,0,139.6999969482422
SPY,HH,TOP,,,0.0,0,0,0.0,0.0,0,154.47000122070312
SPY,HH,TOP,,,0.0,0,0,0.0,0.2,0,155.07000732421875
SPY,LH,TOP,,,0.0,0,0,0.0,1.3,0,153.5
SPY,HL,BOTTOM,1.0,sigma_tide,-0.0061,3,2,11.19,-0.5,2,143.00999450683594
SPY,LL,BOTTOM,1.0,sigma_tide,0.103,3,2,14.51,-0.4,2,141.0399932861328
SPY,HL,BOTTOM,1.0,sigma_tide,0.1455,3,1,6.51,-0.4,1,142.10000610351562
SPY,HH,TOP,,,0.0,0,0,0.0,0.0,0,155.02000427246094
SPY,HH,TOP,,,0.0,0,0,0.0,0.0,0,156.47999572753906
SPY,LH,TOP,,,0.0,0,0,0.0,0.0,0,156.22000122070312
SPY,LL,BOTTOM,2.0,d_current_slope,-0.2545,4,2,10.09,-0.3,2,140.9499969482422
SPY,HL,BOTTOM,1.0,vwap_sigma_current,-0.1152,4,0,0.0,-0.6,0,142.57000732421875
SPY,LH,TOP,8.0,kf_price_filt_vel,-0.2,3,0,0.0,-0.6,0,152.0800018310547
SPY,LH,TOP,9.0,kf_price_filt_vel,-0.1273,3,3,16.61,0.0,3,147.91000366210938
SPY,LL,BOTTOM,1.0,vwap_sigma_tide,0.4848,8,8,59.06,-1.2,8,130.72000122070312
SPY,HL,BOTTOM,1.0,vwap_sigma_tide,0.6727,8,8,54.46,-1.2,8,133.86000061035156
SPY,LH,TOP,1.0,vwap_sigma_tide,-0.3697,8,1,4.19,0.3,1,137.3699951171875
SPY,HH,TOP,1.0,vwap_sigma_tide,-0.8,8,0,0.0,-0.1,0,139.5800018310547
SPY,LL,BOTTOM,1.0,vwap_sigma_tide,0.2788,4,7,35.71,-1.0,7,128.0
SPY,HL,BOTTOM,1.0,vwap_sigma_tide,0.5152,7,7,45.67,0.2,7,132.60000610351562
SPY,HH,TOP,,,0.0,0,0,0.0,0.2,0,143.0500030517578
SPY,LH,TOP,,,0.0,0,0,0.0,0.3,0,141.88999938964844
SPY,LL,BOTTOM,1.0,vwap_sigma_tide,-0.0545,7,6,31.43,0.1,6,122.72000122070312
SPY,LL,BOTTOM,1.0,vwap_sigma_tide,0.0121,7,6,35.07,0.3,6,120.9900131225586
SPY,HL,BOTTOM,1.0,rsi_value,0.0667,7,5,24.95,0.3,5,123.96000671386719
SPY,LH,TOP,2.0,current_slope,-0.4788,5,0,0.0,0.0,0,130.7100067138672
SPY,LH,TOP,3.0,current_slope,-0.3758,5,0,0.0,0.0,0,129.35000610351562
SPY,LL,BOTTOM,1.0,kf_price_filt_vel,-0.0424,8,1,4.11,-0.9,1,122.10001373291016
SPY,LL,BOTTOM,1.0,vwap_sigma_tide,-0.3394,8,7,51.06,-0.3,7,116.61000061035156
SPY,HL,BOTTOM,1.0,kf_price_pred_val,-0.1212,8,3,15.28,-0.3,3,120.07000732421875
SPY,LH,TOP,1.0,kf_price_filt_vel,0.1636,7,3,44.11,-0.3,3,124.12000274658203
SPY,LL,BOTTOM,1.0,d_current_slope,1.6909,16,20,275.98,0.1,20,90.69999694824219
SPY,LL,BOTTOM,1.0,kf_price_pred_val,1.8909,20,17,260.03,-0.1,17,88.5
SPY,LH,TOP,1.0,d_current_slope,1.6303,20,15,673.4,-0.7,15,101.35001373291016
SPY,LH,TOP,1.0,kf_price_filt_vel,1.6545,20,16,222.18,-1.0,16,99.85001373291016
SPY,HL,BOTTOM,1.0,wave_slope,1.3939,20,20,373.12,0.6,20,90.0199966430664
SPY,HL,BOTTOM,1.0,kf_price_filt_vel,1.0848,20,15,223.73,0.3,15,93.7699966430664
SPY,LH,TOP,1.0,wave_slope,0.0242,20,15,261.1,0.9,15,98.80999755859375
SPY,LH,TOP,1.0,wave_slope,-0.1455,20,15,212.34,0.4,15,95.86000061035156
SPY,LL,BOTTOM,1.0,wave_slope,0.1152,20,19,281.71,-2.1,19,83.94999694824219
SPY,HL,BOTTOM,1.0,wave_slope,0.1758,20,18,454.99,-2.6,18,93.7599868774414
SPY,HH,TOP,1.0,current_slope,0.0727,19,10,120.61,0.1,10,97.11000061035156
SPY,HH,TOP,1.0,current_slope,-0.4182,19,9,116.46,-0.3,9,100.41000366210938
SPY,LH,TOP,1.0,current_slope,-0.903,19,12,162.7,0.4,12,96.19000244140625
SPY,LL,BOTTOM,1.0,current_slope,-0.9697,18,11,131.79,-0.6,11,89.7699966430664
SPY,LL,BOTTOM,1.0,current_slope,-0.7455,18,13,163.87,-0.0,13,85.82000732421875
SPY,HL,BOTTOM,1.0,current_slope,-0.3273,18,14,200.33,2.3,14,91.16999816894531
SPY,LH,TOP,1.0,current_slope,0.2061,14,10,131.9,2.2,10,86.62000274658203
SPY,LL,BOTTOM,1.0,current_slope,0.0121,14,13,180.97,-0.7,13,81.5
SPY,LL,BOTTOM,1.0,current_slope,0.1394,14,20,303.4,-0.6,20,75.44999694824219
SPY,HL,BOTTOM,1.0,kf_price_pred_val,0.6364,20,17,217.54,-0.3,17,79.5199966430664
SPY,HH,TOP,1.0,current_slope,0.8242,20,15,167.72,-1.6,15,90.08999633789062
SPY,HL,BOTTOM,1.0,current_slope,0.7818,20,18,370.64,-0.6,18,82.11000061035156
SPY,HL,BOTTOM,1.0,kf_price_filt_vel,0.6242,20,15,160.69,-0.8,15,85.2699966430664
SPY,LH,TOP,1.0,current_slope,-0.8303,18,10,126.52,-0.4,10,87.75
SPY,HH,TOP,1.0,current_accel,-0.5515,15,13,172.42,-0.7,13,91.87999725341797
SPY,LH,TOP,1.0,current_accel,-0.2121,13,11,130.27,-1.1,11,90.9900131225586
SPY,HL,BOTTOM,1.0,d_current_slope,0.1333,13,11,117.98,0.3,11,87.05999755859375
SPY,LL,BOTTOM,1.0,current_accel,0.2909,13,8,71.46,0.4,8,86.16000366210938
SPY,HL,BOTTOM,1.0,vwap_spread_tide_current,0.0424,13,8,89.0,0.2,8,86.66000366210938
SPY,HH,TOP,1.0,vwap_spread_tide_current,-0.3515,12,5,51.99,0.4,5,92.85001373291016
SPY,HH,TOP,1.0,vwap_spread_tide_current,-0.3939,11,3,38.75,-0.9,3,93.47000122070312
SPY,LH,TOP,1.0,vwap_spread_tide_current,-0.5273,11,8,78.83,0.1,8,90.66999816894531
SPY,LL,BOTTOM,1.0,vwap_spread_tide_current,0.5152,11,13,105.15,-0.9,13,80.57000732421875
SPY,HL,BOTTOM,1.0,vwap_spread_tide_current,0.7939,13,12,98.14,-0.3,12,84.05000305175781
SPY,LH,TOP,1.0,vwap_spread_tide_current,0.5576,13,7,59.99,-0.4,7,84.52999877929688
SPY,HH,TOP,1.0,vwap_spread_tide_current,0.2727,13,8,73.0,-1.3,8,87.38999938964844
SPY,LH,TOP,1.0,vwap_spread_tide_current,-0.1697,13,9,73.79,-1.5,9,84.55000305175781
SPY,LL,BOTTOM,1.0,vwap_spread_tide_current,-0.3697,13,7,63.4,0.2,7,82.58000183105469
SPY,HL,BOTTOM,1.0,vwap_spread_tide_current,-0.4303,13,7,61.99,0.7,7,83.7400131225586
SPY,HH,TOP,1.0,vwap_spread_tide_current,-0.2485,10,5,55.25,0.8,5,87.10001373291016
SPY,LH,TOP,1.0,vwap_spread_tide_current,-0.2848,10,7,97.14,1.9,7,83.11000061035156
SPY,LL,BOTTOM,1.0,wave_slope,0.5758,23,17,187.25,-1.1,17,68.11000061035156
SPY,HL,BOTTOM,1.0,wave_slope,0.6424,23,14,216.16,-1.5,14,72.16999816894531
SPY,LH,TOP,1.0,tide_slope,-0.6848,16,8,108.89,0.2,8,81.44999694824219
SPY,HH,TOP,1.0,tide_slope,-0.5636,16,8,123.04,-0.0,8,83.11000061035156
SPY,LH,TOP,1.0,kf_conjugation_pred_val,-0.2364,11,10,142.82,-0.3,10,81.61000061035156
SPY,HL,BOTTOM,1.0,kf_conjugation_pred_val,-0.1697,11,11,173.59,-0.4,11,78.78999328613281
SPY,HL,BOTTOM,1.0,kf_conjugation_pred_val,0.0727,11,10,142.05,0.1,10,79.5199966430664
SPY,HH,TOP,1.0,conj_current_tide,0.097,9,7,61.52,-0.6,7,94.82000732421875
SPY,HH,TOP,1.0,conj_current_tide,0.0242,9,6,58.07,-0.6,6,95.08000183105469
SPY,HL,BOTTOM,1.0,tide_slope,-0.2424,9,4,27.68,0.3,4,88.16999816894531
SPY,LL,BOTTOM,1.0,tide_slope,-0.1879,9,3,21.17,-0.4,3,87.96000671386719
SPY,HH,TOP,1.0,tide_accel,0.1939,4,4,37.79,-0.4,4,109.78999328613281
SPY,LH,TOP,1.0,tide_accel,0.3394,4,4,28.65,-0.6,4,109.21099853515625
SPY,HL,BOTTOM,1.0,vwap_spread_tide_current,-0.2545,4,2,9.77,-0.0,2,106.64998626708984
SPY,LL,BOTTOM,1.0,vwap_spread_tide_current,-0.2909,4,2,9.69,-0.0,2,103.55999755859375
SPY,HH,TOP,1.0,vwap_spread_tide_current,0.0,2,2,10.86,-0.0,2,115.05999755859375
SPY,LH,TOP,1.0,vwap_spread_tide_current,0.0,2,2,10.84,-0.2,2,113.88999938964844
SPY,HL,BOTTOM,1.0,conj_wave_tide,0.4545,10,5,25.03,-0.1,5,105.88999938964844
SPY,HL,BOTTOM,1.0,conj_wave_tide,0.5091,10,2,10.71,-0.6,2,107.22000122070312
SPY,HH,TOP,5.0,rsi_value,0.0061,2,0,0.0,-0.0,0,121.0199966430664
SPY,HH,TOP,6.0,rsi_value,-0.0303,2,0,0.0,-0.2,0,121.8125
SPY,HL,BOTTOM,1.0,vwap_sigma_wave,0.0182,2,5,28.58,-1.5,5,112.94200134277344
SPY,LL,BOTTOM,1.0,kf_price_pred_val,0.2545,5,6,33.41,-0.2,6,111.2599868774414
SPY,LH,TOP,1.0,kf_price_filt_vel,0.4788,6,0,0.0,-0.0,0,115.83000183105469
SPY,HH,TOP,2.0,kf_price_filt_vel,0.4061,6,0,0.0,0.4,0,117.44999694824219
SPY,LH,TOP,3.0,kf_price_filt_vel,0.2242,6,0,0.0,2.3,0,115.9900131225586
SPY,LL,BOTTOM,1.0,kf_price_filt_vel,-0.4848,7,7,35.62,-1.1,7,105.4900131225586
SPY,HL,BOTTOM,1.0,d_tide_slope,-0.2848,7,4,19.7,-1.0,4,106.62000274658203
SPY,LH,TOP,1.0,conj_current_tide,-0.2061,7,1,4.12,0.4,1,111.96000671386719
SPY,HH,TOP,1.0,conj_current_tide,-0.4242,7,1,4.09,-0.0,1,112.13999938964844
SPY,LH,TOP,1.0,conj_current_tide,-0.7091,7,3,12.92,-0.0,3,111.72899627685547
SPY,LL,BOTTOM,1.0,tide_accel,0.3576,6,7,35.22,-1.3,7,102.7599868774414
SPY,LL,BOTTOM,1.0,d_tide_slope,0.4061,7,7,36.6,-1.1,7,102.19999694824219
SPY,HH,TOP,1.0,current_accel,-0.0848,2,2,8.92,-0.3,2,112.99199676513672
SPY,LH,TOP,1.0,d_current_slope,0.0364,2,0,0.0,-0.6,0,112.375
SPY,HL,BOTTOM,10.0,kf_price_pred_val,-0.1636,3,0,0.0,0.6,0,105.94000244140625
SPY,LL,BOTTOM,,,0.0,0,0,0.0,0.3,0,105.2300033569336
SPY,HL,BOTTOM,,,0.0,0,0,0.0,-0.0,0,106.86000061035156
SPY,HH,TOP,,,0.0,0,0,0.0,0.0,0,134.25
SPY,HH,TOP,,,0.0,0,0,0.0,0.0,0,134.52999877929688
SPY,HL,BOTTOM,,,0.0,0,0,0.0,-0.2,0,128.55999755859375
SPY,LL,BOTTOM,,,0.0,0,1,4.34,0.0,1,126.17500305175781
SPY,HL,BOTTOM,1.0,vwap_sigma_wave,0.0545,1,0,0.0,0.0,0,127.85001373291016
SPY,HH,TOP,,,0.0,0,0,0.0,0.0,0,136.11000061035156
SPY,HH,TOP,,,0.0,0,0,0.0,0.0,0,136.42999267578125
SPY,HL,BOTTOM,3.0,sigma_tide,-0.1515,2,0,0.0,-0.2,0,128.30099487304688
SPY,LL,BOTTOM,4.0,sigma_tide,-0.2424,2,1,4.57,0.2,1,126.80999755859375
SPY,LH,TOP,2.0,vwap_sigma_wave,0.0242,1,0,0.0,0.0,0,133.97000122070312
SPY,HH,TOP,3.0,vwap_sigma_wave,0.0,1,0,0.0,0.0,0,135.36000061035156
SPY,LH,TOP,4.0,vwap_sigma_wave,-0.0242,1,0,0.0,0.0,0,134.39999389648438
SPY,LL,BOTTOM,1.0,kf_rsi_pred_val,0.8909,10,16,155.72,-1.1,16,112.2599868774414
SPY,HL,BOTTOM,1.0,kf_price_pred_val,1.4848,16,10,92.68,-1.5,10,117.4800033569336
SPY,LH,TOP,1.0,kf_conjugation_pred_val,1.0121,16,6,58.47,0.6,6,120.62000274658203
SPY,LH,TOP,1.0,kf_conjugation_pred_val,0.3818,16,6,55.73,0.3,6,119.58999633789062
SPY,LL,BOTTOM,1.0,conj_wave_tide,-0.5576,16,10,113.82,-0.9,10,114.5099868774414
SPY,LL,BOTTOM,1.0,kf_price_filt_vel,-0.4364,16,10,88.18,-1.2,10,112.63999938964844
SPY,HH,TOP,1.0,kf_price_pred_val,-0.5212,10,1,4.59,0.6,1,121.67999267578125
SPY,HH,TOP,1.0,vwap_spread_current_wave,-0.8667,10,1,4.75,-0.3,1,122.22000122070312
SPY,LH,TOP,1.0,vwap_spread_current_wave,-1.1515,10,1,4.92,-0.8,1,120.94000244140625
SPY,LL,BOTTOM,1.0,d_tide_slope,-0.0242,8,8,50.17,-1.1,8,109.92999267578125
SPY,HL,BOTTOM,1.0,kf_price_pred_val,0.0606,8,4,19.23,-1.2,4,112.33999633789062
SPY,HH,TOP,1.0,current_accel,0.2,4,5,25.64,-1.6,5,124.30000305175781
SPY,HH,TOP,1.0,current_accel,0.303,5,8,57.16,-1.1,8,128.6300048828125
SPY,LH,TOP,1.0,current_accel,0.5333,8,5,30.02,-1.3,5,128.60000610351562
SPY,HL,BOTTOM,1.0,vwap_sigma_wave,0.2727,2,2,10.73,-0.6,2,116.33999633789062
SPY,LH,TOP,1.0,fear_level,-0.1091,4,1,5.41,-0.4,1,126.2599868774414
SPY,HH,TOP,1.0,fear_level,-0.1636,4,1,4.81,-0.4,1,126.7300033569336
SPY,LH,TOP,1.0,geo_phase_angle,-0.2061,4,2,9.85,0.0,2,123.94999694824219
SPY,HL,BOTTOM,7.0,kf_price_filt_vel,-0.1636,2,0,0.0,-0.6,0,120.28999328613281
SPY,HL,BOTTOM,8.0,kf_price_filt_vel,-0.1576,2,3,17.73,0.2,3,123.92999267578125
SPY,HH,TOP,,,0.0,0,0,0.0,0.2,0,141.83999633789062
SPY,LH,TOP,,,0.0,0,0,0.0,0.1,0,141.25999450683594
SPY,HL,BOTTOM,1.0,vwap_sigma_current,-0.0848,3,3,15.44,-0.5,3,128.10000610351562
SPY,HL,BOTTOM,1.0,vwap_sigma_current,0.1818,3,1,4.1,-0.6,1,129.07000732421875
SPY,HH,TOP,5.0,vwap_sigma_wave,0.0061,1,0,0.0,0.0,0,146.58999633789062
SPY,HH,TOP,6.0,vwap_sigma_wave,-0.0061,1,0,0.0,0.0,0,147.24000549316406
SPY,HL,BOTTOM,1.0,vwap_sigma_current,0.1636,2,3,17.6,-0.9,3,135.92990112304688
SPY,LL,BOTTOM,1.0,vwap_sigma_current,0.2667,3,3,17.78,-0.8,3,135.6999969482422
SPY,HL,BOTTOM,1.0,vwap_sigma_current,0.3333,3,3,13.2,-0.4,3,136.3699951171875
SPY,HH,TOP,,,0.0,0,0,0.0,0.0,0,166.92999267578125
SPY,HH,TOP,,,0.0,0,0,0.0,0.0,0,167.1699981689453
SPY,LH,TOP,,,0.0,0,0,0.0,0.0,0,165.92999267578125
SPY,HL,BOTTOM,2.0,kf_price_pred_val,0.1697,4,1,4.61,0.0,1,157.05999755859375
SPY,HL,BOTTOM,1.0,vwap_sigma_wave,0.1758,4,0,0.0,0.0,0,158.5749969482422
SPY,HH,TOP,,,0.0,0,0,0.0,0.0,0,183.82000732421875
SPY,HH,TOP,,,0.0,0,0,0.0,0.0,0,184.69000244140625
SPY,HL,BOTTOM,5.0,vwap_sigma_wave,0.0061,2,4,19.33,0.0,4,174.1699981689453
SPY,HL,BOTTOM,1.0,vwap_sigma_current,0.1879,4,0,0.0,0.0,0,175.38499450683594
SPY,HH,TOP,,,0.0,0,0,0.0,0.1,0,200.75
SPY,HH,TOP,,,0.0,0,0,0.0,0.2,0,201.82000732421875
SPY,LH,TOP,,,0.0,0,0,0.0,-0.0,0,200.6999969482422
SPY,HL,BOTTOM,1.0,sigma_tide,0.4788,5,4,25.13,-0.6,4,186.42999267578125
SPY,LL,BOTTOM,1.0,sigma_tide,0.5818,5,3,19.82,-0.3,3,186.27000427246094
SPY,HL,BOTTOM,1.0,sigma_tide,0.5273,5,1,6.21,-0.3,1,188.47000122070312
SPY,HH,TOP,,,0.0,0,0,0.0,0.0,0,212.8800048828125
SPY,HH,TOP,,,0.0,0,0,0.0,0.0,0,213.5
SPY,LH,TOP,,,0.0,0,0,0.0,0.0,0,212.99000549316406
SPY,HL,BOTTOM,1.0,vwap_sigma_current,0.5636,8,8,89.19,-1.5,8,189.5500030517578
SPY,LL,BOTTOM,1.0,kf_price_pred_val,0.8667,8,6,62.74,0.1,6,187.27000427246094
SPY,HL,BOTTOM,1.0,sigma_tide,0.9636,8,6,69.86,0.7,6,194.4600067138672
SPY,LH,TOP,4.0,wave_slope,-0.5879,8,0,0.0,-0.0,0,198.4600067138672
SPY,HH,TOP,5.0,wave_slope,-0.8242,8,0,0.0,-0.2,0,200.17999267578125
SPY,LH,TOP,6.0,wave_slope,-0.5818,5,0,0.0,-0.2,0,199.72999572753906
SPY,LL,BOTTOM,1.0,vwap_sigma_tide,0.0848,2,5,26.03,-0.9,5,188.00999450683594
SPY,HL,BOTTOM,1.0,vwap_sigma_tide,0.3091,5,4,21.58,-0.6,4,188.1199951171875
SPY,HH,TOP,2.0,current_accel,0.1455,2,2,8.05,-0.4,2,210.38999938964844
SPY,HH,TOP,1.0,current_accel,0.2061,2,2,11.05,-0.2,2,211.0
SPY,LH,TOP,1.0,current_accel,0.2424,2,2,8.57,-0.4,2,210.36000061035156
SPY,LL,BOTTOM,1.0,vwap_sigma_tide,-0.1818,4,2,11.44,-0.2,2,185.27000427246094
SPY,LL,BOTTOM,1.0,vwap_sigma_tide,-0.0727,4,2,12.42,-0.4,2,182.86000061035156
SPY,HL,BOTTOM,1.0,vwap_sigma_tide,-0.0061,4,2,10.51,-0.7,2,186.6300048828125
SPY,HH,TOP,,,0.0,0,0,0.0,0.0,0,211.67999267578125
SPY,HH,TOP,,,0.0,0,0,0.0,0.0,0,212.3699951171875
SPY,LH,TOP,,,0.0,0,0,0.0,0.0,0,212.0800018310547
SPY,HL,BOTTOM,1.0,kf_price_filt_vel,0.2727,5,4,22.59,-0.2,4,199.60000610351562
SPY,HL,BOTTOM,1.0,vwap_sigma_current,0.4303,5,0,0.0,-0.5,0,203.19970703125
SPY,HH,TOP,1.0,sigma_tide,0.0,3,3,19.18,-0.9,3,283.29998779296875
SPY,HH,TOP,1.0,rsi_value,0.0,3,3,23.87,-0.6,3,286.5799865722656
SPY,HL,BOTTOM,1.0,kf_rsi_pred_val,-0.1273,6,1,4.41,-0.8,1,267.6700134277344
SPY,LL,BOTTOM,1.0,kf_rsi_pred_val,-0.103,6,5,26.74,-0.1,5,257.6300048828125
SPY,HL,BOTTOM,1.0,kf_price_pred_val,0.1636,6,1,4.3,-0.4,1,261.5
SPY,LH,TOP,,,0.0,0,0,0.0,0.0,0,274.1000061035156
SPY,HH,TOP,,,0.0,0,0,0.0,0.0,0,278.8699951171875
SPY,LL,BOTTOM,2.0,sigma_tide,0.1333,6,1,6.93,-0.1,1,257.4700012207031
SPY,HL,BOTTOM,1.0,sigma_tide,0.0424,6,1,4.47,-0.0,1,260.7699890136719
SPY,HH,TOP,,,0.0,0,0,0.0,0.0,0,291.2200012207031
SPY,HH,TOP,,,0.0,0,0,0.0,0.0,0,293.5799865722656
SPY,LH,TOP,,,0.0,0,0,0.0,0.0,0,291.989990234375
SPY,HL,BOTTOM,1.0,vwap_sigma_current,0.3333,7,7,32.38,-0.6,7,263.8599853515625
SPY,HL,BOTTOM,1.0,rsi_value,0.6848,7,3,12.56,0.0,3,267.7699890136719
SPY,LH,TOP,5.0,wave_slope,-0.4606,7,0,0.0,0.3,0,275.1199951171875
SPY,HH,TOP,6.0,wave_slope,-0.7515,7,0,0.0,-0.0,0,281.010009765625
SPY,LH,TOP,7.0,wave_slope,-0.5758,7,0,0.0,-0.3,0,280.5
SPY,LL,BOTTOM,8.0,kf_price_filt_vel,-0.0909,3,0,0.0,-0.0,0,263.25
SPY,LH,TOP,3.0,kf_price_pred_val,0.0303,1,0,0.0,-0.6,0,279.29998779296875
SPY,LH,TOP,4.0,kf_price_pred_val,0.0182,1,3,23.14,-0.1,3,270.25
SPY,LL,BOTTOM,1.0,vwap_sigma_tide,0.7879,6,10,83.84,-1.3,10,234.33999633789062
SPY,HH,TOP,,,0.0,0,0,0.0,0.0,0,291.17999267578125
SPY,HH,TOP,,,0.0,0,0,0.0,0.0,0,294.0299987792969
SPY,HL,BOTTOM,1.0,vwap_sigma_wave,0.0545,1,3,12.89,-0.4,3,274.57000732421875
SPY,HL,BOTTOM,1.0,vwap_sigma_current,0.2061,3,2,8.41,0.0,2,280.5299987792969
SPY,HH,TOP,,,0.0,0,0,0.0,0.2,0,300.0
SPY,HH,TOP,,,0.0,0,0,0.0,0.3,0,302.010009765625
SPY,HL,BOTTOM,1.0,vwap_sigma_wave,0.097,1,4,23.94,-0.2,4,283.82000732421875
SPY,HL,BOTTOM,1.0,kf_price_pred_val,0.2909,4,1,4.94,-0.2,1,287.79998779296875
SPY,HH,TOP,,,0.0,0,0,0.0,1.5,0,336.7300109863281
SPY,HH,TOP,,,0.0,0,0,0.0,1.0,0,338.3399963378906
SPY,LH,TOP,,,0.0,0,0,0.0,1.5,0,336.95001220703125
SPY,HL,BOTTOM,1.0,kf_rsi_pred_val,0.4545,6,8,65.66,-0.1,8,297.510009765625
SPY,LL,BOTTOM,1.0,kf_price_pred_val,0.7576,8,6,48.57,0.7,6,296.260009765625
SPY,LH,TOP,1.0,kf_price_filt_vel,0.8242,8,6,33.94,1.1,6,300.239990234375
SPY,HH,TOP,1.0,kf_conjugation_pred_val,0.7879,8,6,55.85,0.7,6,312.8599853515625
SPY,LH,TOP,1.0,kf_price_filt_vel,0.6788,8,5,33.01,1.1,5,302.4599914550781
SPY,LL,BOTTOM,1.0,kf_conjugation_pred_val,0.3636,9,12,234.34,1.3,12,274.2300109863281
SPY,HL,BOTTOM,1.0,kf_price_pred_val,0.5394,12,8,92.99,0.6,8,288.4200134277344
SPY,LH,TOP,1.0,kf_conjugation_pred_val,0.5879,12,9,111.88,-0.3,9,274.3599853515625
SPY,LL,BOTTOM,1.0,kf_conjugation_pred_val,0.4,12,16,352.19,0.3,16,248.11000061035156
SPY,HL,BOTTOM,1.0,kf_price_pred_val,0.9091,16,10,235.66,0.3,10,269.32000732421875
SPY,LL,BOTTOM,1.0,kf_price_filt_vel,0.8606,16,14,298.69,0.7,14,239.85000610351562
SPY,HL,BOTTOM,1.0,kf_conjugation_pred_val,0.9152,16,13,242.77,0.7,13,252.8000030517578
SPY,LH,TOP,1.0,kf_conjugation_pred_val,0.8727,16,13,246.36,0.5,13,240.0
SPY,LL,BOTTOM,1.0,wave_slope,0.4788,16,15,319.42,-1.6,15,222.9499969482422
SPY,HL,BOTTOM,1.0,wave_slope,0.6061,16,15,410.9,-0.9,15,243.14999389648438
SPY,HH,TOP,1.0,wave_slope,-0.0303,16,8,134.58,-1.4,8,261.6499938964844
SPY,LH,TOP,1.0,wave_slope,-0.3212,16,12,143.76,-2.6,12,257.75
SPY,HL,BOTTOM,1.0,wave_slope,-0.3879,16,16,222.54,-1.9,16,246.14999389648438
SPY,HL,BOTTOM,1.0,kf_price_filt_vel,-0.2242,16,11,108.9,-1.4,11,251.8300018310547
SPY,HH,TOP,1.0,vwap_spread_current_wave,0.4061,7,6,49.01,-1.3,6,323.20001220703125
SPY,LH,TOP,1.0,vwap_spread_current_wave,0.4121,7,8,65.09,-0.2,8,320.7900085449219
SPY,HL,BOTTOM,1.0,conj_current_tide,-0.4303,9,4,19.67,-1.1,4,307.3500061035156
SPY,LL,BOTTOM,1.0,conj_current_tide,-0.1333,8,4,26.96,-0.8,4,300.04998779296875
SPY,HH,TOP,2.0,kf_rsi_pred_val,0.1636,2,2,8.68,-0.7,2,352.6000061035156
SPY,HH,TOP,1.0,rsi_value,0.2121,2,3,15.51,-0.8,3,357.70001220703125
SPY,LH,TOP,1.0,rsi_value,0.2909,3,4,24.64,-0.3,4,345.3900146484375
SPY,HL,BOTTOM,10.0,kf_price_pred_val,-0.1636,3,2,8.38,-0.3,2,330.29998779296875
SPY,LL,BOTTOM,1.0,d_current_slope,0.1091,2,2,10.53,-0.4,2,322.6400146484375
SPY,HL,BOTTOM,1.0,d_current_slope,0.1939,2,2,8.11,-0.3,2,323.5
SPY,HH,TOP,10.0,kf_price_pred_val,-0.1636,3,0,0.0,0.0,0,352.42999267578125
SPY,LH,TOP,,,0.0,0,0,0.0,0.0,0,350.1300048828125
SPY,HL,BOTTOM,1.0,kf_price_pred_val,0.2182,4,0,0.0,0.5,0,329.9800109863281
SPY,LL,BOTTOM,2.0,kf_price_pred_val,0.1697,4,0,0.0,-0.1,0,326.5400085449219
SPY,HH,TOP,,,0.0,0,0,0.0,0.0,0,451.79998779296875
SPY,HH,TOP,,,0.0,0,0,0.0,0.0,0,453.19000244140625
SPY,LH,TOP,,,0.0,0,0,0.0,0.0,0,453.0799865722656
SPY,HL,BOTTOM,1.0,sigma_tide,-0.0242,2,1,7.51,-0.1,1,428.6400146484375
SPY,HL,BOTTOM,1.0,sigma_tide,-0.0,2,1,5.09,0.1,1,433.1000061035156
SPY,HH,TOP,,,0.0,0,0,0.0,0.0,0,477.7099914550781
SPY,LH,TOP,,,0.0,0,0,0.0,0.0,0,477.54998779296875
SPY,HL,BOTTOM,1.0,sigma_tide,0.7939,6,7,44.5,-1.8,7,433.3800048828125
SPY,LL,BOTTOM,1.0,sigma_tide,0.897,7,7,47.16,-1.4,7,431.239990234375
SPY,HL,BOTTOM,1.0,sigma_tide,0.9152,7,6,35.18,-1.2,6,441.95001220703125
SPY,LH,TOP,3.0,kf_price_filt_vel,-0.9091,7,0,0.0,0.1,0,450.94000244140625
SPY,HH,TOP,4.0,kf_price_filt_vel,-0.9455,7,0,0.0,-0.2,0,457.5400085449219
SPY,LH,TOP,5.0,kf_price_filt_vel,-0.8424,7,0,0.0,-0.3,0,449.32000732421875
SPY,LL,BOTTOM,4.0,sigma_tide,-0.2061,3,6,34.47,-0.7,6,419.42999267578125
SPY,LL,BOTTOM,1.0,kf_price_pred_val,0.0667,6,4,19.09,-0.3,4,416.25
SPY,HL,BOTTOM,1.0,sigma_tide,0.1697,6,2,13.16,0.5,2,427.4100036621094
SPY,HH,TOP,8.0,kf_price_pred_val,-0.1455,3,2,8.01,-0.4,2,455.9100036621094
SPY,HH,TOP,1.0,current_accel,-0.0182,3,2,10.14,-0.3,2,461.54998779296875
SPY,LH,TOP,1.0,current_accel,0.0303,3,2,10.33,-0.0,2,458.70001220703125
SPY,LL,BOTTOM,1.0,wave_slope,0.3636,10,10,58.26,-2.0,10,391.8599853515625
SPY,LL,BOTTOM,1.0,vwap_sigma_tide,0.4545,10,8,43.52,-1.0,8,389.4599914550781
SPY,HL,BOTTOM,1.0,vwap_sigma_tide,0.3515,10,7,34.5,0.3,7,389.6300048828125
SPY,LH,TOP,1.0,vwap_spread_current_wave,-0.7939,10,2,8.27,-0.2,2,409.5899963378906
SPY,HH,TOP,1.0,vwap_spread_current_wave,-0.8667,10,2,10.5,0.6,2,417.3900146484375
SPY,LH,TOP,1.0,geo_phase_angle,-0.5152,8,1,4.6,1.3,1,410.5400085449219
SPY,LL,BOTTOM,1.0,kf_price_filt_vel,0.9576,12,11,59.74,-0.2,11,366.6499938964844
SPY,LL,BOTTOM,1.0,vwap_sigma_tide,1.1818,12,11,59.73,-0.2,11,365.8599853515625
SPY,HH,TOP,1.0,current_accel,0.1939,4,2,8.81,-0.1,2,428.8599853515625
SPY,HH,TOP,1.0,conj_wave_tide,0.1939,4,1,4.41,-0.2,1,429.70001220703125
SPY,LH,TOP,1.0,conj_wave_tide,0.0061,4,1,4.29,-0.2,1,426.6499938964844
SPY,HL,BOTTOM,1.0,fear_level,0.1152,2,1,5.41,0.9,1,390.760009765625
SPY,HL,BOTTOM,1.0,fear_level,0.1515,2,1,5.41,0.6,1,397.7799987792969
SPY,LH,TOP,1.0,fear_level,0.1212,2,1,5.41,-1.0,1,410.9700012207031
SPY,LH,TOP,1.0,fear_level,0.0303,2,6,52.59,-0.4,6,393.1000061035156
SPY,LL,BOTTOM,1.0,kf_price_filt_vel,0.7939,7,6,36.23,-1.1,6,362.7900085449219
SPY,LL,BOTTOM,1.0,d_current_slope,0.6909,7,8,47.0,-0.2,8,357.17999267578125
SPY,LH,TOP,1.0,d_current_slope,0.7697,8,9,43.39,0.8,9,366.6099853515625
SPY,HH,TOP,1.0,wave_slope,0.7091,9,5,41.13,1.0,5,377.9700012207031
SPY,LH,TOP,1.0,kf_price_pred_val,0.3333,9,4,19.49,0.6,4,377.0899963378906
SPY,HL,BOTTOM,1.0,d_current_slope,-0.0848,9,8,45.35,-0.7,8,357.739990234375
SPY,LL,BOTTOM,1.0,d_current_slope,0.0182,9,8,40.66,-0.5,8,356.55999755859375
SPY,HL,BOTTOM,1.0,vwap_sigma_tide,0.1091,9,10,53.15,-0.1,10,365.9700012207031
SPY,HH,TOP,3.0,current_accel,-0.1939,2,0,0.0,-0.2,0,395.2300109863281
SPY,HH,TOP,4.0,current_accel,-0.2545,2,3,15.19,-0.4,3,407.67999267578125
SPY,LH,TOP,1.0,kf_price_filt_vel,-0.1273,3,2,10.98,-0.6,2,407.3800048828125
SPY,HL,BOTTOM,3.0,kf_price_filt_vel,-0.1758,5,0,0.0,0.0,0,381.3999938964844
SPY,LL,BOTTOM,4.0,kf_price_filt_vel,-0.2909,5,0,0.0,0.0,0,376.6600036621094
SPY,HL,BOTTOM,5.0,kf_price_filt_vel,-0.3939,5,0,0.0,0.0,0,383.44000244140625
SPY,HH,TOP,,,0.0,0,0,0.0,0.0,0,410.79998779296875
SPY,HH,TOP,,,0.0,0,0,0.0,0.0,0,416.7799987792969
SPY,LH,TOP,,,0.0,0,0,0.0,0.0,0,412.3500061035156
SPY,HL,BOTTOM,,,0.0,0,0,0.0,-0.4,0,385.3599853515625
SPY,HL,BOTTOM,,,0.0,0,2,8.24,0.0,2,391.7300109863281
SPY,HH,TOP,1.0,tide_accel,0.1697,2,2,10.83,-0.6,2,457.7900085449219
SPY,LH,TOP,1.0,d_tide_slope,0.2303,2,2,10.63,-0.6,2,456.4800109863281
SPY,HL,BOTTOM,1.0,vwap_sigma_current,0.0545,1,5,23.67,-0.8,5,412.54998779296875
SPY,LL,BOTTOM,1.0,vwap_sigma_current,0.3152,5,5,24.59,0.1,5,410.67999267578125
SPY,HH,TOP,1.0,reg_value_current,0.0545,2,2,8.58,-0.0,2,518.8099975585938
SPY,HH,TOP,1.0,reg_value_current,0.0,2,2,8.63,-0.0,2,523.1699829101562
SPY,LH,TOP,1.0,reg_value_current,0.0,2,2,8.67,-0.0,2,523.0700073242188
SPY,HL,BOTTOM,1.0,vwap_sigma_wave,0.1273,3,3,13.13,-0.6,3,499.5199890136719
SPY,LL,BOTTOM,1.0,vwap_sigma_wave,0.1455,3,5,21.93,-0.0,5,495.1600036621094
SPY,HH,TOP,1.0,reg_value_current,0.1152,6,4,19.82,-0.0,4,561.530029296875
SPY,HH,TOP,1.0,reg_value_current,0.0364,6,4,19.93,-0.0,4,564.8599853515625
SPY,LH,TOP,1.0,reg_value_current,0.0121,6,4,20.0,-0.0,4,556.9400024414062
SPY,HL,BOTTOM,1.0,reg_value_tide,0.0,4,9,52.0,-0.7,9,517.3800048828125
SPY,HL,BOTTOM,1.0,kf_price_pred_val,0.2727,9,6,28.21,-0.9,6,522.1500244140625
SPY,HH,TOP,1.0,reg_value_tide,0.0,4,4,27.51,-0.0,4,611.489990234375
SPY,HH,TOP,1.0,reg_value_tide,0.0,4,4,27.59,-0.0,4,612.9299926757812
SPY,LH,TOP,1.0,reg_value_tide,0.0,4,4,27.64,0.2,4,610.3800048828125
SPY,LL,BOTTOM,1.0,kf_price_pred_val,1.0909,17,14,100.95,-0.7,14,504.3800048828125
SPY,LL,BOTTOM,1.0,sigma_tide,1.3455,17,14,108.12,-0.0,14,496.4800109863281
SPY,HL,BOTTOM,1.0,sigma_tide,1.4788,17,10,303.43,0.5,10,548.6199951171875
SPY,LH,TOP,1.0,kf_price_filt_vel,1.2727,17,14,70.42,1.0,14,524.5800170898438
SPY,LL,BOTTOM,1.0,vwap_tide,-0.2121,17,15,78.71,-0.8,15,513.8800048828125
SPY,HL,BOTTOM,1.0,vwap_tide,0.1515,16,10,51.64,-0.7,10,527.25
SPY,HH,TOP,1.0,reg_value_current,0.0,4,4,36.15,-0.0,4,687.0599975585938
SPY,HH,TOP,1.0,reg_value_current,0.0,4,4,36.31,-0.0,4,687.3900146484375
SPY,LH,TOP,1.0,reg_value_current,0.0,4,4,36.42,-0.0,4,679.8300170898438
SPY,HL,BOTTOM,1.0,reg_value_current,0.0,4,4,37.44,-0.2,4,662.6300048828125
SPY,LL,BOTTOM,1.0,reg_value_current,0.0,4,5,42.08,-0.0,5,652.530029296875
SPY,HL,BOTTOM,1.0,vwap_wave,0.0545,5,4,37.35,-0.0,4,659.030029296875
SPY,HH,TOP,1.0,reg_value_tide,0.0,4,4,40.78,-0.0,4,692.72998046875
SPY,HH,TOP,1.0,reg_value_tide,0.0,4,4,40.89,-0.0,4,695.489990234375
SPY,LH,TOP,1.0,reg_value_tide,0.0,4,4,40.99,-0.0,4,695.4199829101562
SPY,LL,BOTTOM,1.0,reg_value_tide,0.5333,11,11,81.34,-0.6,11,631.969970703125
SPY,HL,BOTTOM,1.0,reg_value_tide,0.6182,11,9,67.51,-0.4,9,650.3400268554688
WMT,HL,BOTTOM,1.0,vwap_sigma_wave,0.1515,2,0,0.0,0.0,0,15.333317756652832
WMT,UNKNOWN,TOP,,,0.0,0,0,0.0,-0.2,0,16.113317489624023
WMT,HH,TOP,,,0.0,0,1,4.52,0.0,1,16.586647033691406
WMT,HL,BOTTOM,,,0.0,0,0,0.0,0.0,0,15.513314247131348
WMT,LL,BOTTOM,,,0.0,0,0,0.0,0.0,0,15.443318367004395
WMT,HL,BOTTOM,,,0.0,0,0,0.0,0.6,0,15.549981117248535
WMT,HH,TOP,1.0,kf_price_pred_val,0.1636,3,5,33.57,-0.2,5,17.06998634338379
WMT,LH,TOP,1.0,kf_price_pred_val,0.4,5,1,4.76,-0.2,1,16.839982986450195
WMT,HL,BOTTOM,2.0,vwap_sigma_wave,0.0606,1,0,0.0,0.5,0,15.576650619506836
WMT,LL,BOTTOM,3.0,vwap_sigma_wave,0.0364,1,1,4.27,0.3,1,15.173317909240723
WMT,LH,TOP,2.0,vwap_sigma_wave,0.0303,1,0,0.0,0.9,0,15.686651229858398
WMT,HH,TOP,3.0,vwap_sigma_wave,-0.0061,1,1,5.04,1.5,1,16.139984130859375
WMT,LH,TOP,1.0,kf_price_pred_val,0.0121,1,3,20.41,1.7,3,15.483318328857422
WMT,LL,BOTTOM,1.0,vwap_sigma_tide,0.1758,3,2,12.02,-0.0,2,14.089985847473145
WMT,HL,BOTTOM,1.0,vwap_sigma_tide,0.1455,3,3,14.28,-0.2,3,14.313319206237793
WMT,HH,TOP,6.0,geo_phase_angle,-0.1333,1,3,15.07,-0.4,3,15.63331413269043
WMT,HH,TOP,1.0,current_accel,0.0485,3,2,14.95,-0.4,2,15.686651229858398
WMT,HL,BOTTOM,5.0,kf_price_filt_vel,0.0121,2,0,0.0,-0.1,0,14.539984703063965
WMT,LL,BOTTOM,6.0,kf_price_filt_vel,-0.0121,2,2,9.25,-0.3,2,14.299982070922852
WMT,HH,TOP,8.0,kf_price_pred_val,-0.1212,4,0,0.0,0.0,0,16.476646423339844
WMT,LH,TOP,9.0,kf_price_pred_val,-0.1697,4,0,0.0,0.0,0,16.34331703186035
WMT,HL,BOTTOM,,,0.0,0,0,0.0,0.6,0,15.45998477935791
WMT,LL,BOTTOM,,,0.0,0,0,0.0,0.3,0,15.239985466003418
WMT,HH,TOP,,,0.0,0,0,0.0,-0.0,0,17.133312225341797
WMT,HH,TOP,,,0.0,0,0,0.0,-0.3,0,17.143312454223633
WMT,LH,TOP,,,0.0,0,0,0.0,-0.6,0,16.899982452392578
WMT,HL,BOTTOM,6.0,kf_price_filt_vel,-0.0182,3,0,0.0,0.0,0,16.2833194732666
WMT,HL,BOTTOM,7.0,kf_price_filt_vel,-0.0545,3,0,0.0,0.0,0,16.749982833862305
WMT,HH,TOP,1.0,tide_accel,0.0,2,0,0.0,-0.7,0,19.11665153503418
WMT,HH,TOP,2.0,tide_accel,-0.1455,2,3,12.63,-0.2,3,19.53664779663086
WMT,LH,TOP,1.0,tide_accel,0.0061,3,1,4.03,0.0,1,19.32664680480957
WMT,HL,BOTTOM,1.0,vwap_spread_current_wave,0.4364,3,1,4.41,-0.2,1,18.649980545043945
WMT,LL,BOTTOM,1.0,vwap_spread_current_wave,0.3212,3,1,4.25,0.1,1,18.409982681274414
WMT,HL,BOTTOM,1.0,vwap_spread_current_wave,0.1939,3,1,4.27,-0.1,1,18.68331527709961
WMT,LH,TOP,4.0,tide_accel,-0.1152,2,0,0.0,-0.4,0,19.22664451599121
WMT,HH,TOP,5.0,tide_accel,-0.1333,2,3,15.5,-0.0,3,19.933313369750977
WMT,LH,TOP,1.0,kf_price_pred_val,0.0242,3,0,0.0,-0.2,0,19.456647872924805
WMT,HL,BOTTOM,,,0.0,0,0,0.0,0.6,0,18.733314514160156
WMT,HL,BOTTOM,,,0.0,0,0,0.0,0.3,0,19.009981155395508
WMT,LH,TOP,,,0.0,0,0,0.0,-0.6,0,18.969980239868164
WMT,HH,TOP,,,0.0,0,3,21.92,0.0,3,19.70331382751465
WMT,LH,TOP,1.0,kf_price_pred_val,0.1636,3,0,0.0,0.0,0,19.22331428527832
WMT,LL,BOTTOM,2.0,kf_price_filt_vel,0.0848,2,0,0.0,-0.3,0,18.673315048217773
WMT,HL,BOTTOM,3.0,kf_price_filt_vel,0.0606,2,0,0.0,-0.4,0,19.149980545043945
WMT,HH,TOP,4.0,kf_price_filt_vel,-0.0061,3,1,5.13,-0.3,1,20.113313674926758
WMT,HH,TOP,1.0,kf_price_pred_val,-0.0121,3,0,0.0,-0.6,0,20.25330924987793
WMT,LH,TOP,2.0,kf_price_pred_val,-0.0848,3,3,61.9,0.0,3,18.986650466918945
WMT,HL,BOTTOM,1.0,kf_price_filt_vel,0.1394,3,0,0.0,0.0,0,19.28664779663086
WMT,HH,TOP,2.0,vwap_sigma_current,0.0424,1,0,0.0,0.4,0,20.67331314086914
WMT,HH,TOP,3.0,vwap_sigma_current,0.0303,1,1,4.33,0.3,1,21.0566463470459
WMT,LH,TOP,1.0,vwap_sigma_current,0.0727,1,0,0.0,-0.0,0,20.803312301635742
WMT,LL,BOTTOM,1.0,sigma_tide,0.497,8,12,105.19,-0.0,12,17.12998390197754
WMT,LL,BOTTOM,1.0,kf_price_pred_val,1.0667,12,10,69.89,0.9,10,16.98331642150879
WMT,LH,TOP,1.0,sigma_tide,1.2727,12,4,121.89,-0.6,4,18.166648864746094
WMT,LH,TOP,1.0,kf_price_filt_vel,1.1636,12,5,34.27,-1.0,5,18.146648406982422
WMT,LL,BOTTOM,1.0,kf_price_filt_vel,0.9515,12,12,126.51,1.0,12,16.683317184448242
WMT,HL,BOTTOM,1.0,kf_price_filt_vel,1.0606,12,6,80.87,0.3,6,18.206647872924805
WMT,LH,TOP,1.0,kf_price_filt_vel,0.697,12,8,39.81,0.6,8,17.923315048217773
WMT,LL,BOTTOM,1.0,kf_conjugation_pred_val,0.2424,12,13,96.52,-0.9,13,16.556650161743164
WMT,HL,BOTTOM,1.0,kf_conjugation_pred_val,0.3455,13,7,199.81,-0.6,7,18.389982223510742
WMT,HH,TOP,1.0,conj_wave_tide,-0.2424,13,4,27.58,-0.7,4,18.656648635864258
WMT,HH,TOP,1.0,conj_wave_tide,-0.6303,13,4,23.74,-1.7,4,18.70998191833496
WMT,LH,TOP,1.0,conj_wave_tide,-0.7515,13,7,51.72,-0.5,7,18.043315887451172
WMT,LL,BOTTOM,1.0,conj_current_tide,-0.2909,7,3,17.76,0.4,3,16.999982833862305
WMT,LL,BOTTOM,1.0,conj_current_tide,-0.1697,7,4,22.88,-0.3,4,16.88665008544922
WMT,HL,BOTTOM,1.0,conj_current_tide,0.0545,6,6,53.8,0.3,6,17.639982223510742
WMT,HH,TOP,1.0,vwap_spread_current_wave,0.0727,6,6,39.7,-0.6,6,18.22664451599121
WMT,HH,TOP,1.0,kf_price_pred_val,0.0061,6,6,43.27,-0.5,6,18.896648406982422
WMT,HL,BOTTOM,1.0,vwap_spread_current_wave,0.1879,6,6,90.89,0.1,6,17.669979095458984
WMT,HL,BOTTOM,1.0,kf_price_filt_vel,0.2182,6,3,17.15,0.4,3,17.816648483276367
WMT,LH,TOP,1.0,vwap_spread_current_wave,-0.0424,6,2,9.58,-0.9,2,18.36998176574707
WMT,HH,TOP,1.0,vwap_spread_current_wave,-0.2545,6,6,85.01,-0.5,6,19.403316497802734
WMT,LL,BOTTOM,1.0,tide_accel,0.2848,9,8,48.49,-0.6,8,15.936651229858398
WMT,LL,BOTTOM,1.0,wave_slope,0.1758,9,10,64.11,-0.1,10,15.473318099975586
WMT,HL,BOTTOM,1.0,d_tide_slope,0.3273,10,9,63.57,0.4,9,16.186649322509766
WMT,LH,TOP,1.0,kf_price_filt_vel,0.4545,10,6,39.83,1.4,6,16.543317794799805
WMT,LL,BOTTOM,1.0,wave_slope,-0.2182,10,7,45.44,-1.4,7,16.043317794799805
WMT,LL,BOTTOM,1.0,wave_slope,-0.2727,10,13,83.1,-0.8,13,15.509984016418457
WMT,HH,TOP,1.0,wave_slope,0.2727,13,11,79.56,-0.7,11,16.666650772094727
WMT,HH,TOP,1.0,kf_price_filt_vel,0.3758,13,9,45.8,-0.5,9,16.816650390625
WMT,LH,TOP,1.0,wave_slope,0.4667,13,7,37.62,-0.8,7,16.673316955566406
WMT,HL,BOTTOM,1.0,current_slope,-0.8424,13,6,32.89,0.5,6,16.01331329345703
WMT,LL,BOTTOM,1.0,current_slope,-0.6545,11,6,35.59,0.3,6,15.793317794799805
WMT,HL,BOTTOM,1.0,current_slope,-0.5152,11,4,22.22,0.3,4,16.163320541381836
WMT,HH,TOP,1.0,current_accel,0.0424,4,2,32.5,-0.0,2,17.879981994628906
WMT,HH,TOP,1.0,current_accel,-0.0364,4,2,31.0,-0.1,2,17.93331527709961
WMT,HL,BOTTOM,9.0,kf_price_pred_val,-0.1273,3,0,0.0,0.3,0,16.286649703979492
WMT,LL,BOTTOM,10.0,kf_price_pred_val,-0.1636,3,0,0.0,0.2,0,15.956650733947754
WMT,LH,TOP,1.0,fear_level,0.0727,3,1,5.52,0.5,1,16.876649856567383
WMT,HH,TOP,1.0,fear_level,0.0061,3,1,5.52,-0.0,1,16.966646194458008
WMT,LH,TOP,1.0,fear_level,-0.0727,3,1,5.52,-0.2,1,16.67664909362793
WMT,HL,BOTTOM,1.0,fear_level,0.0364,2,1,5.52,-0.6,1,16.366653442382812
WMT,LL,BOTTOM,1.0,fear_level,-0.0303,2,2,10.23,-0.6,2,16.04998016357422
WMT,HH,TOP,1.0,geo_phase_angle,0.0848,2,1,5.63,0.0,1,16.956649780273438
WMT,HH,TOP,1.0,geo_phase_angle,0.1576,2,0,0.0,0.0,0,17.023319244384766
WMT,LL,BOTTOM,1.0,fear_level,-0.1758,2,1,5.52,-0.3,1,16.02665138244629
WMT,LL,BOTTOM,1.0,fear_level,-0.1455,2,1,5.52,-0.2,1,15.856654167175293
WMT,LH,TOP,8.0,geo_phase_angle,-0.1273,1,0,0.0,-0.5,0,16.836645126342773
WMT,HH,TOP,9.0,geo_phase_angle,-0.097,1,2,9.78,-0.2,2,17.293315887451172
WMT,LH,TOP,1.0,vwap_sigma_wave,0.0545,2,1,4.02,0.0,1,17.26331329345703
WMT,HL,BOTTOM,2.0,geo_phase_angle,0.0424,1,0,0.0,0.0,0,16.363317489624023
WMT,LL,BOTTOM,3.0,geo_phase_angle,0.0303,1,0,0.0,0.2,0,16.333316802978516
WMT,HL,BOTTOM,4.0,geo_phase_angle,0.0182,1,0,0.0,0.3,0,16.359983444213867
WMT,HH,TOP,,,0.0,0,2,12.51,-0.6,2,18.47331428527832
WMT,HH,TOP,1.0,vwap_sigma_wave,0.1091,2,2,12.79,-0.5,2,18.663318634033203
WMT,LH,TOP,1.0,vwap_sigma_current,0.1939,2,2,9.15,-0.2,2,18.63998031616211
WMT,LL,BOTTOM,1.0,vwap_sigma_tide,0.297,4,2,9.24,-0.5,2,16.113317489624023
WMT,LL,BOTTOM,1.0,vwap_sigma_tide,0.3212,4,2,10.1,-0.2,2,15.999983787536621
WMT,HH,TOP,1.0,vwap_sigma_current,0.1455,2,1,5.86,-0.4,1,19.106651306152344
WMT,HH,TOP,1.0,vwap_sigma_current,0.1515,2,2,9.8,0.0,2,19.189983367919922
WMT,LH,TOP,1.0,vwap_sigma_current,0.2,2,0,0.0,0.0,0,18.899980545043945
WMT,HL,BOTTOM,,,0.0,0,0,0.0,-0.2,0,17.126649856567383
WMT,LL,BOTTOM,,,0.0,0,1,4.17,0.0,1,17.123315811157227
WMT,HL,BOTTOM,1.0,kf_rsi_pred_val,0.0545,1,0,0.0,0.0,0,17.173315048217773
WMT,LH,TOP,,,0.0,0,0,0.0,0.0,0,18.686647415161133
WMT,LH,TOP,,,0.0,0,0,0.0,0.0,0,18.5133113861084
WMT,LL,BOTTOM,1.0,vwap_sigma_tide,0.7455,7,3,21.02,-0.4,3,16.939985275268555
WMT,LL,BOTTOM,1.0,kf_price_filt_vel,0.6545,7,5,32.98,-0.0,5,16.13665008544922
WMT,HL,BOTTOM,1.0,vwap_sigma_tide,0.6364,7,1,6.86,-0.3,1,16.576650619506836
WMT,LH,TOP,5.0,kf_price_pred_val,-0.4121,5,0,0.0,0.0,0,17.736652374267578
WMT,HH,TOP,6.0,kf_price_pred_val,-0.3818,5,0,0.0,0.0,0,17.789981842041016
WMT,LH,TOP,7.0,kf_price_pred_val,-0.1818,3,0,0.0,0.0,0,17.566648483276367
WMT,HL,BOTTOM,5.0,geo_phase_angle,0.0061,1,0,0.0,-0.4,0,17.106653213500977
WMT,LL,BOTTOM,6.0,geo_phase_angle,-0.0061,1,2,9.4,-0.2,2,16.75998306274414
WMT,HL,BOTTOM,1.0,vwap_sigma_tide,0.0909,2,0,0.0,-0.4,0,16.93331527709961
WMT,HH,TOP,,,0.0,0,0,0.0,-0.0,0,20.679975509643555
WMT,HH,TOP,,,0.0,0,0,0.0,-0.6,0,20.82664680480957
WMT,HL,BOTTOM,1.0,kf_rsi_pred_val,0.2424,3,1,4.21,0.0,1,19.486650466918945
WMT,HL,BOTTOM,1.0,kf_rsi_pred_val,0.2,3,0,0.0,0.0,0,19.643310546875
WMT,LH,TOP,,,0.0,0,0,0.0,0.3,0,20.58331298828125
WMT,HH,TOP,,,0.0,0,0,0.0,-0.8,0,20.816646575927734
WMT,LL,BOTTOM,1.0,kf_price_filt_vel,0.1636,3,4,34.32,-0.6,4,19.25664710998535
WMT,LL,BOTTOM,1.0,kf_price_pred_val,0.3455,4,2,8.79,-0.4,2,19.11998176574707
WMT,HL,BOTTOM,1.0,kf_rsi_pred_val,0.3697,4,2,18.07,0.0,2,19.649980545043945
WMT,HH,TOP,,,0.0,0,0,0.0,0.0,0,25.716638565063477
WMT,LH,TOP,,,0.0,0,0,0.0,0.0,0,25.636640548706055
WMT,HL,BOTTOM,,,0.0,0,8,44.89,-1.5,8,22.906644821166992
WMT,LL,BOTTOM,1.0,kf_price_pred_val,0.4364,8,7,40.03,-0.6,7,22.67664337158203
WMT,LH,TOP,3.0,conj_wave_tide,0.0242,2,0,0.0,0.3,0,23.863309860229492
WMT,HH,TOP,4.0,conj_wave_tide,-0.0303,2,0,0.0,-0.0,0,24.09663963317871
WMT,HL,BOTTOM,10.0,kf_price_pred_val,-0.1636,3,0,0.0,-0.0,0,22.729976654052734
WMT,LL,BOTTOM,,,0.0,0,1,4.1,-0.0,1,22.536643981933594
WMT,HH,TOP,,,0.0,0,0,0.0,0.0,0,26.259973526000977
WMT,HH,TOP,,,0.0,0,0,0.0,0.0,0,26.619972229003906
WMT,LH,TOP,,,0.0,0,0,0.0,0.0,0,26.16663932800293
WMT,HL,BOTTOM,,,0.0,0,0,0.0,-0.5,0,24.819978713989258
WMT,LL,BOTTOM,,,0.0,0,2,10.51,-0.2,2,24.34330940246582
WMT,HL,BOTTOM,1.0,vwap_sigma_current,0.1091,2,1,4.16,0.0,1,24.503305435180664
WMT,HH,TOP,,,0.0,0,0,0.0,0.0,0,26.25663948059082
WMT,LH,TOP,,,0.0,0,0,0.0,0.0,0,25.956640243530273
WMT,LL,BOTTOM,1.0,rsi_value,0.1939,2,2,11.41,-0.5,2,24.28664207458496
WMT,LL,BOTTOM,1.0,rsi_value,0.1091,2,2,13.27,-0.4,2,24.12664222717285
WMT,HL,BOTTOM,1.0,rsi_value,0.0,2,2,13.04,-0.1,2,24.143306732177734
WMT,LH,TOP,10.0,rsi_value,-0.0545,1,0,0.0,0.0,0,25.049972534179688
WMT,HH,TOP,,,0.0,0,0,0.0,0.0,0,25.473308563232422
WMT,LH,TOP,,,0.0,0,0,0.0,0.0,0,25.403310775756836
WMT,LL,BOTTOM,,,0.0,0,0,0.0,0.0,0,23.956642150878906
WMT,HL,BOTTOM,,,0.0,0,0,0.0,0.0,0,24.299972534179688
WMT,HH,TOP,1.0,kf_rsi_pred_val,0.097,1,2,8.37,-0.4,2,27.036640167236328
WMT,HH,TOP,1.0,kf_rsi_pred_val,0.1818,2,2,8.53,0.0,2,27.06997299194336
WMT,LH,TOP,1.0,rsi_value,0.2424,2,0,0.0,0.0,0,26.739973068237305
WMT,LL,BOTTOM,3.0,rsi_value,-0.0606,3,3,15.18,-0.8,3,24.2199764251709
WMT,HL,BOTTOM,1.0,rsi_value,-0.1152,3,3,14.74,-0.6,3,24.243309020996094
WMT,LH,TOP,,,0.0,0,0,0.0,0.0,0,26.586639404296875
WMT,LH,TOP,,,0.0,0,0,0.0,0.0,0,26.556640625
WMT,HL,BOTTOM,1.0,kf_rsi_pred_val,0.3879,4,3,15.21,-0.6,3,24.513309478759766
WMT,LL,BOTTOM,1.0,kf_rsi_pred_val,0.4545,4,3,15.41,0.0,3,24.44664192199707
WMT,HL,BOTTOM,1.0,kf_rsi_pred_val,0.4848,4,0,0.0,0.0,0,24.733308792114258
WMT,LH,TOP,,,0.0,0,0,0.0,0.7,0,25.953306198120117
WMT,HH,TOP,,,0.0,0,0,0.0,0.2,0,26.096641540527344
WMT,HL,BOTTOM,,,0.0,0,3,17.22,-0.2,3,25.06664276123047
WMT,LL,BOTTOM,1.0,kf_price_pred_val,0.1636,3,2,10.12,0.1,2,24.60664176940918
WMT,HL,BOTTOM,1.0,kf_price_pred_val,0.2364,3,0,0.0,-0.3,0,24.699974060058594
WMT,HH,TOP,1.0,sigma_tide,-0.3152,8,4,28.81,0.2,4,29.17997169494629
WMT,HL,BOTTOM,4.0,kf_conjugation_pred_val,-0.297,3,0,0.0,0.0,0,27.97997283935547
WMT,LL,BOTTOM,5.0,kf_conjugation_pred_val,-0.3939,3,0,0.0,0.0,0,27.653305053710938
WMT,HL,BOTTOM,6.0,kf_conjugation_pred_val,-0.4,3,0,0.0,0.0,0,28.07663917541504
WMT,HH,TOP,,,0.0,0,3,12.88,-0.5,3,29.53330421447754
WMT,HH,TOP,1.0,kf_price_pred_val,0.1636,3,5,22.59,0.1,5,30.15663719177246
WMT,LH,TOP,1.0,kf_price_pred_val,0.4,5,1,4.54,-0.0,1,29.78330421447754
WMT,LL,BOTTOM,1.0,vwap_sigma_current,0.8545,8,9,67.0,-1.3,9,21.3166446685791
WMT,LL,BOTTOM,1.0,kf_price_pred_val,1.0121,9,8,58.69,-0.5,8,21.03331184387207
WMT,HL,BOTTOM,1.0,kf_rsi_pred_val,1.0182,9,9,60.14,0.4,9,21.60997772216797
WMT,LH,TOP,1.0,vwap_spread_tide_wave,-0.4424,9,5,27.88,1.9,5,22.309978485107422
WMT,LH,TOP,1.0,vwap_spread_tide_wave,-0.3576,9,4,22.36,0.2,4,22.243310928344727
WMT,LL,BOTTOM,1.0,tide_slope,-0.3212,8,5,34.78,-0.7,5,18.983314514160156
WMT,LL,BOTTOM,1.0,tide_slope,-0.2788,8,8,48.23,-0.7,8,18.80664825439453
WMT,LH,TOP,1.0,current_accel,0.3576,6,6,52.22,-0.1,6,21.183311462402344
WMT,HH,TOP,1.0,current_accel,0.3879,6,7,66.67,-0.2,7,21.676645278930664
WMT,LH,TOP,1.0,current_accel,0.4364,7,6,51.58,-0.5,6,21.17997932434082
WMT,HL,BOTTOM,1.0,tide_slope,-0.2061,7,3,19.42,-0.0,3,20.85331153869629
WMT,LL,BOTTOM,1.0,tide_slope,-0.3636,7,3,19.18,-0.0,3,20.279979705810547
WMT,HL,BOTTOM,1.0,tide_slope,-0.4303,7,3,18.95,-0.0,3,20.626646041870117
WMT,HH,TOP,1.0,tide_slope,0.1091,5,6,32.58,-0.0,6,22.499977111816406
WMT,LH,TOP,1.0,tide_slope,0.2485,6,5,28.48,-0.2,5,22.286643981933594
WMT,HL,BOTTOM,1.0,tide_slope,-0.2061,5,2,12.94,-0.0,2,22.036645889282227
WMT,LL,BOTTOM,1.0,tide_slope,-0.297,5,2,12.83,-0.0,2,21.37331199645996
WMT,HL,BOTTOM,1.0,tide_slope,-0.3515,5,2,12.67,-0.0,2,21.553312301635742
WMT,HH,TOP,1.0,d_tide_slope,0.1455,2,2,9.99,-0.0,2,23.28664207458496
WMT,LH,TOP,1.0,tide_accel,0.1091,2,2,9.33,-0.0,2,23.256643295288086
WMT,HL,BOTTOM,2.0,vwap_sigma_wave,0.1879,4,1,4.32,-0.9,1,21.69997787475586
WMT,LL,BOTTOM,1.0,vwap_sigma_current,0.1576,4,3,16.82,-0.9,3,21.049978256225586
WMT,HL,BOTTOM,1.0,vwap_sigma_current,0.2242,4,3,121.03,-0.6,3,23.0666446685791
WMT,HH,TOP,3.0,d_current_slope,0.0606,2,0,0.0,0.1,0,24.30997657775879
WMT,HH,TOP,4.0,d_current_slope,0.0364,2,0,0.0,0.2,0,24.76664161682129
WMT,LH,TOP,5.0,d_current_slope,0.0121,2,0,0.0,0.2,0,24.269975662231445
WMT,LL,BOTTOM,1.0,vwap_sigma_current,0.4182,6,4,25.63,-1.2,4,22.659976959228516
WMT,LL,BOTTOM,1.0,vwap_sigma_current,0.5273,6,5,31.69,-1.1,5,22.46331024169922
WMT,HL,BOTTOM,1.0,vwap_sigma_current,0.6424,6,5,28.44,-0.5,5,22.486644744873047
WMT,LH,TOP,,,0.0,0,0,0.0,0.0,0,23.859975814819336
WMT,HH,TOP,,,0.0,0,0,0.0,0.0,0,23.93997573852539
WMT,LH,TOP,,,0.0,0,0,0.0,0.0,0,23.74664306640625
WMT,LL,BOTTOM,3.0,vwap_sigma_current,-0.0121,2,0,0.0,-0.2,0,22.243310928344727
WMT,LL,BOTTOM,4.0,vwap_sigma_current,-0.0606,2,1,5.66,0.0,1,21.88664436340332
WMT,HH,TOP,10.0,kf_price_pred_val,-0.1091,2,0,0.0,0.0,0,26.753307342529297
WMT,LH,TOP,,,0.0,0,0,0.0,0.0,0,26.309974670410156
WMT,HL,BOTTOM,,,0.0,0,0,0.0,0.0,0,24.409975051879883
WMT,HL,BOTTOM,,,0.0,0,0,0.0,0.0,0,24.48997688293457
WMT,HH,TOP,1.0,rsi_value,0.2788,4,4,23.5,0.6,4,36.51662826538086
WMT,LH,TOP,1.0,rsi_value,0.2424,4,2,9.6,0.3,2,35.90996551513672
WMT,HL,BOTTOM,1.0,kf_price_filt_vel,-0.0545,5,2,9.04,-0.0,2,33.3399658203125
WMT,LL,BOTTOM,1.0,vwap_spread_tide_current,-0.0545,5,2,8.79,-0.0,2,33.12329864501953
WMT,LH,TOP,1.0,vwap_spread_tide_current,-0.103,5,2,8.64,0.3,2,34.40996551513672
WMT,HH,TOP,1.0,vwap_spread_tide_current,-0.1636,5,2,8.58,0.1,2,34.926631927490234
WMT,LL,BOTTOM,9.0,current_accel,-0.2485,3,0,0.0,-0.1,0,27.466638565063477
WMT,HL,BOTTOM,10.0,current_accel,-0.1091,2,0,0.0,-0.6,0,28.03997230529785
WMT,LH,TOP,,,0.0,0,0,0.0,-1.3,0,30.07330322265625
WMT,HH,TOP,,,0.0,0,6,123.3,-0.8,6,32.879966735839844
WMT,LH,TOP,1.0,kf_price_pred_val,0.3273,6,3,13.82,-0.6,3,32.616634368896484
WMT,HL,BOTTOM,,,0.0,0,0,0.0,-0.2,0,31.403301239013672
WMT,LL,BOTTOM,,,0.0,0,1,4.16,-0.3,1,31.103302001953125
WMT,HH,TOP,7.0,vwap_sigma_wave,-0.0182,1,1,4.28,-0.6,1,34.959964752197266
WMT,HH,TOP,1.0,vwap_sigma_current,0.0242,1,3,13.27,0.0,3,35.18663024902344
WMT,LL,BOTTOM,1.0,rsi_value,0.7758,8,8,50.12,-0.9,8,28.606637954711914
WMT,LH,TOP,3.0,current_accel,0.0606,2,0,0.0,0.0,0,34.06663131713867
WMT,LH,TOP,4.0,current_accel,-0.0606,2,0,0.0,0.0,0,33.29330062866211
WMT,HL,BOTTOM,,,0.0,0,0,0.0,0.0,0,32.606632232666016
WMT,LL,BOTTOM,,,0.0,0,0,0.0,0.0,0,32.31330108642578
WMT,HL,BOTTOM,,,0.0,0,0,0.0,0.0,0,32.39663314819336
WMT,HH,TOP,1.0,rsi_value,0.3152,3,3,17.08,-0.8,3,38.326629638671875
WMT,LH,TOP,1.0,rsi_value,0.3576,3,3,15.02,-0.6,3,38.2532958984375
WMT,HL,BOTTOM,4.0,kf_rsi_pred_val,-0.0424,6,1,4.27,0.1,1,35.073299407958984
WMT,HL,BOTTOM,1.0,vwap_sigma_wave,-0.1212,6,0,0.0,0.1,0,35.80329895019531
WMT,HH,TOP,,,0.0,0,0,0.0,0.0,0,40.17995834350586
WMT,HH,TOP,,,0.0,0,0,0.0,0.0,0,40.4266242980957
WMT,LH,TOP,,,0.0,0,0,0.0,0.0,0,39.95329284667969
WMT,HL,BOTTOM,,,0.0,0,5,32.86,-1.2,5,36.799964904785156
WMT,LL,BOTTOM,1.0,vwap_sigma_wave,0.2727,5,6,37.74,-0.6,6,35.89329528808594
WMT,LH,TOP,3.0,kf_price_pred_val,-0.0182,6,0,0.0,1.0,0,39.05329513549805
WMT,HH,TOP,4.0,kf_price_pred_val,-0.2242,6,0,0.0,-0.3,0,39.92995834350586
WMT,LH,TOP,5.0,kf_price_pred_val,-0.4303,6,3,29.83,-1.0,3,38.14329528808594
WMT,LL,BOTTOM,1.0,kf_price_filt_vel,-0.4727,6,8,197.26,-0.4,8,34.68330001831055
WMT,HL,BOTTOM,1.0,kf_price_pred_val,0.0545,8,3,73.29,-0.5,3,38.033294677734375
WMT,LL,BOTTOM,1.0,kf_price_filt_vel,0.3394,8,5,24.74,-0.0,5,35.586631774902344
WMT,HL,BOTTOM,1.0,sigma_tide,0.5697,8,3,185.83,-0.5,3,39.7532958984375
WMT,HH,TOP,1.0,kf_price_filt_vel,0.4667,8,3,61.43,0.1,3,40.85995864868164
WMT,LH,TOP,1.0,kf_price_pred_val,0.5273,8,2,10.19,-0.5,2,39.816627502441406
WMT,LL,BOTTOM,1.0,kf_price_filt_vel,-0.0303,8,0,0.0,-0.5,0,38.34329605102539
WMT,LL,BOTTOM,2.0,kf_price_filt_vel,-0.4303,8,4,32.3,-0.0,4,36.46662902832031
WMT,HL,BOTTOM,1.0,kf_price_pred_val,-0.4121,8,0,0.0,0.3,0,36.60662841796875
WMT,HH,TOP,1.0,kf_price_pred_val,0.2,5,0,0.0,-0.4,0,42.91995620727539
WMT,HH,TOP,2.0,kf_price_pred_val,-0.0061,5,3,16.26,-0.4,3,44.109954833984375
WMT,LH,TOP,1.0,current_accel,-0.0485,5,2,11.72,-0.4,2,44.039955139160156
WMT,HL,BOTTOM,1.0,wave_slope,-0.1576,3,2,10.06,-0.2,2,41.19995880126953
WMT,LL,BOTTOM,1.0,kf_price_pred_val,-0.1697,3,1,4.64,0.0,1,40.516624450683594
WMT,HL,BOTTOM,1.0,kf_price_pred_val,-0.0606,2,0,0.0,0.0,0,40.97329330444336
WMT,LH,TOP,,,0.0,0,0,0.0,0.3,0,42.55329132080078
WMT,LH,TOP,,,0.0,0,0,0.0,0.2,0,41.649959564208984
WMT,LL,BOTTOM,1.0,d_current_slope,0.0242,2,0,0.0,0.2,0,40.02996063232422
WMT,LL,BOTTOM,2.0,d_current_slope,-0.0303,2,1,4.21,0.6,1,39.24662780761719
WMT,HH,TOP,2.0,kf_price_pred_val,0.2182,3,6,47.06,-0.4,6,49.196617126464844
WMT,HH,TOP,1.0,kf_price_pred_val,0.4727,6,2,11.52,-0.9,2,49.22661590576172
WMT,LH,TOP,1.0,sigma_tide,0.4364,6,3,24.92,-0.9,3,48.17995071411133
WMT,HL,BOTTOM,7.0,kf_price_pred_val,-0.3818,3,0,0.0,0.0,0,45.563289642333984
WMT,LL,BOTTOM,8.0,kf_price_pred_val,-0.3818,3,0,0.0,0.0,0,45.096622467041016
WMT,LH,TOP,7.0,kf_price_pred_val,-0.0182,1,0,0.0,0.0,0,48.08328628540039
WMT,HH,TOP,8.0,kf_price_pred_val,-0.0303,1,0,0.0,0.0,0,48.7432861328125
WMT,LH,TOP,9.0,kf_price_pred_val,-0.0424,1,0,0.0,0.0,0,47.97995376586914
WMT,HL,BOTTOM,,,0.0,0,0,0.0,0.0,0,46.63995361328125
WMT,LL,BOTTOM,,,0.0,0,0,0.0,0.0,0,46.24995422363281
WMT,HH,TOP,,,0.0,0,0,0.0,0.0,0,50.92995071411133
WMT,LH,TOP,,,0.0,0,0,0.0,0.0,0,50.879947662353516
WMT,HL,BOTTOM,1.0,vwap_sigma_wave,0.1091,2,2,13.72,-0.2,2,46.42328643798828
WMT,HL,BOTTOM,1.0,vwap_sigma_wave,0.1939,2,1,4.12,0.0,1,46.92328643798828
WMT,LH,TOP,9.0,vwap_sigma_wave,-0.1515,2,0,0.0,0.1,0,48.55328369140625
WMT,HH,TOP,10.0,vwap_sigma_wave,-0.0545,1,0,0.0,0.5,0,49.066619873046875
WMT,LH,TOP,,,0.0,0,5,62.78,1.6,5,45.886619567871094
WMT,LL,BOTTOM,1.0,sigma_tide,0.4545,7,5,26.99,-0.3,5,42.52995681762695
WMT,LL,BOTTOM,1.0,sigma_tide,0.3273,7,8,41.1,-0.1,8,42.50995635986328
WMT,HL,BOTTOM,1.0,sigma_tide,0.6364,8,5,24.25,-0.9,5,43.039955139160156
WMT,HH,TOP,,,0.0,0,0,0.0,0.0,0,46.929954528808594
WMT,HH,TOP,,,0.0,0,0,0.0,0.0,0,47.066619873046875
WMT,LH,TOP,,,0.0,0,0,0.0,0.0,0,46.55662155151367
WMT,HL,BOTTOM,1.0,d_tide_slope,0.1091,2,2,9.8,0.0,2,43.15043640136719
WMT,LL,BOTTOM,1.0,tide_accel,0.1455,2,0,0.0,0.0,0,42.351470947265625
WMT,HH,TOP,2.0,rsi_value,0.1394,2,0,0.0,0.0,0,47.20555114746094
WMT,HH,TOP,3.0,rsi_value,0.0303,2,0,0.0,0.0,0,47.626949310302734
WMT,HL,BOTTOM,1.0,rsi_value,0.5576,5,5,32.22,-0.4,5,42.68341827392578
WMT,HL,BOTTOM,1.0,kf_rsi_pred_val,0.6364,5,3,17.91,-0.0,3,42.96331024169922
WMT,LH,TOP,5.0,geo_phase_angle,-0.0121,1,0,0.0,0.0,0,47.22757339477539
WMT,HH,TOP,6.0,geo_phase_angle,-0.0364,1,0,0.0,0.0,0,47.5734748840332
WMT,LH,TOP,7.0,geo_phase_angle,-0.0606,1,0,0.0,0.0,0,47.243289947509766
WMT,HL,BOTTOM,,,0.0,0,1,5.88,-0.4,1,43.126834869384766
WMT,LL,BOTTOM,1.0,kf_price_pred_val,0.0545,1,2,10.12,-0.2,2,42.601661682128906
WMT,HL,BOTTOM,1.0,kf_rsi_pred_val,0.1515,2,0,0.0,-0.4,0,43.243194580078125
WMT,LH,TOP,6.0,kf_price_filt_vel,-0.1152,2,0,0.0,-0.2,0,45.763248443603516
WMT,HH,TOP,7.0,kf_price_filt_vel,-0.1758,2,0,0.0,-0.7,0,46.025306701660156
WMT,LH,TOP,8.0,kf_price_filt_vel,-0.1697,2,2,8.47,-0.6,2,45.25806427001953
WMT,LL,BOTTOM,1.0,vwap_sigma_tide,0.1091,2,1,4.58,-0.5,1,42.4258918762207
WMT,LL,BOTTOM,1.0,vwap_sigma_tide,0.1394,2,1,5.31,-0.4,1,42.16065216064453
WMT,HL,BOTTOM,1.0,vwap_sigma_tide,0.1576,2,3,26.0,0.1,3,43.8498649597168
WMT,HH,TOP,1.0,conj_wave_tide,-0.1394,6,4,17.32,-0.6,4,50.596397399902344
WMT,HH,TOP,1.0,vwap_sigma_tide,-0.1636,6,3,13.1,0.0,3,50.67246627807617
WMT,LH,TOP,1.0,vwap_sigma_tide,-0.2667,6,0,0.0,0.0,0,49.71841812133789
WMT,LL,BOTTOM,1.0,kf_price_pred_val,0.3939,10,11,215.91,-0.1,11,38.94652557373047
WMT,LL,BOTTOM,1.0,kf_price_pred_val,0.8788,11,10,137.01,-1.1,10,37.87766647338867
WMT,HL,BOTTOM,1.0,d_current_slope,1.1879,11,11,134.41,-1.7,11,37.91901779174805
WMT,LH,TOP,1.0,kf_conjugation_pred_val,0.1818,12,5,55.58,-0.2,5,40.918827056884766
WMT,LH,TOP,1.0,wave_slope,-0.6121,12,8,85.82,0.5,8,39.9072151184082
WMT,HL,BOTTOM,1.0,wave_slope,0.5515,10,9,105.61,-0.9,9,38.3707389831543
WMT,LL,BOTTOM,1.0,wave_slope,0.4606,10,11,122.16,-0.7,11,37.6295280456543
WMT,HH,TOP,1.0,d_current_slope,0.2364,6,5,46.88,0.2,5,41.558223724365234
WMT,HH,TOP,1.0,current_accel,0.2061,6,5,49.89,0.4,5,42.16582107543945
WMT,LH,TOP,1.0,current_accel,0.1636,6,4,40.78,0.2,4,42.05766296386719
WMT,HL,BOTTOM,1.0,current_accel,0.0545,6,4,38.26,-1.0,4,41.99721908569336
WMT,LL,BOTTOM,1.0,d_current_slope,-0.0545,6,8,120.75,-0.8,8,38.80337142944336
WMT,HL,BOTTOM,1.0,kf_price_pred_val,0.0545,8,4,26.75,-1.2,4,40.269874572753906
WMT,HH,TOP,1.0,current_accel,0.0667,8,2,40.08,-0.0,2,42.162635803222656
WMT,HH,TOP,1.0,current_accel,-0.0667,8,2,39.25,-0.3,2,42.20716857910156
WMT,LH,TOP,1.0,current_accel,-0.2182,8,2,27.89,-0.6,2,41.51368713378906
WMT,LL,BOTTOM,1.0,current_accel,-0.3333,8,5,57.69,-0.0,5,39.94539260864258
WMT,HL,BOTTOM,1.0,kf_price_pred_val,-0.2485,8,2,22.44,-0.0,2,40.26668930053711
WMT,HH,TOP,2.0,current_accel,-0.2,5,3,27.44,0.3,3,44.5284423828125
WMT,HH,TOP,1.0,kf_price_pred_val,-0.1576,5,0,0.0,-0.2,0,44.57636260986328
WMT,LH,TOP,2.0,kf_price_pred_val,-0.2909,5,0,0.0,-0.7,0,44.432586669921875
WMT,HL,BOTTOM,4.0,geo_phase_angle,0.0182,1,0,0.0,-0.2,0,42.071495056152344
WMT,LL,BOTTOM,5.0,geo_phase_angle,0.0061,1,1,4.57,-0.2,1,41.074668884277344
WMT,HH,TOP,1.0,kf_conjugation_pred_val,0.1455,3,3,14.55,-0.2,3,49.04613494873047
WMT,LH,TOP,1.0,kf_conjugation_pred_val,0.1879,3,3,15.3,-0.1,3,48.87360763549805
WMT,HL,BOTTOM,,,0.0,0,2,8.59,0.0,2,45.1677360534668
WMT,LL,BOTTOM,1.0,d_current_slope,0.1091,2,0,0.0,0.0,0,44.52312088012695
WMT,HL,BOTTOM,2.0,d_current_slope,0.0848,2,0,0.0,0.0,0,45.071537017822266
WMT,LH,TOP,,,0.0,0,0,0.0,0.0,0,47.24909591674805
WMT,LH,TOP,,,0.0,0,0,0.0,0.0,0,46.25812911987305
WMT,LL,BOTTOM,1.0,vwap_sigma_current,0.0545,1,2,9.49,-0.3,2,43.990753173828125
WMT,LL,BOTTOM,1.0,vwap_sigma_current,0.1515,2,1,5.05,-0.2,1,43.92661666870117
WMT,HH,TOP,,,0.0,0,0,0.0,0.0,0,53.381500244140625
WMT,HH,TOP,,,0.0,0,0,0.0,0.0,0,53.605323791503906
WMT,LH,TOP,,,0.0,0,0,0.0,0.0,0,53.40744400024414
WMT,HL,BOTTOM,,,0.0,0,0,0.0,0.0,0,50.552825927734375
WMT,HL,BOTTOM,,,0.0,0,0,0.0,0.0,0,51.123741149902344
WMT,HH,TOP,,,0.0,0,0,0.0,0.1,0,54.383853912353516
WMT,HH,TOP,,,0.0,0,0,0.0,-0.5,0,55.07481002807617
WMT,LH,TOP,,,0.0,0,3,91.16,-0.5,3,50.61769485473633
WMT,LL,BOTTOM,1.0,sigma_tide,0.0485,1,1,4.97,-0.1,1,49.64007568359375
WMT,LL,BOTTOM,1.0,sigma_tide,0.1212,1,1,5.96,-0.2,1,49.11912536621094
WMT,HH,TOP,1.0,vwap_spread_current_wave,0.097,1,1,4.45,-0.3,1,68.83526611328125
WMT,HH,TOP,1.0,vwap_spread_current_wave,0.1273,1,1,4.39,-0.3,1,69.85810089111328
WMT,LH,TOP,1.0,vwap_spread_current_wave,0.1455,1,1,4.28,-0.2,1,69.65158081054688
WMT,HL,BOTTOM,,,0.0,0,0,0.0,-0.4,0,66.62239074707031
WMT,LL,BOTTOM,,,0.0,0,2,9.41,-0.6,2,65.80608367919922
WMT,HL,BOTTOM,1.0,d_current_slope,0.1091,2,2,8.28,-0.0,2,66.54370880126953
WMT,HH,TOP,1.0,vwap_spread_tide_wave,0.7636,9,9,56.54,-0.6,9,93.9948501586914
WMT,HH,TOP,1.0,vwap_spread_tide_wave,0.6303,9,10,61.68,-0.0,10,94.38937377929688
WMT,HL,BOTTOM,1.0,vwap_spread_tide_wave,-0.1939,8,6,42.68,-0.0,6,88.96410369873047
WMT,HL,BOTTOM,1.0,vwap_spread_tide_wave,-0.2727,8,6,42.75,-0.0,6,89.7351303100586
WMT,HH,TOP,1.0,tide_slope,0.1758,9,7,46.35,0.7,7,102.41744995117188
WMT,HH,TOP,1.0,tide_slope,0.1212,9,7,46.59,0.9,7,103.84088897705078
WMT,LH,TOP,1.0,tide_slope,0.0545,9,7,46.97,0.6,7,102.8425064086914
WMT,HL,BOTTOM,1.0,kf_price_pred_val,0.3212,10,9,56.01,-0.6,9,92.59186553955078
WMT,HL,BOTTOM,1.0,tide_slope,0.3455,10,10,95.81,0.6,10,96.56560516357422
WMT,LH,TOP,1.0,tide_slope,0.2545,10,7,47.07,-0.0,7,95.67594909667969
WMT,HH,TOP,1.0,tide_slope,0.1091,10,7,47.03,0.1,7,97.4749984741211
WMT,LL,BOTTOM,1.0,sigma_tide,0.3212,11,14,82.78,-1.0,14,84.21934509277344
WMT,LL,BOTTOM,1.0,sigma_tide,0.5697,14,15,90.23,-0.3,15,83.52741241455078
WMT,HL,BOTTOM,1.0,sigma_tide,0.7879,15,14,84.83,0.3,14,84.36762237548828
WMT,LH,TOP,1.0,kf_conjugation_pred_val,0.1939,14,9,81.17,1.3,9,88.0487060546875
WMT,HH,TOP,1.0,conj_wave_tide,-0.0667,14,9,77.63,-0.2,9,88.97052001953125
WMT,LH,TOP,1.0,conj_wave_tide,-0.3576,14,13,97.96,-0.9,13,86.49251556396484
WMT,LL,BOTTOM,1.0,kf_price_pred_val,0.0303,17,14,103.96,-1.2,14,83.0926742553711
WMT,LL,BOTTOM,1.0,conj_wave_tide,-0.0121,17,15,114.06,-0.9,15,81.07062530517578
WMT,HL,BOTTOM,1.0,conj_wave_tide,0.1636,17,13,212.46,-0.5,13,88.81192779541016
WMT,HH,TOP,1.0,reg_value_tide,0.0061,7,7,39.52,-0.0,7,99.13157653808594
WMT,HH,TOP,1.0,reg_value_tide,0.2364,7,5,32.96,-0.0,5,99.34024047851562
WMT,LH,TOP,1.0,reg_value_tide,0.1576,7,5,34.45,-0.0,5,98.71427154541016
WMT,HL,BOTTOM,1.0,reg_value_tide,-0.1091,7,5,33.18,-0.3,5,93.6866455078125
WMT,LL,BOTTOM,1.0,reg_value_tide,-0.0,5,5,32.6,-0.2,5,93.64690399169922
WMT,HL,BOTTOM,1.0,reg_value_tide,-0.0,5,5,32.29,-0.0,5,94.48152923583984
WMT,HH,TOP,1.0,vwap_tide,0.3455,9,6,37.41,-0.3,6,103.26496124267578
WMT,LH,TOP,1.0,vwap_tide,0.3455,9,4,28.76,-0.6,4,102.95694732666016
WMT,HL,BOTTOM,1.0,vwap_tide,-0.0182,7,4,29.43,-0.0,4,95.6781997680664
WMT,LL,BOTTOM,1.0,vwap_tide,0.0061,7,4,29.42,-0.0,4,95.65829467773438
WMT,HL,BOTTOM,1.0,vwap_tide,-0.0788,7,4,29.41,-0.0,4,95.68817138671875
WMT,HH,TOP,1.0,vwap_tide,0.0,4,7,68.49,-0.4,7,106.77277374267578
WMT,HH,TOP,1.0,kf_price_pred_val,0.1636,7,5,39.65,-0.4,5,108.5853500366211
WMT,LH,TOP,1.0,vwap_tide,0.1818,7,6,41.31,-0.0,6,106.03579711914062
WMT,HL,BOTTOM,1.0,vwap_tide,0.0,4,4,33.49,-0.3,4,100.97650909423828
WMT,LL,BOTTOM,1.0,vwap_tide,0.0,4,4,33.4,-0.6,4,100.19969177246094
WMT,HL,BOTTOM,1.0,vwap_tide,0.0,4,7,89.69,0.2,7,106.67318725585938
WMT,HH,TOP,1.0,vwap_tide,-0.1455,5,4,37.4,0.4,4,116.5508041381836
WMT,LH,TOP,1.0,vwap_tide,-0.1273,5,4,37.69,0.2,4,115.18360900878906
WMT,HL,BOTTOM,1.0,reg_value_current,0.1515,6,5,43.17,-0.2,5,112.369384765625
WMT,LL,BOTTOM,1.0,reg_value_current,0.1697,6,5,43.05,-0.0,5,110.67286682128906
WMT,HL,BOTTOM,1.0,reg_value_current,0.1758,6,4,39.06,-0.0,4,111.38141632080078
WMT,HH,TOP,1.0,reg_value_current,-0.1333,13,10,92.2,-1.0,10,133.3662872314453
WMT,HH,TOP,1.0,reg_value_current,-0.1576,13,8,74.14,-0.8,8,133.61578369140625
WMT,HL,BOTTOM,1.0,reg_value_current,0.0,7,4,56.29,-0.0,4,120.84199523925781
WMT,LL,BOTTOM,1.0,reg_value_current,0.1273,7,4,56.2,-0.0,4,119.0199966430664
XOM,UNKNOWN,BOTTOM,8.0,kf_rsi_pred_val,-0.1273,1,0,0.0,0.2,0,70.69000244140625
XOM,LL,BOTTOM,9.0,kf_rsi_pred_val,-0.097,1,0,0.0,0.1,0,69.86000061035156
XOM,UNKNOWN,TOP,,,0.0,0,0,0.0,-0.3,0,86.36000061035156
XOM,LH,TOP,,,0.0,0,0,0.0,-0.6,0,85.83999633789062
XOM,HL,BOTTOM,3.0,kf_price_filt_vel,0.0909,3,0,0.0,0.0,0,82.37000274658203
XOM,LL,BOTTOM,4.0,kf_price_filt_vel,0.0545,3,0,0.0,0.0,0,81.82000732421875
XOM,HL,BOTTOM,5.0,kf_price_filt_vel,0.0182,3,0,0.0,0.0,0,83.4800033569336
XOM,HH,TOP,2.0,sigma_tide,0.0606,2,1,4.59,0.1,1,93.44000244140625
XOM,LH,TOP,1.0,sigma_tide,0.0667,2,0,0.0,-0.3,0,90.83999633789062
XOM,HL,BOTTOM,4.0,kf_price_pred_val,-0.103,3,0,0.0,0.4,0,85.17999267578125
XOM,LL,BOTTOM,5.0,kf_price_pred_val,-0.0545,3,0,0.0,-0.3,0,82.08000183105469
XOM,LH,TOP,1.0,kf_conjugation_pred_val,-0.0545,3,3,12.7,-0.4,3,85.69999694824219
XOM,HH,TOP,1.0,kf_price_filt_vel,0.0485,3,1,5.13,-0.4,1,87.89998626708984
XOM,LH,TOP,1.0,kf_price_pred_val,0.0061,3,2,11.65,0.0,2,83.60001373291016
XOM,LL,BOTTOM,4.0,kf_price_filt_vel,0.0061,3,0,0.0,-0.3,0,81.69000244140625
XOM,LL,BOTTOM,5.0,kf_price_filt_vel,-0.0788,3,0,0.0,-0.6,0,80.66999816894531
XOM,HL,BOTTOM,6.0,kf_price_filt_vel,-0.1636,3,3,18.01,0.0,3,84.13999938964844
XOM,HH,TOP,,,0.0,0,0,0.0,0.0,0,94.80000305175781
XOM,HH,TOP,,,0.0,0,0,0.0,0.0,0,95.05000305175781
XOM,LH,TOP,,,0.0,0,0,0.0,0.0,0,92.13999938964844
XOM,LL,BOTTOM,9.0,kf_price_filt_vel,-0.0848,2,0,0.0,-0.6,0,84.11000061035156
XOM,HL,BOTTOM,10.0,kf_price_filt_vel,-0.1091,2,3,17.09,0.0,3,87.82000732421875
XOM,HH,TOP,,,0.0,0,0,0.0,0.0,0,93.66999816894531
XOM,HH,TOP,,,0.0,0,0,0.0,0.0,0,95.0
XOM,LL,BOTTOM,6.0,conj_wave_tide,-0.5455,5,4,20.96,-0.3,4,82.11000061035156
XOM,LL,BOTTOM,1.0,kf_price_pred_val,-0.3212,5,1,4.97,-0.3,1,81.44000244140625
XOM,HL,BOTTOM,1.0,sigma_tide,-0.2061,5,1,4.35,-0.2,1,81.88999938964844
XOM,LH,TOP,10.0,sigma_tide,-0.0545,1,0,0.0,0.0,0,89.12999725341797
XOM,HH,TOP,,,0.0,0,0,0.0,0.0,0,89.88999938964844
XOM,LH,TOP,,,0.0,0,0,0.0,0.0,0,89.38999938964844
XOM,HL,BOTTOM,1.0,vwap_sigma_wave,0.0545,1,0,0.0,-0.6,0,82.46000671386719
XOM,HL,BOTTOM,2.0,vwap_sigma_wave,0.0424,1,3,32.15,0.0,3,86.67999267578125
XOM,HH,TOP,1.0,vwap_sigma_current,0.1273,1,1,4.06,0.0,1,94.2599868774414
XOM,HH,TOP,1.0,vwap_sigma_current,0.1455,1,0,0.0,0.0,0,94.38999938964844
XOM,LH,TOP,2.0,vwap_sigma_current,0.097,1,0,0.0,0.0,0,94.22000122070312
XOM,HL,BOTTOM,,,0.0,0,0,0.0,0.0,0,90.07000732421875
XOM,LL,BOTTOM,,,0.0,0,0,0.0,0.0,0,88.82000732421875
XOM,HL,BOTTOM,,,0.0,0,0,0.0,0.0,0,89.92999267578125
XOM,HH,TOP,,,0.0,0,0,0.0,0.0,0,94.36000061035156
XOM,HH,TOP,,,0.0,0,0,0.0,0.0,0,94.55999755859375
XOM,LH,TOP,,,0.0,0,0,0.0,0.0,0,93.66999816894531
XOM,LL,BOTTOM,1.0,vwap_sigma_wave,0.0606,1,1,4.52,-0.2,1,80.80999755859375
XOM,LL,BOTTOM,1.0,vwap_sigma_current,0.0909,1,1,4.26,0.0,1,80.33000183105469
XOM,HL,BOTTOM,1.0,vwap_sigma_current,0.1091,1,0,0.0,0.0,0,81.53999328613281
XOM,LH,TOP,8.0,vwap_sigma_current,-0.1273,1,0,0.0,0.2,0,80.89998626708984
XOM,HH,TOP,9.0,vwap_sigma_current,-0.097,1,3,16.78,0.3,3,84.37999725341797
XOM,LH,TOP,1.0,kf_price_filt_vel,0.1091,3,0,0.0,-0.3,0,80.42999267578125
XOM,LL,BOTTOM,1.0,vwap_sigma_tide,-0.303,6,1,4.59,0.0,1,76.52999877929688
XOM,HL,BOTTOM,1.0,vwap_sigma_tide,0.0061,1,0,0.0,0.0,0,77.94999694824219
XOM,HH,TOP,7.0,vwap_sigma_tide,-0.0909,1,0,0.0,-0.0,0,80.47000122070312
XOM,HH,TOP,8.0,vwap_sigma_tide,-0.1273,1,0,0.0,-0.1,0,81.17999267578125
XOM,LH,TOP,9.0,vwap_sigma_tide,-0.097,1,0,0.0,-0.5,0,80.0099868774414
XOM,LL,BOTTOM,1.0,vwap_sigma_tide,0.1091,3,0,0.0,0.6,0,76.7699966430664
XOM,LL,BOTTOM,2.0,vwap_sigma_tide,0.0606,3,1,5.48,0.4,1,73.2599868774414
XOM,HL,BOTTOM,1.0,vwap_sigma_tide,0.0667,3,0,0.0,-0.0,0,75.25
XOM,LH,TOP,2.0,vwap_sigma_tide,0.0061,3,0,0.0,-0.4,0,75.55999755859375
XOM,HH,TOP,3.0,vwap_sigma_tide,-0.0545,3,0,0.0,-0.8,0,77.5
XOM,LL,BOTTOM,4.0,vwap_sigma_tide,-0.1152,3,4,22.65,0.0,4,73.25
XOM,HL,BOTTOM,1.0,kf_price_filt_vel,0.0424,4,0,0.0,0.0,0,76.42999267578125
XOM,HH,TOP,7.0,kf_price_filt_vel,-0.0727,4,0,0.0,-0.0,0,78.02999877929688
XOM,HH,TOP,8.0,kf_price_filt_vel,-0.1212,4,0,0.0,-0.3,0,80.66999816894531
XOM,LH,TOP,9.0,kf_price_filt_vel,-0.1697,4,0,0.0,-0.6,0,80.64998626708984
XOM,LL,BOTTOM,10.0,kf_price_filt_vel,-0.2182,4,3,60.2,0.0,3,74.05999755859375
XOM,HL,BOTTOM,1.0,kf_price_filt_vel,0.1636,3,0,0.0,0.0,0,77.66000366210938
XOM,LH,TOP,2.0,kf_price_filt_vel,0.1273,3,0,0.0,0.0,0,78.58000183105469
XOM,LH,TOP,3.0,kf_price_filt_vel,0.0909,3,0,0.0,1.4,0,77.5
XOM,LL,BOTTOM,8.0,kf_price_filt_vel,-0.0909,3,7,132.83,-0.2,7,68.0
XOM,LL,BOTTOM,1.0,kf_price_pred_val,0.2545,7,10,145.5,-0.3,10,62.36000061035156
XOM,LH,TOP,1.0,kf_price_pred_val,0.6788,10,5,244.23,-0.6,5,73.08000183105469
XOM,LH,TOP,1.0,kf_price_filt_vel,0.9091,10,5,50.82,-2.0,5,72.46000671386719
XOM,LL,BOTTOM,1.0,kf_price_filt_vel,0.9152,10,11,161.94,-0.0,11,62.35000991821289
XOM,HL,BOTTOM,1.0,kf_price_filt_vel,1.1879,11,6,71.55,0.1,6,69.44999694824219
XOM,HH,TOP,1.0,wave_slope,0.6848,11,6,103.56,-0.3,6,74.9900131225586
XOM,LH,TOP,1.0,kf_price_pred_val,0.4424,11,1,4.1,-0.8,1,71.5
XOM,LL,BOTTOM,1.0,wave_slope,-0.1455,11,7,149.59,-0.1,7,64.57000732421875
XOM,HL,BOTTOM,1.0,kf_price_filt_vel,-0.4182,11,3,17.99,-0.2,3,70.38999938964844
XOM,LH,TOP,1.0,kf_price_filt_vel,-0.5273,11,0,0.0,-0.3,0,69.03999328613281
XOM,LL,BOTTOM,2.0,kf_price_filt_vel,-0.5515,11,3,14.98,-0.2,3,66.08999633789062
XOM,HL,BOTTOM,1.0,kf_price_pred_val,-0.6242,11,3,122.21,0.1,3,74.86000061035156
XOM,HH,TOP,1.0,kf_price_filt_vel,-0.3697,7,1,5.55,-0.4,1,74.28999328613281
XOM,HH,TOP,1.0,kf_conjugation_pred_val,-0.2424,7,1,4.33,-1.1,1,77.4900131225586
XOM,LH,TOP,1.0,kf_conjugation_pred_val,-0.3879,7,4,22.7,-0.2,4,73.69000244140625
XOM,LL,BOTTOM,1.0,kf_price_filt_vel,0.0303,4,3,41.81,0.5,3,69.96000671386719
XOM,HL,BOTTOM,1.0,kf_price_pred_val,0.1636,4,2,11.86,0.3,2,73.94999694824219
XOM,HH,TOP,1.0,kf_price_filt_vel,0.0424,4,0,0.0,-0.3,0,74.0199966430664
XOM,LH,TOP,2.0,kf_price_filt_vel,-0.0121,4,0,0.0,-0.9,0,72.64998626708984
XOM,LL,BOTTOM,3.0,kf_price_filt_vel,-0.0303,4,3,23.55,-0.2,3,68.92999267578125
XOM,HL,BOTTOM,1.0,kf_price_pred_val,0.0182,4,3,55.67,1.0,3,75.41000366210938
XOM,HH,TOP,2.0,kf_price_filt_vel,-0.0667,4,0,0.0,1.1,0,73.37999725341797
XOM,HH,TOP,3.0,kf_price_filt_vel,-0.2061,4,0,0.0,-0.3,0,76.33000183105469
XOM,LH,TOP,4.0,kf_price_filt_vel,-0.3333,4,2,8.37,-0.5,2,73.41999816894531
XOM,LL,BOTTOM,1.0,kf_price_filt_vel,-0.1394,3,4,64.26,-0.8,4,68.5099868774414
XOM,HL,BOTTOM,1.0,kf_price_pred_val,0.1212,4,3,57.59,-0.4,3,75.80999755859375
XOM,HH,TOP,1.0,kf_price_pred_val,0.3394,5,0,0.0,-0.6,0,78.11000061035156
XOM,HH,TOP,2.0,kf_price_pred_val,0.097,5,3,12.37,-0.3,3,80.88999938964844
XOM,LL,BOTTOM,2.0,current_accel,0.1758,5,3,75.0,0.6,3,74.30999755859375
XOM,HL,BOTTOM,1.0,kf_price_filt_vel,0.1333,5,0,0.0,0.3,0,77.61000061035156
XOM,LH,TOP,5.0,kf_price_filt_vel,-0.1455,3,0,0.0,-0.1,0,79.94999694824219
XOM,HH,TOP,6.0,kf_price_filt_vel,-0.0182,3,2,11.43,-0.1,2,83.13999938964844
XOM,LH,TOP,1.0,current_accel,0.0545,3,0,0.0,-0.8,0,81.05999755859375
XOM,LL,BOTTOM,1.0,kf_price_pred_val,0.1636,3,0,0.0,-0.2,0,74.91000366210938
XOM,HL,BOTTOM,2.0,kf_price_pred_val,0.2303,3,1,4.23,0.0,1,75.10001373291016
XOM,HH,TOP,6.0,geo_phase_angle,-0.2242,3,0,0.0,-0.0,0,81.63999938964844
XOM,HL,BOTTOM,1.0,d_current_slope,0.1636,3,0,0.0,0.2,0,77.91999816894531
XOM,LL,BOTTOM,2.0,d_current_slope,0.103,3,0,0.0,-0.0,0,75.10001373291016
XOM,HL,BOTTOM,3.0,d_current_slope,0.0424,3,0,0.0,-0.2,0,76.66000366210938
XOM,LH,TOP,5.0,geo_phase_angle,0.0061,1,0,0.0,0.2,0,79.77999877929688
XOM,HH,TOP,6.0,geo_phase_angle,-0.0061,1,0,0.0,-0.3,0,80.33999633789062
XOM,LL,BOTTOM,1.0,wave_slope,0.7939,9,8,40.85,-1.4,8,65.67999267578125
XOM,LL,BOTTOM,1.0,wave_slope,0.8788,9,9,49.34,-1.0,9,62.220001220703125
XOM,HL,BOTTOM,1.0,d_current_slope,1.0545,9,5,26.1,-1.0,5,64.02999877929688
XOM,LH,TOP,1.0,vwap_spread_current_wave,0.1636,4,1,4.33,0.0,1,70.16000366210938
XOM,HH,TOP,1.0,vwap_spread_current_wave,0.1455,4,0,0.0,0.0,0,71.2300033569336
XOM,LH,TOP,2.0,vwap_spread_current_wave,0.0182,4,0,0.0,0.0,0,69.9800033569336
XOM,HL,BOTTOM,,,0.0,0,0,0.0,0.0,0,66.2300033569336
XOM,LL,BOTTOM,,,0.0,0,0,0.0,0.0,0,64.75
XOM,HL,BOTTOM,,,0.0,0,0,0.0,0.0,0,65.71000671386719
XOM,HH,TOP,6.0,vwap_sigma_wave,-0.0242,1,0,0.0,0.0,0,73.83999633789062
XOM,HH,TOP,7.0,vwap_sigma_wave,-0.0485,1,0,0.0,0.0,0,74.05000305175781
XOM,LH,TOP,8.0,vwap_sigma_wave,-0.0727,1,0,0.0,0.0,0,73.77999877929688
XOM,HL,BOTTOM,,,0.0,0,0,0.0,0.3,0,65.97000122070312
XOM,LL,BOTTOM,,,0.0,0,0,0.0,-0.0,0,65.12000274658203
XOM,LH,TOP,8.0,kf_price_pred_val,-0.0909,3,0,0.0,-0.1,0,72.75
XOM,LH,TOP,9.0,kf_price_pred_val,-0.1273,3,0,0.0,-0.2,0,71.88999938964844
XOM,HL,BOTTOM,,,0.0,0,0,0.0,0.0,0,66.55000305175781
XOM,LL,BOTTOM,,,0.0,0,0,0.0,0.0,0,66.4900131225586
XOM,HL,BOTTOM,,,0.0,0,0,0.0,0.0,0,68.0
XOM,LH,TOP,,,0.0,0,0,0.0,0.0,0,70.67999267578125
XOM,HH,TOP,,,0.0,0,0,0.0,0.0,0,71.37000274658203
XOM,LH,TOP,,,0.0,0,0,0.0,0.0,0,70.86000061035156
XOM,LL,BOTTOM,,,0.0,0,1,5.22,-0.2,1,67.2699966430664
XOM,LL,BOTTOM,1.0,vwap_sigma_wave,0.0545,1,1,4.85,0.0,1,66.58000183105469
XOM,HH,TOP,,,0.0,0,0,0.0,0.0,0,75.97000122070312
XOM,HH,TOP,,,0.0,0,0,0.0,0.0,0,76.47000122070312
XOM,LL,BOTTOM,6.0,rsi_value,-0.3091,3,0,0.0,0.0,0,64.35001373291016
XOM,HL,BOTTOM,7.0,rsi_value,-0.3091,3,0,0.0,0.0,0,65.19999694824219
XOM,LH,TOP,,,0.0,0,0,0.0,0.0,0,69.28999328613281
XOM,LH,TOP,,,0.0,0,0,0.0,0.2,0,68.2699966430664
XOM,LL,BOTTOM,2.0,kf_price_filt_vel,0.1576,4,1,4.82,0.1,1,59.25
XOM,HL,BOTTOM,1.0,vwap_sigma_tide,-0.0061,4,0,0.0,-0.1,0,60.77000045776367
XOM,LH,TOP,10.0,vwap_sigma_tide,-0.0545,1,0,0.0,0.0,0,63.130001068115234
XOM,LH,TOP,,,0.0,0,0,0.0,0.2,0,61.939998626708984
XOM,LL,BOTTOM,1.0,vwap_sigma_tide,0.097,1,1,4.24,-0.2,1,56.61000061035156
XOM,LL,BOTTOM,1.0,vwap_sigma_tide,0.1273,1,1,4.11,0.0,1,56.570011138916016
XOM,LH,TOP,,,0.0,0,0,0.0,0.0,0,61.939998626708984
XOM,HH,TOP,,,0.0,0,0,0.0,0.0,0,62.720001220703125
XOM,LH,TOP,,,0.0,0,0,0.0,0.0,0,62.720001220703125
XOM,HL,BOTTOM,,,0.0,0,0,0.0,0.0,0,58.90999984741211
XOM,LL,BOTTOM,,,0.0,0,0,0.0,0.0,0,58.47999954223633
XOM,HL,BOTTOM,,,0.0,0,0,0.0,0.0,0,59.79999923706055
XOM,HH,TOP,1.0,tide_accel,0.1455,5,3,14.56,-0.2,3,85.44000244140625
XOM,HH,TOP,1.0,d_tide_slope,0.4242,3,4,19.93,-0.0,4,87.07000732421875
XOM,LH,TOP,1.0,d_tide_slope,0.4485,4,3,14.14,-0.0,3,85.97000122070312
XOM,HL,BOTTOM,1.0,vwap_spread_tide_wave,-0.0788,3,2,9.17,-0.3,2,81.38999938964844
XOM,LL,BOTTOM,1.0,vwap_spread_tide_wave,-0.0242,3,2,9.01,-0.3,2,79.30999755859375
XOM,HL,BOTTOM,1.0,vwap_spread_tide_wave,0.0424,3,2,8.84,-0.2,2,81.16000366210938
XOM,HH,TOP,1.0,vwap_spread_tide_current,0.0,1,1,5.73,-0.0,1,87.33999633789062
XOM,HH,TOP,1.0,vwap_spread_tide_current,0.0,1,1,5.69,-0.0,1,87.9800033569336
XOM,LL,BOTTOM,4.0,sigma_tide,-0.0545,1,1,4.3,-0.3,1,78.44000244140625
XOM,LL,BOTTOM,1.0,sigma_tide,-0.0606,1,1,5.5,-0.2,1,76.77999877929688
XOM,LH,TOP,,,0.0,0,0,0.0,0.0,0,85.0199966430664
XOM,HH,TOP,,,0.0,0,0,0.0,0.0,0,85.22000122070312
XOM,LL,BOTTOM,1.0,kf_price_pred_val,0.9879,10,8,53.58,-1.7,8,71.63999938964844
XOM,LL,BOTTOM,1.0,kf_conjugation_pred_val,1.1455,10,12,91.01,-1.3,12,68.02999877929688
XOM,HL,BOTTOM,1.0,kf_conjugation_pred_val,1.4242,12,9,85.4,0.1,9,71.58000183105469
XOM,LH,TOP,1.0,kf_conjugation_pred_val,1.0909,12,6,50.53,-0.2,6,74.28999328613281
XOM,LH,TOP,1.0,kf_conjugation_pred_val,0.7152,12,5,35.57,-0.1,5,73.5
XOM,LL,BOTTOM,1.0,conj_wave_tide,-0.3939,12,8,50.15,-0.7,8,70.94000244140625
XOM,LL,BOTTOM,1.0,kf_price_filt_vel,-0.3515,12,5,26.76,-0.5,5,69.80000305175781
XOM,HH,TOP,1.0,tide_accel,0.0,2,2,8.34,1.2,2,74.0099868774414
XOM,HH,TOP,1.0,tide_accel,0.0,2,0,0.0,0.9,0,74.55000305175781
XOM,HL,BOTTOM,4.0,tide_accel,-0.2545,2,2,8.37,-1.0,2,71.97000122070312
XOM,LL,BOTTOM,1.0,tide_accel,-0.1818,2,5,30.2,-0.8,5,69.2400131225586
XOM,HL,BOTTOM,1.0,kf_price_pred_val,0.0545,5,2,10.54,-1.0,2,69.30999755859375
XOM,HH,TOP,1.0,current_accel,0.0,2,2,9.59,-0.1,2,81.07000732421875
XOM,HH,TOP,1.0,current_accel,0.0,2,2,10.53,0.1,2,81.87999725341797
XOM,LH,TOP,1.0,current_accel,0.0,2,0,0.0,-0.7,0,81.4800033569336
XOM,HL,BOTTOM,2.0,current_accel,-0.1091,2,3,19.36,-0.4,3,78.08999633789062
XOM,LL,BOTTOM,1.0,kf_price_filt_vel,-0.0303,3,3,15.62,-0.1,3,75.94000244140625
XOM,HL,BOTTOM,1.0,kf_price_pred_val,0.0364,3,0,0.0,-0.4,0,77.37000274658203
XOM,LH,TOP,2.0,kf_price_filt_vel,-0.1333,3,1,4.03,0.0,1,79.35001373291016
XOM,HH,TOP,1.0,geo_phase_angle,-0.1394,3,0,0.0,0.0,0,79.7599868774414
XOM,LH,TOP,2.0,geo_phase_angle,-0.1879,3,0,0.0,0.0,0,77.38999938964844
XOM,LL,BOTTOM,,,0.0,0,1,5.13,-0.0,1,73.89998626708984
XOM,HH,TOP,,,0.0,0,0,0.0,0.0,0,87.02999877929688
XOM,HH,TOP,,,0.0,0,0,0.0,0.0,0,87.4900131225586
XOM,HL,BOTTOM,,,0.0,0,1,4.84,-0.5,1,83.87999725341797
XOM,LL,BOTTOM,1.0,vwap_sigma_wave,0.0545,1,2,11.92,-0.2,2,82.16999816894531
XOM,HL,BOTTOM,1.0,vwap_sigma_current,0.1515,2,1,4.15,0.0,1,82.69999694824219
XOM,LH,TOP,,,0.0,0,0,0.0,0.0,0,86.33999633789062
XOM,HH,TOP,,,0.0,0,0,0.0,0.0,0,87.03999328613281
XOM,LH,TOP,,,0.0,0,0,0.0,0.0,0,86.19999694824219
XOM,LL,BOTTOM,1.0,kf_rsi_pred_val,0.3515,3,3,17.52,-0.6,3,77.83000183105469
XOM,LL,BOTTOM,1.0,kf_rsi_pred_val,0.4182,3,2,13.64,-0.4,2,77.60001373291016
XOM,HL,BOTTOM,1.0,kf_rsi_pred_val,0.3939,3,2,10.95,0.0,2,80.17999267578125
XOM,HH,TOP,,,0.0,0,0,0.0,0.0,0,93.38999938964844
XOM,HH,TOP,,,0.0,0,0,0.0,0.0,0,93.4800033569336
XOM,LH,TOP,,,0.0,0,0,0.0,0.0,0,92.14998626708984
XOM,HL,BOTTOM,,,0.0,0,0,0.0,-0.2,0,86.86000061035156
XOM,LL,BOTTOM,,,0.0,0,1,5.44,0.0,1,85.10001373291016
XOM,LH,TOP,,,0.0,0,0,0.0,0.0,0,91.11000061035156
XOM,HH,TOP,,,0.0,0,0,0.0,0.0,0,91.7599868774414
XOM,LH,TOP,,,0.0,0,0,0.0,0.0,0,90.66999816894531
XOM,HL,BOTTOM,1.0,vwap_sigma_current,0.1091,2,1,4.6,-0.2,1,86.61000061035156
XOM,LL,BOTTOM,1.0,vwap_sigma_current,0.1394,2,1,5.0,0.0,1,86.08000183105469
XOM,HL,BOTTOM,1.0,vwap_sigma_current,0.1576,2,0,0.0,0.0,0,86.62000274658203
XOM,HH,TOP,1.0,vwap_sigma_tide,0.0545,1,0,0.0,-0.2,0,94.83000183105469
XOM,HH,TOP,2.0,vwap_sigma_tide,0.0424,1,1,4.19,0.0,1,95.19999694824219
XOM,LH,TOP,1.0,vwap_sigma_tide,0.0848,1,0,0.0,0.0,0,94.9900131225586
XOM,LL,BOTTOM,,,0.0,0,0,0.0,0.0,0,85.5099868774414
XOM,LL,BOTTOM,,,0.0,0,0,0.0,0.0,0,85.16000366210938
XOM,HL,BOTTOM,,,0.0,0,0,0.0,0.0,0,86.03999328613281
XOM,HH,TOP,1.0,vwap_sigma_tide,0.1333,2,2,11.68,-0.8,2,100.9000015258789
XOM,HH,TOP,1.0,vwap_sigma_tide,0.1697,2,3,16.63,-0.6,3,101.51000213623047
XOM,HL,BOTTOM,2.0,kf_rsi_pred_val,0.1939,2,1,4.32,0.0,1,89.5199966430664
XOM,HL,BOTTOM,1.0,rsi_value,0.1515,2,0,0.0,0.0,0,90.83999633789062
XOM,HH,TOP,,,0.0,0,0,0.0,0.0,0,104.37999725341797
XOM,LH,TOP,,,0.0,0,0,0.0,0.0,0,102.7300033569336
XOM,LL,BOTTOM,1.0,sigma_tide,0.0545,1,1,4.3,-0.2,1,90.55000305175781
XOM,LL,BOTTOM,1.0,sigma_tide,0.097,1,1,4.34,0.0,1,90.22000122070312
XOM,HL,BOTTOM,1.0,sigma_tide,0.1273,1,0,0.0,0.0,0,90.5999984741211
XOM,LH,TOP,,,0.0,0,0,0.0,0.8,0,95.81999969482422
XOM,HH,TOP,,,0.0,0,0,0.0,0.4,0,96.80999755859375
XOM,LL,BOTTOM,1.0,vwap_sigma_current,0.1091,2,2,8.13,-0.5,2,86.9000015258789
XOM,LL,BOTTOM,1.0,vwap_sigma_current,0.1939,2,2,8.15,-0.7,2,86.41000366210938
XOM,HL,BOTTOM,1.0,vwap_sigma_tide,0.2545,2,2,10.08,-0.7,2,89.0199966430664
XOM,LH,TOP,1.0,kf_price_pred_val,0.2788,3,0,0.0,0.0,0,93.33000183105469
XOM,HH,TOP,2.0,kf_price_pred_val,0.1333,3,0,0.0,0.0,0,94.58999633789062
XOM,LH,TOP,3.0,kf_price_pred_val,-0.0121,3,0,0.0,0.0,0,93.77999877929688
XOM,LL,BOTTOM,1.0,vwap_sigma_wave,0.1091,2,0,0.0,-0.0,0,87.58000183105469
XOM,LL,BOTTOM,2.0,vwap_sigma_wave,0.0848,2,0,0.0,-0.3,0,87.41999816894531
XOM,LH,TOP,1.0,geo_phase_angle,0.0,3,0,0.0,0.0,0,92.37000274658203
XOM,HH,TOP,2.0,geo_phase_angle,-0.0485,3,0,0.0,0.0,0,93.37000274658203
XOM,LL,BOTTOM,9.0,rsi_value,-0.0424,1,0,0.0,-0.1,0,84.31999969482422
XOM,LL,BOTTOM,10.0,rsi_value,-0.0545,1,0,0.0,-0.2,0,83.58000183105469
XOM,LH,TOP,,,0.0,0,0,0.0,0.0,0,89.11000061035156
XOM,LH,TOP,,,0.0,0,0,0.0,0.0,0,88.61000061035156
XOM,LL,BOTTOM,1.0,sigma_tide,0.4545,7,6,51.53,-1.5,6,68.72000122070312
XOM,LL,BOTTOM,1.0,sigma_tide,0.6727,7,5,37.32,-0.5,5,68.70999908447266
XOM,HL,BOTTOM,1.0,sigma_tide,0.7636,7,5,59.47,-0.2,5,72.5
XOM,LH,TOP,6.0,current_accel,-0.2848,3,1,5.57,-0.5,1,85.27999877929688
XOM,HH,TOP,1.0,sigma_tide,-0.2303,3,3,17.71,-0.2,3,86.8499984741211
XOM,LH,TOP,1.0,sigma_tide,-0.1212,3,1,5.53,-0.2,1,85.9800033569336
XOM,HL,BOTTOM,2.0,d_current_slope,0.0848,2,0,0.0,-0.0,0,75.69000244140625
XOM,LL,BOTTOM,3.0,d_current_slope,0.0606,2,0,0.0,-0.3,0,74.33999633789062
XOM,LH,TOP,5.0,kf_price_pred_val,-0.0909,3,0,0.0,0.0,0,77.6500015258789
XOM,HH,TOP,6.0,kf_price_pred_val,-0.0182,3,0,0.0,0.0,0,80.19000244140625
XOM,LH,TOP,7.0,kf_price_pred_val,-0.0545,3,0,0.0,0.0,0,79.33000183105469
XOM,LL,BOTTOM,1.0,vwap_sigma_wave,0.0545,1,0,0.0,-0.0,0,73.69000244140625
XOM,HL,BOTTOM,2.0,vwap_sigma_wave,0.0424,1,0,0.0,0.3,0,75.19999694824219
XOM,LH,TOP,3.0,vwap_sigma_wave,0.0303,1,0,0.0,-0.3,0,75.6500015258789
XOM,HH,TOP,4.0,vwap_sigma_wave,0.0182,1,3,25.02,0.4,3,79.12000274658203
XOM,LH,TOP,1.0,kf_price_pred_val,0.1697,3,0,0.0,-0.1,0,77.58000183105469
XOM,HL,BOTTOM,2.0,kf_price_pred_val,0.1212,3,0,0.0,-0.6,0,76.4000015258789
XOM,LL,BOTTOM,3.0,kf_price_pred_val,0.0727,3,3,26.43,-0.2,3,73.18000030517578
XOM,HL,BOTTOM,1.0,kf_price_filt_vel,0.1879,3,0,0.0,-0.4,0,74.0999984741211
XOM,HH,TOP,,,0.0,0,0,0.0,0.0,0,94.94999694824219
XOM,HH,TOP,,,0.0,0,0,0.0,0.0,0,95.12000274658203
XOM,HL,BOTTOM,4.0,vwap_sigma_wave,0.0182,1,0,0.0,0.0,0,83.83000183105469
XOM,LL,BOTTOM,5.0,vwap_sigma_wave,0.0061,1,0,0.0,0.0,0,82.54000091552734
XOM,HL,BOTTOM,6.0,vwap_sigma_wave,-0.0061,1,0,0.0,0.6,0,83.30000305175781
XOM,LH,TOP,8.0,kf_price_pred_val,-0.0909,3,0,0.0,0.0,0,88.44000244140625
XOM,LH,TOP,9.0,kf_price_pred_val,-0.1273,3,0,0.0,0.0,0,87.73999786376953
XOM,HL,BOTTOM,,,0.0,0,0,0.0,0.0,0,83.31999969482422
XOM,HL,BOTTOM,,,0.0,0,0,0.0,0.0,0,83.6500015258789
XOM,HH,TOP,,,0.0,0,1,4.07,-0.6,1,90.9800033569336
XOM,HH,TOP,1.0,vwap_sigma_current,0.0545,1,3,15.7,0.0,3,92.58000183105469
XOM,LH,TOP,1.0,kf_rsi_pred_val,0.2061,3,0,0.0,0.0,0,90.58000183105469
XOM,LL,BOTTOM,1.0,vwap_sigma_wave,0.0545,1,0,0.0,-0.2,0,80.69999694824219
XOM,LL,BOTTOM,2.0,vwap_sigma_wave,0.0424,1,1,6.06,0.0,1,79.5
XOM,LH,TOP,9.0,vwap_sigma_current,-0.0424,1,0,0.0,0.0,0,82.26000213623047
XOM,HH,TOP,10.0,vwap_sigma_current,-0.0545,1,0,0.0,0.0,0,83.48999786376953
XOM,LL,BOTTOM,6.0,vwap_sigma_current,-0.3636,5,0,0.0,0.0,0,76.44999694824219
XOM,LL,BOTTOM,7.0,vwap_sigma_current,-0.4667,5,0,0.0,0.0,0,76.0999984741211
XOM,HL,BOTTOM,8.0,vwap_sigma_current,-0.4909,5,0,0.0,0.0,0,76.33000183105469
XOM,HH,TOP,3.0,vwap_sigma_tide,-0.097,2,0,0.0,0.6,0,87.30000305175781
XOM,HH,TOP,4.0,vwap_sigma_tide,-0.0364,1,0,0.0,0.5,0,89.06999969482422
XOM,LH,TOP,5.0,vwap_sigma_tide,-0.0848,1,3,14.58,0.7,3,84.52999877929688
XOM,LL,BOTTOM,1.0,wave_slope,0.0182,6,5,33.15,-1.5,5,75.75
XOM,LL,BOTTOM,1.0,wave_slope,0.0121,6,6,35.05,-0.7,6,74.88999938964844
XOM,HL,BOTTOM,1.0,wave_slope,-0.0182,6,3,16.14,-0.2,3,75.86000061035156
XOM,LH,TOP,1.0,wave_slope,-0.3879,6,0,0.0,0.0,0,78.83999633789062
XOM,LH,TOP,2.0,wave_slope,-0.5212,6,0,0.0,0.0,0,77.5
XOM,LL,BOTTOM,,,0.0,0,0,0.0,0.0,0,73.69999694824219
XOM,LL,BOTTOM,,,0.0,0,0,0.0,0.0,0,72.80999755859375
XOM,HL,BOTTOM,,,0.0,0,0,0.0,0.0,0,74.61000061035156
XOM,HH,TOP,1.0,current_accel,0.303,2,2,13.23,-0.6,2,79.5
XOM,HH,TOP,1.0,current_accel,0.2909,2,2,14.08,-0.6,2,80.86000061035156
XOM,LH,TOP,1.0,current_accel,0.2545,2,2,9.93,-0.4,2,77.79000091552734
XOM,HL,BOTTOM,2.0,d_current_slope,-0.1091,2,0,0.0,0.0,0,76.80000305175781
XOM,LL,BOTTOM,3.0,d_current_slope,-0.1939,2,0,0.0,0.0,0,76.54000091552734
XOM,HL,BOTTOM,4.0,d_current_slope,-0.2545,2,0,0.0,0.0,0,76.9000015258789
XOM,HH,TOP,,,0.0,0,0,0.0,0.0,0,83.58999633789062
XOM,HH,TOP,,,0.0,0,0,0.0,0.0,0,84.23999786376953
XOM,LH,TOP,,,0.0,0,0,0.0,0.0,0,81.91999816894531
XOM,HL,BOTTOM,,,0.0,0,0,0.0,-0.2,0,78.30999755859375
XOM,LL,BOTTOM,,,0.0,0,1,5.75,0.0,1,76.94000244140625
XOM,HL,BOTTOM,1.0,vwap_sigma_current,0.0545,1,0,0.0,0.0,0,78.0
XOM,HH,TOP,,,0.0,0,2,8.31,-0.2,2,86.5999984741211
XOM,LH,TOP,1.0,rsi_value,0.1091,2,1,4.27,0.0,1,86.5
XOM,LL,BOTTOM,3.0,rsi_value,0.0606,2,2,8.08,0.0,2,77.05000305175781
XOM,HL,BOTTOM,1.0,kf_rsi_pred_val,0.1455,2,0,0.0,0.0,0,78.77999877929688
XOM,LH,TOP,6.0,kf_rsi_pred_val,-0.097,2,0,0.0,0.0,0,81.98999786376953
XOM,HH,TOP,7.0,kf_rsi_pred_val,-0.1455,2,0,0.0,0.0,0,83.02999877929688
XOM,LH,TOP,8.0,kf_rsi_pred_val,-0.0606,2,0,0.0,0.0,0,81.70999908447266
XOM,LL,BOTTOM,,,0.0,0,0,0.0,0.0,0,75.48999786376953
XOM,LH,TOP,,,0.0,0,0,0.0,0.0,0,81.22000122070312
XOM,LH,TOP,,,0.0,0,0,0.0,0.0,0,79.43000030517578
XOM,LL,BOTTOM,1.0,kf_rsi_pred_val,0.7273,7,9,62.5,-0.8,9,65.51000213623047
XOM,HH,TOP,,,0.0,0,0,0.0,0.0,0,82.9000015258789
XOM,HH,TOP,,,0.0,0,0,0.0,0.0,0,83.37999725341797
XOM,LH,TOP,,,0.0,0,0,0.0,0.0,0,81.76000213623047
XOM,HL,BOTTOM,1.0,kf_rsi_pred_val,0.3697,4,3,16.93,-0.7,3,71.97000122070312
XOM,LL,BOTTOM,1.0,kf_rsi_pred_val,0.4242,4,3,19.66,-0.2,3,70.7699966430664
XOM,LH,TOP,,,0.0,0,0,0.0,0.0,0,76.61000061035156
XOM,HH,TOP,,,0.0,0,0,0.0,0.0,0,77.69000244140625
XOM,LL,BOTTOM,7.0,vwap_sigma_current,-0.097,2,0,0.0,0.0,0,67.8499984741211
XOM,LL,BOTTOM,8.0,vwap_sigma_current,-0.1455,2,0,0.0,0.0,0,67.19000244140625
XOM,HL,BOTTOM,9.0,vwap_sigma_current,-0.1939,2,0,0.0,0.0,0,67.68000030517578
XOM,LH,TOP,,,0.0,0,0,0.0,0.0,0,73.7300033569336
XOM,LH,TOP,,,0.0,0,0,0.0,0.0,0,73.16999816894531
XOM,HL,BOTTOM,3.0,vwap_sigma_wave,0.0788,2,0,0.0,0.0,0,68.0199966430664
XOM,LL,BOTTOM,4.0,vwap_sigma_wave,0.0424,2,0,0.0,0.0,0,66.69999694824219
XOM,HL,BOTTOM,5.0,vwap_sigma_wave,0.0061,2,0,0.0,0.0,0,67.44000244140625
XOM,LH,TOP,,,0.0,0,4,18.82,-0.0,4,71.66999816894531
XOM,HH,TOP,1.0,kf_price_pred_val,0.2182,4,1,4.2,-0.0,1,73.08999633789062
XOM,LH,TOP,1.0,kf_price_pred_val,0.2242,4,0,0.0,-0.2,0,71.48999786376953
XOM,LL,BOTTOM,1.0,kf_price_pred_val,0.7212,8,8,51.53,-1.0,8,53.0099983215332
XOM,LL,BOTTOM,1.0,kf_rsi_pred_val,1.0182,8,12,96.24,-0.7,12,49.81999969482422
XOM,HL,BOTTOM,1.0,kf_price_pred_val,1.3818,12,13,90.77,0.8,13,51.439998626708984
XOM,LH,TOP,1.0,kf_price_filt_vel,1.6545,13,12,112.81,2.4,12,53.880001068115234
XOM,LH,TOP,1.0,kf_price_filt_vel,1.7152,13,9,62.39,2.3,9,51.29999923706055
XOM,LL,BOTTOM,1.0,wave_slope,0.9636,18,16,305.58,-0.0,16,34.4900016784668
XOM,HL,BOTTOM,1.0,wave_slope,0.9273,18,17,323.3,-0.2,17,36.810001373291016
XOM,LH,TOP,1.0,wave_slope,0.697,18,19,337.92,0.1,19,33.119998931884766
XOM,LL,BOTTOM,1.0,wave_slope,0.0848,19,18,402.06,-1.1,18,31.450000762939453
XOM,HL,BOTTOM,1.0,wave_slope,0.1818,19,18,494.47,-2.2,18,35.439998626708984
XOM,HH,TOP,1.0,current_slope,-1.1152,18,11,167.69,0.4,11,41.2400016784668
XOM,HH,TOP,1.0,current_slope,-0.9152,18,14,199.81,1.3,14,43.849998474121094
XOM,LH,TOP,1.0,current_slope,-0.4667,17,11,181.09,0.9,11,43.130001068115234
XOM,HL,BOTTOM,1.0,current_slope,0.3697,14,16,183.06,-1.6,16,40.47999954223633
XOM,LL,BOTTOM,1.0,current_slope,0.5212,16,16,147.6,-1.4,16,39.150001525878906
XOM,HL,BOTTOM,1.0,current_slope,0.5879,16,15,201.02,-1.1,15,43.220001220703125
XOM,LL,BOTTOM,1.0,kf_price_filt_vel,0.6485,16,13,110.36,-0.8,13,41.18000030517578
XOM,LL,BOTTOM,1.0,current_slope,0.4182,16,13,106.96,-0.1,13,40.959999084472656
XOM,HL,BOTTOM,1.0,current_slope,0.2727,16,9,87.82,0.4,9,42.130001068115234
XOM,HH,TOP,1.0,current_slope,-0.697,16,9,88.46,-0.1,9,44.970001220703125
XOM,HH,TOP,1.0,current_slope,-0.9394,16,12,114.67,0.1,12,47.459999084472656
XOM,LH,TOP,1.0,d_current_slope,-0.6606,16,9,85.11,-0.4,9,46.470001220703125
XOM,HL,BOTTOM,1.0,current_accel,-0.497,15,12,155.03,0.5,12,43.13999938964844
XOM,LH,TOP,1.0,current_accel,0.1515,12,10,88.24,-0.4,10,44.2400016784668
XOM,HH,TOP,1.0,current_accel,0.1394,12,13,128.75,-0.2,13,46.18000030517578
XOM,HL,BOTTOM,1.0,current_accel,-0.0121,13,9,93.97,-0.9,9,44.119998931884766
XOM,LL,BOTTOM,1.0,d_current_slope,-0.1818,13,12,115.47,-0.4,12,41.93000030517578
XOM,HL,BOTTOM,1.0,current_accel,0.0121,13,9,88.09,-0.3,9,42.29999923706055
XOM,HH,TOP,1.0,kf_price_pred_val,0.7455,14,13,115.17,-0.9,13,54.7400016784668
XOM,LH,TOP,1.0,conj_current_tide,0.8424,14,11,112.12,-0.9,11,53.52000045776367
XOM,HL,BOTTOM,1.0,tide_slope,-0.6424,10,2,13.11,-0.3,2,43.13999938964844
XOM,LL,BOTTOM,1.0,tide_slope,-0.903,10,5,28.21,-0.6,5,41.36000061035156
XOM,HL,BOTTOM,1.0,tide_slope,-0.6303,9,5,28.41,-0.7,5,42.650001525878906
XOM,LH,TOP,1.0,tide_slope,0.0485,6,5,26.02,-0.4,5,42.5
XOM,HH,TOP,1.0,tide_slope,0.0606,6,5,27.76,-0.1,5,44.650001525878906
XOM,LH,TOP,1.0,tide_slope,0.0485,6,3,18.1,-0.2,3,43.61000061035156
XOM,HL,BOTTOM,1.0,tide_slope,-0.0303,5,3,18.56,-0.4,3,44.029998779296875
XOM,LL,BOTTOM,1.0,tide_slope,-0.0909,5,7,40.84,-0.0,7,41.869998931884766
XOM,HL,BOTTOM,1.0,tide_slope,0.0667,7,4,22.92,-0.2,4,42.08000183105469
XOM,HH,TOP,1.0,tide_slope,0.1091,7,5,27.76,-0.0,5,44.5099983215332
XOM,HH,TOP,1.0,tide_slope,0.0727,7,4,23.59,0.2,4,44.970001220703125
XOM,LH,TOP,1.0,tide_slope,-0.0424,7,4,23.65,0.1,4,44.09000015258789
XOM,LL,BOTTOM,1.0,tide_slope,0.3333,9,10,58.91,-0.1,10,33.130001068115234
XOM,LL,BOTTOM,1.0,tide_slope,0.3455,10,13,77.32,0.3,13,32.97999954223633
XOM,LH,TOP,1.0,tide_slope,0.1515,13,10,62.81,-0.6,10,33.5
XOM,HH,TOP,1.0,tide_slope,0.1697,13,12,84.54,0.2,12,35.2599983215332
XOM,LH,TOP,1.0,tide_slope,0.2848,13,9,59.36,0.1,9,34.7400016784668
XOM,HL,BOTTOM,1.0,tide_slope,-0.103,12,10,65.65,-0.5,10,33.70000076293945
XOM,LL,BOTTOM,1.0,tide_slope,-0.1091,12,10,66.11,0.2,10,33.15999984741211
XOM,HL,BOTTOM,1.0,tide_slope,-0.0606,12,12,84.35,0.8,12,34.86000061035156
XOM,LH,TOP,1.0,tide_slope,0.2303,12,9,61.07,0.2,9,34.15999984741211
XOM,LL,BOTTOM,1.0,tide_slope,0.0848,12,9,60.62,-0.9,9,32.81999969482422
XOM,LL,BOTTOM,1.0,tide_slope,0.0121,12,13,80.93,-0.7,13,31.56999969482422
XOM,HL,BOTTOM,1.0,tide_slope,0.1576,13,11,73.12,-0.6,11,32.970001220703125
XOM,HH,TOP,1.0,kf_conjugation_pred_val,0.1818,14,16,131.73,-0.3,16,39.36000061035156
XOM,HH,TOP,1.0,current_accel,0.4667,16,16,186.32,-0.2,16,41.97999954223633
XOM,LH,TOP,1.0,kf_price_pred_val,0.5152,16,13,116.17,-0.9,13,40.810001373291016
XOM,HL,BOTTOM,1.0,conj_wave_tide,0.3333,16,16,137.8,0.2,16,38.130001068115234
XOM,HL,BOTTOM,1.0,kf_price_filt_vel,0.303,16,13,81.08,0.3,13,38.5
XOM,HH,TOP,1.0,d_tide_slope,-0.1818,16,14,98.53,-0.4,14,42.79999923706055
XOM,HH,TOP,1.0,d_tide_slope,-0.0485,16,14,118.96,-1.2,14,44.0099983215332
XOM,LH,TOP,1.0,d_tide_slope,-0.0909,16,15,125.55,-1.4,15,43.79999923706055
XOM,HL,BOTTOM,1.0,d_tide_slope,-0.4,13,9,79.78,-0.2,9,41.599998474121094
XOM,LL,BOTTOM,1.0,d_tide_slope,-0.3515,13,9,75.95,-0.6,9,41.220001220703125
XOM,HH,TOP,1.0,tide_accel,0.0,12,13,117.67,-1.2,13,48.41999816894531
XOM,HH,TOP,1.0,d_tide_slope,0.1939,13,14,139.83,-0.8,14,50.310001373291016
XOM,LH,TOP,1.0,d_tide_slope,0.3939,14,14,143.12,-0.0,14,47.88999938964844
XOM,HL,BOTTOM,1.0,d_tide_slope,-0.703,14,7,73.09,0.3,7,46.060001373291016
XOM,LL,BOTTOM,1.0,d_tide_slope,-0.7394,14,7,65.5,-0.3,7,44.84000015258789
XOM,HH,TOP,1.0,vwap_spread_current_wave,0.8424,15,10,70.54,-1.3,10,61.310001373291016
XOM,HH,TOP,1.0,vwap_spread_current_wave,0.697,15,11,77.82,-0.9,11,61.970001220703125
XOM,HL,BOTTOM,1.0,current_slope,-1.1515,15,5,39.13,-0.2,5,55.90999984741211
XOM,LL,BOTTOM,1.0,current_slope,-1.0424,14,7,47.29,0.1,7,55.220001220703125
XOM,HL,BOTTOM,1.0,current_slope,-0.8364,14,7,46.26,0.7,7,56.34000015258789
XOM,LH,TOP,1.0,vwap_spread_tide_current,0.1818,7,6,29.37,1.2,6,58.11000061035156
XOM,HH,TOP,1.0,vwap_spread_tide_current,0.2606,7,3,16.34,0.7,3,58.939998626708984
XOM,LH,TOP,1.0,vwap_spread_tide_current,0.0303,7,9,395.35,0.7,9,47.26228713989258
XOM,HH,TOP,1.0,vwap_spread_tide_current,0.0,10,3,15.76,0.5,3,52.097496032714844
XOM,LH,TOP,1.0,vwap_spread_tide_current,-0.4242,10,2,11.17,-0.3,2,50.623111724853516
XOM,LL,BOTTOM,1.0,vwap_spread_tide_current,-0.4,9,4,21.83,-0.2,4,49.93619918823242
XOM,LL,BOTTOM,1.0,vwap_spread_tide_current,-0.4182,9,4,21.68,-0.3,4,48.805274963378906
XOM,HL,BOTTOM,1.0,conj_current_tide,-0.2667,7,4,21.73,-0.3,4,49.37491989135742
XOM,HH,TOP,1.0,vwap_tide,-0.1818,4,2,9.47,0.3,2,51.996971130371094
XOM,HH,TOP,1.0,vwap_tide,-0.1455,3,2,9.25,-0.4,2,53.89020538330078
XOM,LH,TOP,1.0,vwap_tide,-0.1515,3,2,9.08,-1.0,2,53.6975212097168
XOM,HL,BOTTOM,1.0,vwap_tide,-0.1455,3,4,17.69,-0.9,4,51.92995834350586
XOM,LL,BOTTOM,1.0,vwap_tide,-0.0182,4,5,22.58,-0.2,5,50.59798812866211
XOM,HH,TOP,1.0,vwap_tide,-0.0303,5,1,4.77,-0.0,1,54.04935836791992
XOM,HH,TOP,1.0,vwap_tide,-0.1212,5,1,4.76,-0.0,1,54.16665267944336
XOM,LL,BOTTOM,1.0,vwap_tide,0.0545,2,6,30.6,-0.7,6,46.36751937866211
XOM,HL,BOTTOM,1.0,kf_price_pred_val,0.3152,6,4,20.78,-1.1,4,46.87852478027344
XOM,LH,TOP,1.0,vwap_tide,0.0303,6,1,4.65,-0.0,1,48.77176284790039
XOM,HH,TOP,1.0,vwap_tide,-0.2,6,1,4.64,-0.0,1,49.366546630859375
XOM,LH,TOP,1.0,vwap_tide,-0.4303,6,1,4.64,-0.0,1,48.22724151611328
XOM,LL,BOTTOM,1.0,vwap_tide,0.0,1,2,10.19,-0.5,2,46.25294876098633
XOM,LL,BOTTOM,1.0,vwap_sigma_wave,0.0545,2,3,13.56,0.1,3,44.8412971496582
XOM,HL,BOTTOM,1.0,kf_price_pred_val,0.1515,3,2,8.75,-0.1,2,44.84980010986328
XOM,HH,TOP,,,0.0,0,0,0.0,0.0,0,55.88792419433594
XOM,HH,TOP,,,0.0,0,0,0.0,0.0,0,56.43217086791992
XOM,LH,TOP,,,0.0,0,0,0.0,0.0,0,55.3204231262207
XOM,HL,BOTTOM,4.0,kf_price_filt_vel,0.0121,4,0,0.0,0.0,0,51.57149124145508
XOM,LL,BOTTOM,5.0,kf_price_filt_vel,-0.0606,4,0,0.0,0.0,0,51.52840042114258
XOM,HL,BOTTOM,6.0,kf_price_filt_vel,-0.1333,4,0,0.0,0.0,0,52.81251907348633
XOM,LH,TOP,,,0.0,0,0,0.0,0.2,0,53.958736419677734
XOM,HH,TOP,,,0.0,0,0,0.0,-0.2,0,54.30347442626953
XOM,LL,BOTTOM,3.0,current_accel,0.097,2,0,0.0,0.0,0,50.98545455932617
XOM,HL,BOTTOM,4.0,current_accel,0.0485,2,0,0.0,0.0,0,52.140296936035156
XOM,HH,TOP,1.0,tide_accel,0.8364,12,14,86.3,-1.1,14,71.00559997558594
XOM,LH,TOP,1.0,d_tide_slope,1.0485,14,11,56.39,-0.2,11,69.16991424560547
XOM,HL,BOTTOM,1.0,d_tide_slope,-0.2606,11,6,46.69,-0.2,6,66.89561462402344
XOM,LL,BOTTOM,1.0,tide_accel,0.0364,7,6,41.28,-0.3,6,66.05039978027344
XOM,HL,BOTTOM,1.0,d_tide_slope,0.0606,7,6,40.68,0.1,6,67.82798767089844
XOM,HH,TOP,1.0,d_tide_slope,-0.0182,7,9,65.25,-0.7,9,75.91438293457031
XOM,HH,TOP,1.0,tide_accel,0.1576,9,8,60.8,0.1,8,76.48948669433594
XOM,LH,TOP,1.0,d_tide_slope,0.2424,9,8,84.4,0.7,8,72.14130401611328
XOM,LL,BOTTOM,1.0,current_slope,0.0121,9,8,63.02,-0.7,8,67.28775024414062
XOM,LL,BOTTOM,1.0,kf_price_pred_val,0.0727,9,7,35.39,-1.0,7,67.03504943847656
XOM,HL,BOTTOM,1.0,current_slope,-0.0121,9,8,46.26,-0.9,8,68.82137298583984
XOM,HH,TOP,1.0,vwap_spread_tide_wave,-0.1636,4,2,10.1,0.2,2,77.16044616699219
XOM,LH,TOP,1.0,vwap_spread_tide_wave,-0.1636,4,2,10.23,0.1,2,76.4720687866211
XOM,HL,BOTTOM,1.0,vwap_spread_tide_wave,-0.1939,4,3,16.56,-0.0,3,71.67947387695312
XOM,HL,BOTTOM,1.0,kf_price_pred_val,-0.0545,4,2,10.21,-0.4,2,71.70562744140625
XOM,HH,TOP,1.0,vwap_spread_tide_current,0.1758,5,3,14.03,0.1,3,76.84676361083984
XOM,HH,TOP,1.0,vwap_spread_tide_current,0.1455,5,4,20.65,-0.0,4,79.9052963256836
XOM,LH,TOP,1.0,kf_price_pred_val,0.1576,5,3,14.37,-0.3,3,78.69406127929688
XOM,HL,BOTTOM,1.0,vwap_spread_tide_wave,0.0121,5,6,80.21,0.5,6,73.59651184082031
XOM,HL,BOTTOM,1.0,kf_price_filt_vel,0.1515,6,3,14.08,0.1,3,74.08448791503906
XOM,HH,TOP,1.0,vwap_spread_tide_wave,0.2303,8,12,67.88,-0.9,12,90.9969253540039
XOM,HH,TOP,1.0,vwap_spread_tide_wave,0.5879,12,9,56.62,-0.8,9,92.07087707519531
XOM,LH,TOP,1.0,vwap_spread_tide_wave,0.5636,12,6,38.35,-1.1,6,90.0813980102539
XOM,HL,BOTTOM,1.0,vwap_spread_tide_wave,-0.3333,12,4,27.53,-0.1,4,80.45088195800781
XOM,LL,BOTTOM,1.0,vwap_spread_tide_wave,-0.4182,12,6,45.55,0.3,6,75.81168365478516
XOM,LH,TOP,1.0,kf_price_pred_val,-0.4788,12,7,63.22,1.0,7,80.53012084960938
XOM,LH,TOP,1.0,kf_price_filt_vel,-0.5515,12,5,33.02,0.3,5,77.3434066772461
XOM,LL,BOTTOM,1.0,tide_slope,-0.2909,9,6,42.09,0.4,6,75.0106201171875
XOM,HL,BOTTOM,1.0,kf_conjugation_pred_val,-0.0909,8,6,49.08,-0.4,6,76.49832153320312
XOM,HH,TOP,1.0,kf_conjugation_pred_val,-0.0545,8,8,62.6,-0.4,8,78.37337493896484
XOM,HH,TOP,1.0,kf_conjugation_pred_val,0.2242,8,9,67.08,-0.0,9,80.54771423339844
XOM,LH,TOP,1.0,kf_conjugation_pred_val,0.4909,9,6,51.32,-0.7,6,77.57229614257812
XOM,LL,BOTTOM,1.0,tide_slope,-0.7515,9,2,12.17,-0.2,2,74.68490600585938
XOM,LL,BOTTOM,1.0,tide_slope,-0.7212,9,3,15.95,-0.0,3,73.18839263916016
XOM,HL,BOTTOM,1.0,tide_slope,-0.7515,9,2,11.79,-0.0,2,74.42081451416016
XOM,HH,TOP,1.0,tide_slope,-0.0545,3,2,11.27,0.7,2,81.55126953125
XOM,HH,TOP,1.0,tide_slope,0.0,2,3,18.81,0.3,3,85.3277587890625
XOM,HL,BOTTOM,1.0,tide_slope,0.0303,3,5,29.79,-0.4,5,80.12516021728516
XOM,LL,BOTTOM,1.0,kf_price_filt_vel,0.1818,5,5,38.35,0.2,5,76.75360107421875
XOM,HL,BOTTOM,1.0,kf_price_pred_val,0.297,5,2,10.67,-0.1,2,77.86279296875
XOM,HH,TOP,1.0,tide_slope,0.1758,3,3,16.99,-0.2,3,88.99227905273438
XOM,LH,TOP,1.0,d_current_slope,0.2424,3,5,23.42,0.4,5,85.60572814941406
XOM,LL,BOTTOM,1.0,kf_price_pred_val,0.2727,6,5,23.48,-0.2,5,74.64614868164062
XOM,HL,BOTTOM,1.0,sigma_tide,0.4303,6,5,22.88,-0.8,5,76.21053314208984
XOM,HH,TOP,1.0,vwap_spread_tide_wave,-0.0909,5,2,12.35,0.2,2,99.43042755126953
XOM,HH,TOP,1.0,vwap_spread_tide_wave,-0.1273,5,2,12.47,-0.0,2,102.30661010742188
XOM,LH,TOP,1.0,vwap_spread_tide_wave,-0.1636,5,3,16.63,-0.0,3,101.7958984375
XOM,HL,BOTTOM,1.0,vwap_spread_tide_wave,-0.0848,4,1,4.97,-0.3,1,93.56153869628906
XOM,LL,BOTTOM,1.0,vwap_spread_tide_wave,-0.1697,4,1,4.59,0.1,1,92.77305603027344
XOM,LH,TOP,1.0,vwap_spread_tide_current,0.0,1,1,4.36,-0.2,1,101.43748474121094
XOM,HH,TOP,1.0,vwap_spread_tide_current,0.0,1,2,8.48,-0.0,2,105.51432800292969
XOM,LH,TOP,1.0,vwap_spread_tide_current,0.0545,2,1,4.27,-0.2,1,103.5879135131836
XOM,HL,BOTTOM,1.0,vwap_spread_tide_current,0.0182,2,1,4.12,-0.2,1,102.80838012695312
XOM,LL,BOTTOM,1.0,vwap_spread_tide_current,0.0061,2,1,4.04,0.0,1,99.5916976928711
XOM,HL,BOTTOM,1.0,vwap_spread_tide_current,-0.0061,2,0,0.0,0.2,0,100.28162384033203
XOM,LH,TOP,5.0,vwap_spread_tide_current,-0.2,2,0,0.0,-0.2,0,102.45892333984375
XOM,HH,TOP,6.0,vwap_spread_tide_current,-0.1515,1,1,5.36,0.6,1,106.77771759033203
XOM,LL,BOTTOM,1.0,kf_price_pred_val,0.0545,1,4,18.02,-1.3,4,91.22063446044922
XOM,LL,BOTTOM,1.0,kf_rsi_pred_val,0.2606,4,5,24.25,-1.0,5,90.14616394042969
XOM,LH,TOP,,,0.0,0,0,0.0,0.4,0,105.48653411865234
XOM,HH,TOP,,,0.0,0,0,0.0,0.1,0,106.84994506835938
XOM,HL,BOTTOM,8.0,conj_wave_tide,-0.297,3,0,0.0,0.0,0,94.75352478027344
XOM,LL,BOTTOM,9.0,conj_wave_tide,-0.2485,3,0,0.0,0.0,0,93.05953979492188
XOM,HL,BOTTOM,10.0,conj_wave_tide,-0.1091,2,0,0.0,0.0,0,94.13423156738281
XOM,LH,TOP,,,0.0,0,0,0.0,0.0,0,96.6751937866211
XOM,HH,TOP,,,0.0,0,0,0.0,0.0,0,98.84275817871094
XOM,LH,TOP,,,0.0,0,0,0.0,0.0,0,98.53309631347656
XOM,LL,BOTTOM,1.0,kf_price_pred_val,0.1091,3,0,0.0,0.0,0,92.33094024658203
XOM,LL,BOTTOM,2.0,kf_price_pred_val,0.0364,3,0,0.0,0.0,0,91.91200256347656
XOM,HL,BOTTOM,3.0,kf_price_pred_val,-0.0364,3,0,0.0,0.0,0,92.5495376586914
XOM,HH,TOP,,,0.0,0,0,0.0,0.0,0,106.88847351074219
XOM,HH,TOP,,,0.0,0,0,0.0,0.4,0,110.36846923828125
XOM,LH,TOP,,,0.0,0,0,0.0,0.6,0,109.69818878173828
XOM,HL,BOTTOM,2.0,kf_price_filt_vel,0.1333,2,0,0.0,-0.2,0,97.77986145019531
XOM,LL,BOTTOM,3.0,kf_price_filt_vel,0.0606,2,0,0.0,-0.4,0,97.76148986816406
XOM,HL,BOTTOM,4.0,kf_price_filt_vel,-0.0121,2,2,8.03,0.0,2,100.8833999633789
XOM,LH,TOP,3.0,kf_price_filt_vel,-0.1697,2,0,0.0,0.0,0,103.71147155761719
XOM,HH,TOP,4.0,kf_price_filt_vel,-0.1333,2,0,0.0,0.0,0,103.77574920654297
XOM,LH,TOP,5.0,kf_price_filt_vel,-0.0727,2,0,0.0,0.0,0,101.99444580078125
XOM,LL,BOTTOM,3.0,vwap_sigma_wave,0.0485,1,0,0.0,0.0,0,92.30823516845703
XOM,LL,BOTTOM,4.0,vwap_sigma_wave,0.0242,1,0,0.0,0.0,0,90.85346221923828
XOM,HL,BOTTOM,5.0,vwap_sigma_wave,0.0,1,0,0.0,0.0,0,91.65959930419922
XOM,LH,TOP,,,0.0,0,0,0.0,0.0,0,94.84710693359375
XOM,HH,TOP,,,0.0,0,0,0.0,0.0,0,95.64399719238281
XOM,LH,TOP,,,0.0,0,0,0.0,0.0,0,94.81005859375
XOM,LL,BOTTOM,,,0.0,0,0,0.0,0.0,0,89.86199951171875
XOM,LL,BOTTOM,,,0.0,0,0,0.0,0.0,0,89.69520568847656
XOM,HL,BOTTOM,,,0.0,0,0,0.0,0.0,0,89.83418273925781
XOM,HH,TOP,1.0,kf_rsi_pred_val,0.3091,4,4,20.84,-1.1,4,113.32933807373047
XOM,HH,TOP,1.0,rsi_value,0.3818,4,5,26.61,-0.6,5,114.28325653076172
XOM,LH,TOP,1.0,rsi_value,0.3515,5,4,19.96,-0.2,4,113.89982604980469
XOM,HL,BOTTOM,1.0,vwap_sigma_current,0.0545,1,1,4.88,0.0,1,102.16301727294922
XOM,HL,BOTTOM,1.0,vwap_sigma_current,0.097,1,0,0.0,0.0,0,103.12467956542969
XOM,LH,TOP,,,0.0,0,0,0.0,0.0,0,112.91720581054688
XOM,LH,TOP,,,0.0,0,0,0.0,0.0,0,111.84325408935547
XOM,HL,BOTTOM,,,0.0,0,0,0.0,0.0,0,105.3235092163086
XOM,LL,BOTTOM,,,0.0,0,0,0.0,0.0,0,104.27806091308594
XOM,HL,BOTTOM,,,0.0,0,0,0.0,0.0,0,105.71317291259766
XOM,HH,TOP,1.0,vwap_sigma_current,0.0545,1,1,4.69,-0.4,1,119.15184783935547
XOM,LH,TOP,1.0,vwap_sigma_current,0.097,1,2,10.0,0.0,2,115.98700714111328
XOM,HL,BOTTOM,,,0.0,0,0,0.0,0.0,0,110.98789978027344
XOM,LL,BOTTOM,,,0.0,0,0,0.0,0.0,0,109.24866485595703
XOM,LH,TOP,,,0.0,0,0,0.0,0.0,0,115.2919692993164
XOM,HH,TOP,,,0.0,0,0,0.0,0.0,0,116.83468627929688
XOM,LH,TOP,,,0.0,0,0,0.0,0.0,0,116.70053100585938
XOM,LL,BOTTOM,1.0,rsi_value,0.2667,3,4,24.33,-0.7,4,101.97283172607422
XOM,LL,BOTTOM,1.0,rsi_value,0.4545,4,4,25.76,-0.7,4,101.1008529663086
XOM,HL,BOTTOM,1.0,rsi_value,0.5394,4,5,27.82,-0.2,5,101.44581604003906
XOM,LH,TOP,,,0.0,0,0,0.0,0.0,0,106.63606262207031
XOM,HH,TOP,,,0.0,0,0,0.0,0.0,0,108.27959442138672
XOM,LH,TOP,,,0.0,0,0,0.0,0.0,0,107.01311492919922
XOM,HL,BOTTOM,,,0.0,0,0,0.0,0.0,0,103.96774291992188
XOM,LL,BOTTOM,,,0.0,0,0,0.0,0.0,0,101.93750762939453
XOM,HL,BOTTOM,,,0.0,0,0,0.0,0.0,0,104.04508972167969
XOM,HH,TOP,3.0,vwap_sigma_current,-0.0182,1,0,0.0,0.8,0,114.97938537597656
XOM,HH,TOP,4.0,vwap_sigma_current,-0.0545,1,0,0.0,0.5,0,115.08573913574219
XOM,LH,TOP,5.0,vwap_sigma_current,-0.0909,1,0,0.0,0.1,0,114.72801971435547
XOM,LL,BOTTOM,1.0,kf_rsi_pred_val,0.3697,4,4,52.85,-0.4,4,102.2855453491211
XOM,LL,BOTTOM,1.0,kf_price_filt_vel,0.497,4,4,21.33,-0.4,4,96.61054229736328
XOM,HL,BOTTOM,1.0,kf_conjugation_pred_val,0.5212,4,5,29.7,-0.0,5,99.71390533447266
XOM,LH,TOP,,,0.0,0,0,0.0,0.0,0,104.87651824951172
XOM,HH,TOP,,,0.0,0,0,0.0,0.0,0,105.94002532958984
XOM,LH,TOP,,,0.0,0,0,0.0,0.0,0,105.55950164794922
XOM,HL,BOTTOM,,,0.0,0,0,0.0,0.0,0,99.81271362304688
XOM,LL,BOTTOM,,,0.0,0,0,0.0,0.0,0,99.35414123535156
XOM,HL,BOTTOM,,,0.0,0,0,0.0,0.0,0,101.73480987548828
XOM,HH,TOP,1.0,kf_conjugation_pred_val,0.0545,1,5,23.29,-0.5,5,111.91120910644531
XOM,HL,BOTTOM,1.0,current_accel,0.2242,5,0,0.0,0.0,0,105.1789779663086
XOM,HL,BOTTOM,2.0,current_accel,0.0182,5,0,0.0,0.0,0,106.58396911621094
XOM,HH,TOP,8.0,current_accel,-0.1455,2,0,0.0,0.0,0,112.13562774658203
XOM,HH,TOP,9.0,current_accel,-0.1939,2,0,0.0,0.2,0,112.62347412109375
XOM,LL,BOTTOM,,,0.0,0,0,0.0,0.0,0,103.25688171386719
XOM,HL,BOTTOM,,,0.0,0,0,0.0,0.0,0,103.54957580566406
XOM,HH,TOP,,,0.0,0,0,0.0,0.0,0,113.82903289794922
XOM,HH,TOP,,,0.0,0,0,0.0,0.0,0,115.4342041015625
XOM,HL,BOTTOM,,,0.0,0,0,0.0,0.0,0,109.90966796875
XOM,LL,BOTTOM,,,0.0,0,0,0.0,0.0,0,108.9544448852539
XOM,HL,BOTTOM,,,0.0,0,0,0.0,0.0,0,110.53006744384766
XOM,HH,TOP,,,0.0,0,1,4.06,0.0,1,124.52996063232422
XOM,LH,TOP,1.0,vwap_sigma_current,0.0545,1,0,0.0,0.0,0,120.24850463867188
XOM,HL,BOTTOM,2.0,vwap_sigma_current,0.0424,1,0,0.0,0.8,0,117.7054443359375
XOM,HL,BOTTOM,3.0,vwap_sigma_current,0.0303,1,0,0.0,1.2,0,122.09618377685547
XOM,HH,TOP,1.0,sigma_tide,0.7273,14,15,87.17,-2.1,15,150.58628845214844
XOM,HH,TOP,1.0,sigma_tide,0.8545,15,17,109.34,-1.0,17,154.52999877929688
XOM,LH,TOP,1.0,sigma_tide,1.0485,17,15,84.32,-0.2,15,149.92999267578125
XOM,HL,BOTTOM,1.0,vwap_wave,0.8848,17,8,51.06,-0.3,8,146.19000244140625
XOM,HL,BOTTOM,1.0,vwap_wave,0.3152,17,10,62.43,-0.4,10,150.67999267578125
XOM,HH,TOP,1.0,reg_value_current,0.0909,11,12,91.88,-0.7,12,171.47000122070312
XOM,LH,TOP,1.0,reg_value_current,0.297,12,9,78.65,-0.6,9,169.66000366210938
XOM,HL,BOTTOM,1.0,reg_value_current,0.0364,10,10,87.85,-0.8,10,151.97999572753906
XOM,LL,BOTTOM,1.0,vwap_wave,0.303,10,11,95.87,-1.4,11,146.44000244140625
XOM,LH,TOP,1.0,reg_value_current,-0.8061,11,5,54.61,0.1,5,153.69000244140625
XOM,HH,TOP,1.0,reg_value_current,-0.6606,11,5,54.68,-0.0,5,154.8800048828125
XOM,LH,TOP,1.0,reg_value_tide,-0.4424,11,8,68.49,0.2,8,148.69000244140625
XOM,HL,BOTTOM,1.0,reg_value_tide,0.0121,8,5,54.13,-0.2,5,146.5800018310547
XOM,LL,BOTTOM,1.0,reg_value_tide,0.0727,8,5,53.78,-0.4,5,144.57000732421875
