ticker,timestamp,tp_type,price,prev_leg_pct,next_leg_pct,prev_duration_days,next_duration_days,classification
AAPL,1992-09-14 13:30:00+00:00,MAX,0.441964,14.45,-12.37,21,25,FIRST_HIGH
AAPL,1992-10-09 13:30:00+00:00,MIN,0.387276,-12.37,34.29,25,41,FIRST_LOW
AAPL,1992-11-19 14:30:00+00:00,MAX,0.520089,34.29,-5.58,41,27,HIGHER_HIGH
AAPL,1992-12-16 14:30:00+00:00,MIN,0.491071,-5.58,18.18,27,29,HIGHER_LOW
AAPL,1993-01-14 14:30:00+00:00,MAX,0.580357,18.18,-18.46,29,33,HIGHER_HIGH
AAPL,1993-02-16 14:30:00+00:00,MIN,0.473214,-18.46,7.55,33,27,LOWER_LOW
AAPL,1993-03-15 14:30:00+00:00,MAX,0.508928,7.55,-17.11,27,30,LOWER_HIGH
AAPL,1993-04-15 13:30:00+00:00,MIN,0.421875,-17.11,24.34,30,35,LOWER_LOW
AAPL,1993-05-20 13:30:00+00:00,MAX,0.524553,24.34,-32.55,35,32,HIGHER_HIGH
AAPL,1993-06-21 13:30:00+00:00,MIN,0.353794,-32.55,5.36,32,3,LOWER_LOW
AAPL,1993-06-24 13:30:00+00:00,MAX,0.372767,5.36,-38.62,3,25,LOWER_HIGH
AAPL,1993-07-19 13:30:00+00:00,MIN,0.228794,-38.62,18.05,25,16,LOWER_LOW
AAPL,1993-08-04 13:30:00+00:00,MAX,0.270089,18.05,-12.4,16,8,LOWER_HIGH
AAPL,1993-08-12 13:30:00+00:00,MIN,0.236607,-12.4,7.55,8,6,HIGHER_LOW
AAPL,1993-08-18 13:30:00+00:00,MAX,0.254464,7.55,-14.91,6,27,LOWER_HIGH
AAPL,1993-09-14 13:30:00+00:00,MIN,0.216518,-14.91,5.15,27,8,LOWER_LOW
AAPL,1993-09-22 13:30:00+00:00,MAX,0.227678,5.15,-11.27,8,16,LOWER_HIGH
AAPL,1993-10-08 13:30:00+00:00,MIN,0.202009,-11.27,44.75,16,25,LOWER_LOW
AAPL,1993-11-02 14:30:00+00:00,MAX,0.29241,44.75,-8.02,25,7,HIGHER_HIGH
AAPL,1993-11-09 14:30:00+00:00,MIN,0.268973,-8.02,12.86,7,7,HIGHER_LOW
AAPL,1993-11-16 14:30:00+00:00,MAX,0.303571,12.86,-16.91,7,24,HIGHER_HIGH
AAPL,1993-12-10 14:30:00+00:00,MIN,0.252232,-16.91,5.31,24,5,LOWER_LOW
AAPL,1993-12-15 14:30:00+00:00,MAX,0.265625,5.31,-8.4,5,8,LOWER_HIGH
AAPL,1993-12-23 14:30:00+00:00,MIN,0.243303,-8.4,23.85,8,13,LOWER_LOW
AAPL,1994-01-05 14:30:00+00:00,MAX,0.301339,23.85,-13.33,13,14,HIGHER_HIGH
AAPL,1994-01-19 14:30:00+00:00,MIN,0.26116,-13.33,19.66,14,5,HIGHER_LOW
AAPL,1994-01-24 14:30:00+00:00,MAX,0.3125,19.66,-6.43,5,7,HIGHER_HIGH
AAPL,1994-01-31 14:30:00+00:00,MIN,0.29241,-6.43,16.41,7,42,HIGHER_LOW
AAPL,1994-03-14 14:30:00+00:00,MAX,0.340401,16.41,-25.9,42,36,HIGHER_HIGH
AAPL,1994-04-20 13:30:00+00:00,MIN,0.252232,-25.9,16.81,36,14,LOWER_LOW
AAPL,1994-05-04 13:30:00+00:00,MAX,0.294643,16.81,-10.98,14,13,LOWER_HIGH
AAPL,1994-05-17 13:30:00+00:00,MIN,0.262277,-10.98,9.36,13,2,HIGHER_LOW
AAPL,1994-05-19 13:30:00+00:00,MAX,0.28683,9.36,-18.68,2,20,LOWER_HIGH
AAPL,1994-06-08 13:30:00+00:00,MIN,0.233259,-18.68,6.46,20,7,LOWER_LOW
AAPL,1994-06-15 13:30:00+00:00,MAX,0.248326,6.46,-9.66,7,8,LOWER_HIGH
AAPL,1994-06-23 13:30:00+00:00,MIN,0.22433,-9.66,18.16,8,20,LOWER_LOW
AAPL,1994-07-13 13:30:00+00:00,MAX,0.265067,18.16,-10.32,20,7,HIGHER_HIGH
AAPL,1994-07-20 13:30:00+00:00,MIN,0.237723,-10.32,36.62,7,58,HIGHER_LOW
AAPL,1994-09-16 13:30:00+00:00,MAX,0.324776,36.62,-8.93,58,17,HIGHER_HIGH
AAPL,1994-10-03 13:30:00+00:00,MIN,0.295759,-8.93,27.17,17,9,HIGHER_LOW
AAPL,1994-10-12 13:30:00+00:00,MAX,0.376116,27.17,-5.64,9,5,HIGHER_HIGH
AAPL,1994-10-17 13:30:00+00:00,MIN,0.35491,-5.64,8.81,5,9,HIGHER_LOW
AAPL,1994-10-26 13:30:00+00:00,MAX,0.38616,8.81,-6.65,9,9,HIGHER_HIGH
AAPL,1994-11-04 14:30:00+00:00,MIN,0.360491,-6.65,5.26,9,10,HIGHER_LOW
AAPL,1994-11-14 14:30:00+00:00,MAX,0.379464,5.26,-15.59,10,24,LOWER_HIGH
AAPL,1994-12-08 14:30:00+00:00,MIN,0.320312,-15.59,30.31,24,34,LOWER_LOW
AAPL,1995-01-11 14:30:00+00:00,MAX,0.41741,30.31,-15.51,34,15,HIGHER_HIGH
AAPL,1995-01-26 14:30:00+00:00,MIN,0.352678,-15.51,10.76,15,15,HIGHER_LOW
AAPL,1995-02-10 14:30:00+00:00,MAX,0.390625,10.76,-12.57,15,17,LOWER_HIGH
AAPL,1995-02-27 14:30:00+00:00,MIN,0.341518,-12.57,5.23,17,4,LOWER_LOW
AAPL,1995-03-03 14:30:00+00:00,MAX,0.359375,5.23,-13.04,4,11,LOWER_HIGH
AAPL,1995-03-14 14:30:00+00:00,MIN,0.3125,-13.04,8.75,11,8,LOWER_LOW
AAPL,1995-03-22 14:30:00+00:00,MAX,0.339843,8.75,-11.0,8,12,LOWER_HIGH
AAPL,1995-04-04 13:30:00+00:00,MIN,0.302455,-11.0,15.13,12,8,LOWER_LOW
AAPL,1995-04-12 13:30:00+00:00,MAX,0.348214,15.13,-6.73,8,7,HIGHER_HIGH
AAPL,1995-04-19 13:30:00+00:00,MIN,0.324776,-6.73,21.31,7,33,HIGHER_LOW
AAPL,1995-05-22 13:30:00+00:00,MAX,0.393973,21.31,-5.81,33,9,HIGHER_HIGH
AAPL,1995-05-31 13:30:00+00:00,MIN,0.371093,-5.81,18.8,9,21,HIGHER_LOW
AAPL,1995-06-21 13:30:00+00:00,MAX,0.440848,18.8,-6.08,21,6,HIGHER_HIGH
AAPL,1995-06-27 13:30:00+00:00,MIN,0.414062,-6.08,5.66,6,20,HIGHER_LOW
AAPL,1995-07-17 13:30:00+00:00,MAX,0.4375,5.66,-10.71,20,4,LOWER_HIGH
AAPL,1995-07-21 13:30:00+00:00,MIN,0.390625,-10.71,7.0,4,6,LOWER_LOW
AAPL,1995-07-27 13:30:00+00:00,MAX,0.417968,7.0,-9.21,6,12,LOWER_HIGH
AAPL,1995-08-08 13:30:00+00:00,MIN,0.379464,-9.21,7.65,12,16,LOWER_LOW
AAPL,1995-08-24 13:30:00+00:00,MAX,0.408482,7.65,-21.58,16,22,LOWER_HIGH
AAPL,1995-09-15 13:30:00+00:00,MIN,0.320312,-21.58,5.23,22,13,LOWER_LOW
AAPL,1995-09-28 13:30:00+00:00,MAX,0.337053,5.23,-8.11,13,12,LOWER_HIGH
AAPL,1995-10-10 13:30:00+00:00,MIN,0.30971,-8.11,7.75,12,8,LOWER_LOW
AAPL,1995-10-18 13:30:00+00:00,MAX,0.333705,7.75,-7.02,8,1,LOWER_HIGH
AAPL,1995-10-19 13:30:00+00:00,MIN,0.310268,-7.02,19.42,1,26,HIGHER_LOW
AAPL,1995-11-14 14:30:00+00:00,MAX,0.370535,19.42,-23.95,26,51,HIGHER_HIGH
AAPL,1996-01-04 14:30:00+00:00,MIN,0.281808,-23.95,9.7,51,4,LOWER_LOW
AAPL,1996-01-08 14:30:00+00:00,MAX,0.309151,9.7,-5.42,4,1,LOWER_HIGH
AAPL,1996-01-09 14:30:00+00:00,MIN,0.29241,-5.42,6.87,1,2,HIGHER_LOW
AAPL,1996-01-11 14:30:00+00:00,MAX,0.3125,6.87,-14.64,2,8,HIGHER_HIGH
AAPL,1996-01-19 14:30:00+00:00,MIN,0.266741,-14.64,7.95,8,5,LOWER_LOW
AAPL,1996-01-24 14:30:00+00:00,MAX,0.287946,7.95,-15.31,5,6,LOWER_HIGH
AAPL,1996-01-30 14:30:00+00:00,MIN,0.243861,-15.31,8.47,6,7,LOWER_LOW
AAPL,1996-02-06 14:30:00+00:00,MAX,0.264509,8.47,-7.17,7,10,LOWER_HIGH
AAPL,1996-02-16 14:30:00+00:00,MIN,0.245535,-7.17,8.64,10,6,HIGHER_LOW
AAPL,1996-02-22 14:30:00+00:00,MAX,0.266741,8.64,-20.08,6,33,HIGHER_HIGH
AAPL,1996-03-26 14:30:00+00:00,MIN,0.213169,-20.08,6.81,33,6,LOWER_LOW
AAPL,1996-04-01 14:30:00+00:00,MAX,0.227678,6.81,-5.39,6,3,LOWER_HIGH
AAPL,1996-04-04 14:30:00+00:00,MIN,0.215402,-5.39,7.77,3,4,HIGHER_LOW
AAPL,1996-04-09 13:30:00+00:00,MAX,0.232143,7.77,-8.65,4,23,HIGHER_HIGH
AAPL,1996-05-02 13:30:00+00:00,MIN,0.212053,-8.65,20.0,23,13,LOWER_LOW
AAPL,1996-05-15 13:30:00+00:00,MAX,0.254464,20.0,-12.72,13,14,HIGHER_HIGH
AAPL,1996-05-29 13:30:00+00:00,MIN,0.222098,-12.72,5.03,14,2,HIGHER_LOW
AAPL,1996-05-31 13:30:00+00:00,MAX,0.233259,5.03,-23.92,2,26,LOWER_HIGH
AAPL,1996-06-26 13:30:00+00:00,MIN,0.177455,-23.92,8.18,26,5,LOWER_LOW
AAPL,1996-07-01 13:30:00+00:00,MAX,0.191964,8.18,-21.51,5,15,LOWER_HIGH
AAPL,1996-07-16 13:30:00+00:00,MIN,0.150669,-21.51,31.85,15,13,LOWER_LOW
AAPL,1996-07-29 13:30:00+00:00,MAX,0.198661,31.85,-5.62,13,7,HIGHER_HIGH
AAPL,1996-08-05 13:30:00+00:00,MIN,0.1875,-5.62,18.45,7,23,HIGHER_LOW
AAPL,1996-08-28 13:30:00+00:00,MAX,0.222098,18.45,-18.09,23,15,HIGHER_HIGH
AAPL,1996-09-12 13:30:00+00:00,MIN,0.181919,-18.09,15.34,15,6,LOWER_LOW
AAPL,1996-09-18 13:30:00+00:00,MAX,0.209821,15.34,-5.59,6,12,LOWER_HIGH
AAPL,1996-09-30 13:30:00+00:00,MIN,0.198102,-5.59,10.99,12,1,HIGHER_LOW
AAPL,1996-10-01 13:30:00+00:00,MAX,0.219866,10.99,-9.14,1,2,HIGHER_HIGH
AAPL,1996-10-03 13:30:00+00:00,MIN,0.199777,-9.14,18.71,2,15,HIGHER_LOW
AAPL,1996-10-18 13:30:00+00:00,MAX,0.237165,18.71,-13.88,15,12,HIGHER_HIGH
AAPL,1996-10-30 14:30:00+00:00,MIN,0.204241,-13.88,14.75,12,9,HIGHER_LOW
AAPL,1996-11-08 14:30:00+00:00,MAX,0.234375,14.75,-15.24,9,41,LOWER_HIGH
AAPL,1996-12-19 14:30:00+00:00,MIN,0.198661,-15.24,5.62,41,1,LOWER_LOW
AAPL,1996-12-20 14:30:00+00:00,MAX,0.209821,5.62,-35.11,1,47,LOWER_HIGH
AAPL,1997-02-05 14:30:00+00:00,MIN,0.136161,-35.11,17.21,47,13,LOWER_LOW
AAPL,1997-02-18 14:30:00+00:00,MAX,0.159598,17.21,-9.79,13,13,LOWER_HIGH
AAPL,1997-03-03 14:30:00+00:00,MIN,0.143973,-9.79,5.43,13,2,HIGHER_LOW
AAPL,1997-03-05 14:30:00+00:00,MAX,0.151786,5.43,-5.15,2,14,LOWER_HIGH
AAPL,1997-03-19 14:30:00+00:00,MIN,0.143973,-5.15,15.5,14,8,LOWER_LOW
AAPL,1997-03-27 14:30:00+00:00,MAX,0.166294,15.5,-6.04,8,5,HIGHER_HIGH
AAPL,1997-04-01 14:30:00+00:00,MIN,0.15625,-6.04,11.43,5,5,HIGHER_LOW
AAPL,1997-04-07 13:30:00+00:00,MAX,0.174107,11.43,-15.38,5,30,HIGHER_HIGH
AAPL,1997-05-07 13:30:00+00:00,MIN,0.147321,-15.38,7.58,30,8,LOWER_LOW
AAPL,1997-05-15 13:30:00+00:00,MAX,0.158482,7.58,-12.68,8,32,LOWER_HIGH
AAPL,1997-06-16 13:30:00+00:00,MIN,0.138393,-12.68,5.44,32,1,LOWER_LOW
AAPL,1997-06-17 13:30:00+00:00,MAX,0.145926,5.44,-20.08,1,15,LOWER_HIGH
AAPL,1997-07-02 13:30:00+00:00,MIN,0.116629,-20.08,33.97,15,15,LOWER_LOW
AAPL,1997-07-17 13:30:00+00:00,MAX,0.15625,33.97,-9.64,15,7,HIGHER_HIGH
AAPL,1997-07-24 13:30:00+00:00,MIN,0.141183,-9.64,84.58,7,14,HIGHER_LOW
AAPL,1997-08-07 13:30:00+00:00,MAX,0.260602,84.58,-24.41,14,5,HIGHER_HIGH
AAPL,1997-08-12 13:30:00+00:00,MIN,0.196986,-24.41,11.62,5,8,HIGHER_LOW
AAPL,1997-08-20 13:30:00+00:00,MAX,0.219866,11.62,-12.69,8,19,LOWER_HIGH
AAPL,1997-09-08 13:30:00+00:00,MIN,0.191964,-12.69,6.69,19,2,LOWER_LOW
AAPL,1997-09-10 13:30:00+00:00,MAX,0.204799,6.69,-6.27,2,5,LOWER_HIGH
AAPL,1997-09-15 13:30:00+00:00,MIN,0.191964,-6.27,6.1,5,7,LOWER_LOW
AAPL,1997-09-22 13:30:00+00:00,MAX,0.203683,6.1,-7.4,7,3,LOWER_HIGH
AAPL,1997-09-25 13:30:00+00:00,MIN,0.188616,-7.4,12.72,3,20,LOWER_LOW
AAPL,1997-10-15 13:30:00+00:00,MAX,0.212611,12.72,-30.45,20,9,HIGHER_HIGH
AAPL,1997-10-24 13:30:00+00:00,MIN,0.147879,-30.45,9.43,9,4,LOWER_LOW
AAPL,1997-10-28 14:30:00+00:00,MAX,0.16183,9.43,-8.97,4,2,LOWER_HIGH
AAPL,1997-10-30 14:30:00+00:00,MIN,0.147321,-8.97,19.7,2,8,LOWER_LOW
AAPL,1997-11-07 14:30:00+00:00,MAX,0.176339,19.7,-34.49,8,46,HIGHER_HIGH
AAPL,1997-12-23 14:30:00+00:00,MIN,0.115513,-34.49,46.38,46,14,LOWER_LOW
AAPL,1998-01-06 14:30:00+00:00,MAX,0.169085,46.38,-7.59,14,1,LOWER_HIGH
AAPL,1998-01-07 14:30:00+00:00,MIN,0.15625,-7.59,12.86,1,7,HIGHER_LOW
AAPL,1998-01-14 14:30:00+00:00,MAX,0.176339,12.86,-10.44,7,19,HIGHER_HIGH
AAPL,1998-02-02 14:30:00+00:00,MIN,0.157924,-10.44,38.16,19,30,HIGHER_LOW
AAPL,1998-03-04 14:30:00+00:00,MAX,0.218192,38.16,-6.91,30,5,HIGHER_HIGH
AAPL,1998-03-09 14:30:00+00:00,MIN,0.203125,-6.91,23.08,5,15,HIGHER_LOW
AAPL,1998-03-24 14:30:00+00:00,MAX,0.25,23.08,-10.71,15,14,HIGHER_HIGH
AAPL,1998-04-08 13:30:00+00:00,MIN,0.223214,-10.71,16.0,14,12,HIGHER_LOW
AAPL,1998-04-20 13:30:00+00:00,MAX,0.258928,16.0,-7.11,12,8,HIGHER_HIGH
AAPL,1998-04-28 13:30:00+00:00,MIN,0.240513,-7.11,14.85,8,13,HIGHER_LOW
AAPL,1998-05-11 13:30:00+00:00,MAX,0.276227,14.85,-15.15,13,21,HIGHER_HIGH
AAPL,1998-06-01 13:30:00+00:00,MIN,0.234375,-15.15,42.86,21,45,LOWER_LOW
AAPL,1998-07-16 13:30:00+00:00,MAX,0.334821,42.86,-10.33,45,12,HIGHER_HIGH
AAPL,1998-07-28 13:30:00+00:00,MIN,0.300223,-10.33,8.55,12,2,HIGHER_LOW
AAPL,1998-07-30 13:30:00+00:00,MAX,0.325893,8.55,-6.34,2,5,LOWER_HIGH
AAPL,1998-08-04 13:30:00+00:00,MIN,0.305245,-6.34,25.78,5,17,HIGHER_LOW
AAPL,1998-08-21 13:30:00+00:00,MAX,0.383928,25.78,-27.47,17,10,HIGHER_HIGH
AAPL,1998-08-31 13:30:00+00:00,MIN,0.27846,-27.47,22.65,10,8,LOWER_LOW
AAPL,1998-09-08 13:30:00+00:00,MAX,0.341518,22.65,-5.88,8,9,LOWER_HIGH
AAPL,1998-09-17 13:30:00+00:00,MIN,0.321428,-5.88,9.72,9,12,HIGHER_LOW
AAPL,1998-09-29 13:30:00+00:00,MAX,0.352678,9.72,-21.99,12,9,HIGHER_HIGH
AAPL,1998-10-08 13:30:00+00:00,MIN,0.275111,-21.99,25.76,9,5,LOWER_LOW
AAPL,1998-10-13 13:30:00+00:00,MAX,0.345982,25.76,-8.39,5,10,LOWER_HIGH
AAPL,1998-10-23 13:30:00+00:00,MIN,0.316964,-8.39,5.46,10,3,HIGHER_LOW
AAPL,1998-10-26 14:30:00+00:00,MAX,0.334263,5.46,-5.84,3,1,LOWER_HIGH
AAPL,1998-10-27 14:30:00+00:00,MIN,0.314732,-5.84,9.75,1,8,LOWER_LOW
AAPL,1998-11-04 14:30:00+00:00,MAX,0.345424,9.75,-13.25,8,7,HIGHER_HIGH
AAPL,1998-11-11 14:30:00+00:00,MIN,0.299665,-13.25,8.01,7,12,LOWER_LOW
AAPL,1998-11-23 14:30:00+00:00,MAX,0.32366,8.01,-11.9,12,7,LOWER_HIGH
AAPL,1998-11-30 14:30:00+00:00,MIN,0.285156,-11.9,12.72,7,2,LOWER_LOW
AAPL,1998-12-02 14:30:00+00:00,MAX,0.321428,12.72,-11.11,2,7,LOWER_HIGH
AAPL,1998-12-09 14:30:00+00:00,MIN,0.285714,-11.11,45.31,7,35,HIGHER_LOW
AAPL,1999-01-13 14:30:00+00:00,MAX,0.415178,45.31,-16.67,35,9,HIGHER_HIGH
AAPL,1999-01-22 14:30:00+00:00,MIN,0.345982,-16.67,6.29,9,7,HIGHER_LOW
AAPL,1999-01-29 14:30:00+00:00,MAX,0.367745,6.29,-11.84,7,7,LOWER_HIGH
AAPL,1999-02-05 14:30:00+00:00,MIN,0.324218,-11.84,9.12,7,6,LOWER_LOW
AAPL,1999-02-11 14:30:00+00:00,MAX,0.353794,9.12,-9.15,6,7,LOWER_HIGH
AAPL,1999-02-18 14:30:00+00:00,MIN,0.321428,-9.15,6.77,7,4,LOWER_LOW
AAPL,1999-02-22 14:30:00+00:00,MAX,0.343192,6.77,-16.26,4,17,LOWER_HIGH
AAPL,1999-03-11 14:30:00+00:00,MIN,0.287388,-16.26,10.29,17,5,LOWER_LOW
AAPL,1999-03-16 14:30:00+00:00,MAX,0.316964,10.29,-7.04,5,7,LOWER_HIGH
AAPL,1999-03-23 14:30:00+00:00,MIN,0.294643,-7.04,15.15,7,13,HIGHER_LOW
AAPL,1999-04-06 13:30:00+00:00,MAX,0.339285,15.15,-10.86,13,13,HIGHER_HIGH
AAPL,1999-04-19 13:30:00+00:00,MIN,0.302455,-10.86,35.06,13,8,HIGHER_LOW
AAPL,1999-04-27 13:30:00+00:00,MAX,0.408482,35.06,-6.01,8,2,HIGHER_HIGH
AAPL,1999-04-29 13:30:00+00:00,MIN,0.383928,-6.01,15.26,2,4,HIGHER_LOW
AAPL,1999-05-03 13:30:00+00:00,MAX,0.442522,15.26,-16.27,4,22,HIGHER_HIGH
AAPL,1999-05-25 13:30:00+00:00,MIN,0.370535,-16.27,17.92,22,13,LOWER_LOW
AAPL,1999-06-07 13:30:00+00:00,MAX,0.436942,17.92,-7.15,13,7,LOWER_HIGH
AAPL,1999-06-14 13:30:00+00:00,MIN,0.405692,-7.15,5.5,7,2,HIGHER_LOW
AAPL,1999-06-16 13:30:00+00:00,MAX,0.428013,5.5,-11.99,2,9,LOWER_HIGH
AAPL,1999-06-25 13:30:00+00:00,MIN,0.376674,-11.99,32.59,9,19,LOWER_LOW
AAPL,1999-07-14 13:30:00+00:00,MAX,0.499441,32.59,-8.94,19,12,HIGHER_HIGH
AAPL,1999-07-26 13:30:00+00:00,MIN,0.454799,-8.94,55.21,12,56,HIGHER_LOW
AAPL,1999-09-20 13:30:00+00:00,MAX,0.705914,55.21,-25.3,56,9,HIGHER_HIGH
AAPL,1999-09-29 13:30:00+00:00,MIN,0.527343,-25.3,15.03,9,6,HIGHER_LOW
AAPL,1999-10-05 13:30:00+00:00,MAX,0.606584,15.03,-5.75,6,8,LOWER_HIGH
AAPL,1999-10-13 13:30:00+00:00,MIN,0.571707,-5.75,16.45,8,2,HIGHER_LOW
AAPL,1999-10-15 13:30:00+00:00,MAX,0.665736,16.45,-8.13,2,4,HIGHER_HIGH
AAPL,1999-10-19 13:30:00+00:00,MIN,0.611607,-8.13,40.69,4,20,HIGHER_LOW
AAPL,1999-11-08 14:30:00+00:00,MAX,0.86049,40.69,-7.2,20,7,HIGHER_HIGH
AAPL,1999-11-15 14:30:00+00:00,MIN,0.798548,-7.2,31.73,7,22,HIGHER_LOW
AAPL,1999-12-07 14:30:00+00:00,MAX,1.051896,31.73,-19.47,22,7,HIGHER_HIGH
AAPL,1999-12-14 14:30:00+00:00,MIN,0.847097,-19.47,9.09,7,9,HIGHER_LOW
AAPL,1999-12-23 14:30:00+00:00,MAX,0.924106,9.09,-5.13,9,5,LOWER_HIGH
AAPL,1999-12-28 14:30:00+00:00,MIN,0.876673,-5.13,14.0,5,6,HIGHER_LOW
AAPL,2000-01-03 14:30:00+00:00,MAX,0.999441,14.0,-22.11,6,9,HIGHER_HIGH
AAPL,2000-01-12 14:30:00+00:00,MIN,0.778459,-22.11,30.18,9,8,LOWER_LOW
AAPL,2000-01-20 14:30:00+00:00,MAX,1.013392,30.18,-6.39,8,4,HIGHER_HIGH
AAPL,2000-01-24 14:30:00+00:00,MIN,0.94866,-6.39,5.65,4,1,HIGHER_LOW
AAPL,2000-01-25 14:30:00+00:00,MAX,1.002231,5.65,-11.97,1,8,LOWER_HIGH
AAPL,2000-02-02 14:30:00+00:00,MIN,0.882254,-11.97,16.26,8,6,LOWER_LOW
AAPL,2000-02-08 14:30:00+00:00,MAX,1.025669,16.26,-5.33,6,3,HIGHER_HIGH
AAPL,2000-02-11 14:30:00+00:00,MIN,0.970981,-5.33,9.43,3,4,HIGHER_LOW
AAPL,2000-02-15 14:30:00+00:00,MAX,1.062499,9.43,-7.25,4,10,HIGHER_HIGH
AAPL,2000-02-25 14:30:00+00:00,MIN,0.98549,-7.25,18.06,10,5,HIGHER_LOW
AAPL,2000-03-01 14:30:00+00:00,MAX,1.163503,18.06,-12.33,5,13,HIGHER_HIGH
AAPL,2000-03-14 14:30:00+00:00,MIN,1.020088,-12.33,26.2,13,8,HIGHER_LOW
AAPL,2000-03-22 14:30:00+00:00,MAX,1.287387,26.2,-12.79,8,8,HIGHER_HIGH
AAPL,2000-03-30 14:30:00+00:00,MIN,1.122767,-12.79,8.0,8,1,HIGHER_LOW
AAPL,2000-03-31 14:30:00+00:00,MAX,1.21261,8.0,-7.82,1,5,LOWER_HIGH
AAPL,2000-04-06 13:30:00+00:00,MIN,1.117744,-7.82,5.24,5,1,LOWER_LOW
AAPL,2000-04-07 13:30:00+00:00,MAX,1.176338,5.24,-17.08,1,5,LOWER_HIGH
AAPL,2000-04-12 13:30:00+00:00,MIN,0.975445,-17.08,16.13,5,6,LOWER_LOW
AAPL,2000-04-18 13:30:00+00:00,MAX,1.132811,16.13,-6.31,6,2,LOWER_HIGH
AAPL,2000-04-20 13:30:00+00:00,MIN,1.061383,-6.31,7.94,2,5,HIGHER_LOW
AAPL,2000-04-25 13:30:00+00:00,MAX,1.145646,7.94,-22.6,5,15,HIGHER_HIGH
AAPL,2000-05-10 13:30:00+00:00,MIN,0.886718,-22.6,8.37,15,2,LOWER_LOW
AAPL,2000-05-12 13:30:00+00:00,MAX,0.960937,8.37,-21.95,2,19,LOWER_HIGH
AAPL,2000-05-31 13:30:00+00:00,MIN,0.749999,-21.95,14.96,19,7,LOWER_LOW
AAPL,2000-06-07 13:30:00+00:00,MAX,0.862164,14.96,-6.34,7,7,LOWER_HIGH
AAPL,2000-06-14 13:30:00+00:00,MIN,0.807477,-6.34,23.01,7,7,HIGHER_LOW
AAPL,2000-06-21 13:30:00+00:00,MAX,0.993303,23.01,-7.08,7,2,HIGHER_HIGH
AAPL,2000-06-23 13:30:00+00:00,MIN,0.92299,-7.08,5.32,2,5,HIGHER_LOW
AAPL,2000-06-28 13:30:00+00:00,MAX,0.972097,5.32,-5.86,5,1,LOWER_HIGH
AAPL,2000-06-29 13:30:00+00:00,MIN,0.915178,-5.86,14.88,1,13,LOWER_LOW
AAPL,2000-07-12 13:30:00+00:00,MAX,1.051338,14.88,-17.3,13,12,HIGHER_HIGH
AAPL,2000-07-24 13:30:00+00:00,MIN,0.869419,-17.3,6.8,12,3,LOWER_LOW
AAPL,2000-07-27 13:30:00+00:00,MAX,0.928571,6.8,-7.09,3,1,LOWER_HIGH
AAPL,2000-07-28 13:30:00+00:00,MIN,0.862722,-7.09,5.17,1,3,LOWER_LOW
AAPL,2000-07-31 13:30:00+00:00,MAX,0.907365,5.17,-8.12,3,15,LOWER_HIGH
AAPL,2000-08-15 13:30:00+00:00,MIN,0.833705,-8.12,35.88,15,17,LOWER_LOW
AAPL,2000-09-01 13:30:00+00:00,MAX,1.132811,35.88,-7.88,17,5,HIGHER_HIGH
AAPL,2000-09-06 13:30:00+00:00,MIN,1.043526,-7.88,6.1,5,1,HIGHER_LOW
AAPL,2000-09-07 13:30:00+00:00,MAX,1.107142,6.1,-10.91,1,8,LOWER_HIGH
AAPL,2000-09-15 13:30:00+00:00,MIN,0.986327,-10.91,10.52,8,5,LOWER_LOW
AAPL,2000-09-20 13:30:00+00:00,MAX,1.090122,10.52,-19.84,5,7,LOWER_HIGH
AAPL,2000-09-27 13:30:00+00:00,MIN,0.873883,-19.84,9.32,7,1,LOWER_LOW
AAPL,2000-09-28 13:30:00+00:00,MAX,0.955356,9.32,-58.29,1,5,LOWER_HIGH
AAPL,2000-10-03 13:30:00+00:00,MIN,0.398437,-58.29,5.88,5,1,LOWER_LOW
AAPL,2000-10-04 13:30:00+00:00,MAX,0.421875,5.88,-16.93,1,7,LOWER_HIGH
AAPL,2000-10-11 13:30:00+00:00,MIN,0.350446,-16.93,12.42,7,2,LOWER_LOW
AAPL,2000-10-13 13:30:00+00:00,MAX,0.393973,12.42,-14.16,2,6,LOWER_HIGH
AAPL,2000-10-19 13:30:00+00:00,MIN,0.338169,-14.16,7.59,6,4,LOWER_LOW
AAPL,2000-10-23 13:30:00+00:00,MAX,0.363839,7.59,-9.2,4,2,LOWER_HIGH
AAPL,2000-10-25 13:30:00+00:00,MIN,0.330357,-9.2,20.61,2,8,LOWER_LOW
AAPL,2000-11-02 14:30:00+00:00,MAX,0.398437,20.61,-14.57,8,8,HIGHER_HIGH
AAPL,2000-11-10 14:30:00+00:00,MIN,0.340401,-14.57,6.23,8,4,HIGHER_LOW
AAPL,2000-11-14 14:30:00+00:00,MAX,0.361607,6.23,-29.32,4,22,LOWER_HIGH
AAPL,2000-12-06 14:30:00+00:00,MIN,0.25558,-29.32,7.42,22,6,LOWER_LOW
AAPL,2000-12-12 14:30:00+00:00,MAX,0.274553,7.42,-8.94,6,7,LOWER_HIGH
AAPL,2000-12-19 14:30:00+00:00,MIN,0.25,-8.94,28.57,7,23,LOWER_LOW
AAPL,2001-01-11 14:30:00+00:00,MAX,0.321428,28.57,-6.6,23,6,HIGHER_HIGH
AAPL,2001-01-17 14:30:00+00:00,MIN,0.300223,-6.6,29.37,6,13,HIGHER_LOW
AAPL,2001-01-30 14:30:00+00:00,MAX,0.388392,29.37,-15.8,13,21,HIGHER_HIGH
AAPL,2001-02-20 14:30:00+00:00,MIN,0.327009,-15.8,6.48,21,6,HIGHER_LOW
AAPL,2001-02-26 14:30:00+00:00,MAX,0.348214,6.48,-6.41,6,2,LOWER_HIGH
AAPL,2001-02-28 14:30:00+00:00,MIN,0.325893,-6.41,17.81,2,6,LOWER_LOW
AAPL,2001-03-06 14:30:00+00:00,MAX,0.383928,17.81,-13.37,6,6,HIGHER_HIGH
AAPL,2001-03-12 14:30:00+00:00,MIN,0.332589,-13.37,23.49,6,11,HIGHER_LOW
AAPL,2001-03-23 14:30:00+00:00,MAX,0.410714,23.49,-5.3,11,3,HIGHER_HIGH
AAPL,2001-03-26 14:30:00+00:00,MIN,0.388928,-5.3,5.0,3,1,HIGHER_LOW
AAPL,2001-03-27 14:30:00+00:00,MAX,0.408392,5.0,-14.74,1,7,LOWER_HIGH
AAPL,2001-04-04 13:30:00+00:00,MIN,0.348214,-14.74,14.97,7,8,LOWER_LOW
AAPL,2001-04-12 13:30:00+00:00,MAX,0.400357,14.97,-9.01,8,5,LOWER_HIGH
AAPL,2001-04-17 13:30:00+00:00,MIN,0.364285,-9.01,26.08,5,2,HIGHER_LOW
AAPL,2001-04-19 13:30:00+00:00,MAX,0.459285,26.08,-6.57,2,5,HIGHER_HIGH
AAPL,2001-04-24 13:30:00+00:00,MIN,0.429107,-6.57,10.65,5,8,HIGHER_LOW
AAPL,2001-05-02 13:30:00+00:00,MAX,0.474821,10.65,-14.07,8,9,HIGHER_HIGH
AAPL,2001-05-11 13:30:00+00:00,MIN,0.408035,-14.07,5.47,9,5,LOWER_LOW
AAPL,2001-05-16 13:30:00+00:00,MAX,0.43036,5.47,-17.93,5,14,LOWER_HIGH
AAPL,2001-05-30 13:30:00+00:00,MIN,0.353214,-17.93,9.5,14,8,LOWER_LOW
AAPL,2001-06-07 13:30:00+00:00,MAX,0.386785,9.5,-8.22,8,7,LOWER_HIGH
AAPL,2001-06-14 13:30:00+00:00,MIN,0.355,-8.22,20.67,7,11,HIGHER_LOW
AAPL,2001-06-25 13:30:00+00:00,MAX,0.428393,20.67,-11.88,11,15,HIGHER_HIGH
AAPL,2001-07-10 13:30:00+00:00,MIN,0.3775,-11.88,18.73,15,7,HIGHER_LOW
AAPL,2001-07-17 13:30:00+00:00,MAX,0.448214,18.73,-26.41,7,8,HIGHER_HIGH
AAPL,2001-07-25 13:30:00+00:00,MIN,0.329821,-26.41,7.31,8,8,LOWER_LOW
AAPL,2001-08-02 13:30:00+00:00,MAX,0.353928,7.31,-10.14,8,21,LOWER_HIGH
AAPL,2001-08-23 13:30:00+00:00,MIN,0.318035,-10.14,6.23,21,4,LOWER_LOW
AAPL,2001-08-27 13:30:00+00:00,MAX,0.337857,6.23,-20.82,4,37,LOWER_HIGH
AAPL,2001-10-03 13:30:00+00:00,MIN,0.2675,-20.82,20.23,37,9,LOWER_LOW
AAPL,2001-10-12 13:30:00+00:00,MAX,0.321607,20.23,-5.66,9,5,LOWER_HIGH
AAPL,2001-10-17 13:30:00+00:00,MIN,0.303393,-5.66,12.95,5,8,HIGHER_LOW
AAPL,2001-10-25 13:30:00+00:00,MAX,0.342678,12.95,-8.49,8,6,HIGHER_HIGH
AAPL,2001-10-31 14:30:00+00:00,MIN,0.313571,-8.49,35.31,6,35,HIGHER_LOW
AAPL,2001-12-05 14:30:00+00:00,MAX,0.424285,35.31,-14.18,35,9,HIGHER_HIGH
AAPL,2001-12-14 14:30:00+00:00,MIN,0.364107,-14.18,16.18,9,21,HIGHER_LOW
AAPL,2002-01-04 14:30:00+00:00,MAX,0.423035,16.18,-12.28,21,12,LOWER_HIGH
AAPL,2002-01-16 14:30:00+00:00,MIN,0.371071,-12.28,22.47,12,20,HIGHER_LOW
AAPL,2002-02-05 14:30:00+00:00,MAX,0.454464,22.47,-15.52,20,16,HIGHER_HIGH
AAPL,2002-02-21 14:30:00+00:00,MIN,0.383928,-15.52,10.74,16,4,HIGHER_LOW
AAPL,2002-02-25 14:30:00+00:00,MAX,0.425178,10.74,-8.86,4,3,LOWER_HIGH
AAPL,2002-02-28 14:30:00+00:00,MIN,0.3875,-8.86,15.48,3,11,HIGHER_LOW
AAPL,2002-03-11 14:30:00+00:00,MAX,0.4475,15.48,-6.82,11,14,HIGHER_HIGH
AAPL,2002-03-25 14:30:00+00:00,MIN,0.416964,-6.82,11.82,14,22,HIGHER_LOW
AAPL,2002-04-17 13:30:00+00:00,MAX,0.46625,11.82,-11.87,22,9,HIGHER_HIGH
AAPL,2002-04-26 13:30:00+00:00,MIN,0.410892,-11.87,5.48,9,4,LOWER_LOW
AAPL,2002-04-30 13:30:00+00:00,MAX,0.433392,5.48,-7.42,4,7,LOWER_HIGH
AAPL,2002-05-07 13:30:00+00:00,MIN,0.40125,-7.42,13.97,7,7,LOWER_LOW
AAPL,2002-05-14 13:30:00+00:00,MAX,0.457321,13.97,-8.4,7,7,HIGHER_HIGH
AAPL,2002-05-21 13:30:00+00:00,MIN,0.418928,-8.4,7.33,7,2,HIGHER_LOW
AAPL,2002-05-23 13:30:00+00:00,MAX,0.449642,7.33,-22.4,2,21,LOWER_HIGH
AAPL,2002-06-13 13:30:00+00:00,MIN,0.348928,-22.4,5.12,21,4,LOWER_LOW
AAPL,2002-06-17 13:30:00+00:00,MAX,0.366785,5.12,-19.43,4,9,LOWER_HIGH
AAPL,2002-06-26 13:30:00+00:00,MIN,0.295535,-19.43,13.23,9,9,LOWER_LOW
AAPL,2002-07-05 13:30:00+00:00,MAX,0.334643,13.23,-7.58,9,5,LOWER_HIGH
AAPL,2002-07-10 13:30:00+00:00,MIN,0.309286,-7.58,5.66,5,1,HIGHER_LOW
AAPL,2002-07-11 13:30:00+00:00,MAX,0.326785,5.66,-20.93,1,12,LOWER_HIGH
AAPL,2002-07-23 13:30:00+00:00,MIN,0.258393,-20.93,5.04,12,1,LOWER_LOW
AAPL,2002-07-24 13:30:00+00:00,MAX,0.271428,5.04,-5.66,1,2,LOWER_HIGH
AAPL,2002-07-26 13:30:00+00:00,MIN,0.256071,-5.66,7.6,2,4,LOWER_LOW
AAPL,2002-07-30 13:30:00+00:00,MAX,0.275535,7.6,-9.33,4,6,HIGHER_HIGH
AAPL,2002-08-05 13:30:00+00:00,MIN,0.249821,-9.33,15.23,6,16,LOWER_LOW
AAPL,2002-08-21 13:30:00+00:00,MAX,0.287857,15.23,-12.84,16,13,HIGHER_HIGH
AAPL,2002-09-03 13:30:00+00:00,MIN,0.250893,-12.84,6.9,13,15,HIGHER_LOW
AAPL,2002-09-18 13:30:00+00:00,MAX,0.268214,6.9,-9.46,15,21,LOWER_HIGH
AAPL,2002-10-09 13:30:00+00:00,MIN,0.242839,-9.46,11.48,21,6,LOWER_LOW
AAPL,2002-10-15 13:30:00+00:00,MAX,0.270714,11.48,-6.93,6,2,HIGHER_HIGH
AAPL,2002-10-17 13:30:00+00:00,MIN,0.251964,-6.93,22.04,2,20,HIGHER_LOW
AAPL,2002-11-06 14:30:00+00:00,MAX,0.3075,22.04,-11.96,20,5,HIGHER_HIGH
AAPL,2002-11-11 14:30:00+00:00,MIN,0.270714,-11.96,7.52,5,3,HIGHER_LOW
AAPL,2002-11-14 14:30:00+00:00,MAX,0.291071,7.52,-6.32,3,5,LOWER_HIGH
AAPL,2002-11-19 14:30:00+00:00,MIN,0.272678,-6.32,7.07,5,2,HIGHER_LOW
AAPL,2002-11-21 14:30:00+00:00,MAX,0.291964,7.07,-10.52,2,14,HIGHER_HIGH
AAPL,2002-12-05 14:30:00+00:00,MIN,0.26125,-10.52,5.88,14,6,LOWER_LOW
AAPL,2002-12-11 14:30:00+00:00,MAX,0.276607,5.88,-9.23,6,16,LOWER_HIGH
AAPL,2002-12-27 14:30:00+00:00,MIN,0.251071,-9.23,5.97,16,7,LOWER_LOW
AAPL,2003-01-03 14:30:00+00:00,MAX,0.266071,5.97,-7.38,7,21,LOWER_HIGH
AAPL,2003-01-24 14:30:00+00:00,MIN,0.246428,-7.38,8.19,21,5,LOWER_LOW
AAPL,2003-01-29 14:30:00+00:00,MAX,0.266607,8.19,-5.22,5,9,HIGHER_HIGH
AAPL,2003-02-07 14:30:00+00:00,MIN,0.252678,-5.22,7.92,9,11,HIGHER_LOW
AAPL,2003-02-18 14:30:00+00:00,MAX,0.272678,7.92,-6.88,11,22,HIGHER_HIGH
AAPL,2003-03-12 14:30:00+00:00,MIN,0.253928,-6.88,5.56,22,5,HIGHER_LOW
AAPL,2003-03-17 14:30:00+00:00,MAX,0.268035,5.56,-12.59,5,30,LOWER_HIGH
AAPL,2003-04-17 13:30:00+00:00,MIN,0.234285,-12.59,43.29,30,29,LOWER_LOW
AAPL,2003-05-16 13:30:00+00:00,MAX,0.335714,43.29,-5.37,29,4,HIGHER_HIGH
AAPL,2003-05-20 13:30:00+00:00,MIN,0.317678,-5.37,6.13,4,7,HIGHER_LOW
AAPL,2003-05-27 13:30:00+00:00,MAX,0.337143,6.13,-11.07,7,13,HIGHER_HIGH
AAPL,2003-06-09 13:30:00+00:00,MIN,0.299821,-11.07,28.29,13,46,LOWER_LOW
AAPL,2003-07-25 13:30:00+00:00,MAX,0.384642,28.29,-8.87,46,12,HIGHER_HIGH
AAPL,2003-08-06 13:30:00+00:00,MIN,0.350535,-8.87,17.68,12,37,HIGHER_LOW
AAPL,2003-09-12 13:30:00+00:00,MAX,0.4125,17.68,-11.56,37,13,HIGHER_HIGH
AAPL,2003-09-25 13:30:00+00:00,MIN,0.364821,-11.56,21.49,13,20,HIGHER_LOW
AAPL,2003-10-15 13:30:00+00:00,MAX,0.443214,21.49,-18.29,20,37,HIGHER_HIGH
AAPL,2003-11-21 14:30:00+00:00,MIN,0.362142,-18.29,7.05,37,10,LOWER_LOW
AAPL,2003-12-01 14:30:00+00:00,MAX,0.387678,7.05,-9.26,10,18,LOWER_HIGH
AAPL,2003-12-19 14:30:00+00:00,MIN,0.351785,-9.26,22.84,18,26,LOWER_LOW
AAPL,2004-01-14 14:30:00+00:00,MAX,0.432142,22.84,-9.96,26,21,HIGHER_HIGH
AAPL,2004-02-04 14:30:00+00:00,MIN,0.389107,-9.96,9.22,21,7,HIGHER_LOW
AAPL,2004-02-11 14:30:00+00:00,MAX,0.425,9.22,-6.76,7,12,LOWER_HIGH
AAPL,2004-02-23 14:30:00+00:00,MIN,0.39625,-6.76,24.74,12,16,HIGHER_LOW
AAPL,2004-03-10 14:30:00+00:00,MAX,0.494285,24.74,-8.63,16,13,HIGHER_HIGH
AAPL,2004-03-23 14:30:00+00:00,MIN,0.451607,-8.63,11.98,13,12,HIGHER_LOW
AAPL,2004-04-05 13:30:00+00:00,MAX,0.505714,11.98,-5.93,12,9,HIGHER_HIGH
AAPL,2004-04-14 13:30:00+00:00,MIN,0.475714,-5.93,9.98,9,1,HIGHER_LOW
AAPL,2004-04-15 13:30:00+00:00,MAX,0.523214,9.98,-12.01,1,15,HIGHER_HIGH
AAPL,2004-04-30 13:30:00+00:00,MIN,0.460357,-12.01,30.72,15,54,LOWER_LOW
AAPL,2004-06-23 13:30:00+00:00,MAX,0.601785,30.72,-13.53,54,19,HIGHER_HIGH
AAPL,2004-07-12 13:30:00+00:00,MIN,0.520357,-13.53,13.01,19,3,HIGHER_LOW
AAPL,2004-07-15 13:30:00+00:00,MAX,0.588035,13.01,-6.77,3,8,LOWER_HIGH
AAPL,2004-07-23 13:30:00+00:00,MIN,0.548214,-6.77,6.32,8,6,HIGHER_LOW
AAPL,2004-07-29 13:30:00+00:00,MAX,0.582857,6.32,-8.76,6,8,LOWER_HIGH
AAPL,2004-08-06 13:30:00+00:00,MIN,0.531785,-8.76,36.47,8,61,LOWER_LOW
AAPL,2004-10-06 13:30:00+00:00,MAX,0.725714,36.47,-5.78,61,6,HIGHER_HIGH
AAPL,2004-10-12 13:30:00+00:00,MIN,0.683749,-5.78,78.74,6,48,HIGHER_LOW
AAPL,2004-11-29 14:30:00+00:00,MAX,1.222142,78.74,-8.42,48,4,HIGHER_HIGH
AAPL,2004-12-03 14:30:00+00:00,MIN,1.119284,-8.42,6.25,4,13,HIGHER_LOW
AAPL,2004-12-16 14:30:00+00:00,MAX,1.189213,6.25,-5.82,13,4,LOWER_HIGH
AAPL,2004-12-20 14:30:00+00:00,MIN,1.119999,-5.82,10.41,4,18,HIGHER_LOW
AAPL,2005-01-07 14:30:00+00:00,MAX,1.236606,10.41,-6.77,18,4,HIGHER_HIGH
AAPL,2005-01-11 14:30:00+00:00,MIN,1.152856,-6.77,39.61,4,36,HIGHER_LOW
AAPL,2005-02-16 14:30:00+00:00,MAX,1.609463,39.61,-5.37,36,6,HIGHER_HIGH
AAPL,2005-02-22 14:30:00+00:00,MIN,1.523034,-5.37,5.19,6,6,HIGHER_LOW
AAPL,2005-02-28 14:30:00+00:00,MAX,1.602141,5.19,-12.28,6,9,LOWER_HIGH
AAPL,2005-03-09 14:30:00+00:00,MIN,1.405356,-12.28,11.05,9,12,LOWER_LOW
AAPL,2005-03-21 14:30:00+00:00,MAX,1.560713,11.05,-6.43,12,11,LOWER_HIGH
AAPL,2005-04-01 14:30:00+00:00,MIN,1.460356,-6.43,6.97,11,6,HIGHER_LOW
AAPL,2005-04-08 13:30:00+00:00,MAX,1.562142,6.97,-19.18,6,7,HIGHER_HIGH
AAPL,2005-04-15 13:30:00+00:00,MIN,1.262499,-19.18,5.35,7,21,LOWER_LOW
AAPL,2005-05-06 13:30:00+00:00,MAX,1.329999,5.35,-8.35,21,6,LOWER_HIGH
AAPL,2005-05-12 13:30:00+00:00,MIN,1.218927,-8.35,19.37,6,14,LOWER_LOW
AAPL,2005-05-26 13:30:00+00:00,MAX,1.454999,19.37,-12.1,14,15,HIGHER_HIGH
AAPL,2005-06-10 13:30:00+00:00,MIN,1.278927,-12.1,8.6,15,13,HIGHER_LOW
AAPL,2005-06-23 13:30:00+00:00,MAX,1.388927,8.6,-6.48,13,6,LOWER_HIGH
AAPL,2005-06-29 13:30:00+00:00,MIN,1.298927,-6.48,48.03,6,89,HIGHER_LOW
AAPL,2005-09-26 13:30:00+00:00,MAX,1.922855,48.03,-5.13,89,2,HIGHER_HIGH
AAPL,2005-09-28 13:30:00+00:00,MIN,1.824284,-5.13,6.58,2,5,HIGHER_LOW
AAPL,2005-10-03 13:30:00+00:00,MAX,1.944284,6.58,-9.53,5,9,HIGHER_HIGH
AAPL,2005-10-12 13:30:00+00:00,MIN,1.758927,-9.53,52.24,9,62,LOWER_LOW
AAPL,2005-12-13 14:30:00+00:00,MAX,2.677854,52.24,-5.16,62,3,HIGHER_HIGH
AAPL,2005-12-16 14:30:00+00:00,MIN,2.53964,-5.16,20.36,3,28,HIGHER_LOW
AAPL,2006-01-13 14:30:00+00:00,MAX,3.056779,20.36,-24.4,28,31,HIGHER_HIGH
AAPL,2006-02-13 14:30:00+00:00,MIN,2.311069,-24.4,10.88,31,10,LOWER_LOW
AAPL,2006-02-23 14:30:00+00:00,MAX,2.562497,10.88,-11.93,10,15,LOWER_HIGH
AAPL,2006-03-10 14:30:00+00:00,MIN,2.256783,-11.93,6.54,15,4,LOWER_LOW
AAPL,2006-03-14 14:30:00+00:00,MAX,2.404284,6.54,-12.79,4,14,LOWER_HIGH
AAPL,2006-03-28 14:30:00+00:00,MIN,2.096784,-12.79,21.34,14,8,LOWER_LOW
AAPL,2006-04-06 13:30:00+00:00,MAX,2.544284,21.34,-9.02,8,11,HIGHER_HIGH
AAPL,2006-04-17 13:30:00+00:00,MIN,2.314676,-9.02,10.92,11,18,HIGHER_LOW
AAPL,2006-05-05 13:30:00+00:00,MAX,2.567497,10.92,-22.08,18,54,HIGHER_HIGH
AAPL,2006-06-28 13:30:00+00:00,MIN,2.000712,-22.08,5.27,54,1,LOWER_LOW
AAPL,2006-06-29 13:30:00+00:00,MAX,2.106069,5.27,-14.07,1,15,LOWER_HIGH
AAPL,2006-07-14 13:30:00+00:00,MIN,1.809641,-14.07,37.34,15,20,LOWER_LOW
AAPL,2006-08-03 13:30:00+00:00,MAX,2.485355,37.34,-8.62,20,6,HIGHER_HIGH
AAPL,2006-08-09 13:30:00+00:00,MIN,2.271069,-8.62,22.05,6,48,HIGHER_LOW
AAPL,2006-09-26 13:30:00+00:00,MAX,2.771783,22.05,-5.64,48,15,HIGHER_HIGH
AAPL,2006-10-11 13:30:00+00:00,MIN,2.615355,-5.64,25.37,15,48,HIGHER_LOW
AAPL,2006-11-28 14:30:00+00:00,MAX,3.278925,25.37,-11.92,48,30,HIGHER_HIGH
AAPL,2006-12-28 14:30:00+00:00,MIN,2.888211,-11.92,20.07,30,19,HIGHER_LOW
AAPL,2007-01-16 14:30:00+00:00,MAX,3.467854,20.07,-14.24,19,24,HIGHER_HIGH
AAPL,2007-02-09 14:30:00+00:00,MIN,2.973926,-14.24,7.49,24,13,HIGHER_LOW
AAPL,2007-02-22 14:30:00+00:00,MAX,3.196782,7.49,-6.23,13,5,LOWER_HIGH
AAPL,2007-02-27 14:30:00+00:00,MIN,2.997497,-6.23,14.2,5,26,HIGHER_LOW
AAPL,2007-03-26 13:30:00+00:00,MAX,3.423211,14.2,-5.85,26,18,HIGHER_HIGH
AAPL,2007-04-13 13:30:00+00:00,MIN,3.222854,-5.85,37.95,18,56,HIGHER_LOW
AAPL,2007-06-08 13:30:00+00:00,MAX,4.446067,37.95,-5.61,56,5,HIGHER_HIGH
AAPL,2007-06-13 13:30:00+00:00,MIN,4.196424,-5.61,22.34,5,37,HIGHER_LOW
AAPL,2007-07-20 13:30:00+00:00,MAX,5.133923,22.34,-6.16,37,4,HIGHER_HIGH
AAPL,2007-07-24 13:30:00+00:00,MIN,4.817491,-6.16,8.24,4,2,HIGHER_LOW
AAPL,2007-07-26 13:30:00+00:00,MAX,5.214281,8.24,-19.83,2,21,HIGHER_HIGH
AAPL,2007-08-16 13:30:00+00:00,MIN,4.180353,-19.83,15.59,21,8,LOWER_LOW
AAPL,2007-08-24 13:30:00+00:00,MAX,4.832138,15.59,-6.27,8,4,LOWER_HIGH
AAPL,2007-08-28 13:30:00+00:00,MIN,4.529282,-6.27,13.67,4,7,HIGHER_LOW
AAPL,2007-09-04 13:30:00+00:00,MAX,5.148566,13.67,-8.59,7,3,HIGHER_HIGH
AAPL,2007-09-07 13:30:00+00:00,MIN,4.706067,-8.59,45.55,3,60,HIGHER_LOW
AAPL,2007-11-06 14:30:00+00:00,MAX,6.849636,45.55,-19.83,60,6,HIGHER_HIGH
AAPL,2007-11-12 14:30:00+00:00,MIN,5.491423,-19.83,26.37,6,25,HIGHER_LOW
AAPL,2007-12-07 14:30:00+00:00,MAX,6.939279,26.37,-5.83,25,11,HIGHER_HIGH
AAPL,2007-12-18 14:30:00+00:00,MIN,6.534993,-5.83,9.21,11,10,HIGHER_LOW
AAPL,2007-12-28 14:30:00+00:00,MAX,7.136779,9.21,-39.33,10,41,HIGHER_HIGH
AAPL,2008-02-07 14:30:00+00:00,MIN,4.329996,-39.33,6.77,41,4,LOWER_LOW
AAPL,2008-02-11 14:30:00+00:00,MAX,4.62321,6.77,-7.96,4,15,LOWER_HIGH
AAPL,2008-02-26 14:30:00+00:00,MIN,4.255353,-7.96,9.03,15,2,LOWER_LOW
AAPL,2008-02-28 14:30:00+00:00,MAX,4.639638,9.03,-7.87,2,10,HIGHER_HIGH
AAPL,2008-03-10 13:30:00+00:00,MIN,4.274639,-7.87,30.24,10,28,HIGHER_LOW
AAPL,2008-04-07 13:30:00+00:00,MAX,5.567494,30.24,-5.61,28,4,HIGHER_HIGH
AAPL,2008-04-11 13:30:00+00:00,MIN,5.254995,-5.61,29.1,4,32,HIGHER_LOW
AAPL,2008-05-13 13:30:00+00:00,MAX,6.784279,29.1,-6.8,32,9,HIGHER_HIGH
AAPL,2008-05-22 13:30:00+00:00,MIN,6.323208,-6.8,6.99,9,14,HIGHER_LOW
AAPL,2008-06-05 13:30:00+00:00,MAX,6.76535,6.99,-9.01,14,8,LOWER_HIGH
AAPL,2008-06-13 13:30:00+00:00,MIN,6.156065,-9.01,5.26,8,4,LOWER_LOW
AAPL,2008-06-17 13:30:00+00:00,MAX,6.479636,5.26,-7.71,4,13,LOWER_HIGH
AAPL,2008-06-30 13:30:00+00:00,MIN,5.979994,-7.71,7.23,13,8,LOWER_LOW
AAPL,2008-07-08 13:30:00+00:00,MAX,6.412494,7.23,-14.66,8,27,LOWER_HIGH
AAPL,2008-08-04 13:30:00+00:00,MIN,5.472495,-14.66,17.03,27,10,LOWER_LOW
AAPL,2008-08-14 13:30:00+00:00,MAX,6.40428,17.03,-28.71,10,34,LOWER_HIGH
AAPL,2008-09-17 13:30:00+00:00,MIN,4.565353,-28.71,10.23,34,2,LOWER_LOW
AAPL,2008-09-19 13:30:00+00:00,MAX,5.032495,10.23,-25.3,2,10,LOWER_HIGH
AAPL,2008-09-29 13:30:00+00:00,MIN,3.759282,-25.3,7.98,10,1,LOWER_LOW
AAPL,2008-09-30 13:30:00+00:00,MAX,4.059282,7.98,-21.93,1,9,LOWER_HIGH
AAPL,2008-10-09 13:30:00+00:00,MIN,3.169283,-21.93,24.25,9,4,LOWER_LOW
AAPL,2008-10-13 13:30:00+00:00,MAX,3.937853,24.25,-17.02,4,8,LOWER_HIGH
AAPL,2008-10-21 13:30:00+00:00,MIN,3.267497,-17.02,7.37,8,2,HIGHER_LOW
AAPL,2008-10-23 13:30:00+00:00,MAX,3.508211,7.37,-6.25,2,4,LOWER_HIGH
AAPL,2008-10-27 13:30:00+00:00,MIN,3.288925,-6.25,20.58,4,3,HIGHER_LOW
AAPL,2008-10-30 13:30:00+00:00,MAX,3.96571,20.58,-18.84,3,13,HIGHER_HIGH
AAPL,2008-11-12 14:30:00+00:00,MIN,3.218568,-18.84,7.01,13,1,LOWER_LOW
AAPL,2008-11-13 14:30:00+00:00,MAX,3.444282,7.01,-16.54,1,7,LOWER_HIGH
AAPL,2008-11-20 14:30:00+00:00,MIN,2.87464,-16.54,18.03,7,6,LOWER_LOW
AAPL,2008-11-26 14:30:00+00:00,MAX,3.392854,18.03,-6.39,6,5,LOWER_HIGH
AAPL,2008-12-01 14:30:00+00:00,MIN,3.176068,-6.39,12.52,5,8,HIGHER_LOW
AAPL,2008-12-09 14:30:00+00:00,MAX,3.573568,12.52,-15.01,8,15,HIGHER_HIGH
AAPL,2008-12-24 14:30:00+00:00,MIN,3.037139,-15.01,11.22,15,12,LOWER_LOW
AAPL,2009-01-05 14:30:00+00:00,MAX,3.377854,11.22,-17.32,12,15,LOWER_HIGH
AAPL,2009-01-20 14:30:00+00:00,MIN,2.792854,-17.32,31.09,15,20,LOWER_LOW
AAPL,2009-02-09 14:30:00+00:00,MAX,3.661067,31.09,-18.92,20,27,HIGHER_HIGH
AAPL,2009-03-09 13:30:00+00:00,MIN,2.968211,-18.92,59.68,27,57,HIGHER_LOW
AAPL,2009-05-05 13:30:00+00:00,MAX,4.739638,59.68,-9.96,57,8,HIGHER_HIGH
AAPL,2009-05-13 13:30:00+00:00,MIN,4.267496,-9.96,21.07,8,23,HIGHER_LOW
AAPL,2009-06-05 13:30:00+00:00,MAX,5.166781,21.07,-7.37,23,18,HIGHER_HIGH
AAPL,2009-06-23 13:30:00+00:00,MIN,4.786066,-7.37,6.58,18,8,HIGHER_LOW
AAPL,2009-07-01 13:30:00+00:00,MAX,5.101066,6.58,-5.2,8,6,LOWER_HIGH
AAPL,2009-07-07 13:30:00+00:00,MIN,4.835709,-5.2,24.39,6,37,HIGHER_LOW
AAPL,2009-08-13 13:30:00+00:00,MAX,6.014994,24.39,-5.24,37,4,HIGHER_HIGH
AAPL,2009-08-17 13:30:00+00:00,MIN,5.699637,-5.24,28.58,4,66,HIGHER_LOW
AAPL,2009-10-22 13:30:00+00:00,MAX,7.328564,28.58,-8.14,66,8,HIGHER_HIGH
AAPL,2009-10-30 13:30:00+00:00,MIN,6.732136,-8.14,9.81,8,18,HIGHER_LOW
AAPL,2009-11-17 14:30:00+00:00,MAX,7.39285,9.81,-8.72,18,20,HIGHER_HIGH
AAPL,2009-12-07 14:30:00+00:00,MIN,6.748208,-8.72,13.81,20,43,HIGHER_LOW
AAPL,2010-01-19 14:30:00+00:00,MAX,7.679992,13.81,-8.04,43,3,HIGHER_HIGH
AAPL,2010-01-22 14:30:00+00:00,MIN,7.062493,-8.04,5.12,3,5,HIGHER_LOW
AAPL,2010-01-27 14:30:00+00:00,MAX,7.424421,5.12,-7.62,5,8,LOWER_HIGH
AAPL,2010-02-04 14:30:00+00:00,MIN,6.858922,-7.62,41.02,8,77,LOWER_LOW
AAPL,2010-04-23 13:30:00+00:00,MAX,9.672493,41.02,-12.91,77,14,HIGHER_HIGH
AAPL,2010-05-07 13:30:00+00:00,MIN,8.423563,-12.91,11.12,14,5,HIGHER_LOW
AAPL,2010-05-12 13:30:00+00:00,MAX,9.360351,11.12,-9.28,5,8,LOWER_HIGH
AAPL,2010-05-20 13:30:00+00:00,MIN,8.49142,-9.28,11.02,8,13,HIGHER_LOW
AAPL,2010-06-02 13:30:00+00:00,MAX,9.426775,11.02,-7.86,13,7,HIGHER_HIGH
AAPL,2010-06-09 13:30:00+00:00,MIN,8.685706,-7.86,12.69,7,9,HIGHER_LOW
AAPL,2010-06-18 13:30:00+00:00,MAX,9.788346,12.69,-9.9,9,14,HIGHER_HIGH
AAPL,2010-07-02 13:30:00+00:00,MIN,8.819277,-9.9,5.13,14,7,HIGHER_LOW
AAPL,2010-07-09 13:30:00+00:00,MAX,9.272138,5.13,-5.41,7,10,LOWER_HIGH
AAPL,2010-07-19 13:30:00+00:00,MIN,8.770706,-5.41,7.53,10,8,LOWER_LOW
AAPL,2010-07-27 13:30:00+00:00,MAX,9.431422,7.53,-9.14,8,28,HIGHER_HIGH
AAPL,2010-08-24 13:30:00+00:00,MIN,8.56892,-9.14,32.54,28,55,LOWER_LOW
AAPL,2010-10-18 13:30:00+00:00,MAX,11.357132,32.54,-5.35,55,11,HIGHER_HIGH
AAPL,2010-10-29 13:30:00+00:00,MIN,10.749274,-5.35,5.86,11,10,HIGHER_LOW
AAPL,2010-11-08 14:30:00+00:00,MAX,11.379279,5.86,-5.69,10,9,HIGHER_HIGH
AAPL,2010-11-17 14:30:00+00:00,MIN,10.732132,-5.69,15.97,9,58,LOWER_LOW
AAPL,2011-01-14 14:30:00+00:00,MAX,12.445701,15.97,-6.24,58,7,HIGHER_HIGH
AAPL,2011-01-21 14:30:00+00:00,MIN,11.668559,-6.24,11.14,7,26,HIGHER_LOW
AAPL,2011-02-16 14:30:00+00:00,MAX,12.968911,11.14,-6.75,26,6,HIGHER_HIGH
AAPL,2011-02-22 14:30:00+00:00,MIN,12.093206,-6.75,6.32,6,10,HIGHER_LOW
AAPL,2011-03-04 14:30:00+00:00,MAX,12.85713,6.32,-8.33,10,11,LOWER_HIGH
AAPL,2011-03-16 13:30:00+00:00,MIN,11.78606,-8.33,6.52,11,9,LOWER_LOW
AAPL,2011-03-25 13:30:00+00:00,MAX,12.554989,6.52,-6.85,9,21,LOWER_HIGH
AAPL,2011-04-15 13:30:00+00:00,MIN,11.694987,-6.85,7.8,21,10,LOWER_LOW
AAPL,2011-04-25 13:30:00+00:00,MAX,12.607453,7.8,-10.68,10,56,HIGHER_HIGH
AAPL,2011-06-20 13:30:00+00:00,MIN,11.26142,-10.68,27.94,56,36,LOWER_LOW
AAPL,2011-07-26 13:30:00+00:00,MAX,14.407482,27.94,-12.44,36,13,HIGHER_HIGH
AAPL,2011-08-08 13:30:00+00:00,MIN,12.614629,-12.44,8.55,13,7,HIGHER_LOW
AAPL,2011-08-15 13:30:00+00:00,MAX,13.693197,8.55,-7.14,7,4,LOWER_HIGH
AAPL,2011-08-19 13:30:00+00:00,MIN,12.715345,-7.14,16.13,4,32,HIGHER_LOW
AAPL,2011-09-20 13:30:00+00:00,MAX,14.766055,16.13,-10.56,32,17,HIGHER_HIGH
AAPL,2011-10-07 13:30:00+00:00,MIN,13.207131,-10.56,14.18,17,11,HIGHER_LOW
AAPL,2011-10-18 13:30:00+00:00,MAX,15.079985,14.18,-13.89,11,38,HIGHER_HIGH
AAPL,2011-11-25 14:30:00+00:00,MIN,12.984632,-13.89,75.0,38,135,LOWER_LOW
AAPL,2012-04-09 13:30:00+00:00,MAX,22.722477,75.0,-8.82,135,7,HIGHER_HIGH
AAPL,2012-04-16 13:30:00+00:00,MIN,20.718904,-8.82,5.1,7,1,HIGHER_LOW
AAPL,2012-04-17 13:30:00+00:00,MAX,21.774976,5.1,-8.11,1,7,LOWER_HIGH
AAPL,2012-04-24 13:30:00+00:00,MIN,20.009981,-8.11,8.87,7,1,LOWER_LOW
AAPL,2012-04-25 13:30:00+00:00,MAX,21.785693,8.87,-13.1,1,22,HIGHER_HIGH
AAPL,2012-05-17 13:30:00+00:00,MIN,18.932842,-13.1,15.88,22,63,LOWER_LOW
AAPL,2012-07-19 13:30:00+00:00,MAX,21.939981,15.88,-6.42,63,7,HIGHER_HIGH
AAPL,2012-07-26 13:30:00+00:00,MIN,20.531404,-6.42,22.13,7,55,HIGHER_LOW
AAPL,2012-09-19 13:30:00+00:00,MAX,25.074978,22.13,-25.14,55,57,HIGHER_HIGH
AAPL,2012-11-15 14:30:00+00:00,MIN,18.772128,-25.14,12.16,57,11,LOWER_LOW
AAPL,2012-11-26 14:30:00+00:00,MAX,21.054623,12.16,-13.56,11,32,LOWER_HIGH
AAPL,2012-12-28 14:30:00+00:00,MIN,18.199593,-13.56,7.74,32,5,LOWER_LOW
AAPL,2013-01-02 14:30:00+00:00,MAX,19.608196,7.74,-11.49,5,13,LOWER_HIGH
AAPL,2013-01-15 14:30:00+00:00,MIN,17.354266,-11.49,5.78,13,8,LOWER_LOW
AAPL,2013-01-23 14:30:00+00:00,MAX,18.357299,5.78,-14.42,8,2,LOWER_HIGH
AAPL,2013-01-25 14:30:00+00:00,MIN,15.70998,-14.42,9.1,2,17,LOWER_LOW
AAPL,2013-02-11 14:30:00+00:00,MAX,17.140338,9.1,-12.48,17,21,LOWER_HIGH
AAPL,2013-03-04 14:30:00+00:00,MIN,15.001772,-12.48,10.36,21,20,LOWER_LOW
AAPL,2013-03-25 13:30:00+00:00,MAX,16.556415,10.36,-15.76,20,25,LOWER_HIGH
AAPL,2013-04-19 13:30:00+00:00,MIN,13.947487,-15.76,18.77,25,19,LOWER_LOW
AAPL,2013-05-08 13:30:00+00:00,MAX,16.565701,18.77,-7.54,19,7,HIGHER_HIGH
AAPL,2013-05-15 13:30:00+00:00,MIN,15.31606,-7.54,5.3,7,15,HIGHER_LOW
AAPL,2013-05-30 13:30:00+00:00,MAX,16.127844,5.3,-12.8,15,28,LOWER_HIGH
AAPL,2013-06-27 13:30:00+00:00,MIN,14.063558,-12.8,28.94,28,53,LOWER_LOW
AAPL,2013-08-19 13:30:00+00:00,MAX,18.133553,28.94,-11.35,53,28,HIGHER_HIGH
AAPL,2013-09-16 13:30:00+00:00,MIN,16.075702,-11.35,26.65,28,98,HIGHER_LOW
AAPL,2013-12-23 14:30:00+00:00,MAX,20.360337,26.65,-12.33,98,38,HIGHER_HIGH
AAPL,2014-01-30 14:30:00+00:00,MIN,17.849339,-12.33,9.25,38,19,HIGHER_LOW
AAPL,2014-02-18 14:30:00+00:00,MAX,19.499623,9.25,-5.25,19,8,LOWER_HIGH
AAPL,2014-02-26 14:30:00+00:00,MIN,18.476767,-5.25,39.77,8,187,HIGHER_LOW
AAPL,2014-09-02 13:30:00+00:00,MAX,25.825,39.77,-6.82,187,44,HIGHER_HIGH
AAPL,2014-10-16 13:30:00+00:00,MIN,24.065,-6.82,23.62,44,41,HIGHER_LOW
AAPL,2014-11-26 14:30:00+00:00,MAX,29.75,23.62,-10.3,41,20,HIGHER_HIGH
AAPL,2014-12-16 14:30:00+00:00,MIN,26.68625,-10.3,6.79,20,10,HIGHER_LOW
AAPL,2014-12-26 14:30:00+00:00,MAX,28.4975,6.79,-6.79,10,10,LOWER_HIGH
AAPL,2015-01-05 14:30:00+00:00,MIN,26.5625,-6.79,5.42,10,4,LOWER_LOW
AAPL,2015-01-09 14:30:00+00:00,MAX,28.0025,5.42,-5.37,4,7,LOWER_HIGH
AAPL,2015-01-16 14:30:00+00:00,MIN,26.4975,-5.37,25.48,7,38,LOWER_LOW
AAPL,2015-02-23 14:30:00+00:00,MAX,33.25,25.48,-8.09,38,15,HIGHER_HIGH
AAPL,2015-03-11 13:30:00+00:00,MIN,30.56,-8.09,8.52,15,47,HIGHER_LOW
AAPL,2015-04-27 13:30:00+00:00,MAX,33.1625,8.52,-5.76,47,9,LOWER_HIGH
AAPL,2015-05-06 13:30:00+00:00,MIN,31.2525,-5.76,6.02,9,16,HIGHER_LOW
AAPL,2015-05-22 13:30:00+00:00,MAX,33.135,6.02,-9.41,16,48,LOWER_HIGH
AAPL,2015-07-09 13:30:00+00:00,MIN,30.0175,-9.41,9.99,48,11,LOWER_LOW
AAPL,2015-07-20 13:30:00+00:00,MAX,33.0175,9.99,-21.92,11,35,LOWER_HIGH
AAPL,2015-08-24 13:30:00+00:00,MIN,25.78,-21.92,12.89,35,23,LOWER_LOW
AAPL,2015-09-16 13:30:00+00:00,MAX,29.1025,12.89,-6.31,23,13,LOWER_HIGH
AAPL,2015-09-29 13:30:00+00:00,MIN,27.265,-6.31,12.39,13,35,HIGHER_LOW
AAPL,2015-11-03 14:30:00+00:00,MAX,30.6425,12.39,-8.35,35,10,HIGHER_HIGH
AAPL,2015-11-13 14:30:00+00:00,MIN,28.085,-8.35,6.2,10,7,HIGHER_LOW
AAPL,2015-11-20 14:30:00+00:00,MAX,29.825,6.2,-19.28,7,62,LOWER_HIGH
AAPL,2016-01-21 14:30:00+00:00,MIN,24.075,-19.28,5.32,62,1,LOWER_LOW
AAPL,2016-01-22 14:30:00+00:00,MAX,25.355,5.32,-7.89,1,5,LOWER_HIGH
AAPL,2016-01-27 14:30:00+00:00,MIN,23.355,-7.89,20.0,5,77,LOWER_LOW
AAPL,2016-04-14 13:30:00+00:00,MAX,28.025,20.0,-19.41,77,28,HIGHER_HIGH
AAPL,2016-05-12 13:30:00+00:00,MIN,22.585,-19.41,11.15,28,14,LOWER_LOW
AAPL,2016-05-26 13:30:00+00:00,MAX,25.1025,11.15,-8.34,14,32,LOWER_HIGH
AAPL,2016-06-27 13:30:00+00:00,MIN,23.01,-8.34,18.95,32,49,HIGHER_LOW
AAPL,2016-08-15 13:30:00+00:00,MAX,27.37,18.95,-5.8,49,25,HIGHER_HIGH
AAPL,2016-09-09 13:30:00+00:00,MIN,25.7825,-5.8,14.66,25,46,HIGHER_LOW
AAPL,2016-10-25 13:30:00+00:00,MAX,29.5625,14.66,-10.6,46,20,HIGHER_HIGH
AAPL,2016-11-14 14:30:00+00:00,MIN,26.4275,-10.6,47.67,20,178,HIGHER_LOW
AAPL,2017-05-12 13:30:00+00:00,MAX,39.025,47.67,-8.86,178,35,HIGHER_HIGH
AAPL,2017-06-16 13:30:00+00:00,MIN,35.5675,-8.86,15.31,35,77,HIGHER_LOW
AAPL,2017-09-01 13:30:00+00:00,MAX,41.0125,15.31,-8.23,77,24,HIGHER_HIGH
AAPL,2017-09-25 13:30:00+00:00,MIN,37.6375,-8.23,19.07,24,115,HIGHER_LOW
AAPL,2018-01-18 14:30:00+00:00,MAX,44.815,19.07,-13.45,115,21,HIGHER_HIGH
AAPL,2018-02-08 14:30:00+00:00,MIN,38.7875,-13.45,17.13,21,31,HIGHER_LOW
AAPL,2018-03-12 13:30:00+00:00,MAX,45.43,17.13,-9.23,31,11,HIGHER_HIGH
AAPL,2018-03-23 13:30:00+00:00,MIN,41.235,-9.23,8.06,11,25,HIGHER_LOW
AAPL,2018-04-17 13:30:00+00:00,MAX,44.56,8.06,-8.93,25,10,LOWER_HIGH
AAPL,2018-04-27 13:30:00+00:00,MIN,40.58,-8.93,19.5,10,40,LOWER_LOW
AAPL,2018-06-06 13:30:00+00:00,MAX,48.495,19.5,-6.09,40,19,HIGHER_HIGH
AAPL,2018-06-25 13:30:00+00:00,MIN,45.5425,-6.09,27.39,19,100,HIGHER_LOW
AAPL,2018-10-03 13:30:00+00:00,MAX,58.0175,27.39,-25.76,100,51,HIGHER_HIGH
AAPL,2018-11-23 14:30:00+00:00,MIN,43.0725,-25.76,7.27,51,10,LOWER_LOW
AAPL,2018-12-03 14:30:00+00:00,MAX,46.205,7.27,-20.56,10,21,LOWER_HIGH
AAPL,2018-12-24 14:30:00+00:00,MIN,36.7075,-20.56,7.55,21,9,LOWER_LOW
AAPL,2019-01-02 14:30:00+00:00,MAX,39.48,7.55,-9.96,9,1,LOWER_HIGH
AAPL,2019-01-03 14:30:00+00:00,MIN,35.5475,-9.96,48.92,1,119,LOWER_LOW
AAPL,2019-05-03 13:30:00+00:00,MAX,52.9375,48.92,-18.16,119,31,HIGHER_HIGH
AAPL,2019-06-03 13:30:00+00:00,MIN,43.325,-18.16,22.93,31,58,HIGHER_LOW
AAPL,2019-07-31 13:30:00+00:00,MAX,53.26,22.93,-9.25,58,5,HIGHER_HIGH
AAPL,2019-08-05 13:30:00+00:00,MIN,48.335,-9.25,69.24,5,191,HIGHER_LOW
AAPL,2020-02-12 14:30:00+00:00,MAX,81.8,69.24,-16.45,191,16,HIGHER_HIGH
AAPL,2020-02-28 14:30:00+00:00,MIN,68.34,-16.45,10.75,16,5,HIGHER_LOW
AAPL,2020-03-04 14:30:00+00:00,MAX,75.685,10.75,-12.08,5,4,LOWER_HIGH
AAPL,2020-03-09 13:30:00+00:00,MIN,66.5425,-12.08,7.2,4,1,LOWER_LOW
AAPL,2020-03-10 13:30:00+00:00,MAX,71.335,7.2,-13.01,1,2,LOWER_HIGH
AAPL,2020-03-12 13:30:00+00:00,MIN,62.0575,-13.01,11.98,2,1,LOWER_LOW
AAPL,2020-03-13 13:30:00+00:00,MAX,69.4925,11.98,-19.28,1,10,LOWER_HIGH
AAPL,2020-03-23 13:30:00+00:00,MIN,56.0925,-19.28,15.18,10,3,LOWER_LOW
AAPL,2020-03-26 13:30:00+00:00,MAX,64.61,15.18,-6.78,3,6,LOWER_HIGH
AAPL,2020-04-01 13:30:00+00:00,MIN,60.2275,-6.78,19.15,6,13,HIGHER_LOW
AAPL,2020-04-14 13:30:00+00:00,MAX,71.7625,19.15,-6.51,13,7,HIGHER_HIGH
AAPL,2020-04-21 13:30:00+00:00,MIN,67.0925,-6.51,46.6,7,90,HIGHER_LOW
AAPL,2020-07-20 13:30:00+00:00,MAX,98.3575,46.6,-5.84,90,4,HIGHER_HIGH
AAPL,2020-07-24 13:30:00+00:00,MIN,92.615,-5.84,44.88,4,39,HIGHER_LOW
AAPL,2020-09-01 13:30:00+00:00,MAX,134.18,44.88,-20.38,39,17,HIGHER_HIGH
AAPL,2020-09-18 13:30:00+00:00,MIN,106.84,-20.38,16.44,17,24,HIGHER_LOW
AAPL,2020-10-12 13:30:00+00:00,MAX,124.4,16.44,-12.56,24,21,LOWER_HIGH
AAPL,2020-11-02 14:30:00+00:00,MIN,108.77,-12.56,10.6,21,14,HIGHER_LOW
AAPL,2020-11-16 14:30:00+00:00,MAX,120.3,10.6,-5.36,14,7,LOWER_HIGH
AAPL,2020-11-23 14:30:00+00:00,MIN,113.85,-5.36,20.06,7,35,HIGHER_LOW
AAPL,2020-12-28 14:30:00+00:00,MAX,136.69,20.06,-7.38,35,9,HIGHER_HIGH
AAPL,2021-01-06 14:30:00+00:00,MIN,126.6,-7.38,13.08,9,20,HIGHER_LOW
AAPL,2021-01-26 14:30:00+00:00,MAX,143.16,13.08,-15.49,20,30,HIGHER_HIGH
AAPL,2021-02-25 14:30:00+00:00,MIN,120.99,-15.49,5.62,30,4,LOWER_LOW
AAPL,2021-03-01 14:30:00+00:00,MAX,127.79,5.62,-8.94,4,7,LOWER_HIGH
AAPL,2021-03-08 14:30:00+00:00,MIN,116.36,-8.94,15.88,7,41,LOWER_LOW
AAPL,2021-04-19 13:30:00+00:00,MAX,134.84,15.88,-11.17,41,22,HIGHER_HIGH
AAPL,2021-05-12 00:00:00+00:00,MIN,119.78055572509766,-11.17,27.82,22,118,HIGHER_LOW
AAPL,2021-09-07 00:00:00+00:00,MAX,153.10365295410156,27.82,-11.2,118,27,HIGHER_HIGH
AAPL,2021-10-04 00:00:00+00:00,MIN,135.95533752441406,-11.2,29.16,27,67,HIGHER_LOW
AAPL,2021-12-10 00:00:00+00:00,MAX,175.5986328125,29.16,-5.41,67,10,HIGHER_HIGH
AAPL,2021-12-20 00:00:00+00:00,MIN,166.1068115234375,-5.41,7.22,10,14,HIGHER_LOW
AAPL,2022-01-03 00:00:00+00:00,MAX,178.10366821289062,7.22,-12.52,14,24,HIGHER_HIGH
AAPL,2022-01-27 00:00:00+00:00,MIN,155.80276489257812,-12.52,10.86,24,13,LOWER_LOW
AAPL,2022-02-09 00:00:00+00:00,MAX,172.71644592285156,10.86,-14.56,13,33,LOWER_HIGH
AAPL,2022-03-14 00:00:00+00:00,MIN,147.57518005371094,-14.56,18.82,33,15,LOWER_LOW
AAPL,2022-03-29 00:00:00+00:00,MAX,175.34222412109375,18.82,-12.51,15,29,HIGHER_HIGH
AAPL,2022-04-27 00:00:00+00:00,MIN,153.40487670898438,-12.51,6.04,29,7,HIGHER_LOW
AAPL,2022-05-04 00:00:00+00:00,MAX,162.66383361816406,6.04,-17.15,7,15,LOWER_HIGH
AAPL,2022-05-19 00:00:00+00:00,MIN,134.7711181640625,-17.15,10.09,15,14,LOWER_LOW
AAPL,2022-06-02 00:00:00+00:00,MAX,148.37091064453125,10.09,-13.99,14,14,LOWER_HIGH
AAPL,2022-06-16 00:00:00+00:00,MIN,127.61799621582031,-13.99,34.39,14,62,LOWER_LOW
AAPL,2022-08-17 00:00:00+00:00,MAX,171.5105438232422,34.39,-11.51,62,22,HIGHER_HIGH
AAPL,2022-09-08 00:00:00+00:00,MIN,151.77040100097656,-11.51,5.81,22,4,HIGHER_LOW
AAPL,2022-09-12 00:00:00+00:00,MAX,160.5841827392578,5.81,-15.44,4,18,LOWER_HIGH
AAPL,2022-09-30 00:00:00+00:00,MIN,135.79354858398438,-15.44,5.93,18,5,LOWER_LOW
AAPL,2022-10-05 00:00:00+00:00,MAX,143.85073852539062,5.93,-5.51,5,7,LOWER_HIGH
AAPL,2022-10-12 00:00:00+00:00,MIN,135.93109130859375,-5.51,12.58,7,16,HIGHER_LOW
AAPL,2022-10-28 00:00:00+00:00,MAX,153.0281219482422,12.58,-13.26,16,12,HIGHER_HIGH
AAPL,2022-11-09 00:00:00+00:00,MIN,132.74134826660156,-13.26,12.17,12,9,LOWER_LOW
AAPL,2022-11-18 00:00:00+00:00,MAX,148.90219116210938,12.17,-6.69,9,11,LOWER_HIGH
AAPL,2022-11-29 00:00:00+00:00,MIN,138.94192504882812,-6.69,5.06,11,2,HIGHER_LOW
AAPL,2022-12-01 00:00:00+00:00,MAX,145.96923828125,5.06,-15.7,2,35,LOWER_HIGH
AAPL,2023-01-05 00:00:00+00:00,MIN,123.04681396484375,-15.7,24.43,35,41,LOWER_LOW
AAPL,2023-02-15 00:00:00+00:00,MAX,153.11183166503906,24.43,-6.45,41,14,HIGHER_HIGH
AAPL,2023-03-01 00:00:00+00:00,MIN,143.23492431640625,-6.45,35.38,14,152,HIGHER_LOW
AAPL,2023-07-31 00:00:00+00:00,MAX,193.91249084472656,35.38,-11.31,152,17,HIGHER_HIGH
AAPL,2023-08-17 00:00:00+00:00,MIN,171.9844207763672,-11.31,9.02,17,19,HIGHER_LOW
AAPL,2023-09-05 00:00:00+00:00,MAX,187.50253295898438,9.02,-10.16,19,22,LOWER_HIGH
AAPL,2023-09-27 00:00:00+00:00,MIN,168.45574951171875,-10.16,6.03,22,15,LOWER_LOW
AAPL,2023-10-12 00:00:00+00:00,MAX,178.61671447753906,6.03,-7.65,15,14,LOWER_HIGH
AAPL,2023-10-26 00:00:00+00:00,MIN,164.9567413330078,-7.65,18.86,14,49,LOWER_LOW
AAPL,2023-12-14 00:00:00+00:00,MAX,196.0731201171875,18.86,-8.55,49,22,HIGHER_HIGH
AAPL,2024-01-05 00:00:00+00:00,MIN,179.31715393066406,-8.55,7.73,22,18,HIGHER_LOW
AAPL,2024-01-23 00:00:00+00:00,MAX,193.1732177734375,7.73,-13.3,18,44,LOWER_HIGH
AAPL,2024-03-07 00:00:00+00:00,MIN,167.475830078125,-13.3,5.72,44,13,LOWER_LOW
AAPL,2024-03-20 00:00:00+00:00,MAX,177.05860900878906,5.72,-6.1,13,21,LOWER_HIGH
AAPL,2024-04-10 00:00:00+00:00,MIN,166.26683044433594,-6.1,5.23,21,2,LOWER_LOW
AAPL,2024-04-12 00:00:00+00:00,MAX,174.95774841308594,5.23,-6.54,2,7,LOWER_HIGH
AAPL,2024-04-19 00:00:00+00:00,MIN,163.5119171142578,-6.54,42.51,7,88,LOWER_LOW
AAPL,2024-07-16 00:00:00+00:00,MAX,233.0178680419922,42.51,-11.75,88,21,HIGHER_HIGH
AAPL,2024-08-06 00:00:00+00:00,MIN,205.63958740234375,-11.75,11.01,21,23,HIGHER_LOW
AAPL,2024-08-29 00:00:00+00:00,MAX,228.29037475585938,11.01,-5.86,23,18,LOWER_HIGH
AAPL,2024-09-16 00:00:00+00:00,MIN,214.90829467773438,-5.86,9.32,18,35,HIGHER_LOW
AAPL,2024-10-21 00:00:00+00:00,MAX,234.9367218017578,9.32,-6.12,35,14,HIGHER_HIGH
AAPL,2024-11-04 00:00:00+00:00,MIN,220.5611572265625,-6.12,16.8,14,52,HIGHER_LOW
AAPL,2024-12-26 00:00:00+00:00,MAX,257.6127014160156,16.8,-14.05,52,26,HIGHER_HIGH
AAPL,2025-01-21 00:00:00+00:00,MIN,221.4303741455078,-14.05,11.11,26,34,HIGHER_LOW
AAPL,2025-02-24 00:00:00+00:00,MAX,246.0277099609375,11.11,-15.14,34,17,LOWER_HIGH
AAPL,2025-03-13 00:00:00+00:00,MIN,208.77008056640625,-15.14,6.78,17,20,LOWER_LOW
AAPL,2025-04-02 00:00:00+00:00,MAX,222.91844177246094,6.78,-22.99,20,6,LOWER_HIGH
AAPL,2025-04-08 00:00:00+00:00,MIN,171.67176818847656,-22.99,23.72,6,23,LOWER_LOW
AAPL,2025-05-01 00:00:00+00:00,MAX,212.39430236816406,23.72,-8.0,23,6,LOWER_HIGH
AAPL,2025-05-07 00:00:00+00:00,MIN,195.39837646484375,-8.0,8.64,6,6,HIGHER_LOW
AAPL,2025-05-13 00:00:00+00:00,MAX,212.28399658203125,8.64,-8.29,6,10,LOWER_HIGH
AAPL,2025-05-23 00:00:00+00:00,MIN,194.67759704589844,-8.29,9.8,10,60,LOWER_LOW
AAPL,2025-07-22 00:00:00+00:00,MAX,213.74954223632812,9.8,-5.61,60,10,HIGHER_HIGH
AAPL,2025-08-01 00:00:00+00:00,MIN,201.76602172851562,-5.61,18.61,10,34,HIGHER_LOW
AAPL,2025-09-04 00:00:00+00:00,MAX,239.32383728027344,18.61,-5.42,34,6,HIGHER_HIGH
AAPL,2025-09-10 00:00:00+00:00,MIN,226.35855102539062,-5.42,26.31,6,83,HIGHER_LOW
AAPL,2025-12-02 00:00:00+00:00,MAX,285.9224548339844,26.31,-13.8,83,49,HIGHER_HIGH
AAPL,2026-01-20 00:00:00+00:00,MIN,246.46937561035156,-13.8,12.74,49,17,HIGHER_LOW
AAPL,2026-02-06 00:00:00+00:00,MAX,277.8599853515625,12.74,-7.95,17,7,LOWER_HIGH
AAPL,2026-02-13 00:00:00+00:00,MIN,255.77999877929688,-7.95,7.21,7,12,HIGHER_LOW
AAPL,2026-02-25 00:00:00+00:00,MAX,274.2300109863281,7.21,-10.06,12,33,LOWER_HIGH
AMZN,2006-03-27 14:30:00+00:00,MIN,1.7625,-5.27,9.25,24,9,FIRST_LOW
AMZN,2006-04-06 13:30:00+00:00,MAX,1.9255,9.25,-17.92,9,41,FIRST_HIGH
AMZN,2006-05-17 13:30:00+00:00,MIN,1.5805,-17.92,14.11,41,9,LOWER_LOW
AMZN,2006-05-26 13:30:00+00:00,MAX,1.803501,14.11,-7.37,9,11,LOWER_HIGH
AMZN,2006-06-06 13:30:00+00:00,MIN,1.6705,-7.37,15.77,11,24,HIGHER_LOW
AMZN,2006-06-30 13:30:00+00:00,MAX,1.933999,15.77,-32.6,24,42,HIGHER_HIGH
AMZN,2006-08-11 13:30:00+00:00,MIN,1.303501,-32.6,23.63,42,25,LOWER_LOW
AMZN,2006-09-05 13:30:00+00:00,MAX,1.6115,23.63,-7.76,25,2,LOWER_HIGH
AMZN,2006-09-07 13:30:00+00:00,MIN,1.4865,-7.76,9.38,2,8,HIGHER_LOW
AMZN,2006-09-15 13:30:00+00:00,MAX,1.626,9.38,-7.07,8,6,HIGHER_HIGH
AMZN,2006-09-21 13:30:00+00:00,MIN,1.511,-7.07,7.54,6,5,HIGHER_LOW
AMZN,2006-09-26 13:30:00+00:00,MAX,1.625,7.54,-5.02,5,6,LOWER_HIGH
AMZN,2006-10-02 13:30:00+00:00,MIN,1.5435,-5.02,39.16,6,51,HIGHER_LOW
AMZN,2006-11-22 14:30:00+00:00,MAX,2.148,39.16,-11.27,51,15,HIGHER_HIGH
AMZN,2006-12-07 14:30:00+00:00,MIN,1.906,-11.27,5.69,15,20,HIGHER_LOW
AMZN,2006-12-27 14:30:00+00:00,MAX,2.0145,5.69,-9.58,20,27,LOWER_HIGH
AMZN,2007-01-23 14:30:00+00:00,MIN,1.821499,-9.58,13.94,27,28,LOWER_LOW
AMZN,2007-02-20 14:30:00+00:00,MAX,2.0755,13.94,-10.74,28,13,HIGHER_HIGH
AMZN,2007-03-05 14:30:00+00:00,MIN,1.8525,-10.74,98.79,13,91,HIGHER_LOW
AMZN,2007-06-05 13:30:00+00:00,MAX,3.6825,98.79,-8.38,91,21,HIGHER_HIGH
AMZN,2007-06-26 13:30:00+00:00,MIN,3.374,-8.38,11.29,21,17,HIGHER_LOW
AMZN,2007-07-13 13:30:00+00:00,MAX,3.755001,11.29,-7.79,17,11,HIGHER_HIGH
AMZN,2007-07-24 13:30:00+00:00,MIN,3.4625,-7.79,24.45,11,1,HIGHER_LOW
AMZN,2007-07-25 13:30:00+00:00,MAX,4.308995,24.45,-16.01,1,21,HIGHER_HIGH
AMZN,2007-08-15 13:30:00+00:00,MIN,3.619,-16.01,32.43,21,54,HIGHER_LOW
AMZN,2007-10-08 13:30:00+00:00,MAX,4.792501,32.43,-6.79,54,3,HIGHER_HIGH
AMZN,2007-10-11 13:30:00+00:00,MIN,4.467,-6.79,12.85,3,12,HIGHER_LOW
AMZN,2007-10-23 13:30:00+00:00,MAX,5.041001,12.85,-23.63,12,20,HIGHER_HIGH
AMZN,2007-11-12 14:30:00+00:00,MIN,3.85,-23.63,22.61,20,22,LOWER_LOW
AMZN,2007-12-04 14:30:00+00:00,MAX,4.7205,22.61,-9.87,22,13,LOWER_HIGH
AMZN,2007-12-17 14:30:00+00:00,MIN,4.2545,-9.87,13.12,13,16,HIGHER_LOW
AMZN,2008-01-02 14:30:00+00:00,MAX,4.8125,13.12,-23.15,16,21,HIGHER_HIGH
AMZN,2008-01-23 14:30:00+00:00,MIN,3.6985,-23.15,5.04,21,8,LOWER_LOW
AMZN,2008-01-31 14:30:00+00:00,MAX,3.885,5.04,-11.85,8,6,LOWER_HIGH
AMZN,2008-02-06 14:30:00+00:00,MIN,3.4245,-11.85,13.49,6,7,LOWER_LOW
AMZN,2008-02-13 14:30:00+00:00,MAX,3.8865,13.49,-19.68,7,19,HIGHER_HIGH
AMZN,2008-03-03 14:30:00+00:00,MIN,3.121499,-19.68,21.66,19,20,LOWER_LOW
AMZN,2008-03-24 13:30:00+00:00,MAX,3.7975,21.66,-8.15,20,4,LOWER_HIGH
AMZN,2008-03-28 13:30:00+00:00,MIN,3.488,-8.15,10.91,4,5,HIGHER_LOW
AMZN,2008-04-02 13:30:00+00:00,MAX,3.8685,10.91,-6.95,5,9,HIGHER_HIGH
AMZN,2008-04-11 13:30:00+00:00,MIN,3.599501,-6.95,13.86,9,17,HIGHER_LOW
AMZN,2008-04-28 13:30:00+00:00,MAX,4.0985,13.86,-11.66,17,11,HIGHER_HIGH
AMZN,2008-05-09 13:30:00+00:00,MIN,3.6205,-11.66,16.71,11,27,HIGHER_LOW
AMZN,2008-06-05 13:30:00+00:00,MAX,4.2255,16.71,-9.89,27,7,HIGHER_HIGH
AMZN,2008-06-12 13:30:00+00:00,MIN,3.8075,-9.89,10.65,7,7,HIGHER_LOW
AMZN,2008-06-19 13:30:00+00:00,MAX,4.213,10.65,-15.21,7,13,LOWER_HIGH
AMZN,2008-07-02 13:30:00+00:00,MIN,3.572,-15.21,5.04,13,6,LOWER_LOW
AMZN,2008-07-08 13:30:00+00:00,MAX,3.752,5.04,-11.67,6,6,LOWER_HIGH
AMZN,2008-07-14 13:30:00+00:00,MIN,3.314,-11.67,8.8,6,3,LOWER_LOW
AMZN,2008-07-17 13:30:00+00:00,MAX,3.6055,8.8,-5.74,3,5,LOWER_HIGH
AMZN,2008-07-22 13:30:00+00:00,MIN,3.3985,-5.74,29.6,5,20,HIGHER_LOW
AMZN,2008-08-11 13:30:00+00:00,MAX,4.4045,29.6,-18.79,20,37,HIGHER_HIGH
AMZN,2008-09-17 13:30:00+00:00,MIN,3.577,-18.79,13.22,37,2,HIGHER_LOW
AMZN,2008-09-19 13:30:00+00:00,MAX,4.05,13.22,-21.79,2,10,LOWER_HIGH
AMZN,2008-09-29 13:30:00+00:00,MIN,3.167501,-21.79,14.85,10,1,LOWER_LOW
AMZN,2008-09-30 13:30:00+00:00,MAX,3.638,14.85,-23.03,1,9,LOWER_HIGH
AMZN,2008-10-09 13:30:00+00:00,MIN,2.8,-23.03,10.75,9,4,LOWER_LOW
AMZN,2008-10-13 13:30:00+00:00,MAX,3.101,10.75,-21.44,4,2,LOWER_HIGH
AMZN,2008-10-15 13:30:00+00:00,MIN,2.436,-21.44,8.72,2,5,LOWER_LOW
AMZN,2008-10-20 13:30:00+00:00,MAX,2.6485,8.72,-7.57,5,4,LOWER_HIGH
AMZN,2008-10-24 13:30:00+00:00,MIN,2.448001,-7.57,19.38,4,11,HIGHER_LOW
AMZN,2008-11-04 14:30:00+00:00,MAX,2.9225,19.38,-28.9,11,8,HIGHER_HIGH
AMZN,2008-11-12 14:30:00+00:00,MIN,2.078,-28.9,8.11,8,1,LOWER_LOW
AMZN,2008-11-13 14:30:00+00:00,MAX,2.246499,8.11,-22.03,1,7,LOWER_HIGH
AMZN,2008-11-20 14:30:00+00:00,MIN,1.7515,-22.03,25.49,7,6,LOWER_LOW
AMZN,2008-11-26 14:30:00+00:00,MAX,2.198001,25.49,-7.94,6,5,LOWER_HIGH
AMZN,2008-12-01 14:30:00+00:00,MIN,2.0235,-7.94,27.03,5,7,HIGHER_LOW
AMZN,2008-12-08 14:30:00+00:00,MAX,2.5705,27.03,-6.15,7,3,HIGHER_HIGH
AMZN,2008-12-11 14:30:00+00:00,MIN,2.4125,-6.15,10.22,3,6,HIGHER_LOW
AMZN,2008-12-17 14:30:00+00:00,MAX,2.658999,10.22,-7.11,6,12,HIGHER_HIGH
AMZN,2008-12-29 14:30:00+00:00,MIN,2.47,-7.11,16.11,12,8,HIGHER_LOW
AMZN,2009-01-06 14:30:00+00:00,MAX,2.868,16.11,-15.46,8,8,HIGHER_HIGH
AMZN,2009-01-14 14:30:00+00:00,MIN,2.4245,-15.46,6.39,8,2,LOWER_LOW
AMZN,2009-01-16 14:30:00+00:00,MAX,2.5795,6.39,-6.11,2,4,LOWER_HIGH
AMZN,2009-01-20 14:30:00+00:00,MIN,2.422,-6.11,37.72,4,20,LOWER_LOW
AMZN,2009-02-09 14:30:00+00:00,MAX,3.3355,37.72,-7.56,20,8,HIGHER_HIGH
AMZN,2009-02-17 14:30:00+00:00,MIN,3.0835,-7.56,6.37,8,7,HIGHER_LOW
AMZN,2009-02-24 14:30:00+00:00,MAX,3.280001,6.37,-5.95,7,7,LOWER_HIGH
AMZN,2009-03-03 14:30:00+00:00,MIN,3.085,-5.95,5.04,7,1,HIGHER_LOW
AMZN,2009-03-04 14:30:00+00:00,MAX,3.2405,5.04,-6.67,1,4,LOWER_HIGH
AMZN,2009-03-09 13:30:00+00:00,MIN,3.024501,-6.67,24.95,4,14,LOWER_LOW
AMZN,2009-03-23 13:30:00+00:00,MAX,3.779,24.95,-6.69,14,4,HIGHER_HIGH
AMZN,2009-03-27 13:30:00+00:00,MIN,3.526,-6.69,13.12,4,13,HIGHER_LOW
AMZN,2009-04-09 13:30:00+00:00,MAX,3.9885,13.12,-6.34,13,6,HIGHER_HIGH
AMZN,2009-04-15 13:30:00+00:00,MIN,3.7355,-6.34,13.05,6,9,HIGHER_LOW
AMZN,2009-04-24 13:30:00+00:00,MAX,4.223,13.05,-12.86,9,21,HIGHER_HIGH
AMZN,2009-05-15 13:30:00+00:00,MIN,3.680001,-12.86,18.97,21,21,LOWER_LOW
AMZN,2009-06-05 13:30:00+00:00,MAX,4.378,18.97,-11.28,21,18,HIGHER_HIGH
AMZN,2009-06-23 13:30:00+00:00,MIN,3.884,-11.28,7.98,18,3,HIGHER_LOW
AMZN,2009-06-26 13:30:00+00:00,MAX,4.194,7.98,-9.84,3,11,LOWER_HIGH
AMZN,2009-07-07 13:30:00+00:00,MIN,3.7815,-9.84,24.12,11,16,LOWER_LOW
AMZN,2009-07-23 13:30:00+00:00,MAX,4.6935,24.12,-16.76,16,41,HIGHER_HIGH
AMZN,2009-09-02 13:30:00+00:00,MIN,3.907,-16.76,19.98,41,20,HIGHER_LOW
AMZN,2009-09-22 13:30:00+00:00,MAX,4.6875,19.98,-5.42,20,13,LOWER_HIGH
AMZN,2009-10-05 13:30:00+00:00,MIN,4.4335,-5.42,40.57,13,21,HIGHER_LOW
AMZN,2009-10-26 13:30:00+00:00,MAX,6.231995,40.57,-6.05,21,9,HIGHER_HIGH
AMZN,2009-11-04 14:30:00+00:00,MIN,5.855001,-6.05,21.48,9,28,HIGHER_LOW
AMZN,2009-12-02 14:30:00+00:00,MAX,7.1125,21.48,-10.78,28,15,HIGHER_HIGH
AMZN,2009-12-17 14:30:00+00:00,MIN,6.3455,-10.78,9.85,15,12,HIGHER_LOW
AMZN,2009-12-29 14:30:00+00:00,MAX,6.9705,9.85,-14.3,12,28,LOWER_HIGH
AMZN,2010-01-26 14:30:00+00:00,MIN,5.974,-14.3,5.48,28,2,LOWER_LOW
AMZN,2010-01-28 14:30:00+00:00,MAX,6.3015,5.48,-8.01,2,7,LOWER_HIGH
AMZN,2010-02-04 14:30:00+00:00,MIN,5.797,-8.01,29.45,7,76,LOWER_LOW
AMZN,2010-04-22 13:30:00+00:00,MAX,7.5045,29.45,-16.73,76,15,HIGHER_HIGH
AMZN,2010-05-07 13:30:00+00:00,MIN,6.249,-16.73,7.11,15,5,HIGHER_LOW
AMZN,2010-05-12 13:30:00+00:00,MAX,6.6935,7.11,-10.58,5,8,LOWER_HIGH
AMZN,2010-05-20 13:30:00+00:00,MIN,5.985501,-10.58,7.56,8,14,LOWER_LOW
AMZN,2010-06-03 13:30:00+00:00,MAX,6.437999,7.56,-8.43,14,6,LOWER_HIGH
AMZN,2010-06-09 13:30:00+00:00,MIN,5.8955,-8.43,7.62,6,7,LOWER_LOW
AMZN,2010-06-16 13:30:00+00:00,MAX,6.345,7.62,-14.41,7,13,LOWER_HIGH
AMZN,2010-06-29 13:30:00+00:00,MIN,5.4305,-14.41,13.85,13,14,LOWER_LOW
AMZN,2010-07-13 13:30:00+00:00,MAX,6.1825,13.85,-5.49,14,16,LOWER_HIGH
AMZN,2010-07-29 13:30:00+00:00,MIN,5.843,-5.49,48.32,16,104,HIGHER_LOW
AMZN,2010-11-10 14:30:00+00:00,MAX,8.6665,48.32,-8.97,104,6,HIGHER_HIGH
AMZN,2010-11-16 14:30:00+00:00,MIN,7.889,-8.97,21.21,6,63,HIGHER_LOW
AMZN,2011-01-18 14:30:00+00:00,MAX,9.5625,21.21,-8.29,63,8,HIGHER_HIGH
AMZN,2011-01-26 14:30:00+00:00,MIN,8.7695,-8.29,5.17,8,1,HIGHER_LOW
AMZN,2011-01-27 14:30:00+00:00,MAX,9.2225,5.17,-8.03,1,4,LOWER_HIGH
AMZN,2011-01-31 14:30:00+00:00,MIN,8.482,-8.03,12.25,4,14,LOWER_LOW
AMZN,2011-02-14 14:30:00+00:00,MAX,9.521,12.25,-15.47,14,30,HIGHER_HIGH
AMZN,2011-03-17 13:30:00+00:00,MIN,8.0485,-15.47,28.02,30,56,LOWER_LOW
AMZN,2011-05-12 13:30:00+00:00,MAX,10.303501,28.02,-10.88,56,35,HIGHER_HIGH
AMZN,2011-06-16 13:30:00+00:00,MIN,9.1825,-10.88,21.92,35,42,HIGHER_LOW
AMZN,2011-07-28 13:30:00+00:00,MAX,11.195,21.92,-13.49,42,11,HIGHER_HIGH
AMZN,2011-08-08 13:30:00+00:00,MIN,9.685,-13.49,5.88,11,1,HIGHER_LOW
AMZN,2011-08-09 13:30:00+00:00,MAX,10.2545,5.88,-13.43,1,13,LOWER_HIGH
AMZN,2011-08-22 13:30:00+00:00,MIN,8.877,-13.43,36.13,13,28,LOWER_LOW
AMZN,2011-09-19 13:30:00+00:00,MAX,12.0845,36.13,-12.29,28,14,HIGHER_HIGH
AMZN,2011-10-03 13:30:00+00:00,MIN,10.599,-12.29,16.38,14,11,HIGHER_LOW
AMZN,2011-10-14 13:30:00+00:00,MAX,12.335501,16.38,-19.58,11,12,HIGHER_HIGH
AMZN,2011-10-26 13:30:00+00:00,MIN,9.92,-19.58,10.35,12,19,LOWER_LOW
AMZN,2011-11-14 14:30:00+00:00,MAX,10.9465,10.35,-16.69,19,11,LOWER_HIGH
AMZN,2011-11-25 14:30:00+00:00,MIN,9.11995,-16.69,8.08,11,6,LOWER_LOW
AMZN,2011-12-01 14:30:00+00:00,MAX,9.8565,8.08,-12.19,6,29,LOWER_HIGH
AMZN,2011-12-30 14:30:00+00:00,MIN,8.655001,-12.19,12.87,29,28,LOWER_LOW
AMZN,2012-01-27 14:30:00+00:00,MAX,9.7685,12.87,-8.14,28,5,LOWER_HIGH
AMZN,2012-02-01 14:30:00+00:00,MIN,8.973001,-8.14,6.76,5,12,HIGHER_LOW
AMZN,2012-02-13 14:30:00+00:00,MAX,9.5795,6.76,-6.82,12,14,LOWER_HIGH
AMZN,2012-02-27 14:30:00+00:00,MIN,8.9265,-6.82,15.07,14,28,LOWER_LOW
AMZN,2012-03-27 13:30:00+00:00,MAX,10.272,15.07,-9.71,28,20,HIGHER_HIGH
AMZN,2012-04-16 13:30:00+00:00,MIN,9.275,-9.71,25.01,20,14,HIGHER_LOW
AMZN,2012-04-30 13:30:00+00:00,MAX,11.595,25.01,-10.21,14,32,HIGHER_HIGH
AMZN,2012-06-01 13:30:00+00:00,MIN,10.411,-10.21,10.23,32,32,HIGHER_LOW
AMZN,2012-07-03 13:30:00+00:00,MAX,11.4765,10.23,-6.17,32,9,LOWER_HIGH
AMZN,2012-07-12 13:30:00+00:00,MIN,10.768,-6.17,21.51,9,69,HIGHER_LOW
AMZN,2012-09-19 13:30:00+00:00,MAX,13.083997,21.51,-14.81,69,36,HIGHER_HIGH
AMZN,2012-10-25 13:30:00+00:00,MIN,11.146,-14.81,6.87,36,1,HIGHER_LOW
AMZN,2012-10-26 13:30:00+00:00,MAX,11.912001,6.87,-7.4,1,20,LOWER_HIGH
AMZN,2012-11-15 14:30:00+00:00,MIN,11.02995,-7.4,18.54,20,35,LOWER_LOW
AMZN,2012-12-20 14:30:00+00:00,MAX,13.075,18.54,-6.24,35,8,HIGHER_HIGH
AMZN,2012-12-28 14:30:00+00:00,MIN,12.259,-6.24,15.83,8,28,HIGHER_LOW
AMZN,2013-01-25 14:30:00+00:00,MAX,14.199499,15.83,-9.43,28,17,HIGHER_HIGH
AMZN,2013-02-11 14:30:00+00:00,MIN,12.860498,-9.43,7.15,17,22,HIGHER_LOW
AMZN,2013-03-05 14:30:00+00:00,MAX,13.779504,7.15,-8.06,22,15,LOWER_HIGH
AMZN,2013-03-21 13:30:00+00:00,MIN,12.6695,-8.06,8.41,15,35,LOWER_LOW
AMZN,2013-04-25 13:30:00+00:00,MAX,13.734998,8.41,-9.64,35,6,LOWER_HIGH
AMZN,2013-05-01 13:30:00+00:00,MIN,12.4115,-9.64,25.69,6,86,LOWER_LOW
AMZN,2013-07-26 13:30:00+00:00,MAX,15.600501,25.69,-9.96,86,32,HIGHER_HIGH
AMZN,2013-08-27 13:30:00+00:00,MIN,14.046497,-9.96,14.25,32,35,HIGHER_LOW
AMZN,2013-10-01 13:30:00+00:00,MAX,16.047497,14.25,-7.08,35,8,HIGHER_HIGH
AMZN,2013-10-09 13:30:00+00:00,MIN,14.911499,-7.08,22.06,8,22,HIGHER_LOW
AMZN,2013-10-31 13:30:00+00:00,MAX,18.2015,22.06,-5.62,22,7,HIGHER_HIGH
AMZN,2013-11-07 14:30:00+00:00,MIN,17.178,-5.62,18.48,7,75,HIGHER_LOW
AMZN,2014-01-21 14:30:00+00:00,MAX,20.3525,18.48,-14.96,75,13,HIGHER_HIGH
AMZN,2014-02-03 14:30:00+00:00,MIN,17.3075,-14.96,9.42,13,42,HIGHER_LOW
AMZN,2014-03-18 13:30:00+00:00,MAX,18.9385,9.42,-17.7,42,24,LOWER_HIGH
AMZN,2014-04-11 13:30:00+00:00,MIN,15.5865,-17.7,8.15,24,13,LOWER_LOW
AMZN,2014-04-24 13:30:00+00:00,MAX,16.8575,8.15,-14.48,13,14,LOWER_HIGH
AMZN,2014-05-08 13:30:00+00:00,MIN,14.416,-14.48,25.15,14,75,LOWER_LOW
AMZN,2014-07-22 13:30:00+00:00,MAX,18.042,25.15,-14.9,75,10,HIGHER_HIGH
AMZN,2014-08-01 13:30:00+00:00,MIN,15.353,-14.9,12.81,10,35,HIGHER_LOW
AMZN,2014-09-05 13:30:00+00:00,MAX,17.319,12.81,-17.13,35,49,LOWER_HIGH
AMZN,2014-10-24 13:30:00+00:00,MIN,14.353,-17.13,17.97,49,35,LOWER_LOW
AMZN,2014-11-28 14:30:00+00:00,MAX,16.932,17.97,-12.87,35,18,LOWER_HIGH
AMZN,2014-12-16 14:30:00+00:00,MIN,14.753,-12.87,5.75,18,13,HIGHER_LOW
AMZN,2014-12-29 14:30:00+00:00,MAX,15.602,5.75,-8.04,13,17,LOWER_HIGH
AMZN,2015-01-15 14:30:00+00:00,MIN,14.3475,-8.04,35.16,17,49,LOWER_LOW
AMZN,2015-03-05 14:30:00+00:00,MAX,19.3915,35.16,-5.53,49,5,HIGHER_HIGH
AMZN,2015-03-11 13:30:00+00:00,MIN,18.3185,-5.53,21.49,5,44,HIGHER_LOW
AMZN,2015-04-24 13:30:00+00:00,MAX,22.255,21.49,-5.84,44,12,HIGHER_HIGH
AMZN,2015-05-06 13:30:00+00:00,MIN,20.955,-5.84,28.13,12,91,HIGHER_LOW
AMZN,2015-08-05 13:30:00+00:00,MAX,26.8505,28.13,-13.71,91,19,HIGHER_HIGH
AMZN,2015-08-24 13:30:00+00:00,MIN,23.1685,-13.71,18.35,19,28,HIGHER_LOW
AMZN,2015-09-21 13:30:00+00:00,MAX,27.4195,18.35,-9.54,28,8,HIGHER_HIGH
AMZN,2015-09-29 13:30:00+00:00,MIN,24.8035,-9.54,36.89,8,63,HIGHER_LOW
AMZN,2015-12-01 14:30:00+00:00,MAX,33.953,36.89,-5.73,63,10,HIGHER_HIGH
AMZN,2015-12-11 14:30:00+00:00,MIN,32.0075,-5.73,8.41,10,18,HIGHER_LOW
AMZN,2015-12-29 14:30:00+00:00,MAX,34.6985,8.41,-17.84,18,17,HIGHER_HIGH
AMZN,2016-01-15 14:30:00+00:00,MIN,28.509,-17.84,11.43,17,13,LOWER_LOW
AMZN,2016-01-28 14:30:00+00:00,MAX,31.7675,11.43,-24.13,13,12,LOWER_HIGH
AMZN,2016-02-09 14:30:00+00:00,MIN,24.1035,-24.13,31.8,12,68,LOWER_LOW
AMZN,2016-04-18 13:30:00+00:00,MAX,31.7675,31.8,-5.25,68,10,LOWER_HIGH
AMZN,2016-04-28 13:30:00+00:00,MIN,30.1,-5.25,20.97,10,35,HIGHER_LOW
AMZN,2016-06-02 13:30:00+00:00,MAX,36.412,20.97,-5.06,35,25,HIGHER_HIGH
AMZN,2016-06-27 13:30:00+00:00,MIN,34.568,-5.06,22.13,25,100,HIGHER_LOW
AMZN,2016-10-05 13:30:00+00:00,MAX,42.218,22.13,-14.84,100,40,HIGHER_HIGH
AMZN,2016-11-14 14:30:00+00:00,MIN,35.9535,-14.84,9.21,40,8,HIGHER_LOW
AMZN,2016-11-22 14:30:00+00:00,MAX,39.2665,9.21,-5.73,8,10,LOWER_HIGH
AMZN,2016-12-02 14:30:00+00:00,MIN,37.017,-5.73,36.6,10,184,HIGHER_LOW
AMZN,2017-06-05 13:30:00+00:00,MAX,50.567,36.6,-5.7,184,28,HIGHER_HIGH
AMZN,2017-07-03 13:30:00+00:00,MIN,47.683,-5.7,10.4,28,23,HIGHER_LOW
AMZN,2017-07-26 13:30:00+00:00,MAX,52.64,10.4,-10.21,23,30,HIGHER_HIGH
AMZN,2017-08-25 13:30:00+00:00,MIN,47.263,-10.21,5.75,30,19,LOWER_LOW
AMZN,2017-09-13 13:30:00+00:00,MAX,49.98,5.75,-6.1,19,13,LOWER_HIGH
AMZN,2017-09-26 13:30:00+00:00,MIN,46.93,-6.1,27.41,13,62,LOWER_LOW
AMZN,2017-11-27 14:30:00+00:00,MAX,59.7915,27.41,-5.17,62,7,HIGHER_HIGH
AMZN,2017-12-04 14:30:00+00:00,MIN,56.6975,-5.17,27.95,7,58,HIGHER_LOW
AMZN,2018-01-31 14:30:00+00:00,MAX,72.5445,27.95,-7.67,58,9,HIGHER_HIGH
AMZN,2018-02-09 14:30:00+00:00,MIN,66.98,-7.67,19.32,9,30,HIGHER_LOW
AMZN,2018-03-12 13:30:00+00:00,MAX,79.9195,19.32,-14.16,30,21,HIGHER_HIGH
AMZN,2018-04-02 13:30:00+00:00,MIN,68.5995,-14.16,13.48,21,17,HIGHER_LOW
AMZN,2018-04-19 13:30:00+00:00,MAX,77.8455,13.48,-6.22,17,5,LOWER_HIGH
AMZN,2018-04-24 13:30:00+00:00,MIN,73.0045,-6.22,19.86,5,57,HIGHER_LOW
AMZN,2018-06-20 13:30:00+00:00,MAX,87.504,19.86,-5.12,57,7,HIGHER_HIGH
AMZN,2018-06-27 13:30:00+00:00,MIN,83.0255,-5.12,22.82,7,69,HIGHER_LOW
AMZN,2018-09-04 13:30:00+00:00,MAX,101.9755,22.82,-6.45,69,13,HIGHER_HIGH
AMZN,2018-09-17 13:30:00+00:00,MIN,95.4015,-6.45,5.5,13,10,HIGHER_LOW
AMZN,2018-09-27 13:30:00+00:00,MAX,100.649,5.5,-14.59,10,14,LOWER_HIGH
AMZN,2018-10-11 13:30:00+00:00,MIN,85.968,-14.59,6.54,14,6,LOWER_LOW
AMZN,2018-10-17 13:30:00+00:00,MAX,91.5865,6.54,-9.15,6,7,LOWER_HIGH
AMZN,2018-10-24 13:30:00+00:00,MIN,83.21,-9.15,7.09,7,1,LOWER_LOW
AMZN,2018-10-25 13:30:00+00:00,MAX,89.1085,7.09,-14.13,1,5,LOWER_HIGH
AMZN,2018-10-30 13:30:00+00:00,MIN,76.521,-14.13,14.71,5,8,LOWER_LOW
AMZN,2018-11-07 14:30:00+00:00,MAX,87.7745,14.71,-14.81,8,13,LOWER_HIGH
AMZN,2018-11-20 14:30:00+00:00,MIN,74.773,-14.81,18.52,13,13,LOWER_LOW
AMZN,2018-12-03 14:30:00+00:00,MAX,88.618,18.52,-24.17,13,21,HIGHER_HIGH
AMZN,2018-12-24 14:30:00+00:00,MIN,67.198,-24.17,26.21,21,25,LOWER_LOW
AMZN,2019-01-18 14:30:00+00:00,MAX,84.81,26.21,-6.03,25,11,LOWER_HIGH
AMZN,2019-01-29 14:30:00+00:00,MIN,79.694,-6.03,7.83,11,2,HIGHER_LOW
AMZN,2019-01-31 14:30:00+00:00,MAX,85.9365,7.83,-7.59,2,8,HIGHER_HIGH
AMZN,2019-02-08 14:30:00+00:00,MIN,79.411,-7.59,23.56,8,83,LOWER_LOW
AMZN,2019-05-03 13:30:00+00:00,MAX,98.123,23.56,-13.75,83,31,HIGHER_HIGH
AMZN,2019-06-03 13:30:00+00:00,MIN,84.6345,-13.75,19.4,31,42,HIGHER_LOW
AMZN,2019-07-15 13:30:00+00:00,MAX,101.0495,19.4,-13.43,42,39,HIGHER_HIGH
AMZN,2019-08-23 13:30:00+00:00,MIN,87.481,-13.43,5.37,39,20,HIGHER_LOW
AMZN,2019-09-12 13:30:00+00:00,MAX,92.1775,5.37,-7.49,20,26,LOWER_HIGH
AMZN,2019-10-08 13:30:00+00:00,MIN,85.2755,-7.49,27.25,26,134,LOWER_LOW
AMZN,2020-02-19 14:30:00+00:00,MAX,108.511,27.25,-17.03,134,18,HIGHER_HIGH
AMZN,2020-03-09 13:30:00+00:00,MIN,90.0305,-17.03,5.07,18,1,HIGHER_LOW
AMZN,2020-03-10 13:30:00+00:00,MAX,94.591,5.07,-11.38,1,2,LOWER_HIGH
AMZN,2020-03-12 13:30:00+00:00,MIN,83.8305,-11.38,6.46,2,1,LOWER_LOW
AMZN,2020-03-13 13:30:00+00:00,MAX,89.25,6.46,-5.37,1,3,LOWER_HIGH
AMZN,2020-03-16 13:30:00+00:00,MIN,84.4575,-5.37,46.46,3,45,HIGHER_LOW
AMZN,2020-04-30 13:30:00+00:00,MAX,123.7,46.46,-7.6,45,1,HIGHER_HIGH
AMZN,2020-05-01 13:30:00+00:00,MIN,114.302,-7.6,39.98,1,70,HIGHER_LOW
AMZN,2020-07-10 13:30:00+00:00,MAX,160.0,39.98,-7.44,70,7,HIGHER_HIGH
AMZN,2020-07-17 13:30:00+00:00,MIN,148.0985,-7.44,7.93,7,3,HIGHER_LOW
AMZN,2020-07-20 13:30:00+00:00,MAX,159.842,7.93,-6.58,3,3,LOWER_HIGH
AMZN,2020-07-23 13:30:00+00:00,MIN,149.3275,-6.58,18.25,3,41,HIGHER_LOW
AMZN,2020-09-02 13:30:00+00:00,MAX,176.5725,18.25,-16.33,41,16,HIGHER_HIGH
AMZN,2020-09-18 13:30:00+00:00,MIN,147.7455,-16.33,16.54,16,25,LOWER_LOW
AMZN,2020-10-13 13:30:00+00:00,MAX,172.1815,16.54,-12.75,25,20,LOWER_HIGH
AMZN,2020-11-02 14:30:00+00:00,MIN,150.224,-12.75,10.57,20,3,HIGHER_LOW
AMZN,2020-11-05 14:30:00+00:00,MAX,166.1,10.57,-8.64,3,5,LOWER_HIGH
AMZN,2020-11-10 14:30:00+00:00,MIN,151.751,-8.64,9.46,5,49,HIGHER_LOW
AMZN,2020-12-29 14:30:00+00:00,MAX,166.1,9.46,-6.55,49,17,LOWER_HIGH
AMZN,2021-01-15 14:30:00+00:00,MIN,155.2125,-6.55,8.88,17,18,HIGHER_LOW
AMZN,2021-02-02 14:30:00+00:00,MAX,169.0,8.88,-12.66,18,34,HIGHER_HIGH
AMZN,2021-03-08 14:30:00+00:00,MIN,147.5975,-12.66,17.59,34,51,LOWER_LOW
AMZN,2021-04-29 13:30:00+00:00,MAX,173.5655,17.59,-9.2,51,12,HIGHER_HIGH
AMZN,2021-05-12 00:00:00+00:00,MIN,157.5970001220703,-9.2,18.38,12,57,HIGHER_LOW
AMZN,2021-07-08 00:00:00+00:00,MAX,186.57049560546875,18.38,-14.57,57,42,HIGHER_HIGH
AMZN,2021-08-19 00:00:00+00:00,MIN,159.3874969482422,-14.57,10.6,42,20,HIGHER_LOW
AMZN,2021-09-08 00:00:00+00:00,MAX,176.27499389648438,10.6,-9.52,20,26,LOWER_HIGH
AMZN,2021-10-04 00:00:00+00:00,MIN,159.48899841308594,-9.52,15.87,26,45,HIGHER_LOW
AMZN,2021-11-18 00:00:00+00:00,MAX,184.80299377441406,15.87,-24.85,45,69,HIGHER_HIGH
AMZN,2022-01-26 00:00:00+00:00,MIN,138.87249755859375,-24.85,8.87,69,6,LOWER_LOW
AMZN,2022-02-01 00:00:00+00:00,MAX,151.19349670410156,8.87,-8.17,6,2,LOWER_HIGH
AMZN,2022-02-03 00:00:00+00:00,MIN,138.8455047607422,-8.17,16.25,2,5,LOWER_LOW
AMZN,2022-02-08 00:00:00+00:00,MAX,161.4134979248047,16.25,-10.28,5,15,HIGHER_HIGH
AMZN,2022-02-23 00:00:00+00:00,MIN,144.82699584960938,-10.28,6.19,15,2,HIGHER_LOW
AMZN,2022-02-25 00:00:00+00:00,MAX,153.7884979248047,6.19,-11.56,2,11,LOWER_HIGH
AMZN,2022-03-08 00:00:00+00:00,MIN,136.01449584960938,-11.56,24.48,11,21,LOWER_LOW
AMZN,2022-03-29 00:00:00+00:00,MAX,169.31500244140625,24.48,-37.77,21,43,HIGHER_HIGH
AMZN,2022-05-11 00:00:00+00:00,MIN,105.37200164794922,-37.77,9.49,43,6,LOWER_LOW
AMZN,2022-05-17 00:00:00+00:00,MAX,115.36849975585938,9.49,-9.77,6,7,LOWER_HIGH
AMZN,2022-05-24 00:00:00+00:00,MIN,104.0999984741211,-9.77,20.57,7,9,LOWER_LOW
AMZN,2022-06-02 00:00:00+00:00,MAX,125.51100158691406,20.57,-18.49,9,12,HIGHER_HIGH
AMZN,2022-06-14 00:00:00+00:00,MIN,102.30999755859375,-18.49,13.83,12,10,LOWER_LOW
AMZN,2022-06-24 00:00:00+00:00,MAX,116.45999908447266,13.83,-8.8,10,6,LOWER_HIGH
AMZN,2022-06-30 00:00:00+00:00,MIN,106.20999908447266,-8.8,9.53,6,7,HIGHER_LOW
AMZN,2022-07-07 00:00:00+00:00,MAX,116.33000183105469,9.53,-6.11,7,5,LOWER_HIGH
AMZN,2022-07-12 00:00:00+00:00,MIN,109.22000122070312,-6.11,14.11,5,9,HIGHER_LOW
AMZN,2022-07-21 00:00:00+00:00,MAX,124.62999725341797,14.11,-7.88,9,5,HIGHER_HIGH
AMZN,2022-07-26 00:00:00+00:00,MIN,114.80999755859375,-7.88,26.1,5,21,HIGHER_LOW
AMZN,2022-08-16 00:00:00+00:00,MAX,144.77999877929688,26.1,-12.9,21,21,HIGHER_HIGH
AMZN,2022-09-06 00:00:00+00:00,MIN,126.11000061035156,-12.9,8.2,21,6,HIGHER_LOW
AMZN,2022-09-12 00:00:00+00:00,MAX,136.4499969482422,8.2,-17.19,6,18,LOWER_HIGH
AMZN,2022-09-30 00:00:00+00:00,MIN,113.0,-17.19,7.16,18,4,LOWER_LOW
AMZN,2022-10-04 00:00:00+00:00,MAX,121.08999633789062,7.16,-11.72,4,10,LOWER_HIGH
AMZN,2022-10-14 00:00:00+00:00,MIN,106.9000015258789,-11.72,12.82,10,11,LOWER_LOW
AMZN,2022-10-25 00:00:00+00:00,MAX,120.5999984741211,12.82,-28.57,11,15,LOWER_HIGH
AMZN,2022-11-09 00:00:00+00:00,MIN,86.13999938964844,-28.57,17.01,15,2,LOWER_LOW
AMZN,2022-11-11 00:00:00+00:00,MAX,100.79000091552734,17.01,-18.82,2,47,LOWER_HIGH
AMZN,2022-12-28 00:00:00+00:00,MIN,81.81999969482422,-18.82,38.0,47,36,LOWER_LOW
AMZN,2023-02-02 00:00:00+00:00,MAX,112.91000366210938,38.0,-19.64,36,36,HIGHER_HIGH
AMZN,2023-03-10 00:00:00+00:00,MIN,90.7300033569336,-19.64,14.57,36,25,HIGHER_LOW
AMZN,2023-04-04 00:00:00+00:00,MAX,103.94999694824219,14.57,-5.89,25,8,LOWER_HIGH
AMZN,2023-04-12 00:00:00+00:00,MIN,97.83000183105469,-5.89,12.26,8,15,HIGHER_LOW
AMZN,2023-04-27 00:00:00+00:00,MAX,109.81999969482422,12.26,-7.08,15,4,HIGHER_HIGH
AMZN,2023-05-01 00:00:00+00:00,MIN,102.05000305175781,-7.08,32.64,4,79,HIGHER_LOW
AMZN,2023-07-19 00:00:00+00:00,MAX,135.36000061035156,32.64,-5.33,79,7,HIGHER_HIGH
AMZN,2023-07-26 00:00:00+00:00,MIN,128.14999389648438,-5.33,10.98,7,12,HIGHER_LOW
AMZN,2023-08-07 00:00:00+00:00,MAX,142.22000122070312,10.98,-7.3,12,17,HIGHER_HIGH
AMZN,2023-08-24 00:00:00+00:00,MIN,131.83999633789062,-7.3,9.87,17,20,HIGHER_LOW
AMZN,2023-09-13 00:00:00+00:00,MAX,144.85000610351562,9.87,-13.9,20,20,HIGHER_HIGH
AMZN,2023-10-03 00:00:00+00:00,MIN,124.72000122070312,-13.9,6.28,20,13,LOWER_LOW
AMZN,2023-10-16 00:00:00+00:00,MAX,132.5500030517578,6.28,-9.79,13,10,LOWER_HIGH
AMZN,2023-10-26 00:00:00+00:00,MIN,119.56999969482422,-9.79,28.85,10,53,LOWER_LOW
AMZN,2023-12-18 00:00:00+00:00,MAX,154.07000732421875,28.85,-6.17,53,17,HIGHER_HIGH
AMZN,2024-01-04 00:00:00+00:00,MIN,144.57000732421875,-6.17,30.77,17,98,HIGHER_LOW
AMZN,2024-04-11 00:00:00+00:00,MAX,189.0500030517578,30.77,-8.14,98,14,HIGHER_HIGH
AMZN,2024-04-25 00:00:00+00:00,MIN,173.6699981689453,-8.14,9.11,14,14,HIGHER_LOW
AMZN,2024-05-09 00:00:00+00:00,MAX,189.5,9.11,-6.89,14,22,HIGHER_HIGH
AMZN,2024-05-31 00:00:00+00:00,MIN,176.44000244140625,-6.89,13.35,22,32,HIGHER_LOW
AMZN,2024-07-02 00:00:00+00:00,MAX,200.0,13.35,-19.49,32,34,HIGHER_HIGH
AMZN,2024-08-05 00:00:00+00:00,MIN,161.02000427246094,-19.49,11.86,34,16,LOWER_LOW
AMZN,2024-08-21 00:00:00+00:00,MAX,180.11000061035156,11.86,-5.17,16,7,LOWER_HIGH
AMZN,2024-08-28 00:00:00+00:00,MIN,170.8000030517578,-5.17,13.56,7,27,HIGHER_LOW
AMZN,2024-09-24 00:00:00+00:00,MAX,193.9600067138672,13.56,-6.78,27,13,HIGHER_HIGH
AMZN,2024-10-07 00:00:00+00:00,MIN,180.8000030517578,-6.78,18.42,13,37,HIGHER_LOW
AMZN,2024-11-13 00:00:00+00:00,MAX,214.10000610351562,18.42,-7.93,37,9,HIGHER_HIGH
AMZN,2024-11-22 00:00:00+00:00,MIN,197.1199951171875,-7.93,18.17,9,24,HIGHER_LOW
AMZN,2024-12-16 00:00:00+00:00,MAX,232.92999267578125,18.17,-6.51,24,29,HIGHER_HIGH
AMZN,2025-01-14 00:00:00+00:00,MIN,217.75999450683594,-6.51,11.16,29,21,HIGHER_LOW
AMZN,2025-02-04 00:00:00+00:00,MAX,242.05999755859375,11.16,-20.34,21,42,HIGHER_HIGH
AMZN,2025-03-18 00:00:00+00:00,MIN,192.82000732421875,-20.34,6.68,42,7,LOWER_LOW
AMZN,2025-03-25 00:00:00+00:00,MAX,205.7100067138672,6.68,-17.04,7,14,LOWER_HIGH
AMZN,2025-04-08 00:00:00+00:00,MIN,170.66000366210938,-17.04,11.98,14,1,LOWER_LOW
AMZN,2025-04-09 00:00:00+00:00,MAX,191.10000610351562,11.98,-12.44,1,12,LOWER_HIGH
AMZN,2025-04-21 00:00:00+00:00,MIN,167.32000732421875,-12.44,39.92,12,101,LOWER_LOW
AMZN,2025-07-31 00:00:00+00:00,MAX,234.11000061035156,39.92,-9.59,101,4,HIGHER_HIGH
AMZN,2025-08-04 00:00:00+00:00,MIN,211.64999389648438,-9.59,12.56,4,36,HIGHER_LOW
AMZN,2025-09-09 00:00:00+00:00,MAX,238.24000549316406,12.56,-10.58,36,38,HIGHER_HIGH
AMZN,2025-10-17 00:00:00+00:00,MIN,213.0399932861328,-10.58,19.23,38,17,HIGHER_LOW
AMZN,2025-11-03 00:00:00+00:00,MAX,254.0,19.23,-14.51,17,17,HIGHER_HIGH
AMZN,2025-11-20 00:00:00+00:00,MIN,217.13999938964844,-14.51,7.96,17,12,HIGHER_LOW
AMZN,2025-12-02 00:00:00+00:00,MAX,234.4199981689453,7.96,-5.61,12,15,LOWER_HIGH
AMZN,2025-12-17 00:00:00+00:00,MIN,221.27000427246094,-5.61,11.8,15,23,HIGHER_LOW
AMZN,2026-01-09 00:00:00+00:00,MAX,247.3800048828125,11.8,-6.62,23,11,HIGHER_HIGH
AMZN,2026-01-20 00:00:00+00:00,MIN,231.0,-6.62,5.92,11,7,HIGHER_LOW
AMZN,2026-01-27 00:00:00+00:00,MAX,244.67999267578125,5.92,-18.76,7,17,LOWER_HIGH
AMZN,2026-02-13 00:00:00+00:00,MIN,198.7899932861328,-18.76,10.14,17,20,LOWER_LOW
AMZN,2026-03-05 00:00:00+00:00,MAX,218.94000244140625,10.14,-8.95,20,22,LOWER_HIGH
AMZN,2026-03-27 00:00:00+00:00,MIN,199.33999633789062,-8.95,37.95,22,40,HIGHER_LOW
COST,2006-06-07 13:30:00+00:00,MIN,52.28999,-8.02,10.12,30,26,FIRST_LOW
COST,2006-07-03 13:30:00+00:00,MAX,57.58,10.12,-18.74,26,59,FIRST_HIGH
COST,2006-08-31 13:30:00+00:00,MIN,46.78999,-18.74,10.86,59,20,LOWER_LOW
COST,2006-09-20 13:30:00+00:00,MAX,51.87,10.86,-6.02,20,12,LOWER_HIGH
COST,2006-10-02 13:30:00+00:00,MIN,48.75,-6.02,19.55,12,141,HIGHER_LOW
COST,2007-02-20 14:30:00+00:00,MAX,58.28,19.55,-9.87,141,21,HIGHER_HIGH
COST,2007-03-14 13:30:00+00:00,MIN,52.53,-9.87,19.89,21,121,HIGHER_LOW
COST,2007-07-13 13:30:00+00:00,MAX,62.98,19.89,-7.0,121,14,HIGHER_HIGH
COST,2007-07-27 13:30:00+00:00,MIN,58.57001,-7.0,10.89,14,12,HIGHER_LOW
COST,2007-08-08 13:30:00+00:00,MAX,64.95,10.89,-10.81,12,12,HIGHER_HIGH
COST,2007-08-20 13:30:00+00:00,MIN,57.92999,-10.81,6.59,12,11,LOWER_LOW
COST,2007-08-31 13:30:00+00:00,MAX,61.75,6.59,-7.69,11,7,LOWER_HIGH
COST,2007-09-07 13:30:00+00:00,MIN,57.0,-7.69,21.47,7,34,LOWER_LOW
COST,2007-10-11 13:30:00+00:00,MAX,69.24001,21.47,-6.38,34,14,HIGHER_HIGH
COST,2007-10-25 13:30:00+00:00,MIN,64.82001,-6.38,10.81,14,43,HIGHER_LOW
COST,2007-12-07 14:30:00+00:00,MAX,71.83,10.81,-9.55,43,32,HIGHER_HIGH
COST,2008-01-08 14:30:00+00:00,MIN,64.97,-9.55,7.53,32,2,HIGHER_LOW
COST,2008-01-10 14:30:00+00:00,MAX,69.86,7.53,-8.42,2,5,LOWER_HIGH
COST,2008-01-15 14:30:00+00:00,MIN,63.98,-8.42,7.24,5,8,LOWER_LOW
COST,2008-01-23 14:30:00+00:00,MAX,68.61,7.24,-8.42,8,27,LOWER_HIGH
COST,2008-02-19 14:30:00+00:00,MIN,62.83,-8.42,5.78,27,7,LOWER_LOW
COST,2008-02-26 14:30:00+00:00,MAX,66.46001,5.78,-9.66,7,9,LOWER_HIGH
COST,2008-03-06 14:30:00+00:00,MIN,60.03999,-9.66,24.0,9,69,LOWER_LOW
COST,2008-05-15 13:30:00+00:00,MAX,74.45,24.0,-6.8,69,6,HIGHER_HIGH
COST,2008-05-21 13:30:00+00:00,MIN,69.39,-6.8,5.92,6,15,HIGHER_LOW
COST,2008-06-05 13:30:00+00:00,MAX,73.5,5.92,-7.21,15,7,LOWER_HIGH
COST,2008-06-12 13:30:00+00:00,MIN,68.2,-7.21,9.47,7,26,LOWER_LOW
COST,2008-07-08 13:30:00+00:00,MAX,74.66,9.47,-6.82,26,6,HIGHER_HIGH
COST,2008-07-14 13:30:00+00:00,MIN,69.57001,-6.82,6.55,6,3,HIGHER_LOW
COST,2008-07-17 13:30:00+00:00,MAX,74.13,6.55,-18.59,3,11,LOWER_HIGH
COST,2008-07-28 13:30:00+00:00,MIN,60.35001,-18.59,16.6,11,45,LOWER_LOW
COST,2008-09-11 13:30:00+00:00,MAX,70.37,16.6,-23.4,45,29,LOWER_HIGH
COST,2008-10-10 13:30:00+00:00,MIN,53.89999,-23.4,10.43,29,3,LOWER_LOW
COST,2008-10-13 13:30:00+00:00,MAX,59.52,10.43,-9.93,3,2,LOWER_HIGH
COST,2008-10-15 13:30:00+00:00,MIN,53.61,-9.93,8.34,2,5,LOWER_LOW
COST,2008-10-20 13:30:00+00:00,MAX,58.08,8.34,-12.31,5,4,LOWER_HIGH
COST,2008-10-24 13:30:00+00:00,MIN,50.92999,-12.31,12.86,4,4,LOWER_LOW
COST,2008-10-28 13:30:00+00:00,MAX,57.48,12.86,-21.73,4,23,LOWER_HIGH
COST,2008-11-20 14:30:00+00:00,MIN,44.99001,-21.73,14.4,23,8,LOWER_LOW
COST,2008-11-28 14:30:00+00:00,MAX,51.47,14.4,-6.92,8,3,LOWER_HIGH
COST,2008-12-01 14:30:00+00:00,MIN,47.91,-6.92,16.01,3,4,HIGHER_LOW
COST,2008-12-05 14:30:00+00:00,MAX,55.58,16.01,-22.67,4,61,HIGHER_HIGH
COST,2009-02-04 14:30:00+00:00,MIN,42.98,-22.67,5.19,61,2,LOWER_LOW
COST,2009-02-06 14:30:00+00:00,MAX,45.21001,5.19,-14.97,2,30,LOWER_HIGH
COST,2009-03-09 13:30:00+00:00,MIN,38.44,-14.97,27.24,30,25,LOWER_LOW
COST,2009-04-03 13:30:00+00:00,MAX,48.91,27.24,-9.34,25,17,HIGHER_HIGH
COST,2009-04-20 13:30:00+00:00,MIN,44.34,-9.34,9.61,17,10,HIGHER_LOW
COST,2009-04-30 13:30:00+00:00,MAX,48.60001,9.61,-7.92,10,15,LOWER_HIGH
COST,2009-05-15 13:30:00+00:00,MIN,44.75,-7.92,11.06,15,17,HIGHER_LOW
COST,2009-06-01 13:30:00+00:00,MAX,49.7,11.06,-10.38,17,36,HIGHER_HIGH
COST,2009-07-07 13:30:00+00:00,MIN,44.53999,-10.38,12.48,36,31,LOWER_LOW
COST,2009-08-07 13:30:00+00:00,MAX,50.10001,12.48,-5.39,31,11,HIGHER_HIGH
COST,2009-08-18 13:30:00+00:00,MIN,47.39999,-5.39,28.95,11,90,HIGHER_LOW
COST,2009-11-16 14:30:00+00:00,MAX,61.12,28.95,-6.63,90,67,HIGHER_HIGH
COST,2010-01-22 14:30:00+00:00,MIN,57.07001,-6.63,8.18,67,73,HIGHER_LOW
COST,2010-04-06 13:30:00+00:00,MAX,61.74001,8.18,-9.33,73,50,HIGHER_HIGH
COST,2010-05-26 13:30:00+00:00,MIN,55.98,-9.33,5.31,50,7,LOWER_LOW
COST,2010-06-02 13:30:00+00:00,MAX,58.95,5.31,-5.26,7,5,LOWER_HIGH
COST,2010-06-07 13:30:00+00:00,MIN,55.85001,-5.26,5.93,5,8,LOWER_LOW
COST,2010-06-15 13:30:00+00:00,MAX,59.16,5.93,-9.38,8,36,HIGHER_HIGH
COST,2010-07-21 13:30:00+00:00,MIN,53.61,-9.38,40.7,36,212,LOWER_LOW
COST,2011-02-18 14:30:00+00:00,MAX,75.42999,40.7,-7.52,212,25,HIGHER_HIGH
COST,2011-03-16 13:30:00+00:00,MIN,69.75999,-7.52,20.21,25,64,HIGHER_LOW
COST,2011-05-19 13:30:00+00:00,MAX,83.86,20.21,-7.36,64,18,HIGHER_HIGH
COST,2011-06-06 13:30:00+00:00,MIN,77.69,-7.36,6.37,18,30,HIGHER_LOW
COST,2011-07-06 13:30:00+00:00,MAX,82.64,6.37,-14.55,30,33,LOWER_HIGH
COST,2011-08-08 13:30:00+00:00,MIN,70.62,-14.55,5.72,33,1,LOWER_LOW
COST,2011-08-09 13:30:00+00:00,MAX,74.66,5.72,-5.72,1,1,LOWER_HIGH
COST,2011-08-10 13:30:00+00:00,MIN,70.39,-5.72,20.86,1,41,LOWER_LOW
COST,2011-09-20 13:30:00+00:00,MAX,85.07001,20.86,-7.11,41,17,HIGHER_HIGH
COST,2011-10-07 13:30:00+00:00,MIN,79.02,-7.11,7.95,17,14,HIGHER_LOW
COST,2011-10-21 13:30:00+00:00,MAX,85.3,7.95,-5.32,14,33,HIGHER_HIGH
COST,2011-11-23 14:30:00+00:00,MIN,80.75999,-5.32,9.04,33,13,HIGHER_LOW
COST,2011-12-06 14:30:00+00:00,MAX,88.06,9.04,-10.28,13,34,HIGHER_HIGH
COST,2012-01-09 14:30:00+00:00,MIN,79.00999,-10.28,16.24,34,83,LOWER_LOW
COST,2012-04-02 13:30:00+00:00,MAX,91.84,16.24,-10.04,83,37,HIGHER_HIGH
COST,2012-05-09 13:30:00+00:00,MIN,82.62,-10.04,24.36,37,127,HIGHER_LOW
COST,2012-09-13 13:30:00+00:00,MAX,102.75,24.36,-8.06,127,62,HIGHER_HIGH
COST,2012-11-14 14:30:00+00:00,MIN,94.47,-8.06,12.15,62,21,HIGHER_LOW
COST,2012-12-05 14:30:00+00:00,MAX,105.9483,12.15,-8.52,21,9,HIGHER_HIGH
COST,2012-12-14 14:30:00+00:00,MIN,96.9173,-8.52,18.48,9,164,HIGHER_LOW
COST,2013-05-28 13:30:00+00:00,MAX,114.83,18.48,-6.33,164,23,HIGHER_HIGH
COST,2013-06-20 13:30:00+00:00,MIN,107.56,-6.33,11.63,23,46,HIGHER_LOW
COST,2013-08-05 13:30:00+00:00,MAX,120.07001,11.63,-8.0,46,23,HIGHER_HIGH
COST,2013-08-28 13:30:00+00:00,MIN,110.46001,-8.0,7.96,23,14,HIGHER_LOW
COST,2013-09-11 13:30:00+00:00,MAX,119.25,7.96,-5.9,14,27,LOWER_HIGH
COST,2013-10-08 13:30:00+00:00,MIN,112.21001,-5.9,11.78,27,52,HIGHER_LOW
COST,2013-11-29 14:30:00+00:00,MAX,125.43,11.78,-12.16,52,66,HIGHER_HIGH
COST,2014-02-03 14:30:00+00:00,MIN,110.18,-12.16,6.01,66,25,LOWER_LOW
COST,2014-02-28 14:30:00+00:00,MAX,116.8,6.01,-5.27,25,34,LOWER_HIGH
COST,2014-04-04 13:30:00+00:00,MIN,110.65,-5.27,40.91,34,306,HIGHER_LOW
COST,2015-02-04 14:30:00+00:00,MAX,155.92,40.91,-13.38,306,145,HIGHER_HIGH
COST,2015-06-30 13:30:00+00:00,MIN,135.06,-13.38,8.76,145,36,HIGHER_LOW
COST,2015-08-05 13:30:00+00:00,MAX,146.89,8.76,-9.65,36,20,LOWER_HIGH
COST,2015-08-25 13:30:00+00:00,MIN,132.71,-9.65,27.25,20,105,LOWER_LOW
COST,2015-12-08 14:30:00+00:00,MAX,168.87,27.25,-15.15,105,58,HIGHER_HIGH
COST,2016-02-04 14:30:00+00:00,MIN,143.28,-15.15,10.45,58,56,HIGHER_LOW
COST,2016-04-01 13:30:00+00:00,MAX,158.25,10.45,-10.72,56,47,LOWER_HIGH
COST,2016-05-18 13:30:00+00:00,MIN,141.29,-10.72,19.64,47,86,LOWER_LOW
COST,2016-08-12 13:30:00+00:00,MAX,169.04,19.64,-15.85,86,84,HIGHER_HIGH
COST,2016-11-04 13:30:00+00:00,MIN,142.24,-15.85,25.13,84,118,HIGHER_LOW
COST,2017-03-02 14:30:00+00:00,MAX,177.98,25.13,-7.55,118,10,HIGHER_HIGH
COST,2017-03-13 13:30:00+00:00,MIN,164.55,-7.55,10.88,10,52,HIGHER_LOW
COST,2017-05-04 13:30:00+00:00,MAX,182.45,10.88,-7.29,52,13,HIGHER_HIGH
COST,2017-05-17 13:30:00+00:00,MIN,169.15,-7.29,7.72,13,21,HIGHER_LOW
COST,2017-06-07 13:30:00+00:00,MAX,182.2,7.72,-17.43,21,44,LOWER_HIGH
COST,2017-07-21 13:30:00+00:00,MIN,150.44,-17.43,7.21,44,12,LOWER_LOW
COST,2017-08-02 13:30:00+00:00,MAX,161.28,7.21,-6.17,12,22,LOWER_HIGH
COST,2017-08-24 13:30:00+00:00,MIN,151.33,-6.17,10.4,22,42,HIGHER_LOW
COST,2017-10-05 13:30:00+00:00,MAX,167.07,10.4,-7.46,42,4,HIGHER_HIGH
COST,2017-10-09 13:30:00+00:00,MIN,154.61,-7.46,28.65,4,109,HIGHER_LOW
COST,2018-01-26 14:30:00+00:00,MAX,198.91,28.65,-10.21,109,13,HIGHER_HIGH
COST,2018-02-08 14:30:00+00:00,MIN,178.61,-10.21,7.95,13,18,HIGHER_LOW
COST,2018-02-26 14:30:00+00:00,MAX,192.81,7.95,-6.21,18,24,LOWER_HIGH
COST,2018-03-23 13:30:00+00:00,MIN,180.84,-6.21,35.04,24,172,HIGHER_LOW
COST,2018-09-11 13:30:00+00:00,MAX,244.21,35.04,-10.65,172,45,HIGHER_HIGH
COST,2018-10-26 13:30:00+00:00,MIN,218.19,-10.65,10.17,45,12,HIGHER_LOW
COST,2018-11-07 14:30:00+00:00,MAX,240.37,10.17,-9.07,12,14,LOWER_HIGH
COST,2018-11-21 14:30:00+00:00,MIN,218.57,-9.07,6.69,14,15,HIGHER_LOW
COST,2018-12-06 14:30:00+00:00,MAX,233.2,6.69,-18.53,15,18,LOWER_HIGH
COST,2018-12-24 14:30:00+00:00,MIN,189.99,-18.53,48.91,18,205,LOWER_LOW
COST,2019-07-18 13:30:00+00:00,MAX,282.91,48.91,-6.3,205,18,HIGHER_HIGH
COST,2019-08-05 13:30:00+00:00,MIN,265.1,-6.3,14.58,18,32,HIGHER_LOW
COST,2019-09-06 13:30:00+00:00,MAX,303.76,14.58,-6.53,32,25,HIGHER_HIGH
COST,2019-10-01 13:30:00+00:00,MIN,283.93,-6.53,14.14,25,142,HIGHER_LOW
COST,2020-02-20 14:30:00+00:00,MAX,324.08,14.14,-13.25,142,8,HIGHER_HIGH
COST,2020-02-28 14:30:00+00:00,MIN,281.14,-13.25,14.09,8,5,LOWER_LOW
COST,2020-03-04 14:30:00+00:00,MAX,320.74,14.09,-12.75,5,7,LOWER_HIGH
COST,2020-03-12 13:30:00+00:00,MIN,279.85,-12.75,8.01,7,1,LOWER_LOW
COST,2020-03-13 13:30:00+00:00,MAX,302.27,8.01,-6.32,1,3,LOWER_HIGH
COST,2020-03-16 13:30:00+00:00,MIN,283.18,-6.32,8.59,3,2,HIGHER_LOW
COST,2020-03-18 13:30:00+00:00,MAX,307.5,8.59,-8.66,2,7,HIGHER_HIGH
COST,2020-03-25 13:30:00+00:00,MIN,280.86,-8.66,14.49,7,22,LOWER_LOW
COST,2020-04-16 13:30:00+00:00,MAX,321.56,14.49,-7.77,22,71,HIGHER_HIGH
COST,2020-06-26 13:30:00+00:00,MIN,296.56,-7.77,21.01,71,68,HIGHER_LOW
COST,2020-09-02 13:30:00+00:00,MAX,358.86,21.01,-6.38,68,16,HIGHER_HIGH
COST,2020-09-18 13:30:00+00:00,MIN,335.96,-6.38,13.57,16,28,HIGHER_LOW
COST,2020-10-16 13:30:00+00:00,MAX,381.54,13.57,-6.27,28,14,HIGHER_HIGH
COST,2020-10-30 13:30:00+00:00,MIN,357.62,-6.27,7.84,14,7,HIGHER_LOW
COST,2020-11-06 14:30:00+00:00,MAX,385.66,7.84,-5.36,7,3,HIGHER_HIGH
COST,2020-11-09 14:30:00+00:00,MIN,365.0,-5.36,7.33,3,21,HIGHER_LOW
COST,2020-11-30 14:30:00+00:00,MAX,391.77,7.33,-7.63,21,23,HIGHER_HIGH
COST,2020-12-23 14:30:00+00:00,MIN,361.89,-7.63,5.05,23,12,LOWER_LOW
COST,2021-01-04 14:30:00+00:00,MAX,380.15,5.05,-18.08,12,63,LOWER_HIGH
COST,2021-03-08 14:30:00+00:00,MIN,311.42,-18.08,20.12,63,43,LOWER_LOW
COST,2021-04-21 13:30:00+00:00,MAX,374.09,20.12,-5.63,43,8,LOWER_HIGH
COST,2021-04-30 00:00:00+00:00,MIN,353.0308532714844,-5.63,25.94,8,147,HIGHER_LOW
COST,2021-09-24 00:00:00+00:00,MAX,444.622802734375,25.94,-5.9,147,10,HIGHER_HIGH
COST,2021-10-04 00:00:00+00:00,MIN,418.37799072265625,-5.9,26.27,10,56,HIGHER_LOW
COST,2021-11-29 00:00:00+00:00,MAX,528.298095703125,26.27,-5.51,56,10,HIGHER_HIGH
COST,2021-12-09 00:00:00+00:00,MIN,499.2117919921875,-5.51,8.28,10,20,HIGHER_LOW
COST,2021-12-29 00:00:00+00:00,MAX,540.5706176757812,8.28,-15.93,20,27,HIGHER_HIGH
COST,2022-01-25 00:00:00+00:00,MIN,454.4537353515625,-15.93,10.96,27,15,LOWER_LOW
COST,2022-02-09 00:00:00+00:00,MAX,504.2592468261719,10.96,-6.35,15,14,LOWER_HIGH
COST,2022-02-23 00:00:00+00:00,MIN,472.24896240234375,-6.35,22.77,14,43,HIGHER_LOW
COST,2022-04-07 00:00:00+00:00,MAX,579.79833984375,22.77,-31.4,43,43,HIGHER_HIGH
COST,2022-05-20 00:00:00+00:00,MIN,397.7276916503906,-31.4,17.09,43,13,LOWER_LOW
COST,2022-06-02 00:00:00+00:00,MAX,465.7108459472656,17.09,-8.39,13,15,LOWER_HIGH
COST,2022-06-17 00:00:00+00:00,MIN,426.62860107421875,-8.39,25.8,15,62,HIGHER_LOW
COST,2022-08-18 00:00:00+00:00,MAX,536.6913452148438,25.8,-18.95,62,57,HIGHER_HIGH
COST,2022-10-14 00:00:00+00:00,MIN,434.9805603027344,-18.95,12.57,57,14,HIGHER_LOW
COST,2022-10-28 00:00:00+00:00,MAX,489.6507873535156,12.57,-5.36,14,5,LOWER_HIGH
COST,2022-11-02 00:00:00+00:00,MIN,463.42718505859375,-5.36,11.53,5,28,HIGHER_LOW
COST,2022-11-30 00:00:00+00:00,MAX,516.8519897460938,11.53,-16.52,28,36,HIGHER_HIGH
COST,2023-01-05 00:00:00+00:00,MIN,431.4910888671875,-16.52,16.47,36,28,LOWER_LOW
COST,2023-02-02 00:00:00+00:00,MAX,502.5623779296875,16.47,-9.99,28,36,LOWER_HIGH
COST,2023-03-10 00:00:00+00:00,MIN,452.3570861816406,-9.99,8.55,36,45,HIGHER_LOW
COST,2023-04-24 00:00:00+00:00,MAX,491.0312805175781,8.55,-5.41,45,30,LOWER_HIGH
COST,2023-05-24 00:00:00+00:00,MIN,464.48052978515625,-5.41,17.28,30,63,HIGHER_LOW
COST,2023-07-26 00:00:00+00:00,MAX,544.7322998046875,17.28,-5.91,63,29,HIGHER_HIGH
COST,2023-08-24 00:00:00+00:00,MIN,512.5437622070312,-5.91,8.07,29,55,HIGHER_LOW
COST,2023-10-18 00:00:00+00:00,MAX,553.9261474609375,8.07,-5.5,55,9,HIGHER_HIGH
COST,2023-10-27 00:00:00+00:00,MIN,523.4556884765625,-5.5,48.45,9,132,HIGHER_LOW
COST,2024-03-07 00:00:00+00:00,MAX,777.0548706054688,48.45,-10.27,132,28,HIGHER_HIGH
COST,2024-04-04 00:00:00+00:00,MIN,697.2217407226562,-10.27,26.02,28,96,HIGHER_LOW
COST,2024-07-09 00:00:00+00:00,MAX,878.6226196289062,26.02,-9.46,96,27,HIGHER_HIGH
COST,2024-08-05 00:00:00+00:00,MIN,795.5224609375,-9.46,24.22,27,128,HIGHER_LOW
COST,2024-12-11 00:00:00+00:00,MAX,988.176513671875,24.22,-8.53,128,22,HIGHER_HIGH
COST,2025-01-02 00:00:00+00:00,MIN,903.852294921875,-8.53,18.49,22,42,HIGHER_LOW
COST,2025-02-13 00:00:00+00:00,MAX,1070.990478515625,18.49,-17.29,42,28,HIGHER_HIGH
COST,2025-03-13 00:00:00+00:00,MIN,885.765625,-17.29,8.59,28,21,LOWER_LOW
COST,2025-04-03 00:00:00+00:00,MAX,961.808837890625,8.59,-6.1,21,4,LOWER_HIGH
COST,2025-04-07 00:00:00+00:00,MIN,903.18017578125,-6.1,16.53,4,56,HIGHER_LOW
COST,2025-06-02 00:00:00+00:00,MAX,1052.458984375,16.53,-12.24,56,58,HIGHER_HIGH
COST,2025-07-30 00:00:00+00:00,MIN,923.6564331054688,-12.24,7.38,58,21,HIGHER_LOW
COST,2025-08-20 00:00:00+00:00,MAX,991.8099365234375,7.38,-14.42,21,124,LOWER_HIGH
COST,2025-12-22 00:00:00+00:00,MIN,848.84033203125,-14.42,19.98,124,53,LOWER_LOW
COST,2026-02-13 00:00:00+00:00,MAX,1018.47998046875,19.98,-5.18,53,38,HIGHER_HIGH
COST,2026-03-23 00:00:00+00:00,MIN,965.72998046875,-5.18,6.87,38,17,HIGHER_LOW
COST,2026-04-09 00:00:00+00:00,MAX,1032.030029296875,6.87,-5.55,17,5,HIGHER_HIGH
HD,2006-07-18 13:30:00+00:00,MIN,33.13,-24.38,6.37,116,7,FIRST_LOW
HD,2006-07-25 13:30:00+00:00,MAX,35.24001,6.37,-5.62,7,20,FIRST_HIGH
HD,2006-08-14 13:30:00+00:00,MIN,33.25999,-5.62,14.01,20,58,HIGHER_LOW
HD,2006-10-11 13:30:00+00:00,MAX,37.92,14.01,-5.7,58,6,HIGHER_HIGH
HD,2006-10-17 13:30:00+00:00,MIN,35.75999,-5.7,16.78,6,119,HIGHER_LOW
HD,2007-02-13 14:30:00+00:00,MAX,41.75999,16.78,-12.02,119,44,HIGHER_HIGH
HD,2007-03-30 13:30:00+00:00,MIN,36.74001,-12.02,8.33,44,66,HIGHER_LOW
HD,2007-06-04 13:30:00+00:00,MAX,39.8,8.33,-6.13,66,8,LOWER_HIGH
HD,2007-06-12 13:30:00+00:00,MIN,37.36,-6.13,9.58,8,30,HIGHER_LOW
HD,2007-07-12 13:30:00+00:00,MAX,40.94,9.58,-19.83,30,35,HIGHER_HIGH
HD,2007-08-16 13:30:00+00:00,MIN,32.82001,-19.83,16.73,35,15,LOWER_LOW
HD,2007-08-31 13:30:00+00:00,MAX,38.31,16.73,-11.75,15,10,LOWER_HIGH
HD,2007-09-10 13:30:00+00:00,MIN,33.81,-11.75,7.54,10,8,HIGHER_LOW
HD,2007-09-18 13:30:00+00:00,MAX,36.36,7.54,-10.78,8,10,LOWER_HIGH
HD,2007-09-28 13:30:00+00:00,MIN,32.44,-10.78,5.49,10,7,LOWER_LOW
HD,2007-10-05 13:30:00+00:00,MAX,34.22,5.49,-20.66,7,53,LOWER_HIGH
HD,2007-11-27 14:30:00+00:00,MIN,27.14999,-20.66,8.99,53,13,LOWER_LOW
HD,2007-12-10 14:30:00+00:00,MAX,29.59,8.99,-16.49,13,32,LOWER_HIGH
HD,2008-01-11 14:30:00+00:00,MIN,24.71001,-16.49,24.0,32,20,LOWER_LOW
HD,2008-01-31 14:30:00+00:00,MAX,30.64,24.0,-10.87,20,19,HIGHER_HIGH
HD,2008-02-19 14:30:00+00:00,MIN,27.31,-10.87,5.86,19,8,HIGHER_LOW
HD,2008-02-27 14:30:00+00:00,MAX,28.91,5.86,-13.52,8,11,LOWER_HIGH
HD,2008-03-10 13:30:00+00:00,MIN,25.0,-13.52,17.04,11,14,LOWER_LOW
HD,2008-03-24 13:30:00+00:00,MAX,29.25999,17.04,-6.43,14,4,HIGHER_HIGH
HD,2008-03-28 13:30:00+00:00,MIN,27.38,-6.43,7.71,4,4,HIGHER_LOW
HD,2008-04-01 13:30:00+00:00,MAX,29.49001,7.71,-6.17,4,8,HIGHER_HIGH
HD,2008-04-09 13:30:00+00:00,MIN,27.67,-6.17,8.85,8,23,HIGHER_LOW
HD,2008-05-02 13:30:00+00:00,MAX,30.12,8.85,-7.3,23,6,HIGHER_HIGH
HD,2008-05-08 13:30:00+00:00,MIN,27.92,-7.3,5.77,6,7,HIGHER_LOW
HD,2008-05-15 13:30:00+00:00,MAX,29.53,5.77,-12.26,7,27,LOWER_HIGH
HD,2008-06-11 13:30:00+00:00,MIN,25.91,-12.26,6.25,27,2,LOWER_LOW
HD,2008-06-13 13:30:00+00:00,MAX,27.53,6.25,-22.05,2,32,LOWER_HIGH
HD,2008-07-15 13:30:00+00:00,MIN,21.46001,-22.05,16.64,32,8,LOWER_LOW
HD,2008-07-23 13:30:00+00:00,MAX,25.03,16.64,-7.47,8,5,LOWER_HIGH
HD,2008-07-28 13:30:00+00:00,MIN,23.16,-7.47,18.87,5,18,HIGHER_LOW
HD,2008-08-15 13:30:00+00:00,MAX,27.53,18.87,-5.7,18,4,HIGHER_HIGH
HD,2008-08-19 13:30:00+00:00,MIN,25.96001,-5.7,16.18,4,20,HIGHER_LOW
HD,2008-09-08 13:30:00+00:00,MAX,30.16,16.18,-15.05,20,9,HIGHER_HIGH
HD,2008-09-17 13:30:00+00:00,MIN,25.62,-15.05,6.83,9,2,LOWER_LOW
HD,2008-09-19 13:30:00+00:00,MAX,27.37,6.83,-8.59,2,5,LOWER_HIGH
HD,2008-09-24 13:30:00+00:00,MIN,25.02,-8.59,5.76,5,2,LOWER_LOW
HD,2008-09-26 13:30:00+00:00,MAX,26.46001,5.76,-25.36,2,14,LOWER_HIGH
HD,2008-10-10 13:30:00+00:00,MIN,19.75,-25.36,9.92,14,3,LOWER_LOW
HD,2008-10-13 13:30:00+00:00,MAX,21.71001,9.92,-9.26,3,3,LOWER_HIGH
HD,2008-10-16 13:30:00+00:00,MIN,19.7,-9.26,5.48,3,4,LOWER_LOW
HD,2008-10-20 13:30:00+00:00,MAX,20.78,5.48,-10.92,4,4,LOWER_HIGH
HD,2008-10-24 13:30:00+00:00,MIN,18.50999,-10.92,27.44,4,7,LOWER_LOW
HD,2008-10-31 13:30:00+00:00,MAX,23.59,27.44,-5.81,7,3,HIGHER_HIGH
HD,2008-11-03 14:30:00+00:00,MIN,22.22,-5.81,5.27,3,1,HIGHER_LOW
HD,2008-11-04 14:30:00+00:00,MAX,23.39,5.27,-15.35,1,8,LOWER_HIGH
HD,2008-11-12 14:30:00+00:00,MIN,19.8,-15.35,12.27,8,1,LOWER_LOW
HD,2008-11-13 14:30:00+00:00,MAX,22.23,12.27,-16.69,1,7,LOWER_HIGH
HD,2008-11-20 14:30:00+00:00,MIN,18.52,-16.69,27.16,7,6,LOWER_LOW
HD,2008-11-26 14:30:00+00:00,MAX,23.55,27.16,-9.94,6,5,HIGHER_HIGH
HD,2008-12-01 14:30:00+00:00,MIN,21.21001,-9.94,15.04,5,4,HIGHER_LOW
HD,2008-12-05 14:30:00+00:00,MAX,24.39999,15.04,-5.78,4,6,HIGHER_HIGH
HD,2008-12-11 14:30:00+00:00,MIN,22.99001,-5.78,7.44,6,6,HIGHER_LOW
HD,2008-12-17 14:30:00+00:00,MAX,24.7,7.44,-6.8,6,14,HIGHER_HIGH
HD,2008-12-31 14:30:00+00:00,MIN,23.02,-6.8,9.73,14,6,HIGHER_LOW
HD,2009-01-06 14:30:00+00:00,MAX,25.25999,9.73,-13.26,6,8,HIGHER_HIGH
HD,2009-01-14 14:30:00+00:00,MIN,21.91,-13.26,5.89,8,2,LOWER_LOW
HD,2009-01-16 14:30:00+00:00,MAX,23.2,5.89,-6.38,2,7,LOWER_HIGH
HD,2009-01-23 14:30:00+00:00,MIN,21.72,-6.38,5.89,7,5,LOWER_LOW
HD,2009-01-28 14:30:00+00:00,MAX,23.0,5.89,-6.39,5,2,LOWER_HIGH
HD,2009-01-30 14:30:00+00:00,MIN,21.53,-6.39,9.29,2,7,LOWER_LOW
HD,2009-02-06 14:30:00+00:00,MAX,23.53,9.29,-20.48,7,17,HIGHER_HIGH
HD,2009-02-23 14:30:00+00:00,MIN,18.71001,-20.48,11.65,17,4,LOWER_LOW
HD,2009-02-27 14:30:00+00:00,MAX,20.89,11.65,-13.83,4,7,LOWER_HIGH
HD,2009-03-06 14:30:00+00:00,MIN,18.0,-13.83,46.33,7,53,LOWER_LOW
HD,2009-04-29 13:30:00+00:00,MAX,26.34,46.33,-7.37,53,16,HIGHER_HIGH
HD,2009-05-15 13:30:00+00:00,MIN,24.39999,-7.37,6.64,16,3,HIGHER_LOW
HD,2009-05-18 13:30:00+00:00,MAX,26.02,6.64,-12.76,3,10,LOWER_HIGH
HD,2009-05-28 13:30:00+00:00,MIN,22.7,-12.76,8.24,10,7,LOWER_LOW
HD,2009-06-04 13:30:00+00:00,MAX,24.57001,8.24,-7.69,7,20,LOWER_HIGH
HD,2009-06-24 13:30:00+00:00,MIN,22.67999,-7.69,5.25,20,5,LOWER_LOW
HD,2009-06-29 13:30:00+00:00,MAX,23.87,5.25,-6.16,5,8,LOWER_HIGH
HD,2009-07-07 13:30:00+00:00,MIN,22.39999,-6.16,23.57,8,37,LOWER_LOW
HD,2009-08-13 13:30:00+00:00,MAX,27.67999,23.57,-5.67,37,4,HIGHER_HIGH
HD,2009-08-17 13:30:00+00:00,MIN,26.11,-5.67,8.12,4,32,HIGHER_LOW
HD,2009-09-18 13:30:00+00:00,MAX,28.23,8.12,-7.79,32,14,HIGHER_HIGH
HD,2009-10-02 13:30:00+00:00,MIN,26.03,-7.79,6.15,14,17,LOWER_LOW
HD,2009-10-19 13:30:00+00:00,MAX,27.63,6.15,-9.66,17,16,LOWER_HIGH
HD,2009-11-04 14:30:00+00:00,MIN,24.96001,-9.66,17.35,16,48,LOWER_LOW
HD,2009-12-22 14:30:00+00:00,MAX,29.28999,17.35,-6.66,48,37,HIGHER_HIGH
HD,2010-01-28 14:30:00+00:00,MIN,27.34,-6.66,33.47,37,87,HIGHER_LOW
HD,2010-04-26 13:30:00+00:00,MAX,36.49001,33.47,-8.39,87,11,HIGHER_HIGH
HD,2010-05-07 13:30:00+00:00,MIN,33.42999,-8.39,7.36,11,5,HIGHER_LOW
HD,2010-05-12 13:30:00+00:00,MAX,35.89,7.36,-8.36,5,8,LOWER_HIGH
HD,2010-05-20 13:30:00+00:00,MIN,32.89,-8.36,5.05,8,7,LOWER_LOW
HD,2010-05-27 13:30:00+00:00,MAX,34.55,5.05,-21.65,7,53,LOWER_HIGH
HD,2010-07-19 13:30:00+00:00,MIN,27.07001,-21.65,7.57,53,14,LOWER_LOW
HD,2010-08-02 13:30:00+00:00,MAX,29.12,7.57,-6.22,14,11,LOWER_HIGH
HD,2010-08-13 13:30:00+00:00,MIN,27.31,-6.22,16.95,11,83,HIGHER_LOW
HD,2010-11-04 13:30:00+00:00,MAX,31.94,16.95,-5.42,83,26,HIGHER_HIGH
HD,2010-11-30 14:30:00+00:00,MIN,30.21001,-5.42,27.37,26,80,HIGHER_LOW
HD,2011-02-18 14:30:00+00:00,MAX,38.48,27.37,-7.28,80,25,HIGHER_HIGH
HD,2011-03-16 13:30:00+00:00,MIN,35.67999,-7.28,6.98,25,30,HIGHER_LOW
HD,2011-04-15 13:30:00+00:00,MAX,38.17,6.98,-12.31,30,56,LOWER_HIGH
HD,2011-06-10 13:30:00+00:00,MIN,33.47,-12.31,10.7,56,27,LOWER_LOW
HD,2011-07-07 13:30:00+00:00,MAX,37.05,10.7,-23.05,27,34,LOWER_HIGH
HD,2011-08-10 13:30:00+00:00,MIN,28.50999,-23.05,20.55,34,14,LOWER_LOW
HD,2011-08-24 13:30:00+00:00,MAX,34.37,20.55,-7.27,14,16,LOWER_HIGH
HD,2011-09-09 13:30:00+00:00,MIN,31.87,-7.27,9.22,16,11,HIGHER_LOW
HD,2011-09-20 13:30:00+00:00,MAX,34.81,9.22,-9.25,11,13,HIGHER_HIGH
HD,2011-10-03 13:30:00+00:00,MIN,31.59,-9.25,66.86,13,212,LOWER_LOW
HD,2012-05-02 13:30:00+00:00,MAX,52.71001,66.86,-10.79,212,15,HIGHER_HIGH
HD,2012-05-17 13:30:00+00:00,MIN,47.02,-10.79,34.41,15,141,HIGHER_LOW
HD,2012-10-05 13:30:00+00:00,MAX,63.2,34.41,-6.63,141,6,HIGHER_HIGH
HD,2012-10-11 13:30:00+00:00,MIN,59.00999,-6.63,10.27,6,50,HIGHER_LOW
HD,2012-11-30 14:30:00+00:00,MAX,65.07001,10.27,-6.79,50,28,HIGHER_HIGH
HD,2012-12-28 14:30:00+00:00,MIN,60.64999,-6.79,11.82,28,28,HIGHER_LOW
HD,2013-01-25 14:30:00+00:00,MAX,67.82001,11.82,-5.75,28,31,HIGHER_HIGH
HD,2013-02-25 14:30:00+00:00,MIN,63.92,-5.75,24.87,31,91,HIGHER_LOW
HD,2013-05-28 13:30:00+00:00,MAX,79.82001,24.87,-7.91,91,27,HIGHER_HIGH
HD,2013-06-24 13:30:00+00:00,MIN,73.50999,-7.91,9.56,27,18,HIGHER_LOW
HD,2013-07-12 13:30:00+00:00,MAX,80.53999,9.56,-9.73,18,56,HIGHER_HIGH
HD,2013-09-06 13:30:00+00:00,MIN,72.7,-9.73,7.99,56,13,LOWER_LOW
HD,2013-09-19 13:30:00+00:00,MAX,78.50999,7.99,-5.57,13,20,LOWER_HIGH
HD,2013-10-09 13:30:00+00:00,MIN,74.14,-5.57,11.06,20,83,HIGHER_LOW
HD,2013-12-31 14:30:00+00:00,MAX,82.34,11.06,-8.95,83,35,HIGHER_HIGH
HD,2014-02-04 14:30:00+00:00,MIN,74.97,-8.95,10.59,35,29,HIGHER_LOW
HD,2014-03-05 14:30:00+00:00,MAX,82.91,10.59,-8.7,29,36,HIGHER_HIGH
HD,2014-04-11 13:30:00+00:00,MIN,75.7,-8.7,24.29,36,180,HIGHER_LOW
HD,2014-10-08 13:30:00+00:00,MAX,94.09,24.29,-6.63,180,7,HIGHER_HIGH
HD,2014-10-15 13:30:00+00:00,MIN,87.85,-6.63,21.48,7,85,HIGHER_LOW
HD,2015-01-08 14:30:00+00:00,MAX,106.72,21.48,-5.35,85,7,HIGHER_HIGH
HD,2015-01-15 14:30:00+00:00,MIN,101.01,-5.35,16.32,7,63,HIGHER_LOW
HD,2015-03-20 13:30:00+00:00,MAX,117.49,16.32,-8.95,63,41,HIGHER_HIGH
HD,2015-04-30 13:30:00+00:00,MIN,106.98,-8.95,14.79,41,110,HIGHER_LOW
HD,2015-08-18 13:30:00+00:00,MAX,122.8,14.79,-9.63,110,7,HIGHER_HIGH
HD,2015-08-25 13:30:00+00:00,MIN,110.97,-9.63,21.42,7,94,HIGHER_LOW
HD,2015-11-27 14:30:00+00:00,MAX,134.74,21.42,-13.57,94,54,HIGHER_HIGH
HD,2016-01-20 14:30:00+00:00,MIN,116.46,-13.57,8.63,54,12,HIGHER_LOW
HD,2016-02-01 14:30:00+00:00,MAX,126.51,8.63,-11.59,12,7,LOWER_HIGH
HD,2016-02-08 14:30:00+00:00,MIN,111.85,-11.59,22.94,7,91,LOWER_LOW
HD,2016-05-10 13:30:00+00:00,MAX,137.51,22.94,-9.34,91,48,HIGHER_HIGH
HD,2016-06-27 13:30:00+00:00,MIN,124.67,-9.34,11.31,48,35,HIGHER_LOW
HD,2016-08-01 13:30:00+00:00,MAX,138.77,11.31,-13.61,35,92,HIGHER_HIGH
HD,2016-11-01 13:30:00+00:00,MIN,119.89,-13.61,32.46,92,230,LOWER_LOW
HD,2017-06-19 13:30:00+00:00,MAX,158.81,32.46,-8.96,230,35,HIGHER_HIGH
HD,2017-07-24 13:30:00+00:00,MIN,144.58,-8.96,7.39,35,16,HIGHER_LOW
HD,2017-08-09 13:30:00+00:00,MAX,155.26,7.39,-5.0,16,9,LOWER_HIGH
HD,2017-08-18 13:30:00+00:00,MIN,147.49,-5.0,40.5,9,161,HIGHER_LOW
HD,2018-01-26 14:30:00+00:00,MAX,207.23,40.5,-17.1,161,55,HIGHER_HIGH
HD,2018-03-23 13:30:00+00:00,MIN,171.8,-17.1,24.48,55,172,HIGHER_LOW
HD,2018-09-11 13:30:00+00:00,MAX,213.85,24.48,-19.46,172,45,HIGHER_HIGH
HD,2018-10-26 13:30:00+00:00,MIN,172.23,-19.46,9.16,45,13,HIGHER_LOW
HD,2018-11-08 14:30:00+00:00,MAX,188.0,9.16,-10.19,13,15,LOWER_HIGH
HD,2018-11-23 14:30:00+00:00,MIN,168.85,-10.19,7.63,15,10,LOWER_LOW
HD,2018-12-03 14:30:00+00:00,MAX,181.74,7.63,-12.99,10,21,LOWER_HIGH
HD,2018-12-24 14:30:00+00:00,MIN,158.14,-12.99,21.66,21,53,LOWER_LOW
HD,2019-02-15 14:30:00+00:00,MAX,192.39,21.66,-5.85,53,25,HIGHER_HIGH
HD,2019-03-13 13:30:00+00:00,MIN,181.14,-5.85,14.12,25,42,HIGHER_LOW
HD,2019-04-24 13:30:00+00:00,MAX,206.72,14.12,-8.62,42,28,HIGHER_HIGH
HD,2019-05-22 13:30:00+00:00,MIN,188.91,-8.62,15.77,28,54,HIGHER_LOW
HD,2019-07-15 13:30:00+00:00,MAX,218.7,15.77,-7.82,54,30,HIGHER_HIGH
HD,2019-08-14 13:30:00+00:00,MIN,201.59,-7.82,18.48,30,96,HIGHER_LOW
HD,2019-11-18 14:30:00+00:00,MAX,238.85,18.48,-11.24,96,23,HIGHER_HIGH
HD,2019-12-11 14:30:00+00:00,MIN,212.0,-11.24,16.52,23,71,HIGHER_LOW
HD,2020-02-20 14:30:00+00:00,MAX,247.02,16.52,-11.81,71,8,HIGHER_HIGH
HD,2020-02-28 14:30:00+00:00,MIN,217.84,-11.81,10.67,8,5,HIGHER_LOW
HD,2020-03-04 14:30:00+00:00,MAX,241.08,10.67,-12.7,5,4,LOWER_HIGH
HD,2020-03-09 13:30:00+00:00,MIN,210.46,-12.7,7.24,4,1,LOWER_LOW
HD,2020-03-10 13:30:00+00:00,MAX,225.7,7.24,-15.56,1,2,LOWER_HIGH
HD,2020-03-12 13:30:00+00:00,MIN,190.59,-15.56,7.91,2,1,LOWER_LOW
HD,2020-03-13 13:30:00+00:00,MAX,205.67,7.91,-19.79,1,3,LOWER_HIGH
HD,2020-03-16 13:30:00+00:00,MIN,164.96,-19.79,5.26,3,1,LOWER_LOW
HD,2020-03-17 13:30:00+00:00,MAX,173.64,5.26,-12.38,1,3,LOWER_HIGH
HD,2020-03-20 13:30:00+00:00,MIN,152.15,-12.38,28.89,3,10,LOWER_LOW
HD,2020-03-30 13:30:00+00:00,MAX,196.1,28.89,-8.91,10,2,HIGHER_HIGH
HD,2020-04-01 13:30:00+00:00,MIN,178.63,-8.91,43.74,2,68,HIGHER_LOW
HD,2020-06-08 13:30:00+00:00,MAX,256.77,43.74,-6.74,68,3,HIGHER_HIGH
HD,2020-06-11 13:30:00+00:00,MIN,239.47,-6.74,21.91,3,76,HIGHER_LOW
HD,2020-08-26 13:30:00+00:00,MAX,291.93,21.91,-7.77,76,13,HIGHER_HIGH
HD,2020-09-08 13:30:00+00:00,MIN,269.26,-7.77,6.06,13,7,HIGHER_LOW
HD,2020-09-15 13:30:00+00:00,MAX,285.58,6.06,-6.96,7,9,LOWER_HIGH
HD,2020-09-24 13:30:00+00:00,MIN,265.7,-6.96,9.28,9,19,LOWER_LOW
HD,2020-10-13 13:30:00+00:00,MAX,290.36,9.28,-8.15,19,17,HIGHER_HIGH
HD,2020-10-30 13:30:00+00:00,MIN,266.71,-8.15,7.18,17,6,HIGHER_LOW
HD,2020-11-05 14:30:00+00:00,MAX,285.85,7.18,-8.44,6,33,LOWER_HIGH
HD,2020-12-08 14:30:00+00:00,MIN,261.72,-8.44,8.93,33,48,LOWER_LOW
HD,2021-01-25 14:30:00+00:00,MAX,285.08,8.93,-11.98,48,38,LOWER_HIGH
HD,2021-03-04 14:30:00+00:00,MIN,250.93,-11.98,30.75,38,42,LOWER_LOW
HD,2021-04-16 13:30:00+00:00,MAX,328.08,30.75,-12.69,42,13,HIGHER_HIGH
HD,2021-04-30 00:00:00+00:00,MIN,286.4356994628906,-12.69,5.39,13,10,HIGHER_LOW
HD,2021-05-10 00:00:00+00:00,MAX,301.8783874511719,5.39,-10.82,10,39,LOWER_HIGH
HD,2021-06-18 00:00:00+00:00,MIN,269.20269775390625,-10.82,38.8,39,172,LOWER_LOW
HD,2021-12-07 00:00:00+00:00,MAX,373.65631103515625,38.8,-6.78,172,10,HIGHER_HIGH
HD,2021-12-17 00:00:00+00:00,MIN,348.3376159667969,-6.78,6.97,10,14,HIGHER_LOW
HD,2021-12-31 00:00:00+00:00,MAX,372.6058654785156,6.97,-15.88,14,21,LOWER_HIGH
HD,2022-01-21 00:00:00+00:00,MIN,313.4303283691406,-15.88,7.06,21,12,LOWER_LOW
HD,2022-02-02 00:00:00+00:00,MAX,335.5436706542969,7.06,-17.47,12,21,LOWER_HIGH
HD,2022-02-23 00:00:00+00:00,MIN,276.93365478515625,-17.47,11.14,21,23,LOWER_LOW
HD,2022-03-18 00:00:00+00:00,MAX,307.77069091796875,11.14,-12.38,23,19,LOWER_HIGH
HD,2022-04-06 00:00:00+00:00,MIN,269.6539001464844,-12.38,5.62,19,28,LOWER_LOW
HD,2022-05-04 00:00:00+00:00,MAX,284.80120849609375,5.62,-10.26,28,7,LOWER_HIGH
HD,2022-05-11 00:00:00+00:00,MIN,255.58131408691406,-10.26,6.36,7,6,LOWER_LOW
HD,2022-05-17 00:00:00+00:00,MAX,271.8306884765625,6.36,-5.24,6,1,LOWER_HIGH
HD,2022-05-18 00:00:00+00:00,MIN,257.5865783691406,-5.24,8.16,1,9,HIGHER_LOW
HD,2022-05-27 00:00:00+00:00,MAX,278.6139221191406,8.16,-12.25,9,26,HIGHER_HIGH
HD,2022-06-22 00:00:00+00:00,MIN,244.4884033203125,-12.25,21.71,26,55,LOWER_LOW
HD,2022-08-16 00:00:00+00:00,MAX,297.57080078125,21.71,-18.04,55,41,HIGHER_HIGH
HD,2022-09-26 00:00:00+00:00,MIN,243.8878936767578,-18.04,8.93,41,10,LOWER_LOW
HD,2022-10-06 00:00:00+00:00,MAX,265.6711730957031,8.93,-7.21,10,14,LOWER_HIGH
HD,2022-10-20 00:00:00+00:00,MIN,246.5227508544922,-7.21,10.83,14,8,HIGHER_LOW
HD,2022-10-28 00:00:00+00:00,MAX,273.2279968261719,10.83,-5.74,8,6,HIGHER_HIGH
HD,2022-11-03 00:00:00+00:00,MIN,257.53790283203125,-5.74,19.16,6,41,HIGHER_LOW
HD,2022-12-14 00:00:00+00:00,MAX,306.89288330078125,19.16,-5.58,41,6,HIGHER_HIGH
HD,2022-12-20 00:00:00+00:00,MIN,289.7824401855469,-5.58,5.2,6,24,HIGHER_LOW
HD,2023-01-13 00:00:00+00:00,MAX,304.849609375,5.2,-6.14,24,6,LOWER_HIGH
HD,2023-01-19 00:00:00+00:00,MIN,286.1376037597656,-6.14,9.3,6,14,LOWER_LOW
HD,2023-02-02 00:00:00+00:00,MAX,312.7467346191406,9.3,-16.76,14,54,HIGHER_HIGH
HD,2023-03-28 00:00:00+00:00,MIN,260.3417663574219,-16.76,7.41,54,27,LOWER_LOW
HD,2023-04-24 00:00:00+00:00,MAX,279.64349365234375,7.41,-6.4,27,22,LOWER_HIGH
HD,2023-05-16 00:00:00+00:00,MIN,261.7416076660156,-6.4,19.58,22,108,HIGHER_LOW
HD,2023-09-01 00:00:00+00:00,MAX,312.9998779296875,19.58,-17.0,108,56,HIGHER_HIGH
HD,2023-10-27 00:00:00+00:00,MIN,259.7933044433594,-17.0,44.77,56,146,LOWER_LOW
HD,2024-03-21 00:00:00+00:00,MAX,376.1047668457031,44.77,-16.0,146,41,HIGHER_HIGH
HD,2024-05-01 00:00:00+00:00,MIN,315.92987060546875,-16.0,5.03,41,14,HIGHER_LOW
HD,2024-05-15 00:00:00+00:00,MAX,331.8229675292969,5.03,-6.76,14,9,LOWER_HIGH
HD,2024-05-24 00:00:00+00:00,MIN,309.3918151855469,-6.76,10.2,9,28,LOWER_LOW
HD,2024-06-21 00:00:00+00:00,MAX,340.9624328613281,10.2,-6.23,28,12,HIGHER_HIGH
HD,2024-07-03 00:00:00+00:00,MIN,319.7265625,-6.23,11.46,12,14,HIGHER_LOW
HD,2024-07-17 00:00:00+00:00,MAX,356.38140869140625,11.46,-5.8,14,7,HIGHER_HIGH
HD,2024-07-24 00:00:00+00:00,MIN,335.70135498046875,-5.8,5.1,7,7,HIGHER_LOW
HD,2024-07-31 00:00:00+00:00,MAX,352.8069763183594,5.1,-7.0,7,7,LOWER_HIGH
HD,2024-08-07 00:00:00+00:00,MIN,328.1211853027344,-7.0,23.0,7,70,LOWER_LOW
HD,2024-10-16 00:00:00+00:00,MAX,403.5896301269531,23.0,-7.22,70,21,HIGHER_HIGH
HD,2024-11-06 00:00:00+00:00,MIN,374.4346618652344,-7.22,11.66,21,30,HIGHER_LOW
HD,2024-12-06 00:00:00+00:00,MAX,418.08184814453125,11.66,-10.93,30,32,HIGHER_HIGH
HD,2025-01-07 00:00:00+00:00,MIN,372.39398193359375,-10.93,10.58,32,20,LOWER_LOW
HD,2025-01-27 00:00:00+00:00,MAX,411.7821044921875,10.58,-17.75,20,45,LOWER_HIGH
HD,2025-03-13 00:00:00+00:00,MIN,338.6889343261719,-17.75,6.81,45,20,LOWER_LOW
HD,2025-04-02 00:00:00+00:00,MAX,361.7461242675781,6.81,-9.61,20,6,LOWER_HIGH
HD,2025-04-08 00:00:00+00:00,MIN,326.97503662109375,-9.61,13.58,6,38,LOWER_LOW
HD,2025-05-16 00:00:00+00:00,MAX,371.3923034667969,13.58,-8.3,38,33,HIGHER_HIGH
HD,2025-06-18 00:00:00+00:00,MIN,340.57781982421875,-8.3,22.7,33,85,HIGHER_LOW
HD,2025-09-11 00:00:00+00:00,MAX,417.90509033203125,22.7,-21.5,85,70,HIGHER_HIGH
HD,2025-11-20 00:00:00+00:00,MIN,328.05084228515625,-21.5,18.41,70,85,LOWER_LOW
HD,2026-02-13 00:00:00+00:00,MAX,388.45294189453125,18.41,-17.94,85,53,LOWER_HIGH
HD,2026-04-07 00:00:00+00:00,MIN,318.7699890136719,-17.94,10.11,53,13,LOWER_LOW
HD,2026-04-20 00:00:00+00:00,MAX,350.989990234375,10.11,-15.24,13,25,LOWER_HIGH
HON,2006-04-18 13:30:00+00:00,MAX,39.60948433,8.13,-14.81,61,56,FIRST_HIGH
HON,2006-06-13 13:30:00+00:00,MIN,33.74340582,-14.81,7.12,56,17,FIRST_LOW
HON,2006-06-30 13:30:00+00:00,MAX,36.14724183,7.12,-10.15,17,21,LOWER_HIGH
HON,2006-07-21 13:30:00+00:00,MIN,32.47870947,-10.15,33.42,21,215,LOWER_LOW
HON,2007-02-21 14:30:00+00:00,MAX,43.33184258,33.42,-5.05,215,12,HIGHER_HIGH
HON,2007-03-05 14:30:00+00:00,MIN,41.14327525,-5.05,28.34,12,101,HIGHER_LOW
HON,2007-06-15 13:30:00+00:00,MAX,52.80367605,28.34,-5.42,101,7,HIGHER_HIGH
HON,2007-06-22 13:30:00+00:00,MIN,49.94238407,-5.42,10.36,7,31,HIGHER_LOW
HON,2007-07-23 13:30:00+00:00,MAX,55.11781702,10.36,-11.93,31,24,HIGHER_HIGH
HON,2007-08-16 13:30:00+00:00,MIN,48.54314563,-11.93,14.02,24,57,LOWER_LOW
HON,2007-10-12 13:30:00+00:00,MAX,55.35103394,14.02,-13.81,57,45,HIGHER_HIGH
HON,2007-11-26 14:30:00+00:00,MIN,47.70897817,-13.81,16.13,45,30,LOWER_LOW
HON,2007-12-26 14:30:00+00:00,MAX,55.40484287,16.13,-12.66,30,27,HIGHER_HIGH
HON,2008-01-22 14:30:00+00:00,MIN,48.39058273,-12.66,12.1,27,13,HIGHER_LOW
HON,2008-02-04 14:30:00+00:00,MAX,54.24777192,12.1,-8.22,13,17,LOWER_HIGH
HON,2008-02-21 14:30:00+00:00,MIN,49.78990221,-8.22,7.42,17,6,HIGHER_LOW
HON,2008-02-27 14:30:00+00:00,MAX,53.48536164,7.42,-8.96,6,21,LOWER_HIGH
HON,2008-03-20 13:30:00+00:00,MIN,48.69561807,-8.96,14.99,21,56,LOWER_LOW
HON,2008-05-15 13:30:00+00:00,MAX,55.99682304,14.99,-23.37,56,61,HIGHER_HIGH
HON,2008-07-15 13:30:00+00:00,MIN,42.91027462,-23.37,10.22,61,8,LOWER_LOW
HON,2008-07-23 13:30:00+00:00,MAX,47.29637962,10.22,-41.97,8,79,LOWER_HIGH
HON,2008-10-10 13:30:00+00:00,MIN,27.44679841,-41.97,9.25,79,3,LOWER_LOW
HON,2008-10-13 13:30:00+00:00,MAX,29.98515957,9.25,-13.01,3,2,LOWER_HIGH
HON,2008-10-15 13:30:00+00:00,MIN,26.0834197,-13.01,6.36,2,1,LOWER_LOW
HON,2008-10-16 13:30:00+00:00,MAX,27.74277483,6.36,-15.23,1,11,LOWER_HIGH
HON,2008-10-27 13:30:00+00:00,MIN,23.51813147,-15.23,25.1,11,8,LOWER_LOW
HON,2008-11-04 14:30:00+00:00,MAX,29.42008763,25.1,-18.54,8,8,HIGHER_HIGH
HON,2008-11-12 14:30:00+00:00,MIN,23.96660861,-18.54,7.75,8,1,HIGHER_LOW
HON,2008-11-13 14:30:00+00:00,MAX,25.8232936,7.75,-17.78,1,7,LOWER_HIGH
HON,2008-11-20 14:30:00+00:00,MIN,21.23089874,-17.78,17.7,7,8,LOWER_LOW
HON,2008-11-28 14:30:00+00:00,MAX,24.98913557,17.7,-8.54,8,6,LOWER_HIGH
HON,2008-12-04 14:30:00+00:00,MIN,22.85438565,-8.54,41.44,6,33,HIGHER_LOW
HON,2009-01-06 14:30:00+00:00,MAX,32.3262097,41.44,-12.51,33,14,HIGHER_HIGH
HON,2009-01-20 14:30:00+00:00,MIN,28.28095644,-12.51,10.09,14,8,HIGHER_LOW
HON,2009-01-28 14:30:00+00:00,MAX,31.13327901,10.09,-8.7,8,6,LOWER_HIGH
HON,2009-02-03 14:30:00+00:00,MIN,28.4244689,-8.7,5.87,6,6,HIGHER_LOW
HON,2009-02-09 14:30:00+00:00,MAX,30.0928038,5.87,-30.76,6,27,LOWER_HIGH
HON,2009-03-09 13:30:00+00:00,MIN,20.83623901,-30.76,30.95,27,17,LOWER_LOW
HON,2009-03-26 13:30:00+00:00,MAX,27.28533771,30.95,-8.58,17,4,LOWER_HIGH
HON,2009-03-30 13:30:00+00:00,MIN,24.94428757,-8.58,13.23,4,17,HIGHER_LOW
HON,2009-04-16 13:30:00+00:00,MAX,28.24508728,13.23,-5.4,17,4,HIGHER_HIGH
HON,2009-04-20 13:30:00+00:00,MIN,26.72024787,-5.4,8.69,4,3,HIGHER_LOW
HON,2009-04-23 13:30:00+00:00,MAX,29.04336767,8.69,-9.11,3,5,HIGHER_HIGH
HON,2009-04-28 13:30:00+00:00,MIN,26.39734437,-9.11,17.97,5,10,LOWER_LOW
HON,2009-05-08 13:30:00+00:00,MAX,31.14223994,17.97,-9.65,10,5,HIGHER_HIGH
HON,2009-05-13 13:30:00+00:00,MIN,28.13744398,-9.65,14.09,5,29,HIGHER_LOW
HON,2009-06-11 13:30:00+00:00,MAX,32.10197161,14.09,-18.11,29,26,HIGHER_HIGH
HON,2009-07-07 13:30:00+00:00,MIN,26.28971898,-18.11,37.05,26,73,LOWER_LOW
HON,2009-09-18 13:30:00+00:00,MAX,36.03063855,37.05,-11.38,73,14,HIGHER_HIGH
HON,2009-10-02 13:30:00+00:00,MIN,31.93156788,-11.38,8.23,14,20,HIGHER_LOW
HON,2009-10-22 13:30:00+00:00,MAX,34.55963351,8.23,-6.85,20,8,LOWER_HIGH
HON,2009-10-30 13:30:00+00:00,MIN,32.19167514,-6.85,15.1,8,45,HIGHER_LOW
HON,2009-12-14 14:30:00+00:00,MAX,37.05316551,15.1,-5.23,45,4,HIGHER_HIGH
HON,2009-12-18 14:30:00+00:00,MIN,35.11573603,-5.23,9.45,4,32,HIGHER_LOW
HON,2010-01-19 14:30:00+00:00,MAX,38.43448398,9.45,-13.96,32,20,HIGHER_HIGH
HON,2010-02-08 14:30:00+00:00,MIN,33.07069059,-13.96,31.6,20,79,LOWER_LOW
HON,2010-04-29 13:30:00+00:00,MAX,43.52020303,31.6,-10.31,79,8,HIGHER_HIGH
HON,2010-05-07 13:30:00+00:00,MIN,39.03543356,-10.31,7.7,8,5,HIGHER_LOW
HON,2010-05-12 13:30:00+00:00,MAX,42.04022952,7.7,-14.66,5,26,LOWER_HIGH
HON,2010-06-07 13:30:00+00:00,MIN,35.87815574,-14.66,7.6,26,8,LOWER_LOW
HON,2010-06-15 13:30:00+00:00,MAX,38.60488677,7.6,-10.48,8,17,LOWER_HIGH
HON,2010-07-02 13:30:00+00:00,MIN,34.55963351,-10.48,14.51,17,34,LOWER_LOW
HON,2010-08-05 13:30:00+00:00,MAX,39.57360575,14.51,-12.28,34,21,HIGHER_HIGH
HON,2010-08-26 13:30:00+00:00,MIN,34.71211632,-12.28,49.84,21,176,HIGHER_LOW
HON,2011-02-18 14:30:00+00:00,MAX,52.01436602,49.84,-6.31,176,25,HIGHER_HIGH
HON,2011-03-16 13:30:00+00:00,MIN,48.73150514,-6.31,14.12,25,41,HIGHER_LOW
HON,2011-04-26 13:30:00+00:00,MAX,55.61114215,14.12,-10.44,41,45,HIGHER_HIGH
HON,2011-06-10 13:30:00+00:00,MIN,49.80785045,-10.44,8.84,45,27,HIGHER_LOW
HON,2011-07-07 13:30:00+00:00,MAX,54.21189428,8.84,-26.72,27,32,LOWER_HIGH
HON,2011-08-08 13:30:00+00:00,MIN,39.72607914,-26.72,5.58,32,1,LOWER_LOW
HON,2011-08-09 13:30:00+00:00,MAX,41.94155564,5.58,-7.57,1,1,LOWER_HIGH
HON,2011-08-10 13:30:00+00:00,MIN,38.76634747,-7.57,9.28,1,5,LOWER_LOW
HON,2011-08-15 13:30:00+00:00,MAX,42.36313302,9.28,-11.2,5,7,HIGHER_HIGH
HON,2011-08-22 13:30:00+00:00,MIN,37.61824687,-11.2,14.0,7,9,LOWER_LOW
HON,2011-08-31 13:30:00+00:00,MAX,42.88336638,14.0,-7.68,9,12,HIGHER_HIGH
HON,2011-09-12 13:30:00+00:00,MIN,39.59154551,-7.68,7.2,12,7,HIGHER_LOW
HON,2011-09-19 13:30:00+00:00,MAX,42.44386808,7.2,-11.31,7,3,LOWER_HIGH
HON,2011-09-22 13:30:00+00:00,MIN,37.6451551,-11.31,7.55,3,5,LOWER_LOW
HON,2011-09-27 13:30:00+00:00,MAX,40.48849884,7.55,-6.25,5,6,LOWER_HIGH
HON,2011-10-03 13:30:00+00:00,MIN,37.95909767,-6.25,27.76,6,24,HIGHER_LOW
HON,2011-10-27 13:30:00+00:00,MAX,48.49830611,27.76,-5.31,24,5,HIGHER_HIGH
HON,2011-11-01 13:30:00+00:00,MIN,45.92403999,-5.31,7.01,5,10,HIGHER_LOW
HON,2011-11-11 14:30:00+00:00,MAX,49.14409521,7.01,-10.31,10,14,HIGHER_HIGH
HON,2011-11-25 14:30:00+00:00,MIN,44.07631498,-10.31,11.31,14,10,LOWER_LOW
HON,2011-12-05 14:30:00+00:00,MAX,49.06337805,11.31,-5.76,10,9,LOWER_HIGH
HON,2011-12-14 14:30:00+00:00,MIN,46.23797407,-5.76,19.84,9,102,HIGHER_LOW
HON,2012-03-26 13:30:00+00:00,MAX,55.41381228,19.84,-8.42,102,15,HIGHER_HIGH
HON,2012-04-10 13:30:00+00:00,MIN,50.74965177,-8.42,8.32,15,17,HIGHER_LOW
HON,2012-04-27 13:30:00+00:00,MAX,54.97429608,8.32,-13.2,17,38,LOWER_HIGH
HON,2012-06-04 13:30:00+00:00,MIN,47.71794758,-13.2,6.35,38,15,LOWER_LOW
HON,2012-06-19 13:30:00+00:00,MAX,50.74965177,6.35,-6.47,15,9,LOWER_HIGH
HON,2012-06-28 13:30:00+00:00,MIN,47.46680031,-6.47,20.05,9,131,LOWER_LOW
HON,2012-11-06 14:30:00+00:00,MAX,56.98348179,20.05,-6.89,131,10,HIGHER_HIGH
HON,2012-11-16 14:30:00+00:00,MIN,53.0548139,-6.89,27.61,10,129,HIGHER_LOW
HON,2013-03-26 13:30:00+00:00,MAX,67.70208032,27.61,-5.31,129,23,HIGHER_HIGH
HON,2013-04-18 13:30:00+00:00,MIN,64.10529571,-5.31,12.98,23,29,HIGHER_LOW
HON,2013-05-17 13:30:00+00:00,MAX,72.42902765,12.98,-5.02,29,19,HIGHER_HIGH
HON,2013-06-05 13:30:00+00:00,MIN,68.79636446,-5.02,5.41,19,13,HIGHER_LOW
HON,2013-06-18 13:30:00+00:00,MAX,72.51873212,5.41,-5.19,13,6,HIGHER_HIGH
HON,2013-06-24 13:30:00+00:00,MIN,68.75150798,-5.19,10.48,6,39,LOWER_LOW
HON,2013-08-02 13:30:00+00:00,MAX,75.95404755,10.48,-6.41,39,25,HIGHER_HIGH
HON,2013-08-27 13:30:00+00:00,MIN,71.08359719,-6.41,9.51,25,23,HIGHER_LOW
HON,2013-09-19 13:30:00+00:00,MAX,77.84662055,9.51,-6.15,23,14,HIGHER_HIGH
HON,2013-10-03 13:30:00+00:00,MIN,73.05689488,-6.15,17.18,14,155,HIGHER_LOW
HON,2014-03-07 14:30:00+00:00,MAX,85.60528055,17.18,-5.39,155,19,HIGHER_HIGH
HON,2014-03-27 13:30:00+00:00,MIN,80.99493744,-5.39,7.8,19,116,HIGHER_LOW
HON,2014-07-21 13:30:00+00:00,MAX,87.3094931,7.8,-6.97,116,16,HIGHER_HIGH
HON,2014-08-06 13:30:00+00:00,MIN,81.22814495,-6.97,6.56,16,44,HIGHER_LOW
HON,2014-09-19 13:30:00+00:00,MAX,86.55605128,6.56,-11.8,44,26,LOWER_HIGH
HON,2014-10-15 13:30:00+00:00,MIN,76.33974635,-11.8,25.54,26,212,LOWER_LOW
HON,2015-05-15 13:30:00+00:00,MAX,95.83952431,25.54,-5.5,212,54,HIGHER_HIGH
HON,2015-07-08 13:30:00+00:00,MIN,90.56543538,-5.5,6.27,54,33,HIGHER_LOW
HON,2015-08-10 13:30:00+00:00,MAX,96.24315344,6.27,-12.46,33,15,HIGHER_HIGH
HON,2015-08-25 13:30:00+00:00,MIN,84.25087973,-12.46,7.48,15,22,LOWER_LOW
HON,2015-09-16 13:30:00+00:00,MAX,90.55646597,7.48,-9.28,22,12,LOWER_HIGH
HON,2015-09-28 13:30:00+00:00,MIN,82.15200745,-9.28,15.33,12,53,LOWER_LOW
HON,2015-11-20 14:30:00+00:00,MAX,94.74524111,15.33,-7.01,53,21,HIGHER_HIGH
HON,2015-12-11 14:30:00+00:00,MIN,88.10778196,-7.01,7.24,21,18,HIGHER_LOW
HON,2015-12-29 14:30:00+00:00,MAX,94.48512443,7.24,-8.64,18,22,LOWER_HIGH
HON,2016-01-20 14:30:00+00:00,MIN,86.32284378,-8.64,11.46,22,30,LOWER_LOW
HON,2016-02-19 14:30:00+00:00,MAX,96.21624521,11.46,-5.52,30,10,HIGHER_HIGH
HON,2016-02-29 14:30:00+00:00,MIN,90.9062777,-5.52,18.28,10,141,HIGHER_LOW
HON,2016-07-20 13:30:00+00:00,MAX,107.52683334,18.28,-11.26,141,83,HIGHER_HIGH
HON,2016-10-11 13:30:00+00:00,MIN,95.42290648,-11.26,55.97,83,472,HIGHER_LOW
HON,2018-01-26 14:30:00+00:00,MAX,148.83555748,55.97,-11.5,472,13,HIGHER_HIGH
HON,2018-02-08 14:30:00+00:00,MIN,131.72294109,-11.5,7.18,13,18,HIGHER_LOW
HON,2018-02-26 14:30:00+00:00,MAX,141.17682727,7.18,-8.99,18,34,LOWER_HIGH
HON,2018-04-02 13:30:00+00:00,MIN,128.48444393,-8.99,5.72,34,18,LOWER_LOW
HON,2018-04-20 13:30:00+00:00,MAX,135.82744334,5.72,-5.04,18,12,LOWER_HIGH
HON,2018-05-02 13:30:00+00:00,MIN,128.98059273,-5.04,6.49,12,41,HIGHER_LOW
HON,2018-06-12 13:30:00+00:00,MAX,137.35197278,6.49,-6.0,41,16,HIGHER_HIGH
HON,2018-06-28 13:30:00+00:00,MIN,129.11590647,-6.0,17.59,16,95,HIGHER_LOW
HON,2018-10-01 13:30:00+00:00,MAX,151.83164971,17.59,-12.68,95,23,HIGHER_HIGH
HON,2018-10-24 13:30:00+00:00,MIN,132.58358621,-12.68,6.98,23,15,HIGHER_LOW
HON,2018-11-08 14:30:00+00:00,MAX,141.84294075,6.98,-17.08,15,46,LOWER_HIGH
HON,2018-12-24 14:30:00+00:00,MIN,117.61045695,-17.08,39.09,46,126,LOWER_LOW
HON,2019-04-30 13:30:00+00:00,MAX,163.58810895,39.09,-5.37,126,31,HIGHER_HIGH
HON,2019-05-31 13:30:00+00:00,MIN,154.80713115,-5.37,8.58,31,33,HIGHER_LOW
HON,2019-07-03 13:30:00+00:00,MAX,168.082236,8.58,-12.28,33,51,HIGHER_HIGH
HON,2019-08-23 13:30:00+00:00,MIN,147.43940085,-12.28,9.45,51,19,LOWER_LOW
HON,2019-09-11 13:30:00+00:00,MAX,161.3740212,9.45,-7.39,19,27,LOWER_HIGH
HON,2019-10-08 13:30:00+00:00,MIN,149.4462123,-7.39,14.75,27,35,HIGHER_LOW
HON,2019-11-12 14:30:00+00:00,MAX,171.48345165,14.75,-5.2,35,21,HIGHER_HIGH
HON,2019-12-03 14:30:00+00:00,MIN,162.57057075,-5.2,6.19,21,45,HIGHER_LOW
HON,2020-01-17 14:30:00+00:00,MAX,172.63289295,6.19,-6.5,45,17,HIGHER_HIGH
HON,2020-02-03 14:30:00+00:00,MIN,161.4117078,-6.5,5.76,17,9,LOWER_LOW
HON,2020-02-12 14:30:00+00:00,MAX,170.7014547,5.76,-11.94,9,15,LOWER_HIGH
HON,2020-02-27 14:30:00+00:00,MIN,150.32242575,-11.94,7.3,15,6,LOWER_LOW
HON,2020-03-04 14:30:00+00:00,MAX,161.28922635,7.3,-10.71,6,4,LOWER_HIGH
HON,2020-03-09 13:30:00+00:00,MIN,144.0193419,-10.71,5.78,4,1,LOWER_LOW
HON,2020-03-10 13:30:00+00:00,MAX,152.33865885,5.78,-16.6,1,2,LOWER_HIGH
HON,2020-03-12 13:30:00+00:00,MIN,127.05095025,-16.6,10.8,2,1,LOWER_LOW
HON,2020-03-13 13:30:00+00:00,MAX,140.76887265,10.8,-30.49,1,10,LOWER_HIGH
HON,2020-03-23 13:30:00+00:00,MIN,97.8532569,-30.49,32.29,10,3,LOWER_LOW
HON,2020-03-26 13:30:00+00:00,MAX,129.453471,32.29,-7.24,3,8,LOWER_HIGH
HON,2020-04-03 13:30:00+00:00,MIN,120.07892925,-7.24,12.54,8,6,HIGHER_LOW
HON,2020-04-09 13:30:00+00:00,MAX,135.13472595,12.54,-7.97,6,12,HIGHER_HIGH
HON,2020-04-21 13:30:00+00:00,MIN,124.36578,-7.97,10.73,12,8,HIGHER_LOW
HON,2020-04-29 13:30:00+00:00,MAX,137.7068364,10.73,-15.87,8,14,HIGHER_HIGH
HON,2020-05-13 13:30:00+00:00,MIN,115.85803005,-15.87,32.49,14,26,LOWER_LOW
HON,2020-06-08 13:30:00+00:00,MAX,153.4975218,32.49,-15.17,26,18,HIGHER_HIGH
HON,2020-06-26 13:30:00+00:00,MIN,130.21662465,-15.17,24.79,18,68,HIGHER_LOW
HON,2020-09-02 13:30:00+00:00,MAX,162.49519755,24.79,-7.95,68,22,HIGHER_HIGH
HON,2020-09-24 13:30:00+00:00,MIN,149.5781154,-7.95,11.39,22,28,HIGHER_LOW
HON,2020-10-22 13:30:00+00:00,MAX,166.62188025,11.39,-8.87,28,6,HIGHER_HIGH
HON,2020-10-28 13:30:00+00:00,MIN,151.8393114,-8.87,33.18,6,44,HIGHER_LOW
HON,2020-12-11 14:30:00+00:00,MAX,202.21687395,33.18,-8.97,44,49,HIGHER_HIGH
HON,2021-01-29 14:30:00+00:00,MIN,184.07077605,-8.97,18.81,49,76,HIGHER_LOW
HON,2021-04-16 13:30:00+00:00,MAX,218.68591815,18.81,-14.41,76,25,HIGHER_HIGH
HON,2021-05-12 00:00:00+00:00,MIN,187.18096923828125,-14.41,6.32,25,20,HIGHER_LOW
HON,2021-06-01 00:00:00+00:00,MAX,199.0042266845703,6.32,-8.78,20,17,LOWER_HIGH
HON,2021-06-18 00:00:00+00:00,MIN,181.53419494628906,-8.78,9.56,17,27,LOWER_LOW
HON,2021-07-15 00:00:00+00:00,MAX,198.88461303710938,9.56,-5.22,27,4,LOWER_HIGH
HON,2021-07-19 00:00:00+00:00,MIN,188.50511169433594,-5.22,6.35,4,28,HIGHER_LOW
HON,2021-08-16 00:00:00+00:00,MAX,200.47523498535156,6.35,-9.18,28,45,HIGHER_HIGH
HON,2021-09-30 00:00:00+00:00,MIN,182.0692901611328,-9.18,7.29,45,40,LOWER_LOW
HON,2021-11-09 00:00:00+00:00,MAX,195.33767700195312,7.29,-12.06,40,22,LOWER_HIGH
HON,2021-12-01 00:00:00+00:00,MIN,171.77862548828125,-12.06,10.03,22,43,LOWER_LOW
HON,2022-01-13 00:00:00+00:00,MAX,189.01504516601562,10.03,-18.44,43,41,LOWER_HIGH
HON,2022-02-23 00:00:00+00:00,MIN,154.1545867919922,-18.44,11.13,41,30,LOWER_LOW
HON,2022-03-25 00:00:00+00:00,MAX,171.31268310546875,11.13,-5.78,30,33,LOWER_HIGH
HON,2022-04-27 00:00:00+00:00,MIN,161.40408325195312,-5.78,10.46,33,7,HIGHER_LOW
HON,2022-05-04 00:00:00+00:00,MAX,178.29373168945312,10.46,-17.23,7,71,HIGHER_HIGH
HON,2022-07-14 00:00:00+00:00,MIN,147.57154846191406,-17.23,20.78,71,35,LOWER_LOW
HON,2022-08-18 00:00:00+00:00,MAX,178.23963928222656,20.78,-18.04,35,43,LOWER_HIGH
HON,2022-09-30 00:00:00+00:00,MIN,146.086181640625,-18.04,32.44,43,56,LOWER_LOW
HON,2022-11-25 00:00:00+00:00,MAX,193.469970703125,32.44,-7.08,56,41,HIGHER_HIGH
HON,2023-01-05 00:00:00+00:00,MIN,179.7718963623047,-7.08,5.94,41,8,HIGHER_LOW
HON,2023-01-13 00:00:00+00:00,MAX,190.445556640625,5.94,-14.31,8,63,LOWER_HIGH
HON,2023-03-17 00:00:00+00:00,MIN,163.19705200195312,-14.31,14.16,63,130,LOWER_LOW
HON,2023-07-25 00:00:00+00:00,MAX,186.3014373779297,14.16,-11.71,130,44,LOWER_HIGH
HON,2023-09-07 00:00:00+00:00,MIN,164.486572265625,-11.71,6.1,44,12,HIGHER_LOW
HON,2023-09-19 00:00:00+00:00,MAX,174.51907348632812,6.1,-9.87,12,37,LOWER_HIGH
HON,2023-10-26 00:00:00+00:00,MIN,157.28602600097656,-9.87,19.81,37,64,LOWER_LOW
HON,2023-12-29 00:00:00+00:00,MAX,188.45021057128906,19.81,-7.96,64,38,HIGHER_HIGH
HON,2024-02-05 00:00:00+00:00,MIN,173.4431915283203,-7.96,6.93,38,52,HIGHER_LOW
HON,2024-03-28 00:00:00+00:00,MAX,185.4561309814453,6.93,-7.25,52,20,LOWER_HIGH
HON,2024-04-17 00:00:00+00:00,MIN,172.00209045410156,-7.25,16.29,20,91,LOWER_LOW
HON,2024-07-17 00:00:00+00:00,MAX,200.0269012451172,16.29,-10.66,91,27,HIGHER_HIGH
HON,2024-08-13 00:00:00+00:00,MIN,178.69894409179688,-10.66,13.64,27,70,HIGHER_LOW
HON,2024-10-22 00:00:00+00:00,MAX,203.07589721679688,13.64,-8.16,70,8,HIGHER_HIGH
HON,2024-10-30 00:00:00+00:00,MIN,186.4991912841797,-8.16,16.14,8,47,HIGHER_LOW
HON,2024-12-16 00:00:00+00:00,MAX,216.60374450683594,16.14,-14.09,47,60,HIGHER_HIGH
HON,2025-02-14 00:00:00+00:00,MIN,186.08648681640625,-14.09,7.1,60,47,LOWER_LOW
HON,2025-04-02 00:00:00+00:00,MAX,199.2992706298828,7.1,-15.34,47,6,LOWER_HIGH
HON,2025-04-08 00:00:00+00:00,MIN,168.7294158935547,-15.34,32.14,6,86,LOWER_LOW
HON,2025-07-03 00:00:00+00:00,MAX,222.95635986328125,32.14,-15.99,86,99,HIGHER_HIGH
HON,2025-10-10 00:00:00+00:00,MIN,187.30178833007812,-15.99,9.84,99,13,HIGHER_LOW
HON,2025-10-23 00:00:00+00:00,MAX,205.72337341308594,9.84,-9.0,13,28,LOWER_HIGH
HON,2025-11-20 00:00:00+00:00,MIN,187.21054077148438,-9.0,32.49,28,102,LOWER_LOW
HON,2026-03-02 00:00:00+00:00,MAX,248.0399932861328,32.49,-10.7,102,18,HIGHER_HIGH
HON,2026-03-20 00:00:00+00:00,MIN,221.5,-10.7,6.57,18,20,HIGHER_LOW
HON,2026-04-09 00:00:00+00:00,MAX,236.05999755859375,6.57,-11.44,20,26,LOWER_HIGH
IBM,2006-07-14 13:30:00+00:00,MIN,70.271425,-12.88,37.04,113,186,FIRST_LOW
IBM,2007-01-16 14:30:00+00:00,MAX,96.299644,37.04,-9.84,186,45,FIRST_HIGH
IBM,2007-03-02 14:30:00+00:00,MIN,86.824398,-9.84,18.8,45,76,HIGHER_LOW
IBM,2007-05-18 13:30:00+00:00,MAX,103.14817,18.8,-5.73,76,20,HIGHER_HIGH
IBM,2007-06-07 13:30:00+00:00,MIN,97.235695,-5.73,16.01,20,48,HIGHER_LOW
IBM,2007-07-25 13:30:00+00:00,MAX,112.804878,16.01,-7.67,48,27,HIGHER_HIGH
IBM,2007-08-21 13:30:00+00:00,MIN,104.151073,-7.67,9.68,27,56,HIGHER_LOW
IBM,2007-10-16 13:30:00+00:00,MAX,114.237624,9.68,-16.18,56,24,HIGHER_HIGH
IBM,2007-11-09 14:30:00+00:00,MIN,95.759203,-16.18,11.37,24,45,LOWER_LOW
IBM,2007-12-24 14:30:00+00:00,MAX,106.644051,11.37,-12.59,45,15,LOWER_HIGH
IBM,2008-01-08 14:30:00+00:00,MIN,93.214455,-12.59,11.77,15,24,LOWER_LOW
IBM,2008-02-01 14:30:00+00:00,MAX,104.189289,11.77,-6.18,24,6,LOWER_HIGH
IBM,2008-02-07 14:30:00+00:00,MIN,97.751484,-6.18,26.74,6,111,HIGHER_LOW
IBM,2008-05-29 13:30:00+00:00,MAX,123.894332,26.74,-8.62,111,32,HIGHER_HIGH
IBM,2008-06-30 13:30:00+00:00,MIN,113.215589,-8.62,9.68,32,22,HIGHER_LOW
IBM,2008-07-22 13:30:00+00:00,MAX,124.17132,9.68,-14.25,22,57,HIGHER_HIGH
IBM,2008-09-17 13:30:00+00:00,MIN,106.472131,-14.25,7.75,57,8,LOWER_LOW
IBM,2008-09-25 13:30:00+00:00,MAX,114.724748,7.75,-26.94,8,15,LOWER_HIGH
IBM,2008-10-10 13:30:00+00:00,MIN,83.815641,-26.94,6.67,15,4,LOWER_LOW
IBM,2008-10-14 13:30:00+00:00,MAX,89.40336,6.67,-14.89,4,13,LOWER_HIGH
IBM,2008-10-27 13:30:00+00:00,MIN,76.088364,-14.89,17.25,13,8,LOWER_LOW
IBM,2008-11-04 14:30:00+00:00,MAX,89.212308,17.25,-14.63,8,8,LOWER_HIGH
IBM,2008-11-12 14:30:00+00:00,MIN,76.164787,-14.63,5.61,8,1,HIGHER_LOW
IBM,2008-11-13 14:30:00+00:00,MAX,80.43437,5.61,-14.81,1,7,LOWER_HIGH
IBM,2008-11-20 14:30:00+00:00,MIN,68.523475,-14.81,13.84,7,6,LOWER_LOW
IBM,2008-11-26 14:30:00+00:00,MAX,78.008244,13.84,-5.84,6,5,LOWER_HIGH
IBM,2008-12-01 14:30:00+00:00,MIN,73.452102,-5.84,10.35,5,7,HIGHER_LOW
IBM,2008-12-08 14:30:00+00:00,MAX,81.055217,10.35,-5.04,7,3,HIGHER_HIGH
IBM,2008-12-11 14:30:00+00:00,MIN,76.967115,-5.04,7.22,3,5,HIGHER_LOW
IBM,2008-12-16 14:30:00+00:00,MAX,82.52616,7.22,-6.81,5,8,HIGHER_HIGH
IBM,2008-12-24 14:30:00+00:00,MIN,76.909805,-6.81,10.82,8,13,LOWER_LOW
IBM,2009-01-06 14:30:00+00:00,MAX,85.229284,10.82,-8.13,13,14,HIGHER_HIGH
IBM,2009-01-20 14:30:00+00:00,MIN,78.304345,-8.13,18.1,14,20,HIGHER_LOW
IBM,2009-02-09 14:30:00+00:00,MAX,92.478988,18.1,-12.86,20,14,HIGHER_HIGH
IBM,2009-02-23 14:30:00+00:00,MIN,80.587187,-12.86,9.08,14,4,HIGHER_LOW
IBM,2009-02-27 14:30:00+00:00,MAX,87.903743,9.08,-9.29,4,9,LOWER_HIGH
IBM,2009-03-09 13:30:00+00:00,MIN,79.737091,-9.29,31.05,9,94,LOWER_LOW
IBM,2009-06-11 13:30:00+00:00,MAX,104.494932,31.05,-8.42,94,26,HIGHER_HIGH
IBM,2009-07-07 13:30:00+00:00,MIN,95.697881,-8.42,28.11,26,99,HIGHER_LOW
IBM,2009-10-14 13:30:00+00:00,MAX,122.595309,28.11,-6.42,99,12,HIGHER_HIGH
IBM,2009-10-26 13:30:00+00:00,MIN,114.724748,-6.42,11.68,12,85,HIGHER_LOW
IBM,2010-01-19 14:30:00+00:00,MAX,128.125699,11.68,-9.14,85,20,HIGHER_HIGH
IBM,2010-02-08 14:30:00+00:00,MIN,116.415388,-9.14,8.49,20,69,HIGHER_LOW
IBM,2010-04-19 13:30:00+00:00,MAX,126.301336,8.49,-7.66,69,18,LOWER_HIGH
IBM,2010-05-07 13:30:00+00:00,MIN,116.625534,-7.66,8.67,18,5,HIGHER_LOW
IBM,2010-05-12 13:30:00+00:00,MAX,126.73115,8.67,-7.12,5,14,HIGHER_HIGH
IBM,2010-05-26 13:30:00+00:00,MIN,117.70486,-7.12,6.29,14,22,HIGHER_LOW
IBM,2010-06-17 13:30:00+00:00,MAX,125.107381,6.29,-6.96,22,15,LOWER_HIGH
IBM,2010-07-02 13:30:00+00:00,MIN,116.396285,-6.96,8.32,15,38,LOWER_LOW
IBM,2010-08-09 13:30:00+00:00,MAX,126.081648,8.32,-6.98,38,17,HIGHER_HIGH
IBM,2010-08-26 13:30:00+00:00,MIN,117.275036,-6.98,35.24,17,166,HIGHER_LOW
IBM,2011-02-08 14:30:00+00:00,MAX,158.604982,35.24,-7.86,166,35,HIGHER_HIGH
IBM,2011-03-16 13:30:00+00:00,MIN,146.140092,-7.86,12.99,35,48,HIGHER_LOW
IBM,2011-05-03 13:30:00+00:00,MAX,165.119201,12.99,-6.1,48,43,HIGHER_HIGH
IBM,2011-06-15 13:30:00+00:00,MIN,155.051772,-6.1,14.09,43,34,HIGHER_LOW
IBM,2011-07-19 13:30:00+00:00,MAX,176.905934,14.09,-12.24,34,22,HIGHER_HIGH
IBM,2011-08-10 13:30:00+00:00,MIN,155.252347,-12.24,6.43,22,5,HIGHER_LOW
IBM,2011-08-15 13:30:00+00:00,MAX,165.23383,6.43,-8.93,5,4,LOWER_HIGH
IBM,2011-08-19 13:30:00+00:00,MIN,150.476527,-8.93,9.57,4,10,LOWER_LOW
IBM,2011-08-29 13:30:00+00:00,MAX,164.88041,9.57,-6.52,10,11,LOWER_HIGH
IBM,2011-09-09 13:30:00+00:00,MIN,154.134815,-6.52,18.07,11,35,HIGHER_LOW
IBM,2011-10-14 13:30:00+00:00,MAX,181.987397,18.07,-6.97,35,6,HIGHER_HIGH
IBM,2011-10-20 13:30:00+00:00,MIN,169.302819,-6.97,6.49,6,26,HIGHER_LOW
IBM,2011-11-15 14:30:00+00:00,MAX,180.287205,6.49,-6.19,26,10,LOWER_HIGH
IBM,2011-11-25 14:30:00+00:00,MIN,169.121338,-6.19,9.88,10,14,LOWER_LOW
IBM,2011-12-09 14:30:00+00:00,MAX,185.836708,9.88,-7.92,14,35,HIGHER_HIGH
IBM,2012-01-13 14:30:00+00:00,MIN,171.127182,-7.92,16.93,35,80,HIGHER_LOW
IBM,2012-04-03 13:30:00+00:00,MAX,200.106858,16.93,-10.0,80,62,HIGHER_HIGH
IBM,2012-06-04 13:30:00+00:00,MIN,180.086611,-10.0,5.6,62,11,HIGHER_LOW
IBM,2012-06-15 13:30:00+00:00,MAX,190.173162,5.6,-8.04,11,27,LOWER_HIGH
IBM,2012-07-12 13:30:00+00:00,MIN,174.880977,-8.04,15.24,27,96,LOWER_LOW
IBM,2012-10-16 13:30:00+00:00,MAX,201.539604,15.24,-12.08,96,29,HIGHER_HIGH
IBM,2012-11-14 14:30:00+00:00,MIN,177.192464,-12.08,16.33,29,119,HIGHER_LOW
IBM,2013-03-14 13:30:00+00:00,MAX,206.124391,16.33,-12.96,119,39,HIGHER_HIGH
IBM,2013-04-22 13:30:00+00:00,MIN,179.408454,-12.96,11.46,39,38,HIGHER_LOW
IBM,2013-05-30 13:30:00+00:00,MAX,199.973135,11.46,-12.99,38,90,LOWER_HIGH
IBM,2013-08-28 13:30:00+00:00,MIN,173.992674,-12.99,6.73,90,21,LOWER_LOW
IBM,2013-09-18 13:30:00+00:00,MAX,185.702985,6.73,-11.09,21,33,LOWER_HIGH
IBM,2013-10-21 13:30:00+00:00,MIN,165.109649,-11.09,7.17,33,29,LOWER_LOW
IBM,2013-11-19 14:30:00+00:00,MAX,176.944131,7.17,-6.72,29,24,LOWER_HIGH
IBM,2013-12-13 14:30:00+00:00,MIN,165.052339,-6.72,10.01,24,35,LOWER_LOW
IBM,2014-01-17 14:30:00+00:00,MAX,181.567125,10.01,-9.07,35,18,HIGHER_HIGH
IBM,2014-02-04 14:30:00+00:00,MIN,165.090546,-9.07,14.42,18,68,HIGHER_LOW
IBM,2014-04-14 13:30:00+00:00,MAX,188.902784,14.42,-8.8,68,73,HIGHER_HIGH
IBM,2014-06-26 13:30:00+00:00,MIN,172.282931,-8.8,8.54,73,32,HIGHER_LOW
IBM,2014-07-28 13:30:00+00:00,MAX,187.002008,8.54,-5.86,32,10,LOWER_HIGH
IBM,2014-08-07 13:30:00+00:00,MIN,176.036725,-5.86,5.26,10,43,HIGHER_LOW
IBM,2014-09-19 13:30:00+00:00,MAX,185.301816,5.26,-21.95,43,88,LOWER_HIGH
IBM,2014-12-16 14:30:00+00:00,MIN,144.621381,-21.95,7.22,88,10,LOWER_LOW
IBM,2014-12-26 14:30:00+00:00,MAX,155.061324,7.22,-6.65,10,33,LOWER_HIGH
IBM,2015-01-28 14:30:00+00:00,MIN,144.755104,-6.65,8.76,33,27,HIGHER_LOW
IBM,2015-02-24 14:30:00+00:00,MAX,157.439682,8.76,-6.4,27,16,HIGHER_HIGH
IBM,2015-03-13 13:30:00+00:00,MIN,147.362702,-6.4,13.04,16,47,HIGHER_LOW
IBM,2015-04-29 13:30:00+00:00,MAX,166.580602,13.04,-6.73,47,62,HIGHER_HIGH
IBM,2015-06-30 13:30:00+00:00,MIN,155.366976,-6.73,6.49,62,20,HIGHER_LOW
IBM,2015-07-20 13:30:00+00:00,MAX,165.453508,6.49,-18.62,20,36,LOWER_HIGH
IBM,2015-08-25 13:30:00+00:00,MIN,134.639917,-18.62,8.11,36,45,LOWER_LOW
IBM,2015-10-09 13:30:00+00:00,MAX,145.557442,8.11,-13.54,45,35,LOWER_HIGH
IBM,2015-11-13 14:30:00+00:00,MIN,125.842857,-13.54,7.23,35,18,LOWER_LOW
IBM,2015-12-01 14:30:00+00:00,MAX,134.94557,7.23,-14.38,18,57,LOWER_HIGH
IBM,2016-01-27 14:30:00+00:00,MIN,115.536637,-14.38,6.29,57,9,LOWER_LOW
IBM,2016-02-05 14:30:00+00:00,MAX,122.805435,6.29,-8.34,9,6,LOWER_HIGH
IBM,2016-02-11 14:30:00+00:00,MIN,112.566077,-8.34,29.43,6,66,LOWER_LOW
IBM,2016-04-18 13:30:00+00:00,MAX,145.691165,29.43,-5.59,66,1,HIGHER_HIGH
IBM,2016-04-19 13:30:00+00:00,MIN,137.543616,-5.59,7.88,1,65,HIGHER_LOW
IBM,2016-06-23 13:30:00+00:00,MAX,148.384727,7.88,-7.63,65,4,HIGHER_HIGH
IBM,2016-06-27 13:30:00+00:00,MIN,137.066034,-7.63,13.96,4,45,LOWER_LOW
IBM,2016-08-11 13:30:00+00:00,MAX,156.197969,13.96,-8.5,45,71,HIGHER_HIGH
IBM,2016-10-21 13:30:00+00:00,MIN,142.921189,-8.5,21.6,71,131,HIGHER_LOW
IBM,2017-03-01 14:30:00+00:00,MAX,173.79209,21.6,-23.22,131,169,HIGHER_HIGH
IBM,2017-08-18 13:30:00+00:00,MIN,133.436411,-23.22,16.01,169,63,LOWER_LOW
IBM,2017-10-20 13:30:00+00:00,MAX,154.803429,16.01,-9.24,63,26,LOWER_HIGH
IBM,2017-11-15 14:30:00+00:00,MIN,140.504624,-9.24,14.97,26,64,HIGHER_LOW
IBM,2018-01-18 14:30:00+00:00,MAX,161.537336,14.97,-12.73,64,21,HIGHER_HIGH
IBM,2018-02-08 14:30:00+00:00,MIN,140.972655,-12.73,8.58,21,31,HIGHER_LOW
IBM,2018-03-12 13:30:00+00:00,MAX,153.074583,8.58,-7.09,31,11,LOWER_HIGH
IBM,2018-03-23 13:30:00+00:00,MIN,142.214368,-7.09,8.07,11,25,HIGHER_LOW
IBM,2018-04-17 13:30:00+00:00,MAX,153.695439,8.07,-14.56,25,71,HIGHER_HIGH
IBM,2018-06-27 13:30:00+00:00,MIN,131.315947,-14.56,11.83,71,97,LOWER_LOW
IBM,2018-10-02 13:30:00+00:00,MAX,146.856465,11.83,-24.94,97,28,LOWER_HIGH
IBM,2018-10-30 13:30:00+00:00,MIN,110.225926,-24.94,8.18,28,8,LOWER_LOW
IBM,2018-11-07 14:30:00+00:00,MAX,119.242674,8.18,-6.13,8,16,LOWER_HIGH
IBM,2018-11-23 14:30:00+00:00,MIN,111.935669,-6.13,6.93,16,10,HIGHER_LOW
IBM,2018-12-03 14:30:00+00:00,MAX,119.691601,6.93,-14.16,10,21,HIGHER_HIGH
IBM,2018-12-24 14:30:00+00:00,MIN,102.746991,-14.16,34.93,21,112,LOWER_LOW
IBM,2019-04-16 13:30:00+00:00,MAX,138.632503,34.93,-12.51,112,45,HIGHER_HIGH
IBM,2019-05-31 13:30:00+00:00,MIN,121.296276,-12.51,19.19,45,56,HIGHER_LOW
IBM,2019-07-26 13:30:00+00:00,MAX,144.573623,19.19,-14.4,56,28,HIGHER_HIGH
IBM,2019-08-23 13:30:00+00:00,MIN,123.760599,-14.4,12.23,28,38,HIGHER_LOW
IBM,2019-09-30 13:30:00+00:00,MAX,138.899949,12.23,-9.29,38,66,LOWER_HIGH
IBM,2019-12-05 14:30:00+00:00,MIN,125.995683,-9.29,18.84,66,63,HIGHER_LOW
IBM,2020-02-06 14:30:00+00:00,MAX,149.731509,18.84,-24.85,63,31,HIGHER_HIGH
IBM,2020-03-09 13:30:00+00:00,MIN,112.527871,-24.85,5.91,31,1,LOWER_LOW
IBM,2020-03-10 13:30:00+00:00,MAX,119.175812,5.91,-20.59,1,6,LOWER_HIGH
IBM,2020-03-16 13:30:00+00:00,MIN,94.637649,-20.59,7.64,6,1,LOWER_LOW
IBM,2020-03-17 13:30:00+00:00,MAX,101.868241,7.64,-11.14,1,6,LOWER_HIGH
IBM,2020-03-23 13:30:00+00:00,MIN,90.520892,-11.14,19.16,6,7,LOWER_LOW
IBM,2020-03-30 13:30:00+00:00,MAX,107.866671,19.16,-6.9,7,2,HIGHER_HIGH
IBM,2020-04-01 13:30:00+00:00,MIN,100.425943,-6.9,17.85,2,13,HIGHER_LOW
IBM,2020-04-14 13:30:00+00:00,MAX,118.354371,17.85,-6.6,13,2,HIGHER_HIGH
IBM,2020-04-16 13:30:00+00:00,MIN,110.54113,-6.6,11.2,2,13,HIGHER_LOW
IBM,2020-04-29 13:30:00+00:00,MAX,122.920055,11.2,-10.07,13,14,HIGHER_HIGH
IBM,2020-05-13 13:30:00+00:00,MIN,110.54113,-10.07,17.3,14,26,LOWER_LOW
IBM,2020-06-08 13:30:00+00:00,MAX,129.663513,17.3,-13.07,26,3,HIGHER_HIGH
IBM,2020-06-11 13:30:00+00:00,MIN,112.718904,-13.07,6.05,3,5,HIGHER_LOW
IBM,2020-06-16 13:30:00+00:00,MAX,119.538775,6.05,-7.54,5,23,LOWER_HIGH
IBM,2020-07-09 13:30:00+00:00,MIN,110.522026,-7.54,11.2,23,13,LOWER_LOW
IBM,2020-07-22 13:30:00+00:00,MAX,122.900952,11.2,-8.22,13,64,HIGHER_HIGH
IBM,2020-09-24 13:30:00+00:00,MIN,112.795317,-8.22,11.35,64,14,HIGHER_LOW
IBM,2020-10-08 13:30:00+00:00,MAX,125.594514,11.35,-18.89,14,20,HIGHER_HIGH
IBM,2020-10-28 13:30:00+00:00,MIN,101.868241,-18.89,23.44,20,85,LOWER_LOW
IBM,2021-01-21 14:30:00+00:00,MAX,125.747341,23.44,-9.93,85,4,HIGHER_HIGH
IBM,2021-01-25 14:30:00+00:00,MIN,113.263347,-9.93,21.64,4,93,HIGHER_LOW
IBM,2021-04-29 13:30:00+00:00,MAX,137.772855,21.64,-19.35,93,0,HIGHER_HIGH
IBM,2021-04-30 00:00:00+00:00,MIN,111.12017059326172,-19.35,7.82,0,42,LOWER_LOW
IBM,2021-06-11 00:00:00+00:00,MAX,119.8060531616211,7.82,-8.83,42,38,LOWER_HIGH
IBM,2021-07-19 00:00:00+00:00,MIN,109.22562408447266,-8.83,5.31,38,28,LOWER_LOW
IBM,2021-08-16 00:00:00+00:00,MAX,115.02515411376953,5.31,-7.4,28,36,LOWER_HIGH
IBM,2021-09-21 00:00:00+00:00,MIN,106.517822265625,-7.4,8.75,36,24,LOWER_LOW
IBM,2021-10-15 00:00:00+00:00,MAX,115.84224700927734,8.75,-15.11,24,42,HIGHER_HIGH
IBM,2021-11-26 00:00:00+00:00,MIN,98.33390808105469,-15.11,19.35,42,40,LOWER_LOW
IBM,2022-01-05 00:00:00+00:00,MAX,117.36219787597656,19.35,-6.8,40,19,HIGHER_HIGH
IBM,2022-01-24 00:00:00+00:00,MIN,109.38069915771484,-6.8,6.96,19,16,HIGHER_LOW
IBM,2022-02-09 00:00:00+00:00,MAX,116.99705505371094,6.96,-10.87,16,20,LOWER_HIGH
IBM,2022-03-01 00:00:00+00:00,MIN,104.27906799316406,-10.87,15.25,20,51,LOWER_LOW
IBM,2022-04-21 00:00:00+00:00,MAX,120.17660522460938,15.25,-6.55,51,19,HIGHER_HIGH
IBM,2022-05-10 00:00:00+00:00,MIN,112.3106918334961,-6.55,7.16,19,7,HIGHER_LOW
IBM,2022-05-17 00:00:00+00:00,MAX,120.34715270996094,7.16,-7.15,7,3,HIGHER_HIGH
IBM,2022-05-20 00:00:00+00:00,MIN,111.74533081054688,-7.15,11.21,3,17,LOWER_LOW
IBM,2022-06-06 00:00:00+00:00,MAX,124.2697525024414,11.21,-5.5,17,11,HIGHER_HIGH
IBM,2022-06-17 00:00:00+00:00,MIN,117.43351745605469,-5.5,5.76,11,10,HIGHER_LOW
IBM,2022-06-27 00:00:00+00:00,MAX,124.20015716552734,5.76,-10.96,10,24,LOWER_HIGH
IBM,2022-07-21 00:00:00+00:00,MIN,110.58856201171875,-10.96,10.75,24,28,LOWER_LOW
IBM,2022-08-18 00:00:00+00:00,MAX,122.47996520996094,10.75,-14.57,28,43,LOWER_HIGH
IBM,2022-09-30 00:00:00+00:00,MIN,104.63683319091797,-14.57,5.83,43,5,LOWER_LOW
IBM,2022-10-05 00:00:00+00:00,MAX,110.74010467529297,5.83,-6.5,5,7,LOWER_HIGH
IBM,2022-10-12 00:00:00+00:00,MIN,103.54473114013672,-6.5,29.6,7,62,LOWER_LOW
IBM,2022-12-13 00:00:00+00:00,MAX,134.1891326904297,29.6,-7.77,62,6,HIGHER_HIGH
IBM,2022-12-19 00:00:00+00:00,MIN,123.76200103759766,-7.77,5.06,6,25,HIGHER_LOW
IBM,2023-01-13 00:00:00+00:00,MAX,130.01829528808594,5.06,-14.46,25,61,LOWER_HIGH
IBM,2023-03-15 00:00:00+00:00,MIN,111.21760559082031,-14.46,7.19,61,21,LOWER_LOW
IBM,2023-04-05 00:00:00+00:00,MAX,119.21070098876953,7.19,-7.26,21,36,LOWER_HIGH
IBM,2023-05-11 00:00:00+00:00,MIN,110.5577392578125,-7.26,14.47,36,35,LOWER_LOW
IBM,2023-06-15 00:00:00+00:00,MAX,126.56071472167969,14.47,-6.48,35,8,HIGHER_HIGH
IBM,2023-06-23 00:00:00+00:00,MIN,118.3580322265625,-6.48,17.09,8,89,HIGHER_LOW
IBM,2023-09-20 00:00:00+00:00,MAX,138.5896759033203,17.09,-8.98,89,33,HIGHER_HIGH
IBM,2023-10-23 00:00:00+00:00,MIN,126.14869689941406,-8.98,48.0,33,141,HIGHER_LOW
IBM,2024-03-12 00:00:00+00:00,MAX,186.7039794921875,48.0,-16.86,141,50,HIGHER_HIGH
IBM,2024-05-01 00:00:00+00:00,MIN,155.22161865234375,-16.86,45.76,50,166,HIGHER_LOW
IBM,2024-10-14 00:00:00+00:00,MAX,226.25131225585938,45.76,-12.9,166,16,HIGHER_HIGH
IBM,2024-10-30 00:00:00+00:00,MIN,197.0538787841797,-12.9,17.09,16,37,HIGHER_LOW
IBM,2024-12-06 00:00:00+00:00,MAX,230.7290496826172,17.09,-8.67,37,38,HIGHER_HIGH
IBM,2025-01-13 00:00:00+00:00,MIN,210.72296142578125,-8.67,21.65,38,22,HIGHER_LOW
IBM,2025-02-04 00:00:00+00:00,MAX,256.33758544921875,21.65,-5.12,22,6,HIGHER_HIGH
IBM,2025-02-10 00:00:00+00:00,MIN,243.22381591796875,-5.12,6.21,6,10,HIGHER_LOW
IBM,2025-02-20 00:00:00+00:00,MAX,258.31854248046875,6.21,-6.06,10,14,HIGHER_HIGH
IBM,2025-03-06 00:00:00+00:00,MIN,242.65786743164062,-6.06,5.17,14,1,LOWER_LOW
IBM,2025-03-07 00:00:00+00:00,MAX,255.19618225097656,5.17,-15.49,1,32,LOWER_HIGH
IBM,2025-04-08 00:00:00+00:00,MIN,215.66879272460938,-15.49,11.06,32,15,LOWER_LOW
IBM,2025-04-23 00:00:00+00:00,MAX,239.52572631835938,11.06,-6.58,15,1,LOWER_HIGH
IBM,2025-04-24 00:00:00+00:00,MIN,223.76747131347656,-6.58,29.4,1,67,HIGHER_LOW
IBM,2025-06-30 00:00:00+00:00,MAX,289.5439758300781,29.4,-19.82,67,43,HIGHER_HIGH
IBM,2025-08-12 00:00:00+00:00,MIN,232.1590118408203,-19.82,25.17,43,56,HIGHER_LOW
IBM,2025-10-07 00:00:00+00:00,MAX,290.60174560546875,25.17,-6.09,56,9,HIGHER_HIGH
IBM,2025-10-16 00:00:00+00:00,MIN,272.90081787109375,-6.09,14.76,9,27,HIGHER_LOW
IBM,2025-11-12 00:00:00+00:00,MAX,313.1943359375,14.76,-8.4,27,7,HIGHER_HIGH
IBM,2025-11-19 00:00:00+00:00,MIN,286.8942565917969,-8.4,8.37,7,21,HIGHER_LOW
IBM,2025-12-10 00:00:00+00:00,MAX,310.8974304199219,8.37,-6.77,21,23,LOWER_HIGH
IBM,2026-01-02 00:00:00+00:00,MIN,289.8474426269531,-6.77,7.09,23,10,HIGHER_LOW
IBM,2026-01-12 00:00:00+00:00,MAX,310.4101867675781,7.09,-6.67,10,8,LOWER_HIGH
IBM,2026-01-20 00:00:00+00:00,MIN,289.69830322265625,-6.67,8.02,8,13,LOWER_LOW
IBM,2026-02-02 00:00:00+00:00,MAX,312.94573974609375,8.02,-28.63,13,21,HIGHER_HIGH
IBM,2026-02-23 00:00:00+00:00,MIN,223.35000610351562,-28.63,15.89,21,11,LOWER_LOW
IBM,2026-03-06 00:00:00+00:00,MAX,258.8500061035156,15.89,-8.7,11,21,LOWER_HIGH
IBM,2026-03-27 00:00:00+00:00,MIN,236.33999633789062,-8.7,5.0,21,6,HIGHER_LOW
IBM,2026-04-02 00:00:00+00:00,MAX,248.16000366210938,5.0,-7.01,6,8,LOWER_HIGH
IBM,2026-04-10 00:00:00+00:00,MIN,230.75999450683594,-7.01,10.8,8,11,LOWER_LOW
IBM,2026-04-21 00:00:00+00:00,MAX,255.67999267578125,10.8,-16.05,11,22,HIGHER_HIGH
JNJ,2006-04-17 13:30:00+00:00,MIN,57.64999,-5.49,19.86,25,189,FIRST_LOW
JNJ,2006-10-23 13:30:00+00:00,MAX,69.10001,19.86,-13.17,189,156,FIRST_HIGH
JNJ,2007-03-28 13:30:00+00:00,MIN,60.0,-13.17,8.53,156,23,HIGHER_LOW
JNJ,2007-04-20 13:30:00+00:00,MAX,65.12,8.53,-6.74,23,63,LOWER_HIGH
JNJ,2007-06-22 13:30:00+00:00,MIN,60.73,-6.74,5.06,63,24,HIGHER_LOW
JNJ,2007-07-16 13:30:00+00:00,MAX,63.8,5.06,-6.32,24,11,LOWER_HIGH
JNJ,2007-07-27 13:30:00+00:00,MIN,59.77,-6.32,14.44,11,125,LOWER_LOW
JNJ,2007-11-29 14:30:00+00:00,MAX,68.39999,14.44,-10.34,125,101,HIGHER_HIGH
JNJ,2008-03-10 13:30:00+00:00,MIN,61.33,-10.34,11.3,101,53,HIGHER_LOW
JNJ,2008-05-02 13:30:00+00:00,MAX,68.25999,11.3,-6.87,53,56,LOWER_HIGH
JNJ,2008-06-27 13:30:00+00:00,MIN,63.57001,-6.87,13.61,56,73,HIGHER_LOW
JNJ,2008-09-08 13:30:00+00:00,MAX,72.22,13.61,-22.67,73,32,HIGHER_HIGH
JNJ,2008-10-10 13:30:00+00:00,MIN,55.85001,-22.67,14.59,32,4,LOWER_LOW
JNJ,2008-10-14 13:30:00+00:00,MAX,64.0,14.59,-5.41,4,1,LOWER_HIGH
JNJ,2008-10-15 13:30:00+00:00,MIN,60.53999,-5.41,6.44,1,5,HIGHER_LOW
JNJ,2008-10-20 13:30:00+00:00,MAX,64.44,6.44,-6.66,5,7,HIGHER_HIGH
JNJ,2008-10-27 13:30:00+00:00,MIN,60.14999,-6.66,6.72,7,1,LOWER_LOW
JNJ,2008-10-28 13:30:00+00:00,MAX,64.19,6.72,-9.77,1,9,LOWER_HIGH
JNJ,2008-11-06 14:30:00+00:00,MIN,57.92,-9.77,8.6,9,7,LOWER_LOW
JNJ,2008-11-13 14:30:00+00:00,MAX,62.89999,8.6,-11.27,7,7,LOWER_HIGH
JNJ,2008-11-20 14:30:00+00:00,MIN,55.81,-11.27,5.91,7,4,LOWER_LOW
JNJ,2008-11-24 14:30:00+00:00,MAX,59.11,5.91,-6.39,4,7,LOWER_HIGH
JNJ,2008-12-01 14:30:00+00:00,MIN,55.33,-6.39,9.62,7,32,LOWER_LOW
JNJ,2009-01-02 14:30:00+00:00,MAX,60.64999,9.62,-23.17,32,65,HIGHER_HIGH
JNJ,2009-03-09 13:30:00+00:00,MIN,46.60001,-23.17,34.18,65,217,LOWER_LOW
JNJ,2009-10-12 13:30:00+00:00,MAX,62.53,34.18,-5.76,217,22,HIGHER_HIGH
JNJ,2009-11-03 14:30:00+00:00,MIN,58.92999,-5.76,12.05,22,166,HIGHER_LOW
JNJ,2010-04-19 13:30:00+00:00,MAX,66.03,12.05,-12.16,166,49,HIGHER_HIGH
JNJ,2010-06-07 13:30:00+00:00,MIN,58.0,-12.16,5.83,49,31,LOWER_LOW
JNJ,2010-07-08 13:30:00+00:00,MAX,61.38,5.83,-7.1,31,14,LOWER_HIGH
JNJ,2010-07-22 13:30:00+00:00,MIN,57.02,-7.1,5.31,14,18,LOWER_LOW
JNJ,2010-08-09 13:30:00+00:00,MAX,60.05,5.31,-5.05,18,22,LOWER_HIGH
JNJ,2010-08-31 13:30:00+00:00,MIN,57.02,-5.05,13.57,22,65,LOWER_LOW
JNJ,2010-11-04 13:30:00+00:00,MAX,64.75999,13.57,-10.96,65,132,HIGHER_HIGH
JNJ,2011-03-16 13:30:00+00:00,MIN,57.66,-10.96,17.79,132,113,HIGHER_LOW
JNJ,2011-07-07 13:30:00+00:00,MAX,67.92,17.79,-11.37,113,34,HIGHER_HIGH
JNJ,2011-08-10 13:30:00+00:00,MIN,60.2,-11.37,9.4,34,19,HIGHER_LOW
JNJ,2011-08-29 13:30:00+00:00,MAX,65.86,9.4,-6.48,19,25,LOWER_HIGH
JNJ,2011-09-23 13:30:00+00:00,MIN,61.59,-6.48,6.51,25,35,HIGHER_LOW
JNJ,2011-10-28 13:30:00+00:00,MAX,65.60001,6.51,-6.6,35,28,LOWER_HIGH
JNJ,2011-11-25 14:30:00+00:00,MIN,61.27,-6.6,8.06,28,128,LOWER_LOW
JNJ,2012-04-02 13:30:00+00:00,MAX,66.21001,8.06,-6.69,128,60,HIGHER_HIGH
JNJ,2012-06-01 13:30:00+00:00,MIN,61.78,-6.69,17.38,60,139,HIGHER_LOW
JNJ,2012-10-18 13:30:00+00:00,MAX,72.52,17.38,-5.12,139,40,HIGHER_HIGH
JNJ,2012-11-27 14:30:00+00:00,MIN,68.81,-5.12,28.75,40,174,HIGHER_LOW
JNJ,2013-05-21 13:30:00+00:00,MAX,88.59,28.75,-6.74,174,30,HIGHER_HIGH
JNJ,2013-06-20 13:30:00+00:00,MIN,82.62,-6.74,14.25,30,43,HIGHER_LOW
JNJ,2013-08-02 13:30:00+00:00,MAX,94.39,14.25,-9.3,43,67,HIGHER_HIGH
JNJ,2013-10-08 13:30:00+00:00,MIN,85.61,-9.3,11.7,67,48,HIGHER_LOW
JNJ,2013-11-25 14:30:00+00:00,MAX,95.63,11.7,-9.42,48,71,HIGHER_HIGH
JNJ,2014-02-04 14:30:00+00:00,MIN,86.62,-9.42,22.92,71,152,HIGHER_LOW
JNJ,2014-07-07 13:30:00+00:00,MAX,106.47,22.92,-6.25,152,29,HIGHER_HIGH
JNJ,2014-08-05 13:30:00+00:00,MIN,99.82,-6.25,8.84,29,50,HIGHER_LOW
JNJ,2014-09-24 13:30:00+00:00,MAX,108.64,8.84,-10.92,50,22,HIGHER_HIGH
JNJ,2014-10-16 13:30:00+00:00,MIN,96.78,-10.92,12.7,22,28,LOWER_LOW
JNJ,2014-11-13 14:30:00+00:00,MAX,109.07,12.7,-9.86,28,117,HIGHER_HIGH
JNJ,2015-03-11 13:30:00+00:00,MIN,98.32,-9.86,5.74,117,69,HIGHER_LOW
JNJ,2015-05-19 13:30:00+00:00,MAX,103.96,5.74,-12.73,69,98,LOWER_HIGH
JNJ,2015-08-25 13:30:00+00:00,MIN,90.73,-12.73,6.05,98,2,LOWER_LOW
JNJ,2015-08-27 13:30:00+00:00,MAX,96.22,6.05,-5.43,2,29,LOWER_HIGH
JNJ,2015-09-25 13:30:00+00:00,MIN,91.0,-5.43,15.66,29,82,HIGHER_LOW
JNJ,2015-12-16 14:30:00+00:00,MAX,105.25,15.66,-9.03,82,35,HIGHER_HIGH
JNJ,2016-01-20 14:30:00+00:00,MIN,95.75,-9.03,30.97,35,193,HIGHER_LOW
JNJ,2016-08-01 13:30:00+00:00,MAX,125.4,30.97,-9.54,193,81,HIGHER_HIGH
JNJ,2016-10-21 13:30:00+00:00,MIN,113.44,-9.54,6.06,81,19,HIGHER_LOW
JNJ,2016-11-09 14:30:00+00:00,MAX,120.31,6.06,-7.75,19,29,LOWER_HIGH
JNJ,2016-12-08 14:30:00+00:00,MIN,110.99,-7.75,16.19,29,96,LOWER_LOW
JNJ,2017-03-15 13:30:00+00:00,MAX,128.96,16.19,-5.89,96,35,HIGHER_HIGH
JNJ,2017-04-19 13:30:00+00:00,MIN,121.37,-5.89,12.52,35,92,HIGHER_LOW
JNJ,2017-07-20 13:30:00+00:00,MAX,136.57,12.52,-5.2,92,70,HIGHER_HIGH
JNJ,2017-09-28 13:30:00+00:00,MIN,129.47,-5.2,14.42,70,116,HIGHER_LOW
JNJ,2018-01-22 14:30:00+00:00,MAX,148.14,14.42,-14.7,116,17,HIGHER_HIGH
JNJ,2018-02-08 14:30:00+00:00,MIN,126.36,-14.7,6.32,17,32,LOWER_LOW
JNJ,2018-03-13 13:30:00+00:00,MAX,134.35,6.32,-7.29,32,20,LOWER_HIGH
JNJ,2018-04-02 13:30:00+00:00,MIN,124.56,-7.29,5.78,20,14,LOWER_LOW
JNJ,2018-04-16 13:30:00+00:00,MAX,131.76,5.78,-9.38,14,43,LOWER_HIGH
JNJ,2018-05-29 13:30:00+00:00,MIN,119.4,-9.38,19.66,43,115,LOWER_LOW
JNJ,2018-09-21 13:30:00+00:00,MAX,142.88,19.66,-6.33,115,20,HIGHER_HIGH
JNJ,2018-10-11 13:30:00+00:00,MIN,133.84,-6.33,10.46,20,63,HIGHER_LOW
JNJ,2018-12-13 14:30:00+00:00,MAX,147.84,10.46,-16.91,63,11,HIGHER_HIGH
JNJ,2018-12-24 14:30:00+00:00,MIN,122.84,-16.91,15.67,11,132,LOWER_LOW
JNJ,2019-05-06 13:30:00+00:00,MAX,142.09,15.67,-7.7,132,25,LOWER_HIGH
JNJ,2019-05-31 13:30:00+00:00,MIN,131.15,-7.7,9.98,25,25,HIGHER_LOW
JNJ,2019-06-25 13:30:00+00:00,MAX,144.24,9.98,-11.99,25,76,HIGHER_HIGH
JNJ,2019-09-09 13:30:00+00:00,MIN,126.95,-11.99,7.26,76,38,LOWER_LOW
JNJ,2019-10-17 13:30:00+00:00,MAX,136.17,7.26,-6.37,38,7,LOWER_HIGH
JNJ,2019-10-24 13:30:00+00:00,MIN,127.5,-6.37,20.78,7,104,HIGHER_LOW
JNJ,2020-02-05 14:30:00+00:00,MAX,153.99,20.78,-12.67,104,23,HIGHER_HIGH
JNJ,2020-02-28 14:30:00+00:00,MIN,134.48,-12.67,6.69,23,5,HIGHER_LOW
JNJ,2020-03-04 14:30:00+00:00,MAX,143.48,6.69,-12.59,5,7,LOWER_HIGH
JNJ,2020-03-12 13:30:00+00:00,MIN,125.41,-12.59,7.08,7,1,LOWER_LOW
JNJ,2020-03-13 13:30:00+00:00,MAX,134.29,7.08,-5.33,1,3,LOWER_HIGH
JNJ,2020-03-16 13:30:00+00:00,MIN,127.13,-5.33,7.44,3,1,HIGHER_LOW
JNJ,2020-03-17 13:30:00+00:00,MAX,136.59,7.44,-18.63,1,6,HIGHER_HIGH
JNJ,2020-03-23 13:30:00+00:00,MIN,111.14,-18.63,39.92,6,31,LOWER_LOW
JNJ,2020-04-23 13:30:00+00:00,MAX,155.51,39.92,-11.38,31,64,HIGHER_HIGH
JNJ,2020-06-26 13:30:00+00:00,MIN,137.81,-11.38,11.62,64,68,HIGHER_LOW
JNJ,2020-09-02 13:30:00+00:00,MAX,153.83,11.62,-6.25,68,20,LOWER_HIGH
JNJ,2020-09-22 13:30:00+00:00,MIN,144.21,-6.25,5.29,20,20,HIGHER_LOW
JNJ,2020-10-12 13:30:00+00:00,MAX,151.84,5.29,-9.7,20,18,LOWER_HIGH
JNJ,2020-10-30 13:30:00+00:00,MIN,137.11,-9.7,24.34,18,88,LOWER_LOW
JNJ,2021-01-26 14:30:00+00:00,MAX,170.48,24.34,-10.21,88,37,HIGHER_HIGH
JNJ,2021-03-04 14:30:00+00:00,MIN,153.07,-10.21,8.83,37,47,HIGHER_LOW
JNJ,2021-04-21 13:30:00+00:00,MAX,166.59,8.83,-15.17,47,8,LOWER_HIGH
JNJ,2021-04-30 00:00:00+00:00,MIN,141.31187438964844,-15.17,5.46,8,24,LOWER_LOW
JNJ,2021-05-24 00:00:00+00:00,MAX,149.0266571044922,5.46,-5.02,24,25,LOWER_HIGH
JNJ,2021-06-18 00:00:00+00:00,MIN,141.53814697265625,-5.02,10.8,25,60,HIGHER_LOW
JNJ,2021-08-17 00:00:00+00:00,MAX,156.8209228515625,10.8,-11.61,60,56,HIGHER_HIGH
JNJ,2021-10-12 00:00:00+00:00,MIN,138.6083526611328,-11.61,5.11,56,14,LOWER_LOW
JNJ,2021-10-26 00:00:00+00:00,MAX,145.69300842285156,5.11,-5.31,14,35,LOWER_HIGH
JNJ,2021-11-30 00:00:00+00:00,MIN,137.95907592773438,-5.31,11.56,35,38,LOWER_LOW
JNJ,2022-01-07 00:00:00+00:00,MAX,153.9022674560547,11.56,-6.31,38,17,HIGHER_HIGH
JNJ,2022-01-24 00:00:00+00:00,MIN,144.187744140625,-6.31,6.01,17,9,HIGHER_LOW
JNJ,2022-02-02 00:00:00+00:00,MAX,152.85826110839844,6.01,-7.88,9,22,LOWER_HIGH
JNJ,2022-02-24 00:00:00+00:00,MIN,140.81251525878906,-7.88,17.62,22,60,LOWER_LOW
JNJ,2022-04-25 00:00:00+00:00,MAX,165.62879943847656,17.62,-9.0,60,50,HIGHER_HIGH
JNJ,2022-06-14 00:00:00+00:00,MIN,150.72372436523438,-9.0,8.38,50,10,HIGHER_LOW
JNJ,2022-06-24 00:00:00+00:00,MAX,163.3594207763672,8.38,-11.53,10,105,LOWER_HIGH
JNJ,2022-10-07 00:00:00+00:00,MIN,144.5280303955078,-11.53,13.24,105,91,LOWER_LOW
JNJ,2023-01-06 00:00:00+00:00,MAX,163.66624450683594,13.24,-15.6,91,75,HIGHER_HIGH
JNJ,2023-03-22 00:00:00+00:00,MIN,138.1392059326172,-15.6,9.97,75,22,LOWER_LOW
JNJ,2023-04-13 00:00:00+00:00,MAX,151.91200256347656,9.97,-6.38,22,43,LOWER_HIGH
JNJ,2023-05-26 00:00:00+00:00,MIN,142.22218322753906,-6.38,13.04,43,63,HIGHER_LOW
JNJ,2023-07-28 00:00:00+00:00,MAX,160.7705078125,13.04,-15.95,63,91,HIGHER_HIGH
JNJ,2023-10-27 00:00:00+00:00,MIN,135.1337890625,-15.95,13.52,91,137,LOWER_LOW
JNJ,2024-03-12 00:00:00+00:00,MAX,153.40725708007812,13.52,-11.24,137,35,LOWER_HIGH
JNJ,2024-04-16 00:00:00+00:00,MIN,136.16612243652344,-11.24,7.12,35,36,HIGHER_LOW
JNJ,2024-05-22 00:00:00+00:00,MAX,145.8667755126953,7.12,-5.94,36,6,LOWER_HIGH
JNJ,2024-05-28 00:00:00+00:00,MIN,137.2003173828125,-5.94,16.81,6,105,HIGHER_LOW
JNJ,2024-09-10 00:00:00+00:00,MAX,160.26382446289062,16.81,-14.45,105,122,HIGHER_HIGH
JNJ,2025-01-10 00:00:00+00:00,MIN,137.1116943359375,-14.45,18.99,122,59,LOWER_LOW
JNJ,2025-03-10 00:00:00+00:00,MAX,163.15420532226562,18.99,-11.34,59,31,HIGHER_HIGH
JNJ,2025-04-10 00:00:00+00:00,MIN,144.65951538085938,-11.34,6.09,31,12,HIGHER_LOW
JNJ,2025-04-22 00:00:00+00:00,MAX,153.4739227294922,6.09,-7.22,12,22,LOWER_HIGH
JNJ,2025-05-14 00:00:00+00:00,MIN,142.39266967773438,-7.22,74.56,22,292,LOWER_LOW
JNJ,2026-03-02 00:00:00+00:00,MAX,248.55999755859375,74.56,-11.28,292,70,HIGHER_HIGH
JPM,2006-06-19 13:30:00+00:00,MIN,39.95,-14.36,7.31,45,14,FIRST_LOW
JPM,2006-07-03 13:30:00+00:00,MAX,42.87,7.31,-5.04,14,15,FIRST_HIGH
JPM,2006-07-18 13:30:00+00:00,MIN,40.71001,-5.04,26.87,15,218,HIGHER_LOW
JPM,2007-02-21 14:30:00+00:00,MAX,51.64999,26.87,-9.58,218,19,HIGHER_HIGH
JPM,2007-03-13 13:30:00+00:00,MIN,46.7,-9.58,13.92,19,57,HIGHER_LOW
JPM,2007-05-09 13:30:00+00:00,MAX,53.2,13.92,-10.7,57,62,HIGHER_HIGH
JPM,2007-07-10 13:30:00+00:00,MIN,47.50999,-10.7,5.35,62,3,HIGHER_LOW
JPM,2007-07-13 13:30:00+00:00,MAX,50.05,5.35,-12.79,3,21,LOWER_HIGH
JPM,2007-08-03 13:30:00+00:00,MIN,43.64999,-12.79,6.55,21,5,LOWER_LOW
JPM,2007-08-08 13:30:00+00:00,MAX,46.50999,6.55,-7.55,5,7,LOWER_HIGH
JPM,2007-08-15 13:30:00+00:00,MIN,43.0,-7.55,9.33,7,2,LOWER_LOW
JPM,2007-08-17 13:30:00+00:00,MAX,47.00999,9.33,-7.42,2,21,HIGHER_HIGH
JPM,2007-09-07 13:30:00+00:00,MIN,43.52,-7.42,9.88,21,11,HIGHER_LOW
JPM,2007-09-18 13:30:00+00:00,MAX,47.82001,9.88,-5.86,11,31,HIGHER_HIGH
JPM,2007-10-19 13:30:00+00:00,MIN,45.02,-5.86,5.11,31,7,HIGHER_LOW
JPM,2007-10-26 13:30:00+00:00,MAX,47.32001,5.11,-10.74,7,12,LOWER_HIGH
JPM,2007-11-07 14:30:00+00:00,MIN,42.24001,-10.74,6.89,12,7,LOWER_LOW
JPM,2007-11-14 14:30:00+00:00,MAX,45.14999,6.89,-10.39,7,12,LOWER_HIGH
JPM,2007-11-26 14:30:00+00:00,MIN,40.46001,-10.39,17.2,12,14,LOWER_LOW
JPM,2007-12-10 14:30:00+00:00,MAX,47.42,17.2,-17.4,14,36,HIGHER_HIGH
JPM,2008-01-15 14:30:00+00:00,MIN,39.17,-17.4,23.18,36,17,LOWER_LOW
JPM,2008-02-01 14:30:00+00:00,MAX,48.25,23.18,-24.39,17,37,HIGHER_HIGH
JPM,2008-03-10 13:30:00+00:00,MIN,36.48,-24.39,6.47,37,1,LOWER_LOW
JPM,2008-03-11 13:30:00+00:00,MAX,38.84,6.47,-5.92,1,3,LOWER_HIGH
JPM,2008-03-14 13:30:00+00:00,MIN,36.53999,-5.92,27.39,3,10,HIGHER_LOW
JPM,2008-03-24 13:30:00+00:00,MAX,46.55,27.39,-8.25,10,4,HIGHER_HIGH
JPM,2008-03-28 13:30:00+00:00,MIN,42.71001,-8.25,10.04,4,4,HIGHER_LOW
JPM,2008-04-01 13:30:00+00:00,MAX,47.0,10.04,-11.7,4,13,HIGHER_HIGH
JPM,2008-04-14 13:30:00+00:00,MIN,41.5,-11.7,18.67,13,17,LOWER_LOW
JPM,2008-05-01 13:30:00+00:00,MAX,49.25,18.67,-24.61,17,41,HIGHER_HIGH
JPM,2008-06-11 13:30:00+00:00,MIN,37.13,-24.61,7.57,41,5,LOWER_LOW
JPM,2008-06-16 13:30:00+00:00,MAX,39.94,7.57,-14.82,5,15,LOWER_HIGH
JPM,2008-07-01 13:30:00+00:00,MIN,34.02,-14.82,5.14,15,7,LOWER_LOW
JPM,2008-07-08 13:30:00+00:00,MAX,35.77,5.14,-13.28,7,7,LOWER_HIGH
JPM,2008-07-15 13:30:00+00:00,MIN,31.02,-13.28,31.53,7,2,LOWER_LOW
JPM,2008-07-17 13:30:00+00:00,MAX,40.8,31.53,-5.27,2,4,HIGHER_HIGH
JPM,2008-07-21 13:30:00+00:00,MIN,38.64999,-5.27,8.56,4,2,HIGHER_LOW
JPM,2008-07-23 13:30:00+00:00,MAX,41.96001,8.56,-10.25,2,5,HIGHER_HIGH
JPM,2008-07-28 13:30:00+00:00,MIN,37.66,-10.25,11.23,5,8,LOWER_LOW
JPM,2008-08-05 13:30:00+00:00,MAX,41.89,11.23,-15.06,8,14,LOWER_HIGH
JPM,2008-08-19 13:30:00+00:00,MIN,35.58,-15.06,16.78,14,20,LOWER_LOW
JPM,2008-09-08 13:30:00+00:00,MAX,41.55,16.78,-5.17,20,2,LOWER_HIGH
JPM,2008-09-10 13:30:00+00:00,MIN,39.39999,-5.17,5.71,2,1,HIGHER_LOW
JPM,2008-09-11 13:30:00+00:00,MAX,41.64999,5.71,-11.16,1,4,HIGHER_HIGH
JPM,2008-09-15 13:30:00+00:00,MIN,37.0,-11.16,10.11,4,1,LOWER_LOW
JPM,2008-09-16 13:30:00+00:00,MAX,40.74001,10.11,-12.2,1,1,LOWER_HIGH
JPM,2008-09-17 13:30:00+00:00,MIN,35.77,-12.2,31.53,1,2,LOWER_LOW
JPM,2008-09-19 13:30:00+00:00,MAX,47.05,31.53,-13.92,2,5,HIGHER_HIGH
JPM,2008-09-24 13:30:00+00:00,MIN,40.5,-13.92,19.11,5,2,HIGHER_LOW
JPM,2008-09-26 13:30:00+00:00,MAX,48.24001,19.11,-15.01,2,3,HIGHER_HIGH
JPM,2008-09-29 13:30:00+00:00,MIN,41.0,-15.01,21.59,3,3,HIGHER_LOW
JPM,2008-10-02 13:30:00+00:00,MAX,49.85001,21.59,-26.42,3,7,HIGHER_HIGH
JPM,2008-10-09 13:30:00+00:00,MIN,36.67999,-26.42,14.48,7,4,LOWER_LOW
JPM,2008-10-13 13:30:00+00:00,MAX,41.99001,14.48,-8.34,4,2,LOWER_HIGH
JPM,2008-10-15 13:30:00+00:00,MIN,38.49001,-8.34,5.64,2,5,HIGHER_LOW
JPM,2008-10-20 13:30:00+00:00,MAX,40.66,5.64,-16.38,5,7,LOWER_HIGH
JPM,2008-10-27 13:30:00+00:00,MIN,34.0,-16.38,10.59,7,1,LOWER_LOW
JPM,2008-10-28 13:30:00+00:00,MAX,37.60001,10.59,-5.03,1,1,LOWER_HIGH
JPM,2008-10-29 13:30:00+00:00,MIN,35.71001,-5.03,18.09,1,6,HIGHER_LOW
JPM,2008-11-04 14:30:00+00:00,MAX,42.17,18.09,-18.02,6,8,HIGHER_HIGH
JPM,2008-11-12 14:30:00+00:00,MIN,34.57001,-18.02,7.58,8,1,LOWER_LOW
JPM,2008-11-13 14:30:00+00:00,MAX,37.19,7.58,-38.91,1,8,LOWER_HIGH
JPM,2008-11-21 14:30:00+00:00,MIN,22.72,-38.91,39.35,8,7,LOWER_LOW
JPM,2008-11-28 14:30:00+00:00,MAX,31.66,39.35,-17.5,7,3,LOWER_HIGH
JPM,2008-12-01 14:30:00+00:00,MIN,26.12,-17.5,39.7,3,7,HIGHER_LOW
JPM,2008-12-08 14:30:00+00:00,MAX,36.49001,39.7,-21.54,7,7,HIGHER_HIGH
JPM,2008-12-15 14:30:00+00:00,MIN,28.63,-21.54,12.99,7,1,HIGHER_LOW
JPM,2008-12-16 14:30:00+00:00,MAX,32.35001,12.99,-10.02,1,7,LOWER_HIGH
JPM,2008-12-23 14:30:00+00:00,MIN,29.11,-10.02,8.31,7,8,HIGHER_LOW
JPM,2008-12-31 14:30:00+00:00,MAX,31.53,8.31,-21.0,8,12,LOWER_HIGH
JPM,2009-01-12 14:30:00+00:00,MIN,24.91,-21.0,5.78,12,1,LOWER_LOW
JPM,2009-01-13 14:30:00+00:00,MAX,26.35001,5.78,-31.35,1,7,LOWER_HIGH
JPM,2009-01-20 14:30:00+00:00,MIN,18.09,-31.35,52.9,7,8,LOWER_LOW
JPM,2009-01-28 14:30:00+00:00,MAX,27.66,52.9,-13.09,8,7,HIGHER_HIGH
JPM,2009-02-04 14:30:00+00:00,MIN,24.03999,-13.09,14.93,7,2,HIGHER_LOW
JPM,2009-02-06 14:30:00+00:00,MAX,27.63,14.93,-10.89,2,4,LOWER_HIGH
JPM,2009-02-10 14:30:00+00:00,MIN,24.62,-10.89,6.38,4,2,HIGHER_LOW
JPM,2009-02-12 14:30:00+00:00,MAX,26.19,6.38,-25.51,2,11,LOWER_HIGH
JPM,2009-02-23 14:30:00+00:00,MIN,19.50999,-25.51,18.14,11,3,LOWER_LOW
JPM,2009-02-26 14:30:00+00:00,MAX,23.05,18.14,-31.02,3,10,LOWER_HIGH
JPM,2009-03-09 13:30:00+00:00,MIN,15.9,-31.02,70.5,10,9,LOWER_LOW
JPM,2009-03-18 13:30:00+00:00,MAX,27.11,70.5,-14.61,9,2,HIGHER_HIGH
JPM,2009-03-20 13:30:00+00:00,MIN,23.14999,-14.61,24.67,2,3,HIGHER_LOW
JPM,2009-03-23 13:30:00+00:00,MAX,28.86,24.67,-8.52,3,1,HIGHER_HIGH
JPM,2009-03-24 13:30:00+00:00,MIN,26.39999,-8.52,10.23,1,2,HIGHER_LOW
JPM,2009-03-26 13:30:00+00:00,MAX,29.10001,10.23,-14.6,2,4,HIGHER_HIGH
JPM,2009-03-30 13:30:00+00:00,MIN,24.85001,-14.6,17.83,4,4,LOWER_LOW
JPM,2009-04-03 13:30:00+00:00,MAX,29.28,17.83,-6.93,4,4,HIGHER_HIGH
JPM,2009-04-07 13:30:00+00:00,MIN,27.25,-6.93,23.67,4,6,HIGHER_LOW
JPM,2009-04-13 13:30:00+00:00,MAX,33.7,23.67,-8.9,6,1,HIGHER_HIGH
JPM,2009-04-14 13:30:00+00:00,MIN,30.7,-8.9,8.34,1,3,HIGHER_LOW
JPM,2009-04-17 13:30:00+00:00,MAX,33.25999,8.34,-10.73,3,3,LOWER_HIGH
JPM,2009-04-20 13:30:00+00:00,MIN,29.69,-10.73,16.13,3,9,LOWER_LOW
JPM,2009-04-29 13:30:00+00:00,MAX,34.48,16.13,-5.77,9,2,HIGHER_HIGH
JPM,2009-05-01 13:30:00+00:00,MIN,32.49001,-5.77,14.56,2,5,HIGHER_LOW
JPM,2009-05-06 13:30:00+00:00,MAX,37.22,14.56,-5.32,5,1,HIGHER_HIGH
JPM,2009-05-07 13:30:00+00:00,MIN,35.24001,-5.32,10.5,1,1,HIGHER_LOW
JPM,2009-05-08 13:30:00+00:00,MAX,38.94,10.5,-12.56,1,5,HIGHER_HIGH
JPM,2009-05-13 13:30:00+00:00,MIN,34.05,-12.56,9.43,5,5,LOWER_LOW
JPM,2009-05-18 13:30:00+00:00,MAX,37.25999,9.43,-7.65,5,4,LOWER_HIGH
JPM,2009-05-22 13:30:00+00:00,MIN,34.41,-7.65,6.19,4,4,HIGHER_LOW
JPM,2009-05-26 13:30:00+00:00,MAX,36.53999,6.19,-5.15,4,1,LOWER_HIGH
JPM,2009-05-27 13:30:00+00:00,MIN,34.66,-5.15,6.46,1,2,HIGHER_LOW
JPM,2009-05-29 13:30:00+00:00,MAX,36.89999,6.46,-11.3,2,19,HIGHER_HIGH
JPM,2009-06-17 13:30:00+00:00,MIN,32.73,-11.3,6.94,19,2,LOWER_LOW
JPM,2009-06-19 13:30:00+00:00,MAX,35.0,6.94,-6.09,2,3,LOWER_HIGH
JPM,2009-06-22 13:30:00+00:00,MIN,32.87,-6.09,5.26,3,7,HIGHER_LOW
JPM,2009-06-29 13:30:00+00:00,MAX,34.60001,5.26,-6.73,7,3,LOWER_HIGH
JPM,2009-07-02 13:30:00+00:00,MIN,32.27,-6.73,32.94,3,42,LOWER_LOW
JPM,2009-08-13 13:30:00+00:00,MAX,42.89999,32.94,-5.06,42,4,HIGHER_HIGH
JPM,2009-08-17 13:30:00+00:00,MIN,40.73,-5.06,7.19,4,4,HIGHER_LOW
JPM,2009-08-21 13:30:00+00:00,MAX,43.66,7.19,-6.41,4,12,HIGHER_HIGH
JPM,2009-09-02 13:30:00+00:00,MIN,40.86,-6.41,13.73,12,20,HIGHER_LOW
JPM,2009-09-22 13:30:00+00:00,MAX,46.47,13.73,-10.97,20,9,HIGHER_HIGH
JPM,2009-10-01 13:30:00+00:00,MIN,41.37,-10.97,14.0,9,13,HIGHER_LOW
JPM,2009-10-14 13:30:00+00:00,MAX,47.16,14.0,-11.43,13,16,HIGHER_HIGH
JPM,2009-10-30 13:30:00+00:00,MIN,41.77,-11.43,6.18,16,10,HIGHER_LOW
JPM,2009-11-09 14:30:00+00:00,MAX,44.35001,6.18,-9.2,10,38,LOWER_HIGH
JPM,2009-12-17 14:30:00+00:00,MIN,40.27,-9.2,11.22,38,21,LOWER_LOW
JPM,2010-01-07 14:30:00+00:00,MAX,44.78999,11.22,-14.18,21,19,HIGHER_HIGH
JPM,2010-01-26 14:30:00+00:00,MIN,38.44,-14.18,5.49,19,7,LOWER_LOW
JPM,2010-02-02 14:30:00+00:00,MAX,40.55,5.49,-7.03,7,6,LOWER_HIGH
JPM,2010-02-08 14:30:00+00:00,MIN,37.7,-7.03,26.82,6,65,LOWER_LOW
JPM,2010-04-15 13:30:00+00:00,MAX,47.81,26.82,-20.87,65,35,HIGHER_HIGH
JPM,2010-05-20 13:30:00+00:00,MIN,37.83,-20.87,6.85,35,7,HIGHER_LOW
JPM,2010-05-27 13:30:00+00:00,MAX,40.42,6.85,-9.15,7,11,LOWER_HIGH
JPM,2010-06-07 13:30:00+00:00,MIN,36.72,-9.15,7.41,11,18,LOWER_LOW
JPM,2010-06-25 13:30:00+00:00,MAX,39.44,7.41,-9.15,18,7,LOWER_HIGH
JPM,2010-07-02 13:30:00+00:00,MIN,35.83,-9.15,12.98,7,11,LOWER_LOW
JPM,2010-07-13 13:30:00+00:00,MAX,40.48,12.98,-5.09,11,8,HIGHER_HIGH
JPM,2010-07-21 13:30:00+00:00,MIN,38.42,-5.09,8.38,8,12,HIGHER_LOW
JPM,2010-08-02 13:30:00+00:00,MAX,41.64,8.38,-14.43,12,24,HIGHER_HIGH
JPM,2010-08-26 13:30:00+00:00,MIN,35.63,-14.43,15.6,24,25,LOWER_LOW
JPM,2010-09-20 13:30:00+00:00,MAX,41.19,15.6,-7.6,25,10,LOWER_HIGH
JPM,2010-09-30 13:30:00+00:00,MIN,38.06,-7.6,6.15,10,12,HIGHER_LOW
JPM,2010-10-12 13:30:00+00:00,MAX,40.39999,6.15,-8.51,12,21,LOWER_HIGH
JPM,2010-11-02 13:30:00+00:00,MIN,36.96001,-8.51,10.77,21,3,LOWER_LOW
JPM,2010-11-05 13:30:00+00:00,MAX,40.94,10.77,-8.65,3,25,HIGHER_HIGH
JPM,2010-11-30 14:30:00+00:00,MIN,37.39999,-8.65,28.34,25,80,HIGHER_LOW
JPM,2011-02-18 14:30:00+00:00,MAX,48.0,28.34,-8.73,80,25,HIGHER_HIGH
JPM,2011-03-16 13:30:00+00:00,MIN,43.81,-8.73,8.74,25,21,HIGHER_LOW
JPM,2011-04-06 13:30:00+00:00,MAX,47.64,8.74,-17.11,21,79,LOWER_HIGH
JPM,2011-06-24 13:30:00+00:00,MIN,39.49001,-17.11,5.29,79,7,LOWER_LOW
JPM,2011-07-01 13:30:00+00:00,MAX,41.58,5.29,-5.27,7,11,LOWER_HIGH
JPM,2011-07-12 13:30:00+00:00,MIN,39.39,-5.27,7.36,11,9,LOWER_LOW
JPM,2011-07-21 13:30:00+00:00,MAX,42.28999,7.36,-19.46,9,18,HIGHER_HIGH
JPM,2011-08-08 13:30:00+00:00,MIN,34.06,-19.46,6.87,18,1,LOWER_LOW
JPM,2011-08-09 13:30:00+00:00,MAX,36.39999,6.87,-5.58,1,1,LOWER_HIGH
JPM,2011-08-10 13:30:00+00:00,MIN,34.37,-5.58,7.3,1,5,HIGHER_LOW
JPM,2011-08-15 13:30:00+00:00,MAX,36.88,7.3,-9.41,5,7,HIGHER_HIGH
JPM,2011-08-22 13:30:00+00:00,MIN,33.41,-9.41,12.66,7,7,LOWER_LOW
JPM,2011-08-29 13:30:00+00:00,MAX,37.64,12.66,-14.77,7,11,HIGHER_HIGH
JPM,2011-09-09 13:30:00+00:00,MIN,32.08,-14.77,5.39,11,6,LOWER_LOW
JPM,2011-09-15 13:30:00+00:00,MAX,33.81,5.39,-13.43,6,7,LOWER_HIGH
JPM,2011-09-22 13:30:00+00:00,MIN,29.27,-13.43,8.13,7,4,LOWER_LOW
JPM,2011-09-26 13:30:00+00:00,MAX,31.64999,8.13,-9.48,4,7,LOWER_HIGH
JPM,2011-10-03 13:30:00+00:00,MIN,28.64999,-9.48,13.02,7,3,LOWER_LOW
JPM,2011-10-06 13:30:00+00:00,MAX,32.38,13.02,-5.19,3,1,HIGHER_HIGH
JPM,2011-10-07 13:30:00+00:00,MIN,30.7,-5.19,8.14,1,5,HIGHER_LOW
JPM,2011-10-12 13:30:00+00:00,MAX,33.2,8.14,-6.51,5,5,HIGHER_HIGH
JPM,2011-10-17 13:30:00+00:00,MIN,31.03999,-6.51,19.27,5,10,HIGHER_LOW
JPM,2011-10-27 13:30:00+00:00,MAX,37.02,19.27,-11.64,10,5,HIGHER_HIGH
JPM,2011-11-01 13:30:00+00:00,MIN,32.71001,-11.64,7.06,5,7,HIGHER_LOW
JPM,2011-11-08 14:30:00+00:00,MAX,35.02,7.06,-18.96,7,15,LOWER_HIGH
JPM,2011-11-23 14:30:00+00:00,MIN,28.38,-18.96,19.8,15,14,LOWER_LOW
JPM,2011-12-07 14:30:00+00:00,MAX,34.0,19.8,-9.71,14,12,LOWER_HIGH
JPM,2011-12-19 14:30:00+00:00,MIN,30.7,-9.71,20.03,12,24,HIGHER_LOW
JPM,2012-01-12 14:30:00+00:00,MAX,36.85001,20.03,-5.26,24,5,HIGHER_HIGH
JPM,2012-01-17 14:30:00+00:00,MIN,34.91,-5.26,32.54,5,70,HIGHER_LOW
JPM,2012-03-28 13:30:00+00:00,MAX,46.27,32.54,-29.74,70,54,HIGHER_HIGH
JPM,2012-05-21 13:30:00+00:00,MIN,32.50999,-29.74,5.38,54,2,LOWER_LOW
JPM,2012-05-23 13:30:00+00:00,MAX,34.25999,5.38,-9.52,2,12,LOWER_HIGH
JPM,2012-06-04 13:30:00+00:00,MIN,31.0,-9.52,18.65,12,23,LOWER_LOW
JPM,2012-06-27 13:30:00+00:00,MAX,36.78,18.65,-7.83,23,9,HIGHER_HIGH
JPM,2012-07-06 13:30:00+00:00,MIN,33.89999,-7.83,6.4,9,7,HIGHER_LOW
JPM,2012-07-13 13:30:00+00:00,MAX,36.07001,6.4,-6.02,7,7,LOWER_HIGH
JPM,2012-07-20 13:30:00+00:00,MIN,33.89999,-6.02,27.79,7,89,LOWER_LOW
JPM,2012-10-17 13:30:00+00:00,MAX,43.32001,27.79,-9.3,89,28,HIGHER_HIGH
JPM,2012-11-14 14:30:00+00:00,MIN,39.28999,-9.3,29.8,28,119,HIGHER_LOW
JPM,2013-03-14 13:30:00+00:00,MAX,51.0,29.8,-8.14,119,20,HIGHER_HIGH
JPM,2013-04-03 13:30:00+00:00,MIN,46.85001,-8.14,5.25,20,8,HIGHER_LOW
JPM,2013-04-11 13:30:00+00:00,MAX,49.31,5.25,-5.41,8,7,LOWER_HIGH
JPM,2013-04-18 13:30:00+00:00,MIN,46.64,-5.41,19.25,7,42,LOWER_LOW
JPM,2013-05-30 13:30:00+00:00,MAX,55.62,19.25,-8.45,42,25,HIGHER_HIGH
JPM,2013-06-24 13:30:00+00:00,MIN,50.92,-8.45,11.29,25,29,HIGHER_LOW
JPM,2013-07-23 13:30:00+00:00,MAX,56.67,11.29,-10.83,29,38,HIGHER_HIGH
JPM,2013-08-30 13:30:00+00:00,MIN,50.53,-10.83,6.21,38,11,LOWER_LOW
JPM,2013-09-10 13:30:00+00:00,MAX,53.67,6.21,-6.24,11,14,LOWER_HIGH
JPM,2013-09-24 13:30:00+00:00,MIN,50.32001,-6.24,7.91,14,24,LOWER_LOW
JPM,2013-10-18 13:30:00+00:00,MAX,54.3,7.91,-5.08,24,13,HIGHER_HIGH
JPM,2013-10-31 13:30:00+00:00,MIN,51.54,-5.08,15.42,13,76,HIGHER_LOW
JPM,2014-01-15 14:30:00+00:00,MAX,59.49,15.42,-8.71,76,19,HIGHER_HIGH
JPM,2014-02-03 14:30:00+00:00,MIN,54.31,-8.71,12.45,19,48,HIGHER_LOW
JPM,2014-03-24 13:30:00+00:00,MAX,61.07,12.45,-12.71,48,53,HIGHER_HIGH
JPM,2014-05-16 13:30:00+00:00,MIN,53.31,-12.71,11.03,53,73,LOWER_LOW
JPM,2014-07-28 13:30:00+00:00,MAX,59.19,11.03,-5.54,73,10,LOWER_HIGH
JPM,2014-08-07 13:30:00+00:00,MIN,55.91,-5.54,10.23,10,48,HIGHER_LOW
JPM,2014-09-24 13:30:00+00:00,MAX,61.63,10.23,-10.63,48,22,HIGHER_HIGH
JPM,2014-10-16 13:30:00+00:00,MIN,55.08,-10.63,13.83,22,50,LOWER_LOW
JPM,2014-12-05 14:30:00+00:00,MAX,62.7,13.83,-6.81,50,11,HIGHER_HIGH
JPM,2014-12-16 14:30:00+00:00,MIN,58.43,-6.81,8.08,11,14,HIGHER_LOW
JPM,2014-12-30 14:30:00+00:00,MAX,63.15,8.08,-13.89,14,31,HIGHER_HIGH
JPM,2015-01-30 14:30:00+00:00,MIN,54.38,-13.89,28.26,31,143,LOWER_LOW
JPM,2015-06-23 13:30:00+00:00,MAX,69.75,28.26,-6.19,143,15,HIGHER_HIGH
JPM,2015-07-08 13:30:00+00:00,MIN,65.43,-6.19,7.11,15,14,HIGHER_LOW
JPM,2015-07-22 13:30:00+00:00,MAX,70.08,7.11,-14.51,14,34,HIGHER_HIGH
JPM,2015-08-25 13:30:00+00:00,MIN,59.91,-14.51,7.63,34,2,LOWER_LOW
JPM,2015-08-27 13:30:00+00:00,MAX,64.48,7.63,-7.2,2,33,LOWER_HIGH
JPM,2015-09-29 13:30:00+00:00,MIN,59.84,-7.2,14.41,33,38,LOWER_LOW
JPM,2015-11-06 14:30:00+00:00,MAX,68.46,14.41,-6.41,38,35,HIGHER_HIGH
JPM,2015-12-11 14:30:00+00:00,MIN,64.07,-6.41,5.4,35,5,HIGHER_LOW
JPM,2015-12-16 14:30:00+00:00,MAX,67.53,5.4,-18.18,5,36,LOWER_HIGH
JPM,2016-01-21 14:30:00+00:00,MIN,55.25,-18.18,7.69,36,8,LOWER_LOW
JPM,2016-01-29 14:30:00+00:00,MAX,59.5,7.69,-10.81,8,13,LOWER_HIGH
JPM,2016-02-11 14:30:00+00:00,MIN,53.07,-10.81,13.96,13,35,LOWER_LOW
JPM,2016-03-18 13:30:00+00:00,MAX,60.48,13.96,-5.22,35,20,HIGHER_HIGH
JPM,2016-04-07 13:30:00+00:00,MIN,57.32,-5.22,14.81,20,56,HIGHER_LOW
JPM,2016-06-02 13:30:00+00:00,MAX,65.81,14.81,-12.46,56,25,HIGHER_HIGH
JPM,2016-06-27 13:30:00+00:00,MIN,57.61,-12.46,62.47,25,247,HIGHER_LOW
JPM,2017-03-01 14:30:00+00:00,MAX,93.6,62.47,-12.23,247,90,HIGHER_HIGH
JPM,2017-05-31 13:30:00+00:00,MIN,82.15,-12.23,14.45,90,68,HIGHER_LOW
JPM,2017-08-07 13:30:00+00:00,MAX,94.02,14.45,-5.96,68,32,HIGHER_HIGH
JPM,2017-09-08 13:30:00+00:00,MIN,88.42,-5.96,32.18,32,146,HIGHER_LOW
JPM,2018-02-01 14:30:00+00:00,MAX,116.87,32.18,-7.69,146,7,HIGHER_HIGH
JPM,2018-02-08 14:30:00+00:00,MIN,107.88,-7.69,10.09,7,18,HIGHER_LOW
JPM,2018-02-26 14:30:00+00:00,MAX,118.77,10.09,-9.9,18,24,HIGHER_HIGH
JPM,2018-03-23 13:30:00+00:00,MIN,107.01,-9.9,5.94,24,20,LOWER_LOW
JPM,2018-04-12 13:30:00+00:00,MAX,113.37,5.94,-5.41,20,21,LOWER_HIGH
JPM,2018-05-03 13:30:00+00:00,MIN,107.24,-5.41,6.57,21,7,HIGHER_LOW
JPM,2018-05-10 13:30:00+00:00,MAX,114.29,6.57,-9.67,7,48,HIGHER_HIGH
JPM,2018-06-27 13:30:00+00:00,MIN,103.24,-9.67,14.91,48,85,LOWER_LOW
JPM,2018-09-20 13:30:00+00:00,MAX,118.63,14.91,-12.93,85,34,HIGHER_HIGH
JPM,2018-10-24 13:30:00+00:00,MIN,103.29,-12.93,8.8,34,15,HIGHER_LOW
JPM,2018-11-08 14:30:00+00:00,MAX,112.38,8.8,-5.1,15,15,LOWER_HIGH
JPM,2018-11-23 14:30:00+00:00,MIN,106.65,-5.1,5.24,15,10,HIGHER_LOW
JPM,2018-12-03 14:30:00+00:00,MAX,112.24,5.24,-17.91,10,21,LOWER_HIGH
JPM,2018-12-24 14:30:00+00:00,MIN,92.14,-17.91,16.33,21,83,LOWER_LOW
JPM,2019-03-18 13:30:00+00:00,MAX,107.19,16.33,-7.71,83,7,LOWER_HIGH
JPM,2019-03-25 13:30:00+00:00,MIN,98.93,-7.71,17.38,7,35,HIGHER_LOW
JPM,2019-04-29 13:30:00+00:00,MAX,116.12,17.38,-8.75,35,32,HIGHER_HIGH
JPM,2019-05-31 13:30:00+00:00,MIN,105.96,-8.75,10.26,32,54,HIGHER_LOW
JPM,2019-07-24 13:30:00+00:00,MAX,116.83,10.26,-10.3,54,21,HIGHER_HIGH
JPM,2019-08-14 13:30:00+00:00,MIN,104.8,-10.3,14.72,21,30,LOWER_LOW
JPM,2019-09-13 13:30:00+00:00,MAX,120.23,14.72,-6.99,30,25,HIGHER_HIGH
JPM,2019-10-08 13:30:00+00:00,MIN,111.82,-6.99,26.18,25,86,HIGHER_LOW
JPM,2020-01-02 14:30:00+00:00,MAX,141.09,26.18,-33.77,86,66,HIGHER_HIGH
JPM,2020-03-09 13:30:00+00:00,MIN,93.44,-33.77,7.77,66,1,LOWER_LOW
JPM,2020-03-10 13:30:00+00:00,MAX,100.7,7.77,-12.56,1,2,LOWER_HIGH
JPM,2020-03-12 13:30:00+00:00,MIN,88.05,-12.56,18.01,2,1,LOWER_LOW
JPM,2020-03-13 13:30:00+00:00,MAX,103.91,18.01,-14.96,1,3,HIGHER_HIGH
JPM,2020-03-16 13:30:00+00:00,MIN,88.36,-14.96,6.11,3,1,HIGHER_LOW
JPM,2020-03-17 13:30:00+00:00,MAX,93.76,6.11,-15.71,1,6,LOWER_HIGH
JPM,2020-03-23 13:30:00+00:00,MIN,79.03,-15.71,24.16,6,3,LOWER_LOW
JPM,2020-03-26 13:30:00+00:00,MAX,98.12,24.16,-14.34,3,8,HIGHER_HIGH
JPM,2020-04-03 13:30:00+00:00,MIN,84.05,-14.34,22.26,8,6,HIGHER_LOW
JPM,2020-04-09 13:30:00+00:00,MAX,102.76,22.26,-15.02,6,7,HIGHER_HIGH
JPM,2020-04-16 13:30:00+00:00,MIN,87.33,-15.02,8.99,7,1,HIGHER_LOW
JPM,2020-04-17 13:30:00+00:00,MAX,95.18,8.99,-6.44,1,4,LOWER_HIGH
JPM,2020-04-21 13:30:00+00:00,MIN,89.05,-6.44,9.89,4,8,HIGHER_LOW
JPM,2020-04-29 13:30:00+00:00,MAX,97.86,9.89,-14.13,8,14,HIGHER_HIGH
JPM,2020-05-13 13:30:00+00:00,MIN,84.03,-14.13,35.01,14,26,LOWER_LOW
JPM,2020-06-08 13:30:00+00:00,MAX,113.45,35.01,-19.54,26,31,HIGHER_HIGH
JPM,2020-07-09 13:30:00+00:00,MIN,91.28,-19.54,13.74,31,33,HIGHER_LOW
JPM,2020-08-11 13:30:00+00:00,MAX,103.82,13.74,-6.26,33,10,LOWER_HIGH
JPM,2020-08-21 13:30:00+00:00,MIN,97.32,-6.26,6.37,10,14,HIGHER_LOW
JPM,2020-09-04 13:30:00+00:00,MAX,103.52,6.37,-10.49,14,20,LOWER_HIGH
JPM,2020-09-24 13:30:00+00:00,MIN,92.66,-10.49,12.03,20,29,LOWER_LOW
JPM,2020-10-23 13:30:00+00:00,MAX,103.81,12.03,-7.0,29,5,HIGHER_HIGH
JPM,2020-10-28 13:30:00+00:00,MIN,96.54,-7.0,46.23,5,78,HIGHER_LOW
JPM,2021-01-14 14:30:00+00:00,MAX,141.17,46.23,-9.43,78,13,HIGHER_HIGH
JPM,2021-01-27 14:30:00+00:00,MIN,127.86,-9.43,23.3,13,49,HIGHER_LOW
JPM,2021-03-18 13:30:00+00:00,MAX,157.65,23.3,-6.52,49,35,HIGHER_HIGH
JPM,2021-04-22 13:30:00+00:00,MIN,147.37,-6.52,5.31,35,7,HIGHER_LOW
JPM,2021-04-29 13:30:00+00:00,MAX,155.19,5.31,-12.91,7,3,LOWER_HIGH
JPM,2021-05-03 00:00:00+00:00,MIN,135.15663146972656,-12.91,8.53,3,32,LOWER_LOW
JPM,2021-06-04 00:00:00+00:00,MAX,146.68405151367188,8.53,-11.13,32,14,LOWER_HIGH
JPM,2021-06-18 00:00:00+00:00,MIN,130.3623504638672,-11.13,7.43,14,24,LOWER_LOW
JPM,2021-07-12 00:00:00+00:00,MAX,140.0482940673828,7.43,-6.98,24,7,LOWER_HIGH
JPM,2021-07-19 00:00:00+00:00,MIN,130.2715301513672,-6.98,10.94,7,39,LOWER_LOW
JPM,2021-08-27 00:00:00+00:00,MAX,144.5245361328125,10.94,-6.19,39,24,HIGHER_HIGH
JPM,2021-09-20 00:00:00+00:00,MIN,135.58091735839844,-6.19,11.95,24,18,HIGHER_LOW
JPM,2021-10-08 00:00:00+00:00,MAX,151.7890625,11.95,-5.42,18,5,HIGHER_HIGH
JPM,2021-10-13 00:00:00+00:00,MIN,143.56736755371094,-5.42,6.7,5,9,HIGHER_LOW
JPM,2021-10-22 00:00:00+00:00,MAX,153.18016052246094,6.7,-10.39,9,59,HIGHER_HIGH
JPM,2021-12-20 00:00:00+00:00,MIN,137.27178955078125,-10.39,10.08,59,23,LOWER_LOW
JPM,2022-01-12 00:00:00+00:00,MAX,151.10214233398438,10.08,-13.95,23,12,LOWER_HIGH
JPM,2022-01-24 00:00:00+00:00,MIN,130.02999877929688,-13.95,8.04,12,16,LOWER_LOW
JPM,2022-02-09 00:00:00+00:00,MAX,140.48081970214844,8.04,-18.07,16,27,LOWER_HIGH
JPM,2022-03-08 00:00:00+00:00,MIN,115.09381866455078,-18.07,11.16,27,14,LOWER_LOW
JPM,2022-03-22 00:00:00+00:00,MAX,127.93980407714844,11.16,-15.69,14,38,LOWER_HIGH
JPM,2022-04-29 00:00:00+00:00,MIN,107.8676986694336,-15.69,6.48,38,5,LOWER_LOW
JPM,2022-05-04 00:00:00+00:00,MAX,114.86247253417969,6.48,-7.68,5,16,LOWER_HIGH
JPM,2022-05-20 00:00:00+00:00,MIN,106.04219055175781,-7.68,12.69,16,11,LOWER_LOW
JPM,2022-05-31 00:00:00+00:00,MAX,119.49854278564453,12.69,-17.6,11,44,HIGHER_HIGH
JPM,2022-07-14 00:00:00+00:00,MIN,98.4648208618164,-17.6,14.47,44,33,LOWER_LOW
JPM,2022-08-16 00:00:00+00:00,MAX,112.71485137939453,14.47,-8.02,33,17,LOWER_HIGH
JPM,2022-09-02 00:00:00+00:00,MIN,103.6706771850586,-8.02,6.04,17,10,HIGHER_LOW
JPM,2022-09-12 00:00:00+00:00,MAX,109.93413543701172,6.04,-13.34,10,18,LOWER_HIGH
JPM,2022-09-30 00:00:00+00:00,MIN,95.27381896972656,-13.34,7.91,18,4,LOWER_LOW
JPM,2022-10-04 00:00:00+00:00,MAX,102.81367492675781,7.91,-8.78,4,7,LOWER_HIGH
JPM,2022-10-11 00:00:00+00:00,MIN,93.78977966308594,-8.78,35.52,7,50,LOWER_LOW
JPM,2022-11-30 00:00:00+00:00,MAX,127.1073989868164,35.52,-6.43,50,16,HIGHER_HIGH
JPM,2022-12-16 00:00:00+00:00,MIN,118.92974853515625,-6.43,11.43,16,28,HIGHER_LOW
JPM,2023-01-13 00:00:00+00:00,MAX,132.52207946777344,11.43,-5.78,28,6,HIGHER_HIGH
JPM,2023-01-19 00:00:00+00:00,MIN,124.86783599853516,-5.78,6.72,6,27,HIGHER_LOW
JPM,2023-02-15 00:00:00+00:00,MAX,133.25413513183594,6.72,-13.14,27,37,HIGHER_HIGH
JPM,2023-03-24 00:00:00+00:00,MIN,115.74948120117188,-13.14,14.09,37,25,LOWER_LOW
JPM,2023-04-18 00:00:00+00:00,MAX,132.0584716796875,14.09,-5.16,25,24,LOWER_HIGH
JPM,2023-05-12 00:00:00+00:00,MIN,125.24075317382812,-5.16,18.63,24,73,HIGHER_LOW
JPM,2023-07-24 00:00:00+00:00,MAX,148.57521057128906,18.63,-13.49,73,95,HIGHER_HIGH
JPM,2023-10-27 00:00:00+00:00,MIN,128.53750610351562,-13.49,48.53,95,153,HIGHER_LOW
JPM,2024-03-28 00:00:00+00:00,MAX,190.91183471679688,48.53,-9.57,153,20,HIGHER_HIGH
JPM,2024-04-17 00:00:00+00:00,MIN,172.64073181152344,-9.57,13.72,20,30,HIGHER_LOW
JPM,2024-05-17 00:00:00+00:00,MAX,196.32994079589844,13.72,-6.47,30,26,HIGHER_HIGH
JPM,2024-06-12 00:00:00+00:00,MIN,183.6177215576172,-6.47,13.86,26,35,HIGHER_LOW
JPM,2024-07-17 00:00:00+00:00,MAX,209.06295776367188,13.86,-10.13,35,19,HIGHER_HIGH
JPM,2024-08-05 00:00:00+00:00,MIN,187.8838348388672,-10.13,15.34,19,25,HIGHER_LOW
JPM,2024-08-30 00:00:00+00:00,MAX,216.70750427246094,15.34,-9.11,25,14,HIGHER_HIGH
JPM,2024-09-13 00:00:00+00:00,MIN,196.96475219726562,-9.11,23.25,14,73,HIGHER_LOW
JPM,2024-11-25 00:00:00+00:00,MAX,242.75845336914062,23.25,-7.96,73,23,HIGHER_HIGH
JPM,2024-12-18 00:00:00+00:00,MIN,223.43785095214844,-7.96,22.15,23,62,HIGHER_LOW
JPM,2025-02-18 00:00:00+00:00,MAX,272.9283142089844,22.15,-19.56,62,23,HIGHER_HIGH
JPM,2025-03-13 00:00:00+00:00,MIN,219.54177856445312,-19.56,11.52,23,12,LOWER_LOW
JPM,2025-03-25 00:00:00+00:00,MAX,244.83114624023438,11.52,-15.75,12,10,LOWER_HIGH
JPM,2025-04-04 00:00:00+00:00,MIN,206.26849365234375,-15.75,51.03,10,175,LOWER_LOW
JPM,2025-09-26 00:00:00+00:00,MAX,311.5241394042969,51.03,-6.49,175,26,HIGHER_HIGH
JPM,2025-10-22 00:00:00+00:00,MIN,291.2984924316406,-6.49,8.94,26,21,HIGHER_LOW
JPM,2025-11-12 00:00:00+00:00,MAX,317.34710693359375,8.94,-6.99,21,12,HIGHER_HIGH
JPM,2025-11-24 00:00:00+00:00,MIN,295.1513366699219,-6.99,12.79,12,43,HIGHER_LOW
JPM,2026-01-06 00:00:00+00:00,MAX,332.90625,12.79,-11.02,43,17,HIGHER_HIGH
JPM,2026-01-23 00:00:00+00:00,MIN,296.2041015625,-11.02,8.29,17,14,HIGHER_LOW
JPM,2026-02-06 00:00:00+00:00,MAX,320.7584533691406,8.29,-12.27,14,49,LOWER_HIGH
JPM,2026-03-27 00:00:00+00:00,MIN,281.3998718261719,-12.27,12.65,49,24,LOWER_LOW
MCD,2006-04-25 13:30:00+00:00,MIN,33.85001,-6.13,6.23,66,15,FIRST_LOW
MCD,2006-05-10 13:30:00+00:00,MAX,35.96001,6.23,-11.18,15,34,FIRST_HIGH
MCD,2006-06-13 13:30:00+00:00,MIN,31.94,-11.18,44.18,34,254,LOWER_LOW
MCD,2007-02-22 14:30:00+00:00,MAX,46.05,44.18,-6.82,254,11,HIGHER_HIGH
MCD,2007-03-05 14:30:00+00:00,MIN,42.91,-6.82,22.75,11,135,HIGHER_LOW
MCD,2007-07-19 13:30:00+00:00,MAX,52.67,22.75,-9.11,135,12,HIGHER_HIGH
MCD,2007-07-31 13:30:00+00:00,MIN,47.87,-9.11,5.06,12,8,HIGHER_LOW
MCD,2007-08-08 13:30:00+00:00,MAX,50.28999,5.06,-5.43,8,7,LOWER_HIGH
MCD,2007-08-15 13:30:00+00:00,MIN,47.56,-5.43,25.63,7,77,LOWER_LOW
MCD,2007-10-31 13:30:00+00:00,MAX,59.74989,25.63,-5.1,77,14,HIGHER_HIGH
MCD,2007-11-14 14:30:00+00:00,MIN,56.7,-5.1,11.34,14,27,HIGHER_LOW
MCD,2007-12-11 14:30:00+00:00,MAX,63.13,11.34,-19.61,27,49,HIGHER_HIGH
MCD,2008-01-29 14:30:00+00:00,MIN,50.75,-19.61,11.61,49,15,LOWER_LOW
MCD,2008-02-13 14:30:00+00:00,MAX,56.64,11.61,-7.72,15,23,LOWER_HIGH
MCD,2008-03-07 14:30:00+00:00,MIN,52.27,-7.72,17.03,23,66,HIGHER_LOW
MCD,2008-05-13 13:30:00+00:00,MAX,61.17,17.03,-6.9,66,24,HIGHER_HIGH
MCD,2008-06-06 13:30:00+00:00,MIN,56.95,-6.9,5.27,24,7,HIGHER_LOW
MCD,2008-06-13 13:30:00+00:00,MAX,59.95,5.27,-6.22,7,17,LOWER_HIGH
MCD,2008-06-30 13:30:00+00:00,MIN,56.22,-6.22,17.31,17,42,LOWER_LOW
MCD,2008-08-11 13:30:00+00:00,MAX,65.95,17.31,-8.99,42,24,HIGHER_HIGH
MCD,2008-09-04 13:30:00+00:00,MIN,60.02,-8.99,7.56,24,7,HIGHER_LOW
MCD,2008-09-11 13:30:00+00:00,MAX,64.56,7.56,-6.82,7,18,LOWER_HIGH
MCD,2008-09-29 13:30:00+00:00,MIN,60.16,-6.82,5.82,18,2,HIGHER_LOW
MCD,2008-10-01 13:30:00+00:00,MAX,63.66,5.82,-18.19,2,8,LOWER_HIGH
MCD,2008-10-09 13:30:00+00:00,MIN,52.08,-18.19,9.93,8,4,LOWER_LOW
MCD,2008-10-13 13:30:00+00:00,MAX,57.25,9.93,-9.96,4,2,LOWER_HIGH
MCD,2008-10-15 13:30:00+00:00,MIN,51.55,-9.96,10.26,2,5,LOWER_LOW
MCD,2008-10-20 13:30:00+00:00,MAX,56.84,10.26,-8.94,5,7,LOWER_HIGH
MCD,2008-10-27 13:30:00+00:00,MIN,51.75999,-8.94,11.92,7,4,HIGHER_LOW
MCD,2008-10-31 13:30:00+00:00,MAX,57.92999,11.92,-8.67,4,20,HIGHER_HIGH
MCD,2008-11-20 14:30:00+00:00,MIN,52.91,-8.67,20.49,20,43,HIGHER_LOW
MCD,2009-01-02 14:30:00+00:00,MAX,63.75,20.49,-20.22,43,62,HIGHER_HIGH
MCD,2009-03-05 14:30:00+00:00,MIN,50.86,-20.22,11.42,62,34,LOWER_LOW
MCD,2009-04-09 13:30:00+00:00,MAX,56.67,11.42,-7.53,34,22,LOWER_HIGH
MCD,2009-05-01 13:30:00+00:00,MIN,52.39999,-7.53,16.39,22,33,HIGHER_LOW
MCD,2009-06-03 13:30:00+00:00,MAX,60.99001,16.39,-11.08,33,103,HIGHER_HIGH
MCD,2009-09-14 13:30:00+00:00,MIN,54.23,-11.08,18.99,103,63,HIGHER_LOW
MCD,2009-11-16 14:30:00+00:00,MAX,64.53,18.99,-6.09,63,23,HIGHER_HIGH
MCD,2009-12-09 14:30:00+00:00,MIN,60.60001,-6.09,18.02,23,140,HIGHER_LOW
MCD,2010-04-29 13:30:00+00:00,MAX,71.52,18.02,-7.7,140,27,HIGHER_HIGH
MCD,2010-05-26 13:30:00+00:00,MIN,66.00999,-7.7,6.65,27,20,HIGHER_LOW
MCD,2010-06-15 13:30:00+00:00,MAX,70.39999,6.65,-6.43,20,15,LOWER_HIGH
MCD,2010-06-30 13:30:00+00:00,MIN,65.87,-6.43,21.97,15,160,LOWER_LOW
MCD,2010-12-07 14:30:00+00:00,MAX,80.34,21.97,-9.55,160,37,HIGHER_HIGH
MCD,2011-01-13 14:30:00+00:00,MIN,72.67,-9.55,21.87,37,189,HIGHER_LOW
MCD,2011-07-22 13:30:00+00:00,MAX,88.56,21.87,-7.28,189,17,HIGHER_HIGH
MCD,2011-08-08 13:30:00+00:00,MIN,82.11,-7.28,10.57,17,21,HIGHER_LOW
MCD,2011-08-29 13:30:00+00:00,MAX,90.78999,10.57,-6.34,21,11,HIGHER_HIGH
MCD,2011-09-09 13:30:00+00:00,MIN,85.03,-6.34,19.65,11,133,HIGHER_LOW
MCD,2012-01-20 14:30:00+00:00,MAX,101.74001,19.65,-15.16,133,135,HIGHER_HIGH
MCD,2012-06-04 13:30:00+00:00,MIN,86.32001,-15.16,7.46,135,45,HIGHER_LOW
MCD,2012-07-19 13:30:00+00:00,MAX,92.75999,7.46,-6.05,45,21,LOWER_HIGH
MCD,2012-08-09 13:30:00+00:00,MIN,87.14999,-6.05,7.96,21,68,HIGHER_LOW
MCD,2012-10-16 13:30:00+00:00,MAX,94.09,7.96,-10.67,68,30,HIGHER_HIGH
MCD,2012-11-15 14:30:00+00:00,MIN,84.05,-10.67,23.25,30,147,LOWER_LOW
MCD,2013-04-12 13:30:00+00:00,MAX,103.59,23.25,-6.92,147,54,HIGHER_HIGH
MCD,2013-06-05 13:30:00+00:00,MIN,96.42,-6.92,5.35,54,37,HIGHER_LOW
MCD,2013-07-12 13:30:00+00:00,MAX,101.58,5.35,-8.18,37,89,LOWER_HIGH
MCD,2013-10-09 13:30:00+00:00,MIN,93.27,-8.18,6.06,89,47,LOWER_LOW
MCD,2013-11-25 14:30:00+00:00,MAX,98.92,6.06,-5.96,47,70,LOWER_HIGH
MCD,2014-02-03 14:30:00+00:00,MIN,93.02,-5.96,11.3,70,98,LOWER_LOW
MCD,2014-05-13 13:30:00+00:00,MAX,103.53,11.3,-12.02,98,119,HIGHER_HIGH
MCD,2014-09-09 13:30:00+00:00,MIN,91.09,-12.02,5.63,119,20,LOWER_LOW
MCD,2014-09-29 13:30:00+00:00,MAX,96.22,5.63,-6.56,20,17,LOWER_HIGH
MCD,2014-10-16 13:30:00+00:00,MIN,89.91,-6.56,8.07,17,39,LOWER_LOW
MCD,2014-11-24 14:30:00+00:00,MAX,97.17,8.07,-8.96,39,21,HIGHER_HIGH
MCD,2014-12-15 14:30:00+00:00,MIN,88.46,-8.96,7.44,21,14,LOWER_LOW
MCD,2014-12-29 14:30:00+00:00,MAX,95.04,7.44,-6.59,14,30,LOWER_HIGH
MCD,2015-01-28 14:30:00+00:00,MIN,88.78,-6.59,12.92,30,35,HIGHER_LOW
MCD,2015-03-04 14:30:00+00:00,MAX,100.25,12.92,-5.37,35,47,HIGHER_HIGH
MCD,2015-04-21 13:30:00+00:00,MIN,94.87,-5.37,6.12,47,28,HIGHER_LOW
MCD,2015-05-19 13:30:00+00:00,MAX,100.68,6.12,-6.34,28,27,HIGHER_HIGH
MCD,2015-06-15 13:30:00+00:00,MIN,94.3,-6.34,7.21,27,65,LOWER_LOW
MCD,2015-08-19 13:30:00+00:00,MAX,101.1,7.21,-9.78,65,6,HIGHER_HIGH
MCD,2015-08-25 13:30:00+00:00,MIN,91.21,-9.78,36.62,6,160,LOWER_LOW
MCD,2016-02-01 14:30:00+00:00,MAX,124.61,36.62,-7.39,160,4,HIGHER_HIGH
MCD,2016-02-05 14:30:00+00:00,MIN,115.4,-7.39,14.04,4,94,HIGHER_LOW
MCD,2016-05-10 13:30:00+00:00,MAX,131.6,14.04,-11.63,94,48,HIGHER_HIGH
MCD,2016-06-27 13:30:00+00:00,MIN,116.3,-11.63,10.28,48,25,HIGHER_LOW
MCD,2016-07-22 13:30:00+00:00,MAX,128.26,10.28,-13.79,25,90,LOWER_HIGH
MCD,2016-10-20 13:30:00+00:00,MIN,110.57,-13.79,46.09,90,326,LOWER_LOW
MCD,2017-09-11 13:30:00+00:00,MAX,161.53,46.09,-5.06,326,15,HIGHER_HIGH
MCD,2017-09-26 13:30:00+00:00,MIN,153.35,-5.06,16.31,15,122,HIGHER_LOW
MCD,2018-01-26 14:30:00+00:00,MAX,178.36,16.31,-16.87,122,35,HIGHER_HIGH
MCD,2018-03-02 14:30:00+00:00,MIN,148.27,-16.87,14.3,35,96,LOWER_LOW
MCD,2018-06-07 13:30:00+00:00,MAX,169.48,14.3,-8.3,96,56,LOWER_HIGH
MCD,2018-08-02 13:30:00+00:00,MIN,155.41,-8.3,21.78,56,119,HIGHER_LOW
MCD,2018-11-29 14:30:00+00:00,MAX,189.26,21.78,-10.03,119,25,HIGHER_HIGH
MCD,2018-12-24 14:30:00+00:00,MIN,170.28,-10.03,10.04,25,31,HIGHER_LOW
MCD,2019-01-24 14:30:00+00:00,MAX,187.37,10.04,-7.15,31,19,LOWER_HIGH
MCD,2019-02-12 14:30:00+00:00,MIN,173.97,-7.15,27.12,19,177,HIGHER_LOW
MCD,2019-08-09 13:30:00+00:00,MAX,221.15,27.12,-14.69,177,87,HIGHER_HIGH
MCD,2019-11-04 14:30:00+00:00,MIN,188.66,-14.69,15.27,87,100,HIGHER_LOW
MCD,2020-02-12 14:30:00+00:00,MAX,217.46,15.27,-10.71,100,16,LOWER_HIGH
MCD,2020-02-28 14:30:00+00:00,MIN,194.17,-10.71,6.62,16,5,HIGHER_LOW
MCD,2020-03-04 14:30:00+00:00,MAX,207.02,6.62,-9.74,5,4,LOWER_HIGH
MCD,2020-03-09 13:30:00+00:00,MIN,186.86,-9.74,6.96,4,1,LOWER_LOW
MCD,2020-03-10 13:30:00+00:00,MAX,199.86,6.96,-31.3,1,8,LOWER_HIGH
MCD,2020-03-18 13:30:00+00:00,MIN,137.3,-31.3,8.89,8,1,LOWER_LOW
MCD,2020-03-19 13:30:00+00:00,MAX,149.5,8.89,-8.29,1,4,LOWER_HIGH
MCD,2020-03-23 13:30:00+00:00,MIN,137.1,-8.29,22.63,4,7,LOWER_LOW
MCD,2020-03-30 13:30:00+00:00,MAX,168.13,22.63,-5.92,7,2,HIGHER_HIGH
MCD,2020-04-01 13:30:00+00:00,MIN,158.17,-5.92,18.75,2,28,HIGHER_LOW
MCD,2020-04-29 13:30:00+00:00,MAX,187.82,18.75,-7.99,28,14,HIGHER_HIGH
MCD,2020-05-13 13:30:00+00:00,MIN,172.82,-7.99,17.26,14,26,HIGHER_LOW
MCD,2020-06-08 13:30:00+00:00,MAX,202.65,17.26,-11.31,26,18,HIGHER_HIGH
MCD,2020-06-26 13:30:00+00:00,MIN,179.74,-11.31,27.76,18,111,HIGHER_LOW
MCD,2020-10-15 13:30:00+00:00,MAX,229.64,27.76,-10.8,111,140,HIGHER_HIGH
MCD,2021-03-04 14:30:00+00:00,MIN,204.84,-10.8,14.83,140,55,HIGHER_LOW
MCD,2021-04-29 13:30:00+00:00,MAX,235.21,14.83,-13.5,55,12,HIGHER_HIGH
MCD,2021-05-12 00:00:00+00:00,MIN,203.46014404296875,-13.5,8.67,12,76,LOWER_LOW
MCD,2021-07-27 00:00:00+00:00,MAX,221.1073760986328,8.67,-5.24,76,14,LOWER_HIGH
MCD,2021-08-10 00:00:00+00:00,MIN,209.52920532226562,-5.24,16.8,14,149,HIGHER_LOW
MCD,2022-01-06 00:00:00+00:00,MAX,244.73223876953125,16.8,-7.77,149,21,HIGHER_HIGH
MCD,2022-01-27 00:00:00+00:00,MIN,225.720947265625,-7.77,5.44,21,6,HIGHER_LOW
MCD,2022-02-02 00:00:00+00:00,MAX,238.00794982910156,5.44,-14.89,6,36,LOWER_HIGH
MCD,2022-03-10 00:00:00+00:00,MIN,202.57623291015625,-14.89,15.25,36,41,LOWER_LOW
MCD,2022-04-20 00:00:00+00:00,MAX,233.4645233154297,15.25,-10.49,41,29,LOWER_HIGH
MCD,2022-05-19 00:00:00+00:00,MIN,208.9637451171875,-10.49,10.14,29,12,HIGHER_LOW
MCD,2022-05-31 00:00:00+00:00,MAX,230.14303588867188,10.14,-6.55,12,17,LOWER_HIGH
MCD,2022-06-17 00:00:00+00:00,MIN,215.05836486816406,-6.55,13.84,17,61,HIGHER_LOW
MCD,2022-08-17 00:00:00+00:00,MAX,244.82412719726562,13.84,-13.05,61,44,HIGHER_HIGH
MCD,2022-09-30 00:00:00+00:00,MIN,212.87734985351562,-13.05,20.66,44,39,LOWER_LOW
MCD,2022-11-08 00:00:00+00:00,MAX,256.8477783203125,20.66,-5.84,39,93,HIGHER_HIGH
MCD,2023-02-09 00:00:00+00:00,MIN,241.83547973632812,-5.84,15.75,93,141,HIGHER_LOW
MCD,2023-06-30 00:00:00+00:00,MAX,279.9358215332031,15.75,-17.06,141,104,HIGHER_HIGH
MCD,2023-10-12 00:00:00+00:00,MIN,232.1903533935547,-17.06,22.8,104,99,LOWER_LOW
MCD,2024-01-19 00:00:00+00:00,MAX,285.13861083984375,22.8,-16.55,99,131,HIGHER_HIGH
MCD,2024-05-29 00:00:00+00:00,MIN,237.94493103027344,-16.55,6.04,131,6,HIGHER_LOW
MCD,2024-06-04 00:00:00+00:00,MAX,252.31082153320312,6.04,-6.43,6,35,LOWER_HIGH
MCD,2024-07-09 00:00:00+00:00,MIN,236.0803985595703,-6.43,29.53,35,101,LOWER_LOW
MCD,2024-10-18 00:00:00+00:00,MAX,305.7867126464844,29.53,-8.87,101,34,HIGHER_HIGH
MCD,2024-11-21 00:00:00+00:00,MIN,278.65264892578125,-8.87,5.1,34,18,HIGHER_LOW
MCD,2024-12-09 00:00:00+00:00,MAX,292.8648376464844,5.1,-7.18,18,38,LOWER_HIGH
MCD,2025-01-16 00:00:00+00:00,MIN,271.84527587890625,-7.18,15.52,38,50,LOWER_LOW
MCD,2025-03-07 00:00:00+00:00,MAX,314.025390625,15.52,-7.4,50,6,HIGHER_HIGH
MCD,2025-03-13 00:00:00+00:00,MIN,290.7732849121094,-7.4,6.98,6,21,HIGHER_LOW
MCD,2025-04-03 00:00:00+00:00,MAX,311.0736389160156,6.98,-5.79,21,5,LOWER_HIGH
MCD,2025-04-08 00:00:00+00:00,MIN,293.05059814453125,-5.79,7.14,5,41,HIGHER_LOW
MCD,2025-05-19 00:00:00+00:00,MAX,313.9667663574219,7.14,-10.6,41,37,HIGHER_HIGH
MCD,2025-06-25 00:00:00+00:00,MIN,280.6763916015625,-10.6,11.64,37,71,LOWER_LOW
MCD,2025-09-04 00:00:00+00:00,MAX,313.34869384765625,11.64,-7.31,71,35,LOWER_HIGH
MCD,2025-10-09 00:00:00+00:00,MIN,290.43499755859375,-7.31,9.45,35,70,HIGHER_LOW
MCD,2025-12-18 00:00:00+00:00,MAX,317.874267578125,9.45,-6.19,70,18,HIGHER_HIGH
MCD,2026-01-05 00:00:00+00:00,MIN,298.1942138671875,-6.19,13.74,18,53,HIGHER_LOW
MRK,2006-05-30 13:30:00+00:00,MIN,31.599818,-8.53,25.5,68,65,FIRST_LOW
MRK,2006-08-03 13:30:00+00:00,MAX,39.657105,25.5,-6.64,65,14,FIRST_HIGH
MRK,2006-08-17 13:30:00+00:00,MIN,37.025376,-6.64,19.01,14,70,HIGHER_LOW
MRK,2006-10-26 13:30:00+00:00,MAX,44.06239,19.01,-7.21,70,14,HIGHER_HIGH
MRK,2006-11-09 14:30:00+00:00,MIN,40.887152,-7.21,5.85,14,26,HIGHER_LOW
MRK,2006-12-05 14:30:00+00:00,MAX,43.2805,5.85,-5.73,26,21,LOWER_HIGH
MRK,2006-12-26 14:30:00+00:00,MIN,40.801335,-5.73,8.02,21,29,LOWER_LOW
MRK,2007-01-24 14:30:00+00:00,MAX,44.071926,8.02,-7.1,29,30,HIGHER_HIGH
MRK,2007-02-23 14:30:00+00:00,MIN,40.944363,-7.1,26.57,30,88,HIGHER_LOW
MRK,2007-05-23 13:30:00+00:00,MAX,51.824084,26.57,-11.06,88,33,HIGHER_HIGH
MRK,2007-06-25 13:30:00+00:00,MIN,46.093399,-11.06,10.43,33,30,HIGHER_LOW
MRK,2007-07-25 13:30:00+00:00,MAX,50.899165,10.43,-6.99,30,6,LOWER_HIGH
MRK,2007-07-31 13:30:00+00:00,MIN,47.342516,-6.99,5.46,6,8,HIGHER_LOW
MRK,2007-08-08 13:30:00+00:00,MAX,49.926569,5.46,-6.02,8,20,LOWER_HIGH
MRK,2007-08-28 13:30:00+00:00,MIN,46.922965,-6.02,18.39,20,64,LOWER_LOW
MRK,2007-10-31 13:30:00+00:00,MAX,55.552367,18.39,-6.97,64,7,HIGHER_HIGH
MRK,2007-11-07 14:30:00+00:00,MIN,51.681055,-6.97,12.12,7,33,HIGHER_LOW
MRK,2007-12-10 14:30:00+00:00,MAX,57.945714,12.12,-6.45,33,25,HIGHER_HIGH
MRK,2008-01-04 14:30:00+00:00,MIN,54.207896,-6.45,6.51,25,7,HIGHER_LOW
MRK,2008-01-11 14:30:00+00:00,MAX,57.735939,6.51,-26.46,7,28,LOWER_HIGH
MRK,2008-02-08 14:30:00+00:00,MIN,42.460468,-26.46,6.83,28,5,LOWER_LOW
MRK,2008-02-13 14:30:00+00:00,MAX,45.359184,6.83,-13.87,5,29,LOWER_HIGH
MRK,2008-03-14 13:30:00+00:00,MIN,39.065919,-13.87,9.3,29,13,LOWER_LOW
MRK,2008-03-27 13:30:00+00:00,MAX,42.69885,9.3,-17.15,13,6,LOWER_HIGH
MRK,2008-04-02 13:30:00+00:00,MIN,35.375778,-17.15,12.43,6,8,LOWER_LOW
MRK,2008-04-10 13:30:00+00:00,MAX,39.771528,12.43,-7.67,8,12,LOWER_HIGH
MRK,2008-04-22 13:30:00+00:00,MIN,36.720248,-7.67,7.61,12,6,HIGHER_LOW
MRK,2008-04-28 13:30:00+00:00,MAX,39.514076,7.61,-10.38,6,1,LOWER_HIGH
MRK,2008-04-29 13:30:00+00:00,MIN,35.413919,-10.38,7.75,1,20,LOWER_LOW
MRK,2008-05-19 13:30:00+00:00,MAX,38.160071,7.75,-13.34,20,29,LOWER_HIGH
MRK,2008-06-17 13:30:00+00:00,MIN,33.068247,-13.34,10.87,29,16,LOWER_LOW
MRK,2008-07-03 13:30:00+00:00,MAX,36.663036,10.87,-18.52,16,19,LOWER_HIGH
MRK,2008-07-22 13:30:00+00:00,MIN,29.873938,-18.52,16.18,19,37,LOWER_LOW
MRK,2008-08-28 13:30:00+00:00,MAX,34.70831,16.18,-15.52,37,26,LOWER_HIGH
MRK,2008-09-23 13:30:00+00:00,MIN,29.320894,-15.52,5.27,26,2,LOWER_LOW
MRK,2008-09-25 13:30:00+00:00,MAX,30.865604,5.27,-6.27,2,4,LOWER_HIGH
MRK,2008-09-29 13:30:00+00:00,MIN,28.929949,-6.27,5.77,4,2,LOWER_LOW
MRK,2008-10-01 13:30:00+00:00,MAX,30.598617,5.77,-18.32,2,8,LOWER_HIGH
MRK,2008-10-09 13:30:00+00:00,MIN,24.99189,-18.32,12.25,8,4,LOWER_LOW
MRK,2008-10-13 13:30:00+00:00,MAX,28.052706,12.25,-9.72,4,2,LOWER_HIGH
MRK,2008-10-15 13:30:00+00:00,MIN,25.325624,-9.72,16.72,2,5,HIGHER_LOW
MRK,2008-10-20 13:30:00+00:00,MAX,29.559275,16.72,-13.48,5,7,HIGHER_HIGH
MRK,2008-10-27 13:30:00+00:00,MIN,25.573541,-13.48,16.07,7,8,HIGHER_LOW
MRK,2008-11-04 14:30:00+00:00,MAX,29.683233,16.07,-14.17,8,8,HIGHER_HIGH
MRK,2008-11-12 14:30:00+00:00,MIN,25.478188,-14.17,6.77,8,1,LOWER_LOW
MRK,2008-11-13 14:30:00+00:00,MAX,27.204068,6.77,-17.42,1,7,LOWER_HIGH
MRK,2008-11-20 14:30:00+00:00,MIN,22.465049,-17.42,13.41,7,8,LOWER_LOW
MRK,2008-11-28 14:30:00+00:00,MAX,25.478188,13.41,-7.0,8,3,LOWER_HIGH
MRK,2008-12-01 14:30:00+00:00,MIN,23.695096,-7.0,7.36,3,1,HIGHER_LOW
MRK,2008-12-02 14:30:00+00:00,MAX,25.440047,7.36,-6.3,1,2,LOWER_HIGH
MRK,2008-12-04 14:30:00+00:00,MIN,23.838125,-6.3,24.0,2,29,HIGHER_LOW
MRK,2009-01-02 14:30:00+00:00,MAX,29.559275,24.0,-11.45,29,20,HIGHER_HIGH
MRK,2009-01-22 14:30:00+00:00,MIN,26.174261,-11.45,12.09,20,15,HIGHER_LOW
MRK,2009-02-06 14:30:00+00:00,MAX,29.339964,12.09,-31.78,15,30,LOWER_HIGH
MRK,2009-03-09 13:30:00+00:00,MIN,20.01449,-31.78,33.3,30,14,LOWER_LOW
MRK,2009-03-23 13:30:00+00:00,MAX,26.679629,33.3,-17.91,14,30,LOWER_HIGH
MRK,2009-04-22 13:30:00+00:00,MIN,21.902469,-17.91,20.59,30,41,HIGHER_LOW
MRK,2009-06-02 13:30:00+00:00,MAX,26.412642,20.59,-11.81,41,14,LOWER_HIGH
MRK,2009-06-16 13:30:00+00:00,MIN,23.294616,-11.81,14.82,14,15,HIGHER_LOW
MRK,2009-07-01 13:30:00+00:00,MAX,26.746376,14.82,-5.7,15,9,HIGHER_HIGH
MRK,2009-07-10 13:30:00+00:00,MIN,25.220736,-5.7,17.16,9,14,HIGHER_LOW
MRK,2009-07-24 13:30:00+00:00,MAX,29.54974,17.16,-5.26,14,13,HIGHER_HIGH
MRK,2009-08-06 13:30:00+00:00,MIN,27.995494,-5.26,12.23,13,19,HIGHER_LOW
MRK,2009-08-25 13:30:00+00:00,MAX,31.418649,12.23,-8.22,19,9,HIGHER_HIGH
MRK,2009-09-03 13:30:00+00:00,MIN,28.834596,-8.22,8.76,9,11,HIGHER_LOW
MRK,2009-09-14 13:30:00+00:00,MAX,31.361437,8.76,-5.72,11,10,LOWER_HIGH
MRK,2009-09-24 13:30:00+00:00,MIN,29.56881,-5.72,8.77,10,25,HIGHER_LOW
MRK,2009-10-19 13:30:00+00:00,MAX,32.162398,8.77,-9.07,25,15,HIGHER_HIGH
MRK,2009-11-03 14:30:00+00:00,MIN,29.244612,-9.07,33.78,15,78,LOWER_LOW
MRK,2010-01-20 14:30:00+00:00,MAX,39.123131,33.78,-11.77,78,21,HIGHER_HIGH
MRK,2010-02-10 14:30:00+00:00,MIN,34.517605,-11.77,6.35,21,40,HIGHER_LOW
MRK,2010-03-23 13:30:00+00:00,MAX,36.710713,6.35,-12.29,40,30,LOWER_HIGH
MRK,2010-04-22 13:30:00+00:00,MIN,32.200539,-12.29,6.04,30,12,LOWER_LOW
MRK,2010-05-04 13:30:00+00:00,MAX,34.14573,6.04,-11.14,12,16,LOWER_HIGH
MRK,2010-05-20 13:30:00+00:00,MIN,30.341175,-11.14,14.68,16,56,LOWER_LOW
MRK,2010-07-15 13:30:00+00:00,MAX,34.794137,14.68,-5.62,56,36,HIGHER_HIGH
MRK,2010-08-20 13:30:00+00:00,MIN,32.839401,-5.62,8.65,36,66,HIGHER_LOW
MRK,2010-10-25 13:30:00+00:00,MAX,35.680906,8.65,-8.87,66,22,HIGHER_HIGH
MRK,2010-11-16 14:30:00+00:00,MIN,32.515212,-8.87,9.53,22,52,LOWER_LOW
MRK,2011-01-07 14:30:00+00:00,MAX,35.614168,9.53,-16.79,52,67,LOWER_HIGH
MRK,2011-03-16 13:30:00+00:00,MIN,29.635557,-16.79,20.91,67,63,LOWER_LOW
MRK,2011-05-18 13:30:00+00:00,MAX,35.83347,20.91,-8.12,63,40,HIGHER_HIGH
MRK,2011-06-27 13:30:00+00:00,MIN,32.925218,-8.12,5.15,40,17,HIGHER_LOW
MRK,2011-07-14 13:30:00+00:00,MAX,34.622493,5.15,-17.9,17,27,LOWER_HIGH
MRK,2011-08-10 13:30:00+00:00,MIN,28.42458,-17.9,11.02,27,21,LOWER_LOW
MRK,2011-08-31 13:30:00+00:00,MAX,31.55691,11.02,-6.18,21,23,LOWER_HIGH
MRK,2011-09-23 13:30:00+00:00,MIN,29.606951,-6.18,15.85,23,49,HIGHER_LOW
MRK,2011-11-11 14:30:00+00:00,MAX,34.298294,15.85,-7.81,49,14,HIGHER_HIGH
MRK,2011-11-25 14:30:00+00:00,MIN,31.618889,-7.81,18.73,14,157,HIGHER_LOW
MRK,2012-05-01 13:30:00+00:00,MAX,37.540279,18.73,-5.56,157,31,HIGHER_HIGH
MRK,2012-06-01 13:30:00+00:00,MIN,35.45205,-5.56,21.29,31,56,HIGHER_LOW
MRK,2012-07-27 13:30:00+00:00,MAX,42.99921,21.29,-5.09,56,27,HIGHER_HIGH
MRK,2012-08-23 13:30:00+00:00,MIN,40.81087,-5.09,12.06,27,56,HIGHER_LOW
MRK,2012-10-18 13:30:00+00:00,MAX,45.731069,12.06,-10.76,56,28,HIGHER_HIGH
MRK,2012-11-15 14:30:00+00:00,MIN,40.81087,-10.76,5.75,28,27,LOWER_LOW
MRK,2012-12-12 14:30:00+00:00,MAX,43.156532,5.75,-10.21,27,16,LOWER_HIGH
MRK,2012-12-28 14:30:00+00:00,MIN,38.751256,-10.21,7.43,16,32,LOWER_LOW
MRK,2013-01-29 14:30:00+00:00,MAX,41.630901,7.43,-6.44,32,6,LOWER_HIGH
MRK,2013-02-04 14:30:00+00:00,MIN,38.951506,-6.44,19.05,6,77,HIGHER_LOW
MRK,2013-04-23 13:30:00+00:00,MAX,46.369921,19.05,-7.51,77,13,HIGHER_HIGH
MRK,2013-05-06 13:30:00+00:00,MIN,42.889554,-7.51,9.92,13,29,HIGHER_LOW
MRK,2013-06-04 13:30:00+00:00,MAX,47.142276,9.92,-6.49,29,21,HIGHER_HIGH
MRK,2013-06-25 13:30:00+00:00,MIN,44.081461,-6.49,5.43,21,98,HIGHER_LOW
MRK,2013-10-01 13:30:00+00:00,MAX,46.474818,5.43,-7.49,98,30,LOWER_HIGH
MRK,2013-10-31 13:30:00+00:00,MIN,42.994442,-7.49,27.46,30,127,LOWER_LOW
MRK,2014-03-07 14:30:00+00:00,MAX,54.799082,27.46,-6.42,127,16,HIGHER_HIGH
MRK,2014-03-24 13:30:00+00:00,MIN,51.280575,-6.42,10.86,16,38,HIGHER_LOW
MRK,2014-05-01 13:30:00+00:00,MAX,56.849161,10.86,-8.03,38,7,HIGHER_HIGH
MRK,2014-05-08 13:30:00+00:00,MIN,52.281776,-8.03,7.97,7,56,HIGHER_LOW
MRK,2014-07-03 13:30:00+00:00,MAX,56.44868,7.97,-6.01,56,35,LOWER_HIGH
MRK,2014-08-07 13:30:00+00:00,MIN,53.054131,-6.01,9.96,35,29,HIGHER_LOW
MRK,2014-09-05 13:30:00+00:00,MAX,58.336659,9.96,-12.67,29,41,HIGHER_HIGH
MRK,2014-10-16 13:30:00+00:00,MIN,50.946841,-12.67,15.82,41,53,LOWER_LOW
MRK,2014-12-08 14:30:00+00:00,MAX,59.004127,15.82,-8.23,53,23,HIGHER_HIGH
MRK,2014-12-31 14:30:00+00:00,MIN,54.150685,-8.23,10.99,23,16,HIGHER_LOW
MRK,2015-01-16 14:30:00+00:00,MAX,60.100681,10.99,-11.06,16,53,HIGHER_HIGH
MRK,2015-03-11 13:30:00+00:00,MIN,53.454612,-11.06,8.62,53,79,LOWER_LOW
MRK,2015-05-29 13:30:00+00:00,MAX,58.060137,8.62,-15.96,79,88,LOWER_HIGH
MRK,2015-08-25 13:30:00+00:00,MIN,48.791874,-15.96,8.21,88,3,LOWER_LOW
MRK,2015-08-28 13:30:00+00:00,MAX,52.796679,8.21,-12.55,3,31,LOWER_HIGH
MRK,2015-09-28 13:30:00+00:00,MIN,46.169681,-12.55,14.68,31,37,LOWER_LOW
MRK,2015-11-04 14:30:00+00:00,MAX,52.949243,14.68,-12.5,37,92,HIGHER_HIGH
MRK,2016-02-04 14:30:00+00:00,MIN,46.33178,-12.5,17.02,92,74,HIGHER_LOW
MRK,2016-04-19 13:30:00+00:00,MAX,54.217432,17.02,-5.73,74,17,HIGHER_HIGH
MRK,2016-05-06 13:30:00+00:00,MIN,51.10894,-5.73,19.22,17,157,HIGHER_LOW
MRK,2016-10-10 13:30:00+00:00,MAX,60.930247,19.22,-8.56,157,24,HIGHER_HIGH
MRK,2016-11-03 13:30:00+00:00,MIN,55.714466,-8.56,11.18,24,7,HIGHER_LOW
MRK,2016-11-10 14:30:00+00:00,MAX,61.940984,11.18,-9.37,7,50,HIGHER_HIGH
MRK,2016-12-30 14:30:00+00:00,MIN,56.134017,-9.37,13.1,50,63,HIGHER_LOW
MRK,2017-03-03 14:30:00+00:00,MAX,63.485694,13.1,-7.04,63,48,HIGHER_HIGH
MRK,2017-04-21 13:30:00+00:00,MIN,59.013662,-7.04,6.9,48,63,HIGHER_LOW
MRK,2017-06-23 13:30:00+00:00,MAX,63.085214,6.9,-7.06,63,56,LOWER_HIGH
MRK,2017-08-18 13:30:00+00:00,MIN,58.632252,-7.06,7.59,56,28,LOWER_LOW
MRK,2017-09-15 13:30:00+00:00,MAX,63.085214,7.59,-18.23,28,66,LOWER_HIGH
MRK,2017-11-20 14:30:00+00:00,MIN,51.585703,-18.23,14.73,66,57,LOWER_LOW
MRK,2018-01-16 14:30:00+00:00,MAX,59.185297,14.73,-14.18,57,75,LOWER_HIGH
MRK,2018-04-02 13:30:00+00:00,MIN,50.794277,-14.18,13.1,75,21,LOWER_LOW
MRK,2018-04-23 13:30:00+00:00,MAX,57.449881,13.1,-5.79,21,15,LOWER_HIGH
MRK,2018-05-08 13:30:00+00:00,MIN,54.122079,-5.79,27.45,15,154,HIGHER_LOW
MRK,2018-10-09 13:30:00+00:00,MAX,68.977999,27.45,-5.49,154,2,HIGHER_HIGH
MRK,2018-10-11 13:30:00+00:00,MIN,65.192504,-5.49,16.05,2,50,HIGHER_LOW
MRK,2018-11-30 14:30:00+00:00,MAX,75.652673,16.05,-10.32,50,24,HIGHER_HIGH
MRK,2018-12-24 14:30:00+00:00,MIN,67.843304,-10.32,17.08,24,97,HIGHER_LOW
MRK,2019-04-01 13:30:00+00:00,MAX,79.428632,17.08,-12.14,97,17,HIGHER_HIGH
MRK,2019-04-18 13:30:00+00:00,MIN,69.788495,-12.14,18.73,17,76,HIGHER_LOW
MRK,2019-07-03 13:30:00+00:00,MAX,82.861323,18.73,-8.25,76,9,HIGHER_HIGH
MRK,2019-07-12 13:30:00+00:00,MIN,76.024548,-8.25,9.01,9,40,HIGHER_LOW
MRK,2019-08-21 13:30:00+00:00,MAX,82.870858,9.01,-6.45,40,62,HIGHER_HIGH
MRK,2019-10-22 13:30:00+00:00,MIN,77.521583,-6.45,13.21,62,72,HIGHER_LOW
MRK,2020-01-02 14:30:00+00:00,MAX,87.762441,13.21,-16.82,72,57,HIGHER_HIGH
MRK,2020-02-28 14:30:00+00:00,MIN,73.001874,-16.82,8.37,57,5,LOWER_LOW
MRK,2020-03-04 14:30:00+00:00,MAX,79.113969,8.37,-15.73,5,11,LOWER_HIGH
MRK,2020-03-16 13:30:00+00:00,MIN,66.670468,-15.73,6.52,11,1,LOWER_LOW
MRK,2020-03-17 13:30:00+00:00,MAX,71.018542,6.52,-10.85,1,6,LOWER_HIGH
MRK,2020-03-23 13:30:00+00:00,MIN,63.31406,-10.85,25.69,6,25,LOWER_LOW
MRK,2020-04-17 13:30:00+00:00,MAX,79.581196,25.69,-5.87,25,4,HIGHER_HIGH
MRK,2020-04-21 13:30:00+00:00,MIN,74.908924,-5.87,6.9,4,6,HIGHER_LOW
MRK,2020-04-27 13:30:00+00:00,MAX,80.07703,6.9,-9.98,6,10,HIGHER_HIGH
MRK,2020-05-07 13:30:00+00:00,MIN,72.08649,-9.98,9.66,10,32,LOWER_LOW
MRK,2020-06-08 13:30:00+00:00,MAX,79.047223,9.66,-10.71,32,7,LOWER_HIGH
MRK,2020-06-15 13:30:00+00:00,MIN,70.57992,-10.71,17.44,7,79,LOWER_LOW
MRK,2020-09-02 13:30:00+00:00,MAX,82.889928,17.44,-13.48,79,58,HIGHER_HIGH
MRK,2020-10-30 13:30:00+00:00,MIN,71.714615,-13.48,10.98,58,40,HIGHER_LOW
MRK,2020-12-09 14:30:00+00:00,MAX,79.590732,10.98,-5.01,40,12,LOWER_HIGH
MRK,2020-12-21 14:30:00+00:00,MIN,75.604997,-5.01,7.2,12,21,HIGHER_LOW
MRK,2021-01-11 14:30:00+00:00,MAX,81.049625,7.2,-15.09,21,52,HIGHER_HIGH
MRK,2021-03-04 14:30:00+00:00,MIN,68.815899,-15.09,9.78,52,47,LOWER_LOW
MRK,2021-04-21 13:30:00+00:00,MAX,75.547786,9.78,-19.61,47,8,LOWER_HIGH
MRK,2021-04-30 00:00:00+00:00,MIN,60.73639678955078,-19.61,7.21,8,17,LOWER_LOW
MRK,2021-05-17 00:00:00+00:00,MAX,65.11430358886719,7.21,-5.87,17,15,LOWER_HIGH
MRK,2021-06-01 00:00:00+00:00,MIN,61.29075241088867,-5.87,10.83,15,77,HIGHER_LOW
MRK,2021-08-17 00:00:00+00:00,MAX,67.93014526367188,10.83,-8.26,77,31,HIGHER_HIGH
MRK,2021-09-17 00:00:00+00:00,MIN,62.32235336303711,-8.26,15.93,31,17,HIGHER_LOW
MRK,2021-10-04 00:00:00+00:00,MAX,72.25149536132812,15.93,-7.16,17,14,HIGHER_HIGH
MRK,2021-10-18 00:00:00+00:00,MIN,67.07826232910156,-7.16,17.36,14,17,HIGHER_LOW
MRK,2021-11-04 00:00:00+00:00,MAX,78.7202377319336,17.36,-20.17,17,33,HIGHER_HIGH
MRK,2021-12-07 00:00:00+00:00,MIN,62.84402847290039,-20.17,15.04,33,34,LOWER_LOW
MRK,2022-01-10 00:00:00+00:00,MAX,72.2962417602539,15.04,-10.76,34,45,LOWER_HIGH
MRK,2022-02-24 00:00:00+00:00,MIN,64.51980590820312,-10.76,29.89,45,89,HIGHER_LOW
MRK,2022-05-24 00:00:00+00:00,MAX,83.80452728271484,29.89,-10.19,89,20,HIGHER_HIGH
MRK,2022-06-13 00:00:00+00:00,MIN,75.26822662353516,-10.19,12.63,20,32,HIGHER_LOW
MRK,2022-07-15 00:00:00+00:00,MAX,84.77606201171875,12.63,-8.57,32,20,HIGHER_HIGH
MRK,2022-08-04 00:00:00+00:00,MIN,77.50904083251953,-8.57,6.06,20,15,HIGHER_LOW
MRK,2022-08-19 00:00:00+00:00,MAX,82.20494079589844,6.06,-7.46,15,33,LOWER_HIGH
MRK,2022-09-21 00:00:00+00:00,MIN,76.072998046875,-7.46,36.76,33,107,LOWER_LOW
MRK,2023-01-06 00:00:00+00:00,MAX,104.03531646728516,36.76,-10.36,107,28,HIGHER_HIGH
MRK,2023-02-03 00:00:00+00:00,MIN,93.25491333007812,-10.36,8.09,28,32,HIGHER_LOW
MRK,2023-03-07 00:00:00+00:00,MAX,100.80118560791016,8.09,-5.79,32,10,LOWER_HIGH
MRK,2023-03-17 00:00:00+00:00,MIN,94.96141815185547,-5.79,13.72,10,52,HIGHER_LOW
MRK,2023-05-08 00:00:00+00:00,MAX,107.98783874511719,13.72,-8.25,52,30,HIGHER_HIGH
MRK,2023-06-07 00:00:00+00:00,MIN,99.07550811767578,-8.25,6.95,30,23,HIGHER_LOW
MRK,2023-06-30 00:00:00+00:00,MAX,105.96358489990234,6.95,-9.0,23,35,LOWER_HIGH
MRK,2023-08-04 00:00:00+00:00,MIN,96.42237854003906,-9.0,6.0,35,19,LOWER_LOW
MRK,2023-08-23 00:00:00+00:00,MAX,102.20771026611328,6.0,-9.15,19,57,LOWER_HIGH
MRK,2023-10-19 00:00:00+00:00,MIN,92.85444641113281,-9.15,5.1,57,7,LOWER_LOW
MRK,2023-10-26 00:00:00+00:00,MAX,97.58824157714844,5.1,-5.09,7,33,LOWER_HIGH
MRK,2023-11-28 00:00:00+00:00,MIN,92.6233139038086,-5.09,30.15,33,87,LOWER_LOW
MRK,2024-02-23 00:00:00+00:00,MAX,120.55204772949219,30.15,-6.32,87,20,HIGHER_HIGH
MRK,2024-03-14 00:00:00+00:00,MIN,112.93842315673828,-6.32,9.49,20,14,HIGHER_LOW
MRK,2024-03-28 00:00:00+00:00,MAX,123.65966033935547,9.49,-5.22,14,19,HIGHER_HIGH
MRK,2024-04-16 00:00:00+00:00,MIN,117.20256042480469,-5.22,5.33,19,29,HIGHER_LOW
MRK,2024-05-15 00:00:00+00:00,MAX,123.45347595214844,5.33,-5.47,29,15,LOWER_HIGH
MRK,2024-05-30 00:00:00+00:00,MIN,116.70585632324219,-5.47,7.41,15,25,LOWER_LOW
MRK,2024-06-24 00:00:00+00:00,MAX,125.35166931152344,7.41,-16.4,25,43,HIGHER_HIGH
MRK,2024-08-06 00:00:00+00:00,MIN,104.78968811035156,-16.4,7.45,43,43,LOWER_LOW
MRK,2024-09-18 00:00:00+00:00,MAX,112.59941864013672,7.45,-18.82,43,58,LOWER_HIGH
MRK,2024-11-15 00:00:00+00:00,MIN,91.40635681152344,-18.82,7.77,58,24,LOWER_LOW
MRK,2024-12-09 00:00:00+00:00,MAX,98.50550842285156,7.77,-19.38,24,67,LOWER_HIGH
MRK,2025-02-14 00:00:00+00:00,MIN,79.41416931152344,-19.38,15.18,67,31,LOWER_LOW
MRK,2025-03-17 00:00:00+00:00,MAX,91.4673080444336,15.18,-19.34,31,30,LOWER_HIGH
MRK,2025-04-16 00:00:00+00:00,MIN,73.77983856201172,-19.34,11.43,30,14,LOWER_LOW
MRK,2025-04-30 00:00:00+00:00,MAX,82.21346282958984,11.43,-10.83,14,9,LOWER_HIGH
MRK,2025-05-09 00:00:00+00:00,MIN,73.30701446533203,-10.83,5.87,9,3,LOWER_LOW
MRK,2025-05-12 00:00:00+00:00,MAX,77.61067199707031,5.87,-8.65,3,2,LOWER_HIGH
MRK,2025-05-14 00:00:00+00:00,MIN,70.89463806152344,-8.65,15.5,2,57,LOWER_LOW
MRK,2025-07-10 00:00:00+00:00,MAX,81.88658142089844,15.5,-5.61,57,11,HIGHER_HIGH
MRK,2025-07-21 00:00:00+00:00,MIN,77.29618072509766,-5.61,6.81,11,4,HIGHER_LOW
MRK,2025-07-25 00:00:00+00:00,MAX,82.55906677246094,6.81,-7.78,4,6,HIGHER_HIGH
MRK,2025-07-31 00:00:00+00:00,MIN,76.13639831542969,-7.78,11.84,6,22,LOWER_LOW
MRK,2025-08-22 00:00:00+00:00,MAX,85.15151977539062,11.84,-10.3,22,34,HIGHER_HIGH
MRK,2025-09-25 00:00:00+00:00,MIN,76.37666320800781,-10.3,16.15,34,6,HIGHER_LOW
MRK,2025-10-01 00:00:00+00:00,MAX,88.70913696289062,16.15,-8.48,6,33,HIGHER_HIGH
MRK,2025-11-03 00:00:00+00:00,MIN,81.1895751953125,-8.48,28.09,33,22,HIGHER_LOW
MRK,2025-11-25 00:00:00+00:00,MAX,103.99432373046875,28.09,-8.3,22,14,HIGHER_HIGH
MRK,2025-12-09 00:00:00+00:00,MIN,95.3625717163086,-8.3,29.0,14,77,HIGHER_LOW
MRK,2026-02-24 00:00:00+00:00,MAX,123.01882934570312,29.0,-7.18,77,24,HIGHER_HIGH
MRK,2026-03-20 00:00:00+00:00,MIN,114.18000030517578,-7.18,7.88,24,19,HIGHER_LOW
MRK,2026-04-08 00:00:00+00:00,MAX,123.18000030517578,7.88,-11.37,19,22,HIGHER_HIGH
MSFT,2006-05-25 13:30:00+00:00,MAX,23.74001,5.23,-9.39,6,19,FIRST_HIGH
MSFT,2006-06-13 13:30:00+00:00,MIN,21.50999,-9.39,10.18,19,20,FIRST_LOW
MSFT,2006-07-03 13:30:00+00:00,MAX,23.7,10.18,-6.08,20,10,LOWER_HIGH
MSFT,2006-07-13 13:30:00+00:00,MIN,22.25999,-6.08,40.21,10,183,HIGHER_LOW
MSFT,2007-01-12 14:30:00+00:00,MAX,31.21001,40.21,-14.39,183,59,HIGHER_HIGH
MSFT,2007-03-13 13:30:00+00:00,MIN,26.72,-14.39,16.43,59,78,HIGHER_LOW
MSFT,2007-05-30 13:30:00+00:00,MAX,31.11,16.43,-5.72,78,41,LOWER_HIGH
MSFT,2007-07-10 13:30:00+00:00,MIN,29.33,-5.72,7.43,41,9,HIGHER_LOW
MSFT,2007-07-19 13:30:00+00:00,MAX,31.50999,7.43,-11.74,9,28,HIGHER_HIGH
MSFT,2007-08-16 13:30:00+00:00,MIN,27.81,-11.74,33.26,28,77,LOWER_LOW
MSFT,2007-11-01 13:30:00+00:00,MAX,37.06,33.26,-11.58,77,33,HIGHER_HIGH
MSFT,2007-12-04 14:30:00+00:00,MIN,32.77,-11.58,11.72,33,22,HIGHER_LOW
MSFT,2007-12-26 14:30:00+00:00,MAX,36.61,11.72,-26.28,22,68,LOWER_HIGH
MSFT,2008-03-03 14:30:00+00:00,MIN,26.99001,-26.28,9.0,68,14,LOWER_LOW
MSFT,2008-03-18 13:30:00+00:00,MAX,29.42,9.0,-5.13,14,10,LOWER_HIGH
MSFT,2008-03-28 13:30:00+00:00,MIN,27.91,-5.13,13.94,10,27,HIGHER_LOW
MSFT,2008-04-24 13:30:00+00:00,MAX,31.8,13.94,-10.31,27,6,HIGHER_HIGH
MSFT,2008-04-30 13:30:00+00:00,MIN,28.52,-10.31,6.77,6,15,HIGHER_LOW
MSFT,2008-05-15 13:30:00+00:00,MAX,30.4501,6.77,-10.94,15,27,LOWER_HIGH
MSFT,2008-06-11 13:30:00+00:00,MIN,27.12,-10.94,7.19,27,2,LOWER_LOW
MSFT,2008-06-13 13:30:00+00:00,MAX,29.07001,7.19,-13.48,2,31,LOWER_HIGH
MSFT,2008-07-14 13:30:00+00:00,MIN,25.14999,-13.48,9.42,31,3,LOWER_LOW
MSFT,2008-07-17 13:30:00+00:00,MAX,27.52,9.42,-8.14,3,18,LOWER_HIGH
MSFT,2008-08-04 13:30:00+00:00,MIN,25.28,-8.14,11.27,18,4,HIGHER_LOW
MSFT,2008-08-08 13:30:00+00:00,MAX,28.13,11.27,-8.82,4,28,HIGHER_HIGH
MSFT,2008-09-05 13:30:00+00:00,MIN,25.64999,-8.82,7.68,28,7,HIGHER_LOW
MSFT,2008-09-12 13:30:00+00:00,MAX,27.62,7.68,-11.04,7,5,LOWER_HIGH
MSFT,2008-09-17 13:30:00+00:00,MIN,24.57001,-11.04,11.52,5,9,LOWER_LOW
MSFT,2008-09-26 13:30:00+00:00,MAX,27.39999,11.52,-8.72,9,3,LOWER_HIGH
MSFT,2008-09-29 13:30:00+00:00,MIN,25.00999,-8.72,6.72,3,1,HIGHER_LOW
MSFT,2008-09-30 13:30:00+00:00,MAX,26.69,6.72,-19.45,1,10,LOWER_HIGH
MSFT,2008-10-10 13:30:00+00:00,MIN,21.5,-19.45,18.6,10,3,LOWER_LOW
MSFT,2008-10-13 13:30:00+00:00,MAX,25.5,18.6,-11.14,3,2,LOWER_HIGH
MSFT,2008-10-15 13:30:00+00:00,MIN,22.66,-11.14,9.09,2,5,HIGHER_LOW
MSFT,2008-10-20 13:30:00+00:00,MAX,24.72,9.09,-14.32,5,7,LOWER_HIGH
MSFT,2008-10-27 13:30:00+00:00,MIN,21.17999,-14.32,11.1,7,8,LOWER_LOW
MSFT,2008-11-04 14:30:00+00:00,MAX,23.53,11.1,-25.5,8,16,LOWER_HIGH
MSFT,2008-11-20 14:30:00+00:00,MIN,17.53,-25.5,18.03,16,4,LOWER_LOW
MSFT,2008-11-24 14:30:00+00:00,MAX,20.69,18.03,-10.05,4,7,LOWER_HIGH
MSFT,2008-12-01 14:30:00+00:00,MIN,18.61,-10.05,12.9,7,7,HIGHER_LOW
MSFT,2008-12-08 14:30:00+00:00,MAX,21.00999,12.9,-9.38,7,7,HIGHER_HIGH
MSFT,2008-12-15 14:30:00+00:00,MIN,19.03999,-9.38,5.62,7,1,HIGHER_LOW
MSFT,2008-12-16 14:30:00+00:00,MAX,20.11,5.62,-5.72,1,13,LOWER_HIGH
MSFT,2008-12-29 14:30:00+00:00,MIN,18.96001,-5.72,9.49,13,8,LOWER_LOW
MSFT,2009-01-06 14:30:00+00:00,MAX,20.75999,9.49,-17.58,8,16,HIGHER_HIGH
MSFT,2009-01-22 14:30:00+00:00,MIN,17.11,-17.58,5.44,16,6,LOWER_LOW
MSFT,2009-01-28 14:30:00+00:00,MAX,18.03999,5.44,-5.21,6,2,LOWER_HIGH
MSFT,2009-01-30 14:30:00+00:00,MIN,17.10001,-5.21,14.97,2,7,LOWER_LOW
MSFT,2009-02-06 14:30:00+00:00,MAX,19.66,14.97,-22.94,7,30,HIGHER_HIGH
MSFT,2009-03-09 13:30:00+00:00,MIN,15.15,-22.94,12.94,30,2,LOWER_LOW
MSFT,2009-03-11 13:30:00+00:00,MAX,17.11,12.94,-5.03,2,5,LOWER_HIGH
MSFT,2009-03-16 13:30:00+00:00,MIN,16.25,-5.03,15.88,5,10,HIGHER_LOW
MSFT,2009-03-26 13:30:00+00:00,MAX,18.83,15.88,-7.17,10,4,HIGHER_HIGH
MSFT,2009-03-30 13:30:00+00:00,MIN,17.48,-7.17,13.04,4,17,HIGHER_LOW
MSFT,2009-04-16 13:30:00+00:00,MAX,19.75999,13.04,-5.82,17,4,HIGHER_HIGH
MSFT,2009-04-20 13:30:00+00:00,MIN,18.61,-5.82,12.36,4,4,HIGHER_LOW
MSFT,2009-04-24 13:30:00+00:00,MAX,20.91,12.36,-7.6,4,13,HIGHER_HIGH
MSFT,2009-05-07 13:30:00+00:00,MIN,19.32001,-7.6,24.59,13,43,HIGHER_LOW
MSFT,2009-06-19 13:30:00+00:00,MAX,24.07001,24.59,-6.98,43,21,HIGHER_HIGH
MSFT,2009-07-10 13:30:00+00:00,MIN,22.39,-6.98,14.16,21,13,HIGHER_LOW
MSFT,2009-07-23 13:30:00+00:00,MAX,25.56,14.16,-9.59,13,4,HIGHER_HIGH
MSFT,2009-07-27 13:30:00+00:00,MIN,23.11,-9.59,12.25,4,59,HIGHER_LOW
MSFT,2009-09-24 13:30:00+00:00,MAX,25.94,12.25,-5.01,59,11,HIGHER_HIGH
MSFT,2009-10-05 13:30:00+00:00,MIN,24.64,-5.01,27.39,11,85,HIGHER_LOW
MSFT,2009-12-29 14:30:00+00:00,MAX,31.39,27.39,-11.69,85,41,HIGHER_HIGH
MSFT,2010-02-08 14:30:00+00:00,MIN,27.72,-11.69,13.24,41,72,HIGHER_LOW
MSFT,2010-04-22 13:30:00+00:00,MAX,31.39,13.24,-20.32,72,34,LOWER_HIGH
MSFT,2010-05-26 13:30:00+00:00,MIN,25.00999,-20.32,7.4,34,8,LOWER_LOW
MSFT,2010-06-03 13:30:00+00:00,MAX,26.86,7.4,-7.71,8,6,LOWER_HIGH
MSFT,2010-06-09 13:30:00+00:00,MIN,24.78999,-7.71,7.23,6,6,LOWER_LOW
MSFT,2010-06-15 13:30:00+00:00,MAX,26.5825,7.23,-13.44,6,15,LOWER_HIGH
MSFT,2010-06-30 13:30:00+00:00,MIN,23.00999,-13.44,14.43,15,33,LOWER_LOW
MSFT,2010-08-02 13:30:00+00:00,MAX,26.33,14.43,-10.88,33,29,LOWER_HIGH
MSFT,2010-08-31 13:30:00+00:00,MIN,23.465,-10.88,8.37,29,20,HIGHER_LOW
MSFT,2010-09-20 13:30:00+00:00,MAX,25.42999,8.37,-5.98,20,14,LOWER_HIGH
MSFT,2010-10-04 13:30:00+00:00,MIN,23.91,-5.98,14.55,14,29,HIGHER_LOW
MSFT,2010-11-02 13:30:00+00:00,MAX,27.39,14.55,-8.29,29,21,HIGHER_HIGH
MSFT,2010-11-23 14:30:00+00:00,MIN,25.12,-8.29,14.93,21,65,HIGHER_LOW
MSFT,2011-01-27 14:30:00+00:00,MAX,28.87,14.93,-14.17,65,48,HIGHER_HIGH
MSFT,2011-03-17 13:30:00+00:00,MIN,24.78,-14.17,7.79,48,42,LOWER_LOW
MSFT,2011-04-28 13:30:00+00:00,MAX,26.71001,7.79,-11.25,42,43,LOWER_HIGH
MSFT,2011-06-10 13:30:00+00:00,MIN,23.705,-11.25,18.46,43,46,LOWER_LOW
MSFT,2011-07-26 13:30:00+00:00,MAX,28.08,18.46,-13.82,46,15,HIGHER_HIGH
MSFT,2011-08-10 13:30:00+00:00,MIN,24.2,-13.82,5.41,15,5,HIGHER_LOW
MSFT,2011-08-15 13:30:00+00:00,MAX,25.50999,5.41,-6.0,5,7,LOWER_HIGH
MSFT,2011-08-22 13:30:00+00:00,MIN,23.98,-6.0,13.47,7,28,LOWER_LOW
MSFT,2011-09-19 13:30:00+00:00,MAX,27.21001,13.47,-9.85,28,14,HIGHER_HIGH
MSFT,2011-10-03 13:30:00+00:00,MIN,24.53,-9.85,11.33,14,15,HIGHER_LOW
MSFT,2011-10-18 13:30:00+00:00,MAX,27.31,11.33,-11.02,15,38,HIGHER_HIGH
MSFT,2011-11-25 14:30:00+00:00,MIN,24.3,-11.02,35.19,38,110,LOWER_LOW
MSFT,2012-03-15 13:30:00+00:00,MAX,32.85001,35.19,-7.63,110,27,HIGHER_HIGH
MSFT,2012-04-11 13:30:00+00:00,MIN,30.345,-7.63,6.84,27,9,HIGHER_LOW
MSFT,2012-04-20 13:30:00+00:00,MAX,32.42,6.84,-12.25,9,42,LOWER_HIGH
MSFT,2012-06-01 13:30:00+00:00,MIN,28.45,-12.25,8.72,42,19,LOWER_LOW
MSFT,2012-06-20 13:30:00+00:00,MAX,30.92999,8.72,-7.44,19,22,LOWER_HIGH
MSFT,2012-07-12 13:30:00+00:00,MIN,28.63,-7.44,7.11,22,7,HIGHER_LOW
MSFT,2012-07-19 13:30:00+00:00,MAX,30.66499,7.11,-5.98,7,6,LOWER_HIGH
MSFT,2012-07-25 13:30:00+00:00,MIN,28.83,-5.98,9.09,6,57,HIGHER_LOW
MSFT,2012-09-20 13:30:00+00:00,MAX,31.45,9.09,-11.35,57,35,HIGHER_HIGH
MSFT,2012-10-25 13:30:00+00:00,MIN,27.88,-11.35,7.1,35,12,LOWER_LOW
MSFT,2012-11-06 14:30:00+00:00,MAX,29.86,7.1,-11.69,12,28,LOWER_HIGH
MSFT,2012-12-04 14:30:00+00:00,MIN,26.37,-11.69,14.83,28,126,LOWER_LOW
MSFT,2013-04-10 13:30:00+00:00,MAX,30.28,14.83,-5.25,126,5,HIGHER_HIGH
MSFT,2013-04-15 13:30:00+00:00,MIN,28.69,-5.25,24.33,5,53,HIGHER_LOW
MSFT,2013-06-07 13:30:00+00:00,MAX,35.67,24.33,-6.74,53,14,HIGHER_HIGH
MSFT,2013-06-21 13:30:00+00:00,MIN,33.265,-6.74,9.03,14,25,HIGHER_LOW
MSFT,2013-07-16 13:30:00+00:00,MAX,36.27,9.03,-13.45,25,9,HIGHER_HIGH
MSFT,2013-07-25 13:30:00+00:00,MIN,31.39,-13.45,10.7,9,29,LOWER_LOW
MSFT,2013-08-23 13:30:00+00:00,MAX,34.75,10.7,-10.35,29,14,LOWER_HIGH
MSFT,2013-09-06 13:30:00+00:00,MIN,31.15199,-10.35,25.0,14,89,LOWER_LOW
MSFT,2013-12-04 14:30:00+00:00,MAX,38.94,25.0,-10.17,89,40,HIGHER_HIGH
MSFT,2014-01-13 14:30:00+00:00,MIN,34.98,-10.17,8.18,40,18,HIGHER_LOW
MSFT,2014-01-31 14:30:00+00:00,MAX,37.84,8.18,-5.34,18,5,LOWER_HIGH
MSFT,2014-02-05 14:30:00+00:00,MIN,35.82,-5.34,15.63,5,54,HIGHER_LOW
MSFT,2014-04-01 13:30:00+00:00,MAX,41.42,15.63,-5.7,54,35,HIGHER_HIGH
MSFT,2014-05-06 13:30:00+00:00,MIN,39.06,-5.7,21.66,35,136,HIGHER_LOW
MSFT,2014-09-19 13:30:00+00:00,MAX,47.52,21.66,-10.06,136,27,HIGHER_HIGH
MSFT,2014-10-16 13:30:00+00:00,MIN,42.74,-10.06,16.07,27,28,HIGHER_LOW
MSFT,2014-11-13 14:30:00+00:00,MAX,49.61,16.07,-8.97,28,33,HIGHER_HIGH
MSFT,2014-12-16 14:30:00+00:00,MIN,45.16,-8.97,7.29,33,7,HIGHER_LOW
MSFT,2014-12-23 14:30:00+00:00,MAX,48.45,7.29,-16.62,7,38,LOWER_HIGH
MSFT,2015-01-30 14:30:00+00:00,MIN,40.4,-16.62,9.28,38,24,LOWER_LOW
MSFT,2015-02-23 14:30:00+00:00,MAX,44.15,9.28,-8.74,24,37,LOWER_HIGH
MSFT,2015-04-02 13:30:00+00:00,MIN,40.29,-8.74,22.0,37,26,LOWER_LOW
MSFT,2015-04-28 13:30:00+00:00,MAX,49.155,22.0,-5.85,26,8,HIGHER_HIGH
MSFT,2015-05-06 13:30:00+00:00,MIN,46.28,-5.85,5.27,8,8,HIGHER_LOW
MSFT,2015-05-14 13:30:00+00:00,MAX,48.72,5.27,-9.38,8,47,LOWER_HIGH
MSFT,2015-06-30 13:30:00+00:00,MIN,44.15,-9.38,7.77,47,36,LOWER_LOW
MSFT,2015-08-05 13:30:00+00:00,MAX,47.58,7.77,-14.94,36,20,LOWER_HIGH
MSFT,2015-08-25 13:30:00+00:00,MIN,40.47,-14.94,39.73,20,126,LOWER_LOW
MSFT,2015-12-29 14:30:00+00:00,MAX,56.55,39.73,-10.73,126,23,HIGHER_HIGH
MSFT,2016-01-21 14:30:00+00:00,MIN,50.48,-10.73,9.13,23,8,HIGHER_LOW
MSFT,2016-01-29 14:30:00+00:00,MAX,55.09,9.13,-10.55,8,11,LOWER_HIGH
MSFT,2016-02-09 14:30:00+00:00,MIN,49.28,-10.55,14.57,11,68,LOWER_LOW
MSFT,2016-04-18 13:30:00+00:00,MAX,56.46,14.57,-11.83,68,15,HIGHER_HIGH
MSFT,2016-05-03 13:30:00+00:00,MIN,49.78,-11.83,6.47,15,28,HIGHER_LOW
MSFT,2016-05-31 13:30:00+00:00,MAX,53.0,6.47,-8.62,28,27,LOWER_HIGH
MSFT,2016-06-27 13:30:00+00:00,MIN,48.43,-8.62,49.74,27,344,LOWER_LOW
MSFT,2017-06-06 13:30:00+00:00,MAX,72.52,49.74,-6.0,344,27,HIGHER_HIGH
MSFT,2017-07-03 13:30:00+00:00,MIN,68.17,-6.0,39.37,27,212,HIGHER_LOW
MSFT,2018-01-31 14:30:00+00:00,MAX,95.01,39.37,-10.53,212,8,HIGHER_HIGH
MSFT,2018-02-08 14:30:00+00:00,MIN,85.01,-10.53,13.83,8,31,HIGHER_LOW
MSFT,2018-03-12 13:30:00+00:00,MAX,96.77,13.83,-9.91,31,11,HIGHER_HIGH
MSFT,2018-03-23 13:30:00+00:00,MIN,87.18,-9.91,7.57,11,3,HIGHER_LOW
MSFT,2018-03-26 13:30:00+00:00,MAX,93.78,7.57,-5.61,3,7,LOWER_HIGH
MSFT,2018-04-02 13:30:00+00:00,MIN,88.52,-5.61,30.6,7,182,HIGHER_LOW
MSFT,2018-10-01 13:30:00+00:00,MAX,115.61,30.6,-11.5,182,23,HIGHER_HIGH
MSFT,2018-10-24 13:30:00+00:00,MIN,102.32,-11.5,9.42,23,14,HIGHER_LOW
MSFT,2018-11-07 14:30:00+00:00,MAX,111.96,9.42,-9.16,14,13,LOWER_HIGH
MSFT,2018-11-20 14:30:00+00:00,MIN,101.71,-9.16,10.21,13,13,LOWER_LOW
MSFT,2018-12-03 14:30:00+00:00,MAX,112.09,10.21,-16.02,13,21,HIGHER_HIGH
MSFT,2018-12-24 14:30:00+00:00,MIN,94.13,-16.02,38.74,21,126,LOWER_LOW
MSFT,2019-04-30 13:30:00+00:00,MAX,130.6,38.74,-8.24,126,34,HIGHER_HIGH
MSFT,2019-06-03 13:30:00+00:00,MIN,119.84,-8.24,17.94,34,53,HIGHER_LOW
MSFT,2019-07-26 13:30:00+00:00,MAX,141.34,17.94,-6.46,53,10,HIGHER_HIGH
MSFT,2019-08-05 13:30:00+00:00,MIN,132.21,-6.46,42.73,10,189,HIGHER_LOW
MSFT,2020-02-10 14:30:00+00:00,MAX,188.7,42.73,-16.17,189,17,HIGHER_HIGH
MSFT,2020-02-27 14:30:00+00:00,MIN,158.18,-16.17,9.24,17,4,HIGHER_LOW
MSFT,2020-03-02 14:30:00+00:00,MAX,172.79,9.24,-12.83,4,6,LOWER_HIGH
MSFT,2020-03-09 13:30:00+00:00,MIN,150.62,-12.83,6.84,6,1,LOWER_LOW
MSFT,2020-03-10 13:30:00+00:00,MAX,160.92,6.84,-13.58,1,2,LOWER_HIGH
MSFT,2020-03-12 13:30:00+00:00,MIN,139.06,-13.58,14.22,2,1,LOWER_LOW
MSFT,2020-03-13 13:30:00+00:00,MAX,158.83,14.22,-14.74,1,3,LOWER_HIGH
MSFT,2020-03-16 13:30:00+00:00,MIN,135.42,-14.74,8.23,3,1,LOWER_LOW
MSFT,2020-03-17 13:30:00+00:00,MAX,146.57,8.23,-7.23,1,6,LOWER_HIGH
MSFT,2020-03-23 13:30:00+00:00,MIN,135.98,-7.23,17.83,6,7,HIGHER_LOW
MSFT,2020-03-30 13:30:00+00:00,MAX,160.23,17.83,-5.07,7,2,HIGHER_HIGH
MSFT,2020-04-01 13:30:00+00:00,MIN,152.11,-5.07,17.42,2,16,HIGHER_LOW
MSFT,2020-04-17 13:30:00+00:00,MAX,178.6,17.42,-6.04,16,4,HIGHER_HIGH
MSFT,2020-04-21 13:30:00+00:00,MIN,167.82,-6.04,17.29,4,50,HIGHER_LOW
MSFT,2020-06-10 13:30:00+00:00,MAX,196.84,17.29,-5.37,50,1,HIGHER_HIGH
MSFT,2020-06-11 13:30:00+00:00,MIN,186.27,-5.37,15.06,1,28,HIGHER_LOW
MSFT,2020-07-09 13:30:00+00:00,MAX,214.32,15.06,-6.08,28,15,HIGHER_HIGH
MSFT,2020-07-24 13:30:00+00:00,MIN,201.3,-6.08,7.57,15,10,HIGHER_LOW
MSFT,2020-08-03 13:30:00+00:00,MAX,216.54,7.57,-6.08,10,8,HIGHER_HIGH
MSFT,2020-08-11 13:30:00+00:00,MIN,203.38,-6.08,13.9,8,22,HIGHER_LOW
MSFT,2020-09-02 13:30:00+00:00,MAX,231.65,13.9,-13.49,22,16,HIGHER_HIGH
MSFT,2020-09-18 13:30:00+00:00,MIN,200.39,-13.49,11.21,16,25,LOWER_LOW
MSFT,2020-10-13 13:30:00+00:00,MAX,222.86,11.21,-9.21,25,20,LOWER_HIGH
MSFT,2020-11-02 14:30:00+00:00,MIN,202.33,-9.21,10.57,20,4,HIGHER_LOW
MSFT,2020-11-06 14:30:00+00:00,MAX,223.72,10.57,-6.08,4,17,HIGHER_HIGH
MSFT,2020-11-23 14:30:00+00:00,MIN,210.11,-6.08,7.07,17,35,HIGHER_LOW
MSFT,2020-12-28 14:30:00+00:00,MAX,224.96,7.07,-5.65,35,9,HIGHER_HIGH
MSFT,2021-01-06 14:30:00+00:00,MIN,212.25,-5.65,15.43,9,37,HIGHER_LOW
MSFT,2021-02-12 14:30:00+00:00,MAX,244.99,15.43,-7.45,37,20,HIGHER_HIGH
MSFT,2021-03-04 14:30:00+00:00,MIN,226.73,-7.45,15.54,20,53,HIGHER_LOW
MSFT,2021-04-27 13:30:00+00:00,MAX,261.97,15.54,-12.46,53,14,HIGHER_HIGH
MSFT,2021-05-12 00:00:00+00:00,MIN,229.3347625732422,-12.46,28.25,14,127,HIGHER_LOW
MSFT,2021-09-16 00:00:00+00:00,MAX,294.11505126953125,28.25,-7.63,127,14,HIGHER_HIGH
MSFT,2021-09-30 00:00:00+00:00,MIN,271.662841796875,-7.63,21.93,14,50,HIGHER_LOW
MSFT,2021-11-19 00:00:00+00:00,MAX,331.2313537597656,21.93,-5.86,50,14,HIGHER_HIGH
MSFT,2021-12-03 00:00:00+00:00,MIN,311.8272705078125,-5.86,6.05,14,7,HIGHER_LOW
MSFT,2021-12-10 00:00:00+00:00,MAX,330.68115234375,6.05,-6.61,7,10,LOWER_HIGH
MSFT,2021-12-20 00:00:00+00:00,MIN,308.83453369140625,-6.61,7.05,10,7,LOWER_LOW
MSFT,2021-12-27 00:00:00+00:00,MAX,330.59423828125,7.05,-15.76,7,29,LOWER_HIGH
MSFT,2022-01-25 00:00:00+00:00,MIN,278.5022888183594,-15.76,8.66,29,8,LOWER_LOW
MSFT,2022-02-02 00:00:00+00:00,MAX,302.60784912109375,8.66,-10.4,8,21,LOWER_HIGH
MSFT,2022-02-23 00:00:00+00:00,MIN,271.1263427734375,-10.4,7.11,21,7,LOWER_LOW
MSFT,2022-03-02 00:00:00+00:00,MAX,290.396484375,7.11,-8.11,7,6,LOWER_HIGH
MSFT,2022-03-08 00:00:00+00:00,MIN,266.8505554199219,-8.11,14.34,6,21,LOWER_LOW
MSFT,2022-03-29 00:00:00+00:00,MAX,305.1199645996094,14.34,-14.33,21,28,HIGHER_HIGH
MSFT,2022-04-26 00:00:00+00:00,MIN,261.4042053222656,-14.33,7.31,28,8,LOWER_LOW
MSFT,2022-05-04 00:00:00+00:00,MAX,280.5195617675781,7.31,-12.7,8,16,LOWER_HIGH
MSFT,2022-05-20 00:00:00+00:00,MIN,244.889404296875,-12.7,8.72,16,13,LOWER_LOW
MSFT,2022-06-02 00:00:00+00:00,MAX,266.24066162109375,8.72,-11.77,13,11,LOWER_HIGH
MSFT,2022-06-13 00:00:00+00:00,MIN,234.90225219726562,-11.77,10.79,11,24,LOWER_LOW
MSFT,2022-07-07 00:00:00+00:00,MAX,260.24835205078125,10.79,-6.15,24,19,LOWER_HIGH
MSFT,2022-07-26 00:00:00+00:00,MIN,244.2494354248047,-6.15,16.5,19,20,HIGHER_LOW
MSFT,2022-08-15 00:00:00+00:00,MAX,284.55694580078125,16.5,-13.52,20,22,HIGHER_HIGH
MSFT,2022-09-06 00:00:00+00:00,MIN,246.07969665527344,-13.52,5.29,22,6,HIGHER_LOW
MSFT,2022-09-12 00:00:00+00:00,MAX,259.1003112792969,5.29,-12.66,6,18,LOWER_HIGH
MSFT,2022-09-30 00:00:00+00:00,MIN,226.30587768554688,-12.66,7.0,18,5,LOWER_LOW
MSFT,2022-10-05 00:00:00+00:00,MAX,242.14437866210938,7.0,-9.55,5,6,LOWER_HIGH
MSFT,2022-10-11 00:00:00+00:00,MIN,219.0279541015625,-9.55,11.2,6,14,LOWER_LOW
MSFT,2022-10-25 00:00:00+00:00,MAX,243.5630340576172,11.2,-14.53,14,9,HIGHER_HIGH
MSFT,2022-11-03 00:00:00+00:00,MIN,208.18389892578125,-14.53,20.39,9,41,LOWER_LOW
MSFT,2022-12-14 00:00:00+00:00,MAX,250.64169311523438,20.39,-13.57,41,22,HIGHER_HIGH
MSFT,2023-01-05 00:00:00+00:00,MIN,216.62445068359375,-13.57,22.43,22,40,HIGHER_LOW
MSFT,2023-02-14 00:00:00+00:00,MAX,265.2093505859375,22.43,-9.29,40,15,HIGHER_HIGH
MSFT,2023-03-01 00:00:00+00:00,MIN,240.57278442382812,-9.29,18.41,15,36,HIGHER_LOW
MSFT,2023-04-06 00:00:00+00:00,MAX,284.8541259765625,18.41,-5.55,36,19,HIGHER_HIGH
MSFT,2023-04-25 00:00:00+00:00,MIN,269.0484313964844,-5.55,26.67,19,51,HIGHER_LOW
MSFT,2023-06-15 00:00:00+00:00,MAX,340.7904052734375,26.67,-5.6,51,11,HIGHER_HIGH
MSFT,2023-06-26 00:00:00+00:00,MIN,321.69989013671875,-5.6,9.4,11,22,HIGHER_LOW
MSFT,2023-07-18 00:00:00+00:00,MAX,351.9411926269531,9.4,-11.78,22,31,HIGHER_HIGH
MSFT,2023-08-18 00:00:00+00:00,MIN,310.4903564453125,-11.78,7.02,31,27,LOWER_LOW
MSFT,2023-09-14 00:00:00+00:00,MAX,332.289794921875,7.02,-7.84,27,12,LOWER_HIGH
MSFT,2023-09-26 00:00:00+00:00,MIN,306.23248291015625,-7.84,38.09,12,177,LOWER_LOW
MSFT,2024-03-21 00:00:00+00:00,MAX,422.8793640136719,38.09,-9.33,177,40,HIGHER_HIGH
MSFT,2024-04-30 00:00:00+00:00,MIN,383.44464111328125,-9.33,20.31,40,66,HIGHER_LOW
MSFT,2024-07-05 00:00:00+00:00,MAX,461.3226013183594,20.31,-15.49,66,31,HIGHER_HIGH
MSFT,2024-08-05 00:00:00+00:00,MIN,389.87860107421875,-15.49,7.7,31,15,HIGHER_LOW
MSFT,2024-08-20 00:00:00+00:00,MAX,419.8885192871094,7.7,-5.44,15,17,LOWER_HIGH
MSFT,2024-09-06 00:00:00+00:00,MIN,397.0555725097656,-5.44,9.21,17,13,HIGHER_LOW
MSFT,2024-09-19 00:00:00+00:00,MAX,433.617919921875,9.21,-6.64,13,18,HIGHER_HIGH
MSFT,2024-10-07 00:00:00+00:00,MIN,404.8049621582031,-6.64,5.61,18,23,HIGHER_LOW
MSFT,2024-10-30 00:00:00+00:00,MAX,427.5290832519531,5.61,-6.05,23,1,LOWER_HIGH
MSFT,2024-10-31 00:00:00+00:00,MIN,401.65185546875,-6.05,12.06,1,47,LOWER_LOW
MSFT,2024-12-17 00:00:00+00:00,MAX,450.1047058105469,12.06,-8.54,47,28,HIGHER_HIGH
MSFT,2025-01-14 00:00:00+00:00,MIN,411.6864929199219,-8.54,7.59,28,14,HIGHER_LOW
MSFT,2025-01-28 00:00:00+00:00,MAX,442.9143371582031,7.59,-20.56,14,70,LOWER_HIGH
MSFT,2025-04-08 00:00:00+00:00,MIN,351.8662414550781,-20.56,10.13,70,1,LOWER_LOW
MSFT,2025-04-09 00:00:00+00:00,MAX,387.52325439453125,10.13,-8.03,1,12,LOWER_HIGH
MSFT,2025-04-21 00:00:00+00:00,MIN,356.3916015625,-8.03,49.43,12,105,HIGHER_LOW
MSFT,2025-08-04 00:00:00+00:00,MAX,532.54638671875,49.43,-7.44,105,32,HIGHER_HIGH
MSFT,2025-09-05 00:00:00+00:00,MIN,492.9501647949219,-7.44,9.51,32,53,HIGHER_LOW
MSFT,2025-10-28 00:00:00+00:00,MAX,539.8252563476562,9.51,-17.92,53,85,HIGHER_HIGH
MSFT,2026-01-21 00:00:00+00:00,MIN,443.0986328125,-17.92,8.45,85,7,LOWER_LOW
MSFT,2026-01-28 00:00:00+00:00,MAX,480.533203125,8.45,-18.26,7,8,LOWER_HIGH
MSFT,2026-02-05 00:00:00+00:00,MIN,392.7735290527344,-18.26,5.06,8,4,LOWER_LOW
MSFT,2026-02-09 00:00:00+00:00,MAX,412.65814208984375,5.06,-6.83,4,14,LOWER_HIGH
MSFT,2026-02-23 00:00:00+00:00,MIN,384.4700012207031,-6.83,6.82,14,10,LOWER_LOW
MSFT,2026-03-05 00:00:00+00:00,MAX,410.67999267578125,6.82,-13.13,10,22,LOWER_HIGH
MSFT,2026-03-27 00:00:00+00:00,MIN,356.7699890136719,-13.13,21.34,22,26,LOWER_LOW
PEP,2004-10-14 13:30:00+00:00,MIN,47.85001,-13.86,15.99,114,117,FIRST_LOW
PEP,2005-02-08 14:30:00+00:00,MAX,55.5,15.99,-6.45,117,44,FIRST_HIGH
PEP,2005-03-24 14:30:00+00:00,MIN,51.92,-6.45,10.02,44,56,HIGHER_LOW
PEP,2005-05-20 13:30:00+00:00,MAX,57.12,10.02,-7.95,56,47,HIGHER_HIGH
PEP,2005-07-06 13:30:00+00:00,MIN,52.58,-7.95,13.92,47,142,HIGHER_LOW
PEP,2005-11-25 14:30:00+00:00,MAX,59.89999,13.92,-5.23,142,73,HIGHER_HIGH
PEP,2006-02-06 14:30:00+00:00,MIN,56.77,-5.23,6.55,73,35,HIGHER_LOW
PEP,2006-03-13 14:30:00+00:00,MAX,60.49001,6.55,-5.44,35,38,HIGHER_HIGH
PEP,2006-04-21 13:30:00+00:00,MIN,57.2,-5.44,15.23,38,159,HIGHER_LOW
PEP,2006-09-27 13:30:00+00:00,MAX,65.91,15.23,-7.09,159,49,HIGHER_HIGH
PEP,2006-11-15 14:30:00+00:00,MIN,61.24001,-7.09,13.46,49,183,HIGHER_LOW
PEP,2007-05-18 13:30:00+00:00,MAX,69.48,13.46,-6.95,183,38,HIGHER_HIGH
PEP,2007-06-25 13:30:00+00:00,MIN,64.64999,-6.95,23.08,38,199,HIGHER_LOW
PEP,2008-01-10 14:30:00+00:00,MAX,79.57001,23.08,-16.14,199,27,HIGHER_HIGH
PEP,2008-02-06 14:30:00+00:00,MIN,66.73,-16.14,8.2,27,53,HIGHER_LOW
PEP,2008-03-31 13:30:00+00:00,MAX,72.2,8.2,-11.93,53,91,LOWER_HIGH
PEP,2008-06-30 13:30:00+00:00,MIN,63.59,-11.93,15.16,91,80,LOWER_LOW
PEP,2008-09-18 13:30:00+00:00,MAX,73.23,15.16,-21.07,80,22,HIGHER_HIGH
PEP,2008-10-10 13:30:00+00:00,MIN,57.8,-21.07,6.87,22,3,LOWER_LOW
PEP,2008-10-13 13:30:00+00:00,MAX,61.77,6.87,-17.03,3,2,LOWER_HIGH
PEP,2008-10-15 13:30:00+00:00,MIN,51.25,-17.03,10.75,2,5,LOWER_LOW
PEP,2008-10-20 13:30:00+00:00,MAX,56.75999,10.75,-9.28,5,7,LOWER_HIGH
PEP,2008-10-27 13:30:00+00:00,MIN,51.49001,-9.28,13.3,7,8,HIGHER_LOW
PEP,2008-11-04 14:30:00+00:00,MAX,58.34,13.3,-13.8,8,16,HIGHER_HIGH
PEP,2008-11-20 14:30:00+00:00,MIN,50.28999,-13.8,12.75,16,8,LOWER_LOW
PEP,2008-11-28 14:30:00+00:00,MAX,56.7,12.75,-8.24,8,14,LOWER_HIGH
PEP,2008-12-12 14:30:00+00:00,MIN,52.03,-8.24,7.57,14,21,HIGHER_LOW
PEP,2009-01-02 14:30:00+00:00,MAX,55.97,7.57,-10.43,21,31,LOWER_HIGH
PEP,2009-02-02 14:30:00+00:00,MIN,50.13,-10.43,6.78,31,4,LOWER_LOW
PEP,2009-02-06 14:30:00+00:00,MAX,53.53,6.78,-7.47,4,4,LOWER_HIGH
PEP,2009-02-10 14:30:00+00:00,MIN,49.53,-7.47,6.14,4,3,LOWER_LOW
PEP,2009-02-13 14:30:00+00:00,MAX,52.57001,6.14,-12.86,3,23,LOWER_HIGH
PEP,2009-03-09 13:30:00+00:00,MIN,45.81,-12.86,16.04,23,17,LOWER_LOW
PEP,2009-03-26 13:30:00+00:00,MAX,53.16,16.04,-9.91,17,28,HIGHER_HIGH
PEP,2009-04-23 13:30:00+00:00,MIN,47.89,-9.91,15.62,28,40,HIGHER_LOW
PEP,2009-06-02 13:30:00+00:00,MAX,55.37,15.62,-5.47,40,14,HIGHER_HIGH
PEP,2009-06-16 13:30:00+00:00,MIN,52.34,-5.47,22.72,14,174,HIGHER_LOW
PEP,2009-12-07 14:30:00+00:00,MAX,64.23,22.72,-7.4,174,11,HIGHER_HIGH
PEP,2009-12-18 14:30:00+00:00,MIN,59.48,-7.4,5.58,11,27,HIGHER_LOW
PEP,2010-01-14 14:30:00+00:00,MAX,62.8,5.58,-6.11,27,25,LOWER_HIGH
PEP,2010-02-08 14:30:00+00:00,MIN,58.96001,-6.11,13.53,25,92,LOWER_LOW
PEP,2010-05-12 13:30:00+00:00,MAX,66.94,13.53,-8.53,92,14,HIGHER_HIGH
PEP,2010-05-26 13:30:00+00:00,MIN,61.23,-8.53,5.32,14,22,HIGHER_LOW
PEP,2010-06-17 13:30:00+00:00,MAX,64.49001,5.32,-5.77,22,8,LOWER_HIGH
PEP,2010-06-25 13:30:00+00:00,MIN,60.77,-5.77,12.08,8,103,LOWER_LOW
PEP,2010-10-06 13:30:00+00:00,MAX,68.11,12.08,-8.52,103,161,HIGHER_HIGH
PEP,2011-03-16 13:30:00+00:00,MIN,62.31,-8.52,15.2,161,64,HIGHER_LOW
PEP,2011-05-19 13:30:00+00:00,MAX,71.78,15.2,-15.97,64,83,HIGHER_HIGH
PEP,2011-08-10 13:30:00+00:00,MIN,60.32001,-15.97,7.13,83,7,LOWER_LOW
PEP,2011-08-17 13:30:00+00:00,MAX,64.62,7.13,-7.16,7,23,LOWER_HIGH
PEP,2011-09-09 13:30:00+00:00,MIN,59.99001,-7.16,11.29,23,151,LOWER_LOW
PEP,2012-02-07 14:30:00+00:00,MAX,66.75999,11.29,-6.71,151,28,HIGHER_HIGH
PEP,2012-03-06 14:30:00+00:00,MIN,62.28,-6.71,18.14,28,162,HIGHER_LOW
PEP,2012-08-16 13:30:00+00:00,MAX,73.58,18.14,-7.56,162,134,HIGHER_HIGH
PEP,2012-12-28 14:30:00+00:00,MIN,68.02,-7.56,23.86,134,137,HIGHER_LOW
PEP,2013-05-15 13:30:00+00:00,MAX,84.25,23.86,-6.34,137,36,HIGHER_HIGH
PEP,2013-06-20 13:30:00+00:00,MIN,78.91,-6.34,10.0,36,28,HIGHER_LOW
PEP,2013-07-18 13:30:00+00:00,MAX,86.8,10.0,-9.07,28,82,HIGHER_HIGH
PEP,2013-10-08 13:30:00+00:00,MIN,78.92999,-9.07,9.82,82,29,HIGHER_LOW
PEP,2013-11-06 14:30:00+00:00,MAX,86.68,9.82,-11.05,29,105,LOWER_HIGH
PEP,2014-02-19 14:30:00+00:00,MIN,77.1,-11.05,30.21,105,286,LOWER_LOW
PEP,2014-12-02 14:30:00+00:00,MAX,100.39,30.21,-7.77,286,14,HIGHER_HIGH
PEP,2014-12-16 14:30:00+00:00,MIN,92.59,-7.77,6.81,14,37,HIGHER_LOW
PEP,2015-01-22 14:30:00+00:00,MAX,98.9,6.81,-5.18,37,8,LOWER_HIGH
PEP,2015-01-30 14:30:00+00:00,MIN,93.78,-5.18,7.06,8,12,HIGHER_LOW
PEP,2015-02-11 14:30:00+00:00,MAX,100.4,7.06,-7.73,12,123,HIGHER_HIGH
PEP,2015-06-15 13:30:00+00:00,MIN,92.64,-7.73,7.79,123,63,LOWER_LOW
PEP,2015-08-17 13:30:00+00:00,MAX,99.86,7.79,-10.23,63,8,LOWER_HIGH
PEP,2015-08-25 13:30:00+00:00,MIN,89.64,-10.23,14.99,8,58,LOWER_LOW
PEP,2015-10-22 13:30:00+00:00,MAX,103.08,14.99,-9.03,58,90,HIGHER_HIGH
PEP,2016-01-20 14:30:00+00:00,MIN,93.77,-9.03,13.65,90,110,HIGHER_LOW
PEP,2016-05-10 13:30:00+00:00,MAX,106.57,13.65,-6.07,110,10,HIGHER_HIGH
PEP,2016-05-20 13:30:00+00:00,MIN,100.1,-6.07,9.85,10,55,HIGHER_LOW
PEP,2016-07-14 13:30:00+00:00,MAX,109.96,9.85,-9.94,55,140,HIGHER_HIGH
PEP,2016-12-01 14:30:00+00:00,MIN,99.03,-9.94,20.27,140,257,LOWER_LOW
PEP,2017-08-16 13:30:00+00:00,MAX,119.1,20.27,-8.38,257,47,HIGHER_HIGH
PEP,2017-10-02 13:30:00+00:00,MIN,109.12,-8.38,11.58,47,116,HIGHER_LOW
PEP,2018-01-26 14:30:00+00:00,MAX,121.76,11.58,-11.3,116,26,HIGHER_HIGH
PEP,2018-02-21 14:30:00+00:00,MIN,108.0,-11.3,5.19,26,19,LOWER_LOW
PEP,2018-03-13 13:30:00+00:00,MAX,113.6,5.19,-15.35,19,57,LOWER_HIGH
PEP,2018-05-09 13:30:00+00:00,MIN,96.16,-15.35,22.07,57,89,LOWER_LOW
PEP,2018-08-06 13:30:00+00:00,MAX,117.38,22.07,-10.5,89,66,HIGHER_HIGH
PEP,2018-10-11 13:30:00+00:00,MIN,105.06,-10.5,16.07,66,50,HIGHER_LOW
PEP,2018-11-30 14:30:00+00:00,MAX,121.94,16.07,-13.05,50,24,HIGHER_HIGH
PEP,2018-12-24 14:30:00+00:00,MIN,106.03,-13.05,26.77,24,197,HIGHER_LOW
PEP,2019-07-10 13:30:00+00:00,MAX,134.41,26.77,-7.45,197,26,HIGHER_HIGH
PEP,2019-08-05 13:30:00+00:00,MIN,124.4,-7.45,12.77,26,60,HIGHER_LOW
PEP,2019-10-04 13:30:00+00:00,MAX,140.28,12.77,-5.92,60,39,HIGHER_HIGH
PEP,2019-11-12 14:30:00+00:00,MIN,131.98,-5.92,11.37,39,94,HIGHER_LOW
PEP,2020-02-14 14:30:00+00:00,MAX,146.99,11.37,-10.18,94,14,HIGHER_HIGH
PEP,2020-02-28 14:30:00+00:00,MIN,132.03,-10.18,7.85,14,5,HIGHER_LOW
PEP,2020-03-04 14:30:00+00:00,MAX,142.39,7.85,-19.0,5,7,LOWER_HIGH
PEP,2020-03-12 13:30:00+00:00,MIN,115.34,-19.0,10.5,7,1,LOWER_LOW
PEP,2020-03-13 13:30:00+00:00,MAX,127.45,10.5,-11.27,1,3,LOWER_HIGH
PEP,2020-03-16 13:30:00+00:00,MIN,113.09,-11.27,12.94,3,1,LOWER_LOW
PEP,2020-03-17 13:30:00+00:00,MAX,127.72,12.94,-18.63,1,3,HIGHER_HIGH
PEP,2020-03-20 13:30:00+00:00,MIN,103.93,-18.63,20.74,3,10,LOWER_LOW
PEP,2020-03-30 13:30:00+00:00,MAX,125.48,20.74,-5.87,10,2,LOWER_HIGH
PEP,2020-04-01 13:30:00+00:00,MIN,118.12,-5.87,17.17,2,13,HIGHER_LOW
PEP,2020-04-14 13:30:00+00:00,MAX,138.4,17.17,-7.63,13,58,HIGHER_HIGH
PEP,2020-06-11 13:30:00+00:00,MIN,127.84,-7.63,12.09,58,83,HIGHER_LOW
PEP,2020-09-02 13:30:00+00:00,MAX,143.29,12.09,-8.58,83,21,HIGHER_HIGH
PEP,2020-09-23 13:30:00+00:00,MIN,131.0,-8.58,9.57,21,20,HIGHER_LOW
PEP,2020-10-13 13:30:00+00:00,MAX,143.54,9.57,-7.14,20,17,HIGHER_HIGH
PEP,2020-10-30 13:30:00+00:00,MIN,133.29,-7.14,11.26,17,62,HIGHER_LOW
PEP,2020-12-31 14:30:00+00:00,MAX,148.3,11.26,-13.13,62,63,HIGHER_HIGH
PEP,2021-03-04 14:30:00+00:00,MIN,128.83,-13.13,14.09,63,47,LOWER_LOW
PEP,2021-04-21 13:30:00+00:00,MAX,146.98,14.09,-16.17,47,13,LOWER_HIGH
PEP,2021-05-05 00:00:00+00:00,MIN,123.21106719970703,-16.17,24.64,13,254,LOWER_LOW
PEP,2022-01-14 00:00:00+00:00,MAX,153.56613159179688,24.64,-11.9,254,56,HIGHER_HIGH
PEP,2022-03-11 00:00:00+00:00,MIN,135.29373168945312,-11.9,15.46,56,48,HIGHER_LOW
PEP,2022-04-28 00:00:00+00:00,MAX,156.21310424804688,15.46,-9.18,48,21,HIGHER_HIGH
PEP,2022-05-19 00:00:00+00:00,MIN,141.8678741455078,-9.18,6.56,21,8,HIGHER_LOW
PEP,2022-05-27 00:00:00+00:00,MAX,151.17025756835938,6.56,-8.48,8,18,LOWER_HIGH
PEP,2022-06-14 00:00:00+00:00,MIN,138.3527374267578,-8.48,15.55,18,65,LOWER_LOW
PEP,2022-08-18 00:00:00+00:00,MAX,159.8695526123047,15.55,-9.81,65,50,HIGHER_HIGH
PEP,2022-10-07 00:00:00+00:00,MIN,144.18045043945312,-9.81,15.75,50,55,HIGHER_LOW
PEP,2022-12-01 00:00:00+00:00,MAX,166.88531494140625,15.75,-9.03,55,53,HIGHER_HIGH
PEP,2023-01-23 00:00:00+00:00,MIN,151.82164001464844,-9.03,16.75,53,109,HIGHER_LOW
PEP,2023-05-12 00:00:00+00:00,MAX,177.24974060058594,16.75,-7.52,109,26,HIGHER_HIGH
PEP,2023-06-07 00:00:00+00:00,MIN,163.9172821044922,-7.52,6.38,26,49,HIGHER_LOW
PEP,2023-07-26 00:00:00+00:00,MAX,174.37429809570312,6.38,-16.91,49,78,LOWER_HIGH
PEP,2023-10-12 00:00:00+00:00,MIN,144.87998962402344,-16.91,10.81,78,119,LOWER_LOW
PEP,2024-02-08 00:00:00+00:00,MAX,160.5481414794922,10.81,-6.08,119,26,LOWER_HIGH
PEP,2024-03-05 00:00:00+00:00,MIN,150.78372192382812,-6.08,13.0,26,72,HIGHER_LOW
PEP,2024-05-16 00:00:00+00:00,MAX,170.39007568359375,13.0,-10.89,72,54,HIGHER_HIGH
PEP,2024-07-09 00:00:00+00:00,MIN,151.84132385253906,-10.89,10.9,54,62,HIGHER_LOW
PEP,2024-09-09 00:00:00+00:00,MAX,168.391845703125,10.9,-6.16,62,28,LOWER_HIGH
PEP,2024-10-07 00:00:00+00:00,MIN,158.01560974121094,-6.16,5.32,28,7,HIGHER_LOW
PEP,2024-10-14 00:00:00+00:00,MAX,166.41676330566406,5.32,-18.31,7,88,LOWER_HIGH
PEP,2025-01-10 00:00:00+00:00,MIN,135.94439697265625,-18.31,8.39,88,17,LOWER_LOW
PEP,2025-01-27 00:00:00+00:00,MAX,147.35250854492188,8.39,-7.26,17,18,LOWER_HIGH
PEP,2025-02-14 00:00:00+00:00,MIN,136.6591796875,-7.26,9.93,18,24,HIGHER_LOW
PEP,2025-03-10 00:00:00+00:00,MAX,150.23214721679688,9.93,-17.79,24,65,HIGHER_HIGH
PEP,2025-05-14 00:00:00+00:00,MIN,123.50286102294922,-17.79,14.94,65,69,LOWER_LOW
PEP,2025-07-22 00:00:00+00:00,MAX,141.9561004638672,14.94,-5.56,69,9,LOWER_HIGH
PEP,2025-07-31 00:00:00+00:00,MIN,134.06317138671875,-5.56,10.32,9,19,HIGHER_LOW
PEP,2025-08-19 00:00:00+00:00,MAX,147.90496826171875,10.32,-7.86,19,50,HIGHER_HIGH
PEP,2025-10-08 00:00:00+00:00,MIN,136.27764892578125,-7.86,10.71,50,9,HIGHER_LOW
PEP,2025-10-17 00:00:00+00:00,MAX,150.8732147216797,10.71,-7.89,9,20,HIGHER_HIGH
PEP,2025-11-06 00:00:00+00:00,MIN,138.96707153320312,-7.89,7.85,20,39,HIGHER_LOW
PEP,2025-12-15 00:00:00+00:00,MAX,149.88095092773438,7.85,-9.4,39,23,LOWER_HIGH
PEP,2026-01-07 00:00:00+00:00,MIN,135.79676818847656,-9.4,24.44,23,30,LOWER_LOW
PEP,2026-02-06 00:00:00+00:00,MAX,168.98031616210938,24.44,-11.21,30,42,HIGHER_HIGH
PEP,2026-03-20 00:00:00+00:00,MIN,150.0399932861328,-11.21,5.63,42,41,HIGHER_LOW
PG,2006-06-05 13:30:00+00:00,MIN,53.17999,-14.57,24.28,86,228,FIRST_LOW
PG,2007-01-19 14:30:00+00:00,MAX,66.09,24.28,-7.44,228,52,FIRST_HIGH
PG,2007-03-13 13:30:00+00:00,MIN,61.17,-7.44,5.28,52,48,HIGHER_LOW
PG,2007-04-30 13:30:00+00:00,MAX,64.39999,5.28,-5.23,48,53,LOWER_HIGH
PG,2007-06-22 13:30:00+00:00,MIN,61.03,-5.23,22.35,53,173,LOWER_LOW
PG,2007-12-12 14:30:00+00:00,MAX,74.67,22.35,-13.38,173,48,HIGHER_HIGH
PG,2008-01-29 14:30:00+00:00,MIN,64.67999,-13.38,9.99,48,62,HIGHER_LOW
PG,2008-04-01 13:30:00+00:00,MAX,71.14,9.99,-14.97,62,87,LOWER_HIGH
PG,2008-06-27 13:30:00+00:00,MIN,60.49001,-14.97,20.93,87,77,LOWER_LOW
PG,2008-09-12 13:30:00+00:00,MAX,73.14999,20.93,-8.75,77,17,HIGHER_HIGH
PG,2008-09-29 13:30:00+00:00,MIN,66.75,-8.75,7.03,17,3,HIGHER_LOW
PG,2008-10-02 13:30:00+00:00,MAX,71.44,7.03,-16.63,3,8,LOWER_HIGH
PG,2008-10-10 13:30:00+00:00,MIN,59.56,-16.63,7.62,8,4,LOWER_LOW
PG,2008-10-14 13:30:00+00:00,MAX,64.10001,7.62,-6.68,4,1,LOWER_HIGH
PG,2008-10-15 13:30:00+00:00,MIN,59.82001,-6.68,6.84,1,5,HIGHER_LOW
PG,2008-10-20 13:30:00+00:00,MAX,63.91,6.84,-10.23,5,7,LOWER_HIGH
PG,2008-10-27 13:30:00+00:00,MIN,57.37,-10.23,15.16,7,8,LOWER_LOW
PG,2008-11-04 14:30:00+00:00,MAX,66.07001,15.16,-6.39,8,8,HIGHER_HIGH
PG,2008-11-12 14:30:00+00:00,MIN,61.85001,-6.39,5.17,8,1,HIGHER_LOW
PG,2008-11-13 14:30:00+00:00,MAX,65.05,5.17,-8.79,1,7,LOWER_HIGH
PG,2008-11-20 14:30:00+00:00,MIN,59.33,-8.79,9.02,7,4,LOWER_LOW
PG,2008-11-24 14:30:00+00:00,MAX,64.67999,9.02,-9.43,4,17,LOWER_HIGH
PG,2008-12-11 14:30:00+00:00,MIN,58.58,-9.43,7.2,17,22,LOWER_LOW
PG,2009-01-02 14:30:00+00:00,MAX,62.8,7.2,-29.65,22,65,LOWER_HIGH
PG,2009-03-09 13:30:00+00:00,MIN,44.17999,-29.65,8.69,65,9,LOWER_LOW
PG,2009-03-18 13:30:00+00:00,MAX,48.02,8.69,-5.06,9,2,LOWER_HIGH
PG,2009-03-20 13:30:00+00:00,MIN,45.59,-5.06,18.49,2,61,HIGHER_LOW
PG,2009-05-20 13:30:00+00:00,MAX,54.02,18.49,-7.42,61,28,HIGHER_HIGH
PG,2009-06-17 13:30:00+00:00,MIN,50.00999,-7.42,12.44,28,43,HIGHER_LOW
PG,2009-07-30 13:30:00+00:00,MAX,56.23,12.44,-8.48,43,7,HIGHER_HIGH
PG,2009-08-06 13:30:00+00:00,MIN,51.46001,-8.48,22.79,7,118,HIGHER_LOW
PG,2009-12-02 14:30:00+00:00,MAX,63.19,22.79,-5.3,118,50,HIGHER_HIGH
PG,2010-01-21 14:30:00+00:00,MIN,59.84,-5.3,7.84,50,60,HIGHER_LOW
PG,2010-03-23 13:30:00+00:00,MAX,64.53,7.84,-6.54,60,45,HIGHER_HIGH
PG,2010-05-07 13:30:00+00:00,MIN,60.31,-6.54,5.09,45,10,HIGHER_LOW
PG,2010-05-17 13:30:00+00:00,MAX,63.38,5.09,-6.37,10,50,LOWER_HIGH
PG,2010-07-06 13:30:00+00:00,MIN,59.34,-6.37,6.3,50,21,LOWER_LOW
PG,2010-07-27 13:30:00+00:00,MAX,63.08,6.3,-5.88,21,34,LOWER_HIGH
PG,2010-08-30 13:30:00+00:00,MIN,59.37,-5.88,9.48,34,66,HIGHER_LOW
PG,2010-11-04 13:30:00+00:00,MAX,65.0,9.48,-6.05,66,26,HIGHER_HIGH
PG,2010-11-30 14:30:00+00:00,MIN,61.07001,-6.05,9.22,26,56,HIGHER_LOW
PG,2011-01-25 14:30:00+00:00,MAX,66.7,9.22,-10.45,56,49,HIGHER_HIGH
PG,2011-03-16 13:30:00+00:00,MIN,59.73,-10.45,12.94,49,64,LOWER_LOW
PG,2011-05-19 13:30:00+00:00,MAX,67.46001,12.94,-13.27,64,83,HIGHER_HIGH
PG,2011-08-10 13:30:00+00:00,MIN,58.50999,-13.27,13.25,83,72,LOWER_LOW
PG,2011-10-21 13:30:00+00:00,MAX,66.25999,13.25,-7.94,72,35,LOWER_HIGH
PG,2011-11-25 14:30:00+00:00,MIN,61.0,-7.94,9.79,35,34,HIGHER_LOW
PG,2011-12-29 14:30:00+00:00,MAX,66.97,9.79,-6.27,34,36,HIGHER_HIGH
PG,2012-02-03 14:30:00+00:00,MIN,62.77,-6.27,8.17,36,38,HIGHER_LOW
PG,2012-03-13 13:30:00+00:00,MAX,67.89999,8.17,-12.71,38,105,HIGHER_HIGH
PG,2012-06-26 13:30:00+00:00,MIN,59.27,-12.71,18.22,105,121,LOWER_LOW
PG,2012-10-25 13:30:00+00:00,MAX,70.07001,18.22,-5.35,121,21,HIGHER_HIGH
PG,2012-11-15 14:30:00+00:00,MIN,66.32001,-5.35,6.69,21,27,HIGHER_LOW
PG,2012-12-12 14:30:00+00:00,MAX,70.75999,6.69,-5.1,27,16,HIGHER_HIGH
PG,2012-12-28 14:30:00+00:00,MIN,67.14999,-5.1,22.92,16,115,HIGHER_LOW
PG,2013-04-23 13:30:00+00:00,MAX,82.53999,22.92,-7.22,115,2,HIGHER_HIGH
PG,2013-04-25 13:30:00+00:00,MIN,76.58,-7.22,6.92,2,29,HIGHER_LOW
PG,2013-05-24 13:30:00+00:00,MAX,81.88,6.92,-8.1,29,27,LOWER_HIGH
PG,2013-06-20 13:30:00+00:00,MIN,75.25,-8.1,9.2,27,49,LOWER_LOW
PG,2013-08-08 13:30:00+00:00,MAX,82.17,9.2,-8.01,49,53,HIGHER_HIGH
PG,2013-09-30 13:30:00+00:00,MIN,75.59,-8.01,12.99,53,56,HIGHER_LOW
PG,2013-11-25 14:30:00+00:00,MAX,85.41,12.99,-11.37,56,70,HIGHER_HIGH
PG,2014-02-03 14:30:00+00:00,MIN,75.7,-11.37,9.56,70,83,HIGHER_LOW
PG,2014-04-28 13:30:00+00:00,MAX,82.94,9.56,-6.78,83,94,LOWER_HIGH
PG,2014-07-31 13:30:00+00:00,MIN,77.32,-6.78,20.87,94,148,HIGHER_LOW
PG,2014-12-26 14:30:00+00:00,MAX,93.46,20.87,-17.15,148,160,HIGHER_HIGH
PG,2015-06-05 13:30:00+00:00,MIN,77.43,-17.15,6.29,160,41,HIGHER_LOW
PG,2015-07-16 13:30:00+00:00,MAX,82.3,6.29,-17.3,41,60,LOWER_HIGH
PG,2015-09-14 13:30:00+00:00,MIN,68.06,-17.3,19.0,60,93,LOWER_LOW
PG,2015-12-16 14:30:00+00:00,MAX,80.99,19.0,-7.42,93,30,LOWER_HIGH
PG,2016-01-15 14:30:00+00:00,MIN,74.98,-7.42,11.78,30,81,HIGHER_LOW
PG,2016-04-06 13:30:00+00:00,MAX,83.81,11.78,-5.08,81,20,HIGHER_HIGH
PG,2016-04-26 13:30:00+00:00,MIN,79.55,-5.08,13.14,20,164,HIGHER_LOW
PG,2016-10-07 13:30:00+00:00,MAX,90.0,13.14,-9.04,164,55,HIGHER_HIGH
PG,2016-12-01 14:30:00+00:00,MIN,81.86,-9.04,11.98,55,82,HIGHER_LOW
PG,2017-02-21 14:30:00+00:00,MAX,91.67,11.98,-6.33,82,85,HIGHER_HIGH
PG,2017-05-18 13:30:00+00:00,MIN,85.87,-6.33,9.93,85,125,HIGHER_LOW
PG,2017-09-20 13:30:00+00:00,MAX,94.4,9.93,-8.85,125,47,HIGHER_HIGH
PG,2017-11-06 14:30:00+00:00,MIN,86.05,-8.85,7.47,47,50,HIGHER_LOW
PG,2017-12-26 14:30:00+00:00,MAX,92.48,7.47,-23.29,50,126,LOWER_HIGH
PG,2018-05-02 13:30:00+00:00,MIN,70.94,-23.29,20.98,126,142,LOWER_LOW
PG,2018-09-21 13:30:00+00:00,MAX,85.82,20.98,-8.1,142,20,LOWER_HIGH
PG,2018-10-11 13:30:00+00:00,MIN,78.87,-8.1,22.53,20,64,HIGHER_LOW
PG,2018-12-14 14:30:00+00:00,MAX,96.64,22.53,-9.6,64,10,HIGHER_HIGH
PG,2018-12-24 14:30:00+00:00,MIN,87.36,-9.6,37.83,10,217,HIGHER_LOW
PG,2019-07-30 13:30:00+00:00,MAX,120.41,37.83,-6.09,217,6,HIGHER_HIGH
PG,2019-08-05 13:30:00+00:00,MIN,113.08,-6.09,10.16,6,53,HIGHER_LOW
PG,2019-09-27 13:30:00+00:00,MAX,124.57,10.16,-6.37,53,20,HIGHER_HIGH
PG,2019-10-17 13:30:00+00:00,MIN,116.63,-6.37,9.01,20,112,HIGHER_LOW
PG,2020-02-06 14:30:00+00:00,MAX,127.14,9.01,-10.94,112,22,HIGHER_HIGH
PG,2020-02-28 14:30:00+00:00,MIN,113.23,-10.94,9.95,22,5,LOWER_LOW
PG,2020-03-04 14:30:00+00:00,MAX,124.5,9.95,-18.2,5,7,LOWER_HIGH
PG,2020-03-12 13:30:00+00:00,MIN,101.84,-18.2,16.1,7,5,LOWER_LOW
PG,2020-03-17 13:30:00+00:00,MAX,118.24,16.1,-17.37,5,6,LOWER_HIGH
PG,2020-03-23 13:30:00+00:00,MIN,97.7,-17.37,27.63,6,25,LOWER_LOW
PG,2020-04-17 13:30:00+00:00,MAX,124.69,27.63,-10.48,25,34,HIGHER_HIGH
PG,2020-05-21 13:30:00+00:00,MIN,111.62,-10.48,29.45,34,144,HIGHER_LOW
PG,2020-10-12 13:30:00+00:00,MAX,144.49,29.45,-5.11,144,18,HIGHER_HIGH
PG,2020-10-30 13:30:00+00:00,MIN,137.1,-5.11,5.24,18,14,HIGHER_LOW
PG,2020-11-13 14:30:00+00:00,MAX,144.28,5.24,-15.34,14,111,LOWER_HIGH
PG,2021-03-04 14:30:00+00:00,MIN,122.15,-15.34,12.77,111,46,LOWER_LOW
PG,2021-04-20 13:30:00+00:00,MAX,137.75,12.77,-15.61,46,58,LOWER_HIGH
PG,2021-06-18 00:00:00+00:00,MIN,116.25,-15.61,26.56,58,230,LOWER_LOW
PG,2022-02-03 00:00:00+00:00,MAX,147.1229248046875,26.56,-12.75,230,36,HIGHER_HIGH
PG,2022-03-11 00:00:00+00:00,MIN,128.37176513671875,-12.75,14.74,36,48,HIGHER_LOW
PG,2022-04-28 00:00:00+00:00,MAX,147.29031372070312,14.74,-19.0,48,50,HIGHER_HIGH
PG,2022-06-17 00:00:00+00:00,MIN,119.30327606201172,-19.0,12.59,50,41,LOWER_LOW
PG,2022-07-28 00:00:00+00:00,MAX,134.32089233398438,12.59,-6.18,41,1,LOWER_HIGH
PG,2022-07-29 00:00:00+00:00,MIN,126.01998138427734,-6.18,7.93,1,18,HIGHER_LOW
PG,2022-08-16 00:00:00+00:00,MAX,136.0173797607422,7.93,-17.45,18,55,HIGHER_HIGH
PG,2022-10-10 00:00:00+00:00,MIN,112.27581024169922,-17.45,25.28,55,78,LOWER_LOW
PG,2022-12-27 00:00:00+00:00,MAX,140.65553283691406,25.28,-10.73,78,72,HIGHER_HIGH
PG,2023-03-09 00:00:00+00:00,MIN,125.55941772460938,-10.73,15.36,72,53,HIGHER_LOW
PG,2023-05-01 00:00:00+00:00,MAX,144.84815979003906,15.36,-8.99,53,30,HIGHER_HIGH
PG,2023-05-31 00:00:00+00:00,MIN,131.83155822753906,-8.99,10.93,30,69,HIGHER_LOW
PG,2023-08-08 00:00:00+00:00,MAX,146.244873046875,10.93,-8.97,69,64,HIGHER_HIGH
PG,2023-10-11 00:00:00+00:00,MIN,133.12762451171875,-8.97,8.03,64,50,HIGHER_LOW
PG,2023-11-30 00:00:00+00:00,MAX,143.82342529296875,8.03,-6.26,50,20,LOWER_HIGH
PG,2023-12-20 00:00:00+00:00,MIN,134.82041931152344,-6.26,20.31,20,222,HIGHER_LOW
PG,2024-07-29 00:00:00+00:00,MAX,162.20651245117188,20.31,-5.4,222,2,HIGHER_HIGH
PG,2024-07-31 00:00:00+00:00,MIN,153.4532928466797,-5.4,10.59,2,41,HIGHER_LOW
PG,2024-09-10 00:00:00+00:00,MAX,169.70928955078125,10.59,-8.88,41,57,HIGHER_HIGH
PG,2024-11-06 00:00:00+00:00,MIN,154.6339874267578,-8.88,11.58,57,26,HIGHER_LOW
PG,2024-12-02 00:00:00+00:00,MAX,172.54100036621094,11.58,-11.76,26,39,HIGHER_HIGH
PG,2025-01-10 00:00:00+00:00,MIN,152.24317932128906,-11.76,11.84,39,59,LOWER_LOW
PG,2025-03-10 00:00:00+00:00,MAX,170.27000427246094,11.84,-7.61,59,15,LOWER_HIGH
PG,2025-03-25 00:00:00+00:00,MIN,157.31573486328125,-7.61,5.86,15,9,HIGHER_LOW
PG,2025-04-03 00:00:00+00:00,MAX,166.53150939941406,5.86,-8.12,9,5,LOWER_HIGH
PG,2025-04-08 00:00:00+00:00,MIN,153.00729370117188,-8.12,7.73,5,9,LOWER_LOW
PG,2025-04-17 00:00:00+00:00,MAX,164.83132934570312,7.73,-7.03,9,22,LOWER_HIGH
PG,2025-05-09 00:00:00+00:00,MIN,153.25146484375,-7.03,7.76,22,21,HIGHER_LOW
PG,2025-05-30 00:00:00+00:00,MAX,165.1394805908203,7.76,-10.83,21,62,HIGHER_HIGH
PG,2025-07-31 00:00:00+00:00,MIN,147.2627410888672,-10.83,6.55,62,48,LOWER_LOW
PG,2025-09-17 00:00:00+00:00,MAX,156.91258239746094,6.55,-13.11,48,82,LOWER_HIGH
PG,2025-12-08 00:00:00+00:00,MIN,136.33807373046875,-13.11,6.85,82,9,LOWER_LOW
PG,2025-12-17 00:00:00+00:00,MAX,145.67103576660156,6.85,-6.61,9,21,LOWER_HIGH
PG,2026-01-07 00:00:00+00:00,MIN,136.04241943359375,-6.61,21.98,21,51,LOWER_LOW
PG,2026-02-27 00:00:00+00:00,MAX,165.95037841796875,21.98,-15.49,51,39,HIGHER_HIGH
PG,2026-04-07 00:00:00+00:00,MIN,140.24395751953125,-15.49,6.36,39,21,HIGHER_LOW
QQQ,1999-04-09 13:30:00+00:00,MAX,55.8125,14.34,-11.25,16,10,FIRST_HIGH
QQQ,1999-04-19 13:30:00+00:00,MIN,49.53125,-11.25,14.24,10,7,FIRST_LOW
QQQ,1999-04-26 13:30:00+00:00,MAX,56.585935,14.24,-7.72,7,10,HIGHER_HIGH
QQQ,1999-05-06 13:30:00+00:00,MIN,52.21875,-7.72,6.22,10,6,HIGHER_LOW
QQQ,1999-05-12 13:30:00+00:00,MAX,55.46875,6.22,-10.14,6,13,LOWER_HIGH
QQQ,1999-05-25 13:30:00+00:00,MIN,49.84375,-10.14,7.65,13,13,LOWER_LOW
QQQ,1999-06-07 13:30:00+00:00,MAX,53.65625,7.65,-5.31,13,7,LOWER_HIGH
QQQ,1999-06-14 13:30:00+00:00,MIN,50.804685,-5.31,20.81,7,32,HIGHER_LOW
QQQ,1999-07-16 13:30:00+00:00,MAX,61.375,20.81,-11.81,32,25,HIGHER_HIGH
QQQ,1999-08-10 13:30:00+00:00,MIN,54.125,-11.81,17.25,25,41,HIGHER_LOW
QQQ,1999-09-20 13:30:00+00:00,MAX,63.460935,17.25,-6.14,41,9,HIGHER_HIGH
QQQ,1999-09-29 13:30:00+00:00,MIN,59.5625,-6.14,8.55,9,12,HIGHER_LOW
QQQ,1999-10-11 13:30:00+00:00,MAX,64.65625,8.55,-8.57,12,7,HIGHER_HIGH
QQQ,1999-10-18 13:30:00+00:00,MIN,59.117185,-8.57,60.27,7,77,LOWER_LOW
QQQ,2000-01-03 14:30:00+00:00,MAX,94.75,60.27,-14.78,77,3,HIGHER_HIGH
QQQ,2000-01-06 14:30:00+00:00,MIN,80.75,-14.78,14.24,3,4,HIGHER_LOW
QQQ,2000-01-10 14:30:00+00:00,MAX,92.25,14.24,-6.17,4,2,LOWER_HIGH
QQQ,2000-01-12 14:30:00+00:00,MIN,86.5625,-6.17,11.19,2,9,HIGHER_LOW
QQQ,2000-01-21 14:30:00+00:00,MAX,96.25,11.19,-10.91,9,7,HIGHER_HIGH
QQQ,2000-01-28 14:30:00+00:00,MIN,85.75,-10.91,34.11,7,41,LOWER_LOW
QQQ,2000-03-09 14:30:00+00:00,MAX,115.0,34.11,-10.46,41,6,HIGHER_HIGH
QQQ,2000-03-15 14:30:00+00:00,MIN,102.96875,-10.46,14.48,6,9,HIGHER_LOW
QQQ,2000-03-24 14:30:00+00:00,MAX,117.875,14.48,-16.01,9,11,HIGHER_HIGH
QQQ,2000-04-05 13:30:00+00:00,MIN,99.0,-16.01,7.07,11,2,LOWER_LOW
QQQ,2000-04-07 13:30:00+00:00,MAX,106.0,7.07,-24.76,2,7,LOWER_HIGH
QQQ,2000-04-14 13:30:00+00:00,MIN,79.75,-24.76,15.05,7,4,LOWER_LOW
QQQ,2000-04-18 13:30:00+00:00,MAX,91.75,15.05,-7.36,4,6,LOWER_HIGH
QQQ,2000-04-24 13:30:00+00:00,MIN,85.0,-7.36,12.65,6,7,HIGHER_LOW
QQQ,2000-05-01 13:30:00+00:00,MAX,95.75,12.65,-16.45,7,9,HIGHER_HIGH
QQQ,2000-05-10 13:30:00+00:00,MIN,80.0,-16.45,13.83,9,6,LOWER_LOW
QQQ,2000-05-16 13:30:00+00:00,MAX,91.0625,13.83,-17.5,6,7,LOWER_HIGH
QQQ,2000-05-23 13:30:00+00:00,MIN,75.125,-17.5,31.36,7,29,LOWER_LOW
QQQ,2000-06-21 13:30:00+00:00,MAX,98.6875,31.36,-7.54,29,14,HIGHER_HIGH
QQQ,2000-07-05 13:30:00+00:00,MIN,91.25,-7.54,11.16,14,12,HIGHER_LOW
QQQ,2000-07-17 13:30:00+00:00,MAX,101.4375,11.16,-14.42,12,11,HIGHER_HIGH
QQQ,2000-07-28 13:30:00+00:00,MIN,86.8125,-14.42,18.07,11,35,LOWER_LOW
QQQ,2000-09-01 13:30:00+00:00,MAX,102.5,18.07,-12.38,35,17,HIGHER_HIGH
QQQ,2000-09-18 13:30:00+00:00,MIN,89.8125,-12.38,5.43,17,2,HIGHER_LOW
QQQ,2000-09-20 13:30:00+00:00,MAX,94.6875,5.43,-20.66,2,22,LOWER_HIGH
QQQ,2000-10-12 13:30:00+00:00,MIN,75.125,-20.66,14.89,22,8,LOWER_LOW
QQQ,2000-10-20 13:30:00+00:00,MAX,86.3125,14.89,-11.06,8,10,LOWER_HIGH
QQQ,2000-10-30 14:30:00+00:00,MIN,76.76562,-11.06,8.2,10,4,HIGHER_LOW
QQQ,2000-11-03 14:30:00+00:00,MAX,83.0625,8.2,-15.65,4,10,LOWER_HIGH
QQQ,2000-11-13 14:30:00+00:00,MIN,70.0625,-15.65,10.44,10,2,LOWER_LOW
QQQ,2000-11-15 14:30:00+00:00,MAX,77.375,10.44,-13.89,2,7,LOWER_HIGH
QQQ,2000-11-22 14:30:00+00:00,MIN,66.625,-13.89,5.72,7,2,LOWER_LOW
QQQ,2000-11-24 14:30:00+00:00,MAX,70.4375,5.72,-10.65,2,5,LOWER_HIGH
QQQ,2000-11-29 14:30:00+00:00,MIN,62.9375,-10.65,12.31,5,6,LOWER_LOW
QQQ,2000-12-05 14:30:00+00:00,MAX,70.6875,12.31,-5.92,6,2,HIGHER_HIGH
QQQ,2000-12-07 14:30:00+00:00,MIN,66.5,-5.92,11.84,2,4,HIGHER_LOW
QQQ,2000-12-11 14:30:00+00:00,MAX,74.375,11.84,-25.06,4,9,HIGHER_HIGH
QQQ,2000-12-20 14:30:00+00:00,MIN,55.73437,-25.06,10.46,9,7,LOWER_LOW
QQQ,2000-12-27 14:30:00+00:00,MAX,61.5625,10.46,-13.2,7,6,LOWER_HIGH
QQQ,2001-01-02 14:30:00+00:00,MIN,53.4375,-13.2,16.84,6,1,LOWER_LOW
QQQ,2001-01-03 14:30:00+00:00,MAX,62.4375,16.84,-9.31,1,2,HIGHER_HIGH
QQQ,2001-01-05 14:30:00+00:00,MIN,56.625,-9.31,19.67,2,18,HIGHER_LOW
QQQ,2001-01-23 14:30:00+00:00,MAX,67.76562,19.67,-18.4,18,21,HIGHER_HIGH
QQQ,2001-02-13 14:30:00+00:00,MIN,55.3,-18.4,5.61,21,2,LOWER_LOW
QQQ,2001-02-15 14:30:00+00:00,MAX,58.39999,5.61,-20.03,2,15,LOWER_HIGH
QQQ,2001-03-02 14:30:00+00:00,MIN,46.7,-20.03,5.82,15,5,LOWER_LOW
QQQ,2001-03-07 14:30:00+00:00,MAX,49.42,5.82,-14.41,5,5,LOWER_HIGH
QQQ,2001-03-12 14:30:00+00:00,MIN,42.3,-14.41,5.08,5,1,LOWER_LOW
QQQ,2001-03-13 14:30:00+00:00,MAX,44.45,5.08,-7.54,1,3,LOWER_HIGH
QQQ,2001-03-16 14:30:00+00:00,MIN,41.10001,-7.54,5.26,3,3,LOWER_LOW
QQQ,2001-03-19 14:30:00+00:00,MAX,43.25999,5.26,-6.73,3,1,LOWER_HIGH
QQQ,2001-03-20 14:30:00+00:00,MIN,40.35001,-6.73,7.19,1,7,LOWER_LOW
QQQ,2001-03-27 14:30:00+00:00,MAX,43.25,7.19,-21.27,7,7,LOWER_HIGH
QQQ,2001-04-04 13:30:00+00:00,MIN,34.05,-21.27,25.7,7,8,LOWER_LOW
QQQ,2001-04-12 13:30:00+00:00,MAX,42.8,25.7,-5.96,8,4,LOWER_HIGH
QQQ,2001-04-16 13:30:00+00:00,MIN,40.25,-5.96,20.25,4,4,HIGHER_LOW
QQQ,2001-04-20 13:30:00+00:00,MAX,48.39999,20.25,-9.19,4,6,HIGHER_HIGH
QQQ,2001-04-26 13:30:00+00:00,MIN,43.95,-9.19,11.44,6,6,HIGHER_LOW
QQQ,2001-05-02 13:30:00+00:00,MAX,48.98,11.44,-8.49,6,12,HIGHER_HIGH
QQQ,2001-05-14 13:30:00+00:00,MIN,44.82001,-8.49,13.9,12,7,HIGHER_LOW
QQQ,2001-05-21 13:30:00+00:00,MAX,51.05,13.9,-12.97,7,9,HIGHER_HIGH
QQQ,2001-05-30 13:30:00+00:00,MIN,44.42999,-12.97,9.61,9,8,LOWER_LOW
QQQ,2001-06-07 13:30:00+00:00,MAX,48.7,9.61,-14.13,8,12,LOWER_HIGH
QQQ,2001-06-19 13:30:00+00:00,MIN,41.82001,-14.13,9.28,12,10,LOWER_LOW
QQQ,2001-06-29 13:30:00+00:00,MAX,45.7,9.28,-11.38,10,11,LOWER_HIGH
QQQ,2001-07-10 13:30:00+00:00,MIN,40.5,-11.38,7.65,11,2,LOWER_LOW
QQQ,2001-07-12 13:30:00+00:00,MAX,43.60001,7.65,-7.91,2,12,LOWER_HIGH
QQQ,2001-07-24 13:30:00+00:00,MIN,40.14999,-7.91,9.36,12,9,LOWER_LOW
QQQ,2001-08-02 13:30:00+00:00,MAX,43.91,9.36,-16.44,9,19,HIGHER_HIGH
QQQ,2001-08-21 13:30:00+00:00,MIN,36.69,-16.44,7.25,19,6,LOWER_LOW
QQQ,2001-08-27 13:30:00+00:00,MAX,39.35001,7.25,-28.36,6,25,LOWER_HIGH
QQQ,2001-09-21 13:30:00+00:00,MIN,28.19,-28.36,24.02,25,25,LOWER_LOW
QQQ,2001-10-16 13:30:00+00:00,MAX,34.96001,24.02,-7.18,25,1,LOWER_HIGH
QQQ,2001-10-17 13:30:00+00:00,MIN,32.45,-7.18,13.41,1,8,HIGHER_LOW
QQQ,2001-10-25 13:30:00+00:00,MAX,36.8,13.41,-9.29,8,5,HIGHER_HIGH
QQQ,2001-10-30 14:30:00+00:00,MIN,33.38,-9.29,28.55,5,37,HIGHER_LOW
QQQ,2001-12-06 14:30:00+00:00,MAX,42.91,28.55,-9.6,37,14,HIGHER_HIGH
QQQ,2001-12-20 14:30:00+00:00,MIN,38.78999,-9.6,7.42,14,15,HIGHER_LOW
QQQ,2002-01-04 14:30:00+00:00,MAX,41.67,7.42,-15.55,15,34,LOWER_HIGH
QQQ,2002-02-07 14:30:00+00:00,MIN,35.19,-15.55,5.0,34,6,LOWER_LOW
QQQ,2002-02-13 14:30:00+00:00,MAX,36.95,5.0,-9.39,6,8,LOWER_HIGH
QQQ,2002-02-21 14:30:00+00:00,MIN,33.48,-9.39,15.5,8,15,LOWER_LOW
QQQ,2002-03-08 14:30:00+00:00,MAX,38.67,15.5,-14.66,15,33,HIGHER_HIGH
QQQ,2002-04-11 13:30:00+00:00,MIN,33.0,-14.66,6.67,33,5,LOWER_LOW
QQQ,2002-04-16 13:30:00+00:00,MAX,35.2,6.67,-18.47,5,21,LOWER_HIGH
QQQ,2002-05-07 13:30:00+00:00,MIN,28.7,-18.47,10.7,21,1,LOWER_LOW
QQQ,2002-05-08 13:30:00+00:00,MAX,31.77,10.7,-6.96,1,2,LOWER_HIGH
QQQ,2002-05-10 13:30:00+00:00,MIN,29.56,-6.96,11.4,2,7,HIGHER_LOW
QQQ,2002-05-17 13:30:00+00:00,MAX,32.92999,11.4,-16.61,7,25,HIGHER_HIGH
QQQ,2002-06-11 13:30:00+00:00,MIN,27.46001,-16.61,5.68,25,7,LOWER_LOW
QQQ,2002-06-18 13:30:00+00:00,MAX,29.02,5.68,-17.47,7,14,LOWER_HIGH
QQQ,2002-07-02 13:30:00+00:00,MIN,23.95,-17.47,9.98,14,3,LOWER_LOW
QQQ,2002-07-05 13:30:00+00:00,MAX,26.34,9.98,-9.26,3,5,LOWER_HIGH
QQQ,2002-07-10 13:30:00+00:00,MIN,23.89999,-9.26,7.32,5,7,LOWER_LOW
QQQ,2002-07-17 13:30:00+00:00,MAX,25.64999,7.32,-12.67,7,6,LOWER_HIGH
QQQ,2002-07-23 13:30:00+00:00,MIN,22.39999,-12.67,5.45,6,1,LOWER_LOW
QQQ,2002-07-24 13:30:00+00:00,MAX,23.62,5.45,-5.8,1,1,LOWER_HIGH
QQQ,2002-07-25 13:30:00+00:00,MIN,22.25,-5.8,9.26,1,5,LOWER_LOW
QQQ,2002-07-30 13:30:00+00:00,MAX,24.31,9.26,-11.81,5,6,HIGHER_HIGH
QQQ,2002-08-05 13:30:00+00:00,MIN,21.44,-11.81,22.01,6,17,LOWER_LOW
QQQ,2002-08-22 13:30:00+00:00,MAX,26.16,22.01,-15.25,17,14,HIGHER_HIGH
QQQ,2002-09-05 13:30:00+00:00,MIN,22.17,-15.25,6.68,14,5,HIGHER_LOW
QQQ,2002-09-10 13:30:00+00:00,MAX,23.64999,6.68,-12.39,5,20,LOWER_HIGH
QQQ,2002-09-30 13:30:00+00:00,MIN,20.72,-12.39,6.08,20,1,LOWER_LOW
QQQ,2002-10-01 13:30:00+00:00,MAX,21.98,6.08,-8.74,1,8,LOWER_HIGH
QQQ,2002-10-09 13:30:00+00:00,MIN,20.06,-8.74,31.95,8,28,LOWER_LOW
QQQ,2002-11-06 14:30:00+00:00,MAX,26.47,31.95,-8.16,28,5,HIGHER_HIGH
QQQ,2002-11-11 14:30:00+00:00,MIN,24.31,-8.16,15.18,5,21,HIGHER_LOW
QQQ,2002-12-02 14:30:00+00:00,MAX,28.0,15.18,-12.96,21,29,HIGHER_HIGH
QQQ,2002-12-31 14:30:00+00:00,MIN,24.37,-12.96,11.2,29,10,HIGHER_LOW
QQQ,2003-01-10 14:30:00+00:00,MAX,27.10001,11.2,-12.14,10,28,LOWER_HIGH
QQQ,2003-02-07 14:30:00+00:00,MIN,23.81,-12.14,6.05,28,11,LOWER_LOW
QQQ,2003-02-18 14:30:00+00:00,MAX,25.25,6.05,-5.74,11,21,LOWER_HIGH
QQQ,2003-03-11 14:30:00+00:00,MIN,23.8,-5.74,14.16,21,10,LOWER_LOW
QQQ,2003-03-21 14:30:00+00:00,MAX,27.17,14.16,-7.07,10,10,HIGHER_HIGH
QQQ,2003-03-31 14:30:00+00:00,MIN,25.25,-7.07,27.84,10,98,HIGHER_LOW
QQQ,2003-07-08 13:30:00+00:00,MAX,32.28,27.84,-6.85,98,31,HIGHER_HIGH
QQQ,2003-08-08 13:30:00+00:00,MIN,30.07001,-6.85,15.66,31,41,HIGHER_LOW
QQQ,2003-09-18 13:30:00+00:00,MAX,34.78,15.66,-6.79,41,12,HIGHER_HIGH
QQQ,2003-09-30 13:30:00+00:00,MIN,32.42,-6.79,10.85,12,37,HIGHER_LOW
QQQ,2003-11-06 14:30:00+00:00,MAX,35.939,10.85,-5.73,37,12,HIGHER_HIGH
QQQ,2003-11-18 14:30:00+00:00,MIN,33.88,-5.73,13.9,12,69,HIGHER_LOW
QQQ,2004-01-26 14:30:00+00:00,MAX,38.59,13.9,-11.82,69,57,HIGHER_HIGH
QQQ,2004-03-23 14:30:00+00:00,MIN,34.03,-11.82,10.05,57,12,HIGHER_LOW
QQQ,2004-04-05 13:30:00+00:00,MAX,37.45,10.05,-8.09,12,42,LOWER_HIGH
QQQ,2004-05-17 13:30:00+00:00,MIN,34.42,-8.09,9.65,42,44,HIGHER_LOW
QQQ,2004-06-30 13:30:00+00:00,MAX,37.74001,9.65,-13.96,44,43,HIGHER_HIGH
QQQ,2004-08-12 13:30:00+00:00,MIN,32.47,-13.96,24.66,43,124,LOWER_LOW
QQQ,2004-12-14 14:30:00+00:00,MAX,40.47701,24.66,-14.26,124,126,HIGHER_HIGH
QQQ,2005-04-20 13:30:00+00:00,MIN,34.70399,-14.26,11.4,126,43,HIGHER_LOW
QQQ,2005-06-02 13:30:00+00:00,MAX,38.66,11.4,-5.01,43,29,LOWER_HIGH
QQQ,2005-07-01 13:30:00+00:00,MIN,36.72501,-5.01,9.14,29,32,HIGHER_LOW
QQQ,2005-08-02 13:30:00+00:00,MAX,40.08,9.14,-6.47,32,71,HIGHER_HIGH
QQQ,2005-10-12 13:30:00+00:00,MIN,37.487,-6.47,15.27,71,91,HIGHER_LOW
QQQ,2006-01-11 14:30:00+00:00,MAX,43.21001,15.27,-6.29,91,33,HIGHER_HIGH
QQQ,2006-02-13 14:30:00+00:00,MIN,40.49001,-6.29,5.53,33,51,HIGHER_LOW
QQQ,2006-04-06 13:30:00+00:00,MAX,42.73,5.53,-16.45,51,106,LOWER_HIGH
QQQ,2006-07-21 13:30:00+00:00,MIN,35.7,-16.45,27.23,106,216,LOWER_LOW
QQQ,2007-02-22 14:30:00+00:00,MAX,45.42,27.23,-7.2,216,11,HIGHER_HIGH
QQQ,2007-03-05 14:30:00+00:00,MIN,42.14999,-7.2,19.38,11,135,HIGHER_LOW
QQQ,2007-07-19 13:30:00+00:00,MAX,50.32001,19.38,-9.68,135,28,HIGHER_HIGH
QQQ,2007-08-16 13:30:00+00:00,MIN,45.45,-9.68,21.08,28,76,HIGHER_LOW
QQQ,2007-10-31 13:30:00+00:00,MAX,55.03,21.08,-11.45,76,12,HIGHER_HIGH
QQQ,2007-11-12 14:30:00+00:00,MIN,48.73,-11.45,7.82,12,28,HIGHER_LOW
QQQ,2007-12-10 14:30:00+00:00,MAX,52.53999,7.82,-5.35,28,7,LOWER_HIGH
QQQ,2007-12-17 14:30:00+00:00,MIN,49.73,-5.35,5.57,7,9,HIGHER_LOW
QQQ,2007-12-26 14:30:00+00:00,MAX,52.5,5.57,-21.41,9,74,LOWER_HIGH
QQQ,2008-03-10 13:30:00+00:00,MIN,41.25999,-21.41,22.52,74,87,LOWER_LOW
QQQ,2008-06-05 13:30:00+00:00,MAX,50.55,22.52,-12.5,87,39,LOWER_HIGH
QQQ,2008-07-14 13:30:00+00:00,MIN,44.23,-12.5,9.09,39,31,HIGHER_LOW
QQQ,2008-08-14 13:30:00+00:00,MAX,48.25,9.09,-16.66,31,34,LOWER_HIGH
QQQ,2008-09-17 13:30:00+00:00,MIN,40.21001,-16.66,6.69,34,2,LOWER_LOW
QQQ,2008-09-19 13:30:00+00:00,MAX,42.89999,6.69,-26.99,2,21,LOWER_HIGH
QQQ,2008-10-10 13:30:00+00:00,MIN,31.32001,-26.99,12.16,21,3,LOWER_LOW
QQQ,2008-10-13 13:30:00+00:00,MAX,35.13,12.16,-12.89,3,2,LOWER_HIGH
QQQ,2008-10-15 13:30:00+00:00,MIN,30.60001,-12.89,8.5,2,5,LOWER_LOW
QQQ,2008-10-20 13:30:00+00:00,MAX,33.2,8.5,-13.58,5,7,LOWER_HIGH
QQQ,2008-10-27 13:30:00+00:00,MIN,28.69,-13.58,17.64,7,8,LOWER_LOW
QQQ,2008-11-04 14:30:00+00:00,MAX,33.75,17.64,-14.93,8,8,HIGHER_HIGH
QQQ,2008-11-12 14:30:00+00:00,MIN,28.71001,-14.93,6.1,8,1,HIGHER_LOW
QQQ,2008-11-13 14:30:00+00:00,MAX,30.46001,6.1,-16.09,1,7,LOWER_HIGH
QQQ,2008-11-20 14:30:00+00:00,MIN,25.56,-16.09,14.83,7,6,LOWER_LOW
QQQ,2008-11-26 14:30:00+00:00,MAX,29.35001,14.83,-8.25,6,5,LOWER_HIGH
QQQ,2008-12-01 14:30:00+00:00,MIN,26.92999,-8.25,13.48,5,15,HIGHER_LOW
QQQ,2008-12-16 14:30:00+00:00,MAX,30.56,13.48,-5.46,15,13,HIGHER_HIGH
QQQ,2008-12-29 14:30:00+00:00,MIN,28.89,-5.46,8.45,13,8,HIGHER_LOW
QQQ,2009-01-06 14:30:00+00:00,MAX,31.33,8.45,-10.76,8,14,HIGHER_HIGH
QQQ,2009-01-20 14:30:00+00:00,MIN,27.96001,-10.76,12.66,14,20,LOWER_LOW
QQQ,2009-02-09 14:30:00+00:00,MAX,31.5,12.66,-18.29,20,27,HIGHER_HIGH
QQQ,2009-03-09 13:30:00+00:00,MIN,25.74001,-18.29,36.17,27,56,LOWER_LOW
QQQ,2009-05-04 13:30:00+00:00,MAX,35.05,36.17,-5.79,56,9,HIGHER_HIGH
QQQ,2009-05-13 13:30:00+00:00,MIN,33.02,-5.79,11.9,9,27,HIGHER_LOW
QQQ,2009-06-09 13:30:00+00:00,MAX,36.95,11.9,-6.55,27,28,HIGHER_HIGH
QQQ,2009-07-07 13:30:00+00:00,MIN,34.53,-6.55,25.43,28,107,HIGHER_LOW
QQQ,2009-10-22 13:30:00+00:00,MAX,43.31,25.43,-5.43,107,8,HIGHER_HIGH
QQQ,2009-10-30 13:30:00+00:00,MIN,40.96001,-5.43,13.75,8,81,HIGHER_LOW
QQQ,2010-01-19 14:30:00+00:00,MAX,46.59,13.75,-8.52,81,16,HIGHER_HIGH
QQQ,2010-02-04 14:30:00+00:00,MIN,42.62,-8.52,18.54,16,77,HIGHER_LOW
QQQ,2010-04-23 13:30:00+00:00,MAX,50.52,18.54,-10.11,77,14,HIGHER_HIGH
QQQ,2010-05-07 13:30:00+00:00,MIN,45.41,-10.11,7.07,14,5,HIGHER_LOW
QQQ,2010-05-12 13:30:00+00:00,MAX,48.62,7.07,-9.09,5,14,LOWER_HIGH
QQQ,2010-05-26 13:30:00+00:00,MIN,44.2,-9.09,5.63,14,8,LOWER_LOW
QQQ,2010-06-03 13:30:00+00:00,MAX,46.69,5.63,-6.15,8,6,LOWER_HIGH
QQQ,2010-06-09 13:30:00+00:00,MIN,43.82001,-6.15,7.37,6,8,LOWER_LOW
QQQ,2010-06-17 13:30:00+00:00,MAX,47.05,7.37,-9.73,8,15,HIGHER_HIGH
QQQ,2010-07-02 13:30:00+00:00,MIN,42.47,-9.73,10.85,15,38,LOWER_LOW
QQQ,2010-08-09 13:30:00+00:00,MAX,47.08,10.85,-7.69,38,22,HIGHER_HIGH
QQQ,2010-08-31 13:30:00+00:00,MIN,43.46001,-7.69,35.48,22,169,HIGHER_LOW
QQQ,2011-02-16 14:30:00+00:00,MAX,58.881,35.48,-8.03,169,27,HIGHER_HIGH
QQQ,2011-03-16 13:30:00+00:00,MIN,54.14999,-8.03,9.36,27,42,HIGHER_LOW
QQQ,2011-04-27 13:30:00+00:00,MAX,59.22,9.36,-9.17,42,51,HIGHER_HIGH
QQQ,2011-06-17 13:30:00+00:00,MIN,53.78999,-9.17,10.85,51,39,LOWER_LOW
QQQ,2011-07-26 13:30:00+00:00,MAX,59.625,10.85,-15.15,39,13,HIGHER_HIGH
QQQ,2011-08-08 13:30:00+00:00,MIN,50.59,-15.15,7.45,13,7,LOWER_LOW
QQQ,2011-08-15 13:30:00+00:00,MAX,54.36,7.45,-7.97,7,4,LOWER_HIGH
QQQ,2011-08-19 13:30:00+00:00,MIN,50.03,-7.97,13.15,4,31,LOWER_LOW
QQQ,2011-09-19 13:30:00+00:00,MAX,56.61,13.15,-9.66,31,14,HIGHER_HIGH
QQQ,2011-10-03 13:30:00+00:00,MIN,51.14,-9.66,15.25,14,25,HIGHER_LOW
QQQ,2011-10-28 13:30:00+00:00,MAX,58.94,15.25,-10.28,25,28,HIGHER_HIGH
QQQ,2011-11-25 14:30:00+00:00,MIN,52.88,-10.28,8.25,28,10,HIGHER_LOW
QQQ,2011-12-05 14:30:00+00:00,MAX,57.24001,8.25,-5.1,10,14,LOWER_HIGH
QQQ,2011-12-19 14:30:00+00:00,MIN,54.32001,-5.1,25.64,14,104,HIGHER_LOW
QQQ,2012-04-02 13:30:00+00:00,MAX,68.25,25.64,-11.49,104,60,HIGHER_HIGH
QQQ,2012-06-01 13:30:00+00:00,MIN,60.409,-11.49,16.54,60,110,HIGHER_LOW
QQQ,2012-09-19 13:30:00+00:00,MAX,70.39999,16.54,-11.89,110,57,HIGHER_HIGH
QQQ,2012-11-15 14:30:00+00:00,MIN,62.02991,-11.89,19.78,57,182,HIGHER_LOW
QQQ,2013-05-17 13:30:00+00:00,MAX,74.3,19.78,-6.15,182,38,HIGHER_HIGH
QQQ,2013-06-24 13:30:00+00:00,MIN,69.73,-6.15,27.32,38,212,HIGHER_LOW
QQQ,2014-01-22 14:30:00+00:00,MAX,88.78,27.32,-5.06,212,12,HIGHER_HIGH
QQQ,2014-02-03 14:30:00+00:00,MIN,84.29,-5.06,8.03,12,30,HIGHER_LOW
QQQ,2014-03-05 14:30:00+00:00,MAX,91.06,8.03,-7.63,30,36,HIGHER_HIGH
QQQ,2014-04-11 13:30:00+00:00,MIN,84.11,-7.63,19.22,36,160,LOWER_LOW
QQQ,2014-09-18 13:30:00+00:00,MAX,100.28,19.22,-8.47,160,28,HIGHER_HIGH
QQQ,2014-10-16 13:30:00+00:00,MIN,91.79,-8.47,15.49,28,43,HIGHER_LOW
QQQ,2014-11-28 14:30:00+00:00,MAX,106.01,15.49,-5.69,43,18,HIGHER_HIGH
QQQ,2014-12-16 14:30:00+00:00,MIN,99.98,-5.69,5.06,18,10,HIGHER_LOW
QQQ,2014-12-26 14:30:00+00:00,MAX,105.04,5.06,-5.13,10,20,LOWER_HIGH
QQQ,2015-01-15 14:30:00+00:00,MIN,99.65,-5.13,14.38,20,185,LOWER_LOW
QQQ,2015-07-20 13:30:00+00:00,MAX,113.98,14.38,-13.94,185,36,HIGHER_HIGH
QQQ,2015-08-25 13:30:00+00:00,MIN,98.09,-13.94,9.22,36,23,LOWER_LOW
QQQ,2015-09-17 13:30:00+00:00,MAX,107.13,9.22,-7.15,23,12,LOWER_HIGH
QQQ,2015-09-29 13:30:00+00:00,MIN,99.47,-7.15,15.77,12,63,HIGHER_LOW
QQQ,2015-12-01 14:30:00+00:00,MAX,115.16,15.77,-16.36,63,70,HIGHER_HIGH
QQQ,2016-02-09 14:30:00+00:00,MIN,96.32,-16.36,15.48,70,68,LOWER_LOW
QQQ,2016-04-18 13:30:00+00:00,MAX,111.23,15.48,-5.58,68,17,LOWER_HIGH
QQQ,2016-05-05 13:30:00+00:00,MIN,105.02,-5.58,5.29,17,28,HIGHER_LOW
QQQ,2016-06-02 13:30:00+00:00,MAX,110.58,5.29,-7.56,28,25,LOWER_HIGH
QQQ,2016-06-27 13:30:00+00:00,MIN,102.22,-7.56,40.45,25,346,LOWER_LOW
QQQ,2017-06-08 13:30:00+00:00,MAX,143.57,40.45,-5.14,346,25,HIGHER_HIGH
QQQ,2017-07-03 13:30:00+00:00,MIN,136.19,-5.14,25.51,25,207,HIGHER_LOW
QQQ,2018-01-26 14:30:00+00:00,MAX,170.93,25.51,-10.23,207,13,HIGHER_HIGH
QQQ,2018-02-08 14:30:00+00:00,MIN,153.45,-10.23,13.44,13,31,HIGHER_LOW
QQQ,2018-03-12 13:30:00+00:00,MAX,174.08,13.44,-10.67,31,21,HIGHER_HIGH
QQQ,2018-04-02 13:30:00+00:00,MIN,155.51,-10.67,20.08,21,149,HIGHER_LOW
QQQ,2018-08-29 13:30:00+00:00,MAX,186.74,20.08,-12.59,149,61,HIGHER_HIGH
QQQ,2018-10-29 13:30:00+00:00,MIN,163.23,-12.59,7.57,61,9,HIGHER_LOW
QQQ,2018-11-07 14:30:00+00:00,MAX,175.58,7.57,-9.35,9,13,LOWER_HIGH
QQQ,2018-11-20 14:30:00+00:00,MIN,159.16,-9.35,8.27,13,13,LOWER_LOW
QQQ,2018-12-03 14:30:00+00:00,MAX,172.33,8.27,-16.73,13,21,LOWER_HIGH
QQQ,2018-12-24 14:30:00+00:00,MIN,143.5,-16.73,33.18,21,129,LOWER_LOW
QQQ,2019-05-03 13:30:00+00:00,MAX,191.11,33.18,-10.98,129,31,HIGHER_HIGH
QQQ,2019-06-03 13:30:00+00:00,MIN,170.12,-10.98,14.8,31,53,HIGHER_LOW
QQQ,2019-07-26 13:30:00+00:00,MAX,195.29,14.8,-7.46,53,10,HIGHER_HIGH
QQQ,2019-08-05 13:30:00+00:00,MIN,180.73,-7.46,31.12,10,198,HIGHER_LOW
QQQ,2020-02-19 14:30:00+00:00,MAX,236.98,31.12,-13.22,198,8,HIGHER_HIGH
QQQ,2020-02-27 14:30:00+00:00,MIN,205.64,-13.22,6.12,8,6,HIGHER_LOW
QQQ,2020-03-04 14:30:00+00:00,MAX,218.22,6.12,-11.3,6,4,LOWER_HIGH
QQQ,2020-03-09 13:30:00+00:00,MIN,193.57,-11.3,5.45,4,1,LOWER_LOW
QQQ,2020-03-10 13:30:00+00:00,MAX,204.11,5.45,-13.13,1,2,LOWER_HIGH
QQQ,2020-03-12 13:30:00+00:00,MIN,177.32,-13.13,8.47,2,1,LOWER_LOW
QQQ,2020-03-13 13:30:00+00:00,MAX,192.34,8.47,-11.98,1,3,LOWER_HIGH
QQQ,2020-03-16 13:30:00+00:00,MIN,169.3,-11.98,7.58,3,1,LOWER_LOW
QQQ,2020-03-17 13:30:00+00:00,MAX,182.14,7.58,-6.41,1,6,LOWER_HIGH
QQQ,2020-03-23 13:30:00+00:00,MIN,170.46,-6.41,12.66,6,7,HIGHER_LOW
QQQ,2020-03-30 13:30:00+00:00,MAX,192.04,12.66,-5.07,7,2,HIGHER_HIGH
QQQ,2020-04-01 13:30:00+00:00,MIN,182.31,-5.07,66.07,2,154,HIGHER_LOW
QQQ,2020-09-02 13:30:00+00:00,MAX,302.76,66.07,-12.75,154,21,HIGHER_HIGH
QQQ,2020-09-23 13:30:00+00:00,MIN,264.16,-12.75,11.5,21,19,HIGHER_LOW
QQQ,2020-10-12 13:30:00+00:00,MAX,294.53,11.5,-8.54,19,18,LOWER_HIGH
QQQ,2020-10-30 13:30:00+00:00,MIN,269.38,-8.54,24.9,18,105,HIGHER_LOW
QQQ,2021-02-12 14:30:00+00:00,MAX,336.45,24.9,-10.85,105,24,HIGHER_HIGH
QQQ,2021-03-08 14:30:00+00:00,MIN,299.94,-10.85,14.03,24,38,HIGHER_LOW
QQQ,2021-04-16 13:30:00+00:00,MAX,342.01,14.03,-10.08,38,25,HIGHER_HIGH
QQQ,2021-05-12 00:00:00+00:00,MIN,307.5196228027344,-10.08,18.06,25,63,HIGHER_LOW
QQQ,2021-07-14 13:30:00+00:00,MAX,363.07,18.06,-5.09,63,4,HIGHER_HIGH
QQQ,2021-07-19 00:00:00+00:00,MIN,344.5816650390625,-5.09,10.89,4,50,HIGHER_LOW
QQQ,2021-09-07 13:30:00+00:00,MAX,382.11,10.89,-10.24,50,26,HIGHER_HIGH
QQQ,2021-10-04 00:00:00+00:00,MIN,342.9698486328125,-10.24,17.79,26,46,LOWER_LOW
QQQ,2021-11-19 14:30:00+00:00,MAX,403.99,17.79,-5.82,46,6,HIGHER_HIGH
QQQ,2021-11-26 00:00:00+00:00,MIN,380.4939880371094,-5.82,5.05,6,3,HIGHER_LOW
QQQ,2021-11-29 14:30:00+00:00,MAX,399.69,5.05,-6.77,3,3,LOWER_HIGH
QQQ,2021-12-03 00:00:00+00:00,MIN,372.6448974609375,-6.77,7.24,3,5,LOWER_LOW
QQQ,2021-12-08 14:30:00+00:00,MAX,399.61,7.24,-5.51,5,5,LOWER_HIGH
QQQ,2021-12-14 00:00:00+00:00,MIN,377.5761413574219,-5.51,5.16,5,1,HIGHER_LOW
QQQ,2021-12-15 14:30:00+00:00,MAX,397.05,5.16,-6.63,1,4,LOWER_HIGH
QQQ,2021-12-20 00:00:00+00:00,MIN,370.7445983886719,-6.63,8.83,4,7,LOWER_LOW
QQQ,2021-12-27 14:30:00+00:00,MAX,403.48,8.83,-17.67,7,30,HIGHER_HIGH
QQQ,2022-01-27 00:00:00+00:00,MIN,332.1888732910156,-17.67,10.93,30,6,LOWER_LOW
QQQ,2022-02-02 14:30:00+00:00,MAX,368.49,10.93,-6.56,6,0,LOWER_HIGH
QQQ,2022-02-03 00:00:00+00:00,MIN,344.3135986328125,-6.56,6.51,0,6,HIGHER_LOW
QQQ,2022-02-09 14:30:00+00:00,MAX,366.73,6.51,-7.84,6,1,LOWER_HIGH
QQQ,2022-02-11 00:00:00+00:00,MIN,337.9931640625,-7.84,5.37,1,4,LOWER_LOW
QQQ,2022-02-15 14:30:00+00:00,MAX,356.13,5.37,-9.92,4,7,LOWER_HIGH
QQQ,2022-02-23 00:00:00+00:00,MIN,320.8140563964844,-9.92,8.23,7,7,LOWER_LOW
QQQ,2022-03-02 14:30:00+00:00,MAX,347.22,8.23,-9.31,7,5,LOWER_HIGH
QQQ,2022-03-08 00:00:00+00:00,MIN,314.9026184082031,-9.31,6.38,5,1,LOWER_LOW
QQQ,2022-03-09 14:30:00+00:00,MAX,334.99,6.38,-7.5,1,4,LOWER_HIGH
QQQ,2022-03-14 00:00:00+00:00,MIN,309.8578796386719,-7.5,19.79,4,15,LOWER_LOW
QQQ,2022-03-29 13:30:00+00:00,MAX,371.19,19.79,-16.79,15,28,HIGHER_HIGH
QQQ,2022-04-27 00:00:00+00:00,MIN,308.8660888671875,-16.79,6.2,28,1,LOWER_LOW
QQQ,2022-04-28 13:30:00+00:00,MAX,328.01,6.2,-6.88,1,0,LOWER_HIGH
QQQ,2022-04-29 00:00:00+00:00,MIN,305.4435729980469,-6.88,7.91,0,5,LOWER_LOW
QQQ,2022-05-04 13:30:00+00:00,MAX,329.6,7.91,-13.87,5,7,HIGHER_HIGH
QQQ,2022-05-12 00:00:00+00:00,MIN,283.8943176269531,-13.87,7.85,7,5,LOWER_LOW
QQQ,2022-05-17 13:30:00+00:00,MAX,306.17,7.85,-8.52,5,6,LOWER_HIGH
QQQ,2022-05-24 00:00:00+00:00,MIN,280.08172607421875,-8.52,12.25,6,9,LOWER_LOW
QQQ,2022-06-02 13:30:00+00:00,MAX,314.38,12.25,-14.58,9,10,HIGHER_HIGH
QQQ,2022-06-13 00:00:00+00:00,MIN,268.5466003417969,-14.58,5.31,10,2,LOWER_LOW
QQQ,2022-06-15 13:30:00+00:00,MAX,282.8,5.31,-6.43,2,0,LOWER_HIGH
QQQ,2022-06-16 00:00:00+00:00,MIN,264.6268005371094,-6.43,11.33,0,8,LOWER_LOW
QQQ,2022-06-24 13:30:00+00:00,MAX,294.61,11.33,-7.06,8,5,HIGHER_HIGH
QQQ,2022-06-30 00:00:00+00:00,MIN,273.8205871582031,-7.06,7.86,5,8,HIGHER_LOW
QQQ,2022-07-08 13:30:00+00:00,MAX,295.35,7.86,-5.51,8,4,HIGHER_HIGH
QQQ,2022-07-13 00:00:00+00:00,MIN,279.0668029785156,-5.51,10.15,4,8,HIGHER_LOW
QQQ,2022-07-21 13:30:00+00:00,MAX,307.38,10.15,-6.44,8,4,HIGHER_HIGH
QQQ,2022-07-26 00:00:00+00:00,MIN,287.5858459472656,-6.44,15.81,4,20,HIGHER_LOW
QQQ,2022-08-15 13:30:00+00:00,MAX,333.06,15.81,-14.04,20,21,HIGHER_HIGH
QQQ,2022-09-06 00:00:00+00:00,MIN,286.2962951660156,-14.04,8.54,21,6,LOWER_LOW
QQQ,2022-09-12 13:30:00+00:00,MAX,310.74,8.54,-15.82,6,17,LOWER_HIGH
QQQ,2022-09-30 00:00:00+00:00,MIN,261.56982421875,-15.82,7.86,17,4,LOWER_LOW
QQQ,2022-10-04 13:30:00+00:00,MAX,282.13,7.86,-9.55,4,9,LOWER_HIGH
QQQ,2022-10-14 00:00:00+00:00,MIN,255.18861389160156,-9.55,11.37,9,11,LOWER_LOW
QQQ,2022-10-25 13:30:00+00:00,MAX,284.21,11.37,-6.03,11,1,HIGHER_HIGH
QQQ,2022-10-27 00:00:00+00:00,MIN,267.0603332519531,-6.03,5.3,1,1,HIGHER_LOW
QQQ,2022-10-28 13:30:00+00:00,MAX,281.22,5.3,-9.34,1,5,LOWER_HIGH
QQQ,2022-11-03 00:00:00+00:00,MIN,254.94403076171875,-9.34,13.51,5,12,LOWER_LOW
QQQ,2022-11-15 14:30:00+00:00,MAX,289.39,13.51,-5.11,12,13,HIGHER_HIGH
QQQ,2022-11-29 00:00:00+00:00,MIN,274.5964660644531,-5.11,6.96,13,2,HIGHER_LOW
QQQ,2022-12-01 14:30:00+00:00,MAX,293.72,6.96,-6.52,2,5,HIGHER_HIGH
QQQ,2022-12-07 00:00:00+00:00,MIN,274.5573425292969,-6.52,5.13,5,6,LOWER_LOW
QQQ,2022-12-13 14:30:00+00:00,MAX,288.65,5.13,-11.6,6,14,LOWER_HIGH
QQQ,2022-12-28 00:00:00+00:00,MIN,255.1717071533203,-11.6,22.16,14,36,LOWER_LOW
QQQ,2023-02-02 14:30:00+00:00,MAX,311.72,22.16,-5.68,36,7,HIGHER_HIGH
QQQ,2023-02-10 00:00:00+00:00,MIN,294.02142333984375,-5.68,5.13,7,5,HIGHER_LOW
QQQ,2023-02-15 14:30:00+00:00,MAX,309.1,5.13,-7.58,5,13,LOWER_HIGH
QQQ,2023-03-01 00:00:00+00:00,MIN,285.6824951171875,-7.58,5.02,13,5,LOWER_LOW
QQQ,2023-03-06 14:30:00+00:00,MAX,300.02,5.02,-5.65,5,3,LOWER_HIGH
QQQ,2023-03-10 00:00:00+00:00,MIN,283.0826416015625,-5.65,13.37,3,21,LOWER_LOW
QQQ,2023-03-31 13:30:00+00:00,MAX,320.93,13.37,-5.09,21,24,HIGHER_HIGH
QQQ,2023-04-25 00:00:00+00:00,MIN,304.5872802734375,-5.09,26.64,24,84,HIGHER_LOW
QQQ,2023-07-18 13:30:00+00:00,MAX,385.74,26.64,-8.65,84,30,HIGHER_HIGH
QQQ,2023-08-18 00:00:00+00:00,MIN,352.3708801269531,-8.65,7.29,30,18,HIGHER_LOW
QQQ,2023-09-05 13:30:00+00:00,MAX,378.07,7.29,-7.68,18,20,LOWER_HIGH
QQQ,2023-09-26 00:00:00+00:00,MIN,349.0184326171875,-7.68,6.36,20,15,LOWER_LOW
QQQ,2023-10-11 13:30:00+00:00,MAX,371.22,6.36,-8.78,15,14,LOWER_HIGH
QQQ,2023-10-26 00:00:00+00:00,MIN,338.623046875,-8.78,31.82,14,148,LOWER_LOW
QQQ,2024-03-22 13:30:00+00:00,MAX,446.38,31.82,-8.12,148,27,HIGHER_HIGH
QQQ,2024-04-19 00:00:00+00:00,MIN,410.14556884765625,-8.12,22.63,27,82,HIGHER_LOW
QQQ,2024-07-10 13:30:00+00:00,MAX,502.96,22.63,-14.36,82,27,HIGHER_HIGH
QQQ,2024-08-07 00:00:00+00:00,MIN,430.7305603027344,-14.36,12.02,27,14,HIGHER_LOW
QQQ,2024-08-21 13:30:00+00:00,MAX,482.5,12.02,-7.87,14,15,LOWER_HIGH
QQQ,2024-09-06 00:00:00+00:00,MIN,444.521240234375,-7.87,21.07,15,101,HIGHER_LOW
QQQ,2024-12-16 14:30:00+00:00,MAX,538.17,21.07,-6.74,101,28,HIGHER_HIGH
QQQ,2025-01-14 00:00:00+00:00,MIN,501.8984680175781,-6.74,7.5,28,36,HIGHER_LOW
QQQ,2025-02-19 14:30:00+00:00,MAX,539.52,7.5,-13.74,36,21,HIGHER_HIGH
QQQ,2025-03-13 00:00:00+00:00,MIN,465.38995361328125,-13.74,6.03,21,12,LOWER_LOW
QQQ,2025-03-25 13:30:00+00:00,MAX,493.46,6.03,-16.09,12,13,LOWER_HIGH
QQQ,2025-04-08 00:00:00+00:00,MIN,414.0557861328125,-16.09,12.55,13,1,LOWER_LOW
QQQ,2025-04-09 13:30:00+00:00,MAX,466.0,12.55,-7.51,1,11,LOWER_HIGH
QQQ,2025-04-21 00:00:00+00:00,MIN,431.0236511230469,-7.51,47.5,11,191,HIGHER_LOW
QQQ,2025-10-29 13:30:00+00:00,MAX,635.77,47.5,-8.11,191,21,HIGHER_HIGH
QQQ,2025-11-20 00:00:00+00:00,MIN,584.1797485351562,-8.11,8.39,21,69,HIGHER_LOW
QQQ,2026-01-28 14:30:00+00:00,MAX,633.22,8.39,-11.83,69,60,LOWER_HIGH
SPY,1993-04-26 13:30:00+00:00,MIN,43.40625,-5.12,11.23,48,282,FIRST_LOW
SPY,1994-02-02 14:30:00+00:00,MAX,48.28125,11.23,-9.06,282,60,FIRST_HIGH
SPY,1994-04-04 13:30:00+00:00,MIN,43.90625,-9.06,5.98,60,71,HIGHER_LOW
SPY,1994-06-14 13:30:00+00:00,MAX,46.53125,5.98,-5.31,71,10,LOWER_HIGH
SPY,1994-06-24 13:30:00+00:00,MIN,44.0625,-5.31,8.44,10,67,HIGHER_LOW
SPY,1994-08-30 13:30:00+00:00,MAX,47.78125,8.44,-5.3,67,37,HIGHER_HIGH
SPY,1994-10-06 13:30:00+00:00,MIN,45.25,-5.3,5.32,37,22,HIGHER_LOW
SPY,1994-10-28 13:30:00+00:00,MAX,47.65625,5.32,-5.84,22,41,LOWER_HIGH
SPY,1994-12-08 14:30:00+00:00,MIN,44.875,-5.84,47.81,41,431,LOWER_LOW
SPY,1996-02-12 14:30:00+00:00,MAX,66.32812,47.81,-5.14,431,58,HIGHER_HIGH
SPY,1996-04-11 13:30:00+00:00,MIN,62.92187,-5.14,8.37,58,41,HIGHER_LOW
SPY,1996-05-22 13:30:00+00:00,MAX,68.1875,8.37,-8.11,41,54,HIGHER_HIGH
SPY,1996-07-15 13:30:00+00:00,MIN,62.65625,-8.11,30.67,54,218,LOWER_LOW
SPY,1997-02-18 14:30:00+00:00,MAX,81.875,30.67,-10.38,218,51,HIGHER_HIGH
SPY,1997-04-11 13:30:00+00:00,MIN,73.375,-10.38,30.88,51,117,HIGHER_LOW
SPY,1997-08-06 13:30:00+00:00,MAX,96.03125,30.88,-6.51,117,9,HIGHER_HIGH
SPY,1997-08-15 13:30:00+00:00,MIN,89.78125,-6.51,9.36,9,53,HIGHER_LOW
SPY,1997-10-07 13:30:00+00:00,MAX,98.1875,9.36,-11.2,53,20,HIGHER_HIGH
SPY,1997-10-27 14:30:00+00:00,MIN,87.1875,-11.2,13.48,20,39,LOWER_LOW
SPY,1997-12-05 14:30:00+00:00,MAX,98.9375,13.48,-6.7,39,35,HIGHER_HIGH
SPY,1998-01-09 14:30:00+00:00,MIN,92.3125,-6.7,28.44,35,188,HIGHER_LOW
SPY,1998-07-17 13:30:00+00:00,MAX,118.5625,28.44,-19.03,188,45,HIGHER_HIGH
SPY,1998-08-31 13:30:00+00:00,MIN,96.0,-19.03,11.46,45,23,HIGHER_LOW
SPY,1998-09-23 13:30:00+00:00,MAX,107.0,11.46,-9.73,23,15,LOWER_HIGH
SPY,1998-10-08 13:30:00+00:00,MIN,96.59375,-9.73,32.25,15,92,HIGHER_LOW
SPY,1999-01-08 14:30:00+00:00,MAX,127.75,32.25,-5.11,92,6,HIGHER_HIGH
SPY,1999-01-14 14:30:00+00:00,MIN,121.21875,-5.11,13.3,6,118,HIGHER_LOW
SPY,1999-05-13 13:30:00+00:00,MAX,137.34375,13.3,-6.39,118,14,HIGHER_HIGH
SPY,1999-05-27 13:30:00+00:00,MIN,128.5625,-6.39,10.31,14,50,HIGHER_LOW
SPY,1999-07-16 13:30:00+00:00,MAX,141.8125,10.31,-9.28,50,25,HIGHER_HIGH
SPY,1999-08-10 13:30:00+00:00,MIN,128.65625,-9.28,7.55,25,15,HIGHER_LOW
SPY,1999-08-25 13:30:00+00:00,MAX,138.375,7.55,-8.36,15,35,LOWER_HIGH
SPY,1999-09-29 13:30:00+00:00,MIN,126.8125,-8.36,5.57,35,9,LOWER_LOW
SPY,1999-10-08 13:30:00+00:00,MAX,133.875,5.57,-6.72,9,7,LOWER_HIGH
SPY,1999-10-15 13:30:00+00:00,MIN,124.875,-6.72,17.62,7,77,LOWER_LOW
SPY,1999-12-31 14:30:00+00:00,MAX,146.875,17.62,-6.21,77,6,HIGHER_HIGH
SPY,2000-01-06 14:30:00+00:00,MIN,137.75,-6.21,6.69,6,8,HIGHER_LOW
SPY,2000-01-14 14:30:00+00:00,MAX,146.96875,6.69,-7.55,8,14,HIGHER_HIGH
SPY,2000-01-28 14:30:00+00:00,MIN,135.875,-7.55,6.21,14,11,LOWER_LOW
SPY,2000-02-08 14:30:00+00:00,MAX,144.3125,6.21,-7.61,11,17,LOWER_HIGH
SPY,2000-02-25 14:30:00+00:00,MIN,133.32812,-7.61,15.18,17,28,LOWER_LOW
SPY,2000-03-24 14:30:00+00:00,MAX,153.5625,15.18,-9.89,28,20,HIGHER_HIGH
SPY,2000-04-14 13:30:00+00:00,MIN,138.375,-9.89,7.07,20,11,HIGHER_LOW
SPY,2000-04-25 13:30:00+00:00,MAX,148.15625,7.07,-6.77,11,15,LOWER_HIGH
SPY,2000-05-10 13:30:00+00:00,MIN,138.125,-6.77,6.11,15,6,LOWER_LOW
SPY,2000-05-16 13:30:00+00:00,MAX,146.5625,6.11,-5.95,6,9,LOWER_HIGH
SPY,2000-05-25 13:30:00+00:00,MIN,137.84375,-5.95,9.73,9,50,LOWER_LOW
SPY,2000-07-14 13:30:00+00:00,MAX,151.25,9.73,-6.05,50,14,HIGHER_HIGH
SPY,2000-07-28 13:30:00+00:00,MIN,142.09375,-6.05,7.24,14,35,HIGHER_LOW
SPY,2000-09-01 13:30:00+00:00,MAX,152.375,7.24,-12.63,35,41,HIGHER_HIGH
SPY,2000-10-12 13:30:00+00:00,MIN,133.125,-12.63,8.0,41,25,LOWER_LOW
SPY,2000-11-06 14:30:00+00:00,MAX,143.78125,8.0,-12.19,25,44,LOWER_HIGH
SPY,2000-12-20 14:30:00+00:00,MIN,126.25,-12.19,9.25,44,43,LOWER_LOW
SPY,2001-02-01 14:30:00+00:00,MAX,137.92999,9.25,-19.44,43,49,LOWER_HIGH
SPY,2001-03-22 14:30:00+00:00,MIN,111.12,-19.44,6.47,49,5,LOWER_LOW
SPY,2001-03-27 14:30:00+00:00,MAX,118.31,6.47,-6.69,5,6,LOWER_HIGH
SPY,2001-04-03 13:30:00+00:00,MIN,110.39,-6.69,19.26,6,48,LOWER_LOW
SPY,2001-05-21 13:30:00+00:00,MAX,131.64999,19.26,-26.11,48,123,HIGHER_HIGH
SPY,2001-09-21 13:30:00+00:00,MIN,97.28,-26.11,20.91,123,105,LOWER_LOW
SPY,2002-01-04 14:30:00+00:00,MAX,117.62,20.91,-8.16,105,34,LOWER_HIGH
SPY,2002-02-07 14:30:00+00:00,MIN,108.02,-8.16,8.73,34,40,HIGHER_LOW
SPY,2002-03-19 14:30:00+00:00,MAX,117.45,8.73,-10.52,40,48,LOWER_HIGH
SPY,2002-05-07 13:30:00+00:00,MIN,105.10001,-10.52,5.52,48,10,LOWER_LOW
SPY,2002-05-17 13:30:00+00:00,MAX,110.89999,5.52,-27.91,10,67,LOWER_HIGH
SPY,2002-07-23 13:30:00+00:00,MIN,79.95,-27.91,14.02,67,8,LOWER_LOW
SPY,2002-07-31 13:30:00+00:00,MAX,91.16,14.02,-8.11,8,5,LOWER_HIGH
SPY,2002-08-05 13:30:00+00:00,MIN,83.77,-8.11,15.41,5,17,HIGHER_LOW
SPY,2002-08-22 13:30:00+00:00,MAX,96.67999,15.41,-19.22,17,48,HIGHER_HIGH
SPY,2002-10-09 13:30:00+00:00,MIN,78.10001,-19.22,19.13,48,28,LOWER_LOW
SPY,2002-11-06 14:30:00+00:00,MAX,93.03999,19.13,-5.14,28,5,LOWER_HIGH
SPY,2002-11-11 14:30:00+00:00,MIN,88.25999,-5.14,6.82,5,16,HIGHER_LOW
SPY,2002-11-27 14:30:00+00:00,MAX,94.28,6.82,-7.32,16,30,HIGHER_HIGH
SPY,2002-12-27 14:30:00+00:00,MIN,87.38,-7.32,6.81,30,18,LOWER_LOW
SPY,2003-01-14 14:30:00+00:00,MAX,93.33,6.81,-13.73,18,56,LOWER_HIGH
SPY,2003-03-11 14:30:00+00:00,MIN,80.52,-13.73,11.36,56,10,LOWER_LOW
SPY,2003-03-21 14:30:00+00:00,MAX,89.67,11.36,-5.5,10,10,LOWER_HIGH
SPY,2003-03-31 14:30:00+00:00,MIN,84.74001,-5.5,19.97,10,76,HIGHER_LOW
SPY,2003-06-16 13:30:00+00:00,MAX,101.66,19.97,-5.15,76,50,HIGHER_HIGH
SPY,2003-08-05 13:30:00+00:00,MIN,96.42,-5.15,20.7,50,213,HIGHER_LOW
SPY,2004-03-05 14:30:00+00:00,MAX,116.38,20.7,-5.95,213,18,HIGHER_HIGH
SPY,2004-03-23 14:30:00+00:00,MIN,109.46001,-5.95,5.31,18,12,HIGHER_LOW
SPY,2004-04-05 13:30:00+00:00,MAX,115.27,5.31,-5.59,12,35,LOWER_HIGH
SPY,2004-05-10 13:30:00+00:00,MIN,108.83,-5.59,5.54,35,29,LOWER_LOW
SPY,2004-06-08 13:30:00+00:00,MAX,114.86,5.54,-6.97,29,59,LOWER_HIGH
SPY,2004-08-06 13:30:00+00:00,MIN,106.85001,-6.97,14.92,59,213,LOWER_LOW
SPY,2005-03-07 14:30:00+00:00,MAX,122.78999,14.92,-7.32,213,43,HIGHER_HIGH
SPY,2005-04-20 13:30:00+00:00,MIN,113.8,-7.32,9.6,43,105,HIGHER_LOW
SPY,2005-08-03 13:30:00+00:00,MAX,124.72,9.6,-5.85,105,71,HIGHER_HIGH
SPY,2005-10-13 13:30:00+00:00,MIN,117.42999,-5.85,12.94,71,208,HIGHER_LOW
SPY,2006-05-09 13:30:00+00:00,MAX,132.62,12.94,-7.59,208,35,HIGHER_HIGH
SPY,2006-06-13 13:30:00+00:00,MIN,122.55,-7.59,19.17,35,252,HIGHER_LOW
SPY,2007-02-20 14:30:00+00:00,MAX,146.03999,19.17,-5.95,252,13,HIGHER_HIGH
SPY,2007-03-05 14:30:00+00:00,MIN,137.35001,-5.95,12.9,13,135,HIGHER_LOW
SPY,2007-07-19 13:30:00+00:00,MAX,155.07001,12.9,-9.05,135,27,HIGHER_HIGH
SPY,2007-08-15 13:30:00+00:00,MIN,141.03999,-9.05,10.95,27,55,HIGHER_LOW
SPY,2007-10-09 13:30:00+00:00,MAX,156.48,10.95,-9.92,55,48,HIGHER_HIGH
SPY,2007-11-26 14:30:00+00:00,MIN,140.95,-9.92,7.9,48,14,LOWER_LOW
SPY,2007-12-10 14:30:00+00:00,MAX,152.08,7.9,-14.05,14,43,LOWER_HIGH
SPY,2008-01-22 14:30:00+00:00,MIN,130.72,-14.05,6.78,43,10,LOWER_LOW
SPY,2008-02-01 14:30:00+00:00,MAX,139.58,6.78,-8.3,10,37,LOWER_HIGH
SPY,2008-03-10 13:30:00+00:00,MIN,128.0,-8.3,11.76,37,70,LOWER_LOW
SPY,2008-05-19 13:30:00+00:00,MAX,143.05,11.76,-15.42,70,57,HIGHER_HIGH
SPY,2008-07-15 13:30:00+00:00,MIN,120.99001,-15.42,8.03,57,27,LOWER_LOW
SPY,2008-08-11 13:30:00+00:00,MAX,130.71001,8.03,-10.79,27,37,LOWER_HIGH
SPY,2008-09-17 13:30:00+00:00,MIN,116.61,-10.79,6.44,37,2,LOWER_LOW
SPY,2008-09-19 13:30:00+00:00,MAX,124.12,6.44,-28.7,2,21,LOWER_HIGH
SPY,2008-10-10 13:30:00+00:00,MIN,88.5,-28.7,14.52,21,3,LOWER_LOW
SPY,2008-10-13 13:30:00+00:00,MAX,101.35001,14.52,-11.18,3,2,LOWER_HIGH
SPY,2008-10-15 13:30:00+00:00,MIN,90.02,-11.18,9.76,2,5,HIGHER_LOW
SPY,2008-10-20 13:30:00+00:00,MAX,98.81,9.76,-15.04,5,7,LOWER_HIGH
SPY,2008-10-27 13:30:00+00:00,MIN,83.95,-15.04,19.61,7,8,LOWER_LOW
SPY,2008-11-04 14:30:00+00:00,MAX,100.41,19.61,-14.53,8,8,HIGHER_HIGH
SPY,2008-11-12 14:30:00+00:00,MIN,85.82001,-14.53,6.23,8,1,HIGHER_LOW
SPY,2008-11-13 14:30:00+00:00,MAX,91.17,6.23,-17.24,1,7,LOWER_HIGH
SPY,2008-11-20 14:30:00+00:00,MIN,75.45,-17.24,19.4,7,8,LOWER_LOW
SPY,2008-11-28 14:30:00+00:00,MAX,90.09,19.4,-8.86,8,3,LOWER_HIGH
SPY,2008-12-01 14:30:00+00:00,MIN,82.11,-8.86,11.9,3,15,HIGHER_LOW
SPY,2008-12-16 14:30:00+00:00,MAX,91.88,11.9,-6.23,15,7,HIGHER_HIGH
SPY,2008-12-23 14:30:00+00:00,MIN,86.16,-6.23,8.48,7,14,HIGHER_LOW
SPY,2009-01-06 14:30:00+00:00,MAX,93.47,8.48,-13.8,14,14,HIGHER_HIGH
SPY,2009-01-20 14:30:00+00:00,MIN,80.57001,-13.8,8.46,14,8,LOWER_LOW
SPY,2009-01-28 14:30:00+00:00,MAX,87.39,8.46,-5.5,8,5,LOWER_HIGH
SPY,2009-02-02 14:30:00+00:00,MIN,82.58,-5.5,5.47,5,7,HIGHER_LOW
SPY,2009-02-09 14:30:00+00:00,MAX,87.10001,5.47,-21.8,7,27,LOWER_HIGH
SPY,2009-03-09 13:30:00+00:00,MIN,68.11,-21.8,22.02,27,17,LOWER_LOW
SPY,2009-03-26 13:30:00+00:00,MAX,83.11,22.02,-5.2,17,4,LOWER_HIGH
SPY,2009-03-30 13:30:00+00:00,MIN,78.78999,-5.2,20.68,4,74,HIGHER_LOW
SPY,2009-06-12 13:30:00+00:00,MAX,95.08,20.68,-7.49,74,28,HIGHER_HIGH
SPY,2009-07-10 13:30:00+00:00,MIN,87.96001,-7.49,24.82,28,101,HIGHER_LOW
SPY,2009-10-19 13:30:00+00:00,MAX,109.78999,24.82,-5.67,101,11,HIGHER_HIGH
SPY,2009-10-30 13:30:00+00:00,MIN,103.56,-5.67,11.1,11,81,HIGHER_LOW
SPY,2010-01-19 14:30:00+00:00,MAX,115.06,11.1,-7.97,81,20,HIGHER_HIGH
SPY,2010-02-08 14:30:00+00:00,MIN,105.89,-7.97,15.04,20,73,HIGHER_LOW
SPY,2010-04-23 13:30:00+00:00,MAX,121.8125,15.04,-8.66,73,14,HIGHER_HIGH
SPY,2010-05-07 13:30:00+00:00,MIN,111.25999,-8.66,5.56,14,5,HIGHER_LOW
SPY,2010-05-12 13:30:00+00:00,MAX,117.45,5.56,-10.18,5,26,LOWER_HIGH
SPY,2010-06-07 13:30:00+00:00,MIN,105.49001,-10.18,6.3,26,10,LOWER_LOW
SPY,2010-06-17 13:30:00+00:00,MAX,112.14,6.3,-8.86,10,15,LOWER_HIGH
SPY,2010-07-02 13:30:00+00:00,MIN,102.2,-8.86,10.56,15,38,LOWER_LOW
SPY,2010-08-09 13:30:00+00:00,MAX,112.992,10.56,-6.87,38,17,HIGHER_HIGH
SPY,2010-08-26 13:30:00+00:00,MIN,105.23,-6.87,27.84,17,176,HIGHER_LOW
SPY,2011-02-18 14:30:00+00:00,MAX,134.53,27.84,-6.21,176,25,HIGHER_HIGH
SPY,2011-03-16 13:30:00+00:00,MIN,126.175,-6.21,8.13,25,44,HIGHER_LOW
SPY,2011-04-29 13:30:00+00:00,MAX,136.42999,8.13,-7.05,44,56,HIGHER_HIGH
SPY,2011-06-24 13:30:00+00:00,MIN,126.81,-7.05,6.74,56,13,HIGHER_LOW
SPY,2011-07-07 13:30:00+00:00,MAX,135.36,6.74,-17.07,13,32,LOWER_HIGH
SPY,2011-08-08 13:30:00+00:00,MIN,112.25999,-17.07,7.45,32,7,LOWER_LOW
SPY,2011-08-15 13:30:00+00:00,MAX,120.62,7.45,-6.62,7,4,LOWER_HIGH
SPY,2011-08-19 13:30:00+00:00,MIN,112.64,-6.62,8.5,4,12,HIGHER_LOW
SPY,2011-08-31 13:30:00+00:00,MAX,122.22,8.5,-10.06,12,33,HIGHER_HIGH
SPY,2011-10-03 13:30:00+00:00,MIN,109.92999,-10.06,17.01,33,24,LOWER_LOW
SPY,2011-10-27 13:30:00+00:00,MAX,128.63,17.01,-9.55,24,29,HIGHER_HIGH
SPY,2011-11-25 14:30:00+00:00,MIN,116.34,-9.55,8.93,29,12,HIGHER_LOW
SPY,2011-12-07 14:30:00+00:00,MAX,126.73,8.93,-5.08,12,12,LOWER_HIGH
SPY,2011-12-19 14:30:00+00:00,MIN,120.28999,-5.08,17.92,12,104,HIGHER_LOW
SPY,2012-04-02 13:30:00+00:00,MAX,141.84,17.92,-9.69,104,63,HIGHER_HIGH
SPY,2012-06-04 13:30:00+00:00,MIN,128.10001,-9.69,14.94,63,102,HIGHER_LOW
SPY,2012-09-14 13:30:00+00:00,MAX,147.24001,14.94,-7.84,102,62,HIGHER_HIGH
SPY,2012-11-15 14:30:00+00:00,MIN,135.7,-7.84,23.19,62,186,HIGHER_LOW
SPY,2013-05-21 13:30:00+00:00,MAX,167.17,23.19,-6.05,186,34,HIGHER_HIGH
SPY,2013-06-24 13:30:00+00:00,MIN,157.06,-6.05,17.59,34,190,HIGHER_LOW
SPY,2013-12-31 14:30:00+00:00,MAX,184.69,17.59,-5.7,190,34,HIGHER_HIGH
SPY,2014-02-03 14:30:00+00:00,MIN,174.17,-5.7,15.88,34,226,HIGHER_LOW
SPY,2014-09-18 13:30:00+00:00,MAX,201.82,15.88,-7.7,226,28,HIGHER_HIGH
SPY,2014-10-16 13:30:00+00:00,MIN,186.27,-7.7,14.62,28,217,HIGHER_LOW
SPY,2015-05-21 13:30:00+00:00,MAX,213.5,14.62,-12.29,217,96,HIGHER_HIGH
SPY,2015-08-25 13:30:00+00:00,MIN,187.27,-12.29,6.89,96,22,HIGHER_LOW
SPY,2015-09-16 13:30:00+00:00,MAX,200.18,6.89,-6.08,22,12,LOWER_HIGH
SPY,2015-09-28 13:30:00+00:00,MIN,188.01,-6.08,12.23,12,36,HIGHER_LOW
SPY,2015-11-03 14:30:00+00:00,MAX,211.0,12.23,-13.34,36,100,HIGHER_HIGH
SPY,2016-02-11 14:30:00+00:00,MIN,182.86,-13.34,16.14,100,117,LOWER_LOW
SPY,2016-06-08 13:30:00+00:00,MAX,212.37,16.14,-6.01,117,19,HIGHER_HIGH
SPY,2016-06-27 13:30:00+00:00,MIN,199.6,-6.01,43.58,19,578,HIGHER_LOW
SPY,2018-01-26 14:30:00+00:00,MAX,286.58,43.58,-10.1,578,13,HIGHER_HIGH
SPY,2018-02-08 14:30:00+00:00,MIN,257.63,-10.1,8.24,13,29,HIGHER_LOW
SPY,2018-03-09 14:30:00+00:00,MAX,278.87,8.24,-7.67,29,23,LOWER_HIGH
SPY,2018-04-02 13:30:00+00:00,MIN,257.47,-7.67,14.02,23,171,LOWER_LOW
SPY,2018-09-20 13:30:00+00:00,MAX,293.58,14.02,-10.12,171,39,HIGHER_HIGH
SPY,2018-10-29 13:30:00+00:00,MIN,263.86,-10.12,6.5,39,9,HIGHER_LOW
SPY,2018-11-07 14:30:00+00:00,MAX,281.01,6.5,-6.32,9,16,LOWER_HIGH
SPY,2018-11-23 14:30:00+00:00,MIN,263.25,-6.32,6.1,16,10,LOWER_LOW
SPY,2018-12-03 14:30:00+00:00,MAX,279.3,6.1,-16.1,10,21,LOWER_HIGH
SPY,2018-12-24 14:30:00+00:00,MIN,234.34,-16.1,25.47,21,129,LOWER_LOW
SPY,2019-05-03 13:30:00+00:00,MAX,294.03,25.47,-6.62,129,31,HIGHER_HIGH
SPY,2019-06-03 13:30:00+00:00,MIN,274.57,-6.62,9.99,31,53,HIGHER_LOW
SPY,2019-07-26 13:30:00+00:00,MAX,302.01,9.99,-6.02,53,10,HIGHER_HIGH
SPY,2019-08-05 13:30:00+00:00,MIN,283.82,-6.02,19.21,10,198,HIGHER_LOW
SPY,2020-02-19 14:30:00+00:00,MAX,338.34,19.21,-12.44,198,9,HIGHER_HIGH
SPY,2020-02-28 14:30:00+00:00,MIN,296.26,-12.44,5.6,9,5,HIGHER_LOW
SPY,2020-03-04 14:30:00+00:00,MAX,312.86,5.6,-12.35,5,4,LOWER_HIGH
SPY,2020-03-09 13:30:00+00:00,MIN,274.23,-12.35,5.17,4,1,LOWER_LOW
SPY,2020-03-10 13:30:00+00:00,MAX,288.42,5.17,-13.98,1,2,LOWER_HIGH
SPY,2020-03-12 13:30:00+00:00,MIN,248.11,-13.98,8.55,2,1,LOWER_LOW
SPY,2020-03-13 13:30:00+00:00,MAX,269.32,8.55,-10.94,1,3,LOWER_HIGH
SPY,2020-03-16 13:30:00+00:00,MIN,239.85,-10.94,5.4,3,1,LOWER_LOW
SPY,2020-03-17 13:30:00+00:00,MAX,252.8,5.4,-11.81,1,6,LOWER_HIGH
SPY,2020-03-23 13:30:00+00:00,MIN,222.95,-11.81,17.36,6,7,LOWER_LOW
SPY,2020-03-30 13:30:00+00:00,MAX,261.65,17.36,-5.92,7,2,HIGHER_HIGH
SPY,2020-04-01 13:30:00+00:00,MIN,246.15,-5.92,31.3,2,68,HIGHER_LOW
SPY,2020-06-08 13:30:00+00:00,MAX,323.2,31.3,-7.16,68,18,HIGHER_HIGH
SPY,2020-06-26 13:30:00+00:00,MIN,300.05,-7.16,19.21,18,68,HIGHER_LOW
SPY,2020-09-02 13:30:00+00:00,MAX,357.7,19.21,-9.8,68,21,HIGHER_HIGH
SPY,2020-09-23 13:30:00+00:00,MIN,322.64,-9.8,9.23,21,19,HIGHER_LOW
SPY,2020-10-12 13:30:00+00:00,MAX,352.43,9.23,-7.35,19,18,LOWER_HIGH
SPY,2020-10-30 13:30:00+00:00,MIN,326.54,-7.35,28.64,18,181,HIGHER_LOW
SPY,2021-04-29 13:30:00+00:00,MAX,420.06,28.64,-7.22,181,0,HIGHER_HIGH
SPY,2021-04-30 00:00:00+00:00,MIN,389.75103759765625,-7.22,7.07,0,0,HIGHER_LOW
SPY,2021-04-30 13:30:00+00:00,MAX,417.3,7.07,-6.4,0,2,LOWER_HIGH
SPY,2021-05-03 00:00:00+00:00,MIN,390.59173583984375,-6.4,7.07,2,0,HIGHER_LOW
SPY,2021-05-03 13:30:00+00:00,MAX,418.2,7.07,-7.18,0,0,HIGHER_HIGH
SPY,2021-05-04 00:00:00+00:00,MIN,388.18194580078125,-7.18,7.07,0,0,LOWER_LOW
SPY,2021-05-04 13:30:00+00:00,MAX,415.62,7.07,-6.57,0,0,LOWER_HIGH
SPY,2021-05-05 00:00:00+00:00,MIN,388.3033752441406,-6.57,7.07,0,0,HIGHER_LOW
SPY,2021-05-05 13:30:00+00:00,MAX,415.75,7.07,-5.86,0,0,HIGHER_HIGH
SPY,2021-05-06 00:00:00+00:00,MIN,391.4043273925781,-5.86,7.07,0,0,HIGHER_LOW
SPY,2021-05-06 13:30:00+00:00,MAX,419.07,7.07,-5.92,0,0,HIGHER_HIGH
SPY,2021-05-07 00:00:00+00:00,MIN,394.2529296875,-5.92,7.07,0,0,HIGHER_LOW
SPY,2021-05-07 13:30:00+00:00,MAX,422.12,7.07,-7.53,0,2,HIGHER_HIGH
SPY,2021-05-10 00:00:00+00:00,MIN,390.3489074707031,-7.53,7.07,2,0,LOWER_LOW
SPY,2021-05-10 13:30:00+00:00,MAX,417.94,7.07,-7.44,0,0,LOWER_HIGH
SPY,2021-05-11 00:00:00+00:00,MIN,386.8650817871094,-7.44,7.07,0,0,LOWER_LOW
SPY,2021-05-11 13:30:00+00:00,MAX,414.21,7.07,-8.59,0,0,LOWER_HIGH
SPY,2021-05-12 00:00:00+00:00,MIN,378.6460266113281,-8.59,7.07,0,0,LOWER_LOW
SPY,2021-05-12 13:30:00+00:00,MAX,405.41,7.07,-5.48,0,0,LOWER_HIGH
SPY,2021-05-13 00:00:00+00:00,MIN,383.19451904296875,-5.48,7.07,0,0,HIGHER_LOW
SPY,2021-05-13 13:30:00+00:00,MAX,410.28,7.07,-5.17,0,0,HIGHER_HIGH
SPY,2021-05-14 00:00:00+00:00,MIN,389.0785827636719,-5.17,7.07,0,0,HIGHER_LOW
SPY,2021-05-14 13:30:00+00:00,MAX,416.58,7.07,-6.84,0,2,HIGHER_HIGH
SPY,2021-05-17 00:00:00+00:00,MIN,388.088623046875,-6.84,7.07,2,0,LOWER_LOW
SPY,2021-05-17 13:30:00+00:00,MAX,415.52,7.07,-7.41,0,0,LOWER_HIGH
SPY,2021-05-18 00:00:00+00:00,MIN,384.7449035644531,-7.41,7.07,0,0,LOWER_LOW
SPY,2021-05-18 13:30:00+00:00,MAX,411.94,7.07,-6.85,0,0,LOWER_HIGH
SPY,2021-05-19 00:00:00+00:00,MIN,383.7361755371094,-6.85,7.07,0,0,LOWER_LOW
SPY,2021-05-19 13:30:00+00:00,MAX,410.86,7.07,-5.6,0,0,LOWER_HIGH
SPY,2021-05-20 00:00:00+00:00,MIN,387.8643493652344,-5.6,7.07,0,0,HIGHER_LOW
SPY,2021-05-20 13:30:00+00:00,MAX,415.28,7.07,-6.68,0,0,HIGHER_HIGH
SPY,2021-05-21 00:00:00+00:00,MIN,387.546875,-6.68,7.07,0,0,LOWER_LOW
SPY,2021-05-21 13:30:00+00:00,MAX,414.94,7.07,-5.65,0,2,LOWER_HIGH
SPY,2021-05-24 00:00:00+00:00,MIN,391.4977111816406,-5.65,7.07,2,0,HIGHER_LOW
SPY,2021-05-24 13:30:00+00:00,MAX,419.17,7.07,-6.81,0,0,HIGHER_HIGH
SPY,2021-05-25 00:00:00+00:00,MIN,390.6289978027344,-6.81,7.07,0,0,LOWER_LOW
SPY,2021-05-25 13:30:00+00:00,MAX,418.24,7.07,-6.42,0,0,LOWER_HIGH
SPY,2021-05-26 00:00:00+00:00,MIN,391.4043273925781,-6.42,7.07,0,0,HIGHER_LOW
SPY,2021-05-26 13:30:00+00:00,MAX,419.07,7.07,-6.55,0,0,HIGHER_HIGH
SPY,2021-05-27 00:00:00+00:00,MIN,391.6097106933594,-6.55,7.07,0,0,HIGHER_LOW
SPY,2021-05-27 13:30:00+00:00,MAX,419.29,7.07,-6.43,0,0,HIGHER_HIGH
SPY,2021-05-28 00:00:00+00:00,MIN,392.3102111816406,-6.43,7.07,0,0,HIGHER_LOW
SPY,2021-05-28 13:30:00+00:00,MAX,420.04,7.07,-6.68,0,3,HIGHER_HIGH
SPY,2021-06-01 00:00:00+00:00,MIN,391.9647521972656,-6.68,7.07,3,0,LOWER_LOW
SPY,2021-06-01 13:30:00+00:00,MAX,419.67,7.07,-6.45,0,0,LOWER_HIGH
SPY,2021-06-02 00:00:00+00:00,MIN,392.5810241699219,-6.45,7.07,0,0,HIGHER_LOW
SPY,2021-06-02 13:30:00+00:00,MAX,420.33,7.07,-6.95,0,0,HIGHER_HIGH
SPY,2021-06-03 00:00:00+00:00,MIN,391.12396240234375,-6.95,7.07,0,0,LOWER_LOW
SPY,2021-06-03 13:30:00+00:00,MAX,418.77,7.07,-5.75,0,0,LOWER_HIGH
SPY,2021-06-04 00:00:00+00:00,MIN,394.70123291015625,-5.75,7.07,0,0,HIGHER_LOW
SPY,2021-06-04 13:30:00+00:00,MAX,422.6,7.07,-6.69,0,2,HIGHER_HIGH
SPY,2021-06-07 00:00:00+00:00,MIN,394.3182373046875,-6.69,7.07,2,0,LOWER_LOW
SPY,2021-06-07 13:30:00+00:00,MAX,422.19,7.07,-6.58,0,0,LOWER_HIGH
SPY,2021-06-08 00:00:00+00:00,MIN,394.40234375,-6.58,7.07,0,0,HIGHER_LOW
SPY,2021-06-08 13:30:00+00:00,MAX,422.28,7.07,-6.74,0,0,HIGHER_HIGH
SPY,2021-06-09 00:00:00+00:00,MIN,393.8139953613281,-6.74,7.07,0,0,LOWER_LOW
SPY,2021-06-09 13:30:00+00:00,MAX,421.65,7.07,-6.17,0,0,LOWER_HIGH
SPY,2021-06-10 00:00:00+00:00,MIN,395.6445007324219,-6.17,7.07,0,0,HIGHER_LOW
SPY,2021-06-10 13:30:00+00:00,MAX,423.61,7.07,-6.45,0,0,HIGHER_HIGH
SPY,2021-06-11 00:00:00+00:00,MIN,396.2983093261719,-6.45,7.07,0,0,HIGHER_LOW
SPY,2021-06-11 13:30:00+00:00,MAX,424.31,7.07,-6.39,0,2,HIGHER_HIGH
SPY,2021-06-14 00:00:00+00:00,MIN,397.18560791015625,-6.39,7.07,2,0,HIGHER_LOW
SPY,2021-06-14 13:30:00+00:00,MAX,425.26,7.07,-6.77,0,0,HIGHER_HIGH
SPY,2021-06-15 00:00:00+00:00,MIN,396.4571228027344,-6.77,7.07,0,0,LOWER_LOW
SPY,2021-06-15 13:30:00+00:00,MAX,424.48,7.07,-7.12,0,0,LOWER_HIGH
SPY,2021-06-16 00:00:00+00:00,MIN,394.2435607910156,-7.12,7.07,0,0,LOWER_LOW
SPY,2021-06-16 13:30:00+00:00,MAX,422.11,7.07,-6.63,0,0,LOWER_HIGH
SPY,2021-06-17 00:00:00+00:00,MIN,394.11279296875,-6.63,7.07,0,0,LOWER_LOW
SPY,2021-06-17 13:30:00+00:00,MAX,421.97,7.07,-7.86,0,0,LOWER_HIGH
SPY,2021-06-18 00:00:00+00:00,MIN,388.79608154296875,-7.86,8.25,0,3,LOWER_LOW
SPY,2021-06-21 13:30:00+00:00,MAX,420.86,8.25,-5.8,3,0,LOWER_HIGH
SPY,2021-06-22 00:00:00+00:00,MIN,396.4704284667969,-5.8,6.72,0,0,HIGHER_LOW
SPY,2021-06-22 13:30:00+00:00,MAX,423.11,6.72,-6.41,0,0,HIGHER_HIGH
SPY,2021-06-23 00:00:00+00:00,MIN,395.9925231933594,-6.41,6.72,0,0,LOWER_LOW
SPY,2021-06-23 13:30:00+00:00,MAX,422.6,6.72,-5.74,0,0,LOWER_HIGH
SPY,2021-06-24 00:00:00+00:00,MIN,398.3351135253906,-5.74,6.72,0,0,HIGHER_LOW
SPY,2021-06-24 13:30:00+00:00,MAX,425.1,6.72,-5.96,0,0,HIGHER_HIGH
SPY,2021-06-25 00:00:00+00:00,MIN,399.75006103515625,-5.96,6.72,0,0,HIGHER_LOW
SPY,2021-06-25 13:30:00+00:00,MAX,426.61,6.72,-6.11,0,2,HIGHER_HIGH
SPY,2021-06-28 00:00:00+00:00,MIN,400.5558776855469,-6.11,6.72,2,0,HIGHER_LOW
SPY,2021-06-28 13:30:00+00:00,MAX,427.47,6.72,-6.25,0,0,HIGHER_HIGH
SPY,2021-06-29 00:00:00+00:00,MIN,400.7714538574219,-6.25,6.72,0,0,HIGHER_LOW
SPY,2021-06-29 13:30:00+00:00,MAX,427.7,6.72,-6.22,0,0,HIGHER_HIGH
SPY,2021-06-30 00:00:00+00:00,MIN,401.1087951660156,-6.22,6.72,0,0,HIGHER_LOW
SPY,2021-06-30 13:30:00+00:00,MAX,428.06,6.72,-5.78,0,0,HIGHER_HIGH
SPY,2021-07-01 00:00:00+00:00,MIN,403.3294982910156,-5.78,6.72,0,0,HIGHER_LOW
SPY,2021-07-01 13:30:00+00:00,MAX,430.43,6.72,-5.58,0,0,HIGHER_HIGH
SPY,2021-07-02 00:00:00+00:00,MIN,406.4122619628906,-5.58,6.72,0,0,HIGHER_LOW
SPY,2021-07-02 13:30:00+00:00,MAX,433.72,6.72,-6.47,0,3,HIGHER_HIGH
SPY,2021-07-06 00:00:00+00:00,MIN,405.6720886230469,-6.47,6.72,3,0,LOWER_LOW
SPY,2021-07-06 13:30:00+00:00,MAX,432.93,6.72,-5.96,0,0,LOWER_HIGH
SPY,2021-07-07 00:00:00+00:00,MIN,407.1058044433594,-5.96,6.72,0,0,HIGHER_LOW
SPY,2021-07-07 13:30:00+00:00,MAX,434.46,6.72,-7.06,0,0,HIGHER_HIGH
SPY,2021-07-08 00:00:00+00:00,MIN,403.7886962890625,-7.06,6.72,0,0,LOWER_LOW
SPY,2021-07-08 13:30:00+00:00,MAX,430.92,6.72,-5.3,0,0,LOWER_HIGH
SPY,2021-07-09 00:00:00+00:00,MIN,408.0990295410156,-5.3,6.72,0,0,HIGHER_LOW
SPY,2021-07-09 13:30:00+00:00,MAX,435.52,6.72,-5.96,0,2,HIGHER_HIGH
SPY,2021-07-12 00:00:00+00:00,MIN,409.560791015625,-5.96,6.72,2,0,HIGHER_LOW
SPY,2021-07-12 13:30:00+00:00,MAX,437.08,6.72,-6.62,0,0,HIGHER_HIGH
SPY,2021-07-13 00:00:00+00:00,MIN,408.16461181640625,-6.62,6.72,0,0,LOWER_LOW
SPY,2021-07-13 13:30:00+00:00,MAX,435.59,6.72,-6.16,0,0,LOWER_HIGH
SPY,2021-07-14 00:00:00+00:00,MIN,408.7737121582031,-6.16,6.72,0,0,HIGHER_LOW
SPY,2021-07-14 13:30:00+00:00,MAX,436.24,6.72,-6.62,0,0,HIGHER_HIGH
SPY,2021-07-15 00:00:00+00:00,MIN,407.37750244140625,-6.62,6.72,0,0,LOWER_LOW
SPY,2021-07-15 13:30:00+00:00,MAX,434.75,6.72,-7.03,0,0,LOWER_HIGH
SPY,2021-07-16 00:00:00+00:00,MIN,404.18218994140625,-7.03,6.72,0,0,LOWER_LOW
SPY,2021-07-16 13:30:00+00:00,MAX,431.34,6.72,-7.68,0,2,LOWER_HIGH
SPY,2021-07-19 00:00:00+00:00,MIN,398.2132568359375,-7.68,8.25,2,1,LOWER_LOW
SPY,2021-07-20 13:30:00+00:00,MAX,431.06,8.25,-5.54,1,0,LOWER_HIGH
SPY,2021-07-21 00:00:00+00:00,MIN,407.1901550292969,-5.54,6.72,0,0,HIGHER_LOW
SPY,2021-07-21 13:30:00+00:00,MAX,434.55,6.72,-6.1,0,0,HIGHER_HIGH
SPY,2021-07-22 00:00:00+00:00,MIN,408.042724609375,-6.1,6.72,0,0,HIGHER_LOW
SPY,2021-07-22 13:30:00+00:00,MAX,435.46,6.72,-5.33,0,0,HIGHER_HIGH
SPY,2021-07-23 00:00:00+00:00,MIN,412.2406921386719,-5.33,6.72,0,0,HIGHER_LOW
SPY,2021-07-23 13:30:00+00:00,MAX,439.94,6.72,-6.07,0,2,HIGHER_HIGH
SPY,2021-07-26 00:00:00+00:00,MIN,413.2527160644531,-6.07,6.72,2,0,HIGHER_LOW
SPY,2021-07-26 13:30:00+00:00,MAX,441.02,6.72,-6.72,0,0,HIGHER_HIGH
SPY,2021-07-27 00:00:00+00:00,MIN,411.369384765625,-6.72,6.72,0,0,LOWER_LOW
SPY,2021-07-27 13:30:00+00:00,MAX,439.01,6.72,-6.33,0,0,LOWER_HIGH
SPY,2021-07-28 00:00:00+00:00,MIN,411.2005920410156,-6.33,6.72,0,0,LOWER_LOW
SPY,2021-07-28 13:30:00+00:00,MAX,438.83,6.72,-5.91,0,0,LOWER_HIGH
SPY,2021-07-29 00:00:00+00:00,MIN,412.9060363769531,-5.91,6.72,0,0,HIGHER_LOW
SPY,2021-07-29 13:30:00+00:00,MAX,440.65,6.72,-6.75,0,0,HIGHER_HIGH
SPY,2021-07-30 00:00:00+00:00,MIN,410.90081787109375,-6.75,6.72,0,0,LOWER_LOW
SPY,2021-07-30 13:30:00+00:00,MAX,438.51,6.72,-6.49,0,2,LOWER_HIGH
SPY,2021-08-02 00:00:00+00:00,MIN,410.0386962890625,-6.49,6.72,2,0,LOWER_LOW
SPY,2021-08-02 13:30:00+00:00,MAX,437.59,6.72,-5.53,0,0,LOWER_HIGH
SPY,2021-08-03 00:00:00+00:00,MIN,413.37457275390625,-5.53,6.72,0,0,HIGHER_LOW
SPY,2021-08-03 13:30:00+00:00,MAX,441.15,6.72,-6.76,0,0,HIGHER_HIGH
SPY,2021-08-04 00:00:00+00:00,MIN,411.34124755859375,-6.76,6.72,0,0,LOWER_LOW
SPY,2021-08-04 13:30:00+00:00,MAX,438.98,6.72,-5.7,0,0,LOWER_HIGH
SPY,2021-08-05 00:00:00+00:00,MIN,413.94610595703125,-5.7,6.72,0,0,HIGHER_LOW
SPY,2021-08-05 13:30:00+00:00,MAX,441.76,6.72,-6.14,0,0,HIGHER_HIGH
SPY,2021-08-06 00:00:00+00:00,MIN,414.6302490234375,-6.14,6.72,0,0,HIGHER_LOW
SPY,2021-08-06 13:30:00+00:00,MAX,442.49,6.72,-6.37,0,2,HIGHER_HIGH
SPY,2021-08-09 00:00:00+00:00,MIN,414.29290771484375,-6.37,6.72,2,0,LOWER_LOW
SPY,2021-08-09 13:30:00+00:00,MAX,442.13,6.72,-6.18,0,0,LOWER_HIGH
SPY,2021-08-10 00:00:00+00:00,MIN,414.8082580566406,-6.18,6.72,0,0,HIGHER_LOW
SPY,2021-08-10 13:30:00+00:00,MAX,442.68,6.72,-6.06,0,0,HIGHER_HIGH
SPY,2021-08-11 00:00:00+00:00,MIN,415.8389587402344,-6.06,6.72,0,0,HIGHER_LOW
SPY,2021-08-11 13:30:00+00:00,MAX,443.78,6.72,-6.02,0,0,HIGHER_HIGH
SPY,2021-08-12 00:00:00+00:00,MIN,417.085205078125,-6.02,6.72,0,0,HIGHER_LOW
SPY,2021-08-12 13:30:00+00:00,MAX,445.11,6.72,-6.13,0,0,HIGHER_HIGH
SPY,2021-08-13 00:00:00+00:00,MIN,417.8442687988281,-6.13,6.72,0,0,HIGHER_LOW
SPY,2021-08-13 13:30:00+00:00,MAX,445.92,6.72,-6.08,0,2,HIGHER_HIGH
SPY,2021-08-16 00:00:00+00:00,MIN,418.828125,-6.08,6.72,2,0,HIGHER_LOW
SPY,2021-08-16 13:30:00+00:00,MAX,446.97,6.72,-6.91,0,0,HIGHER_HIGH
SPY,2021-08-17 00:00:00+00:00,MIN,416.0826110839844,-6.91,6.72,0,0,LOWER_LOW
SPY,2021-08-17 13:30:00+00:00,MAX,444.04,6.72,-7.32,0,0,LOWER_HIGH
SPY,2021-08-18 00:00:00+00:00,MIN,411.528564453125,-7.32,6.72,0,0,LOWER_LOW
SPY,2021-08-18 13:30:00+00:00,MAX,439.18,6.72,-6.15,0,0,LOWER_HIGH
SPY,2021-08-19 00:00:00+00:00,MIN,412.165771484375,-6.15,6.72,0,0,HIGHER_LOW
SPY,2021-08-19 13:30:00+00:00,MAX,439.86,6.72,-5.55,0,0,HIGHER_HIGH
SPY,2021-08-20 00:00:00+00:00,MIN,415.44537353515625,-5.55,6.72,0,0,HIGHER_LOW
SPY,2021-08-20 13:30:00+00:00,MAX,443.36,6.72,-5.47,0,2,HIGHER_HIGH
SPY,2021-08-23 00:00:00+00:00,MIN,419.0998840332031,-5.47,6.72,2,0,HIGHER_LOW
SPY,2021-08-23 13:30:00+00:00,MAX,447.26,6.72,-6.15,0,0,HIGHER_HIGH
SPY,2021-08-24 00:00:00+00:00,MIN,419.76513671875,-6.15,6.72,0,0,HIGHER_LOW
SPY,2021-08-24 13:30:00+00:00,MAX,447.97,6.72,-6.1,0,0,HIGHER_HIGH
SPY,2021-08-25 00:00:00+00:00,MIN,420.6459655761719,-6.1,6.72,0,0,HIGHER_LOW
SPY,2021-08-25 13:30:00+00:00,MAX,448.91,6.72,-6.85,0,0,HIGHER_HIGH
SPY,2021-08-26 00:00:00+00:00,MIN,418.162841796875,-6.85,6.72,0,0,LOWER_LOW
SPY,2021-08-26 13:30:00+00:00,MAX,446.26,6.72,-5.46,0,0,LOWER_HIGH
SPY,2021-08-27 00:00:00+00:00,MIN,421.901611328125,-5.46,6.72,0,0,HIGHER_LOW
SPY,2021-08-27 13:30:00+00:00,MAX,450.25,6.72,-5.88,0,2,HIGHER_HIGH
SPY,2021-08-30 00:00:00+00:00,MIN,423.7569885253906,-5.88,6.72,2,0,HIGHER_LOW
SPY,2021-08-30 13:30:00+00:00,MAX,452.23,6.72,-6.43,0,0,HIGHER_HIGH
SPY,2021-08-31 00:00:00+00:00,MIN,423.129150390625,-6.43,6.72,0,0,LOWER_LOW
SPY,2021-08-31 13:30:00+00:00,MAX,451.56,6.72,-6.25,0,0,LOWER_HIGH
SPY,2021-09-01 00:00:00+00:00,MIN,423.35400390625,-6.25,6.72,0,0,HIGHER_LOW
SPY,2021-09-01 13:30:00+00:00,MAX,451.8,6.72,-6.01,0,0,HIGHER_HIGH
SPY,2021-09-02 00:00:00+00:00,MIN,424.6565246582031,-6.01,6.72,0,0,HIGHER_LOW
SPY,2021-09-02 13:30:00+00:00,MAX,453.19,6.72,-6.32,0,0,HIGHER_HIGH
SPY,2021-09-03 00:00:00+00:00,MIN,424.553466796875,-6.32,6.72,0,0,LOWER_LOW
SPY,2021-09-03 13:30:00+00:00,MAX,453.08,6.72,-6.63,0,3,LOWER_HIGH
SPY,2021-09-07 00:00:00+00:00,MIN,423.0355224609375,-6.63,6.72,3,0,LOWER_LOW
SPY,2021-09-07 13:30:00+00:00,MAX,451.46,6.72,-6.41,0,0,LOWER_HIGH
SPY,2021-09-08 00:00:00+00:00,MIN,422.5200500488281,-6.41,6.72,0,0,LOWER_LOW
SPY,2021-09-08 13:30:00+00:00,MAX,450.91,6.72,-6.7,0,0,LOWER_HIGH
SPY,2021-09-09 00:00:00+00:00,MIN,420.7115478515625,-6.7,6.72,0,0,LOWER_LOW
SPY,2021-09-09 13:30:00+00:00,MAX,448.98,6.72,-7.03,0,0,LOWER_HIGH
SPY,2021-09-10 00:00:00+00:00,MIN,417.3944091796875,-7.03,6.72,0,0,LOWER_LOW
SPY,2021-09-10 13:30:00+00:00,MAX,445.44,6.72,-6.06,0,2,LOWER_HIGH
SPY,2021-09-13 00:00:00+00:00,MIN,418.46270751953125,-6.06,6.72,2,0,HIGHER_LOW
SPY,2021-09-13 13:30:00+00:00,MAX,446.58,6.72,-6.8,0,0,HIGHER_HIGH
SPY,2021-09-14 00:00:00+00:00,MIN,416.2044677734375,-6.8,6.72,0,0,LOWER_LOW
SPY,2021-09-14 13:30:00+00:00,MAX,444.17,6.72,-5.51,0,0,LOWER_HIGH
SPY,2021-09-15 00:00:00+00:00,MIN,419.68084716796875,-5.51,6.72,0,0,HIGHER_LOW
SPY,2021-09-15 13:30:00+00:00,MAX,447.88,6.72,-6.44,0,0,HIGHER_HIGH
SPY,2021-09-16 00:00:00+00:00,MIN,419.0155029296875,-6.44,6.72,0,0,LOWER_LOW
SPY,2021-09-16 13:30:00+00:00,MAX,447.17,6.72,-7.21,0,0,LOWER_HIGH
SPY,2021-09-17 00:00:00+00:00,MIN,414.933837890625,-7.21,6.38,0,0,LOWER_LOW
SPY,2021-09-17 13:30:00+00:00,MAX,441.4,6.38,-7.56,0,2,LOWER_HIGH
SPY,2021-09-20 00:00:00+00:00,MIN,408.0152282714844,-7.56,6.38,2,0,LOWER_LOW
SPY,2021-09-20 13:30:00+00:00,MAX,434.04,6.38,-6.08,0,0,LOWER_HIGH
SPY,2021-09-21 00:00:00+00:00,MIN,407.62982177734375,-6.08,6.38,0,0,LOWER_LOW
SPY,2021-09-21 13:30:00+00:00,MAX,433.63,6.38,-5.08,0,0,LOWER_HIGH
SPY,2021-09-22 00:00:00+00:00,MIN,411.60614013671875,-5.08,7.67,0,1,HIGHER_LOW
SPY,2021-09-23 13:30:00+00:00,MAX,443.18,7.67,-5.84,1,0,HIGHER_HIGH
SPY,2021-09-24 00:00:00+00:00,MIN,417.29339599609375,-5.84,6.38,0,0,HIGHER_LOW
SPY,2021-09-24 13:30:00+00:00,MAX,443.91,6.38,-6.26,0,2,HIGHER_HIGH
SPY,2021-09-27 00:00:00+00:00,MIN,416.09954833984375,-6.26,6.38,2,0,LOWER_LOW
SPY,2021-09-27 13:30:00+00:00,MAX,442.64,6.38,-7.89,0,0,LOWER_HIGH
SPY,2021-09-28 00:00:00+00:00,MIN,407.7142639160156,-7.89,6.38,0,0,LOWER_LOW
SPY,2021-09-28 13:30:00+00:00,MAX,433.72,6.38,-5.84,0,0,LOWER_HIGH
SPY,2021-09-29 00:00:00+00:00,MIN,408.400634765625,-5.84,6.38,0,0,HIGHER_LOW
SPY,2021-09-29 13:30:00+00:00,MAX,434.45,6.38,-7.14,0,0,HIGHER_HIGH
SPY,2021-09-30 00:00:00+00:00,MIN,403.4090270996094,-7.14,7.64,0,1,LOWER_LOW
SPY,2021-10-01 13:30:00+00:00,MAX,434.24,7.64,-7.21,1,2,LOWER_HIGH
SPY,2021-10-04 00:00:00+00:00,MIN,402.9389953613281,-7.21,6.38,2,0,LOWER_LOW
SPY,2021-10-04 13:30:00+00:00,MAX,428.64,6.38,-5.02,0,0,LOWER_HIGH
SPY,2021-10-05 00:00:00+00:00,MIN,407.1315612792969,-5.02,6.38,0,0,HIGHER_LOW
SPY,2021-10-05 13:30:00+00:00,MAX,433.1,6.38,-5.61,0,0,HIGHER_HIGH
SPY,2021-10-06 00:00:00+00:00,MIN,408.8236999511719,-5.61,6.38,0,0,HIGHER_LOW
SPY,2021-10-06 13:30:00+00:00,MAX,434.9,6.38,-5.18,0,0,HIGHER_HIGH
SPY,2021-10-07 00:00:00+00:00,MIN,412.3581848144531,-5.18,6.38,0,0,HIGHER_LOW
SPY,2021-10-07 13:30:00+00:00,MAX,438.66,6.38,-6.17,0,0,HIGHER_HIGH
SPY,2021-10-08 00:00:00+00:00,MIN,411.60614013671875,-6.17,6.38,0,0,LOWER_LOW
SPY,2021-10-08 13:30:00+00:00,MAX,437.86,6.38,-6.68,0,2,LOWER_HIGH
SPY,2021-10-11 00:00:00+00:00,MIN,408.6261901855469,-6.68,6.38,2,0,LOWER_LOW
SPY,2021-10-11 13:30:00+00:00,MAX,434.69,6.38,-6.23,0,0,LOWER_HIGH
SPY,2021-10-12 00:00:00+00:00,MIN,407.62042236328125,-6.23,6.38,0,0,LOWER_LOW
SPY,2021-10-12 13:30:00+00:00,MAX,433.62,6.38,-5.66,0,0,LOWER_HIGH
SPY,2021-10-13 00:00:00+00:00,MIN,409.0868835449219,-5.66,8.17,0,1,HIGHER_LOW
SPY,2021-10-14 13:30:00+00:00,MAX,442.5,8.17,-5.28,1,0,HIGHER_HIGH
SPY,2021-10-15 00:00:00+00:00,MIN,419.1358642578125,-5.28,6.38,0,0,HIGHER_LOW
SPY,2021-10-15 13:30:00+00:00,MAX,445.87,6.38,-5.72,0,2,HIGHER_HIGH
SPY,2021-10-18 00:00:00+00:00,MIN,420.376708984375,-5.72,6.38,2,0,HIGHER_LOW
SPY,2021-10-18 13:30:00+00:00,MAX,447.19,6.38,-5.27,0,0,HIGHER_HIGH
SPY,2021-10-19 00:00:00+00:00,MIN,423.61981201171875,-5.27,6.38,0,0,HIGHER_LOW
SPY,2021-10-19 13:30:00+00:00,MAX,450.64,6.38,-5.63,0,0,HIGHER_HIGH
SPY,2021-10-20 00:00:00+00:00,MIN,425.28375244140625,-5.63,6.38,0,0,HIGHER_LOW
SPY,2021-10-20 13:30:00+00:00,MAX,452.41,6.38,-5.75,0,0,HIGHER_HIGH
SPY,2021-10-21 00:00:00+00:00,MIN,426.3930358886719,-5.75,6.38,0,0,HIGHER_LOW
SPY,2021-10-21 13:30:00+00:00,MAX,453.59,6.38,-6.09,0,0,HIGHER_HIGH
SPY,2021-10-22 00:00:00+00:00,MIN,425.95111083984375,-6.09,6.38,0,0,LOWER_LOW
SPY,2021-10-22 13:30:00+00:00,MAX,453.12,6.38,-5.49,0,2,LOWER_HIGH
SPY,2021-10-25 00:00:00+00:00,MIN,428.2354431152344,-5.49,6.38,2,0,HIGHER_LOW
SPY,2021-10-25 13:30:00+00:00,MAX,455.55,6.38,-5.91,0,0,HIGHER_HIGH
SPY,2021-10-26 00:00:00+00:00,MIN,428.62091064453125,-5.91,6.38,0,0,HIGHER_LOW
SPY,2021-10-26 13:30:00+00:00,MAX,455.96,6.38,-6.41,0,0,HIGHER_HIGH
SPY,2021-10-27 00:00:00+00:00,MIN,426.7220153808594,-6.41,6.38,0,0,LOWER_LOW
SPY,2021-10-27 13:30:00+00:00,MAX,453.94,6.38,-5.09,0,0,LOWER_HIGH
SPY,2021-10-28 00:00:00+00:00,MIN,430.8393859863281,-5.09,6.38,0,0,HIGHER_LOW
SPY,2021-10-28 13:30:00+00:00,MAX,458.32,6.38,-5.81,0,0,HIGHER_HIGH
SPY,2021-10-29 00:00:00+00:00,MIN,431.7135925292969,-5.81,6.38,0,0,HIGHER_LOW
SPY,2021-10-29 13:30:00+00:00,MAX,459.25,6.38,-5.83,0,2,HIGHER_HIGH
SPY,2021-11-01 00:00:00+00:00,MIN,432.4562683105469,-5.83,6.38,2,0,HIGHER_LOW
SPY,2021-11-01 13:30:00+00:00,MAX,460.04,6.38,-5.62,0,0,HIGHER_HIGH
SPY,2021-11-02 00:00:00+00:00,MIN,434.2046813964844,-5.62,6.38,0,0,HIGHER_LOW
SPY,2021-11-02 13:30:00+00:00,MAX,461.9,6.38,-5.42,0,0,HIGHER_HIGH
SPY,2021-11-03 00:00:00+00:00,MIN,436.8555908203125,-5.42,6.38,0,0,HIGHER_LOW
SPY,2021-11-03 13:30:00+00:00,MAX,464.72,6.38,-5.55,0,0,HIGHER_HIGH
SPY,2021-11-04 00:00:00+00:00,MIN,438.914306640625,-5.55,6.38,0,0,HIGHER_LOW
SPY,2021-11-04 13:30:00+00:00,MAX,466.91,6.38,-5.67,0,0,HIGHER_HIGH
SPY,2021-11-05 00:00:00+00:00,MIN,440.4371643066406,-5.67,6.38,0,0,HIGHER_LOW
SPY,2021-11-05 13:30:00+00:00,MAX,468.53,6.38,-5.92,0,2,HIGHER_HIGH
SPY,2021-11-08 00:00:00+00:00,MIN,440.8132629394531,-5.92,6.38,2,0,HIGHER_LOW
SPY,2021-11-08 14:30:00+00:00,MAX,468.93,6.38,-6.31,0,0,HIGHER_HIGH
SPY,2021-11-09 00:00:00+00:00,MIN,439.35614013671875,-6.31,6.38,0,0,LOWER_LOW
SPY,2021-11-09 14:30:00+00:00,MAX,467.38,6.38,-6.75,0,0,LOWER_HIGH
SPY,2021-11-10 00:00:00+00:00,MIN,435.82159423828125,-6.75,6.38,0,0,LOWER_LOW
SPY,2021-11-10 14:30:00+00:00,MAX,463.62,6.38,-5.97,0,0,LOWER_HIGH
SPY,2021-11-11 00:00:00+00:00,MIN,435.9625244140625,-5.97,6.38,0,0,HIGHER_LOW
SPY,2021-11-11 14:30:00+00:00,MAX,463.77,6.38,-5.29,0,0,HIGHER_HIGH
SPY,2021-11-12 00:00:00+00:00,MIN,439.2527160644531,-5.29,6.38,0,0,HIGHER_LOW
SPY,2021-11-12 14:30:00+00:00,MAX,467.27,6.38,-5.96,0,2,HIGHER_HIGH
SPY,2021-11-15 00:00:00+00:00,MIN,439.4031982421875,-5.96,6.38,2,0,HIGHER_LOW
SPY,2021-11-15 14:30:00+00:00,MAX,467.43,6.38,-5.62,0,0,HIGHER_HIGH
SPY,2021-11-16 00:00:00+00:00,MIN,441.1422424316406,-5.62,6.38,0,0,HIGHER_LOW
SPY,2021-11-16 14:30:00+00:00,MAX,469.28,6.38,-6.22,0,0,HIGHER_HIGH
SPY,2021-11-17 00:00:00+00:00,MIN,440.0705871582031,-6.22,6.38,0,0,LOWER_LOW
SPY,2021-11-17 14:30:00+00:00,MAX,468.14,6.38,-5.68,0,0,LOWER_HIGH
SPY,2021-11-18 00:00:00+00:00,MIN,441.56524658203125,-5.68,6.38,0,0,HIGHER_LOW
SPY,2021-11-18 14:30:00+00:00,MAX,469.73,6.38,-6.16,0,0,HIGHER_HIGH
SPY,2021-11-19 00:00:00+00:00,MIN,440.775634765625,-6.16,6.38,0,0,LOWER_LOW
SPY,2021-11-19 14:30:00+00:00,MAX,468.89,6.38,-6.26,0,2,LOWER_HIGH
SPY,2021-11-22 00:00:00+00:00,MIN,439.5347595214844,-6.26,6.38,2,0,LOWER_LOW
SPY,2021-11-22 14:30:00+00:00,MAX,467.57,6.38,-5.87,0,0,LOWER_HIGH
SPY,2021-11-23 00:00:00+00:00,MIN,440.1175842285156,-5.87,6.38,0,0,HIGHER_LOW
SPY,2021-11-23 14:30:00+00:00,MAX,468.19,6.38,-5.74,0,0,HIGHER_HIGH
SPY,2021-11-24 00:00:00+00:00,MIN,441.2926330566406,-5.74,6.38,0,0,HIGHER_LOW
SPY,2021-11-24 14:30:00+00:00,MAX,469.44,6.38,-8.09,0,1,HIGHER_HIGH
SPY,2021-11-26 00:00:00+00:00,MIN,431.4504089355469,-8.09,7.68,1,3,LOWER_LOW
SPY,2021-11-29 14:30:00+00:00,MAX,464.6,7.68,-7.83,3,0,LOWER_HIGH
SPY,2021-11-30 00:00:00+00:00,MIN,428.244873046875,-7.83,6.38,0,0,LOWER_LOW
SPY,2021-11-30 14:30:00+00:00,MAX,455.56,6.38,-7.04,0,0,LOWER_HIGH
SPY,2021-12-01 00:00:00+00:00,MIN,423.48828125,-7.04,8.01,0,1,LOWER_LOW
SPY,2021-12-02 14:30:00+00:00,MAX,457.4,8.01,-6.81,1,0,HIGHER_HIGH
SPY,2021-12-03 00:00:00+00:00,MIN,426.23321533203125,-6.81,9.86,0,4,HIGHER_LOW
SPY,2021-12-07 14:30:00+00:00,MAX,468.28,9.86,-5.75,4,0,HIGHER_HIGH
SPY,2021-12-08 00:00:00+00:00,MIN,441.3677673339844,-5.75,6.38,0,0,HIGHER_LOW
SPY,2021-12-08 14:30:00+00:00,MAX,469.52,6.38,-6.63,0,0,HIGHER_HIGH
SPY,2021-12-09 00:00:00+00:00,MIN,438.387939453125,-6.63,6.38,0,0,LOWER_LOW
SPY,2021-12-09 14:30:00+00:00,MAX,466.35,6.38,-5.11,0,0,LOWER_HIGH
SPY,2021-12-10 00:00:00+00:00,MIN,442.5146179199219,-5.11,6.38,0,0,HIGHER_LOW
SPY,2021-12-10 14:30:00+00:00,MAX,470.74,6.38,-6.83,0,2,HIGHER_HIGH
SPY,2021-12-13 00:00:00+00:00,MIN,438.5947570800781,-6.83,6.38,2,0,LOWER_LOW
SPY,2021-12-13 14:30:00+00:00,MAX,466.57,6.38,-6.64,0,0,LOWER_HIGH
SPY,2021-12-14 00:00:00+00:00,MIN,435.5771789550781,-6.64,8.04,0,1,LOWER_LOW
SPY,2021-12-15 14:30:00+00:00,MAX,470.6,8.04,-6.82,1,0,HIGHER_HIGH
SPY,2021-12-16 00:00:00+00:00,MIN,438.4820251464844,-6.82,6.38,0,0,HIGHER_LOW
SPY,2021-12-16 14:30:00+00:00,MAX,466.45,6.38,-7.0,0,0,LOWER_HIGH
SPY,2021-12-17 00:00:00+00:00,MIN,433.8152160644531,-7.0,6.01,0,0,LOWER_LOW
SPY,2021-12-17 14:30:00+00:00,MAX,459.87,6.01,-6.67,0,2,LOWER_HIGH
SPY,2021-12-20 00:00:00+00:00,MIN,429.20220947265625,-6.67,8.97,2,2,LOWER_LOW
SPY,2021-12-22 14:30:00+00:00,MAX,467.69,8.97,-5.08,2,0,HIGHER_HIGH
SPY,2021-12-23 00:00:00+00:00,MIN,443.93731689453125,-5.08,7.51,0,4,HIGHER_LOW
SPY,2021-12-27 14:30:00+00:00,MAX,477.26,7.51,-5.74,4,0,HIGHER_HIGH
SPY,2021-12-28 00:00:00+00:00,MIN,449.8520202636719,-5.74,6.01,0,0,HIGHER_LOW
SPY,2021-12-28 14:30:00+00:00,MAX,476.87,6.01,-5.55,0,0,LOWER_HIGH
SPY,2021-12-29 00:00:00+00:00,MIN,450.4275207519531,-5.55,6.01,0,0,HIGHER_LOW
SPY,2021-12-29 14:30:00+00:00,MAX,477.48,6.01,-5.93,0,0,HIGHER_HIGH
SPY,2021-12-30 00:00:00+00:00,MIN,449.1822509765625,-5.93,6.01,0,0,LOWER_LOW
SPY,2021-12-30 14:30:00+00:00,MAX,476.16,6.01,-5.9,0,0,LOWER_HIGH
SPY,2021-12-31 00:00:00+00:00,MIN,448.0502624511719,-5.9,6.01,0,0,LOWER_LOW
SPY,2021-12-31 14:30:00+00:00,MAX,474.96,6.01,-5.12,0,2,LOWER_HIGH
SPY,2022-01-03 00:00:00+00:00,MIN,450.6444396972656,-5.12,6.01,2,0,HIGHER_LOW
SPY,2022-01-03 14:30:00+00:00,MAX,477.71,6.01,-5.7,0,0,HIGHER_HIGH
SPY,2022-01-04 00:00:00+00:00,MIN,450.4934997558594,-5.7,6.01,0,0,LOWER_LOW
SPY,2022-01-04 14:30:00+00:00,MAX,477.55,6.01,-7.48,0,0,LOWER_HIGH
SPY,2022-01-05 00:00:00+00:00,MIN,441.8430480957031,-7.48,6.01,0,0,LOWER_LOW
SPY,2022-01-05 14:30:00+00:00,MAX,468.38,6.01,-5.75,0,0,LOWER_HIGH
SPY,2022-01-06 00:00:00+00:00,MIN,441.42803955078125,-5.75,6.01,0,0,LOWER_LOW
SPY,2022-01-06 14:30:00+00:00,MAX,467.94,6.01,-6.04,0,0,LOWER_HIGH
SPY,2022-01-07 00:00:00+00:00,MIN,439.6827697753906,-6.04,6.01,0,0,LOWER_LOW
SPY,2022-01-07 14:30:00+00:00,MAX,466.09,6.01,-5.78,0,2,LOWER_HIGH
SPY,2022-01-10 00:00:00+00:00,MIN,439.13568115234375,-5.78,6.97,2,1,LOWER_LOW
SPY,2022-01-11 14:30:00+00:00,MAX,469.75,6.97,-5.41,1,0,HIGHER_HIGH
SPY,2022-01-12 00:00:00+00:00,MIN,444.3334655761719,-5.41,6.01,0,0,HIGHER_LOW
SPY,2022-01-12 14:30:00+00:00,MAX,471.02,6.01,-6.97,0,0,HIGHER_HIGH
SPY,2022-01-13 00:00:00+00:00,MIN,438.2111511230469,-6.97,6.01,0,0,LOWER_LOW
SPY,2022-01-13 14:30:00+00:00,MAX,464.53,6.01,-5.63,0,0,LOWER_HIGH
SPY,2022-01-14 00:00:00+00:00,MIN,438.3904113769531,-5.63,6.01,0,0,HIGHER_LOW
SPY,2022-01-14 14:30:00+00:00,MAX,464.72,6.01,-7.34,0,3,HIGHER_HIGH
SPY,2022-01-18 00:00:00+00:00,MIN,430.6266784667969,-7.34,6.01,3,0,LOWER_LOW
SPY,2022-01-18 14:30:00+00:00,MAX,456.49,6.01,-6.65,0,0,LOWER_HIGH
SPY,2022-01-19 00:00:00+00:00,MIN,426.1551818847656,-6.65,6.01,0,0,LOWER_LOW
SPY,2022-01-19 14:30:00+00:00,MAX,451.75,6.01,-6.71,0,0,LOWER_HIGH
SPY,2022-01-20 00:00:00+00:00,MIN,421.43853759765625,-6.71,6.01,0,0,LOWER_LOW
SPY,2022-01-20 14:30:00+00:00,MAX,446.75,6.01,-7.52,0,0,LOWER_HIGH
SPY,2022-01-21 00:00:00+00:00,MIN,413.1654968261719,-7.52,6.01,0,0,LOWER_LOW
SPY,2022-01-21 14:30:00+00:00,MAX,437.98,6.01,-5.27,0,2,LOWER_HIGH
SPY,2022-01-24 00:00:00+00:00,MIN,414.9200744628906,-5.27,6.01,2,0,HIGHER_LOW
SPY,2022-01-24 14:30:00+00:00,MAX,439.84,6.01,-6.82,0,0,HIGHER_HIGH
SPY,2022-01-25 00:00:00+00:00,MIN,409.8542785644531,-6.82,6.01,0,0,LOWER_LOW
SPY,2022-01-25 14:30:00+00:00,MAX,434.47,6.01,-5.9,0,0,LOWER_HIGH
SPY,2022-01-26 00:00:00+00:00,MIN,408.8259582519531,-5.9,6.01,0,0,LOWER_LOW
SPY,2022-01-26 14:30:00+00:00,MAX,433.38,6.01,-6.13,0,0,LOWER_HIGH
SPY,2022-01-27 00:00:00+00:00,MIN,406.8072509765625,-6.13,10.6,0,4,LOWER_LOW
SPY,2022-01-31 14:30:00+00:00,MAX,449.91,10.6,-5.03,4,0,HIGHER_HIGH
SPY,2022-02-01 00:00:00+00:00,MIN,427.28729248046875,-5.03,7.04,0,1,HIGHER_LOW
SPY,2022-02-02 14:30:00+00:00,MAX,457.35,7.04,-7.88,1,0,HIGHER_HIGH
SPY,2022-02-03 00:00:00+00:00,MIN,421.2970275878906,-7.88,6.01,0,0,LOWER_LOW
SPY,2022-02-03 14:30:00+00:00,MAX,446.6,6.01,-5.22,0,0,LOWER_HIGH
SPY,2022-02-04 00:00:00+00:00,MIN,423.27813720703125,-5.22,6.01,0,0,HIGHER_LOW
SPY,2022-02-04 14:30:00+00:00,MAX,448.7,6.01,-5.97,0,2,HIGHER_HIGH
SPY,2022-02-07 00:00:00+00:00,MIN,421.919677734375,-5.97,8.44,2,2,LOWER_LOW
SPY,2022-02-09 14:30:00+00:00,MAX,457.54,8.44,-7.36,2,0,HIGHER_HIGH
SPY,2022-02-10 00:00:00+00:00,MIN,423.8629455566406,-7.36,6.01,0,0,HIGHER_LOW
SPY,2022-02-10 14:30:00+00:00,MAX,449.32,6.01,-7.53,0,0,LOWER_HIGH
SPY,2022-02-11 00:00:00+00:00,MIN,415.50482177734375,-7.53,6.01,0,0,LOWER_LOW
SPY,2022-02-11 14:30:00+00:00,MAX,440.46,6.01,-5.97,0,2,LOWER_HIGH
SPY,2022-02-14 00:00:00+00:00,MIN,414.1465148925781,-5.97,7.72,2,1,LOWER_LOW
SPY,2022-02-15 14:30:00+00:00,MAX,446.1,7.72,-5.56,1,0,HIGHER_HIGH
SPY,2022-02-16 00:00:00+00:00,MIN,421.2970275878906,-5.56,6.01,0,0,HIGHER_LOW
SPY,2022-02-16 14:30:00+00:00,MAX,446.6,6.01,-7.68,0,0,HIGHER_HIGH
SPY,2022-02-17 00:00:00+00:00,MIN,412.29754638671875,-7.68,6.01,0,0,LOWER_LOW
SPY,2022-02-17 14:30:00+00:00,MAX,437.06,6.01,-6.28,0,0,LOWER_HIGH
SPY,2022-02-18 00:00:00+00:00,MIN,409.6278991699219,-6.28,6.01,0,0,LOWER_LOW
SPY,2022-02-18 14:30:00+00:00,MAX,434.23,6.01,-6.68,0,3,LOWER_HIGH
SPY,2022-02-22 00:00:00+00:00,MIN,405.2319030761719,-6.68,6.01,3,0,LOWER_LOW
SPY,2022-02-22 14:30:00+00:00,MAX,429.57,6.01,-7.34,0,0,LOWER_HIGH
SPY,2022-02-23 00:00:00+00:00,MIN,398.0436096191406,-7.34,9.98,0,2,LOWER_LOW
SPY,2022-02-25 14:30:00+00:00,MAX,437.75,9.98,-5.91,2,2,HIGHER_HIGH
SPY,2022-02-28 00:00:00+00:00,MIN,411.8919372558594,-5.91,6.01,2,0,HIGHER_LOW
SPY,2022-02-28 14:30:00+00:00,MAX,436.63,6.01,-7.1,0,0,LOWER_HIGH
SPY,2022-03-01 00:00:00+00:00,MIN,405.6186828613281,-7.1,7.96,0,1,LOWER_LOW
SPY,2022-03-02 14:30:00+00:00,MAX,437.89,7.96,-6.14,1,0,HIGHER_HIGH
SPY,2022-03-03 00:00:00+00:00,MIN,411.02398681640625,-6.14,6.01,0,0,HIGHER_LOW
SPY,2022-03-03 14:30:00+00:00,MAX,435.71,6.01,-6.43,0,0,LOWER_HIGH
SPY,2022-03-04 00:00:00+00:00,MIN,407.6846008300781,-6.43,6.01,0,0,LOWER_LOW
SPY,2022-03-04 14:30:00+00:00,MAX,432.17,6.01,-8.45,0,2,LOWER_HIGH
SPY,2022-03-07 00:00:00+00:00,MIN,395.66644287109375,-8.45,6.01,2,0,LOWER_LOW
SPY,2022-03-07 14:30:00+00:00,MAX,419.43,6.01,-6.38,0,0,LOWER_HIGH
SPY,2022-03-08 00:00:00+00:00,MIN,392.6665954589844,-6.38,8.85,0,1,LOWER_LOW
SPY,2022-03-09 14:30:00+00:00,MAX,427.41,8.85,-6.09,1,0,HIGHER_HIGH
SPY,2022-03-10 00:00:00+00:00,MIN,401.3736877441406,-6.09,6.01,0,0,HIGHER_LOW
SPY,2022-03-10 14:30:00+00:00,MAX,425.48,6.01,-6.87,0,0,LOWER_HIGH
SPY,2022-03-11 00:00:00+00:00,MIN,396.2701416015625,-6.87,6.01,0,0,LOWER_LOW
SPY,2022-03-11 14:30:00+00:00,MAX,420.07,6.01,-6.36,0,2,LOWER_HIGH
SPY,2022-03-14 00:00:00+00:00,MIN,393.37408447265625,-6.36,13.0,2,4,LOWER_LOW
SPY,2022-03-18 13:30:00+00:00,MAX,444.52,13.0,-5.4,4,2,HIGHER_HIGH
SPY,2022-03-21 00:00:00+00:00,MIN,420.5145568847656,-5.4,6.91,2,1,HIGHER_LOW
SPY,2022-03-22 13:30:00+00:00,MAX,449.59,6.91,-6.59,1,0,HIGHER_HIGH
SPY,2022-03-23 00:00:00+00:00,MIN,419.9562683105469,-6.59,9.9,0,6,LOWER_LOW
SPY,2022-03-29 13:30:00+00:00,MAX,461.55,9.9,-5.96,6,0,HIGHER_HIGH
SPY,2022-03-30 00:00:00+00:00,MIN,434.0557861328125,-5.96,5.68,0,0,HIGHER_LOW
SPY,2022-03-30 13:30:00+00:00,MAX,458.7,5.68,-6.83,0,0,LOWER_HIGH
SPY,2022-03-31 00:00:00+00:00,MIN,427.37506103515625,-6.83,5.68,0,0,LOWER_LOW
SPY,2022-03-31 13:30:00+00:00,MAX,451.64,5.68,-5.1,0,0,LOWER_HIGH
SPY,2022-04-01 00:00:00+00:00,MIN,428.5862731933594,-5.1,6.58,0,3,HIGHER_LOW
SPY,2022-04-04 13:30:00+00:00,MAX,456.8,6.58,-6.57,3,0,HIGHER_HIGH
SPY,2022-04-05 00:00:00+00:00,MIN,426.7978210449219,-6.57,5.68,0,0,LOWER_LOW
SPY,2022-04-05 13:30:00+00:00,MAX,451.03,5.68,-6.32,0,0,LOWER_HIGH
SPY,2022-04-06 00:00:00+00:00,MIN,422.5301208496094,-6.32,6.21,0,1,LOWER_LOW
SPY,2022-04-07 13:30:00+00:00,MAX,448.77,6.21,-5.63,1,0,LOWER_HIGH
SPY,2022-04-08 00:00:00+00:00,MIN,423.5237121582031,-5.63,5.68,0,0,HIGHER_LOW
SPY,2022-04-08 13:30:00+00:00,MAX,447.57,5.68,-6.99,0,2,LOWER_HIGH
SPY,2022-04-11 00:00:00+00:00,MIN,416.2846984863281,-6.99,5.68,2,0,LOWER_LOW
SPY,2022-04-11 13:30:00+00:00,MAX,439.92,5.68,-5.72,0,0,LOWER_HIGH
SPY,2022-04-12 00:00:00+00:00,MIN,414.7422790527344,-5.72,6.89,0,1,LOWER_LOW
SPY,2022-04-13 13:30:00+00:00,MAX,443.31,6.89,-6.55,1,0,HIGHER_HIGH
SPY,2022-04-14 00:00:00+00:00,MIN,414.2691955566406,-6.55,5.68,0,0,LOWER_LOW
SPY,2022-04-14 13:30:00+00:00,MAX,437.79,5.68,-5.33,0,3,LOWER_HIGH
SPY,2022-04-18 00:00:00+00:00,MIN,414.4394836425781,-5.33,7.38,3,1,HIGHER_LOW
SPY,2022-04-19 13:30:00+00:00,MAX,445.04,7.38,-5.44,1,0,HIGHER_HIGH
SPY,2022-04-20 00:00:00+00:00,MIN,420.8173828125,-5.44,5.68,0,0,HIGHER_LOW
SPY,2022-04-20 13:30:00+00:00,MAX,444.71,5.68,-6.79,0,0,LOWER_HIGH
SPY,2022-04-21 00:00:00+00:00,MIN,414.52459716796875,-6.79,5.68,0,0,LOWER_LOW
SPY,2022-04-21 13:30:00+00:00,MAX,438.06,5.68,-7.97,0,0,LOWER_HIGH
SPY,2022-04-22 00:00:00+00:00,MIN,403.1505126953125,-7.97,6.29,0,3,LOWER_LOW
SPY,2022-04-25 13:30:00+00:00,MAX,428.51,6.29,-8.11,3,0,LOWER_HIGH
SPY,2022-04-26 00:00:00+00:00,MIN,393.7444763183594,-8.11,5.68,0,0,LOWER_LOW
SPY,2022-04-26 13:30:00+00:00,MAX,416.1,5.68,-5.11,0,0,LOWER_HIGH
SPY,2022-04-27 00:00:00+00:00,MIN,394.8515930175781,-5.11,8.35,0,1,HIGHER_LOW
SPY,2022-04-28 13:30:00+00:00,MAX,427.81,8.35,-8.87,1,0,HIGHER_HIGH
SPY,2022-04-29 00:00:00+00:00,MIN,389.86480712890625,-8.87,10.05,0,5,LOWER_LOW
SPY,2022-05-04 13:30:00+00:00,MAX,429.06,10.05,-8.74,5,0,HIGHER_HIGH
SPY,2022-05-05 00:00:00+00:00,MIN,391.5775451660156,-8.74,5.68,0,0,HIGHER_LOW
SPY,2022-05-05 13:30:00+00:00,MAX,413.81,5.68,-5.94,0,0,LOWER_HIGH
SPY,2022-05-06 00:00:00+00:00,MIN,389.2402038574219,-5.94,5.68,0,0,LOWER_LOW
SPY,2022-05-06 13:30:00+00:00,MAX,411.34,5.68,-8.4,0,2,LOWER_HIGH
SPY,2022-05-09 00:00:00+00:00,MIN,376.7778625488281,-8.4,5.68,2,0,LOWER_LOW
SPY,2022-05-09 13:30:00+00:00,MAX,398.17,5.68,-5.15,0,0,LOWER_HIGH
SPY,2022-05-10 00:00:00+00:00,MIN,377.6483459472656,-5.15,5.68,0,0,HIGHER_LOW
SPY,2022-05-10 13:30:00+00:00,MAX,399.09,5.68,-6.88,0,0,HIGHER_HIGH
SPY,2022-05-11 00:00:00+00:00,MIN,371.6490173339844,-6.88,5.68,0,0,LOWER_LOW
SPY,2022-05-11 13:30:00+00:00,MAX,392.75,5.68,-5.47,0,0,LOWER_HIGH
SPY,2022-05-12 00:00:00+00:00,MIN,371.2610168457031,-5.47,8.2,0,1,LOWER_LOW
SPY,2022-05-13 13:30:00+00:00,MAX,401.72,8.2,-5.76,1,2,HIGHER_HIGH
SPY,2022-05-16 00:00:00+00:00,MIN,378.5946350097656,-5.76,7.85,2,1,HIGHER_LOW
SPY,2022-05-17 13:30:00+00:00,MAX,408.32,7.85,-9.19,1,0,HIGHER_HIGH
SPY,2022-05-18 00:00:00+00:00,MIN,370.80682373046875,-9.19,5.68,0,0,LOWER_LOW
SPY,2022-05-18 13:30:00+00:00,MAX,391.86,5.68,-5.95,0,0,LOWER_HIGH
SPY,2022-05-19 00:00:00+00:00,MIN,368.53570556640625,-5.95,5.68,0,0,LOWER_LOW
SPY,2022-05-19 13:30:00+00:00,MAX,389.46,5.68,-5.33,0,0,LOWER_HIGH
SPY,2022-05-20 00:00:00+00:00,MIN,368.69659423828125,-5.33,7.65,0,3,HIGHER_LOW
SPY,2022-05-23 13:30:00+00:00,MAX,396.92,7.65,-6.09,3,0,HIGHER_HIGH
SPY,2022-05-24 00:00:00+00:00,MIN,372.7277526855469,-6.09,11.41,0,3,HIGHER_LOW
SPY,2022-05-27 13:30:00+00:00,MAX,415.26,11.41,-5.9,3,3,HIGHER_HIGH
SPY,2022-05-31 00:00:00+00:00,MIN,390.7448425292969,-5.9,5.68,3,0,HIGHER_LOW
SPY,2022-05-31 13:30:00+00:00,MAX,412.93,5.68,-6.14,0,0,LOWER_HIGH
SPY,2022-06-01 00:00:00+00:00,MIN,387.5842590332031,-6.14,7.69,0,1,LOWER_LOW
SPY,2022-06-02 13:30:00+00:00,MAX,417.39,7.69,-6.93,1,0,HIGHER_HIGH
SPY,2022-06-03 00:00:00+00:00,MIN,388.4832763671875,-6.93,5.68,0,0,HIGHER_LOW
SPY,2022-06-03 13:30:00+00:00,MAX,410.54,5.68,-5.08,0,2,LOWER_HIGH
SPY,2022-06-06 00:00:00+00:00,MIN,389.6660461425781,-5.08,6.69,2,1,HIGHER_LOW
SPY,2022-06-07 13:30:00+00:00,MAX,415.74,6.69,-6.4,1,0,HIGHER_HIGH
SPY,2022-06-08 00:00:00+00:00,MIN,389.1266784667969,-6.4,5.68,0,0,LOWER_LOW
SPY,2022-06-08 13:30:00+00:00,MAX,411.22,5.68,-7.62,0,0,LOWER_HIGH
SPY,2022-06-09 00:00:00+00:00,MIN,379.8721618652344,-7.62,5.68,0,0,LOWER_LOW
SPY,2022-06-09 13:30:00+00:00,MAX,401.44,5.68,-8.12,0,0,LOWER_HIGH
SPY,2022-06-10 00:00:00+00:00,MIN,368.8575134277344,-8.12,5.68,0,0,LOWER_LOW
SPY,2022-06-10 13:30:00+00:00,MAX,389.8,5.68,-8.97,0,2,LOWER_HIGH
SPY,2022-06-13 00:00:00+00:00,MIN,354.8526611328125,-8.97,5.68,2,0,LOWER_LOW
SPY,2022-06-13 13:30:00+00:00,MAX,375.0,5.68,-5.66,0,0,LOWER_HIGH
SPY,2022-06-14 00:00:00+00:00,MIN,353.78338623046875,-5.66,7.18,0,1,LOWER_LOW
SPY,2022-06-15 13:30:00+00:00,MAX,379.2,7.18,-8.5,1,0,HIGHER_HIGH
SPY,2022-06-16 00:00:00+00:00,MIN,346.95123291015625,-8.5,5.68,0,0,LOWER_LOW
SPY,2022-06-16 13:30:00+00:00,MAX,366.65,5.68,-5.17,0,0,LOWER_HIGH
SPY,2022-06-17 00:00:00+00:00,MIN,347.69921875,-5.17,7.87,0,4,HIGHER_LOW
SPY,2022-06-21 13:30:00+00:00,MAX,375.07,7.87,-5.14,4,0,HIGHER_HIGH
SPY,2022-06-22 00:00:00+00:00,MIN,355.8058166503906,-5.14,9.63,0,2,HIGHER_LOW
SPY,2022-06-24 13:30:00+00:00,MAX,390.08,9.63,-5.33,2,2,HIGHER_HIGH
SPY,2022-06-27 00:00:00+00:00,MIN,369.3009033203125,-5.33,5.22,2,0,HIGHER_LOW
SPY,2022-06-27 13:30:00+00:00,MAX,388.59,5.22,-6.91,0,0,LOWER_HIGH
SPY,2022-06-28 00:00:00+00:00,MIN,361.7550964355469,-6.91,5.22,0,0,LOWER_LOW
SPY,2022-06-28 13:30:00+00:00,MAX,380.65,5.22,-5.04,0,0,LOWER_HIGH
SPY,2022-06-29 00:00:00+00:00,MIN,361.4603576660156,-5.04,5.22,0,0,LOWER_LOW
SPY,2022-06-29 13:30:00+00:00,MAX,380.34,5.22,-5.74,0,0,LOWER_HIGH
SPY,2022-06-30 00:00:00+00:00,MIN,358.5238037109375,-5.74,8.5,0,7,LOWER_LOW
SPY,2022-07-07 13:30:00+00:00,MAX,388.99,8.5,-5.04,7,0,HIGHER_HIGH
SPY,2022-07-08 00:00:00+00:00,MIN,369.3769226074219,-5.04,5.22,0,0,HIGHER_LOW
SPY,2022-07-08 13:30:00+00:00,MAX,388.67,5.22,-6.05,0,2,LOWER_HIGH
SPY,2022-07-11 00:00:00+00:00,MIN,365.1573486328125,-6.05,5.22,2,0,LOWER_LOW
SPY,2022-07-11 13:30:00+00:00,MAX,384.23,5.22,-5.8,0,0,LOWER_HIGH
SPY,2022-07-12 00:00:00+00:00,MIN,361.9260559082031,-5.8,5.22,0,0,LOWER_LOW
SPY,2022-07-12 13:30:00+00:00,MAX,380.83,5.22,-5.46,0,0,LOWER_HIGH
SPY,2022-07-13 00:00:00+00:00,MIN,360.025390625,-5.46,5.22,0,0,LOWER_LOW
SPY,2022-07-13 13:30:00+00:00,MAX,378.83,5.22,-5.19,0,0,LOWER_HIGH
SPY,2022-07-14 00:00:00+00:00,MIN,359.1510314941406,-5.19,7.23,0,1,LOWER_LOW
SPY,2022-07-15 13:30:00+00:00,MAX,385.13,7.23,-5.75,1,2,HIGHER_HIGH
SPY,2022-07-18 00:00:00+00:00,MIN,362.9905090332031,-5.75,9.86,2,3,HIGHER_LOW
SPY,2022-07-21 13:30:00+00:00,MAX,398.79,9.86,-5.85,3,0,HIGHER_HIGH
SPY,2022-07-22 00:00:00+00:00,MIN,375.4782409667969,-5.85,5.35,0,3,HIGHER_LOW
SPY,2022-07-25 13:30:00+00:00,MAX,395.57,5.35,-6.09,3,0,LOWER_HIGH
SPY,2022-07-26 00:00:00+00:00,MIN,371.48675537109375,-6.09,10.9,0,3,LOWER_LOW
SPY,2022-07-29 13:30:00+00:00,MAX,411.99,10.9,-5.25,3,2,HIGHER_HIGH
SPY,2022-08-01 00:00:00+00:00,MIN,390.37994384765625,-5.25,5.22,2,0,HIGHER_LOW
SPY,2022-08-01 13:30:00+00:00,MAX,410.77,5.22,-5.59,0,0,LOWER_HIGH
SPY,2022-08-02 00:00:00+00:00,MIN,387.8044738769531,-5.59,6.87,0,1,LOWER_LOW
SPY,2022-08-03 13:30:00+00:00,MAX,414.45,6.87,-5.03,1,0,HIGHER_HIGH
SPY,2022-08-04 00:00:00+00:00,MIN,393.6112365722656,-5.03,5.22,0,0,HIGHER_LOW
SPY,2022-08-04 13:30:00+00:00,MAX,414.17,5.22,-5.12,0,0,LOWER_HIGH
SPY,2022-08-05 00:00:00+00:00,MIN,392.9458312988281,-5.12,5.22,0,0,LOWER_LOW
SPY,2022-08-05 13:30:00+00:00,MAX,413.47,5.22,-5.07,0,2,LOWER_HIGH
SPY,2022-08-08 00:00:00+00:00,MIN,392.4897155761719,-5.07,5.22,2,0,LOWER_LOW
SPY,2022-08-08 13:30:00+00:00,MAX,412.99,5.22,-5.34,0,0,LOWER_HIGH
SPY,2022-08-09 00:00:00+00:00,MIN,390.93115234375,-5.34,9.92,0,7,LOWER_LOW
SPY,2022-08-16 13:30:00+00:00,MAX,429.7,9.92,-5.64,7,0,HIGHER_HIGH
SPY,2022-08-17 00:00:00+00:00,MIN,405.4716491699219,-5.64,5.53,0,1,HIGHER_LOW
SPY,2022-08-18 13:30:00+00:00,MAX,427.89,5.53,-6.24,1,0,LOWER_HIGH
SPY,2022-08-19 00:00:00+00:00,MIN,401.185546875,-6.24,5.22,0,0,LOWER_LOW
SPY,2022-08-19 13:30:00+00:00,MAX,422.14,5.22,-6.94,0,2,LOWER_HIGH
SPY,2022-08-22 00:00:00+00:00,MIN,392.8319091796875,-6.94,5.22,2,0,LOWER_LOW
SPY,2022-08-22 13:30:00+00:00,MAX,413.35,5.22,-5.19,0,0,LOWER_HIGH
SPY,2022-08-23 00:00:00+00:00,MIN,391.8815002441406,-5.19,7.05,0,2,LOWER_LOW
SPY,2022-08-25 13:30:00+00:00,MAX,419.51,7.05,-8.18,2,0,HIGHER_HIGH
SPY,2022-08-26 00:00:00+00:00,MIN,385.19097900390625,-8.18,5.22,0,0,LOWER_LOW
SPY,2022-08-26 13:30:00+00:00,MAX,405.31,5.22,-5.59,0,2,LOWER_HIGH
SPY,2022-08-29 00:00:00+00:00,MIN,382.6439514160156,-5.59,5.22,2,0,LOWER_LOW
SPY,2022-08-29 13:30:00+00:00,MAX,402.63,5.22,-6.01,0,0,LOWER_HIGH
SPY,2022-08-30 00:00:00+00:00,MIN,378.4433898925781,-6.01,5.22,0,0,LOWER_LOW
SPY,2022-08-30 13:30:00+00:00,MAX,398.21,5.22,-5.69,0,0,LOWER_HIGH
SPY,2022-08-31 00:00:00+00:00,MIN,375.56378173828125,-5.69,5.55,0,1,LOWER_LOW
SPY,2022-09-01 13:30:00+00:00,MAX,396.42,5.55,-5.97,1,0,LOWER_HIGH
SPY,2022-09-02 00:00:00+00:00,MIN,372.7697448730469,-5.97,5.22,0,0,LOWER_LOW
SPY,2022-09-02 13:30:00+00:00,MAX,392.24,5.22,-5.32,0,3,LOWER_HIGH
SPY,2022-09-06 00:00:00+00:00,MIN,371.3631896972656,-5.32,10.67,3,6,LOWER_LOW
SPY,2022-09-12 13:30:00+00:00,MAX,410.97,10.67,-9.1,6,0,HIGHER_HIGH
SPY,2022-09-13 00:00:00+00:00,MIN,373.5870056152344,-9.1,5.62,0,1,HIGHER_LOW
SPY,2022-09-14 13:30:00+00:00,MAX,394.6,5.62,-6.04,1,0,LOWER_HIGH
SPY,2022-09-15 00:00:00+00:00,MIN,370.7549743652344,-6.04,5.22,0,0,LOWER_LOW
SPY,2022-09-15 13:30:00+00:00,MAX,390.12,5.22,-5.69,0,0,LOWER_HIGH
SPY,2022-09-16 00:00:00+00:00,MIN,367.9265441894531,-5.69,5.61,0,3,LOWER_LOW
SPY,2022-09-19 13:30:00+00:00,MAX,388.55,5.61,-10.76,3,7,LOWER_HIGH
SPY,2022-09-27 00:00:00+00:00,MIN,346.76092529296875,-10.76,6.85,7,1,LOWER_LOW
SPY,2022-09-28 13:30:00+00:00,MAX,370.53,6.85,-8.01,1,1,LOWER_HIGH
SPY,2022-09-30 00:00:00+00:00,MIN,340.844482421875,-8.01,10.89,1,4,LOWER_LOW
SPY,2022-10-04 13:30:00+00:00,MAX,377.97,10.89,-9.98,4,7,HIGHER_HIGH
SPY,2022-10-12 00:00:00+00:00,MIN,340.2527770996094,-9.98,7.56,7,1,LOWER_LOW
SPY,2022-10-13 13:30:00+00:00,MAX,365.97,7.56,-6.75,1,0,LOWER_HIGH
SPY,2022-10-14 00:00:00+00:00,MIN,341.27392578125,-6.75,8.75,0,4,HIGHER_LOW
SPY,2022-10-18 13:30:00+00:00,MAX,371.13,8.75,-6.04,4,1,HIGHER_HIGH
SPY,2022-10-20 00:00:00+00:00,MIN,348.6980285644531,-6.04,10.39,1,5,HIGHER_LOW
SPY,2022-10-25 13:30:00+00:00,MAX,384.92,10.39,-5.8,5,1,HIGHER_HIGH
SPY,2022-10-27 00:00:00+00:00,MIN,362.6017150878906,-5.8,7.29,1,1,HIGHER_LOW
SPY,2022-10-28 13:30:00+00:00,MAX,389.02,7.29,-8.99,1,5,HIGHER_HIGH
SPY,2022-11-03 00:00:00+00:00,MIN,354.04193115234375,-8.99,7.9,5,5,LOWER_LOW
SPY,2022-11-08 14:30:00+00:00,MAX,382.0,7.9,-6.54,5,0,LOWER_HIGH
SPY,2022-11-09 00:00:00+00:00,MIN,357.019287109375,-6.54,11.62,0,2,HIGHER_LOW
SPY,2022-11-11 14:30:00+00:00,MAX,398.51,11.62,-5.39,2,2,HIGHER_HIGH
SPY,2022-11-14 00:00:00+00:00,MIN,377.04931640625,-5.39,5.69,2,1,HIGHER_LOW
SPY,2022-11-15 14:30:00+00:00,MAX,398.49,5.69,-5.59,1,1,LOWER_HIGH
SPY,2022-11-17 00:00:00+00:00,MIN,376.20953369140625,-5.59,6.97,1,6,LOWER_LOW
SPY,2022-11-23 14:30:00+00:00,MAX,402.42,6.97,-6.28,6,5,HIGHER_HIGH
SPY,2022-11-29 00:00:00+00:00,MIN,377.154296875,-6.28,8.09,5,1,HIGHER_LOW
SPY,2022-11-30 14:30:00+00:00,MAX,407.68,8.09,-7.97,1,6,HIGHER_HIGH
SPY,2022-12-07 00:00:00+00:00,MIN,375.178955078125,-7.97,5.61,6,1,LOWER_LOW
SPY,2022-12-08 14:30:00+00:00,MAX,396.24,5.61,-5.29,1,0,LOWER_HIGH
SPY,2022-12-09 00:00:00+00:00,MIN,375.2934875488281,-5.29,7.11,0,4,HIGHER_LOW
SPY,2022-12-13 14:30:00+00:00,MAX,401.97,7.11,-9.37,4,5,HIGHER_HIGH
SPY,2022-12-19 00:00:00+00:00,MIN,364.30517578125,-9.37,6.02,5,2,LOWER_LOW
SPY,2022-12-21 14:30:00+00:00,MAX,386.23,6.02,-6.51,2,6,LOWER_HIGH
SPY,2022-12-28 00:00:00+00:00,MIN,361.08404541015625,-6.51,6.28,6,7,LOWER_LOW
SPY,2023-01-04 14:30:00+00:00,MAX,383.76,6.28,-5.23,7,0,LOWER_HIGH
SPY,2023-01-05 00:00:00+00:00,MIN,363.691650390625,-5.23,9.57,0,8,HIGHER_LOW
SPY,2023-01-13 14:30:00+00:00,MAX,398.5,9.57,-6.51,8,5,HIGHER_HIGH
SPY,2023-01-19 00:00:00+00:00,MIN,372.5686950683594,-6.51,8.89,5,8,HIGHER_LOW
SPY,2023-01-27 14:30:00+00:00,MAX,405.68,8.89,-5.34,8,2,HIGHER_HIGH
SPY,2023-01-30 00:00:00+00:00,MIN,384.0245056152344,-5.34,8.53,2,3,HIGHER_LOW
SPY,2023-02-02 14:30:00+00:00,MAX,416.78,8.53,-5.73,3,3,HIGHER_HIGH
SPY,2023-02-06 00:00:00+00:00,MIN,392.88238525390625,-5.73,5.68,3,1,HIGHER_LOW
SPY,2023-02-07 14:30:00+00:00,MAX,415.19,5.68,-6.01,1,1,LOWER_HIGH
SPY,2023-02-09 00:00:00+00:00,MIN,390.2557373046875,-6.01,6.08,1,6,LOWER_LOW
SPY,2023-02-15 14:30:00+00:00,MAX,413.98,6.08,-8.59,6,13,LOWER_HIGH
SPY,2023-03-01 00:00:00+00:00,MIN,378.4163818359375,-8.59,6.88,13,5,LOWER_LOW
SPY,2023-03-06 14:30:00+00:00,MAX,404.47,6.88,-8.66,5,6,LOWER_HIGH
SPY,2023-03-13 00:00:00+00:00,MIN,369.4242858886719,-8.66,7.22,6,3,LOWER_LOW
SPY,2023-03-16 13:30:00+00:00,MAX,396.11,7.22,-5.26,3,0,LOWER_HIGH
SPY,2023-03-17 00:00:00+00:00,MIN,375.28973388671875,-5.26,6.29,0,4,HIGHER_LOW
SPY,2023-03-21 13:30:00+00:00,MAX,398.91,6.29,-5.41,4,0,HIGHER_HIGH
SPY,2023-03-22 00:00:00+00:00,MIN,377.3298034667969,-5.41,9.77,0,27,HIGHER_LOW
SPY,2023-04-18 13:30:00+00:00,MAX,414.21,9.77,-6.06,27,7,HIGHER_HIGH
SPY,2023-04-26 00:00:00+00:00,MIN,389.11798095703125,-6.06,6.89,7,2,HIGHER_LOW
SPY,2023-04-28 13:30:00+00:00,MAX,415.93,6.89,-6.27,2,5,HIGHER_HIGH
SPY,2023-05-04 00:00:00+00:00,MIN,389.8590087890625,-6.27,7.53,5,14,HIGHER_LOW
SPY,2023-05-18 13:30:00+00:00,MAX,419.23,7.53,-5.64,14,5,HIGHER_HIGH
SPY,2023-05-24 00:00:00+00:00,MIN,395.59429931640625,-5.64,11.88,5,22,HIGHER_LOW
SPY,2023-06-15 13:30:00+00:00,MAX,442.6,11.88,-5.85,22,10,HIGHER_HIGH
SPY,2023-06-26 00:00:00+00:00,MIN,416.719482421875,-5.85,9.86,10,35,HIGHER_LOW
SPY,2023-07-31 13:30:00+00:00,MAX,457.79,9.86,-7.95,35,16,HIGHER_HIGH
SPY,2023-08-17 00:00:00+00:00,MIN,421.4040222167969,-7.95,7.07,16,15,HIGHER_LOW
SPY,2023-09-01 13:30:00+00:00,MAX,451.19,7.07,-9.43,15,31,LOWER_HIGH
SPY,2023-10-03 00:00:00+00:00,MIN,408.6419372558594,-9.43,6.77,31,8,LOWER_LOW
SPY,2023-10-11 13:30:00+00:00,MAX,436.32,6.77,-8.77,8,15,LOWER_HIGH
SPY,2023-10-27 00:00:00+00:00,MIN,398.0669860839844,-8.77,31.43,15,152,LOWER_LOW
SPY,2024-03-27 13:30:00+00:00,MAX,523.17,31.43,-7.6,152,22,HIGHER_HIGH
SPY,2024-04-19 00:00:00+00:00,MIN,483.39569091796875,-7.6,16.85,22,88,HIGHER_LOW
SPY,2024-07-16 13:30:00+00:00,MAX,564.86,16.85,-10.29,88,19,HIGHER_HIGH
SPY,2024-08-05 00:00:00+00:00,MIN,506.71722412109375,-10.29,11.24,19,25,HIGHER_LOW
SPY,2024-08-30 13:30:00+00:00,MAX,563.68,11.24,-6.11,25,6,LOWER_HIGH
SPY,2024-09-06 00:00:00+00:00,MIN,529.2235717773438,-6.11,14.85,6,91,HIGHER_LOW
SPY,2024-12-06 14:30:00+00:00,MAX,607.81,14.85,-5.86,91,34,HIGHER_HIGH
SPY,2025-01-10 00:00:00+00:00,MIN,572.189697265625,-5.86,7.12,34,40,HIGHER_LOW
SPY,2025-02-19 14:30:00+00:00,MAX,612.93,7.12,-11.32,40,21,HIGHER_HIGH
SPY,2025-03-13 00:00:00+00:00,MIN,543.5353393554688,-11.32,5.87,21,12,LOWER_LOW
SPY,2025-03-25 13:30:00+00:00,MAX,575.46,5.87,-14.7,12,13,LOWER_HIGH
SPY,2025-04-08 00:00:00+00:00,MIN,490.8531188964844,-14.7,11.77,13,1,LOWER_LOW
SPY,2025-04-09 13:30:00+00:00,MAX,548.62,11.77,-7.39,1,11,LOWER_HIGH
SPY,2025-04-21 00:00:00+00:00,MIN,508.0558776855469,-7.39,35.3,11,191,HIGHER_LOW
SPY,2025-10-29 13:30:00+00:00,MAX,687.39,35.3,-5.61,191,21,HIGHER_HIGH
SPY,2025-11-20 00:00:00+00:00,MIN,648.8355712890625,-5.61,7.19,21,68,HIGHER_LOW
SPY,2026-01-27 14:30:00+00:00,MAX,695.49,7.19,-9.13,68,61,HIGHER_HIGH
WMT,2006-03-23 14:30:00+00:00,MAX,16.17998,7.72,-7.23,21,35,FIRST_HIGH
WMT,2006-04-28 13:30:00+00:00,MIN,15.009985,-7.23,10.26,35,28,FIRST_LOW
WMT,2006-05-26 13:30:00+00:00,MAX,16.54998,10.26,-13.35,28,52,HIGHER_HIGH
WMT,2006-07-17 13:30:00+00:00,MIN,14.339986,-13.35,20.29,52,101,LOWER_LOW
WMT,2006-10-26 13:30:00+00:00,MAX,17.249983,20.29,-12.0,101,57,HIGHER_HIGH
WMT,2006-12-22 14:30:00+00:00,MIN,15.179981,-12.0,10.36,57,60,HIGHER_LOW
WMT,2007-02-20 14:30:00+00:00,MAX,16.753313,10.36,-9.01,60,21,LOWER_HIGH
WMT,2007-03-14 13:30:00+00:00,MIN,15.243318,-9.01,8.81,21,37,HIGHER_LOW
WMT,2007-04-20 13:30:00+00:00,MAX,16.586647,8.81,-6.89,37,33,LOWER_HIGH
WMT,2007-05-23 13:30:00+00:00,MIN,15.443318,-6.89,10.53,33,12,HIGHER_LOW
WMT,2007-06-04 13:30:00+00:00,MAX,17.069986,10.53,-11.11,12,60,HIGHER_HIGH
WMT,2007-08-03 13:30:00+00:00,MIN,15.173318,-11.11,6.37,60,5,LOWER_LOW
WMT,2007-08-08 13:30:00+00:00,MAX,16.139984,6.37,-12.7,5,33,LOWER_HIGH
WMT,2007-09-10 13:30:00+00:00,MIN,14.089986,-12.7,11.33,33,32,LOWER_LOW
WMT,2007-10-12 13:30:00+00:00,MAX,15.686651,11.33,-8.84,32,28,LOWER_HIGH
WMT,2007-11-09 14:30:00+00:00,MIN,14.299982,-8.84,15.22,28,31,HIGHER_LOW
WMT,2007-12-10 14:30:00+00:00,MAX,16.476647,15.22,-7.51,31,25,HIGHER_HIGH
WMT,2008-01-04 14:30:00+00:00,MIN,15.239985,-7.51,12.49,25,54,HIGHER_LOW
WMT,2008-02-27 14:30:00+00:00,MAX,17.143313,12.49,-5.02,54,11,HIGHER_HIGH
WMT,2008-03-10 13:30:00+00:00,MIN,16.28332,-5.02,19.98,11,50,HIGHER_LOW
WMT,2008-04-29 13:30:00+00:00,MAX,19.536647,19.98,-5.77,50,22,HIGHER_HIGH
WMT,2008-05-21 13:30:00+00:00,MIN,18.409982,-5.77,8.27,22,15,HIGHER_LOW
WMT,2008-06-05 13:30:00+00:00,MAX,19.933313,8.27,-6.02,15,25,HIGHER_HIGH
WMT,2008-06-30 13:30:00+00:00,MIN,18.733315,-6.02,5.18,25,8,HIGHER_LOW
WMT,2008-07-08 13:30:00+00:00,MAX,19.703314,5.18,-5.23,8,20,LOWER_HIGH
WMT,2008-07-28 13:30:00+00:00,MIN,18.673315,-5.23,8.46,20,9,LOWER_LOW
WMT,2008-08-06 13:30:00+00:00,MAX,20.25331,8.46,-6.25,9,1,HIGHER_HIGH
WMT,2008-08-07 13:30:00+00:00,MIN,18.986651,-6.25,10.9,1,35,HIGHER_LOW
WMT,2008-09-11 13:30:00+00:00,MAX,21.056646,10.9,-19.34,35,29,HIGHER_HIGH
WMT,2008-10-10 13:30:00+00:00,MIN,16.983316,-19.34,6.97,29,3,LOWER_LOW
WMT,2008-10-13 13:30:00+00:00,MAX,18.166648,6.97,-8.17,3,2,LOWER_HIGH
WMT,2008-10-15 13:30:00+00:00,MIN,16.683317,-8.17,9.13,2,1,LOWER_LOW
WMT,2008-10-16 13:30:00+00:00,MAX,18.206648,9.13,-9.06,1,11,HIGHER_HIGH
WMT,2008-10-27 13:30:00+00:00,MIN,16.55665,-9.06,13.01,11,8,LOWER_LOW
WMT,2008-11-04 14:30:00+00:00,MAX,18.709981,13.01,-9.75,8,16,HIGHER_HIGH
WMT,2008-11-20 14:30:00+00:00,MIN,16.88665,-9.75,11.9,16,6,HIGHER_LOW
WMT,2008-11-26 14:30:00+00:00,MAX,18.896648,11.9,-6.49,6,5,HIGHER_HIGH
WMT,2008-12-01 14:30:00+00:00,MIN,17.669979,-6.49,9.81,5,4,HIGHER_LOW
WMT,2008-12-05 14:30:00+00:00,MAX,19.403317,9.81,-20.25,4,61,HIGHER_HIGH
WMT,2009-02-04 14:30:00+00:00,MIN,15.473318,-20.25,6.92,61,2,LOWER_LOW
WMT,2009-02-06 14:30:00+00:00,MAX,16.543317,6.92,-6.25,2,7,LOWER_HIGH
WMT,2009-02-13 14:30:00+00:00,MIN,15.509984,-6.25,8.42,7,6,HIGHER_LOW
WMT,2009-02-19 14:30:00+00:00,MAX,16.81665,8.42,-6.09,6,12,HIGHER_HIGH
WMT,2009-03-03 14:30:00+00:00,MIN,15.793318,-6.09,13.55,12,30,HIGHER_LOW
WMT,2009-04-03 13:30:00+00:00,MAX,17.933315,13.55,-11.02,30,21,HIGHER_HIGH
WMT,2009-04-24 13:30:00+00:00,MIN,15.956651,-11.02,6.33,21,18,HIGHER_LOW
WMT,2009-05-12 13:30:00+00:00,MAX,16.966646,6.33,-5.4,18,3,LOWER_HIGH
WMT,2009-05-15 13:30:00+00:00,MIN,16.049981,-5.4,6.06,3,21,HIGHER_LOW
WMT,2009-06-05 13:30:00+00:00,MAX,17.02332,6.06,-6.85,21,35,HIGHER_HIGH
WMT,2009-07-10 13:30:00+00:00,MIN,15.856654,-6.85,9.06,35,34,LOWER_LOW
WMT,2009-08-13 13:30:00+00:00,MAX,17.293316,9.06,-5.55,34,49,HIGHER_HIGH
WMT,2009-10-01 13:30:00+00:00,MIN,16.333317,-5.55,14.27,49,166,HIGHER_LOW
WMT,2010-03-16 13:30:00+00:00,MAX,18.663318,14.27,-14.27,166,108,HIGHER_HIGH
WMT,2010-07-02 13:30:00+00:00,MIN,15.999984,-14.27,19.94,108,209,LOWER_LOW
WMT,2011-01-27 14:30:00+00:00,MAX,19.189984,19.94,-10.77,209,48,HIGHER_HIGH
WMT,2011-03-17 13:30:00+00:00,MIN,17.123316,-10.77,9.13,48,60,HIGHER_LOW
WMT,2011-05-16 13:30:00+00:00,MAX,18.686648,9.13,-13.65,60,86,LOWER_HIGH
WMT,2011-08-10 13:30:00+00:00,MIN,16.136651,-13.65,10.25,86,14,LOWER_LOW
WMT,2011-08-24 13:30:00+00:00,MAX,17.789982,10.25,-5.79,14,29,LOWER_HIGH
WMT,2011-09-22 13:30:00+00:00,MIN,16.759983,-5.79,24.26,29,148,HIGHER_LOW
WMT,2012-02-17 14:30:00+00:00,MAX,20.826646,24.26,-6.43,148,10,HIGHER_HIGH
WMT,2012-02-27 14:30:00+00:00,MIN,19.486651,-6.43,6.83,10,52,HIGHER_LOW
WMT,2012-04-20 13:30:00+00:00,MAX,20.816646,6.83,-8.15,52,5,LOWER_HIGH
WMT,2012-04-25 13:30:00+00:00,MIN,19.119981,-8.15,34.5,5,173,LOWER_LOW
WMT,2012-10-15 13:30:00+00:00,MAX,25.716638,34.5,-11.82,173,32,HIGHER_HIGH
WMT,2012-11-16 14:30:00+00:00,MIN,22.676644,-11.82,6.26,32,21,HIGHER_LOW
WMT,2012-12-07 14:30:00+00:00,MAX,24.096639,6.26,-6.47,21,21,LOWER_HIGH
WMT,2012-12-28 14:30:00+00:00,MIN,22.536644,-6.47,18.12,21,137,LOWER_LOW
WMT,2013-05-15 13:30:00+00:00,MAX,26.619973,18.12,-8.55,137,36,HIGHER_HIGH
WMT,2013-06-20 13:30:00+00:00,MIN,24.343309,-8.55,7.86,36,46,HIGHER_LOW
WMT,2013-08-05 13:30:00+00:00,MAX,26.25664,7.86,-8.11,46,23,LOWER_HIGH
WMT,2013-08-28 13:30:00+00:00,MIN,24.126643,-8.11,5.58,23,21,LOWER_LOW
WMT,2013-09-18 13:30:00+00:00,MAX,25.473308,5.58,-5.95,21,19,LOWER_HIGH
WMT,2013-10-07 13:30:00+00:00,MIN,23.956643,-5.95,13.0,19,57,LOWER_LOW
WMT,2013-12-03 14:30:00+00:00,MAX,27.069973,13.0,-10.53,57,62,HIGHER_HIGH
WMT,2014-02-03 14:30:00+00:00,MIN,24.219976,-10.53,9.77,62,83,HIGHER_LOW
WMT,2014-04-28 13:30:00+00:00,MAX,26.58664,9.77,-8.05,83,99,LOWER_HIGH
WMT,2014-08-05 13:30:00+00:00,MIN,24.446642,-8.05,6.75,99,66,HIGHER_LOW
WMT,2014-10-10 13:30:00+00:00,MAX,26.096641,6.75,-5.71,66,6,LOWER_HIGH
WMT,2014-10-16 13:30:00+00:00,MIN,24.606642,-5.71,18.59,6,43,HIGHER_LOW
WMT,2014-11-28 14:30:00+00:00,MAX,29.179971,18.59,-5.23,43,18,HIGHER_HIGH
WMT,2014-12-16 14:30:00+00:00,MIN,27.653306,-5.23,9.05,18,23,HIGHER_LOW
WMT,2015-01-08 14:30:00+00:00,MAX,30.156637,9.05,-30.25,23,228,HIGHER_HIGH
WMT,2015-08-25 13:30:00+00:00,MIN,21.033312,-30.25,6.07,228,48,LOWER_LOW
WMT,2015-10-12 13:30:00+00:00,MAX,22.309978,6.07,-15.7,48,32,LOWER_HIGH
WMT,2015-11-13 14:30:00+00:00,MIN,18.806648,-15.7,15.26,32,55,LOWER_LOW
WMT,2016-01-07 14:30:00+00:00,MAX,21.676645,15.26,-6.44,55,13,LOWER_HIGH
WMT,2016-01-20 14:30:00+00:00,MIN,20.27998,-6.44,10.95,13,12,HIGHER_LOW
WMT,2016-02-01 14:30:00+00:00,MAX,22.499978,10.95,-5.01,12,17,HIGHER_HIGH
WMT,2016-02-18 14:30:00+00:00,MIN,21.373312,-5.01,8.95,17,59,HIGHER_LOW
WMT,2016-04-18 13:30:00+00:00,MAX,23.286643,8.95,-9.6,59,30,HIGHER_HIGH
WMT,2016-05-18 13:30:00+00:00,MIN,21.049979,-9.6,17.66,30,92,LOWER_LOW
WMT,2016-08-18 13:30:00+00:00,MAX,24.766642,17.66,-9.3,92,54,HIGHER_HIGH
WMT,2016-10-11 13:30:00+00:00,MIN,22.463311,-9.3,6.57,54,70,HIGHER_LOW
WMT,2016-12-20 14:30:00+00:00,MAX,23.939976,6.57,-8.58,70,38,LOWER_HIGH
WMT,2017-01-27 14:30:00+00:00,MIN,21.886645,-8.58,22.24,38,128,LOWER_LOW
WMT,2017-06-05 13:30:00+00:00,MAX,26.753307,22.24,-8.76,128,35,HIGHER_HIGH
WMT,2017-07-10 13:30:00+00:00,MIN,24.409976,-8.76,49.6,35,203,HIGHER_LOW
WMT,2018-01-29 14:30:00+00:00,MAX,36.51663,49.6,-9.29,203,11,HIGHER_HIGH
WMT,2018-02-09 14:30:00+00:00,MIN,33.1233,-9.29,5.44,11,7,HIGHER_LOW
WMT,2018-02-16 14:30:00+00:00,MAX,34.926632,5.44,-21.36,7,101,LOWER_HIGH
WMT,2018-05-29 13:30:00+00:00,MIN,27.466639,-21.36,19.71,101,79,LOWER_LOW
WMT,2018-08-16 13:30:00+00:00,MAX,32.879967,19.71,-5.4,79,50,LOWER_HIGH
WMT,2018-10-05 13:30:00+00:00,MIN,31.103302,-5.4,13.13,50,35,HIGHER_LOW
WMT,2018-11-09 14:30:00+00:00,MAX,35.186631,13.13,-18.7,35,45,HIGHER_HIGH
WMT,2018-12-24 14:30:00+00:00,MIN,28.606638,-18.7,19.09,45,57,LOWER_LOW
WMT,2019-02-19 14:30:00+00:00,MAX,34.066633,19.09,-5.15,57,41,LOWER_HIGH
WMT,2019-04-02 13:30:00+00:00,MIN,32.313301,-5.15,18.61,41,104,HIGHER_LOW
WMT,2019-07-15 13:30:00+00:00,MAX,38.326628,18.61,-8.49,104,28,HIGHER_HIGH
WMT,2019-08-12 13:30:00+00:00,MIN,35.073298,-8.49,15.26,28,127,HIGHER_LOW
WMT,2019-12-17 14:30:00+00:00,MAX,40.426626,15.26,-11.21,127,73,HIGHER_HIGH
WMT,2020-02-28 14:30:00+00:00,MIN,35.893297,-11.21,11.25,73,10,HIGHER_LOW
WMT,2020-03-10 13:30:00+00:00,MAX,39.92996,11.25,-13.14,10,2,LOWER_HIGH
WMT,2020-03-12 13:30:00+00:00,MIN,34.683299,-13.14,9.66,2,1,LOWER_LOW
WMT,2020-03-13 13:30:00+00:00,MAX,38.033295,9.66,-6.43,1,3,LOWER_HIGH
WMT,2020-03-16 13:30:00+00:00,MIN,35.586631,-6.43,14.82,3,2,HIGHER_LOW
WMT,2020-03-18 13:30:00+00:00,MAX,40.859959,14.82,-10.75,2,7,HIGHER_HIGH
WMT,2020-03-25 13:30:00+00:00,MIN,36.46663,-10.75,20.96,7,22,HIGHER_LOW
WMT,2020-04-16 13:30:00+00:00,MAX,44.109956,20.96,-8.15,22,14,HIGHER_HIGH
WMT,2020-04-30 13:30:00+00:00,MIN,40.516626,-8.15,5.03,14,18,HIGHER_LOW
WMT,2020-05-18 13:30:00+00:00,MAX,42.553291,5.03,-7.77,18,25,LOWER_HIGH
WMT,2020-06-12 13:30:00+00:00,MIN,39.246627,-7.77,25.43,25,82,LOWER_LOW
WMT,2020-09-02 13:30:00+00:00,MAX,49.226617,25.43,-8.39,82,16,HIGHER_HIGH
WMT,2020-09-18 13:30:00+00:00,MIN,45.096622,-8.39,8.09,16,25,HIGHER_LOW
WMT,2020-10-13 13:30:00+00:00,MAX,48.743285,8.09,-5.12,25,17,LOWER_HIGH
WMT,2020-10-30 13:30:00+00:00,MIN,46.249954,-5.12,10.12,17,31,HIGHER_LOW
WMT,2020-11-30 14:30:00+00:00,MAX,50.929949,10.12,-8.85,31,63,HIGHER_HIGH
WMT,2021-02-01 14:30:00+00:00,MIN,46.423287,-8.85,5.69,63,16,HIGHER_LOW
WMT,2021-02-17 14:30:00+00:00,MAX,49.066618,5.69,-13.36,16,15,LOWER_HIGH
WMT,2021-03-04 14:30:00+00:00,MIN,42.509957,-13.36,10.72,15,47,LOWER_LOW
WMT,2021-04-21 13:30:00+00:00,MAX,47.06662,10.72,-10.02,47,57,LOWER_HIGH
WMT,2021-06-18 00:00:00+00:00,MIN,42.351470947265625,-10.02,12.46,57,63,LOWER_LOW
WMT,2021-08-20 00:00:00+00:00,MAX,47.626949310302734,12.46,-10.38,63,45,HIGHER_HIGH
WMT,2021-10-04 00:00:00+00:00,MIN,42.68341827392578,-10.38,11.46,45,31,HIGHER_LOW
WMT,2021-11-04 00:00:00+00:00,MAX,47.5734748840332,11.46,-10.45,31,28,LOWER_HIGH
WMT,2021-12-02 00:00:00+00:00,MIN,42.601661682128906,-10.45,8.04,28,13,LOWER_LOW
WMT,2021-12-15 00:00:00+00:00,MAX,46.025306701660156,8.04,-8.4,13,63,LOWER_HIGH
WMT,2022-02-16 00:00:00+00:00,MIN,42.16065216064453,-8.4,20.19,63,64,LOWER_LOW
WMT,2022-04-21 00:00:00+00:00,MAX,50.67246627807617,20.19,-25.25,64,28,HIGHER_HIGH
WMT,2022-05-19 00:00:00+00:00,MIN,37.87766647338867,-25.25,8.03,28,12,LOWER_LOW
WMT,2022-05-31 00:00:00+00:00,MAX,40.918827056884766,8.03,-8.04,12,17,LOWER_HIGH
WMT,2022-06-17 00:00:00+00:00,MIN,37.6295280456543,-8.04,12.06,17,34,LOWER_LOW
WMT,2022-07-21 00:00:00+00:00,MAX,42.16582107543945,12.06,-7.97,34,5,HIGHER_HIGH
WMT,2022-07-26 00:00:00+00:00,MIN,38.80337142944336,-7.97,8.77,5,7,HIGHER_LOW
WMT,2022-08-02 00:00:00+00:00,MAX,42.20716857910156,8.77,-5.36,7,2,HIGHER_HIGH
WMT,2022-08-04 00:00:00+00:00,MIN,39.94539260864258,-5.36,11.59,2,13,HIGHER_LOW
WMT,2022-08-17 00:00:00+00:00,MAX,44.57636260986328,11.59,-7.86,13,51,HIGHER_HIGH
WMT,2022-10-07 00:00:00+00:00,MIN,41.074668884277344,-7.86,19.41,51,52,HIGHER_LOW
WMT,2022-11-28 00:00:00+00:00,MAX,49.04613494873047,19.41,-9.22,52,52,HIGHER_HIGH
WMT,2023-01-19 00:00:00+00:00,MIN,44.52312088012695,-9.22,6.12,52,33,HIGHER_LOW
WMT,2023-02-21 00:00:00+00:00,MAX,47.24909591674805,6.12,-7.03,33,17,LOWER_HIGH
WMT,2023-03-10 00:00:00+00:00,MIN,43.92661666870117,-7.03,22.03,17,188,LOWER_LOW
WMT,2023-09-14 00:00:00+00:00,MAX,53.605323791503906,22.03,-5.69,188,25,HIGHER_HIGH
WMT,2023-10-09 00:00:00+00:00,MIN,50.552825927734375,-5.69,8.95,25,37,HIGHER_LOW
WMT,2023-11-15 00:00:00+00:00,MAX,55.07481002807617,8.95,-10.81,37,23,HIGHER_HIGH
WMT,2023-12-08 00:00:00+00:00,MIN,49.11912536621094,-10.81,42.22,23,222,LOWER_LOW
WMT,2024-07-17 00:00:00+00:00,MAX,69.85810089111328,42.22,-5.8,222,21,HIGHER_HIGH
WMT,2024-08-07 00:00:00+00:00,MIN,65.80608367919922,-5.8,43.44,21,121,HIGHER_LOW
WMT,2024-12-06 00:00:00+00:00,MAX,94.38937377929688,43.44,-5.75,121,27,HIGHER_HIGH
WMT,2025-01-02 00:00:00+00:00,MIN,88.96410369873047,-5.75,16.72,27,42,HIGHER_LOW
WMT,2025-02-13 00:00:00+00:00,MAX,103.84088897705078,16.72,-10.83,42,11,HIGHER_HIGH
WMT,2025-02-24 00:00:00+00:00,MIN,92.59186553955078,-10.83,5.27,11,4,HIGHER_LOW
WMT,2025-02-28 00:00:00+00:00,MAX,97.4749984741211,5.27,-14.31,4,13,LOWER_HIGH
WMT,2025-03-13 00:00:00+00:00,MIN,83.52741241455078,-14.31,6.52,13,20,LOWER_LOW
WMT,2025-04-02 00:00:00+00:00,MAX,88.97052001953125,6.52,-8.88,20,6,LOWER_HIGH
WMT,2025-04-08 00:00:00+00:00,MIN,81.07062530517578,-8.88,22.54,6,56,LOWER_LOW
WMT,2025-06-03 00:00:00+00:00,MAX,99.34024047851562,22.54,-5.73,56,14,HIGHER_HIGH
WMT,2025-06-17 00:00:00+00:00,MIN,93.64690399169922,-5.73,10.27,14,55,HIGHER_LOW
WMT,2025-08-11 00:00:00+00:00,MAX,103.26496124267578,10.27,-7.37,55,15,HIGHER_HIGH
WMT,2025-08-26 00:00:00+00:00,MIN,95.65829467773438,-7.37,13.51,15,50,HIGHER_LOW
WMT,2025-10-15 00:00:00+00:00,MAX,108.5853500366211,13.51,-7.72,50,35,HIGHER_HIGH
WMT,2025-11-19 00:00:00+00:00,MIN,100.19969177246094,-7.72,16.32,35,26,HIGHER_LOW
WMT,2025-12-15 00:00:00+00:00,MAX,116.5508041381836,16.32,-5.04,26,8,HIGHER_HIGH
WMT,2025-12-23 00:00:00+00:00,MIN,110.67286682128906,-5.04,20.73,8,52,HIGHER_LOW
WMT,2026-02-13 00:00:00+00:00,MAX,133.61578369140625,20.73,-10.92,52,35,HIGHER_HIGH
WMT,2026-03-20 00:00:00+00:00,MIN,119.0199966430664,-10.92,12.75,35,60,HIGHER_LOW
XOM,2006-04-21 13:30:00+00:00,MAX,65.0,10.32,-12.85,42,53,FIRST_HIGH
XOM,2006-06-13 13:30:00+00:00,MIN,56.64999,-12.85,24.84,53,72,FIRST_LOW
XOM,2006-08-24 13:30:00+00:00,MAX,70.72,24.84,-9.35,72,27,HIGHER_HIGH
XOM,2006-09-20 13:30:00+00:00,MIN,64.11,-9.35,22.8,27,85,HIGHER_LOW
XOM,2006-12-14 14:30:00+00:00,MAX,78.73,22.8,-9.84,85,28,HIGHER_HIGH
XOM,2007-01-11 14:30:00+00:00,MIN,70.98,-9.84,6.61,28,25,HIGHER_LOW
XOM,2007-02-05 14:30:00+00:00,MAX,75.67,6.61,-7.68,25,38,LOWER_HIGH
XOM,2007-03-16 13:30:00+00:00,MIN,69.86,-7.68,23.62,38,94,LOWER_LOW
XOM,2007-06-18 13:30:00+00:00,MAX,86.36,23.62,-5.26,94,8,HIGHER_HIGH
XOM,2007-06-26 13:30:00+00:00,MIN,81.82001,-5.26,14.2,8,27,HIGHER_LOW
XOM,2007-07-23 13:30:00+00:00,MAX,93.44,14.2,-12.16,27,11,HIGHER_HIGH
XOM,2007-08-03 13:30:00+00:00,MIN,82.08,-12.16,7.09,11,5,HIGHER_LOW
XOM,2007-08-08 13:30:00+00:00,MAX,87.89999,7.09,-8.23,5,8,LOWER_HIGH
XOM,2007-08-16 13:30:00+00:00,MIN,80.67,-8.23,17.83,8,63,LOWER_LOW
XOM,2007-10-18 13:30:00+00:00,MAX,95.05,17.83,-11.51,63,32,HIGHER_HIGH
XOM,2007-11-19 14:30:00+00:00,MIN,84.11,-11.51,12.95,32,39,HIGHER_LOW
XOM,2007-12-28 14:30:00+00:00,MAX,95.0,12.95,-14.27,39,40,LOWER_HIGH
XOM,2008-02-06 14:30:00+00:00,MIN,81.44,-14.27,10.38,40,20,LOWER_LOW
XOM,2008-02-26 14:30:00+00:00,MAX,89.89,10.38,-8.27,20,12,LOWER_HIGH
XOM,2008-03-10 13:30:00+00:00,MIN,82.46001,-8.27,14.47,12,43,HIGHER_LOW
XOM,2008-04-22 13:30:00+00:00,MAX,94.39,14.47,-5.9,43,15,HIGHER_HIGH
XOM,2008-05-07 13:30:00+00:00,MIN,88.82001,-5.9,6.46,15,13,HIGHER_LOW
XOM,2008-05-20 13:30:00+00:00,MAX,94.56,6.46,-15.05,13,58,HIGHER_HIGH
XOM,2008-07-17 13:30:00+00:00,MIN,80.33,-15.05,5.04,58,13,LOWER_LOW
XOM,2008-07-30 13:30:00+00:00,MAX,84.38,5.04,-9.3,13,19,LOWER_HIGH
XOM,2008-08-18 13:30:00+00:00,MIN,76.53,-9.3,6.08,19,10,LOWER_LOW
XOM,2008-08-28 13:30:00+00:00,MAX,81.17999,6.08,-9.76,10,12,LOWER_HIGH
XOM,2008-09-09 13:30:00+00:00,MIN,73.25999,-9.76,5.79,12,3,LOWER_LOW
XOM,2008-09-12 13:30:00+00:00,MAX,77.5,5.79,-5.48,3,3,LOWER_HIGH
XOM,2008-09-15 13:30:00+00:00,MIN,73.25,-5.48,10.13,3,10,LOWER_LOW
XOM,2008-09-25 13:30:00+00:00,MAX,80.67,10.13,-8.19,10,4,HIGHER_HIGH
XOM,2008-09-29 13:30:00+00:00,MIN,74.06,-8.19,6.1,4,2,HIGHER_LOW
XOM,2008-10-01 13:30:00+00:00,MAX,78.58,6.1,-20.64,2,9,LOWER_HIGH
XOM,2008-10-10 13:30:00+00:00,MIN,62.36,-20.64,17.19,9,3,LOWER_LOW
XOM,2008-10-13 13:30:00+00:00,MAX,73.08,17.19,-14.68,3,2,LOWER_HIGH
XOM,2008-10-15 13:30:00+00:00,MIN,62.35001,-14.68,20.27,2,5,LOWER_LOW
XOM,2008-10-20 13:30:00+00:00,MAX,74.99001,20.27,-13.9,5,2,HIGHER_HIGH
XOM,2008-10-22 13:30:00+00:00,MIN,64.57001,-13.9,9.01,2,1,HIGHER_LOW
XOM,2008-10-23 13:30:00+00:00,MAX,70.39,9.01,-6.11,1,4,LOWER_HIGH
XOM,2008-10-27 13:30:00+00:00,MIN,66.09,-6.11,17.25,4,8,HIGHER_LOW
XOM,2008-11-04 14:30:00+00:00,MAX,77.49001,17.25,-9.72,8,2,HIGHER_HIGH
XOM,2008-11-06 14:30:00+00:00,MIN,69.96001,-9.72,5.8,2,4,HIGHER_LOW
XOM,2008-11-10 14:30:00+00:00,MAX,74.02,5.8,-6.88,4,2,LOWER_HIGH
XOM,2008-11-12 14:30:00+00:00,MIN,68.92999,-6.88,10.74,2,6,LOWER_LOW
XOM,2008-11-18 14:30:00+00:00,MAX,76.33,10.74,-10.25,6,2,HIGHER_HIGH
XOM,2008-11-20 14:30:00+00:00,MIN,68.50999,-10.25,18.07,2,6,LOWER_LOW
XOM,2008-11-26 14:30:00+00:00,MAX,80.89,18.07,-8.13,6,5,HIGHER_HIGH
XOM,2008-12-01 14:30:00+00:00,MIN,74.31,-8.13,11.88,5,15,HIGHER_LOW
XOM,2008-12-16 14:30:00+00:00,MAX,83.14,11.88,-9.9,15,6,HIGHER_HIGH
XOM,2008-12-22 14:30:00+00:00,MIN,74.91,-9.9,8.98,6,11,HIGHER_LOW
XOM,2009-01-02 14:30:00+00:00,MAX,81.64,8.98,-8.01,11,12,LOWER_HIGH
XOM,2009-01-14 14:30:00+00:00,MIN,75.10001,-8.01,6.98,12,23,HIGHER_LOW
XOM,2009-02-06 14:30:00+00:00,MAX,80.34,6.98,-22.55,23,27,LOWER_HIGH
XOM,2009-03-05 14:30:00+00:00,MIN,62.22,-22.55,14.48,27,20,LOWER_LOW
XOM,2009-03-26 13:30:00+00:00,MAX,71.23,14.48,-9.1,20,27,LOWER_HIGH
XOM,2009-04-22 13:30:00+00:00,MIN,64.75,-9.1,14.36,27,50,HIGHER_LOW
XOM,2009-06-11 13:30:00+00:00,MAX,74.05,14.36,-12.06,50,29,HIGHER_HIGH
XOM,2009-07-10 13:30:00+00:00,MIN,65.12,-12.06,11.72,29,17,HIGHER_LOW
XOM,2009-07-27 13:30:00+00:00,MAX,72.75,11.72,-8.6,17,22,LOWER_HIGH
XOM,2009-08-18 13:30:00+00:00,MIN,66.49001,-8.6,7.34,22,8,HIGHER_LOW
XOM,2009-08-26 13:30:00+00:00,MAX,71.37,7.34,-6.71,8,37,LOWER_HIGH
XOM,2009-10-02 13:30:00+00:00,MIN,66.58,-6.71,14.85,37,54,HIGHER_LOW
XOM,2009-11-25 14:30:00+00:00,MAX,76.47,14.85,-15.85,54,75,HIGHER_HIGH
XOM,2010-02-08 14:30:00+00:00,MIN,64.35001,-15.85,7.68,75,76,LOWER_LOW
XOM,2010-04-26 13:30:00+00:00,MAX,69.28999,7.68,-14.49,76,36,LOWER_HIGH
XOM,2010-06-01 13:30:00+00:00,MIN,59.25,-14.49,6.55,36,20,LOWER_LOW
XOM,2010-06-21 13:30:00+00:00,MAX,63.13,6.55,-10.39,20,11,LOWER_HIGH
XOM,2010-07-02 13:30:00+00:00,MIN,56.57001,-10.39,10.87,11,32,LOWER_LOW
XOM,2010-08-03 13:30:00+00:00,MAX,62.72,10.87,-6.76,32,23,LOWER_HIGH
XOM,2010-08-26 13:30:00+00:00,MIN,58.48,-6.76,48.89,23,181,HIGHER_LOW
XOM,2011-02-23 14:30:00+00:00,MAX,87.07001,48.89,-8.91,181,20,HIGHER_HIGH
XOM,2011-03-16 13:30:00+00:00,MIN,79.31,-8.91,10.93,20,44,HIGHER_LOW
XOM,2011-04-29 13:30:00+00:00,MAX,87.98,10.93,-12.73,44,56,HIGHER_HIGH
XOM,2011-06-24 13:30:00+00:00,MIN,76.78,-12.73,10.99,56,28,LOWER_LOW
XOM,2011-07-22 13:30:00+00:00,MAX,85.22,10.99,-20.17,28,19,LOWER_HIGH
XOM,2011-08-10 13:30:00+00:00,MIN,68.03,-20.17,9.2,19,5,LOWER_LOW
XOM,2011-08-15 13:30:00+00:00,MAX,74.28999,9.2,-6.04,5,4,LOWER_HIGH
XOM,2011-08-19 13:30:00+00:00,MIN,69.8,-6.04,6.81,4,28,HIGHER_LOW
XOM,2011-09-16 13:30:00+00:00,MAX,74.55,6.81,-7.12,28,6,HIGHER_HIGH
XOM,2011-09-22 13:30:00+00:00,MIN,69.24001,-7.12,18.26,6,35,LOWER_LOW
XOM,2011-10-27 13:30:00+00:00,MAX,81.88,18.26,-7.25,35,5,HIGHER_HIGH
XOM,2011-11-01 13:30:00+00:00,MIN,75.94,-7.25,5.03,5,7,HIGHER_LOW
XOM,2011-11-08 14:30:00+00:00,MAX,79.75999,5.03,-7.35,7,17,LOWER_HIGH
XOM,2011-11-25 14:30:00+00:00,MIN,73.89999,-7.35,18.39,17,56,LOWER_LOW
XOM,2012-01-20 14:30:00+00:00,MAX,87.49001,18.39,-6.08,56,80,HIGHER_HIGH
XOM,2012-04-10 13:30:00+00:00,MIN,82.17,-6.08,5.93,80,21,HIGHER_LOW
XOM,2012-05-01 13:30:00+00:00,MAX,87.03999,5.93,-10.85,21,35,LOWER_HIGH
XOM,2012-06-05 13:30:00+00:00,MIN,77.60001,-10.85,20.46,35,135,LOWER_LOW
XOM,2012-10-18 13:30:00+00:00,MAX,93.48,20.46,-8.96,135,71,HIGHER_HIGH
XOM,2012-12-28 14:30:00+00:00,MIN,85.10001,-8.96,7.83,71,32,HIGHER_LOW
XOM,2013-01-29 14:30:00+00:00,MAX,91.75999,7.83,-6.19,32,77,LOWER_HIGH
XOM,2013-04-17 13:30:00+00:00,MIN,86.08,-6.19,10.59,77,97,HIGHER_LOW
XOM,2013-07-23 13:30:00+00:00,MAX,95.2,10.59,-10.55,97,78,HIGHER_HIGH
XOM,2013-10-09 13:30:00+00:00,MIN,85.16,-10.55,19.2,78,79,LOWER_LOW
XOM,2013-12-27 14:30:00+00:00,MAX,101.51,19.2,-11.81,79,45,HIGHER_HIGH
XOM,2014-02-10 14:30:00+00:00,MIN,89.52,-11.81,16.6,45,132,HIGHER_LOW
XOM,2014-06-23 13:30:00+00:00,MAX,104.38,16.6,-13.57,132,114,HIGHER_HIGH
XOM,2014-10-15 13:30:00+00:00,MIN,90.22,-13.57,7.3,114,37,HIGHER_LOW
XOM,2014-11-21 14:30:00+00:00,MAX,96.81,7.3,-10.74,37,25,LOWER_HIGH
XOM,2014-12-16 14:30:00+00:00,MIN,86.41,-10.74,9.47,25,7,LOWER_LOW
XOM,2014-12-23 14:30:00+00:00,MAX,94.59,9.47,-7.58,7,38,LOWER_HIGH
XOM,2015-01-30 14:30:00+00:00,MIN,87.42,-7.58,6.81,38,14,HIGHER_LOW
XOM,2015-02-13 14:30:00+00:00,MAX,93.37,6.81,-10.49,14,41,LOWER_HIGH
XOM,2015-03-27 13:30:00+00:00,MIN,83.58,-10.49,6.62,41,38,LOWER_LOW
XOM,2015-05-04 13:30:00+00:00,MAX,89.11,6.62,-22.89,38,113,LOWER_HIGH
XOM,2015-08-25 13:30:00+00:00,MIN,68.71,-22.89,26.4,113,70,LOWER_LOW
XOM,2015-11-03 14:30:00+00:00,MAX,86.85,26.4,-14.4,70,38,LOWER_HIGH
XOM,2015-12-11 14:30:00+00:00,MIN,74.34,-14.4,7.87,38,12,HIGHER_LOW
XOM,2015-12-23 14:30:00+00:00,MAX,80.19,7.87,-8.11,12,19,LOWER_HIGH
XOM,2016-01-11 14:30:00+00:00,MIN,73.69,-8.11,7.37,19,3,LOWER_LOW
XOM,2016-01-14 14:30:00+00:00,MAX,79.12,7.37,-7.51,3,6,LOWER_HIGH
XOM,2016-01-20 14:30:00+00:00,MIN,73.18,-7.51,29.98,6,176,LOWER_LOW
XOM,2016-07-15 13:30:00+00:00,MAX,95.12,29.98,-13.23,176,67,HIGHER_HIGH
XOM,2016-09-20 13:30:00+00:00,MIN,82.54,-13.23,7.15,67,20,HIGHER_LOW
XOM,2016-10-10 13:30:00+00:00,MAX,88.44,7.15,-5.79,20,21,LOWER_HIGH
XOM,2016-10-31 13:30:00+00:00,MIN,83.32,-5.79,11.11,21,43,HIGHER_LOW
XOM,2016-12-13 14:30:00+00:00,MAX,92.58,11.11,-14.13,43,170,HIGHER_HIGH
XOM,2017-06-02 13:30:00+00:00,MIN,79.5,-14.13,5.02,170,14,LOWER_LOW
XOM,2017-06-16 13:30:00+00:00,MAX,83.49,5.02,-8.85,14,75,LOWER_HIGH
XOM,2017-08-30 13:30:00+00:00,MIN,76.1,-8.85,17.04,75,155,LOWER_LOW
XOM,2018-02-01 14:30:00+00:00,MAX,89.07,17.04,-15.92,155,20,HIGHER_HIGH
XOM,2018-02-21 14:30:00+00:00,MIN,74.89,-15.92,5.27,20,5,LOWER_LOW
XOM,2018-02-26 14:30:00+00:00,MAX,78.84,5.27,-7.65,5,29,LOWER_HIGH
XOM,2018-03-28 13:30:00+00:00,MIN,72.81,-7.65,11.06,29,29,LOWER_LOW
XOM,2018-04-26 13:30:00+00:00,MAX,80.86,11.06,-5.34,29,7,HIGHER_HIGH
XOM,2018-05-03 13:30:00+00:00,MIN,76.54,-5.34,10.06,7,84,HIGHER_LOW
XOM,2018-07-26 13:30:00+00:00,MAX,84.24,10.06,-8.67,84,20,HIGHER_HIGH
XOM,2018-08-15 13:30:00+00:00,MIN,76.94,-8.67,12.56,20,40,HIGHER_LOW
XOM,2018-09-24 13:30:00+00:00,MAX,86.6,12.56,-11.03,40,35,HIGHER_HIGH
XOM,2018-10-29 13:30:00+00:00,MIN,77.05,-11.03,7.76,35,9,HIGHER_LOW
XOM,2018-11-07 14:30:00+00:00,MAX,83.03,7.76,-9.08,9,16,LOWER_HIGH
XOM,2018-11-23 14:30:00+00:00,MIN,75.49,-9.08,7.59,16,10,LOWER_LOW
XOM,2018-12-03 14:30:00+00:00,MAX,81.22,7.59,-19.34,10,21,LOWER_HIGH
XOM,2018-12-24 14:30:00+00:00,MIN,65.51,-19.34,27.28,21,119,LOWER_LOW
XOM,2019-04-23 13:30:00+00:00,MAX,83.38,27.28,-15.12,119,38,HIGHER_HIGH
XOM,2019-05-31 13:30:00+00:00,MIN,70.77,-15.12,9.78,38,21,HIGHER_LOW
XOM,2019-06-21 13:30:00+00:00,MAX,77.69,9.78,-13.52,21,67,LOWER_HIGH
XOM,2019-08-27 13:30:00+00:00,MIN,67.19,-13.52,9.73,67,20,LOWER_LOW
XOM,2019-09-16 13:30:00+00:00,MAX,73.73,9.73,-9.53,20,22,LOWER_HIGH
XOM,2019-10-08 13:30:00+00:00,MIN,66.7,-9.53,9.58,22,28,LOWER_LOW
XOM,2019-11-05 14:30:00+00:00,MAX,73.09,9.58,-31.84,28,114,LOWER_HIGH
XOM,2020-02-27 14:30:00+00:00,MIN,49.82,-31.84,8.15,114,4,LOWER_LOW
XOM,2020-03-02 14:30:00+00:00,MAX,53.88,8.15,-35.99,4,13,LOWER_HIGH
XOM,2020-03-16 13:30:00+00:00,MIN,34.49,-35.99,6.73,13,1,LOWER_LOW
XOM,2020-03-17 13:30:00+00:00,MAX,36.81,6.73,-14.56,1,6,LOWER_HIGH
XOM,2020-03-23 13:30:00+00:00,MIN,31.45,-14.56,39.43,6,16,LOWER_LOW
XOM,2020-04-08 13:30:00+00:00,MAX,43.85,39.43,-10.72,16,8,HIGHER_HIGH
XOM,2020-04-16 13:30:00+00:00,MIN,39.15,-10.72,10.4,8,1,HIGHER_LOW
XOM,2020-04-17 13:30:00+00:00,MAX,43.22,10.4,-5.23,1,4,LOWER_HIGH
XOM,2020-04-21 13:30:00+00:00,MIN,40.96,-5.23,15.87,4,8,HIGHER_LOW
XOM,2020-04-29 13:30:00+00:00,MAX,47.46,15.87,-9.1,8,2,HIGHER_HIGH
XOM,2020-05-01 13:30:00+00:00,MIN,43.14,-9.1,7.05,2,7,HIGHER_LOW
XOM,2020-05-08 13:30:00+00:00,MAX,46.18,7.05,-9.2,7,5,LOWER_HIGH
XOM,2020-05-13 13:30:00+00:00,MIN,41.93,-9.2,30.55,5,26,LOWER_LOW
XOM,2020-06-08 13:30:00+00:00,MAX,54.74,30.55,-24.44,26,31,HIGHER_HIGH
XOM,2020-07-09 13:30:00+00:00,MIN,41.36,-24.44,7.95,31,12,LOWER_LOW
XOM,2020-07-21 13:30:00+00:00,MAX,44.65,7.95,-6.23,12,9,LOWER_HIGH
XOM,2020-07-30 13:30:00+00:00,MIN,41.87,-6.23,7.4,9,12,HIGHER_LOW
XOM,2020-08-11 13:30:00+00:00,MAX,44.97,7.4,-26.66,12,52,HIGHER_HIGH
XOM,2020-10-02 13:30:00+00:00,MIN,32.98,-26.66,6.91,52,6,LOWER_LOW
XOM,2020-10-08 13:30:00+00:00,MAX,35.26,6.91,-5.96,6,13,LOWER_HIGH
XOM,2020-10-21 13:30:00+00:00,MIN,33.16,-5.96,5.13,13,1,HIGHER_LOW
XOM,2020-10-22 13:30:00+00:00,MAX,34.86,5.13,-9.44,1,6,LOWER_HIGH
XOM,2020-10-28 13:30:00+00:00,MIN,31.57,-9.44,32.97,6,27,LOWER_LOW
XOM,2020-11-24 14:30:00+00:00,MAX,41.98,32.97,-9.17,27,6,HIGHER_HIGH
XOM,2020-11-30 14:30:00+00:00,MIN,38.13,-9.17,15.42,6,10,HIGHER_LOW
XOM,2020-12-10 14:30:00+00:00,MAX,44.01,15.42,-6.34,10,21,HIGHER_HIGH
XOM,2020-12-31 14:30:00+00:00,MIN,41.22,-6.34,22.05,21,14,HIGHER_LOW
XOM,2021-01-14 14:30:00+00:00,MAX,50.31,22.05,-10.87,14,15,HIGHER_HIGH
XOM,2021-01-29 14:30:00+00:00,MIN,44.84,-10.87,38.2,15,42,HIGHER_LOW
XOM,2021-03-12 14:30:00+00:00,MAX,61.97,38.2,-10.89,42,10,HIGHER_HIGH
XOM,2021-03-23 13:30:00+00:00,MIN,55.22,-10.89,6.74,10,37,HIGHER_LOW
XOM,2021-04-29 13:30:00+00:00,MAX,58.94,6.74,-19.81,37,0,LOWER_HIGH
XOM,2021-04-30 00:00:00+00:00,MIN,47.26228713989258,-19.81,10.23,0,17,LOWER_LOW
XOM,2021-05-17 00:00:00+00:00,MAX,52.097496032714844,10.23,-6.32,17,8,LOWER_HIGH
XOM,2021-05-25 00:00:00+00:00,MIN,48.805274963378906,-6.32,10.42,8,21,HIGHER_LOW
XOM,2021-06-15 00:00:00+00:00,MAX,53.89020538330078,10.42,-6.11,21,3,HIGHER_HIGH
XOM,2021-06-18 00:00:00+00:00,MIN,50.59798812866211,-6.11,7.05,3,7,HIGHER_LOW
XOM,2021-06-25 00:00:00+00:00,MAX,54.16665267944336,7.05,-14.4,7,24,HIGHER_HIGH
XOM,2021-07-19 00:00:00+00:00,MIN,46.36751937866211,-14.4,6.47,24,10,LOWER_LOW
XOM,2021-07-29 00:00:00+00:00,MAX,49.366546630859375,6.47,-9.17,10,21,LOWER_HIGH
XOM,2021-08-19 00:00:00+00:00,MIN,44.8412971496582,-9.17,25.85,21,82,LOWER_LOW
XOM,2021-11-09 00:00:00+00:00,MAX,56.43217086791992,25.85,-8.69,82,22,HIGHER_HIGH
XOM,2021-12-01 00:00:00+00:00,MIN,51.52840042114258,-8.69,5.39,22,9,HIGHER_LOW
XOM,2021-12-10 00:00:00+00:00,MAX,54.30347442626953,5.39,-6.11,9,10,LOWER_HIGH
XOM,2021-12-20 00:00:00+00:00,MIN,50.98545455932617,-6.11,39.27,10,49,LOWER_LOW
XOM,2022-02-07 00:00:00+00:00,MAX,71.00559997558594,39.27,-6.98,49,17,HIGHER_HIGH
XOM,2022-02-24 00:00:00+00:00,MIN,66.05039978027344,-6.98,15.8,17,12,HIGHER_LOW
XOM,2022-03-08 00:00:00+00:00,MAX,76.48948669433594,15.8,-12.36,12,8,HIGHER_HIGH
XOM,2022-03-16 00:00:00+00:00,MIN,67.03504943847656,-12.36,15.1,8,33,HIGHER_LOW
XOM,2022-04-18 00:00:00+00:00,MAX,77.16044616699219,15.1,-7.1,33,7,HIGHER_HIGH
XOM,2022-04-25 00:00:00+00:00,MIN,71.67947387695312,-7.1,11.48,7,9,HIGHER_LOW
XOM,2022-05-04 00:00:00+00:00,MAX,79.9052963256836,11.48,-7.9,9,5,HIGHER_HIGH
XOM,2022-05-09 00:00:00+00:00,MIN,73.59651184082031,-7.9,25.1,5,30,HIGHER_LOW
XOM,2022-06-08 00:00:00+00:00,MAX,92.07087707519531,25.1,-17.66,30,9,HIGHER_HIGH
XOM,2022-06-17 00:00:00+00:00,MIN,75.81168365478516,-17.66,6.22,9,4,HIGHER_LOW
XOM,2022-06-21 00:00:00+00:00,MAX,80.53012084960938,6.22,-6.85,4,2,LOWER_HIGH
XOM,2022-06-23 00:00:00+00:00,MIN,75.0106201171875,-6.85,7.38,2,5,LOWER_LOW
XOM,2022-06-28 00:00:00+00:00,MAX,80.54771423339844,7.38,-9.14,5,16,HIGHER_HIGH
XOM,2022-07-14 00:00:00+00:00,MIN,73.18839263916016,-9.14,16.59,16,15,LOWER_LOW
XOM,2022-07-29 00:00:00+00:00,MAX,85.3277587890625,16.59,-10.05,15,6,HIGHER_HIGH
XOM,2022-08-04 00:00:00+00:00,MIN,76.75360107421875,-10.05,15.95,6,25,HIGHER_LOW
XOM,2022-08-29 00:00:00+00:00,MAX,88.99227905273438,15.95,-16.12,25,28,HIGHER_HIGH
XOM,2022-09-26 00:00:00+00:00,MIN,74.64614868164062,-16.12,37.06,28,57,LOWER_LOW
XOM,2022-11-22 00:00:00+00:00,MAX,102.30661010742188,37.06,-9.32,57,17,HIGHER_HIGH
XOM,2022-12-09 00:00:00+00:00,MIN,92.77305603027344,-9.32,13.73,17,48,HIGHER_LOW
XOM,2023-01-26 00:00:00+00:00,MAX,105.51432800292969,13.73,-5.61,48,7,HIGHER_HIGH
XOM,2023-02-02 00:00:00+00:00,MIN,99.5916976928711,-5.61,7.22,7,8,HIGHER_LOW
XOM,2023-02-10 00:00:00+00:00,MAX,106.77771759033203,7.22,-15.58,8,35,HIGHER_HIGH
XOM,2023-03-17 00:00:00+00:00,MIN,90.14616394042969,-15.58,18.53,35,42,LOWER_LOW
XOM,2023-04-28 00:00:00+00:00,MAX,106.84994506835938,18.53,-12.91,42,33,HIGHER_HIGH
XOM,2023-05-31 00:00:00+00:00,MIN,93.05953979492188,-12.91,6.21,33,7,HIGHER_LOW
XOM,2023-06-07 00:00:00+00:00,MAX,98.84275817871094,6.21,-7.01,7,41,LOWER_HIGH
XOM,2023-07-18 00:00:00+00:00,MIN,91.91200256347656,-7.01,20.08,41,71,LOWER_LOW
XOM,2023-09-27 00:00:00+00:00,MAX,110.36846923828125,20.08,-11.42,71,15,HIGHER_HIGH
XOM,2023-10-12 00:00:00+00:00,MIN,97.76148986816406,-11.42,6.15,15,7,HIGHER_LOW
XOM,2023-10-19 00:00:00+00:00,MAX,103.77574920654297,6.15,-12.45,7,54,LOWER_HIGH
XOM,2023-12-12 00:00:00+00:00,MIN,90.85346221923828,-12.45,5.27,54,22,LOWER_LOW
XOM,2024-01-03 00:00:00+00:00,MAX,95.64399719238281,5.27,-6.22,22,15,LOWER_HIGH
XOM,2024-01-18 00:00:00+00:00,MIN,89.69520568847656,-6.22,27.41,15,83,LOWER_LOW
XOM,2024-04-10 00:00:00+00:00,MAX,114.28325653076172,27.41,-10.61,83,68,HIGHER_HIGH
XOM,2024-06-17 00:00:00+00:00,MIN,102.16301727294922,-10.61,10.53,68,70,HIGHER_LOW
XOM,2024-08-26 00:00:00+00:00,MAX,112.91720581054688,10.53,-7.65,70,16,LOWER_HIGH
XOM,2024-09-11 00:00:00+00:00,MIN,104.27806091308594,-7.65,14.26,16,26,HIGHER_LOW
XOM,2024-10-07 00:00:00+00:00,MAX,119.15184783935547,14.26,-8.31,26,25,HIGHER_HIGH
XOM,2024-11-01 00:00:00+00:00,MIN,109.24866485595703,-8.31,6.94,25,20,HIGHER_LOW
XOM,2024-11-21 00:00:00+00:00,MAX,116.83468627929688,6.94,-13.47,20,28,LOWER_HIGH
XOM,2024-12-19 00:00:00+00:00,MIN,101.1008529663086,-13.47,7.1,28,63,LOWER_LOW
XOM,2025-02-20 00:00:00+00:00,MAX,108.27959442138672,7.1,-5.86,63,13,LOWER_HIGH
XOM,2025-03-05 00:00:00+00:00,MIN,101.93750762939453,-5.86,12.9,13,27,HIGHER_LOW
XOM,2025-04-01 00:00:00+00:00,MAX,115.08573913574219,12.9,-16.05,27,9,HIGHER_HIGH
XOM,2025-04-10 00:00:00+00:00,MIN,96.61054229736328,-16.05,9.66,9,35,LOWER_LOW
XOM,2025-05-15 00:00:00+00:00,MAX,105.94002532958984,9.66,-6.22,35,21,LOWER_HIGH
XOM,2025-06-05 00:00:00+00:00,MIN,99.35414123535156,-6.22,12.64,21,15,HIGHER_LOW
XOM,2025-06-20 00:00:00+00:00,MAX,111.91120910644531,12.64,-6.02,15,10,HIGHER_HIGH
XOM,2025-06-30 00:00:00+00:00,MIN,105.1789779663086,-6.02,7.08,10,11,HIGHER_LOW
XOM,2025-07-11 00:00:00+00:00,MAX,112.62347412109375,7.08,-8.32,11,31,HIGHER_HIGH
XOM,2025-08-11 00:00:00+00:00,MIN,103.25688171386719,-8.32,11.79,31,46,LOWER_LOW
XOM,2025-09-26 00:00:00+00:00,MAX,115.4342041015625,11.79,-5.61,46,20,HIGHER_HIGH
XOM,2025-10-16 00:00:00+00:00,MIN,108.9544448852539,-5.61,14.3,20,81,HIGHER_LOW
XOM,2026-01-05 00:00:00+00:00,MAX,124.52996063232422,14.3,-5.48,81,2,HIGHER_HIGH
XOM,2026-01-07 00:00:00+00:00,MIN,117.7054443359375,-5.48,31.29,2,35,HIGHER_LOW
XOM,2026-02-11 00:00:00+00:00,MAX,154.52999877929688,31.29,-5.4,35,6,HIGHER_HIGH
XOM,2026-02-17 00:00:00+00:00,MIN,146.19000244140625,-5.4,17.29,6,41,HIGHER_LOW
XOM,2026-03-30 00:00:00+00:00,MAX,171.47000122070312,17.29,-14.6,41,18,HIGHER_HIGH
XOM,2026-04-17 00:00:00+00:00,MIN,146.44000244140625,-14.6,5.76,18,18,HIGHER_LOW
XOM,2026-05-05 00:00:00+00:00,MAX,154.8800048828125,5.76,-6.66,18,3,LOWER_HIGH
